Longitude,Latitude,Field,Dataset,Product,Feature ID,Date / Time,Duration(s),Area Count,Elevation(ft),Swath Width(ft),Y Offset(ft),Speed(mph),Distance(ft),Fuel Consumption Rate (Time)(gal(US)/h),Track(deg),Target Rate (Liquid)(gal(US)/ac),Rate (Volume)(gal(US)/ac),Segment ID,Pass Number,Productivity(ac/h),Date,Rate Quality,Rate (Volume) (Tough 5EC)(floz(US)/ac),Product Amount Used/Needed (Tough 5EC),Rate (Volume) (Laudis Herbicide)(floz(US)/ac),Product Amount Used/Needed (Laudis Herbicide),Rate (Mass) (Ag saver)(oz/ac),Rate (Volume) (Warrant Herbicide)(qt(US)/ac),Product Amount Used/Needed (Warrant Herbicide),Rate (Volume) (Fulltec Oil)(floz(US)/ac),Product Amount Used/Needed (Fulltec Oil),Rate (Volume) (Fulltec Adjuvant)(floz(US)/ac),Product Amount Used/Needed (Fulltec Adjuvant),Rate (Volume) (Water)(gal(US)/ac),Product Amount Used/Needed (Water),Rate (Volume) (Callisto)(floz(US)/ac),Product Amount Used/Needed (Callisto),Rate (Volume) (Ag saver)(floz(US)/ac),Product Amount Used/Needed (Ag saver),Rate (Mass) (AAtrex 4L Herbicide)(lb/ac),Rate (Volume) (Smackdown)(pt(US)/ac),Product Amount Used/Needed (Smackdown),Rate (Volume) (Surpass NXT)(pt(US)/ac),Rate (Mass) (Atrazine 4L)(lb/ac),Rate (Volume) (Gro Centric)(floz(US)/ac),Rate (Volume) (Water (1)~9)(gal(US)/ac),Product Amount Used/Needed,Area (ac)
-93.75999443,42.02160748,10,TaskName 6/11/2025 (GreenStar 4 Monitor),Laudis/Warrant/AgSaver/Tough,1,6/11/2025,0.200,On,1098.6,71.25,21.25,1.180,0.344,9.847,266.36,19.99,23.18,0,1,10.14,6/11/2025,Over Target,9.271,4.081e-05,3.477,1.530e-05,20.86,2.318,0.00033,4.635,2.041e-05,2.318,1.020e-05,22.45,0.013,4.635,2.041e-05,33.99,0.00015,0.386,3.863,0.00027,2.897,0.290,2.318,23.18,0.00,0.00056
-93.75999907,42.02160753,10,TaskName 6/11/2025 (GreenStar 4 Monitor),Laudis/Warrant/AgSaver/Tough,2,6/11/2025,0.200,On,1098.6,98.75,11.25,1.691,0.495,9.418,265.81,19.99,25.21,0,1,20.22,6/11/2025,Over Target,10.08,8.847e-05,3.781,3.318e-05,22.69,2.521,0.00071,5.042,4.424e-05,2.521,2.212e-05,24.41,0.027,5.042,4.424e-05,36.97,0.00032,0.420,4.201,0.00059,3.151,0.315,2.521,25.21,0.00,0.0011
-93.76000398,42.02160741,10,TaskName 6/11/2025 (GreenStar 4 Monitor),Laudis/Warrant/AgSaver/Tough,3,6/11/2025,0.200,On,1098.6,102.50,9.375,2.303,0.673,6.888,265.47,19.99,23.88,0,1,28.49,6/11/2025,Over Target,9.553,0.00012,3.582,4.429e-05,21.49,2.388,0.00094,4.777,5.906e-05,2.388,2.953e-05,23.13,0.037,4.777,5.906e-05,35.03,0.00043,0.398,3.981,0.00079,2.985,0.299,2.388,23.88,0.00,0.0016
-93.76000930,42.02160754,10,TaskName 6/11/2025 (GreenStar 4 Monitor),Laudis/Warrant/AgSaver/Tough,4,6/11/2025,0.200,On,1098.5,115.00,3.125,2.966,0.869,5.257,265.04,19.99,29.60,0,1,41.32,6/11/2025,Over Target,11.84,0.00021,4.440,7.963e-05,26.64,2.960,0.0017,5.921,0.00011,2.960,5.308e-05,28.67,0.066,5.921,0.00011,43.42,0.00078,0.493,4.934,0.0014,3.700,0.370,2.960,29.60,0.00,0.0023
-93.76003155,42.02160596,10,TaskName 6/11/2025 (GreenStar 4 Monitor),Laudis/Warrant/AgSaver/Tough,5,6/11/2025,1.001,On,1098.5,121.25,0.00,4.056,5.915,3.772,266.68,19.99,23.66,0,1,59.22,6/11/2025,Over Target,9.463,0.0012,3.549,0.00046,21.29,2.366,0.0097,4.731,0.00061,2.366,0.00030,22.91,0.377,4.731,0.00061,34.70,0.0045,0.394,3.943,0.0081,2.957,0.296,2.366,23.66,0.00,0.016
-93.76005787,42.02160356,10,TaskName 6/11/2025 (GreenStar 4 Monitor),Laudis/Warrant/AgSaver/Tough,6,6/11/2025,0.999,On,1098.7,121.25,0.00,4.135,6.040,11.74,270.60,19.99,22.64,0,1,60.59,6/11/2025,Good,9.055,0.0012,3.395,0.00045,20.37,2.264,0.0095,4.527,0.00059,2.264,0.00030,21.92,0.369,4.527,0.00059,33.20,0.0044,0.377,3.773,0.0079,2.830,0.283,2.264,22.64,0.00,0.017
-93.76009886,42.02160373,10,TaskName 6/11/2025 (GreenStar 4 Monitor),Laudis/Warrant/AgSaver/Tough,7,6/11/2025,1.000,On,1098.9,121.25,0.00,6.140,8.855,14.30,270.72,19.99,21.32,0,1,88.73,6/11/2025,Good,8.526,0.0016,3.197,0.00062,19.18,2.132,0.013,4.263,0.00082,2.132,0.00041,20.64,0.509,4.263,0.00082,31.26,0.0060,0.355,3.553,0.011,2.664,0.266,2.132,21.32,0.00,0.025
-93.76015451,42.02160453,10,TaskName 6/11/2025 (GreenStar 4 Monitor),Laudis/Warrant/AgSaver/Tough,8,6/11/2025,1.000,On,1099.2,121.25,0.00,8.775,12.76,14.99,270.72,19.99,20.54,0,1,127.85,6/11/2025,Good,8.218,0.0023,3.082,0.00086,18.49,2.054,0.018,4.109,0.0011,2.054,0.00057,19.90,0.707,4.109,0.0011,30.13,0.0084,0.342,3.424,0.015,2.568,0.257,2.054,20.54,0.00,0.036
-93.76021400,42.02160489,10,TaskName 6/11/2025 (GreenStar 4 Monitor),Laudis/Warrant/AgSaver/Tough,9,6/11/2025,1.000,On,1099.3,121.25,0.00,10.86,15.90,4.842,271.46,19.99,19.51,0,1,159.35,6/11/2025,Good,7.804,0.0027,2.927,0.0010,17.56,1.951,0.022,3.902,0.0013,1.951,0.00067,18.90,0.836,3.902,0.0013,28.61,0.0099,0.325,3.252,0.018,2.439,0.244,1.951,19.51,0.00,0.044
-93.76026748,42.02160577,10,TaskName 6/11/2025 (GreenStar 4 Monitor),Laudis/Warrant/AgSaver/Tough,10,6/11/2025,1.000,On,1099.8,121.25,0.00,10.34,15.13,11.32,271.07,19.99,19.72,0,1,151.62,6/11/2025,Good,7.888,0.0026,2.958,0.00097,17.75,1.972,0.021,3.944,0.0013,1.972,0.00065,19.10,0.804,3.944,0.0013,28.92,0.0095,0.329,3.287,0.017,2.465,0.246,1.972,19.72,0.00,0.042
-93.76032875,42.02160666,10,TaskName 6/11/2025 (GreenStar 4 Monitor),Laudis/Warrant/AgSaver/Tough,11,6/11/2025,1.000,On,1100.0,121.25,0.00,10.60,15.52,12.03,270.32,19.99,20.08,0,1,155.50,6/11/2025,Good,8.032,0.0027,3.012,0.0010,18.07,2.008,0.022,4.016,0.0014,2.008,0.00068,19.45,0.840,4.016,0.0014,29.45,0.0099,0.335,3.347,0.018,2.510,0.251,2.008,20.08,0.00,0.043
-93.76034103,42.02160684,10,TaskName 6/11/2025 (GreenStar 4 Monitor),Laudis/Warrant/AgSaver/Tough,12,6/11/2025,0.200,On,1100.1,121.25,0.00,11.36,3.330,5.865,270.08,19.99,19.40,0,1,166.85,6/11/2025,Good,7.761,0.00056,2.911,0.00021,17.46,1.940,0.0045,3.881,0.00028,1.940,0.00014,18.79,0.174,3.881,0.00028,28.46,0.0021,0.323,3.234,0.0037,2.425,0.243,1.940,19.40,0.00,0.0093
-93.76039654,42.02160690,10,TaskName 6/11/2025 (GreenStar 4 Monitor),Laudis/Warrant/AgSaver/Tough,13,6/11/2025,1.000,On,1100.4,120.00,-0.625,11.11,16.27,3.759,269.64,19.99,19.26,0,1,161.38,6/11/2025,Good,7.705,0.0027,2.889,0.0010,17.34,1.926,0.022,3.853,0.0013,1.926,0.00067,18.66,0.836,3.853,0.0013,28.25,0.0099,0.321,3.210,0.018,2.408,0.241,1.926,19.26,0.00,0.045
-93.76043890,42.02160668,10,TaskName 6/11/2025 (GreenStar 4 Monitor),Laudis/Warrant/AgSaver/Tough,14,6/11/2025,1.000,On,1100.6,120.00,-0.625,9.315,13.58,3.846,269.90,19.99,20.35,0,1,134.70,6/11/2025,Good,8.141,0.0024,3.053,0.00089,18.32,2.035,0.019,4.071,0.0012,2.035,0.00059,19.71,0.738,4.071,0.0012,29.85,0.0087,0.339,3.392,0.016,2.544,0.254,2.035,20.35,0.00,0.037
-93.76047091,42.02160665,10,TaskName 6/11/2025 (GreenStar 4 Monitor),Laudis/Warrant/AgSaver/Tough,15,6/11/2025,1.000,On,1100.8,120.00,-0.625,7.054,10.27,4.685,269.98,19.99,20.66,0,1,101.87,6/11/2025,Good,8.264,0.0018,3.099,0.00069,18.59,2.066,0.015,4.132,0.00091,2.066,0.00046,20.01,0.566,4.132,0.00091,30.30,0.0067,0.344,3.443,0.012,2.582,0.258,2.066,20.66,0.00,0.028
-93.76050273,42.02160677,10,TaskName 6/11/2025 (GreenStar 4 Monitor),Laudis/Warrant/AgSaver/Tough,16,6/11/2025,1.000,On,1101.1,120.00,-0.625,5.787,8.474,7.935,269.74,19.99,20.77,0,1,84.04,6/11/2025,Good,8.309,0.0015,3.116,0.00057,18.70,2.077,0.012,4.155,0.00076,2.077,0.00038,20.12,0.470,4.155,0.00076,30.47,0.0056,0.346,3.462,0.010,2.597,0.260,2.077,20.77,0.00,0.023
-93.76053675,42.02160659,10,TaskName 6/11/2025 (GreenStar 4 Monitor),Laudis/Warrant/AgSaver/Tough,17,6/11/2025,0.999,On,1101.3,120.00,-0.625,6.142,8.983,7.286,270.00,19.99,20.33,0,1,89.18,6/11/2025,Good,8.132,0.0016,3.049,0.00059,18.30,2.033,0.013,4.066,0.00079,2.033,0.00039,19.69,0.487,4.066,0.00079,29.82,0.0058,0.339,3.388,0.010,2.541,0.254,2.033,20.33,0.00,0.025
-93.76057807,42.02160658,10,TaskName 6/11/2025 (GreenStar 4 Monitor),Laudis/Warrant/AgSaver/Tough,18,6/11/2025,1.001,On,1101.5,120.00,-0.625,6.877,10.06,8.908,270.06,19.99,20.29,0,1,99.69,6/11/2025,Good,8.116,0.0018,3.043,0.00066,18.26,2.029,0.014,4.058,0.00088,2.029,0.00044,19.65,0.545,4.058,0.00088,29.76,0.0064,0.338,3.382,0.012,2.536,0.254,2.029,20.29,0.00,0.028
-93.76062142,42.02160681,10,TaskName 6/11/2025 (GreenStar 4 Monitor),Laudis/Warrant/AgSaver/Tough,19,6/11/2025,1.000,On,1101.7,120.00,-0.625,7.873,11.54,5.824,269.63,19.99,19.97,0,1,114.40,6/11/2025,Good,7.990,0.0020,2.996,0.00074,17.98,1.997,0.016,3.995,0.00099,1.997,0.00050,19.35,0.615,3.995,0.00099,29.30,0.0073,0.333,3.329,0.013,2.497,0.250,1.997,19.97,0.00,0.032
-93.76066424,42.02160670,10,TaskName 6/11/2025 (GreenStar 4 Monitor),Laudis/Warrant/AgSaver/Tough,20,6/11/2025,1.000,On,1101.9,118.75,-1.250,7.956,11.66,6.880,269.50,19.99,20.05,0,1,114.43,6/11/2025,Good,8.020,0.0020,3.007,0.00075,18.04,2.005,0.016,4.010,0.00100,2.005,0.00050,19.42,0.617,4.010,0.00100,29.41,0.0073,0.334,3.342,0.013,2.506,0.251,2.005,20.05,0.00,0.032
-93.76070824,42.02160655,10,TaskName 6/11/2025 (GreenStar 4 Monitor),Laudis/Warrant/AgSaver/Tough,21,6/11/2025,1.000,On,1102.1,118.75,-1.250,8.033,11.77,6.644,269.60,19.99,20.04,0,1,115.53,6/11/2025,Good,8.016,0.0020,3.006,0.00075,18.04,2.004,0.016,4.008,0.0010,2.004,0.00050,19.41,0.623,4.008,0.0010,29.39,0.0074,0.334,3.340,0.013,2.505,0.251,2.004,20.04,0.00,0.032
-93.76075281,42.02160604,10,TaskName 6/11/2025 (GreenStar 4 Monitor),Laudis/Warrant/AgSaver/Tough,22,6/11/2025,0.995,On,1102.3,118.75,-1.250,8.208,11.97,6.818,270.71,19.99,19.92,0,1,118.05,6/11/2025,Good,7.968,0.0020,2.988,0.00076,17.93,1.992,0.016,3.984,0.0010,1.992,0.00051,19.29,0.629,3.984,0.0010,29.21,0.0074,0.332,3.320,0.014,2.490,0.249,1.992,19.92,0.00,0.033
-93.76079766,42.02160619,10,TaskName 6/11/2025 (GreenStar 4 Monitor),Laudis/Warrant/AgSaver/Tough,23,6/11/2025,1.005,On,1102.4,118.75,-1.250,8.262,12.17,6.473,270.82,19.99,19.90,0,1,118.83,6/11/2025,Good,7.961,0.0021,2.985,0.00077,17.91,1.990,0.017,3.981,0.0010,1.990,0.00052,19.28,0.639,3.981,0.0010,29.19,0.0076,0.332,3.317,0.014,2.488,0.249,1.990,19.90,0.00,0.033
-93.76084315,42.02160725,10,TaskName 6/11/2025 (GreenStar 4 Monitor),Laudis/Warrant/AgSaver/Tough,24,6/11/2025,1.000,On,1102.4,118.75,-1.250,8.395,12.30,5.536,269.81,19.99,19.91,0,1,120.71,6/11/2025,Good,7.965,0.0021,2.987,0.00078,17.92,1.991,0.017,3.982,0.0010,1.991,0.00052,19.28,0.647,3.982,0.0010,29.20,0.0077,0.332,3.319,0.014,2.489,0.249,1.991,19.91,0.00,0.034
-93.76088856,42.02160716,10,TaskName 6/11/2025 (GreenStar 4 Monitor),Laudis/Warrant/AgSaver/Tough,25,6/11/2025,0.995,On,1102.4,118.75,-1.250,8.392,12.23,6.016,269.93,19.99,19.97,0,1,120.67,6/11/2025,Good,7.987,0.0021,2.995,0.00078,17.97,1.997,0.017,3.994,0.0010,1.997,0.00052,19.34,0.645,3.994,0.0010,29.29,0.0076,0.333,3.328,0.014,2.496,0.250,1.997,19.97,0.00,0.033
-93.76093507,42.02160692,10,TaskName 6/11/2025 (GreenStar 4 Monitor),Laudis/Warrant/AgSaver/Tough,26,6/11/2025,1.005,On,1102.2,118.75,-1.250,8.498,12.51,5.596,270.25,19.99,19.99,0,1,122.19,6/11/2025,Good,7.997,0.0021,2.999,0.00080,17.99,1.999,0.017,3.999,0.0011,1.999,0.00053,19.36,0.661,3.999,0.0011,29.32,0.0078,0.333,3.332,0.014,2.499,0.250,1.999,19.99,0.00,0.034
-93.76098191,42.02160720,10,TaskName 6/11/2025 (GreenStar 4 Monitor),Laudis/Warrant/AgSaver/Tough,27,6/11/2025,1.000,On,1102.0,118.75,-1.250,8.659,12.70,4.843,270.12,19.99,19.92,0,1,124.59,6/11/2025,Good,7.968,0.0022,2.988,0.00081,17.93,1.992,0.017,3.984,0.0011,1.992,0.00054,19.29,0.668,3.984,0.0011,29.21,0.0079,0.332,3.320,0.014,2.490,0.249,1.992,19.92,0.00,0.035
-93.76102876,42.02160750,10,TaskName 6/11/2025 (GreenStar 4 Monitor),Laudis/Warrant/AgSaver/Tough,28,6/11/2025,1.000,On,1101.8,118.75,-1.250,8.673,12.72,5.142,269.74,19.99,19.95,0,1,124.80,6/11/2025,Good,7.979,0.0022,2.992,0.00081,17.95,1.995,0.017,3.989,0.0011,1.995,0.00054,19.32,0.670,3.989,0.0011,29.26,0.0079,0.332,3.324,0.014,2.493,0.249,1.995,19.95,0.00,0.035
-93.76107568,42.02160726,10,TaskName 6/11/2025 (GreenStar 4 Monitor),Laudis/Warrant/AgSaver/Tough,29,6/11/2025,1.000,On,1101.7,118.75,-1.250,8.649,12.68,4.994,269.84,19.99,19.98,0,1,124.45,6/11/2025,Good,7.993,0.0022,2.997,0.00081,17.98,1.998,0.017,3.996,0.0011,1.998,0.00054,19.35,0.669,3.996,0.0011,29.31,0.0079,0.333,3.330,0.014,2.498,0.250,1.998,19.98,0.00,0.035
-93.76112286,42.02160715,10,TaskName 6/11/2025 (GreenStar 4 Monitor),Laudis/Warrant/AgSaver/Tough,30,6/11/2025,0.999,On,1101.5,118.75,-1.250,8.750,12.81,4.842,269.64,19.99,19.90,0,1,125.89,6/11/2025,Good,7.961,0.0022,2.985,0.00081,17.91,1.990,0.017,3.981,0.0011,1.990,0.00054,19.28,0.673,3.981,0.0011,29.19,0.0080,0.332,3.317,0.014,2.488,0.249,1.990,19.90,0.00,0.035
-93.76117022,42.02160694,10,TaskName 6/11/2025 (GreenStar 4 Monitor),Laudis/Warrant/AgSaver/Tough,31,6/11/2025,1.000,On,1101.4,118.75,-1.250,8.731,12.80,5.417,269.72,19.99,19.97,0,1,125.64,6/11/2025,Good,7.989,0.0022,2.996,0.00082,17.98,1.997,0.017,3.995,0.0011,1.997,0.00054,19.34,0.675,3.995,0.0011,29.29,0.0080,0.333,3.329,0.015,2.497,0.250,1.997,19.97,0.00,0.035
-93.76121754,42.02160655,10,TaskName 6/11/2025 (GreenStar 4 Monitor),Laudis/Warrant/AgSaver/Tough,32,6/11/2025,1.000,On,1101.2,118.75,-1.250,8.768,12.85,5.418,270.06,19.99,19.96,0,1,126.12,6/11/2025,Good,7.984,0.0022,2.994,0.00082,17.96,1.996,0.017,3.992,0.0011,1.996,0.00055,19.33,0.677,3.992,0.0011,29.27,0.0080,0.333,3.327,0.015,2.495,0.249,1.996,19.96,0.00,0.035
-93.76122709,42.02160648,10,TaskName 6/11/2025 (GreenStar 4 Monitor),Laudis/Warrant/AgSaver/Tough,33,6/11/2025,0.201,On,1101.2,118.75,-1.250,8.782,2.589,5.145,270.12,19.99,19.93,0,1,126.42,6/11/2025,Good,7.971,0.00044,2.989,0.00016,17.93,1.993,0.0035,3.985,0.00022,1.993,0.00011,19.30,0.136,3.985,0.00022,29.23,0.0016,0.332,3.321,0.0029,2.491,0.249,1.993,19.93,0.00,0.0071
-93.76127461,42.02160652,10,TaskName 6/11/2025 (GreenStar 4 Monitor),Laudis/Warrant/AgSaver/Tough,34,6/11/2025,0.994,On,1101.1,120.00,-0.625,8.818,12.85,5.336,270.28,19.99,19.97,0,1,128.22,6/11/2025,Good,7.987,0.0022,2.995,0.00083,17.97,1.997,0.018,3.994,0.0011,1.997,0.00055,19.34,0.685,3.994,0.0011,29.29,0.0081,0.333,3.328,0.015,2.496,0.250,1.997,19.97,0.00,0.035
-93.76132201,42.02160676,10,TaskName 6/11/2025 (GreenStar 4 Monitor),Laudis/Warrant/AgSaver/Tough,35,6/11/2025,1.000,On,1101.1,120.00,-0.625,8.759,12.84,6.244,270.22,19.99,19.93,0,1,127.38,6/11/2025,Good,7.974,0.0022,2.990,0.00083,17.94,1.993,0.018,3.987,0.0011,1.993,0.00055,19.31,0.683,3.987,0.0011,29.24,0.0081,0.332,3.322,0.015,2.492,0.249,1.993,19.93,0.00,0.035
-93.76136959,42.02160694,10,TaskName 6/11/2025 (GreenStar 4 Monitor),Laudis/Warrant/AgSaver/Tough,36,6/11/2025,0.995,On,1101.0,120.00,-0.625,8.806,12.84,5.764,269.95,19.99,19.91,0,1,127.99,6/11/2025,Good,7.965,0.0022,2.987,0.00083,17.92,1.991,0.018,3.983,0.0011,1.991,0.00055,19.29,0.682,3.983,0.0011,29.21,0.0081,0.332,3.319,0.015,2.489,0.249,1.991,19.91,0.00,0.035
-93.76141698,42.02160694,10,TaskName 6/11/2025 (GreenStar 4 Monitor),Laudis/Warrant/AgSaver/Tough,37,6/11/2025,1.006,On,1100.9,120.00,-0.625,8.809,12.99,5.703,269.97,19.99,19.97,0,1,128.08,6/11/2025,Good,7.987,0.0022,2.995,0.00084,17.97,1.997,0.018,3.994,0.0011,1.997,0.00056,19.34,0.692,3.994,0.0011,29.29,0.0082,0.333,3.328,0.015,2.496,0.250,1.997,19.97,0.00,0.036
-93.76146448,42.02160692,10,TaskName 6/11/2025 (GreenStar 4 Monitor),Laudis/Warrant/AgSaver/Tough,38,6/11/2025,0.999,On,1100.8,120.00,-0.625,8.773,12.85,5.995,270.04,19.99,19.99,0,1,127.58,6/11/2025,Good,7.996,0.0022,2.999,0.00083,17.99,1.999,0.018,3.998,0.0011,1.999,0.00055,19.36,0.685,3.998,0.0011,29.32,0.0081,0.333,3.332,0.015,2.499,0.250,1.999,19.99,0.00,0.035
-93.76151186,42.02160702,10,TaskName 6/11/2025 (GreenStar 4 Monitor),Laudis/Warrant/AgSaver/Tough,39,6/11/2025,1.001,On,1100.7,120.00,-0.625,8.793,12.91,5.759,269.74,19.99,19.96,0,1,127.87,6/11/2025,Good,7.982,0.0022,2.993,0.00083,17.96,1.996,0.018,3.991,0.0011,1.996,0.00055,19.33,0.687,3.991,0.0011,29.27,0.0081,0.333,3.326,0.015,2.494,0.249,1.996,19.96,0.00,0.036
-93.76155920,42.02160709,10,TaskName 6/11/2025 (GreenStar 4 Monitor),Laudis/Warrant/AgSaver/Tough,40,6/11/2025,0.999,On,1100.7,120.00,-0.625,8.773,12.85,6.150,269.45,19.99,20.00,0,1,127.58,6/11/2025,Good,7.999,0.0022,3.000,0.00083,18.00,2.000,0.018,4.000,0.0011,2.000,0.00055,19.37,0.686,4.000,0.0011,29.33,0.0081,0.333,3.333,0.015,2.500,0.250,2.000,20.00,0.00,0.035
-93.76160658,42.02160701,10,TaskName 6/11/2025 (GreenStar 4 Monitor),Laudis/Warrant/AgSaver/Tough,41,6/11/2025,1.001,On,1100.7,120.00,-0.625,8.769,12.87,6.118,269.68,19.99,19.96,0,1,127.52,6/11/2025,Good,7.983,0.0022,2.994,0.00083,17.96,1.996,0.018,3.991,0.0011,1.996,0.00055,19.33,0.685,3.991,0.0011,29.27,0.0081,0.333,3.326,0.015,2.495,0.249,1.996,19.96,0.00,0.035
-93.76165369,42.02160669,10,TaskName 6/11/2025 (GreenStar 4 Monitor),Laudis/Warrant/AgSaver/Tough,42,6/11/2025,1.000,On,1100.7,120.00,-0.625,8.762,12.83,6.292,269.88,19.99,19.99,0,1,127.29,6/11/2025,Good,7.998,0.0022,2.999,0.00083,17.99,1.999,0.018,3.999,0.0011,1.999,0.00055,19.36,0.685,3.999,0.0011,29.32,0.0081,0.333,3.332,0.015,2.499,0.250,1.999,19.99,0.00,0.035
-93.76170099,42.02160661,10,TaskName 6/11/2025 (GreenStar 4 Monitor),Laudis/Warrant/AgSaver/Tough,43,6/11/2025,0.999,On,1100.6,120.00,-0.625,8.728,12.80,6.438,269.63,19.99,19.99,0,1,127.02,6/11/2025,Good,7.997,0.0022,2.999,0.00083,17.99,1.999,0.018,3.999,0.0011,1.999,0.00055,19.36,0.683,3.999,0.0011,29.32,0.0081,0.333,3.332,0.015,2.499,0.250,1.999,19.99,0.00,0.035
-93.76174824,42.02160630,10,TaskName 6/11/2025 (GreenStar 4 Monitor),Laudis/Warrant/AgSaver/Tough,44,6/11/2025,1.001,On,1100.6,120.00,-0.625,8.758,12.85,6.684,269.79,19.99,19.96,0,1,127.35,6/11/2025,Good,7.984,0.0022,2.994,0.00083,17.96,1.996,0.018,3.992,0.0011,1.996,0.00055,19.33,0.685,3.992,0.0011,29.27,0.0081,0.333,3.327,0.015,2.495,0.249,1.996,19.96,0.00,0.035
-93.76179565,42.02160588,10,TaskName 6/11/2025 (GreenStar 4 Monitor),Laudis/Warrant/AgSaver/Tough,45,6/11/2025,1.000,On,1100.6,120.00,-0.625,8.781,12.88,6.836,270.31,19.99,19.97,0,1,127.71,6/11/2025,Good,7.986,0.0022,2.995,0.00083,17.97,1.997,0.018,3.993,0.0011,1.997,0.00055,19.34,0.686,3.993,0.0011,29.28,0.0081,0.333,3.328,0.015,2.496,0.250,1.997,19.97,0.00,0.035
-93.76184320,42.02160590,10,TaskName 6/11/2025 (GreenStar 4 Monitor),Laudis/Warrant/AgSaver/Tough,46,6/11/2025,0.994,On,1100.5,120.00,-0.625,8.792,12.81,6.147,270.40,19.99,19.93,0,1,127.86,6/11/2025,Good,7.970,0.0022,2.989,0.00082,17.93,1.993,0.018,3.985,0.0011,1.993,0.00055,19.30,0.681,3.985,0.0011,29.22,0.0081,0.332,3.321,0.015,2.491,0.249,1.993,19.93,0.00,0.035
-93.76188815,42.02160637,10,TaskName 6/11/2025 (GreenStar 4 Monitor),Laudis/Warrant/AgSaver/Tough,47,6/11/2025,1.006,On,1100.3,120.00,-0.625,8.681,12.80,3.890,270.10,19.99,19.92,0,1,126.17,6/11/2025,Good,7.969,0.0022,2.988,0.00082,17.93,1.992,0.018,3.984,0.0011,1.992,0.00055,19.29,0.680,3.984,0.0011,29.22,0.0080,0.332,3.320,0.015,2.490,0.249,1.992,19.92,0.00,0.035
-93.76192933,42.02160677,10,TaskName 6/11/2025 (GreenStar 4 Monitor),Laudis/Warrant/AgSaver/Tough,48,6/11/2025,1.000,On,1100.4,120.00,-0.625,7.937,11.62,6.050,269.67,19.99,20.08,0,1,115.21,6/11/2025,Good,8.031,0.0020,3.012,0.00075,18.07,2.008,0.016,4.015,0.0010,2.008,0.00050,19.44,0.622,4.015,0.0010,29.45,0.0074,0.335,3.346,0.013,2.510,0.251,2.008,20.08,0.00,0.032
-93.76197260,42.02160630,10,TaskName 6/11/2025 (GreenStar 4 Monitor),Laudis/Warrant/AgSaver/Tough,49,6/11/2025,0.999,On,1100.4,120.00,-0.625,7.840,11.49,5.913,270.56,19.99,20.14,0,1,114.09,6/11/2025,Good,8.055,0.0020,3.021,0.00075,18.12,2.014,0.016,4.028,0.00100,2.014,0.00050,19.50,0.618,4.028,0.00100,29.54,0.0073,0.336,3.356,0.013,2.517,0.252,2.014,20.14,0.00,0.032
-93.76201300,42.02160636,10,TaskName 6/11/2025 (GreenStar 4 Monitor),Laudis/Warrant/AgSaver/Tough,50,6/11/2025,1.000,On,1100.5,120.00,-0.625,7.739,11.34,5.261,270.89,19.99,20.03,0,1,112.48,6/11/2025,Good,8.013,0.0020,3.005,0.00073,18.03,2.003,0.016,4.006,0.00098,2.003,0.00049,19.40,0.606,4.006,0.00098,29.38,0.0072,0.334,3.339,0.013,2.504,0.250,2.003,20.03,0.00,0.031
-93.76203695,42.02160669,10,TaskName 6/11/2025 (GreenStar 4 Monitor),Laudis/Warrant/AgSaver/Tough,51,6/11/2025,0.601,On,1101.1,120.00,-0.625,7.480,6.590,4.872,270.68,19.99,20.11,0,1,108.74,6/11/2025,Good,8.045,0.0011,3.017,0.00043,18.10,2.011,0.0091,4.022,0.00057,2.011,0.00029,19.48,0.354,4.022,0.00057,29.50,0.0042,0.335,3.352,0.0076,2.514,0.251,2.011,20.11,0.00,0.018
-93.76205773,42.02160690,10,TaskName 6/11/2025 (GreenStar 4 Monitor),Laudis/Warrant/AgSaver/Tough,52,6/11/2025,0.600,On,1100.8,118.75,-1.250,7.240,6.364,5.260,270.40,19.99,20.15,0,1,104.09,6/11/2025,Good,8.062,0.0011,3.023,0.00041,18.14,2.015,0.0087,4.031,0.00055,2.015,0.00027,19.52,0.339,4.031,0.00055,29.56,0.0040,0.336,3.359,0.0073,2.519,0.252,2.015,20.15,0.00,0.017
-93.76206465,42.02160705,10,TaskName 6/11/2025 (GreenStar 4 Monitor),Laudis/Warrant/AgSaver/Tough,53,6/11/2025,0.200,On,1100.7,117.50,-1.875,6.729,1.963,3.196,270.30,19.99,20.25,0,1,95.29,6/11/2025,Good,8.099,0.00033,3.037,0.00013,18.22,2.025,0.0027,4.050,0.00017,2.025,8.374e-05,19.61,0.104,4.050,0.00017,29.70,0.0012,0.337,3.375,0.0022,2.531,0.253,2.025,20.25,0.00,0.0053
-93.76207620,42.02160720,10,TaskName 6/11/2025 (GreenStar 4 Monitor),Laudis/Warrant/AgSaver/Tough,54,6/11/2025,0.400,On,1100.7,115.00,-3.125,6.494,3.817,2.997,270.23,19.99,20.14,0,1,90.69,6/11/2025,Good,8.056,0.00063,3.021,0.00024,18.13,2.014,0.0051,4.028,0.00032,2.014,0.00016,19.51,0.197,4.028,0.00032,29.54,0.0023,0.336,3.357,0.0042,2.518,0.252,2.014,20.14,0.00,0.010
-93.76208185,42.02160723,10,TaskName 6/11/2025 (GreenStar 4 Monitor),Laudis/Warrant/AgSaver/Tough,55,6/11/2025,0.195,On,1100.7,113.75,-3.750,5.991,1.713,2.404,270.36,19.99,20.11,0,1,82.59,6/11/2025,Good,8.044,0.00028,3.016,0.00011,18.10,2.011,0.0022,4.022,0.00014,2.011,7.029e-05,19.48,0.087,4.022,0.00014,29.49,0.0010,0.335,3.352,0.0019,2.514,0.251,2.011,20.11,0.00,0.0045
-93.76208733,42.02160714,10,TaskName 6/11/2025 (GreenStar 4 Monitor),Laudis/Warrant/AgSaver/Tough,56,6/11/2025,0.205,On,1100.4,111.25,-5.000,5.675,1.697,2.173,270.49,19.99,20.29,0,1,76.10,6/11/2025,Good,8.116,0.00027,3.044,0.00010,18.26,2.029,0.0022,4.058,0.00014,2.029,6.870e-05,19.65,0.085,4.058,0.00014,29.76,0.0010,0.338,3.382,0.0018,2.536,0.254,2.029,20.29,0.00,0.0043
-93.76209214,42.02160710,10,TaskName 6/11/2025 (GreenStar 4 Monitor),Laudis/Warrant/AgSaver/Tough,57,6/11/2025,0.199,On,1100.3,76.25,10.000,5.458,1.602,1.882,270.60,19.99,20.38,0,1,50.72,6/11/2025,Good,8.151,0.00018,3.056,6.695e-05,18.34,2.038,0.0014,4.075,8.927e-05,2.038,4.463e-05,19.73,0.055,4.075,8.927e-05,29.89,0.00065,0.340,3.396,0.0012,2.547,0.255,2.038,20.38,0.00,0.0028
-93.76188633,42.02144487,10,TaskName 6/11/2025 (GreenStar 4 Monitor),Laudis/Warrant/AgSaver/Tough,58,6/11/2025,0.200,On,1101.2,115.00,-2.609,8.227,2.414,7.476,179.65,19.99,16.96,0,2,114.72,6/11/2025,Under Target,6.782,0.00034,2.543,0.00013,15.26,1.696,0.0027,3.391,0.00017,1.696,8.442e-05,16.42,0.105,3.391,0.00017,24.87,0.0012,0.283,2.826,0.0023,2.119,0.212,1.696,16.96,0.00,0.0064
-93.76188641,42.02141135,10,TaskName 6/11/2025 (GreenStar 4 Monitor),Laudis/Warrant/AgSaver/Tough,59,6/11/2025,1.000,On,1101.2,117.50,-1.875,8.217,12.06,6.903,179.58,19.99,19.55,0,2,117.11,6/11/2025,Good,7.820,0.0020,2.933,0.00075,17.60,1.955,0.016,3.910,0.00099,1.955,0.00050,18.93,0.616,3.910,0.00099,28.67,0.0073,0.326,3.258,0.013,2.444,0.244,1.955,19.55,0.00,0.033
-93.76188594,42.02137772,10,TaskName 6/11/2025 (GreenStar 4 Monitor),Laudis/Warrant/AgSaver/Tough,60,6/11/2025,1.000,On,1101.4,117.50,-1.875,8.344,12.24,6.350,180.02,19.99,19.49,0,2,118.90,6/11/2025,Good,7.794,0.0020,2.923,0.00075,17.54,1.949,0.016,3.897,0.0010,1.949,0.00050,18.87,0.623,3.897,0.0010,28.58,0.0074,0.325,3.248,0.013,2.436,0.244,1.949,19.49,0.00,0.033
-93.76188579,42.02134449,10,TaskName 6/11/2025 (GreenStar 4 Monitor),Laudis/Warrant/AgSaver/Tough,61,6/11/2025,1.000,On,1101.5,117.50,-1.875,8.296,12.17,6.831,179.94,19.99,19.65,0,2,118.20,6/11/2025,Good,7.861,0.0020,2.948,0.00076,17.69,1.965,0.016,3.931,0.0010,1.965,0.00050,19.03,0.625,3.931,0.0010,28.83,0.0074,0.328,3.276,0.013,2.457,0.246,1.965,19.65,0.00,0.033
-93.76188616,42.02131108,10,TaskName 6/11/2025 (GreenStar 4 Monitor),Laudis/Warrant/AgSaver/Tough,62,6/11/2025,1.000,On,1101.7,117.50,-1.875,8.259,12.12,6.917,179.68,19.99,19.76,0,2,117.69,6/11/2025,Good,7.903,0.0020,2.964,0.00076,17.78,1.976,0.016,3.951,0.0010,1.976,0.00050,19.13,0.626,3.951,0.0010,28.98,0.0074,0.329,3.293,0.013,2.470,0.247,1.976,19.76,0.00,0.033
-93.76188567,42.02127733,10,TaskName 6/11/2025 (GreenStar 4 Monitor),Laudis/Warrant/AgSaver/Tough,63,6/11/2025,1.000,On,1101.8,117.50,-1.875,8.344,12.25,7.487,180.13,19.99,19.85,0,2,118.93,6/11/2025,Good,7.938,0.0020,2.977,0.00077,17.86,1.985,0.016,3.969,0.0010,1.985,0.00051,19.22,0.635,3.969,0.0010,29.11,0.0075,0.331,3.308,0.014,2.481,0.248,1.985,19.85,0.00,0.033
-93.76188554,42.02124282,10,TaskName 6/11/2025 (GreenStar 4 Monitor),Laudis/Warrant/AgSaver/Tough,64,6/11/2025,1.000,On,1101.8,117.50,-1.875,8.481,12.43,7.041,180.19,19.99,19.81,0,2,120.75,6/11/2025,Good,7.925,0.0021,2.972,0.00078,17.83,1.981,0.017,3.962,0.0010,1.981,0.00052,19.19,0.644,3.962,0.0010,29.06,0.0076,0.330,3.302,0.014,2.476,0.248,1.981,19.81,0.00,0.034
-93.76188587,42.02120783,10,TaskName 6/11/2025 (GreenStar 4 Monitor),Laudis/Warrant/AgSaver/Tough,65,6/11/2025,1.000,On,1101.9,117.50,-1.875,8.629,12.66,6.473,179.87,19.99,19.89,0,2,122.94,6/11/2025,Good,7.957,0.0021,2.984,0.00080,17.90,1.989,0.017,3.979,0.0011,1.989,0.00053,19.27,0.658,3.979,0.0011,29.18,0.0078,0.332,3.316,0.014,2.487,0.249,1.989,19.89,0.00,0.034
-93.76188600,42.02117305,10,TaskName 6/11/2025 (GreenStar 4 Monitor),Laudis/Warrant/AgSaver/Tough,66,6/11/2025,0.999,On,1102.0,117.50,-1.875,8.682,12.74,6.817,179.86,19.99,19.90,0,2,123.80,6/11/2025,Good,7.959,0.0021,2.985,0.00080,17.91,1.990,0.017,3.979,0.0011,1.990,0.00053,19.27,0.662,3.979,0.0011,29.18,0.0078,0.332,3.316,0.014,2.487,0.249,1.990,19.90,0.00,0.034
-93.76188572,42.02113784,10,TaskName 6/11/2025 (GreenStar 4 Monitor),Laudis/Warrant/AgSaver/Tough,67,6/11/2025,1.001,On,1102.0,117.50,-1.875,8.697,12.78,7.058,179.95,19.99,19.94,0,2,123.96,6/11/2025,Good,7.975,0.0021,2.991,0.00081,17.94,1.994,0.017,3.988,0.0011,1.994,0.00054,19.31,0.666,3.988,0.0011,29.24,0.0079,0.332,3.323,0.014,2.492,0.249,1.994,19.94,0.00,0.034
-93.76188568,42.02110231,10,TaskName 6/11/2025 (GreenStar 4 Monitor),Laudis/Warrant/AgSaver/Tough,68,6/11/2025,1.000,On,1102.0,117.50,-1.875,8.798,12.90,6.134,180.24,19.99,19.95,0,2,125.26,6/11/2025,Good,7.981,0.0022,2.993,0.00081,17.96,1.995,0.017,3.991,0.0011,1.995,0.00054,19.32,0.672,3.991,0.0011,29.26,0.0080,0.333,3.326,0.014,2.494,0.249,1.995,19.95,0.00,0.035
-93.76188575,42.02108813,10,TaskName 6/11/2025 (GreenStar 4 Monitor),Laudis/Warrant/AgSaver/Tough,69,6/11/2025,0.394,On,1101.9,118.75,-1.250,8.811,5.108,5.820,180.30,19.99,19.92,0,2,127.23,6/11/2025,Good,7.967,0.00087,2.988,0.00032,17.93,1.992,0.0069,3.983,0.00043,1.992,0.00022,19.29,0.269,3.983,0.00043,29.21,0.0032,0.332,3.319,0.0058,2.490,0.249,1.992,19.92,0.00,0.014
-93.76188583,42.02106671,10,TaskName 6/11/2025 (GreenStar 4 Monitor),Laudis/Warrant/AgSaver/Tough,70,6/11/2025,0.606,On,1101.9,117.50,-1.875,8.854,7.873,5.496,180.53,19.99,19.96,0,2,126.16,6/11/2025,Good,7.982,0.0013,2.993,0.00050,17.96,1.996,0.011,3.991,0.00066,1.996,0.00033,19.33,0.410,3.991,0.00066,29.27,0.0049,0.333,3.326,0.0088,2.494,0.249,1.996,19.96,0.00,0.021
-93.76188587,42.02105958,10,TaskName 6/11/2025 (GreenStar 4 Monitor),Laudis/Warrant/AgSaver/Tough,71,6/11/2025,0.200,On,1101.8,118.75,-1.250,8.849,2.598,5.402,180.53,19.99,19.84,0,2,127.49,6/11/2025,Good,7.937,0.00044,2.976,0.00016,17.86,1.984,0.0035,3.968,0.00022,1.984,0.00011,19.22,0.136,3.968,0.00022,29.10,0.0016,0.331,3.307,0.0029,2.480,0.248,1.984,19.84,0.00,0.0071
-93.76188649,42.02102399,10,TaskName 6/11/2025 (GreenStar 4 Monitor),Laudis/Warrant/AgSaver/Tough,72,6/11/2025,0.995,On,1101.6,117.50,-1.875,8.853,12.93,5.327,180.67,19.99,19.94,0,2,126.14,6/11/2025,Good,7.975,0.0022,2.991,0.00081,17.94,1.994,0.017,3.988,0.0011,1.994,0.00054,19.31,0.673,3.988,0.0011,29.24,0.0080,0.332,3.323,0.014,2.492,0.249,1.994,19.94,0.00,0.035
-93.76188702,42.02098856,10,TaskName 6/11/2025 (GreenStar 4 Monitor),Laudis/Warrant/AgSaver/Tough,73,6/11/2025,1.000,On,1101.3,117.50,-1.875,8.834,12.96,5.276,180.35,19.99,19.93,0,2,125.90,6/11/2025,Good,7.971,0.0022,2.989,0.00082,17.93,1.993,0.017,3.985,0.0011,1.993,0.00054,19.30,0.675,3.985,0.0011,29.23,0.0080,0.332,3.321,0.015,2.491,0.249,1.993,19.93,0.00,0.035
-93.76188748,42.02095286,10,TaskName 6/11/2025 (GreenStar 4 Monitor),Laudis/Warrant/AgSaver/Tough,74,6/11/2025,1.000,On,1101.1,117.50,-1.875,8.821,12.94,5.313,179.78,19.99,20.00,0,2,125.70,6/11/2025,Good,8.001,0.0022,3.000,0.00082,18.00,2.000,0.017,4.000,0.0011,2.000,0.00055,19.37,0.676,4.000,0.0011,29.34,0.0080,0.333,3.334,0.015,2.500,0.250,2.000,20.00,0.00,0.035
-93.76188748,42.02091727,10,TaskName 6/11/2025 (GreenStar 4 Monitor),Laudis/Warrant/AgSaver/Tough,75,6/11/2025,0.999,On,1100.7,117.50,-1.875,8.823,12.93,5.265,179.64,19.99,19.97,0,2,125.70,6/11/2025,Good,7.989,0.0022,2.996,0.00082,17.97,1.997,0.017,3.994,0.0011,1.997,0.00054,19.34,0.675,3.994,0.0011,29.29,0.0080,0.333,3.329,0.015,2.497,0.250,1.997,19.97,0.00,0.035
-93.76188708,42.02088907,10,TaskName 6/11/2025 (GreenStar 4 Monitor),Laudis/Warrant/AgSaver/Tough,76,6/11/2025,0.801,On,1100.4,117.50,-1.875,8.821,10.37,5.251,179.88,19.99,20.00,0,2,125.72,6/11/2025,Good,8.000,0.0017,3.000,0.00066,18.00,2.000,0.014,4.000,0.00087,2.000,0.00044,19.37,0.542,4.000,0.00087,29.33,0.0064,0.333,3.333,0.012,2.500,0.250,2.000,20.00,0.00,0.028
-93.76188706,42.02086792,10,TaskName 6/11/2025 (GreenStar 4 Monitor),Laudis/Warrant/AgSaver/Tough,77,6/11/2025,0.605,On,1100.3,118.75,-1.250,8.793,7.804,5.355,179.92,19.99,19.95,0,2,126.60,6/11/2025,Good,7.980,0.0013,2.992,0.00050,17.95,1.995,0.011,3.990,0.00066,1.995,0.00033,19.32,0.411,3.990,0.00066,29.26,0.0049,0.332,3.325,0.0088,2.494,0.249,1.995,19.95,0.00,0.021
-93.76188686,42.02083218,10,TaskName 6/11/2025 (GreenStar 4 Monitor),Laudis/Warrant/AgSaver/Tough,78,6/11/2025,0.999,On,1100.0,117.50,-1.875,8.829,12.94,4.953,180.01,19.99,19.99,0,2,125.83,6/11/2025,Good,7.998,0.0022,2.999,0.00082,17.99,1.999,0.017,3.999,0.0011,1.999,0.00055,19.36,0.676,3.999,0.0011,29.32,0.0080,0.333,3.332,0.015,2.499,0.250,1.999,19.99,0.00,0.035
-93.76188707,42.02079656,10,TaskName 6/11/2025 (GreenStar 4 Monitor),Laudis/Warrant/AgSaver/Tough,79,6/11/2025,1.001,On,1099.6,117.50,-1.875,8.810,12.93,5.216,179.95,19.99,19.98,0,2,125.42,6/11/2025,Good,7.991,0.0022,2.997,0.00082,17.98,1.998,0.017,3.996,0.0011,1.998,0.00054,19.35,0.675,3.996,0.0011,29.30,0.0080,0.333,3.330,0.015,2.497,0.250,1.998,19.98,0.00,0.035
-93.76188704,42.02076076,10,TaskName 6/11/2025 (GreenStar 4 Monitor),Laudis/Warrant/AgSaver/Tough,80,6/11/2025,0.999,On,1099.2,117.50,-1.875,8.907,13.07,4.818,180.02,19.99,19.97,0,2,127.04,6/11/2025,Good,7.986,0.0022,2.995,0.00082,17.97,1.997,0.018,3.993,0.0011,1.997,0.00055,19.34,0.682,3.993,0.0011,29.28,0.0081,0.333,3.328,0.015,2.496,0.250,1.997,19.97,0.00,0.035
-93.76188697,42.02072498,10,TaskName 6/11/2025 (GreenStar 4 Monitor),Laudis/Warrant/AgSaver/Tough,81,6/11/2025,1.001,On,1098.7,117.50,-1.875,8.915,13.09,5.228,180.17,19.99,19.99,0,2,127.01,6/11/2025,Good,7.995,0.0022,2.998,0.00083,17.99,1.999,0.018,3.997,0.0011,1.999,0.00055,19.36,0.684,3.997,0.0011,29.31,0.0081,0.333,3.331,0.015,2.498,0.250,1.999,19.99,0.00,0.035
-93.76188693,42.02068899,10,TaskName 6/11/2025 (GreenStar 4 Monitor),Laudis/Warrant/AgSaver/Tough,82,6/11/2025,0.999,On,1098.3,117.50,-1.875,8.880,13.02,5.167,179.99,19.99,19.97,0,2,126.53,6/11/2025,Good,7.989,0.0022,2.996,0.00082,17.98,1.997,0.018,3.994,0.0011,1.997,0.00055,19.34,0.679,3.994,0.0011,29.29,0.0080,0.333,3.329,0.015,2.497,0.250,1.997,19.97,0.00,0.035
-93.76188731,42.02065330,10,TaskName 6/11/2025 (GreenStar 4 Monitor),Laudis/Warrant/AgSaver/Tough,83,6/11/2025,1.001,On,1098.1,117.50,-1.875,8.907,13.08,5.205,179.65,19.99,19.96,0,2,126.92,6/11/2025,Good,7.985,0.0022,2.994,0.00083,17.97,1.996,0.018,3.992,0.0011,1.996,0.00055,19.33,0.682,3.992,0.0011,29.28,0.0081,0.333,3.327,0.015,2.495,0.250,1.996,19.96,0.00,0.035
-93.76188687,42.02061824,10,TaskName 6/11/2025 (GreenStar 4 Monitor),Laudis/Warrant/AgSaver/Tough,84,6/11/2025,0.995,On,1097.8,117.50,-1.875,8.798,12.85,6.051,179.95,19.99,20.01,0,2,125.38,6/11/2025,Good,8.004,0.0022,3.001,0.00081,18.01,2.001,0.017,4.002,0.0011,2.001,0.00054,19.38,0.672,4.002,0.0011,29.35,0.0079,0.333,3.335,0.014,2.501,0.250,2.001,20.01,0.00,0.035
-93.76188665,42.02058271,10,TaskName 6/11/2025 (GreenStar 4 Monitor),Laudis/Warrant/AgSaver/Tough,85,6/11/2025,1.004,On,1097.4,117.50,-1.875,8.790,12.95,5.970,180.20,19.99,20.01,0,2,125.30,6/11/2025,Good,8.004,0.0022,3.002,0.00082,18.01,2.001,0.017,4.002,0.0011,2.001,0.00055,19.38,0.677,4.002,0.0011,29.35,0.0080,0.334,3.335,0.015,2.501,0.250,2.001,20.01,0.00,0.035
-93.76188675,42.02054703,10,TaskName 6/11/2025 (GreenStar 4 Monitor),Laudis/Warrant/AgSaver/Tough,86,6/11/2025,0.995,On,1097.0,117.50,-1.875,8.815,12.87,5.968,179.98,19.99,20.03,0,2,125.60,6/11/2025,Good,8.010,0.0022,3.004,0.00081,18.02,2.003,0.017,4.005,0.0011,2.003,0.00054,19.39,0.673,4.005,0.0011,29.37,0.0080,0.334,3.338,0.014,2.503,0.250,2.003,20.03,0.00,0.035
-93.76188671,42.02051167,10,TaskName 6/11/2025 (GreenStar 4 Monitor),Laudis/Warrant/AgSaver/Tough,87,6/11/2025,1.005,On,1096.8,117.50,-1.875,8.843,13.04,5.878,180.10,19.99,19.98,0,2,126.03,6/11/2025,Good,7.992,0.0022,2.997,0.00082,17.98,1.998,0.018,3.996,0.0011,1.998,0.00055,19.35,0.681,3.996,0.0011,29.30,0.0081,0.333,3.330,0.015,2.497,0.250,1.998,19.98,0.00,0.035
-93.76188644,42.02047644,10,TaskName 6/11/2025 (GreenStar 4 Monitor),Laudis/Warrant/AgSaver/Tough,88,6/11/2025,0.995,On,1096.5,117.50,-1.875,8.741,12.76,6.651,180.35,19.99,20.03,0,2,124.58,6/11/2025,Good,8.014,0.0022,3.005,0.00081,18.03,2.003,0.017,4.007,0.0011,2.003,0.00054,19.40,0.668,4.007,0.0011,29.38,0.0079,0.334,3.339,0.014,2.504,0.250,2.003,20.03,0.00,0.034
-93.76188659,42.02044099,10,TaskName 6/11/2025 (GreenStar 4 Monitor),Laudis/Warrant/AgSaver/Tough,89,6/11/2025,1.006,On,1096.5,117.50,-1.875,8.766,12.94,6.399,179.91,19.99,19.97,0,2,124.89,6/11/2025,Good,7.988,0.0022,2.996,0.00082,17.97,1.997,0.017,3.994,0.0011,1.997,0.00054,19.34,0.675,3.994,0.0011,29.29,0.0080,0.333,3.328,0.015,2.496,0.250,1.997,19.97,0.00,0.035
-93.76188647,42.02040613,10,TaskName 6/11/2025 (GreenStar 4 Monitor),Laudis/Warrant/AgSaver/Tough,90,6/11/2025,0.994,On,1096.3,117.50,-1.875,8.765,12.78,7.092,180.09,19.99,19.98,0,2,124.89,6/11/2025,Good,7.992,0.0022,2.997,0.00081,17.98,1.998,0.017,3.996,0.0011,1.998,0.00054,19.35,0.667,3.996,0.0011,29.30,0.0079,0.333,3.330,0.014,2.498,0.250,1.998,19.98,0.00,0.034
-93.76188614,42.02037067,10,TaskName 6/11/2025 (GreenStar 4 Monitor),Laudis/Warrant/AgSaver/Tough,91,6/11/2025,1.005,On,1096.1,117.50,-1.875,8.746,12.90,6.907,180.32,19.99,19.99,0,2,124.64,6/11/2025,Good,7.996,0.0022,2.999,0.00082,17.99,1.999,0.017,3.998,0.0011,1.999,0.00054,19.36,0.674,3.998,0.0011,29.32,0.0080,0.333,3.332,0.014,2.499,0.250,1.999,19.99,0.00,0.035
-93.76188638,42.02033515,10,TaskName 6/11/2025 (GreenStar 4 Monitor),Laudis/Warrant/AgSaver/Tough,92,6/11/2025,0.995,On,1095.9,117.50,-1.875,8.842,12.91,6.628,180.38,19.99,19.99,0,2,126.02,6/11/2025,Good,7.994,0.0022,2.998,0.00082,17.99,1.999,0.017,3.997,0.0011,1.999,0.00054,19.36,0.674,3.997,0.0011,29.31,0.0080,0.333,3.331,0.015,2.498,0.250,1.999,19.99,0.00,0.035
-93.76188667,42.02029965,10,TaskName 6/11/2025 (GreenStar 4 Monitor),Laudis/Warrant/AgSaver/Tough,93,6/11/2025,1.001,On,1095.8,117.50,-1.875,8.813,12.94,6.865,180.37,19.99,19.99,0,2,125.58,6/11/2025,Good,7.997,0.0022,2.999,0.00082,17.99,1.999,0.017,3.999,0.0011,1.999,0.00055,19.36,0.676,3.999,0.0011,29.32,0.0080,0.333,3.332,0.015,2.499,0.250,1.999,19.99,0.00,0.035
-93.76188664,42.02026424,10,TaskName 6/11/2025 (GreenStar 4 Monitor),Laudis/Warrant/AgSaver/Tough,94,6/11/2025,0.999,On,1095.8,117.50,-1.875,8.792,12.89,6.776,180.54,19.99,19.99,0,2,125.29,6/11/2025,Good,7.996,0.0022,2.998,0.00081,17.99,1.999,0.017,3.998,0.0011,1.999,0.00054,19.36,0.673,3.998,0.0011,29.32,0.0080,0.333,3.332,0.014,2.499,0.250,1.999,19.99,0.00,0.035
-93.76188683,42.02022891,10,TaskName 6/11/2025 (GreenStar 4 Monitor),Laudis/Warrant/AgSaver/Tough,95,6/11/2025,1.000,On,1095.9,117.50,-1.875,8.790,12.90,6.874,180.60,19.99,19.98,0,2,125.26,6/11/2025,Good,7.994,0.0022,2.998,0.00081,17.99,1.998,0.017,3.997,0.0011,1.998,0.00054,19.36,0.673,3.997,0.0011,29.31,0.0080,0.333,3.331,0.014,2.498,0.250,1.998,19.98,0.00,0.035
-93.76188728,42.02019566,10,TaskName 6/11/2025 (GreenStar 4 Monitor),Laudis/Warrant/AgSaver/Tough,96,6/11/2025,1.001,On,1095.8,117.50,-1.875,8.678,12.74,4.217,180.54,19.99,19.96,0,2,123.54,6/11/2025,Good,7.985,0.0021,2.994,0.00080,17.97,1.996,0.017,3.993,0.0011,1.996,0.00054,19.33,0.664,3.993,0.0011,29.28,0.0079,0.333,3.327,0.014,2.495,0.250,1.996,19.96,0.00,0.034
-93.76188757,42.02016656,10,TaskName 6/11/2025 (GreenStar 4 Monitor),Laudis/Warrant/AgSaver/Tough,97,6/11/2025,1.000,On,1096.6,117.50,-1.875,7.780,11.42,5.725,180.70,19.99,20.12,0,2,110.89,6/11/2025,Good,8.049,0.0019,3.018,0.00073,18.11,2.012,0.015,4.025,0.00097,2.012,0.00048,19.49,0.600,4.025,0.00097,29.51,0.0071,0.335,3.354,0.013,2.515,0.252,2.012,20.12,0.00,0.031
-93.76188822,42.02014029,10,TaskName 6/11/2025 (GreenStar 4 Monitor),Laudis/Warrant/AgSaver/Tough,98,6/11/2025,1.000,On,1096.1,117.50,-1.875,6.995,10.26,5.279,180.71,19.99,20.29,0,2,99.61,6/11/2025,Good,8.114,0.0018,3.043,0.00066,18.26,2.029,0.014,4.057,0.00088,2.029,0.00044,19.65,0.544,4.057,0.00088,29.75,0.0064,0.338,3.381,0.012,2.536,0.254,2.029,20.29,0.00,0.028
-93.76188851,42.02011906,10,TaskName 6/11/2025 (GreenStar 4 Monitor),Laudis/Warrant/AgSaver/Tough,99,6/11/2025,1.000,On,1096.1,117.50,-1.875,6.011,8.793,2.694,180.86,19.99,20.13,0,2,85.38,6/11/2025,Good,8.051,0.0015,3.019,0.00056,18.11,2.013,0.012,4.025,0.00075,2.013,0.00037,19.49,0.462,4.025,0.00075,29.52,0.0055,0.335,3.354,0.0099,2.516,0.252,2.013,20.13,0.00,0.024
-93.76188860,42.02011549,10,TaskName 6/11/2025 (GreenStar 4 Monitor),Laudis/Warrant/AgSaver/Tough,100,6/11/2025,0.200,On,1096.1,117.50,-1.875,5.362,1.566,2.569,180.90,19.99,20.18,0,2,76.05,6/11/2025,Good,8.074,0.00027,3.028,9.993e-05,18.17,2.018,0.0021,4.037,0.00013,2.018,6.662e-05,19.55,0.083,4.037,0.00013,29.60,0.00098,0.336,3.364,0.0018,2.523,0.252,2.018,20.18,0.00,0.0042
-93.76196318,42.02027738,10,TaskName 6/11/2025 (GreenStar 4 Monitor),Laudis/Warrant/AgSaver/Tough,101,6/11/2025,1.005,On,1095.9,1.250,60.00,5.555,7.999,9.329,90.48,19.99,21.07,0,3,0.822,6/11/2025,Good,8.428,1.511e-05,3.160,5.667e-06,18.96,2.107,0.00012,4.214,7.557e-06,2.107,3.778e-06,20.41,0.0047,4.214,7.557e-06,30.90,5.541e-05,0.351,3.512,0.00010,2.634,0.263,2.107,21.07,0.00,0.00023
-93.76191925,42.02027711,10,TaskName 6/11/2025 (GreenStar 4 Monitor),Laudis/Warrant/AgSaver/Tough,102,6/11/2025,0.994,On,1095.8,1.250,60.00,7.582,11.02,5.779,91.37,19.99,20.53,0,3,1.145,6/11/2025,Good,8.210,2.028e-05,3.079,7.604e-06,18.47,2.053,0.00016,4.105,1.014e-05,2.053,5.070e-06,19.88,0.0063,4.105,1.014e-05,30.10,7.435e-05,0.342,3.421,0.00014,2.566,0.257,2.053,20.53,0.00,0.00032
-93.76187618,42.02027684,10,TaskName 6/11/2025 (GreenStar 4 Monitor),Laudis/Warrant/AgSaver/Tough,103,6/11/2025,1.000,On,1095.8,1.250,60.00,7.996,11.72,6.519,90.93,19.99,20.32,0,3,1.211,6/11/2025,Good,8.128,2.135e-05,3.048,8.008e-06,18.29,2.032,0.00017,4.064,1.068e-05,2.032,5.338e-06,19.68,0.0066,4.064,1.068e-05,29.80,7.830e-05,0.339,3.386,0.00014,2.540,0.254,2.032,20.32,0.00,0.00034
-93.76183272,42.02027543,10,TaskName 6/11/2025 (GreenStar 4 Monitor),Laudis/Warrant/AgSaver/Tough,104,6/11/2025,1.005,On,1095.8,1.250,60.00,7.973,11.75,7.402,89.21,19.99,20.34,0,3,1.207,6/11/2025,Good,8.137,2.143e-05,3.051,8.035e-06,18.31,2.034,0.00017,4.069,1.071e-05,2.034,5.357e-06,19.70,0.0066,4.069,1.071e-05,29.84,7.856e-05,0.339,3.391,0.00014,2.543,0.254,2.034,20.34,0.00,0.00034
-93.76178842,42.02027597,10,TaskName 6/11/2025 (GreenStar 4 Monitor),Laudis/Warrant/AgSaver/Tough,105,6/11/2025,0.996,On,1095.7,1.250,60.00,8.156,11.90,6.527,89.92,19.99,20.27,0,3,1.235,6/11/2025,Good,8.107,2.163e-05,3.040,8.113e-06,18.24,2.027,0.00017,4.054,1.082e-05,2.027,5.409e-06,19.63,0.0067,4.054,1.082e-05,29.73,7.933e-05,0.338,3.378,0.00014,2.534,0.253,2.027,20.27,0.00,0.00034
-93.76167169,42.02027555,10,TaskName 6/11/2025 (GreenStar 4 Monitor),Laudis/Warrant/AgSaver/Tough,106,6/11/2025,0.200,On,1095.8,30.00,44.37,8.373,2.456,5.832,89.67,19.99,17.21,0,4,30.45,6/11/2025,Good,6.885,9.099e-05,2.582,3.412e-05,15.49,1.721,0.00073,3.442,4.549e-05,1.721,2.275e-05,16.67,0.028,3.442,4.549e-05,25.24,0.00033,0.287,2.869,0.00061,2.152,0.215,1.721,17.21,0.00,0.0017
-93.76162646,42.02027588,10,TaskName 6/11/2025 (GreenStar 4 Monitor),Laudis/Warrant/AgSaver/Tough,107,6/11/2025,1.001,On,1095.8,121.25,0.00,8.383,12.31,6.315,90.16,19.99,19.26,0,4,123.21,6/11/2025,Good,7.705,0.0021,2.889,0.00077,17.34,1.926,0.016,3.853,0.0010,1.926,0.00052,18.66,0.639,3.853,0.0010,28.25,0.0076,0.321,3.210,0.014,2.408,0.241,1.926,19.26,0.00,0.034
-93.76158077,42.02027585,10,TaskName 6/11/2025 (GreenStar 4 Monitor),Laudis/Warrant/AgSaver/Tough,108,6/11/2025,1.000,On,1095.7,121.25,0.00,8.417,12.35,6.624,90.37,19.99,19.39,0,4,123.76,6/11/2025,Good,7.756,0.0021,2.909,0.00078,17.45,1.939,0.017,3.878,0.0010,1.939,0.00052,18.78,0.646,3.878,0.0010,28.44,0.0076,0.323,3.232,0.014,2.424,0.242,1.939,19.39,0.00,0.034
-93.76153464,42.02027521,10,TaskName 6/11/2025 (GreenStar 4 Monitor),Laudis/Warrant/AgSaver/Tough,109,6/11/2025,0.999,On,1095.7,121.25,0.00,8.502,12.46,6.852,89.77,19.99,19.56,0,4,124.97,6/11/2025,Good,7.823,0.0021,2.934,0.00079,17.60,1.956,0.017,3.911,0.0011,1.956,0.00053,18.94,0.657,3.911,0.0011,28.68,0.0078,0.326,3.260,0.014,2.445,0.244,1.956,19.56,0.00,0.035
-93.76148784,42.02027504,10,TaskName 6/11/2025 (GreenStar 4 Monitor),Laudis/Warrant/AgSaver/Tough,110,6/11/2025,1.000,On,1095.7,121.25,0.00,8.585,12.60,6.697,89.22,19.99,19.66,0,4,126.22,6/11/2025,Good,7.865,0.0022,2.949,0.00081,17.70,1.966,0.017,3.932,0.0011,1.966,0.00054,19.04,0.668,3.932,0.0011,28.84,0.0079,0.328,3.277,0.014,2.458,0.246,1.966,19.66,0.00,0.035
-93.76144089,42.02027553,10,TaskName 6/11/2025 (GreenStar 4 Monitor),Laudis/Warrant/AgSaver/Tough,111,6/11/2025,1.000,On,1095.7,121.25,0.00,8.686,12.74,6.873,89.50,19.99,19.77,0,4,127.70,6/11/2025,Good,7.909,0.0022,2.966,0.00082,17.79,1.977,0.018,3.954,0.0011,1.977,0.00055,19.15,0.679,3.954,0.0011,29.00,0.0080,0.330,3.295,0.015,2.471,0.247,1.977,19.77,0.00,0.035
-93.76139382,42.02027617,10,TaskName 6/11/2025 (GreenStar 4 Monitor),Laudis/Warrant/AgSaver/Tough,112,6/11/2025,1.000,On,1095.7,121.25,0.00,8.712,12.78,6.850,90.37,19.99,19.82,0,4,128.03,6/11/2025,Good,7.929,0.0022,2.973,0.00083,17.84,1.982,0.018,3.965,0.0011,1.982,0.00055,19.20,0.683,3.965,0.0011,29.07,0.0081,0.330,3.304,0.015,2.478,0.248,1.982,19.82,0.00,0.036
-93.76134641,42.02027592,10,TaskName 6/11/2025 (GreenStar 4 Monitor),Laudis/Warrant/AgSaver/Tough,113,6/11/2025,1.001,On,1095.6,121.25,0.00,8.737,12.82,6.989,90.37,19.99,19.83,0,4,128.30,6/11/2025,Good,7.931,0.0022,2.974,0.00083,17.84,1.983,0.018,3.965,0.0011,1.983,0.00055,19.20,0.685,3.965,0.0011,29.08,0.0081,0.330,3.305,0.015,2.478,0.248,1.983,19.83,0.00,0.036
-93.76129865,42.02027529,10,TaskName 6/11/2025 (GreenStar 4 Monitor),Laudis/Warrant/AgSaver/Tough,114,6/11/2025,0.999,On,1095.6,121.25,0.00,8.831,12.95,6.464,89.18,19.99,19.87,0,4,129.94,6/11/2025,Good,7.950,0.0022,2.981,0.00084,17.89,1.987,0.018,3.975,0.0011,1.987,0.00056,19.25,0.694,3.975,0.0011,29.15,0.0082,0.331,3.312,0.015,2.484,0.248,1.987,19.87,0.00,0.036
-93.76125104,42.02027557,10,TaskName 6/11/2025 (GreenStar 4 Monitor),Laudis/Warrant/AgSaver/Tough,115,6/11/2025,1.000,On,1095.6,121.25,0.00,8.820,12.94,6.497,89.42,19.99,19.96,0,4,129.64,6/11/2025,Good,7.983,0.0022,2.994,0.00084,17.96,1.996,0.018,3.991,0.0011,1.996,0.00056,19.33,0.696,3.991,0.0011,29.27,0.0082,0.333,3.326,0.015,2.495,0.249,1.996,19.96,0.00,0.036
-93.76120359,42.02027612,10,TaskName 6/11/2025 (GreenStar 4 Monitor),Laudis/Warrant/AgSaver/Tough,116,6/11/2025,1.000,On,1095.6,121.25,0.00,8.788,12.89,6.801,89.94,19.99,19.94,0,4,129.21,6/11/2025,Good,7.975,0.0022,2.991,0.00084,17.94,1.994,0.018,3.988,0.0011,1.994,0.00056,19.31,0.693,3.988,0.0011,29.24,0.0082,0.332,3.323,0.015,2.492,0.249,1.994,19.94,0.00,0.036
-93.76115650,42.02027606,10,TaskName 6/11/2025 (GreenStar 4 Monitor),Laudis/Warrant/AgSaver/Tough,117,6/11/2025,1.000,On,1095.6,121.25,0.00,8.753,12.84,7.110,89.80,19.99,19.98,0,4,128.69,6/11/2025,Good,7.992,0.0022,2.997,0.00084,17.98,1.998,0.018,3.996,0.0011,1.998,0.00056,19.35,0.692,3.996,0.0011,29.31,0.0082,0.333,3.330,0.015,2.498,0.250,1.998,19.98,0.00,0.036
-93.76110859,42.02027616,10,TaskName 6/11/2025 (GreenStar 4 Monitor),Laudis/Warrant/AgSaver/Tough,118,6/11/2025,0.996,On,1095.6,121.25,0.00,8.836,12.90,6.639,89.68,19.99,19.90,0,4,129.77,6/11/2025,Good,7.960,0.0022,2.985,0.00084,17.91,1.990,0.018,3.980,0.0011,1.990,0.00056,19.27,0.692,3.980,0.0011,29.19,0.0082,0.332,3.317,0.015,2.487,0.249,1.990,19.90,0.00,0.036
-93.76106132,42.02027648,10,TaskName 6/11/2025 (GreenStar 4 Monitor),Laudis/Warrant/AgSaver/Tough,119,6/11/2025,1.004,On,1095.6,121.25,0.00,8.780,12.94,6.992,90.09,19.99,19.97,0,4,129.19,6/11/2025,Good,7.987,0.0022,2.995,0.00084,17.97,1.997,0.018,3.994,0.0011,1.997,0.00056,19.34,0.697,3.994,0.0011,29.29,0.0082,0.333,3.328,0.015,2.496,0.250,1.997,19.97,0.00,0.036
-93.76101380,42.02027686,10,TaskName 6/11/2025 (GreenStar 4 Monitor),Laudis/Warrant/AgSaver/Tough,120,6/11/2025,1.000,On,1095.7,121.25,0.00,8.788,12.89,7.007,90.85,19.99,19.96,0,4,129.21,6/11/2025,Good,7.982,0.0022,2.993,0.00084,17.96,1.996,0.018,3.991,0.0011,1.996,0.00056,19.33,0.694,3.991,0.0011,29.27,0.0082,0.333,3.326,0.015,2.494,0.249,1.996,19.96,0.00,0.036
-93.76096659,42.02027630,10,TaskName 6/11/2025 (GreenStar 4 Monitor),Laudis/Warrant/AgSaver/Tough,121,6/11/2025,0.996,On,1095.8,121.25,0.00,8.787,12.84,7.774,90.30,19.99,19.96,0,4,129.17,6/11/2025,Good,7.986,0.0022,2.995,0.00084,17.97,1.996,0.018,3.993,0.0011,1.996,0.00056,19.34,0.691,3.993,0.0011,29.28,0.0082,0.333,3.327,0.015,2.496,0.250,1.996,19.96,0.00,0.036
-93.76091924,42.02027574,10,TaskName 6/11/2025 (GreenStar 4 Monitor),Laudis/Warrant/AgSaver/Tough,122,6/11/2025,1.004,On,1096.0,121.25,0.00,8.758,12.90,7.394,89.78,19.99,19.95,0,4,128.76,6/11/2025,Good,7.981,0.0022,2.993,0.00084,17.96,1.995,0.018,3.991,0.0011,1.995,0.00056,19.32,0.694,3.991,0.0011,29.26,0.0082,0.333,3.325,0.015,2.494,0.249,1.995,19.95,0.00,0.036
-93.76087162,42.02027607,10,TaskName 6/11/2025 (GreenStar 4 Monitor),Laudis/Warrant/AgSaver/Tough,123,6/11/2025,0.996,On,1096.1,121.25,0.00,8.804,12.87,6.995,90.51,19.99,19.96,0,4,129.44,6/11/2025,Good,7.982,0.0022,2.993,0.00084,17.96,1.996,0.018,3.991,0.0011,1.996,0.00056,19.33,0.692,3.991,0.0011,29.27,0.0082,0.333,3.326,0.015,2.494,0.249,1.996,19.96,0.00,0.036
-93.76082469,42.02027600,10,TaskName 6/11/2025 (GreenStar 4 Monitor),Laudis/Warrant/AgSaver/Tough,124,6/11/2025,1.005,On,1096.3,121.25,0.00,8.743,12.89,7.456,90.57,19.99,20.03,0,4,128.54,6/11/2025,Good,8.011,0.0022,3.004,0.00084,18.03,2.003,0.018,4.006,0.0011,2.003,0.00056,19.40,0.696,4.006,0.0011,29.37,0.0082,0.334,3.338,0.015,2.504,0.250,2.003,20.03,0.00,0.036
-93.76077699,42.02027565,10,TaskName 6/11/2025 (GreenStar 4 Monitor),Laudis/Warrant/AgSaver/Tough,125,6/11/2025,1.000,On,1096.5,121.25,0.00,8.775,12.86,6.907,89.98,19.99,19.97,0,4,128.85,6/11/2025,Good,7.987,0.0022,2.995,0.00084,17.97,1.997,0.018,3.994,0.0011,1.997,0.00056,19.34,0.692,3.994,0.0011,29.29,0.0082,0.333,3.328,0.015,2.496,0.250,1.997,19.97,0.00,0.036
-93.76072985,42.02027608,10,TaskName 6/11/2025 (GreenStar 4 Monitor),Laudis/Warrant/AgSaver/Tough,126,6/11/2025,0.995,On,1096.7,121.25,0.00,8.785,12.82,7.342,90.88,19.99,19.98,0,4,129.14,6/11/2025,Good,7.993,0.0022,2.997,0.00084,17.98,1.998,0.018,3.997,0.0011,1.998,0.00056,19.35,0.691,3.997,0.0011,29.31,0.0082,0.333,3.330,0.015,2.498,0.250,1.998,19.98,0.00,0.036
-93.76068208,42.02027607,10,TaskName 6/11/2025 (GreenStar 4 Monitor),Laudis/Warrant/AgSaver/Tough,127,6/11/2025,1.000,On,1096.8,121.25,0.00,8.806,12.93,6.579,91.18,19.99,19.97,0,4,129.61,6/11/2025,Good,7.989,0.0022,2.996,0.00084,17.97,1.997,0.018,3.994,0.0011,1.997,0.00056,19.34,0.696,3.994,0.0011,29.29,0.0082,0.333,3.329,0.015,2.496,0.250,1.997,19.97,0.00,0.036
-93.76063480,42.02027498,10,TaskName 6/11/2025 (GreenStar 4 Monitor),Laudis/Warrant/AgSaver/Tough,128,6/11/2025,0.999,On,1096.9,121.25,0.00,8.819,12.92,6.887,89.63,19.99,19.97,0,4,129.64,6/11/2025,Good,7.987,0.0022,2.995,0.00084,17.97,1.997,0.018,3.994,0.0011,1.997,0.00056,19.34,0.696,3.994,0.0011,29.29,0.0082,0.333,3.328,0.015,2.496,0.250,1.997,19.97,0.00,0.036
-93.76058719,42.02027503,10,TaskName 6/11/2025 (GreenStar 4 Monitor),Laudis/Warrant/AgSaver/Tough,129,6/11/2025,1.006,On,1097.0,121.25,0.00,8.756,12.92,6.805,89.90,19.99,19.85,0,4,128.70,6/11/2025,Good,7.939,0.0022,2.977,0.00084,17.86,1.985,0.018,3.970,0.0011,1.985,0.00056,19.22,0.691,3.970,0.0011,29.11,0.0082,0.331,3.308,0.015,2.481,0.248,1.985,19.85,0.00,0.036
-93.76053962,42.02027547,10,TaskName 6/11/2025 (GreenStar 4 Monitor),Laudis/Warrant/AgSaver/Tough,130,6/11/2025,0.995,On,1097.0,121.25,0.00,8.840,12.89,6.380,90.51,19.99,19.86,0,4,129.86,6/11/2025,Good,7.943,0.0022,2.979,0.00084,17.87,1.986,0.018,3.971,0.0011,1.986,0.00056,19.23,0.690,3.971,0.0011,29.12,0.0082,0.331,3.310,0.015,2.482,0.248,1.986,19.86,0.00,0.036
-93.76049178,42.02027515,10,TaskName 6/11/2025 (GreenStar 4 Monitor),Laudis/Warrant/AgSaver/Tough,131,6/11/2025,1.005,On,1096.9,121.25,0.00,8.833,13.04,6.131,90.12,19.99,19.97,0,4,130.04,6/11/2025,Good,7.988,0.0023,2.996,0.00085,17.97,1.997,0.018,3.994,0.0011,1.997,0.00057,19.34,0.702,3.994,0.0011,29.29,0.0083,0.333,3.328,0.015,2.496,0.250,1.997,19.97,0.00,0.036
-93.76044391,42.02027522,10,TaskName 6/11/2025 (GreenStar 4 Monitor),Laudis/Warrant/AgSaver/Tough,132,6/11/2025,0.994,On,1096.7,121.25,0.00,8.843,12.90,5.744,90.32,19.99,20.00,0,4,130.03,6/11/2025,Good,8.001,0.0022,3.000,0.00084,18.00,2.000,0.018,4.000,0.0011,2.000,0.00056,19.37,0.696,4.000,0.0011,29.34,0.0082,0.333,3.334,0.015,2.500,0.250,2.000,20.00,0.00,0.036
-93.76039604,42.02027513,10,TaskName 6/11/2025 (GreenStar 4 Monitor),Laudis/Warrant/AgSaver/Tough,133,6/11/2025,1.001,On,1096.4,121.25,0.00,8.890,13.06,5.327,90.52,19.99,19.81,0,4,130.73,6/11/2025,Good,7.923,0.0022,2.971,0.00084,17.83,1.981,0.018,3.962,0.0011,1.981,0.00056,19.18,0.697,3.962,0.0011,29.05,0.0082,0.330,3.301,0.015,2.476,0.248,1.981,19.81,0.00,0.036
-93.76034780,42.02027489,10,TaskName 6/11/2025 (GreenStar 4 Monitor),Laudis/Warrant/AgSaver/Tough,134,6/11/2025,1.000,On,1096.1,121.25,0.00,8.899,13.06,4.998,90.13,19.99,20.00,0,4,130.82,6/11/2025,Good,8.001,0.0023,3.000,0.00085,18.00,2.000,0.018,4.000,0.0011,2.000,0.00057,19.37,0.704,4.000,0.0011,29.34,0.0083,0.333,3.334,0.015,2.500,0.250,2.000,20.00,0.00,0.036
-93.76030031,42.02027458,10,TaskName 6/11/2025 (GreenStar 4 Monitor),Laudis/Warrant/AgSaver/Tough,135,6/11/2025,0.999,On,1095.8,121.25,0.00,8.861,12.99,4.910,89.58,19.99,19.96,0,4,130.26,6/11/2025,Good,7.985,0.0023,2.994,0.00085,17.97,1.996,0.018,3.993,0.0011,1.996,0.00056,19.33,0.699,3.993,0.0011,29.28,0.0083,0.333,3.327,0.015,2.495,0.250,1.996,19.96,0.00,0.036
-93.76025274,42.02027466,10,TaskName 6/11/2025 (GreenStar 4 Monitor),Laudis/Warrant/AgSaver/Tough,136,6/11/2025,1.001,On,1095.5,121.25,0.00,8.808,12.94,5.151,88.77,19.99,17.54,0,4,129.51,6/11/2025,Good,7.016,0.0020,2.631,0.00074,15.79,1.754,0.016,3.508,0.00099,1.754,0.00049,16.99,0.612,3.508,0.00099,25.73,0.0072,0.292,2.923,0.013,2.193,0.219,1.754,17.54,0.00,0.036
-93.76020731,42.02027510,10,TaskName 6/11/2025 (GreenStar 4 Monitor),Laudis/Warrant/AgSaver/Tough,137,6/11/2025,1.005,On,1095.3,121.25,0.00,8.673,12.78,4.632,88.43,19.99,11.08,0,4,127.46,6/11/2025,Under Target,4.434,0.0012,1.663,0.00046,9.976,1.108,0.0099,2.217,0.00062,1.108,0.00031,10.74,0.382,2.217,0.00062,16.26,0.0045,0.185,1.847,0.0082,1.386,0.139,1.108,11.08,0.00,0.036
-93.76016420,42.02027647,10,TaskName 6/11/2025 (GreenStar 4 Monitor),Laudis/Warrant/AgSaver/Tough,138,6/11/2025,0.995,On,1095.2,121.25,0.00,8.284,12.09,6.025,89.57,19.99,9.134,0,4,121.73,6/11/2025,Under Target,3.654,0.00096,1.370,0.00036,8.221,0.913,0.0077,1.827,0.00048,0.913,0.00024,8.847,0.298,1.827,0.00048,13.40,0.0035,0.152,1.522,0.0064,1.142,0.114,0.913,9.134,0.00,0.034
-93.76012385,42.02027692,10,TaskName 6/11/2025 (GreenStar 4 Monitor),Laudis/Warrant/AgSaver/Tough,139,6/11/2025,1.005,On,1095.2,121.25,0.00,7.755,11.42,6.132,90.04,19.99,11.13,0,4,113.92,6/11/2025,Under Target,4.451,0.0011,1.669,0.00041,10.01,1.113,0.0088,2.225,0.00055,1.113,0.00028,10.78,0.343,2.225,0.00055,16.32,0.0041,0.185,1.854,0.0074,1.391,0.139,1.113,11.13,0.00,0.032
-93.76008455,42.02027694,10,TaskName 6/11/2025 (GreenStar 4 Monitor),Laudis/Warrant/AgSaver/Tough,140,6/11/2025,1.000,On,1095.3,121.25,0.00,7.417,10.87,6.904,89.86,19.99,16.31,0,4,108.90,6/11/2025,Under Target,6.526,0.0015,2.447,0.00058,14.68,1.631,0.012,3.263,0.00077,1.631,0.00039,15.80,0.478,3.263,0.00077,23.93,0.0057,0.272,2.719,0.010,2.039,0.204,1.631,16.31,0.00,0.030
-93.76004774,42.02027692,10,TaskName 6/11/2025 (GreenStar 4 Monitor),Laudis/Warrant/AgSaver/Tough,141,6/11/2025,1.000,On,1095.4,121.25,0.00,7.173,10.53,4.218,89.54,19.99,12.75,0,4,105.48,6/11/2025,Under Target,5.099,0.0012,1.912,0.00044,11.47,1.275,0.0093,2.549,0.00058,1.275,0.00029,12.35,0.362,2.549,0.00058,18.70,0.0043,0.212,2.125,0.0078,1.593,0.159,1.275,12.75,0.00,0.029
-93.76002137,42.02027715,10,TaskName 6/11/2025 (GreenStar 4 Monitor),Laudis/Warrant/AgSaver/Tough,142,6/11/2025,0.999,On,1094.6,121.25,0.00,6.099,8.876,3.173,89.28,19.99,9.979,0,4,89.03,6/11/2025,Under Target,3.992,0.00077,1.497,0.00029,8.981,0.998,0.0062,1.996,0.00039,0.998,0.00019,9.664,0.239,1.996,0.00039,14.64,0.0028,0.166,1.663,0.0051,1.247,0.125,0.998,9.979,0.00,0.025
-93.76000713,42.02027703,10,TaskName 6/11/2025 (GreenStar 4 Monitor),Laudis/Warrant/AgSaver/Tough,143,6/11/2025,1.001,On,1094.3,121.25,0.00,3.755,4.886,4.035,88.97,19.99,9.165,0,4,48.91,6/11/2025,Under Target,3.666,0.00039,1.375,0.00015,8.248,0.916,0.0031,1.833,0.00019,0.916,9.738e-05,8.876,0.121,1.833,0.00019,13.44,0.0014,0.153,1.527,0.0026,1.146,0.115,0.916,9.165,0.00,0.014
-93.75999735,42.02027708,10,TaskName 6/11/2025 (GreenStar 4 Monitor),Laudis/Warrant/AgSaver/Tough,144,6/11/2025,0.999,On,1094.3,121.25,0.00,1.802,2.642,4.838,88.78,19.99,9.065,0,4,26.50,6/11/2025,Under Target,3.626,0.00021,1.360,7.812e-05,8.158,0.906,0.0017,1.813,0.00010,0.906,5.208e-05,8.779,0.065,1.813,0.00010,13.29,0.00076,0.151,1.511,0.0014,1.133,0.113,0.906,9.065,0.00,0.0074
-93.75999187,42.02027727,10,TaskName 6/11/2025 (GreenStar 4 Monitor),Laudis/Warrant/AgSaver/Tough,145,6/11/2025,0.796,On,1094.1,121.25,0.00,1.395,1.578,5.462,88.89,19.99,10.66,0,4,19.86,6/11/2025,Under Target,4.264,0.00015,1.599,5.485e-05,9.593,1.066,0.0012,2.132,7.314e-05,1.066,3.657e-05,10.32,0.045,2.132,7.314e-05,15.63,0.00054,0.178,1.777,0.00098,1.332,0.133,1.066,10.66,0.00,0.0044
-93.76209794,42.02160093,10,TaskName 5/13/2025 (GreenStar 4 Monitor),smackdown/callisto/agsaver/atrazine,1,5/13/2025,0.194,On,1099.6,65.00,-20.62,1.953,0.558,4.121,90.42,15.00,16.35,0,1,15.44,5/13/2025,Good,6.538,4.251e-05,2.452,1.594e-05,14.71,1.635,0.00034,3.269,2.126e-05,1.635,1.063e-05,15.83,0.013,3.269,2.126e-05,23.97,0.00016,0.272,2.724,0.00028,2.043,0.204,1.635,16.35,0.00,0.00083
-93.76209426,42.02160109,10,TaskName 5/13/2025 (GreenStar 4 Monitor),smackdown/callisto/agsaver/atrazine,2,5/13/2025,0.206,On,1099.5,115.00,3.125,2.322,0.699,4.398,90.73,15.00,14.67,0,1,32.24,5/13/2025,Good,5.867,8.456e-05,2.200,3.171e-05,13.20,1.467,0.00068,2.934,4.228e-05,1.467,2.114e-05,14.21,0.026,2.934,4.228e-05,21.51,0.00031,0.244,2.445,0.00056,1.833,0.183,1.467,14.67,0.00,0.0018
-93.76209040,42.02160113,10,TaskName 5/13/2025 (GreenStar 4 Monitor),smackdown/callisto/agsaver/atrazine,3,5/13/2025,0.195,On,1099.5,116.25,2.500,2.651,0.751,4.980,90.86,15.00,15.06,0,1,37.02,5/13/2025,Good,6.025,9.438e-05,2.259,3.539e-05,13.56,1.506,0.00076,3.013,4.719e-05,1.506,2.360e-05,14.59,0.029,3.013,4.719e-05,22.09,0.00035,0.251,2.511,0.00063,1.883,0.188,1.506,15.06,0.00,0.0020
-93.76208598,42.02160109,10,TaskName 5/13/2025 (GreenStar 4 Monitor),smackdown/callisto/agsaver/atrazine,4,5/13/2025,0.200,On,1099.5,117.50,1.875,2.937,0.860,5.997,90.90,15.00,19.16,0,1,41.74,5/13/2025,Over Target,7.663,0.00014,2.874,5.205e-05,17.24,1.916,0.0011,3.832,6.941e-05,1.916,3.470e-05,18.55,0.043,3.832,6.941e-05,28.10,0.00051,0.319,3.193,0.00093,2.395,0.239,1.916,19.16,0.00,0.0023
-93.76207661,42.02160154,10,TaskName 5/13/2025 (GreenStar 4 Monitor),smackdown/callisto/agsaver/atrazine,5,5/13/2025,0.404,On,1099.4,118.75,1.250,3.410,2.018,6.452,91.82,15.00,15.66,0,1,49.01,5/13/2025,Good,6.263,0.00027,2.348,0.00010,14.09,1.566,0.0022,3.131,0.00013,1.566,6.728e-05,15.16,0.083,3.131,0.00013,22.96,0.00099,0.261,2.609,0.0018,1.957,0.196,1.566,15.66,0.00,0.0055
-93.76207194,42.02160155,10,TaskName 5/13/2025 (GreenStar 4 Monitor),smackdown/callisto/agsaver/atrazine,6,5/13/2025,0.200,On,1099.4,120.00,0.625,3.825,1.122,6.994,91.95,15.00,15.24,0,1,55.64,5/13/2025,Good,6.098,0.00015,2.287,5.522e-05,13.72,1.524,0.0012,3.049,7.363e-05,1.524,3.681e-05,14.76,0.046,3.049,7.363e-05,22.36,0.00054,0.254,2.541,0.00098,1.906,0.191,1.524,15.24,0.00,0.0031
-93.76204483,42.02160093,10,TaskName 5/13/2025 (GreenStar 4 Monitor),smackdown/callisto/agsaver/atrazine,7,5/13/2025,1.001,On,1099.4,121.25,0.00,4.504,6.568,5.140,92.77,15.00,15.48,0,1,65.75,5/13/2025,Good,6.193,0.00088,2.322,0.00033,13.93,1.548,0.0071,3.096,0.00044,1.548,0.00022,14.99,0.274,3.096,0.00044,22.71,0.0032,0.258,2.580,0.0059,1.935,0.194,1.548,15.48,0.00,0.018
-93.76202251,42.02160070,10,TaskName 5/13/2025 (GreenStar 4 Monitor),smackdown/callisto/agsaver/atrazine,8,5/13/2025,0.995,On,1099.4,121.25,0.00,4.759,6.919,2.484,94.02,15.00,15.10,0,1,69.68,5/13/2025,Good,6.041,0.00091,2.265,0.00034,13.59,1.510,0.0073,3.021,0.00045,1.510,0.00023,14.63,0.282,3.021,0.00045,22.15,0.0033,0.252,2.517,0.0061,1.888,0.189,1.510,15.10,0.00,0.019
-93.76201292,42.02160059,10,TaskName 5/13/2025 (GreenStar 4 Monitor),smackdown/callisto/agsaver/atrazine,9,5/13/2025,0.799,On,1099.5,121.25,0.00,2.926,3.095,2.761,94.79,15.00,15.58,0,1,38.82,5/13/2025,Good,6.231,0.00042,2.337,0.00016,14.02,1.558,0.0034,3.115,0.00021,1.558,0.00010,15.09,0.130,3.115,0.00021,22.85,0.0015,0.260,2.596,0.0028,1.947,0.195,1.558,15.58,0.00,0.0086
-93.76203543,42.02160075,10,TaskName 5/13/2025 (GreenStar 4 Monitor),smackdown/callisto/agsaver/atrazine,10,5/13/2025,0.200,On,1099.5,37.50,41.87,5.024,1.474,5.270,90.23,15.00,15.53,0,2,22.84,5/13/2025,Good,6.213,6.159e-05,2.330,2.310e-05,13.98,1.553,0.00049,3.107,3.080e-05,1.553,1.540e-05,15.04,0.019,3.107,3.080e-05,22.78,0.00023,0.259,2.589,0.00041,1.942,0.194,1.553,15.53,0.00,0.0013
-93.76202888,42.02160074,10,TaskName 5/13/2025 (GreenStar 4 Monitor),smackdown/callisto/agsaver/atrazine,11,5/13/2025,0.200,On,1099.4,56.25,32.50,5.373,1.582,4.465,90.23,15.00,14.18,0,2,36.78,5/13/2025,Good,5.670,9.051e-05,2.126,3.394e-05,12.76,1.418,0.00072,2.835,4.525e-05,1.418,2.263e-05,13.73,0.028,2.835,4.525e-05,20.79,0.00033,0.236,2.363,0.00060,1.772,0.177,1.418,14.18,0.00,0.0020
-93.76202222,42.02160070,10,TaskName 5/13/2025 (GreenStar 4 Monitor),smackdown/callisto/agsaver/atrazine,12,5/13/2025,0.199,On,1099.5,72.50,24.37,5.637,1.645,4.544,90.15,15.00,14.76,0,2,49.52,5/13/2025,Good,5.906,0.00013,2.215,4.736e-05,13.29,1.476,0.0010,2.953,6.314e-05,1.476,3.157e-05,14.30,0.039,2.953,6.314e-05,21.65,0.00046,0.246,2.461,0.00084,1.845,0.185,1.476,14.76,0.00,0.0027
-93.76201569,42.02160050,10,TaskName 5/13/2025 (GreenStar 4 Monitor),smackdown/callisto/agsaver/atrazine,13,5/13/2025,0.201,On,1099.5,88.75,16.25,5.841,1.713,5.297,89.94,15.00,15.07,0,2,62.52,5/13/2025,Good,6.030,0.00016,2.261,6.167e-05,13.57,1.507,0.0013,3.015,8.222e-05,1.507,4.111e-05,14.60,0.051,3.015,8.222e-05,22.11,0.00060,0.251,2.512,0.0011,1.884,0.188,1.507,15.07,0.00,0.0035
-93.76200953,42.02160040,10,TaskName 5/13/2025 (GreenStar 4 Monitor),smackdown/callisto/agsaver/atrazine,14,5/13/2025,0.200,On,1099.5,106.25,7.500,5.946,1.753,6.717,89.74,15.00,14.55,0,2,76.96,5/13/2025,Good,5.820,0.00019,2.183,7.290e-05,13.10,1.455,0.0016,2.910,9.720e-05,1.455,4.860e-05,14.09,0.060,2.910,9.720e-05,21.34,0.00071,0.243,2.425,0.0013,1.819,0.182,1.455,14.55,0.00,0.0043
-93.76197373,42.02159998,10,TaskName 5/13/2025 (GreenStar 4 Monitor),smackdown/callisto/agsaver/atrazine,15,5/13/2025,0.999,On,1099.7,121.25,0.00,6.093,8.915,10.39,89.03,15.00,14.98,0,2,89.42,5/13/2025,Good,5.993,0.0012,2.247,0.00044,13.48,1.498,0.0093,2.996,0.00058,1.498,0.00029,14.51,0.360,2.996,0.00058,21.97,0.0043,0.250,2.497,0.0077,1.873,0.187,1.498,14.98,0.00,0.025
-93.76193265,42.02160046,10,TaskName 5/13/2025 (GreenStar 4 Monitor),smackdown/callisto/agsaver/atrazine,16,5/13/2025,1.000,On,1099.7,121.25,0.00,7.193,10.53,6.277,89.63,15.00,14.89,0,2,105.54,5/13/2025,Good,5.958,0.0014,2.234,0.00051,13.41,1.489,0.011,2.979,0.00068,1.489,0.00034,14.43,0.423,2.979,0.00068,21.85,0.0050,0.248,2.482,0.0091,1.862,0.186,1.489,14.89,0.00,0.029
-93.76188922,42.02160098,10,TaskName 5/13/2025 (GreenStar 4 Monitor),smackdown/callisto/agsaver/atrazine,17,5/13/2025,1.000,On,1099.8,121.25,0.00,7.730,11.33,10.57,90.61,15.00,14.83,0,2,113.56,5/13/2025,Good,5.932,0.0015,2.224,0.00055,13.35,1.483,0.012,2.966,0.00073,1.483,0.00037,14.36,0.453,2.966,0.00073,21.75,0.0054,0.247,2.472,0.0097,1.854,0.185,1.483,14.83,0.00,0.032
-93.76183735,42.02160059,10,TaskName 5/13/2025 (GreenStar 4 Monitor),smackdown/callisto/agsaver/atrazine,18,5/13/2025,1.000,On,1099.8,121.25,0.00,8.811,12.88,9.333,90.54,15.00,14.82,0,2,129.08,5/13/2025,Good,5.927,0.0017,2.223,0.00062,13.34,1.482,0.013,2.964,0.00083,1.482,0.00042,14.35,0.515,2.964,0.00083,21.73,0.0061,0.247,2.470,0.011,1.852,0.185,1.482,14.82,0.00,0.036
-93.76178427,42.02160018,10,TaskName 5/13/2025 (GreenStar 4 Monitor),smackdown/callisto/agsaver/atrazine,19,5/13/2025,0.996,On,1099.8,121.25,0.00,9.795,14.31,6.405,89.78,15.00,14.62,0,2,143.92,5/13/2025,Good,5.850,0.0018,2.194,0.00068,13.16,1.462,0.015,2.925,0.00091,1.462,0.00045,14.16,0.564,2.925,0.00091,21.45,0.0067,0.244,2.437,0.012,1.828,0.183,1.462,14.62,0.00,0.040
-93.76173159,42.02159997,10,TaskName 5/13/2025 (GreenStar 4 Monitor),smackdown/callisto/agsaver/atrazine,20,5/13/2025,1.004,On,1099.8,121.25,0.00,9.758,14.36,7.388,89.04,15.00,14.85,0,2,143.37,5/13/2025,Good,5.938,0.0019,2.227,0.00070,13.36,1.485,0.015,2.969,0.00093,1.485,0.00046,14.38,0.575,2.969,0.00093,21.77,0.0068,0.247,2.474,0.012,1.856,0.186,1.485,14.85,0.00,0.040
-93.76167810,42.02160082,10,TaskName 5/13/2025 (GreenStar 4 Monitor),smackdown/callisto/agsaver/atrazine,21,5/13/2025,0.995,On,1099.9,121.25,0.00,9.803,14.31,7.347,89.75,15.00,14.89,0,2,144.07,5/13/2025,Good,5.955,0.0019,2.233,0.00069,13.40,1.489,0.015,2.978,0.00093,1.489,0.00046,14.42,0.574,2.978,0.00093,21.84,0.0068,0.248,2.481,0.012,1.861,0.186,1.489,14.89,0.00,0.040
-93.76162415,42.02160155,10,TaskName 5/13/2025 (GreenStar 4 Monitor),smackdown/callisto/agsaver/atrazine,22,5/13/2025,1.000,On,1099.9,121.25,0.00,9.982,14.63,6.519,90.61,15.00,14.93,0,2,146.64,5/13/2025,Good,5.970,0.0019,2.239,0.00071,13.43,1.493,0.015,2.985,0.00095,1.493,0.00047,14.46,0.589,2.985,0.00095,21.89,0.0070,0.249,2.488,0.013,1.866,0.187,1.493,14.93,0.00,0.041
-93.76156997,42.02160151,10,TaskName 5/13/2025 (GreenStar 4 Monitor),smackdown/callisto/agsaver/atrazine,23,5/13/2025,1.000,On,1100.0,121.25,0.00,10.01,14.68,6.090,90.69,15.00,14.96,0,2,147.13,5/13/2025,Good,5.986,0.0019,2.245,0.00072,13.47,1.496,0.015,2.993,0.00096,1.496,0.00048,14.49,0.592,2.993,0.00096,21.95,0.0070,0.249,2.494,0.013,1.871,0.187,1.496,14.96,0.00,0.041
-93.76151598,42.02160125,10,TaskName 5/13/2025 (GreenStar 4 Monitor),smackdown/callisto/agsaver/atrazine,24,5/13/2025,1.000,On,1100.1,121.25,0.00,10.02,14.70,6.362,90.58,15.00,14.97,0,2,147.26,5/13/2025,Good,5.989,0.0019,2.246,0.00072,13.48,1.497,0.015,2.995,0.00096,1.497,0.00048,14.50,0.593,2.995,0.00096,21.96,0.0070,0.250,2.496,0.013,1.872,0.187,1.497,14.97,0.00,0.041
-93.76146192,42.02160105,10,TaskName 5/13/2025 (GreenStar 4 Monitor),smackdown/callisto/agsaver/atrazine,25,5/13/2025,1.006,On,1100.2,121.25,0.00,10.01,14.75,6.485,90.68,15.00,15.01,0,2,146.94,5/13/2025,Good,6.002,0.0019,2.251,0.00072,13.51,1.501,0.015,3.001,0.00096,1.501,0.00048,14.53,0.597,3.001,0.00096,22.01,0.0071,0.250,2.501,0.013,1.876,0.188,1.501,15.01,0.00,0.041
-93.76140797,42.02160058,10,TaskName 5/13/2025 (GreenStar 4 Monitor),smackdown/callisto/agsaver/atrazine,26,5/13/2025,0.994,On,1100.3,121.25,0.00,9.996,14.58,6.794,90.53,15.00,14.96,0,2,147.02,5/13/2025,Good,5.985,0.0019,2.244,0.00071,13.47,1.496,0.015,2.992,0.00095,1.496,0.00047,14.49,0.588,2.992,0.00095,21.94,0.0070,0.249,2.494,0.013,1.870,0.187,1.496,14.96,0.00,0.041
-93.76135401,42.02160004,10,TaskName 5/13/2025 (GreenStar 4 Monitor),smackdown/callisto/agsaver/atrazine,27,5/13/2025,1.000,On,1100.4,121.25,0.00,10.02,14.69,6.858,90.07,15.00,14.96,0,2,147.16,5/13/2025,Good,5.984,0.0019,2.244,0.00072,13.46,1.496,0.015,2.992,0.00096,1.496,0.00048,14.49,0.592,2.992,0.00096,21.94,0.0070,0.249,2.493,0.013,1.870,0.187,1.496,14.96,0.00,0.041
-93.76129988,42.02159966,10,TaskName 5/13/2025 (GreenStar 4 Monitor),smackdown/callisto/agsaver/atrazine,28,5/13/2025,1.005,On,1100.6,121.25,0.00,10.00,14.74,7.069,89.35,15.00,15.00,0,2,146.92,5/13/2025,Good,6.000,0.0019,2.250,0.00072,13.50,1.500,0.015,3.000,0.00096,1.500,0.00048,14.53,0.596,3.000,0.00096,22.00,0.0070,0.250,2.500,0.013,1.875,0.188,1.500,15.00,0.00,0.041
-93.76124569,42.02159994,10,TaskName 5/13/2025 (GreenStar 4 Monitor),smackdown/callisto/agsaver/atrazine,29,5/13/2025,1.000,On,1100.8,121.25,0.00,10.02,14.69,6.936,89.39,15.00,15.03,0,2,147.23,5/13/2025,Good,6.010,0.0019,2.254,0.00072,13.52,1.503,0.015,3.005,0.00096,1.503,0.00048,14.55,0.595,3.005,0.00096,22.04,0.0070,0.250,2.504,0.013,1.878,0.188,1.503,15.03,0.00,0.041
-93.76119153,42.02160047,10,TaskName 5/13/2025 (GreenStar 4 Monitor),smackdown/callisto/agsaver/atrazine,30,5/13/2025,1.000,On,1101.0,121.25,0.00,10.07,14.76,6.591,90.00,15.00,14.98,0,2,147.92,5/13/2025,Good,5.991,0.0019,2.247,0.00072,13.48,1.498,0.015,2.995,0.00096,1.498,0.00048,14.51,0.596,2.995,0.00096,21.97,0.0071,0.250,2.496,0.013,1.872,0.187,1.498,14.98,0.00,0.041
-93.76113745,42.02160065,10,TaskName 5/13/2025 (GreenStar 4 Monitor),smackdown/callisto/agsaver/atrazine,31,5/13/2025,0.996,On,1101.2,121.25,0.00,10.01,14.61,6.805,90.25,15.00,15.01,0,2,146.96,5/13/2025,Good,6.003,0.0019,2.251,0.00072,13.51,1.501,0.015,3.001,0.00095,1.501,0.00048,14.53,0.591,3.001,0.00095,22.01,0.0070,0.250,2.501,0.013,1.876,0.188,1.501,15.01,0.00,0.041
-93.76108341,42.02160049,10,TaskName 5/13/2025 (GreenStar 4 Monitor),smackdown/callisto/agsaver/atrazine,32,5/13/2025,1.005,On,1101.3,121.25,0.00,9.999,14.75,6.968,90.09,15.00,14.98,0,2,147.05,5/13/2025,Good,5.991,0.0019,2.247,0.00072,13.48,1.498,0.015,2.996,0.00096,1.498,0.00048,14.51,0.596,2.996,0.00096,21.97,0.0070,0.250,2.496,0.013,1.872,0.187,1.498,14.98,0.00,0.041
-93.76102923,42.02160041,10,TaskName 5/13/2025 (GreenStar 4 Monitor),smackdown/callisto/agsaver/atrazine,33,5/13/2025,0.994,On,1101.5,121.25,0.00,10.05,14.65,6.514,89.93,15.00,14.96,0,2,147.72,5/13/2025,Good,5.986,0.0019,2.245,0.00072,13.47,1.496,0.015,2.993,0.00095,1.496,0.00048,14.49,0.591,2.993,0.00095,21.95,0.0070,0.249,2.494,0.013,1.871,0.187,1.496,14.96,0.00,0.041
-93.76097507,42.02160055,10,TaskName 5/13/2025 (GreenStar 4 Monitor),smackdown/callisto/agsaver/atrazine,34,5/13/2025,1.005,On,1101.5,121.25,0.00,10.03,14.77,6.537,90.23,15.00,14.98,0,2,147.30,5/13/2025,Good,5.994,0.0019,2.248,0.00072,13.49,1.498,0.015,2.997,0.00096,1.498,0.00048,14.51,0.597,2.997,0.00096,21.98,0.0071,0.250,2.497,0.013,1.873,0.187,1.498,14.98,0.00,0.041
-93.76092040,42.02160044,10,TaskName 5/13/2025 (GreenStar 4 Monitor),smackdown/callisto/agsaver/atrazine,35,5/13/2025,0.995,On,1101.4,121.25,0.00,10.09,14.72,5.926,90.20,15.00,14.98,0,2,148.26,5/13/2025,Good,5.990,0.0019,2.246,0.00072,13.48,1.498,0.015,2.995,0.00096,1.498,0.00048,14.50,0.594,2.995,0.00096,21.96,0.0070,0.250,2.496,0.013,1.872,0.187,1.498,14.98,0.00,0.041
-93.76086551,42.02160035,10,TaskName 5/13/2025 (GreenStar 4 Monitor),smackdown/callisto/agsaver/atrazine,36,5/13/2025,1.005,On,1101.3,121.25,0.00,10.15,14.96,5.072,89.94,15.00,14.93,0,2,149.20,5/13/2025,Good,5.971,0.0019,2.239,0.00073,13.43,1.493,0.016,2.985,0.00097,1.493,0.00049,14.46,0.602,2.985,0.00097,21.89,0.0071,0.249,2.488,0.013,1.866,0.187,1.493,14.93,0.00,0.042
-93.76081087,42.02160044,10,TaskName 5/13/2025 (GreenStar 4 Monitor),smackdown/callisto/agsaver/atrazine,37,5/13/2025,0.996,On,1101.0,121.25,0.00,10.13,14.79,5.627,90.37,15.00,14.92,0,2,148.77,5/13/2025,Good,5.966,0.0019,2.237,0.00072,13.42,1.492,0.015,2.983,0.00096,1.492,0.00048,14.45,0.595,2.983,0.00096,21.88,0.0070,0.249,2.486,0.013,1.864,0.186,1.492,14.92,0.00,0.041
-93.76075615,42.02160024,10,TaskName 5/13/2025 (GreenStar 4 Monitor),smackdown/callisto/agsaver/atrazine,38,5/13/2025,0.999,On,1100.7,121.25,0.00,10.16,14.89,5.490,90.44,15.00,14.97,0,2,149.31,5/13/2025,Good,5.987,0.0019,2.245,0.00073,13.47,1.497,0.016,2.994,0.00097,1.497,0.00048,14.50,0.601,2.994,0.00097,21.95,0.0071,0.249,2.495,0.013,1.871,0.187,1.497,14.97,0.00,0.041
-93.76070145,42.02159979,10,TaskName 5/13/2025 (GreenStar 4 Monitor),smackdown/callisto/agsaver/atrazine,39,5/13/2025,1.000,On,1100.5,121.25,0.00,10.12,14.84,5.797,89.83,15.00,14.95,0,2,148.67,5/13/2025,Good,5.982,0.0019,2.243,0.00072,13.46,1.495,0.015,2.991,0.00096,1.495,0.00048,14.48,0.598,2.991,0.00096,21.93,0.0071,0.249,2.492,0.013,1.869,0.187,1.495,14.95,0.00,0.041
-93.76064677,42.02159981,10,TaskName 5/13/2025 (GreenStar 4 Monitor),smackdown/callisto/agsaver/atrazine,40,5/13/2025,1.000,On,1100.1,121.25,0.00,10.12,14.85,5.915,89.63,15.00,14.94,0,2,148.80,5/13/2025,Good,5.977,0.0019,2.242,0.00072,13.45,1.494,0.015,2.989,0.00097,1.494,0.00048,14.47,0.598,2.989,0.00097,21.92,0.0071,0.249,2.491,0.013,1.868,0.187,1.494,14.94,0.00,0.041
-93.76059158,42.02160023,10,TaskName 5/13/2025 (GreenStar 4 Monitor),smackdown/callisto/agsaver/atrazine,41,5/13/2025,1.000,On,1099.8,121.25,0.00,10.19,14.94,4.906,90.19,15.00,15.01,0,2,149.72,5/13/2025,Good,6.006,0.0020,2.252,0.00073,13.51,1.501,0.016,3.003,0.00098,1.501,0.00049,14.54,0.605,3.003,0.00098,22.02,0.0072,0.250,2.502,0.013,1.877,0.188,1.501,15.01,0.00,0.042
-93.76053683,42.02160038,10,TaskName 5/13/2025 (GreenStar 4 Monitor),smackdown/callisto/agsaver/atrazine,42,5/13/2025,0.995,On,1099.5,121.25,0.00,10.21,14.90,5.087,90.61,15.00,15.01,0,2,150.04,5/13/2025,Good,6.004,0.0019,2.252,0.00073,13.51,1.501,0.016,3.002,0.00097,1.501,0.00049,14.54,0.603,3.002,0.00097,22.02,0.0071,0.250,2.502,0.013,1.876,0.188,1.501,15.01,0.00,0.041
-93.76048229,42.02159997,10,TaskName 5/13/2025 (GreenStar 4 Monitor),smackdown/callisto/agsaver/atrazine,43,5/13/2025,1.005,On,1099.1,121.25,0.00,10.11,14.90,5.649,90.15,15.00,15.01,0,2,148.51,5/13/2025,Good,6.006,0.0019,2.252,0.00073,13.51,1.501,0.016,3.003,0.00097,1.501,0.00049,14.54,0.603,3.003,0.00097,22.02,0.0071,0.250,2.502,0.013,1.877,0.188,1.501,15.01,0.00,0.041
-93.76042728,42.02159960,10,TaskName 5/13/2025 (GreenStar 4 Monitor),smackdown/callisto/agsaver/atrazine,44,5/13/2025,0.995,On,1098.9,121.25,0.00,10.17,14.84,5.238,89.46,15.00,15.01,0,2,149.41,5/13/2025,Good,6.006,0.0019,2.252,0.00073,13.51,1.501,0.016,3.003,0.00097,1.501,0.00048,14.54,0.600,3.003,0.00097,22.02,0.0071,0.250,2.502,0.013,1.877,0.188,1.501,15.01,0.00,0.041
-93.76037268,42.02159999,10,TaskName 5/13/2025 (GreenStar 4 Monitor),smackdown/callisto/agsaver/atrazine,45,5/13/2025,1.000,On,1098.6,121.25,0.00,10.12,14.84,5.427,89.83,15.00,14.99,0,2,148.67,5/13/2025,Good,5.995,0.0019,2.248,0.00073,13.49,1.499,0.015,2.997,0.00097,1.499,0.00048,14.51,0.599,2.997,0.00097,21.98,0.0071,0.250,2.498,0.013,1.873,0.187,1.499,14.99,0.00,0.041
-93.76031802,42.02160018,10,TaskName 5/13/2025 (GreenStar 4 Monitor),smackdown/callisto/agsaver/atrazine,46,5/13/2025,1.005,On,1098.3,121.25,0.00,10.14,14.95,4.820,90.37,15.00,14.91,0,2,149.07,5/13/2025,Good,5.963,0.0019,2.236,0.00073,13.42,1.491,0.016,2.981,0.00097,1.491,0.00048,14.44,0.601,2.981,0.00097,21.86,0.0071,0.248,2.485,0.013,1.863,0.186,1.491,14.91,0.00,0.042
-93.76026387,42.02160008,10,TaskName 5/13/2025 (GreenStar 4 Monitor),smackdown/callisto/agsaver/atrazine,47,5/13/2025,0.995,On,1098.0,121.25,0.00,10.13,14.79,4.433,90.14,15.00,14.93,0,2,148.95,5/13/2025,Good,5.973,0.0019,2.240,0.00072,13.44,1.493,0.015,2.987,0.00096,1.493,0.00048,14.46,0.595,2.987,0.00096,21.90,0.0070,0.249,2.489,0.013,1.867,0.187,1.493,14.93,0.00,0.041
-93.76021177,42.02160002,10,TaskName 5/13/2025 (GreenStar 4 Monitor),smackdown/callisto/agsaver/atrazine,48,5/13/2025,1.005,On,1097.7,121.25,0.00,9.799,14.44,4.786,89.93,15.00,14.97,0,2,144.00,5/13/2025,Good,5.989,0.0019,2.246,0.00071,13.48,1.497,0.015,2.995,0.00094,1.497,0.00047,14.50,0.583,2.995,0.00094,21.96,0.0069,0.250,2.495,0.013,1.872,0.187,1.497,14.97,0.00,0.040
-93.76016182,42.02160031,10,TaskName 5/13/2025 (GreenStar 4 Monitor),smackdown/callisto/agsaver/atrazine,49,5/13/2025,0.996,On,1097.4,121.25,0.00,9.597,14.00,2.723,90.33,15.00,14.99,0,2,140.85,5/13/2025,Good,5.998,0.0018,2.249,0.00068,13.49,1.499,0.015,2.999,0.00091,1.499,0.00046,14.52,0.566,2.999,0.00091,21.99,0.0067,0.250,2.499,0.012,1.874,0.187,1.499,14.99,0.00,0.039
-93.76011624,42.02160027,10,TaskName 5/13/2025 (GreenStar 4 Monitor),smackdown/callisto/agsaver/atrazine,50,5/13/2025,1.000,On,1097.5,121.25,0.00,8.795,12.90,4.340,90.43,15.00,15.07,0,2,129.30,5/13/2025,Good,6.029,0.0017,2.261,0.00063,13.57,1.507,0.014,3.015,0.00085,1.507,0.00042,14.60,0.524,3.015,0.00085,22.11,0.0062,0.251,2.512,0.011,1.884,0.188,1.507,15.07,0.00,0.036
-93.76007250,42.02159999,10,TaskName 5/13/2025 (GreenStar 4 Monitor),smackdown/callisto/agsaver/atrazine,51,5/13/2025,0.999,On,1097.5,121.25,0.00,8.359,12.24,3.360,90.16,15.00,15.08,0,2,122.82,5/13/2025,Good,6.030,0.0016,2.261,0.00060,13.57,1.508,0.013,3.015,0.00080,1.508,0.00040,14.60,0.498,3.015,0.00080,22.11,0.0059,0.251,2.513,0.011,1.884,0.188,1.508,15.08,0.00,0.034
-93.76003471,42.02159972,10,TaskName 5/13/2025 (GreenStar 4 Monitor),smackdown/callisto/agsaver/atrazine,52,5/13/2025,1.006,On,1097.2,121.25,0.00,7.701,11.34,2.896,89.88,15.00,15.14,0,2,112.94,5/13/2025,Good,6.058,0.0015,2.272,0.00056,13.63,1.514,0.012,3.029,0.00075,1.514,0.00037,14.67,0.463,3.029,0.00075,22.21,0.0055,0.252,2.524,0.0100,1.893,0.189,1.514,15.14,0.00,0.032
-93.75999982,42.02159987,10,TaskName 5/13/2025 (GreenStar 4 Monitor),smackdown/callisto/agsaver/atrazine,53,5/13/2025,0.995,On,1097.0,121.25,0.00,6.619,9.652,3.376,90.12,15.00,15.19,0,2,97.21,5/13/2025,Good,6.077,0.0013,2.279,0.00048,13.67,1.519,0.010,3.038,0.00064,1.519,0.00032,14.71,0.395,3.038,0.00064,22.28,0.0047,0.253,2.532,0.0085,1.899,0.190,1.519,15.19,0.00,0.027
-93.75999315,42.02159992,10,TaskName 5/13/2025 (GreenStar 4 Monitor),smackdown/callisto/agsaver/atrazine,54,5/13/2025,0.199,On,1096.9,120.00,0.625,6.523,1.914,2.397,90.12,15.00,15.23,0,2,95.39,5/13/2025,Good,6.094,0.00025,2.285,9.413e-05,13.71,1.523,0.0020,3.047,0.00013,1.523,6.276e-05,14.75,0.078,3.047,0.00013,22.34,0.00092,0.254,2.539,0.0017,1.904,0.190,1.523,15.23,0.00,0.0053
-93.75998633,42.02159997,10,TaskName 5/13/2025 (GreenStar 4 Monitor),smackdown/callisto/agsaver/atrazine,55,5/13/2025,0.201,On,1096.9,87.50,16.87,6.463,1.904,1.545,90.17,15.00,15.18,0,2,68.51,5/13/2025,Good,6.072,0.00018,2.277,6.805e-05,13.66,1.518,0.0015,3.036,9.073e-05,1.518,4.536e-05,14.70,0.056,3.036,9.073e-05,22.27,0.00067,0.253,2.530,0.0012,1.898,0.190,1.518,15.18,0.00,0.0038
-93.75996969,42.02126993,10,TaskName 5/13/2025 (GreenStar 4 Monitor),smackdown/callisto/agsaver/atrazine,56,5/13/2025,0.201,On,1099.6,15.00,-53.12,3.051,0.900,5.059,270.82,15.00,19.99,0,3,5.550,5/13/2025,Over Target,7.997,1.936e-05,2.999,7.260e-06,17.99,1.999,0.00015,3.998,9.680e-06,1.999,4.840e-06,19.36,0.0060,3.998,9.680e-06,29.32,7.099e-05,0.333,3.332,0.00013,2.499,0.250,1.999,19.99,0.00,0.00031
-93.75999696,42.02127088,10,TaskName 5/13/2025 (GreenStar 4 Monitor),smackdown/callisto/agsaver/atrazine,57,5/13/2025,1.000,On,1099.7,120.00,-0.625,4.461,6.484,5.812,269.82,15.00,15.76,0,3,64.31,5/13/2025,Good,6.303,0.00088,2.364,0.00033,14.18,1.576,0.0070,3.152,0.00044,1.576,0.00022,15.26,0.273,3.152,0.00044,23.11,0.0032,0.263,2.626,0.0059,1.970,0.197,1.576,15.76,0.00,0.018
-93.76003315,42.02127140,10,TaskName 5/13/2025 (GreenStar 4 Monitor),smackdown/callisto/agsaver/atrazine,58,5/13/2025,0.999,On,1099.9,120.00,-0.625,5.601,8.148,13.19,269.03,15.00,15.66,0,3,80.89,5/13/2025,Good,6.265,0.0011,2.349,0.00041,14.10,1.566,0.0088,3.132,0.00055,1.566,0.00027,15.17,0.340,3.132,0.00055,22.97,0.0040,0.261,2.610,0.0073,1.958,0.196,1.566,15.66,0.00,0.022
-93.76008253,42.02127107,10,TaskName 5/13/2025 (GreenStar 4 Monitor),smackdown/callisto/agsaver/atrazine,59,5/13/2025,1.000,On,1099.9,120.00,-0.625,8.008,11.64,8.833,269.49,15.00,15.03,0,3,115.46,5/13/2025,Good,6.012,0.0015,2.254,0.00056,13.53,1.503,0.012,3.006,0.00075,1.503,0.00038,14.56,0.467,3.006,0.00075,22.04,0.0055,0.250,2.505,0.010,1.879,0.188,1.503,15.03,0.00,0.032
-93.76013371,42.02127100,10,TaskName 5/13/2025 (GreenStar 4 Monitor),smackdown/callisto/agsaver/atrazine,60,5/13/2025,1.000,On,1100.1,120.00,-0.625,9.321,13.67,6.281,269.79,15.00,14.74,0,3,135.57,5/13/2025,Good,5.895,0.0017,2.211,0.00065,13.26,1.474,0.014,2.947,0.00087,1.474,0.00043,14.27,0.537,2.947,0.00087,21.61,0.0064,0.246,2.456,0.012,1.842,0.184,1.474,14.74,0.00,0.038
-93.76018586,42.02127089,10,TaskName 5/13/2025 (GreenStar 4 Monitor),smackdown/callisto/agsaver/atrazine,61,5/13/2025,1.000,On,1100.3,120.00,-0.625,9.524,13.97,8.050,269.42,15.00,14.80,0,3,138.53,5/13/2025,Good,5.918,0.0018,2.219,0.00067,13.32,1.480,0.014,2.959,0.00089,1.480,0.00044,14.33,0.551,2.959,0.00089,21.70,0.0065,0.247,2.466,0.012,1.849,0.185,1.480,14.80,0.00,0.038
-93.76024027,42.02127064,10,TaskName 5/13/2025 (GreenStar 4 Monitor),smackdown/callisto/agsaver/atrazine,62,5/13/2025,1.000,On,1100.5,120.00,-0.625,9.876,14.48,7.025,269.07,15.00,14.76,0,3,143.63,5/13/2025,Good,5.903,0.0018,2.214,0.00069,13.28,1.476,0.015,2.951,0.00092,1.476,0.00046,14.29,0.570,2.951,0.00092,21.64,0.0067,0.246,2.460,0.012,1.845,0.184,1.476,14.76,0.00,0.040
-93.76027280,42.02127005,10,TaskName 5/13/2025 (GreenStar 4 Monitor),smackdown/callisto/agsaver/atrazine,63,5/13/2025,0.600,On,1100.6,120.00,-0.625,10.08,8.868,6.133,269.38,15.00,14.72,0,3,146.57,5/13/2025,Good,5.888,0.0011,2.208,0.00042,13.25,1.472,0.0090,2.944,0.00056,1.472,0.00028,14.26,0.348,2.944,0.00056,21.59,0.0041,0.245,2.453,0.0075,1.840,0.184,1.472,14.72,0.00,0.024
-93.76032680,42.02126946,10,TaskName 5/13/2025 (GreenStar 4 Monitor),smackdown/callisto/agsaver/atrazine,64,5/13/2025,1.000,On,1100.7,121.25,0.00,10.04,14.73,6.790,270.05,15.00,14.92,0,3,147.56,5/13/2025,Good,5.968,0.0019,2.238,0.00072,13.43,1.492,0.015,2.984,0.00096,1.492,0.00048,14.45,0.592,2.984,0.00096,21.88,0.0070,0.249,2.487,0.013,1.865,0.187,1.492,14.92,0.00,0.041
-93.76038129,42.02126925,10,TaskName 5/13/2025 (GreenStar 4 Monitor),smackdown/callisto/agsaver/atrazine,65,5/13/2025,0.995,On,1101.0,121.25,0.00,10.04,14.65,6.431,270.70,15.00,15.00,0,3,147.54,5/13/2025,Good,6.000,0.0019,2.250,0.00072,13.50,1.500,0.015,3.000,0.00096,1.500,0.00048,14.53,0.592,3.000,0.00096,22.00,0.0070,0.250,2.500,0.013,1.875,0.187,1.500,15.00,0.00,0.041
-93.76040304,42.02126934,10,TaskName 5/13/2025 (GreenStar 4 Monitor),smackdown/callisto/agsaver/atrazine,66,5/13/2025,0.406,On,1101.1,121.25,0.00,10.08,6.003,6.419,270.69,15.00,14.98,0,3,148.15,5/13/2025,Good,5.991,0.00078,2.247,0.00029,13.48,1.498,0.0063,2.995,0.00039,1.498,0.00020,14.51,0.242,2.995,0.00039,21.97,0.0029,0.250,2.496,0.0052,1.872,0.187,1.498,14.98,0.00,0.017
-93.76045698,42.02126975,10,TaskName 5/13/2025 (GreenStar 4 Monitor),smackdown/callisto/agsaver/atrazine,67,5/13/2025,0.995,On,1101.3,120.00,-0.625,10.04,14.64,6.726,270.49,15.00,15.05,0,3,145.96,5/13/2025,Good,6.018,0.0019,2.257,0.00071,13.54,1.505,0.015,3.009,0.00095,1.505,0.00047,14.57,0.588,3.009,0.00095,22.07,0.0070,0.251,2.508,0.013,1.881,0.188,1.505,15.05,0.00,0.040
-93.76051118,42.02126982,10,TaskName 5/13/2025 (GreenStar 4 Monitor),smackdown/callisto/agsaver/atrazine,68,5/13/2025,1.005,On,1101.4,120.00,-0.625,10.02,14.77,6.623,270.39,15.00,15.02,0,3,145.74,5/13/2025,Good,6.007,0.0019,2.252,0.00072,13.51,1.502,0.015,3.003,0.00095,1.502,0.00048,14.54,0.592,3.003,0.00095,22.02,0.0070,0.250,2.503,0.013,1.877,0.188,1.502,15.02,0.00,0.041
-93.76056596,42.02126995,10,TaskName 5/13/2025 (GreenStar 4 Monitor),smackdown/callisto/agsaver/atrazine,69,5/13/2025,0.999,On,1101.5,121.25,0.00,10.11,14.80,5.519,270.67,15.00,14.91,0,3,148.47,5/13/2025,Good,5.964,0.0019,2.236,0.00072,13.42,1.491,0.015,2.982,0.00096,1.491,0.00048,14.44,0.595,2.982,0.00096,21.87,0.0070,0.248,2.485,0.013,1.864,0.186,1.491,14.91,0.00,0.041
-93.76058792,42.02127005,10,TaskName 5/13/2025 (GreenStar 4 Monitor),smackdown/callisto/agsaver/atrazine,70,5/13/2025,0.400,On,1101.5,121.25,0.00,10.16,5.960,5.680,270.81,15.00,14.90,0,3,149.31,5/13/2025,Good,5.959,0.00077,2.235,0.00029,13.41,1.490,0.0062,2.980,0.00039,1.490,0.00019,14.43,0.239,2.980,0.00039,21.85,0.0028,0.248,2.483,0.0051,1.862,0.186,1.490,14.90,0.00,0.017
-93.76064282,42.02127064,10,TaskName 5/13/2025 (GreenStar 4 Monitor),smackdown/callisto/agsaver/atrazine,71,5/13/2025,1.000,On,1101.5,120.00,-0.625,10.18,14.92,5.346,270.44,15.00,15.01,0,3,147.99,5/13/2025,Good,6.006,0.0019,2.252,0.00072,13.51,1.501,0.015,3.003,0.00096,1.501,0.00048,14.54,0.598,3.003,0.00096,22.02,0.0071,0.250,2.502,0.013,1.877,0.188,1.501,15.01,0.00,0.041
-93.76069746,42.02127106,10,TaskName 5/13/2025 (GreenStar 4 Monitor),smackdown/callisto/agsaver/atrazine,72,5/13/2025,0.995,On,1101.5,120.00,-0.625,10.11,14.75,5.209,269.83,15.00,14.95,0,3,147.04,5/13/2025,Good,5.979,0.0019,2.242,0.00071,13.45,1.495,0.015,2.990,0.00095,1.495,0.00047,14.48,0.588,2.990,0.00095,21.92,0.0070,0.249,2.491,0.013,1.869,0.187,1.495,14.95,0.00,0.041
-93.76075209,42.02127097,10,TaskName 5/13/2025 (GreenStar 4 Monitor),smackdown/callisto/agsaver/atrazine,73,5/13/2025,1.000,On,1101.5,120.00,-0.625,10.13,14.86,4.943,270.07,15.00,14.94,0,3,147.41,5/13/2025,Good,5.975,0.0019,2.241,0.00072,13.44,1.494,0.015,2.987,0.00096,1.494,0.00048,14.47,0.592,2.987,0.00096,21.91,0.0070,0.249,2.489,0.013,1.867,0.187,1.494,14.94,0.00,0.041
-93.76080695,42.02127084,10,TaskName 5/13/2025 (GreenStar 4 Monitor),smackdown/callisto/agsaver/atrazine,74,5/13/2025,1.000,On,1101.5,120.00,-0.625,10.14,14.86,5.480,270.44,15.00,14.99,0,3,147.41,5/13/2025,Good,5.995,0.0019,2.248,0.00072,13.49,1.499,0.015,2.998,0.00096,1.499,0.00048,14.52,0.594,2.998,0.00096,21.98,0.0070,0.250,2.498,0.013,1.873,0.187,1.499,14.99,0.00,0.041
-93.76086166,42.02127123,10,TaskName 5/13/2025 (GreenStar 4 Monitor),smackdown/callisto/agsaver/atrazine,75,5/13/2025,1.005,On,1101.5,120.00,-0.625,10.14,14.94,5.436,270.33,15.00,15.04,0,3,147.39,5/13/2025,Good,6.014,0.0019,2.255,0.00072,13.53,1.504,0.015,3.007,0.00097,1.504,0.00048,14.56,0.599,3.007,0.00097,22.05,0.0071,0.251,2.506,0.013,1.879,0.188,1.504,15.04,0.00,0.041
-93.76091652,42.02127166,10,TaskName 5/13/2025 (GreenStar 4 Monitor),smackdown/callisto/agsaver/atrazine,76,5/13/2025,0.995,On,1101.5,120.00,-0.625,10.17,14.83,5.005,269.82,15.00,14.98,0,3,147.86,5/13/2025,Good,5.992,0.0019,2.247,0.00072,13.48,1.498,0.015,2.996,0.00096,1.498,0.00048,14.51,0.593,2.996,0.00096,21.97,0.0070,0.250,2.497,0.013,1.872,0.187,1.498,14.98,0.00,0.041
-93.76097119,42.02127185,10,TaskName 5/13/2025 (GreenStar 4 Monitor),smackdown/callisto/agsaver/atrazine,77,5/13/2025,1.000,On,1101.6,120.00,-0.625,10.13,14.86,5.473,269.40,15.00,15.02,0,3,147.34,5/13/2025,Good,6.008,0.0019,2.253,0.00072,13.52,1.502,0.015,3.004,0.00096,1.502,0.00048,14.55,0.595,3.004,0.00096,22.03,0.0070,0.250,2.503,0.013,1.878,0.188,1.502,15.02,0.00,0.041
-93.76102573,42.02127149,10,TaskName 5/13/2025 (GreenStar 4 Monitor),smackdown/callisto/agsaver/atrazine,78,5/13/2025,1.005,On,1101.7,120.00,-0.625,10.11,14.90,5.849,269.35,15.00,15.03,0,3,147.00,5/13/2025,Good,6.012,0.0019,2.255,0.00072,13.53,1.503,0.015,3.006,0.00096,1.503,0.00048,14.56,0.597,3.006,0.00096,22.04,0.0071,0.251,2.505,0.013,1.879,0.188,1.503,15.03,0.00,0.041
-93.76108040,42.02127056,10,TaskName 5/13/2025 (GreenStar 4 Monitor),smackdown/callisto/agsaver/atrazine,79,5/13/2025,0.995,On,1101.7,120.00,-0.625,10.11,14.74,5.768,270.18,15.00,14.99,0,3,146.94,5/13/2025,Good,5.997,0.0019,2.249,0.00071,13.49,1.499,0.015,2.998,0.00095,1.499,0.00048,14.52,0.590,2.998,0.00095,21.99,0.0070,0.250,2.499,0.013,1.874,0.187,1.499,14.99,0.00,0.041
-93.76112386,42.02127022,10,TaskName 5/13/2025 (GreenStar 4 Monitor),smackdown/callisto/agsaver/atrazine,80,5/13/2025,0.805,On,1101.8,120.00,-0.625,10.10,11.93,6.146,270.76,15.00,14.96,0,3,146.93,5/13/2025,Good,5.986,0.0015,2.245,0.00058,13.47,1.496,0.012,2.993,0.00077,1.496,0.00038,14.49,0.476,2.993,0.00077,21.95,0.0056,0.249,2.494,0.010,1.871,0.187,1.496,14.96,0.00,0.033
-93.76114551,42.02127032,10,TaskName 5/13/2025 (GreenStar 4 Monitor),smackdown/callisto/agsaver/atrazine,81,5/13/2025,0.395,On,1101.8,121.25,0.00,10.08,5.835,6.402,270.85,15.00,14.95,0,3,148.03,5/13/2025,Good,5.978,0.00076,2.242,0.00028,13.45,1.495,0.0061,2.989,0.00038,1.495,0.00019,14.47,0.235,2.989,0.00038,21.92,0.0028,0.249,2.491,0.0051,1.868,0.187,1.495,14.95,0.00,0.016
-93.76119997,42.02127070,10,TaskName 5/13/2025 (GreenStar 4 Monitor),smackdown/callisto/agsaver/atrazine,82,5/13/2025,1.000,On,1101.7,120.00,-0.625,10.05,14.73,6.422,270.61,15.00,14.98,0,3,146.07,5/13/2025,Good,5.990,0.0019,2.246,0.00071,13.48,1.498,0.015,2.995,0.00095,1.498,0.00047,14.50,0.589,2.995,0.00095,21.96,0.0070,0.250,2.496,0.013,1.872,0.187,1.498,14.98,0.00,0.041
-93.76125489,42.02127143,10,TaskName 5/13/2025 (GreenStar 4 Monitor),smackdown/callisto/agsaver/atrazine,83,5/13/2025,1.000,On,1101.8,120.00,-0.625,10.16,14.89,5.383,269.66,15.00,14.94,0,3,147.70,5/13/2025,Good,5.975,0.0019,2.241,0.00072,13.44,1.494,0.015,2.987,0.00096,1.494,0.00048,14.47,0.594,2.987,0.00096,21.91,0.0070,0.249,2.490,0.013,1.867,0.187,1.494,14.94,0.00,0.041
-93.76130924,42.02127134,10,TaskName 5/13/2025 (GreenStar 4 Monitor),smackdown/callisto/agsaver/atrazine,84,5/13/2025,1.000,On,1101.8,120.00,-0.625,10.11,14.82,5.920,269.53,15.00,14.95,0,3,147.02,5/13/2025,Good,5.981,0.0019,2.243,0.00072,13.46,1.495,0.015,2.991,0.00095,1.495,0.00048,14.48,0.591,2.991,0.00095,21.93,0.0070,0.249,2.492,0.013,1.869,0.187,1.495,14.95,0.00,0.041
-93.76136357,42.02127092,10,TaskName 5/13/2025 (GreenStar 4 Monitor),smackdown/callisto/agsaver/atrazine,85,5/13/2025,1.000,On,1101.8,120.00,-0.625,10.05,14.74,6.308,270.21,15.00,14.99,0,3,146.19,5/13/2025,Good,5.995,0.0019,2.248,0.00071,13.49,1.499,0.015,2.997,0.00095,1.499,0.00048,14.51,0.589,2.997,0.00095,21.98,0.0070,0.250,2.498,0.013,1.873,0.187,1.499,14.99,0.00,0.041
-93.76141842,42.02127082,10,TaskName 5/13/2025 (GreenStar 4 Monitor),smackdown/callisto/agsaver/atrazine,86,5/13/2025,1.000,On,1101.6,120.00,-0.625,10.13,14.85,5.932,270.40,15.00,14.99,0,3,147.30,5/13/2025,Good,5.998,0.0019,2.249,0.00072,13.50,1.499,0.015,2.999,0.00096,1.499,0.00048,14.52,0.594,2.999,0.00096,21.99,0.0070,0.250,2.499,0.013,1.874,0.187,1.499,14.99,0.00,0.041
-93.76144050,42.02127089,10,TaskName 5/13/2025 (GreenStar 4 Monitor),smackdown/callisto/agsaver/atrazine,87,5/13/2025,0.400,On,1101.5,120.00,-0.625,10.17,5.963,5.330,270.43,15.00,14.92,0,3,147.83,5/13/2025,Good,5.970,0.00077,2.239,0.00029,13.43,1.492,0.0061,2.985,0.00038,1.492,0.00019,14.45,0.237,2.985,0.00038,21.89,0.0028,0.249,2.487,0.0051,1.866,0.187,1.492,14.92,0.00,0.016
-93.76145161,42.02127096,10,TaskName 5/13/2025 (GreenStar 4 Monitor),smackdown/callisto/agsaver/atrazine,88,5/13/2025,0.205,On,1101.5,121.25,0.00,10.19,3.065,5.508,270.31,15.00,14.88,0,3,149.82,5/13/2025,Good,5.953,0.00040,2.232,0.00015,13.39,1.488,0.0032,2.976,0.00020,1.488,9.919e-05,14.41,0.123,2.976,0.00020,21.83,0.0015,0.248,2.480,0.0026,1.860,0.186,1.488,14.88,0.00,0.0085
-93.76150629,42.02127119,10,TaskName 5/13/2025 (GreenStar 4 Monitor),smackdown/callisto/agsaver/atrazine,89,5/13/2025,0.996,On,1101.3,120.00,-0.625,10.19,14.87,5.912,270.27,15.00,14.98,0,3,148.05,5/13/2025,Good,5.992,0.0019,2.247,0.00072,13.48,1.498,0.015,2.996,0.00096,1.498,0.00048,14.51,0.594,2.996,0.00096,21.97,0.0070,0.250,2.497,0.013,1.872,0.187,1.498,14.98,0.00,0.041
-93.76156066,42.02127146,10,TaskName 5/13/2025 (GreenStar 4 Monitor),smackdown/callisto/agsaver/atrazine,90,5/13/2025,0.995,On,1101.2,120.00,-0.625,10.09,14.73,5.342,270.05,15.00,15.01,0,3,146.83,5/13/2025,Good,6.003,0.0019,2.251,0.00071,13.51,1.501,0.015,3.001,0.00095,1.501,0.00048,14.53,0.590,3.001,0.00095,22.01,0.0070,0.250,2.501,0.013,1.876,0.188,1.501,15.01,0.00,0.041
-93.76161363,42.02127140,10,TaskName 5/13/2025 (GreenStar 4 Monitor),smackdown/callisto/agsaver/atrazine,91,5/13/2025,1.004,On,1101.1,121.25,0.00,9.957,14.66,5.355,270.04,15.00,14.99,0,3,146.30,5/13/2025,Good,5.996,0.0019,2.249,0.00072,13.49,1.499,0.015,2.998,0.00096,1.499,0.00048,14.52,0.592,2.998,0.00096,21.99,0.0070,0.250,2.498,0.013,1.874,0.187,1.499,14.99,0.00,0.041
-93.76166746,42.02127160,10,TaskName 5/13/2025 (GreenStar 4 Monitor),smackdown/callisto/agsaver/atrazine,92,5/13/2025,1.001,On,1100.9,120.00,-0.625,9.867,14.48,6.157,270.02,15.00,15.05,0,3,143.48,5/13/2025,Good,6.021,0.0019,2.258,0.00070,13.55,1.505,0.015,3.010,0.00094,1.505,0.00047,14.58,0.582,3.010,0.00094,22.08,0.0069,0.251,2.509,0.013,1.882,0.188,1.505,15.05,0.00,0.040
-93.76172207,42.02127162,10,TaskName 5/13/2025 (GreenStar 4 Monitor),smackdown/callisto/agsaver/atrazine,93,5/13/2025,0.999,On,1100.8,120.00,-0.625,10.08,14.77,5.462,269.73,15.00,14.96,0,3,146.60,5/13/2025,Good,5.982,0.0019,2.243,0.00071,13.46,1.496,0.015,2.991,0.00095,1.496,0.00048,14.48,0.589,2.991,0.00095,21.94,0.0070,0.249,2.493,0.013,1.869,0.187,1.496,14.96,0.00,0.041
-93.76177608,42.02127122,10,TaskName 5/13/2025 (GreenStar 4 Monitor),smackdown/callisto/agsaver/atrazine,94,5/13/2025,1.000,On,1100.7,120.00,-0.625,10.05,14.74,5.753,270.08,15.00,14.95,0,3,146.19,5/13/2025,Good,5.981,0.0019,2.243,0.00071,13.46,1.495,0.015,2.990,0.00095,1.495,0.00047,14.48,0.588,2.990,0.00095,21.93,0.0070,0.249,2.492,0.013,1.869,0.187,1.495,14.95,0.00,0.041
-93.76182998,42.02127107,10,TaskName 5/13/2025 (GreenStar 4 Monitor),smackdown/callisto/agsaver/atrazine,95,5/13/2025,1.000,On,1100.5,120.00,-0.625,9.992,14.65,4.303,270.88,15.00,14.87,0,3,145.31,5/13/2025,Good,5.947,0.0019,2.230,0.00070,13.38,1.487,0.015,2.973,0.00094,1.487,0.00047,14.40,0.581,2.973,0.00094,21.80,0.0069,0.248,2.478,0.013,1.858,0.186,1.487,14.87,0.00,0.040
-93.76188059,42.02127148,10,TaskName 5/13/2025 (GreenStar 4 Monitor),smackdown/callisto/agsaver/atrazine,96,5/13/2025,1.000,On,1100.4,120.00,-0.625,9.767,14.31,2.922,270.96,15.00,14.97,0,3,141.96,5/13/2025,Good,5.987,0.0018,2.245,0.00069,13.47,1.497,0.015,2.994,0.00092,1.497,0.00046,14.50,0.572,2.994,0.00092,21.95,0.0068,0.249,2.495,0.012,1.871,0.187,1.497,14.97,0.00,0.039
-93.76192862,42.02127268,10,TaskName 5/13/2025 (GreenStar 4 Monitor),smackdown/callisto/agsaver/atrazine,97,5/13/2025,1.001,On,1100.4,120.00,-0.625,9.121,13.38,4.694,269.61,15.00,15.15,0,3,132.52,5/13/2025,Good,6.062,0.0017,2.273,0.00065,13.64,1.515,0.014,3.031,0.00087,1.515,0.00044,14.68,0.541,3.031,0.00087,22.23,0.0064,0.253,2.526,0.012,1.894,0.189,1.515,15.15,0.00,0.037
-93.76197225,42.02127280,10,TaskName 5/13/2025 (GreenStar 4 Monitor),smackdown/callisto/agsaver/atrazine,98,5/13/2025,0.999,On,1100.4,120.00,-0.625,8.571,12.56,3.509,269.08,15.00,15.11,0,3,124.68,5/13/2025,Good,6.043,0.0016,2.266,0.00061,13.60,1.511,0.013,3.022,0.00082,1.511,0.00041,14.63,0.506,3.022,0.00082,22.16,0.0060,0.252,2.518,0.011,1.888,0.189,1.511,15.11,0.00,0.035
-93.76201428,42.02127234,10,TaskName 5/13/2025 (GreenStar 4 Monitor),smackdown/callisto/agsaver/atrazine,99,5/13/2025,1.001,On,1100.6,120.00,-0.625,7.945,11.65,4.630,269.70,15.00,15.11,0,3,115.42,5/13/2025,Good,6.045,0.0015,2.267,0.00057,13.60,1.511,0.012,3.023,0.00076,1.511,0.00038,14.64,0.470,3.023,0.00076,22.17,0.0056,0.252,2.519,0.010,1.889,0.189,1.511,15.11,0.00,0.032
-93.76205257,42.02127233,10,TaskName 5/13/2025 (GreenStar 4 Monitor),smackdown/callisto/agsaver/atrazine,100,5/13/2025,1.000,On,1100.3,120.00,-0.625,7.506,11.01,3.068,269.87,15.00,15.17,0,3,109.19,5/13/2025,Good,6.066,0.0014,2.275,0.00054,13.65,1.517,0.011,3.033,0.00072,1.517,0.00036,14.69,0.445,3.033,0.00072,22.24,0.0053,0.253,2.528,0.0096,1.896,0.190,1.517,15.17,0.00,0.030
-93.76208781,42.02127260,10,TaskName 5/13/2025 (GreenStar 4 Monitor),smackdown/callisto/agsaver/atrazine,101,5/13/2025,1.000,On,1100.4,120.00,-0.625,6.734,9.869,3.618,269.37,15.00,15.16,0,3,97.87,5/13/2025,Good,6.066,0.0013,2.275,0.00048,13.65,1.516,0.010,3.033,0.00064,1.516,0.00032,14.69,0.399,3.033,0.00064,22.24,0.0047,0.253,2.527,0.0086,1.896,0.190,1.516,15.16,0.00,0.027
-93.76209439,42.02127277,10,TaskName 5/13/2025 (GreenStar 4 Monitor),smackdown/callisto/agsaver/atrazine,102,5/13/2025,0.199,On,1100.5,57.50,-31.87,6.619,1.930,3.982,269.16,15.00,15.44,0,3,46.08,5/13/2025,Good,6.175,0.00012,2.316,4.608e-05,13.89,1.544,0.00098,3.087,6.144e-05,1.544,3.072e-05,14.95,0.038,3.087,6.144e-05,22.64,0.00045,0.257,2.573,0.00082,1.930,0.193,1.544,15.44,0.00,0.0025
-93.76211108,42.02094133,10,TaskName 5/13/2025 (GreenStar 4 Monitor),smackdown/callisto/agsaver/atrazine,103,5/13/2025,0.200,On,1100.1,85.00,18.12,6.429,1.884,3.097,89.23,15.00,15.70,0,4,66.17,5/13/2025,Good,6.282,0.00018,2.356,6.766e-05,14.13,1.570,0.0014,3.141,9.021e-05,1.570,4.511e-05,15.21,0.056,3.141,9.021e-05,23.03,0.00066,0.262,2.617,0.0012,1.963,0.196,1.570,15.70,0.00,0.0037
-93.76207523,42.02094114,10,TaskName 5/13/2025 (GreenStar 4 Monitor),smackdown/callisto/agsaver/atrazine,104,5/13/2025,1.001,On,1100.2,121.25,0.00,6.726,9.863,6.654,89.00,15.00,15.22,0,4,98.73,5/13/2025,Good,6.086,0.0013,2.282,0.00049,13.69,1.522,0.010,3.043,0.00065,1.522,0.00033,14.74,0.405,3.043,0.00065,22.32,0.0048,0.254,2.536,0.0087,1.902,0.190,1.522,15.22,0.00,0.027
-93.76203146,42.02094164,10,TaskName 5/13/2025 (GreenStar 4 Monitor),smackdown/callisto/agsaver/atrazine,105,5/13/2025,0.999,On,1100.3,121.25,0.00,7.217,10.54,10.70,89.63,15.00,15.31,0,4,105.68,5/13/2025,Good,6.122,0.0014,2.296,0.00053,13.78,1.531,0.011,3.061,0.00070,1.531,0.00035,14.82,0.435,3.061,0.00070,22.45,0.0051,0.255,2.551,0.0094,1.913,0.191,1.531,15.31,0.00,0.029
-93.76198257,42.02094148,10,TaskName 5/13/2025 (GreenStar 4 Monitor),smackdown/callisto/agsaver/atrazine,106,5/13/2025,1.000,On,1100.4,121.25,0.00,8.670,12.71,6.045,89.56,15.00,14.83,0,4,127.36,5/13/2025,Good,5.933,0.0016,2.225,0.00061,13.35,1.483,0.013,2.966,0.00082,1.483,0.00041,14.36,0.508,2.966,0.00082,21.75,0.0060,0.247,2.472,0.011,1.854,0.185,1.483,14.83,0.00,0.035
-93.76193206,42.02094146,10,TaskName 5/13/2025 (GreenStar 4 Monitor),smackdown/callisto/agsaver/atrazine,107,5/13/2025,1.000,On,1100.6,121.25,0.00,9.164,13.44,7.240,89.54,15.00,14.86,0,4,134.73,5/13/2025,Good,5.943,0.0017,2.229,0.00065,13.37,1.486,0.014,2.972,0.00087,1.486,0.00043,14.39,0.539,2.972,0.00087,21.79,0.0064,0.248,2.476,0.012,1.857,0.186,1.486,14.86,0.00,0.037
-93.76190100,42.02094151,10,TaskName 5/13/2025 (GreenStar 4 Monitor),smackdown/callisto/agsaver/atrazine,108,5/13/2025,0.595,On,1100.7,121.25,0.00,9.434,8.236,6.797,89.44,15.00,14.83,0,4,138.71,5/13/2025,Good,5.931,0.0011,2.224,0.00040,13.35,1.483,0.0085,2.966,0.00053,1.483,0.00027,14.36,0.329,2.966,0.00053,21.75,0.0039,0.247,2.471,0.0071,1.854,0.185,1.483,14.83,0.00,0.023
-93.76184908,42.02094161,10,TaskName 5/13/2025 (GreenStar 4 Monitor),smackdown/callisto/agsaver/atrazine,109,5/13/2025,1.005,On,1100.8,120.00,0.625,9.598,14.15,6.660,89.40,15.00,14.74,0,4,139.67,5/13/2025,Good,5.898,0.0018,2.212,0.00067,13.27,1.474,0.014,2.949,0.00090,1.474,0.00045,14.28,0.557,2.949,0.00090,21.62,0.0066,0.246,2.457,0.012,1.843,0.184,1.474,14.74,0.00,0.039
-93.76179665,42.02094199,10,TaskName 5/13/2025 (GreenStar 4 Monitor),smackdown/callisto/agsaver/atrazine,110,5/13/2025,0.995,On,1100.9,120.00,0.625,9.628,14.06,6.889,89.78,15.00,14.92,0,4,140.09,5/13/2025,Good,5.968,0.0018,2.238,0.00068,13.43,1.492,0.014,2.984,0.00090,1.492,0.00045,14.45,0.559,2.984,0.00090,21.88,0.0066,0.249,2.487,0.012,1.865,0.186,1.492,14.92,0.00,0.039
-93.76174405,42.02094222,10,TaskName 5/13/2025 (GreenStar 4 Monitor),smackdown/callisto/agsaver/atrazine,111,5/13/2025,1.000,On,1101.0,120.00,0.625,9.738,14.29,6.604,89.95,15.00,14.94,0,4,141.70,5/13/2025,Good,5.976,0.0018,2.241,0.00069,13.45,1.494,0.015,2.988,0.00092,1.494,0.00046,14.47,0.570,2.988,0.00092,21.91,0.0067,0.249,2.490,0.012,1.868,0.187,1.494,14.94,0.00,0.039
-93.76169107,42.02094224,10,TaskName 5/13/2025 (GreenStar 4 Monitor),smackdown/callisto/agsaver/atrazine,112,5/13/2025,1.000,On,1101.3,120.00,0.625,9.785,14.36,6.094,89.98,15.00,14.67,0,4,142.38,5/13/2025,Good,5.867,0.0018,2.200,0.00068,13.20,1.467,0.015,2.933,0.00091,1.467,0.00045,14.20,0.562,2.933,0.00091,21.51,0.0066,0.244,2.444,0.012,1.833,0.183,1.467,14.67,0.00,0.040
-93.76163877,42.02094224,10,TaskName 5/13/2025 (GreenStar 4 Monitor),smackdown/callisto/agsaver/atrazine,113,5/13/2025,1.000,On,1101.4,120.00,0.625,9.762,14.32,6.576,90.00,15.00,15.05,0,4,142.02,5/13/2025,Good,6.019,0.0019,2.257,0.00070,13.54,1.505,0.015,3.009,0.00093,1.505,0.00046,14.57,0.575,3.009,0.00093,22.07,0.0068,0.251,2.508,0.012,1.881,0.188,1.505,15.05,0.00,0.039
-93.76158575,42.02094216,10,TaskName 5/13/2025 (GreenStar 4 Monitor),smackdown/callisto/agsaver/atrazine,114,5/13/2025,1.000,On,1101.5,120.00,0.625,9.742,14.29,6.467,90.01,15.00,15.16,0,4,141.76,5/13/2025,Good,6.064,0.0019,2.274,0.00070,13.65,1.516,0.015,3.032,0.00093,1.516,0.00047,14.68,0.578,3.032,0.00093,22.24,0.0068,0.253,2.527,0.012,1.895,0.190,1.516,15.16,0.00,0.039
-93.76153238,42.02094221,10,TaskName 5/13/2025 (GreenStar 4 Monitor),smackdown/callisto/agsaver/atrazine,115,5/13/2025,1.000,On,1101.7,120.00,0.625,9.857,14.47,5.824,89.88,15.00,14.97,0,4,143.46,5/13/2025,Good,5.987,0.0019,2.245,0.00070,13.47,1.497,0.015,2.993,0.00093,1.497,0.00047,14.50,0.578,2.993,0.00093,21.95,0.0068,0.249,2.495,0.012,1.871,0.187,1.497,14.97,0.00,0.040
-93.76147900,42.02094234,10,TaskName 5/13/2025 (GreenStar 4 Monitor),smackdown/callisto/agsaver/atrazine,116,5/13/2025,1.005,On,1101.7,120.00,0.625,9.898,14.59,6.286,89.94,15.00,15.01,0,4,144.01,5/13/2025,Good,6.003,0.0019,2.251,0.00071,13.51,1.501,0.015,3.002,0.00094,1.501,0.00047,14.53,0.584,3.002,0.00094,22.01,0.0069,0.250,2.501,0.013,1.876,0.188,1.501,15.01,0.00,0.040
-93.76142539,42.02094244,10,TaskName 5/13/2025 (GreenStar 4 Monitor),smackdown/callisto/agsaver/atrazine,117,5/13/2025,0.995,On,1101.7,120.00,0.625,9.916,14.48,6.272,90.04,15.00,15.08,0,4,144.31,5/13/2025,Good,6.032,0.0019,2.262,0.00070,13.57,1.508,0.015,3.016,0.00094,1.508,0.00047,14.61,0.583,3.016,0.00094,22.12,0.0069,0.251,2.513,0.013,1.885,0.189,1.508,15.08,0.00,0.040
-93.76137125,42.02094257,10,TaskName 5/13/2025 (GreenStar 4 Monitor),smackdown/callisto/agsaver/atrazine,118,5/13/2025,1.000,On,1101.8,120.00,0.625,9.957,14.61,6.283,90.26,15.00,15.00,0,4,144.86,5/13/2025,Good,6.001,0.0019,2.251,0.00071,13.50,1.500,0.015,3.001,0.00094,1.500,0.00047,14.53,0.585,3.001,0.00094,22.00,0.0069,0.250,2.501,0.013,1.875,0.188,1.500,15.00,0.00,0.040
-93.76131714,42.02094262,10,TaskName 5/13/2025 (GreenStar 4 Monitor),smackdown/callisto/agsaver/atrazine,119,5/13/2025,1.000,On,1101.7,120.00,0.625,10.04,14.73,5.777,90.70,15.00,14.99,0,4,146.06,5/13/2025,Good,5.995,0.0019,2.248,0.00071,13.49,1.499,0.015,2.998,0.00095,1.499,0.00048,14.52,0.589,2.998,0.00095,21.98,0.0070,0.250,2.498,0.013,1.874,0.187,1.499,14.99,0.00,0.041
-93.76126309,42.02094228,10,TaskName 5/13/2025 (GreenStar 4 Monitor),smackdown/callisto/agsaver/atrazine,120,5/13/2025,1.000,On,1101.8,120.00,0.625,10.03,14.71,6.183,90.43,15.00,14.93,0,4,145.90,5/13/2025,Good,5.971,0.0019,2.239,0.00071,13.44,1.493,0.015,2.986,0.00095,1.493,0.00047,14.46,0.586,2.986,0.00095,21.90,0.0069,0.249,2.488,0.013,1.866,0.187,1.493,14.93,0.00,0.041
-93.76120851,42.02094192,10,TaskName 5/13/2025 (GreenStar 4 Monitor),smackdown/callisto/agsaver/atrazine,121,5/13/2025,0.995,On,1101.7,120.00,0.625,10.03,14.64,6.645,89.97,15.00,14.99,0,4,145.91,5/13/2025,Good,5.994,0.0019,2.248,0.00071,13.49,1.499,0.015,2.997,0.00094,1.499,0.00047,14.51,0.585,2.997,0.00094,21.98,0.0069,0.250,2.498,0.013,1.873,0.187,1.499,14.99,0.00,0.040
-93.76115352,42.02094183,10,TaskName 5/13/2025 (GreenStar 4 Monitor),smackdown/callisto/agsaver/atrazine,122,5/13/2025,1.005,On,1101.8,120.00,0.625,10.17,14.99,5.815,90.03,15.00,14.96,0,4,147.92,5/13/2025,Good,5.986,0.0019,2.245,0.00072,13.47,1.496,0.015,2.993,0.00097,1.496,0.00048,14.49,0.598,2.993,0.00097,21.95,0.0071,0.249,2.494,0.013,1.871,0.187,1.496,14.96,0.00,0.041
-93.76109919,42.02094190,10,TaskName 5/13/2025 (GreenStar 4 Monitor),smackdown/callisto/agsaver/atrazine,123,5/13/2025,1.000,On,1101.9,120.00,0.625,10.12,14.86,6.193,90.19,15.00,14.95,0,4,147.33,5/13/2025,Good,5.979,0.0019,2.242,0.00072,13.45,1.495,0.015,2.990,0.00096,1.495,0.00048,14.48,0.592,2.990,0.00096,21.92,0.0070,0.249,2.491,0.013,1.868,0.187,1.495,14.95,0.00,0.041
-93.76104445,42.02094179,10,TaskName 5/13/2025 (GreenStar 4 Monitor),smackdown/callisto/agsaver/atrazine,124,5/13/2025,1.001,On,1102.0,120.00,0.625,10.08,14.80,5.855,90.07,15.00,14.21,0,4,146.63,5/13/2025,Good,5.684,0.0018,2.131,0.00068,12.79,1.421,0.014,2.842,0.00091,1.421,0.00045,13.76,0.561,2.842,0.00091,20.84,0.0066,0.237,2.368,0.012,1.776,0.178,1.421,14.21,0.00,0.041
-93.76099015,42.02094175,10,TaskName 5/13/2025 (GreenStar 4 Monitor),smackdown/callisto/agsaver/atrazine,125,5/13/2025,0.999,On,1102.2,120.00,0.625,10.12,14.85,6.498,89.89,15.00,10.47,0,4,147.38,5/13/2025,Under Target,4.187,0.0013,1.570,0.00050,9.420,1.047,0.011,2.093,0.00067,1.047,0.00033,10.14,0.415,2.093,0.00067,15.35,0.0049,0.174,1.744,0.0089,1.308,0.131,1.047,10.47,0.00,0.041
-93.76093522,42.02094195,10,TaskName 5/13/2025 (GreenStar 4 Monitor),smackdown/callisto/agsaver/atrazine,126,5/13/2025,1.000,On,1102.4,120.00,0.625,10.10,14.82,8.215,90.09,15.00,8.937,0,4,146.94,5/13/2025,Under Target,3.575,0.0011,1.341,0.00043,8.044,0.894,0.0091,1.787,0.00057,0.894,0.00028,8.656,0.353,1.787,0.00057,13.11,0.0042,0.149,1.490,0.0076,1.117,0.112,0.894,8.937,0.00,0.041
-93.76092435,42.02094214,10,TaskName 5/13/2025 (GreenStar 4 Monitor),smackdown/callisto/agsaver/atrazine,127,5/13/2025,0.200,On,1102.4,120.00,0.625,10.20,2.995,6.010,90.30,15.00,8.863,0,4,148.50,5/13/2025,Under Target,3.545,0.00023,1.329,8.568e-05,7.976,0.886,0.0018,1.773,0.00011,0.886,5.712e-05,8.583,0.071,1.773,0.00011,13.00,0.00084,0.148,1.477,0.0015,1.108,0.111,0.886,8.863,0.00,0.0082
-93.76089391,42.02093782,10,TaskName 6/2/2025 (GreenStar 4 Monitor),Surpass/agsaver/callisto/atrazine,1,6/2/2025,0.995,On,1102.6,121.25,0.00,3.276,4.534,6.203,89.36,19.99,19.09,0,1,45.66,6/2/2025,Good,7.637,0.00075,2.864,0.00028,17.18,1.909,0.0060,3.818,0.00038,1.909,0.00019,18.49,0.233,3.818,0.00038,28.00,0.0028,0.318,3.182,0.0050,2.386,0.239,1.909,19.09,0.00,0.013
-93.76086647,42.02093787,10,TaskName 6/2/2025 (GreenStar 4 Monitor),Surpass/agsaver/callisto/atrazine,2,6/2/2025,1.000,On,1102.6,121.25,0.00,4.914,7.188,2.995,89.07,19.99,18.73,0,1,72.03,6/2/2025,Good,7.492,0.0012,2.810,0.00044,16.86,1.873,0.0094,3.746,0.00059,1.873,0.00029,18.14,0.363,3.746,0.00059,27.47,0.0043,0.312,3.122,0.0078,2.341,0.234,1.873,18.73,0.00,0.020
-93.76084016,42.02093804,10,TaskName 6/2/2025 (GreenStar 4 Monitor),Surpass/agsaver/callisto/atrazine,3,6/2/2025,1.005,On,1102.7,121.25,0.00,4.889,7.195,5.241,89.21,19.99,19.61,0,1,71.74,6/2/2025,Good,7.843,0.0012,2.941,0.00046,17.65,1.961,0.0098,3.921,0.00061,1.961,0.00031,18.99,0.380,3.921,0.00061,28.76,0.0045,0.327,3.268,0.0082,2.451,0.245,1.961,19.61,0.00,0.020
-93.76081199,42.02093853,10,TaskName 6/2/2025 (GreenStar 4 Monitor),Surpass/agsaver/callisto/atrazine,4,6/2/2025,0.991,On,1102.8,121.25,0.00,5.005,7.270,6.065,89.90,19.99,19.79,0,1,73.51,6/2/2025,Good,7.916,0.0013,2.968,0.00047,17.81,1.979,0.010,3.958,0.00063,1.979,0.00031,19.17,0.388,3.958,0.00063,29.02,0.0046,0.330,3.298,0.0083,2.474,0.247,1.979,19.79,0.00,0.020
-93.76078117,42.02093855,10,TaskName 6/2/2025 (GreenStar 4 Monitor),Surpass/agsaver/callisto/atrazine,5,6/2/2025,1.005,On,1103.0,121.25,0.00,5.494,8.094,4.963,90.11,19.99,19.69,0,1,80.70,6/2/2025,Good,7.877,0.0014,2.954,0.00052,17.72,1.969,0.011,3.939,0.00069,1.969,0.00035,19.07,0.430,3.939,0.00069,28.88,0.0051,0.328,3.282,0.0092,2.462,0.246,1.969,19.69,0.00,0.023
-93.76074836,42.02093832,10,TaskName 6/2/2025 (GreenStar 4 Monitor),Surpass/agsaver/callisto/atrazine,6,6/2/2025,0.999,On,1103.1,121.25,0.00,5.802,8.497,8.224,89.97,19.99,19.84,0,1,85.23,6/2/2025,Good,7.936,0.0015,2.976,0.00055,17.86,1.984,0.012,3.968,0.00073,1.984,0.00037,19.22,0.454,3.968,0.00073,29.10,0.0054,0.331,3.307,0.0098,2.480,0.248,1.984,19.84,0.00,0.024
-93.76071065,42.02093853,10,TaskName 6/2/2025 (GreenStar 4 Monitor),Surpass/agsaver/callisto/atrazine,7,6/2/2025,1.000,On,1103.2,121.25,0.00,6.620,9.695,5.817,90.33,19.99,19.68,0,1,97.15,6/2/2025,Good,7.871,0.0017,2.952,0.00062,17.71,1.968,0.013,3.936,0.00083,1.968,0.00041,19.06,0.514,3.936,0.00083,28.86,0.0061,0.328,3.280,0.011,2.460,0.246,1.968,19.68,0.00,0.027
-93.76067435,42.02093857,10,TaskName 6/2/2025 (GreenStar 4 Monitor),Surpass/agsaver/callisto/atrazine,8,6/2/2025,1.005,On,1103.3,121.25,0.00,6.857,10.11,5.397,90.71,19.99,19.58,0,1,100.85,6/2/2025,Good,7.831,0.0017,2.937,0.00065,17.62,1.958,0.014,3.915,0.00086,1.958,0.00043,18.96,0.534,3.915,0.00086,28.71,0.0063,0.326,3.263,0.011,2.447,0.245,1.958,19.58,0.00,0.028
-93.76063703,42.02093827,10,TaskName 6/2/2025 (GreenStar 4 Monitor),Surpass/agsaver/callisto/atrazine,9,6/2/2025,0.995,On,1103.4,121.25,0.00,6.783,9.898,6.048,90.95,19.99,19.91,0,1,99.69,6/2/2025,Good,7.964,0.0017,2.986,0.00064,17.92,1.991,0.014,3.982,0.00086,1.991,0.00043,19.28,0.531,3.982,0.00086,29.20,0.0063,0.332,3.318,0.011,2.489,0.249,1.991,19.91,0.00,0.028
-93.76059958,42.02093777,10,TaskName 6/2/2025 (GreenStar 4 Monitor),Surpass/agsaver/callisto/atrazine,10,6/2/2025,1.000,On,1103.5,121.25,0.00,6.948,10.20,5.444,90.77,19.99,19.83,0,1,102.18,6/2/2025,Good,7.932,0.0018,2.974,0.00066,17.85,1.983,0.014,3.966,0.00088,1.983,0.00044,19.20,0.545,3.966,0.00088,29.08,0.0064,0.330,3.305,0.012,2.479,0.248,1.983,19.83,0.00,0.028
-93.76056314,42.02093679,10,TaskName 6/2/2025 (GreenStar 4 Monitor),Surpass/agsaver/callisto/atrazine,11,6/2/2025,1.001,On,1103.4,121.25,0.00,6.935,10.18,4.056,89.39,19.99,19.85,0,1,101.88,6/2/2025,Good,7.940,0.0018,2.978,0.00066,17.87,1.985,0.014,3.970,0.00088,1.985,0.00044,19.22,0.545,3.970,0.00088,29.11,0.0064,0.331,3.308,0.012,2.481,0.248,1.985,19.85,0.00,0.028
-93.76052987,42.02093658,10,TaskName 6/2/2025 (GreenStar 4 Monitor),Surpass/agsaver/callisto/atrazine,12,6/2/2025,0.999,On,1103.3,121.25,0.00,6.396,9.377,4.859,89.23,19.99,20.05,0,1,94.05,6/2/2025,Good,8.019,0.0016,3.007,0.00061,18.04,2.005,0.013,4.009,0.00082,2.005,0.00041,19.42,0.507,4.009,0.00082,29.40,0.0060,0.334,3.341,0.011,2.506,0.251,2.005,20.05,0.00,0.026
-93.76049596,42.02093715,10,TaskName 6/2/2025 (GreenStar 4 Monitor),Surpass/agsaver/callisto/atrazine,13,6/2/2025,1.000,On,1103.2,121.25,0.00,6.217,9.121,5.186,89.95,19.99,20.09,0,1,91.40,6/2/2025,Good,8.038,0.0016,3.014,0.00060,18.08,2.009,0.013,4.019,0.00080,2.009,0.00040,19.46,0.494,4.019,0.00080,29.47,0.0058,0.335,3.349,0.011,2.512,0.251,2.009,20.09,0.00,0.025
-93.76046173,42.02093680,10,TaskName 6/2/2025 (GreenStar 4 Monitor),Surpass/agsaver/callisto/atrazine,14,6/2/2025,0.995,On,1103.1,121.25,0.00,6.334,9.245,4.498,89.42,19.99,20.01,0,1,93.11,6/2/2025,Good,8.005,0.0016,3.002,0.00060,18.01,2.001,0.013,4.003,0.00080,2.001,0.00040,19.38,0.499,4.003,0.00080,29.35,0.0059,0.334,3.336,0.011,2.502,0.250,2.001,20.01,0.00,0.026
-93.76042698,42.02093648,10,TaskName 6/2/2025 (GreenStar 4 Monitor),Surpass/agsaver/callisto/atrazine,15,6/2/2025,1.005,On,1102.9,121.25,0.00,6.384,9.409,4.606,88.44,19.99,19.96,0,1,93.82,6/2/2025,Good,7.984,0.0016,2.994,0.00061,17.96,1.996,0.013,3.992,0.00082,1.996,0.00041,19.33,0.506,3.992,0.00082,29.27,0.0060,0.333,3.327,0.011,2.495,0.249,1.996,19.96,0.00,0.026
-93.76039011,42.02093710,10,TaskName 6/2/2025 (GreenStar 4 Monitor),Surpass/agsaver/callisto/atrazine,16,6/2/2025,1.000,On,1102.6,121.25,0.00,6.588,9.662,5.936,88.57,19.99,19.93,0,1,96.82,6/2/2025,Good,7.971,0.0017,2.989,0.00063,17.93,1.993,0.013,3.985,0.00084,1.993,0.00042,19.30,0.519,3.985,0.00084,29.23,0.0061,0.332,3.321,0.011,2.491,0.249,1.993,19.93,0.00,0.027
-93.76035118,42.02093836,10,TaskName 6/2/2025 (GreenStar 4 Monitor),Surpass/agsaver/callisto/atrazine,17,6/2/2025,1.000,On,1102.3,121.25,0.00,7.054,10.34,4.125,89.23,19.99,19.68,0,1,103.66,6/2/2025,Good,7.872,0.0018,2.952,0.00066,17.71,1.968,0.014,3.936,0.00089,1.968,0.00044,19.06,0.549,3.936,0.00089,28.87,0.0065,0.328,3.280,0.012,2.460,0.246,1.968,19.68,0.00,0.029
-93.76031202,42.02093881,10,TaskName 6/2/2025 (GreenStar 4 Monitor),Surpass/agsaver/callisto/atrazine,18,6/2/2025,1.000,On,1101.9,121.25,0.00,7.231,10.61,3.125,88.86,19.99,19.69,0,1,106.32,6/2/2025,Good,7.876,0.0018,2.954,0.00068,17.72,1.969,0.015,3.938,0.00091,1.969,0.00045,19.07,0.563,3.938,0.00091,28.88,0.0067,0.328,3.282,0.012,2.461,0.246,1.969,19.69,0.00,0.030
-93.76027348,42.02093934,10,TaskName 6/2/2025 (GreenStar 4 Monitor),Surpass/agsaver/callisto/atrazine,19,6/2/2025,1.001,On,1101.6,121.25,0.00,7.185,10.54,4.022,88.64,19.99,19.61,0,1,105.53,6/2/2025,Good,7.843,0.0018,2.941,0.00067,17.65,1.961,0.014,3.921,0.00090,1.961,0.00045,18.99,0.557,3.921,0.00090,28.76,0.0066,0.327,3.268,0.012,2.451,0.245,1.961,19.61,0.00,0.029
-93.76023441,42.02094059,10,TaskName 6/2/2025 (GreenStar 4 Monitor),Surpass/agsaver/callisto/atrazine,20,6/2/2025,0.999,On,1101.1,121.25,0.00,7.184,10.54,4.545,89.47,19.99,19.87,0,1,105.70,6/2/2025,Good,7.948,0.0018,2.980,0.00068,17.88,1.987,0.015,3.974,0.00091,1.987,0.00046,19.24,0.564,3.974,0.00091,29.14,0.0067,0.331,3.312,0.012,2.484,0.248,1.987,19.87,0.00,0.029
-93.76019534,42.02094085,10,TaskName 6/2/2025 (GreenStar 4 Monitor),Surpass/agsaver/callisto/atrazine,21,6/2/2025,1.000,On,1100.7,121.25,0.00,7.271,10.67,3.980,89.98,19.99,19.77,0,1,106.88,6/2/2025,Good,7.907,0.0018,2.965,0.00069,17.79,1.977,0.015,3.953,0.00092,1.977,0.00046,19.14,0.568,3.953,0.00092,28.99,0.0067,0.329,3.295,0.012,2.471,0.247,1.977,19.77,0.00,0.030
-93.76015663,42.02094082,10,TaskName 6/2/2025 (GreenStar 4 Monitor),Surpass/agsaver/callisto/atrazine,22,6/2/2025,1.000,On,1100.4,121.25,0.00,7.227,10.60,4.216,89.95,19.99,19.79,0,1,106.26,6/2/2025,Good,7.917,0.0018,2.969,0.00068,17.81,1.979,0.015,3.959,0.00091,1.979,0.00046,19.17,0.566,3.959,0.00091,29.03,0.0067,0.330,3.299,0.012,2.474,0.247,1.979,19.79,0.00,0.030
-93.76011787,42.02094065,10,TaskName 6/2/2025 (GreenStar 4 Monitor),Surpass/agsaver/callisto/atrazine,23,6/2/2025,1.000,On,1100.2,121.25,0.00,7.179,10.53,3.921,89.63,19.99,19.86,0,1,105.57,6/2/2025,Good,7.946,0.0018,2.980,0.00068,17.88,1.986,0.015,3.973,0.00091,1.986,0.00046,19.24,0.564,3.973,0.00091,29.13,0.0067,0.331,3.311,0.012,2.483,0.248,1.986,19.86,0.00,0.029
-93.76007963,42.02094072,10,TaskName 6/2/2025 (GreenStar 4 Monitor),Surpass/agsaver/callisto/atrazine,24,6/2/2025,1.001,On,1100.0,121.25,0.00,7.127,10.46,4.235,88.93,19.99,19.89,0,1,104.70,6/2/2025,Good,7.956,0.0018,2.984,0.00068,17.90,1.989,0.014,3.978,0.00090,1.989,0.00045,19.26,0.561,3.978,0.00090,29.17,0.0066,0.332,3.315,0.012,2.486,0.249,1.989,19.89,0.00,0.029
-93.76004272,42.02094108,10,TaskName 6/2/2025 (GreenStar 4 Monitor),Surpass/agsaver/callisto/atrazine,25,6/2/2025,0.999,On,1100.2,121.25,0.00,6.955,10.20,3.541,88.81,19.99,19.97,0,1,102.35,6/2/2025,Good,7.989,0.0018,2.996,0.00066,17.98,1.997,0.014,3.994,0.00089,1.997,0.00044,19.34,0.549,3.994,0.00089,29.29,0.0065,0.333,3.329,0.012,2.497,0.250,1.997,19.97,0.00,0.028
-93.76000948,42.02094165,10,TaskName 6/2/2025 (GreenStar 4 Monitor),Surpass/agsaver/callisto/atrazine,26,6/2/2025,1.000,On,1099.1,121.25,0.00,6.570,9.633,2.670,89.03,19.99,20.06,0,1,96.52,6/2/2025,Good,8.024,0.0017,3.009,0.00063,18.05,2.006,0.013,4.012,0.00084,2.006,0.00042,19.43,0.521,4.012,0.00084,29.42,0.0062,0.334,3.343,0.011,2.507,0.251,2.006,20.06,0.00,0.027
-93.75998892,42.02094202,10,TaskName 6/2/2025 (GreenStar 4 Monitor),Surpass/agsaver/callisto/atrazine,27,6/2/2025,0.800,On,1098.6,121.25,0.00,5.678,6.625,1.749,89.56,19.99,20.05,0,1,82.99,6/2/2025,Good,8.020,0.0012,3.007,0.00043,18.04,2.005,0.0092,4.010,0.00058,2.005,0.00029,19.42,0.358,4.010,0.00058,29.41,0.0042,0.334,3.342,0.0077,2.506,0.251,2.005,20.05,0.00,0.018
-93.76000875,42.02060755,10,TaskName 6/2/2025 (GreenStar 4 Monitor),Surpass/agsaver/callisto/atrazine,28,6/2/2025,1.001,On,1097.9,121.25,0.00,5.125,7.526,9.842,270.38,19.99,21.14,0,2,75.34,6/2/2025,Good,8.455,0.0014,3.171,0.00052,19.02,2.114,0.011,4.228,0.00069,2.114,0.00035,20.47,0.429,4.228,0.00069,31.00,0.0051,0.352,3.523,0.0092,2.642,0.264,2.114,21.14,0.00,0.021
-93.76004719,42.02060782,10,TaskName 6/2/2025 (GreenStar 4 Monitor),Surpass/agsaver/callisto/atrazine,29,6/2/2025,0.999,On,1098.2,121.25,0.00,6.395,9.321,8.848,270.26,19.99,20.56,0,2,93.49,6/2/2025,Good,8.226,0.0017,3.085,0.00063,18.51,2.056,0.013,4.113,0.00083,2.056,0.00042,19.92,0.517,4.113,0.00083,30.16,0.0061,0.343,3.427,0.011,2.571,0.257,2.056,20.56,0.00,0.026
-93.76008832,42.02060830,10,TaskName 6/2/2025 (GreenStar 4 Monitor),Surpass/agsaver/callisto/atrazine,30,6/2/2025,1.000,On,1098.8,121.25,0.00,7.298,10.71,9.308,269.98,19.99,19.97,0,2,107.27,6/2/2025,Good,7.989,0.0019,2.996,0.00070,17.98,1.997,0.015,3.995,0.00093,1.997,0.00046,19.34,0.576,3.995,0.00093,29.29,0.0068,0.333,3.329,0.012,2.497,0.250,1.997,19.97,0.00,0.030
-93.76013287,42.02060880,10,TaskName 6/2/2025 (GreenStar 4 Monitor),Surpass/agsaver/callisto/atrazine,31,6/2/2025,1.000,On,1099.4,121.25,0.00,8.015,11.76,8.812,269.45,19.99,19.75,0,2,117.83,6/2/2025,Good,7.901,0.0020,2.963,0.00076,17.78,1.975,0.016,3.951,0.0010,1.975,0.00051,19.13,0.626,3.951,0.0010,28.97,0.0074,0.329,3.292,0.013,2.469,0.247,1.975,19.75,0.00,0.033
-93.76017935,42.02060851,10,TaskName 6/2/2025 (GreenStar 4 Monitor),Surpass/agsaver/callisto/atrazine,32,6/2/2025,1.000,On,1100.0,121.25,0.00,8.391,12.31,10.15,269.23,19.99,19.81,0,2,123.35,6/2/2025,Good,7.925,0.0021,2.972,0.00080,17.83,1.981,0.017,3.962,0.0011,1.981,0.00053,19.19,0.657,3.962,0.0011,29.06,0.0078,0.330,3.302,0.014,2.476,0.248,1.981,19.81,0.00,0.034
-93.76022632,42.02060798,10,TaskName 6/2/2025 (GreenStar 4 Monitor),Surpass/agsaver/callisto/atrazine,33,6/2/2025,0.995,On,1100.6,121.25,0.00,8.727,12.74,7.991,269.72,19.99,19.72,0,2,128.30,6/2/2025,Good,7.887,0.0022,2.958,0.00082,17.75,1.972,0.017,3.944,0.0011,1.972,0.00055,19.10,0.677,3.944,0.0011,28.92,0.0080,0.329,3.286,0.015,2.465,0.246,1.972,19.72,0.00,0.035
-93.76027280,42.02060798,10,TaskName 6/2/2025 (GreenStar 4 Monitor),Surpass/agsaver/callisto/atrazine,34,6/2/2025,1.001,On,1101.2,121.25,0.00,8.595,12.62,10.01,270.16,19.99,19.89,0,2,126.38,6/2/2025,Good,7.956,0.0022,2.983,0.00082,17.90,1.989,0.017,3.978,0.0011,1.989,0.00055,19.26,0.677,3.978,0.0011,29.17,0.0080,0.331,3.315,0.015,2.486,0.249,1.989,19.89,0.00,0.035
-93.76032144,42.02060808,10,TaskName 6/2/2025 (GreenStar 4 Monitor),Surpass/agsaver/callisto/atrazine,35,6/2/2025,1.004,On,1101.7,121.25,0.00,8.823,13.00,9.372,269.96,19.99,19.86,0,2,129.70,6/2/2025,Good,7.942,0.0022,2.978,0.00084,17.87,1.986,0.018,3.971,0.0011,1.986,0.00056,19.23,0.696,3.971,0.0011,29.12,0.0082,0.331,3.309,0.015,2.482,0.248,1.986,19.86,0.00,0.036
-93.76037111,42.02060844,10,TaskName 6/2/2025 (GreenStar 4 Monitor),Surpass/agsaver/callisto/atrazine,36,6/2/2025,1.000,On,1101.9,121.25,0.00,9.074,13.31,9.234,269.10,19.99,19.70,0,2,133.41,6/2/2025,Good,7.880,0.0023,2.955,0.00086,17.73,1.970,0.018,3.940,0.0011,1.970,0.00057,19.08,0.707,3.940,0.0011,28.89,0.0084,0.328,3.284,0.015,2.463,0.246,1.970,19.70,0.00,0.037
-93.76042271,42.02060751,10,TaskName 6/2/2025 (GreenStar 4 Monitor),Surpass/agsaver/callisto/atrazine,37,6/2/2025,1.000,On,1101.7,121.25,0.00,9.403,13.80,7.672,270.12,19.99,19.52,0,2,138.24,6/2/2025,Good,7.810,0.0023,2.929,0.00088,17.57,1.952,0.019,3.905,0.0012,1.952,0.00059,18.91,0.726,3.905,0.0012,28.64,0.0086,0.325,3.254,0.016,2.441,0.244,1.952,19.52,0.00,0.038
-93.76047502,42.02060740,10,TaskName 6/2/2025 (GreenStar 4 Monitor),Surpass/agsaver/callisto/atrazine,38,6/2/2025,1.000,On,1101.4,121.25,0.00,9.651,14.16,5.980,270.81,19.99,19.29,0,2,141.89,6/2/2025,Good,7.716,0.0024,2.893,0.00089,17.36,1.929,0.019,3.858,0.0012,1.929,0.00059,18.68,0.736,3.858,0.0012,28.29,0.0087,0.321,3.215,0.016,2.411,0.241,1.929,19.29,0.00,0.039
-93.76052742,42.02060797,10,TaskName 6/2/2025 (GreenStar 4 Monitor),Surpass/agsaver/callisto/atrazine,39,6/2/2025,1.000,On,1100.9,121.25,0.00,9.679,14.20,5.243,270.08,19.99,19.65,0,2,142.32,6/2/2025,Good,7.861,0.0024,2.948,0.00091,17.69,1.965,0.019,3.930,0.0012,1.965,0.00061,19.03,0.752,3.930,0.0012,28.82,0.0089,0.328,3.275,0.016,2.457,0.246,1.965,19.65,0.00,0.040
-93.76057912,42.02060811,10,TaskName 6/2/2025 (GreenStar 4 Monitor),Surpass/agsaver/callisto/atrazine,40,6/2/2025,1.000,On,1100.5,121.25,0.00,9.662,14.17,4.993,269.75,19.99,19.80,0,2,142.02,6/2/2025,Good,7.919,0.0024,2.969,0.00092,17.82,1.980,0.020,3.959,0.0012,1.980,0.00061,19.17,0.756,3.959,0.0012,29.03,0.0089,0.330,3.299,0.016,2.475,0.247,1.980,19.80,0.00,0.039
-93.76063052,42.02060790,10,TaskName 6/2/2025 (GreenStar 4 Monitor),Surpass/agsaver/callisto/atrazine,41,6/2/2025,0.996,On,1100.1,121.25,0.00,9.531,13.91,6.015,270.41,19.99,20.17,0,2,139.99,6/2/2025,Good,8.069,0.0024,3.026,0.00092,18.16,2.017,0.020,4.035,0.0012,2.017,0.00061,19.54,0.757,4.035,0.0012,29.59,0.0090,0.336,3.362,0.016,2.522,0.252,2.017,20.17,0.00,0.039
-93.76068264,42.02060835,10,TaskName 6/2/2025 (GreenStar 4 Monitor),Surpass/agsaver/callisto/atrazine,42,6/2/2025,1.004,On,1099.8,121.25,0.00,9.646,14.23,5.042,270.47,19.99,19.95,0,2,141.98,6/2/2025,Good,7.980,0.0025,2.993,0.00093,17.96,1.995,0.020,3.990,0.0012,1.995,0.00062,19.32,0.765,3.990,0.0012,29.26,0.0091,0.333,3.325,0.016,2.494,0.249,1.995,19.95,0.00,0.040
-93.76073405,42.02060919,10,TaskName 6/2/2025 (GreenStar 4 Monitor),Surpass/agsaver/callisto/atrazine,43,6/2/2025,1.000,On,1099.6,121.25,0.00,9.567,14.04,5.468,269.37,19.99,19.74,0,2,140.64,6/2/2025,Good,7.896,0.0024,2.961,0.00090,17.77,1.974,0.019,3.948,0.0012,1.974,0.00060,19.12,0.747,3.948,0.0012,28.95,0.0088,0.329,3.290,0.016,2.468,0.247,1.974,19.74,0.00,0.039
-93.76078538,42.02060897,10,TaskName 6/2/2025 (GreenStar 4 Monitor),Surpass/agsaver/callisto/atrazine,44,6/2/2025,1.000,On,1099.4,121.25,0.00,9.517,13.97,5.524,269.14,19.99,20.04,0,2,139.95,6/2/2025,Good,8.018,0.0024,3.007,0.00091,18.04,2.004,0.019,4.009,0.0012,2.004,0.00061,19.41,0.755,4.009,0.0012,29.40,0.0089,0.334,3.341,0.016,2.506,0.251,2.004,20.04,0.00,0.039
-93.76083681,42.02060820,10,TaskName 6/2/2025 (GreenStar 4 Monitor),Surpass/agsaver/callisto/atrazine,45,6/2/2025,0.995,On,1099.1,121.25,0.00,9.504,13.87,5.100,269.85,19.99,20.08,0,2,139.70,6/2/2025,Good,8.032,0.0024,3.012,0.00091,18.07,2.008,0.019,4.016,0.0012,2.008,0.00061,19.45,0.751,4.016,0.0012,29.45,0.0089,0.335,3.346,0.016,2.510,0.251,2.008,20.08,0.00,0.039
-93.76088882,42.02060790,10,TaskName 6/2/2025 (GreenStar 4 Monitor),Surpass/agsaver/callisto/atrazine,46,6/2/2025,1.005,On,1098.8,121.25,0.00,9.593,14.14,6.066,270.58,19.99,19.80,0,2,140.99,6/2/2025,Good,7.921,0.0024,2.971,0.00091,17.82,1.980,0.019,3.961,0.0012,1.980,0.00061,19.18,0.755,3.961,0.0012,29.05,0.0089,0.330,3.301,0.016,2.475,0.248,1.980,19.80,0.00,0.039
-93.76094245,42.02060830,10,TaskName 6/2/2025 (GreenStar 4 Monitor),Surpass/agsaver/callisto/atrazine,47,6/2/2025,0.995,On,1098.5,121.25,0.00,9.773,14.27,5.926,270.31,19.99,19.93,0,2,143.70,6/2/2025,Good,7.972,0.0025,2.989,0.00093,17.94,1.993,0.020,3.986,0.0012,1.993,0.00062,19.30,0.767,3.986,0.0012,29.23,0.0091,0.332,3.322,0.016,2.491,0.249,1.993,19.93,0.00,0.040
-93.76099621,42.02060860,10,TaskName 6/2/2025 (GreenStar 4 Monitor),Surpass/agsaver/callisto/atrazine,48,6/2/2025,1.000,On,1098.3,121.25,0.00,9.982,14.65,4.603,269.59,19.99,19.28,0,2,146.76,6/2/2025,Good,7.712,0.0025,2.892,0.00092,17.35,1.928,0.020,3.856,0.0012,1.928,0.00061,18.67,0.761,3.856,0.0012,28.28,0.0090,0.321,3.213,0.016,2.410,0.241,1.928,19.28,0.00,0.041
-93.76104934,42.02060827,10,TaskName 6/2/2025 (GreenStar 4 Monitor),Surpass/agsaver/callisto/atrazine,49,6/2/2025,1.005,On,1098.1,121.25,0.00,9.909,14.61,4.812,269.61,19.99,19.78,0,2,145.67,6/2/2025,Good,7.912,0.0025,2.967,0.00094,17.80,1.978,0.020,3.956,0.0013,1.978,0.00063,19.16,0.779,3.956,0.0013,29.01,0.0092,0.330,3.297,0.017,2.473,0.247,1.978,19.78,0.00,0.041
-93.76110244,42.02060750,10,TaskName 6/2/2025 (GreenStar 4 Monitor),Surpass/agsaver/callisto/atrazine,50,6/2/2025,0.995,On,1097.9,121.25,0.00,9.786,14.28,5.302,270.51,19.99,20.00,0,2,143.86,6/2/2025,Good,7.998,0.0025,2.999,0.00093,18.00,2.000,0.020,3.999,0.0012,2.000,0.00062,19.37,0.770,3.999,0.0012,29.33,0.0091,0.333,3.333,0.017,2.499,0.250,2.000,20.00,0.00,0.040
-93.76115614,42.02060741,10,TaskName 6/2/2025 (GreenStar 4 Monitor),Surpass/agsaver/callisto/atrazine,51,6/2/2025,1.005,On,1097.8,121.25,0.00,9.889,14.58,6.487,271.04,19.99,19.95,0,2,145.37,6/2/2025,Good,7.979,0.0025,2.992,0.00095,17.95,1.995,0.020,3.990,0.0013,1.995,0.00063,19.32,0.784,3.990,0.0013,29.26,0.0093,0.332,3.325,0.017,2.493,0.249,1.995,19.95,0.00,0.041
-93.76121100,42.02060803,10,TaskName 6/2/2025 (GreenStar 4 Monitor),Surpass/agsaver/callisto/atrazine,52,6/2/2025,1.000,On,1097.7,121.25,0.00,10.12,14.85,6.156,270.44,19.99,19.66,0,2,148.80,6/2/2025,Good,7.863,0.0025,2.949,0.00095,17.69,1.966,0.020,3.931,0.0013,1.966,0.00063,19.04,0.787,3.931,0.0013,28.83,0.0093,0.328,3.276,0.017,2.457,0.246,1.966,19.66,0.00,0.041
-93.76126575,42.02060838,10,TaskName 6/2/2025 (GreenStar 4 Monitor),Surpass/agsaver/callisto/atrazine,53,6/2/2025,0.995,On,1097.6,121.25,0.00,10.12,14.77,5.661,269.95,19.99,19.76,0,2,148.78,6/2/2025,Good,7.906,0.0025,2.965,0.00095,17.79,1.976,0.020,3.953,0.0013,1.976,0.00063,19.14,0.787,3.953,0.0013,28.99,0.0093,0.329,3.294,0.017,2.471,0.247,1.976,19.76,0.00,0.041
-93.76131944,42.02060822,10,TaskName 6/2/2025 (GreenStar 4 Monitor),Surpass/agsaver/callisto/atrazine,54,6/2/2025,1.005,On,1097.6,121.25,0.00,10.07,14.84,6.732,270.44,19.99,19.88,0,2,147.98,6/2/2025,Good,7.951,0.0026,2.982,0.00096,17.89,1.988,0.021,3.976,0.0013,1.988,0.00064,19.25,0.795,3.976,0.0013,29.15,0.0094,0.331,3.313,0.017,2.485,0.248,1.988,19.88,0.00,0.041
-93.76137333,42.02060839,10,TaskName 6/2/2025 (GreenStar 4 Monitor),Surpass/agsaver/callisto/atrazine,55,6/2/2025,1.000,On,1097.6,121.25,0.00,9.938,14.57,7.197,270.34,19.99,20.25,0,2,145.97,6/2/2025,Good,8.099,0.0026,3.037,0.00096,18.22,2.025,0.021,4.049,0.0013,2.025,0.00064,19.61,0.795,4.049,0.0013,29.70,0.0094,0.337,3.375,0.017,2.531,0.253,2.025,20.25,0.00,0.041
-93.76142747,42.02060879,10,TaskName 6/2/2025 (GreenStar 4 Monitor),Surpass/agsaver/callisto/atrazine,56,6/2/2025,0.995,On,1097.5,121.25,0.00,10.01,14.61,6.567,269.83,19.99,19.93,0,2,147.13,6/2/2025,Good,7.973,0.0025,2.990,0.00095,17.94,1.993,0.020,3.986,0.0013,1.993,0.00063,19.30,0.785,3.986,0.0013,29.23,0.0093,0.332,3.322,0.017,2.492,0.249,1.993,19.93,0.00,0.041
-93.76148150,42.02060867,10,TaskName 6/2/2025 (GreenStar 4 Monitor),Surpass/agsaver/callisto/atrazine,57,6/2/2025,1.000,On,1097.5,121.25,0.00,10.02,14.69,6.365,269.86,19.99,19.82,0,2,147.19,6/2/2025,Good,7.928,0.0025,2.973,0.00095,17.84,1.982,0.020,3.964,0.0013,1.982,0.00063,19.20,0.785,3.964,0.0013,29.07,0.0093,0.330,3.303,0.017,2.478,0.248,1.982,19.82,0.00,0.041
-93.76153603,42.02060846,10,TaskName 6/2/2025 (GreenStar 4 Monitor),Surpass/agsaver/callisto/atrazine,58,6/2/2025,1.000,On,1097.5,121.25,0.00,10.05,14.73,6.251,270.05,19.99,19.97,0,2,147.65,6/2/2025,Good,7.989,0.0026,2.996,0.00096,17.98,1.997,0.020,3.994,0.0013,1.997,0.00064,19.34,0.793,3.994,0.0013,29.29,0.0094,0.333,3.329,0.017,2.497,0.250,1.997,19.97,0.00,0.041
-93.76159031,42.02060867,10,TaskName 6/2/2025 (GreenStar 4 Monitor),Surpass/agsaver/callisto/atrazine,59,6/2/2025,1.000,On,1097.5,121.25,0.00,10.05,14.74,6.266,270.09,19.99,19.72,0,2,147.71,6/2/2025,Good,7.889,0.0025,2.958,0.00095,17.75,1.972,0.020,3.944,0.0013,1.972,0.00063,19.10,0.784,3.944,0.0013,28.93,0.0093,0.329,3.287,0.017,2.465,0.247,1.972,19.72,0.00,0.041
-93.76164417,42.02060894,10,TaskName 6/2/2025 (GreenStar 4 Monitor),Surpass/agsaver/callisto/atrazine,60,6/2/2025,1.000,On,1097.5,121.25,0.00,10.04,14.72,6.634,269.98,19.99,20.00,0,2,147.51,6/2/2025,Good,8.001,0.0026,3.000,0.00096,18.00,2.000,0.020,4.001,0.0013,2.000,0.00064,19.37,0.794,4.001,0.0013,29.34,0.0094,0.333,3.334,0.017,2.500,0.250,2.000,20.00,0.00,0.041
-93.76169873,42.02060907,10,TaskName 6/2/2025 (GreenStar 4 Monitor),Surpass/agsaver/callisto/atrazine,61,6/2/2025,1.000,On,1097.5,121.25,0.00,10.02,14.69,6.872,269.65,19.99,20.01,0,2,147.22,6/2/2025,Good,8.002,0.0026,3.001,0.00096,18.01,2.001,0.020,4.001,0.0013,2.001,0.00064,19.38,0.792,4.001,0.0013,29.34,0.0094,0.333,3.334,0.017,2.501,0.250,2.001,20.01,0.00,0.041
-93.76175340,42.02060899,10,TaskName 6/2/2025 (GreenStar 4 Monitor),Surpass/agsaver/callisto/atrazine,62,6/2/2025,1.000,On,1097.4,121.25,0.00,10.13,14.86,6.192,269.70,19.99,19.71,0,2,148.90,6/2/2025,Good,7.885,0.0025,2.957,0.00096,17.74,1.971,0.020,3.942,0.0013,1.971,0.00064,19.09,0.790,3.942,0.0013,28.91,0.0093,0.329,3.285,0.017,2.464,0.246,1.971,19.71,0.00,0.041
-93.76180788,42.02060875,10,TaskName 6/2/2025 (GreenStar 4 Monitor),Surpass/agsaver/callisto/atrazine,63,6/2/2025,1.000,On,1097.4,121.25,0.00,10.11,14.83,6.335,269.82,19.99,19.83,0,2,148.60,6/2/2025,Good,7.933,0.0026,2.975,0.00096,17.85,1.983,0.020,3.967,0.0013,1.983,0.00064,19.21,0.793,3.967,0.0013,29.09,0.0094,0.331,3.306,0.017,2.479,0.248,1.983,19.83,0.00,0.041
-93.76186221,42.02060854,10,TaskName 6/2/2025 (GreenStar 4 Monitor),Surpass/agsaver/callisto/atrazine,64,6/2/2025,1.000,On,1097.3,121.25,0.00,10.08,14.78,5.006,270.19,19.99,19.94,0,2,148.07,6/2/2025,Good,7.977,0.0026,2.991,0.00096,17.95,1.994,0.021,3.988,0.0013,1.994,0.00064,19.31,0.794,3.988,0.0013,29.25,0.0094,0.332,3.324,0.017,2.493,0.249,1.994,19.94,0.00,0.041
-93.76191395,42.02060858,10,TaskName 6/2/2025 (GreenStar 4 Monitor),Surpass/agsaver/callisto/atrazine,65,6/2/2025,1.000,On,1097.1,121.25,0.00,9.809,14.38,5.188,270.51,19.99,20.06,0,2,144.10,6/2/2025,Good,8.025,0.0025,3.009,0.00094,18.06,2.006,0.020,4.012,0.0013,2.006,0.00063,19.43,0.778,4.012,0.0013,29.42,0.0092,0.334,3.344,0.017,2.508,0.251,2.006,20.06,0.00,0.040
-93.76196449,42.02060900,10,TaskName 6/2/2025 (GreenStar 4 Monitor),Surpass/agsaver/callisto/atrazine,66,6/2/2025,1.000,On,1097.1,121.25,0.00,9.571,14.03,4.736,270.14,19.99,20.54,0,2,140.61,6/2/2025,Good,8.215,0.0025,3.081,0.00094,18.48,2.054,0.020,4.108,0.0013,2.054,0.00063,19.89,0.777,4.108,0.0013,30.12,0.0092,0.342,3.423,0.017,2.567,0.257,2.054,20.54,0.00,0.039
-93.76201094,42.02060913,10,TaskName 6/2/2025 (GreenStar 4 Monitor),Surpass/agsaver/callisto/atrazine,67,6/2/2025,1.000,On,1097.4,121.25,0.00,9.062,13.28,3.419,269.81,19.99,20.36,0,2,133.08,6/2/2025,Good,8.142,0.0024,3.053,0.00088,18.32,2.036,0.019,4.071,0.0012,2.036,0.00059,19.71,0.729,4.071,0.0012,29.86,0.0086,0.339,3.393,0.016,2.544,0.254,2.036,20.36,0.00,0.037
-93.76204979,42.02060923,10,TaskName 6/2/2025 (GreenStar 4 Monitor),Surpass/agsaver/callisto/atrazine,68,6/2/2025,1.000,On,1097.9,121.25,0.00,7.946,11.62,3.815,269.80,19.99,20.54,0,2,116.45,6/2/2025,Good,8.218,0.0021,3.082,0.00078,18.49,2.054,0.017,4.109,0.0010,2.054,0.00052,19.90,0.644,4.109,0.0010,30.13,0.0076,0.342,3.424,0.014,2.568,0.257,2.054,20.54,0.00,0.032
-93.76208371,42.02060886,10,TaskName 6/2/2025 (GreenStar 4 Monitor),Surpass/agsaver/callisto/atrazine,69,6/2/2025,1.000,On,1097.9,121.25,0.00,6.668,9.760,6.350,270.38,19.99,20.86,0,2,97.81,6/2/2025,Good,8.344,0.0018,3.129,0.00066,18.77,2.086,0.014,4.172,0.00089,2.086,0.00044,20.20,0.549,4.172,0.00089,30.59,0.0065,0.348,3.477,0.012,2.607,0.261,2.086,20.86,0.00,0.027
-93.76209084,42.02060887,10,TaskName 6/2/2025 (GreenStar 4 Monitor),Surpass/agsaver/callisto/atrazine,70,6/2/2025,0.200,On,1098.1,121.25,0.00,6.353,1.864,3.170,270.40,19.99,20.68,0,2,93.40,6/2/2025,Good,8.270,0.00034,3.101,0.00013,18.61,2.068,0.0027,4.135,0.00017,2.068,8.382e-05,20.02,0.104,4.135,0.00017,30.32,0.0012,0.345,3.446,0.0022,2.584,0.258,2.068,20.68,0.00,0.0052
-93.76210239,42.02028044,10,TaskName 6/2/2025 (GreenStar 4 Monitor),Surpass/agsaver/callisto/atrazine,71,6/2/2025,0.195,On,1095.2,35.00,43.12,2.228,0.638,3.969,89.96,19.99,28.95,0,3,9.461,6/2/2025,Over Target,11.58,4.636e-05,4.343,1.739e-05,26.06,2.895,0.00037,5.790,2.318e-05,2.895,1.159e-05,28.04,0.014,5.790,2.318e-05,42.46,0.00017,0.483,4.825,0.00031,3.619,0.362,2.895,28.95,0.00,0.00051
-93.76209248,42.02028094,10,TaskName 6/2/2025 (GreenStar 4 Monitor),Surpass/agsaver/callisto/atrazine,72,6/2/2025,0.400,On,1095.0,120.00,0.625,3.184,1.853,5.322,90.94,19.99,23.68,0,3,45.94,6/2/2025,Over Target,9.474,0.00038,3.553,0.00014,21.32,2.368,0.0030,4.737,0.00019,2.368,9.446e-05,22.94,0.117,4.737,0.00019,34.74,0.0014,0.395,3.947,0.0025,2.961,0.296,2.368,23.68,0.00,0.0051
-93.76206375,42.02028122,10,TaskName 6/2/2025 (GreenStar 4 Monitor),Surpass/agsaver/callisto/atrazine,73,6/2/2025,1.000,On,1094.9,118.75,1.250,4.610,6.699,4.931,91.71,19.99,21.29,0,3,65.75,6/2/2025,Good,8.516,0.0012,3.193,0.00046,19.16,2.129,0.0097,4.258,0.00061,2.129,0.00030,20.62,0.377,4.258,0.00061,31.22,0.0045,0.355,3.548,0.0081,2.661,0.266,2.129,21.29,0.00,0.018
-93.76202992,42.02028017,10,TaskName 6/2/2025 (GreenStar 4 Monitor),Surpass/agsaver/callisto/atrazine,74,6/2/2025,1.000,On,1095.0,118.75,1.250,5.633,8.241,6.845,90.51,19.99,20.50,0,3,80.88,6/2/2025,Good,8.198,0.0014,3.074,0.00054,18.45,2.050,0.012,4.099,0.00072,2.050,0.00036,19.85,0.446,4.099,0.00072,30.06,0.0053,0.342,3.416,0.0096,2.562,0.256,2.050,20.50,0.00,0.022
-93.76199168,42.02027964,10,TaskName 6/2/2025 (GreenStar 4 Monitor),Surpass/agsaver/callisto/atrazine,75,6/2/2025,1.000,On,1094.9,118.75,1.250,6.786,9.944,5.190,90.00,19.99,19.95,0,3,97.59,6/2/2025,Good,7.978,0.0017,2.992,0.00063,17.95,1.995,0.014,3.989,0.00084,1.995,0.00042,19.32,0.524,3.989,0.00084,29.25,0.0062,0.332,3.324,0.011,2.493,0.249,1.995,19.95,0.00,0.027
-93.76195160,42.02027973,10,TaskName 6/2/2025 (GreenStar 4 Monitor),Surpass/agsaver/callisto/atrazine,76,6/2/2025,0.995,On,1094.9,118.75,1.250,7.174,10.47,6.106,90.32,19.99,19.90,0,3,103.29,6/2/2025,Good,7.959,0.0018,2.985,0.00067,17.91,1.990,0.014,3.980,0.00089,1.990,0.00044,19.27,0.550,3.980,0.00089,29.18,0.0065,0.332,3.316,0.012,2.487,0.249,1.990,19.90,0.00,0.029
-93.76191046,42.02027954,10,TaskName 6/2/2025 (GreenStar 4 Monitor),Surpass/agsaver/callisto/atrazine,77,6/2/2025,1.005,On,1095.0,118.75,1.250,7.557,11.14,6.227,90.73,19.99,19.77,0,3,108.80,6/2/2025,Good,7.909,0.0019,2.966,0.00070,17.79,1.977,0.015,3.954,0.00094,1.977,0.00047,19.15,0.582,3.954,0.00094,29.00,0.0069,0.330,3.295,0.013,2.471,0.247,1.977,19.77,0.00,0.030
-93.76186823,42.02027918,10,TaskName 6/2/2025 (GreenStar 4 Monitor),Surpass/agsaver/callisto/atrazine,78,6/2/2025,1.000,On,1094.9,118.75,1.250,7.740,11.35,6.336,90.84,19.99,19.88,0,3,111.41,6/2/2025,Good,7.953,0.0019,2.983,0.00072,17.90,1.988,0.015,3.977,0.00096,1.988,0.00048,19.26,0.596,3.977,0.00096,29.16,0.0071,0.331,3.314,0.013,2.485,0.249,1.988,19.88,0.00,0.031
-93.76182577,42.02027810,10,TaskName 6/2/2025 (GreenStar 4 Monitor),Surpass/agsaver/callisto/atrazine,79,6/2/2025,1.000,On,1094.9,118.75,1.250,7.849,11.52,6.303,89.45,19.99,19.75,0,3,113.05,6/2/2025,Good,7.902,0.0019,2.963,0.00073,17.78,1.975,0.016,3.951,0.00097,1.975,0.00048,19.13,0.601,3.951,0.00097,28.97,0.0071,0.329,3.292,0.013,2.469,0.247,1.975,19.75,0.00,0.031
-93.76178347,42.02027783,10,TaskName 6/2/2025 (GreenStar 4 Monitor),Surpass/agsaver/callisto/atrazine,80,6/2/2025,1.000,On,1094.9,120.00,0.625,7.839,11.50,6.626,88.46,19.99,19.88,0,3,114.04,6/2/2025,Good,7.950,0.0020,2.981,0.00074,17.89,1.988,0.016,3.975,0.00098,1.988,0.00049,19.25,0.610,3.975,0.00098,29.15,0.0072,0.331,3.313,0.013,2.484,0.248,1.988,19.88,0.00,0.032
-93.76174002,42.02027857,10,TaskName 6/2/2025 (GreenStar 4 Monitor),Surpass/agsaver/callisto/atrazine,81,6/2/2025,1.000,On,1094.9,120.00,0.625,7.935,11.64,6.286,88.81,19.99,19.94,0,3,115.47,6/2/2025,Good,7.977,0.0020,2.991,0.00075,17.95,1.994,0.016,3.988,0.00100,1.994,0.00050,19.31,0.620,3.988,0.00100,29.25,0.0073,0.332,3.324,0.013,2.493,0.249,1.994,19.94,0.00,0.032
-93.76172285,42.02027887,10,TaskName 6/2/2025 (GreenStar 4 Monitor),Surpass/agsaver/callisto/atrazine,82,6/2/2025,0.400,On,1094.9,120.00,0.625,8.069,4.735,5.890,89.20,19.99,19.82,0,3,117.39,6/2/2025,Good,7.930,0.00081,2.974,0.00030,17.84,1.982,0.0065,3.965,0.00040,1.982,0.00020,19.20,0.250,3.965,0.00040,29.08,0.0030,0.330,3.304,0.0054,2.478,0.248,1.982,19.82,0.00,0.013
-93.76167829,42.02027957,10,TaskName 6/2/2025 (GreenStar 4 Monitor),Surpass/agsaver/callisto/atrazine,83,6/2/2025,1.000,On,1094.9,118.75,1.250,8.055,11.81,7.773,90.29,19.99,20.00,0,3,115.95,6/2/2025,Good,8.001,0.0020,3.000,0.00075,18.00,2.000,0.016,4.001,0.0010,2.000,0.00050,19.37,0.624,4.001,0.0010,29.34,0.0074,0.333,3.334,0.013,2.500,0.250,2.000,20.00,0.00,0.032
-93.76163161,42.02027931,10,TaskName 6/2/2025 (GreenStar 4 Monitor),Surpass/agsaver/callisto/atrazine,84,6/2/2025,1.000,On,1094.8,118.75,1.250,8.488,12.45,7.435,90.12,19.99,19.83,0,3,122.19,6/2/2025,Good,7.931,0.0021,2.974,0.00079,17.84,1.983,0.017,3.965,0.0011,1.983,0.00053,19.20,0.652,3.965,0.0011,29.08,0.0077,0.330,3.304,0.014,2.478,0.248,1.983,19.83,0.00,0.034
-93.76161218,42.02027905,10,TaskName 6/2/2025 (GreenStar 4 Monitor),Surpass/agsaver/callisto/atrazine,85,6/2/2025,0.400,On,1094.8,120.00,0.625,8.719,5.119,6.529,89.83,19.99,19.88,0,3,126.91,6/2/2025,Good,7.954,0.00088,2.983,0.00033,17.90,1.988,0.0070,3.977,0.00044,1.988,0.00022,19.26,0.272,3.977,0.00044,29.16,0.0032,0.331,3.314,0.0058,2.486,0.249,1.988,19.88,0.00,0.014
-93.76156641,42.02027906,10,TaskName 6/2/2025 (GreenStar 4 Monitor),Surpass/agsaver/callisto/atrazine,86,6/2/2025,1.000,On,1094.8,118.75,1.250,8.751,12.83,4.655,89.41,19.99,19.71,0,3,125.93,6/2/2025,Good,7.885,0.0022,2.957,0.00081,17.74,1.971,0.017,3.943,0.0011,1.971,0.00054,19.09,0.668,3.943,0.0011,28.91,0.0079,0.329,3.285,0.014,2.464,0.246,1.971,19.71,0.00,0.035
-93.76152169,42.02027980,10,TaskName 6/2/2025 (GreenStar 4 Monitor),Surpass/agsaver/callisto/atrazine,87,6/2/2025,1.000,On,1094.8,118.75,1.250,8.304,12.19,7.282,90.05,19.99,20.07,0,3,119.58,6/2/2025,Good,8.029,0.0021,3.011,0.00078,18.07,2.007,0.017,4.015,0.0010,2.007,0.00052,19.44,0.646,4.015,0.0010,29.44,0.0076,0.335,3.345,0.014,2.509,0.251,2.007,20.07,0.00,0.033
-93.76147506,42.02028011,10,TaskName 6/2/2025 (GreenStar 4 Monitor),Surpass/agsaver/callisto/atrazine,88,6/2/2025,1.000,On,1094.8,118.75,1.250,8.436,12.37,7.050,90.93,19.99,19.98,0,3,121.42,6/2/2025,Good,7.992,0.0021,2.997,0.00079,17.98,1.998,0.017,3.996,0.0011,1.998,0.00053,19.35,0.653,3.996,0.0011,29.30,0.0077,0.333,3.330,0.014,2.497,0.250,1.998,19.98,0.00,0.034
-93.76142710,42.02027956,10,TaskName 6/2/2025 (GreenStar 4 Monitor),Surpass/agsaver/callisto/atrazine,89,6/2/2025,1.000,On,1094.8,118.75,1.250,8.799,12.91,6.210,90.57,19.99,19.90,0,3,126.70,6/2/2025,Good,7.961,0.0022,2.985,0.00082,17.91,1.990,0.018,3.981,0.0011,1.990,0.00055,19.28,0.678,3.981,0.0011,29.19,0.0080,0.332,3.317,0.015,2.488,0.249,1.990,19.90,0.00,0.035
-93.76138074,42.02027878,10,TaskName 6/2/2025 (GreenStar 4 Monitor),Surpass/agsaver/callisto/atrazine,90,6/2/2025,1.000,On,1094.7,118.75,1.250,8.805,12.91,4.826,89.42,19.99,19.71,0,3,126.73,6/2/2025,Good,7.883,0.0022,2.956,0.00081,17.74,1.971,0.017,3.941,0.0011,1.971,0.00054,19.09,0.672,3.941,0.0011,28.90,0.0079,0.328,3.284,0.014,2.463,0.246,1.971,19.71,0.00,0.035
-93.76133496,42.02027887,10,TaskName 6/2/2025 (GreenStar 4 Monitor),Surpass/agsaver/callisto/atrazine,91,6/2/2025,1.000,On,1094.7,120.00,0.625,8.438,12.38,6.992,89.42,19.99,19.96,0,3,122.73,6/2/2025,Good,7.986,0.0021,2.995,0.00080,17.97,1.996,0.017,3.993,0.0011,1.996,0.00053,19.34,0.659,3.993,0.0011,29.28,0.0078,0.333,3.327,0.014,2.496,0.250,1.996,19.96,0.00,0.034
-93.76131628,42.02027920,10,TaskName 6/2/2025 (GreenStar 4 Monitor),Surpass/agsaver/callisto/atrazine,92,6/2/2025,0.400,On,1094.7,120.00,0.625,8.534,5.007,6.716,89.67,19.99,20.02,0,3,124.15,6/2/2025,Good,8.009,0.00086,3.004,0.00032,18.02,2.002,0.0069,4.005,0.00043,2.002,0.00022,19.39,0.268,4.005,0.00043,29.37,0.0032,0.334,3.337,0.0058,2.503,0.250,2.002,20.02,0.00,0.014
-93.76126944,42.02027974,10,TaskName 6/2/2025 (GreenStar 4 Monitor),Surpass/agsaver/callisto/atrazine,93,6/2/2025,1.000,On,1094.7,118.75,1.250,8.666,12.71,6.305,90.38,19.99,19.97,0,3,124.74,6/2/2025,Good,7.990,0.0022,2.996,0.00081,17.98,1.997,0.017,3.995,0.0011,1.997,0.00054,19.35,0.670,3.995,0.0011,29.30,0.0079,0.333,3.329,0.014,2.497,0.250,1.997,19.97,0.00,0.035
-93.76122229,42.02027977,10,TaskName 6/2/2025 (GreenStar 4 Monitor),Surpass/agsaver/callisto/atrazine,94,6/2/2025,1.000,On,1094.7,118.75,1.250,8.710,12.78,6.045,90.77,19.99,19.88,0,3,125.38,6/2/2025,Good,7.951,0.0022,2.981,0.00081,17.89,1.988,0.017,3.975,0.0011,1.988,0.00054,19.25,0.670,3.975,0.0011,29.15,0.0079,0.331,3.313,0.014,2.485,0.248,1.988,19.88,0.00,0.035
-93.76117484,42.02027927,10,TaskName 6/2/2025 (GreenStar 4 Monitor),Surpass/agsaver/callisto/atrazine,95,6/2/2025,1.000,On,1094.7,118.75,1.250,8.738,12.82,6.034,90.20,19.99,19.88,0,3,125.80,6/2/2025,Good,7.951,0.0022,2.982,0.00081,17.89,1.988,0.017,3.975,0.0011,1.988,0.00054,19.25,0.673,3.975,0.0011,29.15,0.0080,0.331,3.313,0.014,2.485,0.248,1.988,19.88,0.00,0.035
-93.76112750,42.02027890,10,TaskName 6/2/2025 (GreenStar 4 Monitor),Surpass/agsaver/callisto/atrazine,96,6/2/2025,1.000,On,1094.7,118.75,1.250,8.803,12.91,4.982,89.79,19.99,19.88,0,3,126.73,6/2/2025,Good,7.951,0.0022,2.982,0.00082,17.89,1.988,0.017,3.976,0.0011,1.988,0.00055,19.25,0.678,3.976,0.0011,29.15,0.0080,0.331,3.313,0.015,2.485,0.248,1.988,19.88,0.00,0.035
-93.76109951,42.02027907,10,TaskName 6/2/2025 (GreenStar 4 Monitor),Surpass/agsaver/callisto/atrazine,97,6/2/2025,0.600,On,1094.7,120.00,0.625,8.754,7.706,5.032,89.97,19.99,19.95,0,3,127.37,6/2/2025,Good,7.978,0.0013,2.992,0.00050,17.95,1.995,0.011,3.989,0.00066,1.995,0.00033,19.32,0.410,3.989,0.00066,29.25,0.0049,0.332,3.324,0.0088,2.493,0.249,1.995,19.95,0.00,0.021
-93.76107193,42.02027907,10,TaskName 6/2/2025 (GreenStar 4 Monitor),Surpass/agsaver/callisto/atrazine,98,6/2/2025,0.600,On,1094.7,118.75,1.250,8.603,7.572,5.719,90.10,19.99,20.03,0,3,123.84,6/2/2025,Good,8.014,0.0013,3.005,0.00048,18.03,2.003,0.010,4.007,0.00065,2.003,0.00032,19.40,0.400,4.007,0.00065,29.38,0.0047,0.334,3.339,0.0086,2.504,0.250,2.003,20.03,0.00,0.021
-93.76102585,42.02027906,10,TaskName 6/2/2025 (GreenStar 4 Monitor),Surpass/agsaver/callisto/atrazine,99,6/2/2025,0.996,On,1094.8,120.00,0.625,8.528,12.46,5.889,90.03,19.99,20.09,0,3,124.10,6/2/2025,Good,8.035,0.0022,3.013,0.00081,18.08,2.009,0.017,4.018,0.0011,2.009,0.00054,19.46,0.668,4.018,0.0011,29.46,0.0079,0.335,3.348,0.014,2.511,0.251,2.009,20.09,0.00,0.034
-93.76098043,42.02027907,10,TaskName 6/2/2025 (GreenStar 4 Monitor),Surpass/agsaver/callisto/atrazine,100,6/2/2025,1.004,On,1094.9,120.00,0.625,8.477,12.48,5.389,89.84,19.99,20.05,0,3,123.31,6/2/2025,Good,8.021,0.0022,3.008,0.00081,18.05,2.005,0.017,4.011,0.0011,2.005,0.00054,19.42,0.668,4.011,0.0011,29.41,0.0079,0.334,3.342,0.014,2.507,0.251,2.005,20.05,0.00,0.034
-93.76093592,42.02027916,10,TaskName 6/2/2025 (GreenStar 4 Monitor),Surpass/agsaver/callisto/atrazine,101,6/2/2025,1.000,On,1095.0,120.00,0.625,8.360,12.26,5.080,90.14,19.99,19.93,0,3,121.62,6/2/2025,Good,7.970,0.0021,2.989,0.00079,17.93,1.993,0.017,3.985,0.0011,1.993,0.00053,19.30,0.652,3.985,0.0011,29.22,0.0077,0.332,3.321,0.014,2.491,0.249,1.993,19.93,0.00,0.034
-93.76089166,42.02027943,10,TaskName 6/2/2025 (GreenStar 4 Monitor),Surpass/agsaver/callisto/atrazine,102,6/2/2025,1.000,On,1095.1,120.00,0.625,8.202,12.03,5.729,90.49,19.99,19.97,0,3,119.35,6/2/2025,Good,7.986,0.0021,2.995,0.00078,17.97,1.997,0.017,3.993,0.0010,1.997,0.00052,19.34,0.641,3.993,0.0010,29.28,0.0076,0.333,3.328,0.014,2.496,0.250,1.997,19.97,0.00,0.033
-93.76084756,42.02027940,10,TaskName 6/2/2025 (GreenStar 4 Monitor),Surpass/agsaver/callisto/atrazine,103,6/2/2025,1.001,On,1095.3,120.00,0.625,8.192,12.02,6.844,90.45,19.99,20.05,0,3,119.06,6/2/2025,Good,8.021,0.0021,3.008,0.00078,18.05,2.005,0.017,4.010,0.0010,2.005,0.00052,19.42,0.643,4.010,0.0010,29.41,0.0076,0.334,3.342,0.014,2.506,0.251,2.005,20.05,0.00,0.033
-93.76080231,42.02027894,10,TaskName 6/2/2025 (GreenStar 4 Monitor),Surpass/agsaver/callisto/atrazine,104,6/2/2025,0.994,On,1095.5,120.00,0.625,8.235,12.02,7.694,90.09,19.99,20.01,0,3,119.90,6/2/2025,Good,8.005,0.0021,3.002,0.00078,18.01,2.001,0.017,4.003,0.0010,2.001,0.00052,19.38,0.642,4.003,0.0010,29.35,0.0076,0.334,3.336,0.014,2.502,0.250,2.001,20.01,0.00,0.033
-93.76075595,42.02027894,10,TaskName 6/2/2025 (GreenStar 4 Monitor),Surpass/agsaver/callisto/atrazine,105,6/2/2025,1.000,On,1095.7,120.00,0.625,8.545,12.54,6.759,90.03,19.99,19.93,0,3,124.32,6/2/2025,Good,7.973,0.0022,2.990,0.00081,17.94,1.993,0.017,3.987,0.0011,1.993,0.00054,19.31,0.667,3.987,0.0011,29.24,0.0079,0.332,3.322,0.014,2.492,0.249,1.993,19.93,0.00,0.035
-93.76070993,42.02027899,10,TaskName 6/2/2025 (GreenStar 4 Monitor),Surpass/agsaver/callisto/atrazine,106,6/2/2025,1.005,On,1095.9,120.00,0.625,8.535,12.58,7.011,89.94,19.99,19.91,0,3,124.16,6/2/2025,Good,7.962,0.0022,2.986,0.00081,17.92,1.991,0.017,3.981,0.0011,1.991,0.00054,19.28,0.668,3.981,0.0011,29.20,0.0079,0.332,3.318,0.014,2.488,0.249,1.991,19.91,0.00,0.035
-93.76066316,42.02027929,10,TaskName 6/2/2025 (GreenStar 4 Monitor),Surpass/agsaver/callisto/atrazine,107,6/2/2025,0.995,On,1096.1,120.00,0.625,8.599,12.55,6.785,90.39,19.99,19.90,0,3,125.10,6/2/2025,Good,7.960,0.0022,2.985,0.00081,17.91,1.990,0.017,3.980,0.0011,1.990,0.00054,19.27,0.666,3.980,0.0011,29.19,0.0079,0.332,3.317,0.014,2.488,0.249,1.990,19.90,0.00,0.035
-93.76061661,42.02027934,10,TaskName 6/2/2025 (GreenStar 4 Monitor),Surpass/agsaver/callisto/atrazine,108,6/2/2025,1.001,On,1096.2,120.00,0.625,8.627,12.65,6.652,90.86,19.99,19.83,0,3,125.32,6/2/2025,Good,7.931,0.0022,2.974,0.00081,17.84,1.983,0.017,3.965,0.0011,1.983,0.00054,19.20,0.669,3.965,0.0011,29.08,0.0079,0.330,3.304,0.014,2.478,0.248,1.983,19.83,0.00,0.035
-93.76056968,42.02027856,10,TaskName 6/2/2025 (GreenStar 4 Monitor),Surpass/agsaver/callisto/atrazine,109,6/2/2025,0.999,On,1096.2,120.00,0.625,8.670,12.71,6.514,90.33,19.99,19.89,0,3,126.16,6/2/2025,Good,7.956,0.0022,2.983,0.00082,17.90,1.989,0.017,3.978,0.0011,1.989,0.00054,19.26,0.674,3.978,0.0011,29.17,0.0080,0.331,3.315,0.015,2.486,0.249,1.989,19.89,0.00,0.035
-93.76052254,42.02027801,10,TaskName 6/2/2025 (GreenStar 4 Monitor),Surpass/agsaver/callisto/atrazine,110,6/2/2025,1.000,On,1096.2,120.00,0.625,8.731,12.80,5.944,89.42,19.99,19.88,0,3,126.95,6/2/2025,Good,7.950,0.0022,2.981,0.00082,17.89,1.988,0.018,3.975,0.0011,1.988,0.00055,19.25,0.679,3.975,0.0011,29.15,0.0080,0.331,3.313,0.015,2.485,0.248,1.988,19.88,0.00,0.035
-93.76047538,42.02027782,10,TaskName 6/2/2025 (GreenStar 4 Monitor),Surpass/agsaver/callisto/atrazine,111,6/2/2025,1.000,On,1096.1,120.00,0.625,8.744,12.82,5.782,88.94,19.99,19.93,0,3,127.14,6/2/2025,Good,7.974,0.0022,2.990,0.00083,17.94,1.993,0.018,3.987,0.0011,1.993,0.00055,19.31,0.682,3.987,0.0011,29.24,0.0081,0.332,3.322,0.015,2.492,0.249,1.993,19.93,0.00,0.035
-93.76042827,42.02027817,10,TaskName 6/2/2025 (GreenStar 4 Monitor),Surpass/agsaver/callisto/atrazine,112,6/2/2025,1.000,On,1095.9,120.00,0.625,8.724,12.79,5.694,89.35,19.99,19.96,0,3,126.88,6/2/2025,Good,7.985,0.0022,2.994,0.00082,17.97,1.996,0.018,3.992,0.0011,1.996,0.00055,19.33,0.681,3.992,0.0011,29.28,0.0081,0.333,3.327,0.015,2.495,0.250,1.996,19.96,0.00,0.035
-93.76038122,42.02027865,10,TaskName 6/2/2025 (GreenStar 4 Monitor),Surpass/agsaver/callisto/atrazine,113,6/2/2025,1.005,On,1095.6,120.00,0.625,8.720,12.85,5.209,89.74,19.99,19.92,0,3,126.80,6/2/2025,Good,7.966,0.0022,2.987,0.00083,17.92,1.992,0.018,3.983,0.0011,1.992,0.00055,19.29,0.683,3.983,0.0011,29.21,0.0081,0.332,3.319,0.015,2.490,0.249,1.992,19.92,0.00,0.035
-93.76033411,42.02027885,10,TaskName 6/2/2025 (GreenStar 4 Monitor),Surpass/agsaver/callisto/atrazine,114,6/2/2025,0.995,On,1095.3,120.00,0.625,8.729,12.73,4.624,89.84,19.99,19.94,0,3,126.90,6/2/2025,Good,7.975,0.0022,2.991,0.00082,17.94,1.994,0.017,3.988,0.0011,1.994,0.00055,19.31,0.677,3.988,0.0011,29.24,0.0080,0.332,3.323,0.015,2.492,0.249,1.994,19.94,0.00,0.035
-93.76028842,42.02027863,10,TaskName 6/2/2025 (GreenStar 4 Monitor),Surpass/agsaver/callisto/atrazine,115,6/2/2025,1.000,On,1094.9,120.00,0.625,8.601,12.61,4.731,89.72,19.99,19.99,0,3,125.06,6/2/2025,Good,7.997,0.0022,2.999,0.00081,17.99,1.999,0.017,3.998,0.0011,1.999,0.00054,19.36,0.673,3.998,0.0011,29.32,0.0080,0.333,3.332,0.014,2.499,0.250,1.999,19.99,0.00,0.035
-93.76024270,42.02027879,10,TaskName 6/2/2025 (GreenStar 4 Monitor),Surpass/agsaver/callisto/atrazine,116,6/2/2025,1.001,On,1094.7,120.00,0.625,8.471,12.43,4.464,89.96,19.99,20.00,0,3,123.15,6/2/2025,Good,7.998,0.0021,2.999,0.00080,18.00,2.000,0.017,3.999,0.0011,2.000,0.00053,19.37,0.663,3.999,0.0011,29.33,0.0078,0.333,3.333,0.014,2.499,0.250,2.000,20.00,0.00,0.034
-93.76019744,42.02027890,10,TaskName 6/2/2025 (GreenStar 4 Monitor),Surpass/agsaver/callisto/atrazine,117,6/2/2025,0.999,On,1094.5,120.00,0.625,8.423,12.33,4.583,90.24,19.99,19.98,0,3,122.45,6/2/2025,Good,7.992,0.0021,2.997,0.00080,17.98,1.998,0.017,3.996,0.0011,1.998,0.00053,19.35,0.657,3.996,0.0011,29.30,0.0078,0.333,3.330,0.014,2.497,0.250,1.998,19.98,0.00,0.034
-93.76015236,42.02027867,10,TaskName 6/2/2025 (GreenStar 4 Monitor),Surpass/agsaver/callisto/atrazine,118,6/2/2025,1.000,On,1094.4,120.00,0.625,8.404,12.32,4.795,90.15,19.99,19.96,0,3,122.16,6/2/2025,Good,7.986,0.0021,2.995,0.00079,17.97,1.996,0.017,3.993,0.0011,1.996,0.00053,19.33,0.656,3.993,0.0011,29.28,0.0078,0.333,3.327,0.014,2.495,0.250,1.996,19.96,0.00,0.034
-93.76012577,42.02027856,10,TaskName 6/2/2025 (GreenStar 4 Monitor),Surpass/agsaver/callisto/atrazine,119,6/2/2025,0.595,On,1094.4,120.00,0.625,8.261,7.204,4.970,90.10,19.99,19.93,0,3,120.08,6/2/2025,Good,7.971,0.0012,2.989,0.00046,17.93,1.993,0.0099,3.985,0.00062,1.993,0.00031,19.30,0.383,3.985,0.00062,29.23,0.0045,0.332,3.321,0.0082,2.491,0.249,1.993,19.93,0.00,0.020
-93.76011691,42.02027860,10,TaskName 6/2/2025 (GreenStar 4 Monitor),Surpass/agsaver/callisto/atrazine,120,6/2/2025,0.200,On,1094.4,121.25,0.00,8.243,2.416,4.247,90.16,19.99,19.98,0,3,121.03,6/2/2025,Good,7.992,0.00042,2.997,0.00016,17.98,1.998,0.0034,3.996,0.00021,1.998,0.00010,19.35,0.130,3.996,0.00021,29.31,0.0015,0.333,3.330,0.0028,2.498,0.250,1.998,19.98,0.00,0.0067
-93.76007489,42.02027855,10,TaskName 6/2/2025 (GreenStar 4 Monitor),Surpass/agsaver/callisto/atrazine,121,6/2/2025,1.005,On,1094.3,120.00,0.625,8.090,11.91,3.317,90.16,19.99,19.98,0,3,117.54,6/2/2025,Good,7.991,0.0020,2.997,0.00077,17.98,1.998,0.016,3.995,0.0010,1.998,0.00051,19.35,0.635,3.995,0.0010,29.30,0.0075,0.333,3.330,0.014,2.497,0.250,1.998,19.98,0.00,0.033
-93.76003479,42.02027885,10,TaskName 6/2/2025 (GreenStar 4 Monitor),Surpass/agsaver/callisto/atrazine,122,6/2/2025,1.000,On,1094.2,120.00,0.625,7.565,11.09,3.891,90.54,19.99,20.07,0,3,109.99,6/2/2025,Good,8.029,0.0019,3.011,0.00072,18.07,2.007,0.015,4.014,0.00096,2.007,0.00048,19.44,0.594,4.014,0.00096,29.44,0.0070,0.335,3.345,0.013,2.509,0.251,2.007,20.07,0.00,0.031
-93.75999873,42.02027860,10,TaskName 6/2/2025 (GreenStar 4 Monitor),Surpass/agsaver/callisto/atrazine,123,6/2/2025,0.996,On,1093.4,120.00,0.625,7.143,10.43,3.242,90.31,19.99,20.01,0,3,103.80,6/2/2025,Good,8.003,0.0018,3.001,0.00067,18.01,2.001,0.014,4.001,0.00090,2.001,0.00045,19.38,0.556,4.001,0.00090,29.34,0.0066,0.333,3.334,0.012,2.501,0.250,2.001,20.01,0.00,0.029
-93.75998413,42.02027840,10,TaskName 6/2/2025 (GreenStar 4 Monitor),Surpass/agsaver/callisto/atrazine,124,6/2/2025,0.404,On,1093.1,120.00,0.625,6.732,3.985,1.343,90.05,19.99,20.05,0,3,97.82,6/2/2025,Good,8.020,0.00069,3.008,0.00026,18.05,2.005,0.0055,4.010,0.00034,2.005,0.00017,19.42,0.213,4.010,0.00034,29.41,0.0025,0.334,3.342,0.0046,2.506,0.251,2.005,20.05,0.00,0.011
-93.75997699,42.02027847,10,TaskName 6/2/2025 (GreenStar 4 Monitor),Surpass/agsaver/callisto/atrazine,125,6/2/2025,0.201,On,1093.1,115.00,-1.875,6.711,1.976,1.156,90.17,19.99,19.86,0,3,93.44,6/2/2025,Good,7.945,0.00032,2.979,0.00012,17.88,1.986,0.0026,3.973,0.00016,1.986,8.096e-05,19.24,0.100,3.973,0.00016,29.13,0.0012,0.331,3.311,0.0022,2.483,0.248,1.986,19.86,0.00,0.0052
-93.76084787,42.02094144,10,TaskName 5/13/2025 (GreenStar 4 Monitor),Water,1,5/13/2025,304.95,On,1102.4,121.25,0.00,0.943,1.578,3.140,90.44,15.00,53.92,0,1,0.052,5/13/2025,Over Target,21.57,0.00074,8.088,0.00028,48.53,5.392,0.0059,10.78,0.00037,5.392,0.00019,52.22,0.229,10.78,0.00037,79.08,0.0027,0.899,8.987,0.0049,6.740,0.674,5.392,53.92,0.00,0.0044
-93.76083679,42.02094151,10,TaskName 5/13/2025 (GreenStar 4 Monitor),Water,2,5/13/2025,1.004,On,1102.4,121.25,0.00,2.002,2.874,4.278,90.64,15.00,20.02,0,1,28.68,5/13/2025,Over Target,8.007,0.00050,3.003,0.00019,18.02,2.002,0.0040,4.004,0.00025,2.002,0.00013,19.39,0.155,4.004,0.00025,29.36,0.0018,0.334,3.336,0.0033,2.502,0.250,2.002,20.02,0.00,0.0080
-93.76081978,42.02094142,10,TaskName 5/13/2025 (GreenStar 4 Monitor),Water,3,5/13/2025,1.000,On,1102.5,121.25,0.00,2.719,3.963,5.658,90.58,15.00,15.29,0,1,39.71,5/13/2025,Good,6.115,0.00053,2.293,0.00020,13.76,1.529,0.0042,3.058,0.00026,1.529,0.00013,14.81,0.163,3.058,0.00026,22.42,0.0019,0.255,2.548,0.0035,1.911,0.191,1.529,15.29,0.00,0.011
-93.76079724,42.02094100,10,TaskName 5/13/2025 (GreenStar 4 Monitor),Water,4,5/13/2025,1.000,On,1102.5,121.25,0.00,3.576,5.177,3.727,90.15,15.00,15.04,0,1,51.88,5/13/2025,Good,6.018,0.00068,2.257,0.00025,13.54,1.504,0.0054,3.009,0.00034,1.504,0.00017,14.57,0.210,3.009,0.00034,22.06,0.0025,0.251,2.507,0.0045,1.881,0.188,1.504,15.04,0.00,0.014
-93.76077580,42.02094043,10,TaskName 5/13/2025 (GreenStar 4 Monitor),Water,5,5/13/2025,1.001,On,1102.6,121.25,0.00,3.989,5.840,4.902,89.46,15.00,14.99,0,1,58.46,5/13/2025,Good,5.997,0.00076,2.249,0.00029,13.49,1.499,0.0061,2.999,0.00038,1.499,0.00019,14.52,0.236,2.999,0.00038,21.99,0.0028,0.250,2.499,0.0051,1.874,0.187,1.499,14.99,0.00,0.016
-93.76075169,42.02094017,10,TaskName 5/13/2025 (GreenStar 4 Monitor),Water,6,5/13/2025,0.995,On,1102.7,121.25,0.00,4.213,6.138,3.938,89.13,15.00,14.95,0,1,61.82,5/13/2025,Good,5.981,0.00080,2.243,0.00030,13.46,1.495,0.0064,2.991,0.00040,1.495,0.00020,14.48,0.247,2.991,0.00040,21.93,0.0029,0.249,2.492,0.0053,1.869,0.187,1.495,14.95,0.00,0.017
-93.76072766,42.02094040,10,TaskName 5/13/2025 (GreenStar 4 Monitor),Water,7,5/13/2025,1.004,On,1102.8,121.25,0.00,4.452,6.552,4.251,89.51,15.00,14.90,0,1,65.39,5/13/2025,Good,5.959,0.00085,2.235,0.00032,13.41,1.490,0.0068,2.979,0.00042,1.490,0.00021,14.43,0.263,2.979,0.00042,21.85,0.0031,0.248,2.483,0.0057,1.862,0.186,1.490,14.90,0.00,0.018
-93.76070241,42.02094073,10,TaskName 5/13/2025 (GreenStar 4 Monitor),Water,8,5/13/2025,1.000,On,1102.9,121.25,0.00,4.499,6.604,5.220,89.98,15.00,15.04,0,1,66.18,5/13/2025,Good,6.018,0.00086,2.257,0.00032,13.54,1.504,0.0069,3.009,0.00043,1.504,0.00022,14.57,0.268,3.009,0.00043,22.07,0.0032,0.251,2.507,0.0058,1.881,0.188,1.504,15.04,0.00,0.018
-93.76067633,42.02094028,10,TaskName 5/13/2025 (GreenStar 4 Monitor),Water,9,5/13/2025,0.995,On,1102.9,121.25,0.00,4.780,6.984,4.453,89.35,15.00,15.00,0,1,70.34,5/13/2025,Good,6.001,0.00091,2.250,0.00034,13.50,1.500,0.0073,3.001,0.00046,1.500,0.00023,14.53,0.282,3.001,0.00046,22.00,0.0033,0.250,2.500,0.0061,1.875,0.188,1.500,15.00,0.00,0.019
-93.76065060,42.02094039,10,TaskName 5/13/2025 (GreenStar 4 Monitor),Water,10,5/13/2025,1.006,On,1103.0,121.25,0.00,4.797,7.080,4.593,89.41,15.00,15.00,0,1,70.52,5/13/2025,Good,6.000,0.00092,2.250,0.00035,13.50,1.500,0.0074,3.000,0.00046,1.500,0.00023,14.53,0.286,3.000,0.00046,22.00,0.0034,0.250,2.500,0.0062,1.875,0.188,1.500,15.00,0.00,0.020
-93.76062457,42.02094086,10,TaskName 5/13/2025 (GreenStar 4 Monitor),Water,11,5/13/2025,0.999,On,1103.1,121.25,0.00,4.776,7.011,4.750,90.11,15.00,15.00,0,1,70.32,5/13/2025,Good,5.999,0.00091,2.249,0.00034,13.50,1.500,0.0073,2.999,0.00046,1.500,0.00023,14.52,0.283,2.999,0.00046,22.00,0.0034,0.250,2.499,0.0061,1.875,0.187,1.500,15.00,0.00,0.020
-93.76059826,42.02094078,10,TaskName 5/13/2025 (GreenStar 4 Monitor),Water,12,5/13/2025,1.000,On,1103.1,121.25,0.00,4.858,7.135,4.216,90.09,15.00,14.93,0,1,71.50,5/13/2025,Good,5.972,0.00093,2.240,0.00035,13.44,1.493,0.0074,2.986,0.00046,1.493,0.00023,14.46,0.287,2.986,0.00046,21.90,0.0034,0.249,2.488,0.0062,1.866,0.187,1.493,14.93,0.00,0.020
-93.76057257,42.02094025,10,TaskName 5/13/2025 (GreenStar 4 Monitor),Water,13,5/13/2025,1.000,On,1103.1,121.25,0.00,4.816,7.070,4.729,89.28,15.00,14.96,0,1,70.84,5/13/2025,Good,5.985,0.00092,2.244,0.00035,13.47,1.496,0.0074,2.993,0.00046,1.496,0.00023,14.49,0.285,2.993,0.00046,21.95,0.0034,0.249,2.494,0.0061,1.870,0.187,1.496,14.96,0.00,0.020
-93.76054409,42.02094038,10,TaskName 5/13/2025 (GreenStar 4 Monitor),Water,14,5/13/2025,1.000,On,1103.1,121.25,0.00,4.885,7.172,6.313,89.21,15.00,15.05,0,1,71.86,5/13/2025,Good,6.020,0.00094,2.258,0.00035,13.55,1.505,0.0075,3.010,0.00047,1.505,0.00023,14.58,0.291,3.010,0.00047,22.07,0.0034,0.251,2.508,0.0063,1.881,0.188,1.505,15.05,0.00,0.020
-93.76051158,42.02094077,10,TaskName 5/13/2025 (GreenStar 4 Monitor),Water,15,5/13/2025,1.001,On,1102.9,121.25,0.00,5.685,8.343,4.464,89.73,15.00,14.93,0,1,83.52,5/13/2025,Good,5.972,0.0011,2.239,0.00041,13.44,1.493,0.0087,2.986,0.00054,1.493,0.00027,14.46,0.336,2.986,0.00054,21.90,0.0040,0.249,2.488,0.0072,1.866,0.187,1.493,14.93,0.00,0.023
-93.76048062,42.02094106,10,TaskName 5/13/2025 (GreenStar 4 Monitor),Water,16,5/13/2025,0.995,On,1102.8,121.25,0.00,5.883,8.592,3.916,89.83,15.00,14.87,0,1,86.53,5/13/2025,Good,5.946,0.0011,2.230,0.00042,13.38,1.487,0.0089,2.973,0.00056,1.487,0.00028,14.40,0.344,2.973,0.00056,21.80,0.0041,0.248,2.478,0.0074,1.858,0.186,1.487,14.87,0.00,0.024
-93.76045021,42.02094085,10,TaskName 5/13/2025 (GreenStar 4 Monitor),Water,17,5/13/2025,1.000,On,1102.6,121.25,0.00,5.647,8.290,4.373,89.27,15.00,14.94,0,1,83.07,5/13/2025,Good,5.975,0.0011,2.241,0.00040,13.44,1.494,0.0086,2.988,0.00054,1.494,0.00027,14.47,0.334,2.988,0.00054,21.91,0.0039,0.249,2.490,0.0072,1.867,0.187,1.494,14.94,0.00,0.023
-93.76041909,42.02094105,10,TaskName 5/13/2025 (GreenStar 4 Monitor),Water,18,5/13/2025,1.005,On,1102.4,121.25,0.00,5.713,8.428,4.370,88.98,15.00,14.92,0,1,84.03,5/13/2025,Good,5.967,0.0011,2.238,0.00041,13.43,1.492,0.0087,2.984,0.00055,1.492,0.00027,14.45,0.339,2.984,0.00055,21.88,0.0040,0.249,2.486,0.0073,1.865,0.186,1.492,14.92,0.00,0.023
-93.76038784,42.02094186,10,TaskName 5/13/2025 (GreenStar 4 Monitor),Water,19,5/13/2025,1.000,On,1102.2,121.25,0.00,5.828,8.549,4.057,89.46,15.00,14.85,0,1,85.67,5/13/2025,Good,5.940,0.0011,2.227,0.00041,13.36,1.485,0.0088,2.970,0.00055,1.485,0.00028,14.38,0.342,2.970,0.00055,21.78,0.0040,0.247,2.475,0.0074,1.856,0.186,1.485,14.85,0.00,0.024
-93.76035626,42.02094255,10,TaskName 5/13/2025 (GreenStar 4 Monitor),Water,20,5/13/2025,0.994,On,1101.9,121.25,0.00,5.801,8.471,4.145,90.13,15.00,14.92,0,1,85.39,5/13/2025,Good,5.967,0.0011,2.238,0.00041,13.43,1.492,0.0088,2.984,0.00055,1.492,0.00027,14.45,0.341,2.984,0.00055,21.88,0.0040,0.249,2.486,0.0073,1.865,0.186,1.492,14.92,0.00,0.024
-93.76032448,42.02094246,10,TaskName 5/13/2025 (GreenStar 4 Monitor),Water,21,5/13/2025,1.001,On,1101.7,121.25,0.00,5.864,8.622,3.887,89.73,15.00,14.88,0,1,86.31,5/13/2025,Good,5.951,0.0011,2.232,0.00042,13.39,1.488,0.0089,2.975,0.00056,1.488,0.00028,14.41,0.346,2.975,0.00056,21.82,0.0041,0.248,2.480,0.0074,1.860,0.186,1.488,14.88,0.00,0.024
-93.76029276,42.02094226,10,TaskName 5/13/2025 (GreenStar 4 Monitor),Water,22,5/13/2025,1.004,On,1101.3,121.25,0.00,5.894,8.691,4.021,88.94,15.00,14.93,0,1,86.74,5/13/2025,Good,5.972,0.0011,2.240,0.00042,13.44,1.493,0.0090,2.986,0.00056,1.493,0.00028,14.46,0.350,2.986,0.00056,21.90,0.0041,0.249,2.488,0.0075,1.866,0.187,1.493,14.93,0.00,0.024
-93.76026057,42.02094279,10,TaskName 5/13/2025 (GreenStar 4 Monitor),Water,23,5/13/2025,0.996,On,1101.0,121.25,0.00,5.930,8.671,3.694,88.58,15.00,14.90,0,1,87.24,5/13/2025,Good,5.959,0.0011,2.235,0.00042,13.41,1.490,0.0090,2.979,0.00056,1.490,0.00028,14.43,0.348,2.979,0.00056,21.85,0.0041,0.248,2.483,0.0075,1.862,0.186,1.490,14.90,0.00,0.024
-93.76022825,42.02094382,10,TaskName 5/13/2025 (GreenStar 4 Monitor),Water,24,5/13/2025,1.005,On,1100.7,121.25,0.00,5.992,8.832,3.325,88.75,15.00,14.88,0,1,88.06,5/13/2025,Good,5.950,0.0011,2.231,0.00043,13.39,1.488,0.0091,2.975,0.00057,1.488,0.00029,14.41,0.354,2.975,0.00057,21.82,0.0042,0.248,2.479,0.0076,1.859,0.186,1.488,14.88,0.00,0.025
-93.76019637,42.02094459,10,TaskName 5/13/2025 (GreenStar 4 Monitor),Water,25,5/13/2025,0.994,On,1100.4,121.25,0.00,5.953,8.694,3.571,88.72,15.00,14.92,0,1,87.64,5/13/2025,Good,5.968,0.0011,2.238,0.00042,13.43,1.492,0.0090,2.984,0.00056,1.492,0.00028,14.45,0.350,2.984,0.00056,21.88,0.0041,0.249,2.487,0.0075,1.865,0.186,1.492,14.92,0.00,0.024
-93.76016452,42.02094519,10,TaskName 5/13/2025 (GreenStar 4 Monitor),Water,26,5/13/2025,1.000,On,1100.1,121.25,0.00,5.895,8.658,3.583,88.60,15.00,14.92,0,1,86.76,5/13/2025,Good,5.969,0.0011,2.238,0.00042,13.43,1.492,0.0090,2.985,0.00056,1.492,0.00028,14.45,0.348,2.985,0.00056,21.89,0.0041,0.249,2.487,0.0075,1.865,0.187,1.492,14.92,0.00,0.024
-93.76013259,42.02094596,10,TaskName 5/13/2025 (GreenStar 4 Monitor),Water,27,5/13/2025,1.000,On,1099.9,121.25,0.00,5.927,8.700,2.936,88.63,15.00,14.92,0,1,87.18,5/13/2025,Good,5.969,0.0011,2.238,0.00042,13.43,1.492,0.0090,2.984,0.00056,1.492,0.00028,14.45,0.350,2.984,0.00056,21.89,0.0041,0.249,2.487,0.0075,1.865,0.187,1.492,14.92,0.00,0.024
-93.76010095,42.02094610,10,TaskName 5/13/2025 (GreenStar 4 Monitor),Water,28,5/13/2025,1.001,On,1099.7,121.25,0.00,5.885,8.641,3.010,88.16,15.00,14.86,0,1,86.50,5/13/2025,Good,5.942,0.0011,2.228,0.00042,13.37,1.486,0.0089,2.971,0.00056,1.486,0.00028,14.39,0.346,2.971,0.00056,21.79,0.0041,0.248,2.476,0.0074,1.857,0.186,1.486,14.86,0.00,0.024
-93.76007207,42.02094670,10,TaskName 5/13/2025 (GreenStar 4 Monitor),Water,29,5/13/2025,0.999,On,1099.6,121.25,0.00,5.734,8.415,2.450,87.87,15.00,14.96,0,1,84.41,5/13/2025,Good,5.985,0.0011,2.244,0.00041,13.47,1.496,0.0088,2.992,0.00055,1.496,0.00027,14.49,0.339,2.992,0.00055,21.94,0.0040,0.249,2.494,0.0073,1.870,0.187,1.496,14.96,0.00,0.023
-93.76005083,42.02094718,10,TaskName 5/13/2025 (GreenStar 4 Monitor),Water,30,5/13/2025,1.000,On,1099.9,121.25,0.00,4.804,7.001,2.831,87.77,15.00,15.07,0,1,70.15,5/13/2025,Good,6.026,0.00092,2.260,0.00034,13.56,1.507,0.0073,3.013,0.00046,1.507,0.00023,14.59,0.284,3.013,0.00046,22.10,0.0034,0.251,2.511,0.0061,1.883,0.188,1.507,15.07,0.00,0.019
-93.76003128,42.02094768,10,TaskName 5/13/2025 (GreenStar 4 Monitor),Water,31,5/13/2025,1.001,On,1099.3,121.25,0.00,3.873,5.689,2.727,87.60,15.00,15.30,0,1,56.95,5/13/2025,Good,6.118,0.00076,2.294,0.00028,13.77,1.530,0.0061,3.059,0.00038,1.530,0.00019,14.81,0.235,3.059,0.00038,22.43,0.0028,0.255,2.549,0.0050,1.912,0.191,1.530,15.30,0.00,0.016
-93.76001677,42.02094815,10,TaskName 5/13/2025 (GreenStar 4 Monitor),Water,32,5/13/2025,0.999,On,1099.0,121.25,0.00,2.940,4.212,2.428,87.56,15.00,15.13,0,1,42.25,5/13/2025,Good,6.051,0.00055,2.269,0.00021,13.61,1.513,0.0044,3.025,0.00028,1.513,0.00014,14.65,0.172,3.025,0.00028,22.19,0.0020,0.252,2.521,0.0037,1.891,0.189,1.513,15.13,0.00,0.012
-93.76000620,42.02094839,10,TaskName 5/13/2025 (GreenStar 4 Monitor),Water,33,5/13/2025,1.001,On,1098.8,121.25,0.00,2.020,2.959,3.397,87.45,15.00,15.89,0,1,29.62,5/13/2025,Good,6.358,0.00041,2.384,0.00015,14.30,1.589,0.0033,3.179,0.00020,1.589,0.00010,15.39,0.127,3.179,0.00020,23.31,0.0015,0.265,2.649,0.0027,1.987,0.199,1.589,15.89,0.00,0.0082
-93.75999508,42.02094871,10,TaskName 5/13/2025 (GreenStar 4 Monitor),Water,34,5/13/2025,1.000,On,1098.5,121.25,0.00,2.026,2.975,2.747,87.49,15.00,15.95,0,1,29.81,5/13/2025,Good,6.378,0.00041,2.392,0.00015,14.35,1.595,0.0033,3.189,0.00021,1.595,0.00010,15.44,0.128,3.189,0.00021,23.39,0.0015,0.266,2.658,0.0028,1.993,0.199,1.595,15.95,0.00,0.0083
-93.75998894,42.02094880,10,TaskName 5/13/2025 (GreenStar 4 Monitor),Water,35,5/13/2025,1.000,On,1098.4,121.25,0.00,1.336,1.794,3.096,87.38,15.00,25.56,0,1,17.98,5/13/2025,Over Target,10.22,0.00040,3.834,0.00015,23.00,2.556,0.0032,5.112,0.00020,2.556,9.973e-05,24.75,0.124,5.112,0.00020,37.49,0.0015,0.426,4.260,0.0027,3.195,0.319,2.556,25.56,0.00,0.0050
-93.75999040,42.02094884,10,TaskName 5/13/2025 (GreenStar 4 Monitor),Water,36,5/13/2025,1.000,On,1098.4,121.25,0.00,0.471,0.518,4.824,87.45,15.00,109.61,0,1,5.190,5/13/2025,Over Target,43.85,0.00049,16.44,0.00019,98.65,10.96,0.0040,21.92,0.00025,10.96,0.00012,106.16,0.153,21.92,0.00025,160.77,0.0018,1.827,18.27,0.0033,13.70,1.370,10.96,109.61,0.00,0.0014
-93.76000093,42.02094860,10,TaskName 5/13/2025 (GreenStar 4 Monitor),Water,37,5/13/2025,1.000,On,1098.6,121.25,0.00,1.844,2.628,4.187,87.52,15.00,32.81,0,1,26.33,5/13/2025,Over Target,13.12,0.00075,4.921,0.00028,29.53,3.281,0.0060,6.562,0.00037,3.281,0.00019,31.78,0.232,6.562,0.00037,48.12,0.0027,0.547,5.468,0.0050,4.101,0.410,3.281,32.81,0.00,0.0073
-93.76001251,42.02094835,10,TaskName 5/13/2025 (GreenStar 4 Monitor),Water,38,5/13/2025,1.000,On,1098.8,121.25,0.00,2.074,3.026,3.660,87.65,15.00,16.80,0,1,30.32,5/13/2025,Good,6.718,0.00044,2.519,0.00017,15.12,1.680,0.0035,3.359,0.00022,1.680,0.00011,16.27,0.137,3.359,0.00022,24.63,0.0016,0.280,2.799,0.0029,2.099,0.210,1.680,16.80,0.00,0.0084
-93.76002526,42.02094792,10,TaskName 5/13/2025 (GreenStar 4 Monitor),Water,39,5/13/2025,1.000,On,1099.1,121.25,0.00,2.374,3.479,3.299,87.59,15.00,15.32,0,1,34.86,5/13/2025,Good,6.128,0.00046,2.298,0.00017,13.79,1.532,0.0037,3.064,0.00023,1.532,0.00012,14.84,0.144,3.064,0.00023,22.47,0.0017,0.255,2.553,0.0031,1.915,0.192,1.532,15.32,0.00,0.0097
-93.76003650,42.02094755,10,TaskName 5/13/2025 (GreenStar 4 Monitor),Water,40,5/13/2025,1.000,On,1099.4,121.25,0.00,2.080,3.042,5.343,87.69,15.00,16.10,0,1,30.49,5/13/2025,Good,6.440,0.00043,2.415,0.00016,14.49,1.610,0.0034,3.220,0.00021,1.610,0.00011,15.59,0.132,3.220,0.00021,23.61,0.0016,0.268,2.683,0.0028,2.012,0.201,1.610,16.10,0.00,0.0085
-93.76005051,42.02094738,10,TaskName 5/13/2025 (GreenStar 4 Monitor),Water,41,5/13/2025,0.999,On,1099.8,121.25,0.00,2.551,3.712,4.257,87.91,15.00,15.33,0,1,37.23,5/13/2025,Good,6.131,0.00049,2.299,0.00019,13.80,1.533,0.0040,3.066,0.00025,1.533,0.00012,14.85,0.153,3.066,0.00025,22.48,0.0018,0.255,2.555,0.0033,1.916,0.192,1.533,15.33,0.00,0.010
-93.76006827,42.02094675,10,TaskName 5/13/2025 (GreenStar 4 Monitor),Water,42,5/13/2025,1.001,On,1099.7,121.25,0.00,2.823,4.128,4.076,87.72,15.00,14.94,0,1,41.33,5/13/2025,Good,5.977,0.00054,2.241,0.00020,13.45,1.494,0.0043,2.989,0.00027,1.494,0.00013,14.47,0.166,2.989,0.00027,21.92,0.0020,0.249,2.491,0.0036,1.868,0.187,1.494,14.94,0.00,0.011
-93.76008814,42.02094620,10,TaskName 5/13/2025 (GreenStar 4 Monitor),Water,43,5/13/2025,0.999,On,1099.7,121.25,0.00,3.469,5.076,4.338,87.72,15.00,14.92,0,1,50.92,5/13/2025,Good,5.970,0.00066,2.239,0.00025,13.43,1.492,0.0053,2.985,0.00033,1.492,0.00016,14.45,0.204,2.985,0.00033,21.89,0.0024,0.249,2.487,0.0044,1.866,0.187,1.492,14.92,0.00,0.014
-93.76010985,42.02094590,10,TaskName 5/13/2025 (GreenStar 4 Monitor),Water,44,5/13/2025,1.000,On,1099.8,121.25,0.00,3.790,5.549,4.555,88.09,15.00,14.95,0,1,55.60,5/13/2025,Good,5.982,0.00072,2.243,0.00027,13.46,1.495,0.0058,2.991,0.00036,1.495,0.00018,14.48,0.224,2.991,0.00036,21.93,0.0026,0.249,2.492,0.0048,1.869,0.187,1.495,14.95,0.00,0.015
-93.76013199,42.02094555,10,TaskName 5/13/2025 (GreenStar 4 Monitor),Water,45,5/13/2025,1.000,On,1099.9,121.25,0.00,4.045,5.926,4.504,88.30,15.00,14.94,0,1,59.38,5/13/2025,Good,5.977,0.00077,2.242,0.00029,13.45,1.494,0.0062,2.989,0.00039,1.494,0.00019,14.47,0.239,2.989,0.00039,21.92,0.0028,0.249,2.491,0.0051,1.868,0.187,1.494,14.94,0.00,0.016
-93.76015415,42.02094508,10,TaskName 5/13/2025 (GreenStar 4 Monitor),Water,46,5/13/2025,1.000,On,1100.0,121.25,0.00,4.080,5.982,4.636,88.41,15.00,14.97,0,1,59.94,5/13/2025,Good,5.989,0.00078,2.246,0.00029,13.47,1.497,0.0062,2.994,0.00039,1.497,0.00019,14.50,0.241,2.994,0.00039,21.96,0.0029,0.250,2.495,0.0052,1.871,0.187,1.497,14.97,0.00,0.017
-93.76017614,42.02094497,10,TaskName 5/13/2025 (GreenStar 4 Monitor),Water,47,5/13/2025,1.000,On,1100.2,121.25,0.00,4.088,5.989,4.548,88.64,15.00,14.94,0,1,60.01,5/13/2025,Good,5.977,0.00078,2.242,0.00029,13.45,1.494,0.0062,2.989,0.00039,1.494,0.00019,14.47,0.241,2.989,0.00039,21.92,0.0029,0.249,2.491,0.0052,1.868,0.187,1.494,14.94,0.00,0.017
-93.76019825,42.02094507,10,TaskName 5/13/2025 (GreenStar 4 Monitor),Water,48,5/13/2025,1.001,On,1100.3,121.25,0.00,4.080,5.979,4.666,89.14,15.00,14.91,0,1,59.85,5/13/2025,Good,5.963,0.00078,2.236,0.00029,13.42,1.491,0.0062,2.982,0.00039,1.491,0.00019,14.44,0.240,2.982,0.00039,21.86,0.0028,0.248,2.485,0.0052,1.863,0.186,1.491,14.91,0.00,0.017
-93.76022019,42.02094511,10,TaskName 5/13/2025 (GreenStar 4 Monitor),Water,49,5/13/2025,0.999,On,1100.6,121.25,0.00,4.077,5.972,5.761,88.76,15.00,14.93,0,1,59.90,5/13/2025,Good,5.972,0.00078,2.240,0.00029,13.44,1.493,0.0062,2.986,0.00039,1.493,0.00019,14.46,0.240,2.986,0.00039,21.90,0.0028,0.249,2.488,0.0052,1.866,0.187,1.493,14.93,0.00,0.017
-93.76024332,42.02094322,10,TaskName 5/13/2025 (GreenStar 4 Monitor),Water,50,5/13/2025,1.000,On,1100.8,121.25,0.00,4.198,6.149,4.781,86.51,15.00,14.94,0,1,61.62,5/13/2025,Good,5.977,0.00080,2.241,0.00030,13.45,1.494,0.0064,2.989,0.00040,1.494,0.00020,14.47,0.248,2.989,0.00040,21.92,0.0029,0.249,2.491,0.0053,1.868,0.187,1.494,14.94,0.00,0.017
-93.76026644,42.02094242,10,TaskName 5/13/2025 (GreenStar 4 Monitor),Water,51,5/13/2025,1.000,On,1101.0,121.25,0.00,4.291,6.284,4.996,87.30,15.00,14.91,0,1,62.97,5/13/2025,Good,5.965,0.00082,2.237,0.00031,13.42,1.491,0.0065,2.983,0.00041,1.491,0.00020,14.44,0.253,2.983,0.00041,21.87,0.0030,0.249,2.486,0.0054,1.864,0.186,1.491,14.91,0.00,0.017
-93.76028972,42.02094303,10,TaskName 5/13/2025 (GreenStar 4 Monitor),Water,52,5/13/2025,1.001,On,1101.2,121.25,0.00,4.310,6.313,5.375,88.84,15.00,14.98,0,1,63.20,5/13/2025,Good,5.990,0.00082,2.246,0.00031,13.48,1.498,0.0066,2.995,0.00041,1.498,0.00021,14.50,0.255,2.995,0.00041,21.96,0.0030,0.250,2.496,0.0055,1.872,0.187,1.498,14.98,0.00,0.018
-93.76031349,42.02094249,10,TaskName 5/13/2025 (GreenStar 4 Monitor),Water,53,5/13/2025,1.000,On,1101.5,121.25,0.00,4.355,6.382,4.469,88.01,15.00,14.93,0,1,63.95,5/13/2025,Good,5.971,0.00083,2.239,0.00031,13.44,1.493,0.0066,2.986,0.00041,1.493,0.00021,14.46,0.257,2.986,0.00041,21.89,0.0030,0.249,2.488,0.0055,1.866,0.187,1.493,14.93,0.00,0.018
-93.76033716,42.02094105,10,TaskName 5/13/2025 (GreenStar 4 Monitor),Water,54,5/13/2025,1.000,On,1101.7,121.25,0.00,4.386,6.431,5.241,87.44,15.00,14.89,0,1,64.45,5/13/2025,Good,5.956,0.00083,2.234,0.00031,13.40,1.489,0.0067,2.978,0.00042,1.489,0.00021,14.42,0.258,2.978,0.00042,21.84,0.0031,0.248,2.482,0.0056,1.861,0.186,1.489,14.89,0.00,0.018
-93.76036095,42.02094121,10,TaskName 5/13/2025 (GreenStar 4 Monitor),Water,55,5/13/2025,1.000,On,1101.9,121.25,0.00,4.416,6.471,4.951,89.33,15.00,14.99,0,1,64.84,5/13/2025,Good,5.996,0.00084,2.248,0.00032,13.49,1.499,0.0067,2.998,0.00042,1.499,0.00021,14.52,0.261,2.998,0.00042,21.98,0.0031,0.250,2.498,0.0056,1.874,0.187,1.499,14.99,0.00,0.018
-93.76038500,42.02094183,10,TaskName 5/13/2025 (GreenStar 4 Monitor),Water,56,5/13/2025,1.000,On,1102.1,121.25,0.00,4.436,6.494,4.842,90.17,15.00,14.95,0,1,65.07,5/13/2025,Good,5.980,0.00084,2.242,0.00032,13.45,1.495,0.0068,2.990,0.00042,1.495,0.00021,14.48,0.262,2.990,0.00042,21.93,0.0031,0.249,2.492,0.0056,1.869,0.187,1.495,14.95,0.00,0.018
-93.76040893,42.02094158,10,TaskName 5/13/2025 (GreenStar 4 Monitor),Water,57,5/13/2025,1.000,On,1102.3,121.25,0.00,4.455,6.527,4.703,89.58,15.00,14.99,0,1,65.40,5/13/2025,Good,5.997,0.00085,2.249,0.00032,13.49,1.499,0.0068,2.999,0.00043,1.499,0.00021,14.52,0.264,2.999,0.00043,21.99,0.0031,0.250,2.499,0.0057,1.874,0.187,1.499,14.99,0.00,0.018
-93.76043304,42.02094108,10,TaskName 5/13/2025 (GreenStar 4 Monitor),Water,58,5/13/2025,1.000,On,1102.4,121.25,0.00,4.436,6.500,4.660,89.39,15.00,15.01,0,1,65.14,5/13/2025,Good,6.005,0.00085,2.252,0.00032,13.51,1.501,0.0068,3.003,0.00042,1.501,0.00021,14.54,0.263,3.003,0.00042,22.02,0.0031,0.250,2.502,0.0057,1.877,0.188,1.501,15.01,0.00,0.018
-93.76045710,42.02094095,10,TaskName 5/13/2025 (GreenStar 4 Monitor),Water,59,5/13/2025,0.999,On,1102.6,121.25,0.00,4.437,6.504,4.687,89.87,15.00,14.97,0,1,65.24,5/13/2025,Good,5.989,0.00085,2.246,0.00032,13.47,1.497,0.0068,2.994,0.00042,1.497,0.00021,14.50,0.262,2.994,0.00042,21.96,0.0031,0.250,2.495,0.0056,1.871,0.187,1.497,14.97,0.00,0.018
-93.76048114,42.02094115,10,TaskName 5/13/2025 (GreenStar 4 Monitor),Water,60,5/13/2025,1.001,On,1102.7,121.25,0.00,4.483,6.569,4.566,90.26,15.00,14.96,0,1,65.76,5/13/2025,Good,5.983,0.00085,2.244,0.00032,13.46,1.496,0.0068,2.991,0.00043,1.496,0.00021,14.49,0.265,2.991,0.00043,21.94,0.0031,0.249,2.493,0.0057,1.870,0.187,1.496,14.96,0.00,0.018
-93.76050574,42.02094109,10,TaskName 5/13/2025 (GreenStar 4 Monitor),Water,61,5/13/2025,1.000,On,1102.8,121.25,0.00,4.489,6.586,4.445,90.28,15.00,14.92,0,1,65.99,5/13/2025,Good,5.968,0.00085,2.238,0.00032,13.43,1.492,0.0068,2.984,0.00043,1.492,0.00021,14.45,0.265,2.984,0.00043,21.88,0.0031,0.249,2.487,0.0057,1.865,0.186,1.492,14.92,0.00,0.018
-93.76053049,42.02094143,10,TaskName 5/13/2025 (GreenStar 4 Monitor),Water,62,5/13/2025,1.000,On,1102.9,121.25,0.00,4.568,6.694,4.042,90.62,15.00,14.94,0,1,67.08,5/13/2025,Good,5.976,0.00087,2.241,0.00033,13.45,1.494,0.0070,2.988,0.00043,1.494,0.00022,14.47,0.270,2.988,0.00043,21.91,0.0032,0.249,2.490,0.0058,1.867,0.187,1.494,14.94,0.00,0.019
-93.76055559,42.02094149,10,TaskName 5/13/2025 (GreenStar 4 Monitor),Water,63,5/13/2025,0.995,On,1103.0,121.25,0.00,4.613,6.720,4.187,90.18,15.00,14.93,0,1,67.68,5/13/2025,Good,5.971,0.00087,2.239,0.00033,13.44,1.493,0.0070,2.986,0.00044,1.493,0.00022,14.46,0.270,2.986,0.00044,21.90,0.0032,0.249,2.488,0.0058,1.866,0.187,1.493,14.93,0.00,0.019
-93.76058074,42.02094108,10,TaskName 5/13/2025 (GreenStar 4 Monitor),Water,64,5/13/2025,1.000,On,1103.0,121.25,0.00,4.651,6.819,4.013,89.64,15.00,14.95,0,1,68.33,5/13/2025,Good,5.979,0.00089,2.242,0.00033,13.45,1.495,0.0071,2.990,0.00044,1.495,0.00022,14.48,0.275,2.990,0.00044,21.92,0.0033,0.249,2.491,0.0059,1.868,0.187,1.495,14.95,0.00,0.019
-93.76060582,42.02094116,10,TaskName 5/13/2025 (GreenStar 4 Monitor),Water,65,5/13/2025,1.004,On,1103.1,121.25,0.00,4.646,6.835,3.917,90.16,15.00,14.99,0,1,68.22,5/13/2025,Good,5.995,0.00089,2.248,0.00033,13.49,1.499,0.0071,2.998,0.00045,1.499,0.00022,14.52,0.276,2.998,0.00045,21.98,0.0033,0.250,2.498,0.0059,1.873,0.187,1.499,14.99,0.00,0.019
-93.76063010,42.02094173,10,TaskName 5/13/2025 (GreenStar 4 Monitor),Water,66,5/13/2025,0.996,On,1103.0,121.25,0.00,4.592,6.704,3.626,90.71,15.00,15.00,0,1,67.45,5/13/2025,Good,6.001,0.00087,2.250,0.00033,13.50,1.500,0.0070,3.000,0.00044,1.500,0.00022,14.53,0.271,3.000,0.00044,22.00,0.0032,0.250,2.500,0.0058,1.875,0.188,1.500,15.00,0.00,0.019
-93.76065375,42.02094159,10,TaskName 5/13/2025 (GreenStar 4 Monitor),Water,67,5/13/2025,1.004,On,1103.0,121.25,0.00,4.447,6.542,3.630,89.96,15.00,15.07,0,1,65.29,5/13/2025,Good,6.026,0.00086,2.260,0.00032,13.56,1.507,0.0069,3.013,0.00043,1.507,0.00021,14.59,0.266,3.013,0.00043,22.10,0.0031,0.251,2.511,0.0057,1.883,0.188,1.507,15.07,0.00,0.018
-93.76067423,42.02094099,10,TaskName 5/13/2025 (GreenStar 4 Monitor),Water,68,5/13/2025,1.001,On,1102.9,121.25,0.00,4.211,6.175,2.847,89.46,15.00,15.10,0,1,61.81,5/13/2025,Good,6.041,0.00081,2.265,0.00030,13.59,1.510,0.0065,3.021,0.00041,1.510,0.00020,14.63,0.251,3.021,0.00041,22.15,0.0030,0.252,2.517,0.0054,1.888,0.189,1.510,15.10,0.00,0.017
-93.76069340,42.02094124,10,TaskName 5/13/2025 (GreenStar 4 Monitor),Water,69,5/13/2025,0.995,On,1102.8,121.25,0.00,3.608,5.269,4.040,90.11,15.00,15.02,0,1,53.06,5/13/2025,Good,6.006,0.00069,2.252,0.00026,13.51,1.502,0.0055,3.003,0.00034,1.502,0.00017,14.54,0.213,3.003,0.00034,22.02,0.0025,0.250,2.503,0.0046,1.877,0.188,1.502,15.02,0.00,0.015
-93.76071543,42.02094170,10,TaskName 5/13/2025 (GreenStar 4 Monitor),Water,70,5/13/2025,1.005,On,1102.8,121.25,0.00,3.866,5.696,2.690,90.51,15.00,15.07,0,1,56.79,5/13/2025,Good,6.027,0.00075,2.260,0.00028,13.56,1.507,0.0060,3.013,0.00037,1.507,0.00019,14.59,0.231,3.013,0.00037,22.10,0.0027,0.251,2.511,0.0050,1.883,0.188,1.507,15.07,0.00,0.016
-93.76073097,42.02094152,10,TaskName 5/13/2025 (GreenStar 4 Monitor),Water,71,5/13/2025,0.995,On,1102.7,121.25,0.00,3.319,4.623,2.484,90.04,15.00,15.24,0,1,46.56,5/13/2025,Good,6.097,0.00061,2.286,0.00023,13.72,1.524,0.0049,3.048,0.00031,1.524,0.00015,14.76,0.190,3.048,0.00031,22.36,0.0022,0.254,2.540,0.0041,1.905,0.191,1.524,15.24,0.00,0.013
-93.76073551,42.02094140,10,TaskName 5/13/2025 (GreenStar 4 Monitor),Water,72,5/13/2025,0.999,On,1102.7,121.25,0.00,1.344,1.542,2.527,89.88,15.00,28.12,0,1,15.47,5/13/2025,Over Target,11.25,0.00038,4.217,0.00014,25.30,2.812,0.0030,5.623,0.00019,2.812,9.428e-05,27.23,0.117,5.623,0.00019,41.24,0.0014,0.469,4.686,0.0025,3.514,0.351,2.812,28.12,0.00,0.0043
-93.76073121,42.02094162,10,TaskName 5/13/2025 (GreenStar 4 Monitor),Water,73,5/13/2025,1.001,On,1102.8,121.25,0.00,1.027,0.965,5.329,90.10,15.00,66.57,0,1,9.656,5/13/2025,Over Target,26.63,0.00056,9.986,0.00021,59.91,6.657,0.0045,13.31,0.00028,6.657,0.00014,64.47,0.173,13.31,0.00028,97.64,0.0020,1.110,11.10,0.0037,8.321,0.832,6.657,66.57,0.00,0.0027
-93.76071326,42.02094161,10,TaskName 5/13/2025 (GreenStar 4 Monitor),Water,74,5/13/2025,1.000,On,1102.7,121.25,0.00,2.273,3.186,5.266,90.24,15.00,25.64,0,1,31.92,5/13/2025,Over Target,10.26,0.00071,3.846,0.00027,23.08,2.564,0.0057,5.128,0.00036,2.564,0.00018,24.83,0.220,5.128,0.00036,37.60,0.0026,0.427,4.273,0.0047,3.205,0.320,2.564,25.64,0.00,0.0089
-93.76069437,42.02094154,10,TaskName 5/13/2025 (GreenStar 4 Monitor),Water,75,5/13/2025,0.999,On,1102.7,121.25,0.00,3.240,4.731,3.526,90.08,15.00,14.40,0,1,47.45,5/13/2025,Good,5.759,0.00059,2.160,0.00022,12.96,1.440,0.0047,2.880,0.00030,1.440,0.00015,13.95,0.184,2.880,0.00030,21.12,0.0022,0.240,2.400,0.0040,1.800,0.180,1.440,14.40,0.00,0.013
-93.76067448,42.02094129,10,TaskName 5/13/2025 (GreenStar 4 Monitor),Water,76,5/13/2025,1.001,On,1102.8,121.25,0.00,3.437,5.052,5.070,89.81,15.00,9.494,0,1,50.58,5/13/2025,Under Target,3.797,0.00042,1.424,0.00016,8.544,0.949,0.0033,1.899,0.00021,0.949,0.00010,9.195,0.129,1.899,0.00021,13.92,0.0015,0.158,1.582,0.0028,1.187,0.119,0.949,9.494,0.00,0.014
-93.76065204,42.02094125,10,TaskName 5/13/2025 (GreenStar 4 Monitor),Water,77,5/13/2025,1.000,On,1102.9,121.25,0.00,3.900,5.712,4.477,89.80,15.00,15.81,0,1,57.24,5/13/2025,Good,6.325,0.00079,2.372,0.00029,14.23,1.581,0.0063,3.163,0.00039,1.581,0.00020,15.31,0.243,3.163,0.00039,23.19,0.0029,0.264,2.635,0.0052,1.977,0.198,1.581,15.81,0.00,0.016
-93.76062887,42.02094138,10,TaskName 5/13/2025 (GreenStar 4 Monitor),Water,78,5/13/2025,0.999,On,1103.0,121.25,0.00,4.193,6.152,4.603,90.03,15.00,16.78,0,1,61.70,5/13/2025,Good,6.711,0.00090,2.517,0.00034,15.10,1.678,0.0072,3.356,0.00045,1.678,0.00022,16.25,0.278,3.356,0.00045,24.61,0.0033,0.280,2.796,0.0060,2.097,0.210,1.678,16.78,0.00,0.017
-93.76060458,42.02094150,10,TaskName 5/13/2025 (GreenStar 4 Monitor),Water,79,5/13/2025,1.001,On,1103.0,121.25,0.00,4.363,6.407,4.733,90.30,15.00,16.16,0,1,64.14,5/13/2025,Good,6.465,0.00090,2.424,0.00034,14.55,1.616,0.0072,3.232,0.00045,1.616,0.00023,15.65,0.279,3.232,0.00045,23.70,0.0033,0.269,2.694,0.0060,2.020,0.202,1.616,16.16,0.00,0.018
-93.76057792,42.02094129,10,TaskName 5/13/2025 (GreenStar 4 Monitor),Water,80,5/13/2025,0.999,On,1103.0,121.25,0.00,4.656,6.821,5.109,90.05,15.00,15.89,0,1,68.42,5/13/2025,Good,6.357,0.00094,2.384,0.00035,14.30,1.589,0.0075,3.179,0.00047,1.589,0.00024,15.39,0.292,3.179,0.00047,23.31,0.0035,0.265,2.649,0.0063,1.987,0.199,1.589,15.89,0.00,0.019
-93.76054939,42.02094110,10,TaskName 5/13/2025 (GreenStar 4 Monitor),Water,81,5/13/2025,1.000,On,1102.9,121.25,0.00,5.106,7.487,4.346,89.73,15.00,15.83,0,1,75.02,5/13/2025,Good,6.332,0.0010,2.374,0.00039,14.25,1.583,0.0082,3.166,0.00052,1.583,0.00026,15.33,0.319,3.166,0.00052,23.22,0.0038,0.264,2.638,0.0069,1.979,0.198,1.583,15.83,0.00,0.021
-93.76052118,42.02094128,10,TaskName 5/13/2025 (GreenStar 4 Monitor),Water,82,5/13/2025,1.001,On,1102.9,121.25,0.00,5.244,7.697,4.138,89.96,15.00,15.03,0,1,77.05,5/13/2025,Good,6.011,0.0010,2.254,0.00038,13.52,1.503,0.0080,3.005,0.00050,1.503,0.00025,14.55,0.312,3.005,0.00050,22.04,0.0037,0.250,2.505,0.0067,1.878,0.188,1.503,15.03,0.00,0.021
-93.76049273,42.02094157,10,TaskName 5/13/2025 (GreenStar 4 Monitor),Water,83,5/13/2025,1.000,On,1102.8,121.25,0.00,5.234,7.680,4.167,90.30,15.00,11.83,0,1,76.96,5/13/2025,Under Target,4.732,0.00079,1.774,0.00030,10.65,1.183,0.0063,2.366,0.00040,1.183,0.00020,11.46,0.245,2.366,0.00040,17.35,0.0029,0.197,1.972,0.0053,1.479,0.148,1.183,11.83,0.00,0.021
-93.76046405,42.02094129,10,TaskName 5/13/2025 (GreenStar 4 Monitor),Water,84,5/13/2025,0.999,On,1102.5,121.25,0.00,5.295,7.772,4.313,89.91,15.00,10.33,0,1,77.96,5/13/2025,Under Target,4.130,0.00070,1.549,0.00026,9.293,1.033,0.0056,2.065,0.00035,1.033,0.00017,10.00,0.216,2.065,0.00035,15.14,0.0026,0.172,1.721,0.0047,1.291,0.129,1.033,10.33,0.00,0.022
-93.76043578,42.02094108,10,TaskName 5/13/2025 (GreenStar 4 Monitor),Water,85,5/13/2025,1.001,On,1102.5,121.25,0.00,5.360,7.867,3.388,89.52,15.00,9.336,0,1,78.76,5/13/2025,Under Target,3.734,0.00064,1.400,0.00024,8.402,0.934,0.0051,1.867,0.00032,0.934,0.00016,9.042,0.198,1.867,0.00032,13.69,0.0023,0.156,1.556,0.0043,1.167,0.117,0.934,9.336,0.00,0.022
-93.76042527,42.02094100,10,TaskName 5/13/2025 (GreenStar 4 Monitor),Water,86,5/13/2025,0.400,On,1102.4,121.25,0.00,5.132,3.020,3.399,89.35,15.00,8.841,0,1,75.66,5/13/2025,Under Target,3.536,0.00023,1.326,8.710e-05,7.957,0.884,0.0019,1.768,0.00012,0.884,5.807e-05,8.563,0.072,1.768,0.00012,12.97,0.00085,0.147,1.474,0.0015,1.105,0.111,0.884,8.841,0.00,0.0084
-93.76001034,42.02061185,10,TaskName 5/13/2025 (GreenStar 4 Monitor),Water,87,5/13/2025,0.999,On,1097.4,121.25,0.00,3.447,4.580,6.099,269.67,15.00,21.54,0,2,45.94,5/13/2025,Over Target,8.616,0.00086,3.231,0.00032,19.39,2.154,0.0069,4.308,0.00043,2.154,0.00021,20.86,0.266,4.308,0.00043,31.59,0.0031,0.359,3.590,0.0057,2.692,0.269,2.154,21.54,0.00,0.013
-93.76004111,42.02061168,10,TaskName 5/13/2025 (GreenStar 4 Monitor),Water,88,5/13/2025,1.006,On,1097.9,121.25,0.00,5.350,7.874,5.516,269.88,15.00,11.95,0,2,78.43,5/13/2025,Under Target,4.778,0.00082,1.792,0.00031,10.75,1.195,0.0065,2.389,0.00041,1.195,0.00020,11.57,0.254,2.389,0.00041,17.52,0.0030,0.199,1.991,0.0055,1.493,0.149,1.195,11.95,0.00,0.022
-93.76007490,42.02061137,10,TaskName 5/13/2025 (GreenStar 4 Monitor),Water,89,5/13/2025,0.995,On,1098.2,121.25,0.00,5.893,8.586,6.528,270.44,15.00,10.75,0,2,86.47,5/13/2025,Under Target,4.299,0.00080,1.612,0.00030,9.674,1.075,0.0064,2.150,0.00040,1.075,0.00020,10.41,0.249,2.150,0.00040,15.76,0.0029,0.179,1.791,0.0054,1.344,0.134,1.075,10.75,0.00,0.024
-93.76010983,42.02061168,10,TaskName 5/13/2025 (GreenStar 4 Monitor),Water,90,5/13/2025,1.000,On,1098.7,121.25,0.00,6.384,9.360,6.381,270.47,15.00,11.11,0,2,93.80,5/13/2025,Under Target,4.442,0.00090,1.666,0.00034,9.996,1.111,0.0072,2.221,0.00045,1.111,0.00023,10.76,0.280,2.221,0.00045,16.29,0.0033,0.185,1.851,0.0060,1.388,0.139,1.111,11.11,0.00,0.026
-93.76012401,42.02061178,10,TaskName 5/13/2025 (GreenStar 4 Monitor),Water,91,5/13/2025,0.405,On,1098.9,121.25,0.00,6.496,3.856,6.110,270.42,15.00,11.52,0,2,95.41,5/13/2025,Under Target,4.610,0.00039,1.729,0.00014,10.37,1.152,0.0031,2.305,0.00019,1.152,9.665e-05,11.16,0.120,2.305,0.00019,16.90,0.0014,0.192,1.921,0.0026,1.441,0.144,1.152,11.52,0.00,0.011
-93.76053344,42.02060961,10,TaskName 5/13/2025 (GreenStar 4 Monitor),Water,92,5/13/2025,1.000,On,1100.6,121.25,0.00,1.728,2.509,3.207,268.37,15.00,39.53,0,3,25.14,5/13/2025,Over Target,15.81,0.00086,5.930,0.00032,35.58,3.953,0.0069,7.906,0.00043,3.953,0.00022,38.29,0.267,7.906,0.00043,57.98,0.0032,0.659,6.588,0.0058,4.941,0.494,3.953,39.53,0.00,0.0070
-93.76054881,42.02060916,10,TaskName 5/13/2025 (GreenStar 4 Monitor),Water,93,5/13/2025,0.999,On,1100.5,121.25,0.00,2.300,3.342,5.650,268.61,15.00,26.39,0,3,33.52,5/13/2025,Over Target,10.56,0.00077,3.958,0.00029,23.75,2.639,0.0061,5.278,0.00038,2.639,0.00019,25.56,0.238,5.278,0.00038,38.70,0.0028,0.440,4.398,0.0051,3.299,0.330,2.639,26.39,0.00,0.0093
-93.76057003,42.02060849,10,TaskName 5/13/2025 (GreenStar 4 Monitor),Water,94,5/13/2025,1.000,On,1100.2,121.25,0.00,3.239,4.697,3.617,269.53,15.00,30.60,0,3,47.07,5/13/2025,Over Target,12.24,0.0013,4.590,0.00047,27.54,3.060,0.010,6.120,0.00063,3.060,0.00031,29.64,0.387,6.120,0.00063,44.88,0.0046,0.510,5.100,0.0083,3.825,0.383,3.060,30.60,0.00,0.013
-93.76059012,42.02060791,10,TaskName 5/13/2025 (GreenStar 4 Monitor),Water,95,5/13/2025,1.000,On,1100.1,121.25,0.00,3.830,5.622,3.352,270.50,15.00,27.98,0,3,56.34,5/13/2025,Over Target,11.19,0.0014,4.197,0.00051,25.18,2.798,0.011,5.595,0.00068,2.798,0.00034,27.10,0.424,5.595,0.00068,41.03,0.0050,0.466,4.663,0.0091,3.497,0.350,2.798,27.98,0.00,0.016
-93.76061031,42.02060837,10,TaskName 5/13/2025 (GreenStar 4 Monitor),Water,96,5/13/2025,1.000,On,1099.9,121.25,0.00,3.702,5.438,4.693,269.57,15.00,25.02,0,3,54.50,5/13/2025,Over Target,10.01,0.0012,3.753,0.00044,22.52,2.502,0.0095,5.004,0.00059,2.502,0.00030,24.23,0.367,5.004,0.00059,36.70,0.0043,0.417,4.170,0.0079,3.128,0.313,2.502,25.02,0.00,0.015
-93.76063108,42.02060864,10,TaskName 5/13/2025 (GreenStar 4 Monitor),Water,97,5/13/2025,1.001,On,1099.8,121.25,0.00,3.779,5.550,4.496,268.82,15.00,30.93,0,3,55.56,5/13/2025,Over Target,12.37,0.0015,4.639,0.00056,27.83,3.093,0.012,6.185,0.00075,3.093,0.00037,29.95,0.463,6.185,0.00075,45.36,0.0055,0.515,5.155,0.0100,3.866,0.387,3.093,30.93,0.00,0.015
-93.76065146,42.02060806,10,TaskName 5/13/2025 (GreenStar 4 Monitor),Water,98,5/13/2025,1.000,On,1099.7,121.25,0.00,3.829,5.629,4.255,268.97,15.00,28.40,0,3,56.40,5/13/2025,Over Target,11.36,0.0014,4.260,0.00052,25.56,2.840,0.011,5.680,0.00070,2.840,0.00035,27.50,0.431,5.680,0.00070,41.65,0.0051,0.473,4.733,0.0093,3.550,0.355,2.840,28.40,0.00,0.016
-93.76067244,42.02060781,10,TaskName 5/13/2025 (GreenStar 4 Monitor),Water,99,5/13/2025,0.994,On,1099.6,121.25,0.00,3.822,5.583,4.384,268.83,15.00,25.59,0,3,56.28,5/13/2025,Over Target,10.24,0.0012,3.839,0.00047,23.03,2.559,0.0099,5.118,0.00062,2.559,0.00031,24.79,0.385,5.118,0.00062,37.53,0.0046,0.427,4.265,0.0083,3.199,0.320,2.559,25.59,0.00,0.016
-93.76069474,42.02060761,10,TaskName 5/13/2025 (GreenStar 4 Monitor),Water,100,5/13/2025,1.005,On,1099.5,121.25,0.00,3.938,5.813,4.973,268.87,15.00,24.21,0,3,57.96,5/13/2025,Over Target,9.685,0.0012,3.632,0.00046,21.79,2.421,0.0098,4.842,0.00061,2.421,0.00031,23.45,0.379,4.842,0.00061,35.51,0.0045,0.404,4.035,0.0082,3.026,0.303,2.421,24.21,0.00,0.016
-93.76071783,42.02060702,10,TaskName 5/13/2025 (GreenStar 4 Monitor),Water,101,5/13/2025,0.996,On,1099.4,121.25,0.00,4.234,6.190,4.113,269.46,15.00,21.56,0,3,62.27,5/13/2025,Over Target,8.624,0.0012,3.234,0.00044,19.40,2.156,0.0093,4.312,0.00058,2.156,0.00029,20.88,0.360,4.312,0.00058,31.62,0.0043,0.359,3.593,0.0077,2.695,0.269,2.156,21.56,0.00,0.017
-93.76074089,42.02060685,10,TaskName 5/13/2025 (GreenStar 4 Monitor),Water,102,5/13/2025,1.004,On,1099.3,121.25,0.00,4.265,6.284,4.161,269.80,15.00,19.89,0,3,62.72,5/13/2025,Over Target,7.956,0.0011,2.984,0.00041,17.90,1.989,0.0087,3.978,0.00054,1.989,0.00027,19.26,0.337,3.978,0.00054,29.17,0.0040,0.332,3.315,0.0072,2.486,0.249,1.989,19.89,0.00,0.017
-93.76076402,42.02060641,10,TaskName 5/13/2025 (GreenStar 4 Monitor),Water,103,5/13/2025,1.000,On,1099.2,121.25,0.00,4.266,6.258,4.294,270.40,15.00,19.51,0,3,62.71,5/13/2025,Over Target,7.804,0.0011,2.926,0.00040,17.56,1.951,0.0085,3.902,0.00053,1.951,0.00027,18.90,0.329,3.902,0.00053,28.61,0.0039,0.325,3.252,0.0071,2.439,0.244,1.951,19.51,0.00,0.017
-93.76078741,42.02060608,10,TaskName 5/13/2025 (GreenStar 4 Monitor),Water,104,5/13/2025,1.000,On,1099.0,121.25,0.00,4.296,6.301,3.434,270.86,36.96,33.80,0,3,63.14,5/13/2025,Good,13.52,0.0019,5.071,0.00069,30.42,3.380,0.015,6.761,0.00093,3.380,0.00046,32.74,0.574,6.761,0.00093,49.58,0.0068,0.563,5.634,0.012,4.225,0.423,3.380,33.80,0.00,0.018
-93.76081089,42.02060644,10,TaskName 5/13/2025 (GreenStar 4 Monitor),Water,105,5/13/2025,0.996,On,1098.9,121.25,0.00,4.340,6.334,3.225,270.74,42.40,37.76,0,3,63.72,5/13/2025,Good,15.10,0.0021,5.663,0.00078,33.98,3.776,0.017,7.551,0.0010,3.776,0.00052,36.57,0.645,7.551,0.0010,55.37,0.0076,0.629,6.293,0.014,4.719,0.472,3.776,37.76,0.00,0.018
-93.76083457,42.02060654,10,TaskName 5/13/2025 (GreenStar 4 Monitor),Water,106,5/13/2025,1.004,On,1098.8,121.25,0.00,4.351,6.416,3.460,270.76,42.40,40.81,0,3,64.03,5/13/2025,Good,16.32,0.0023,6.121,0.00085,36.73,4.081,0.018,8.162,0.0011,4.081,0.00057,39.52,0.706,8.162,0.0011,59.85,0.0084,0.680,6.801,0.015,5.101,0.510,4.081,40.81,0.00,0.018
-93.76085833,42.02060654,10,TaskName 5/13/2025 (GreenStar 4 Monitor),Water,107,5/13/2025,1.001,On,1098.6,121.25,0.00,4.378,6.422,4.735,271.37,42.40,42.83,0,3,64.29,5/13/2025,Good,17.13,0.0024,6.425,0.00090,38.55,4.283,0.019,8.567,0.0012,4.283,0.00060,41.48,0.742,8.567,0.0012,62.82,0.0088,0.714,7.139,0.016,5.354,0.535,4.283,42.83,0.00,0.018
-93.76088233,42.02060641,10,TaskName 5/13/2025 (GreenStar 4 Monitor),Water,108,5/13/2025,0.995,On,1098.5,121.25,0.00,4.420,6.455,4.688,271.90,42.40,43.98,0,3,65.01,5/13/2025,Good,17.59,0.0025,6.597,0.00093,39.58,4.398,0.020,8.796,0.0012,4.398,0.00062,42.60,0.765,8.796,0.0012,64.51,0.0091,0.733,7.330,0.016,5.498,0.550,4.398,43.98,0.00,0.018
-93.76090591,42.02060715,10,TaskName 5/13/2025 (GreenStar 4 Monitor),Water,109,5/13/2025,1.004,On,1098.3,121.25,0.00,4.438,6.537,3.868,270.20,42.40,44.51,0,3,65.24,5/13/2025,Good,17.80,0.0025,6.676,0.00095,40.06,4.451,0.020,8.901,0.0013,4.451,0.00063,43.10,0.784,8.901,0.0013,65.28,0.0093,0.742,7.418,0.017,5.563,0.556,4.451,44.51,0.00,0.018
-93.76092909,42.02060797,10,TaskName 5/13/2025 (GreenStar 4 Monitor),Water,110,5/13/2025,1.001,On,1098.2,121.25,0.00,4.330,6.357,3.491,268.73,42.40,44.62,0,3,63.63,5/13/2025,Good,17.85,0.0025,6.693,0.00093,40.16,4.462,0.020,8.924,0.0012,4.462,0.00062,43.22,0.765,8.924,0.0012,65.45,0.0090,0.744,7.437,0.016,5.578,0.558,4.462,44.62,0.00,0.018
-93.76095331,42.02060738,10,TaskName 5/13/2025 (GreenStar 4 Monitor),Water,111,5/13/2025,0.999,On,1098.1,121.25,0.00,4.353,6.380,3.531,269.27,42.40,44.37,0,3,63.99,5/13/2025,Good,17.75,0.0025,6.655,0.00092,39.93,4.437,0.020,8.874,0.0012,4.437,0.00062,42.97,0.763,8.874,0.0012,65.07,0.0090,0.739,7.395,0.016,5.546,0.555,4.437,44.37,0.00,0.018
-93.76097786,42.02060699,10,TaskName 5/13/2025 (GreenStar 4 Monitor),Water,112,5/13/2025,1.001,On,1098.0,121.25,0.00,4.510,6.616,3.572,269.48,42.40,43.59,0,3,66.23,5/13/2025,Good,17.44,0.0025,6.538,0.00094,39.23,4.359,0.020,8.718,0.0013,4.359,0.00063,42.22,0.777,8.718,0.0013,63.93,0.0092,0.726,7.265,0.017,5.449,0.545,4.359,43.59,0.00,0.018
-93.76100268,42.02060690,10,TaskName 5/13/2025 (GreenStar 4 Monitor),Water,113,5/13/2025,0.994,On,1098.0,121.25,0.00,4.582,6.688,3.407,269.49,42.40,43.01,0,3,67.42,5/13/2025,Good,17.20,0.0025,6.452,0.00094,38.71,4.301,0.020,8.602,0.0013,4.301,0.00063,41.66,0.775,8.602,0.0013,63.08,0.0092,0.717,7.169,0.017,5.377,0.538,4.301,43.01,0.00,0.019
-93.76102714,42.02060630,10,TaskName 5/13/2025 (GreenStar 4 Monitor),Water,114,5/13/2025,1.005,On,1097.9,121.25,0.00,4.561,6.724,3.807,269.99,42.40,42.50,0,3,67.04,5/13/2025,Good,17.00,0.0025,6.374,0.00093,38.25,4.250,0.020,8.499,0.0012,4.250,0.00062,41.16,0.770,8.499,0.0012,62.33,0.0091,0.708,7.083,0.017,5.312,0.531,4.250,42.50,0.00,0.019
-93.76105169,42.02060604,10,TaskName 5/13/2025 (GreenStar 4 Monitor),Water,115,5/13/2025,1.000,On,1097.8,121.25,0.00,4.529,6.642,4.714,270.30,42.40,42.63,0,3,66.56,5/13/2025,Good,17.05,0.0025,6.395,0.00092,38.37,4.263,0.020,8.527,0.0012,4.263,0.00062,41.29,0.763,8.527,0.0012,62.53,0.0090,0.711,7.106,0.016,5.329,0.533,4.263,42.63,0.00,0.018
-93.76107619,42.02060588,10,TaskName 5/13/2025 (GreenStar 4 Monitor),Water,116,5/13/2025,1.000,On,1097.7,121.25,0.00,4.521,6.632,4.443,270.40,42.40,42.39,0,3,66.46,5/13/2025,Good,16.96,0.0024,6.359,0.00092,38.15,4.239,0.020,8.478,0.0012,4.239,0.00061,41.06,0.758,8.478,0.0012,62.18,0.0090,0.707,7.065,0.016,5.299,0.530,4.239,42.39,0.00,0.018
-93.76110117,42.02060568,10,TaskName 5/13/2025 (GreenStar 4 Monitor),Water,117,5/13/2025,0.995,On,1097.6,121.25,0.00,4.606,6.721,4.537,270.28,42.40,42.15,0,3,67.68,5/13/2025,Good,16.86,0.0025,6.322,0.00092,37.93,4.215,0.020,8.430,0.0012,4.215,0.00062,40.82,0.764,8.430,0.0012,61.82,0.0090,0.702,7.025,0.016,5.268,0.527,4.215,42.15,0.00,0.019
-93.76112485,42.02060543,10,TaskName 5/13/2025 (GreenStar 4 Monitor),Water,118,5/13/2025,1.001,On,1097.5,121.25,0.00,4.549,6.675,4.401,270.58,42.40,42.09,0,3,66.82,5/13/2025,Good,16.84,0.0024,6.314,0.00092,37.88,4.209,0.020,8.418,0.0012,4.209,0.00061,40.77,0.757,8.418,0.0012,61.73,0.0090,0.702,7.015,0.016,5.261,0.526,4.209,42.09,0.00,0.019
-93.76114915,42.02060516,10,TaskName 5/13/2025 (GreenStar 4 Monitor),Water,119,5/13/2025,0.995,On,1097.4,121.25,0.00,4.403,6.425,4.843,270.74,42.40,42.57,0,3,64.71,5/13/2025,Good,17.03,0.0024,6.386,0.00089,38.31,4.257,0.019,8.514,0.0012,4.257,0.00059,41.23,0.737,8.514,0.0012,62.44,0.0087,0.710,7.095,0.016,5.321,0.532,4.257,42.57,0.00,0.018
-93.76117372,42.02060532,10,TaskName 5/13/2025 (GreenStar 4 Monitor),Water,120,5/13/2025,1.009,On,1097.4,121.25,0.00,4.526,6.701,4.422,270.48,42.40,42.37,0,3,66.55,5/13/2025,Good,16.95,0.0025,6.355,0.00093,38.13,4.237,0.020,8.474,0.0012,4.237,0.00062,41.03,0.765,8.474,0.0012,62.14,0.0091,0.706,7.062,0.016,5.296,0.530,4.237,42.37,0.00,0.019
-93.76119791,42.02060518,10,TaskName 5/13/2025 (GreenStar 4 Monitor),Water,121,5/13/2025,0.991,On,1097.4,121.25,0.00,4.526,6.576,4.605,270.61,42.40,42.34,0,3,66.50,5/13/2025,Good,16.93,0.0024,6.350,0.00091,38.10,4.234,0.019,8.467,0.0012,4.234,0.00061,41.00,0.751,8.467,0.0012,62.09,0.0089,0.706,7.056,0.016,5.292,0.529,4.234,42.34,0.00,0.018
-93.76122202,42.02060485,10,TaskName 5/13/2025 (GreenStar 4 Monitor),Water,122,5/13/2025,1.000,On,1097.4,121.25,0.00,4.457,6.544,4.844,271.07,42.40,42.43,0,3,65.57,5/13/2025,Good,16.97,0.0024,6.365,0.00091,38.19,4.243,0.019,8.486,0.0012,4.243,0.00060,41.10,0.749,8.486,0.0012,62.23,0.0089,0.707,7.072,0.016,5.304,0.530,4.243,42.43,0.00,0.018
-93.76124608,42.02060485,10,TaskName 5/13/2025 (GreenStar 4 Monitor),Water,123,5/13/2025,1.009,On,1097.3,121.25,0.00,4.475,6.619,4.700,271.56,42.40,42.34,0,3,65.74,5/13/2025,Good,16.94,0.0024,6.351,0.00091,38.11,4.234,0.020,8.468,0.0012,4.234,0.00061,41.01,0.756,8.468,0.0012,62.10,0.0089,0.706,7.057,0.016,5.293,0.529,4.234,42.34,0.00,0.018
-93.76127061,42.02060501,10,TaskName 5/13/2025 (GreenStar 4 Monitor),Water,124,5/13/2025,0.995,On,1097.3,121.25,0.00,4.494,6.560,3.895,272.20,42.40,42.26,0,3,66.07,5/13/2025,Good,16.91,0.0024,6.340,0.00090,38.04,4.226,0.019,8.453,0.0012,4.226,0.00060,40.93,0.747,8.453,0.0012,61.99,0.0088,0.704,7.044,0.016,5.283,0.528,4.226,42.26,0.00,0.018
-93.76129453,42.02060522,10,TaskName 5/13/2025 (GreenStar 4 Monitor),Water,125,5/13/2025,1.000,On,1097.2,121.25,0.00,4.497,6.596,4.415,271.88,42.40,42.21,0,3,66.10,5/13/2025,Good,16.88,0.0024,6.331,0.00091,37.99,4.221,0.019,8.442,0.0012,4.221,0.00061,40.88,0.751,8.442,0.0012,61.91,0.0089,0.703,7.035,0.016,5.276,0.528,4.221,42.21,0.00,0.018
-93.76131849,42.02060660,10,TaskName 5/13/2025 (GreenStar 4 Monitor),Water,126,5/13/2025,1.000,On,1097.2,121.25,0.00,4.472,6.563,4.119,268.89,42.40,42.27,0,3,65.77,5/13/2025,Good,16.91,0.0024,6.340,0.00090,38.04,4.227,0.019,8.454,0.0012,4.227,0.00060,40.94,0.748,8.454,0.0012,61.99,0.0088,0.704,7.045,0.016,5.284,0.528,4.227,42.27,0.00,0.018
-93.76134261,42.02060703,10,TaskName 5/13/2025 (GreenStar 4 Monitor),Water,127,5/13/2025,1.001,On,1097.2,121.25,0.00,4.446,6.527,5.064,267.57,42.40,42.36,0,3,65.34,5/13/2025,Good,16.94,0.0024,6.354,0.00090,38.13,4.236,0.019,8.472,0.0012,4.236,0.00060,41.03,0.745,8.472,0.0012,62.13,0.0088,0.706,7.060,0.016,5.295,0.530,4.236,42.36,0.00,0.018
-93.76136678,42.02060566,10,TaskName 5/13/2025 (GreenStar 4 Monitor),Water,128,5/13/2025,1.004,On,1097.2,121.25,0.00,4.468,6.576,4.320,269.28,42.40,42.64,0,3,65.64,5/13/2025,Good,17.06,0.0024,6.396,0.00091,38.38,4.264,0.020,8.528,0.0012,4.264,0.00061,41.30,0.756,8.528,0.0012,62.54,0.0089,0.711,7.107,0.016,5.330,0.533,4.264,42.64,0.00,0.018
-93.76138987,42.02060503,10,TaskName 5/13/2025 (GreenStar 4 Monitor),Water,129,5/13/2025,0.995,On,1097.2,121.25,0.00,4.392,6.409,4.838,270.19,42.40,42.53,0,3,64.55,5/13/2025,Good,17.01,0.0024,6.379,0.00089,38.28,4.253,0.019,8.506,0.0012,4.253,0.00059,41.19,0.735,8.506,0.0012,62.38,0.0087,0.709,7.088,0.016,5.316,0.532,4.253,42.53,0.00,0.018
-93.76141456,42.02060558,10,TaskName 5/13/2025 (GreenStar 4 Monitor),Water,130,5/13/2025,1.001,On,1097.2,121.25,0.00,4.403,6.458,5.027,269.46,42.40,42.78,0,3,64.65,5/13/2025,Good,17.11,0.0024,6.417,0.00090,38.50,4.278,0.019,8.556,0.0012,4.278,0.00060,41.43,0.745,8.556,0.0012,62.75,0.0088,0.713,7.130,0.016,5.348,0.535,4.278,42.78,0.00,0.018
-93.76143927,42.02060524,10,TaskName 5/13/2025 (GreenStar 4 Monitor),Water,131,5/13/2025,0.999,On,1097.1,121.25,0.00,4.576,6.714,4.796,270.24,42.40,42.21,0,3,67.35,5/13/2025,Good,16.88,0.0025,6.331,0.00092,37.99,4.221,0.020,8.441,0.0012,4.221,0.00062,40.88,0.764,8.441,0.0012,61.90,0.0090,0.703,7.034,0.016,5.276,0.528,4.221,42.21,0.00,0.019
-93.76146390,42.02060483,10,TaskName 5/13/2025 (GreenStar 4 Monitor),Water,132,5/13/2025,1.000,On,1097.1,121.25,0.00,4.563,6.697,4.710,270.82,42.40,42.11,0,3,67.11,5/13/2025,Good,16.85,0.0025,6.317,0.00092,37.90,4.211,0.020,8.423,0.0012,4.211,0.00061,40.79,0.760,8.423,0.0012,61.77,0.0090,0.702,7.019,0.016,5.264,0.526,4.211,42.11,0.00,0.019
-93.76148881,42.02060545,10,TaskName 5/13/2025 (GreenStar 4 Monitor),Water,133,5/13/2025,0.995,On,1097.1,121.25,0.00,4.577,6.686,4.674,270.05,42.40,42.31,0,3,67.34,5/13/2025,Good,16.92,0.0025,6.347,0.00092,38.08,4.231,0.020,8.462,0.0012,4.231,0.00062,40.98,0.763,8.462,0.0012,62.06,0.0090,0.705,7.052,0.016,5.289,0.529,4.231,42.31,0.00,0.019
-93.76151341,42.02060560,10,TaskName 5/13/2025 (GreenStar 4 Monitor),Water,134,5/13/2025,1.001,On,1097.1,121.25,0.00,4.607,6.768,4.493,269.67,42.40,42.26,0,3,67.76,5/13/2025,Good,16.90,0.0025,6.339,0.00093,38.04,4.226,0.020,8.452,0.0012,4.226,0.00062,40.93,0.771,8.452,0.0012,61.98,0.0091,0.704,7.044,0.017,5.283,0.528,4.226,42.26,0.00,0.019
-93.76153799,42.02060495,10,TaskName 5/13/2025 (GreenStar 4 Monitor),Water,135,5/13/2025,1.000,On,1097.1,121.25,0.00,4.537,6.654,4.691,270.47,42.40,42.55,0,3,66.67,5/13/2025,Good,17.02,0.0025,6.382,0.00092,38.29,4.255,0.020,8.510,0.0012,4.255,0.00062,41.21,0.763,8.510,0.0012,62.41,0.0090,0.709,7.092,0.016,5.319,0.532,4.255,42.55,0.00,0.019
-93.76156249,42.02060503,10,TaskName 5/13/2025 (GreenStar 4 Monitor),Water,136,5/13/2025,1.004,On,1097.1,121.25,0.00,4.541,6.693,4.720,271.00,42.40,42.20,0,3,66.80,5/13/2025,Good,16.88,0.0025,6.330,0.00092,37.98,4.220,0.020,8.441,0.0012,4.220,0.00061,40.87,0.761,8.441,0.0012,61.90,0.0090,0.703,7.034,0.016,5.275,0.528,4.220,42.20,0.00,0.019
-93.76158682,42.02060506,10,TaskName 5/13/2025 (GreenStar 4 Monitor),Water,137,5/13/2025,0.996,On,1097.1,121.25,0.00,4.520,6.604,4.858,270.87,42.40,41.74,0,3,66.45,5/13/2025,Good,16.70,0.0024,6.262,0.00090,37.57,4.174,0.019,8.349,0.0012,4.174,0.00060,40.43,0.743,8.349,0.0012,61.22,0.0088,0.696,6.957,0.016,5.218,0.522,4.174,41.74,0.00,0.018
-93.76161124,42.02060595,10,TaskName 5/13/2025 (GreenStar 4 Monitor),Water,138,5/13/2025,0.999,On,1097.1,121.25,0.00,4.536,6.657,4.866,269.55,42.40,43.07,0,3,66.77,5/13/2025,Good,17.23,0.0025,6.461,0.00094,38.76,4.307,0.020,8.614,0.0012,4.307,0.00062,41.71,0.773,8.614,0.0012,63.17,0.0091,0.718,7.178,0.017,5.384,0.538,4.307,43.07,0.00,0.019
-93.76163562,42.02060592,10,TaskName 5/13/2025 (GreenStar 4 Monitor),Water,139,5/13/2025,1.005,On,1097.1,121.25,0.00,4.530,6.686,4.790,269.46,42.40,43.21,0,3,66.67,5/13/2025,Good,17.28,0.0025,6.481,0.00094,38.89,4.321,0.020,8.641,0.0013,4.321,0.00063,41.85,0.779,8.641,0.0013,63.37,0.0092,0.720,7.201,0.017,5.401,0.540,4.321,43.21,0.00,0.019
-93.76166001,42.02060507,10,TaskName 5/13/2025 (GreenStar 4 Monitor),Water,140,5/13/2025,1.000,On,1097.1,121.25,0.00,4.497,6.604,4.884,270.30,42.40,43.26,0,3,66.18,5/13/2025,Good,17.30,0.0025,6.489,0.00093,38.93,4.326,0.020,8.652,0.0012,4.326,0.00062,41.90,0.770,8.652,0.0012,63.45,0.0091,0.721,7.210,0.017,5.407,0.541,4.326,43.26,0.00,0.018
-93.76168443,42.02060526,10,TaskName 5/13/2025 (GreenStar 4 Monitor),Water,141,5/13/2025,0.996,On,1097.1,121.25,0.00,4.515,6.598,4.939,270.05,42.40,43.17,0,3,66.38,5/13/2025,Good,17.27,0.0025,6.475,0.00093,38.85,4.317,0.020,8.634,0.0012,4.317,0.00062,41.81,0.768,8.634,0.0012,63.31,0.0091,0.719,7.195,0.017,5.396,0.540,4.317,43.17,0.00,0.018
-93.76170890,42.02060558,10,TaskName 5/13/2025 (GreenStar 4 Monitor),Water,142,5/13/2025,0.999,On,1097.1,121.25,0.00,4.531,6.644,4.624,269.57,42.40,43.01,0,3,66.64,5/13/2025,Good,17.20,0.0025,6.452,0.00093,38.71,4.301,0.020,8.602,0.0012,4.301,0.00062,41.66,0.770,8.602,0.0012,63.08,0.0091,0.717,7.169,0.017,5.377,0.538,4.301,43.01,0.00,0.018
-93.76173325,42.02060578,10,TaskName 5/13/2025 (GreenStar 4 Monitor),Water,143,5/13/2025,1.005,On,1097.1,121.25,0.00,4.534,6.693,4.281,269.33,42.40,42.80,0,3,66.73,5/13/2025,Good,17.12,0.0025,6.420,0.00093,38.52,4.280,0.020,8.560,0.0012,4.280,0.00062,41.45,0.772,8.560,0.0012,62.77,0.0091,0.713,7.133,0.017,5.350,0.535,4.280,42.80,0.00,0.019
-93.76175775,42.02060560,10,TaskName 5/13/2025 (GreenStar 4 Monitor),Water,144,5/13/2025,1.001,On,1097.0,121.25,0.00,4.533,6.654,4.596,269.28,42.40,42.61,0,3,66.61,5/13/2025,Good,17.04,0.0025,6.391,0.00092,38.35,4.261,0.020,8.521,0.0012,4.261,0.00062,41.26,0.764,8.521,0.0012,62.49,0.0090,0.710,7.101,0.016,5.326,0.533,4.261,42.61,0.00,0.019
-93.76178220,42.02060554,10,TaskName 5/13/2025 (GreenStar 4 Monitor),Water,145,5/13/2025,1.000,On,1097.0,121.25,0.00,4.511,6.621,5.009,269.00,42.40,42.53,0,3,66.34,5/13/2025,Good,17.01,0.0024,6.380,0.00092,38.28,4.253,0.020,8.507,0.0012,4.253,0.00061,41.19,0.759,8.507,0.0012,62.38,0.0090,0.709,7.089,0.016,5.317,0.532,4.253,42.53,0.00,0.018
-93.76180691,42.02060524,10,TaskName 5/13/2025 (GreenStar 4 Monitor),Water,146,5/13/2025,0.995,On,1097.0,121.25,0.00,4.543,6.644,4.794,269.00,42.40,42.38,0,3,66.91,5/13/2025,Good,16.95,0.0024,6.356,0.00092,38.14,4.238,0.020,8.475,0.0012,4.238,0.00061,41.04,0.759,8.475,0.0012,62.15,0.0090,0.706,7.063,0.016,5.297,0.530,4.238,42.38,0.00,0.018
-93.76183150,42.02060493,10,TaskName 5/13/2025 (GreenStar 4 Monitor),Water,147,5/13/2025,1.004,On,1096.9,121.25,0.00,4.560,6.722,4.678,269.21,42.40,42.21,0,3,67.09,5/13/2025,Good,16.89,0.0025,6.332,0.00093,37.99,4.221,0.020,8.443,0.0012,4.221,0.00062,40.88,0.765,8.443,0.0012,61.91,0.0091,0.704,7.035,0.016,5.277,0.528,4.221,42.21,0.00,0.019
-93.76185603,42.02060455,10,TaskName 5/13/2025 (GreenStar 4 Monitor),Water,148,5/13/2025,0.995,On,1096.9,121.25,0.00,4.553,6.654,4.423,269.53,42.40,42.30,0,3,67.01,5/13/2025,Good,16.92,0.0024,6.346,0.00092,38.07,4.230,0.020,8.461,0.0012,4.230,0.00061,40.97,0.759,8.461,0.0012,62.05,0.0090,0.705,7.051,0.016,5.288,0.529,4.230,42.30,0.00,0.019
-93.76188072,42.02060433,10,TaskName 5/13/2025 (GreenStar 4 Monitor),Water,149,5/13/2025,1.005,On,1096.8,121.25,0.00,4.573,6.742,4.544,269.83,42.40,42.39,0,3,67.22,5/13/2025,Good,16.96,0.0025,6.359,0.00093,38.15,4.239,0.020,8.478,0.0012,4.239,0.00062,41.06,0.770,8.478,0.0012,62.17,0.0091,0.707,7.065,0.017,5.299,0.530,4.239,42.39,0.00,0.019
-93.76190534,42.02060411,10,TaskName 5/13/2025 (GreenStar 4 Monitor),Water,150,5/13/2025,1.000,On,1096.7,121.25,0.00,4.540,6.663,4.681,270.16,42.40,42.53,0,3,66.77,5/13/2025,Good,17.01,0.0025,6.380,0.00092,38.28,4.253,0.020,8.507,0.0012,4.253,0.00062,41.19,0.764,8.507,0.0012,62.38,0.0090,0.709,7.089,0.016,5.317,0.532,4.253,42.53,0.00,0.019
-93.76192973,42.02060414,10,TaskName 5/13/2025 (GreenStar 4 Monitor),Water,151,5/13/2025,1.000,On,1096.7,121.25,0.00,4.537,6.660,4.559,270.50,42.40,42.54,0,3,66.74,5/13/2025,Good,17.02,0.0025,6.381,0.00092,38.28,4.254,0.020,8.508,0.0012,4.254,0.00062,41.20,0.764,8.508,0.0012,62.39,0.0090,0.709,7.090,0.016,5.317,0.532,4.254,42.54,0.00,0.019
-93.76195285,42.02060422,10,TaskName 5/13/2025 (GreenStar 4 Monitor),Water,152,5/13/2025,0.996,On,1096.7,121.25,0.00,4.461,6.519,4.479,270.55,42.40,42.58,0,3,65.59,5/13/2025,Good,17.03,0.0024,6.388,0.00091,38.33,4.258,0.019,8.517,0.0012,4.258,0.00060,41.24,0.748,8.517,0.0012,62.46,0.0089,0.710,7.097,0.016,5.323,0.532,4.258,42.58,0.00,0.018
-93.76197664,42.02060457,10,TaskName 5/13/2025 (GreenStar 4 Monitor),Water,153,5/13/2025,1.005,On,1096.8,121.25,0.00,4.261,6.283,5.026,270.16,42.40,42.95,0,3,62.64,5/13/2025,Good,17.18,0.0023,6.443,0.00088,38.66,4.295,0.019,8.590,0.0012,4.295,0.00059,41.60,0.727,8.590,0.0012,62.99,0.0086,0.716,7.158,0.016,5.369,0.537,4.295,42.95,0.00,0.017
-93.76200087,42.02060498,10,TaskName 5/13/2025 (GreenStar 4 Monitor),Water,154,5/13/2025,0.994,On,1097.0,121.25,0.00,4.475,6.532,4.548,269.80,42.40,42.51,0,3,65.85,5/13/2025,Good,17.00,0.0024,6.377,0.00091,38.26,4.251,0.019,8.502,0.0012,4.251,0.00060,41.17,0.749,8.502,0.0012,62.35,0.0089,0.709,7.085,0.016,5.314,0.531,4.251,42.51,0.00,0.018
-93.76202435,42.02060499,10,TaskName 5/13/2025 (GreenStar 4 Monitor),Water,155,5/13/2025,1.000,On,1097.5,121.25,0.00,4.451,6.535,4.387,269.98,42.40,42.34,0,3,65.49,5/13/2025,Good,16.94,0.0024,6.351,0.00090,38.11,4.234,0.019,8.468,0.0012,4.234,0.00060,41.01,0.746,8.468,0.0012,62.10,0.0088,0.706,7.057,0.016,5.293,0.529,4.234,42.34,0.00,0.018
-93.76204648,42.02060479,10,TaskName 5/13/2025 (GreenStar 4 Monitor),Water,156,5/13/2025,1.005,On,1097.5,121.25,0.00,4.322,6.371,2.600,270.88,42.40,42.61,0,3,63.53,5/13/2025,Good,17.04,0.0024,6.391,0.00089,38.35,4.261,0.019,8.521,0.0012,4.261,0.00059,41.26,0.732,8.521,0.0012,62.49,0.0087,0.710,7.101,0.016,5.326,0.533,4.261,42.61,0.00,0.018
-93.76206269,42.02060451,10,TaskName 5/13/2025 (GreenStar 4 Monitor),Water,157,5/13/2025,1.000,On,1097.5,121.25,0.00,3.651,5.266,3.618,271.98,42.40,42.88,0,3,52.77,5/13/2025,Good,17.15,0.0020,6.432,0.00074,38.59,4.288,0.016,8.576,0.00098,4.288,0.00049,41.53,0.609,8.576,0.00098,62.89,0.0072,0.715,7.146,0.013,5.360,0.536,4.288,42.88,0.00,0.015
-93.76207524,42.02060450,10,TaskName 5/13/2025 (GreenStar 4 Monitor),Water,158,5/13/2025,0.996,On,1097.4,121.25,0.00,2.371,3.438,3.374,272.84,42.40,45.42,0,3,34.59,5/13/2025,Good,18.17,0.0014,6.813,0.00051,40.88,4.542,0.011,9.084,0.00068,4.542,0.00034,43.99,0.421,9.084,0.00068,66.62,0.0050,0.757,7.570,0.0091,5.677,0.568,4.542,45.42,0.00,0.0096
-93.76207847,42.02060439,10,TaskName 5/13/2025 (GreenStar 4 Monitor),Water,159,5/13/2025,0.800,On,1097.4,121.25,0.00,1.197,1.146,3.042,273.22,42.40,66.65,0,3,14.35,5/13/2025,Over Target,26.66,0.00066,9.998,0.00025,59.99,6.665,0.0053,13.33,0.00033,6.665,0.00017,64.55,0.206,13.33,0.00033,97.76,0.0024,1.111,11.11,0.0044,8.332,0.833,6.665,66.65,0.00,0.0032
-93.76018210,42.02012687,10,TaskName 6/11/2025 (GreenStar 4 Monitor),Water,1,6/11/2025,72.18,On,1095.1,121.25,0.00,1.402,1.325,5.802,357.98,19.99,107.89,0,1,0.184,6/11/2025,Over Target,43.15,0.0012,16.18,0.00047,97.10,10.79,0.0100,21.58,0.00062,10.79,0.00031,104.49,0.386,21.58,0.00062,158.23,0.0046,1.798,17.98,0.0083,13.49,1.349,10.79,107.89,0.398,0.0037
-93.76018828,42.02028460,10,TaskName 6/11/2025 (GreenStar 4 Monitor),Water,2,6/11/2025,0.995,On,1096.3,121.25,0.00,5.165,7.530,4.440,359.96,19.99,19.38,0,2,75.83,6/11/2025,Good,7.753,0.0013,2.907,0.00048,17.44,1.938,0.010,3.876,0.00063,1.938,0.00032,18.77,0.393,3.876,0.00063,28.43,0.0047,0.323,3.230,0.0085,2.423,0.242,1.938,19.38,0.406,0.021
-93.76018840,42.02030519,10,TaskName 6/11/2025 (GreenStar 4 Monitor),Water,3,6/11/2025,1.000,On,1096.5,121.25,0.00,5.129,7.513,4.813,359.67,19.99,19.58,0,2,75.29,6/11/2025,Good,7.833,0.0013,2.937,0.00048,17.62,1.958,0.010,3.917,0.00064,1.958,0.00032,18.97,0.397,3.917,0.00064,28.72,0.0047,0.326,3.264,0.0085,2.448,0.245,1.958,19.58,0.410,0.021
-93.76018837,42.02032639,10,TaskName 6/11/2025 (GreenStar 4 Monitor),Water,4,6/11/2025,1.000,On,1096.6,121.25,0.00,5.164,7.566,4.965,359.34,19.99,19.77,0,2,75.81,6/11/2025,Good,7.906,0.0013,2.965,0.00049,17.79,1.977,0.010,3.953,0.00065,1.977,0.00033,19.14,0.403,3.953,0.00065,28.99,0.0048,0.329,3.294,0.0087,2.471,0.247,1.977,19.77,0.416,0.021
-93.76018894,42.02034770,10,TaskName 6/11/2025 (GreenStar 4 Monitor),Water,5,6/11/2025,1.000,On,1096.8,121.25,0.00,5.321,7.795,5.113,359.72,19.99,19.83,0,2,78.11,6/11/2025,Good,7.932,0.0013,2.975,0.00050,17.85,1.983,0.011,3.966,0.00067,1.983,0.00034,19.21,0.417,3.966,0.00067,29.08,0.0049,0.331,3.305,0.0090,2.479,0.248,1.983,19.83,0.430,0.022
-93.76018944,42.02036908,10,TaskName 6/11/2025 (GreenStar 4 Monitor),Water,6,6/11/2025,1.000,On,1097.1,121.25,0.00,5.265,7.713,5.903,359.91,19.99,19.94,0,2,77.29,6/11/2025,Good,7.976,0.0013,2.991,0.00050,17.95,1.994,0.011,3.988,0.00067,1.994,0.00033,19.31,0.415,3.988,0.00067,29.25,0.0049,0.332,3.323,0.0089,2.492,0.249,1.994,19.94,0.428,0.021
-93.76018913,42.02039038,10,TaskName 6/11/2025 (GreenStar 4 Monitor),Water,7,6/11/2025,1.000,On,1097.4,121.25,0.00,5.325,7.805,5.334,359.29,19.99,19.93,0,2,78.21,6/11/2025,Good,7.974,0.0014,2.990,0.00051,17.94,1.993,0.011,3.987,0.00068,1.993,0.00034,19.31,0.419,3.987,0.00068,29.24,0.0050,0.332,3.322,0.0090,2.492,0.249,1.993,19.93,0.433,0.022
-93.76018949,42.02040838,10,TaskName 6/11/2025 (GreenStar 4 Monitor),Water,8,6/11/2025,1.000,On,1097.7,121.25,0.00,4.979,7.274,4.853,359.37,19.99,19.93,0,2,72.89,6/11/2025,Good,7.973,0.0013,2.990,0.00047,17.94,1.993,0.010,3.986,0.00063,1.993,0.00032,19.30,0.391,3.986,0.00063,29.23,0.0046,0.332,3.322,0.0084,2.492,0.249,1.993,19.93,0.404,0.020
-93.76018985,42.02042684,10,TaskName 6/11/2025 (GreenStar 4 Monitor),Water,9,6/11/2025,1.000,On,1097.9,121.25,0.00,4.487,6.575,6.488,359.45,19.99,20.11,0,2,65.88,6/11/2025,Good,8.043,0.0011,3.016,0.00043,18.10,2.011,0.0092,4.021,0.00057,2.011,0.00029,19.47,0.356,4.021,0.00057,29.49,0.0042,0.335,3.351,0.0077,2.513,0.251,2.011,20.11,0.368,0.018
-93.76019006,42.02044675,10,TaskName 6/11/2025 (GreenStar 4 Monitor),Water,10,6/11/2025,1.000,On,1098.2,121.25,0.00,4.800,7.028,5.296,359.32,19.99,19.98,0,2,70.42,6/11/2025,Good,7.994,0.0012,2.998,0.00046,17.99,1.998,0.0098,3.997,0.00061,1.998,0.00031,19.35,0.379,3.997,0.00061,29.31,0.0045,0.333,3.331,0.0081,2.498,0.250,1.998,19.98,0.391,0.020
-93.76019022,42.02046667,10,TaskName 6/11/2025 (GreenStar 4 Monitor),Water,11,6/11/2025,1.000,On,1098.5,121.25,0.00,4.928,7.218,5.884,359.07,19.99,20.03,0,2,72.33,6/11/2025,Good,8.012,0.0013,3.005,0.00047,18.03,2.003,0.010,4.006,0.00063,2.003,0.00031,19.40,0.390,4.006,0.00063,29.38,0.0046,0.334,3.338,0.0084,2.504,0.250,2.003,20.03,0.402,0.020
-93.76019077,42.02048767,10,TaskName 6/11/2025 (GreenStar 4 Monitor),Water,12,6/11/2025,1.000,On,1098.7,121.25,0.00,5.042,7.393,6.355,359.11,19.99,19.99,0,2,74.08,6/11/2025,Good,7.997,0.0013,2.999,0.00048,17.99,1.999,0.010,3.999,0.00064,1.999,0.00032,19.36,0.398,3.999,0.00064,29.32,0.0047,0.333,3.332,0.0086,2.499,0.250,1.999,19.99,0.411,0.021
-93.76019130,42.02050913,10,TaskName 6/11/2025 (GreenStar 4 Monitor),Water,13,6/11/2025,1.000,On,1099.0,121.25,0.00,5.303,7.772,5.268,359.35,19.99,19.93,0,2,77.88,6/11/2025,Good,7.973,0.0013,2.990,0.00051,17.94,1.993,0.011,3.986,0.00067,1.993,0.00034,19.30,0.418,3.986,0.00067,29.23,0.0049,0.332,3.322,0.0090,2.492,0.249,1.993,19.93,0.431,0.022
-93.76019170,42.02052968,10,TaskName 6/11/2025 (GreenStar 4 Monitor),Water,14,6/11/2025,1.000,On,1099.3,121.25,0.00,5.206,7.644,5.711,359.47,19.99,19.95,0,2,76.60,6/11/2025,Good,7.979,0.0013,2.992,0.00050,17.95,1.995,0.011,3.990,0.00066,1.995,0.00033,19.32,0.411,3.990,0.00066,29.26,0.0049,0.332,3.325,0.0088,2.493,0.249,1.995,19.95,0.424,0.021
-93.76019172,42.02055067,10,TaskName 6/11/2025 (GreenStar 4 Monitor),Water,15,6/11/2025,1.000,On,1099.5,121.25,0.00,5.156,7.559,6.151,359.45,19.99,20.00,0,2,75.75,6/11/2025,Good,8.002,0.0013,3.001,0.00049,18.00,2.000,0.011,4.001,0.00066,2.000,0.00033,19.37,0.408,4.001,0.00066,29.34,0.0048,0.333,3.334,0.0088,2.500,0.250,2.000,20.00,0.421,0.021
-93.76019258,42.02057201,10,TaskName 6/11/2025 (GreenStar 4 Monitor),Water,16,6/11/2025,1.000,On,1099.6,121.25,0.00,5.251,7.707,5.603,0.047,19.99,19.97,0,2,77.23,6/11/2025,Good,7.987,0.0013,2.995,0.00050,17.97,1.997,0.011,3.994,0.00067,1.997,0.00033,19.34,0.415,3.994,0.00067,29.29,0.0049,0.333,3.328,0.0089,2.496,0.250,1.997,19.97,0.428,0.021
-93.76019230,42.02059324,10,TaskName 6/11/2025 (GreenStar 4 Monitor),Water,17,6/11/2025,1.000,On,1099.9,121.25,0.00,5.324,7.815,5.480,359.75,19.99,19.95,0,2,78.31,6/11/2025,Good,7.981,0.0014,2.993,0.00051,17.96,1.995,0.011,3.991,0.00068,1.995,0.00034,19.32,0.420,3.991,0.00068,29.26,0.0050,0.333,3.326,0.0090,2.494,0.249,1.995,19.95,0.434,0.022
-93.76019253,42.02061480,10,TaskName 6/11/2025 (GreenStar 4 Monitor),Water,18,6/11/2025,1.000,On,1100.2,121.25,0.00,5.293,7.762,5.244,359.75,19.99,19.97,0,2,77.78,6/11/2025,Good,7.988,0.0013,2.996,0.00051,17.97,1.997,0.011,3.994,0.00067,1.997,0.00034,19.34,0.418,3.994,0.00067,29.29,0.0049,0.333,3.328,0.0090,2.496,0.250,1.997,19.97,0.431,0.022
-93.76019266,42.02063572,10,TaskName 6/11/2025 (GreenStar 4 Monitor),Water,19,6/11/2025,1.000,On,1100.4,121.25,0.00,5.248,7.687,5.994,359.88,19.99,20.03,0,2,77.03,6/11/2025,Good,8.012,0.0013,3.004,0.00050,18.03,2.003,0.011,4.006,0.00067,2.003,0.00033,19.40,0.415,4.006,0.00067,29.38,0.0049,0.334,3.338,0.0089,2.504,0.250,2.003,20.03,0.429,0.021
-93.76019277,42.02065674,10,TaskName 6/11/2025 (GreenStar 4 Monitor),Water,20,6/11/2025,1.000,On,1100.6,121.25,0.00,5.234,7.684,5.675,359.93,19.99,20.00,0,2,77.00,6/11/2025,Good,7.998,0.0013,2.999,0.00050,18.00,2.000,0.011,3.999,0.00067,2.000,0.00033,19.37,0.414,3.999,0.00067,29.33,0.0049,0.333,3.333,0.0089,2.499,0.250,2.000,20.00,0.428,0.021
-93.76019267,42.02067759,10,TaskName 6/11/2025 (GreenStar 4 Monitor),Water,21,6/11/2025,1.000,On,1100.9,121.25,0.00,5.251,7.703,5.197,359.68,19.99,19.96,0,2,77.19,6/11/2025,Good,7.985,0.0013,2.994,0.00050,17.97,1.996,0.011,3.992,0.00067,1.996,0.00033,19.33,0.415,3.992,0.00067,29.28,0.0049,0.333,3.327,0.0089,2.495,0.250,1.996,19.96,0.428,0.021
-93.76019281,42.02069848,10,TaskName 6/11/2025 (GreenStar 4 Monitor),Water,22,6/11/2025,1.000,On,1101.1,121.25,0.00,5.126,7.520,5.715,359.51,19.99,20.04,0,2,75.35,6/11/2025,Good,8.016,0.0013,3.006,0.00049,18.04,2.004,0.010,4.008,0.00066,2.004,0.00033,19.41,0.406,4.008,0.00066,29.39,0.0048,0.334,3.340,0.0087,2.505,0.251,2.004,20.04,0.419,0.021
-93.76019290,42.02071956,10,TaskName 6/11/2025 (GreenStar 4 Monitor),Water,23,6/11/2025,1.000,On,1101.3,121.25,0.00,5.219,7.657,5.383,359.38,19.99,19.97,0,2,76.73,6/11/2025,Good,7.988,0.0013,2.996,0.00050,17.97,1.997,0.011,3.994,0.00067,1.997,0.00033,19.34,0.412,3.994,0.00067,29.29,0.0049,0.333,3.328,0.0089,2.496,0.250,1.997,19.97,0.426,0.021
-93.76019341,42.02074063,10,TaskName 6/11/2025 (GreenStar 4 Monitor),Water,24,6/11/2025,1.000,On,1101.4,121.25,0.00,5.216,7.644,5.488,359.68,19.99,20.03,0,2,76.60,6/11/2025,Good,8.010,0.0013,3.004,0.00050,18.02,2.003,0.011,4.005,0.00067,2.003,0.00033,19.39,0.413,4.005,0.00067,29.37,0.0049,0.334,3.338,0.0089,2.503,0.250,2.003,20.03,0.426,0.021
-93.76019366,42.02076189,10,TaskName 6/11/2025 (GreenStar 4 Monitor),Water,25,6/11/2025,0.999,On,1101.6,121.25,0.00,5.283,7.749,5.214,359.64,19.99,19.96,0,2,77.73,6/11/2025,Good,7.984,0.0013,2.994,0.00050,17.96,1.996,0.011,3.992,0.00067,1.996,0.00034,19.33,0.417,3.992,0.00067,29.27,0.0049,0.333,3.327,0.0090,2.495,0.249,1.996,19.96,0.431,0.022
-93.76019355,42.02078335,10,TaskName 6/11/2025 (GreenStar 4 Monitor),Water,26,6/11/2025,1.001,On,1101.7,121.25,0.00,5.324,7.815,5.231,359.49,19.99,19.99,0,2,78.23,6/11/2025,Good,7.995,0.0014,2.998,0.00051,17.99,1.999,0.011,3.997,0.00068,1.999,0.00034,19.36,0.421,3.997,0.00068,29.31,0.0050,0.333,3.331,0.0091,2.498,0.250,1.999,19.99,0.435,0.022
-93.76019407,42.02080481,10,TaskName 6/11/2025 (GreenStar 4 Monitor),Water,27,6/11/2025,1.000,On,1101.8,121.25,0.00,5.320,7.805,5.314,359.68,19.99,19.95,0,2,78.21,6/11/2025,Good,7.980,0.0014,2.992,0.00051,17.95,1.995,0.011,3.990,0.00068,1.995,0.00034,19.32,0.420,3.990,0.00068,29.26,0.0050,0.332,3.325,0.0090,2.494,0.249,1.995,19.95,0.433,0.022
-93.76019419,42.02082634,10,TaskName 6/11/2025 (GreenStar 4 Monitor),Water,28,6/11/2025,1.000,On,1101.8,121.25,0.00,5.322,7.812,5.278,359.58,19.99,19.99,0,2,78.28,6/11/2025,Good,7.998,0.0014,2.999,0.00051,17.99,1.999,0.011,3.999,0.00068,1.999,0.00034,19.36,0.421,3.999,0.00068,29.32,0.0050,0.333,3.332,0.0091,2.499,0.250,1.999,19.99,0.435,0.022
-93.76019423,42.02084785,10,TaskName 6/11/2025 (GreenStar 4 Monitor),Water,29,6/11/2025,1.000,On,1101.9,121.25,0.00,5.389,7.904,5.063,359.30,19.99,19.95,0,2,79.20,6/11/2025,Good,7.980,0.0014,2.992,0.00051,17.95,1.995,0.011,3.990,0.00069,1.995,0.00034,19.32,0.425,3.990,0.00069,29.26,0.0050,0.332,3.325,0.0091,2.494,0.249,1.995,19.95,0.439,0.022
-93.76019467,42.02086952,10,TaskName 6/11/2025 (GreenStar 4 Monitor),Water,30,6/11/2025,0.999,On,1101.9,121.25,0.00,5.342,7.828,5.062,359.42,19.99,19.96,0,2,78.52,6/11/2025,Good,7.984,0.0014,2.994,0.00051,17.96,1.996,0.011,3.992,0.00068,1.996,0.00034,19.33,0.421,3.992,0.00068,29.27,0.0050,0.333,3.327,0.0091,2.495,0.249,1.996,19.96,0.435,0.022
-93.76019500,42.02089117,10,TaskName 6/11/2025 (GreenStar 4 Monitor),Water,31,6/11/2025,1.001,On,1102.1,121.25,0.00,5.378,7.897,4.861,359.53,19.99,19.97,0,2,79.05,6/11/2025,Good,7.989,0.0014,2.996,0.00051,17.97,1.997,0.011,3.994,0.00069,1.997,0.00034,19.34,0.425,3.994,0.00069,29.29,0.0050,0.333,3.329,0.0091,2.497,0.250,1.997,19.97,0.439,0.022
-93.76019513,42.02091269,10,TaskName 6/11/2025 (GreenStar 4 Monitor),Water,32,6/11/2025,0.999,On,1102.2,121.25,0.00,5.368,7.864,5.035,359.12,19.99,19.97,0,2,78.88,6/11/2025,Good,7.988,0.0014,2.996,0.00051,17.97,1.997,0.011,3.994,0.00068,1.997,0.00034,19.34,0.423,3.994,0.00068,29.29,0.0050,0.333,3.328,0.0091,2.496,0.250,1.997,19.97,0.437,0.022
-93.76019529,42.02093423,10,TaskName 6/11/2025 (GreenStar 4 Monitor),Water,33,6/11/2025,1.001,On,1102.2,121.25,0.00,5.359,7.871,4.807,359.00,19.99,19.99,0,2,78.79,6/11/2025,Good,7.997,0.0014,2.999,0.00051,17.99,1.999,0.011,3.999,0.00068,1.999,0.00034,19.36,0.424,3.999,0.00068,29.32,0.0050,0.333,3.332,0.0091,2.499,0.250,1.999,19.99,0.438,0.022
-93.76019606,42.02095608,10,TaskName 6/11/2025 (GreenStar 4 Monitor),Water,34,6/11/2025,0.999,On,1102.1,121.25,0.00,5.438,7.972,4.653,359.48,19.99,19.97,0,2,79.97,6/11/2025,Good,7.988,0.0014,2.995,0.00052,17.97,1.997,0.011,3.994,0.00069,1.997,0.00035,19.34,0.429,3.994,0.00069,29.29,0.0051,0.333,3.328,0.0092,2.496,0.250,1.997,19.97,0.443,0.022
-93.76019621,42.02097794,10,TaskName 6/11/2025 (GreenStar 4 Monitor),Water,35,6/11/2025,1.001,On,1102.1,121.25,0.00,5.439,7.989,4.637,359.40,19.99,19.98,0,2,79.97,6/11/2025,Good,7.991,0.0014,2.997,0.00052,17.98,1.998,0.011,3.996,0.00069,1.998,0.00035,19.35,0.430,3.996,0.00069,29.30,0.0051,0.333,3.330,0.0093,2.497,0.250,1.998,19.98,0.444,0.022
-93.76019619,42.02100012,10,TaskName 6/11/2025 (GreenStar 4 Monitor),Water,36,6/11/2025,0.995,On,1102.0,121.25,0.00,5.427,7.923,4.389,359.07,19.99,19.94,0,2,79.79,6/11/2025,Good,7.975,0.0014,2.991,0.00052,17.94,1.994,0.011,3.988,0.00069,1.994,0.00034,19.31,0.426,3.988,0.00069,29.24,0.0050,0.332,3.323,0.0092,2.492,0.249,1.994,19.94,0.440,0.022
-93.76019665,42.02102193,10,TaskName 6/11/2025 (GreenStar 4 Monitor),Water,37,6/11/2025,1.000,On,1102.0,121.25,0.00,5.414,7.943,4.667,359.32,19.99,19.96,0,2,79.59,6/11/2025,Good,7.983,0.0014,2.994,0.00052,17.96,1.996,0.011,3.991,0.00069,1.996,0.00034,19.33,0.427,3.991,0.00069,29.27,0.0051,0.333,3.326,0.0092,2.495,0.249,1.996,19.96,0.441,0.022
-93.76019714,42.02104366,10,TaskName 6/11/2025 (GreenStar 4 Monitor),Water,38,6/11/2025,1.000,On,1102.0,121.25,0.00,5.432,7.963,4.614,359.55,19.99,19.97,0,2,79.79,6/11/2025,Good,7.989,0.0014,2.996,0.00052,17.98,1.997,0.011,3.994,0.00069,1.997,0.00035,19.34,0.429,3.994,0.00069,29.29,0.0051,0.333,3.329,0.0092,2.497,0.250,1.997,19.97,0.443,0.022
-93.76019717,42.02106517,10,TaskName 6/11/2025 (GreenStar 4 Monitor),Water,39,6/11/2025,1.005,On,1101.9,121.25,0.00,5.389,7.949,4.530,359.56,19.99,20.00,0,2,79.26,6/11/2025,Good,7.999,0.0014,2.999,0.00052,18.00,2.000,0.011,3.999,0.00069,2.000,0.00035,19.37,0.429,3.999,0.00069,29.33,0.0051,0.333,3.333,0.0092,2.500,0.250,2.000,20.00,0.442,0.022
-93.76019767,42.02108701,10,TaskName 6/11/2025 (GreenStar 4 Monitor),Water,40,6/11/2025,1.000,On,1101.8,121.25,0.00,5.377,7.877,4.355,0.047,19.99,19.99,0,2,78.94,6/11/2025,Good,7.997,0.0014,2.999,0.00051,17.99,1.999,0.011,3.998,0.00068,1.999,0.00034,19.36,0.425,3.998,0.00068,29.32,0.0050,0.333,3.332,0.0091,2.499,0.250,1.999,19.99,0.438,0.022
-93.76019766,42.02110903,10,TaskName 6/11/2025 (GreenStar 4 Monitor),Water,41,6/11/2025,0.995,On,1101.7,121.25,0.00,5.444,7.953,4.247,0.031,19.99,19.96,0,2,80.09,6/11/2025,Good,7.985,0.0014,2.994,0.00052,17.97,1.996,0.011,3.992,0.00069,1.996,0.00035,19.33,0.428,3.992,0.00069,29.28,0.0051,0.333,3.327,0.0092,2.495,0.250,1.996,19.96,0.442,0.022
-93.76019739,42.02113100,10,TaskName 6/11/2025 (GreenStar 4 Monitor),Water,42,6/11/2025,1.000,On,1101.5,121.25,0.00,5.477,8.034,4.103,359.65,19.99,19.96,0,2,80.51,6/11/2025,Good,7.985,0.0014,2.994,0.00052,17.97,1.996,0.011,3.992,0.00070,1.996,0.00035,19.33,0.432,3.992,0.00070,29.28,0.0051,0.333,3.327,0.0093,2.495,0.250,1.996,19.96,0.446,0.022
-93.76019756,42.02115292,10,TaskName 6/11/2025 (GreenStar 4 Monitor),Water,43,6/11/2025,1.005,On,1101.4,121.25,0.00,5.424,8.005,4.260,359.84,19.99,19.97,0,2,79.82,6/11/2025,Good,7.988,0.0014,2.996,0.00052,17.97,1.997,0.011,3.994,0.00070,1.997,0.00035,19.34,0.431,3.994,0.00070,29.29,0.0051,0.333,3.328,0.0093,2.496,0.250,1.997,19.97,0.445,0.022
-93.76019786,42.02117443,10,TaskName 6/11/2025 (GreenStar 4 Monitor),Water,44,6/11/2025,0.995,On,1101.2,121.25,0.00,5.417,7.910,4.236,0.047,19.99,19.96,0,2,79.66,6/11/2025,Good,7.984,0.0014,2.994,0.00052,17.96,1.996,0.011,3.992,0.00069,1.996,0.00034,19.33,0.426,3.992,0.00069,29.27,0.0050,0.333,3.327,0.0092,2.495,0.249,1.996,19.96,0.439,0.022
-93.76019755,42.02119544,10,TaskName 6/11/2025 (GreenStar 4 Monitor),Water,45,6/11/2025,1.000,On,1101.1,121.25,0.00,5.300,7.776,4.134,359.62,19.99,19.96,0,2,77.92,6/11/2025,Good,7.984,0.0014,2.994,0.00051,17.96,1.996,0.011,3.992,0.00068,1.996,0.00034,19.33,0.418,3.992,0.00068,29.27,0.0050,0.333,3.327,0.0090,2.495,0.249,1.996,19.96,0.432,0.022
-93.76019742,42.02121676,10,TaskName 6/11/2025 (GreenStar 4 Monitor),Water,46,6/11/2025,1.004,On,1100.9,121.25,0.00,5.223,7.697,4.506,359.00,19.99,20.05,0,2,76.82,6/11/2025,Good,8.021,0.0013,3.008,0.00050,18.05,2.005,0.011,4.010,0.00067,2.005,0.00034,19.42,0.416,4.010,0.00067,29.41,0.0049,0.334,3.342,0.0090,2.507,0.251,2.005,20.05,0.430,0.021
-93.76019799,42.02123838,10,TaskName 6/11/2025 (GreenStar 4 Monitor),Water,47,6/11/2025,1.001,On,1100.6,121.25,0.00,5.317,7.812,4.153,359.15,19.99,19.98,0,2,78.20,6/11/2025,Good,7.993,0.0014,2.997,0.00051,17.98,1.998,0.011,3.996,0.00068,1.998,0.00034,19.35,0.421,3.996,0.00068,29.31,0.0050,0.333,3.330,0.0091,2.498,0.250,1.998,19.98,0.434,0.022
-93.76019858,42.02125997,10,TaskName 6/11/2025 (GreenStar 4 Monitor),Water,48,6/11/2025,1.000,On,1100.3,121.25,0.00,5.403,7.930,4.000,359.67,19.99,19.97,0,2,79.46,6/11/2025,Good,7.988,0.0014,2.995,0.00052,17.97,1.997,0.011,3.994,0.00069,1.997,0.00034,19.34,0.427,3.994,0.00069,29.29,0.0051,0.333,3.328,0.0092,2.496,0.250,1.997,19.97,0.441,0.022
-93.76019870,42.02128189,10,TaskName 6/11/2025 (GreenStar 4 Monitor),Water,49,6/11/2025,0.995,On,1100.0,121.25,0.00,5.399,7.884,4.144,359.40,19.99,19.95,0,2,79.40,6/11/2025,Good,7.981,0.0014,2.993,0.00051,17.96,1.995,0.011,3.991,0.00068,1.995,0.00034,19.32,0.424,3.991,0.00068,29.27,0.0050,0.333,3.326,0.0091,2.494,0.249,1.995,19.95,0.438,0.022
-93.76019875,42.02130353,10,TaskName 6/11/2025 (GreenStar 4 Monitor),Water,50,6/11/2025,0.999,On,1099.9,121.25,0.00,5.415,7.943,4.336,359.00,19.99,19.97,0,2,79.68,6/11/2025,Good,7.988,0.0014,2.996,0.00052,17.97,1.997,0.011,3.994,0.00069,1.997,0.00034,19.34,0.428,3.994,0.00069,29.29,0.0051,0.333,3.328,0.0092,2.496,0.250,1.997,19.97,0.442,0.022
-93.76019970,42.02132501,10,TaskName 6/11/2025 (GreenStar 4 Monitor),Water,51,6/11/2025,1.001,On,1099.7,121.25,0.00,5.339,7.845,4.575,359.64,19.99,20.04,0,2,78.53,6/11/2025,Good,8.015,0.0014,3.005,0.00051,18.03,2.004,0.011,4.007,0.00068,2.004,0.00034,19.41,0.424,4.007,0.00068,29.39,0.0050,0.334,3.339,0.0091,2.505,0.250,2.004,20.04,0.438,0.022
-93.76020006,42.02134598,10,TaskName 6/11/2025 (GreenStar 4 Monitor),Water,52,6/11/2025,1.000,On,1099.6,121.25,0.00,5.294,7.773,4.708,359.98,19.99,20.00,0,2,77.89,6/11/2025,Good,7.999,0.0014,3.000,0.00051,18.00,2.000,0.011,4.000,0.00068,2.000,0.00034,19.37,0.419,4.000,0.00068,29.33,0.0050,0.333,3.333,0.0090,2.500,0.250,2.000,20.00,0.433,0.022
-93.76020007,42.02136734,10,TaskName 6/11/2025 (GreenStar 4 Monitor),Water,53,6/11/2025,1.000,On,1099.4,121.25,0.00,5.272,7.730,4.513,359.95,19.99,19.97,0,2,77.46,6/11/2025,Good,7.988,0.0013,2.996,0.00050,17.97,1.997,0.011,3.994,0.00067,1.997,0.00034,19.34,0.416,3.994,0.00067,29.29,0.0049,0.333,3.328,0.0090,2.496,0.250,1.997,19.97,0.430,0.022
-93.76019997,42.02138845,10,TaskName 6/11/2025 (GreenStar 4 Monitor),Water,54,6/11/2025,0.999,On,1099.3,121.25,0.00,5.285,7.759,4.699,359.56,19.99,19.97,0,2,77.83,6/11/2025,Good,7.990,0.0013,2.996,0.00051,17.98,1.997,0.011,3.995,0.00067,1.997,0.00034,19.34,0.418,3.995,0.00067,29.30,0.0049,0.333,3.329,0.0090,2.497,0.250,1.997,19.97,0.431,0.022
-93.76019992,42.02140950,10,TaskName 6/11/2025 (GreenStar 4 Monitor),Water,55,6/11/2025,1.001,On,1099.2,121.25,0.00,5.230,7.681,4.780,359.22,19.99,20.00,0,2,76.89,6/11/2025,Good,7.999,0.0013,3.000,0.00050,18.00,2.000,0.011,4.000,0.00067,2.000,0.00033,19.37,0.414,4.000,0.00067,29.33,0.0049,0.333,3.333,0.0089,2.500,0.250,2.000,20.00,0.428,0.021
-93.76020054,42.02143050,10,TaskName 6/11/2025 (GreenStar 4 Monitor),Water,56,6/11/2025,0.999,On,1099.2,121.25,0.00,5.245,7.687,4.593,359.54,19.99,19.98,0,2,77.11,6/11/2025,Good,7.993,0.0013,2.997,0.00050,17.98,1.998,0.011,3.997,0.00067,1.998,0.00033,19.35,0.414,3.997,0.00067,29.31,0.0049,0.333,3.331,0.0089,2.498,0.250,1.998,19.98,0.428,0.021
-93.76020100,42.02145115,10,TaskName 6/11/2025 (GreenStar 4 Monitor),Water,57,6/11/2025,1.000,On,1099.1,121.25,0.00,5.183,7.605,4.662,359.87,19.99,19.99,0,2,76.21,6/11/2025,Good,7.997,0.0013,2.999,0.00050,17.99,1.999,0.011,3.999,0.00066,1.999,0.00033,19.36,0.410,3.999,0.00066,29.32,0.0048,0.333,3.332,0.0088,2.499,0.250,1.999,19.99,0.423,0.021
-93.76020097,42.02147182,10,TaskName 6/11/2025 (GreenStar 4 Monitor),Water,58,6/11/2025,1.000,On,1099.0,121.25,0.00,5.147,7.553,4.853,359.63,19.99,20.04,0,2,75.68,6/11/2025,Good,8.015,0.0013,3.005,0.00049,18.03,2.004,0.011,4.007,0.00066,2.004,0.00033,19.41,0.408,4.007,0.00066,29.39,0.0048,0.334,3.339,0.0088,2.505,0.250,2.004,20.04,0.421,0.021
-93.76020098,42.02149248,10,TaskName 6/11/2025 (GreenStar 4 Monitor),Water,59,6/11/2025,1.001,On,1099.0,121.25,0.00,5.138,7.540,4.716,359.54,19.99,19.99,0,2,75.48,6/11/2025,Good,7.995,0.0013,2.998,0.00049,17.99,1.999,0.010,3.997,0.00066,1.999,0.00033,19.36,0.406,3.997,0.00066,29.31,0.0048,0.333,3.331,0.0087,2.498,0.250,1.999,19.99,0.419,0.021
-93.76020138,42.02151264,10,TaskName 6/11/2025 (GreenStar 4 Monitor),Water,60,6/11/2025,1.000,On,1099.0,121.25,0.00,5.074,7.454,4.993,359.76,19.99,20.03,0,2,74.70,6/11/2025,Good,8.011,0.0013,3.004,0.00049,18.03,2.003,0.010,4.006,0.00065,2.003,0.00032,19.40,0.402,4.006,0.00065,29.37,0.0048,0.334,3.338,0.0087,2.504,0.250,2.003,20.03,0.416,0.021
-93.76020134,42.02153322,10,TaskName 6/11/2025 (GreenStar 4 Monitor),Water,61,6/11/2025,1.000,On,1098.8,121.25,0.00,5.035,7.389,4.839,359.67,19.99,20.00,0,2,74.04,6/11/2025,Good,8.000,0.0013,3.000,0.00048,18.00,2.000,0.010,4.000,0.00064,2.000,0.00032,19.37,0.398,4.000,0.00064,29.33,0.0047,0.333,3.333,0.0086,2.500,0.250,2.000,20.00,0.411,0.021
-93.76020150,42.02155403,10,TaskName 6/11/2025 (GreenStar 4 Monitor),Water,62,6/11/2025,0.999,On,1098.7,121.25,0.00,5.148,7.546,4.540,359.71,19.99,19.96,0,2,75.69,6/11/2025,Good,7.982,0.0013,2.993,0.00049,17.96,1.996,0.010,3.991,0.00065,1.996,0.00033,19.33,0.406,3.991,0.00065,29.27,0.0048,0.333,3.326,0.0087,2.494,0.249,1.996,19.96,0.419,0.021
-93.76020169,42.02157519,10,TaskName 6/11/2025 (GreenStar 4 Monitor),Water,63,6/11/2025,1.001,On,1098.5,121.25,0.00,5.232,7.687,4.413,359.78,19.99,19.96,0,2,76.95,6/11/2025,Good,7.984,0.0013,2.994,0.00050,17.96,1.996,0.011,3.992,0.00067,1.996,0.00033,19.33,0.414,3.992,0.00067,29.27,0.0049,0.333,3.327,0.0089,2.495,0.249,1.996,19.96,0.427,0.021
-93.76020159,42.02159646,10,TaskName 6/11/2025 (GreenStar 4 Monitor),Water,64,6/11/2025,0.999,On,1098.4,121.25,0.00,5.273,7.733,4.249,359.49,19.99,19.94,0,2,77.57,6/11/2025,Good,7.976,0.0013,2.991,0.00050,17.95,1.994,0.011,3.988,0.00067,1.994,0.00034,19.31,0.416,3.988,0.00067,29.25,0.0049,0.332,3.323,0.0089,2.492,0.249,1.994,19.94,0.429,0.022
-93.76020166,42.02161755,10,TaskName 6/11/2025 (GreenStar 4 Monitor),Water,65,6/11/2025,1.001,On,1098.3,121.25,0.00,5.247,7.710,4.339,359.28,19.99,19.96,0,2,77.18,6/11/2025,Good,7.983,0.0013,2.994,0.00050,17.96,1.996,0.011,3.991,0.00067,1.996,0.00033,19.33,0.415,3.991,0.00067,29.27,0.0049,0.333,3.326,0.0089,2.495,0.249,1.996,19.96,0.428,0.021
-93.76020183,42.02163801,10,TaskName 6/11/2025 (GreenStar 4 Monitor),Water,66,6/11/2025,0.999,On,1098.2,121.25,0.00,5.195,7.618,4.485,358.96,19.99,19.60,0,2,76.42,6/11/2025,Good,7.841,0.0013,2.940,0.00049,17.64,1.960,0.010,3.921,0.00065,1.960,0.00032,18.99,0.403,3.921,0.00065,28.75,0.0048,0.327,3.267,0.0087,2.450,0.245,1.960,19.60,0.416,0.021
-93.76020215,42.02165874,10,TaskName 6/11/2025 (GreenStar 4 Monitor),Water,67,6/11/2025,1.001,On,1098.0,121.25,0.00,5.093,7.481,4.894,358.73,19.99,15.21,0,2,74.88,6/11/2025,Under Target,6.085,0.00099,2.282,0.00037,13.69,1.521,0.0079,3.043,0.00049,1.521,0.00025,14.73,0.307,3.043,0.00049,22.31,0.0036,0.254,2.536,0.0066,1.902,0.190,1.521,15.21,0.317,0.021
-93.76020268,42.02167906,10,TaskName 6/11/2025 (GreenStar 4 Monitor),Water,68,6/11/2025,1.000,On,1097.9,121.25,0.00,5.142,7.540,4.685,358.71,19.99,12.90,0,2,75.55,6/11/2025,Under Target,5.161,0.00085,1.936,0.00032,11.61,1.290,0.0068,2.581,0.00042,1.290,0.00021,12.50,0.262,2.581,0.00042,18.92,0.0031,0.215,2.151,0.0056,1.613,0.161,1.290,12.90,0.271,0.021
-93.76020304,42.02169770,10,TaskName 6/11/2025 (GreenStar 4 Monitor),Water,69,6/11/2025,1.000,On,1097.8,121.25,0.00,4.893,7.185,4.622,358.55,19.99,10.43,0,2,72.00,6/11/2025,Under Target,4.170,0.00065,1.564,0.00024,9.384,1.043,0.0052,2.085,0.00033,1.043,0.00016,10.10,0.202,2.085,0.00033,15.29,0.0024,0.174,1.738,0.0043,1.303,0.130,1.043,10.43,0.209,0.020
-93.76020330,42.02170862,10,TaskName 6/11/2025 (GreenStar 4 Monitor),Water,70,6/11/2025,0.600,On,1097.7,121.25,0.00,4.569,4.024,5.952,358.44,19.99,9.543,0,2,67.20,6/11/2025,Under Target,3.817,0.00033,1.432,0.00013,8.589,0.954,0.0027,1.909,0.00017,0.954,8.351e-05,9.243,0.104,1.909,0.00017,14.00,0.0012,0.159,1.591,0.0022,1.193,0.119,0.954,9.543,0.107,0.011
