Longitude,Latitude,Field,Dataset,Product,Feature ID,Date / Time,Duration(s),Area Count,Elevation(ft),Swath Width(ft),Y Offset(ft),Speed(mph),Distance(ft),Fuel Consumption Rate (Time)(gal(US)/h),Track(deg),Target Rate (Liquid)(gal(US)/ac),Rate (Volume)(gal(US)/ac),Segment ID,Pass Number,Productivity(ac/h),Date,Rate Quality,Rate (Volume) (Tough 5EC)(floz(US)/ac),Product Amount Used/Needed (Tough 5EC),Rate (Volume) (Laudis Herbicide)(floz(US)/ac),Product Amount Used/Needed (Laudis Herbicide),Rate (Mass) (Ag saver)(oz/ac),Rate (Volume) (Warrant Herbicide)(qt(US)/ac),Product Amount Used/Needed (Warrant Herbicide),Rate (Volume) (Fulltec Oil)(floz(US)/ac),Product Amount Used/Needed (Fulltec Oil),Rate (Volume) (Fulltec Adjuvant)(floz(US)/ac),Product Amount Used/Needed (Fulltec Adjuvant),Rate (Volume) (Water)(gal(US)/ac),Product Amount Used/Needed (Water),Rate (Volume) (Callisto)(floz(US)/ac),Product Amount Used/Needed (Callisto),Rate (Volume) (Ag saver)(floz(US)/ac),Product Amount Used/Needed (Ag saver),Rate (Mass) (AAtrex 4L Herbicide)(lb/ac),Rate (Volume) (Smackdown)(pt(US)/ac),Product Amount Used/Needed (Smackdown),Rate (Volume) (Surpass NXT)(pt(US)/ac),Rate (Mass) (Atrazine 4L)(lb/ac),Rate (Volume) (Gro Centric)(floz(US)/ac),Rate (Volume) (Water (1)~9)(gal(US)/ac),Product Amount Used/Needed,Area (ac)
-93.75973918,42.02069547,20,TaskName 7/2/2025 (GreenStar 4 Monitor),Enlist 1 & Ag Saver,1,7/2/2025,0.205,On,1095.4,110.00,5.625,7.105,2.138,5.825,37.13,15.00,13.13,0,1,94.81,7/2/2025,Good,0.00,0.00,0.00,0.00,0.00,0.00,0.00,3.501,0.00015,1.750,7.383e-05,12.72,0.069,1.969,8.306e-05,21.01,0.00089,0.00,0.00,0.00,1.641,0.164,1.313,0.00,0.00,0.0054
-93.75973456,42.02070007,20,TaskName 7/2/2025 (GreenStar 4 Monitor),Enlist 1 & Ag Saver,2,7/2/2025,0.195,On,1095.4,111.25,5.000,7.069,2.023,5.706,37.63,15.00,11.92,0,1,95.39,7/2/2025,Under Target,0.00,0.00,0.00,0.00,0.00,0.00,0.00,3.179,0.00013,1.589,6.416e-05,11.55,0.060,1.788,7.218e-05,19.07,0.00077,0.00,0.00,0.00,1.490,0.149,1.192,0.00,0.00,0.0052
-93.75973021,42.02070472,20,TaskName 7/2/2025 (GreenStar 4 Monitor),Enlist 1 & Ag Saver,3,7/2/2025,0.205,On,1095.3,112.50,4.375,7.082,2.131,6.069,38.25,15.00,13.21,0,1,96.67,7/2/2025,Good,0.00,0.00,0.00,0.00,0.00,0.00,0.00,3.524,0.00015,1.762,7.577e-05,12.80,0.070,1.982,8.524e-05,21.14,0.00091,0.00,0.00,0.00,1.652,0.165,1.321,0.00,0.00,0.0055
-93.75972548,42.02070928,20,TaskName 7/2/2025 (GreenStar 4 Monitor),Enlist 1 & Ag Saver,4,7/2/2025,0.195,On,1095.3,115.00,3.125,7.080,2.026,6.565,38.74,15.00,15.97,0,1,98.76,7/2/2025,Good,0.00,0.00,0.00,0.00,0.00,0.00,0.00,4.259,0.00018,2.130,8.901e-05,15.47,0.083,2.396,0.00010,25.56,0.0011,0.00,0.00,0.00,1.996,0.200,1.597,0.00,0.00,0.0053
-93.75972072,42.02071396,20,TaskName 7/2/2025 (GreenStar 4 Monitor),Enlist 1 & Ag Saver,5,7/2/2025,0.200,On,1095.3,117.50,1.875,7.105,2.085,6.201,39.32,15.00,14.85,0,1,101.26,7/2/2025,Good,0.00,0.00,0.00,0.00,0.00,0.00,0.00,3.960,0.00017,1.980,8.701e-05,14.38,0.081,2.227,9.789e-05,23.76,0.0010,0.00,0.00,0.00,1.856,0.186,1.485,0.00,0.00,0.0056
-93.75971596,42.02071859,20,TaskName 7/2/2025 (GreenStar 4 Monitor),Enlist 1 & Ag Saver,6,7/2/2025,0.200,On,1095.3,120.00,0.625,7.163,2.102,6.512,39.95,15.00,14.15,0,1,104.22,7/2/2025,Good,0.00,0.00,0.00,0.00,0.00,0.00,0.00,3.775,0.00017,1.887,8.537e-05,13.71,0.079,2.123,9.604e-05,22.65,0.0010,0.00,0.00,0.00,1.769,0.177,1.415,0.00,0.00,0.0058
-93.75969069,42.02074193,20,TaskName 7/2/2025 (GreenStar 4 Monitor),Enlist 1 & Ag Saver,7,7/2/2025,1.000,On,1095.3,121.25,0.00,7.276,10.67,6.367,42.85,15.00,14.93,0,1,106.95,7/2/2025,Good,0.00,0.00,0.00,0.00,0.00,0.00,0.00,3.981,0.00092,1.991,0.00046,14.46,0.430,2.240,0.00052,23.89,0.0055,0.00,0.00,0.00,1.866,0.187,1.493,0.00,0.00,0.030
-93.75966241,42.02076477,20,TaskName 7/2/2025 (GreenStar 4 Monitor),Enlist 1 & Ag Saver,8,7/2/2025,1.000,On,1095.2,121.25,0.00,7.639,11.20,6.422,44.41,15.00,14.89,0,1,112.28,7/2/2025,Good,0.00,0.00,0.00,0.00,0.00,0.00,0.00,3.970,0.00097,1.985,0.00048,14.42,0.450,2.233,0.00054,23.82,0.0058,0.00,0.00,0.00,1.861,0.186,1.489,0.00,0.00,0.031
-93.75963256,42.02078726,20,TaskName 7/2/2025 (GreenStar 4 Monitor),Enlist 1 & Ag Saver,9,7/2/2025,1.000,On,1095.1,121.25,0.00,7.826,11.49,5.478,46.61,15.00,14.91,0,1,115.11,7/2/2025,Good,0.00,0.00,0.00,0.00,0.00,0.00,0.00,3.976,0.00099,1.988,0.00050,14.44,0.462,2.236,0.00056,23.85,0.0060,0.00,0.00,0.00,1.864,0.186,1.491,0.00,0.00,0.032
-93.75960270,42.02080911,20,TaskName 7/2/2025 (GreenStar 4 Monitor),Enlist 1 & Ag Saver,10,7/2/2025,1.000,On,1094.9,121.25,0.00,7.826,11.48,5.026,51.99,15.00,14.95,0,1,115.07,7/2/2025,Good,0.00,0.00,0.00,0.00,0.00,0.00,0.00,3.988,0.00100,1.994,0.00050,14.49,0.463,2.243,0.00056,23.93,0.0060,0.00,0.00,0.00,1.869,0.187,1.495,0.00,0.00,0.032
-93.75957120,42.02082898,20,TaskName 7/2/2025 (GreenStar 4 Monitor),Enlist 1 & Ag Saver,11,7/2/2025,1.000,On,1094.7,121.25,0.00,7.727,11.34,5.438,57.36,15.00,15.00,0,1,113.63,7/2/2025,Good,0.00,0.00,0.00,0.00,0.00,0.00,0.00,4.001,0.00099,2.000,0.00049,14.53,0.459,2.250,0.00055,24.01,0.0059,0.00,0.00,0.00,1.875,0.188,1.500,0.00,0.00,0.032
-93.75953636,42.02084633,20,TaskName 7/2/2025 (GreenStar 4 Monitor),Enlist 1 & Ag Saver,12,7/2/2025,1.000,On,1094.4,121.25,0.00,7.701,11.30,5.339,59.76,15.00,14.95,0,1,113.20,7/2/2025,Good,0.00,0.00,0.00,0.00,0.00,0.00,0.00,3.986,0.00098,1.993,0.00049,14.48,0.455,2.242,0.00055,23.92,0.0059,0.00,0.00,0.00,1.868,0.187,1.495,0.00,0.00,0.031
-93.75950010,42.02086217,20,TaskName 7/2/2025 (GreenStar 4 Monitor),Enlist 1 & Ag Saver,13,7/2/2025,1.000,On,1094.1,121.25,0.00,7.817,11.47,4.764,61.13,15.00,14.95,0,1,114.91,7/2/2025,Good,0.00,0.00,0.00,0.00,0.00,0.00,0.00,3.988,0.00099,1.994,0.00050,14.49,0.462,2.243,0.00056,23.93,0.0060,0.00,0.00,0.00,1.869,0.187,1.495,0.00,0.00,0.032
-93.75946388,42.02087772,20,TaskName 7/2/2025 (GreenStar 4 Monitor),Enlist 1 & Ag Saver,14,7/2/2025,1.000,On,1093.8,121.25,0.00,7.761,11.39,5.178,62.19,15.00,14.96,0,1,114.09,7/2/2025,Good,0.00,0.00,0.00,0.00,0.00,0.00,0.00,3.990,0.00099,1.995,0.00049,14.49,0.459,2.244,0.00056,23.94,0.0059,0.00,0.00,0.00,1.870,0.187,1.496,0.00,0.00,0.032
-93.75942682,42.02089205,20,TaskName 7/2/2025 (GreenStar 4 Monitor),Enlist 1 & Ag Saver,15,7/2/2025,1.000,On,1093.5,121.25,0.00,7.720,11.33,5.706,61.63,15.00,15.02,0,1,113.49,7/2/2025,Good,0.00,0.00,0.00,0.00,0.00,0.00,0.00,4.004,0.00099,2.002,0.00049,14.55,0.459,2.252,0.00055,24.03,0.0059,0.00,0.00,0.00,1.877,0.188,1.502,0.00,0.00,0.032
-93.75938900,42.02090685,20,TaskName 7/2/2025 (GreenStar 4 Monitor),Enlist 1 & Ag Saver,16,7/2/2025,0.995,On,1093.3,121.25,0.00,7.836,11.44,5.705,61.11,15.00,14.97,0,1,115.19,7/2/2025,Good,0.00,0.00,0.00,0.00,0.00,0.00,0.00,3.992,0.00099,1.996,0.00050,14.50,0.462,2.246,0.00056,23.95,0.0060,0.00,0.00,0.00,1.871,0.187,1.497,0.00,0.00,0.032
-93.75935172,42.02092232,20,TaskName 7/2/2025 (GreenStar 4 Monitor),Enlist 1 & Ag Saver,17,7/2/2025,1.005,On,1092.9,121.25,0.00,7.912,11.67,5.872,61.50,15.00,15.03,0,1,116.33,7/2/2025,Good,0.00,0.00,0.00,0.00,0.00,0.00,0.00,4.007,0.0010,2.003,0.00051,14.55,0.473,2.254,0.00057,24.04,0.0061,0.00,0.00,0.00,1.878,0.188,1.503,0.00,0.00,0.032
-93.75931376,42.02093805,20,TaskName 7/2/2025 (GreenStar 4 Monitor),Enlist 1 & Ag Saver,18,7/2/2025,1.000,On,1092.7,121.25,0.00,7.955,11.67,5.870,61.39,15.00,15.04,0,1,116.91,7/2/2025,Good,0.00,0.00,0.00,0.00,0.00,0.00,0.00,4.012,0.0010,2.006,0.00051,14.57,0.473,2.257,0.00057,24.07,0.0061,0.00,0.00,0.00,1.881,0.188,1.504,0.00,0.00,0.032
-93.75927566,42.02095283,20,TaskName 7/2/2025 (GreenStar 4 Monitor),Enlist 1 & Ag Saver,19,7/2/2025,0.995,On,1092.4,121.25,0.00,7.983,11.65,6.454,60.07,15.00,14.97,0,1,117.34,7/2/2025,Good,0.00,0.00,0.00,0.00,0.00,0.00,0.00,3.992,0.0010,1.996,0.00051,14.50,0.470,2.245,0.00057,23.95,0.0061,0.00,0.00,0.00,1.871,0.187,1.497,0.00,0.00,0.032
-93.75923695,42.02096917,20,TaskName 7/2/2025 (GreenStar 4 Monitor),Enlist 1 & Ag Saver,20,7/2/2025,1.000,On,1092.3,121.25,0.00,8.143,11.94,5.831,59.34,15.00,15.00,0,1,119.68,7/2/2025,Good,0.00,0.00,0.00,0.00,0.00,0.00,0.00,4.001,0.0010,2.000,0.00052,14.53,0.483,2.251,0.00058,24.01,0.0062,0.00,0.00,0.00,1.875,0.188,1.500,0.00,0.00,0.033
-93.75919906,42.02098576,20,TaskName 7/2/2025 (GreenStar 4 Monitor),Enlist 1 & Ag Saver,21,7/2/2025,1.000,On,1092.1,121.25,0.00,8.145,11.95,6.032,59.02,15.00,15.00,0,1,119.74,7/2/2025,Good,0.00,0.00,0.00,0.00,0.00,0.00,0.00,3.999,0.0010,2.000,0.00052,14.53,0.483,2.250,0.00058,24.00,0.0062,0.00,0.00,0.00,1.875,0.187,1.500,0.00,0.00,0.033
-93.75916067,42.02100307,20,TaskName 7/2/2025 (GreenStar 4 Monitor),Enlist 1 & Ag Saver,22,7/2/2025,1.005,On,1092.0,121.25,0.00,8.256,12.17,5.860,59.16,15.00,14.89,0,1,121.37,7/2/2025,Good,0.00,0.00,0.00,0.00,0.00,0.00,0.00,3.971,0.0011,1.986,0.00053,14.43,0.489,2.234,0.00059,23.83,0.0063,0.00,0.00,0.00,1.862,0.186,1.489,0.00,0.00,0.034
-93.75912199,42.02102027,20,TaskName 7/2/2025 (GreenStar 4 Monitor),Enlist 1 & Ag Saver,23,7/2/2025,1.000,On,1091.7,121.25,0.00,8.344,12.24,5.670,58.44,15.00,14.95,0,1,122.70,7/2/2025,Good,0.00,0.00,0.00,0.00,0.00,0.00,0.00,3.985,0.0011,1.993,0.00053,14.48,0.493,2.242,0.00060,23.91,0.0064,0.00,0.00,0.00,1.868,0.187,1.495,0.00,0.00,0.034
-93.75909852,42.02103056,20,TaskName 7/2/2025 (GreenStar 4 Monitor),Enlist 1 & Ag Saver,24,7/2/2025,0.595,On,1091.5,121.25,0.00,8.323,7.264,5.611,57.40,15.00,14.96,0,1,122.33,7/2/2025,Good,0.00,0.00,0.00,0.00,0.00,0.00,0.00,3.990,0.00063,1.995,0.00032,14.49,0.293,2.244,0.00035,23.94,0.0038,0.00,0.00,0.00,1.870,0.187,1.496,0.00,0.00,0.020
-93.75905978,42.02104845,20,TaskName 7/2/2025 (GreenStar 4 Monitor),Enlist 1 & Ag Saver,25,7/2/2025,1.000,On,1091.2,105.00,-8.125,8.429,12.36,5.259,56.14,15.00,15.08,0,1,107.27,7/2/2025,Good,0.00,0.00,0.00,0.00,0.00,0.00,0.00,4.020,0.00094,2.010,0.00047,14.60,0.435,2.261,0.00053,24.12,0.0056,0.00,0.00,0.00,1.884,0.188,1.508,0.00,0.00,0.030
-93.75902282,42.02106698,20,TaskName 7/2/2025 (GreenStar 4 Monitor),Enlist 1 & Ag Saver,26,7/2/2025,1.005,On,1090.9,105.00,-8.125,8.362,12.32,5.093,56.88,15.00,15.04,0,1,106.42,7/2/2025,Good,0.00,0.00,0.00,0.00,0.00,0.00,0.00,4.009,0.00093,2.005,0.00047,14.56,0.433,2.255,0.00052,24.06,0.0056,0.00,0.00,0.00,1.879,0.188,1.504,0.00,0.00,0.030
-93.75898712,42.02108499,20,TaskName 7/2/2025 (GreenStar 4 Monitor),Enlist 1 & Ag Saver,27,7/2/2025,1.000,On,1090.7,105.00,-8.125,8.140,11.94,5.253,59.22,15.00,15.03,0,1,103.59,7/2/2025,Good,0.00,0.00,0.00,0.00,0.00,0.00,0.00,4.007,0.00090,2.004,0.00045,14.56,0.419,2.254,0.00051,24.04,0.0054,0.00,0.00,0.00,1.878,0.188,1.503,0.00,0.00,0.029
-93.75895100,42.02110171,20,TaskName 7/2/2025 (GreenStar 4 Monitor),Enlist 1 & Ag Saver,28,7/2/2025,0.995,On,1090.6,105.00,-8.125,7.885,11.51,6.066,61.57,15.00,15.05,0,1,100.36,7/2/2025,Good,0.00,0.00,0.00,0.00,0.00,0.00,0.00,4.014,0.00087,2.007,0.00043,14.58,0.404,2.258,0.00049,24.08,0.0052,0.00,0.00,0.00,1.882,0.188,1.505,0.00,0.00,0.028
-93.75891307,42.02111748,20,TaskName 7/2/2025 (GreenStar 4 Monitor),Enlist 1 & Ag Saver,29,7/2/2025,1.005,On,1090.5,105.00,-8.125,7.991,11.78,5.512,62.59,15.00,14.97,0,1,101.72,7/2/2025,Good,0.00,0.00,0.00,0.00,0.00,0.00,0.00,3.993,0.00089,1.996,0.00044,14.50,0.412,2.246,0.00050,23.96,0.0053,0.00,0.00,0.00,1.872,0.187,1.497,0.00,0.00,0.028
-93.75887541,42.02113212,20,TaskName 7/2/2025 (GreenStar 4 Monitor),Enlist 1 & Ag Saver,30,7/2/2025,1.000,On,1090.4,105.00,-8.125,7.940,11.65,6.055,62.64,15.00,14.97,0,1,101.06,7/2/2025,Good,0.00,0.00,0.00,0.00,0.00,0.00,0.00,3.993,0.00088,1.996,0.00044,14.50,0.407,2.246,0.00049,23.96,0.0053,0.00,0.00,0.00,1.872,0.187,1.497,0.00,0.00,0.028
-93.75883742,42.02114681,20,TaskName 7/2/2025 (GreenStar 4 Monitor),Enlist 1 & Ag Saver,31,7/2/2025,1.000,On,1090.2,105.00,-8.125,7.920,11.62,5.080,62.92,15.00,15.04,0,1,100.83,7/2/2025,Good,0.00,0.00,0.00,0.00,0.00,0.00,0.00,4.010,0.00088,2.005,0.00044,14.57,0.408,2.256,0.00049,24.06,0.0053,0.00,0.00,0.00,1.880,0.188,1.504,0.00,0.00,0.028
-93.75880046,42.02116127,20,TaskName 7/2/2025 (GreenStar 4 Monitor),Enlist 1 & Ag Saver,32,7/2/2025,1.000,On,1090.2,105.00,-8.125,7.837,11.49,4.946,63.82,15.00,14.93,0,1,99.72,7/2/2025,Good,0.00,0.00,0.00,0.00,0.00,0.00,0.00,3.982,0.00086,1.991,0.00043,14.47,0.401,2.240,0.00048,23.89,0.0052,0.00,0.00,0.00,1.867,0.187,1.493,0.00,0.00,0.028
-93.75876443,42.02117498,20,TaskName 7/2/2025 (GreenStar 4 Monitor),Enlist 1 & Ag Saver,33,7/2/2025,0.995,On,1090.1,105.00,-8.125,7.619,11.12,5.240,65.79,15.00,15.05,0,1,96.96,7/2/2025,Good,0.00,0.00,0.00,0.00,0.00,0.00,0.00,4.014,0.00084,2.007,0.00042,14.58,0.391,2.258,0.00047,24.08,0.0050,0.00,0.00,0.00,1.882,0.188,1.505,0.00,0.00,0.027
-93.75873067,42.02118724,20,TaskName 7/2/2025 (GreenStar 4 Monitor),Enlist 1 & Ag Saver,34,7/2/2025,1.005,On,1090.0,105.00,-8.125,7.362,10.85,4.022,69.73,15.00,15.01,0,1,93.67,7/2/2025,Good,0.00,0.00,0.00,0.00,0.00,0.00,0.00,4.002,0.00082,2.001,0.00041,14.54,0.380,2.251,0.00046,24.01,0.0049,0.00,0.00,0.00,1.876,0.188,1.501,0.00,0.00,0.026
-93.75870229,42.02119610,20,TaskName 7/2/2025 (GreenStar 4 Monitor),Enlist 1 & Ag Saver,35,7/2/2025,0.995,On,1090.0,105.00,-8.125,6.412,9.333,4.461,74.20,15.00,15.02,0,1,81.39,7/2/2025,Good,0.00,0.00,0.00,0.00,0.00,0.00,0.00,4.006,0.00070,2.003,0.00035,14.55,0.327,2.253,0.00040,24.04,0.0042,0.00,0.00,0.00,1.878,0.188,1.502,0.00,0.00,0.022
-93.75867750,42.02120264,20,TaskName 7/2/2025 (GreenStar 4 Monitor),Enlist 1 & Ag Saver,36,7/2/2025,1.005,On,1089.8,105.00,-8.125,5.399,7.948,3.786,78.55,15.00,15.06,0,1,68.63,7/2/2025,Good,0.00,0.00,0.00,0.00,0.00,0.00,0.00,4.016,0.00060,2.008,0.00030,14.59,0.280,2.259,0.00034,24.10,0.0036,0.00,0.00,0.00,1.883,0.188,1.506,0.00,0.00,0.019
-93.75866606,42.02120528,20,TaskName 7/2/2025 (GreenStar 4 Monitor),Enlist 1 & Ag Saver,37,7/2/2025,0.600,On,1089.8,105.00,-8.125,4.616,4.054,2.785,80.85,15.00,15.05,0,1,58.63,7/2/2025,Good,0.00,0.00,0.00,0.00,0.00,0.00,0.00,4.013,0.00031,2.007,0.00015,14.58,0.142,2.257,0.00017,24.08,0.0018,0.00,0.00,0.00,1.881,0.188,1.505,0.00,0.00,0.0098
-93.75888533,42.02121465,20,TaskName 7/2/2025 (GreenStar 4 Monitor),Enlist 1 & Ag Saver,38,7/2/2025,0.400,On,1091.0,1.250,60.00,7.814,4.586,6.558,0.015,15.00,15.14,0,2,1.184,7/2/2025,Good,0.00,0.00,0.00,0.00,0.00,0.00,0.00,4.037,4.151e-06,2.018,2.075e-06,14.66,0.0019,2.271,2.335e-06,24.22,2.490e-05,0.00,0.00,0.00,1.892,0.189,1.514,0.00,0.00,0.00013
-93.75888512,42.02122090,20,TaskName 7/2/2025 (GreenStar 4 Monitor),Enlist 1 & Ag Saver,39,7/2/2025,0.200,On,1091.0,2.500,-1.691e-05,7.861,2.308,6.829,359.73,15.00,14.88,0,2,2.384,7/2/2025,Good,0.00,0.00,0.00,0.00,0.00,0.00,0.00,3.968,4.107e-06,1.984,2.053e-06,14.42,0.0019,2.232,2.310e-06,23.81,2.464e-05,0.00,0.00,0.00,1.860,0.186,1.488,0.00,0.00,0.00013
-93.75888487,42.02122715,20,TaskName 7/2/2025 (GreenStar 4 Monitor),Enlist 1 & Ag Saver,40,7/2/2025,0.200,On,1091.0,7.500,-18.96,7.847,2.301,6.796,359.44,15.00,15.16,0,2,7.132,7/2/2025,Good,0.00,0.00,0.00,0.00,0.00,0.00,0.00,4.043,1.251e-05,2.021,6.257e-06,14.68,0.0058,2.274,7.039e-06,24.26,7.508e-05,0.00,0.00,0.00,1.895,0.189,1.516,0.00,0.00,0.00040
-93.75888474,42.02123350,20,TaskName 7/2/2025 (GreenStar 4 Monitor),Enlist 1 & Ag Saver,41,7/2/2025,0.200,On,1091.0,11.25,-30.55,7.818,2.295,6.670,359.25,15.00,15.14,0,2,10.67,7/2/2025,Good,0.00,0.00,0.00,0.00,0.00,0.00,0.00,4.037,1.869e-05,2.018,9.346e-06,14.66,0.0087,2.271,1.051e-05,24.22,0.00011,0.00,0.00,0.00,1.892,0.189,1.514,0.00,0.00,0.00059
-93.75888476,42.02123974,20,TaskName 7/2/2025 (GreenStar 4 Monitor),Enlist 1 & Ag Saver,42,7/2/2025,0.200,On,1091.0,12.50,-32.62,7.816,2.292,7.185,359.22,15.00,15.05,0,2,11.84,7/2/2025,Good,0.00,0.00,0.00,0.00,0.00,0.00,0.00,4.014,2.062e-05,2.007,1.031e-05,14.58,0.0096,2.258,1.160e-05,24.08,0.00012,0.00,0.00,0.00,1.882,0.188,1.505,0.00,0.00,0.00066
-93.75888506,42.02124597,20,TaskName 7/2/2025 (GreenStar 4 Monitor),Enlist 1 & Ag Saver,43,7/2/2025,0.200,On,1091.0,17.50,-29.64,7.802,2.288,7.529,359.35,15.00,15.10,0,2,16.55,7/2/2025,Good,0.00,0.00,0.00,0.00,0.00,0.00,0.00,4.025,2.891e-05,2.013,1.445e-05,14.62,0.013,2.264,1.626e-05,24.15,0.00017,0.00,0.00,0.00,1.887,0.189,1.510,0.00,0.00,0.00092
-93.75888502,42.02125230,20,TaskName 7/2/2025 (GreenStar 4 Monitor),Enlist 1 & Ag Saver,44,7/2/2025,0.200,On,1091.0,22.50,-32.92,7.776,2.282,7.661,359.31,15.00,15.07,0,2,21.21,7/2/2025,Good,0.00,0.00,0.00,0.00,0.00,0.00,0.00,4.020,3.701e-05,2.010,1.851e-05,14.60,0.017,2.261,2.082e-05,24.12,0.00022,0.00,0.00,0.00,1.884,0.188,1.507,0.00,0.00,0.0012
-93.75888500,42.02125874,20,TaskName 7/2/2025 (GreenStar 4 Monitor),Enlist 1 & Ag Saver,45,7/2/2025,0.200,On,1091.0,27.50,-34.09,7.793,2.285,7.245,359.33,15.00,15.16,0,2,25.97,7/2/2025,Good,0.00,0.00,0.00,0.00,0.00,0.00,0.00,4.043,4.556e-05,2.021,2.278e-05,14.68,0.021,2.274,2.563e-05,24.26,0.00027,0.00,0.00,0.00,1.895,0.189,1.516,0.00,0.00,0.0014
-93.75888519,42.02126523,20,TaskName 7/2/2025 (GreenStar 4 Monitor),Enlist 1 & Ag Saver,46,7/2/2025,0.200,On,1091.0,31.25,-34.20,7.854,2.305,7.298,359.56,15.00,15.06,0,2,29.76,7/2/2025,Good,0.00,0.00,0.00,0.00,0.00,0.00,0.00,4.017,5.188e-05,2.008,2.594e-05,14.59,0.024,2.259,2.918e-05,24.10,0.00031,0.00,0.00,0.00,1.883,0.188,1.506,0.00,0.00,0.0017
-93.75888545,42.02127175,20,TaskName 7/2/2025 (GreenStar 4 Monitor),Enlist 1 & Ag Saver,47,7/2/2025,0.200,On,1091.0,37.50,-30.71,7.919,2.324,6.862,359.81,15.00,15.05,0,2,36.02,7/2/2025,Good,0.00,0.00,0.00,0.00,0.00,0.00,0.00,4.014,6.275e-05,2.007,3.137e-05,14.58,0.029,2.258,3.530e-05,24.08,0.00038,0.00,0.00,0.00,1.882,0.188,1.505,0.00,0.00,0.0020
-93.75888562,42.02127837,20,TaskName 7/2/2025 (GreenStar 4 Monitor),Enlist 1 & Ag Saver,48,7/2/2025,0.200,On,1091.1,42.50,-30.11,7.986,2.344,6.479,0.024,15.00,14.87,0,2,41.17,7/2/2025,Good,0.00,0.00,0.00,0.00,0.00,0.00,0.00,3.966,7.085e-05,1.983,3.543e-05,14.40,0.033,2.231,3.985e-05,23.79,0.00043,0.00,0.00,0.00,1.859,0.186,1.487,0.00,0.00,0.0023
-93.75888574,42.02128492,20,TaskName 7/2/2025 (GreenStar 4 Monitor),Enlist 1 & Ag Saver,49,7/2/2025,0.200,On,1091.1,47.50,-29.11,8.069,2.367,6.499,0.243,15.00,15.08,0,2,46.46,7/2/2025,Good,0.00,0.00,0.00,0.00,0.00,0.00,0.00,4.023,8.111e-05,2.011,4.056e-05,14.61,0.038,2.263,4.563e-05,24.14,0.00049,0.00,0.00,0.00,1.886,0.189,1.508,0.00,0.00,0.0026
-93.75888588,42.02129140,20,TaskName 7/2/2025 (GreenStar 4 Monitor),Enlist 1 & Ag Saver,50,7/2/2025,0.200,On,1091.2,52.50,-27.83,8.113,2.380,6.822,0.525,15.00,15.00,0,2,51.63,7/2/2025,Good,0.00,0.00,0.00,0.00,0.00,0.00,0.00,4.000,8.964e-05,2.000,4.482e-05,14.53,0.042,2.250,5.042e-05,24.00,0.00054,0.00,0.00,0.00,1.875,0.187,1.500,0.00,0.00,0.0029
-93.75888620,42.02129785,20,TaskName 7/2/2025 (GreenStar 4 Monitor),Enlist 1 & Ag Saver,51,7/2/2025,0.200,On,1091.2,57.50,-26.33,8.113,2.380,7.133,0.831,15.00,14.91,0,2,56.55,7/2/2025,Good,0.00,0.00,0.00,0.00,0.00,0.00,0.00,3.977,9.761e-05,1.988,4.881e-05,14.45,0.045,2.237,5.491e-05,23.86,0.00059,0.00,0.00,0.00,1.864,0.186,1.491,0.00,0.00,0.0031
-93.75888622,42.02130437,20,TaskName 7/2/2025 (GreenStar 4 Monitor),Enlist 1 & Ag Saver,52,7/2/2025,0.201,On,1091.1,63.75,-23.11,8.104,2.390,7.740,1.019,15.00,14.96,0,2,62.64,7/2/2025,Good,0.00,0.00,0.00,0.00,0.00,0.00,0.00,3.988,0.00011,1.994,5.449e-05,14.49,0.051,2.243,6.130e-05,23.93,0.00065,0.00,0.00,0.00,1.870,0.187,1.496,0.00,0.00,0.0035
-93.75888614,42.02131096,20,TaskName 7/2/2025 (GreenStar 4 Monitor),Enlist 1 & Ag Saver,53,7/2/2025,0.199,On,1091.2,67.50,-21.90,8.100,2.364,8.090,0.996,15.00,14.91,0,2,66.26,7/2/2025,Good,0.00,0.00,0.00,0.00,0.00,0.00,0.00,3.977,0.00011,1.988,5.690e-05,14.45,0.053,2.237,6.401e-05,23.86,0.00068,0.00,0.00,0.00,1.864,0.186,1.491,0.00,0.00,0.0037
-93.75888599,42.02131756,20,TaskName 7/2/2025 (GreenStar 4 Monitor),Enlist 1 & Ag Saver,54,7/2/2025,0.200,On,1091.2,72.50,-20.17,8.122,2.383,8.480,0.878,15.00,15.01,0,2,71.40,7/2/2025,Good,0.00,0.00,0.00,0.00,0.00,0.00,0.00,4.003,0.00012,2.001,6.202e-05,14.54,0.058,2.251,6.977e-05,24.02,0.00074,0.00,0.00,0.00,1.876,0.188,1.501,0.00,0.00,0.0040
-93.75888594,42.02132421,20,TaskName 7/2/2025 (GreenStar 4 Monitor),Enlist 1 & Ag Saver,55,7/2/2025,0.196,On,1091.3,77.50,-17.64,8.147,2.331,8.454,0.823,15.00,15.00,0,2,76.17,7/2/2025,Good,0.00,0.00,0.00,0.00,0.00,0.00,0.00,4.000,0.00013,2.000,6.479e-05,14.53,0.060,2.250,7.289e-05,24.00,0.00078,0.00,0.00,0.00,1.875,0.187,1.500,0.00,0.00,0.0041
-93.75888570,42.02133087,20,TaskName 7/2/2025 (GreenStar 4 Monitor),Enlist 1 & Ag Saver,56,7/2/2025,0.204,On,1091.4,82.50,-15.85,8.185,2.462,7.886,0.698,15.00,14.84,0,2,82.29,7/2/2025,Good,0.00,0.00,0.00,0.00,0.00,0.00,0.00,3.957,0.00014,1.978,7.208e-05,14.37,0.067,2.226,8.109e-05,23.74,0.00086,0.00,0.00,0.00,1.855,0.185,1.484,0.00,0.00,0.0047
-93.75888551,42.02133770,20,TaskName 7/2/2025 (GreenStar 4 Monitor),Enlist 1 & Ag Saver,57,7/2/2025,0.200,On,1091.4,87.50,-13.98,8.227,2.413,7.199,0.517,15.00,14.91,0,2,87.24,7/2/2025,Good,0.00,0.00,0.00,0.00,0.00,0.00,0.00,3.977,0.00015,1.988,7.529e-05,14.45,0.070,2.237,8.471e-05,23.86,0.00090,0.00,0.00,0.00,1.864,0.186,1.491,0.00,0.00,0.0048
-93.75888537,42.02134464,20,TaskName 7/2/2025 (GreenStar 4 Monitor),Enlist 1 & Ag Saver,58,7/2/2025,0.200,On,1091.4,95.00,-10.71,8.308,2.436,7.073,0.314,15.00,14.87,0,2,95.62,7/2/2025,Good,0.00,0.00,0.00,0.00,0.00,0.00,0.00,3.966,0.00016,1.983,8.229e-05,14.40,0.077,2.231,9.258e-05,23.79,0.00099,0.00,0.00,0.00,1.859,0.186,1.487,0.00,0.00,0.0053
-93.75888503,42.02135144,20,TaskName 7/2/2025 (GreenStar 4 Monitor),Enlist 1 & Ag Saver,59,7/2/2025,0.200,On,1091.4,101.25,-8.271,8.415,2.469,7.060,359.95,15.00,14.82,0,2,103.29,7/2/2025,Good,0.00,0.00,0.00,0.00,0.00,0.00,0.00,3.951,0.00018,1.976,8.857e-05,14.35,0.082,2.223,9.964e-05,23.71,0.0011,0.00,0.00,0.00,1.852,0.185,1.482,0.00,0.00,0.0057
-93.75888485,42.02135830,20,TaskName 7/2/2025 (GreenStar 4 Monitor),Enlist 1 & Ag Saver,60,7/2/2025,0.200,On,1091.5,110.00,-4.730,8.458,2.482,7.337,359.59,15.00,14.72,0,2,112.81,7/2/2025,Good,0.00,0.00,0.00,0.00,0.00,0.00,0.00,3.926,0.00019,1.963,9.610e-05,14.26,0.089,2.208,0.00011,23.55,0.0012,0.00,0.00,0.00,1.840,0.184,1.472,0.00,0.00,0.0063
-93.75888489,42.02139277,20,TaskName 7/2/2025 (GreenStar 4 Monitor),Enlist 1 & Ag Saver,61,7/2/2025,1.000,On,1091.8,121.25,0.00,8.497,12.46,7.418,359.58,15.00,14.83,0,2,124.87,7/2/2025,Good,0.00,0.00,0.00,0.00,0.00,0.00,0.00,3.956,0.0011,1.978,0.00054,14.37,0.498,2.225,0.00060,23.74,0.0064,0.00,0.00,0.00,1.854,0.185,1.483,0.00,0.00,0.035
-93.75888578,42.02142751,20,TaskName 7/2/2025 (GreenStar 4 Monitor),Enlist 1 & Ag Saver,62,7/2/2025,1.000,On,1092.0,121.25,0.00,8.622,12.65,7.861,0.862,15.00,14.86,0,2,126.78,7/2/2025,Good,0.00,0.00,0.00,0.00,0.00,0.00,0.00,3.963,0.0011,1.981,0.00055,14.39,0.507,2.229,0.00061,23.78,0.0065,0.00,0.00,0.00,1.858,0.186,1.486,0.00,0.00,0.035
-93.75888559,42.02146319,20,TaskName 7/2/2025 (GreenStar 4 Monitor),Enlist 1 & Ag Saver,63,7/2/2025,1.000,On,1092.3,121.25,0.00,8.711,12.78,7.991,0.423,15.00,14.90,0,2,128.03,7/2/2025,Good,0.00,0.00,0.00,0.00,0.00,0.00,0.00,3.974,0.0011,1.987,0.00055,14.44,0.513,2.235,0.00062,23.84,0.0066,0.00,0.00,0.00,1.863,0.186,1.490,0.00,0.00,0.036
-93.75888469,42.02149938,20,TaskName 7/2/2025 (GreenStar 4 Monitor),Enlist 1 & Ag Saver,64,7/2/2025,1.000,On,1092.5,121.25,0.00,8.955,13.14,7.390,359.62,15.00,14.93,0,2,131.64,7/2/2025,Good,0.00,0.00,0.00,0.00,0.00,0.00,0.00,3.980,0.0011,1.990,0.00057,14.46,0.529,2.239,0.00064,23.88,0.0068,0.00,0.00,0.00,1.866,0.187,1.493,0.00,0.00,0.037
-93.75888533,42.02153545,20,TaskName 7/2/2025 (GreenStar 4 Monitor),Enlist 1 & Ag Saver,65,7/2/2025,1.000,On,1092.8,121.25,0.00,8.978,13.17,7.304,0.368,15.00,14.93,0,2,131.94,7/2/2025,Good,0.00,0.00,0.00,0.00,0.00,0.00,0.00,3.983,0.0011,1.991,0.00057,14.47,0.530,2.240,0.00064,23.90,0.0068,0.00,0.00,0.00,1.867,0.187,1.493,0.00,0.00,0.037
-93.75888549,42.02157063,20,TaskName 7/2/2025 (GreenStar 4 Monitor),Enlist 1 & Ag Saver,66,7/2/2025,0.995,On,1093.1,121.25,0.00,8.898,12.99,6.824,0.549,15.00,14.98,0,2,130.79,7/2/2025,Good,0.00,0.00,0.00,0.00,0.00,0.00,0.00,3.993,0.0011,1.997,0.00056,14.51,0.524,2.246,0.00063,23.96,0.0068,0.00,0.00,0.00,1.872,0.187,1.498,0.00,0.00,0.036
-93.75888449,42.02160487,20,TaskName 7/2/2025 (GreenStar 4 Monitor),Enlist 1 & Ag Saver,67,7/2/2025,1.000,On,1093.5,121.25,0.00,8.601,12.61,6.991,359.40,15.00,15.01,0,2,126.38,7/2/2025,Good,0.00,0.00,0.00,0.00,0.00,0.00,0.00,4.002,0.0011,2.001,0.00055,14.54,0.510,2.251,0.00062,24.01,0.0066,0.00,0.00,0.00,1.876,0.188,1.501,0.00,0.00,0.035
-93.75888457,42.02163802,20,TaskName 7/2/2025 (GreenStar 4 Monitor),Enlist 1 & Ag Saver,68,7/2/2025,1.000,On,1093.7,121.25,0.00,8.397,12.31,6.324,358.72,15.00,15.01,0,2,123.39,7/2/2025,Good,0.00,0.00,0.00,0.00,0.00,0.00,0.00,4.003,0.0011,2.001,0.00054,14.54,0.498,2.252,0.00060,24.02,0.0064,0.00,0.00,0.00,1.876,0.188,1.501,0.00,0.00,0.034
-93.75888550,42.02166834,20,TaskName 7/2/2025 (GreenStar 4 Monitor),Enlist 1 & Ag Saver,69,7/2/2025,1.005,On,1093.8,121.25,0.00,8.024,11.82,3.300,358.81,15.00,14.97,0,2,117.84,7/2/2025,Good,0.00,0.00,0.00,0.00,0.00,0.00,0.00,3.992,0.0010,1.996,0.00051,14.50,0.477,2.246,0.00058,23.95,0.0062,0.00,0.00,0.00,1.871,0.187,1.497,0.00,0.00,0.033
-93.75888596,42.02167886,20,TaskName 7/2/2025 (GreenStar 4 Monitor),Enlist 1 & Ag Saver,70,7/2/2025,0.400,On,1093.8,121.25,0.00,7.309,4.288,2.737,358.88,15.00,14.80,0,2,107.41,7/2/2025,Good,0.00,0.00,0.00,0.00,0.00,0.00,0.00,3.946,0.00037,1.973,0.00018,14.33,0.171,2.219,0.00021,23.67,0.0022,0.00,0.00,0.00,1.849,0.185,1.480,0.00,0.00,0.012
-93.75888480,42.02167272,20,TaskName 7/2/2025 (GreenStar 4 Monitor),Enlist 1 & Ag Saver,71,7/2/2025,0.405,On,1093.9,1.250,60.00,3.024,1.775,8.339,358.49,15.00,18.68,0,3,0.453,7/2/2025,Over Target,0.00,0.00,0.00,0.00,0.00,0.00,0.00,4.981,1.982e-06,2.490,9.910e-07,18.09,0.00092,2.802,1.115e-06,29.89,1.189e-05,0.00,0.00,0.00,2.335,0.233,1.868,0.00,0.00,5.093e-05
-93.75888570,42.02169525,20,TaskName 7/2/2025 (GreenStar 4 Monitor),Enlist 1 & Ag Saver,72,7/2/2025,1.000,On,1093.8,121.25,0.00,4.867,7.034,5.054,358.70,15.00,15.42,0,3,70.49,7/2/2025,Good,0.00,0.00,0.00,0.00,0.00,0.00,0.00,4.112,0.00063,2.056,0.00031,14.94,0.292,2.313,0.00035,24.67,0.0038,0.00,0.00,0.00,1.928,0.193,1.542,0.00,0.00,0.020
-93.75888624,42.02171672,20,TaskName 7/2/2025 (GreenStar 4 Monitor),Enlist 1 & Ag Saver,73,7/2/2025,0.995,On,1093.8,121.25,0.00,5.393,7.861,5.242,358.54,15.00,15.22,0,3,79.17,7/2/2025,Good,0.00,0.00,0.00,0.00,0.00,0.00,0.00,4.060,0.00069,2.030,0.00035,14.75,0.323,2.284,0.00039,24.36,0.0042,0.00,0.00,0.00,1.903,0.190,1.522,0.00,0.00,0.022
-93.75888698,42.02173917,20,TaskName 7/2/2025 (GreenStar 4 Monitor),Enlist 1 & Ag Saver,74,7/2/2025,1.000,On,1093.8,121.25,0.00,5.380,7.881,5.420,358.78,15.00,15.18,0,3,78.97,7/2/2025,Good,0.00,0.00,0.00,0.00,0.00,0.00,0.00,4.047,0.00069,2.024,0.00035,14.70,0.323,2.277,0.00039,24.28,0.0042,0.00,0.00,0.00,1.897,0.190,1.518,0.00,0.00,0.022
-93.75888786,42.02176193,20,TaskName 7/2/2025 (GreenStar 4 Monitor),Enlist 1 & Ag Saver,75,7/2/2025,1.000,On,1093.6,121.25,0.00,5.675,8.314,4.434,359.22,15.00,15.08,0,3,83.31,7/2/2025,Good,0.00,0.00,0.00,0.00,0.00,0.00,0.00,4.020,0.00073,2.010,0.00036,14.60,0.338,2.261,0.00041,24.12,0.0044,0.00,0.00,0.00,1.884,0.188,1.508,0.00,0.00,0.023
-93.75932888,42.02177091,20,TaskName 7/2/2025 (GreenStar 4 Monitor),Enlist 1 & Ag Saver,76,7/2/2025,1.005,On,1095.5,121.25,0.00,5.115,7.539,6.260,185.10,15.00,15.06,0,4,75.17,7/2/2025,Good,0.00,0.00,0.00,0.00,0.00,0.00,0.00,4.016,0.00066,2.008,0.00033,14.59,0.306,2.259,0.00037,24.09,0.0040,0.00,0.00,0.00,1.882,0.188,1.506,0.00,0.00,0.021
-93.75933263,42.02174675,20,TaskName 7/2/2025 (GreenStar 4 Monitor),Enlist 1 & Ag Saver,77,7/2/2025,1.000,On,1095.5,121.25,0.00,5.495,8.041,7.578,182.03,15.00,15.17,0,4,80.58,7/2/2025,Good,0.00,0.00,0.00,0.00,0.00,0.00,0.00,4.044,0.00071,2.022,0.00035,14.69,0.329,2.275,0.00040,24.26,0.0042,0.00,0.00,0.00,1.896,0.190,1.517,0.00,0.00,0.022
-93.75933427,42.02171926,20,TaskName 7/2/2025 (GreenStar 4 Monitor),Enlist 1 & Ag Saver,78,7/2/2025,0.995,On,1095.5,121.25,0.00,6.530,9.518,5.345,181.23,15.00,15.06,0,4,95.85,7/2/2025,Good,0.00,0.00,0.00,0.00,0.00,0.00,0.00,4.015,0.00083,2.008,0.00042,14.58,0.386,2.258,0.00047,24.09,0.0050,0.00,0.00,0.00,1.882,0.188,1.506,0.00,0.00,0.026
-93.75933429,42.02169107,20,TaskName 7/2/2025 (GreenStar 4 Monitor),Enlist 1 & Ag Saver,79,7/2/2025,1.005,On,1095.5,121.25,0.00,6.844,10.09,6.909,182.31,15.00,15.00,0,4,100.59,7/2/2025,Good,0.00,0.00,0.00,0.00,0.00,0.00,0.00,4.000,0.00088,2.000,0.00044,14.53,0.408,2.250,0.00049,24.00,0.0053,0.00,0.00,0.00,1.875,0.187,1.500,0.00,0.00,0.028
-93.75933598,42.02166132,20,TaskName 7/2/2025 (GreenStar 4 Monitor),Enlist 1 & Ag Saver,80,7/2/2025,0.995,On,1095.6,121.25,0.00,7.211,10.52,7.203,180.99,15.00,15.01,0,4,105.96,7/2/2025,Good,0.00,0.00,0.00,0.00,0.00,0.00,0.00,4.003,0.00092,2.002,0.00046,14.54,0.426,2.252,0.00052,24.02,0.0055,0.00,0.00,0.00,1.876,0.188,1.501,0.00,0.00,0.029
-93.75933765,42.02163060,20,TaskName 7/2/2025 (GreenStar 4 Monitor),Enlist 1 & Ag Saver,81,7/2/2025,1.000,On,1095.5,121.25,0.00,7.529,11.04,6.683,179.26,15.00,14.92,0,4,110.63,7/2/2025,Good,0.00,0.00,0.00,0.00,0.00,0.00,0.00,3.978,0.00095,1.989,0.00048,14.45,0.444,2.237,0.00054,23.87,0.0057,0.00,0.00,0.00,1.865,0.186,1.492,0.00,0.00,0.031
-93.75933690,42.02159927,20,TaskName 7/2/2025 (GreenStar 4 Monitor),Enlist 1 & Ag Saver,82,7/2/2025,1.000,On,1095.5,121.25,0.00,7.676,11.26,7.036,180.25,15.00,14.96,0,4,112.86,7/2/2025,Good,0.00,0.00,0.00,0.00,0.00,0.00,0.00,3.989,0.00098,1.994,0.00049,14.49,0.454,2.244,0.00055,23.93,0.0059,0.00,0.00,0.00,1.870,0.187,1.496,0.00,0.00,0.031
-93.75933694,42.02156739,20,TaskName 7/2/2025 (GreenStar 4 Monitor),Enlist 1 & Ag Saver,83,7/2/2025,1.005,On,1095.5,121.25,0.00,7.849,11.57,6.971,180.57,15.00,14.96,0,4,115.41,7/2/2025,Good,0.00,0.00,0.00,0.00,0.00,0.00,0.00,3.989,0.0010,1.994,0.00050,14.49,0.467,2.244,0.00056,23.93,0.0060,0.00,0.00,0.00,1.870,0.187,1.496,0.00,0.00,0.032
-93.75933784,42.02153487,20,TaskName 7/2/2025 (GreenStar 4 Monitor),Enlist 1 & Ag Saver,84,7/2/2025,0.995,On,1095.5,121.25,0.00,8.013,11.69,6.842,179.55,15.00,14.95,0,4,117.76,7/2/2025,Good,0.00,0.00,0.00,0.00,0.00,0.00,0.00,3.987,0.0010,1.993,0.00051,14.48,0.471,2.242,0.00057,23.92,0.0061,0.00,0.00,0.00,1.869,0.187,1.495,0.00,0.00,0.033
-93.75933771,42.02150256,20,TaskName 7/2/2025 (GreenStar 4 Monitor),Enlist 1 & Ag Saver,85,7/2/2025,1.000,On,1095.5,121.25,0.00,8.066,11.83,5.778,179.34,15.00,14.95,0,4,118.58,7/2/2025,Good,0.00,0.00,0.00,0.00,0.00,0.00,0.00,3.985,0.0010,1.993,0.00051,14.48,0.477,2.242,0.00058,23.91,0.0062,0.00,0.00,0.00,1.868,0.187,1.495,0.00,0.00,0.033
-93.75933743,42.02147293,20,TaskName 7/2/2025 (GreenStar 4 Monitor),Enlist 1 & Ag Saver,86,7/2/2025,1.000,On,1095.4,121.25,0.00,7.725,11.33,5.452,179.47,15.00,14.95,0,4,113.49,7/2/2025,Good,0.00,0.00,0.00,0.00,0.00,0.00,0.00,3.986,0.00098,1.993,0.00049,14.48,0.457,2.242,0.00055,23.92,0.0059,0.00,0.00,0.00,1.869,0.187,1.495,0.00,0.00,0.032
-93.75933713,42.02144087,20,TaskName 7/2/2025 (GreenStar 4 Monitor),Enlist 1 & Ag Saver,87,7/2/2025,1.000,On,1095.2,121.25,0.00,7.509,11.01,9.315,179.84,15.00,15.10,0,4,110.30,7/2/2025,Good,0.00,0.00,0.00,0.00,0.00,0.00,0.00,4.025,0.00096,2.013,0.00048,14.62,0.448,2.264,0.00054,24.15,0.0058,0.00,0.00,0.00,1.887,0.189,1.510,0.00,0.00,0.031
-93.75933654,42.02140561,20,TaskName 7/2/2025 (GreenStar 4 Monitor),Enlist 1 & Ag Saver,88,7/2/2025,1.000,On,1094.8,121.25,0.00,8.443,12.38,5.834,180.31,15.00,14.91,0,4,124.04,7/2/2025,Good,0.00,0.00,0.00,0.00,0.00,0.00,0.00,3.977,0.0011,1.989,0.00054,14.45,0.498,2.237,0.00060,23.86,0.0064,0.00,0.00,0.00,1.864,0.186,1.491,0.00,0.00,0.034
-93.75933678,42.02137015,20,TaskName 7/2/2025 (GreenStar 4 Monitor),Enlist 1 & Ag Saver,89,7/2/2025,1.000,On,1094.6,121.25,0.00,8.750,12.83,7.335,180.11,15.00,14.92,0,4,128.61,7/2/2025,Good,0.00,0.00,0.00,0.00,0.00,0.00,0.00,3.978,0.0011,1.989,0.00056,14.45,0.516,2.238,0.00062,23.87,0.0067,0.00,0.00,0.00,1.865,0.186,1.492,0.00,0.00,0.036
-93.75933686,42.02133197,20,TaskName 7/2/2025 (GreenStar 4 Monitor),Enlist 1 & Ag Saver,90,7/2/2025,1.005,On,1094.5,121.25,0.00,9.105,13.42,8.151,180.14,15.00,14.95,0,4,133.76,7/2/2025,Good,0.00,0.00,0.00,0.00,0.00,0.00,0.00,3.988,0.0012,1.994,0.00058,14.49,0.541,2.243,0.00065,23.93,0.0070,0.00,0.00,0.00,1.869,0.187,1.495,0.00,0.00,0.037
-93.75933652,42.02129263,20,TaskName 7/2/2025 (GreenStar 4 Monitor),Enlist 1 & Ag Saver,91,7/2/2025,0.995,On,1094.4,121.25,0.00,9.669,14.11,7.475,180.52,15.00,14.89,0,4,142.11,7/2/2025,Good,0.00,0.00,0.00,0.00,0.00,0.00,0.00,3.970,0.0012,1.985,0.00061,14.42,0.566,2.233,0.00069,23.82,0.0073,0.00,0.00,0.00,1.861,0.186,1.489,0.00,0.00,0.039
-93.75933698,42.02125338,20,TaskName 7/2/2025 (GreenStar 4 Monitor),Enlist 1 & Ag Saver,92,7/2/2025,1.000,On,1094.2,121.25,0.00,9.738,14.28,8.002,180.79,15.00,14.95,0,4,143.14,7/2/2025,Good,0.00,0.00,0.00,0.00,0.00,0.00,0.00,3.987,0.0012,1.993,0.00062,14.48,0.576,2.242,0.00070,23.92,0.0074,0.00,0.00,0.00,1.869,0.187,1.495,0.00,0.00,0.040
-93.75933797,42.02122169,20,TaskName 7/2/2025 (GreenStar 4 Monitor),Enlist 1 & Ag Saver,93,7/2/2025,0.800,On,1094.1,121.25,0.00,9.793,11.49,8.042,180.31,15.00,14.95,0,4,143.97,7/2/2025,Good,0.00,0.00,0.00,0.00,0.00,0.00,0.00,3.985,0.00100,1.993,0.00050,14.48,0.463,2.242,0.00056,23.91,0.0060,0.00,0.00,0.00,1.868,0.187,1.495,0.00,0.00,0.032
-93.75933820,42.02121369,20,TaskName 7/2/2025 (GreenStar 4 Monitor),Enlist 1 & Ag Saver,94,7/2/2025,0.200,On,1094.1,116.25,2.500,9.849,2.888,8.123,180.04,15.00,14.91,0,4,138.72,7/2/2025,Good,0.00,0.00,0.00,0.00,0.00,0.00,0.00,3.977,0.00024,1.988,0.00012,14.45,0.111,2.237,0.00013,23.86,0.0014,0.00,0.00,0.00,1.864,0.186,1.491,0.00,0.00,0.0077
-93.75933862,42.02120570,20,TaskName 7/2/2025 (GreenStar 4 Monitor),Enlist 1 & Ag Saver,95,7/2/2025,0.201,On,1094.1,113.75,3.750,9.881,2.898,7.892,179.67,15.00,15.06,0,4,135.52,7/2/2025,Good,0.00,0.00,0.00,0.00,0.00,0.00,0.00,4.017,0.00024,2.008,0.00012,14.59,0.110,2.259,0.00013,24.10,0.0014,0.00,0.00,0.00,1.883,0.188,1.506,0.00,0.00,0.0076
-93.75933896,42.02119770,20,TaskName 7/2/2025 (GreenStar 4 Monitor),Enlist 1 & Ag Saver,96,7/2/2025,0.199,On,1094.0,110.00,5.625,9.903,2.904,7.602,179.35,15.00,15.03,0,4,132.67,7/2/2025,Good,0.00,0.00,0.00,0.00,0.00,0.00,0.00,4.008,0.00023,2.004,0.00011,14.56,0.107,2.255,0.00013,24.05,0.0014,0.00,0.00,0.00,1.879,0.188,1.503,0.00,0.00,0.0073
-93.75933917,42.02118972,20,TaskName 7/2/2025 (GreenStar 4 Monitor),Enlist 1 & Ag Saver,97,7/2/2025,0.200,On,1094.0,106.25,7.500,9.914,2.907,7.628,179.19,15.00,15.05,0,4,127.65,7/2/2025,Good,0.00,0.00,0.00,0.00,0.00,0.00,0.00,4.014,0.00022,2.007,0.00011,14.58,0.103,2.258,0.00013,24.08,0.0013,0.00,0.00,0.00,1.882,0.188,1.505,0.00,0.00,0.0071
-93.75933942,42.02118177,20,TaskName 7/2/2025 (GreenStar 4 Monitor),Enlist 1 & Ag Saver,98,7/2/2025,0.200,On,1093.9,101.25,10.000,9.916,2.907,7.674,179.00,15.00,15.14,0,4,121.65,7/2/2025,Good,0.00,0.00,0.00,0.00,0.00,0.00,0.00,4.037,0.00021,2.018,0.00011,14.66,0.099,2.271,0.00012,24.22,0.0013,0.00,0.00,0.00,1.892,0.189,1.514,0.00,0.00,0.0068
-93.75933954,42.02117375,20,TaskName 7/2/2025 (GreenStar 4 Monitor),Enlist 1 & Ag Saver,99,7/2/2025,0.200,On,1093.9,96.25,12.50,9.919,2.907,7.483,178.82,15.00,15.13,0,4,115.64,7/2/2025,Good,0.00,0.00,0.00,0.00,0.00,0.00,0.00,4.034,0.00020,2.017,0.00010,14.65,0.094,2.269,0.00011,24.20,0.0012,0.00,0.00,0.00,1.891,0.189,1.513,0.00,0.00,0.0064
-93.75933950,42.02116575,20,TaskName 7/2/2025 (GreenStar 4 Monitor),Enlist 1 & Ag Saver,100,7/2/2025,0.200,On,1093.9,91.25,15.00,9.932,2.914,7.542,178.75,15.00,15.11,0,4,109.88,7/2/2025,Good,0.00,0.00,0.00,0.00,0.00,0.00,0.00,4.028,0.00019,2.014,9.605e-05,14.63,0.089,2.266,0.00011,24.17,0.0012,0.00,0.00,0.00,1.888,0.189,1.511,0.00,0.00,0.0061
-93.75933940,42.02115778,20,TaskName 7/2/2025 (GreenStar 4 Monitor),Enlist 1 & Ag Saver,101,7/2/2025,0.200,On,1093.9,86.25,17.50,9.936,2.914,7.377,178.71,15.00,15.14,0,4,103.86,7/2/2025,Good,0.00,0.00,0.00,0.00,0.00,0.00,0.00,4.037,0.00018,2.018,9.098e-05,14.66,0.085,2.271,0.00010,24.22,0.0011,0.00,0.00,0.00,1.892,0.189,1.514,0.00,0.00,0.0058
-93.75933925,42.02114979,20,TaskName 7/2/2025 (GreenStar 4 Monitor),Enlist 1 & Ag Saver,102,7/2/2025,0.200,On,1093.9,81.25,20.00,9.928,2.911,7.192,178.82,15.00,15.17,0,4,97.73,7/2/2025,Good,0.00,0.00,0.00,0.00,0.00,0.00,0.00,4.045,0.00017,2.023,8.579e-05,14.69,0.080,2.276,9.652e-05,24.27,0.0010,0.00,0.00,0.00,1.896,0.190,1.517,0.00,0.00,0.0054
-93.75933893,42.02114171,20,TaskName 7/2/2025 (GreenStar 4 Monitor),Enlist 1 & Ag Saver,103,7/2/2025,0.200,On,1093.8,76.25,22.50,9.925,2.911,7.569,178.99,15.00,15.17,0,4,91.71,7/2/2025,Good,0.00,0.00,0.00,0.00,0.00,0.00,0.00,4.045,0.00016,2.023,8.051e-05,14.69,0.075,2.276,9.058e-05,24.27,0.00097,0.00,0.00,0.00,1.896,0.190,1.517,0.00,0.00,0.0051
-93.75933880,42.02113380,20,TaskName 7/2/2025 (GreenStar 4 Monitor),Enlist 1 & Ag Saver,104,7/2/2025,0.200,On,1093.8,71.25,25.00,9.921,2.911,7.833,179.18,15.00,15.17,0,4,85.70,7/2/2025,Good,0.00,0.00,0.00,0.00,0.00,0.00,0.00,4.045,0.00015,2.023,7.523e-05,14.69,0.070,2.276,8.464e-05,24.27,0.00090,0.00,0.00,0.00,1.896,0.190,1.517,0.00,0.00,0.0048
-93.75933862,42.02112591,20,TaskName 7/2/2025 (GreenStar 4 Monitor),Enlist 1 & Ag Saver,105,7/2/2025,0.200,On,1093.8,66.25,27.50,9.894,2.901,7.945,179.39,15.00,15.24,0,4,79.42,7/2/2025,Good,0.00,0.00,0.00,0.00,0.00,0.00,0.00,4.065,0.00014,2.033,7.006e-05,14.77,0.065,2.287,7.882e-05,24.39,0.00084,0.00,0.00,0.00,1.906,0.191,1.524,0.00,0.00,0.0044
-93.75933829,42.02111802,20,TaskName 7/2/2025 (GreenStar 4 Monitor),Enlist 1 & Ag Saver,106,7/2/2025,0.200,On,1093.8,61.25,30.00,9.863,2.891,7.674,179.66,15.00,15.13,0,4,73.17,7/2/2025,Good,0.00,0.00,0.00,0.00,0.00,0.00,0.00,4.034,0.00013,2.017,6.406e-05,14.65,0.060,2.269,7.206e-05,24.20,0.00077,0.00,0.00,0.00,1.891,0.189,1.513,0.00,0.00,0.0041
-93.75933797,42.02111012,20,TaskName 7/2/2025 (GreenStar 4 Monitor),Enlist 1 & Ag Saver,107,7/2/2025,0.200,On,1093.8,57.50,31.87,9.843,2.888,7.720,179.88,15.00,15.22,0,4,68.61,7/2/2025,Good,0.00,0.00,0.00,0.00,0.00,0.00,0.00,4.060,0.00012,2.030,6.045e-05,14.75,0.056,2.284,6.801e-05,24.36,0.00073,0.00,0.00,0.00,1.903,0.190,1.522,0.00,0.00,0.0038
-93.75933783,42.02110224,20,TaskName 7/2/2025 (GreenStar 4 Monitor),Enlist 1 & Ag Saver,108,7/2/2025,0.200,On,1093.8,51.25,35.00,9.829,2.881,7.364,179.97,15.00,15.20,0,4,61.02,7/2/2025,Good,0.00,0.00,0.00,0.00,0.00,0.00,0.00,4.054,0.00011,2.027,5.368e-05,14.73,0.050,2.280,6.039e-05,24.32,0.00064,0.00,0.00,0.00,1.900,0.190,1.520,0.00,0.00,0.0034
-93.75933783,42.02109445,20,TaskName 7/2/2025 (GreenStar 4 Monitor),Enlist 1 & Ag Saver,109,7/2/2025,0.200,On,1093.8,45.00,38.12,9.816,2.878,6.928,180.03,15.00,15.22,0,4,53.52,7/2/2025,Good,0.00,0.00,0.00,0.00,0.00,0.00,0.00,4.060,9.429e-05,2.030,4.715e-05,14.75,0.044,2.284,5.304e-05,24.36,0.00057,0.00,0.00,0.00,1.903,0.190,1.522,0.00,0.00,0.0030
-93.75933777,42.02108672,20,TaskName 7/2/2025 (GreenStar 4 Monitor),Enlist 1 & Ag Saver,110,7/2/2025,0.200,On,1093.7,41.25,40.00,9.778,2.868,7.060,180.09,15.00,15.14,0,4,48.89,7/2/2025,Good,0.00,0.00,0.00,0.00,0.00,0.00,0.00,4.037,8.566e-05,2.018,4.283e-05,14.66,0.040,2.271,4.818e-05,24.22,0.00051,0.00,0.00,0.00,1.892,0.189,1.514,0.00,0.00,0.0027
-93.75933790,42.02107915,20,TaskName 7/2/2025 (GreenStar 4 Monitor),Enlist 1 & Ag Saver,111,7/2/2025,0.200,On,1093.7,35.00,43.12,9.715,2.848,7.192,180.02,15.00,15.13,0,4,41.20,7/2/2025,Good,0.00,0.00,0.00,0.00,0.00,0.00,0.00,4.034,7.213e-05,2.017,3.606e-05,14.65,0.034,2.269,4.057e-05,24.20,0.00043,0.00,0.00,0.00,1.891,0.189,1.513,0.00,0.00,0.0023
-93.75933810,42.02107146,20,TaskName 7/2/2025 (GreenStar 4 Monitor),Enlist 1 & Ag Saver,112,7/2/2025,0.200,On,1093.7,30.00,45.62,9.619,2.822,7.199,179.79,15.00,15.16,0,4,34.99,7/2/2025,Good,0.00,0.00,0.00,0.00,0.00,0.00,0.00,4.043,6.138e-05,2.021,3.069e-05,14.68,0.029,2.274,3.453e-05,24.26,0.00037,0.00,0.00,0.00,1.895,0.189,1.516,0.00,0.00,0.0019
-93.75933803,42.02106386,20,TaskName 7/2/2025 (GreenStar 4 Monitor),Enlist 1 & Ag Saver,113,7/2/2025,0.200,On,1093.8,26.25,47.50,9.570,2.806,7.377,179.68,15.00,15.18,0,4,30.43,7/2/2025,Good,0.00,0.00,0.00,0.00,0.00,0.00,0.00,4.048,5.347e-05,2.024,2.674e-05,14.71,0.025,2.277,3.008e-05,24.29,0.00032,0.00,0.00,0.00,1.898,0.190,1.518,0.00,0.00,0.0017
-93.75933802,42.02105630,20,TaskName 7/2/2025 (GreenStar 4 Monitor),Enlist 1 & Ag Saver,114,7/2/2025,0.200,On,1093.7,20.00,50.62,9.518,2.793,7.417,179.53,15.00,15.15,0,4,23.08,7/2/2025,Good,0.00,0.00,0.00,0.00,0.00,0.00,0.00,4.040,4.047e-05,2.020,2.023e-05,14.67,0.019,2.272,2.276e-05,24.24,0.00024,0.00,0.00,0.00,1.894,0.189,1.515,0.00,0.00,0.0013
-93.75933828,42.02104881,20,TaskName 7/2/2025 (GreenStar 4 Monitor),Enlist 1 & Ag Saver,115,7/2/2025,0.200,On,1093.7,13.75,53.75,9.476,2.780,7.529,179.25,15.00,15.21,0,4,15.79,7/2/2025,Good,0.00,0.00,0.00,0.00,0.00,0.00,0.00,4.057,2.781e-05,2.028,1.390e-05,14.74,0.013,2.282,1.564e-05,24.34,0.00017,0.00,0.00,0.00,1.902,0.190,1.521,0.00,0.00,0.00088
-93.75933843,42.02104131,20,TaskName 7/2/2025 (GreenStar 4 Monitor),Enlist 1 & Ag Saver,116,7/2/2025,0.205,On,1093.7,8.750,56.25,9.418,2.832,7.423,179.07,15.00,15.30,0,4,9.990,7/2/2025,Good,0.00,0.00,0.00,0.00,0.00,0.00,0.00,4.080,1.813e-05,2.040,9.065e-06,14.82,0.0084,2.295,1.020e-05,24.48,0.00011,0.00,0.00,0.00,1.912,0.191,1.530,0.00,0.00,0.00057
-93.75933848,42.02103385,20,TaskName 7/2/2025 (GreenStar 4 Monitor),Enlist 1 & Ag Saver,117,7/2/2025,0.195,On,1093.7,2.500,59.37,9.371,2.678,7.377,178.90,15.00,15.26,0,4,2.837,7/2/2025,Good,0.00,0.00,0.00,0.00,0.00,0.00,0.00,4.068,4.885e-06,2.034,2.442e-06,14.78,0.0023,2.288,2.748e-06,24.41,2.931e-05,0.00,0.00,0.00,1.907,0.191,1.526,0.00,0.00,0.00015
-93.75965122,42.02064750,20,TaskName 7/2/2025 (GreenStar 4 Monitor),Enlist 1 & Ag Saver,118,7/2/2025,0.400,On,1094.5,56.25,13.00,5.493,3.224,7.658,0.674,15.00,15.29,0,5,37.47,7/2/2025,Good,0.00,0.00,0.00,0.00,0.00,0.00,0.00,4.078,0.00013,2.039,6.633e-05,14.81,0.062,2.294,7.462e-05,24.47,0.00080,0.00,0.00,0.00,1.912,0.191,1.529,0.00,0.00,0.0042
-93.75965148,42.02065223,20,TaskName 7/2/2025 (GreenStar 4 Monitor),Enlist 1 & Ag Saver,119,7/2/2025,0.201,On,1094.6,46.25,12.67,5.514,1.620,7.377,0.964,15.00,14.87,0,5,30.81,7/2/2025,Good,0.00,0.00,0.00,0.00,0.00,0.00,0.00,3.966,5.330e-05,1.983,2.665e-05,14.40,0.025,2.231,2.998e-05,23.79,0.00032,0.00,0.00,0.00,1.859,0.186,1.487,0.00,0.00,0.0017
-93.75965147,42.02065701,20,TaskName 7/2/2025 (GreenStar 4 Monitor),Enlist 1 & Ag Saver,120,7/2/2025,0.199,On,1094.6,41.25,13.41,5.581,1.640,7.469,1.168,15.00,15.21,0,5,28.10,7/2/2025,Good,0.00,0.00,0.00,0.00,0.00,0.00,0.00,4.057,4.922e-05,2.028,2.461e-05,14.74,0.023,2.282,2.769e-05,24.34,0.00030,0.00,0.00,0.00,1.902,0.190,1.521,0.00,0.00,0.0016
-93.75965156,42.02066176,20,TaskName 7/2/2025 (GreenStar 4 Monitor),Enlist 1 & Ag Saver,121,7/2/2025,0.200,On,1094.7,38.75,13.15,5.689,1.670,7.661,1.388,15.00,15.19,0,5,26.73,7/2/2025,Good,0.00,0.00,0.00,0.00,0.00,0.00,0.00,4.051,4.701e-05,2.026,2.350e-05,14.72,0.022,2.279,2.644e-05,24.31,0.00028,0.00,0.00,0.00,1.899,0.190,1.519,0.00,0.00,0.0015
-93.75965155,42.02066661,20,TaskName 7/2/2025 (GreenStar 4 Monitor),Enlist 1 & Ag Saver,122,7/2/2025,0.205,On,1094.8,35.00,13.66,5.776,1.739,8.222,1.545,15.00,15.12,0,5,24.53,7/2/2025,Good,0.00,0.00,0.00,0.00,0.00,0.00,0.00,4.031,4.399e-05,2.016,2.200e-05,14.64,0.020,2.267,2.475e-05,24.19,0.00026,0.00,0.00,0.00,1.890,0.189,1.512,0.00,0.00,0.0014
-93.75965149,42.02067160,20,TaskName 7/2/2025 (GreenStar 4 Monitor),Enlist 1 & Ag Saver,123,7/2/2025,0.195,On,1094.8,30.00,13.13,5.865,1.679,9.530,1.615,15.00,15.12,0,5,21.35,7/2/2025,Good,0.00,0.00,0.00,0.00,0.00,0.00,0.00,4.031,3.643e-05,2.016,1.821e-05,14.64,0.017,2.267,2.049e-05,24.19,0.00022,0.00,0.00,0.00,1.890,0.189,1.512,0.00,0.00,0.0012
-93.75965147,42.02067672,20,TaskName 7/2/2025 (GreenStar 4 Monitor),Enlist 1 & Ag Saver,124,7/2/2025,0.200,On,1094.9,25.00,15.62,5.973,1.755,9.173,1.764,15.00,15.22,0,5,18.13,7/2/2025,Good,0.00,0.00,0.00,0.00,0.00,0.00,0.00,4.060,3.194e-05,2.030,1.597e-05,14.75,0.015,2.284,1.797e-05,24.36,0.00019,0.00,0.00,0.00,1.903,0.190,1.522,0.00,0.00,0.0010
-93.75965146,42.02068218,20,TaskName 7/2/2025 (GreenStar 4 Monitor),Enlist 1 & Ag Saver,125,7/2/2025,0.200,On,1095.0,22.50,15.62,6.127,1.798,9.101,1.803,15.00,15.12,0,5,16.71,7/2/2025,Good,0.00,0.00,0.00,0.00,0.00,0.00,0.00,4.031,2.924e-05,2.016,1.462e-05,14.64,0.014,2.267,1.645e-05,24.19,0.00018,0.00,0.00,0.00,1.890,0.189,1.512,0.00,0.00,0.00093
-93.75965113,42.02068757,20,TaskName 7/2/2025 (GreenStar 4 Monitor),Enlist 1 & Ag Saver,126,7/2/2025,0.200,On,1095.1,17.50,15.62,6.337,1.860,9.305,1.568,15.00,15.17,0,5,13.45,7/2/2025,Good,0.00,0.00,0.00,0.00,0.00,0.00,0.00,4.045,2.361e-05,2.023,1.181e-05,14.69,0.011,2.276,1.328e-05,24.27,0.00014,0.00,0.00,0.00,1.896,0.190,1.517,0.00,0.00,0.00075
-93.75965079,42.02069331,20,TaskName 7/2/2025 (GreenStar 4 Monitor),Enlist 1 & Ag Saver,127,7/2/2025,0.200,On,1095.1,10.00,25.62,6.503,1.909,9.127,1.309,15.00,15.12,0,5,7.889,7/2/2025,Good,0.00,0.00,0.00,0.00,0.00,0.00,0.00,4.031,1.380e-05,2.016,6.901e-06,14.64,0.0064,2.267,7.764e-06,24.19,8.281e-05,0.00,0.00,0.00,1.890,0.189,1.512,0.00,0.00,0.00044
-93.75965045,42.02069918,20,TaskName 7/2/2025 (GreenStar 4 Monitor),Enlist 1 & Ag Saver,128,7/2/2025,0.201,On,1095.2,6.250,24.00,6.711,1.971,8.850,0.988,15.00,15.20,0,5,5.066,7/2/2025,Good,0.00,0.00,0.00,0.00,0.00,0.00,0.00,4.054,8.959e-06,2.027,4.479e-06,14.73,0.0042,2.280,5.039e-06,24.32,5.375e-05,0.00,0.00,0.00,1.900,0.190,1.520,0.00,0.00,0.00028
-93.75965035,42.02092546,20,TaskName 7/2/2025 (GreenStar 4 Monitor),Enlist 1 & Ag Saver,129,7/2/2025,0.195,On,1096.2,2.500,-28.12,8.201,2.345,7.053,1.215,15.00,15.30,0,6,2.485,7/2/2025,Good,0.00,0.00,0.00,0.00,0.00,0.00,0.00,4.080,4.290e-06,2.040,2.145e-06,14.82,0.0020,2.295,2.413e-06,24.48,2.574e-05,0.00,0.00,0.00,1.912,0.191,1.530,0.00,0.00,0.00013
-93.75965032,42.02093208,20,TaskName 7/2/2025 (GreenStar 4 Monitor),Enlist 1 & Ag Saver,130,7/2/2025,0.205,On,1096.3,5.000,-26.87,8.216,2.470,6.697,1.223,15.00,15.15,0,6,4.979,7/2/2025,Good,0.00,0.00,0.00,0.00,0.00,0.00,0.00,4.040,8.948e-06,2.020,4.474e-06,14.67,0.0042,2.272,5.033e-06,24.24,5.369e-05,0.00,0.00,0.00,1.894,0.189,1.515,0.00,0.00,0.00028
-93.75965037,42.02093874,20,TaskName 7/2/2025 (GreenStar 4 Monitor),Enlist 1 & Ag Saver,131,7/2/2025,0.196,On,1096.3,7.500,-25.62,8.223,2.365,7.020,1.254,15.00,15.12,0,6,7.480,7/2/2025,Good,0.00,0.00,0.00,0.00,0.00,0.00,0.00,4.031,1.282e-05,2.016,6.412e-06,14.64,0.0060,2.267,7.214e-06,24.19,7.695e-05,0.00,0.00,0.00,1.890,0.189,1.512,0.00,0.00,0.00041
-93.75965020,42.02094536,20,TaskName 7/2/2025 (GreenStar 4 Monitor),Enlist 1 & Ag Saver,132,7/2/2025,0.209,On,1096.3,10.00,-24.37,8.239,2.526,7.476,1.113,15.00,15.31,0,6,9.988,7/2/2025,Good,0.00,0.00,0.00,0.00,0.00,0.00,0.00,4.082,1.849e-05,2.041,9.247e-06,14.83,0.0086,2.296,1.040e-05,24.49,0.00011,0.00,0.00,0.00,1.914,0.191,1.531,0.00,0.00,0.00058
-93.75964999,42.02095214,20,TaskName 7/2/2025 (GreenStar 4 Monitor),Enlist 1 & Ag Saver,133,7/2/2025,0.195,On,1096.3,12.50,-23.12,8.243,2.359,7.516,0.894,15.00,15.01,0,6,12.50,7/2/2025,Good,0.00,0.00,0.00,0.00,0.00,0.00,0.00,4.003,2.116e-05,2.001,1.058e-05,14.54,0.0098,2.251,1.190e-05,24.02,0.00013,0.00,0.00,0.00,1.876,0.188,1.501,0.00,0.00,0.00068
-93.75964947,42.02095883,20,TaskName 7/2/2025 (GreenStar 4 Monitor),Enlist 1 & Ag Saver,134,7/2/2025,0.200,On,1096.3,16.25,-21.25,8.292,2.434,7.701,0.408,15.00,15.07,0,6,16.34,7/2/2025,Good,0.00,0.00,0.00,0.00,0.00,0.00,0.00,4.020,2.852e-05,2.010,1.426e-05,14.60,0.013,2.261,1.604e-05,24.12,0.00017,0.00,0.00,0.00,1.884,0.188,1.507,0.00,0.00,0.00091
-93.75964891,42.02096567,20,TaskName 7/2/2025 (GreenStar 4 Monitor),Enlist 1 & Ag Saver,135,7/2/2025,0.200,On,1096.3,18.75,-20.00,8.330,2.444,7.720,359.91,15.00,15.12,0,6,18.93,7/2/2025,Good,0.00,0.00,0.00,0.00,0.00,0.00,0.00,4.031,3.313e-05,2.016,1.656e-05,14.64,0.015,2.267,1.863e-05,24.19,0.00020,0.00,0.00,0.00,1.890,0.189,1.512,0.00,0.00,0.0011
-93.75964864,42.02097250,20,TaskName 7/2/2025 (GreenStar 4 Monitor),Enlist 1 & Ag Saver,136,7/2/2025,0.200,On,1096.3,22.50,-18.12,8.384,2.460,6.822,359.64,15.00,15.05,0,6,22.87,7/2/2025,Good,0.00,0.00,0.00,0.00,0.00,0.00,0.00,4.014,3.985e-05,2.007,1.993e-05,14.58,0.019,2.258,2.242e-05,24.08,0.00024,0.00,0.00,0.00,1.882,0.188,1.505,0.00,0.00,0.0013
-93.75964857,42.02097939,20,TaskName 7/2/2025 (GreenStar 4 Monitor),Enlist 1 & Ag Saver,137,7/2/2025,0.200,On,1096.4,26.25,-16.25,8.424,2.473,6.743,359.58,15.00,15.02,0,6,26.83,7/2/2025,Good,0.00,0.00,0.00,0.00,0.00,0.00,0.00,4.005,4.664e-05,2.003,2.332e-05,14.55,0.022,2.253,2.624e-05,24.03,0.00028,0.00,0.00,0.00,1.878,0.188,1.502,0.00,0.00,0.0015
-93.75964838,42.02098628,20,TaskName 7/2/2025 (GreenStar 4 Monitor),Enlist 1 & Ag Saver,138,7/2/2025,0.200,On,1096.4,31.25,-13.75,8.465,2.483,6.776,359.36,15.00,15.06,0,6,32.07,7/2/2025,Good,0.00,0.00,0.00,0.00,0.00,0.00,0.00,4.017,5.591e-05,2.008,2.795e-05,14.59,0.026,2.259,3.145e-05,24.10,0.00034,0.00,0.00,0.00,1.883,0.188,1.506,0.00,0.00,0.0018
-93.75964804,42.02099318,20,TaskName 7/2/2025 (GreenStar 4 Monitor),Enlist 1 & Ag Saver,139,7/2/2025,0.200,On,1096.4,35.00,-11.87,8.500,2.496,6.882,359.06,15.00,14.92,0,6,36.10,7/2/2025,Good,0.00,0.00,0.00,0.00,0.00,0.00,0.00,3.980,6.236e-05,1.990,3.118e-05,14.46,0.029,2.239,3.508e-05,23.88,0.00037,0.00,0.00,0.00,1.866,0.187,1.492,0.00,0.00,0.0020
-93.75964803,42.02100018,20,TaskName 7/2/2025 (GreenStar 4 Monitor),Enlist 1 & Ag Saver,140,7/2/2025,0.200,On,1096.4,40.00,-9.374,8.538,2.506,6.822,358.94,15.00,14.97,0,6,41.42,7/2/2025,Good,0.00,0.00,0.00,0.00,0.00,0.00,0.00,3.991,7.176e-05,1.996,3.588e-05,14.50,0.033,2.245,4.036e-05,23.95,0.00043,0.00,0.00,0.00,1.871,0.187,1.497,0.00,0.00,0.0023
-93.75964823,42.02100714,20,TaskName 7/2/2025 (GreenStar 4 Monitor),Enlist 1 & Ag Saver,141,7/2/2025,0.200,On,1096.5,43.75,-7.499,8.585,2.519,6.935,359.15,15.00,15.06,0,6,45.55,7/2/2025,Good,0.00,0.00,0.00,0.00,0.00,0.00,0.00,4.017,7.941e-05,2.008,3.970e-05,14.59,0.037,2.259,4.467e-05,24.10,0.00048,0.00,0.00,0.00,1.883,0.188,1.506,0.00,0.00,0.0025
-93.75964871,42.02101414,20,TaskName 7/2/2025 (GreenStar 4 Monitor),Enlist 1 & Ag Saver,142,7/2/2025,0.200,On,1096.5,50.00,-4.375,8.614,2.529,6.908,359.62,15.00,14.87,0,6,52.26,7/2/2025,Good,0.00,0.00,0.00,0.00,0.00,0.00,0.00,3.966,8.994e-05,1.983,4.497e-05,14.40,0.042,2.231,5.059e-05,23.79,0.00054,0.00,0.00,0.00,1.859,0.186,1.487,0.00,0.00,0.0029
-93.75964979,42.02104967,20,TaskName 7/2/2025 (GreenStar 4 Monitor),Enlist 1 & Ag Saver,143,7/2/2025,1.000,On,1096.7,53.75,-2.500,8.707,12.78,7.537,0.964,15.00,15.04,0,6,56.76,7/2/2025,Good,0.00,0.00,0.00,0.00,0.00,0.00,0.00,4.010,0.00049,2.005,0.00025,14.57,0.230,2.256,0.00028,24.06,0.0030,0.00,0.00,0.00,1.880,0.188,1.504,0.00,0.00,0.016
-93.75964935,42.02108707,20,TaskName 7/2/2025 (GreenStar 4 Monitor),Enlist 1 & Ag Saver,144,7/2/2025,1.000,On,1096.9,53.75,-2.500,9.031,13.25,8.244,0.847,15.00,15.03,0,6,58.87,7/2/2025,Good,0.00,0.00,0.00,0.00,0.00,0.00,0.00,4.007,0.00051,2.003,0.00026,14.55,0.238,2.254,0.00029,24.04,0.0031,0.00,0.00,0.00,1.878,0.188,1.503,0.00,0.00,0.016
-93.75964806,42.02112550,20,TaskName 7/2/2025 (GreenStar 4 Monitor),Enlist 1 & Ag Saver,145,7/2/2025,1.000,On,1097.0,53.75,-2.500,9.432,13.84,7.026,359.62,15.00,14.98,0,6,61.48,7/2/2025,Good,0.00,0.00,0.00,0.00,0.00,0.00,0.00,3.995,0.00053,1.998,0.00027,14.51,0.248,2.247,0.00030,23.97,0.0032,0.00,0.00,0.00,1.873,0.187,1.498,0.00,0.00,0.017
-93.75964792,42.02113309,20,TaskName 7/2/2025 (GreenStar 4 Monitor),Enlist 1 & Ag Saver,146,7/2/2025,0.200,On,1097.0,53.75,-2.500,9.554,2.805,6.796,359.38,15.00,15.00,0,6,62.30,7/2/2025,Good,0.00,0.00,0.00,0.00,0.00,0.00,0.00,4.000,0.00011,2.000,5.407e-05,14.53,0.050,2.250,6.083e-05,24.00,0.00065,0.00,0.00,0.00,1.875,0.187,1.500,0.00,0.00,0.0035
-93.75964782,42.02117136,20,TaskName 7/2/2025 (GreenStar 4 Monitor),Enlist 1 & Ag Saver,147,7/2/2025,0.995,On,1097.0,52.50,-3.125,9.502,13.87,7.077,359.51,15.00,14.98,0,6,60.48,7/2/2025,Good,0.00,0.00,0.00,0.00,0.00,0.00,0.00,3.995,0.00052,1.997,0.00026,14.51,0.243,2.247,0.00029,23.97,0.0031,0.00,0.00,0.00,1.873,0.187,1.498,0.00,0.00,0.017
-93.75964831,42.02118697,20,TaskName 7/2/2025 (GreenStar 4 Monitor),Enlist 1 & Ag Saver,148,7/2/2025,0.405,On,1097.1,52.50,-3.125,9.525,5.659,7.385,0.078,15.00,15.07,0,6,60.62,7/2/2025,Good,0.00,0.00,0.00,0.00,0.00,0.00,0.00,4.020,0.00021,2.010,0.00011,14.60,0.100,2.261,0.00012,24.12,0.0013,0.00,0.00,0.00,1.884,0.188,1.507,0.00,0.00,0.0068
-93.75964865,42.02122628,20,TaskName 7/2/2025 (GreenStar 4 Monitor),Enlist 1 & Ag Saver,149,7/2/2025,0.995,On,1097.2,53.75,-2.500,9.675,14.12,6.933,0.400,15.00,15.02,0,6,63.05,7/2/2025,Good,0.00,0.00,0.00,0.00,0.00,0.00,0.00,4.006,0.00055,2.003,0.00027,14.55,0.254,2.254,0.00031,24.04,0.0033,0.00,0.00,0.00,1.878,0.188,1.502,0.00,0.00,0.017
-93.75964801,42.02126567,20,TaskName 7/2/2025 (GreenStar 4 Monitor),Enlist 1 & Ag Saver,150,7/2/2025,1.005,On,1097.5,53.75,-2.500,9.784,14.43,7.069,359.76,15.00,14.99,0,6,63.77,7/2/2025,Good,0.00,0.00,0.00,0.00,0.00,0.00,0.00,3.996,0.00056,1.998,0.00028,14.52,0.258,2.248,0.00031,23.98,0.0033,0.00,0.00,0.00,1.873,0.187,1.499,0.00,0.00,0.018
-93.75964803,42.02130511,20,TaskName 7/2/2025 (GreenStar 4 Monitor),Enlist 1 & Ag Saver,151,7/2/2025,0.995,On,1097.7,53.75,-2.500,9.799,14.31,7.145,359.65,15.00,14.99,0,6,63.88,7/2/2025,Good,0.00,0.00,0.00,0.00,0.00,0.00,0.00,3.996,0.00055,1.998,0.00028,14.52,0.256,2.248,0.00031,23.98,0.0033,0.00,0.00,0.00,1.873,0.187,1.499,0.00,0.00,0.018
-93.75964865,42.02134458,20,TaskName 7/2/2025 (GreenStar 4 Monitor),Enlist 1 & Ag Saver,152,7/2/2025,1.005,On,1097.9,53.75,-2.500,9.803,14.46,7.001,0.212,15.00,14.96,0,6,63.90,7/2/2025,Good,0.00,0.00,0.00,0.00,0.00,0.00,0.00,3.990,0.00056,1.995,0.00028,14.49,0.259,2.244,0.00031,23.94,0.0033,0.00,0.00,0.00,1.870,0.187,1.496,0.00,0.00,0.018
-93.75964860,42.02138387,20,TaskName 7/2/2025 (GreenStar 4 Monitor),Enlist 1 & Ag Saver,153,7/2/2025,1.000,On,1097.8,53.75,-2.500,9.795,14.37,6.578,0.533,15.00,15.00,0,6,63.84,7/2/2025,Good,0.00,0.00,0.00,0.00,0.00,0.00,0.00,4.000,0.00055,2.000,0.00028,14.53,0.258,2.250,0.00031,24.00,0.0033,0.00,0.00,0.00,1.875,0.187,1.500,0.00,0.00,0.018
-93.75964820,42.02142342,20,TaskName 7/2/2025 (GreenStar 4 Monitor),Enlist 1 & Ag Saver,154,7/2/2025,1.000,On,1097.6,53.75,-2.500,9.800,14.38,5.929,0.235,15.00,14.97,0,6,63.88,7/2/2025,Good,0.00,0.00,0.00,0.00,0.00,0.00,0.00,3.991,0.00055,1.996,0.00028,14.50,0.257,2.245,0.00031,23.95,0.0033,0.00,0.00,0.00,1.871,0.187,1.497,0.00,0.00,0.018
-93.75964788,42.02146362,20,TaskName 7/2/2025 (GreenStar 4 Monitor),Enlist 1 & Ag Saver,155,7/2/2025,1.000,On,1097.2,53.75,-2.500,9.894,14.51,5.640,359.77,15.00,14.99,0,6,64.48,7/2/2025,Good,0.00,0.00,0.00,0.00,0.00,0.00,0.00,3.998,0.00056,1.999,0.00028,14.52,0.260,2.249,0.00031,23.99,0.0034,0.00,0.00,0.00,1.874,0.187,1.499,0.00,0.00,0.018
-93.75964792,42.02150418,20,TaskName 7/2/2025 (GreenStar 4 Monitor),Enlist 1 & Ag Saver,156,7/2/2025,0.995,On,1096.9,53.75,-2.500,10.06,14.68,4.794,359.82,15.00,15.01,0,6,65.53,7/2/2025,Good,0.00,0.00,0.00,0.00,0.00,0.00,0.00,4.003,0.00057,2.001,0.00028,14.54,0.263,2.252,0.00032,24.02,0.0034,0.00,0.00,0.00,1.876,0.188,1.501,0.00,0.00,0.018
-93.75964811,42.02154418,20,TaskName 7/2/2025 (GreenStar 4 Monitor),Enlist 1 & Ag Saver,157,7/2/2025,1.005,On,1096.6,53.75,-2.500,10.01,14.76,4.643,0.125,15.00,14.96,0,6,65.24,7/2/2025,Good,0.00,0.00,0.00,0.00,0.00,0.00,0.00,3.990,0.00057,1.995,0.00028,14.49,0.264,2.245,0.00032,23.94,0.0034,0.00,0.00,0.00,1.870,0.187,1.496,0.00,0.00,0.018
-93.75964820,42.02158386,20,TaskName 7/2/2025 (GreenStar 4 Monitor),Enlist 1 & Ag Saver,158,7/2/2025,0.995,On,1096.4,53.75,-2.500,9.893,14.45,5.594,0.815,15.00,15.03,0,6,64.49,7/2/2025,Good,0.00,0.00,0.00,0.00,0.00,0.00,0.00,4.009,0.00056,2.004,0.00028,14.56,0.260,2.255,0.00031,24.05,0.0033,0.00,0.00,0.00,1.879,0.188,1.503,0.00,0.00,0.018
-93.75964745,42.02162247,20,TaskName 7/2/2025 (GreenStar 4 Monitor),Enlist 1 & Ag Saver,159,7/2/2025,1.000,On,1096.3,53.75,-2.500,9.760,14.32,4.890,1.223,15.00,15.01,0,6,63.60,7/2/2025,Good,0.00,0.00,0.00,0.00,0.00,0.00,0.00,4.002,0.00055,2.001,0.00028,14.54,0.257,2.251,0.00031,24.01,0.0033,0.00,0.00,0.00,1.876,0.188,1.501,0.00,0.00,0.018
-93.75964593,42.02165918,20,TaskName 7/2/2025 (GreenStar 4 Monitor),Enlist 1 & Ag Saver,160,7/2/2025,1.000,On,1096.2,53.75,-2.500,9.387,13.77,4.218,1.043,15.00,14.99,0,6,61.17,7/2/2025,Good,0.00,0.00,0.00,0.00,0.00,0.00,0.00,3.996,0.00053,1.998,0.00027,14.52,0.247,2.248,0.00030,23.98,0.0032,0.00,0.00,0.00,1.873,0.187,1.499,0.00,0.00,0.017
-93.75964476,42.02169136,20,TaskName 7/2/2025 (GreenStar 4 Monitor),Enlist 1 & Ag Saver,161,7/2/2025,1.000,On,1096.0,53.75,-2.500,8.701,12.75,2.784,0.933,15.00,14.93,0,6,56.65,7/2/2025,Good,0.00,0.00,0.00,0.00,0.00,0.00,0.00,3.982,0.00049,1.991,0.00024,14.47,0.228,2.240,0.00028,23.89,0.0029,0.00,0.00,0.00,1.867,0.187,1.493,0.00,0.00,0.016
-93.75964418,42.02171935,20,TaskName 7/2/2025 (GreenStar 4 Monitor),Enlist 1 & Ag Saver,162,7/2/2025,1.000,On,1095.9,53.75,-2.500,7.484,10.97,4.018,1.286,15.00,15.04,0,6,48.72,7/2/2025,Good,0.00,0.00,0.00,0.00,0.00,0.00,0.00,4.011,0.00042,2.006,0.00021,14.57,0.197,2.256,0.00024,24.07,0.0025,0.00,0.00,0.00,1.880,0.188,1.504,0.00,0.00,0.014
-93.75964327,42.02174530,20,TaskName 7/2/2025 (GreenStar 4 Monitor),Enlist 1 & Ag Saver,163,7/2/2025,1.000,On,1095.8,53.75,-2.500,6.731,9.872,4.644,1.490,15.00,15.02,0,6,43.85,7/2/2025,Good,0.00,0.00,0.00,0.00,0.00,0.00,0.00,4.007,0.00038,2.003,0.00019,14.55,0.177,2.254,0.00021,24.04,0.0023,0.00,0.00,0.00,1.878,0.188,1.502,0.00,0.00,0.012
-93.75964282,42.02175525,20,TaskName 7/2/2025 (GreenStar 4 Monitor),Enlist 1 & Ag Saver,164,7/2/2025,0.406,On,1095.8,53.75,-2.500,6.396,3.801,3.679,1.537,15.00,14.96,0,6,41.59,7/2/2025,Good,0.00,0.00,0.00,0.00,0.00,0.00,0.00,3.988,0.00015,1.994,7.307e-05,14.49,0.068,2.243,8.221e-05,23.93,0.00088,0.00,0.00,0.00,1.870,0.187,1.496,0.00,0.00,0.0047
-93.75904237,42.02170550,20,TaskName 7/2/2025 (GreenStar 4 Monitor),Enlist 1 & Ag Saver,165,7/2/2025,1.000,On,1094.2,1.250,18.75,6.872,10.08,5.490,180.42,15.00,15.30,0,7,1.042,7/2/2025,Good,0.00,0.00,0.00,0.00,0.00,0.00,0.00,4.079,9.220e-06,2.039,4.610e-06,14.82,0.0043,2.294,5.186e-06,24.47,5.532e-05,0.00,0.00,0.00,1.912,0.191,1.530,0.00,0.00,0.00029
-93.75904312,42.02167470,20,TaskName 7/2/2025 (GreenStar 4 Monitor),Enlist 1 & Ag Saver,166,7/2/2025,1.000,On,1094.0,1.250,18.75,7.413,10.87,5.723,179.17,15.00,15.08,0,7,1.123,7/2/2025,Good,0.00,0.00,0.00,0.00,0.00,0.00,0.00,4.023,9.806e-06,2.011,4.903e-06,14.61,0.0046,2.263,5.516e-06,24.14,5.884e-05,0.00,0.00,0.00,1.886,0.189,1.508,0.00,0.00,0.00031
-93.75904305,42.02166837,20,TaskName 7/2/2025 (GreenStar 4 Monitor),Enlist 1 & Ag Saver,167,7/2/2025,0.200,On,1094.0,1.250,18.75,7.664,2.250,6.162,179.15,15.00,14.92,0,7,1.162,7/2/2025,Good,0.00,0.00,0.00,0.00,0.00,0.00,0.00,3.980,2.008e-06,1.990,1.004e-06,14.46,0.00093,2.239,1.129e-06,23.88,1.205e-05,0.00,0.00,0.00,1.866,0.187,1.492,0.00,0.00,6.457e-05
-93.75904223,42.02163525,20,TaskName 7/2/2025 (GreenStar 4 Monitor),Enlist 1 & Ag Saver,168,7/2/2025,0.996,On,1093.8,2.500,18.12,7.938,11.60,6.305,179.74,15.00,15.11,0,7,2.406,7/2/2025,Good,0.00,0.00,0.00,0.00,0.00,0.00,0.00,4.029,2.095e-05,2.015,1.048e-05,14.64,0.0097,2.266,1.179e-05,24.17,0.00013,0.00,0.00,0.00,1.889,0.189,1.511,0.00,0.00,0.00067
-93.75904174,42.02160761,20,TaskName 7/2/2025 (GreenStar 4 Monitor),Enlist 1 & Ag Saver,169,7/2/2025,0.799,On,1093.8,2.500,19.37,8.377,9.821,6.945,180.10,15.00,15.03,0,7,2.540,7/2/2025,Good,0.00,0.00,0.00,0.00,0.00,0.00,0.00,4.009,1.765e-05,2.005,8.827e-06,14.56,0.0082,2.255,9.931e-06,24.06,0.00011,0.00,0.00,0.00,1.879,0.188,1.503,0.00,0.00,0.00056
-93.75904206,42.02157017,20,TaskName 7/2/2025 (GreenStar 4 Monitor),Enlist 1 & Ag Saver,170,7/2/2025,1.000,On,1093.6,1.250,18.75,8.886,13.03,7.224,179.64,15.00,15.25,0,7,1.346,7/2/2025,Good,0.00,0.00,0.00,0.00,0.00,0.00,0.00,4.066,1.188e-05,2.033,5.940e-06,14.77,0.0055,2.287,6.683e-06,24.40,7.129e-05,0.00,0.00,0.00,1.906,0.191,1.525,0.00,0.00,0.00037
-93.75904216,42.02155464,20,TaskName 7/2/2025 (GreenStar 4 Monitor),Enlist 1 & Ag Saver,171,7/2/2025,0.401,On,1093.6,1.250,18.75,9.394,5.527,6.050,179.51,15.00,15.05,0,7,1.424,7/2/2025,Good,0.00,0.00,0.00,0.00,0.00,0.00,0.00,4.014,4.974e-06,2.007,2.487e-06,14.58,0.0023,2.258,2.798e-06,24.08,2.984e-05,0.00,0.00,0.00,1.882,0.188,1.505,0.00,0.00,0.00016
-93.75904201,42.02151555,20,TaskName 7/2/2025 (GreenStar 4 Monitor),Enlist 1 & Ag Saver,172,7/2/2025,0.999,On,1093.4,2.500,19.37,9.623,14.11,5.363,179.44,15.00,15.01,0,7,2.918,7/2/2025,Good,0.00,0.00,0.00,0.00,0.00,0.00,0.00,4.002,2.532e-05,2.001,1.266e-05,14.54,0.012,2.251,1.424e-05,24.01,0.00015,0.00,0.00,0.00,1.876,0.188,1.501,0.00,0.00,0.00081
-93.75904156,42.02147648,20,TaskName 7/2/2025 (GreenStar 4 Monitor),Enlist 1 & Ag Saver,173,7/2/2025,1.001,On,1093.2,2.500,19.37,9.719,14.26,5.004,179.75,15.00,15.09,0,7,2.943,7/2/2025,Good,0.00,0.00,0.00,0.00,0.00,0.00,0.00,4.024,2.573e-05,2.012,1.286e-05,14.62,0.012,2.263,1.447e-05,24.14,0.00015,0.00,0.00,0.00,1.886,0.189,1.509,0.00,0.00,0.00082
-93.75904118,42.02143765,20,TaskName 7/2/2025 (GreenStar 4 Monitor),Enlist 1 & Ag Saver,174,7/2/2025,0.999,On,1092.9,2.500,19.37,9.663,14.18,5.948,179.66,15.00,15.11,0,7,2.933,7/2/2025,Good,0.00,0.00,0.00,0.00,0.00,0.00,0.00,4.030,2.562e-05,2.015,1.281e-05,14.64,0.012,2.267,1.441e-05,24.18,0.00015,0.00,0.00,0.00,1.889,0.189,1.511,0.00,0.00,0.00081
-93.75904140,42.02142220,20,TaskName 7/2/2025 (GreenStar 4 Monitor),Enlist 1 & Ag Saver,175,7/2/2025,0.400,On,1092.8,2.500,19.37,9.646,5.662,6.364,179.42,15.00,14.81,0,7,2.924,7/2/2025,Good,0.00,0.00,0.00,0.00,0.00,0.00,0.00,3.949,1.002e-05,1.974,5.012e-06,14.34,0.0047,2.221,5.639e-06,23.69,6.015e-05,0.00,0.00,0.00,1.851,0.185,1.481,0.00,0.00,0.00032
-93.75904105,42.02139897,20,TaskName 7/2/2025 (GreenStar 4 Monitor),Enlist 1 & Ag Saver,176,7/2/2025,0.600,On,1092.7,1.250,18.75,9.595,8.450,6.578,179.99,15.00,15.07,0,7,1.455,7/2/2025,Good,0.00,0.00,0.00,0.00,0.00,0.00,0.00,4.018,7.612e-06,2.009,3.806e-06,14.60,0.0035,2.260,4.282e-06,24.11,4.567e-05,0.00,0.00,0.00,1.883,0.188,1.507,0.00,0.00,0.00024
-93.75904051,42.02135940,20,TaskName 7/2/2025 (GreenStar 4 Monitor),Enlist 1 & Ag Saver,177,7/2/2025,1.000,On,1092.5,2.500,19.37,9.688,14.21,6.776,180.56,15.00,15.06,0,7,2.937,7/2/2025,Good,0.00,0.00,0.00,0.00,0.00,0.00,0.00,4.017,2.560e-05,2.008,1.280e-05,14.59,0.012,2.260,1.440e-05,24.10,0.00015,0.00,0.00,0.00,1.883,0.188,1.506,0.00,0.00,0.00082
-93.75904108,42.02132708,20,TaskName 7/2/2025 (GreenStar 4 Monitor),Enlist 1 & Ag Saver,178,7/2/2025,0.796,On,1092.3,2.500,19.37,9.945,11.62,6.493,180.30,15.00,15.09,0,7,3.016,7/2/2025,Good,0.00,0.00,0.00,0.00,0.00,0.00,0.00,4.025,2.097e-05,2.012,1.048e-05,14.62,0.0097,2.264,1.179e-05,24.15,0.00013,0.00,0.00,0.00,1.887,0.189,1.509,0.00,0.00,0.00067
-93.75904173,42.02128696,20,TaskName 7/2/2025 (GreenStar 4 Monitor),Enlist 1 & Ag Saver,179,7/2/2025,1.009,On,1092.2,1.250,18.75,10.04,14.87,6.473,179.73,15.00,15.01,0,7,1.523,7/2/2025,Good,0.00,0.00,0.00,0.00,0.00,0.00,0.00,4.002,1.334e-05,2.001,6.672e-06,14.54,0.0062,2.251,7.506e-06,24.01,8.007e-05,0.00,0.00,0.00,1.876,0.188,1.501,0.00,0.00,0.00043
-93.75904185,42.02124737,20,TaskName 7/2/2025 (GreenStar 4 Monitor),Enlist 1 & Ag Saver,180,7/2/2025,1.000,On,1092.2,1.250,18.75,9.872,14.49,7.751,179.66,15.00,15.07,0,7,1.496,7/2/2025,Good,0.00,0.00,0.00,0.00,0.00,0.00,0.00,4.019,1.305e-05,2.010,6.526e-06,14.60,0.0061,2.261,7.342e-06,24.11,7.831e-05,0.00,0.00,0.00,1.884,0.188,1.507,0.00,0.00,0.00042
-93.75904137,42.02122332,20,TaskName 7/2/2025 (GreenStar 4 Monitor),Enlist 1 & Ag Saver,181,7/2/2025,0.596,On,1092.1,2.500,19.37,9.871,8.617,7.913,180.19,15.00,15.11,0,7,2.987,7/2/2025,Good,0.00,0.00,0.00,0.00,0.00,0.00,0.00,4.030,1.557e-05,2.015,7.785e-06,14.64,0.0072,2.267,8.758e-06,24.18,9.342e-05,0.00,0.00,0.00,1.889,0.189,1.511,0.00,0.00,0.00049
-93.75964797,42.02020218,20,TaskName 5/9/2025 (GreenStar 4 Monitor),Preview 2.1 SC & Metolachlor 8EC,1,5/9/2025,0.200,On,1094.0,18.75,-50.00,2.212,0.646,5.832,358.62,19.99,37.62,0,1,5.008,5/9/2025,Over Target,0.00,0.00,0.00,0.00,0.00,0.00,0.00,10.03,2.180e-05,5.016,1.090e-05,36.44,0.010,5.643,1.227e-05,60.19,0.00013,0.00,0.00,0.00,4.703,0.470,3.762,0.00,0.00,0.00028
-93.75964824,42.02020470,20,TaskName 5/9/2025 (GreenStar 4 Monitor),Preview 2.1 SC & Metolachlor 8EC,2,5/9/2025,0.200,On,1094.0,22.50,-49.37,2.787,0.817,7.621,358.93,19.99,24.18,0,1,7.595,5/9/2025,Over Target,0.00,0.00,0.00,0.00,0.00,0.00,0.00,6.449,2.126e-05,3.224,1.063e-05,23.42,0.0099,3.627,1.196e-05,38.69,0.00013,0.00,0.00,0.00,3.023,0.302,2.418,0.00,0.00,0.00042
-93.75964845,42.02020775,20,TaskName 5/9/2025 (GreenStar 4 Monitor),Preview 2.1 SC & Metolachlor 8EC,3,5/9/2025,0.200,On,1094.0,23.75,-48.75,1.678,0.492,7.417,359.18,19.99,22.38,0,1,4.830,5/9/2025,Good,0.00,0.00,0.00,0.00,0.00,0.00,0.00,5.967,1.251e-05,2.983,6.254e-06,21.67,0.0058,3.356,7.036e-06,35.80,7.505e-05,0.00,0.00,0.00,2.797,0.280,2.238,0.00,0.00,0.00027
-93.75964862,42.02021126,20,TaskName 5/9/2025 (GreenStar 4 Monitor),Preview 2.1 SC & Metolachlor 8EC,4,5/9/2025,0.205,On,1094.0,26.25,-47.50,2.185,0.656,6.109,359.34,19.99,29.06,0,1,6.944,5/9/2025,Over Target,0.00,0.00,0.00,0.00,0.00,0.00,0.00,7.749,2.394e-05,3.874,1.197e-05,28.15,0.011,4.359,1.346e-05,46.49,0.00014,0.00,0.00,0.00,3.632,0.363,2.906,0.00,0.00,0.00040
-93.75964872,42.02021501,20,TaskName 5/9/2025 (GreenStar 4 Monitor),Preview 2.1 SC & Metolachlor 8EC,5,5/9/2025,0.191,On,1094.1,30.00,-45.62,2.767,0.771,5.072,359.46,19.99,28.42,0,1,10.01,5/9/2025,Over Target,0.00,0.00,0.00,0.00,0.00,0.00,0.00,7.578,3.143e-05,3.789,1.572e-05,27.53,0.015,4.262,1.768e-05,45.47,0.00019,0.00,0.00,0.00,3.552,0.355,2.842,0.00,0.00,0.00053
-93.75964908,42.02021889,20,TaskName 5/9/2025 (GreenStar 4 Monitor),Preview 2.1 SC & Metolachlor 8EC,6,5/9/2025,0.204,On,1094.1,32.50,-44.37,3.346,1.004,4.702,359.76,19.99,22.73,0,1,13.22,5/9/2025,Good,0.00,0.00,0.00,0.00,0.00,0.00,0.00,6.061,3.547e-05,3.030,1.773e-05,22.02,0.016,3.409,1.995e-05,36.37,0.00021,0.00,0.00,0.00,2.841,0.284,2.273,0.00,0.00,0.00075
-93.75964941,42.02022275,20,TaskName 5/9/2025 (GreenStar 4 Monitor),Preview 2.1 SC & Metolachlor 8EC,7,5/9/2025,0.200,On,1094.0,33.75,-43.75,3.845,1.125,4.544,359.98,19.99,23.83,0,1,15.69,5/9/2025,Over Target,0.00,0.00,0.00,0.00,0.00,0.00,0.00,6.355,4.329e-05,3.177,2.164e-05,23.08,0.020,3.574,2.435e-05,38.13,0.00026,0.00,0.00,0.00,2.979,0.298,2.383,0.00,0.00,0.00087
-93.75964960,42.02022668,20,TaskName 5/9/2025 (GreenStar 4 Monitor),Preview 2.1 SC & Metolachlor 8EC,8,5/9/2025,0.200,On,1094.1,36.25,-42.50,4.208,1.234,4.108,0.070,19.99,21.25,0,1,18.48,5/9/2025,Good,0.00,0.00,0.00,0.00,0.00,0.00,0.00,5.667,4.545e-05,2.834,2.273e-05,20.59,0.021,3.188,2.557e-05,34.00,0.00027,0.00,0.00,0.00,2.657,0.266,2.125,0.00,0.00,0.0010
-93.75964937,42.02023512,20,TaskName 5/9/2025 (GreenStar 4 Monitor),Preview 2.1 SC & Metolachlor 8EC,9,5/9/2025,0.400,On,1094.1,37.50,-41.87,4.592,2.690,4.863,359.87,19.99,21.02,0,1,20.84,5/9/2025,Good,0.00,0.00,0.00,0.00,0.00,0.00,0.00,5.605,0.00010,2.802,5.071e-05,20.36,0.047,3.153,5.704e-05,33.63,0.00061,0.00,0.00,0.00,2.627,0.263,2.102,0.00,0.00,0.0023
-93.75964923,42.02023966,20,TaskName 5/9/2025 (GreenStar 4 Monitor),Preview 2.1 SC & Metolachlor 8EC,10,5/9/2025,0.200,On,1094.1,38.75,-41.25,4.921,1.444,7.159,359.71,19.99,21.04,0,1,23.11,5/9/2025,Good,0.00,0.00,0.00,0.00,0.00,0.00,0.00,5.610,5.629e-05,2.805,2.814e-05,20.38,0.026,3.156,3.166e-05,33.66,0.00034,0.00,0.00,0.00,2.630,0.263,2.104,0.00,0.00,0.0013
-93.75964911,42.02024440,20,TaskName 5/9/2025 (GreenStar 4 Monitor),Preview 2.1 SC & Metolachlor 8EC,11,5/9/2025,0.200,On,1094.1,40.00,-40.62,5.120,1.499,8.718,359.59,19.99,20.64,0,1,24.78,5/9/2025,Good,0.00,0.00,0.00,0.00,0.00,0.00,0.00,5.505,5.921e-05,2.753,2.961e-05,20.00,0.028,3.097,3.331e-05,33.03,0.00036,0.00,0.00,0.00,2.580,0.258,2.064,0.00,0.00,0.0014
-93.75964900,42.02024939,20,TaskName 5/9/2025 (GreenStar 4 Monitor),Preview 2.1 SC & Metolachlor 8EC,12,5/9/2025,0.195,On,1094.0,41.25,-40.00,5.364,1.532,8.315,359.50,19.99,20.73,0,1,26.79,5/9/2025,Good,0.00,0.00,0.00,0.00,0.00,0.00,0.00,5.528,6.266e-05,2.764,3.133e-05,20.08,0.029,3.109,3.525e-05,33.17,0.00038,0.00,0.00,0.00,2.591,0.259,2.073,0.00,0.00,0.0015
-93.75964879,42.02025450,20,TaskName 5/9/2025 (GreenStar 4 Monitor),Preview 2.1 SC & Metolachlor 8EC,13,5/9/2025,0.205,On,1094.0,43.75,-38.75,5.644,1.696,7.152,359.36,19.99,20.43,0,1,29.92,5/9/2025,Good,0.00,0.00,0.00,0.00,0.00,0.00,0.00,5.448,7.251e-05,2.724,3.625e-05,19.79,0.034,3.064,4.079e-05,32.69,0.00044,0.00,0.00,0.00,2.554,0.255,2.043,0.00,0.00,0.0017
-93.75964853,42.02025980,20,TaskName 5/9/2025 (GreenStar 4 Monitor),Preview 2.1 SC & Metolachlor 8EC,14,5/9/2025,0.200,On,1094.0,46.25,-37.50,5.901,1.729,5.950,359.12,19.99,20.21,0,1,33.04,5/9/2025,Good,0.00,0.00,0.00,0.00,0.00,0.00,0.00,5.388,7.728e-05,2.694,3.864e-05,19.57,0.036,3.031,4.347e-05,32.33,0.00046,0.00,0.00,0.00,2.526,0.253,2.021,0.00,0.00,0.0018
-93.75964834,42.02026528,20,TaskName 5/9/2025 (GreenStar 4 Monitor),Preview 2.1 SC & Metolachlor 8EC,15,5/9/2025,0.200,On,1093.9,48.75,-36.25,6.147,1.801,4.775,358.99,19.99,20.40,0,1,36.28,5/9/2025,Good,0.00,0.00,0.00,0.00,0.00,0.00,0.00,5.439,8.566e-05,2.720,4.283e-05,19.76,0.040,3.060,4.818e-05,32.64,0.00051,0.00,0.00,0.00,2.550,0.255,2.040,0.00,0.00,0.0020
-93.75964862,42.02027082,20,TaskName 5/9/2025 (GreenStar 4 Monitor),Preview 2.1 SC & Metolachlor 8EC,16,5/9/2025,0.200,On,1093.9,50.00,-35.62,6.378,1.870,3.593,359.08,19.99,20.18,0,1,38.64,5/9/2025,Good,0.00,0.00,0.00,0.00,0.00,0.00,0.00,5.382,9.026e-05,2.691,4.513e-05,19.55,0.042,3.028,5.077e-05,32.29,0.00054,0.00,0.00,0.00,2.523,0.252,2.018,0.00,0.00,0.0021
-93.75964870,42.02027630,20,TaskName 5/9/2025 (GreenStar 4 Monitor),Preview 2.1 SC & Metolachlor 8EC,17,5/9/2025,0.200,On,1093.8,52.50,-34.37,6.565,1.926,2.813,359.11,19.99,20.09,0,1,41.78,5/9/2025,Good,0.00,0.00,0.00,0.00,0.00,0.00,0.00,5.357,9.714e-05,2.678,4.857e-05,19.46,0.045,3.013,5.464e-05,32.14,0.00058,0.00,0.00,0.00,2.511,0.251,2.009,0.00,0.00,0.0023
-93.75964898,42.02028163,20,TaskName 5/9/2025 (GreenStar 4 Monitor),Preview 2.1 SC & Metolachlor 8EC,18,5/9/2025,0.200,On,1093.7,55.00,-33.12,6.684,1.959,2.701,359.33,19.99,19.90,0,1,44.51,5/9/2025,Good,0.00,0.00,0.00,0.00,0.00,0.00,0.00,5.305,0.00010,2.653,5.125e-05,19.27,0.048,2.984,5.766e-05,31.83,0.00062,0.00,0.00,0.00,2.487,0.249,1.990,0.00,0.00,0.0025
-93.75964915,42.02028702,20,TaskName 5/9/2025 (GreenStar 4 Monitor),Preview 2.1 SC & Metolachlor 8EC,19,5/9/2025,0.200,On,1093.6,56.25,-32.50,6.704,1.965,3.573,359.40,19.99,20.07,0,1,45.68,5/9/2025,Good,0.00,0.00,0.00,0.00,0.00,0.00,0.00,5.351,0.00011,2.676,5.304e-05,19.44,0.049,3.010,5.968e-05,32.11,0.00064,0.00,0.00,0.00,2.508,0.251,2.007,0.00,0.00,0.0025
-93.75964898,42.02029238,20,TaskName 5/9/2025 (GreenStar 4 Monitor),Preview 2.1 SC & Metolachlor 8EC,20,5/9/2025,0.200,On,1093.5,57.50,-31.87,6.706,1.965,4.273,359.38,19.99,20.00,0,1,46.69,5/9/2025,Good,0.00,0.00,0.00,0.00,0.00,0.00,0.00,5.334,0.00011,2.667,5.405e-05,19.38,0.050,3.000,6.081e-05,32.00,0.00065,0.00,0.00,0.00,2.500,0.250,2.000,0.00,0.00,0.0026
-93.75964888,42.02029765,20,TaskName 5/9/2025 (GreenStar 4 Monitor),Preview 2.1 SC & Metolachlor 8EC,21,5/9/2025,0.200,On,1093.5,58.75,-31.25,6.668,1.955,4.973,359.37,19.99,20.00,0,1,47.47,5/9/2025,Good,0.00,0.00,0.00,0.00,0.00,0.00,0.00,5.334,0.00011,2.667,5.495e-05,19.38,0.051,3.000,6.182e-05,32.00,0.00066,0.00,0.00,0.00,2.500,0.250,2.000,0.00,0.00,0.0026
-93.75964900,42.02030298,20,TaskName 5/9/2025 (GreenStar 4 Monitor),Preview 2.1 SC & Metolachlor 8EC,22,5/9/2025,0.200,On,1093.5,61.25,-30.00,6.628,1.942,5.983,359.50,19.99,20.07,0,1,49.16,5/9/2025,Good,0.00,0.00,0.00,0.00,0.00,0.00,0.00,5.351,0.00011,2.676,5.709e-05,19.44,0.053,3.010,6.422e-05,32.11,0.00069,0.00,0.00,0.00,2.508,0.251,2.007,0.00,0.00,0.0027
-93.75964904,42.02030838,20,TaskName 5/9/2025 (GreenStar 4 Monitor),Preview 2.1 SC & Metolachlor 8EC,23,5/9/2025,0.200,On,1093.4,62.50,-29.37,6.617,1.939,6.459,359.73,19.99,20.10,0,1,50.08,5/9/2025,Good,0.00,0.00,0.00,0.00,0.00,0.00,0.00,5.360,0.00012,2.680,5.824e-05,19.47,0.054,3.015,6.553e-05,32.16,0.00070,0.00,0.00,0.00,2.512,0.251,2.010,0.00,0.00,0.0028
-93.75964922,42.02031404,20,TaskName 5/9/2025 (GreenStar 4 Monitor),Preview 2.1 SC & Metolachlor 8EC,24,5/9/2025,0.200,On,1093.4,65.00,-28.12,6.641,1.946,6.043,0.023,19.99,20.08,0,1,52.26,5/9/2025,Good,0.00,0.00,0.00,0.00,0.00,0.00,0.00,5.354,0.00012,2.677,6.071e-05,19.45,0.056,3.012,6.830e-05,32.12,0.00073,0.00,0.00,0.00,2.510,0.251,2.008,0.00,0.00,0.0029
-93.75964931,42.02031996,20,TaskName 5/9/2025 (GreenStar 4 Monitor),Preview 2.1 SC & Metolachlor 8EC,25,5/9/2025,0.200,On,1093.3,67.50,-26.87,6.753,1.978,5.118,0.110,19.99,19.90,0,1,55.18,5/9/2025,Good,0.00,0.00,0.00,0.00,0.00,0.00,0.00,5.305,0.00013,2.653,6.353e-05,19.27,0.059,2.984,7.147e-05,31.83,0.00076,0.00,0.00,0.00,2.487,0.249,1.990,0.00,0.00,0.0031
-93.75964930,42.02032592,20,TaskName 5/9/2025 (GreenStar 4 Monitor),Preview 2.1 SC & Metolachlor 8EC,26,5/9/2025,0.200,On,1093.2,68.75,-26.25,6.912,2.028,4.498,0.078,19.99,20.09,0,1,57.60,5/9/2025,Good,0.00,0.00,0.00,0.00,0.00,0.00,0.00,5.357,0.00013,2.678,6.696e-05,19.46,0.062,3.013,7.533e-05,32.14,0.00080,0.00,0.00,0.00,2.511,0.251,2.009,0.00,0.00,0.0032
-93.75964903,42.02033180,20,TaskName 5/9/2025 (GreenStar 4 Monitor),Preview 2.1 SC & Metolachlor 8EC,27,5/9/2025,0.200,On,1093.2,71.25,-25.00,7.084,2.077,4.299,359.97,19.99,19.78,0,1,61.14,5/9/2025,Good,0.00,0.00,0.00,0.00,0.00,0.00,0.00,5.274,0.00014,2.637,6.998e-05,19.16,0.065,2.967,7.873e-05,31.64,0.00084,0.00,0.00,0.00,2.472,0.247,1.978,0.00,0.00,0.0034
-93.75964896,42.02033761,20,TaskName 5/9/2025 (GreenStar 4 Monitor),Preview 2.1 SC & Metolachlor 8EC,28,5/9/2025,0.200,On,1093.1,75.00,-23.12,7.187,2.106,4.141,359.92,19.99,19.95,0,1,65.28,5/9/2025,Good,0.00,0.00,0.00,0.00,0.00,0.00,0.00,5.320,0.00015,2.660,7.536e-05,19.32,0.070,2.992,8.478e-05,31.92,0.00090,0.00,0.00,0.00,2.494,0.249,1.995,0.00,0.00,0.0036
-93.75964900,42.02034916,20,TaskName 5/9/2025 (GreenStar 4 Monitor),Preview 2.1 SC & Metolachlor 8EC,29,5/9/2025,0.395,On,1093.0,77.50,-21.87,7.216,4.177,4.504,359.83,19.99,19.94,0,1,67.72,5/9/2025,Good,0.00,0.00,0.00,0.00,0.00,0.00,0.00,5.317,0.00031,2.659,0.00015,19.31,0.144,2.991,0.00017,31.90,0.0019,0.00,0.00,0.00,2.492,0.249,1.994,0.00,0.00,0.0074
-93.75964869,42.02035507,20,TaskName 5/9/2025 (GreenStar 4 Monitor),Preview 2.1 SC & Metolachlor 8EC,30,5/9/2025,0.205,On,1092.9,80.00,-20.62,7.210,2.165,5.574,359.47,19.99,19.78,0,1,69.84,5/9/2025,Good,0.00,0.00,0.00,0.00,0.00,0.00,0.00,5.274,0.00016,2.637,8.193e-05,19.16,0.076,2.967,9.217e-05,31.64,0.00098,0.00,0.00,0.00,2.472,0.247,1.978,0.00,0.00,0.0040
-93.75964829,42.02036100,20,TaskName 5/9/2025 (GreenStar 4 Monitor),Preview 2.1 SC & Metolachlor 8EC,31,5/9/2025,0.200,On,1092.9,82.50,-19.37,7.245,2.123,6.862,359.07,19.99,19.91,0,1,72.36,5/9/2025,Good,0.00,0.00,0.00,0.00,0.00,0.00,0.00,5.308,0.00017,2.654,8.336e-05,19.28,0.078,2.986,9.378e-05,31.85,0.0010,0.00,0.00,0.00,2.488,0.249,1.991,0.00,0.00,0.0040
-93.75964816,42.02036701,20,TaskName 5/9/2025 (GreenStar 4 Monitor),Preview 2.1 SC & Metolachlor 8EC,32,5/9/2025,0.201,On,1092.7,85.00,-18.12,7.290,2.136,6.763,358.98,19.99,20.06,0,1,74.65,5/9/2025,Good,0.00,0.00,0.00,0.00,0.00,0.00,0.00,5.348,0.00017,2.674,8.707e-05,19.43,0.081,3.008,9.795e-05,32.09,0.0010,0.00,0.00,0.00,2.507,0.251,2.006,0.00,0.00,0.0042
-93.75964832,42.02037318,20,TaskName 5/9/2025 (GreenStar 4 Monitor),Preview 2.1 SC & Metolachlor 8EC,33,5/9/2025,0.199,On,1092.6,87.50,-16.87,7.355,2.156,5.660,359.11,19.99,19.98,0,1,78.33,5/9/2025,Good,0.00,0.00,0.00,0.00,0.00,0.00,0.00,5.328,0.00018,2.664,9.012e-05,19.35,0.084,2.997,0.00010,31.97,0.0011,0.00,0.00,0.00,2.498,0.250,1.998,0.00,0.00,0.0043
-93.75964847,42.02037955,20,TaskName 5/9/2025 (GreenStar 4 Monitor),Preview 2.1 SC & Metolachlor 8EC,34,5/9/2025,0.201,On,1092.6,90.00,-15.62,7.456,2.185,5.079,359.31,19.99,19.77,0,1,80.86,5/9/2025,Good,0.00,0.00,0.00,0.00,0.00,0.00,0.00,5.271,0.00019,2.636,9.296e-05,19.15,0.086,2.965,0.00010,31.63,0.0011,0.00,0.00,0.00,2.471,0.247,1.977,0.00,0.00,0.0045
-93.75964875,42.02038598,20,TaskName 5/9/2025 (GreenStar 4 Monitor),Preview 2.1 SC & Metolachlor 8EC,35,5/9/2025,0.199,On,1092.6,91.25,-15.00,7.603,2.228,4.795,359.52,19.99,19.74,0,1,84.42,5/9/2025,Good,0.00,0.00,0.00,0.00,0.00,0.00,0.00,5.263,0.00019,2.631,9.593e-05,19.12,0.089,2.960,0.00011,31.58,0.0012,0.00,0.00,0.00,2.467,0.247,1.974,0.00,0.00,0.0047
-93.75964885,42.02039227,20,TaskName 5/9/2025 (GreenStar 4 Monitor),Preview 2.1 SC & Metolachlor 8EC,36,5/9/2025,0.200,On,1092.5,93.75,-13.75,7.744,2.270,4.709,359.64,19.99,19.76,0,1,87.95,5/9/2025,Good,0.00,0.00,0.00,0.00,0.00,0.00,0.00,5.268,0.00020,2.634,0.00010,19.14,0.094,2.963,0.00011,31.61,0.0012,0.00,0.00,0.00,2.470,0.247,1.976,0.00,0.00,0.0049
-93.75964908,42.02039862,20,TaskName 5/9/2025 (GreenStar 4 Monitor),Preview 2.1 SC & Metolachlor 8EC,37,5/9/2025,0.200,On,1092.5,96.25,-12.50,7.807,2.290,4.663,359.91,19.99,19.67,0,1,91.08,5/9/2025,Good,0.00,0.00,0.00,0.00,0.00,0.00,0.00,5.246,0.00021,2.623,0.00010,19.05,0.096,2.951,0.00012,31.47,0.0012,0.00,0.00,0.00,2.459,0.246,1.967,0.00,0.00,0.0051
-93.75964939,42.02040502,20,TaskName 5/9/2025 (GreenStar 4 Monitor),Preview 2.1 SC & Metolachlor 8EC,38,5/9/2025,0.200,On,1092.5,100.00,-10.62,7.840,2.300,4.676,0.165,19.99,19.92,0,1,95.04,5/9/2025,Good,0.00,0.00,0.00,0.00,0.00,0.00,0.00,5.311,0.00022,2.656,0.00011,19.29,0.102,2.988,0.00012,31.87,0.0013,0.00,0.00,0.00,2.490,0.249,1.992,0.00,0.00,0.0053
-93.75964963,42.02041129,20,TaskName 5/9/2025 (GreenStar 4 Monitor),Preview 2.1 SC & Metolachlor 8EC,39,5/9/2025,0.200,On,1092.4,101.25,-10.000,7.874,2.310,4.762,0.313,19.99,19.90,0,1,96.64,5/9/2025,Good,0.00,0.00,0.00,0.00,0.00,0.00,0.00,5.305,0.00022,2.653,0.00011,19.27,0.103,2.984,0.00013,31.83,0.0013,0.00,0.00,0.00,2.487,0.249,1.990,0.00,0.00,0.0054
-93.75964967,42.02041752,20,TaskName 5/9/2025 (GreenStar 4 Monitor),Preview 2.1 SC & Metolachlor 8EC,40,5/9/2025,0.200,On,1092.4,103.75,-8.750,7.849,2.300,5.204,0.329,19.99,19.65,0,1,98.60,5/9/2025,Good,0.00,0.00,0.00,0.00,0.00,0.00,0.00,5.240,0.00022,2.620,0.00011,19.03,0.104,2.947,0.00013,31.44,0.0013,0.00,0.00,0.00,2.456,0.246,1.965,0.00,0.00,0.0055
-93.75964941,42.02042376,20,TaskName 5/9/2025 (GreenStar 4 Monitor),Preview 2.1 SC & Metolachlor 8EC,41,5/9/2025,0.200,On,1092.5,105.00,-8.125,7.809,2.290,5.851,0.110,19.99,19.78,0,1,99.36,5/9/2025,Good,0.00,0.00,0.00,0.00,0.00,0.00,0.00,5.274,0.00023,2.637,0.00011,19.16,0.106,2.967,0.00013,31.64,0.0014,0.00,0.00,0.00,2.472,0.247,1.978,0.00,0.00,0.0055
-93.75964914,42.02042991,20,TaskName 5/9/2025 (GreenStar 4 Monitor),Preview 2.1 SC & Metolachlor 8EC,42,5/9/2025,0.200,On,1092.5,107.50,-6.875,7.782,2.280,6.855,359.78,19.99,19.78,0,1,101.29,5/9/2025,Good,0.00,0.00,0.00,0.00,0.00,0.00,0.00,5.274,0.00023,2.637,0.00012,19.16,0.108,2.967,0.00013,31.64,0.0014,0.00,0.00,0.00,2.472,0.247,1.978,0.00,0.00,0.0056
-93.75964889,42.02043597,20,TaskName 5/9/2025 (GreenStar 4 Monitor),Preview 2.1 SC & Metolachlor 8EC,43,5/9/2025,0.195,On,1092.6,110.00,-5.625,7.740,2.211,7.331,359.54,19.99,19.90,0,1,103.09,5/9/2025,Good,0.00,0.00,0.00,0.00,0.00,0.00,0.00,5.305,0.00023,2.653,0.00012,19.27,0.108,2.984,0.00013,31.83,0.0014,0.00,0.00,0.00,2.487,0.249,1.990,0.00,0.00,0.0056
-93.75964898,42.02044232,20,TaskName 5/9/2025 (GreenStar 4 Monitor),Preview 2.1 SC & Metolachlor 8EC,44,5/9/2025,0.205,On,1092.6,112.50,-4.375,7.673,2.306,6.921,359.53,19.99,19.79,0,1,104.60,5/9/2025,Good,0.00,0.00,0.00,0.00,0.00,0.00,0.00,5.277,0.00025,2.638,0.00012,19.17,0.114,2.968,0.00014,31.66,0.0015,0.00,0.00,0.00,2.474,0.247,1.979,0.00,0.00,0.0060
-93.75964915,42.02044869,20,TaskName 5/9/2025 (GreenStar 4 Monitor),Preview 2.1 SC & Metolachlor 8EC,45,5/9/2025,0.195,On,1092.7,116.25,-2.500,7.682,2.195,6.651,359.62,19.99,19.91,0,1,108.14,5/9/2025,Good,0.00,0.00,0.00,0.00,0.00,0.00,0.00,5.308,0.00024,2.654,0.00012,19.28,0.113,2.986,0.00014,31.85,0.0015,0.00,0.00,0.00,2.488,0.249,1.991,0.00,0.00,0.0059
-93.75964895,42.02045505,20,TaskName 5/9/2025 (GreenStar 4 Monitor),Preview 2.1 SC & Metolachlor 8EC,46,5/9/2025,0.205,On,1092.8,117.50,-1.875,7.749,2.329,6.935,359.33,19.99,19.76,0,1,110.34,5/9/2025,Good,0.00,0.00,0.00,0.00,0.00,0.00,0.00,5.268,0.00026,2.634,0.00013,19.14,0.120,2.963,0.00015,31.61,0.0016,0.00,0.00,0.00,2.470,0.247,1.976,0.00,0.00,0.0063
-93.75964874,42.02046127,20,TaskName 5/9/2025 (GreenStar 4 Monitor),Preview 2.1 SC & Metolachlor 8EC,47,5/9/2025,0.200,On,1092.8,120.00,-0.625,7.807,2.290,7.542,359.00,19.99,19.84,0,1,113.55,5/9/2025,Good,0.00,0.00,0.00,0.00,0.00,0.00,0.00,5.291,0.00026,2.646,0.00013,19.22,0.121,2.976,0.00015,31.75,0.0016,0.00,0.00,0.00,2.480,0.248,1.984,0.00,0.00,0.0063
-93.75964913,42.02049249,20,TaskName 5/9/2025 (GreenStar 4 Monitor),Preview 2.1 SC & Metolachlor 8EC,48,5/9/2025,1.000,On,1093.1,121.25,0.00,7.746,11.35,7.428,359.29,19.99,19.90,0,1,113.78,5/9/2025,Good,0.00,0.00,0.00,0.00,0.00,0.00,0.00,5.306,0.0013,2.653,0.00066,19.27,0.609,2.985,0.00074,31.84,0.0079,0.00,0.00,0.00,2.487,0.249,1.990,0.00,0.00,0.032
-93.75964987,42.02052437,20,TaskName 5/9/2025 (GreenStar 4 Monitor),Preview 2.1 SC & Metolachlor 8EC,49,5/9/2025,0.995,On,1093.4,121.25,0.00,7.849,11.45,7.117,0.094,19.99,19.93,0,1,115.28,5/9/2025,Good,0.00,0.00,0.00,0.00,0.00,0.00,0.00,5.316,0.0013,2.658,0.00066,19.31,0.615,2.990,0.00074,31.89,0.0079,0.00,0.00,0.00,2.492,0.249,1.993,0.00,0.00,0.032
-93.75964977,42.02055641,20,TaskName 5/9/2025 (GreenStar 4 Monitor),Preview 2.1 SC & Metolachlor 8EC,50,5/9/2025,1.005,On,1093.7,121.25,0.00,7.955,11.72,6.828,359.83,19.99,19.93,0,1,116.82,5/9/2025,Good,0.00,0.00,0.00,0.00,0.00,0.00,0.00,5.314,0.0014,2.657,0.00068,19.30,0.630,2.989,0.00076,31.89,0.0081,0.00,0.00,0.00,2.491,0.249,1.993,0.00,0.00,0.033
-93.75964972,42.02058857,20,TaskName 5/9/2025 (GreenStar 4 Monitor),Preview 2.1 SC & Metolachlor 8EC,51,5/9/2025,1.000,On,1094.1,121.25,0.00,7.940,11.64,7.179,359.73,19.99,19.99,0,1,116.61,5/9/2025,Good,0.00,0.00,0.00,0.00,0.00,0.00,0.00,5.330,0.0013,2.665,0.00067,19.36,0.627,2.998,0.00076,31.98,0.0081,0.00,0.00,0.00,2.499,0.250,1.999,0.00,0.00,0.032
-93.75965014,42.02062076,20,TaskName 5/9/2025 (GreenStar 4 Monitor),Preview 2.1 SC & Metolachlor 8EC,52,5/9/2025,1.000,On,1094.5,121.25,0.00,7.971,11.69,7.365,0.031,19.99,19.94,0,1,117.10,5/9/2025,Good,0.00,0.00,0.00,0.00,0.00,0.00,0.00,5.317,0.0014,2.659,0.00068,19.32,0.628,2.991,0.00076,31.90,0.0081,0.00,0.00,0.00,2.493,0.249,1.994,0.00,0.00,0.033
-93.75965014,42.02065356,20,TaskName 5/9/2025 (GreenStar 4 Monitor),Preview 2.1 SC & Metolachlor 8EC,53,5/9/2025,1.000,On,1094.8,121.25,0.00,8.071,11.83,7.004,0.031,19.99,19.91,0,1,118.52,5/9/2025,Good,0.00,0.00,0.00,0.00,0.00,0.00,0.00,5.309,0.0014,2.654,0.00068,19.28,0.635,2.986,0.00077,31.85,0.0082,0.00,0.00,0.00,2.489,0.249,1.991,0.00,0.00,0.033
-93.75964990,42.02068617,20,TaskName 5/9/2025 (GreenStar 4 Monitor),Preview 2.1 SC & Metolachlor 8EC,54,5/9/2025,1.000,On,1095.1,121.25,0.00,8.117,11.90,6.923,359.80,19.99,19.98,0,1,119.24,5/9/2025,Good,0.00,0.00,0.00,0.00,0.00,0.00,0.00,5.328,0.0014,2.664,0.00069,19.35,0.641,2.997,0.00078,31.97,0.0083,0.00,0.00,0.00,2.498,0.250,1.998,0.00,0.00,0.033
-93.75965026,42.02071873,20,TaskName 5/9/2025 (GreenStar 4 Monitor),Preview 2.1 SC & Metolachlor 8EC,55,5/9/2025,0.995,On,1095.5,121.25,0.00,8.096,11.81,6.811,0.188,19.99,20.04,0,1,118.92,5/9/2025,Good,0.00,0.00,0.00,0.00,0.00,0.00,0.00,5.345,0.0014,2.672,0.00069,19.42,0.638,3.007,0.00077,32.07,0.0082,0.00,0.00,0.00,2.505,0.251,2.004,0.00,0.00,0.033
-93.75964999,42.02075129,20,TaskName 5/9/2025 (GreenStar 4 Monitor),Preview 2.1 SC & Metolachlor 8EC,56,5/9/2025,1.005,On,1095.9,121.25,0.00,8.077,11.90,7.084,0.055,19.99,20.00,0,1,118.65,5/9/2025,Good,0.00,0.00,0.00,0.00,0.00,0.00,0.00,5.333,0.0014,2.667,0.00069,19.37,0.642,3.000,0.00078,32.00,0.0083,0.00,0.00,0.00,2.500,0.250,2.000,0.00,0.00,0.033
-93.75964969,42.02078405,20,TaskName 5/9/2025 (GreenStar 4 Monitor),Preview 2.1 SC & Metolachlor 8EC,57,5/9/2025,0.995,On,1096.1,121.25,0.00,8.116,11.84,6.695,359.80,19.99,19.99,0,1,119.21,5/9/2025,Good,0.00,0.00,0.00,0.00,0.00,0.00,0.00,5.330,0.0014,2.665,0.00069,19.36,0.638,2.998,0.00077,31.98,0.0082,0.00,0.00,0.00,2.498,0.250,1.999,0.00,0.00,0.033
-93.75964980,42.02081717,20,TaskName 5/9/2025 (GreenStar 4 Monitor),Preview 2.1 SC & Metolachlor 8EC,58,5/9/2025,1.005,On,1096.2,121.25,0.00,8.153,12.01,6.312,359.94,19.99,19.91,0,1,119.76,5/9/2025,Good,0.00,0.00,0.00,0.00,0.00,0.00,0.00,5.311,0.0014,2.655,0.00069,19.29,0.645,2.987,0.00078,31.86,0.0083,0.00,0.00,0.00,2.489,0.249,1.991,0.00,0.00,0.033
-93.75964984,42.02085031,20,TaskName 5/9/2025 (GreenStar 4 Monitor),Preview 2.1 SC & Metolachlor 8EC,59,5/9/2025,1.000,On,1096.4,121.25,0.00,8.228,12.06,6.010,360.00,19.99,19.88,0,1,120.85,5/9/2025,Good,0.00,0.00,0.00,0.00,0.00,0.00,0.00,5.300,0.0014,2.650,0.00070,19.25,0.646,2.981,0.00078,31.80,0.0083,0.00,0.00,0.00,2.485,0.248,1.988,0.00,0.00,0.034
-93.75964975,42.02088340,20,TaskName 5/9/2025 (GreenStar 4 Monitor),Preview 2.1 SC & Metolachlor 8EC,60,5/9/2025,1.000,On,1096.4,121.25,0.00,8.212,12.04,6.158,359.95,19.99,19.96,0,1,120.62,5/9/2025,Good,0.00,0.00,0.00,0.00,0.00,0.00,0.00,5.323,0.0014,2.661,0.00070,19.33,0.648,2.994,0.00078,31.94,0.0084,0.00,0.00,0.00,2.495,0.250,1.996,0.00,0.00,0.034
-93.75964984,42.02091656,20,TaskName 5/9/2025 (GreenStar 4 Monitor),Preview 2.1 SC & Metolachlor 8EC,61,5/9/2025,1.000,On,1096.4,121.25,0.00,8.231,12.07,5.701,359.98,19.99,19.99,0,1,120.92,5/9/2025,Good,0.00,0.00,0.00,0.00,0.00,0.00,0.00,5.329,0.0014,2.665,0.00070,19.36,0.650,2.998,0.00079,31.98,0.0084,0.00,0.00,0.00,2.498,0.250,1.999,0.00,0.00,0.034
-93.75964968,42.02094945,20,TaskName 5/9/2025 (GreenStar 4 Monitor),Preview 2.1 SC & Metolachlor 8EC,62,5/9/2025,0.995,On,1096.5,121.25,0.00,8.177,11.93,5.992,359.80,19.99,20.05,0,1,120.10,5/9/2025,Good,0.00,0.00,0.00,0.00,0.00,0.00,0.00,5.348,0.0014,2.674,0.00069,19.43,0.645,3.008,0.00078,32.09,0.0083,0.00,0.00,0.00,2.507,0.251,2.005,0.00,0.00,0.033
-93.75964984,42.02098228,20,TaskName 5/9/2025 (GreenStar 4 Monitor),Preview 2.1 SC & Metolachlor 8EC,63,5/9/2025,1.005,On,1096.6,121.25,0.00,8.177,12.05,5.850,359.95,19.99,20.02,0,1,120.17,5/9/2025,Good,0.00,0.00,0.00,0.00,0.00,0.00,0.00,5.338,0.0014,2.669,0.00070,19.39,0.650,3.003,0.00079,32.03,0.0084,0.00,0.00,0.00,2.502,0.250,2.002,0.00,0.00,0.034
-93.75964984,42.02101501,20,TaskName 5/9/2025 (GreenStar 4 Monitor),Preview 2.1 SC & Metolachlor 8EC,64,5/9/2025,0.995,On,1096.7,121.25,0.00,8.124,11.86,6.141,0.063,19.99,20.04,0,1,119.41,5/9/2025,Good,0.00,0.00,0.00,0.00,0.00,0.00,0.00,5.344,0.0014,2.672,0.00069,19.41,0.641,3.006,0.00078,32.06,0.0083,0.00,0.00,0.00,2.505,0.250,2.004,0.00,0.00,0.033
-93.75964965,42.02104750,20,TaskName 5/9/2025 (GreenStar 4 Monitor),Preview 2.1 SC & Metolachlor 8EC,65,5/9/2025,1.005,On,1096.8,121.25,0.00,8.093,11.93,6.498,0.063,19.99,19.97,0,1,118.94,5/9/2025,Good,0.00,0.00,0.00,0.00,0.00,0.00,0.00,5.325,0.0014,2.662,0.00069,19.34,0.642,2.995,0.00078,31.95,0.0083,0.00,0.00,0.00,2.496,0.250,1.997,0.00,0.00,0.033
-93.75964961,42.02108019,20,TaskName 5/9/2025 (GreenStar 4 Monitor),Preview 2.1 SC & Metolachlor 8EC,66,5/9/2025,1.000,On,1096.9,121.25,0.00,8.099,11.88,6.294,359.90,19.99,19.95,0,1,119.01,5/9/2025,Good,0.00,0.00,0.00,0.00,0.00,0.00,0.00,5.319,0.0014,2.660,0.00069,19.32,0.639,2.992,0.00077,31.92,0.0082,0.00,0.00,0.00,2.493,0.249,1.995,0.00,0.00,0.033
-93.75964925,42.02111275,20,TaskName 5/9/2025 (GreenStar 4 Monitor),Preview 2.1 SC & Metolachlor 8EC,67,5/9/2025,1.000,On,1097.1,121.25,0.00,8.090,11.86,6.471,359.51,19.99,19.98,0,1,118.88,5/9/2025,Good,0.00,0.00,0.00,0.00,0.00,0.00,0.00,5.327,0.0014,2.663,0.00069,19.35,0.639,2.996,0.00077,31.96,0.0082,0.00,0.00,0.00,2.497,0.250,1.998,0.00,0.00,0.033
-93.75964920,42.02114549,20,TaskName 5/9/2025 (GreenStar 4 Monitor),Preview 2.1 SC & Metolachlor 8EC,68,5/9/2025,1.000,On,1097.2,121.25,0.00,8.102,11.88,6.065,359.53,19.99,19.95,0,1,119.08,5/9/2025,Good,0.00,0.00,0.00,0.00,0.00,0.00,0.00,5.320,0.0014,2.660,0.00069,19.33,0.639,2.993,0.00077,31.92,0.0082,0.00,0.00,0.00,2.494,0.249,1.995,0.00,0.00,0.033
-93.75964957,42.02117831,20,TaskName 5/9/2025 (GreenStar 4 Monitor),Preview 2.1 SC & Metolachlor 8EC,69,5/9/2025,1.000,On,1097.2,121.25,0.00,8.133,11.93,5.918,359.92,19.99,19.97,0,1,119.54,5/9/2025,Good,0.00,0.00,0.00,0.00,0.00,0.00,0.00,5.325,0.0014,2.663,0.00069,19.34,0.642,2.996,0.00078,31.95,0.0083,0.00,0.00,0.00,2.496,0.250,1.997,0.00,0.00,0.033
-93.75964943,42.02121110,20,TaskName 5/9/2025 (GreenStar 4 Monitor),Preview 2.1 SC & Metolachlor 8EC,70,5/9/2025,1.000,On,1097.3,121.25,0.00,8.140,11.94,6.002,359.79,19.99,19.96,0,1,119.64,5/9/2025,Good,0.00,0.00,0.00,0.00,0.00,0.00,0.00,5.323,0.0014,2.661,0.00069,19.33,0.643,2.994,0.00078,31.94,0.0083,0.00,0.00,0.00,2.495,0.250,1.996,0.00,0.00,0.033
-93.75964959,42.02124380,20,TaskName 5/9/2025 (GreenStar 4 Monitor),Preview 2.1 SC & Metolachlor 8EC,71,5/9/2025,1.000,On,1097.5,121.25,0.00,8.127,11.92,5.813,359.85,19.99,19.99,0,1,119.44,5/9/2025,Good,0.00,0.00,0.00,0.00,0.00,0.00,0.00,5.331,0.0014,2.665,0.00069,19.36,0.642,2.998,0.00078,31.98,0.0083,0.00,0.00,0.00,2.499,0.250,1.999,0.00,0.00,0.033
-93.75964971,42.02127652,20,TaskName 5/9/2025 (GreenStar 4 Monitor),Preview 2.1 SC & Metolachlor 8EC,72,5/9/2025,0.995,On,1097.7,121.25,0.00,8.108,11.83,5.694,359.98,19.99,20.06,0,1,119.18,5/9/2025,Good,0.00,0.00,0.00,0.00,0.00,0.00,0.00,5.349,0.0014,2.674,0.00069,19.43,0.640,3.009,0.00077,32.09,0.0083,0.00,0.00,0.00,2.507,0.251,2.006,0.00,0.00,0.033
-93.75964961,42.02130938,20,TaskName 5/9/2025 (GreenStar 4 Monitor),Preview 2.1 SC & Metolachlor 8EC,73,5/9/2025,1.005,On,1097.9,121.25,0.00,8.117,11.97,5.770,359.84,19.99,20.02,0,1,119.30,5/9/2025,Good,0.00,0.00,0.00,0.00,0.00,0.00,0.00,5.339,0.0014,2.670,0.00069,19.39,0.646,3.003,0.00078,32.04,0.0083,0.00,0.00,0.00,2.503,0.250,2.002,0.00,0.00,0.033
-93.75964946,42.02134214,20,TaskName 5/9/2025 (GreenStar 4 Monitor),Preview 2.1 SC & Metolachlor 8EC,74,5/9/2025,1.000,On,1098.0,121.25,0.00,8.162,11.97,5.467,359.73,19.99,19.92,0,1,119.93,5/9/2025,Good,0.00,0.00,0.00,0.00,0.00,0.00,0.00,5.313,0.0014,2.656,0.00069,19.30,0.643,2.989,0.00078,31.88,0.0083,0.00,0.00,0.00,2.490,0.249,1.992,0.00,0.00,0.033
-93.75964933,42.02137473,20,TaskName 5/9/2025 (GreenStar 4 Monitor),Preview 2.1 SC & Metolachlor 8EC,75,5/9/2025,1.000,On,1097.9,121.25,0.00,8.106,11.89,6.072,359.78,19.99,19.81,0,1,119.11,5/9/2025,Good,0.00,0.00,0.00,0.00,0.00,0.00,0.00,5.284,0.0014,2.642,0.00068,19.19,0.635,2.972,0.00077,31.70,0.0082,0.00,0.00,0.00,2.477,0.248,1.981,0.00,0.00,0.033
-93.75964945,42.02140785,20,TaskName 5/9/2025 (GreenStar 4 Monitor),Preview 2.1 SC & Metolachlor 8EC,76,5/9/2025,0.995,On,1097.8,121.25,0.00,8.155,11.90,5.427,359.91,19.99,19.80,0,1,119.81,5/9/2025,Good,0.00,0.00,0.00,0.00,0.00,0.00,0.00,5.281,0.0014,2.640,0.00068,19.18,0.635,2.970,0.00077,31.68,0.0082,0.00,0.00,0.00,2.475,0.248,1.980,0.00,0.00,0.033
-93.75964940,42.02144093,20,TaskName 5/9/2025 (GreenStar 4 Monitor),Preview 2.1 SC & Metolachlor 8EC,77,5/9/2025,1.005,On,1097.5,121.25,0.00,8.243,12.15,4.869,359.82,19.99,19.88,0,1,121.17,5/9/2025,Good,0.00,0.00,0.00,0.00,0.00,0.00,0.00,5.301,0.0014,2.651,0.00070,19.26,0.651,2.982,0.00079,31.81,0.0084,0.00,0.00,0.00,2.485,0.249,1.988,0.00,0.00,0.034
-93.75964929,42.02147439,20,TaskName 5/9/2025 (GreenStar 4 Monitor),Preview 2.1 SC & Metolachlor 8EC,78,5/9/2025,1.000,On,1097.2,121.25,0.00,8.244,12.09,4.627,359.77,19.99,19.90,0,1,121.15,5/9/2025,Good,0.00,0.00,0.00,0.00,0.00,0.00,0.00,5.307,0.0014,2.654,0.00070,19.28,0.649,2.985,0.00078,31.84,0.0084,0.00,0.00,0.00,2.488,0.249,1.990,0.00,0.00,0.034
-93.75964952,42.02150765,20,TaskName 5/9/2025 (GreenStar 4 Monitor),Preview 2.1 SC & Metolachlor 8EC,79,5/9/2025,0.995,On,1097.0,121.25,0.00,8.266,12.07,4.304,359.94,19.99,20.06,0,1,121.53,5/9/2025,Good,0.00,0.00,0.00,0.00,0.00,0.00,0.00,5.350,0.0014,2.675,0.00070,19.43,0.653,3.009,0.00079,32.10,0.0084,0.00,0.00,0.00,2.508,0.251,2.006,0.00,0.00,0.034
-93.75964938,42.02154074,20,TaskName 5/9/2025 (GreenStar 4 Monitor),Preview 2.1 SC & Metolachlor 8EC,80,5/9/2025,1.005,On,1096.8,121.25,0.00,8.242,12.15,5.022,359.90,19.99,19.92,0,1,121.10,5/9/2025,Good,0.00,0.00,0.00,0.00,0.00,0.00,0.00,5.313,0.0014,2.656,0.00070,19.30,0.652,2.988,0.00079,31.88,0.0084,0.00,0.00,0.00,2.490,0.249,1.992,0.00,0.00,0.034
-93.75964921,42.02157373,20,TaskName 5/9/2025 (GreenStar 4 Monitor),Preview 2.1 SC & Metolachlor 8EC,81,5/9/2025,0.995,On,1096.6,121.25,0.00,8.195,11.96,5.198,359.65,19.99,19.97,0,1,120.40,5/9/2025,Good,0.00,0.00,0.00,0.00,0.00,0.00,0.00,5.326,0.0014,2.663,0.00069,19.35,0.644,2.996,0.00078,31.95,0.0083,0.00,0.00,0.00,2.496,0.250,1.997,0.00,0.00,0.033
-93.75964937,42.02160642,20,TaskName 5/9/2025 (GreenStar 4 Monitor),Preview 2.1 SC & Metolachlor 8EC,82,5/9/2025,1.000,On,1096.4,121.25,0.00,8.161,11.97,5.269,359.67,19.99,19.97,0,1,119.96,5/9/2025,Good,0.00,0.00,0.00,0.00,0.00,0.00,0.00,5.324,0.0014,2.662,0.00069,19.34,0.644,2.995,0.00078,31.94,0.0083,0.00,0.00,0.00,2.496,0.250,1.997,0.00,0.00,0.033
-93.75964939,42.02163875,20,TaskName 5/9/2025 (GreenStar 4 Monitor),Preview 2.1 SC & Metolachlor 8EC,83,5/9/2025,0.995,On,1096.3,121.25,0.00,8.072,11.77,4.935,359.77,19.99,20.01,0,1,118.59,5/9/2025,Good,0.00,0.00,0.00,0.00,0.00,0.00,0.00,5.336,0.0014,2.668,0.00068,19.38,0.635,3.002,0.00077,32.02,0.0082,0.00,0.00,0.00,2.501,0.250,2.001,0.00,0.00,0.033
-93.75964936,42.02166982,20,TaskName 5/9/2025 (GreenStar 4 Monitor),Preview 2.1 SC & Metolachlor 8EC,84,5/9/2025,1.005,On,1096.2,121.25,0.00,7.862,11.59,4.600,359.79,19.99,20.11,0,1,115.54,5/9/2025,Good,0.00,0.00,0.00,0.00,0.00,0.00,0.00,5.363,0.0014,2.682,0.00068,19.48,0.628,3.017,0.00076,32.18,0.0081,0.00,0.00,0.00,2.514,0.251,2.011,0.00,0.00,0.032
-93.75964943,42.02170123,20,TaskName 5/9/2025 (GreenStar 4 Monitor),Preview 2.1 SC & Metolachlor 8EC,85,5/9/2025,1.005,On,1096.1,121.25,0.00,7.727,11.38,5.572,359.92,19.99,20.03,0,1,113.51,5/9/2025,Good,0.00,0.00,0.00,0.00,0.00,0.00,0.00,5.340,0.0013,2.670,0.00066,19.40,0.615,3.004,0.00074,32.04,0.0079,0.00,0.00,0.00,2.503,0.250,2.003,0.00,0.00,0.032
-93.75964936,42.02173248,20,TaskName 5/9/2025 (GreenStar 4 Monitor),Preview 2.1 SC & Metolachlor 8EC,86,5/9/2025,0.995,On,1095.9,121.25,0.00,7.823,11.42,4.412,359.87,19.99,19.91,0,1,114.98,5/9/2025,Good,0.00,0.00,0.00,0.00,0.00,0.00,0.00,5.309,0.0013,2.654,0.00066,19.28,0.613,2.986,0.00074,31.85,0.0079,0.00,0.00,0.00,2.488,0.249,1.991,0.00,0.00,0.032
-93.75964932,42.02176336,20,TaskName 5/9/2025 (GreenStar 4 Monitor),Preview 2.1 SC & Metolachlor 8EC,87,5/9/2025,1.000,On,1095.8,121.25,0.00,7.711,11.31,4.866,359.76,19.99,19.94,0,1,113.32,5/9/2025,Good,0.00,0.00,0.00,0.00,0.00,0.00,0.00,5.317,0.0013,2.659,0.00065,19.32,0.608,2.991,0.00074,31.90,0.0078,0.00,0.00,0.00,2.493,0.249,1.994,0.00,0.00,0.031
-93.75964934,42.02179341,20,TaskName 5/9/2025 (GreenStar 4 Monitor),Preview 2.1 SC & Metolachlor 8EC,88,5/9/2025,1.000,On,1095.4,121.25,0.00,7.600,11.15,3.738,359.69,19.99,19.97,0,1,111.68,5/9/2025,Good,0.00,0.00,0.00,0.00,0.00,0.00,0.00,5.325,0.0013,2.663,0.00065,19.34,0.600,2.995,0.00073,31.95,0.0077,0.00,0.00,0.00,2.496,0.250,1.997,0.00,0.00,0.031
-93.75964913,42.02181721,20,TaskName 5/9/2025 (GreenStar 4 Monitor),Preview 2.1 SC & Metolachlor 8EC,89,5/9/2025,0.800,On,1095.3,121.25,0.00,7.386,8.663,3.766,359.61,19.99,20.06,0,1,108.52,5/9/2025,Good,0.00,0.00,0.00,0.00,0.00,0.00,0.00,5.350,0.0010,2.675,0.00050,19.44,0.469,3.010,0.00057,32.10,0.0060,0.00,0.00,0.00,2.508,0.251,2.006,0.00,0.00,0.024
-93.75964918,42.02182355,20,TaskName 5/9/2025 (GreenStar 4 Monitor),Preview 2.1 SC & Metolachlor 8EC,90,5/9/2025,0.200,On,1095.2,110.00,5.625,7.371,2.163,2.912,359.68,19.99,19.93,0,1,98.34,5/9/2025,Good,0.00,0.00,0.00,0.00,0.00,0.00,0.00,5.314,0.00023,2.657,0.00011,19.30,0.105,2.989,0.00013,31.88,0.0014,0.00,0.00,0.00,2.491,0.249,1.993,0.00,0.00,0.0055
-93.75964939,42.02182984,20,TaskName 5/9/2025 (GreenStar 4 Monitor),Preview 2.1 SC & Metolachlor 8EC,91,5/9/2025,0.200,On,1095.3,36.25,42.50,7.503,2.203,2.444,359.82,19.99,19.93,0,1,33.00,5/9/2025,Good,0.00,0.00,0.00,0.00,0.00,0.00,0.00,5.314,7.610e-05,2.657,3.805e-05,19.30,0.035,2.989,4.281e-05,31.88,0.00046,0.00,0.00,0.00,2.491,0.249,1.993,0.00,0.00,0.0018
-93.75919133,42.02185445,20,TaskName 5/9/2025 (GreenStar 4 Monitor),Preview 2.1 SC & Metolachlor 8EC,92,5/9/2025,0.200,On,1095.3,21.25,-50.00,5.601,1.642,3.302,184.38,19.99,19.82,0,2,14.42,5/9/2025,Good,0.00,0.00,0.00,0.00,0.00,0.00,0.00,5.285,3.308e-05,2.643,1.654e-05,19.20,0.015,2.973,1.861e-05,31.71,0.00020,0.00,0.00,0.00,2.478,0.248,1.982,0.00,0.00,0.00080
-93.75919144,42.02184978,20,TaskName 5/9/2025 (GreenStar 4 Monitor),Preview 2.1 SC & Metolachlor 8EC,93,5/9/2025,0.195,On,1095.3,37.50,-41.87,5.626,1.609,3.230,185.00,19.99,20.71,0,2,25.57,5/9/2025,Good,0.00,0.00,0.00,0.00,0.00,0.00,0.00,5.522,5.976e-05,2.761,2.988e-05,20.06,0.028,3.106,3.362e-05,33.13,0.00036,0.00,0.00,0.00,2.588,0.259,2.071,0.00,0.00,0.0014
-93.75919183,42.02184529,20,TaskName 5/9/2025 (GreenStar 4 Monitor),Preview 2.1 SC & Metolachlor 8EC,94,5/9/2025,0.205,On,1095.3,56.25,-32.50,5.668,1.704,3.672,185.53,19.99,20.16,0,2,38.65,5/9/2025,Good,0.00,0.00,0.00,0.00,0.00,0.00,0.00,5.377,9.245e-05,2.688,4.622e-05,19.53,0.043,3.024,5.200e-05,32.26,0.00055,0.00,0.00,0.00,2.520,0.252,2.016,0.00,0.00,0.0022
-93.75919233,42.02184088,20,TaskName 5/9/2025 (GreenStar 4 Monitor),Preview 2.1 SC & Metolachlor 8EC,95,5/9/2025,0.195,On,1095.3,67.50,-26.87,5.668,1.622,4.854,185.97,19.99,20.32,0,2,46.41,5/9/2025,Good,0.00,0.00,0.00,0.00,0.00,0.00,0.00,5.419,0.00011,2.710,5.322e-05,19.69,0.049,3.048,5.987e-05,32.52,0.00064,0.00,0.00,0.00,2.540,0.254,2.032,0.00,0.00,0.0025
-93.75919278,42.02183652,20,TaskName 5/9/2025 (GreenStar 4 Monitor),Preview 2.1 SC & Metolachlor 8EC,96,5/9/2025,0.205,On,1095.3,77.50,-21.87,5.630,1.691,5.006,186.31,19.99,20.18,0,2,52.84,5/9/2025,Good,0.00,0.00,0.00,0.00,0.00,0.00,0.00,5.382,0.00013,2.691,6.326e-05,19.55,0.059,3.028,7.117e-05,32.29,0.00076,0.00,0.00,0.00,2.523,0.252,2.018,0.00,0.00,0.0030
-93.75919357,42.02183203,20,TaskName 5/9/2025 (GreenStar 4 Monitor),Preview 2.1 SC & Metolachlor 8EC,97,5/9/2025,0.195,On,1095.4,87.50,-16.87,5.570,1.593,5.475,186.51,19.99,19.93,0,2,59.07,5/9/2025,Good,0.00,0.00,0.00,0.00,0.00,0.00,0.00,5.314,0.00013,2.657,6.641e-05,19.30,0.062,2.989,7.471e-05,31.88,0.00080,0.00,0.00,0.00,2.491,0.249,1.993,0.00,0.00,0.0032
-93.75919418,42.02182752,20,TaskName 5/9/2025 (GreenStar 4 Monitor),Preview 2.1 SC & Metolachlor 8EC,98,5/9/2025,0.205,On,1095.4,96.25,-12.50,5.568,1.675,6.228,186.79,19.99,20.13,0,2,64.99,5/9/2025,Good,0.00,0.00,0.00,0.00,0.00,0.00,0.00,5.368,0.00016,2.684,7.760e-05,19.50,0.072,3.020,8.730e-05,32.21,0.00093,0.00,0.00,0.00,2.516,0.252,2.013,0.00,0.00,0.0037
-93.75919475,42.02182288,20,TaskName 5/9/2025 (GreenStar 4 Monitor),Preview 2.1 SC & Metolachlor 8EC,99,5/9/2025,0.200,On,1095.4,106.25,-7.500,5.570,1.635,6.809,187.00,19.99,20.16,0,2,71.80,5/9/2025,Good,0.00,0.00,0.00,0.00,0.00,0.00,0.00,5.377,0.00017,2.688,8.378e-05,19.53,0.078,3.024,9.425e-05,32.26,0.0010,0.00,0.00,0.00,2.520,0.252,2.016,0.00,0.00,0.0040
-93.75919558,42.02181826,20,TaskName 5/9/2025 (GreenStar 4 Monitor),Preview 2.1 SC & Metolachlor 8EC,100,5/9/2025,0.200,On,1095.5,120.00,-0.625,5.621,1.649,7.100,187.01,19.99,20.06,0,2,81.74,5/9/2025,Good,0.00,0.00,0.00,0.00,0.00,0.00,0.00,5.348,0.00019,2.674,9.488e-05,19.43,0.088,3.008,0.00011,32.09,0.0011,0.00,0.00,0.00,2.507,0.251,2.006,0.00,0.00,0.0045
-93.75920086,42.02179183,20,TaskName 5/9/2025 (GreenStar 4 Monitor),Preview 2.1 SC & Metolachlor 8EC,101,5/9/2025,0.995,On,1095.5,121.25,0.00,5.999,8.738,8.734,185.10,19.99,20.14,0,2,88.00,5/9/2025,Good,0.00,0.00,0.00,0.00,0.00,0.00,0.00,5.371,0.0010,2.686,0.00051,19.51,0.475,3.021,0.00057,32.23,0.0061,0.00,0.00,0.00,2.518,0.252,2.014,0.00,0.00,0.024
-93.75920633,42.02176008,20,TaskName 5/9/2025 (GreenStar 4 Monitor),Preview 2.1 SC & Metolachlor 8EC,102,5/9/2025,1.005,On,1095.3,121.25,0.00,7.357,10.81,6.126,181.62,19.99,19.88,0,2,107.83,5/9/2025,Good,0.00,0.00,0.00,0.00,0.00,0.00,0.00,5.302,0.0012,2.651,0.00062,19.26,0.580,2.982,0.00070,31.81,0.0075,0.00,0.00,0.00,2.485,0.249,1.988,0.00,0.00,0.030
-93.75920890,42.02172752,20,TaskName 5/9/2025 (GreenStar 4 Monitor),Preview 2.1 SC & Metolachlor 8EC,103,5/9/2025,0.995,On,1095.2,120.00,-0.625,8.029,11.72,6.076,179.87,19.99,15.42,0,2,116.82,5/9/2025,Under Target,0.00,0.00,0.00,0.00,0.00,0.00,0.00,4.113,0.0010,2.056,0.00052,14.94,0.482,2.313,0.00058,24.68,0.0062,0.00,0.00,0.00,1.928,0.193,1.542,0.00,0.00,0.032
-93.75920897,42.02169350,20,TaskName 5/9/2025 (GreenStar 4 Monitor),Preview 2.1 SC & Metolachlor 8EC,104,5/9/2025,1.000,On,1095.1,120.00,-0.625,8.219,12.05,6.494,180.10,19.99,10.77,0,2,119.55,5/9/2025,Under Target,0.00,0.00,0.00,0.00,0.00,0.00,0.00,2.871,0.00074,1.436,0.00037,10.43,0.346,1.615,0.00042,17.23,0.0045,0.00,0.00,0.00,1.346,0.135,1.077,0.00,0.00,0.033
-93.75920959,42.02165971,20,TaskName 5/9/2025 (GreenStar 4 Monitor),Preview 2.1 SC & Metolachlor 8EC,105,5/9/2025,1.000,On,1095.0,120.00,-0.625,8.434,12.38,5.339,179.68,19.99,16.54,0,2,122.73,5/9/2025,Under Target,0.00,0.00,0.00,0.00,0.00,0.00,0.00,4.412,0.0012,2.206,0.00059,16.03,0.546,2.482,0.00066,26.47,0.0071,0.00,0.00,0.00,2.068,0.207,1.654,0.00,0.00,0.034
-93.75921020,42.02162915,20,TaskName 5/9/2025 (GreenStar 4 Monitor),Preview 2.1 SC & Metolachlor 8EC,106,5/9/2025,1.005,On,1095.0,120.00,-0.625,8.022,11.82,5.564,179.09,19.99,12.90,0,2,116.62,5/9/2025,Under Target,0.00,0.00,0.00,0.00,0.00,0.00,0.00,3.440,0.00087,1.720,0.00044,12.50,0.407,1.935,0.00049,20.64,0.0052,0.00,0.00,0.00,1.613,0.161,1.290,0.00,0.00,0.033
-93.75920965,42.02159827,20,TaskName 5/9/2025 (GreenStar 4 Monitor),Preview 2.1 SC & Metolachlor 8EC,107,5/9/2025,1.000,On,1095.0,120.00,-0.625,7.563,11.10,6.689,179.26,19.99,17.30,0,2,110.04,5/9/2025,Good,0.00,0.00,0.00,0.00,0.00,0.00,0.00,4.612,0.0011,2.306,0.00055,16.75,0.512,2.594,0.00062,27.67,0.0066,0.00,0.00,0.00,2.162,0.216,1.730,0.00,0.00,0.031
-93.75833486,42.02097441,20,TaskName 6/2/2025 (GreenStar 4 Monitor),Surpass/agsaver/callisto/atrazine,1,6/2/2025,0.201,On,1088.7,12.50,-54.37,2.165,0.634,4.392,1.647,19.99,24.90,0,1,3.258,6/2/2025,Over Target,0.00,0.00,0.00,0.00,0.00,0.00,0.00,6.640,9.437e-06,3.320,4.718e-06,24.12,0.0044,3.735,5.308e-06,39.84,5.662e-05,0.00,0.00,0.00,3.112,0.311,2.490,0.00,0.00,0.00018
-93.75833474,42.02097671,20,TaskName 6/2/2025 (GreenStar 4 Monitor),Surpass/agsaver/callisto/atrazine,2,6/2/2025,0.199,On,1088.7,16.25,-52.50,2.521,0.739,4.114,1.506,19.99,21.09,0,1,4.987,6/2/2025,Good,0.00,0.00,0.00,0.00,0.00,0.00,0.00,5.625,1.211e-05,2.812,6.057e-06,20.43,0.0056,3.164,6.814e-06,33.75,7.268e-05,0.00,0.00,0.00,2.637,0.264,2.109,0.00,0.00,0.00028
-93.75833436,42.02097920,20,TaskName 6/2/2025 (GreenStar 4 Monitor),Surpass/agsaver/callisto/atrazine,3,6/2/2025,0.200,On,1088.7,17.50,-51.87,1.863,0.545,4.167,1.153,19.99,21.97,0,1,3.944,6/2/2025,Good,0.00,0.00,0.00,0.00,0.00,0.00,0.00,5.859,1.003e-05,2.929,5.014e-06,21.28,0.0047,3.295,5.641e-06,35.15,6.017e-05,0.00,0.00,0.00,2.746,0.275,2.197,0.00,0.00,0.00022
-93.75833396,42.02098180,20,TaskName 6/2/2025 (GreenStar 4 Monitor),Surpass/agsaver/callisto/atrazine,4,6/2/2025,0.195,On,1088.7,20.00,-50.62,2.036,0.581,4.630,0.816,19.99,32.53,0,1,4.929,6/2/2025,Over Target,0.00,0.00,0.00,0.00,0.00,0.00,0.00,8.675,1.809e-05,4.338,9.047e-06,31.51,0.0084,4.880,1.018e-05,52.05,0.00011,0.00,0.00,0.00,4.066,0.407,3.253,0.00,0.00,0.00027
-93.75833328,42.02098762,20,TaskName 6/2/2025 (GreenStar 4 Monitor),Surpass/agsaver/callisto/atrazine,5,6/2/2025,0.400,On,1088.7,21.25,-50.00,2.599,1.524,5.720,0.266,19.99,23.12,0,1,6.690,6/2/2025,Over Target,0.00,0.00,0.00,0.00,0.00,0.00,0.00,6.166,3.581e-05,3.083,1.791e-05,22.40,0.017,3.468,2.014e-05,37.00,0.00021,0.00,0.00,0.00,2.890,0.289,2.312,0.00,0.00,0.00074
-93.75833312,42.02099104,20,TaskName 6/2/2025 (GreenStar 4 Monitor),Surpass/agsaver/callisto/atrazine,6,6/2/2025,0.206,On,1088.7,23.75,-48.75,3.107,0.939,7.760,0.133,19.99,21.45,0,1,8.948,6/2/2025,Good,0.00,0.00,0.00,0.00,0.00,0.00,0.00,5.719,2.288e-05,2.859,1.144e-05,20.77,0.011,3.217,1.287e-05,34.31,0.00014,0.00,0.00,0.00,2.681,0.268,2.145,0.00,0.00,0.00051
-93.75833318,42.02099466,20,TaskName 6/2/2025 (GreenStar 4 Monitor),Surpass/agsaver/callisto/atrazine,7,6/2/2025,0.194,On,1088.7,25.00,-48.12,3.268,0.929,9.669,0.031,19.99,20.89,0,1,9.897,6/2/2025,Good,0.00,0.00,0.00,0.00,0.00,0.00,0.00,5.571,2.321e-05,2.785,1.160e-05,20.24,0.011,3.133,1.306e-05,33.42,0.00014,0.00,0.00,0.00,2.611,0.261,2.089,0.00,0.00,0.00053
-93.75833308,42.02099879,20,TaskName 6/2/2025 (GreenStar 4 Monitor),Surpass/agsaver/callisto/atrazine,8,6/2/2025,0.201,On,1088.7,27.50,-46.87,3.774,1.113,11.00,359.71,19.99,20.89,0,1,12.58,6/2/2025,Good,0.00,0.00,0.00,0.00,0.00,0.00,0.00,5.571,3.058e-05,2.785,1.529e-05,20.24,0.014,3.133,1.720e-05,33.42,0.00018,0.00,0.00,0.00,2.611,0.261,2.089,0.00,0.00,0.00070
-93.75833272,42.02100338,20,TaskName 6/2/2025 (GreenStar 4 Monitor),Surpass/agsaver/callisto/atrazine,9,6/2/2025,0.205,On,1088.6,31.25,-45.00,4.196,1.254,9.854,359.46,19.99,20.80,0,1,15.80,6/2/2025,Good,0.00,0.00,0.00,0.00,0.00,0.00,0.00,5.548,3.899e-05,2.774,1.950e-05,20.15,0.018,3.121,2.193e-05,33.29,0.00023,0.00,0.00,0.00,2.601,0.260,2.080,0.00,0.00,0.00090
-93.75833270,42.02100814,20,TaskName 6/2/2025 (GreenStar 4 Monitor),Surpass/agsaver/callisto/atrazine,10,6/2/2025,0.200,On,1088.4,36.25,-42.50,4.438,1.307,6.756,359.33,19.99,20.73,0,1,19.57,6/2/2025,Good,0.00,0.00,0.00,0.00,0.00,0.00,0.00,5.528,4.696e-05,2.764,2.348e-05,20.08,0.022,3.109,2.641e-05,33.17,0.00028,0.00,0.00,0.00,2.591,0.259,2.073,0.00,0.00,0.0011
-93.75833285,42.02101316,20,TaskName 6/2/2025 (GreenStar 4 Monitor),Surpass/agsaver/callisto/atrazine,11,6/2/2025,0.200,On,1088.3,38.75,-41.25,5.161,1.513,4.663,359.40,19.99,20.31,0,1,24.23,6/2/2025,Good,0.00,0.00,0.00,0.00,0.00,0.00,0.00,5.417,5.697e-05,2.708,2.848e-05,19.68,0.026,3.047,3.204e-05,32.50,0.00034,0.00,0.00,0.00,2.539,0.254,2.031,0.00,0.00,0.0013
-93.75833290,42.02101819,20,TaskName 6/2/2025 (GreenStar 4 Monitor),Surpass/agsaver/callisto/atrazine,12,6/2/2025,0.195,On,1088.3,45.00,-38.12,5.570,1.592,2.807,359.58,19.99,19.65,0,1,30.36,6/2/2025,Good,0.00,0.00,0.00,0.00,0.00,0.00,0.00,5.240,6.732e-05,2.620,3.366e-05,19.03,0.031,2.947,3.787e-05,31.44,0.00040,0.00,0.00,0.00,2.456,0.246,1.965,0.00,0.00,0.0016
-93.75833294,42.02102303,20,TaskName 6/2/2025 (GreenStar 4 Monitor),Surpass/agsaver/callisto/atrazine,13,6/2/2025,0.199,On,1088.3,51.25,-35.00,5.711,1.667,2.166,359.69,19.99,19.66,0,1,35.49,6/2/2025,Good,0.00,0.00,0.00,0.00,0.00,0.00,0.00,5.243,8.035e-05,2.621,4.018e-05,19.04,0.037,2.949,4.520e-05,31.46,0.00048,0.00,0.00,0.00,2.458,0.246,1.966,0.00,0.00,0.0020
-93.75833295,42.02102762,20,TaskName 6/2/2025 (GreenStar 4 Monitor),Surpass/agsaver/callisto/atrazine,14,6/2/2025,0.200,On,1088.3,53.75,-33.75,5.908,1.733,2.846,359.61,19.99,19.74,0,1,38.49,6/2/2025,Good,0.00,0.00,0.00,0.00,0.00,0.00,0.00,5.263,8.792e-05,2.631,4.396e-05,19.12,0.041,2.960,4.946e-05,31.58,0.00053,0.00,0.00,0.00,2.467,0.247,1.974,0.00,0.00,0.0021
-93.75833284,42.02103225,20,TaskName 6/2/2025 (GreenStar 4 Monitor),Surpass/agsaver/callisto/atrazine,15,6/2/2025,0.200,On,1088.3,55.00,-33.12,5.930,1.740,4.484,359.65,19.99,19.97,0,1,39.54,6/2/2025,Good,0.00,0.00,0.00,0.00,0.00,0.00,0.00,5.325,9.138e-05,2.663,4.569e-05,19.34,0.042,2.996,5.140e-05,31.95,0.00055,0.00,0.00,0.00,2.496,0.250,1.997,0.00,0.00,0.0022
-93.75833298,42.02103692,20,TaskName 6/2/2025 (GreenStar 4 Monitor),Surpass/agsaver/callisto/atrazine,16,6/2/2025,0.201,On,1088.4,56.25,-32.50,5.843,1.723,6.505,359.84,19.99,20.12,0,1,39.85,6/2/2025,Good,0.00,0.00,0.00,0.00,0.00,0.00,0.00,5.365,9.327e-05,2.683,4.664e-05,19.49,0.043,3.018,5.247e-05,32.19,0.00056,0.00,0.00,0.00,2.515,0.251,2.012,0.00,0.00,0.0022
-93.75833305,42.02104215,20,TaskName 6/2/2025 (GreenStar 4 Monitor),Surpass/agsaver/callisto/atrazine,17,6/2/2025,0.199,On,1088.5,58.75,-31.25,5.832,1.700,7.800,0.016,19.99,20.24,0,1,41.48,6/2/2025,Good,0.00,0.00,0.00,0.00,0.00,0.00,0.00,5.397,9.668e-05,2.698,4.834e-05,19.60,0.045,3.036,5.438e-05,32.38,0.00058,0.00,0.00,0.00,2.530,0.253,2.024,0.00,0.00,0.0023
-93.75833287,42.02104755,20,TaskName 6/2/2025 (GreenStar 4 Monitor),Surpass/agsaver/callisto/atrazine,18,6/2/2025,0.200,On,1088.5,62.50,-29.37,5.899,1.730,9.147,359.92,19.99,20.22,0,1,44.67,6/2/2025,Good,0.00,0.00,0.00,0.00,0.00,0.00,0.00,5.391,0.00010,2.695,5.226e-05,19.58,0.049,3.032,5.880e-05,32.35,0.00063,0.00,0.00,0.00,2.527,0.253,2.022,0.00,0.00,0.0025
-93.75833278,42.02105296,20,TaskName 6/2/2025 (GreenStar 4 Monitor),Surpass/agsaver/callisto/atrazine,19,6/2/2025,0.201,On,1088.5,65.00,-28.12,6.100,1.799,10.38,359.78,19.99,20.45,0,1,48.07,6/2/2025,Good,0.00,0.00,0.00,0.00,0.00,0.00,0.00,5.454,0.00011,2.727,5.718e-05,19.81,0.053,3.068,6.432e-05,32.72,0.00069,0.00,0.00,0.00,2.556,0.256,2.045,0.00,0.00,0.0027
-93.75833276,42.02105869,20,TaskName 6/2/2025 (GreenStar 4 Monitor),Surpass/agsaver/callisto/atrazine,20,6/2/2025,0.205,On,1088.5,68.75,-26.25,6.326,1.900,9.121,359.98,19.99,20.19,0,1,52.67,6/2/2025,Good,0.00,0.00,0.00,0.00,0.00,0.00,0.00,5.385,0.00013,2.693,6.309e-05,19.56,0.059,3.029,7.098e-05,32.31,0.00076,0.00,0.00,0.00,2.524,0.252,2.019,0.00,0.00,0.0030
-93.75833294,42.02106444,20,TaskName 6/2/2025 (GreenStar 4 Monitor),Surpass/agsaver/callisto/atrazine,21,6/2/2025,0.199,On,1088.5,77.50,-21.87,6.548,1.910,7.866,0.329,19.99,20.03,0,1,61.48,6/2/2025,Good,0.00,0.00,0.00,0.00,0.00,0.00,0.00,5.343,0.00014,2.671,7.093e-05,19.41,0.066,3.005,7.979e-05,32.06,0.00085,0.00,0.00,0.00,2.504,0.250,2.003,0.00,0.00,0.0034
-93.75833330,42.02107029,20,TaskName 6/2/2025 (GreenStar 4 Monitor),Surpass/agsaver/callisto/atrazine,22,6/2/2025,0.195,On,1088.4,85.00,-18.12,6.769,1.936,6.393,0.361,19.99,19.72,0,1,69.76,6/2/2025,Good,0.00,0.00,0.00,0.00,0.00,0.00,0.00,5.260,0.00016,2.630,7.764e-05,19.11,0.072,2.959,8.734e-05,31.56,0.00093,0.00,0.00,0.00,2.466,0.247,1.972,0.00,0.00,0.0038
-93.75833316,42.02107616,20,TaskName 6/2/2025 (GreenStar 4 Monitor),Surpass/agsaver/callisto/atrazine,23,6/2/2025,0.201,On,1088.4,90.00,-15.62,6.961,2.041,5.706,0.188,19.99,19.44,0,1,75.54,6/2/2025,Good,0.00,0.00,0.00,0.00,0.00,0.00,0.00,5.183,0.00017,2.591,8.539e-05,18.83,0.079,2.915,9.607e-05,31.10,0.0010,0.00,0.00,0.00,2.429,0.243,1.944,0.00,0.00,0.0042
-93.75833284,42.02108205,20,TaskName 6/2/2025 (GreenStar 4 Monitor),Surpass/agsaver/callisto/atrazine,24,6/2/2025,0.200,On,1088.4,91.25,-15.00,7.174,2.114,5.316,359.89,19.99,19.28,0,1,79.70,6/2/2025,Good,0.00,0.00,0.00,0.00,0.00,0.00,0.00,5.140,0.00018,2.570,8.890e-05,18.67,0.083,2.891,0.00010,30.84,0.0011,0.00,0.00,0.00,2.409,0.241,1.928,0.00,0.00,0.0044
-93.75833252,42.02108815,20,TaskName 6/2/2025 (GreenStar 4 Monitor),Surpass/agsaver/callisto/atrazine,25,6/2/2025,0.199,On,1088.4,102.50,-9.375,7.205,2.101,5.019,359.55,19.99,19.38,0,1,89.41,6/2/2025,Good,0.00,0.00,0.00,0.00,0.00,0.00,0.00,5.169,0.00020,2.584,9.979e-05,18.77,0.093,2.907,0.00011,31.01,0.0012,0.00,0.00,0.00,2.423,0.242,1.938,0.00,0.00,0.0049
-93.75833225,42.02109399,20,TaskName 6/2/2025 (GreenStar 4 Monitor),Surpass/agsaver/callisto/atrazine,26,6/2/2025,0.200,On,1088.4,103.75,-8.750,7.292,2.140,5.468,359.42,19.99,19.43,0,1,91.74,6/2/2025,Good,0.00,0.00,0.00,0.00,0.00,0.00,0.00,5.180,0.00021,2.590,0.00010,18.82,0.096,2.914,0.00012,31.08,0.0012,0.00,0.00,0.00,2.428,0.243,1.943,0.00,0.00,0.0051
-93.75833225,42.02109982,20,TaskName 6/2/2025 (GreenStar 4 Monitor),Surpass/agsaver/callisto/atrazine,27,6/2/2025,0.200,On,1088.4,116.25,-2.500,7.353,2.156,5.898,359.32,19.99,19.14,0,1,103.58,6/2/2025,Good,0.00,0.00,0.00,0.00,0.00,0.00,0.00,5.103,0.00023,2.552,0.00011,18.54,0.107,2.870,0.00013,30.62,0.0014,0.00,0.00,0.00,2.392,0.239,1.914,0.00,0.00,0.0058
-93.75833210,42.02112976,20,TaskName 6/2/2025 (GreenStar 4 Monitor),Surpass/agsaver/callisto/atrazine,28,6/2/2025,1.000,On,1088.4,121.25,0.00,7.364,10.80,5.292,359.11,19.99,19.62,0,1,108.20,6/2/2025,Good,0.00,0.00,0.00,0.00,0.00,0.00,0.00,5.231,0.0012,2.615,0.00061,19.00,0.571,2.942,0.00069,31.38,0.0074,0.00,0.00,0.00,2.452,0.245,1.962,0.00,0.00,0.030
-93.75833271,42.02115984,20,TaskName 6/2/2025 (GreenStar 4 Monitor),Surpass/agsaver/callisto/atrazine,29,6/2/2025,1.000,On,1088.4,121.25,0.00,7.372,10.80,7.026,359.55,19.99,19.75,0,1,108.27,6/2/2025,Good,0.00,0.00,0.00,0.00,0.00,0.00,0.00,5.266,0.0012,2.633,0.00062,19.13,0.575,2.962,0.00070,31.60,0.0074,0.00,0.00,0.00,2.469,0.247,1.975,0.00,0.00,0.030
-93.75833292,42.02119299,20,TaskName 6/2/2025 (GreenStar 4 Monitor),Surpass/agsaver/callisto/atrazine,30,6/2/2025,1.001,On,1088.3,121.25,0.00,7.872,11.54,5.376,359.50,19.99,19.78,0,1,115.55,6/2/2025,Good,0.00,0.00,0.00,0.00,0.00,0.00,0.00,5.275,0.0013,2.638,0.00066,19.16,0.616,2.967,0.00074,31.65,0.0079,0.00,0.00,0.00,2.473,0.247,1.978,0.00,0.00,0.032
-93.75833279,42.02122603,20,TaskName 6/2/2025 (GreenStar 4 Monitor),Surpass/agsaver/callisto/atrazine,31,6/2/2025,1.000,On,1088.3,121.25,0.00,8.215,12.04,5.896,359.11,19.99,19.70,0,1,120.69,6/2/2025,Good,0.00,0.00,0.00,0.00,0.00,0.00,0.00,5.253,0.0014,2.626,0.00069,19.08,0.640,2.955,0.00077,31.52,0.0083,0.00,0.00,0.00,2.462,0.246,1.970,0.00,0.00,0.034
-93.75833337,42.02125995,20,TaskName 6/2/2025 (GreenStar 4 Monitor),Surpass/agsaver/callisto/atrazine,32,6/2/2025,1.000,On,1088.4,121.25,0.00,8.193,12.01,9.737,359.46,19.99,19.93,0,1,120.33,6/2/2025,Good,0.00,0.00,0.00,0.00,0.00,0.00,0.00,5.314,0.0014,2.657,0.00069,19.30,0.645,2.989,0.00078,31.88,0.0083,0.00,0.00,0.00,2.491,0.249,1.993,0.00,0.00,0.033
-93.75833388,42.02129672,20,TaskName 6/2/2025 (GreenStar 4 Monitor),Surpass/agsaver/callisto/atrazine,33,6/2/2025,0.999,On,1088.2,121.25,0.00,8.872,12.99,6.464,360.00,19.99,19.69,0,1,130.29,6/2/2025,Good,0.00,0.00,0.00,0.00,0.00,0.00,0.00,5.252,0.0015,2.626,0.00074,19.08,0.690,2.954,0.00083,31.51,0.0089,0.00,0.00,0.00,2.462,0.246,1.969,0.00,0.00,0.036
-93.75833414,42.02133302,20,TaskName 6/2/2025 (GreenStar 4 Monitor),Surpass/agsaver/callisto/atrazine,34,6/2/2025,1.000,On,1088.3,121.25,0.00,9.061,13.29,7.070,0.776,19.99,19.74,0,1,133.15,6/2/2025,Good,0.00,0.00,0.00,0.00,0.00,0.00,0.00,5.263,0.0015,2.632,0.00076,19.12,0.707,2.961,0.00086,31.58,0.0091,0.00,0.00,0.00,2.467,0.247,1.974,0.00,0.00,0.037
-93.75833308,42.02136750,20,TaskName 6/2/2025 (GreenStar 4 Monitor),Surpass/agsaver/callisto/atrazine,35,6/2/2025,1.000,On,1088.5,121.25,0.00,8.887,13.03,5.333,0.486,19.99,19.83,0,1,130.56,6/2/2025,Good,0.00,0.00,0.00,0.00,0.00,0.00,0.00,5.289,0.0015,2.644,0.00075,19.21,0.697,2.975,0.00084,31.73,0.0090,0.00,0.00,0.00,2.479,0.248,1.983,0.00,0.00,0.036
-93.75833174,42.02139970,20,TaskName 6/2/2025 (GreenStar 4 Monitor),Surpass/agsaver/callisto/atrazine,36,6/2/2025,1.000,On,1088.7,121.25,0.00,8.309,12.18,7.317,359.16,19.99,20.10,0,1,122.01,6/2/2025,Good,0.00,0.00,0.00,0.00,0.00,0.00,0.00,5.360,0.0014,2.680,0.00071,19.47,0.660,3.015,0.00080,32.16,0.0085,0.00,0.00,0.00,2.512,0.251,2.010,0.00,0.00,0.034
-93.75833197,42.02143251,20,TaskName 6/2/2025 (GreenStar 4 Monitor),Surpass/agsaver/callisto/atrazine,37,6/2/2025,1.000,On,1089.0,121.25,0.00,8.052,11.81,7.216,359.43,19.99,20.27,0,1,118.29,6/2/2025,Good,0.00,0.00,0.00,0.00,0.00,0.00,0.00,5.405,0.0014,2.703,0.00069,19.63,0.645,3.040,0.00078,32.43,0.0083,0.00,0.00,0.00,2.534,0.253,2.027,0.00,0.00,0.033
-93.75833286,42.02146563,20,TaskName 6/2/2025 (GreenStar 4 Monitor),Surpass/agsaver/callisto/atrazine,38,6/2/2025,1.000,On,1089.3,121.25,0.00,8.197,12.02,7.133,359.98,19.99,20.02,0,1,120.43,6/2/2025,Good,0.00,0.00,0.00,0.00,0.00,0.00,0.00,5.340,0.0014,2.670,0.00070,19.40,0.649,3.004,0.00078,32.04,0.0084,0.00,0.00,0.00,2.503,0.250,2.002,0.00,0.00,0.033
-93.75833259,42.02149935,20,TaskName 6/2/2025 (GreenStar 4 Monitor),Surpass/agsaver/callisto/atrazine,39,6/2/2025,0.995,On,1089.6,121.25,0.00,8.307,12.12,7.518,359.86,19.99,20.06,0,1,122.06,6/2/2025,Good,0.00,0.00,0.00,0.00,0.00,0.00,0.00,5.349,0.0014,2.675,0.00070,19.43,0.656,3.009,0.00079,32.10,0.0085,0.00,0.00,0.00,2.508,0.251,2.006,0.00,0.00,0.034
-93.75833250,42.02153286,20,TaskName 6/2/2025 (GreenStar 4 Monitor),Surpass/agsaver/callisto/atrazine,40,6/2/2025,1.000,On,1089.9,121.25,0.00,8.362,12.26,7.315,359.55,19.99,20.00,0,1,122.86,6/2/2025,Good,0.00,0.00,0.00,0.00,0.00,0.00,0.00,5.333,0.0014,2.666,0.00071,19.37,0.661,3.000,0.00080,32.00,0.0085,0.00,0.00,0.00,2.500,0.250,2.000,0.00,0.00,0.034
-93.75833250,42.02156621,20,TaskName 6/2/2025 (GreenStar 4 Monitor),Surpass/agsaver/callisto/atrazine,41,6/2/2025,1.000,On,1090.2,121.25,0.00,8.301,12.17,6.986,359.27,19.99,20.00,0,1,121.98,6/2/2025,Good,0.00,0.00,0.00,0.00,0.00,0.00,0.00,5.333,0.0014,2.667,0.00071,19.37,0.656,3.000,0.00079,32.00,0.0085,0.00,0.00,0.00,2.500,0.250,2.000,0.00,0.00,0.034
-93.75833281,42.02159921,20,TaskName 6/2/2025 (GreenStar 4 Monitor),Surpass/agsaver/callisto/atrazine,42,6/2/2025,1.005,On,1090.4,121.25,0.00,8.273,12.19,6.746,359.15,19.99,19.92,0,1,121.53,6/2/2025,Good,0.00,0.00,0.00,0.00,0.00,0.00,0.00,5.312,0.0014,2.656,0.00070,19.30,0.655,2.988,0.00079,31.87,0.0084,0.00,0.00,0.00,2.490,0.249,1.992,0.00,0.00,0.034
-93.75833322,42.02163208,20,TaskName 6/2/2025 (GreenStar 4 Monitor),Surpass/agsaver/callisto/atrazine,43,6/2/2025,1.000,On,1090.6,121.25,0.00,8.127,11.91,7.693,359.04,19.99,20.00,0,1,119.38,6/2/2025,Good,0.00,0.00,0.00,0.00,0.00,0.00,0.00,5.335,0.0014,2.667,0.00069,19.38,0.643,3.001,0.00078,32.01,0.0083,0.00,0.00,0.00,2.501,0.250,2.000,0.00,0.00,0.033
-93.75833383,42.02166489,20,TaskName 6/2/2025 (GreenStar 4 Monitor),Surpass/agsaver/callisto/atrazine,44,6/2/2025,1.000,On,1090.5,121.25,0.00,8.251,12.10,4.853,358.94,19.99,19.98,0,1,121.22,6/2/2025,Good,0.00,0.00,0.00,0.00,0.00,0.00,0.00,5.327,0.0014,2.663,0.00070,19.35,0.652,2.996,0.00079,31.96,0.0084,0.00,0.00,0.00,2.497,0.250,1.998,0.00,0.00,0.034
-93.75833486,42.02169581,20,TaskName 6/2/2025 (GreenStar 4 Monitor),Surpass/agsaver/callisto/atrazine,45,6/2/2025,1.000,On,1090.3,121.25,0.00,7.921,11.61,5.447,359.98,19.99,20.03,0,1,116.32,6/2/2025,Good,0.00,0.00,0.00,0.00,0.00,0.00,0.00,5.341,0.0013,2.670,0.00067,19.40,0.627,3.004,0.00076,32.04,0.0081,0.00,0.00,0.00,2.503,0.250,2.003,0.00,0.00,0.032
-93.75833539,42.02172697,20,TaskName 6/2/2025 (GreenStar 4 Monitor),Surpass/agsaver/callisto/atrazine,46,6/2/2025,0.995,On,1090.2,121.25,0.00,7.694,11.22,5.352,1.129,19.99,20.01,0,1,113.01,6/2/2025,Good,0.00,0.00,0.00,0.00,0.00,0.00,0.00,5.336,0.0013,2.668,0.00065,19.38,0.605,3.001,0.00073,32.01,0.0078,0.00,0.00,0.00,2.501,0.250,2.001,0.00,0.00,0.031
-93.75833424,42.02175820,20,TaskName 6/2/2025 (GreenStar 4 Monitor),Surpass/agsaver/callisto/atrazine,47,6/2/2025,1.000,On,1090.0,121.25,0.00,7.818,11.46,4.615,359.96,19.99,19.94,0,1,114.87,6/2/2025,Good,0.00,0.00,0.00,0.00,0.00,0.00,0.00,5.318,0.0013,2.659,0.00066,19.32,0.616,2.992,0.00075,31.91,0.0080,0.00,0.00,0.00,2.493,0.249,1.994,0.00,0.00,0.032
-93.75833327,42.02178824,20,TaskName 6/2/2025 (GreenStar 4 Monitor),Surpass/agsaver/callisto/atrazine,48,6/2/2025,1.000,On,1089.9,121.25,0.00,7.613,11.16,3.880,358.60,19.99,19.94,0,1,111.84,6/2/2025,Good,0.00,0.00,0.00,0.00,0.00,0.00,0.00,5.316,0.0013,2.658,0.00065,19.31,0.600,2.990,0.00073,31.90,0.0077,0.00,0.00,0.00,2.492,0.249,1.994,0.00,0.00,0.031
-93.75833409,42.02181537,20,TaskName 6/2/2025 (GreenStar 4 Monitor),Surpass/agsaver/callisto/atrazine,49,6/2/2025,1.000,On,1089.3,121.25,0.00,7.211,10.56,3.653,359.19,19.99,20.05,0,1,105.86,6/2/2025,Good,0.00,0.00,0.00,0.00,0.00,0.00,0.00,5.347,0.0012,2.673,0.00061,19.42,0.571,3.008,0.00069,32.08,0.0074,0.00,0.00,0.00,2.506,0.251,2.005,0.00,0.00,0.029
-93.75833516,42.02184193,20,TaskName 6/2/2025 (GreenStar 4 Monitor),Surpass/agsaver/callisto/atrazine,50,6/2/2025,1.005,On,1089.2,121.25,0.00,6.677,9.839,3.979,0.290,19.99,20.05,0,1,98.10,6/2/2025,Good,0.00,0.00,0.00,0.00,0.00,0.00,0.00,5.347,0.0011,2.674,0.00057,19.42,0.532,3.008,0.00064,32.08,0.0069,0.00,0.00,0.00,2.507,0.251,2.005,0.00,0.00,0.027
-93.75833499,42.02184752,20,TaskName 6/2/2025 (GreenStar 4 Monitor),Surpass/agsaver/callisto/atrazine,51,6/2/2025,0.195,On,1089.1,105.00,8.125,6.615,1.890,3.137,0.165,19.99,20.14,0,1,84.13,6/2/2025,Good,0.00,0.00,0.00,0.00,0.00,0.00,0.00,5.371,0.00019,2.686,9.560e-05,19.51,0.089,3.021,0.00011,32.23,0.0011,0.00,0.00,0.00,2.518,0.252,2.014,0.00,0.00,0.0046
-93.75833492,42.02185318,20,TaskName 6/2/2025 (GreenStar 4 Monitor),Surpass/agsaver/callisto/atrazine,52,6/2/2025,0.205,On,1089.1,30.00,45.62,6.673,2.005,3.031,0.204,19.99,20.18,0,1,24.25,6/2/2025,Good,0.00,0.00,0.00,0.00,0.00,0.00,0.00,5.382,5.807e-05,2.691,2.904e-05,19.55,0.027,3.028,3.267e-05,32.29,0.00035,0.00,0.00,0.00,2.523,0.252,2.018,0.00,0.00,0.0014
-93.75789351,42.02183815,20,TaskName 6/2/2025 (GreenStar 4 Monitor),Surpass/agsaver/callisto/atrazine,53,6/2/2025,1.005,On,1088.8,120.00,-0.625,6.881,10.14,5.141,179.56,19.99,21.18,0,2,100.04,6/2/2025,Good,0.00,0.00,0.00,0.00,0.00,0.00,0.00,5.647,0.0012,2.823,0.00062,20.51,0.573,3.176,0.00069,33.88,0.0074,0.00,0.00,0.00,2.647,0.265,2.118,0.00,0.00,0.028
-93.75789261,42.02181052,20,TaskName 6/2/2025 (GreenStar 4 Monitor),Surpass/agsaver/callisto/atrazine,54,6/2/2025,1.000,On,1089.1,120.00,-0.625,6.887,10.10,7.655,180.26,19.99,20.96,0,2,100.16,6/2/2025,Good,0.00,0.00,0.00,0.00,0.00,0.00,0.00,5.589,0.0012,2.794,0.00061,20.30,0.565,3.144,0.00068,33.53,0.0073,0.00,0.00,0.00,2.620,0.262,2.096,0.00,0.00,0.028
-93.75789236,42.02178181,20,TaskName 6/2/2025 (GreenStar 4 Monitor),Surpass/agsaver/callisto/atrazine,55,6/2/2025,1.000,On,1089.2,120.00,-0.625,7.023,10.30,6.952,180.85,19.99,20.46,0,2,102.17,6/2/2025,Good,0.00,0.00,0.00,0.00,0.00,0.00,0.00,5.455,0.0012,2.727,0.00060,19.81,0.562,3.068,0.00068,32.73,0.0073,0.00,0.00,0.00,2.557,0.256,2.046,0.00,0.00,0.028
-93.75789294,42.02175254,20,TaskName 6/2/2025 (GreenStar 4 Monitor),Surpass/agsaver/callisto/atrazine,56,6/2/2025,1.000,On,1089.3,120.00,-0.625,7.122,10.45,7.441,180.55,19.99,20.23,0,2,103.63,6/2/2025,Good,0.00,0.00,0.00,0.00,0.00,0.00,0.00,5.395,0.0012,2.697,0.00061,19.60,0.564,3.035,0.00068,32.37,0.0073,0.00,0.00,0.00,2.529,0.253,2.023,0.00,0.00,0.029
-93.75789392,42.02172318,20,TaskName 6/2/2025 (GreenStar 4 Monitor),Surpass/agsaver/callisto/atrazine,57,6/2/2025,1.000,On,1089.3,120.00,-0.625,7.304,10.72,6.718,179.44,19.99,20.03,0,2,106.33,6/2/2025,Good,0.00,0.00,0.00,0.00,0.00,0.00,0.00,5.340,0.0012,2.670,0.00062,19.40,0.573,3.004,0.00069,32.04,0.0074,0.00,0.00,0.00,2.503,0.250,2.003,0.00,0.00,0.030
-93.75789391,42.02169341,20,TaskName 6/2/2025 (GreenStar 4 Monitor),Surpass/agsaver/callisto/atrazine,58,6/2/2025,1.000,On,1089.3,120.00,-0.625,7.314,10.73,6.732,179.11,19.99,20.04,0,2,106.43,6/2/2025,Good,0.00,0.00,0.00,0.00,0.00,0.00,0.00,5.344,0.0012,2.672,0.00062,19.41,0.574,3.006,0.00069,32.06,0.0074,0.00,0.00,0.00,2.505,0.250,2.004,0.00,0.00,0.030
-93.75789319,42.02166310,20,TaskName 6/2/2025 (GreenStar 4 Monitor),Surpass/agsaver/callisto/atrazine,59,6/2/2025,1.000,On,1089.3,120.00,-0.625,7.445,10.92,6.706,179.51,19.99,19.98,0,2,108.28,6/2/2025,Good,0.00,0.00,0.00,0.00,0.00,0.00,0.00,5.329,0.0013,2.664,0.00063,19.36,0.582,2.997,0.00070,31.97,0.0075,0.00,0.00,0.00,2.498,0.250,1.998,0.00,0.00,0.030
-93.75789308,42.02163208,20,TaskName 6/2/2025 (GreenStar 4 Monitor),Surpass/agsaver/callisto/atrazine,60,6/2/2025,1.000,On,1089.1,120.00,-0.625,7.638,11.20,6.476,179.40,19.99,19.95,0,2,111.11,6/2/2025,Good,0.00,0.00,0.00,0.00,0.00,0.00,0.00,5.319,0.0013,2.660,0.00064,19.32,0.596,2.992,0.00072,31.91,0.0077,0.00,0.00,0.00,2.493,0.249,1.995,0.00,0.00,0.031
-93.75789298,42.02159988,20,TaskName 6/2/2025 (GreenStar 4 Monitor),Surpass/agsaver/callisto/atrazine,61,6/2/2025,1.000,On,1088.8,120.00,-0.625,7.807,11.45,5.448,179.21,19.99,19.89,0,2,113.52,6/2/2025,Good,0.00,0.00,0.00,0.00,0.00,0.00,0.00,5.303,0.0013,2.652,0.00065,19.26,0.607,2.983,0.00073,31.82,0.0078,0.00,0.00,0.00,2.486,0.249,1.989,0.00,0.00,0.032
-93.75789218,42.02156759,20,TaskName 6/2/2025 (GreenStar 4 Monitor),Surpass/agsaver/callisto/atrazine,62,6/2/2025,0.995,On,1088.6,120.00,-0.625,8.015,11.70,4.975,179.47,19.99,19.82,0,2,116.61,6/2/2025,Good,0.00,0.00,0.00,0.00,0.00,0.00,0.00,5.287,0.0013,2.643,0.00067,19.20,0.619,2.974,0.00075,31.72,0.0080,0.00,0.00,0.00,2.478,0.248,1.982,0.00,0.00,0.032
-93.75789162,42.02153626,20,TaskName 6/2/2025 (GreenStar 4 Monitor),Surpass/agsaver/callisto/atrazine,63,6/2/2025,1.006,On,1088.3,120.00,-0.625,7.929,11.69,4.988,179.79,19.99,19.92,0,2,115.21,6/2/2025,Good,0.00,0.00,0.00,0.00,0.00,0.00,0.00,5.313,0.0013,2.656,0.00067,19.30,0.621,2.988,0.00075,31.88,0.0080,0.00,0.00,0.00,2.490,0.249,1.992,0.00,0.00,0.032
-93.75789106,42.02150514,20,TaskName 6/2/2025 (GreenStar 4 Monitor),Surpass/agsaver/callisto/atrazine,64,6/2/2025,0.994,On,1088.1,120.00,-0.625,7.710,11.25,5.702,180.06,19.99,20.07,0,2,112.28,6/2/2025,Good,0.00,0.00,0.00,0.00,0.00,0.00,0.00,5.352,0.0013,2.676,0.00065,19.44,0.603,3.011,0.00073,32.11,0.0078,0.00,0.00,0.00,2.509,0.251,2.007,0.00,0.00,0.031
-93.75789115,42.02147423,20,TaskName 6/2/2025 (GreenStar 4 Monitor),Surpass/agsaver/callisto/atrazine,65,6/2/2025,1.005,On,1087.9,120.00,-0.625,7.721,11.38,5.348,179.86,19.99,20.00,0,2,112.34,6/2/2025,Good,0.00,0.00,0.00,0.00,0.00,0.00,0.00,5.333,0.0013,2.667,0.00065,19.37,0.608,3.000,0.00074,32.00,0.0078,0.00,0.00,0.00,2.500,0.250,2.000,0.00,0.00,0.031
-93.75789103,42.02144340,20,TaskName 6/2/2025 (GreenStar 4 Monitor),Surpass/agsaver/callisto/atrazine,66,6/2/2025,1.000,On,1087.7,120.00,-0.625,7.707,11.31,5.125,179.58,19.99,19.85,0,2,112.16,6/2/2025,Good,0.00,0.00,0.00,0.00,0.00,0.00,0.00,5.293,0.0013,2.647,0.00064,19.23,0.599,2.978,0.00072,31.76,0.0077,0.00,0.00,0.00,2.481,0.248,1.985,0.00,0.00,0.031
-93.75789027,42.02141254,20,TaskName 6/2/2025 (GreenStar 4 Monitor),Surpass/agsaver/callisto/atrazine,67,6/2/2025,0.995,On,1087.7,120.00,-0.625,7.668,11.19,5.871,180.02,19.99,19.95,0,2,111.54,6/2/2025,Good,0.00,0.00,0.00,0.00,0.00,0.00,0.00,5.321,0.0013,2.660,0.00064,19.33,0.596,2.993,0.00072,31.93,0.0077,0.00,0.00,0.00,2.494,0.249,1.995,0.00,0.00,0.031
-93.75788983,42.02138840,20,TaskName 6/2/2025 (GreenStar 4 Monitor),Surpass/agsaver/callisto/atrazine,68,6/2/2025,0.801,On,1087.8,120.00,-0.625,7.609,8.928,6.755,180.49,19.99,19.95,0,2,110.54,6/2/2025,Good,0.00,0.00,0.00,0.00,0.00,0.00,0.00,5.321,0.0010,2.661,0.00051,19.33,0.475,2.993,0.00058,31.93,0.0061,0.00,0.00,0.00,2.494,0.249,1.995,0.00,0.00,0.025
-93.75788990,42.02135784,20,TaskName 6/2/2025 (GreenStar 4 Monitor),Surpass/agsaver/callisto/atrazine,69,6/2/2025,0.999,On,1087.8,121.25,0.00,7.554,11.08,6.093,180.06,19.99,19.99,0,2,111.17,6/2/2025,Good,0.00,0.00,0.00,0.00,0.00,0.00,0.00,5.332,0.0013,2.666,0.00064,19.37,0.597,2.999,0.00072,31.99,0.0077,0.00,0.00,0.00,2.499,0.250,1.999,0.00,0.00,0.031
-93.75789009,42.02132737,20,TaskName 6/2/2025 (GreenStar 4 Monitor),Surpass/agsaver/callisto/atrazine,70,6/2/2025,1.005,On,1087.7,121.25,0.00,7.594,11.20,5.574,179.24,19.99,19.98,0,2,111.65,6/2/2025,Good,0.00,0.00,0.00,0.00,0.00,0.00,0.00,5.328,0.0013,2.664,0.00065,19.35,0.603,2.997,0.00073,31.97,0.0078,0.00,0.00,0.00,2.497,0.250,1.998,0.00,0.00,0.031
-93.75788924,42.02129711,20,TaskName 6/2/2025 (GreenStar 4 Monitor),Surpass/agsaver/callisto/atrazine,71,6/2/2025,1.000,On,1087.8,121.25,0.00,7.563,11.10,6.562,179.32,19.99,19.95,0,2,111.19,6/2/2025,Good,0.00,0.00,0.00,0.00,0.00,0.00,0.00,5.321,0.0013,2.660,0.00064,19.33,0.597,2.993,0.00072,31.92,0.0077,0.00,0.00,0.00,2.494,0.249,1.995,0.00,0.00,0.031
-93.75788802,42.02126637,20,TaskName 6/2/2025 (GreenStar 4 Monitor),Surpass/agsaver/callisto/atrazine,72,6/2/2025,1.001,On,1087.9,121.25,0.00,7.570,11.11,6.095,182.09,19.99,19.96,0,2,111.17,6/2/2025,Good,0.00,0.00,0.00,0.00,0.00,0.00,0.00,5.323,0.0013,2.662,0.00064,19.34,0.598,2.994,0.00072,31.94,0.0077,0.00,0.00,0.00,2.495,0.250,1.996,0.00,0.00,0.031
-93.75788865,42.02123662,20,TaskName 6/2/2025 (GreenStar 4 Monitor),Surpass/agsaver/callisto/atrazine,73,6/2/2025,0.999,On,1087.9,121.25,0.00,7.518,11.03,6.457,183.54,19.99,19.86,0,2,110.61,6/2/2025,Good,0.00,0.00,0.00,0.00,0.00,0.00,0.00,5.295,0.0013,2.647,0.00063,19.23,0.590,2.978,0.00071,31.77,0.0076,0.00,0.00,0.00,2.482,0.248,1.986,0.00,0.00,0.031
-93.75789015,42.02121844,20,TaskName 6/2/2025 (GreenStar 4 Monitor),Surpass/agsaver/callisto/atrazine,74,6/2/2025,0.595,On,1087.9,121.25,0.00,7.430,6.486,5.656,182.71,19.99,20.00,0,2,109.23,6/2/2025,Good,0.00,0.00,0.00,0.00,0.00,0.00,0.00,5.333,0.00075,2.667,0.00038,19.37,0.350,3.000,0.00042,32.00,0.0045,0.00,0.00,0.00,2.500,0.250,2.000,0.00,0.00,0.018
-93.75789310,42.02119050,20,TaskName 6/2/2025 (GreenStar 4 Monitor),Surpass/agsaver/callisto/atrazine,75,6/2/2025,1.005,On,1088.2,120.00,-0.625,7.344,10.82,4.618,180.15,19.99,19.94,0,2,106.77,6/2/2025,Good,0.00,0.00,0.00,0.00,0.00,0.00,0.00,5.317,0.0012,2.659,0.00062,19.31,0.576,2.991,0.00070,31.90,0.0074,0.00,0.00,0.00,2.492,0.249,1.994,0.00,0.00,0.030
-93.75789384,42.02116266,20,TaskName 6/2/2025 (GreenStar 4 Monitor),Surpass/agsaver/callisto/atrazine,76,6/2/2025,1.000,On,1087.7,120.00,-0.625,6.948,10.19,6.639,179.35,19.99,20.20,0,2,101.09,6/2/2025,Good,0.00,0.00,0.00,0.00,0.00,0.00,0.00,5.388,0.0012,2.694,0.00059,19.57,0.550,3.031,0.00066,32.33,0.0071,0.00,0.00,0.00,2.526,0.253,2.020,0.00,0.00,0.028
-93.75789300,42.02114581,20,TaskName 6/2/2025 (GreenStar 4 Monitor),Surpass/agsaver/callisto/atrazine,77,6/2/2025,0.595,On,1088.2,120.00,-0.625,6.877,6.003,5.210,180.17,19.99,19.87,0,2,100.06,6/2/2025,Good,0.00,0.00,0.00,0.00,0.00,0.00,0.00,5.298,0.00068,2.649,0.00034,19.25,0.318,2.980,0.00039,31.79,0.0041,0.00,0.00,0.00,2.483,0.248,1.987,0.00,0.00,0.017
-93.75789292,42.02114011,20,TaskName 6/2/2025 (GreenStar 4 Monitor),Surpass/agsaver/callisto/atrazine,78,6/2/2025,0.200,On,1088.0,98.75,10.000,6.935,2.036,4.332,180.28,19.99,20.06,0,2,83.08,6/2/2025,Good,0.00,0.00,0.00,0.00,0.00,0.00,0.00,5.348,0.00019,2.674,9.643e-05,19.43,0.090,3.008,0.00011,32.09,0.0012,0.00,0.00,0.00,2.507,0.251,2.006,0.00,0.00,0.0046
-93.75789299,42.02113448,20,TaskName 6/2/2025 (GreenStar 4 Monitor),Surpass/agsaver/callisto/atrazine,79,6/2/2025,0.201,On,1088.0,51.25,33.75,7.020,2.059,2.959,180.30,19.99,21.37,0,2,43.39,6/2/2025,Good,0.00,0.00,0.00,0.00,0.00,0.00,0.00,5.699,0.00011,2.849,5.393e-05,20.70,0.050,3.206,6.067e-05,34.19,0.00065,0.00,0.00,0.00,2.671,0.267,2.137,0.00,0.00,0.0024
-93.75789295,42.02112846,20,TaskName 6/2/2025 (GreenStar 4 Monitor),Surpass/agsaver/callisto/atrazine,80,6/2/2025,0.199,On,1088.0,38.75,40.00,7.044,2.066,1.856,180.27,19.99,21.55,0,2,33.24,6/2/2025,Good,0.00,0.00,0.00,0.00,0.00,0.00,0.00,5.747,8.251e-05,2.874,4.125e-05,20.88,0.038,3.233,4.641e-05,34.48,0.00050,0.00,0.00,0.00,2.694,0.269,2.155,0.00,0.00,0.0018
-93.75789296,42.02112313,20,TaskName 6/2/2025 (GreenStar 4 Monitor),Surpass/agsaver/callisto/atrazine,81,6/2/2025,0.205,On,1088.0,25.00,46.87,7.107,2.138,2.589,180.24,19.99,21.55,0,2,21.55,6/2/2025,Good,0.00,0.00,0.00,0.00,0.00,0.00,0.00,5.747,5.509e-05,2.874,2.754e-05,20.88,0.026,3.233,3.099e-05,34.48,0.00033,0.00,0.00,0.00,2.694,0.269,2.155,0.00,0.00,0.0012
-93.75789327,42.02111825,20,TaskName 6/2/2025 (GreenStar 4 Monitor),Surpass/agsaver/callisto/atrazine,82,6/2/2025,0.195,On,1088.2,12.50,53.12,7.107,2.033,3.679,180.19,19.99,22.62,0,2,10.77,6/2/2025,Good,0.00,0.00,0.00,0.00,0.00,0.00,0.00,6.032,2.749e-05,3.016,1.375e-05,21.91,0.013,3.393,1.546e-05,36.19,0.00016,0.00,0.00,0.00,2.828,0.283,2.262,0.00,0.00,0.00058
-93.75768727,42.02113628,20,TaskName 6/2/2025 (GreenStar 4 Monitor),Surpass/agsaver/callisto/atrazine,83,6/2/2025,0.204,On,1087.7,22.50,15.62,5.586,1.671,3.150,359.63,19.99,20.77,0,3,15.23,6/2/2025,Good,0.00,0.00,0.00,0.00,0.00,0.00,0.00,5.539,3.734e-05,2.770,1.867e-05,20.12,0.017,3.116,2.101e-05,33.24,0.00022,0.00,0.00,0.00,2.597,0.260,2.077,0.00,0.00,0.00086
-93.75768757,42.02114111,20,TaskName 6/2/2025 (GreenStar 4 Monitor),Surpass/agsaver/callisto/atrazine,84,6/2/2025,0.200,On,1087.7,47.50,28.12,5.794,1.700,3.487,359.80,19.99,21.61,0,3,33.37,6/2/2025,Good,0.00,0.00,0.00,0.00,0.00,0.00,0.00,5.762,8.345e-05,2.881,4.172e-05,20.93,0.039,3.241,4.694e-05,34.57,0.00050,0.00,0.00,0.00,2.701,0.270,2.161,0.00,0.00,0.0019
-93.75768771,42.02116029,20,TaskName 6/2/2025 (GreenStar 4 Monitor),Surpass/agsaver/callisto/atrazine,85,6/2/2025,0.800,On,1087.7,51.25,30.00,5.891,6.906,6.034,0.235,19.99,22.18,0,3,36.56,6/2/2025,Good,0.00,0.00,0.00,0.00,0.00,0.00,0.00,5.914,0.00038,2.957,0.00019,21.48,0.175,3.327,0.00021,35.49,0.0023,0.00,0.00,0.00,2.772,0.277,2.218,0.00,0.00,0.0081
-93.75768788,42.02117666,20,TaskName 6/2/2025 (GreenStar 4 Monitor),Surpass/agsaver/callisto/atrazine,86,6/2/2025,0.605,On,1087.7,52.50,30.62,6.128,5.432,7.896,0.439,19.99,21.56,0,3,38.95,6/2/2025,Good,0.00,0.00,0.00,0.00,0.00,0.00,0.00,5.748,0.00029,2.874,0.00015,20.88,0.137,3.233,0.00017,34.49,0.0018,0.00,0.00,0.00,2.694,0.269,2.156,0.00,0.00,0.0065
-93.75768770,42.02120163,20,TaskName 6/2/2025 (GreenStar 4 Monitor),Surpass/agsaver/callisto/atrazine,87,6/2/2025,0.795,On,1087.7,53.75,31.25,6.915,8.047,7.907,0.031,19.99,20.92,0,3,44.96,6/2/2025,Good,0.00,0.00,0.00,0.00,0.00,0.00,0.00,5.577,0.00043,2.789,0.00022,20.26,0.201,3.137,0.00024,33.46,0.0026,0.00,0.00,0.00,2.614,0.261,2.092,0.00,0.00,0.0099
-93.75768767,42.02123553,20,TaskName 6/2/2025 (GreenStar 4 Monitor),Surpass/agsaver/callisto/atrazine,88,6/2/2025,1.000,On,1087.6,52.50,31.87,8.023,11.76,6.031,359.78,19.99,20.35,0,3,51.00,6/2/2025,Good,0.00,0.00,0.00,0.00,0.00,0.00,0.00,5.427,0.00060,2.713,0.00030,19.71,0.279,3.053,0.00034,32.56,0.0036,0.00,0.00,0.00,2.544,0.254,2.035,0.00,0.00,0.014
-93.75768799,42.02127058,20,TaskName 6/2/2025 (GreenStar 4 Monitor),Surpass/agsaver/callisto/atrazine,89,6/2/2025,0.995,On,1087.6,52.50,31.87,8.526,12.43,6.325,359.96,19.99,20.22,0,3,54.22,6/2/2025,Good,0.00,0.00,0.00,0.00,0.00,0.00,0.00,5.391,0.00063,2.695,0.00032,19.58,0.293,3.032,0.00036,32.35,0.0038,0.00,0.00,0.00,2.527,0.253,2.022,0.00,0.00,0.015
-93.75768799,42.02130596,20,TaskName 6/2/2025 (GreenStar 4 Monitor),Surpass/agsaver/callisto/atrazine,90,6/2/2025,1.005,On,1087.6,52.50,31.87,8.729,12.86,6.047,359.44,19.99,20.03,0,3,55.54,6/2/2025,Good,0.00,0.00,0.00,0.00,0.00,0.00,0.00,5.341,0.00065,2.671,0.00032,19.40,0.301,3.005,0.00036,32.05,0.0039,0.00,0.00,0.00,2.504,0.250,2.003,0.00,0.00,0.016
-93.75768852,42.02134147,20,TaskName 6/2/2025 (GreenStar 4 Monitor),Surpass/agsaver/callisto/atrazine,91,6/2/2025,0.995,On,1087.6,52.50,31.87,8.808,12.85,5.881,359.49,19.99,20.04,0,3,56.02,6/2/2025,Good,0.00,0.00,0.00,0.00,0.00,0.00,0.00,5.344,0.00065,2.672,0.00032,19.41,0.301,3.006,0.00036,32.07,0.0039,0.00,0.00,0.00,2.505,0.251,2.004,0.00,0.00,0.015
-93.75768906,42.02137722,20,TaskName 6/2/2025 (GreenStar 4 Monitor),Surpass/agsaver/callisto/atrazine,92,6/2/2025,1.005,On,1087.7,52.50,31.87,8.806,12.98,5.691,359.77,19.99,20.02,0,3,56.02,6/2/2025,Good,0.00,0.00,0.00,0.00,0.00,0.00,0.00,5.338,0.00065,2.669,0.00033,19.39,0.303,3.002,0.00037,32.03,0.0039,0.00,0.00,0.00,2.502,0.250,2.002,0.00,0.00,0.016
-93.75768917,42.02141266,20,TaskName 6/2/2025 (GreenStar 4 Monitor),Surpass/agsaver/callisto/atrazine,93,6/2/2025,0.995,On,1087.7,52.50,31.87,8.858,12.92,6.294,359.47,19.99,20.02,0,3,56.35,6/2/2025,Good,0.00,0.00,0.00,0.00,0.00,0.00,0.00,5.340,0.00065,2.670,0.00032,19.40,0.302,3.004,0.00037,32.04,0.0039,0.00,0.00,0.00,2.503,0.250,2.002,0.00,0.00,0.016
-93.75768963,42.02144839,20,TaskName 6/2/2025 (GreenStar 4 Monitor),Surpass/agsaver/callisto/atrazine,94,6/2/2025,1.006,On,1087.7,52.50,31.87,8.865,13.06,5.136,359.76,19.99,20.01,0,3,56.33,6/2/2025,Good,0.00,0.00,0.00,0.00,0.00,0.00,0.00,5.337,0.00066,2.668,0.00033,19.39,0.305,3.002,0.00037,32.02,0.0039,0.00,0.00,0.00,2.502,0.250,2.001,0.00,0.00,0.016
-93.75769019,42.02148154,20,TaskName 6/2/2025 (GreenStar 4 Monitor),Surpass/agsaver/callisto/atrazine,95,6/2/2025,1.000,On,1087.9,52.50,31.87,8.639,12.67,4.686,0.611,19.99,19.95,0,3,54.99,6/2/2025,Good,0.00,0.00,0.00,0.00,0.00,0.00,0.00,5.321,0.00063,2.660,0.00032,19.33,0.295,2.993,0.00036,31.92,0.0038,0.00,0.00,0.00,2.494,0.249,1.995,0.00,0.00,0.015
-93.75768960,42.02151472,20,TaskName 6/2/2025 (GreenStar 4 Monitor),Surpass/agsaver/callisto/atrazine,96,6/2/2025,0.999,On,1088.0,52.50,31.87,8.177,11.98,7.242,0.792,19.99,20.10,0,3,52.01,6/2/2025,Good,0.00,0.00,0.00,0.00,0.00,0.00,0.00,5.361,0.00060,2.681,0.00030,19.47,0.281,3.016,0.00034,32.17,0.0036,0.00,0.00,0.00,2.513,0.251,2.010,0.00,0.00,0.014
-93.75768899,42.02154942,20,TaskName 6/2/2025 (GreenStar 4 Monitor),Surpass/agsaver/callisto/atrazine,97,6/2/2025,1.001,On,1088.1,52.50,31.87,8.440,12.37,5.003,0.047,19.99,19.95,0,3,53.61,6/2/2025,Good,0.00,0.00,0.00,0.00,0.00,0.00,0.00,5.321,0.00062,2.661,0.00031,19.33,0.288,2.993,0.00035,31.93,0.0037,0.00,0.00,0.00,2.494,0.249,1.995,0.00,0.00,0.015
-93.75768870,42.02156314,20,TaskName 6/2/2025 (GreenStar 4 Monitor),Surpass/agsaver/callisto/atrazine,98,6/2/2025,0.399,On,1088.1,52.50,31.87,8.617,5.054,5.138,359.73,19.99,19.94,0,3,54.96,6/2/2025,Good,0.00,0.00,0.00,0.00,0.00,0.00,0.00,5.317,0.00025,2.658,0.00013,19.31,0.118,2.991,0.00014,31.90,0.0015,0.00,0.00,0.00,2.492,0.249,1.994,0.00,0.00,0.0061
-93.75768911,42.02159750,20,TaskName 6/2/2025 (GreenStar 4 Monitor),Surpass/agsaver/callisto/atrazine,99,6/2/2025,1.000,On,1088.1,53.75,31.25,8.529,12.51,5.279,359.57,19.99,19.99,0,3,55.56,6/2/2025,Good,0.00,0.00,0.00,0.00,0.00,0.00,0.00,5.330,0.00064,2.665,0.00032,19.36,0.299,2.998,0.00036,31.98,0.0039,0.00,0.00,0.00,2.498,0.250,1.999,0.00,0.00,0.015
-93.75768928,42.02160434,20,TaskName 6/2/2025 (GreenStar 4 Monitor),Surpass/agsaver/callisto/atrazine,100,6/2/2025,0.201,On,1088.1,53.75,31.25,8.559,2.510,5.244,359.64,19.99,20.01,0,3,55.48,6/2/2025,Good,0.00,0.00,0.00,0.00,0.00,0.00,0.00,5.337,0.00013,2.668,6.458e-05,19.39,0.060,3.002,7.265e-05,32.02,0.00077,0.00,0.00,0.00,2.502,0.250,2.001,0.00,0.00,0.0031
-93.75768963,42.02163854,20,TaskName 6/2/2025 (GreenStar 4 Monitor),Surpass/agsaver/callisto/atrazine,101,6/2/2025,0.999,On,1088.1,52.50,31.87,8.542,12.52,4.417,359.37,19.99,19.96,0,3,54.38,6/2/2025,Good,0.00,0.00,0.00,0.00,0.00,0.00,0.00,5.322,0.00063,2.661,0.00031,19.33,0.292,2.994,0.00035,31.93,0.0038,0.00,0.00,0.00,2.495,0.249,1.996,0.00,0.00,0.015
-93.75768972,42.02165808,20,TaskName 6/2/2025 (GreenStar 4 Monitor),Surpass/agsaver/callisto/atrazine,102,6/2/2025,0.600,On,1088.0,52.50,31.87,8.424,7.410,3.337,358.81,19.99,19.87,0,3,53.59,6/2/2025,Good,0.00,0.00,0.00,0.00,0.00,0.00,0.00,5.298,0.00037,2.649,0.00018,19.24,0.172,2.980,0.00021,31.79,0.0022,0.00,0.00,0.00,2.483,0.248,1.987,0.00,0.00,0.0089
-93.75768987,42.02167077,20,TaskName 6/2/2025 (GreenStar 4 Monitor),Surpass/agsaver/callisto/atrazine,103,6/2/2025,0.401,On,1088.0,53.75,31.25,8.167,4.804,5.019,358.64,19.99,20.02,0,3,53.22,6/2/2025,Good,0.00,0.00,0.00,0.00,0.00,0.00,0.00,5.338,0.00025,2.669,0.00012,19.39,0.115,3.003,0.00014,32.03,0.0015,0.00,0.00,0.00,2.502,0.250,2.002,0.00,0.00,0.0059
-93.75769036,42.02169005,20,TaskName 6/2/2025 (GreenStar 4 Monitor),Surpass/agsaver/callisto/atrazine,104,6/2/2025,0.599,On,1088.0,52.50,31.87,7.974,7.003,5.484,358.56,19.99,20.03,0,3,50.73,6/2/2025,Good,0.00,0.00,0.00,0.00,0.00,0.00,0.00,5.341,0.00035,2.670,0.00018,19.40,0.164,3.004,0.00020,32.04,0.0021,0.00,0.00,0.00,2.503,0.250,2.003,0.00,0.00,0.0084
-93.75769057,42.02169647,20,TaskName 6/2/2025 (GreenStar 4 Monitor),Surpass/agsaver/callisto/atrazine,105,6/2/2025,0.196,On,1087.9,53.75,31.25,7.959,2.287,5.198,358.66,19.99,19.98,0,3,51.84,6/2/2025,Good,0.00,0.00,0.00,0.00,0.00,0.00,0.00,5.328,0.00012,2.664,5.875e-05,19.35,0.055,2.997,6.609e-05,31.97,0.00070,0.00,0.00,0.00,2.498,0.250,1.998,0.00,0.00,0.0028
-93.75769140,42.02171620,20,TaskName 6/2/2025 (GreenStar 4 Monitor),Surpass/agsaver/callisto/atrazine,106,6/2/2025,0.604,On,1087.8,52.50,31.87,8.000,7.085,5.000,359.07,19.99,20.01,0,3,50.90,6/2/2025,Good,0.00,0.00,0.00,0.00,0.00,0.00,0.00,5.335,0.00036,2.667,0.00018,19.38,0.165,3.001,0.00020,32.01,0.0021,0.00,0.00,0.00,2.501,0.250,2.001,0.00,0.00,0.0085
-93.75769158,42.02174806,20,TaskName 6/2/2025 (GreenStar 4 Monitor),Surpass/agsaver/callisto/atrazine,107,6/2/2025,1.001,On,1087.6,53.75,32.50,8.068,11.84,3.811,358.71,19.99,20.01,0,3,52.53,6/2/2025,Good,0.00,0.00,0.00,0.00,0.00,0.00,0.00,5.335,0.00061,2.668,0.00030,19.38,0.283,3.001,0.00034,32.01,0.0037,0.00,0.00,0.00,2.501,0.250,2.001,0.00,0.00,0.015
-93.75769191,42.02177974,20,TaskName 6/2/2025 (GreenStar 4 Monitor),Surpass/agsaver/callisto/atrazine,108,6/2/2025,0.999,On,1087.6,53.75,32.50,7.901,11.57,4.213,358.19,19.99,19.98,0,3,51.45,6/2/2025,Good,0.00,0.00,0.00,0.00,0.00,0.00,0.00,5.329,0.00059,2.664,0.00030,19.36,0.276,2.997,0.00033,31.97,0.0036,0.00,0.00,0.00,2.498,0.250,1.998,0.00,0.00,0.014
-93.75769278,42.02180794,20,TaskName 6/2/2025 (GreenStar 4 Monitor),Surpass/agsaver/callisto/atrazine,109,6/2/2025,1.001,On,1087.6,53.75,32.50,7.589,11.12,2.740,358.23,19.99,19.97,0,3,49.33,6/2/2025,Good,0.00,0.00,0.00,0.00,0.00,0.00,0.00,5.324,0.00057,2.662,0.00029,19.34,0.265,2.995,0.00032,31.94,0.0034,0.00,0.00,0.00,2.496,0.250,1.997,0.00,0.00,0.014
-93.75769314,42.02181857,20,TaskName 6/2/2025 (GreenStar 4 Monitor),Surpass/agsaver/callisto/atrazine,110,6/2/2025,0.399,On,1087.6,53.75,32.50,6.946,4.073,3.557,358.23,19.99,20.11,0,3,45.34,6/2/2025,Good,0.00,0.00,0.00,0.00,0.00,0.00,0.00,5.362,0.00021,2.681,0.00011,19.48,0.098,3.016,0.00012,32.17,0.0013,0.00,0.00,0.00,2.513,0.251,2.011,0.00,0.00,0.0050
-93.75769393,42.02183864,20,TaskName 6/2/2025 (GreenStar 4 Monitor),Surpass/agsaver/callisto/atrazine,111,6/2/2025,0.801,On,1087.4,52.50,31.87,6.559,7.699,3.334,358.20,19.99,20.08,0,3,41.71,6/2/2025,Good,0.00,0.00,0.00,0.00,0.00,0.00,0.00,5.355,0.00039,2.678,0.00019,19.45,0.181,3.012,0.00022,32.13,0.0023,0.00,0.00,0.00,2.510,0.251,2.008,0.00,0.00,0.0093
-93.75769401,42.02184338,20,TaskName 6/2/2025 (GreenStar 4 Monitor),Surpass/agsaver/callisto/atrazine,112,6/2/2025,0.199,On,1087.4,51.25,31.25,6.319,1.844,3.150,358.15,19.99,20.08,0,3,39.26,6/2/2025,Good,0.00,0.00,0.00,0.00,0.00,0.00,0.00,5.354,9.077e-05,2.677,4.538e-05,19.45,0.042,3.012,5.106e-05,32.12,0.00054,0.00,0.00,0.00,2.510,0.251,2.008,0.00,0.00,0.0022
-93.75769405,42.02184775,20,TaskName 6/2/2025 (GreenStar 4 Monitor),Surpass/agsaver/callisto/atrazine,113,6/2/2025,0.200,On,1087.3,47.50,29.37,6.237,1.828,2.932,358.09,19.99,20.16,0,3,35.88,6/2/2025,Good,0.00,0.00,0.00,0.00,0.00,0.00,0.00,5.377,8.373e-05,2.688,4.187e-05,19.53,0.039,3.024,4.710e-05,32.26,0.00050,0.00,0.00,0.00,2.520,0.252,2.016,0.00,0.00,0.0020
-93.75769416,42.02185207,20,TaskName 6/2/2025 (GreenStar 4 Monitor),Surpass/agsaver/callisto/atrazine,114,6/2/2025,0.200,On,1087.3,45.00,28.12,6.062,1.779,2.622,358.07,19.99,20.16,0,3,33.08,6/2/2025,Good,0.00,0.00,0.00,0.00,0.00,0.00,0.00,5.377,7.719e-05,2.688,3.860e-05,19.53,0.036,3.024,4.342e-05,32.26,0.00046,0.00,0.00,0.00,2.520,0.252,2.016,0.00,0.00,0.0018
-93.75878073,42.02071852,20,TaskName 5/12/2025 (GreenStar 4 Monitor),Valor/ag saver,1,5/12/2025,0.200,On,1091.5,2.500,-59.37,2.067,0.606,3.745,2.219,19.99,25.10,0,1,0.626,5/12/2025,Over Target,0.00,0.00,0.00,0.00,0.00,0.00,0.00,6.694,1.820e-06,3.347,9.101e-07,24.32,0.00085,3.765,1.024e-06,40.16,1.092e-05,0.00,0.00,0.00,3.138,0.314,2.510,0.00,0.00,3.481e-05
-93.75878062,42.02072337,20,TaskName 5/12/2025 (GreenStar 4 Monitor),Valor/ag saver,2,5/12/2025,0.400,On,1091.5,5.000,-58.12,2.622,1.531,3.437,2.415,19.99,18.55,0,1,1.582,5/12/2025,Good,0.00,0.00,0.00,0.00,0.00,0.00,0.00,4.946,6.792e-06,2.473,3.396e-06,17.97,0.0032,2.782,3.820e-06,29.68,4.075e-05,0.00,0.00,0.00,2.319,0.232,1.855,0.00,0.00,0.00018
-93.75878059,42.02072605,20,TaskName 5/12/2025 (GreenStar 4 Monitor),Valor/ag saver,3,5/12/2025,0.199,On,1091.5,8.750,-56.25,2.953,0.866,3.910,2.541,19.99,23.30,0,1,3.146,5/12/2025,Over Target,0.00,0.00,0.00,0.00,0.00,0.00,0.00,6.212,8.439e-06,3.106,4.219e-06,22.57,0.0039,3.494,4.747e-06,37.27,5.063e-05,0.00,0.00,0.00,2.912,0.291,2.330,0.00,0.00,0.00017
-93.75878041,42.02072883,20,TaskName 5/12/2025 (GreenStar 4 Monitor),Valor/ag saver,4,5/12/2025,0.201,On,1091.4,10.00,-55.62,2.476,0.731,4.207,2.556,19.99,22.40,0,1,3.006,5/12/2025,Good,0.00,0.00,0.00,0.00,0.00,0.00,0.00,5.973,7.832e-06,2.986,3.916e-06,21.70,0.0036,3.360,4.405e-06,35.84,4.699e-05,0.00,0.00,0.00,2.800,0.280,2.240,0.00,0.00,0.00017
-93.75878009,42.02073176,20,TaskName 5/12/2025 (GreenStar 4 Monitor),Valor/ag saver,5,5/12/2025,0.199,On,1091.4,11.25,-55.00,2.769,0.810,4.597,2.439,19.99,17.65,0,1,3.784,5/12/2025,Good,0.00,0.00,0.00,0.00,0.00,0.00,0.00,4.707,7.691e-06,2.353,3.846e-06,17.10,0.0036,2.648,4.326e-06,28.24,4.615e-05,0.00,0.00,0.00,2.206,0.221,1.765,0.00,0.00,0.00021
-93.75877898,42.02073809,20,TaskName 5/12/2025 (GreenStar 4 Monitor),Valor/ag saver,6,5/12/2025,0.400,On,1091.3,12.50,-54.37,3.148,1.846,6.292,1.819,19.99,20.94,0,1,4.768,5/12/2025,Good,0.00,0.00,0.00,0.00,0.00,0.00,0.00,5.584,2.311e-05,2.792,1.156e-05,20.29,0.011,3.141,1.300e-05,33.51,0.00014,0.00,0.00,0.00,2.618,0.262,2.094,0.00,0.00,0.00053
-93.75877831,42.02074580,20,TaskName 5/12/2025 (GreenStar 4 Monitor),Valor/ag saver,7,5/12/2025,0.400,On,1091.3,13.75,-53.75,3.635,2.128,7.396,1.451,19.99,19.69,0,1,6.046,5/12/2025,Good,0.00,0.00,0.00,0.00,0.00,0.00,0.00,5.252,2.756e-05,2.626,1.378e-05,19.08,0.013,2.954,1.550e-05,31.51,0.00017,0.00,0.00,0.00,2.462,0.246,1.969,0.00,0.00,0.00067
-93.75877813,42.02075028,20,TaskName 5/12/2025 (GreenStar 4 Monitor),Valor/ag saver,8,5/12/2025,0.201,On,1091.4,16.25,-52.50,4.114,1.213,5.845,1.294,19.99,20.45,0,1,8.107,5/12/2025,Good,0.00,0.00,0.00,0.00,0.00,0.00,0.00,5.454,1.929e-05,2.727,9.643e-06,19.81,0.0090,3.068,1.085e-05,32.72,0.00012,0.00,0.00,0.00,2.556,0.256,2.045,0.00,0.00,0.00045
-93.75877779,42.02075508,20,TaskName 5/12/2025 (GreenStar 4 Monitor),Valor/ag saver,9,5/12/2025,0.205,On,1091.3,20.00,-50.62,4.532,1.364,4.676,1.074,19.99,19.60,0,1,11.00,5/12/2025,Good,0.00,0.00,0.00,0.00,0.00,0.00,0.00,5.226,2.557e-05,2.613,1.279e-05,18.98,0.012,2.939,1.438e-05,31.35,0.00015,0.00,0.00,0.00,2.450,0.245,1.960,0.00,0.00,0.00063
-93.75877765,42.02075993,20,TaskName 5/12/2025 (GreenStar 4 Monitor),Valor/ag saver,10,5/12/2025,0.194,On,1091.1,21.25,-50.00,4.986,1.420,3.619,0.894,19.99,20.30,0,1,12.86,5/12/2025,Good,0.00,0.00,0.00,0.00,0.00,0.00,0.00,5.414,2.930e-05,2.707,1.465e-05,19.67,0.014,3.045,1.648e-05,32.48,0.00018,0.00,0.00,0.00,2.538,0.254,2.030,0.00,0.00,0.00069
-93.75877777,42.02076470,20,TaskName 5/12/2025 (GreenStar 4 Monitor),Valor/ag saver,11,5/12/2025,0.200,On,1091.0,25.00,-48.12,5.375,1.578,3.322,0.878,19.99,19.93,0,1,16.30,5/12/2025,Good,0.00,0.00,0.00,0.00,0.00,0.00,0.00,5.314,3.759e-05,2.657,1.879e-05,19.30,0.017,2.989,2.114e-05,31.88,0.00023,0.00,0.00,0.00,2.491,0.249,1.993,0.00,0.00,0.00091
-93.75877774,42.02076954,20,TaskName 5/12/2025 (GreenStar 4 Monitor),Valor/ag saver,12,5/12/2025,0.201,On,1090.8,27.50,-46.87,5.635,1.663,2.906,0.862,19.99,19.75,0,1,18.80,5/12/2025,Good,0.00,0.00,0.00,0.00,0.00,0.00,0.00,5.266,4.319e-05,2.633,2.159e-05,19.13,0.020,2.962,2.429e-05,31.59,0.00026,0.00,0.00,0.00,2.468,0.247,1.975,0.00,0.00,0.0010
-93.75877757,42.02077440,20,TaskName 5/12/2025 (GreenStar 4 Monitor),Valor/ag saver,13,5/12/2025,0.200,On,1090.8,30.00,-45.62,5.803,1.696,3.051,0.839,19.99,19.97,0,1,21.02,5/12/2025,Good,0.00,0.00,0.00,0.00,0.00,0.00,0.00,5.325,4.859e-05,2.663,2.429e-05,19.34,0.023,2.996,2.733e-05,31.95,0.00029,0.00,0.00,0.00,2.496,0.250,1.997,0.00,0.00,0.0012
-93.75877728,42.02077925,20,TaskName 5/12/2025 (GreenStar 4 Monitor),Valor/ag saver,14,5/12/2025,0.204,On,1090.8,31.25,-45.00,5.910,1.778,3.302,0.863,19.99,19.84,0,1,22.51,5/12/2025,Good,0.00,0.00,0.00,0.00,0.00,0.00,0.00,5.291,5.272e-05,2.646,2.636e-05,19.22,0.025,2.976,2.965e-05,31.75,0.00032,0.00,0.00,0.00,2.480,0.248,1.984,0.00,0.00,0.0013
-93.75877692,42.02078431,20,TaskName 5/12/2025 (GreenStar 4 Monitor),Valor/ag saver,15,5/12/2025,0.195,On,1090.9,32.50,-44.37,5.970,1.709,3.698,0.706,19.99,19.95,0,1,23.54,5/12/2025,Good,0.00,0.00,0.00,0.00,0.00,0.00,0.00,5.320,5.299e-05,2.660,2.649e-05,19.32,0.025,2.992,2.980e-05,31.92,0.00032,0.00,0.00,0.00,2.494,0.249,1.995,0.00,0.00,0.0013
-93.75877642,42.02078904,20,TaskName 5/12/2025 (GreenStar 4 Monitor),Valor/ag saver,16,5/12/2025,0.200,On,1090.9,35.00,-43.12,6.031,1.771,4.709,0.400,19.99,19.82,0,1,25.62,5/12/2025,Good,0.00,0.00,0.00,0.00,0.00,0.00,0.00,5.285,5.876e-05,2.643,2.938e-05,19.20,0.027,2.973,3.305e-05,31.71,0.00035,0.00,0.00,0.00,2.478,0.248,1.982,0.00,0.00,0.0014
-93.75877598,42.02079391,20,TaskName 5/12/2025 (GreenStar 4 Monitor),Valor/ag saver,17,5/12/2025,0.200,On,1090.9,37.50,-41.87,6.031,1.771,5.983,0.196,19.99,19.92,0,1,27.45,5/12/2025,Good,0.00,0.00,0.00,0.00,0.00,0.00,0.00,5.311,6.327e-05,2.656,3.163e-05,19.29,0.029,2.988,3.559e-05,31.87,0.00038,0.00,0.00,0.00,2.490,0.249,1.992,0.00,0.00,0.0015
-93.75877621,42.02079903,20,TaskName 5/12/2025 (GreenStar 4 Monitor),Valor/ag saver,18,5/12/2025,0.201,On,1090.9,40.00,-40.62,6.020,1.765,6.591,0.314,19.99,20.19,0,1,29.02,5/12/2025,Good,0.00,0.00,0.00,0.00,0.00,0.00,0.00,5.385,6.817e-05,2.693,3.409e-05,19.56,0.032,3.029,3.835e-05,32.31,0.00041,0.00,0.00,0.00,2.524,0.252,2.019,0.00,0.00,0.0016
-93.75877620,42.02080437,20,TaskName 5/12/2025 (GreenStar 4 Monitor),Valor/ag saver,19,5/12/2025,0.199,On,1090.9,41.25,-40.00,6.087,1.788,6.135,0.196,19.99,19.96,0,1,30.62,5/12/2025,Good,0.00,0.00,0.00,0.00,0.00,0.00,0.00,5.323,7.039e-05,2.661,3.519e-05,19.33,0.033,2.994,3.959e-05,31.94,0.00042,0.00,0.00,0.00,2.495,0.249,1.996,0.00,0.00,0.0017
-93.75877595,42.02081001,20,TaskName 5/12/2025 (GreenStar 4 Monitor),Valor/ag saver,20,5/12/2025,0.201,On,1090.8,43.75,-38.75,6.239,1.840,4.887,359.95,19.99,19.87,0,1,33.10,5/12/2025,Good,0.00,0.00,0.00,0.00,0.00,0.00,0.00,5.300,7.652e-05,2.650,3.826e-05,19.25,0.036,2.981,4.304e-05,31.80,0.00046,0.00,0.00,0.00,2.484,0.248,1.987,0.00,0.00,0.0018
-93.75877565,42.02081574,20,TaskName 5/12/2025 (GreenStar 4 Monitor),Valor/ag saver,21,5/12/2025,0.199,On,1090.8,46.25,-37.50,6.465,1.886,4.293,359.76,19.99,19.93,0,1,36.23,5/12/2025,Good,0.00,0.00,0.00,0.00,0.00,0.00,0.00,5.314,8.313e-05,2.657,4.157e-05,19.30,0.039,2.989,4.676e-05,31.88,0.00050,0.00,0.00,0.00,2.491,0.249,1.993,0.00,0.00,0.0020
-93.75877579,42.02082118,20,TaskName 5/12/2025 (GreenStar 4 Monitor),Valor/ag saver,22,5/12/2025,0.201,On,1090.7,51.25,-35.00,6.693,1.975,4.187,359.75,19.99,20.08,0,1,41.61,5/12/2025,Good,0.00,0.00,0.00,0.00,0.00,0.00,0.00,5.354,9.717e-05,2.677,4.859e-05,19.45,0.045,3.012,5.466e-05,32.12,0.00058,0.00,0.00,0.00,2.510,0.251,2.008,0.00,0.00,0.0023
-93.75877582,42.02082665,20,TaskName 5/12/2025 (GreenStar 4 Monitor),Valor/ag saver,23,5/12/2025,0.199,On,1090.7,56.25,-32.50,6.791,1.981,4.801,359.57,19.99,19.84,0,1,46.28,5/12/2025,Good,0.00,0.00,0.00,0.00,0.00,0.00,0.00,5.291,0.00011,2.646,5.288e-05,19.22,0.049,2.976,5.949e-05,31.75,0.00063,0.00,0.00,0.00,2.480,0.248,1.984,0.00,0.00,0.0026
-93.75877566,42.02083210,20,TaskName 5/12/2025 (GreenStar 4 Monitor),Valor/ag saver,24,5/12/2025,0.205,On,1090.7,58.75,-31.25,6.807,2.047,5.693,359.33,19.99,19.91,0,1,48.48,5/12/2025,Good,0.00,0.00,0.00,0.00,0.00,0.00,0.00,5.308,0.00011,2.654,5.724e-05,19.28,0.053,2.986,6.439e-05,31.85,0.00069,0.00,0.00,0.00,2.488,0.249,1.991,0.00,0.00,0.0028
-93.75877553,42.02083788,20,TaskName 5/12/2025 (GreenStar 4 Monitor),Valor/ag saver,25,5/12/2025,0.196,On,1090.8,60.00,-30.62,6.805,1.958,6.618,359.18,19.99,20.00,0,1,49.54,5/12/2025,Good,0.00,0.00,0.00,0.00,0.00,0.00,0.00,5.334,0.00011,2.667,5.620e-05,19.38,0.052,3.000,6.322e-05,32.00,0.00067,0.00,0.00,0.00,2.500,0.250,2.000,0.00,0.00,0.0027
-93.75877549,42.02084375,20,TaskName 5/12/2025 (GreenStar 4 Monitor),Valor/ag saver,26,5/12/2025,0.200,On,1090.8,62.50,-29.37,6.883,2.020,8.771,359.21,19.99,19.84,0,1,52.18,5/12/2025,Good,0.00,0.00,0.00,0.00,0.00,0.00,0.00,5.291,0.00012,2.646,5.992e-05,19.22,0.056,2.976,6.741e-05,31.75,0.00072,0.00,0.00,0.00,2.480,0.248,1.984,0.00,0.00,0.0029
-93.75877544,42.02084985,20,TaskName 5/12/2025 (GreenStar 4 Monitor),Valor/ag saver,27,5/12/2025,0.200,On,1090.8,65.00,-28.12,7.015,2.060,10.01,359.32,19.99,19.87,0,1,55.33,5/12/2025,Good,0.00,0.00,0.00,0.00,0.00,0.00,0.00,5.300,0.00013,2.650,6.363e-05,19.25,0.059,2.981,7.159e-05,31.80,0.00076,0.00,0.00,0.00,2.484,0.248,1.987,0.00,0.00,0.0031
-93.75877556,42.02085615,20,TaskName 5/12/2025 (GreenStar 4 Monitor),Valor/ag saver,28,5/12/2025,0.200,On,1090.9,68.75,-26.25,7.185,2.109,7.298,359.53,19.99,20.02,0,1,59.92,5/12/2025,Good,0.00,0.00,0.00,0.00,0.00,0.00,0.00,5.340,0.00014,2.670,6.943e-05,19.40,0.065,3.004,7.811e-05,32.04,0.00083,0.00,0.00,0.00,2.503,0.250,2.002,0.00,0.00,0.0033
-93.75877583,42.02086266,20,TaskName 5/12/2025 (GreenStar 4 Monitor),Valor/ag saver,29,5/12/2025,0.200,On,1090.9,71.25,-25.00,7.391,2.168,6.723,359.73,19.99,19.75,0,1,63.83,5/12/2025,Good,0.00,0.00,0.00,0.00,0.00,0.00,0.00,5.266,0.00015,2.633,7.294e-05,19.13,0.068,2.962,8.206e-05,31.59,0.00088,0.00,0.00,0.00,2.468,0.247,1.975,0.00,0.00,0.0035
-93.75877593,42.02086915,20,TaskName 5/12/2025 (GreenStar 4 Monitor),Valor/ag saver,30,5/12/2025,0.199,On,1090.9,77.50,-21.87,7.621,2.224,6.149,359.85,19.99,19.74,0,1,71.58,5/12/2025,Good,0.00,0.00,0.00,0.00,0.00,0.00,0.00,5.263,0.00016,2.631,8.134e-05,19.12,0.076,2.960,9.151e-05,31.58,0.00098,0.00,0.00,0.00,2.467,0.247,1.974,0.00,0.00,0.0040
-93.75877621,42.02087567,20,TaskName 5/12/2025 (GreenStar 4 Monitor),Valor/ag saver,31,5/12/2025,0.201,On,1090.9,81.25,-20.00,7.807,2.303,5.772,0.063,19.99,19.72,0,1,76.93,5/12/2025,Good,0.00,0.00,0.00,0.00,0.00,0.00,0.00,5.260,0.00018,2.630,8.825e-05,19.11,0.082,2.959,9.928e-05,31.56,0.0011,0.00,0.00,0.00,2.466,0.247,1.972,0.00,0.00,0.0043
-93.75877599,42.02088227,20,TaskName 5/12/2025 (GreenStar 4 Monitor),Valor/ag saver,32,5/12/2025,0.200,On,1090.9,86.25,-17.50,7.928,2.326,5.660,0.165,19.99,19.65,0,1,82.89,5/12/2025,Good,0.00,0.00,0.00,0.00,0.00,0.00,0.00,5.240,0.00019,2.620,9.425e-05,19.03,0.088,2.947,0.00011,31.44,0.0011,0.00,0.00,0.00,2.456,0.246,1.965,0.00,0.00,0.0046
-93.75877619,42.02088881,20,TaskName 5/12/2025 (GreenStar 4 Monitor),Valor/ag saver,33,5/12/2025,0.195,On,1090.9,87.50,-16.87,8.024,2.296,5.640,0.165,19.99,19.70,0,1,85.15,5/12/2025,Good,0.00,0.00,0.00,0.00,0.00,0.00,0.00,5.254,0.00019,2.627,9.466e-05,19.09,0.088,2.955,0.00011,31.52,0.0011,0.00,0.00,0.00,2.463,0.246,1.970,0.00,0.00,0.0046
-93.75877618,42.02089543,20,TaskName 5/12/2025 (GreenStar 4 Monitor),Valor/ag saver,34,5/12/2025,0.210,On,1090.9,90.00,-15.62,8.084,2.480,5.501,360.00,19.99,19.54,0,1,87.83,5/12/2025,Good,0.00,0.00,0.00,0.00,0.00,0.00,0.00,5.211,0.00021,2.606,0.00010,18.93,0.097,2.931,0.00012,31.27,0.0013,0.00,0.00,0.00,2.443,0.244,1.954,0.00,0.00,0.0051
-93.75877584,42.02090200,20,TaskName 5/12/2025 (GreenStar 4 Monitor),Valor/ag saver,35,5/12/2025,0.195,On,1090.9,93.75,-13.75,8.131,2.339,5.673,359.65,19.99,19.71,0,1,92.92,5/12/2025,Good,0.00,0.00,0.00,0.00,0.00,0.00,0.00,5.257,0.00021,2.628,0.00010,19.10,0.096,2.957,0.00012,31.54,0.0012,0.00,0.00,0.00,2.464,0.246,1.971,0.00,0.00,0.0050
-93.75877551,42.02090856,20,TaskName 5/12/2025 (GreenStar 4 Monitor),Valor/ag saver,36,5/12/2025,0.195,On,1090.9,96.25,-12.50,8.156,2.332,5.917,359.44,19.99,19.65,0,1,95.13,5/12/2025,Good,0.00,0.00,0.00,0.00,0.00,0.00,0.00,5.240,0.00021,2.620,0.00011,19.03,0.098,2.947,0.00012,31.44,0.0013,0.00,0.00,0.00,2.456,0.246,1.965,0.00,0.00,0.0052
-93.75877550,42.02091527,20,TaskName 5/12/2025 (GreenStar 4 Monitor),Valor/ag saver,37,5/12/2025,0.204,On,1090.9,100.00,-10.62,8.156,2.440,5.766,359.27,19.99,19.71,0,1,98.87,5/12/2025,Good,0.00,0.00,0.00,0.00,0.00,0.00,0.00,5.257,0.00023,2.628,0.00012,19.10,0.107,2.957,0.00013,31.54,0.0014,0.00,0.00,0.00,2.464,0.246,1.971,0.00,0.00,0.0056
-93.75877541,42.02092197,20,TaskName 5/12/2025 (GreenStar 4 Monitor),Valor/ag saver,38,5/12/2025,0.200,On,1090.9,106.25,-7.500,8.187,2.401,5.726,359.22,19.99,19.57,0,1,105.42,5/12/2025,Good,0.00,0.00,0.00,0.00,0.00,0.00,0.00,5.220,0.00024,2.610,0.00012,18.96,0.111,2.936,0.00013,31.32,0.0014,0.00,0.00,0.00,2.447,0.245,1.957,0.00,0.00,0.0059
-93.75877547,42.02092861,20,TaskName 5/12/2025 (GreenStar 4 Monitor),Valor/ag saver,39,5/12/2025,0.205,On,1090.8,108.75,-6.250,8.239,2.477,5.713,359.22,19.99,19.79,0,1,108.58,5/12/2025,Good,0.00,0.00,0.00,0.00,0.00,0.00,0.00,5.277,0.00025,2.638,0.00013,19.17,0.119,2.968,0.00014,31.66,0.0015,0.00,0.00,0.00,2.474,0.247,1.979,0.00,0.00,0.0062
-93.75877563,42.02093545,20,TaskName 5/12/2025 (GreenStar 4 Monitor),Valor/ag saver,40,5/12/2025,0.195,On,1090.9,113.75,-3.750,8.265,2.365,5.468,359.33,19.99,19.47,0,1,114.01,5/12/2025,Good,0.00,0.00,0.00,0.00,0.00,0.00,0.00,5.191,0.00025,2.596,0.00013,18.86,0.116,2.920,0.00014,31.15,0.0015,0.00,0.00,0.00,2.433,0.243,1.947,0.00,0.00,0.0062
-93.75877573,42.02094229,20,TaskName 5/12/2025 (GreenStar 4 Monitor),Valor/ag saver,41,5/12/2025,0.200,On,1090.9,116.25,-2.500,8.301,2.437,5.145,359.34,19.99,19.52,0,1,117.07,5/12/2025,Good,0.00,0.00,0.00,0.00,0.00,0.00,0.00,5.206,0.00026,2.603,0.00013,18.91,0.123,2.928,0.00015,31.23,0.0016,0.00,0.00,0.00,2.440,0.244,1.952,0.00,0.00,0.0065
-93.75877604,42.02097628,20,TaskName 5/12/2025 (GreenStar 4 Monitor),Valor/ag saver,42,5/12/2025,1.001,On,1090.8,121.25,0.00,8.398,12.33,5.413,359.90,19.99,19.72,0,1,123.43,5/12/2025,Good,0.00,0.00,0.00,0.00,0.00,0.00,0.00,5.259,0.0014,2.629,0.00071,19.10,0.656,2.958,0.00079,31.55,0.0085,0.00,0.00,0.00,2.465,0.246,1.972,0.00,0.00,0.034
-93.75877636,42.02101090,20,TaskName 5/12/2025 (GreenStar 4 Monitor),Valor/ag saver,43,5/12/2025,0.999,On,1090.8,121.25,0.00,8.510,12.47,6.047,0.157,19.99,19.78,0,1,125.13,5/12/2025,Good,0.00,0.00,0.00,0.00,0.00,0.00,0.00,5.273,0.0014,2.637,0.00072,19.16,0.665,2.966,0.00080,31.64,0.0086,0.00,0.00,0.00,2.472,0.247,1.978,0.00,0.00,0.035
-93.75877590,42.02104644,20,TaskName 5/12/2025 (GreenStar 4 Monitor),Valor/ag saver,44,5/12/2025,1.000,On,1090.8,121.25,0.00,8.704,12.77,5.838,359.67,19.99,19.83,0,1,127.96,5/12/2025,Good,0.00,0.00,0.00,0.00,0.00,0.00,0.00,5.289,0.0015,2.644,0.00073,19.21,0.683,2.975,0.00083,31.73,0.0088,0.00,0.00,0.00,2.479,0.248,1.983,0.00,0.00,0.036
-93.75877585,42.02108237,20,TaskName 5/12/2025 (GreenStar 4 Monitor),Valor/ag saver,45,5/12/2025,0.996,On,1090.8,121.25,0.00,8.878,12.97,5.360,359.47,19.99,19.85,0,1,130.49,5/12/2025,Good,0.00,0.00,0.00,0.00,0.00,0.00,0.00,5.294,0.0015,2.647,0.00075,19.23,0.694,2.978,0.00084,31.76,0.0090,0.00,0.00,0.00,2.482,0.248,1.985,0.00,0.00,0.036
-93.75877615,42.02111843,20,TaskName 5/12/2025 (GreenStar 4 Monitor),Valor/ag saver,46,5/12/2025,1.004,On,1090.8,121.25,0.00,8.945,13.18,5.976,359.76,19.99,19.94,0,1,131.51,5/12/2025,Good,0.00,0.00,0.00,0.00,0.00,0.00,0.00,5.317,0.0015,2.658,0.00076,19.31,0.708,2.991,0.00086,31.90,0.0091,0.00,0.00,0.00,2.492,0.249,1.994,0.00,0.00,0.037
-93.75877642,42.02115467,20,TaskName 5/12/2025 (GreenStar 4 Monitor),Valor/ag saver,47,5/12/2025,0.996,On,1090.9,121.25,0.00,8.969,13.09,6.213,359.91,19.99,19.95,0,1,131.74,5/12/2025,Good,0.00,0.00,0.00,0.00,0.00,0.00,0.00,5.320,0.0015,2.660,0.00076,19.32,0.704,2.992,0.00085,31.92,0.0091,0.00,0.00,0.00,2.494,0.249,1.995,0.00,0.00,0.036
-93.75877658,42.02119123,20,TaskName 5/12/2025 (GreenStar 4 Monitor),Valor/ag saver,48,5/12/2025,1.000,On,1090.9,121.25,0.00,9.039,13.28,5.693,359.95,19.99,19.93,0,1,133.02,5/12/2025,Good,0.00,0.00,0.00,0.00,0.00,0.00,0.00,5.314,0.0015,2.657,0.00077,19.30,0.713,2.989,0.00086,31.88,0.0092,0.00,0.00,0.00,2.491,0.249,1.993,0.00,0.00,0.037
-93.75877653,42.02122791,20,TaskName 5/12/2025 (GreenStar 4 Monitor),Valor/ag saver,49,5/12/2025,1.000,On,1091.0,121.25,0.00,9.106,13.36,5.167,359.83,19.99,19.93,0,1,133.87,5/12/2025,Good,0.00,0.00,0.00,0.00,0.00,0.00,0.00,5.314,0.0015,2.657,0.00077,19.30,0.718,2.989,0.00087,31.89,0.0093,0.00,0.00,0.00,2.491,0.249,1.993,0.00,0.00,0.037
-93.75877673,42.02126476,20,TaskName 5/12/2025 (GreenStar 4 Monitor),Valor/ag saver,50,5/12/2025,1.005,On,1091.0,121.25,0.00,9.142,13.47,5.081,360.00,19.99,19.94,0,1,134.28,5/12/2025,Good,0.00,0.00,0.00,0.00,0.00,0.00,0.00,5.318,0.0016,2.659,0.00078,19.32,0.724,2.991,0.00088,31.91,0.0093,0.00,0.00,0.00,2.493,0.249,1.994,0.00,0.00,0.037
-93.75877685,42.02130150,20,TaskName 5/12/2025 (GreenStar 4 Monitor),Valor/ag saver,51,5/12/2025,0.999,On,1091.1,121.25,0.00,9.107,13.36,5.408,0.078,19.99,19.97,0,1,134.04,5/12/2025,Good,0.00,0.00,0.00,0.00,0.00,0.00,0.00,5.325,0.0015,2.663,0.00077,19.34,0.720,2.995,0.00087,31.95,0.0093,0.00,0.00,0.00,2.496,0.250,1.997,0.00,0.00,0.037
-93.75877662,42.02133815,20,TaskName 5/12/2025 (GreenStar 4 Monitor),Valor/ag saver,52,5/12/2025,0.996,On,1091.2,121.25,0.00,9.118,13.31,5.406,359.98,19.99,19.97,0,1,133.91,5/12/2025,Good,0.00,0.00,0.00,0.00,0.00,0.00,0.00,5.324,0.0015,2.662,0.00077,19.34,0.717,2.995,0.00087,31.94,0.0092,0.00,0.00,0.00,2.496,0.250,1.997,0.00,0.00,0.037
-93.75877672,42.02137467,20,TaskName 5/12/2025 (GreenStar 4 Monitor),Valor/ag saver,53,5/12/2025,1.004,On,1091.4,121.25,0.00,9.077,13.39,6.333,0.039,19.99,19.91,0,1,133.60,5/12/2025,Good,0.00,0.00,0.00,0.00,0.00,0.00,0.00,5.310,0.0015,2.655,0.00077,19.29,0.719,2.987,0.00087,31.86,0.0093,0.00,0.00,0.00,2.489,0.249,1.991,0.00,0.00,0.037
-93.75877664,42.02141126,20,TaskName 5/12/2025 (GreenStar 4 Monitor),Valor/ag saver,54,5/12/2025,0.996,On,1091.7,121.25,0.00,9.088,13.28,6.273,0.141,19.99,19.99,0,1,133.62,5/12/2025,Good,0.00,0.00,0.00,0.00,0.00,0.00,0.00,5.330,0.0015,2.665,0.00077,19.36,0.716,2.998,0.00087,31.98,0.0092,0.00,0.00,0.00,2.499,0.250,1.999,0.00,0.00,0.037
-93.75877647,42.02144785,20,TaskName 5/12/2025 (GreenStar 4 Monitor),Valor/ag saver,55,5/12/2025,1.000,On,1092.0,121.25,0.00,9.112,13.36,5.543,359.94,19.99,19.92,0,1,133.87,5/12/2025,Good,0.00,0.00,0.00,0.00,0.00,0.00,0.00,5.312,0.0015,2.656,0.00077,19.30,0.718,2.988,0.00087,31.87,0.0093,0.00,0.00,0.00,2.490,0.249,1.992,0.00,0.00,0.037
-93.75877618,42.02148432,20,TaskName 5/12/2025 (GreenStar 4 Monitor),Valor/ag saver,56,5/12/2025,1.000,On,1092.3,121.25,0.00,9.073,13.31,5.788,359.71,19.99,20.01,0,1,133.41,5/12/2025,Good,0.00,0.00,0.00,0.00,0.00,0.00,0.00,5.335,0.0015,2.668,0.00077,19.38,0.718,3.001,0.00087,32.01,0.0093,0.00,0.00,0.00,2.501,0.250,2.001,0.00,0.00,0.037
-93.75877662,42.02152101,20,TaskName 5/12/2025 (GreenStar 4 Monitor),Valor/ag saver,57,5/12/2025,0.999,On,1092.7,121.25,0.00,9.076,13.32,5.688,359.94,19.99,19.96,0,1,133.58,5/12/2025,Good,0.00,0.00,0.00,0.00,0.00,0.00,0.00,5.324,0.0015,2.662,0.00077,19.34,0.717,2.995,0.00087,31.94,0.0093,0.00,0.00,0.00,2.496,0.250,1.996,0.00,0.00,0.037
-93.75877654,42.02155772,20,TaskName 5/12/2025 (GreenStar 4 Monitor),Valor/ag saver,58,5/12/2025,1.001,On,1093.0,121.25,0.00,9.118,13.40,5.647,359.98,19.99,19.97,0,1,134.10,5/12/2025,Good,0.00,0.00,0.00,0.00,0.00,0.00,0.00,5.325,0.0016,2.662,0.00078,19.34,0.721,2.995,0.00087,31.95,0.0093,0.00,0.00,0.00,2.496,0.250,1.997,0.00,0.00,0.037
-93.75877669,42.02159439,20,TaskName 5/12/2025 (GreenStar 4 Monitor),Valor/ag saver,59,5/12/2025,1.000,On,1093.3,121.25,0.00,9.118,13.38,5.638,0.071,19.99,19.97,0,1,134.07,5/12/2025,Good,0.00,0.00,0.00,0.00,0.00,0.00,0.00,5.327,0.0015,2.663,0.00077,19.35,0.721,2.996,0.00087,31.96,0.0093,0.00,0.00,0.00,2.497,0.250,1.997,0.00,0.00,0.037
-93.75877673,42.02163111,20,TaskName 5/12/2025 (GreenStar 4 Monitor),Valor/ag saver,60,5/12/2025,1.000,On,1093.5,121.25,0.00,9.140,13.41,4.809,0.180,19.99,20.00,0,1,134.40,5/12/2025,Good,0.00,0.00,0.00,0.00,0.00,0.00,0.00,5.334,0.0016,2.667,0.00078,19.38,0.723,3.000,0.00088,32.00,0.0093,0.00,0.00,0.00,2.500,0.250,2.000,0.00,0.00,0.037
-93.75877644,42.02166519,20,TaskName 5/12/2025 (GreenStar 4 Monitor),Valor/ag saver,61,5/12/2025,1.000,On,1093.7,121.25,0.00,8.875,13.02,4.056,359.95,19.99,19.95,0,1,130.45,5/12/2025,Good,0.00,0.00,0.00,0.00,0.00,0.00,0.00,5.321,0.0015,2.660,0.00075,19.33,0.700,2.993,0.00085,31.92,0.0090,0.00,0.00,0.00,2.494,0.249,1.995,0.00,0.00,0.036
-93.75877647,42.02169850,20,TaskName 5/12/2025 (GreenStar 4 Monitor),Valor/ag saver,62,5/12/2025,0.999,On,1093.7,121.25,0.00,8.300,12.17,6.339,359.81,19.99,20.15,0,1,122.03,5/12/2025,Good,0.00,0.00,0.00,0.00,0.00,0.00,0.00,5.374,0.0014,2.687,0.00071,19.52,0.661,3.023,0.00080,32.25,0.0085,0.00,0.00,0.00,2.519,0.252,2.015,0.00,0.00,0.034
-93.75877706,42.02173193,20,TaskName 5/12/2025 (GreenStar 4 Monitor),Valor/ag saver,63,5/12/2025,1.001,On,1093.6,121.25,0.00,8.384,12.31,3.347,0.314,19.99,20.03,0,1,123.26,5/12/2025,Good,0.00,0.00,0.00,0.00,0.00,0.00,0.00,5.341,0.0014,2.670,0.00072,19.40,0.665,3.004,0.00080,32.04,0.0086,0.00,0.00,0.00,2.504,0.250,2.003,0.00,0.00,0.034
-93.75877664,42.02176301,20,TaskName 5/12/2025 (GreenStar 4 Monitor),Valor/ag saver,64,5/12/2025,1.000,On,1093.6,121.25,0.00,8.028,11.77,4.020,0.094,19.99,19.98,0,1,117.99,5/12/2025,Good,0.00,0.00,0.00,0.00,0.00,0.00,0.00,5.328,0.0014,2.664,0.00068,19.35,0.634,2.997,0.00077,31.97,0.0082,0.00,0.00,0.00,2.497,0.250,1.998,0.00,0.00,0.033
-93.75877660,42.02179408,20,TaskName 5/12/2025 (GreenStar 4 Monitor),Valor/ag saver,65,5/12/2025,1.000,On,1093.6,121.25,0.00,7.721,11.33,4.187,0.055,19.99,20.09,0,1,113.52,5/12/2025,Good,0.00,0.00,0.00,0.00,0.00,0.00,0.00,5.358,0.0013,2.679,0.00066,19.46,0.614,3.014,0.00074,32.15,0.0079,0.00,0.00,0.00,2.511,0.251,2.009,0.00,0.00,0.032
-93.75877663,42.02182362,20,TaskName 5/12/2025 (GreenStar 4 Monitor),Valor/ag saver,66,5/12/2025,1.004,On,1093.2,121.25,0.00,7.592,11.18,3.277,0.047,19.99,19.94,0,1,111.60,5/12/2025,Good,0.00,0.00,0.00,0.00,0.00,0.00,0.00,5.318,0.0013,2.659,0.00065,19.32,0.601,2.992,0.00073,31.91,0.0078,0.00,0.00,0.00,2.493,0.249,1.994,0.00,0.00,0.031
-93.75877687,42.02184075,20,TaskName 5/12/2025 (GreenStar 4 Monitor),Valor/ag saver,67,5/12/2025,0.600,On,1093.4,121.25,0.00,7.261,6.392,3.130,0.306,19.99,19.92,0,1,106.76,5/12/2025,Good,0.00,0.00,0.00,0.00,0.00,0.00,0.00,5.313,0.00074,2.657,0.00037,19.30,0.343,2.989,0.00042,31.88,0.0044,0.00,0.00,0.00,2.491,0.249,1.992,0.00,0.00,0.018
-93.75877679,42.02184633,20,TaskName 5/12/2025 (GreenStar 4 Monitor),Valor/ag saver,68,5/12/2025,0.196,On,1093.4,28.75,46.25,7.136,2.053,3.850,0.133,19.99,19.98,0,1,24.89,5/12/2025,Good,0.00,0.00,0.00,0.00,0.00,0.00,0.00,5.328,5.641e-05,2.664,2.820e-05,19.35,0.026,2.997,3.173e-05,31.97,0.00034,0.00,0.00,0.00,2.498,0.250,1.998,0.00,0.00,0.0014
-93.75921594,42.02184844,20,TaskName 5/12/2025 (GreenStar 4 Monitor),Valor/ag saver,69,5/12/2025,0.195,On,1095.7,15.00,-51.87,2.962,0.847,6.162,181.52,19.99,20.31,0,2,5.385,5/12/2025,Good,0.00,0.00,0.00,0.00,0.00,0.00,0.00,5.417,1.234e-05,2.708,6.172e-06,19.68,0.0057,3.047,6.944e-06,32.50,7.406e-05,0.00,0.00,0.00,2.539,0.254,2.031,0.00,0.00,0.00029
-93.75921593,42.02184425,20,TaskName 5/12/2025 (GreenStar 4 Monitor),Valor/ag saver,70,5/12/2025,0.204,On,1095.7,72.50,-23.12,3.514,1.051,5.178,181.57,19.99,21.52,0,2,30.86,5/12/2025,Good,0.00,0.00,0.00,0.00,0.00,0.00,0.00,5.739,7.839e-05,2.869,3.920e-05,20.85,0.036,3.228,4.409e-05,34.43,0.00047,0.00,0.00,0.00,2.690,0.269,2.152,0.00,0.00,0.0017
-93.75921714,42.02182200,20,TaskName 5/12/2025 (GreenStar 4 Monitor),Valor/ag saver,71,5/12/2025,0.996,On,1095.7,120.00,0.625,4.763,6.896,6.737,180.68,19.99,21.39,0,2,68.67,5/12/2025,Good,0.00,0.00,0.00,0.00,0.00,0.00,0.00,5.703,0.00085,2.852,0.00042,20.72,0.394,3.208,0.00048,34.22,0.0051,0.00,0.00,0.00,2.673,0.267,2.139,0.00,0.00,0.019
-93.75921808,42.02179614,20,TaskName 5/12/2025 (GreenStar 4 Monitor),Valor/ag saver,72,5/12/2025,1.005,On,1095.7,120.00,0.625,5.941,8.720,5.055,180.16,19.99,20.70,0,2,86.05,5/12/2025,Good,0.00,0.00,0.00,0.00,0.00,0.00,0.00,5.520,0.0010,2.760,0.00052,20.05,0.482,3.105,0.00058,33.12,0.0062,0.00,0.00,0.00,2.587,0.259,2.070,0.00,0.00,0.024
-93.75921856,42.02177058,20,TaskName 5/12/2025 (GreenStar 4 Monitor),Valor/ag saver,73,5/12/2025,0.995,On,1095.6,120.00,0.625,6.324,9.236,5.413,179.88,19.99,20.19,0,2,92.05,5/12/2025,Good,0.00,0.00,0.00,0.00,0.00,0.00,0.00,5.384,0.0011,2.692,0.00054,19.56,0.498,3.028,0.00060,32.30,0.0064,0.00,0.00,0.00,2.524,0.252,2.019,0.00,0.00,0.025
-93.75921874,42.02174282,20,TaskName 5/12/2025 (GreenStar 4 Monitor),Valor/ag saver,74,5/12/2025,1.004,On,1095.6,120.00,0.625,6.554,9.646,6.514,179.63,19.99,20.12,0,2,95.28,5/12/2025,Good,0.00,0.00,0.00,0.00,0.00,0.00,0.00,5.367,0.0011,2.683,0.00056,19.49,0.518,3.019,0.00063,32.20,0.0067,0.00,0.00,0.00,2.516,0.252,2.012,0.00,0.00,0.027
-93.75921888,42.02171251,20,TaskName 5/12/2025 (GreenStar 4 Monitor),Valor/ag saver,75,5/12/2025,0.996,On,1095.5,120.00,0.625,7.240,10.56,4.847,179.37,19.99,19.93,0,2,105.19,5/12/2025,Good,0.00,0.00,0.00,0.00,0.00,0.00,0.00,5.315,0.0012,2.658,0.00060,19.31,0.562,2.990,0.00068,31.89,0.0073,0.00,0.00,0.00,2.492,0.249,1.993,0.00,0.00,0.029
-93.75921850,42.02168217,20,TaskName 5/12/2025 (GreenStar 4 Monitor),Valor/ag saver,76,5/12/2025,1.004,On,1095.4,120.00,0.625,7.522,11.07,4.750,179.85,19.99,19.94,0,2,109.38,5/12/2025,Good,0.00,0.00,0.00,0.00,0.00,0.00,0.00,5.317,0.0013,2.658,0.00063,19.31,0.589,2.991,0.00071,31.90,0.0076,0.00,0.00,0.00,2.492,0.249,1.994,0.00,0.00,0.031
-93.75921859,42.02165095,20,TaskName 5/12/2025 (GreenStar 4 Monitor),Valor/ag saver,77,5/12/2025,1.000,On,1095.3,120.00,0.625,7.635,11.19,4.958,179.79,19.99,20.07,0,2,110.98,5/12/2025,Good,0.00,0.00,0.00,0.00,0.00,0.00,0.00,5.352,0.0013,2.676,0.00064,19.44,0.599,3.011,0.00073,32.11,0.0077,0.00,0.00,0.00,2.509,0.251,2.007,0.00,0.00,0.031
-93.75921880,42.02161934,20,TaskName 5/12/2025 (GreenStar 4 Monitor),Valor/ag saver,78,5/12/2025,1.000,On,1095.2,120.00,0.625,7.821,11.47,5.125,179.53,19.99,19.87,0,2,113.72,5/12/2025,Good,0.00,0.00,0.00,0.00,0.00,0.00,0.00,5.299,0.0013,2.649,0.00065,19.25,0.608,2.981,0.00074,31.79,0.0078,0.00,0.00,0.00,2.484,0.248,1.987,0.00,0.00,0.032
-93.75921841,42.02158722,20,TaskName 5/12/2025 (GreenStar 4 Monitor),Valor/ag saver,79,5/12/2025,0.996,On,1095.2,120.00,0.625,7.910,11.54,5.178,179.93,19.99,19.94,0,2,114.89,5/12/2025,Good,0.00,0.00,0.00,0.00,0.00,0.00,0.00,5.317,0.0013,2.658,0.00066,19.31,0.614,2.991,0.00074,31.90,0.0079,0.00,0.00,0.00,2.492,0.249,1.994,0.00,0.00,0.032
-93.75921821,42.02155472,20,TaskName 5/12/2025 (GreenStar 4 Monitor),Valor/ag saver,80,5/12/2025,1.000,On,1095.1,120.00,0.625,8.030,11.78,4.409,179.85,19.99,19.99,0,2,116.81,5/12/2025,Good,0.00,0.00,0.00,0.00,0.00,0.00,0.00,5.331,0.0014,2.665,0.00068,19.36,0.628,2.998,0.00076,31.98,0.0081,0.00,0.00,0.00,2.499,0.250,1.999,0.00,0.00,0.032
-93.75921845,42.02152224,20,TaskName 5/12/2025 (GreenStar 4 Monitor),Valor/ag saver,81,5/12/2025,1.000,On,1095.0,120.00,0.625,8.078,11.83,4.933,179.76,19.99,19.96,0,2,117.33,5/12/2025,Good,0.00,0.00,0.00,0.00,0.00,0.00,0.00,5.324,0.0014,2.662,0.00068,19.34,0.630,2.995,0.00076,31.94,0.0081,0.00,0.00,0.00,2.496,0.250,1.996,0.00,0.00,0.033
-93.75921825,42.02148954,20,TaskName 5/12/2025 (GreenStar 4 Monitor),Valor/ag saver,82,5/12/2025,0.999,On,1094.8,120.00,0.625,8.072,11.83,5.061,179.78,19.99,19.97,0,2,117.48,5/12/2025,Good,0.00,0.00,0.00,0.00,0.00,0.00,0.00,5.327,0.0014,2.663,0.00068,19.35,0.631,2.996,0.00076,31.96,0.0081,0.00,0.00,0.00,2.497,0.250,1.997,0.00,0.00,0.033
-93.75921800,42.02145690,20,TaskName 5/12/2025 (GreenStar 4 Monitor),Valor/ag saver,83,5/12/2025,1.001,On,1094.7,120.00,0.625,8.119,11.91,4.456,179.97,19.99,19.96,0,2,118.02,5/12/2025,Good,0.00,0.00,0.00,0.00,0.00,0.00,0.00,5.321,0.0014,2.661,0.00068,19.33,0.634,2.993,0.00077,31.93,0.0082,0.00,0.00,0.00,2.494,0.249,1.996,0.00,0.00,0.033
-93.75921823,42.02142436,20,TaskName 5/12/2025 (GreenStar 4 Monitor),Valor/ag saver,84,5/12/2025,0.999,On,1094.5,120.00,0.625,8.092,11.85,4.081,179.91,19.99,20.06,0,2,117.64,5/12/2025,Good,0.00,0.00,0.00,0.00,0.00,0.00,0.00,5.348,0.0014,2.674,0.00068,19.43,0.634,3.008,0.00077,32.09,0.0082,0.00,0.00,0.00,2.507,0.251,2.006,0.00,0.00,0.033
-93.75921817,42.02139188,20,TaskName 5/12/2025 (GreenStar 4 Monitor),Valor/ag saver,85,5/12/2025,1.001,On,1094.4,120.00,0.625,8.076,11.85,3.925,179.95,19.99,19.96,0,2,117.41,5/12/2025,Good,0.00,0.00,0.00,0.00,0.00,0.00,0.00,5.323,0.0014,2.661,0.00068,19.34,0.631,2.994,0.00076,31.94,0.0081,0.00,0.00,0.00,2.495,0.250,1.996,0.00,0.00,0.033
-93.75921803,42.02135969,20,TaskName 5/12/2025 (GreenStar 4 Monitor),Valor/ag saver,86,5/12/2025,1.000,On,1094.2,120.00,0.625,8.045,11.79,4.210,180.02,19.99,19.96,0,2,116.94,5/12/2025,Good,0.00,0.00,0.00,0.00,0.00,0.00,0.00,5.322,0.0014,2.661,0.00068,19.33,0.628,2.994,0.00076,31.93,0.0081,0.00,0.00,0.00,2.495,0.249,1.996,0.00,0.00,0.032
-93.75921801,42.02132752,20,TaskName 5/12/2025 (GreenStar 4 Monitor),Valor/ag saver,87,5/12/2025,0.996,On,1094.0,120.00,0.625,7.996,11.68,4.442,180.08,19.99,19.94,0,2,116.26,5/12/2025,Good,0.00,0.00,0.00,0.00,0.00,0.00,0.00,5.317,0.0013,2.658,0.00067,19.31,0.621,2.991,0.00075,31.90,0.0080,0.00,0.00,0.00,2.492,0.249,1.994,0.00,0.00,0.032
-93.75921817,42.02129535,20,TaskName 5/12/2025 (GreenStar 4 Monitor),Valor/ag saver,88,5/12/2025,0.999,On,1093.9,120.00,0.625,8.015,11.74,4.473,179.98,19.99,19.96,0,2,116.53,5/12/2025,Good,0.00,0.00,0.00,0.00,0.00,0.00,0.00,5.322,0.0013,2.661,0.00067,19.33,0.625,2.994,0.00076,31.93,0.0081,0.00,0.00,0.00,2.495,0.249,1.996,0.00,0.00,0.032
-93.75921832,42.02126330,20,TaskName 5/12/2025 (GreenStar 4 Monitor),Valor/ag saver,89,5/12/2025,1.005,On,1093.9,120.00,0.625,7.984,11.75,4.642,179.98,19.99,19.89,0,2,115.97,5/12/2025,Good,0.00,0.00,0.00,0.00,0.00,0.00,0.00,5.303,0.0013,2.652,0.00067,19.26,0.624,2.983,0.00075,31.82,0.0080,0.00,0.00,0.00,2.486,0.249,1.989,0.00,0.00,0.032
-93.75921821,42.02123121,20,TaskName 5/12/2025 (GreenStar 4 Monitor),Valor/ag saver,90,5/12/2025,1.000,On,1093.7,120.00,0.625,7.955,11.68,4.692,179.95,19.99,19.88,0,2,115.84,5/12/2025,Good,0.00,0.00,0.00,0.00,0.00,0.00,0.00,5.302,0.0013,2.651,0.00067,19.26,0.620,2.982,0.00075,31.81,0.0080,0.00,0.00,0.00,2.485,0.249,1.988,0.00,0.00,0.032
-93.75921836,42.02119893,20,TaskName 5/12/2025 (GreenStar 4 Monitor),Valor/ag saver,91,5/12/2025,0.995,On,1093.6,120.00,0.625,7.996,11.68,4.505,179.91,19.99,19.91,0,2,116.37,5/12/2025,Good,0.00,0.00,0.00,0.00,0.00,0.00,0.00,5.311,0.0013,2.655,0.00067,19.29,0.620,2.987,0.00075,31.86,0.0080,0.00,0.00,0.00,2.489,0.249,1.991,0.00,0.00,0.032
-93.75921807,42.02116657,20,TaskName 5/12/2025 (GreenStar 4 Monitor),Valor/ag saver,92,5/12/2025,1.004,On,1093.4,120.00,0.625,8.037,11.84,4.301,180.05,19.99,19.84,0,2,116.98,5/12/2025,Good,0.00,0.00,0.00,0.00,0.00,0.00,0.00,5.290,0.0013,2.645,0.00067,19.21,0.627,2.975,0.00076,31.74,0.0081,0.00,0.00,0.00,2.479,0.248,1.984,0.00,0.00,0.033
-93.75921814,42.02113417,20,TaskName 5/12/2025 (GreenStar 4 Monitor),Valor/ag saver,93,5/12/2025,0.996,On,1093.3,120.00,0.625,8.048,11.76,4.564,180.06,19.99,19.93,0,2,117.14,5/12/2025,Good,0.00,0.00,0.00,0.00,0.00,0.00,0.00,5.314,0.0013,2.657,0.00067,19.30,0.626,2.989,0.00076,31.88,0.0081,0.00,0.00,0.00,2.491,0.249,1.993,0.00,0.00,0.032
-93.75921819,42.02110218,20,TaskName 5/12/2025 (GreenStar 4 Monitor),Valor/ag saver,94,5/12/2025,1.005,On,1093.2,120.00,0.625,7.972,11.76,5.524,179.98,19.99,19.81,0,2,116.02,5/12/2025,Good,0.00,0.00,0.00,0.00,0.00,0.00,0.00,5.283,0.0013,2.641,0.00067,19.19,0.622,2.972,0.00075,31.70,0.0080,0.00,0.00,0.00,2.476,0.248,1.981,0.00,0.00,0.032
-93.75921821,42.02107005,20,TaskName 5/12/2025 (GreenStar 4 Monitor),Valor/ag saver,95,5/12/2025,1.000,On,1093.2,120.00,0.625,7.955,11.67,5.410,180.06,19.99,19.93,0,2,115.76,5/12/2025,Good,0.00,0.00,0.00,0.00,0.00,0.00,0.00,5.313,0.0013,2.657,0.00067,19.30,0.621,2.989,0.00075,31.88,0.0080,0.00,0.00,0.00,2.491,0.249,1.993,0.00,0.00,0.032
-93.75921816,42.02103782,20,TaskName 5/12/2025 (GreenStar 4 Monitor),Valor/ag saver,96,5/12/2025,1.000,On,1093.1,120.00,0.625,8.021,11.77,4.602,180.09,19.99,19.95,0,2,116.74,5/12/2025,Good,0.00,0.00,0.00,0.00,0.00,0.00,0.00,5.319,0.0013,2.659,0.00067,19.32,0.626,2.992,0.00076,31.91,0.0081,0.00,0.00,0.00,2.493,0.249,1.995,0.00,0.00,0.032
-93.75921863,42.02100566,20,TaskName 5/12/2025 (GreenStar 4 Monitor),Valor/ag saver,97,5/12/2025,1.000,On,1093.0,120.00,0.625,8.011,11.74,4.632,179.79,19.99,19.94,0,2,116.47,5/12/2025,Good,0.00,0.00,0.00,0.00,0.00,0.00,0.00,5.317,0.0013,2.658,0.00067,19.31,0.625,2.991,0.00076,31.90,0.0081,0.00,0.00,0.00,2.492,0.249,1.994,0.00,0.00,0.032
-93.75921850,42.02097339,20,TaskName 5/12/2025 (GreenStar 4 Monitor),Valor/ag saver,98,5/12/2025,1.000,On,1093.0,120.00,0.625,7.997,11.74,4.561,179.82,19.99,19.90,0,2,116.44,5/12/2025,Good,0.00,0.00,0.00,0.00,0.00,0.00,0.00,5.306,0.0013,2.653,0.00067,19.27,0.623,2.985,0.00075,31.84,0.0080,0.00,0.00,0.00,2.487,0.249,1.990,0.00,0.00,0.032
-93.75921844,42.02094112,20,TaskName 5/12/2025 (GreenStar 4 Monitor),Valor/ag saver,99,5/12/2025,1.000,On,1092.8,120.00,0.625,8.020,11.77,5.681,179.83,19.99,15.65,0,2,116.70,5/12/2025,Under Target,0.00,0.00,0.00,0.00,0.00,0.00,0.00,4.174,0.0011,2.087,0.00053,15.16,0.491,2.348,0.00059,25.04,0.0063,0.00,0.00,0.00,1.956,0.196,1.565,0.00,0.00,0.032
-93.75921837,42.02093471,20,TaskName 5/12/2025 (GreenStar 4 Monitor),Valor/ag saver,100,5/12/2025,0.199,On,1092.8,120.00,0.625,8.015,2.342,7.701,179.87,19.99,11.08,0,2,116.70,5/12/2025,Under Target,0.00,0.00,0.00,0.00,0.00,0.00,0.00,2.953,0.00015,1.477,7.442e-05,10.73,0.069,1.661,8.373e-05,17.72,0.00089,0.00,0.00,0.00,1.384,0.138,1.108,0.00,0.00,0.0065
-93.75921819,42.02092133,20,TaskName 5/12/2025 (GreenStar 4 Monitor),Valor/ag saver,101,5/12/2025,0.401,On,1092.8,121.25,0.00,8.017,4.716,7.396,179.97,19.99,10.99,0,2,117.85,5/12/2025,Under Target,0.00,0.00,0.00,0.00,0.00,0.00,0.00,2.931,0.00030,1.466,0.00015,10.65,0.140,1.649,0.00017,17.59,0.0018,0.00,0.00,0.00,1.374,0.137,1.099,0.00,0.00,0.013
-93.75921824,42.02090806,20,TaskName 5/12/2025 (GreenStar 4 Monitor),Valor/ag saver,102,5/12/2025,0.400,On,1092.7,120.00,0.625,8.164,4.792,6.802,179.89,19.99,11.69,0,2,118.80,5/12/2025,Under Target,0.00,0.00,0.00,0.00,0.00,0.00,0.00,3.117,0.00032,1.559,0.00016,11.32,0.149,1.754,0.00018,18.70,0.0019,0.00,0.00,0.00,1.461,0.146,1.169,0.00,0.00,0.013
-93.75921650,42.02095819,20,TaskName 5/12/2025 (GreenStar 4 Monitor),Valor/ag saver,103,5/12/2025,1.000,On,1092.7,121.25,0.00,3.470,4.905,3.663,181.15,19.99,21.78,0,3,49.15,5/12/2025,Good,0.00,0.00,0.00,0.00,0.00,0.00,0.00,5.809,0.00062,2.905,0.00031,21.10,0.288,3.268,0.00035,34.86,0.0037,0.00,0.00,0.00,2.723,0.272,2.178,0.00,0.00,0.014
-93.75921748,42.02093881,20,TaskName 5/12/2025 (GreenStar 4 Monitor),Valor/ag saver,104,5/12/2025,1.000,On,1092.7,121.25,0.00,4.548,6.664,5.420,180.38,19.99,20.88,0,3,66.77,5/12/2025,Good,0.00,0.00,0.00,0.00,0.00,0.00,0.00,5.568,0.00081,2.784,0.00040,20.23,0.375,3.132,0.00045,33.41,0.0048,0.00,0.00,0.00,2.610,0.261,2.088,0.00,0.00,0.019
-93.75921754,42.02091692,20,TaskName 5/12/2025 (GreenStar 4 Monitor),Valor/ag saver,105,5/12/2025,1.000,On,1092.5,121.25,0.00,5.141,7.526,4.531,180.40,19.99,20.38,0,3,75.42,5/12/2025,Good,0.00,0.00,0.00,0.00,0.00,0.00,0.00,5.434,0.00089,2.717,0.00044,19.74,0.414,3.057,0.00050,32.60,0.0053,0.00,0.00,0.00,2.547,0.255,2.038,0.00,0.00,0.021
-93.75921749,42.02089481,20,TaskName 5/12/2025 (GreenStar 4 Monitor),Valor/ag saver,106,5/12/2025,1.000,On,1092.4,121.25,0.00,5.446,7.979,4.582,180.65,19.99,20.07,0,3,79.96,5/12/2025,Good,0.00,0.00,0.00,0.00,0.00,0.00,0.00,5.352,0.00093,2.676,0.00046,19.44,0.432,3.011,0.00052,32.11,0.0056,0.00,0.00,0.00,2.509,0.251,2.007,0.00,0.00,0.022
-93.75921781,42.02087169,20,TaskName 5/12/2025 (GreenStar 4 Monitor),Valor/ag saver,107,5/12/2025,1.000,On,1092.3,121.25,0.00,5.577,8.173,4.500,180.29,19.99,20.07,0,3,81.90,5/12/2025,Good,0.00,0.00,0.00,0.00,0.00,0.00,0.00,5.351,0.00095,2.675,0.00048,19.44,0.442,3.010,0.00053,32.10,0.0057,0.00,0.00,0.00,2.508,0.251,2.007,0.00,0.00,0.023
-93.75921795,42.02084849,20,TaskName 5/12/2025 (GreenStar 4 Monitor),Valor/ag saver,108,5/12/2025,1.000,On,1092.1,121.25,0.00,5.784,8.478,3.350,180.25,19.99,19.94,0,3,84.95,5/12/2025,Good,0.00,0.00,0.00,0.00,0.00,0.00,0.00,5.316,0.00098,2.658,0.00049,19.31,0.456,2.990,0.00055,31.90,0.0059,0.00,0.00,0.00,2.492,0.249,1.994,0.00,0.00,0.024
-93.75921818,42.02083453,20,TaskName 5/12/2025 (GreenStar 4 Monitor),Valor/ag saver,109,5/12/2025,0.596,On,1092.0,121.25,0.00,5.797,5.062,3.366,180.05,19.99,19.90,0,3,85.12,5/12/2025,Good,0.00,0.00,0.00,0.00,0.00,0.00,0.00,5.306,0.00058,2.653,0.00029,19.27,0.272,2.984,0.00033,31.83,0.0035,0.00,0.00,0.00,2.487,0.249,1.990,0.00,0.00,0.014
-93.75921795,42.02081131,20,TaskName 5/12/2025 (GreenStar 4 Monitor),Valor/ag saver,110,5/12/2025,1.004,On,1091.8,120.00,0.625,5.784,8.511,3.652,180.13,19.99,19.87,0,3,84.07,5/12/2025,Good,0.00,0.00,0.00,0.00,0.00,0.00,0.00,5.299,0.00097,2.649,0.00049,19.25,0.451,2.981,0.00055,31.79,0.0058,0.00,0.00,0.00,2.484,0.248,1.987,0.00,0.00,0.023
-93.75921814,42.02078785,20,TaskName 5/12/2025 (GreenStar 4 Monitor),Valor/ag saver,111,5/12/2025,0.996,On,1091.8,120.00,0.625,5.816,8.488,3.624,180.10,19.99,20.09,0,3,84.51,5/12/2025,Good,0.00,0.00,0.00,0.00,0.00,0.00,0.00,5.358,0.00098,2.679,0.00049,19.46,0.455,3.014,0.00055,32.15,0.0059,0.00,0.00,0.00,2.511,0.251,2.009,0.00,0.00,0.023
-93.75921817,42.02076440,20,TaskName 5/12/2025 (GreenStar 4 Monitor),Valor/ag saver,112,5/12/2025,1.005,On,1091.6,120.00,0.625,5.821,8.563,4.589,180.12,19.99,20.03,0,3,84.50,5/12/2025,Good,0.00,0.00,0.00,0.00,0.00,0.00,0.00,5.341,0.00098,2.671,0.00049,19.40,0.458,3.004,0.00055,32.05,0.0059,0.00,0.00,0.00,2.504,0.250,2.003,0.00,0.00,0.024
-93.75921811,42.02074082,20,TaskName 5/12/2025 (GreenStar 4 Monitor),Valor/ag saver,113,5/12/2025,0.999,On,1091.4,120.00,0.625,5.831,8.543,4.790,179.97,19.99,19.98,0,3,84.81,5/12/2025,Good,0.00,0.00,0.00,0.00,0.00,0.00,0.00,5.328,0.00098,2.664,0.00049,19.36,0.456,2.997,0.00055,31.97,0.0059,0.00,0.00,0.00,2.498,0.250,1.998,0.00,0.00,0.024
-93.75921818,42.02073609,20,TaskName 5/12/2025 (GreenStar 4 Monitor),Valor/ag saver,114,5/12/2025,0.200,On,1091.4,120.00,0.625,5.865,1.719,4.253,179.96,19.99,19.90,0,3,85.25,5/12/2025,Good,0.00,0.00,0.00,0.00,0.00,0.00,0.00,5.305,0.00020,2.653,9.815e-05,19.27,0.091,2.984,0.00011,31.83,0.0012,0.00,0.00,0.00,2.487,0.249,1.990,0.00,0.00,0.0047
-93.75921818,42.02072179,20,TaskName 5/12/2025 (GreenStar 4 Monitor),Valor/ag saver,115,5/12/2025,0.601,On,1091.5,118.75,1.250,5.920,5.213,3.849,179.98,19.99,20.05,0,3,85.13,5/12/2025,Good,0.00,0.00,0.00,0.00,0.00,0.00,0.00,5.347,0.00059,2.674,0.00030,19.42,0.276,3.008,0.00033,32.08,0.0036,0.00,0.00,0.00,2.507,0.251,2.005,0.00,0.00,0.014
-93.75921798,42.02071737,20,TaskName 5/12/2025 (GreenStar 4 Monitor),Valor/ag saver,116,5/12/2025,0.200,On,1091.5,116.25,2.500,5.901,1.719,3.144,180.05,19.99,19.85,0,3,82.58,5/12/2025,Good,0.00,0.00,0.00,0.00,0.00,0.00,0.00,5.294,0.00019,2.647,9.488e-05,19.23,0.088,2.978,0.00011,31.76,0.0011,0.00,0.00,0.00,2.482,0.248,1.985,0.00,0.00,0.0046
-93.75921793,42.02071316,20,TaskName 5/12/2025 (GreenStar 4 Monitor),Valor/ag saver,117,5/12/2025,0.200,On,1091.5,113.75,3.750,5.782,1.696,2.906,180.06,19.99,19.97,0,3,79.73,5/12/2025,Good,0.00,0.00,0.00,0.00,0.00,0.00,0.00,5.325,0.00018,2.663,9.214e-05,19.34,0.086,2.996,0.00010,31.95,0.0011,0.00,0.00,0.00,2.496,0.250,1.997,0.00,0.00,0.0044
-93.75921804,42.02070914,20,TaskName 5/12/2025 (GreenStar 4 Monitor),Valor/ag saver,118,5/12/2025,0.200,On,1091.5,111.25,5.000,5.608,1.644,3.362,179.91,19.99,20.03,0,3,75.56,5/12/2025,Good,0.00,0.00,0.00,0.00,0.00,0.00,0.00,5.343,0.00018,2.671,8.761e-05,19.41,0.081,3.005,9.856e-05,32.06,0.0011,0.00,0.00,0.00,2.504,0.250,2.003,0.00,0.00,0.0042
-93.75921823,42.02070514,20,TaskName 5/12/2025 (GreenStar 4 Monitor),Valor/ag saver,119,5/12/2025,0.200,On,1091.6,110.00,5.625,5.409,1.595,3.613,179.87,19.99,20.08,0,3,72.48,5/12/2025,Good,0.00,0.00,0.00,0.00,0.00,0.00,0.00,5.354,0.00017,2.677,8.421e-05,19.45,0.078,3.012,9.474e-05,32.12,0.0010,0.00,0.00,0.00,2.510,0.251,2.008,0.00,0.00,0.0040
-93.75921802,42.02070112,20,TaskName 5/12/2025 (GreenStar 4 Monitor),Valor/ag saver,120,5/12/2025,0.195,On,1091.7,108.75,6.250,5.246,1.499,4.128,179.99,19.99,20.11,0,3,69.11,5/12/2025,Good,0.00,0.00,0.00,0.00,0.00,0.00,0.00,5.362,0.00016,2.681,7.841e-05,19.48,0.073,3.016,8.821e-05,32.17,0.00094,0.00,0.00,0.00,2.514,0.251,2.011,0.00,0.00,0.0037
-93.75921787,42.02069736,20,TaskName 5/12/2025 (GreenStar 4 Monitor),Valor/ag saver,121,5/12/2025,0.204,On,1091.8,106.25,7.500,5.116,1.529,5.158,180.09,19.99,20.25,0,3,65.81,5/12/2025,Good,0.00,0.00,0.00,0.00,0.00,0.00,0.00,5.400,0.00016,2.700,7.866e-05,19.61,0.073,3.037,8.849e-05,32.40,0.00094,0.00,0.00,0.00,2.531,0.253,2.025,0.00,0.00,0.0037
-93.75921790,42.02069360,20,TaskName 5/12/2025 (GreenStar 4 Monitor),Valor/ag saver,122,5/12/2025,0.200,On,1091.8,105.00,8.125,4.979,1.460,5.957,180.05,19.99,20.29,0,3,63.35,5/12/2025,Good,0.00,0.00,0.00,0.00,0.00,0.00,0.00,5.411,0.00015,2.705,7.438e-05,19.66,0.069,3.044,8.368e-05,32.47,0.00089,0.00,0.00,0.00,2.536,0.254,2.029,0.00,0.00,0.0035
-93.75921809,42.02068988,20,TaskName 5/12/2025 (GreenStar 4 Monitor),Valor/ag saver,123,5/12/2025,0.196,On,1091.8,102.50,9.375,4.868,1.398,6.373,179.86,19.99,20.19,0,3,60.41,5/12/2025,Good,0.00,0.00,0.00,0.00,0.00,0.00,0.00,5.385,0.00014,2.693,6.918e-05,19.56,0.064,3.029,7.783e-05,32.31,0.00083,0.00,0.00,0.00,2.524,0.252,2.019,0.00,0.00,0.0033
-93.75921820,42.02068589,20,TaskName 5/12/2025 (GreenStar 4 Monitor),Valor/ag saver,124,5/12/2025,0.205,On,1091.9,101.25,10.000,4.780,1.437,6.406,179.78,19.99,20.18,0,3,58.66,5/12/2025,Good,0.00,0.00,0.00,0.00,0.00,0.00,0.00,5.382,0.00014,2.691,7.023e-05,19.55,0.065,3.028,7.901e-05,32.29,0.00084,0.00,0.00,0.00,2.523,0.252,2.018,0.00,0.00,0.0033
-93.75921822,42.02068163,20,TaskName 5/12/2025 (GreenStar 4 Monitor),Valor/ag saver,125,5/12/2025,0.199,On,1091.9,100.00,10.62,4.794,1.398,5.812,179.81,19.99,20.25,0,3,58.04,5/12/2025,Good,0.00,0.00,0.00,0.00,0.00,0.00,0.00,5.400,0.00014,2.700,6.768e-05,19.61,0.063,3.037,7.613e-05,32.40,0.00081,0.00,0.00,0.00,2.531,0.253,2.025,0.00,0.00,0.0032
-93.75921817,42.02067743,20,TaskName 5/12/2025 (GreenStar 4 Monitor),Valor/ag saver,126,5/12/2025,0.196,On,1091.9,97.50,11.87,4.923,1.408,5.501,179.89,19.99,20.32,0,3,57.86,5/12/2025,Good,0.00,0.00,0.00,0.00,0.00,0.00,0.00,5.419,0.00013,2.710,6.669e-05,19.69,0.062,3.048,7.503e-05,32.52,0.00080,0.00,0.00,0.00,2.540,0.254,2.032,0.00,0.00,0.0032
-93.75921810,42.02067318,20,TaskName 5/12/2025 (GreenStar 4 Monitor),Valor/ag saver,127,5/12/2025,0.204,On,1091.9,95.00,13.12,5.040,1.512,5.402,179.78,19.99,20.24,0,3,58.21,5/12/2025,Good,0.00,0.00,0.00,0.00,0.00,0.00,0.00,5.397,0.00014,2.698,6.954e-05,19.60,0.065,3.036,7.823e-05,32.38,0.00083,0.00,0.00,0.00,2.530,0.253,2.024,0.00,0.00,0.0033
-93.75921829,42.02066897,20,TaskName 5/12/2025 (GreenStar 4 Monitor),Valor/ag saver,128,5/12/2025,0.200,On,1091.8,92.50,14.37,5.127,1.503,5.059,179.63,19.99,20.10,0,3,57.44,5/12/2025,Good,0.00,0.00,0.00,0.00,0.00,0.00,0.00,5.360,0.00013,2.680,6.680e-05,19.47,0.062,3.015,7.515e-05,32.16,0.00080,0.00,0.00,0.00,2.512,0.251,2.010,0.00,0.00,0.0032
-93.75921826,42.02066463,20,TaskName 5/12/2025 (GreenStar 4 Monitor),Valor/ag saver,129,5/12/2025,0.195,On,1091.9,91.25,15.00,5.179,1.480,4.220,179.64,19.99,20.00,0,3,57.22,5/12/2025,Good,0.00,0.00,0.00,0.00,0.00,0.00,0.00,5.334,0.00013,2.667,6.458e-05,19.38,0.060,3.000,7.266e-05,32.00,0.00078,0.00,0.00,0.00,2.500,0.250,2.000,0.00,0.00,0.0031
-93.75921867,42.02066031,20,TaskName 5/12/2025 (GreenStar 4 Monitor),Valor/ag saver,130,5/12/2025,0.205,On,1092.0,88.75,16.25,5.248,1.575,4.134,179.45,19.99,19.90,0,3,56.35,5/12/2025,Good,0.00,0.00,0.00,0.00,0.00,0.00,0.00,5.305,0.00013,2.653,6.650e-05,19.27,0.062,2.984,7.481e-05,31.83,0.00080,0.00,0.00,0.00,2.487,0.249,1.990,0.00,0.00,0.0032
-93.75921876,42.02065612,20,TaskName 5/12/2025 (GreenStar 4 Monitor),Valor/ag saver,131,5/12/2025,0.201,On,1092.1,86.25,17.50,5.313,1.558,4.478,179.39,19.99,20.14,0,3,55.27,5/12/2025,Good,0.00,0.00,0.00,0.00,0.00,0.00,0.00,5.371,0.00013,2.686,6.474e-05,19.51,0.060,3.021,7.283e-05,32.23,0.00078,0.00,0.00,0.00,2.518,0.252,2.014,0.00,0.00,0.0031
-93.75921867,42.02065197,20,TaskName 5/12/2025 (GreenStar 4 Monitor),Valor/ag saver,132,5/12/2025,0.199,On,1092.1,85.00,18.12,5.310,1.555,4.418,179.40,19.99,19.99,0,3,54.90,5/12/2025,Good,0.00,0.00,0.00,0.00,0.00,0.00,0.00,5.331,0.00013,2.666,6.319e-05,19.37,0.059,2.999,7.109e-05,31.99,0.00076,0.00,0.00,0.00,2.499,0.250,1.999,0.00,0.00,0.0030
-93.75921860,42.02064786,20,TaskName 5/12/2025 (GreenStar 4 Monitor),Valor/ag saver,133,5/12/2025,0.196,On,1092.1,82.50,19.37,5.272,1.512,4.478,179.45,19.99,19.95,0,3,52.61,5/12/2025,Good,0.00,0.00,0.00,0.00,0.00,0.00,0.00,5.320,0.00012,2.660,5.953e-05,19.32,0.055,2.992,6.697e-05,31.92,0.00071,0.00,0.00,0.00,2.494,0.249,1.995,0.00,0.00,0.0029
-93.75921856,42.02064379,20,TaskName 5/12/2025 (GreenStar 4 Monitor),Valor/ag saver,134,5/12/2025,0.204,On,1092.1,80.00,20.62,5.221,1.562,4.491,179.36,19.99,20.16,0,3,50.61,5/12/2025,Good,0.00,0.00,0.00,0.00,0.00,0.00,0.00,5.377,0.00012,2.688,6.024e-05,19.53,0.056,3.024,6.777e-05,32.26,0.00072,0.00,0.00,0.00,2.520,0.252,2.016,0.00,0.00,0.0029
-93.75921854,42.02063952,20,TaskName 5/12/2025 (GreenStar 4 Monitor),Valor/ag saver,135,5/12/2025,0.200,On,1092.1,78.75,21.25,5.167,1.516,4.848,179.41,19.99,20.13,0,3,49.33,5/12/2025,Good,0.00,0.00,0.00,0.00,0.00,0.00,0.00,5.368,0.00011,2.684,5.746e-05,19.50,0.053,3.020,6.464e-05,32.21,0.00069,0.00,0.00,0.00,2.516,0.252,2.013,0.00,0.00,0.0027
-93.75921835,42.02063512,20,TaskName 5/12/2025 (GreenStar 4 Monitor),Valor/ag saver,136,5/12/2025,0.200,On,1092.1,76.25,22.50,5.174,1.516,4.663,179.62,19.99,20.22,0,3,47.76,5/12/2025,Good,0.00,0.00,0.00,0.00,0.00,0.00,0.00,5.391,0.00011,2.695,5.587e-05,19.58,0.052,3.032,6.286e-05,32.35,0.00067,0.00,0.00,0.00,2.527,0.253,2.022,0.00,0.00,0.0027
-93.75921803,42.02063080,20,TaskName 5/12/2025 (GreenStar 4 Monitor),Valor/ag saver,137,5/12/2025,0.200,On,1092.1,73.75,23.75,5.246,1.539,4.715,179.95,19.99,20.24,0,3,46.89,5/12/2025,Good,0.00,0.00,0.00,0.00,0.00,0.00,0.00,5.397,0.00011,2.698,5.492e-05,19.60,0.051,3.036,6.178e-05,32.38,0.00066,0.00,0.00,0.00,2.530,0.253,2.024,0.00,0.00,0.0026
-93.75921779,42.02062662,20,TaskName 5/12/2025 (GreenStar 4 Monitor),Valor/ag saver,138,5/12/2025,0.200,On,1092.1,71.25,25.00,5.302,1.555,4.973,180.18,19.99,20.22,0,3,45.79,5/12/2025,Good,0.00,0.00,0.00,0.00,0.00,0.00,0.00,5.391,0.00011,2.695,5.357e-05,19.58,0.050,3.032,6.026e-05,32.35,0.00064,0.00,0.00,0.00,2.527,0.253,2.022,0.00,0.00,0.0025
-93.75921768,42.02062234,20,TaskName 5/12/2025 (GreenStar 4 Monitor),Valor/ag saver,139,5/12/2025,0.196,On,1092.1,68.75,26.25,5.293,1.519,5.085,180.27,19.99,20.11,0,3,44.04,5/12/2025,Good,0.00,0.00,0.00,0.00,0.00,0.00,0.00,5.362,0.00010,2.681,5.022e-05,19.48,0.047,3.016,5.650e-05,32.17,0.00060,0.00,0.00,0.00,2.514,0.251,2.011,0.00,0.00,0.0024
-93.75921748,42.02061810,20,TaskName 5/12/2025 (GreenStar 4 Monitor),Valor/ag saver,140,5/12/2025,0.204,On,1092.2,67.50,26.87,5.290,1.581,4.907,180.43,19.99,20.18,0,3,43.24,5/12/2025,Good,0.00,0.00,0.00,0.00,0.00,0.00,0.00,5.382,0.00010,2.691,5.152e-05,19.55,0.048,3.028,5.796e-05,32.29,0.00062,0.00,0.00,0.00,2.523,0.252,2.018,0.00,0.00,0.0025
-93.75921743,42.02061388,20,TaskName 5/12/2025 (GreenStar 4 Monitor),Valor/ag saver,141,5/12/2025,0.195,On,1092.2,65.00,28.12,5.288,1.509,5.151,180.49,19.99,20.16,0,3,41.58,5/12/2025,Good,0.00,0.00,0.00,0.00,0.00,0.00,0.00,5.377,9.460e-05,2.688,4.730e-05,19.53,0.044,3.024,5.321e-05,32.26,0.00057,0.00,0.00,0.00,2.520,0.252,2.016,0.00,0.00,0.0023
-93.75921738,42.02060951,20,TaskName 5/12/2025 (GreenStar 4 Monitor),Valor/ag saver,142,5/12/2025,0.200,On,1092.2,62.50,29.37,5.277,1.545,4.782,180.56,19.99,20.27,0,3,39.91,5/12/2025,Good,0.00,0.00,0.00,0.00,0.00,0.00,0.00,5.405,9.363e-05,2.703,4.681e-05,19.63,0.044,3.040,5.267e-05,32.43,0.00056,0.00,0.00,0.00,2.534,0.253,2.027,0.00,0.00,0.0022
-93.75921730,42.02060511,20,TaskName 5/12/2025 (GreenStar 4 Monitor),Valor/ag saver,143,5/12/2025,0.205,On,1092.3,61.25,30.00,5.310,1.595,4.676,180.60,19.99,20.26,0,3,39.37,5/12/2025,Good,0.00,0.00,0.00,0.00,0.00,0.00,0.00,5.402,9.463e-05,2.701,4.731e-05,19.62,0.044,3.039,5.323e-05,32.41,0.00057,0.00,0.00,0.00,2.532,0.253,2.026,0.00,0.00,0.0022
-93.75921754,42.02060082,20,TaskName 5/12/2025 (GreenStar 4 Monitor),Valor/ag saver,144,5/12/2025,0.196,On,1092.4,58.75,31.25,5.362,1.539,4.874,180.37,19.99,20.29,0,3,38.12,5/12/2025,Good,0.00,0.00,0.00,0.00,0.00,0.00,0.00,5.411,8.773e-05,2.705,4.386e-05,19.66,0.041,3.044,4.935e-05,32.47,0.00053,0.00,0.00,0.00,2.536,0.254,2.029,0.00,0.00,0.0021
-93.75921792,42.02059645,20,TaskName 5/12/2025 (GreenStar 4 Monitor),Valor/ag saver,145,5/12/2025,0.204,On,1092.4,57.50,31.87,5.375,1.608,5.277,180.13,19.99,20.16,0,3,37.45,5/12/2025,Good,0.00,0.00,0.00,0.00,0.00,0.00,0.00,5.377,8.914e-05,2.688,4.457e-05,19.53,0.041,3.024,5.014e-05,32.26,0.00053,0.00,0.00,0.00,2.520,0.252,2.016,0.00,0.00,0.0021
-93.75921797,42.02059205,20,TaskName 5/12/2025 (GreenStar 4 Monitor),Valor/ag saver,146,5/12/2025,0.200,On,1092.5,55.00,33.12,5.387,1.578,5.231,180.06,19.99,20.10,0,3,35.87,5/12/2025,Good,0.00,0.00,0.00,0.00,0.00,0.00,0.00,5.360,8.343e-05,2.680,4.172e-05,19.47,0.039,3.015,4.693e-05,32.16,0.00050,0.00,0.00,0.00,2.512,0.251,2.010,0.00,0.00,0.0020
-93.75921792,42.02058764,20,TaskName 5/12/2025 (GreenStar 4 Monitor),Valor/ag saver,147,5/12/2025,0.201,On,1092.7,53.75,33.75,5.409,1.595,4.894,179.95,19.99,20.26,0,3,35.24,5/12/2025,Good,0.00,0.00,0.00,0.00,0.00,0.00,0.00,5.402,8.304e-05,2.701,4.152e-05,19.62,0.039,3.039,4.671e-05,32.41,0.00050,0.00,0.00,0.00,2.532,0.253,2.026,0.00,0.00,0.0020
-93.75921826,42.02058338,20,TaskName 5/12/2025 (GreenStar 4 Monitor),Valor/ag saver,148,5/12/2025,0.199,On,1092.7,51.25,35.00,5.440,1.585,5.343,179.69,19.99,20.24,0,3,33.73,5/12/2025,Good,0.00,0.00,0.00,0.00,0.00,0.00,0.00,5.397,7.861e-05,2.698,3.930e-05,19.60,0.037,3.036,4.422e-05,32.38,0.00047,0.00,0.00,0.00,2.530,0.253,2.024,0.00,0.00,0.0019
-93.75921848,42.02057920,20,TaskName 5/12/2025 (GreenStar 4 Monitor),Valor/ag saver,149,5/12/2025,0.200,On,1092.8,50.00,35.62,5.413,1.588,5.039,179.40,19.99,20.25,0,3,32.81,5/12/2025,Good,0.00,0.00,0.00,0.00,0.00,0.00,0.00,5.400,7.689e-05,2.700,3.844e-05,19.61,0.036,3.037,4.325e-05,32.40,0.00046,0.00,0.00,0.00,2.531,0.253,2.025,0.00,0.00,0.0018
-93.75921866,42.02057487,20,TaskName 5/12/2025 (GreenStar 4 Monitor),Valor/ag saver,150,5/12/2025,0.200,On,1092.8,47.50,36.87,5.355,1.568,4.920,179.16,19.99,20.24,0,3,30.78,5/12/2025,Good,0.00,0.00,0.00,0.00,0.00,0.00,0.00,5.397,7.210e-05,2.698,3.605e-05,19.60,0.034,3.036,4.056e-05,32.38,0.00043,0.00,0.00,0.00,2.530,0.253,2.024,0.00,0.00,0.0017
-93.75921871,42.02057056,20,TaskName 5/12/2025 (GreenStar 4 Monitor),Valor/ag saver,151,5/12/2025,0.201,On,1092.7,46.25,37.50,5.335,1.565,5.389,179.13,19.99,20.34,0,3,29.76,5/12/2025,Good,0.00,0.00,0.00,0.00,0.00,0.00,0.00,5.425,7.043e-05,2.713,3.521e-05,19.71,0.033,3.052,3.962e-05,32.55,0.00042,0.00,0.00,0.00,2.543,0.254,2.034,0.00,0.00,0.0017
-93.75921871,42.02056631,20,TaskName 5/12/2025 (GreenStar 4 Monitor),Valor/ag saver,152,5/12/2025,0.199,On,1092.8,43.75,38.75,5.335,1.565,5.079,179.29,19.99,20.32,0,3,28.43,5/12/2025,Good,0.00,0.00,0.00,0.00,0.00,0.00,0.00,5.419,6.655e-05,2.710,3.327e-05,19.69,0.031,3.048,3.743e-05,32.52,0.00040,0.00,0.00,0.00,2.540,0.254,2.032,0.00,0.00,0.0016
-93.75921860,42.02056208,20,TaskName 5/12/2025 (GreenStar 4 Monitor),Valor/ag saver,153,5/12/2025,0.200,On,1092.9,42.50,39.37,5.322,1.558,5.046,179.44,19.99,20.34,0,3,27.37,5/12/2025,Good,0.00,0.00,0.00,0.00,0.00,0.00,0.00,5.425,6.445e-05,2.713,3.222e-05,19.71,0.030,3.052,3.625e-05,32.55,0.00039,0.00,0.00,0.00,2.543,0.254,2.034,0.00,0.00,0.0015
-93.75921859,42.02055790,20,TaskName 5/12/2025 (GreenStar 4 Monitor),Valor/ag saver,154,5/12/2025,0.196,On,1093.0,41.25,40.00,5.306,1.522,5.217,179.55,19.99,20.33,0,3,26.48,5/12/2025,Good,0.00,0.00,0.00,0.00,0.00,0.00,0.00,5.422,6.107e-05,2.711,3.053e-05,19.70,0.028,3.050,3.435e-05,32.53,0.00037,0.00,0.00,0.00,2.542,0.254,2.033,0.00,0.00,0.0014
-93.75921846,42.02055378,20,TaskName 5/12/2025 (GreenStar 4 Monitor),Valor/ag saver,155,5/12/2025,0.204,On,1093.1,38.75,41.25,5.277,1.578,5.528,179.75,19.99,20.21,0,3,24.77,5/12/2025,Good,0.00,0.00,0.00,0.00,0.00,0.00,0.00,5.388,5.909e-05,2.694,2.955e-05,19.57,0.027,3.031,3.324e-05,32.33,0.00035,0.00,0.00,0.00,2.526,0.253,2.021,0.00,0.00,0.0014
-93.75921837,42.02054959,20,TaskName 5/12/2025 (GreenStar 4 Monitor),Valor/ag saver,156,5/12/2025,0.200,On,1093.2,37.50,41.87,5.243,1.535,5.521,179.98,19.99,20.48,0,3,23.79,5/12/2025,Good,0.00,0.00,0.00,0.00,0.00,0.00,0.00,5.462,5.641e-05,2.731,2.820e-05,19.84,0.026,3.073,3.173e-05,32.77,0.00034,0.00,0.00,0.00,2.560,0.256,2.048,0.00,0.00,0.0013
-93.75921815,42.02054538,20,TaskName 5/12/2025 (GreenStar 4 Monitor),Valor/ag saver,157,5/12/2025,0.196,On,1093.3,36.25,42.50,5.230,1.493,5.739,180.08,19.99,20.50,0,3,22.82,5/12/2025,Good,0.00,0.00,0.00,0.00,0.00,0.00,0.00,5.468,5.307e-05,2.734,2.653e-05,19.86,0.025,3.076,2.985e-05,32.81,0.00032,0.00,0.00,0.00,2.563,0.256,2.050,0.00,0.00,0.0012
-93.75921816,42.02054111,20,TaskName 5/12/2025 (GreenStar 4 Monitor),Valor/ag saver,158,5/12/2025,0.204,On,1093.3,33.75,43.75,5.232,1.572,6.228,180.09,19.99,20.38,0,3,21.49,5/12/2025,Good,0.00,0.00,0.00,0.00,0.00,0.00,0.00,5.434,5.169e-05,2.717,2.584e-05,19.74,0.024,3.056,2.908e-05,32.60,0.00031,0.00,0.00,0.00,2.547,0.255,2.038,0.00,0.00,0.0012
-93.75921815,42.02053676,20,TaskName 5/12/2025 (GreenStar 4 Monitor),Valor/ag saver,159,5/12/2025,0.200,On,1093.3,32.50,44.37,5.248,1.539,5.700,180.04,19.99,20.34,0,3,20.66,5/12/2025,Good,0.00,0.00,0.00,0.00,0.00,0.00,0.00,5.425,4.866e-05,2.713,2.433e-05,19.71,0.023,3.052,2.737e-05,32.55,0.00029,0.00,0.00,0.00,2.543,0.254,2.034,0.00,0.00,0.0011
-93.75921819,42.02053220,20,TaskName 5/12/2025 (GreenStar 4 Monitor),Valor/ag saver,160,5/12/2025,0.196,On,1093.2,30.00,45.62,5.290,1.519,4.907,179.89,19.99,20.29,0,3,19.22,5/12/2025,Good,0.00,0.00,0.00,0.00,0.00,0.00,0.00,5.411,4.422e-05,2.705,2.211e-05,19.66,0.021,3.044,2.488e-05,32.47,0.00027,0.00,0.00,0.00,2.536,0.254,2.029,0.00,0.00,0.0010
-93.75921860,42.02052754,20,TaskName 5/12/2025 (GreenStar 4 Monitor),Valor/ag saver,161,5/12/2025,0.204,On,1093.2,27.50,46.87,5.400,1.614,4.603,179.57,19.99,20.09,0,3,17.98,5/12/2025,Good,0.00,0.00,0.00,0.00,0.00,0.00,0.00,5.357,4.265e-05,2.678,2.132e-05,19.46,0.020,3.013,2.399e-05,32.14,0.00026,0.00,0.00,0.00,2.511,0.251,2.009,0.00,0.00,0.0010
-93.75921856,42.02052304,20,TaskName 5/12/2025 (GreenStar 4 Monitor),Valor/ag saver,162,5/12/2025,0.200,On,1093.2,26.25,47.50,5.527,1.621,4.682,179.69,19.99,20.49,0,3,17.58,5/12/2025,Good,0.00,0.00,0.00,0.00,0.00,0.00,0.00,5.465,4.170e-05,2.733,2.085e-05,19.85,0.019,3.074,2.346e-05,32.79,0.00025,0.00,0.00,0.00,2.562,0.256,2.049,0.00,0.00,0.00098
-93.75921812,42.02051855,20,TaskName 5/12/2025 (GreenStar 4 Monitor),Valor/ag saver,163,5/12/2025,0.200,On,1093.3,23.75,48.75,5.581,1.637,5.429,179.98,19.99,20.32,0,3,16.07,5/12/2025,Good,0.00,0.00,0.00,0.00,0.00,0.00,0.00,5.419,3.779e-05,2.710,1.890e-05,19.69,0.018,3.048,2.126e-05,32.52,0.00023,0.00,0.00,0.00,2.540,0.254,2.032,0.00,0.00,0.00089
-93.75921816,42.02051422,20,TaskName 5/12/2025 (GreenStar 4 Monitor),Valor/ag saver,164,5/12/2025,0.196,On,1093.3,22.50,49.37,5.595,1.608,4.999,179.96,19.99,20.24,0,3,15.25,5/12/2025,Good,0.00,0.00,0.00,0.00,0.00,0.00,0.00,5.397,3.501e-05,2.698,1.751e-05,19.60,0.016,3.036,1.969e-05,32.38,0.00021,0.00,0.00,0.00,2.530,0.253,2.024,0.00,0.00,0.00083
-93.75921852,42.02051012,20,TaskName 5/12/2025 (GreenStar 4 Monitor),Valor/ag saver,165,5/12/2025,0.199,On,1093.3,20.00,50.62,5.543,1.617,5.264,179.64,19.99,20.54,0,3,13.43,5/12/2025,Good,0.00,0.00,0.00,0.00,0.00,0.00,0.00,5.476,3.177e-05,2.738,1.589e-05,19.89,0.015,3.081,1.787e-05,32.86,0.00019,0.00,0.00,0.00,2.567,0.257,2.054,0.00,0.00,0.00074
-93.75921887,42.02050592,20,TaskName 5/12/2025 (GreenStar 4 Monitor),Valor/ag saver,166,5/12/2025,0.201,On,1093.4,18.75,51.25,5.427,1.591,5.435,179.35,19.99,19.98,0,3,12.27,5/12/2025,Good,0.00,0.00,0.00,0.00,0.00,0.00,0.00,5.328,2.851e-05,2.664,1.426e-05,19.35,0.013,2.997,1.604e-05,31.97,0.00017,0.00,0.00,0.00,2.498,0.250,1.998,0.00,0.00,0.00068
-93.75921882,42.02050169,20,TaskName 5/12/2025 (GreenStar 4 Monitor),Valor/ag saver,167,5/12/2025,0.199,On,1093.4,16.25,52.50,5.335,1.565,4.867,179.41,19.99,20.14,0,3,10.56,5/12/2025,Good,0.00,0.00,0.00,0.00,0.00,0.00,0.00,5.371,2.450e-05,2.686,1.225e-05,19.51,0.011,3.021,1.378e-05,32.23,0.00015,0.00,0.00,0.00,2.518,0.252,2.014,0.00,0.00,0.00058
-93.75921848,42.02049733,20,TaskName 5/12/2025 (GreenStar 4 Monitor),Valor/ag saver,168,5/12/2025,0.200,On,1093.5,15.00,53.12,5.293,1.552,4.689,179.66,19.99,20.48,0,3,9.619,5/12/2025,Good,0.00,0.00,0.00,0.00,0.00,0.00,0.00,5.462,2.280e-05,2.731,1.140e-05,19.84,0.011,3.073,1.283e-05,32.77,0.00014,0.00,0.00,0.00,2.560,0.256,2.048,0.00,0.00,0.00053
-93.75921838,42.02049305,20,TaskName 5/12/2025 (GreenStar 4 Monitor),Valor/ag saver,169,5/12/2025,0.200,On,1093.5,13.75,53.75,5.310,1.555,4.630,179.85,19.99,20.25,0,3,8.836,5/12/2025,Good,0.00,0.00,0.00,0.00,0.00,0.00,0.00,5.400,2.071e-05,2.700,1.035e-05,19.61,0.0096,3.037,1.165e-05,32.40,0.00012,0.00,0.00,0.00,2.531,0.253,2.025,0.00,0.00,0.00049
-93.75921841,42.02048868,20,TaskName 5/12/2025 (GreenStar 4 Monitor),Valor/ag saver,170,5/12/2025,0.200,On,1093.5,11.25,55.00,5.322,1.558,4.531,179.78,19.99,20.43,0,3,7.245,5/12/2025,Good,0.00,0.00,0.00,0.00,0.00,0.00,0.00,5.448,1.713e-05,2.724,8.565e-06,19.79,0.0080,3.064,9.636e-06,32.69,0.00010,0.00,0.00,0.00,2.554,0.255,2.043,0.00,0.00,0.00040
-93.75921842,42.02048455,20,TaskName 5/12/2025 (GreenStar 4 Monitor),Valor/ag saver,171,5/12/2025,0.205,On,1093.5,10.00,55.62,5.342,1.604,4.663,179.88,19.99,20.70,0,3,6.468,5/12/2025,Good,0.00,0.00,0.00,0.00,0.00,0.00,0.00,5.519,1.588e-05,2.760,7.941e-06,20.05,0.0074,3.105,8.933e-06,33.12,9.529e-05,0.00,0.00,0.00,2.587,0.259,2.070,0.00,0.00,0.00037
-93.75921814,42.02048051,20,TaskName 5/12/2025 (GreenStar 4 Monitor),Valor/ag saver,172,5/12/2025,0.195,On,1093.6,7.500,56.87,5.297,1.512,4.623,180.09,19.99,20.25,0,3,4.808,5/12/2025,Good,0.00,0.00,0.00,0.00,0.00,0.00,0.00,5.400,1.099e-05,2.700,5.493e-06,19.61,0.0051,3.037,6.179e-06,32.40,6.591e-05,0.00,0.00,0.00,2.531,0.253,2.025,0.00,0.00,0.00026
-93.75921791,42.02047652,20,TaskName 5/12/2025 (GreenStar 4 Monitor),Valor/ag saver,173,5/12/2025,0.200,On,1093.6,6.250,57.50,5.214,1.529,4.101,180.24,19.99,20.37,0,3,3.949,5/12/2025,Good,0.00,0.00,0.00,0.00,0.00,0.00,0.00,5.431,9.307e-06,2.715,4.654e-06,19.73,0.0043,3.055,5.235e-06,32.59,5.584e-05,0.00,0.00,0.00,2.546,0.255,2.037,0.00,0.00,0.00022
-93.75921799,42.02047269,20,TaskName 5/12/2025 (GreenStar 4 Monitor),Valor/ag saver,174,5/12/2025,0.201,On,1093.6,5.000,58.12,5.127,1.503,3.375,180.15,19.99,20.32,0,3,3.089,5/12/2025,Good,0.00,0.00,0.00,0.00,0.00,0.00,0.00,5.419,7.303e-06,2.710,3.651e-06,19.69,0.0034,3.048,4.108e-06,32.52,4.382e-05,0.00,0.00,0.00,2.540,0.254,2.032,0.00,0.00,0.00017
-93.75915733,42.02072832,20,TaskName 5/12/2025 (GreenStar 4 Monitor),Valor/ag saver,175,5/12/2025,0.200,On,1091.6,1.250,42.50,5.847,1.709,3.870,1.451,19.99,20.13,0,4,0.883,5/12/2025,Good,0.00,0.00,0.00,0.00,0.00,0.00,0.00,5.368,2.057e-06,2.684,1.028e-06,19.50,0.00096,3.020,1.157e-06,32.21,1.234e-05,0.00,0.00,0.00,2.516,0.252,2.013,0.00,0.00,4.904e-05
-93.75915465,42.02082563,20,TaskName 5/12/2025 (GreenStar 4 Monitor),Valor/ag saver,176,5/12/2025,1.001,On,1092.1,121.25,0.00,4.529,6.603,3.901,1.482,19.99,19.35,0,5,66.10,5/12/2025,Good,0.00,0.00,0.00,0.00,0.00,0.00,0.00,5.159,0.00074,2.580,0.00037,18.74,0.344,2.902,0.00042,30.96,0.0044,0.00,0.00,0.00,2.419,0.242,1.935,0.00,0.00,0.018
-93.75915388,42.02084613,20,TaskName 5/12/2025 (GreenStar 4 Monitor),Valor/ag saver,177,5/12/2025,1.000,On,1092.3,121.25,0.00,4.256,6.202,6.034,1.748,19.99,20.13,0,5,62.15,5/12/2025,Good,0.00,0.00,0.00,0.00,0.00,0.00,0.00,5.368,0.00072,2.684,0.00036,19.50,0.337,3.020,0.00041,32.21,0.0043,0.00,0.00,0.00,2.516,0.252,2.013,0.00,0.00,0.017
-93.75915304,42.02086791,20,TaskName 5/12/2025 (GreenStar 4 Monitor),Valor/ag saver,178,5/12/2025,0.999,On,1092.2,121.25,0.00,5.417,7.938,2.246,1.756,19.99,19.68,0,5,79.62,5/12/2025,Good,0.00,0.00,0.00,0.00,0.00,0.00,0.00,5.249,0.00091,2.625,0.00045,19.07,0.421,2.953,0.00051,31.50,0.0054,0.00,0.00,0.00,2.461,0.246,1.968,0.00,0.00,0.022
-93.75915168,42.02088705,20,TaskName 5/12/2025 (GreenStar 4 Monitor),Valor/ag saver,179,5/12/2025,1.001,On,1092.3,121.25,0.00,5.018,7.362,4.169,359.67,19.99,19.09,0,5,73.70,5/12/2025,Good,0.00,0.00,0.00,0.00,0.00,0.00,0.00,5.092,0.00082,2.546,0.00041,18.50,0.379,2.864,0.00046,30.55,0.0049,0.00,0.00,0.00,2.387,0.239,1.909,0.00,0.00,0.020
-93.75915100,42.02090790,20,TaskName 5/12/2025 (GreenStar 4 Monitor),Valor/ag saver,180,5/12/2025,0.999,On,1092.3,121.25,0.00,4.957,7.252,3.866,358.44,19.99,19.80,0,5,72.74,5/12/2025,Good,0.00,0.00,0.00,0.00,0.00,0.00,0.00,5.281,0.00083,2.641,0.00042,19.18,0.387,2.971,0.00047,31.69,0.0050,0.00,0.00,0.00,2.476,0.248,1.980,0.00,0.00,0.020
-93.75915252,42.02092867,20,TaskName 5/12/2025 (GreenStar 4 Monitor),Valor/ag saver,181,5/12/2025,0.996,On,1092.4,121.25,0.00,5.207,7.590,3.317,359.71,19.99,19.72,0,5,76.36,5/12/2025,Good,0.00,0.00,0.00,0.00,0.00,0.00,0.00,5.260,0.00087,2.630,0.00043,19.11,0.404,2.959,0.00049,31.56,0.0052,0.00,0.00,0.00,2.466,0.247,1.972,0.00,0.00,0.021
-93.75915240,42.02094941,20,TaskName 5/12/2025 (GreenStar 4 Monitor),Valor/ag saver,182,5/12/2025,1.004,On,1092.4,121.25,0.00,5.129,7.554,3.974,359.76,19.99,19.91,0,5,75.39,5/12/2025,Good,0.00,0.00,0.00,0.00,0.00,0.00,0.00,5.310,0.00087,2.655,0.00044,19.29,0.406,2.987,0.00049,31.86,0.0052,0.00,0.00,0.00,2.489,0.249,1.991,0.00,0.00,0.021
-93.75915215,42.02097058,20,TaskName 5/12/2025 (GreenStar 4 Monitor),Valor/ag saver,183,5/12/2025,0.995,On,1092.5,121.25,0.00,5.190,7.570,4.073,359.59,19.99,20.06,0,5,76.24,5/12/2025,Good,0.00,0.00,0.00,0.00,0.00,0.00,0.00,5.349,0.00088,2.675,0.00044,19.43,0.409,3.009,0.00050,32.09,0.0053,0.00,0.00,0.00,2.507,0.251,2.006,0.00,0.00,0.021
-93.75915266,42.02099322,20,TaskName 5/12/2025 (GreenStar 4 Monitor),Valor/ag saver,184,5/12/2025,1.000,On,1092.5,121.25,0.00,5.398,7.908,4.736,0.023,19.99,20.05,0,5,79.25,5/12/2025,Good,0.00,0.00,0.00,0.00,0.00,0.00,0.00,5.346,0.00092,2.673,0.00046,19.42,0.427,3.007,0.00052,32.08,0.0055,0.00,0.00,0.00,2.506,0.251,2.005,0.00,0.00,0.022
-93.75915275,42.02101739,20,TaskName 5/12/2025 (GreenStar 4 Monitor),Valor/ag saver,185,5/12/2025,1.006,On,1092.6,121.25,0.00,5.828,8.581,4.001,0.118,19.99,20.09,0,5,85.47,5/12/2025,Good,0.00,0.00,0.00,0.00,0.00,0.00,0.00,5.358,0.00100,2.679,0.00050,19.46,0.465,3.014,0.00056,32.15,0.0060,0.00,0.00,0.00,2.512,0.251,2.009,0.00,0.00,0.024
-93.75915253,42.02104233,20,TaskName 5/12/2025 (GreenStar 4 Monitor),Valor/ag saver,186,5/12/2025,0.995,On,1092.6,121.25,0.00,6.083,8.876,4.474,359.85,19.99,19.92,0,5,89.39,5/12/2025,Good,0.00,0.00,0.00,0.00,0.00,0.00,0.00,5.312,0.0010,2.656,0.00051,19.29,0.477,2.988,0.00058,31.87,0.0062,0.00,0.00,0.00,2.490,0.249,1.992,0.00,0.00,0.025
-93.75915253,42.02106864,20,TaskName 5/12/2025 (GreenStar 4 Monitor),Valor/ag saver,187,5/12/2025,1.000,On,1092.8,121.25,0.00,6.325,9.270,5.078,359.85,19.99,20.03,0,5,92.89,5/12/2025,Good,0.00,0.00,0.00,0.00,0.00,0.00,0.00,5.342,0.0011,2.671,0.00054,19.40,0.501,3.005,0.00061,32.05,0.0065,0.00,0.00,0.00,2.504,0.250,2.003,0.00,0.00,0.026
-93.75915278,42.02109617,20,TaskName 5/12/2025 (GreenStar 4 Monitor),Valor/ag saver,188,5/12/2025,1.000,On,1092.9,121.25,0.00,6.700,9.818,4.495,0.016,19.99,19.77,0,5,98.38,5/12/2025,Good,0.00,0.00,0.00,0.00,0.00,0.00,0.00,5.272,0.0011,2.636,0.00056,19.15,0.523,2.965,0.00063,31.63,0.0068,0.00,0.00,0.00,2.471,0.247,1.977,0.00,0.00,0.027
-93.75915283,42.02112373,20,TaskName 5/12/2025 (GreenStar 4 Monitor),Valor/ag saver,189,5/12/2025,1.000,On,1093.0,121.25,0.00,6.830,10.01,4.482,359.97,19.99,19.91,0,5,100.32,5/12/2025,Good,0.00,0.00,0.00,0.00,0.00,0.00,0.00,5.309,0.0012,2.655,0.00058,19.29,0.537,2.987,0.00065,31.86,0.0069,0.00,0.00,0.00,2.489,0.249,1.991,0.00,0.00,0.028
-93.75915292,42.02115131,20,TaskName 5/12/2025 (GreenStar 4 Monitor),Valor/ag saver,190,5/12/2025,0.999,On,1093.1,121.25,0.00,6.842,10.02,4.314,359.85,19.99,20.01,0,5,100.52,5/12/2025,Good,0.00,0.00,0.00,0.00,0.00,0.00,0.00,5.336,0.0012,2.668,0.00058,19.38,0.541,3.002,0.00065,32.02,0.0070,0.00,0.00,0.00,2.501,0.250,2.001,0.00,0.00,0.028
-93.75915298,42.02117879,20,TaskName 5/12/2025 (GreenStar 4 Monitor),Valor/ag saver,191,5/12/2025,1.000,On,1093.2,121.25,0.00,6.824,10.01,4.412,359.85,19.99,20.03,0,5,100.29,5/12/2025,Good,0.00,0.00,0.00,0.00,0.00,0.00,0.00,5.341,0.0012,2.671,0.00058,19.40,0.541,3.005,0.00065,32.05,0.0070,0.00,0.00,0.00,2.504,0.250,2.003,0.00,0.00,0.028
-93.75915312,42.02120632,20,TaskName 5/12/2025 (GreenStar 4 Monitor),Valor/ag saver,192,5/12/2025,1.005,On,1093.2,121.25,0.00,6.846,10.09,4.307,359.95,19.99,19.28,0,5,100.61,5/12/2025,Good,0.00,0.00,0.00,0.00,0.00,0.00,0.00,5.141,0.0011,2.570,0.00056,18.67,0.524,2.892,0.00063,30.84,0.0068,0.00,0.00,0.00,2.410,0.241,1.928,0.00,0.00,0.028
-93.75915332,42.02123393,20,TaskName 5/12/2025 (GreenStar 4 Monitor),Valor/ag saver,193,5/12/2025,0.996,On,1093.3,121.25,0.00,6.850,9.992,4.404,0.125,19.99,14.60,0,5,100.53,5/12/2025,Under Target,0.00,0.00,0.00,0.00,0.00,0.00,0.00,3.892,0.00085,1.946,0.00042,14.14,0.393,2.189,0.00048,23.35,0.0051,0.00,0.00,0.00,1.824,0.182,1.460,0.00,0.00,0.028
-93.75915349,42.02126133,20,TaskName 5/12/2025 (GreenStar 4 Monitor),Valor/ag saver,194,5/12/2025,1.000,On,1093.4,121.25,0.00,6.845,10.03,4.765,0.353,19.99,11.42,0,5,100.52,5/12/2025,Under Target,0.00,0.00,0.00,0.00,0.00,0.00,0.00,3.044,0.00066,1.522,0.00033,11.06,0.309,1.712,0.00037,18.26,0.0040,0.00,0.00,0.00,1.427,0.143,1.142,0.00,0.00,0.028
-93.75915342,42.02128884,20,TaskName 5/12/2025 (GreenStar 4 Monitor),Valor/ag saver,195,5/12/2025,0.999,On,1093.6,121.25,0.00,6.800,9.972,4.990,0.604,19.99,10.79,0,5,100.03,5/12/2025,Under Target,0.00,0.00,0.00,0.00,0.00,0.00,0.00,2.877,0.00062,1.439,0.00031,10.45,0.290,1.619,0.00035,17.26,0.0037,0.00,0.00,0.00,1.349,0.135,1.079,0.00,0.00,0.028
-93.75915331,42.02130524,20,TaskName 5/12/2025 (GreenStar 4 Monitor),Valor/ag saver,196,5/12/2025,0.601,On,1093.7,121.25,0.00,6.818,5.995,5.075,0.784,19.99,9.953,0,5,99.96,5/12/2025,Under Target,0.00,0.00,0.00,0.00,0.00,0.00,0.00,2.654,0.00035,1.327,0.00017,9.641,0.161,1.493,0.00019,15.92,0.0021,0.00,0.00,0.00,1.244,0.124,0.995,0.00,0.00,0.017
-93.75915586,42.02148024,20,TaskName 5/12/2025 (GreenStar 4 Monitor),Valor/ag saver,197,5/12/2025,0.999,On,1094.5,121.25,0.00,3.949,5.753,3.798,358.22,19.99,8.318,0,6,57.71,5/12/2025,Under Target,0.00,0.00,0.00,0.00,0.00,0.00,0.00,2.218,0.00028,1.109,0.00014,8.057,0.129,1.248,0.00016,13.31,0.0017,0.00,0.00,0.00,1.040,0.104,0.832,0.00,0.00,0.016
-93.75915636,42.02149973,20,TaskName 5/12/2025 (GreenStar 4 Monitor),Valor/ag saver,198,5/12/2025,1.000,On,1094.6,121.25,0.00,4.674,6.849,3.554,358.13,19.99,10.33,0,6,68.63,5/12/2025,Under Target,0.00,0.00,0.00,0.00,0.00,0.00,0.00,2.754,0.00041,1.377,0.00021,10.00,0.191,1.549,0.00023,16.52,0.0025,0.00,0.00,0.00,1.291,0.129,1.033,0.00,0.00,0.019
-93.75915750,42.02151981,20,TaskName 5/12/2025 (GreenStar 4 Monitor),Valor/ag saver,199,5/12/2025,1.001,On,1094.6,121.25,0.00,4.905,7.193,3.678,358.71,19.99,10.01,0,6,72.01,5/12/2025,Under Target,0.00,0.00,0.00,0.00,0.00,0.00,0.00,2.669,0.00042,1.335,0.00021,9.696,0.194,1.501,0.00023,16.02,0.0025,0.00,0.00,0.00,1.251,0.125,1.001,0.00,0.00,0.020
-93.75915829,42.02154020,20,TaskName 5/12/2025 (GreenStar 4 Monitor),Valor/ag saver,200,5/12/2025,0.999,On,1094.6,121.25,0.00,5.027,7.360,3.815,359.18,19.99,10.18,0,6,73.83,5/12/2025,Under Target,0.00,0.00,0.00,0.00,0.00,0.00,0.00,2.714,0.00043,1.357,0.00022,9.857,0.202,1.526,0.00024,16.28,0.0026,0.00,0.00,0.00,1.272,0.127,1.018,0.00,0.00,0.020
-93.75915863,42.02156056,20,TaskName 5/12/2025 (GreenStar 4 Monitor),Valor/ag saver,201,5/12/2025,1.000,On,1094.7,121.25,0.00,5.073,7.436,3.492,359.42,19.99,10.07,0,6,74.51,5/12/2025,Under Target,0.00,0.00,0.00,0.00,0.00,0.00,0.00,2.686,0.00043,1.343,0.00022,9.757,0.202,1.511,0.00024,16.12,0.0026,0.00,0.00,0.00,1.259,0.126,1.007,0.00,0.00,0.021
-93.75915892,42.02157937,20,TaskName 5/12/2025 (GreenStar 4 Monitor),Valor/ag saver,202,5/12/2025,0.996,On,1094.8,121.25,0.00,4.912,7.167,2.888,359.63,19.99,8.301,0,6,72.10,5/12/2025,Under Target,0.00,0.00,0.00,0.00,0.00,0.00,0.00,2.214,0.00034,1.107,0.00017,8.041,0.160,1.245,0.00019,13.28,0.0021,0.00,0.00,0.00,1.038,0.104,0.830,0.00,0.00,0.020
-93.75915904,42.02159602,20,TaskName 5/12/2025 (GreenStar 4 Monitor),Valor/ag saver,203,5/12/2025,1.004,On,1094.9,121.25,0.00,4.446,6.536,2.980,359.78,19.99,6.519,0,6,65.23,5/12/2025,Under Target,0.00,0.00,0.00,0.00,0.00,0.00,0.00,1.739,0.00025,0.869,0.00012,6.315,0.115,0.978,0.00014,10.43,0.0015,0.00,0.00,0.00,0.815,0.081,0.652,0.00,0.00,0.018
-93.75915918,42.02160880,20,TaskName 5/12/2025 (GreenStar 4 Monitor),Valor/ag saver,204,5/12/2025,1.001,On,1094.9,121.25,0.00,3.599,5.013,2.010,0.031,19.99,5.540,0,6,50.19,5/12/2025,Under Target,0.00,0.00,0.00,0.00,0.00,0.00,0.00,1.477,0.00016,0.739,8.053e-05,5.366,0.075,0.831,9.059e-05,8.864,0.00097,0.00,0.00,0.00,0.692,0.069,0.554,0.00,0.00,0.014
-93.75915904,42.02161197,20,TaskName 5/12/2025 (GreenStar 4 Monitor),Valor/ag saver,205,5/12/2025,0.795,On,1094.9,121.25,0.00,1.335,1.263,2.163,359.95,19.99,6.497,0,6,15.92,5/12/2025,Under Target,0.00,0.00,0.00,0.00,0.00,0.00,0.00,1.733,4.760e-05,0.866,2.380e-05,6.294,0.022,0.975,2.677e-05,10.40,0.00029,0.00,0.00,0.00,0.812,0.081,0.650,0.00,0.00,0.0035
-93.75915144,42.02183956,20,TaskName 5/12/2025 (GreenStar 4 Monitor),Valor/ag saver,206,5/12/2025,0.200,On,1095.0,121.25,0.00,0.090,0.061,2.366,358.96,19.99,0.00,0,7,3.070,5/12/2025,Under Target,0.00,0.00,0.00,0.00,0.00,0.00,0.00,0.00,0.00,0.00,0.00,0.00,0.00,0.00,0.00,0.00,0.00,0.00,0.00,0.00,0.00,0.00,0.00,0.00,0.00,0.00017
-93.75921239,42.02153699,20,TaskName 5/9/2025 (GreenStar 4 Monitor),Water,1,5/9/2025,1.005,On,1095.0,118.75,-1.250,1.589,2.329,3.526,176.64,19.99,124.84,0,1,22.75,5/9/2025,Over Target,0.00,0.00,0.00,0.00,0.00,0.00,0.00,33.29,0.0017,16.65,0.00083,120.93,0.768,18.73,0.00093,199.75,0.0099,0.00,0.00,0.00,15.61,1.561,12.48,0.00,0.793,0.0064
-93.75921161,42.02152982,20,TaskName 5/9/2025 (GreenStar 4 Monitor),Water,2,5/9/2025,0.995,On,1095.0,118.75,-1.250,1.725,2.484,3.880,177.00,19.99,155.05,0,1,24.50,5/9/2025,Over Target,0.00,0.00,0.00,0.00,0.00,0.00,0.00,41.35,0.0022,20.67,0.0011,150.20,1.017,23.26,0.0012,248.09,0.013,0.00,0.00,0.00,19.38,1.938,15.51,0.00,1.050,0.0068
-93.75921104,42.02152595,20,TaskName 5/9/2025 (GreenStar 4 Monitor),Water,3,5/9/2025,0.400,On,1095.0,118.75,-1.250,2.196,1.283,3.548,177.45,19.99,88.50,0,1,31.47,5/9/2025,Over Target,0.00,0.00,0.00,0.00,0.00,0.00,0.00,23.60,0.00064,11.80,0.00032,85.72,0.300,13.27,0.00036,141.60,0.0039,0.00,0.00,0.00,11.06,1.106,8.850,0.00,0.309,0.0035
-93.75921028,42.02151603,20,TaskName 5/9/2025 (GreenStar 4 Monitor),Water,4,5/9/2025,1.000,On,1094.9,120.00,-0.625,2.344,3.428,2.556,178.17,19.99,45.57,0,1,34.00,5/9/2025,Over Target,0.00,0.00,0.00,0.00,0.00,0.00,0.00,12.15,0.00090,6.076,0.00045,44.14,0.417,6.835,0.00050,72.91,0.0054,0.00,0.00,0.00,5.696,0.570,4.557,0.00,0.430,0.0094
-93.75920991,42.02150727,20,TaskName 5/9/2025 (GreenStar 4 Monitor),Water,5,5/9/2025,1.000,On,1094.9,120.00,-0.625,2.063,3.009,2.309,178.40,19.99,30.90,0,1,29.84,5/9/2025,Over Target,0.00,0.00,0.00,0.00,0.00,0.00,0.00,8.240,0.00053,4.120,0.00027,29.93,0.248,4.635,0.00030,49.44,0.0032,0.00,0.00,0.00,3.862,0.386,3.090,0.00,0.256,0.0083
-93.75920957,42.02149862,20,TaskName 5/9/2025 (GreenStar 4 Monitor),Water,6,5/9/2025,1.000,On,1094.8,120.00,-0.625,2.040,2.972,2.816,178.69,19.99,30.42,0,1,29.48,5/9/2025,Over Target,0.00,0.00,0.00,0.00,0.00,0.00,0.00,8.112,0.00052,4.056,0.00026,29.47,0.241,4.563,0.00029,48.67,0.0031,0.00,0.00,0.00,3.803,0.380,3.042,0.00,0.249,0.0082
-93.75920921,42.02148906,20,TaskName 5/9/2025 (GreenStar 4 Monitor),Water,7,5/9/2025,1.000,On,1094.8,120.00,-0.625,2.278,3.330,2.752,179.17,19.99,26.38,0,1,33.03,5/9/2025,Over Target,0.00,0.00,0.00,0.00,0.00,0.00,0.00,7.035,0.00050,3.517,0.00025,25.55,0.234,3.957,0.00028,42.21,0.0030,0.00,0.00,0.00,3.298,0.330,2.638,0.00,0.242,0.0092
-93.75920916,42.02147927,20,TaskName 5/9/2025 (GreenStar 4 Monitor),Water,8,5/9/2025,1.000,On,1094.7,120.00,-0.625,2.311,3.373,2.415,179.23,19.99,25.07,0,1,33.45,5/9/2025,Over Target,0.00,0.00,0.00,0.00,0.00,0.00,0.00,6.685,0.00049,3.343,0.00024,24.28,0.226,3.761,0.00027,40.11,0.0029,0.00,0.00,0.00,3.134,0.313,2.507,0.00,0.233,0.0093
-93.75920900,42.02147059,20,TaskName 5/9/2025 (GreenStar 4 Monitor),Water,9,5/9/2025,1.000,On,1094.7,120.00,-0.625,2.058,3.009,2.616,179.37,19.99,28.91,0,1,29.84,5/9/2025,Over Target,0.00,0.00,0.00,0.00,0.00,0.00,0.00,7.710,0.00050,3.855,0.00025,28.01,0.232,4.337,0.00028,46.26,0.0030,0.00,0.00,0.00,3.614,0.361,2.891,0.00,0.240,0.0083
-93.75920878,42.02146087,20,TaskName 5/9/2025 (GreenStar 4 Monitor),Water,10,5/9/2025,1.000,On,1094.7,120.00,-0.625,2.298,3.360,2.747,179.58,19.99,27.54,0,1,33.32,5/9/2025,Over Target,0.00,0.00,0.00,0.00,0.00,0.00,0.00,7.344,0.00053,3.672,0.00027,26.68,0.247,4.131,0.00030,44.06,0.0032,0.00,0.00,0.00,3.443,0.344,2.754,0.00,0.255,0.0093
-93.75920874,42.02145094,20,TaskName 5/9/2025 (GreenStar 4 Monitor),Water,11,5/9/2025,1.000,On,1094.6,120.00,-0.625,2.363,3.455,2.471,179.65,19.99,26.44,0,1,34.26,5/9/2025,Over Target,0.00,0.00,0.00,0.00,0.00,0.00,0.00,7.049,0.00052,3.525,0.00026,25.61,0.244,3.965,0.00029,42.30,0.0031,0.00,0.00,0.00,3.304,0.330,2.644,0.00,0.252,0.0095
-93.75920881,42.02144122,20,TaskName 5/9/2025 (GreenStar 4 Monitor),Water,12,5/9/2025,1.000,On,1094.6,120.00,-0.625,2.300,3.360,2.507,179.69,19.99,27.26,0,1,33.32,5/9/2025,Over Target,0.00,0.00,0.00,0.00,0.00,0.00,0.00,7.270,0.00053,3.635,0.00026,26.41,0.244,4.089,0.00030,43.62,0.0032,0.00,0.00,0.00,3.408,0.341,2.726,0.00,0.252,0.0093
-93.75920871,42.02143152,20,TaskName 5/9/2025 (GreenStar 4 Monitor),Water,13,5/9/2025,1.000,On,1094.5,120.00,-0.625,2.261,3.310,2.506,179.82,19.99,28.46,0,1,32.83,5/9/2025,Over Target,0.00,0.00,0.00,0.00,0.00,0.00,0.00,7.589,0.00054,3.794,0.00027,27.57,0.251,4.269,0.00030,45.53,0.0032,0.00,0.00,0.00,3.557,0.356,2.846,0.00,0.260,0.0091
-93.75920883,42.02142274,20,TaskName 5/9/2025 (GreenStar 4 Monitor),Water,14,5/9/2025,1.000,On,1094.4,120.00,-0.625,2.073,3.033,2.552,179.82,19.99,30.89,0,1,30.08,5/9/2025,Over Target,0.00,0.00,0.00,0.00,0.00,0.00,0.00,8.237,0.00054,4.119,0.00027,29.92,0.250,4.633,0.00030,49.42,0.0032,0.00,0.00,0.00,3.861,0.386,3.089,0.00,0.258,0.0084
-93.75920923,42.02141465,20,TaskName 5/9/2025 (GreenStar 4 Monitor),Water,15,5/9/2025,1.000,On,1094.4,120.00,-0.625,1.918,2.807,2.455,179.25,19.99,34.30,0,1,27.84,5/9/2025,Over Target,0.00,0.00,0.00,0.00,0.00,0.00,0.00,9.148,0.00055,4.574,0.00028,33.23,0.257,5.146,0.00031,54.89,0.0033,0.00,0.00,0.00,4.288,0.429,3.430,0.00,0.265,0.0077
-93.75920963,42.02140827,20,TaskName 5/9/2025 (GreenStar 4 Monitor),Water,16,5/9/2025,1.000,On,1094.3,120.00,-0.625,1.522,2.190,2.150,178.67,19.99,41.95,0,1,21.72,5/9/2025,Over Target,0.00,0.00,0.00,0.00,0.00,0.00,0.00,11.19,0.00053,5.593,0.00026,40.64,0.245,6.293,0.00030,67.12,0.0032,0.00,0.00,0.00,5.244,0.524,4.195,0.00,0.253,0.0060
-93.75920943,42.02140386,20,TaskName 5/9/2025 (GreenStar 4 Monitor),Water,17,5/9/2025,1.000,On,1094.3,120.00,-0.625,1.070,1.563,2.533,178.75,19.99,62.68,0,1,15.50,5/9/2025,Over Target,0.00,0.00,0.00,0.00,0.00,0.00,0.00,16.71,0.00056,8.357,0.00028,60.72,0.262,9.402,0.00032,100.29,0.0034,0.00,0.00,0.00,7.835,0.784,6.268,0.00,0.270,0.0043
-93.75920930,42.02139695,20,TaskName 5/9/2025 (GreenStar 4 Monitor),Water,18,5/9/2025,0.995,On,1094.3,120.00,-0.625,1.662,2.370,2.704,178.67,19.99,51.05,0,1,23.63,5/9/2025,Over Target,0.00,0.00,0.00,0.00,0.00,0.00,0.00,13.61,0.00069,6.807,0.00035,49.45,0.323,7.658,0.00039,81.68,0.0042,0.00,0.00,0.00,6.381,0.638,5.105,0.00,0.333,0.0065
-93.75920930,42.02138962,20,TaskName 5/9/2025 (GreenStar 4 Monitor),Water,19,5/9/2025,1.005,On,1094.2,120.00,-0.625,1.757,2.577,2.292,178.53,19.99,37.89,0,1,25.43,5/9/2025,Over Target,0.00,0.00,0.00,0.00,0.00,0.00,0.00,10.10,0.00056,5.051,0.00028,36.70,0.261,5.683,0.00032,60.62,0.0034,0.00,0.00,0.00,4.736,0.474,3.789,0.00,0.269,0.0071
-93.75920892,42.02137740,20,TaskName 5/9/2025 (GreenStar 4 Monitor),Water,20,5/9/2025,1.000,On,1094.3,120.00,-0.625,2.399,3.447,6.093,178.67,20.00,34.41,0,1,34.18,5/9/2025,Over Target,0.00,0.00,0.00,0.00,0.00,0.00,0.00,9.177,0.00068,4.588,0.00034,33.34,0.317,5.162,0.00038,55.06,0.0041,0.00,0.00,0.00,4.302,0.430,3.441,0.00,0.327,0.0095
-93.75920874,42.02135843,20,TaskName 5/9/2025 (GreenStar 4 Monitor),Water,21,5/9/2025,1.000,On,1094.0,120.00,-0.625,3.949,5.668,2.272,178.55,19.99,22.17,0,1,56.21,5/9/2025,Good,0.00,0.00,0.00,0.00,0.00,0.00,0.00,5.911,0.00072,2.956,0.00036,21.47,0.335,3.325,0.00041,35.47,0.0043,0.00,0.00,0.00,2.771,0.277,2.217,0.00,0.346,0.016
-93.75920842,42.02134519,20,TaskName 5/9/2025 (GreenStar 4 Monitor),Water,22,5/9/2025,0.800,On,1094.0,120.00,-0.625,4.426,5.184,1.964,178.56,19.99,15.11,0,1,64.27,5/9/2025,Under Target,0.00,0.00,0.00,0.00,0.00,0.00,0.00,4.029,0.00045,2.015,0.00022,14.64,0.209,2.267,0.00025,24.18,0.0027,0.00,0.00,0.00,1.889,0.189,1.511,0.00,0.216,0.014
-93.75920757,42.02131163,20,TaskName 5/9/2025 (GreenStar 4 Monitor),Water,23,5/9/2025,1.000,On,1093.8,120.00,-0.625,3.361,4.851,2.209,178.83,19.99,21.22,0,2,48.11,5/9/2025,Good,0.00,0.00,0.00,0.00,0.00,0.00,0.00,5.658,0.00059,2.829,0.00030,20.55,0.275,3.183,0.00033,33.95,0.0035,0.00,0.00,0.00,2.652,0.265,2.122,0.00,0.284,0.013
-93.75920733,42.02130135,20,TaskName 5/9/2025 (GreenStar 4 Monitor),Water,24,5/9/2025,1.005,On,1093.9,120.00,-0.625,2.458,3.617,2.727,178.87,19.99,27.80,0,2,35.69,5/9/2025,Over Target,0.00,0.00,0.00,0.00,0.00,0.00,0.00,7.413,0.00058,3.706,0.00029,26.93,0.268,4.170,0.00032,44.48,0.0035,0.00,0.00,0.00,3.475,0.347,2.780,0.00,0.277,0.0100
-93.75920702,42.02129288,20,TaskName 5/9/2025 (GreenStar 4 Monitor),Water,25,5/9/2025,0.795,On,1093.8,120.00,-0.625,2.493,2.904,2.733,179.02,19.99,28.16,0,2,36.23,5/9/2025,Over Target,0.00,0.00,0.00,0.00,0.00,0.00,0.00,7.508,0.00047,3.754,0.00023,27.27,0.218,4.223,0.00026,45.05,0.0028,0.00,0.00,0.00,3.519,0.352,2.816,0.00,0.225,0.0080
-93.75920691,42.02128450,20,TaskName 5/9/2025 (GreenStar 4 Monitor),Water,26,5/9/2025,1.005,On,1093.8,121.25,0.00,2.019,2.948,2.296,179.04,19.99,32.43,0,2,29.39,5/9/2025,Over Target,0.00,0.00,0.00,0.00,0.00,0.00,0.00,8.648,0.00055,4.324,0.00028,31.41,0.258,4.865,0.00031,51.89,0.0033,0.00,0.00,0.00,4.054,0.405,3.243,0.00,0.266,0.0082
-93.75920682,42.02127786,20,TaskName 5/9/2025 (GreenStar 4 Monitor),Water,27,5/9/2025,0.995,On,1093.8,121.25,0.00,1.573,2.236,2.386,179.07,19.99,41.26,0,2,22.52,5/9/2025,Over Target,0.00,0.00,0.00,0.00,0.00,0.00,0.00,11.00,0.00054,5.502,0.00027,39.97,0.249,6.190,0.00030,66.02,0.0032,0.00,0.00,0.00,5.158,0.516,4.126,0.00,0.257,0.0062
-93.75920675,42.02127716,20,TaskName 5/9/2025 (GreenStar 4 Monitor),Water,28,5/9/2025,0.405,On,1093.7,121.25,0.00,0.566,0.287,1.979,179.14,19.99,80.12,0,2,7.112,5/9/2025,Over Target,0.00,0.00,0.00,0.00,0.00,0.00,0.00,21.37,0.00013,10.68,6.678e-05,77.61,0.062,12.02,7.512e-05,128.20,0.00080,0.00,0.00,0.00,10.02,1.002,8.012,0.00,0.064,0.00080
-93.75920708,42.02126460,20,TaskName 5/9/2025 (GreenStar 4 Monitor),Water,29,5/9/2025,0.995,On,1093.7,121.25,0.00,1.896,2.731,1.959,178.75,19.99,34.73,0,3,27.51,5/9/2025,Over Target,0.00,0.00,0.00,0.00,0.00,0.00,0.00,9.262,0.00055,4.631,0.00028,33.64,0.256,5.210,0.00031,55.57,0.0033,0.00,0.00,0.00,4.342,0.434,3.473,0.00,0.264,0.0076
-93.75920707,42.02125813,20,TaskName 5/9/2025 (GreenStar 4 Monitor),Water,30,5/9/2025,1.005,On,1093.8,120.00,-0.625,1.579,2.295,3.072,178.71,19.99,44.02,0,3,22.65,5/9/2025,Over Target,0.00,0.00,0.00,0.00,0.00,0.00,0.00,11.74,0.00058,5.869,0.00029,42.64,0.270,6.602,0.00033,70.43,0.0035,0.00,0.00,0.00,5.502,0.550,4.402,0.00,0.278,0.0063
-93.75920683,42.02125285,20,TaskName 5/9/2025 (GreenStar 4 Monitor),Water,31,5/9/2025,0.595,On,1093.7,120.00,-0.625,2.025,1.765,2.699,178.86,20.00,37.24,0,3,29.42,5/9/2025,Over Target,0.00,0.00,0.00,0.00,0.00,0.00,0.00,9.930,0.00038,4.965,0.00019,36.07,0.175,5.586,0.00021,59.58,0.0023,0.00,0.00,0.00,4.655,0.465,3.724,0.00,0.181,0.0049
-93.75920677,42.02124490,20,TaskName 5/9/2025 (GreenStar 4 Monitor),Water,32,5/9/2025,1.000,On,1093.7,121.25,0.00,1.900,2.777,2.490,178.80,20.00,34.37,0,3,27.83,5/9/2025,Over Target,0.00,0.00,0.00,0.00,0.00,0.00,0.00,9.166,0.00055,4.583,0.00028,33.29,0.257,5.156,0.00031,54.99,0.0033,0.00,0.00,0.00,4.296,0.430,3.437,0.00,0.266,0.0077
-93.75920657,42.02123763,20,TaskName 5/9/2025 (GreenStar 4 Monitor),Water,33,5/9/2025,1.000,On,1093.6,121.25,0.00,1.721,2.515,2.556,178.93,19.99,38.00,0,3,25.20,5/9/2025,Over Target,0.00,0.00,0.00,0.00,0.00,0.00,0.00,10.13,0.00055,5.067,0.00028,36.81,0.258,5.700,0.00031,60.80,0.0033,0.00,0.00,0.00,4.750,0.475,3.800,0.00,0.266,0.0070
-93.75920631,42.02123157,20,TaskName 5/9/2025 (GreenStar 4 Monitor),Water,34,5/9/2025,1.005,On,1093.6,121.25,0.00,1.451,2.131,2.659,179.07,19.99,45.34,0,3,21.25,5/9/2025,Over Target,0.00,0.00,0.00,0.00,0.00,0.00,0.00,12.09,0.00056,6.045,0.00028,43.91,0.260,6.800,0.00032,72.54,0.0034,0.00,0.00,0.00,5.667,0.567,4.534,0.00,0.269,0.0059
-93.75920627,42.02122491,20,TaskName 5/9/2025 (GreenStar 4 Monitor),Water,35,5/9/2025,1.000,On,1093.6,121.25,0.00,1.552,2.276,2.755,179.09,19.99,44.96,0,3,22.81,5/9/2025,Over Target,0.00,0.00,0.00,0.00,0.00,0.00,0.00,11.99,0.00059,5.994,0.00030,43.55,0.276,6.743,0.00033,71.93,0.0036,0.00,0.00,0.00,5.619,0.562,4.496,0.00,0.285,0.0063
-93.75920603,42.02121898,20,TaskName 5/9/2025 (GreenStar 4 Monitor),Water,36,5/9/2025,0.995,On,1093.6,121.25,0.00,1.422,2.070,2.483,179.29,19.99,46.00,0,3,20.84,5/9/2025,Over Target,0.00,0.00,0.00,0.00,0.00,0.00,0.00,12.27,0.00055,6.133,0.00028,44.56,0.257,6.900,0.00031,73.60,0.0033,0.00,0.00,0.00,5.750,0.575,4.600,0.00,0.265,0.0058
-93.75920600,42.02121451,20,TaskName 5/9/2025 (GreenStar 4 Monitor),Water,37,5/9/2025,1.000,On,1093.5,121.25,0.00,1.068,1.554,2.449,179.29,19.99,59.91,0,3,15.58,5/9/2025,Over Target,0.00,0.00,0.00,0.00,0.00,0.00,0.00,15.98,0.00054,7.988,0.00027,58.03,0.251,8.986,0.00030,95.86,0.0032,0.00,0.00,0.00,7.489,0.749,5.991,0.00,0.259,0.0043
-93.75920603,42.02121089,20,TaskName 5/9/2025 (GreenStar 4 Monitor),Water,38,5/9/2025,1.000,On,1093.5,121.25,0.00,0.854,1.256,2.682,179.27,19.99,79.26,0,3,12.58,5/9/2025,Over Target,0.00,0.00,0.00,0.00,0.00,0.00,0.00,21.14,0.00058,10.57,0.00029,76.78,0.268,11.89,0.00032,126.82,0.0035,0.00,0.00,0.00,9.907,0.991,7.926,0.00,0.277,0.0035
-93.75920595,42.02120634,20,TaskName 5/9/2025 (GreenStar 4 Monitor),Water,39,5/9/2025,1.000,On,1093.5,121.25,0.00,1.078,1.571,2.749,179.31,19.99,70.83,0,3,15.74,5/9/2025,Over Target,0.00,0.00,0.00,0.00,0.00,0.00,0.00,18.89,0.00065,9.444,0.00032,68.61,0.300,10.62,0.00036,113.33,0.0039,0.00,0.00,0.00,8.854,0.885,7.083,0.00,0.310,0.0044
-93.75920583,42.02120083,20,TaskName 5/9/2025 (GreenStar 4 Monitor),Water,40,5/9/2025,1.000,On,1093.5,121.25,0.00,1.314,1.922,2.927,179.41,19.99,54.81,0,3,19.26,5/9/2025,Over Target,0.00,0.00,0.00,0.00,0.00,0.00,0.00,14.62,0.00061,7.309,0.00031,53.10,0.284,8.222,0.00034,87.70,0.0037,0.00,0.00,0.00,6.852,0.685,5.481,0.00,0.293,0.0053
-93.75920558,42.02119375,20,TaskName 5/9/2025 (GreenStar 4 Monitor),Water,41,5/9/2025,1.000,On,1093.4,121.25,0.00,1.669,2.444,2.959,179.56,19.99,44.45,0,3,24.49,5/9/2025,Over Target,0.00,0.00,0.00,0.00,0.00,0.00,0.00,11.85,0.00063,5.926,0.00031,43.06,0.293,6.667,0.00035,71.12,0.0038,0.00,0.00,0.00,5.556,0.556,4.445,0.00,0.302,0.0068
-93.75920557,42.02118565,20,TaskName 5/9/2025 (GreenStar 4 Monitor),Water,42,5/9/2025,1.000,On,1093.4,121.25,0.00,1.915,2.811,3.022,179.59,19.99,36.62,0,3,28.17,5/9/2025,Over Target,0.00,0.00,0.00,0.00,0.00,0.00,0.00,9.765,0.00060,4.883,0.00030,35.47,0.278,5.493,0.00034,58.59,0.0036,0.00,0.00,0.00,4.577,0.458,3.662,0.00,0.287,0.0078
-93.75920560,42.02117708,20,TaskName 5/9/2025 (GreenStar 4 Monitor),Water,43,5/9/2025,1.000,On,1093.3,121.25,0.00,2.020,2.962,2.887,179.61,19.99,33.56,0,3,29.68,5/9/2025,Over Target,0.00,0.00,0.00,0.00,0.00,0.00,0.00,8.950,0.00058,4.475,0.00029,32.51,0.268,5.034,0.00032,53.70,0.0035,0.00,0.00,0.00,4.195,0.420,3.356,0.00,0.277,0.0082
-93.75920546,42.02116909,20,TaskName 5/9/2025 (GreenStar 4 Monitor),Water,44,5/9/2025,1.000,On,1093.3,121.25,0.00,1.887,2.765,2.694,179.73,19.99,34.95,0,3,27.71,5/9/2025,Over Target,0.00,0.00,0.00,0.00,0.00,0.00,0.00,9.320,0.00056,4.660,0.00028,33.85,0.261,5.242,0.00032,55.92,0.0034,0.00,0.00,0.00,4.369,0.437,3.495,0.00,0.269,0.0077
-93.75920542,42.02115939,20,TaskName 5/9/2025 (GreenStar 4 Monitor),Water,45,5/9/2025,1.000,On,1093.3,121.25,0.00,2.331,3.333,4.424,179.82,19.99,35.02,0,3,33.40,5/9/2025,Over Target,0.00,0.00,0.00,0.00,0.00,0.00,0.00,9.337,0.00068,4.669,0.00034,33.92,0.315,5.252,0.00038,56.02,0.0041,0.00,0.00,0.00,4.377,0.438,3.502,0.00,0.325,0.0093
-93.75920529,42.02114641,20,TaskName 5/9/2025 (GreenStar 4 Monitor),Water,46,5/9/2025,1.000,On,1093.2,121.25,0.00,2.793,4.058,2.807,180.02,19.99,26.20,0,3,40.66,5/9/2025,Over Target,0.00,0.00,0.00,0.00,0.00,0.00,0.00,6.986,0.00062,3.493,0.00031,25.38,0.287,3.930,0.00035,41.92,0.0037,0.00,0.00,0.00,3.275,0.327,2.620,0.00,0.296,0.011
-93.75920541,42.02113391,20,TaskName 5/9/2025 (GreenStar 4 Monitor),Water,47,5/9/2025,1.000,On,1093.2,121.25,0.00,3.000,4.399,3.068,179.99,20.00,22.54,0,3,44.08,5/9/2025,Good,0.00,0.00,0.00,0.00,0.00,0.00,0.00,6.011,0.00057,3.005,0.00029,21.83,0.267,3.381,0.00032,36.07,0.0034,0.00,0.00,0.00,2.818,0.282,2.254,0.00,0.276,0.012
-93.75920544,42.02112109,20,TaskName 5/9/2025 (GreenStar 4 Monitor),Water,48,5/9/2025,1.000,On,1093.2,121.25,0.00,3.136,4.599,3.076,180.09,19.99,21.58,0,3,46.09,5/9/2025,Good,0.00,0.00,0.00,0.00,0.00,0.00,0.00,5.753,0.00058,2.877,0.00029,20.90,0.268,3.236,0.00032,34.52,0.0035,0.00,0.00,0.00,2.697,0.270,2.158,0.00,0.276,0.013
-93.75920562,42.02110844,20,TaskName 5/9/2025 (GreenStar 4 Monitor),Water,49,5/9/2025,1.000,On,1093.2,121.25,0.00,3.112,4.566,3.240,180.18,19.99,21.83,0,3,45.76,5/9/2025,Good,0.00,0.00,0.00,0.00,0.00,0.00,0.00,5.821,0.00058,2.910,0.00029,21.14,0.269,3.274,0.00033,34.92,0.0035,0.00,0.00,0.00,2.728,0.273,2.183,0.00,0.277,0.013
-93.75920566,42.02109544,20,TaskName 5/9/2025 (GreenStar 4 Monitor),Water,50,5/9/2025,1.000,On,1093.2,121.25,0.00,3.170,4.652,3.212,180.33,19.99,21.31,0,3,46.61,5/9/2025,Good,0.00,0.00,0.00,0.00,0.00,0.00,0.00,5.682,0.00057,2.841,0.00029,20.64,0.267,3.196,0.00032,34.09,0.0034,0.00,0.00,0.00,2.663,0.266,2.131,0.00,0.276,0.013
-93.75920579,42.02108249,20,TaskName 5/9/2025 (GreenStar 4 Monitor),Water,51,5/9/2025,1.000,On,1093.1,121.25,0.00,3.227,4.734,3.137,180.42,19.99,20.87,0,3,47.43,5/9/2025,Good,0.00,0.00,0.00,0.00,0.00,0.00,0.00,5.565,0.00057,2.783,0.00029,20.22,0.266,3.131,0.00032,33.39,0.0034,0.00,0.00,0.00,2.609,0.261,2.087,0.00,0.275,0.013
-93.75920603,42.02107042,20,TaskName 5/9/2025 (GreenStar 4 Monitor),Water,52,5/9/2025,1.000,On,1093.1,121.25,0.00,2.899,4.238,2.731,180.48,19.99,22.62,0,3,42.47,5/9/2025,Good,0.00,0.00,0.00,0.00,0.00,0.00,0.00,6.032,0.00056,3.016,0.00028,21.91,0.259,3.393,0.00031,36.19,0.0033,0.00,0.00,0.00,2.828,0.283,2.262,0.00,0.267,0.012
-93.75920615,42.02105851,20,TaskName 5/9/2025 (GreenStar 4 Monitor),Water,53,5/9/2025,1.000,On,1093.1,121.25,0.00,2.817,4.127,3.539,180.61,19.99,24.61,0,3,41.35,5/9/2025,Over Target,0.00,0.00,0.00,0.00,0.00,0.00,0.00,6.563,0.00059,3.281,0.00029,23.84,0.274,3.692,0.00033,39.38,0.0035,0.00,0.00,0.00,3.076,0.308,2.461,0.00,0.283,0.011
-93.75920629,42.02104563,20,TaskName 5/9/2025 (GreenStar 4 Monitor),Water,54,5/9/2025,1.000,On,1093.1,121.25,0.00,3.074,4.510,3.030,180.78,19.99,22.47,0,3,45.20,5/9/2025,Good,0.00,0.00,0.00,0.00,0.00,0.00,0.00,5.993,0.00059,2.996,0.00029,21.77,0.273,3.371,0.00033,35.96,0.0035,0.00,0.00,0.00,2.809,0.281,2.247,0.00,0.282,0.013
-93.75920665,42.02103447,20,TaskName 5/9/2025 (GreenStar 4 Monitor),Water,55,5/9/2025,0.795,On,1093.1,121.25,0.00,3.200,3.728,4.859,180.55,19.99,21.42,0,3,46.99,5/9/2025,Good,0.00,0.00,0.00,0.00,0.00,0.00,0.00,5.711,0.00046,2.856,0.00023,20.75,0.215,3.212,0.00026,34.27,0.0028,0.00,0.00,0.00,2.677,0.268,2.142,0.00,0.222,0.010
-93.75920726,42.02101632,20,TaskName 5/9/2025 (GreenStar 4 Monitor),Water,56,5/9/2025,1.000,On,1093.0,120.00,-0.625,3.912,5.698,3.968,179.75,19.99,19.58,0,3,56.51,5/9/2025,Good,0.00,0.00,0.00,0.00,0.00,0.00,0.00,5.222,0.00064,2.611,0.00032,18.97,0.298,2.937,0.00036,31.33,0.0038,0.00,0.00,0.00,2.448,0.245,1.958,0.00,0.307,0.016
-93.75920789,42.02099712,20,TaskName 5/9/2025 (GreenStar 4 Monitor),Water,57,5/9/2025,1.005,On,1092.9,120.00,-0.625,4.589,6.768,3.895,178.61,19.99,16.21,0,3,66.78,5/9/2025,Under Target,0.00,0.00,0.00,0.00,0.00,0.00,0.00,4.324,0.00063,2.162,0.00031,15.71,0.293,2.432,0.00035,25.94,0.0038,0.00,0.00,0.00,2.027,0.203,1.621,0.00,0.302,0.019
-93.75920744,42.02097633,20,TaskName 5/9/2025 (GreenStar 4 Monitor),Water,58,5/9/2025,0.995,On,1092.8,120.00,-0.625,4.940,7.204,4.049,178.64,19.99,16.25,0,3,71.80,5/9/2025,Under Target,0.00,0.00,0.00,0.00,0.00,0.00,0.00,4.333,0.00067,2.166,0.00034,15.74,0.312,2.437,0.00038,26.00,0.0040,0.00,0.00,0.00,2.031,0.203,1.625,0.00,0.322,0.020
-93.75920673,42.02095356,20,TaskName 5/9/2025 (GreenStar 4 Monitor),Water,59,5/9/2025,1.005,On,1092.8,121.25,0.00,5.262,7.749,7.478,179.07,19.99,17.33,0,3,77.26,5/9/2025,Good,0.00,0.00,0.00,0.00,0.00,0.00,0.00,4.623,0.00078,2.311,0.00039,16.79,0.362,2.600,0.00044,27.74,0.0047,0.00,0.00,0.00,2.167,0.217,1.733,0.00,0.374,0.022
-93.75920602,42.02092725,20,TaskName 5/9/2025 (GreenStar 4 Monitor),Water,60,5/9/2025,0.995,On,1092.5,121.25,0.00,6.258,9.117,4.297,178.76,19.99,18.79,0,3,91.82,5/9/2025,Good,0.00,0.00,0.00,0.00,0.00,0.00,0.00,5.010,0.00099,2.505,0.00050,18.20,0.462,2.818,0.00056,30.06,0.0060,0.00,0.00,0.00,2.348,0.235,1.879,0.00,0.477,0.025
-93.75920613,42.02090881,20,TaskName 5/9/2025 (GreenStar 4 Monitor),Water,61,5/9/2025,0.805,On,1092.4,121.25,0.00,6.237,7.360,5.365,173.72,19.99,21.18,0,3,91.61,5/9/2025,Good,0.00,0.00,0.00,0.00,0.00,0.00,0.00,5.649,0.00090,2.824,0.00045,20.52,0.420,3.177,0.00051,33.89,0.0054,0.00,0.00,0.00,2.648,0.265,2.118,0.00,0.434,0.020
-93.75920694,42.02090007,20,TaskName 5/9/2025 (GreenStar 4 Monitor),Water,62,5/9/2025,0.400,On,1092.3,112.50,4.375,5.870,3.445,7.364,168.10,19.99,25.17,0,3,80.08,5/9/2025,Over Target,0.00,0.00,0.00,0.00,0.00,0.00,0.00,6.712,0.00047,3.356,0.00023,24.38,0.217,3.776,0.00026,40.27,0.0028,0.00,0.00,0.00,3.146,0.315,2.517,0.00,0.224,0.0089
-93.75920724,42.02089571,20,TaskName 5/9/2025 (GreenStar 4 Monitor),Water,63,5/9/2025,0.196,On,1092.3,92.50,14.37,5.856,1.675,6.875,164.77,19.99,26.45,0,3,65.33,5/9/2025,Over Target,0.00,0.00,0.00,0.00,0.00,0.00,0.00,7.053,0.00020,3.527,9.800e-05,25.62,0.091,3.967,0.00011,42.32,0.0012,0.00,0.00,0.00,3.306,0.331,2.645,0.00,0.094,0.0036
-93.75920740,42.02089111,20,TaskName 5/9/2025 (GreenStar 4 Monitor),Water,64,5/9/2025,0.199,On,1092.3,91.25,15.00,5.892,1.728,6.122,160.99,19.99,26.86,0,3,65.47,5/9/2025,Over Target,0.00,0.00,0.00,0.00,0.00,0.00,0.00,7.161,0.00020,3.581,0.00010,26.01,0.094,4.028,0.00011,42.97,0.0012,0.00,0.00,0.00,3.357,0.336,2.686,0.00,0.097,0.0036
-93.75920735,42.02088166,20,TaskName 5/9/2025 (GreenStar 4 Monitor),Water,65,5/9/2025,0.400,On,1092.1,87.50,16.87,6.101,3.577,4.457,152.40,19.99,26.07,0,3,64.66,5/9/2025,Over Target,0.00,0.00,0.00,0.00,0.00,0.00,0.00,6.951,0.00039,3.475,0.00020,25.25,0.181,3.910,0.00022,41.71,0.0023,0.00,0.00,0.00,3.258,0.326,2.607,0.00,0.187,0.0072
-93.75920285,42.02086426,20,TaskName 5/9/2025 (GreenStar 4 Monitor),Water,66,5/9/2025,0.805,On,1091.9,86.25,17.50,6.258,7.389,1.882,135.60,19.99,23.77,0,3,65.43,5/9/2025,Over Target,0.00,0.00,0.00,0.00,0.00,0.00,0.00,6.338,0.00072,3.169,0.00036,23.02,0.337,3.565,0.00041,38.03,0.0043,0.00,0.00,0.00,2.971,0.297,2.377,0.00,0.348,0.015
-93.75919012,42.02084802,20,TaskName 5/9/2025 (GreenStar 4 Monitor),Water,67,5/9/2025,0.995,On,1091.8,85.00,18.12,5.652,8.234,2.979,118.10,19.99,23.50,0,3,58.13,5/9/2025,Over Target,0.00,0.00,0.00,0.00,0.00,0.00,0.00,6.267,0.00079,3.133,0.00039,22.76,0.366,3.525,0.00044,37.60,0.0047,0.00,0.00,0.00,2.938,0.294,2.350,0.00,0.378,0.016
-93.75918294,42.02084254,20,TaskName 5/9/2025 (GreenStar 4 Monitor),Water,68,5/9/2025,0.400,On,1091.7,85.00,18.12,5.209,3.058,4.203,111.43,20.00,23.96,0,3,53.71,5/9/2025,Over Target,0.00,0.00,0.00,0.00,0.00,0.00,0.00,6.390,0.00030,3.195,0.00015,23.21,0.139,3.594,0.00017,38.34,0.0018,0.00,0.00,0.00,2.995,0.300,2.396,0.00,0.143,0.0060
-93.75917057,42.02083555,20,TaskName 5/9/2025 (GreenStar 4 Monitor),Water,69,5/9/2025,0.605,On,1091.6,86.25,17.50,5.248,4.653,4.246,101.36,19.99,23.34,0,3,54.82,5/9/2025,Over Target,0.00,0.00,0.00,0.00,0.00,0.00,0.00,6.224,0.00045,3.112,0.00022,22.61,0.208,3.501,0.00025,37.34,0.0027,0.00,0.00,0.00,2.918,0.292,2.334,0.00,0.215,0.0092
-93.75916147,42.02083135,20,TaskName 5/9/2025 (GreenStar 4 Monitor),Water,70,5/9/2025,0.395,On,1091.6,87.50,16.87,5.306,3.071,4.101,94.11,19.99,22.93,0,3,56.23,5/9/2025,Good,0.00,0.00,0.00,0.00,0.00,0.00,0.00,6.115,0.00029,3.058,0.00015,22.21,0.137,3.440,0.00017,36.69,0.0018,0.00,0.00,0.00,2.867,0.287,2.293,0.00,0.141,0.0062
-93.75903958,42.02087007,20,TaskName 5/9/2025 (GreenStar 4 Monitor),Water,71,5/9/2025,0.405,On,1091.9,92.50,14.37,5.828,3.458,5.437,356.64,19.99,21.25,0,4,65.28,5/9/2025,Good,0.00,0.00,0.00,0.00,0.00,0.00,0.00,5.668,0.00033,2.834,0.00016,20.59,0.151,3.188,0.00018,34.01,0.0020,0.00,0.00,0.00,2.657,0.266,2.125,0.00,0.156,0.0073
-93.75903653,42.02088420,20,TaskName 5/9/2025 (GreenStar 4 Monitor),Water,72,5/9/2025,0.600,On,1092.0,93.75,13.75,5.837,5.135,5.796,348.94,19.99,22.26,0,4,66.31,5/9/2025,Good,0.00,0.00,0.00,0.00,0.00,0.00,0.00,5.937,0.00051,2.968,0.00026,21.56,0.238,3.339,0.00029,35.62,0.0031,0.00,0.00,0.00,2.783,0.278,2.226,0.00,0.246,0.011
-93.75903692,42.02089817,20,TaskName 5/9/2025 (GreenStar 4 Monitor),Water,73,5/9/2025,0.595,On,1092.0,95.00,13.12,5.827,5.079,5.279,344.88,19.99,22.35,0,4,67.02,5/9/2025,Good,0.00,0.00,0.00,0.00,0.00,0.00,0.00,5.960,0.00052,2.980,0.00026,21.65,0.240,3.352,0.00029,35.76,0.0031,0.00,0.00,0.00,2.794,0.279,2.235,0.00,0.248,0.011
-93.75904063,42.02091146,20,TaskName 5/9/2025 (GreenStar 4 Monitor),Water,74,5/9/2025,0.600,On,1092.1,93.75,13.75,5.691,5.004,5.239,345.13,19.99,19.87,0,4,64.62,5/9/2025,Good,0.00,0.00,0.00,0.00,0.00,0.00,0.00,5.298,0.00045,2.649,0.00022,19.25,0.207,2.980,0.00025,31.79,0.0027,0.00,0.00,0.00,2.484,0.248,1.987,0.00,0.214,0.011
-93.75904227,42.02091594,20,TaskName 5/9/2025 (GreenStar 4 Monitor),Water,75,5/9/2025,0.200,On,1092.1,91.25,14.35,5.648,1.657,5.211,345.81,19.99,18.27,0,4,62.48,5/9/2025,Good,0.00,0.00,0.00,0.00,0.00,0.00,0.00,4.872,0.00013,2.436,6.606e-05,17.70,0.061,2.741,7.432e-05,29.23,0.00079,0.00,0.00,0.00,2.284,0.228,1.827,0.00,0.063,0.0035
-93.75904442,42.02092054,20,TaskName 5/9/2025 (GreenStar 4 Monitor),Water,76,5/9/2025,0.200,On,1092.1,82.50,15.26,5.695,1.670,4.861,346.77,19.99,18.40,0,4,56.94,5/9/2025,Good,0.00,0.00,0.00,0.00,0.00,0.00,0.00,4.906,0.00012,2.453,6.062e-05,17.82,0.056,2.760,6.820e-05,29.44,0.00073,0.00,0.00,0.00,2.300,0.230,1.840,0.00,0.058,0.0032
-93.75904627,42.02092512,20,TaskName 5/9/2025 (GreenStar 4 Monitor),Water,77,5/9/2025,0.205,On,1092.1,65.00,20.77,5.782,1.736,4.616,347.74,19.99,20.24,0,4,45.48,5/9/2025,Good,0.00,0.00,0.00,0.00,0.00,0.00,0.00,5.397,0.00011,2.698,5.460e-05,19.60,0.051,3.036,6.143e-05,32.38,0.00066,0.00,0.00,0.00,2.530,0.253,2.024,0.00,0.052,0.0026
-93.75905246,42.02094368,20,TaskName 5/9/2025 (GreenStar 4 Monitor),Water,78,5/9/2025,0.795,On,1092.1,42.50,39.37,5.919,6.900,4.195,351.08,19.99,20.58,0,4,30.49,5/9/2025,Good,0.00,0.00,0.00,0.00,0.00,0.00,0.00,5.489,0.00029,2.744,0.00014,19.94,0.134,3.087,0.00016,32.93,0.0017,0.00,0.00,0.00,2.573,0.257,2.058,0.00,0.139,0.0067
-93.75905635,42.02096663,20,TaskName 5/9/2025 (GreenStar 4 Monitor),Water,79,5/9/2025,1.000,On,1092.2,41.25,40.00,5.856,8.577,4.012,352.25,19.99,19.02,0,4,29.24,5/9/2025,Good,0.00,0.00,0.00,0.00,0.00,0.00,0.00,5.072,0.00032,2.536,0.00016,18.42,0.150,2.853,0.00018,30.43,0.0019,0.00,0.00,0.00,2.377,0.238,1.902,0.00,0.154,0.0081
-93.75905802,42.02097616,20,TaskName 5/9/2025 (GreenStar 4 Monitor),Water,80,5/9/2025,0.400,On,1092.2,41.25,40.00,5.760,3.376,7.520,352.69,19.99,19.52,0,4,28.78,5/9/2025,Good,0.00,0.00,0.00,0.00,0.00,0.00,0.00,5.206,0.00013,2.603,6.502e-05,18.91,0.060,2.928,7.314e-05,31.23,0.00078,0.00,0.00,0.00,2.440,0.244,1.952,0.00,0.062,0.0032
-93.75906226,42.02100292,20,TaskName 5/9/2025 (GreenStar 4 Monitor),Water,81,5/9/2025,1.000,On,1092.3,40.00,40.62,6.296,9.214,5.620,355.15,19.99,19.66,0,4,30.46,5/9/2025,Good,0.00,0.00,0.00,0.00,0.00,0.00,0.00,5.241,0.00035,2.621,0.00017,19.04,0.161,2.948,0.00019,31.45,0.0021,0.00,0.00,0.00,2.457,0.246,1.966,0.00,0.166,0.0085
-93.75906307,42.02100848,20,TaskName 5/9/2025 (GreenStar 4 Monitor),Water,82,5/9/2025,0.195,On,1092.3,40.00,40.62,6.747,1.929,3.903,355.69,19.99,19.76,0,4,32.71,5/9/2025,Good,0.00,0.00,0.00,0.00,0.00,0.00,0.00,5.268,7.292e-05,2.634,3.646e-05,19.14,0.034,2.963,4.102e-05,31.61,0.00044,0.00,0.00,0.00,2.470,0.247,1.976,0.00,0.035,0.0018
-93.75906545,42.02103571,20,TaskName 5/9/2025 (GreenStar 4 Monitor),Water,83,5/9/2025,1.005,On,1092.3,38.75,41.25,6.818,10.04,4.331,357.55,19.99,19.77,0,4,32.00,5/9/2025,Good,0.00,0.00,0.00,0.00,0.00,0.00,0.00,5.273,0.00037,2.636,0.00018,19.15,0.171,2.966,0.00021,31.64,0.0022,0.00,0.00,0.00,2.472,0.247,1.977,0.00,0.177,0.0089
-93.75906664,42.02106312,20,TaskName 5/9/2025 (GreenStar 4 Monitor),Water,84,5/9/2025,1.000,On,1092.4,38.75,41.25,6.767,9.919,4.742,358.45,19.99,19.89,0,4,31.77,5/9/2025,Good,0.00,0.00,0.00,0.00,0.00,0.00,0.00,5.305,0.00037,2.653,0.00018,19.27,0.170,2.984,0.00021,31.83,0.0022,0.00,0.00,0.00,2.487,0.249,1.989,0.00,0.176,0.0088
-93.75906736,42.02109007,20,TaskName 5/9/2025 (GreenStar 4 Monitor),Water,85,5/9/2025,1.000,On,1092.5,37.50,41.87,6.737,9.876,4.763,359.14,19.99,19.93,0,4,30.61,5/9/2025,Good,0.00,0.00,0.00,0.00,0.00,0.00,0.00,5.315,0.00035,2.658,0.00018,19.31,0.164,2.990,0.00020,31.89,0.0021,0.00,0.00,0.00,2.491,0.249,1.993,0.00,0.169,0.0085
-93.75906778,42.02111673,20,TaskName 5/9/2025 (GreenStar 4 Monitor),Water,86,5/9/2025,1.000,On,1092.6,37.50,41.87,6.653,9.748,4.787,359.89,19.99,19.94,0,4,30.21,5/9/2025,Good,0.00,0.00,0.00,0.00,0.00,0.00,0.00,5.317,0.00035,2.659,0.00017,19.32,0.162,2.991,0.00020,31.90,0.0021,0.00,0.00,0.00,2.492,0.249,1.994,0.00,0.167,0.0084
-93.75906781,42.02114388,20,TaskName 5/9/2025 (GreenStar 4 Monitor),Water,87,5/9/2025,1.000,On,1092.6,37.50,41.87,6.635,9.729,5.225,0.604,19.99,19.81,0,4,30.15,5/9/2025,Good,0.00,0.00,0.00,0.00,0.00,0.00,0.00,5.282,0.00035,2.641,0.00017,19.19,0.161,2.971,0.00019,31.69,0.0021,0.00,0.00,0.00,2.476,0.248,1.981,0.00,0.166,0.0084
-93.75906733,42.02117118,20,TaskName 5/9/2025 (GreenStar 4 Monitor),Water,88,5/9/2025,1.000,On,1092.6,121.25,0.00,6.765,9.919,4.624,1.247,19.99,19.59,0,4,99.39,5/9/2025,Good,0.00,0.00,0.00,0.00,0.00,0.00,0.00,5.224,0.0011,2.612,0.00056,18.98,0.524,2.939,0.00063,31.35,0.0068,0.00,0.00,0.00,2.449,0.245,1.959,0.00,0.541,0.028
-93.75906663,42.02119829,20,TaskName 5/9/2025 (GreenStar 4 Monitor),Water,89,5/9/2025,1.000,On,1092.6,121.25,0.00,6.784,9.945,4.443,1.992,19.99,19.90,0,4,99.66,5/9/2025,Good,0.00,0.00,0.00,0.00,0.00,0.00,0.00,5.308,0.0011,2.654,0.00057,19.28,0.534,2.986,0.00065,31.85,0.0069,0.00,0.00,0.00,2.488,0.249,1.990,0.00,0.551,0.028
-93.75906528,42.02122549,20,TaskName 5/9/2025 (GreenStar 4 Monitor),Water,90,5/9/2025,1.000,On,1092.7,121.25,0.00,6.695,9.811,5.075,2.642,19.99,19.98,0,4,98.31,5/9/2025,Good,0.00,0.00,0.00,0.00,0.00,0.00,0.00,5.329,0.0011,2.664,0.00057,19.36,0.529,2.997,0.00064,31.97,0.0068,0.00,0.00,0.00,2.498,0.250,1.998,0.00,0.546,0.027
-93.75906371,42.02125282,20,TaskName 5/9/2025 (GreenStar 4 Monitor),Water,91,5/9/2025,1.000,On,1092.8,121.25,0.00,6.807,9.978,4.471,3.215,19.99,19.95,0,4,99.99,5/9/2025,Good,0.00,0.00,0.00,0.00,0.00,0.00,0.00,5.321,0.0012,2.660,0.00058,19.33,0.537,2.993,0.00065,31.93,0.0069,0.00,0.00,0.00,2.494,0.249,1.995,0.00,0.554,0.028
-93.75906148,42.02127993,20,TaskName 5/9/2025 (GreenStar 4 Monitor),Water,92,5/9/2025,1.000,On,1093.0,121.25,0.00,6.753,9.896,5.006,2.690,19.99,20.06,0,4,99.16,5/9/2025,Good,0.00,0.00,0.00,0.00,0.00,0.00,0.00,5.350,0.0012,2.675,0.00058,19.43,0.535,3.009,0.00065,32.10,0.0069,0.00,0.00,0.00,2.508,0.251,2.006,0.00,0.553,0.028
-93.75905911,42.02130702,20,TaskName 5/9/2025 (GreenStar 4 Monitor),Water,93,5/9/2025,1.000,On,1093.1,121.25,0.00,6.762,9.912,4.798,1.027,19.99,20.13,0,4,99.33,5/9/2025,Good,0.00,0.00,0.00,0.00,0.00,0.00,0.00,5.369,0.0012,2.684,0.00058,19.50,0.538,3.020,0.00065,32.21,0.0069,0.00,0.00,0.00,2.517,0.252,2.013,0.00,0.556,0.028
-93.75905805,42.02133424,20,TaskName 5/9/2025 (GreenStar 4 Monitor),Water,94,5/9/2025,1.000,On,1093.4,121.25,0.00,6.726,9.857,5.041,0.282,19.99,20.10,0,4,98.77,5/9/2025,Good,0.00,0.00,0.00,0.00,0.00,0.00,0.00,5.360,0.0011,2.680,0.00057,19.47,0.534,3.015,0.00065,32.16,0.0069,0.00,0.00,0.00,2.513,0.251,2.010,0.00,0.552,0.027
-93.75905790,42.02136160,20,TaskName 5/9/2025 (GreenStar 4 Monitor),Water,95,5/9/2025,0.995,On,1093.5,121.25,0.00,6.781,9.889,4.893,0.455,19.99,20.04,0,4,99.60,5/9/2025,Good,0.00,0.00,0.00,0.00,0.00,0.00,0.00,5.343,0.0011,2.672,0.00057,19.41,0.534,3.006,0.00065,32.06,0.0069,0.00,0.00,0.00,2.505,0.250,2.004,0.00,0.552,0.028
-93.75905738,42.02138921,20,TaskName 5/9/2025 (GreenStar 4 Monitor),Water,96,5/9/2025,1.005,On,1093.7,121.25,0.00,6.813,10.04,4.850,0.345,19.99,20.08,0,4,100.08,5/9/2025,Good,0.00,0.00,0.00,0.00,0.00,0.00,0.00,5.356,0.0012,2.678,0.00058,19.45,0.544,3.013,0.00066,32.13,0.0070,0.00,0.00,0.00,2.510,0.251,2.008,0.00,0.561,0.028
-93.75905683,42.02141667,20,TaskName 5/9/2025 (GreenStar 4 Monitor),Water,97,5/9/2025,0.995,On,1093.8,121.25,0.00,6.844,9.978,4.670,0.047,19.99,20.03,0,4,100.49,5/9/2025,Good,0.00,0.00,0.00,0.00,0.00,0.00,0.00,5.342,0.0012,2.671,0.00058,19.40,0.539,3.005,0.00065,32.05,0.0070,0.00,0.00,0.00,2.504,0.250,2.003,0.00,0.556,0.028
-93.75905659,42.02144416,20,TaskName 5/9/2025 (GreenStar 4 Monitor),Water,98,5/9/2025,1.000,On,1093.9,121.25,0.00,6.814,9.988,4.511,0.149,19.99,20.01,0,4,100.08,5/9/2025,Good,0.00,0.00,0.00,0.00,0.00,0.00,0.00,5.335,0.0012,2.667,0.00058,19.38,0.539,3.001,0.00065,32.01,0.0070,0.00,0.00,0.00,2.501,0.250,2.001,0.00,0.556,0.028
-93.75905649,42.02147125,20,TaskName 5/9/2025 (GreenStar 4 Monitor),Water,99,5/9/2025,1.000,On,1094.1,121.25,0.00,6.753,9.896,4.556,0.431,19.99,20.01,0,4,99.16,5/9/2025,Good,0.00,0.00,0.00,0.00,0.00,0.00,0.00,5.335,0.0011,2.668,0.00057,19.38,0.534,3.001,0.00065,32.01,0.0069,0.00,0.00,0.00,2.501,0.250,2.001,0.00,0.551,0.028
-93.75905605,42.02149859,20,TaskName 5/9/2025 (GreenStar 4 Monitor),Water,100,5/9/2025,1.000,On,1094.1,121.25,0.00,6.753,9.899,4.469,0.643,19.99,20.02,0,4,99.20,5/9/2025,Good,0.00,0.00,0.00,0.00,0.00,0.00,0.00,5.340,0.0011,2.670,0.00057,19.40,0.534,3.004,0.00065,32.04,0.0069,0.00,0.00,0.00,2.503,0.250,2.002,0.00,0.552,0.028
-93.75905543,42.02152591,20,TaskName 5/9/2025 (GreenStar 4 Monitor),Water,101,5/9/2025,1.005,On,1094.2,121.25,0.00,6.781,9.987,4.350,0.925,19.99,19.94,0,4,99.58,5/9/2025,Good,0.00,0.00,0.00,0.00,0.00,0.00,0.00,5.317,0.0012,2.658,0.00058,19.31,0.537,2.991,0.00065,31.90,0.0069,0.00,0.00,0.00,2.492,0.249,1.994,0.00,0.554,0.028
-93.75905489,42.02155324,20,TaskName 5/9/2025 (GreenStar 4 Monitor),Water,102,5/9/2025,1.000,On,1094.3,121.25,0.00,6.784,9.944,4.292,1.513,19.99,19.93,0,4,99.65,5/9/2025,Good,0.00,0.00,0.00,0.00,0.00,0.00,0.00,5.314,0.0011,2.657,0.00057,19.30,0.534,2.989,0.00065,31.88,0.0069,0.00,0.00,0.00,2.491,0.249,1.993,0.00,0.552,0.028
-93.75905387,42.02158031,20,TaskName 5/9/2025 (GreenStar 4 Monitor),Water,103,5/9/2025,0.995,On,1094.5,121.25,0.00,6.743,9.836,4.274,1.929,19.99,19.91,0,4,99.06,5/9/2025,Good,0.00,0.00,0.00,0.00,0.00,0.00,0.00,5.309,0.0011,2.655,0.00057,19.29,0.528,2.987,0.00064,31.86,0.0068,0.00,0.00,0.00,2.489,0.249,1.991,0.00,0.545,0.027
-93.75905255,42.02160701,20,TaskName 5/9/2025 (GreenStar 4 Monitor),Water,104,5/9/2025,1.000,On,1094.6,121.25,0.00,6.676,9.787,4.147,2.211,19.99,19.93,0,4,98.07,5/9/2025,Good,0.00,0.00,0.00,0.00,0.00,0.00,0.00,5.314,0.0011,2.657,0.00057,19.30,0.526,2.989,0.00064,31.89,0.0068,0.00,0.00,0.00,2.491,0.249,1.993,0.00,0.543,0.027
-93.75905117,42.02163283,20,TaskName 5/9/2025 (GreenStar 4 Monitor),Water,105,5/9/2025,1.000,On,1094.9,121.25,0.00,6.521,9.560,4.265,2.650,19.99,19.92,0,4,95.80,5/9/2025,Good,0.00,0.00,0.00,0.00,0.00,0.00,0.00,5.313,0.0011,2.656,0.00055,19.30,0.514,2.988,0.00062,31.88,0.0066,0.00,0.00,0.00,2.490,0.249,1.992,0.00,0.530,0.027
-93.75904967,42.02165839,20,TaskName 5/9/2025 (GreenStar 4 Monitor),Water,106,5/9/2025,1.001,On,1095.0,121.25,0.00,6.399,9.383,4.245,3.011,19.99,19.19,0,4,93.93,5/9/2025,Good,0.00,0.00,0.00,0.00,0.00,0.00,0.00,5.117,0.0010,2.558,0.00052,18.59,0.485,2.878,0.00059,30.70,0.0063,0.00,0.00,0.00,2.398,0.240,1.919,0.00,0.501,0.026
-93.75904782,42.02168323,20,TaskName 5/9/2025 (GreenStar 4 Monitor),Water,107,5/9/2025,0.999,On,1095.0,121.25,0.00,6.264,9.183,4.095,3.317,19.99,14.16,0,4,92.11,5/9/2025,Under Target,0.00,0.00,0.00,0.00,0.00,0.00,0.00,3.776,0.00075,1.888,0.00038,13.72,0.351,2.124,0.00042,22.66,0.0045,0.00,0.00,0.00,1.770,0.177,1.416,0.00,0.362,0.026
-93.75904586,42.02170793,20,TaskName 5/9/2025 (GreenStar 4 Monitor),Water,108,5/9/2025,1.005,On,1095.0,121.25,0.00,6.185,9.114,3.788,3.560,19.99,12.42,0,4,90.88,5/9/2025,Under Target,0.00,0.00,0.00,0.00,0.00,0.00,0.00,3.312,0.00066,1.656,0.00033,12.03,0.305,1.863,0.00037,19.87,0.0039,0.00,0.00,0.00,1.552,0.155,1.242,0.00,0.315,0.025
-93.75904404,42.02172995,20,TaskName 5/9/2025 (GreenStar 4 Monitor),Water,109,5/9/2025,1.000,On,1095.0,121.25,0.00,5.893,8.625,2.410,3.764,19.99,10.50,0,4,86.43,5/9/2025,Under Target,0.00,0.00,0.00,0.00,0.00,0.00,0.00,2.800,0.00053,1.400,0.00026,10.17,0.244,1.575,0.00030,16.80,0.0032,0.00,0.00,0.00,1.312,0.131,1.050,0.00,0.252,0.024
-93.75904204,42.02174955,20,TaskName 5/9/2025 (GreenStar 4 Monitor),Water,110,5/9/2025,1.000,On,1095.0,121.25,0.00,5.069,7.418,4.313,3.709,19.99,7.948,0,4,74.33,5/9/2025,Under Target,0.00,0.00,0.00,0.00,0.00,0.00,0.00,2.119,0.00034,1.060,0.00017,7.699,0.159,1.192,0.00019,12.72,0.0021,0.00,0.00,0.00,0.993,0.099,0.795,0.00,0.164,0.021
-93.75904074,42.02176164,20,TaskName 5/9/2025 (GreenStar 4 Monitor),Water,111,5/9/2025,0.595,On,1095.0,121.25,0.00,5.004,4.365,3.451,3.583,19.99,9.116,0,4,73.52,5/9/2025,Under Target,0.00,0.00,0.00,0.00,0.00,0.00,0.00,2.431,0.00023,1.216,0.00012,8.831,0.107,1.367,0.00013,14.59,0.0014,0.00,0.00,0.00,1.140,0.114,0.912,0.00,0.111,0.012
-93.75919072,42.02180493,20,TaskName 5/9/2025 (GreenStar 4 Monitor),Water,112,5/9/2025,1.000,On,1095.8,121.25,0.00,2.642,3.737,2.822,175.08,19.99,37.39,0,5,37.45,5/9/2025,Over Target,0.00,0.00,0.00,0.00,0.00,0.00,0.00,9.971,0.00081,4.985,0.00041,36.22,0.377,5.609,0.00046,59.83,0.0049,0.00,0.00,0.00,4.674,0.467,3.739,0.00,0.389,0.010
-93.75918813,42.02178948,20,TaskName 5/9/2025 (GreenStar 4 Monitor),Water,113,5/9/2025,1.000,On,1095.8,121.25,0.00,3.379,4.951,4.789,175.77,19.99,23.66,0,5,49.61,5/9/2025,Over Target,0.00,0.00,0.00,0.00,0.00,0.00,0.00,6.309,0.00068,3.154,0.00034,22.92,0.316,3.549,0.00038,37.85,0.0041,0.00,0.00,0.00,2.957,0.296,2.366,0.00,0.326,0.014
-93.75918625,42.02176935,20,TaskName 5/9/2025 (GreenStar 4 Monitor),Water,114,5/9/2025,1.000,On,1095.8,121.25,0.00,4.251,6.198,5.023,175.69,19.99,18.15,0,5,62.10,5/9/2025,Good,0.00,0.00,0.00,0.00,0.00,0.00,0.00,4.841,0.00065,2.420,0.00033,17.58,0.303,2.723,0.00037,29.04,0.0039,0.00,0.00,0.00,2.269,0.227,1.815,0.00,0.313,0.017
-93.75918397,42.02174235,20,TaskName 5/9/2025 (GreenStar 4 Monitor),Water,115,5/9/2025,1.000,On,1095.6,121.25,0.00,5.590,8.133,7.793,175.34,19.99,18.31,0,5,81.50,5/9/2025,Good,0.00,0.00,0.00,0.00,0.00,0.00,0.00,4.883,0.00086,2.441,0.00043,17.74,0.402,2.746,0.00049,29.30,0.0052,0.00,0.00,0.00,2.289,0.229,1.831,0.00,0.415,0.023
-93.75918090,42.02171360,20,TaskName 5/9/2025 (GreenStar 4 Monitor),Water,116,5/9/2025,0.995,On,1095.4,121.25,0.00,7.020,10.24,3.708,176.39,19.99,18.95,0,5,103.15,5/9/2025,Good,0.00,0.00,0.00,0.00,0.00,0.00,0.00,5.053,0.0011,2.527,0.00056,18.36,0.523,2.843,0.00063,30.32,0.0068,0.00,0.00,0.00,2.369,0.237,1.895,0.00,0.540,0.029
-93.75917810,42.02168518,20,TaskName 5/9/2025 (GreenStar 4 Monitor),Water,117,5/9/2025,1.005,On,1095.3,121.25,0.00,7.031,10.36,6.179,178.29,19.99,19.29,0,5,103.34,5/9/2025,Good,0.00,0.00,0.00,0.00,0.00,0.00,0.00,5.145,0.0012,2.573,0.00058,18.69,0.539,2.894,0.00065,30.87,0.0070,0.00,0.00,0.00,2.412,0.241,1.929,0.00,0.557,0.029
-93.75917702,42.02165459,20,TaskName 5/9/2025 (GreenStar 4 Monitor),Water,118,5/9/2025,1.000,On,1095.2,121.25,0.00,7.240,10.62,7.190,178.57,19.99,19.69,0,5,106.42,5/9/2025,Good,0.00,0.00,0.00,0.00,0.00,0.00,0.00,5.251,0.0012,2.625,0.00061,19.07,0.564,2.954,0.00068,31.51,0.0073,0.00,0.00,0.00,2.461,0.246,1.969,0.00,0.582,0.030
-93.75917640,42.02162070,20,TaskName 5/9/2025 (GreenStar 4 Monitor),Water,119,5/9/2025,1.000,On,1095.1,121.25,0.00,8.003,11.73,5.503,178.89,19.99,19.71,0,5,117.53,5/9/2025,Good,0.00,0.00,0.00,0.00,0.00,0.00,0.00,5.256,0.0013,2.628,0.00067,19.09,0.623,2.956,0.00075,31.53,0.0080,0.00,0.00,0.00,2.464,0.246,1.971,0.00,0.643,0.033
-93.75917544,42.02158709,20,TaskName 5/9/2025 (GreenStar 4 Monitor),Water,120,5/9/2025,1.000,On,1095.1,121.25,0.00,8.401,12.32,5.376,179.96,19.99,19.58,0,5,123.48,5/9/2025,Good,0.00,0.00,0.00,0.00,0.00,0.00,0.00,5.222,0.0014,2.611,0.00070,18.97,0.651,2.938,0.00079,31.33,0.0084,0.00,0.00,0.00,2.448,0.245,1.958,0.00,0.672,0.034
-93.75917537,42.02155422,20,TaskName 5/9/2025 (GreenStar 4 Monitor),Water,121,5/9/2025,1.000,On,1095.0,121.25,0.00,8.260,12.11,5.819,180.62,19.99,19.87,0,5,121.38,5/9/2025,Good,0.00,0.00,0.00,0.00,0.00,0.00,0.00,5.298,0.0014,2.649,0.00070,19.24,0.649,2.980,0.00078,31.79,0.0084,0.00,0.00,0.00,2.483,0.248,1.987,0.00,0.670,0.034
-93.75917623,42.02151989,20,TaskName 5/9/2025 (GreenStar 4 Monitor),Water,122,5/9/2025,0.995,On,1094.9,121.25,0.00,8.271,12.07,6.220,180.41,19.99,20.28,0,5,121.56,5/9/2025,Good,0.00,0.00,0.00,0.00,0.00,0.00,0.00,5.407,0.0014,2.704,0.00071,19.64,0.660,3.042,0.00080,32.44,0.0085,0.00,0.00,0.00,2.535,0.253,2.028,0.00,0.681,0.034
-93.75917663,42.02148502,20,TaskName 5/9/2025 (GreenStar 4 Monitor),Water,123,5/9/2025,1.005,On,1094.7,121.25,0.00,8.614,12.70,4.428,180.82,19.99,19.99,0,5,126.63,5/9/2025,Good,0.00,0.00,0.00,0.00,0.00,0.00,0.00,5.332,0.0015,2.666,0.00074,19.37,0.685,2.999,0.00083,31.99,0.0088,0.00,0.00,0.00,2.499,0.250,1.999,0.00,0.707,0.035
-93.75917747,42.02145028,20,TaskName 5/9/2025 (GreenStar 4 Monitor),Water,124,5/9/2025,0.995,On,1094.5,121.25,0.00,8.653,12.63,4.605,180.49,19.99,20.11,0,5,127.24,5/9/2025,Good,0.00,0.00,0.00,0.00,0.00,0.00,0.00,5.362,0.0015,2.681,0.00074,19.48,0.685,3.016,0.00083,32.17,0.0088,0.00,0.00,0.00,2.514,0.251,2.011,0.00,0.707,0.035
-93.75917833,42.02141518,20,TaskName 5/9/2025 (GreenStar 4 Monitor),Water,125,5/9/2025,1.005,On,1094.3,121.25,0.00,8.653,12.76,4.912,179.77,19.99,20.06,0,5,127.19,5/9/2025,Good,0.00,0.00,0.00,0.00,0.00,0.00,0.00,5.350,0.0015,2.675,0.00074,19.43,0.690,3.009,0.00083,32.10,0.0089,0.00,0.00,0.00,2.508,0.251,2.006,0.00,0.712,0.036
-93.75917863,42.02138036,20,TaskName 5/9/2025 (GreenStar 4 Monitor),Water,126,5/9/2025,0.995,On,1094.1,121.25,0.00,8.695,12.69,5.600,179.33,19.99,20.01,0,5,127.84,5/9/2025,Good,0.00,0.00,0.00,0.00,0.00,0.00,0.00,5.335,0.0015,2.668,0.00074,19.38,0.685,3.001,0.00083,32.01,0.0088,0.00,0.00,0.00,2.501,0.250,2.001,0.00,0.707,0.035
-93.75917811,42.02134535,20,TaskName 5/9/2025 (GreenStar 4 Monitor),Water,127,5/9/2025,1.005,On,1093.9,121.25,0.00,8.665,12.77,5.525,179.56,19.99,20.03,0,5,127.32,5/9/2025,Good,0.00,0.00,0.00,0.00,0.00,0.00,0.00,5.341,0.0015,2.670,0.00074,19.40,0.690,3.004,0.00083,32.05,0.0089,0.00,0.00,0.00,2.504,0.250,2.003,0.00,0.712,0.036
-93.75917784,42.02131018,20,TaskName 5/9/2025 (GreenStar 4 Monitor),Water,128,5/9/2025,0.995,On,1093.7,121.25,0.00,8.692,12.69,4.950,179.44,19.99,20.01,0,5,127.77,5/9/2025,Good,0.00,0.00,0.00,0.00,0.00,0.00,0.00,5.335,0.0015,2.667,0.00074,19.38,0.684,3.001,0.00083,32.01,0.0088,0.00,0.00,0.00,2.501,0.250,2.001,0.00,0.706,0.035
-93.75917755,42.02127548,20,TaskName 5/9/2025 (GreenStar 4 Monitor),Water,129,5/9/2025,1.005,On,1093.7,121.25,0.00,8.698,12.82,4.978,179.15,19.99,20.03,0,5,127.87,5/9/2025,Good,0.00,0.00,0.00,0.00,0.00,0.00,0.00,5.341,0.0015,2.671,0.00074,19.40,0.693,3.005,0.00084,32.05,0.0089,0.00,0.00,0.00,2.504,0.250,2.003,0.00,0.715,0.036
-93.75917707,42.02124070,20,TaskName 5/9/2025 (GreenStar 4 Monitor),Water,130,5/9/2025,0.995,On,1093.5,121.25,0.00,8.618,12.58,5.409,178.89,19.99,20.13,0,5,126.68,5/9/2025,Good,0.00,0.00,0.00,0.00,0.00,0.00,0.00,5.368,0.0015,2.684,0.00073,19.50,0.683,3.019,0.00083,32.21,0.0088,0.00,0.00,0.00,2.516,0.252,2.013,0.00,0.705,0.035
-93.75917578,42.02120705,20,TaskName 5/9/2025 (GreenStar 4 Monitor),Water,131,5/9/2025,1.005,On,1093.3,121.25,0.00,8.562,12.62,5.236,177.09,19.99,20.04,0,5,125.84,5/9/2025,Good,0.00,0.00,0.00,0.00,0.00,0.00,0.00,5.345,0.0015,2.673,0.00073,19.42,0.682,3.007,0.00083,32.07,0.0088,0.00,0.00,0.00,2.505,0.251,2.004,0.00,0.704,0.035
-93.75917478,42.02117533,20,TaskName 5/9/2025 (GreenStar 4 Monitor),Water,132,5/9/2025,0.995,On,1093.1,121.25,0.00,8.213,11.98,4.880,169.90,19.99,20.03,0,5,120.70,5/9/2025,Good,0.00,0.00,0.00,0.00,0.00,0.00,0.00,5.341,0.0014,2.670,0.00070,19.40,0.647,3.004,0.00078,32.04,0.0084,0.00,0.00,0.00,2.503,0.250,2.003,0.00,0.668,0.033
-93.75916968,42.02114398,20,TaskName 5/9/2025 (GreenStar 4 Monitor),Water,133,5/9/2025,1.001,On,1092.9,121.25,0.00,7.915,11.61,5.555,159.59,19.99,21.28,0,5,116.26,5/9/2025,Good,0.00,0.00,0.00,0.00,0.00,0.00,0.00,5.674,0.0014,2.837,0.00072,20.61,0.666,3.191,0.00081,34.04,0.0086,0.00,0.00,0.00,2.659,0.266,2.128,0.00,0.688,0.032
-93.75915755,42.02111475,20,TaskName 5/9/2025 (GreenStar 4 Monitor),Water,134,5/9/2025,0.999,On,1092.7,121.25,0.00,7.870,11.55,5.090,148.95,19.99,21.42,0,5,115.84,5/9/2025,Good,0.00,0.00,0.00,0.00,0.00,0.00,0.00,5.713,0.0014,2.857,0.00072,20.75,0.667,3.214,0.00081,34.28,0.0086,0.00,0.00,0.00,2.678,0.268,2.142,0.00,0.689,0.032
-93.75913806,42.02108713,20,TaskName 5/9/2025 (GreenStar 4 Monitor),Water,135,5/9/2025,1.000,On,1092.5,121.25,0.00,7.784,11.42,6.310,136.82,19.99,20.98,0,5,114.44,5/9/2025,Good,0.00,0.00,0.00,0.00,0.00,0.00,0.00,5.593,0.0014,2.797,0.00069,20.32,0.646,3.146,0.00078,33.56,0.0083,0.00,0.00,0.00,2.622,0.262,2.098,0.00,0.667,0.032
-93.75911131,42.02106272,20,TaskName 5/9/2025 (GreenStar 4 Monitor),Water,136,5/9/2025,1.000,On,1092.2,121.25,0.00,7.986,11.72,5.406,122.76,19.99,20.28,0,5,117.40,5/9/2025,Good,0.00,0.00,0.00,0.00,0.00,0.00,0.00,5.409,0.0014,2.704,0.00069,19.65,0.641,3.042,0.00078,32.45,0.0083,0.00,0.00,0.00,2.535,0.254,2.028,0.00,0.661,0.033
-93.75907619,42.02104324,20,TaskName 5/9/2025 (GreenStar 4 Monitor),Water,137,5/9/2025,1.005,On,1091.9,121.25,0.00,8.133,11.99,5.343,108.18,19.99,19.09,0,5,119.56,5/9/2025,Good,0.00,0.00,0.00,0.00,0.00,0.00,0.00,5.091,0.0013,2.545,0.00066,18.49,0.617,2.864,0.00075,30.55,0.0080,0.00,0.00,0.00,2.386,0.239,1.909,0.00,0.637,0.033
-93.75903564,42.02103092,20,TaskName 5/9/2025 (GreenStar 4 Monitor),Water,138,5/9/2025,0.995,On,1091.5,121.25,0.00,8.335,12.17,5.242,93.35,19.99,18.76,0,5,122.52,5/9/2025,Good,0.00,0.00,0.00,0.00,0.00,0.00,0.00,5.004,0.0013,2.502,0.00066,18.18,0.616,2.815,0.00074,30.02,0.0079,0.00,0.00,0.00,2.346,0.235,1.876,0.00,0.635,0.034
-93.75899191,42.02102688,20,TaskName 5/9/2025 (GreenStar 4 Monitor),Water,139,5/9/2025,1.000,On,1091.2,121.25,0.00,8.384,12.30,5.503,78.09,19.99,18.94,0,5,123.29,5/9/2025,Good,0.00,0.00,0.00,0.00,0.00,0.00,0.00,5.050,0.0014,2.525,0.00068,18.34,0.628,2.841,0.00076,30.30,0.0081,0.00,0.00,0.00,2.367,0.237,1.894,0.00,0.649,0.034
-93.75894818,42.02103093,20,TaskName 5/9/2025 (GreenStar 4 Monitor),Water,140,5/9/2025,1.000,On,1091.1,121.25,0.00,8.377,12.29,5.853,61.68,19.99,19.09,0,5,123.15,5/9/2025,Good,0.00,0.00,0.00,0.00,0.00,0.00,0.00,5.090,0.0014,2.545,0.00068,18.49,0.633,2.863,0.00077,30.54,0.0082,0.00,0.00,0.00,2.386,0.239,1.909,0.00,0.653,0.034
-93.75890786,42.02104418,20,TaskName 5/9/2025 (GreenStar 4 Monitor),Water,141,5/9/2025,1.005,On,1091.0,121.25,0.00,8.381,12.36,5.995,45.30,19.99,19.24,0,5,123.21,5/9/2025,Good,0.00,0.00,0.00,0.00,0.00,0.00,0.00,5.129,0.0014,2.565,0.00069,18.63,0.641,2.885,0.00078,30.78,0.0083,0.00,0.00,0.00,2.404,0.240,1.924,0.00,0.662,0.034
-93.75887412,42.02106549,20,TaskName 5/9/2025 (GreenStar 4 Monitor),Water,142,5/9/2025,0.995,On,1091.0,121.25,0.00,8.406,12.26,6.487,28.90,19.99,19.60,0,5,123.48,5/9/2025,Good,0.00,0.00,0.00,0.00,0.00,0.00,0.00,5.226,0.0014,2.613,0.00070,18.98,0.648,2.940,0.00078,31.36,0.0084,0.00,0.00,0.00,2.450,0.245,1.960,0.00,0.669,0.034
-93.75884950,42.02109356,20,TaskName 5/9/2025 (GreenStar 4 Monitor),Water,143,5/9/2025,1.000,On,1090.9,121.25,0.00,8.456,12.40,6.118,13.86,19.99,19.85,0,5,124.24,5/9/2025,Good,0.00,0.00,0.00,0.00,0.00,0.00,0.00,5.294,0.0014,2.647,0.00071,19.23,0.664,2.978,0.00080,31.76,0.0086,0.00,0.00,0.00,2.482,0.248,1.985,0.00,0.685,0.035
-93.75883516,42.02112577,20,TaskName 5/9/2025 (GreenStar 4 Monitor),Water,144,5/9/2025,1.000,On,1091.0,121.25,0.00,8.465,12.41,6.206,2.235,19.99,19.38,0,5,124.34,5/9/2025,Good,0.00,0.00,0.00,0.00,0.00,0.00,0.00,5.168,0.0014,2.584,0.00070,18.77,0.648,2.907,0.00078,31.01,0.0084,0.00,0.00,0.00,2.423,0.242,1.938,0.00,0.669,0.035
-93.75883105,42.02115930,20,TaskName 5/9/2025 (GreenStar 4 Monitor),Water,145,5/9/2025,1.005,On,1091.1,121.25,0.00,8.389,12.36,6.528,357.87,19.99,17.38,0,5,123.23,5/9/2025,Good,0.00,0.00,0.00,0.00,0.00,0.00,0.00,4.634,0.0012,2.317,0.00062,16.83,0.579,2.607,0.00070,27.80,0.0075,0.00,0.00,0.00,2.172,0.217,1.738,0.00,0.598,0.034
-93.75883204,42.02119434,20,TaskName 5/9/2025 (GreenStar 4 Monitor),Water,146,5/9/2025,0.995,On,1091.2,121.25,0.00,8.452,12.33,7.903,359.12,19.99,17.95,0,5,124.14,5/9/2025,Good,0.00,0.00,0.00,0.00,0.00,0.00,0.00,4.787,0.0013,2.393,0.00064,17.39,0.597,2.693,0.00072,28.72,0.0077,0.00,0.00,0.00,2.244,0.224,1.795,0.00,0.616,0.034
-93.75883233,42.02123085,20,TaskName 5/9/2025 (GreenStar 4 Monitor),Water,147,5/9/2025,1.000,On,1091.2,121.25,0.00,8.899,13.04,6.408,359.97,19.99,15.30,0,5,130.68,5/9/2025,Under Target,0.00,0.00,0.00,0.00,0.00,0.00,0.00,4.080,0.0012,2.040,0.00058,14.82,0.538,2.295,0.00065,24.48,0.0069,0.00,0.00,0.00,1.913,0.191,1.530,0.00,0.555,0.036
-93.75883076,42.02126711,20,TaskName 5/9/2025 (GreenStar 4 Monitor),Water,148,5/9/2025,1.000,On,1091.2,121.25,0.00,9.063,13.28,7.019,358.61,19.99,10.38,0,5,133.12,5/9/2025,Under Target,0.00,0.00,0.00,0.00,0.00,0.00,0.00,2.769,0.00080,1.384,0.00040,10.06,0.372,1.557,0.00045,16.61,0.0048,0.00,0.00,0.00,1.298,0.130,1.038,0.00,0.384,0.037
-93.75883121,42.02130042,20,TaskName 5/9/2025 (GreenStar 4 Monitor),Water,149,5/9/2025,1.000,On,1091.3,121.25,0.00,8.806,12.90,3.849,358.92,19.99,8.741,0,5,129.30,5/9/2025,Under Target,0.00,0.00,0.00,0.00,0.00,0.00,0.00,2.331,0.00065,1.165,0.00033,8.467,0.304,1.311,0.00037,13.99,0.0039,0.00,0.00,0.00,1.093,0.109,0.874,0.00,0.314,0.036
-93.75883179,42.02132147,20,TaskName 5/9/2025 (GreenStar 4 Monitor),Water,150,5/9/2025,0.800,On,1091.4,121.25,0.00,7.665,8.960,4.185,359.76,19.99,5.738,0,5,112.23,5/9/2025,Under Target,0.00,0.00,0.00,0.00,0.00,0.00,0.00,1.530,0.00030,0.765,0.00015,5.558,0.139,0.861,0.00017,9.181,0.0018,0.00,0.00,0.00,0.717,0.072,0.574,0.00,0.143,0.025
-93.75883105,42.02137431,20,TaskName 5/9/2025 (GreenStar 4 Monitor),Water,151,5/9/2025,0.999,On,1091.9,121.25,0.00,2.181,3.048,5.283,359.15,19.99,55.88,0,6,30.57,5/9/2025,Over Target,0.00,0.00,0.00,0.00,0.00,0.00,0.00,14.90,0.00099,7.450,0.00049,54.12,0.459,8.381,0.00056,89.40,0.0059,0.00,0.00,0.00,6.984,0.698,5.588,0.00,0.474,0.0085
-93.75883116,42.02138994,20,TaskName 5/9/2025 (GreenStar 4 Monitor),Water,152,5/9/2025,1.000,On,1092.0,121.25,0.00,3.550,5.171,4.540,358.96,19.99,24.87,0,6,51.81,5/9/2025,Over Target,0.00,0.00,0.00,0.00,0.00,0.00,0.00,6.631,0.00075,3.316,0.00037,24.09,0.347,3.730,0.00042,39.79,0.0045,0.00,0.00,0.00,3.108,0.311,2.487,0.00,0.358,0.014
-93.75883247,42.02141218,20,TaskName 5/9/2025 (GreenStar 4 Monitor),Water,153,5/9/2025,1.000,On,1092.1,121.25,0.00,4.395,6.368,6.456,359.94,19.99,17.86,0,6,63.81,5/9/2025,Good,0.00,0.00,0.00,0.00,0.00,0.00,0.00,4.763,0.00066,2.382,0.00033,17.30,0.307,2.679,0.00037,28.58,0.0040,0.00,0.00,0.00,2.233,0.223,1.786,0.00,0.317,0.018
-93.75883224,42.02143526,20,TaskName 5/9/2025 (GreenStar 4 Monitor),Water,154,5/9/2025,1.000,On,1092.3,121.25,0.00,5.733,8.392,4.293,358.80,19.99,18.32,0,6,84.10,5/9/2025,Good,0.00,0.00,0.00,0.00,0.00,0.00,0.00,4.887,0.00089,2.443,0.00045,17.75,0.415,2.749,0.00050,29.32,0.0054,0.00,0.00,0.00,2.291,0.229,1.832,0.00,0.428,0.023
-93.75883208,42.02145710,20,TaskName 5/9/2025 (GreenStar 4 Monitor),Water,155,5/9/2025,1.000,On,1092.5,121.25,0.00,5.536,8.114,6.568,355.04,19.99,19.63,0,6,81.30,5/9/2025,Good,0.00,0.00,0.00,0.00,0.00,0.00,0.00,5.234,0.00092,2.617,0.00046,19.01,0.429,2.944,0.00052,31.40,0.0055,0.00,0.00,0.00,2.453,0.245,1.963,0.00,0.443,0.023
-93.75883223,42.02147939,20,TaskName 5/9/2025 (GreenStar 4 Monitor),Water,156,5/9/2025,1.000,On,1092.7,121.25,0.00,5.625,8.241,5.779,344.81,19.99,23.65,0,6,82.58,5/9/2025,Over Target,0.00,0.00,0.00,0.00,0.00,0.00,0.00,6.306,0.0011,3.153,0.00057,22.91,0.526,3.547,0.00064,37.84,0.0068,0.00,0.00,0.00,2.956,0.296,2.365,0.00,0.543,0.023
-93.75883562,42.02150139,20,TaskName 5/9/2025 (GreenStar 4 Monitor),Water,157,5/9/2025,1.000,On,1093.0,121.25,0.00,5.809,8.522,5.086,329.74,19.99,24.14,0,6,85.39,5/9/2025,Over Target,0.00,0.00,0.00,0.00,0.00,0.00,0.00,6.436,0.0012,3.218,0.00060,23.38,0.555,3.620,0.00067,38.62,0.0072,0.00,0.00,0.00,3.017,0.302,2.414,0.00,0.573,0.024
-93.75884619,42.02152193,20,TaskName 5/9/2025 (GreenStar 4 Monitor),Water,158,5/9/2025,1.000,On,1093.2,121.25,0.00,5.889,8.645,5.381,313.80,19.99,21.75,0,6,86.63,5/9/2025,Good,0.00,0.00,0.00,0.00,0.00,0.00,0.00,5.799,0.0011,2.900,0.00055,21.07,0.507,3.262,0.00061,34.79,0.0065,0.00,0.00,0.00,2.718,0.272,2.175,0.00,0.523,0.024
-93.75886429,42.02153973,20,TaskName 5/9/2025 (GreenStar 4 Monitor),Water,159,5/9/2025,1.000,On,1093.5,121.25,0.00,5.964,8.757,5.516,297.35,19.99,21.20,0,6,87.75,5/9/2025,Good,0.00,0.00,0.00,0.00,0.00,0.00,0.00,5.653,0.0011,2.827,0.00054,20.53,0.501,3.180,0.00061,33.92,0.0065,0.00,0.00,0.00,2.650,0.265,2.120,0.00,0.517,0.024
-93.75888912,42.02155327,20,TaskName 5/9/2025 (GreenStar 4 Monitor),Water,160,5/9/2025,1.000,On,1093.7,121.25,0.00,6.079,8.921,5.186,280.32,19.99,21.16,0,6,89.39,5/9/2025,Good,0.00,0.00,0.00,0.00,0.00,0.00,0.00,5.643,0.0011,2.822,0.00055,20.50,0.509,3.174,0.00062,33.86,0.0066,0.00,0.00,0.00,2.645,0.265,2.116,0.00,0.525,0.025
-93.75891780,42.02156079,20,TaskName 5/9/2025 (GreenStar 4 Monitor),Water,161,5/9/2025,0.995,On,1093.9,121.25,0.00,6.193,9.042,5.062,262.89,19.99,20.94,0,6,91.06,5/9/2025,Good,0.00,0.00,0.00,0.00,0.00,0.00,0.00,5.584,0.0011,2.792,0.00055,20.28,0.510,3.141,0.00062,33.50,0.0066,0.00,0.00,0.00,2.617,0.262,2.094,0.00,0.527,0.025
-93.75894745,42.02156194,20,TaskName 5/9/2025 (GreenStar 4 Monitor),Water,162,5/9/2025,1.005,On,1094.0,121.25,0.00,6.115,9.019,4.192,245.38,19.99,20.86,0,6,89.93,5/9/2025,Good,0.00,0.00,0.00,0.00,0.00,0.00,0.00,5.563,0.0011,2.781,0.00055,20.21,0.507,3.129,0.00061,33.38,0.0065,0.00,0.00,0.00,2.608,0.261,2.086,0.00,0.524,0.025
-93.75897626,42.02155602,20,TaskName 5/9/2025 (GreenStar 4 Monitor),Water,163,5/9/2025,1.000,On,1094.0,121.25,0.00,5.975,8.770,5.262,228.09,19.99,21.24,0,6,87.88,5/9/2025,Good,0.00,0.00,0.00,0.00,0.00,0.00,0.00,5.663,0.0011,2.831,0.00054,20.57,0.502,3.185,0.00061,33.98,0.0065,0.00,0.00,0.00,2.654,0.265,2.124,0.00,0.518,0.024
-93.75900294,42.02154308,20,TaskName 5/9/2025 (GreenStar 4 Monitor),Water,164,5/9/2025,1.000,On,1094.0,121.25,0.00,6.184,9.072,5.003,210.59,19.99,21.17,0,6,90.90,5/9/2025,Good,0.00,0.00,0.00,0.00,0.00,0.00,0.00,5.645,0.0011,2.823,0.00056,20.51,0.518,3.175,0.00063,33.87,0.0067,0.00,0.00,0.00,2.646,0.265,2.117,0.00,0.535,0.025
-93.75902322,42.02152338,20,TaskName 5/9/2025 (GreenStar 4 Monitor),Water,165,5/9/2025,1.000,On,1093.9,121.25,0.00,6.411,9.413,3.901,196.06,19.99,21.59,0,6,94.32,5/9/2025,Good,0.00,0.00,0.00,0.00,0.00,0.00,0.00,5.758,0.0012,2.879,0.00059,20.91,0.548,3.239,0.00066,34.55,0.0071,0.00,0.00,0.00,2.699,0.270,2.159,0.00,0.566,0.026
-93.75903525,42.02150033,20,TaskName 5/9/2025 (GreenStar 4 Monitor),Water,166,5/9/2025,1.000,On,1093.7,121.25,0.00,6.394,9.383,3.628,185.71,19.99,21.77,0,6,94.03,5/9/2025,Good,0.00,0.00,0.00,0.00,0.00,0.00,0.00,5.804,0.0012,2.902,0.00059,21.08,0.551,3.265,0.00067,34.83,0.0071,0.00,0.00,0.00,2.721,0.272,2.177,0.00,0.568,0.026
-93.75904064,42.02147582,20,TaskName 5/9/2025 (GreenStar 4 Monitor),Water,167,5/9/2025,1.000,On,1093.5,121.25,0.00,6.211,9.114,4.174,179.82,19.99,18.54,0,6,91.33,5/9/2025,Good,0.00,0.00,0.00,0.00,0.00,0.00,0.00,4.943,0.00098,2.471,0.00049,17.95,0.455,2.780,0.00055,29.66,0.0059,0.00,0.00,0.00,2.317,0.232,1.854,0.00,0.470,0.025
-93.75904110,42.02145047,20,TaskName 5/9/2025 (GreenStar 4 Monitor),Water,168,5/9/2025,0.996,On,1093.3,121.25,0.00,6.222,9.088,4.150,178.37,19.99,16.31,0,6,91.43,5/9/2025,Under Target,0.00,0.00,0.00,0.00,0.00,0.00,0.00,4.348,0.00086,2.174,0.00043,15.80,0.400,2.446,0.00048,26.09,0.0052,0.00,0.00,0.00,2.038,0.204,1.631,0.00,0.412,0.025
-93.75904012,42.02142420,20,TaskName 5/9/2025 (GreenStar 4 Monitor),Water,169,5/9/2025,0.999,On,1093.1,121.25,0.00,6.402,9.393,4.219,178.54,19.99,17.19,0,6,94.22,5/9/2025,Good,0.00,0.00,0.00,0.00,0.00,0.00,0.00,4.583,0.00094,2.291,0.00047,16.65,0.435,2.578,0.00053,27.50,0.0056,0.00,0.00,0.00,2.148,0.215,1.719,0.00,0.449,0.026
-93.75903939,42.02139724,20,TaskName 5/9/2025 (GreenStar 4 Monitor),Water,170,5/9/2025,1.000,On,1092.9,121.25,0.00,6.632,9.731,3.929,178.28,19.99,18.53,0,6,97.51,5/9/2025,Good,0.00,0.00,0.00,0.00,0.00,0.00,0.00,4.942,0.0010,2.471,0.00052,17.95,0.486,2.780,0.00059,29.65,0.0063,0.00,0.00,0.00,2.317,0.232,1.853,0.00,0.502,0.027
-93.75903867,42.02137010,20,TaskName 5/9/2025 (GreenStar 4 Monitor),Water,171,5/9/2025,1.000,On,1092.8,121.25,0.00,6.715,9.856,3.877,178.25,19.99,19.65,0,6,98.76,5/9/2025,Good,0.00,0.00,0.00,0.00,0.00,0.00,0.00,5.241,0.0011,2.621,0.00056,19.04,0.522,2.948,0.00063,31.45,0.0067,0.00,0.00,0.00,2.457,0.246,1.965,0.00,0.539,0.027
-93.75903764,42.02134310,20,TaskName 5/9/2025 (GreenStar 4 Monitor),Water,172,5/9/2025,1.005,On,1092.6,121.25,0.00,6.718,9.911,3.911,178.71,19.99,20.47,0,6,98.82,5/9/2025,Good,0.00,0.00,0.00,0.00,0.00,0.00,0.00,5.459,0.0012,2.730,0.00059,19.83,0.547,3.071,0.00066,32.75,0.0071,0.00,0.00,0.00,2.559,0.256,2.047,0.00,0.565,0.028
-93.75903669,42.02131609,20,TaskName 5/9/2025 (GreenStar 4 Monitor),Water,173,5/9/2025,1.000,On,1092.5,121.25,0.00,6.689,9.816,4.073,179.55,19.99,20.79,0,6,98.37,5/9/2025,Good,0.00,0.00,0.00,0.00,0.00,0.00,0.00,5.544,0.0012,2.772,0.00059,20.14,0.550,3.119,0.00067,33.27,0.0071,0.00,0.00,0.00,2.599,0.260,2.079,0.00,0.568,0.027
-93.75903657,42.02128935,20,TaskName 5/9/2025 (GreenStar 4 Monitor),Water,174,5/9/2025,1.000,On,1092.5,121.25,0.00,6.680,9.803,4.160,179.76,19.99,20.90,0,6,98.23,5/9/2025,Good,0.00,0.00,0.00,0.00,0.00,0.00,0.00,5.573,0.0012,2.787,0.00059,20.25,0.552,3.135,0.00067,33.44,0.0071,0.00,0.00,0.00,2.612,0.261,2.090,0.00,0.570,0.027
-93.75903666,42.02126264,20,TaskName 5/9/2025 (GreenStar 4 Monitor),Water,175,5/9/2025,0.995,On,1092.4,121.25,0.00,6.633,9.685,4.346,179.61,19.99,20.88,0,6,97.54,5/9/2025,Good,0.00,0.00,0.00,0.00,0.00,0.00,0.00,5.569,0.0012,2.784,0.00059,20.23,0.545,3.132,0.00066,33.41,0.0070,0.00,0.00,0.00,2.610,0.261,2.088,0.00,0.563,0.027
-93.75903672,42.02123606,20,TaskName 5/9/2025 (GreenStar 4 Monitor),Water,176,5/9/2025,1.005,On,1092.4,121.25,0.00,6.620,9.767,4.461,179.42,19.99,20.77,0,6,97.39,5/9/2025,Good,0.00,0.00,0.00,0.00,0.00,0.00,0.00,5.539,0.0012,2.770,0.00059,20.12,0.547,3.116,0.00066,33.23,0.0071,0.00,0.00,0.00,2.596,0.260,2.077,0.00,0.565,0.027
-93.75903650,42.02120933,20,TaskName 5/9/2025 (GreenStar 4 Monitor),Water,177,5/9/2025,1.000,On,1092.4,121.25,0.00,6.621,9.715,4.715,179.40,19.99,20.65,0,6,97.35,5/9/2025,Good,0.00,0.00,0.00,0.00,0.00,0.00,0.00,5.508,0.0012,2.754,0.00058,20.01,0.541,3.098,0.00065,33.05,0.0070,0.00,0.00,0.00,2.582,0.258,2.065,0.00,0.558,0.027
-93.75903627,42.02118106,20,TaskName 5/9/2025 (GreenStar 4 Monitor),Water,178,5/9/2025,0.995,On,1092.3,121.25,0.00,6.770,9.888,5.166,179.23,19.99,20.50,0,6,99.59,5/9/2025,Good,0.00,0.00,0.00,0.00,0.00,0.00,0.00,5.468,0.0012,2.734,0.00059,19.86,0.547,3.076,0.00066,32.81,0.0071,0.00,0.00,0.00,2.563,0.256,2.050,0.00,0.564,0.028
-93.75903588,42.02115246,20,TaskName 5/9/2025 (GreenStar 4 Monitor),Water,179,5/9/2025,1.000,On,1092.2,121.25,0.00,7.104,10.43,3.869,179.17,19.99,20.25,0,6,104.48,5/9/2025,Good,0.00,0.00,0.00,0.00,0.00,0.00,0.00,5.399,0.0012,2.699,0.00061,19.61,0.569,3.037,0.00069,32.39,0.0073,0.00,0.00,0.00,2.531,0.253,2.025,0.00,0.588,0.029
-93.75903535,42.02112401,20,TaskName 5/9/2025 (GreenStar 4 Monitor),Water,180,5/9/2025,1.000,On,1092.2,121.25,0.00,7.048,10.34,4.490,179.15,19.99,20.31,0,6,103.66,5/9/2025,Good,0.00,0.00,0.00,0.00,0.00,0.00,0.00,5.415,0.0012,2.708,0.00061,19.67,0.566,3.046,0.00069,32.49,0.0073,0.00,0.00,0.00,2.538,0.254,2.031,0.00,0.585,0.029
-93.75903498,42.02109552,20,TaskName 5/9/2025 (GreenStar 4 Monitor),Water,181,5/9/2025,1.000,On,1092.2,121.25,0.00,7.050,10.34,4.378,179.07,19.99,20.28,0,6,103.66,5/9/2025,Good,0.00,0.00,0.00,0.00,0.00,0.00,0.00,5.409,0.0012,2.704,0.00061,19.65,0.566,3.042,0.00068,32.45,0.0073,0.00,0.00,0.00,2.535,0.254,2.028,0.00,0.584,0.029
-93.75903435,42.02106731,20,TaskName 5/9/2025 (GreenStar 4 Monitor),Water,182,5/9/2025,1.000,On,1092.2,121.25,0.00,7.058,10.36,4.128,179.00,19.99,20.20,0,6,103.79,5/9/2025,Good,0.00,0.00,0.00,0.00,0.00,0.00,0.00,5.387,0.0012,2.693,0.00061,19.57,0.564,3.030,0.00068,32.32,0.0073,0.00,0.00,0.00,2.525,0.253,2.020,0.00,0.582,0.029
-93.75903391,42.02104126,20,TaskName 5/9/2025 (GreenStar 4 Monitor),Water,183,5/9/2025,1.000,On,1092.1,121.25,0.00,6.834,10.02,2.972,178.92,19.99,20.15,0,6,100.44,5/9/2025,Good,0.00,0.00,0.00,0.00,0.00,0.00,0.00,5.374,0.0012,2.687,0.00059,19.52,0.545,3.023,0.00066,32.24,0.0070,0.00,0.00,0.00,2.519,0.252,2.015,0.00,0.562,0.028
-93.75903351,42.02101697,20,TaskName 5/9/2025 (GreenStar 4 Monitor),Water,184,5/9/2025,1.005,On,1092.1,121.25,0.00,6.188,9.124,4.836,178.70,19.99,20.19,0,6,90.97,5/9/2025,Good,0.00,0.00,0.00,0.00,0.00,0.00,0.00,5.385,0.0011,2.692,0.00053,19.56,0.497,3.029,0.00060,32.31,0.0064,0.00,0.00,0.00,2.524,0.252,2.019,0.00,0.513,0.025
-93.75903277,42.02099266,20,TaskName 5/9/2025 (GreenStar 4 Monitor),Water,185,5/9/2025,0.995,On,1092.0,121.25,0.00,6.112,8.927,3.470,177.58,19.99,20.03,0,6,89.91,5/9/2025,Good,0.00,0.00,0.00,0.00,0.00,0.00,0.00,5.342,0.0010,2.671,0.00052,19.40,0.482,3.005,0.00058,32.05,0.0062,0.00,0.00,0.00,2.504,0.250,2.003,0.00,0.498,0.025
-93.75903235,42.02096764,20,TaskName 5/9/2025 (GreenStar 4 Monitor),Water,186,5/9/2025,1.000,On,1091.8,121.25,0.00,6.050,8.878,5.010,174.08,19.99,19.78,0,6,88.96,5/9/2025,Good,0.00,0.00,0.00,0.00,0.00,0.00,0.00,5.274,0.0010,2.637,0.00051,19.16,0.473,2.967,0.00057,31.64,0.0061,0.00,0.00,0.00,2.472,0.247,1.978,0.00,0.489,0.025
-93.75902987,42.02094174,20,TaskName 5/9/2025 (GreenStar 4 Monitor),Water,187,5/9/2025,1.000,On,1091.7,121.25,0.00,6.406,9.397,3.177,170.00,19.99,19.42,0,6,94.16,5/9/2025,Good,0.00,0.00,0.00,0.00,0.00,0.00,0.00,5.177,0.0011,2.589,0.00053,18.81,0.492,2.912,0.00060,31.06,0.0063,0.00,0.00,0.00,2.427,0.243,1.942,0.00,0.508,0.026
-93.75902524,42.02091742,20,TaskName 5/9/2025 (GreenStar 4 Monitor),Water,188,5/9/2025,1.000,On,1091.5,121.25,0.00,6.332,9.278,3.122,165.63,19.99,19.43,0,6,92.97,5/9/2025,Good,0.00,0.00,0.00,0.00,0.00,0.00,0.00,5.181,0.0010,2.590,0.00052,18.82,0.486,2.914,0.00059,31.09,0.0063,0.00,0.00,0.00,2.429,0.243,1.943,0.00,0.502,0.026
-93.75901918,42.02089434,20,TaskName 5/9/2025 (GreenStar 4 Monitor),Water,189,5/9/2025,0.995,On,1091.4,121.25,0.00,5.990,8.737,3.629,160.10,19.99,20.29,0,6,87.99,5/9/2025,Good,0.00,0.00,0.00,0.00,0.00,0.00,0.00,5.411,0.0010,2.706,0.00051,19.66,0.478,3.044,0.00058,32.47,0.0062,0.00,0.00,0.00,2.537,0.254,2.029,0.00,0.493,0.024
-93.75901062,42.02087246,20,TaskName 5/9/2025 (GreenStar 4 Monitor),Water,190,5/9/2025,1.005,On,1091.2,121.25,0.00,5.842,8.609,2.706,154.42,19.99,20.74,0,6,85.84,5/9/2025,Good,0.00,0.00,0.00,0.00,0.00,0.00,0.00,5.532,0.0010,2.766,0.00052,20.09,0.482,3.112,0.00058,33.19,0.0062,0.00,0.00,0.00,2.593,0.259,2.074,0.00,0.497,0.024
-93.75900146,42.02085519,20,TaskName 5/9/2025 (GreenStar 4 Monitor),Water,191,5/9/2025,1.000,On,1091.1,121.25,0.00,5.334,7.795,2.096,150.66,19.99,19.87,0,6,78.11,5/9/2025,Good,0.00,0.00,0.00,0.00,0.00,0.00,0.00,5.298,0.00090,2.649,0.00045,19.24,0.418,2.980,0.00051,31.79,0.0054,0.00,0.00,0.00,2.483,0.248,1.987,0.00,0.431,0.022
-93.75899311,42.02084303,20,TaskName 5/9/2025 (GreenStar 4 Monitor),Water,192,5/9/2025,1.000,On,1091.1,121.25,0.00,4.099,5.837,2.218,149.31,19.99,19.88,0,6,58.49,5/9/2025,Good,0.00,0.00,0.00,0.00,0.00,0.00,0.00,5.302,0.00067,2.651,0.00034,19.26,0.313,2.983,0.00038,31.81,0.0040,0.00,0.00,0.00,2.486,0.249,1.988,0.00,0.323,0.016
-93.75898871,42.02083729,20,TaskName 5/9/2025 (GreenStar 4 Monitor),Water,193,5/9/2025,1.000,On,1091.1,121.25,0.00,1.797,2.415,1.984,149.27,19.99,36.28,0,6,24.20,5/9/2025,Over Target,0.00,0.00,0.00,0.00,0.00,0.00,0.00,9.674,0.00051,4.837,0.00025,35.14,0.236,5.442,0.00029,58.05,0.0030,0.00,0.00,0.00,4.535,0.453,3.628,0.00,0.244,0.0067
-93.75898755,42.02083596,20,TaskName 5/9/2025 (GreenStar 4 Monitor),Water,194,5/9/2025,0.800,On,1091.1,121.25,0.00,0.619,0.626,2.108,149.36,19.99,87.05,0,6,7.841,5/9/2025,Over Target,0.00,0.00,0.00,0.00,0.00,0.00,0.00,23.21,0.00032,11.61,0.00016,84.33,0.147,13.06,0.00018,139.29,0.0019,0.00,0.00,0.00,10.88,1.088,8.705,0.00,0.152,0.0017
