Longitude,Latitude,Field,Dataset,Product,Feature ID,Date / Time,Duration(s),Area Count,Elevation(ft),Swath Width(ft),Y Offset(ft),Speed(mph),Distance(ft),Fuel Consumption Rate (Time)(gal(US)/h),Track(deg),Target Rate (Liquid)(gal(US)/ac),Rate (Volume)(gal(US)/ac),Segment ID,Pass Number,Productivity(ac/h),Date,Rate Quality,Rate (Volume) (Tough 5EC)(floz(US)/ac),Product Amount Used/Needed (Tough 5EC),Rate (Volume) (Laudis Herbicide)(floz(US)/ac),Product Amount Used/Needed (Laudis Herbicide),Rate (Mass) (Ag saver)(oz/ac),Rate (Volume) (Warrant Herbicide)(qt(US)/ac),Product Amount Used/Needed (Warrant Herbicide),Rate (Volume) (Fulltec Oil)(floz(US)/ac),Product Amount Used/Needed (Fulltec Oil),Rate (Volume) (Fulltec Adjuvant)(floz(US)/ac),Product Amount Used/Needed (Fulltec Adjuvant),Rate (Volume) (Water)(gal(US)/ac),Product Amount Used/Needed (Water),Rate (Volume) (Callisto)(floz(US)/ac),Product Amount Used/Needed (Callisto),Rate (Volume) (Ag saver)(floz(US)/ac),Product Amount Used/Needed (Ag saver),Rate (Mass) (AAtrex 4L Herbicide)(lb/ac),Rate (Volume) (Smackdown)(pt(US)/ac),Product Amount Used/Needed (Smackdown),Rate (Volume) (Surpass NXT)(pt(US)/ac),Rate (Mass) (Atrazine 4L)(lb/ac),Rate (Volume) (Gro Centric)(floz(US)/ac),Rate (Volume) (Water (1)~9)(gal(US)/ac),Product Amount Used/Needed,Area (ac)
-93.75949473,42.01893506,30,TaskName 7/2/2025 (GreenStar 4 Monitor),Enlist 1 & Ag Saver,1,7/2/2025,0.995,On,1100.7,121.25,0.00,3.577,5.207,5.473,0.713,15.00,14.33,0,1,52.44,7/2/2025,Good,0.00,0.00,0.00,0.00,0.00,0.00,0.00,3.821,0.00043,1.910,0.00022,13.88,0.201,0.00,0.00,22.93,0.0026,0.00,0.00,0.00,0.00,0.00,0.00,0.00,0.00,0.014
-93.75949384,42.01895527,30,TaskName 7/2/2025 (GreenStar 4 Monitor),Enlist 1 & Ag Saver,2,7/2/2025,1.000,On,1100.9,121.25,0.00,4.187,6.099,7.807,0.031,15.00,14.89,0,1,61.12,7/2/2025,Good,0.00,0.00,0.00,0.00,0.00,0.00,0.00,3.972,0.00053,1.986,0.00026,14.43,0.245,0.00,0.00,23.83,0.0032,0.00,0.00,0.00,0.00,0.00,0.00,0.00,0.00,0.017
-93.75949344,42.01897911,30,TaskName 7/2/2025 (GreenStar 4 Monitor),Enlist 1 & Ag Saver,3,7/2/2025,1.000,On,1101.0,121.25,0.00,5.462,7.986,5.954,359.79,15.00,15.03,0,1,80.02,7/2/2025,Good,0.00,0.00,0.00,0.00,0.00,0.00,0.00,4.009,0.00070,2.004,0.00035,14.56,0.324,0.00,0.00,24.05,0.0042,0.00,0.00,0.00,0.00,0.00,0.00,0.00,0.00,0.022
-93.75949339,42.01900559,30,TaskName 7/2/2025 (GreenStar 4 Monitor),Enlist 1 & Ag Saver,4,7/2/2025,1.000,On,1101.2,121.25,0.00,6.103,8.937,7.579,359.84,15.00,15.07,0,1,89.55,7/2/2025,Good,0.00,0.00,0.00,0.00,0.00,0.00,0.00,4.017,0.00078,2.009,0.00039,14.59,0.363,0.00,0.00,24.10,0.0047,0.00,0.00,0.00,0.00,0.00,0.00,0.00,0.00,0.025
-93.75949366,42.01903512,30,TaskName 7/2/2025 (GreenStar 4 Monitor),Enlist 1 & Ag Saver,5,7/2/2025,1.005,On,1101.3,121.25,0.00,6.946,10.22,6.425,0.133,15.00,14.91,0,1,101.90,7/2/2025,Good,0.00,0.00,0.00,0.00,0.00,0.00,0.00,3.976,0.00088,1.988,0.00044,14.44,0.411,0.00,0.00,23.85,0.0053,0.00,0.00,0.00,0.00,0.00,0.00,0.00,0.00,0.028
-93.75949336,42.01906732,30,TaskName 7/2/2025 (GreenStar 4 Monitor),Enlist 1 & Ag Saver,6,7/2/2025,0.995,On,1101.3,121.25,0.00,7.597,11.08,6.022,0.024,15.00,14.88,0,1,111.56,7/2/2025,Good,0.00,0.00,0.00,0.00,0.00,0.00,0.00,3.969,0.00096,1.984,0.00048,14.42,0.445,0.00,0.00,23.81,0.0057,0.00,0.00,0.00,0.00,0.00,0.00,0.00,0.00,0.031
-93.75949287,42.01910074,30,TaskName 7/2/2025 (GreenStar 4 Monitor),Enlist 1 & Ag Saver,7,7/2/2025,1.000,On,1101.3,121.25,0.00,8.137,11.94,5.870,359.51,15.00,14.88,0,1,119.60,7/2/2025,Good,0.00,0.00,0.00,0.00,0.00,0.00,0.00,3.967,0.0010,1.984,0.00051,14.41,0.479,0.00,0.00,23.80,0.0062,0.00,0.00,0.00,0.00,0.00,0.00,0.00,0.00,0.033
-93.75949315,42.01913461,30,TaskName 7/2/2025 (GreenStar 4 Monitor),Enlist 1 & Ag Saver,8,7/2/2025,1.000,On,1101.4,121.25,0.00,8.346,12.24,5.809,359.40,15.00,14.92,0,1,122.69,7/2/2025,Good,0.00,0.00,0.00,0.00,0.00,0.00,0.00,3.979,0.0011,1.990,0.00053,14.45,0.493,0.00,0.00,23.88,0.0064,0.00,0.00,0.00,0.00,0.00,0.00,0.00,0.00,0.034
-93.75949367,42.01916886,30,TaskName 7/2/2025 (GreenStar 4 Monitor),Enlist 1 & Ag Saver,9,7/2/2025,1.000,On,1101.5,121.25,0.00,8.456,12.40,6.335,359.80,15.00,14.88,0,1,124.27,7/2/2025,Good,0.00,0.00,0.00,0.00,0.00,0.00,0.00,3.969,0.0011,1.984,0.00054,14.42,0.498,0.00,0.00,23.81,0.0064,0.00,0.00,0.00,0.00,0.00,0.00,0.00,0.00,0.035
-93.75949411,42.01920316,30,TaskName 7/2/2025 (GreenStar 4 Monitor),Enlist 1 & Ag Saver,10,7/2/2025,1.000,On,1101.7,121.25,0.00,8.525,12.51,6.797,0.219,15.00,14.94,0,1,125.32,7/2/2025,Good,0.00,0.00,0.00,0.00,0.00,0.00,0.00,3.985,0.0011,1.992,0.00054,14.47,0.504,0.00,0.00,23.91,0.0065,0.00,0.00,0.00,0.00,0.00,0.00,0.00,0.00,0.035
-93.75949341,42.01923904,30,TaskName 7/2/2025 (GreenStar 4 Monitor),Enlist 1 & Ag Saver,11,7/2/2025,1.001,On,1101.6,121.25,0.00,8.688,12.74,6.770,359.87,15.00,14.98,0,1,127.56,7/2/2025,Good,0.00,0.00,0.00,0.00,0.00,0.00,0.00,3.996,0.0011,1.998,0.00055,14.51,0.515,0.00,0.00,23.97,0.0066,0.00,0.00,0.00,0.00,0.00,0.00,0.00,0.00,0.035
-93.75949298,42.01927606,30,TaskName 7/2/2025 (GreenStar 4 Monitor),Enlist 1 & Ag Saver,12,7/2/2025,0.999,On,1101.6,121.25,0.00,9.050,13.27,5.826,359.29,15.00,14.91,0,1,133.15,7/2/2025,Good,0.00,0.00,0.00,0.00,0.00,0.00,0.00,3.977,0.0011,1.988,0.00057,14.45,0.534,0.00,0.00,23.86,0.0069,0.00,0.00,0.00,0.00,0.00,0.00,0.00,0.00,0.037
-93.75949351,42.01931266,30,TaskName 7/2/2025 (GreenStar 4 Monitor),Enlist 1 & Ag Saver,13,7/2/2025,1.000,On,1101.5,121.25,0.00,9.154,13.43,5.817,359.70,15.00,14.93,0,1,134.56,7/2/2025,Good,0.00,0.00,0.00,0.00,0.00,0.00,0.00,3.983,0.0012,1.991,0.00058,14.47,0.541,0.00,0.00,23.90,0.0070,0.00,0.00,0.00,0.00,0.00,0.00,0.00,0.00,0.037
-93.75949379,42.01934979,30,TaskName 7/2/2025 (GreenStar 4 Monitor),Enlist 1 & Ag Saver,14,7/2/2025,1.000,On,1101.3,121.25,0.00,9.095,13.34,6.488,0.149,15.00,14.99,0,1,133.71,7/2/2025,Good,0.00,0.00,0.00,0.00,0.00,0.00,0.00,3.998,0.0012,1.999,0.00058,14.52,0.539,0.00,0.00,23.99,0.0070,0.00,0.00,0.00,0.00,0.00,0.00,0.00,0.00,0.037
-93.75949342,42.01938784,30,TaskName 7/2/2025 (GreenStar 4 Monitor),Enlist 1 & Ag Saver,15,7/2/2025,1.000,On,1101.0,121.25,0.00,9.376,13.76,4.798,359.84,15.00,14.94,0,1,137.85,7/2/2025,Good,0.00,0.00,0.00,0.00,0.00,0.00,0.00,3.984,0.0012,1.992,0.00060,14.47,0.554,0.00,0.00,23.91,0.0072,0.00,0.00,0.00,0.00,0.00,0.00,0.00,0.00,0.038
-93.75949333,42.01942525,30,TaskName 7/2/2025 (GreenStar 4 Monitor),Enlist 1 & Ag Saver,16,7/2/2025,1.000,On,1100.7,121.25,0.00,9.394,13.78,5.004,359.40,15.00,14.96,0,1,138.08,7/2/2025,Good,0.00,0.00,0.00,0.00,0.00,0.00,0.00,3.989,0.0012,1.994,0.00060,14.49,0.556,0.00,0.00,23.93,0.0072,0.00,0.00,0.00,0.00,0.00,0.00,0.00,0.00,0.038
-93.75949397,42.01946258,30,TaskName 7/2/2025 (GreenStar 4 Monitor),Enlist 1 & Ag Saver,17,7/2/2025,0.995,On,1100.4,121.25,0.00,9.263,13.52,5.519,359.78,15.00,14.98,0,1,136.20,7/2/2025,Good,0.00,0.00,0.00,0.00,0.00,0.00,0.00,3.994,0.0012,1.997,0.00059,14.51,0.546,0.00,0.00,23.97,0.0070,0.00,0.00,0.00,0.00,0.00,0.00,0.00,0.00,0.038
-93.75949452,42.01949990,30,TaskName 7/2/2025 (GreenStar 4 Monitor),Enlist 1 & Ag Saver,18,7/2/2025,1.005,On,1100.0,121.25,0.00,9.264,13.65,5.248,0.212,15.00,14.96,0,1,136.15,7/2/2025,Good,0.00,0.00,0.00,0.00,0.00,0.00,0.00,3.990,0.0012,1.995,0.00059,14.49,0.551,0.00,0.00,23.94,0.0071,0.00,0.00,0.00,0.00,0.00,0.00,0.00,0.00,0.038
-93.75949418,42.01953751,30,TaskName 7/2/2025 (GreenStar 4 Monitor),Enlist 1 & Ag Saver,19,7/2/2025,0.996,On,1099.4,121.25,0.00,9.348,13.65,3.767,359.98,15.00,14.95,0,1,137.28,7/2/2025,Good,0.00,0.00,0.00,0.00,0.00,0.00,0.00,3.986,0.0012,1.993,0.00059,14.48,0.550,0.00,0.00,23.92,0.0071,0.00,0.00,0.00,0.00,0.00,0.00,0.00,0.00,0.038
-93.75949405,42.01957347,30,TaskName 7/2/2025 (GreenStar 4 Monitor),Enlist 1 & Ag Saver,20,7/2/2025,1.004,On,1099.2,121.25,0.00,9.194,13.55,3.829,359.71,15.00,14.98,0,1,135.27,7/2/2025,Good,0.00,0.00,0.00,0.00,0.00,0.00,0.00,3.994,0.0012,1.997,0.00059,14.51,0.547,0.00,0.00,23.97,0.0071,0.00,0.00,0.00,0.00,0.00,0.00,0.00,0.00,0.038
-93.75949451,42.01960785,30,TaskName 7/2/2025 (GreenStar 4 Monitor),Enlist 1 & Ag Saver,21,7/2/2025,1.000,On,1098.9,121.25,0.00,8.732,12.81,4.943,0.039,15.00,15.04,0,1,128.32,7/2/2025,Good,0.00,0.00,0.00,0.00,0.00,0.00,0.00,4.012,0.0011,2.006,0.00056,14.57,0.519,0.00,0.00,24.07,0.0067,0.00,0.00,0.00,0.00,0.00,0.00,0.00,0.00,0.036
-93.75949463,42.01964194,30,TaskName 7/2/2025 (GreenStar 4 Monitor),Enlist 1 & Ag Saver,22,7/2/2025,0.995,On,1098.6,121.25,0.00,8.530,12.45,4.389,0.172,15.00,15.07,0,1,125.36,7/2/2025,Good,0.00,0.00,0.00,0.00,0.00,0.00,0.00,4.019,0.0011,2.009,0.00054,14.60,0.506,0.00,0.00,24.11,0.0065,0.00,0.00,0.00,0.00,0.00,0.00,0.00,0.00,0.035
-93.75949482,42.01967565,30,TaskName 7/2/2025 (GreenStar 4 Monitor),Enlist 1 & Ag Saver,23,7/2/2025,1.005,On,1098.3,121.25,0.00,8.426,12.42,4.241,0.384,15.00,15.07,0,1,123.85,7/2/2025,Good,0.00,0.00,0.00,0.00,0.00,0.00,0.00,4.020,0.0011,2.010,0.00054,14.60,0.505,0.00,0.00,24.12,0.0065,0.00,0.00,0.00,0.00,0.00,0.00,0.00,0.00,0.035
-93.75949475,42.01970895,30,TaskName 7/2/2025 (GreenStar 4 Monitor),Enlist 1 & Ag Saver,24,7/2/2025,1.000,On,1097.9,121.25,0.00,8.352,12.25,4.565,0.635,15.00,15.01,0,1,122.79,7/2/2025,Good,0.00,0.00,0.00,0.00,0.00,0.00,0.00,4.002,0.0011,2.001,0.00053,14.54,0.496,0.00,0.00,24.01,0.0064,0.00,0.00,0.00,0.00,0.00,0.00,0.00,0.00,0.034
-93.75949397,42.01974253,30,TaskName 7/2/2025 (GreenStar 4 Monitor),Enlist 1 & Ag Saver,25,7/2/2025,1.000,On,1097.5,121.25,0.00,8.291,12.17,4.805,0.321,15.00,15.03,0,1,121.90,7/2/2025,Good,0.00,0.00,0.00,0.00,0.00,0.00,0.00,4.009,0.0011,2.004,0.00053,14.56,0.493,0.00,0.00,24.05,0.0064,0.00,0.00,0.00,0.00,0.00,0.00,0.00,0.00,0.034
-93.75949312,42.01977699,30,TaskName 7/2/2025 (GreenStar 4 Monitor),Enlist 1 & Ag Saver,26,7/2/2025,1.000,On,1097.1,121.25,0.00,8.471,12.42,4.420,359.43,15.00,15.02,0,1,124.47,7/2/2025,Good,0.00,0.00,0.00,0.00,0.00,0.00,0.00,4.007,0.0011,2.003,0.00054,14.55,0.503,0.00,0.00,24.04,0.0065,0.00,0.00,0.00,0.00,0.00,0.00,0.00,0.00,0.035
-93.75949277,42.01981223,30,TaskName 7/2/2025 (GreenStar 4 Monitor),Enlist 1 & Ag Saver,27,7/2/2025,1.000,On,1097.1,121.25,0.00,8.641,12.68,5.318,358.50,15.00,15.01,0,1,127.03,7/2/2025,Good,0.00,0.00,0.00,0.00,0.00,0.00,0.00,4.004,0.0011,2.002,0.00055,14.54,0.513,0.00,0.00,24.02,0.0066,0.00,0.00,0.00,0.00,0.00,0.00,0.00,0.00,0.035
-93.75949397,42.01984622,30,TaskName 7/2/2025 (GreenStar 4 Monitor),Enlist 1 & Ag Saver,28,7/2/2025,0.996,On,1096.9,121.25,0.00,8.655,12.64,4.229,358.88,15.00,14.98,0,1,127.21,7/2/2025,Good,0.00,0.00,0.00,0.00,0.00,0.00,0.00,3.994,0.0011,1.997,0.00055,14.51,0.511,0.00,0.00,23.97,0.0066,0.00,0.00,0.00,0.00,0.00,0.00,0.00,0.00,0.035
-93.75949550,42.01988007,30,TaskName 7/2/2025 (GreenStar 4 Monitor),Enlist 1 & Ag Saver,29,7/2/2025,0.999,On,1096.6,121.25,0.00,8.412,12.33,4.785,0.102,15.00,14.91,0,1,123.64,7/2/2025,Good,0.00,0.00,0.00,0.00,0.00,0.00,0.00,3.975,0.0011,1.987,0.00053,14.44,0.495,0.00,0.00,23.85,0.0064,0.00,0.00,0.00,0.00,0.00,0.00,0.00,0.00,0.034
-93.75949614,42.01991313,30,TaskName 7/2/2025 (GreenStar 4 Monitor),Enlist 1 & Ag Saver,30,7/2/2025,1.005,On,1096.4,121.25,0.00,8.383,12.36,3.977,0.815,15.00,14.97,0,1,123.26,7/2/2025,Good,0.00,0.00,0.00,0.00,0.00,0.00,0.00,3.992,0.0011,1.996,0.00054,14.50,0.499,0.00,0.00,23.95,0.0064,0.00,0.00,0.00,0.00,0.00,0.00,0.00,0.00,0.034
-93.75949608,42.01992540,30,TaskName 7/2/2025 (GreenStar 4 Monitor),Enlist 1 & Ag Saver,31,7/2/2025,0.400,On,1096.3,121.25,0.00,8.099,4.753,4.431,0.917,15.00,15.01,0,1,119.06,7/2/2025,Good,0.00,0.00,0.00,0.00,0.00,0.00,0.00,4.004,0.00041,2.002,0.00021,14.54,0.192,0.00,0.00,24.02,0.0025,0.00,0.00,0.00,0.00,0.00,0.00,0.00,0.00,0.013
-93.75949582,42.01995531,30,TaskName 7/2/2025 (GreenStar 4 Monitor),Enlist 1 & Ag Saver,32,7/2/2025,0.995,On,1096.1,105.00,8.125,7.624,11.12,5.108,0.863,15.00,15.14,0,1,97.00,7/2/2025,Good,0.00,0.00,0.00,0.00,0.00,0.00,0.00,4.036,0.00085,2.018,0.00042,14.66,0.393,0.00,0.00,24.22,0.0051,0.00,0.00,0.00,0.00,0.00,0.00,0.00,0.00,0.027
-93.75949566,42.01996127,30,TaskName 7/2/2025 (GreenStar 4 Monitor),Enlist 1 & Ag Saver,33,7/2/2025,0.205,On,1096.1,105.00,8.125,7.456,2.243,5.539,0.839,15.00,15.19,0,1,94.96,7/2/2025,Good,0.00,0.00,0.00,0.00,0.00,0.00,0.00,4.051,0.00017,2.026,8.557e-05,14.72,0.080,0.00,0.00,24.31,0.0010,0.00,0.00,0.00,0.00,0.00,0.00,0.00,0.00,0.0054
-93.75949519,42.01999176,30,TaskName 7/2/2025 (GreenStar 4 Monitor),Enlist 1 & Ag Saver,34,7/2/2025,1.000,On,1096.0,90.00,15.62,7.513,11.02,5.545,0.737,15.00,15.14,0,1,81.97,7/2/2025,Good,0.00,0.00,0.00,0.00,0.00,0.00,0.00,4.038,0.00072,2.019,0.00036,14.67,0.334,0.00,0.00,24.23,0.0043,0.00,0.00,0.00,0.00,0.00,0.00,0.00,0.00,0.023
-93.75949485,42.02001585,30,TaskName 7/2/2025 (GreenStar 4 Monitor),Enlist 1 & Ag Saver,35,7/2/2025,0.801,On,1096.0,80.00,20.62,7.544,8.865,5.268,0.596,15.00,15.13,0,1,73.18,7/2/2025,Good,0.00,0.00,0.00,0.00,0.00,0.00,0.00,4.035,0.00051,2.018,0.00026,14.66,0.239,0.00,0.00,24.21,0.0031,0.00,0.00,0.00,0.00,0.00,0.00,0.00,0.00,0.016
-93.75949429,42.02004586,30,TaskName 7/2/2025 (GreenStar 4 Monitor),Enlist 1 & Ag Saver,36,7/2/2025,0.999,On,1095.9,75.00,23.12,7.493,10.98,5.229,0.306,15.00,15.09,0,1,68.13,7/2/2025,Good,0.00,0.00,0.00,0.00,0.00,0.00,0.00,4.023,0.00059,2.012,0.00030,14.61,0.276,0.00,0.00,24.14,0.0036,0.00,0.00,0.00,0.00,0.00,0.00,0.00,0.00,0.019
-93.75949404,42.02006414,30,TaskName 7/2/2025 (GreenStar 4 Monitor),Enlist 1 & Ag Saver,37,7/2/2025,0.600,On,1095.7,75.00,23.12,7.476,6.579,5.241,0.110,15.00,15.06,0,1,67.97,7/2/2025,Good,0.00,0.00,0.00,0.00,0.00,0.00,0.00,4.017,0.00036,2.008,0.00018,14.59,0.165,0.00,0.00,24.10,0.0021,0.00,0.00,0.00,0.00,0.00,0.00,0.00,0.00,0.011
-93.75949400,42.02009428,30,TaskName 7/2/2025 (GreenStar 4 Monitor),Enlist 1 & Ag Saver,38,7/2/2025,1.000,On,1095.3,67.50,26.87,7.576,11.11,3.503,359.96,15.00,15.05,0,1,61.96,7/2/2025,Good,0.00,0.00,0.00,0.00,0.00,0.00,0.00,4.013,0.00054,2.007,0.00027,14.58,0.251,0.00,0.00,24.08,0.0032,0.00,0.00,0.00,0.00,0.00,0.00,0.00,0.00,0.017
-93.75949408,42.02011999,30,TaskName 7/2/2025 (GreenStar 4 Monitor),Enlist 1 & Ag Saver,39,7/2/2025,1.000,On,1095.0,53.75,33.75,7.104,10.40,2.234,359.92,15.00,15.02,0,1,46.19,7/2/2025,Good,0.00,0.00,0.00,0.00,0.00,0.00,0.00,4.007,0.00040,2.003,0.00020,14.55,0.187,0.00,0.00,24.04,0.0024,0.00,0.00,0.00,0.00,0.00,0.00,0.00,0.00,0.013
-93.75949413,42.02012907,30,TaskName 7/2/2025 (GreenStar 4 Monitor),Enlist 1 & Ag Saver,40,7/2/2025,0.400,On,1095.0,53.75,33.75,6.208,3.637,3.431,359.91,15.00,15.03,0,1,40.39,7/2/2025,Good,0.00,0.00,0.00,0.00,0.00,0.00,0.00,4.008,0.00014,2.004,7.028e-05,14.56,0.065,0.00,0.00,24.05,0.00084,0.00,0.00,0.00,0.00,0.00,0.00,0.00,0.00,0.0045
-93.75949415,42.02013803,30,TaskName 7/2/2025 (GreenStar 4 Monitor),Enlist 1 & Ag Saver,41,7/2/2025,0.400,On,1094.9,46.25,37.50,5.850,3.427,3.927,0.047,15.00,15.19,0,1,32.75,7/2/2025,Good,0.00,0.00,0.00,0.00,0.00,0.00,0.00,4.051,0.00012,2.025,5.758e-05,14.72,0.054,0.00,0.00,24.31,0.00069,0.00,0.00,0.00,0.00,0.00,0.00,0.00,0.00,0.0036
-93.75949415,42.02015069,30,TaskName 7/2/2025 (GreenStar 4 Monitor),Enlist 1 & Ag Saver,42,7/2/2025,0.595,On,1094.8,41.25,40.00,5.580,4.866,3.875,0.0076,15.00,15.08,0,1,27.88,7/2/2025,Good,0.00,0.00,0.00,0.00,0.00,0.00,0.00,4.021,0.00014,2.010,7.236e-05,14.60,0.067,0.00,0.00,24.12,0.00087,0.00,0.00,0.00,0.00,0.00,0.00,0.00,0.00,0.0046
-93.75949411,42.02016283,30,TaskName 7/2/2025 (GreenStar 4 Monitor),Enlist 1 & Ag Saver,43,7/2/2025,0.605,On,1094.6,31.25,45.00,5.284,4.688,4.395,359.87,15.00,15.09,0,1,20.01,7/2/2025,Good,0.00,0.00,0.00,0.00,0.00,0.00,0.00,4.023,0.00011,2.012,5.286e-05,14.61,0.049,0.00,0.00,24.14,0.00063,0.00,0.00,0.00,0.00,0.00,0.00,0.00,0.00,0.0034
-93.75949411,42.02018241,30,TaskName 7/2/2025 (GreenStar 4 Monitor),Enlist 1 & Ag Saver,44,7/2/2025,0.995,On,1094.5,16.25,52.50,5.002,7.292,4.119,359.88,15.00,15.11,0,1,9.842,7/2/2025,Good,0.00,0.00,0.00,0.00,0.00,0.00,0.00,4.030,8.565e-05,2.015,4.282e-05,14.64,0.040,0.00,0.00,24.18,0.00051,0.00,0.00,0.00,0.00,0.00,0.00,0.00,0.00,0.0027
-93.75949407,42.02019050,30,TaskName 7/2/2025 (GreenStar 4 Monitor),Enlist 1 & Ag Saver,45,7/2/2025,0.405,On,1094.5,16.25,52.50,4.886,2.899,4.170,359.87,15.00,14.83,0,1,9.614,7/2/2025,Good,0.00,0.00,0.00,0.00,0.00,0.00,0.00,3.954,3.341e-05,1.977,1.671e-05,14.36,0.016,0.00,0.00,23.73,0.00020,0.00,0.00,0.00,0.00,0.00,0.00,0.00,0.00,0.0011
-93.75948015,42.02009096,30,TaskName 7/2/2025 (GreenStar 4 Monitor),Enlist 1 & Ag Saver,46,7/2/2025,0.205,On,1096.2,2.500,-5.623,5.554,1.671,4.762,46.55,15.00,15.32,0,2,1.684,7/2/2025,Good,0.00,0.00,0.00,0.00,0.00,0.00,0.00,4.085,3.061e-06,2.043,1.531e-06,14.84,0.0014,0.00,0.00,24.51,1.837e-05,0.00,0.00,0.00,0.00,0.00,0.00,0.00,0.00,9.592e-05
-93.75947601,42.02009402,30,TaskName 7/2/2025 (GreenStar 4 Monitor),Enlist 1 & Ag Saver,47,7/2/2025,0.200,On,1096.2,3.750,-4.998,5.579,1.635,4.134,46.66,15.00,15.16,0,2,2.534,7/2/2025,Good,0.00,0.00,0.00,0.00,0.00,0.00,0.00,4.043,4.446e-06,2.021,2.223e-06,14.68,0.0021,0.00,0.00,24.26,2.667e-05,0.00,0.00,0.00,0.00,0.00,0.00,0.00,0.00,0.00014
-93.75946748,42.02010018,30,TaskName 7/2/2025 (GreenStar 4 Monitor),Enlist 1 & Ag Saver,48,7/2/2025,0.395,On,1096.2,6.250,-3.748,5.535,3.205,4.731,46.82,15.00,15.28,0,2,4.191,7/2/2025,Good,0.00,0.00,0.00,0.00,0.00,0.00,0.00,4.075,1.464e-05,2.037,7.319e-06,14.80,0.0068,0.00,0.00,24.45,8.783e-05,0.00,0.00,0.00,0.00,0.00,0.00,0.00,0.00,0.00046
-93.75946305,42.02010318,30,TaskName 7/2/2025 (GreenStar 4 Monitor),Enlist 1 & Ag Saver,49,7/2/2025,0.205,On,1096.2,5.000,-4.373,5.505,1.655,5.501,46.86,15.00,15.00,0,2,3.336,7/2/2025,Good,0.00,0.00,0.00,0.00,0.00,0.00,0.00,4.000,5.936e-06,2.000,2.968e-06,14.53,0.0028,0.00,0.00,24.00,3.561e-05,0.00,0.00,0.00,0.00,0.00,0.00,0.00,0.00,0.00019
-93.75945862,42.02010636,30,TaskName 7/2/2025 (GreenStar 4 Monitor),Enlist 1 & Ag Saver,50,7/2/2025,0.195,On,1096.2,2.500,-5.623,5.505,1.573,5.825,46.88,15.00,15.49,0,2,1.666,7/2/2025,Good,0.00,0.00,0.00,0.00,0.00,0.00,0.00,4.131,2.913e-06,2.065,1.457e-06,15.01,0.0014,0.00,0.00,24.79,1.748e-05,0.00,0.00,0.00,0.00,0.00,0.00,0.00,0.00,9.027e-05
-93.75945397,42.02010950,30,TaskName 7/2/2025 (GreenStar 4 Monitor),Enlist 1 & Ag Saver,51,7/2/2025,0.205,On,1096.2,1.250,-6.248,5.541,1.665,6.307,46.78,15.00,15.32,0,2,0.839,7/2/2025,Good,0.00,0.00,0.00,0.00,0.00,0.00,0.00,4.085,1.525e-06,2.043,7.623e-07,14.84,0.00071,0.00,0.00,24.51,9.148e-06,0.00,0.00,0.00,0.00,0.00,0.00,0.00,0.00,4.777e-05
-93.75943430,42.02012309,30,TaskName 7/2/2025 (GreenStar 4 Monitor),Enlist 1 & Ag Saver,52,7/2/2025,0.200,On,1096.2,1.250,-6.248,6.026,1.766,5.950,46.58,15.00,15.20,0,3,0.912,7/2/2025,Good,0.00,0.00,0.00,0.00,0.00,0.00,0.00,4.054,1.605e-06,2.027,8.027e-07,14.73,0.00075,0.00,0.00,24.32,9.632e-06,0.00,0.00,0.00,0.00,0.00,0.00,0.00,0.00,5.069e-05
-93.75942910,42.02012675,30,TaskName 7/2/2025 (GreenStar 4 Monitor),Enlist 1 & Ag Saver,53,7/2/2025,0.200,On,1096.2,2.500,-5.623,6.187,1.816,5.858,46.61,15.00,15.30,0,3,1.876,7/2/2025,Good,0.00,0.00,0.00,0.00,0.00,0.00,0.00,4.080,3.321e-06,2.040,1.661e-06,14.82,0.0015,0.00,0.00,24.48,1.993e-05,0.00,0.00,0.00,0.00,0.00,0.00,0.00,0.00,0.00010
-93.75942384,42.02013052,30,TaskName 7/2/2025 (GreenStar 4 Monitor),Enlist 1 & Ag Saver,54,7/2/2025,0.195,On,1096.1,6.250,33.00,6.337,1.812,5.680,46.67,15.00,15.08,0,3,4.801,7/2/2025,Good,0.00,0.00,0.00,0.00,0.00,0.00,0.00,4.023,8.172e-06,2.011,4.086e-06,14.61,0.0038,0.00,0.00,24.14,4.903e-05,0.00,0.00,0.00,0.00,0.00,0.00,0.00,0.00,0.00026
-93.75941839,42.02013438,30,TaskName 7/2/2025 (GreenStar 4 Monitor),Enlist 1 & Ag Saver,55,7/2/2025,0.205,On,1096.1,8.750,31.07,6.480,1.947,5.548,46.68,15.00,15.26,0,3,6.868,7/2/2025,Good,0.00,0.00,0.00,0.00,0.00,0.00,0.00,4.068,1.243e-05,2.034,6.215e-06,14.78,0.0058,0.00,0.00,24.41,7.457e-05,0.00,0.00,0.00,0.00,0.00,0.00,0.00,0.00,0.00039
-93.75941291,42.02013819,30,TaskName 7/2/2025 (GreenStar 4 Monitor),Enlist 1 & Ag Saver,56,7/2/2025,0.195,On,1096.1,10.00,34.06,6.635,1.898,4.630,46.75,15.00,15.12,0,3,8.043,7/2/2025,Good,0.00,0.00,0.00,0.00,0.00,0.00,0.00,4.031,1.372e-05,2.016,6.860e-06,14.64,0.0064,0.00,0.00,24.19,8.232e-05,0.00,0.00,0.00,0.00,0.00,0.00,0.00,0.00,0.00044
-93.75940774,42.02014197,30,TaskName 7/2/2025 (GreenStar 4 Monitor),Enlist 1 & Ag Saver,57,7/2/2025,0.205,On,1096.1,12.50,37.87,6.760,2.032,4.015,47.01,15.00,15.13,0,3,10.24,7/2/2025,Good,0.00,0.00,0.00,0.00,0.00,0.00,0.00,4.034,1.838e-05,2.017,9.189e-06,14.65,0.0085,0.00,0.00,24.20,0.00011,0.00,0.00,0.00,0.00,0.00,0.00,0.00,0.00,0.00058
-93.75940257,42.02014586,30,TaskName 7/2/2025 (GreenStar 4 Monitor),Enlist 1 & Ag Saver,58,7/2/2025,0.200,On,1096.0,15.00,40.00,6.791,1.993,4.286,47.29,15.00,15.14,0,3,12.35,7/2/2025,Good,0.00,0.00,0.00,0.00,0.00,0.00,0.00,4.037,2.164e-05,2.018,1.082e-05,14.66,0.010,0.00,0.00,24.22,0.00013,0.00,0.00,0.00,0.00,0.00,0.00,0.00,0.00,0.00069
-93.75939733,42.02014951,30,TaskName 7/2/2025 (GreenStar 4 Monitor),Enlist 1 & Ag Saver,59,7/2/2025,0.200,On,1096.0,17.50,37.59,6.791,1.993,4.583,47.46,15.00,15.05,0,3,14.41,7/2/2025,Good,0.00,0.00,0.00,0.00,0.00,0.00,0.00,4.014,2.511e-05,2.007,1.255e-05,14.58,0.012,0.00,0.00,24.08,0.00015,0.00,0.00,0.00,0.00,0.00,0.00,0.00,0.00,0.00080
-93.75939198,42.02015327,30,TaskName 7/2/2025 (GreenStar 4 Monitor),Enlist 1 & Ag Saver,60,7/2/2025,0.200,On,1096.0,21.25,33.68,6.762,1.983,4.669,47.54,15.00,15.11,0,3,17.41,7/2/2025,Good,0.00,0.00,0.00,0.00,0.00,0.00,0.00,4.028,3.044e-05,2.014,1.522e-05,14.63,0.014,0.00,0.00,24.17,0.00018,0.00,0.00,0.00,0.00,0.00,0.00,0.00,0.00,0.00097
-93.75938647,42.02015701,30,TaskName 7/2/2025 (GreenStar 4 Monitor),Enlist 1 & Ag Saver,61,7/2/2025,0.195,On,1096.0,22.50,34.37,6.753,1.930,5.237,47.70,15.00,15.13,0,3,18.41,7/2/2025,Good,0.00,0.00,0.00,0.00,0.00,0.00,0.00,4.034,3.142e-05,2.017,1.571e-05,14.65,0.015,0.00,0.00,24.20,0.00019,0.00,0.00,0.00,0.00,0.00,0.00,0.00,0.00,0.00100
-93.75938127,42.02016070,30,TaskName 7/2/2025 (GreenStar 4 Monitor),Enlist 1 & Ag Saver,62,7/2/2025,0.205,On,1096.0,26.25,35.71,6.767,2.035,5.825,47.82,15.00,15.07,0,3,21.54,7/2/2025,Good,0.00,0.00,0.00,0.00,0.00,0.00,0.00,4.020,3.852e-05,2.010,1.926e-05,14.60,0.018,0.00,0.00,24.12,0.00023,0.00,0.00,0.00,0.00,0.00,0.00,0.00,0.00,0.0012
-93.75937604,42.02016453,30,TaskName 7/2/2025 (GreenStar 4 Monitor),Enlist 1 & Ag Saver,63,7/2/2025,0.200,On,1096.0,27.50,35.97,6.751,1.980,6.485,48.03,15.00,15.24,0,3,22.50,7/2/2025,Good,0.00,0.00,0.00,0.00,0.00,0.00,0.00,4.065,3.969e-05,2.033,1.985e-05,14.77,0.018,0.00,0.00,24.39,0.00024,0.00,0.00,0.00,0.00,0.00,0.00,0.00,0.00,0.0012
-93.75937069,42.02016814,30,TaskName 7/2/2025 (GreenStar 4 Monitor),Enlist 1 & Ag Saver,64,7/2/2025,0.200,On,1096.0,31.25,34.85,6.740,1.976,6.816,48.10,15.00,15.01,0,3,25.52,7/2/2025,Good,0.00,0.00,0.00,0.00,0.00,0.00,0.00,4.003,4.434e-05,2.001,2.217e-05,14.54,0.021,0.00,0.00,24.02,0.00027,0.00,0.00,0.00,0.00,0.00,0.00,0.00,0.00,0.0014
-93.75936502,42.02017195,30,TaskName 7/2/2025 (GreenStar 4 Monitor),Enlist 1 & Ag Saver,65,7/2/2025,0.195,On,1096.0,35.00,33.84,6.733,1.924,7.212,48.11,15.00,15.14,0,3,28.54,7/2/2025,Good,0.00,0.00,0.00,0.00,0.00,0.00,0.00,4.037,4.875e-05,2.018,2.438e-05,14.66,0.023,0.00,0.00,24.22,0.00029,0.00,0.00,0.00,0.00,0.00,0.00,0.00,0.00,0.0015
-93.75935916,42.02017586,30,TaskName 7/2/2025 (GreenStar 4 Monitor),Enlist 1 & Ag Saver,66,7/2/2025,0.205,On,1096.0,38.75,31.97,6.796,2.042,7.126,48.12,15.00,15.08,0,3,31.90,7/2/2025,Good,0.00,0.00,0.00,0.00,0.00,0.00,0.00,4.023,5.709e-05,2.011,2.854e-05,14.61,0.027,0.00,0.00,24.14,0.00034,0.00,0.00,0.00,0.00,0.00,0.00,0.00,0.00,0.0018
-93.75935305,42.02017983,30,TaskName 7/2/2025 (GreenStar 4 Monitor),Enlist 1 & Ag Saver,67,7/2/2025,0.195,On,1096.0,42.50,31.29,6.930,1.983,6.452,48.05,15.00,15.01,0,3,35.72,7/2/2025,Good,0.00,0.00,0.00,0.00,0.00,0.00,0.00,4.003,6.050e-05,2.001,3.025e-05,14.54,0.028,0.00,0.00,24.02,0.00036,0.00,0.00,0.00,0.00,0.00,0.00,0.00,0.00,0.0019
-93.75934095,42.02018776,30,TaskName 7/2/2025 (GreenStar 4 Monitor),Enlist 1 & Ag Saver,68,7/2/2025,0.405,On,1095.8,45.00,32.50,7.174,4.261,6.126,47.81,15.00,15.07,0,3,39.13,7/2/2025,Good,0.00,0.00,0.00,0.00,0.00,0.00,0.00,4.018,0.00014,2.009,6.910e-05,14.60,0.064,0.00,0.00,24.11,0.00083,0.00,0.00,0.00,0.00,0.00,0.00,0.00,0.00,0.0044
-93.75932893,42.02019599,30,TaskName 7/2/2025 (GreenStar 4 Monitor),Enlist 1 & Ag Saver,69,7/2/2025,0.395,On,1095.7,48.75,32.40,7.386,4.278,5.129,47.90,15.00,15.05,0,3,43.63,7/2/2025,Good,0.00,0.00,0.00,0.00,0.00,0.00,0.00,4.012,0.00015,2.006,7.503e-05,14.58,0.070,0.00,0.00,24.07,0.00090,0.00,0.00,0.00,0.00,0.00,0.00,0.00,0.00,0.0048
-93.75932286,42.02020013,30,TaskName 7/2/2025 (GreenStar 4 Monitor),Enlist 1 & Ag Saver,70,7/2/2025,0.205,On,1095.7,51.25,31.83,7.498,2.255,4.583,48.02,15.00,14.95,0,3,46.60,7/2/2025,Good,0.00,0.00,0.00,0.00,0.00,0.00,0.00,3.985,8.262e-05,1.993,4.131e-05,14.48,0.038,0.00,0.00,23.91,0.00050,0.00,0.00,0.00,0.00,0.00,0.00,0.00,0.00,0.0027
-93.75931669,42.02020412,30,TaskName 7/2/2025 (GreenStar 4 Monitor),Enlist 1 & Ag Saver,71,7/2/2025,0.200,On,1095.6,57.50,29.70,7.545,2.213,4.418,47.99,15.00,15.03,0,3,52.57,7/2/2025,Good,0.00,0.00,0.00,0.00,0.00,0.00,0.00,4.008,9.146e-05,2.004,4.573e-05,14.56,0.043,0.00,0.00,24.05,0.00055,0.00,0.00,0.00,0.00,0.00,0.00,0.00,0.00,0.0029
-93.75931035,42.02020809,30,TaskName 7/2/2025 (GreenStar 4 Monitor),Enlist 1 & Ag Saver,72,7/2/2025,0.200,On,1095.6,61.25,28.47,7.568,2.219,4.458,47.89,15.00,14.98,0,3,56.17,7/2/2025,Good,0.00,0.00,0.00,0.00,0.00,0.00,0.00,3.994,9.737e-05,1.997,4.868e-05,14.51,0.045,0.00,0.00,23.96,0.00058,0.00,0.00,0.00,0.00,0.00,0.00,0.00,0.00,0.0031
-93.75930431,42.02021231,30,TaskName 7/2/2025 (GreenStar 4 Monitor),Enlist 1 & Ag Saver,73,7/2/2025,0.195,On,1095.6,65.00,27.50,7.592,2.170,4.174,48.04,15.00,14.88,0,3,59.78,7/2/2025,Good,0.00,0.00,0.00,0.00,0.00,0.00,0.00,3.968,0.00010,1.984,5.019e-05,14.42,0.047,0.00,0.00,23.81,0.00060,0.00,0.00,0.00,0.00,0.00,0.00,0.00,0.00,0.0032
-93.75927456,42.02023276,30,TaskName 7/2/2025 (GreenStar 4 Monitor),Enlist 1 & Ag Saver,74,7/2/2025,1.000,On,1095.4,67.50,26.87,7.570,11.10,4.496,48.97,15.00,15.04,0,3,61.92,7/2/2025,Good,0.00,0.00,0.00,0.00,0.00,0.00,0.00,4.012,0.00054,2.006,0.00027,14.57,0.251,0.00,0.00,24.07,0.0032,0.00,0.00,0.00,0.00,0.00,0.00,0.00,0.00,0.017
-93.75924414,42.02025246,30,TaskName 7/2/2025 (GreenStar 4 Monitor),Enlist 1 & Ag Saver,75,7/2/2025,1.005,On,1095.1,67.50,26.87,7.469,11.01,5.049,48.99,15.00,15.02,0,3,61.10,7/2/2025,Good,0.00,0.00,0.00,0.00,0.00,0.00,0.00,4.005,0.00053,2.002,0.00027,14.55,0.248,0.00,0.00,24.03,0.0032,0.00,0.00,0.00,0.00,0.00,0.00,0.00,0.00,0.017
-93.75921297,42.02027248,30,TaskName 7/2/2025 (GreenStar 4 Monitor),Enlist 1 & Ag Saver,76,7/2/2025,0.995,On,1094.9,67.50,26.87,7.540,11.00,4.477,48.65,15.00,15.02,0,3,61.68,7/2/2025,Good,0.00,0.00,0.00,0.00,0.00,0.00,0.00,4.005,0.00053,2.002,0.00027,14.55,0.248,0.00,0.00,24.03,0.0032,0.00,0.00,0.00,0.00,0.00,0.00,0.00,0.00,0.017
-93.75918218,42.02029294,30,TaskName 7/2/2025 (GreenStar 4 Monitor),Enlist 1 & Ag Saver,77,7/2/2025,1.005,On,1094.6,67.50,26.87,7.631,11.25,4.978,48.77,15.00,15.02,0,3,62.43,7/2/2025,Good,0.00,0.00,0.00,0.00,0.00,0.00,0.00,4.005,0.00055,2.002,0.00027,14.55,0.254,0.00,0.00,24.03,0.0033,0.00,0.00,0.00,0.00,0.00,0.00,0.00,0.00,0.017
-93.75915037,42.02031373,30,TaskName 7/2/2025 (GreenStar 4 Monitor),Enlist 1 & Ag Saver,78,7/2/2025,0.995,On,1094.4,67.50,26.87,7.739,11.29,4.915,48.76,15.00,15.01,0,3,63.29,7/2/2025,Good,0.00,0.00,0.00,0.00,0.00,0.00,0.00,4.001,0.00055,2.001,0.00027,14.54,0.254,0.00,0.00,24.01,0.0033,0.00,0.00,0.00,0.00,0.00,0.00,0.00,0.00,0.017
-93.75911861,42.02033481,30,TaskName 7/2/2025 (GreenStar 4 Monitor),Enlist 1 & Ag Saver,79,7/2/2025,1.000,On,1094.1,67.50,26.87,7.880,11.56,5.098,49.31,15.00,14.99,0,3,64.48,7/2/2025,Good,0.00,0.00,0.00,0.00,0.00,0.00,0.00,3.997,0.00056,1.998,0.00028,14.52,0.260,0.00,0.00,23.98,0.0034,0.00,0.00,0.00,0.00,0.00,0.00,0.00,0.00,0.018
-93.75908580,42.02035581,30,TaskName 7/2/2025 (GreenStar 4 Monitor),Enlist 1 & Ag Saver,80,7/2/2025,1.000,On,1093.9,67.50,26.87,7.906,11.59,5.156,49.13,15.00,14.96,0,3,64.66,7/2/2025,Good,0.00,0.00,0.00,0.00,0.00,0.00,0.00,3.989,0.00056,1.995,0.00028,14.49,0.260,0.00,0.00,23.94,0.0034,0.00,0.00,0.00,0.00,0.00,0.00,0.00,0.00,0.018
-93.75905223,42.02037753,30,TaskName 7/2/2025 (GreenStar 4 Monitor),Enlist 1 & Ag Saver,81,7/2/2025,1.000,On,1093.6,67.50,26.87,8.078,11.85,5.404,49.01,15.00,14.95,0,3,66.08,7/2/2025,Good,0.00,0.00,0.00,0.00,0.00,0.00,0.00,3.986,0.00057,1.993,0.00029,14.48,0.266,0.00,0.00,23.92,0.0034,0.00,0.00,0.00,0.00,0.00,0.00,0.00,0.00,0.018
-93.75901764,42.02039983,30,TaskName 7/2/2025 (GreenStar 4 Monitor),Enlist 1 & Ag Saver,82,7/2/2025,1.000,On,1093.4,67.50,26.87,8.355,12.26,5.110,49.44,15.00,14.97,0,3,68.41,7/2/2025,Good,0.00,0.00,0.00,0.00,0.00,0.00,0.00,3.991,0.00059,1.995,0.00030,14.50,0.275,0.00,0.00,23.95,0.0036,0.00,0.00,0.00,0.00,0.00,0.00,0.00,0.00,0.019
-93.75898289,42.02042252,30,TaskName 7/2/2025 (GreenStar 4 Monitor),Enlist 1 & Ag Saver,83,7/2/2025,1.000,On,1093.1,67.50,26.87,8.510,12.49,4.861,50.46,15.00,14.97,0,3,69.67,7/2/2025,Good,0.00,0.00,0.00,0.00,0.00,0.00,0.00,3.992,0.00060,1.996,0.00030,14.50,0.281,0.00,0.00,23.95,0.0036,0.00,0.00,0.00,0.00,0.00,0.00,0.00,0.00,0.019
-93.75894669,42.02044516,30,TaskName 7/2/2025 (GreenStar 4 Monitor),Enlist 1 & Ag Saver,84,7/2/2025,1.005,On,1092.9,67.50,26.87,8.575,12.65,6.216,51.54,15.00,15.00,0,3,70.20,7/2/2025,Good,0.00,0.00,0.00,0.00,0.00,0.00,0.00,4.001,0.00061,2.000,0.00031,14.53,0.285,0.00,0.00,24.01,0.0037,0.00,0.00,0.00,0.00,0.00,0.00,0.00,0.00,0.020
-93.75890861,42.02046825,30,TaskName 7/2/2025 (GreenStar 4 Monitor),Enlist 1 & Ag Saver,85,7/2/2025,1.000,On,1092.6,67.50,26.87,8.951,13.13,6.068,52.36,15.00,15.00,0,3,73.26,7/2/2025,Good,0.00,0.00,0.00,0.00,0.00,0.00,0.00,4.001,0.00064,2.000,0.00032,14.53,0.296,0.00,0.00,24.01,0.0038,0.00,0.00,0.00,0.00,0.00,0.00,0.00,0.00,0.020
-93.75886911,42.02049098,30,TaskName 7/2/2025 (GreenStar 4 Monitor),Enlist 1 & Ag Saver,86,7/2/2025,0.995,On,1092.4,67.50,26.87,9.188,13.42,5.261,52.45,15.00,14.98,0,3,75.24,7/2/2025,Good,0.00,0.00,0.00,0.00,0.00,0.00,0.00,3.995,0.00065,1.997,0.00032,14.51,0.302,0.00,0.00,23.97,0.0039,0.00,0.00,0.00,0.00,0.00,0.00,0.00,0.00,0.021
-93.75883004,42.02051360,30,TaskName 7/2/2025 (GreenStar 4 Monitor),Enlist 1 & Ag Saver,87,7/2/2025,1.000,On,1092.2,67.50,26.87,9.168,13.45,5.695,53.44,15.00,15.05,0,3,75.05,7/2/2025,Good,0.00,0.00,0.00,0.00,0.00,0.00,0.00,4.012,0.00065,2.006,0.00033,14.57,0.304,0.00,0.00,24.07,0.0039,0.00,0.00,0.00,0.00,0.00,0.00,0.00,0.00,0.021
-93.75879043,42.02053578,30,TaskName 7/2/2025 (GreenStar 4 Monitor),Enlist 1 & Ag Saver,88,7/2/2025,1.000,On,1092.0,67.50,26.87,9.178,13.47,5.620,55.01,15.00,15.02,0,3,75.12,7/2/2025,Good,0.00,0.00,0.00,0.00,0.00,0.00,0.00,4.004,0.00065,2.002,0.00033,14.54,0.304,0.00,0.00,24.02,0.0039,0.00,0.00,0.00,0.00,0.00,0.00,0.00,0.00,0.021
-93.75875011,42.02055730,30,TaskName 7/2/2025 (GreenStar 4 Monitor),Enlist 1 & Ag Saver,89,7/2/2025,1.000,On,1091.9,67.50,26.87,9.141,13.41,6.203,55.87,15.00,15.01,0,3,74.83,7/2/2025,Good,0.00,0.00,0.00,0.00,0.00,0.00,0.00,4.002,0.00065,2.001,0.00032,14.54,0.302,0.00,0.00,24.01,0.0039,0.00,0.00,0.00,0.00,0.00,0.00,0.00,0.00,0.021
-93.75870926,42.02057807,30,TaskName 7/2/2025 (GreenStar 4 Monitor),Enlist 1 & Ag Saver,90,7/2/2025,1.000,On,1091.8,67.50,26.87,9.215,13.52,5.816,55.61,15.00,14.98,0,3,75.43,7/2/2025,Good,0.00,0.00,0.00,0.00,0.00,0.00,0.00,3.994,0.00065,1.997,0.00033,14.51,0.304,0.00,0.00,23.96,0.0039,0.00,0.00,0.00,0.00,0.00,0.00,0.00,0.00,0.021
-93.75866842,42.02059874,30,TaskName 7/2/2025 (GreenStar 4 Monitor),Enlist 1 & Ag Saver,91,7/2/2025,1.005,On,1091.7,67.50,26.87,9.176,13.53,5.429,54.78,15.00,14.99,0,3,75.11,7/2/2025,Good,0.00,0.00,0.00,0.00,0.00,0.00,0.00,3.998,0.00065,1.999,0.00033,14.52,0.305,0.00,0.00,23.99,0.0039,0.00,0.00,0.00,0.00,0.00,0.00,0.00,0.00,0.021
-93.75862838,42.02061983,30,TaskName 7/2/2025 (GreenStar 4 Monitor),Enlist 1 & Ag Saver,92,7/2/2025,0.995,On,1091.6,67.50,26.87,9.087,13.27,6.001,54.82,15.00,15.01,0,3,74.40,7/2/2025,Good,0.00,0.00,0.00,0.00,0.00,0.00,0.00,4.002,0.00064,2.001,0.00032,14.54,0.299,0.00,0.00,24.01,0.0039,0.00,0.00,0.00,0.00,0.00,0.00,0.00,0.00,0.021
-93.75858846,42.02064110,30,TaskName 7/2/2025 (GreenStar 4 Monitor),Enlist 1 & Ag Saver,93,7/2/2025,1.000,On,1091.5,67.50,26.87,9.111,13.37,6.368,55.55,15.00,15.02,0,3,74.59,7/2/2025,Good,0.00,0.00,0.00,0.00,0.00,0.00,0.00,4.006,0.00065,2.003,0.00032,14.55,0.302,0.00,0.00,24.04,0.0039,0.00,0.00,0.00,0.00,0.00,0.00,0.00,0.00,0.021
-93.75854817,42.02066196,30,TaskName 7/2/2025 (GreenStar 4 Monitor),Enlist 1 & Ag Saver,94,7/2/2025,1.000,On,1091.4,67.50,26.87,9.060,13.30,6.736,55.97,15.00,14.97,0,3,74.19,7/2/2025,Good,0.00,0.00,0.00,0.00,0.00,0.00,0.00,3.992,0.00064,1.996,0.00032,14.50,0.299,0.00,0.00,23.95,0.0039,0.00,0.00,0.00,0.00,0.00,0.00,0.00,0.00,0.021
-93.75850771,42.02068265,30,TaskName 7/2/2025 (GreenStar 4 Monitor),Enlist 1 & Ag Saver,95,7/2/2025,1.000,On,1091.3,67.50,26.87,9.081,13.33,6.197,55.81,15.00,14.98,0,3,74.34,7/2/2025,Good,0.00,0.00,0.00,0.00,0.00,0.00,0.00,3.994,0.00064,1.997,0.00032,14.51,0.300,0.00,0.00,23.96,0.0039,0.00,0.00,0.00,0.00,0.00,0.00,0.00,0.00,0.021
-93.75846727,42.02070278,30,TaskName 7/2/2025 (GreenStar 4 Monitor),Enlist 1 & Ag Saver,96,7/2/2025,1.000,On,1091.3,67.50,26.87,9.101,13.35,5.990,55.62,15.00,14.95,0,3,74.48,7/2/2025,Good,0.00,0.00,0.00,0.00,0.00,0.00,0.00,3.987,0.00064,1.993,0.00032,14.48,0.300,0.00,0.00,23.92,0.0039,0.00,0.00,0.00,0.00,0.00,0.00,0.00,0.00,0.021
-93.75842767,42.02072312,30,TaskName 7/2/2025 (GreenStar 4 Monitor),Enlist 1 & Ag Saver,97,7/2/2025,1.001,On,1091.2,67.50,26.87,8.956,13.14,6.748,57.14,15.00,15.00,0,3,73.24,7/2/2025,Good,0.00,0.00,0.00,0.00,0.00,0.00,0.00,4.000,0.00064,2.000,0.00032,14.53,0.296,0.00,0.00,24.00,0.0038,0.00,0.00,0.00,0.00,0.00,0.00,0.00,0.00,0.020
-93.75838770,42.02074310,30,TaskName 7/2/2025 (GreenStar 4 Monitor),Enlist 1 & Ag Saver,98,7/2/2025,0.999,On,1091.2,67.50,26.87,8.942,13.12,5.869,59.76,15.00,15.01,0,3,73.27,7/2/2025,Good,0.00,0.00,0.00,0.00,0.00,0.00,0.00,4.004,0.00064,2.002,0.00032,14.54,0.296,0.00,0.00,24.02,0.0038,0.00,0.00,0.00,0.00,0.00,0.00,0.00,0.00,0.020
-93.75834755,42.02076110,30,TaskName 7/2/2025 (GreenStar 4 Monitor),Enlist 1 & Ag Saver,99,7/2/2025,1.000,On,1091.1,67.50,26.87,8.804,12.92,6.013,61.70,15.00,14.99,0,3,72.05,7/2/2025,Good,0.00,0.00,0.00,0.00,0.00,0.00,0.00,3.998,0.00063,1.999,0.00031,14.52,0.291,0.00,0.00,23.99,0.0038,0.00,0.00,0.00,0.00,0.00,0.00,0.00,0.00,0.020
-93.75830582,42.02077821,30,TaskName 7/2/2025 (GreenStar 4 Monitor),Enlist 1 & Ag Saver,100,7/2/2025,1.000,On,1090.9,67.50,26.87,8.719,12.80,6.557,62.75,15.00,15.04,0,3,71.39,7/2/2025,Good,0.00,0.00,0.00,0.00,0.00,0.00,0.00,4.011,0.00062,2.006,0.00031,14.57,0.289,0.00,0.00,24.07,0.0037,0.00,0.00,0.00,0.00,0.00,0.00,0.00,0.00,0.020
-93.75826297,42.02079475,30,TaskName 7/2/2025 (GreenStar 4 Monitor),Enlist 1 & Ag Saver,101,7/2/2025,1.000,On,1090.9,67.50,26.87,8.882,13.03,5.398,64.58,15.00,15.03,0,3,72.69,7/2/2025,Good,0.00,0.00,0.00,0.00,0.00,0.00,0.00,4.009,0.00063,2.004,0.00032,14.56,0.294,0.00,0.00,24.05,0.0038,0.00,0.00,0.00,0.00,0.00,0.00,0.00,0.00,0.020
-93.75822048,42.02081040,30,TaskName 7/2/2025 (GreenStar 4 Monitor),Enlist 1 & Ag Saver,102,7/2/2025,1.001,On,1090.7,67.50,26.87,8.858,13.01,5.754,68.86,15.00,15.02,0,3,72.52,7/2/2025,Good,0.00,0.00,0.00,0.00,0.00,0.00,0.00,4.006,0.00063,2.003,0.00032,14.55,0.293,0.00,0.00,24.04,0.0038,0.00,0.00,0.00,0.00,0.00,0.00,0.00,0.00,0.020
-93.75817629,42.02082400,30,TaskName 7/2/2025 (GreenStar 4 Monitor),Enlist 1 & Ag Saver,103,7/2/2025,0.999,On,1090.4,67.50,26.87,8.879,13.02,4.970,72.33,15.00,14.98,0,3,72.69,7/2/2025,Good,0.00,0.00,0.00,0.00,0.00,0.00,0.00,3.994,0.00063,1.997,0.00031,14.51,0.293,0.00,0.00,23.97,0.0038,0.00,0.00,0.00,0.00,0.00,0.00,0.00,0.00,0.020
-93.75813071,42.02083495,30,TaskName 7/2/2025 (GreenStar 4 Monitor),Enlist 1 & Ag Saver,104,7/2/2025,1.000,On,1090.1,67.50,26.87,8.844,12.98,5.869,74.27,15.00,14.95,0,3,72.41,7/2/2025,Good,0.00,0.00,0.00,0.00,0.00,0.00,0.00,3.986,0.00063,1.993,0.00031,14.48,0.291,0.00,0.00,23.92,0.0038,0.00,0.00,0.00,0.00,0.00,0.00,0.00,0.00,0.020
-93.75808492,42.02084467,30,TaskName 7/2/2025 (GreenStar 4 Monitor),Enlist 1 & Ag Saver,105,7/2/2025,1.000,On,1089.9,67.50,26.87,8.878,13.03,4.964,77.46,15.00,14.97,0,3,72.71,7/2/2025,Good,0.00,0.00,0.00,0.00,0.00,0.00,0.00,3.992,0.00063,1.996,0.00031,14.50,0.293,0.00,0.00,23.95,0.0038,0.00,0.00,0.00,0.00,0.00,0.00,0.00,0.00,0.020
-93.75803948,42.02085306,30,TaskName 7/2/2025 (GreenStar 4 Monitor),Enlist 1 & Ag Saver,106,7/2/2025,1.000,On,1089.7,67.50,26.87,8.812,12.94,5.009,81.85,15.00,14.96,0,3,72.18,7/2/2025,Good,0.00,0.00,0.00,0.00,0.00,0.00,0.00,3.990,0.00062,1.995,0.00031,14.49,0.291,0.00,0.00,23.94,0.0037,0.00,0.00,0.00,0.00,0.00,0.00,0.00,0.00,0.020
-93.75799453,42.02085844,30,TaskName 7/2/2025 (GreenStar 4 Monitor),Enlist 1 & Ag Saver,107,7/2/2025,1.000,On,1089.4,67.50,26.87,8.631,12.67,3.951,83.58,15.00,14.96,0,3,70.66,7/2/2025,Good,0.00,0.00,0.00,0.00,0.00,0.00,0.00,3.990,0.00061,1.995,0.00031,14.50,0.285,0.00,0.00,23.94,0.0037,0.00,0.00,0.00,0.00,0.00,0.00,0.00,0.00,0.020
-93.75795339,42.02086162,30,TaskName 7/2/2025 (GreenStar 4 Monitor),Enlist 1 & Ag Saver,108,7/2/2025,1.000,On,1089.2,67.50,26.87,8.049,11.81,3.848,83.51,15.00,14.96,0,3,65.86,7/2/2025,Good,0.00,0.00,0.00,0.00,0.00,0.00,0.00,3.990,0.00057,1.995,0.00029,14.49,0.265,0.00,0.00,23.94,0.0034,0.00,0.00,0.00,0.00,0.00,0.00,0.00,0.00,0.018
-93.75791388,42.02086495,30,TaskName 7/2/2025 (GreenStar 4 Monitor),Enlist 1 & Ag Saver,109,7/2/2025,0.995,On,1089.0,67.50,26.87,7.513,10.97,5.223,84.61,15.00,15.01,0,3,61.52,7/2/2025,Good,0.00,0.00,0.00,0.00,0.00,0.00,0.00,4.003,0.00053,2.002,0.00027,14.54,0.247,0.00,0.00,24.02,0.0032,0.00,0.00,0.00,0.00,0.00,0.00,0.00,0.00,0.017
-93.75787474,42.02086804,30,TaskName 7/2/2025 (GreenStar 4 Monitor),Enlist 1 & Ag Saver,110,7/2/2025,1.005,On,1088.9,67.50,26.87,7.389,10.90,4.178,86.18,15.00,15.03,0,3,60.49,7/2/2025,Good,0.00,0.00,0.00,0.00,0.00,0.00,0.00,4.008,0.00053,2.004,0.00026,14.56,0.246,0.00,0.00,24.05,0.0032,0.00,0.00,0.00,0.00,0.00,0.00,0.00,0.00,0.017
-93.75783775,42.02086994,30,TaskName 7/2/2025 (GreenStar 4 Monitor),Enlist 1 & Ag Saver,111,7/2/2025,0.995,On,1088.8,67.50,26.87,7.122,10.40,4.263,87.35,15.00,15.03,0,3,58.28,7/2/2025,Good,0.00,0.00,0.00,0.00,0.00,0.00,0.00,4.008,0.00050,2.004,0.00025,14.56,0.234,0.00,0.00,24.05,0.0030,0.00,0.00,0.00,0.00,0.00,0.00,0.00,0.00,0.016
-93.75780281,42.02087134,30,TaskName 7/2/2025 (GreenStar 4 Monitor),Enlist 1 & Ag Saver,112,7/2/2025,1.005,On,1088.6,67.50,26.87,6.710,9.888,4.625,88.49,15.00,15.07,0,3,54.89,7/2/2025,Good,0.00,0.00,0.00,0.00,0.00,0.00,0.00,4.018,0.00048,2.009,0.00024,14.59,0.224,0.00,0.00,24.11,0.0029,0.00,0.00,0.00,0.00,0.00,0.00,0.00,0.00,0.015
-93.75776988,42.02087226,30,TaskName 7/2/2025 (GreenStar 4 Monitor),Enlist 1 & Ag Saver,113,7/2/2025,0.995,On,1088.6,67.50,26.87,6.334,9.245,4.873,89.34,15.00,15.03,0,3,51.83,7/2/2025,Good,0.00,0.00,0.00,0.00,0.00,0.00,0.00,4.008,0.00045,2.004,0.00022,14.56,0.209,0.00,0.00,24.05,0.0027,0.00,0.00,0.00,0.00,0.00,0.00,0.00,0.00,0.014
-93.75774740,42.02087240,30,TaskName 7/2/2025 (GreenStar 4 Monitor),Enlist 1 & Ag Saver,114,7/2/2025,0.805,On,1088.5,67.50,26.87,5.872,6.927,3.241,89.90,15.00,14.97,0,3,48.00,7/2/2025,Good,0.00,0.00,0.00,0.00,0.00,0.00,0.00,3.991,0.00033,1.996,0.00017,14.50,0.156,0.00,0.00,23.95,0.0020,0.00,0.00,0.00,0.00,0.00,0.00,0.00,0.00,0.011
-93.75765476,42.02088680,30,TaskName 7/2/2025 (GreenStar 4 Monitor),Enlist 1 & Ag Saver,115,7/2/2025,0.405,On,1088.7,46.25,37.50,3.248,1.930,5.572,181.07,15.00,15.30,0,4,18.22,7/2/2025,Good,0.00,0.00,0.00,0.00,0.00,0.00,0.00,4.081,6.534e-05,2.040,3.267e-05,14.82,0.030,0.00,0.00,24.48,0.00039,0.00,0.00,0.00,0.00,0.00,0.00,0.00,0.00,0.0020
-93.75765486,42.02088394,30,TaskName 7/2/2025 (GreenStar 4 Monitor),Enlist 1 & Ag Saver,116,7/2/2025,0.200,On,1088.7,13.75,30.11,3.255,0.957,6.182,181.10,15.00,14.99,0,4,5.437,7/2/2025,Good,0.00,0.00,0.00,0.00,0.00,0.00,0.00,3.997,9.433e-06,1.998,4.716e-06,14.52,0.0044,0.00,0.00,23.98,5.660e-05,0.00,0.00,0.00,0.00,0.00,0.00,0.00,0.00,0.00030
-93.75765557,42.02086637,30,TaskName 7/2/2025 (GreenStar 4 Monitor),Enlist 1 & Ag Saver,117,7/2/2025,1.000,On,1088.7,10.00,19.37,3.657,5.339,6.923,181.03,15.00,15.26,0,4,4.413,7/2/2025,Good,0.00,0.00,0.00,0.00,0.00,0.00,0.00,4.070,3.898e-05,2.035,1.949e-05,14.79,0.018,0.00,0.00,24.42,0.00023,0.00,0.00,0.00,0.00,0.00,0.00,0.00,0.00,0.0012
-93.75765590,42.02085369,30,TaskName 7/2/2025 (GreenStar 4 Monitor),Enlist 1 & Ag Saver,118,7/2/2025,0.600,On,1088.8,10.00,19.37,4.534,3.983,6.915,181.00,15.00,15.10,0,4,5.486,7/2/2025,Good,0.00,0.00,0.00,0.00,0.00,0.00,0.00,4.026,2.876e-05,2.013,1.438e-05,14.63,0.013,0.00,0.00,24.16,0.00017,0.00,0.00,0.00,0.00,0.00,0.00,0.00,0.00,0.00091
-93.75765706,42.02083009,30,TaskName 7/2/2025 (GreenStar 4 Monitor),Enlist 1 & Ag Saver,119,7/2/2025,0.995,On,1088.8,8.750,18.75,5.381,7.843,7.180,180.20,15.00,15.11,0,4,5.700,7/2/2025,Good,0.00,0.00,0.00,0.00,0.00,0.00,0.00,4.031,4.961e-05,2.015,2.480e-05,14.64,0.023,0.00,0.00,24.18,0.00030,0.00,0.00,0.00,0.00,0.00,0.00,0.00,0.00,0.0016
-93.75765806,42.02080209,30,TaskName 7/2/2025 (GreenStar 4 Monitor),Enlist 1 & Ag Saver,120,7/2/2025,1.005,On,1088.9,8.750,18.75,6.258,9.201,8.764,179.51,15.00,15.06,0,4,6.620,7/2/2025,Good,0.00,0.00,0.00,0.00,0.00,0.00,0.00,4.015,5.797e-05,2.007,2.899e-05,14.58,0.027,0.00,0.00,24.09,0.00035,0.00,0.00,0.00,0.00,0.00,0.00,0.00,0.00,0.0018
-93.75765757,42.02077171,30,TaskName 7/2/2025 (GreenStar 4 Monitor),Enlist 1 & Ag Saver,121,7/2/2025,0.995,On,1089.0,8.750,18.75,7.286,10.63,6.888,179.96,15.00,14.99,0,4,7.727,7/2/2025,Good,0.00,0.00,0.00,0.00,0.00,0.00,0.00,3.997,6.669e-05,1.999,3.335e-05,14.52,0.031,0.00,0.00,23.98,0.00040,0.00,0.00,0.00,0.00,0.00,0.00,0.00,0.00,0.0021
-93.75765720,42.02073915,30,TaskName 7/2/2025 (GreenStar 4 Monitor),Enlist 1 & Ag Saver,122,7/2/2025,1.005,On,1089.1,8.750,18.75,7.724,11.38,8.144,180.41,15.00,15.06,0,4,8.190,7/2/2025,Good,0.00,0.00,0.00,0.00,0.00,0.00,0.00,4.016,7.174e-05,2.008,3.587e-05,14.59,0.033,0.00,0.00,24.10,0.00043,0.00,0.00,0.00,0.00,0.00,0.00,0.00,0.00,0.0023
-93.75765748,42.02071149,30,TaskName 7/2/2025 (GreenStar 4 Monitor),Enlist 1 & Ag Saver,123,7/2/2025,0.800,On,1089.2,8.750,18.75,8.265,9.701,7.909,180.14,15.00,14.94,0,4,8.769,7/2/2025,Good,0.00,0.00,0.00,0.00,0.00,0.00,0.00,3.985,6.067e-05,1.993,3.033e-05,14.48,0.028,0.00,0.00,23.91,0.00036,0.00,0.00,0.00,0.00,0.00,0.00,0.00,0.00,0.0019
-93.75765741,42.02070434,30,TaskName 7/2/2025 (GreenStar 4 Monitor),Enlist 1 & Ag Saver,124,7/2/2025,0.195,On,1089.2,45.00,36.87,8.538,2.443,7.813,180.08,15.00,14.42,0,4,46.60,7/2/2025,Good,0.00,0.00,0.00,0.00,0.00,0.00,0.00,3.846,7.583e-05,1.923,3.792e-05,13.97,0.035,0.00,0.00,23.07,0.00046,0.00,0.00,0.00,0.00,0.00,0.00,0.00,0.00,0.0025
-93.75765794,42.02066781,30,TaskName 7/2/2025 (GreenStar 4 Monitor),Enlist 1 & Ag Saver,125,7/2/2025,1.005,On,1089.3,46.25,37.50,8.831,13.02,7.686,179.62,15.00,15.06,0,4,49.53,7/2/2025,Good,0.00,0.00,0.00,0.00,0.00,0.00,0.00,4.017,0.00043,2.008,0.00022,14.59,0.202,0.00,0.00,24.10,0.0026,0.00,0.00,0.00,0.00,0.00,0.00,0.00,0.00,0.014
-93.75765753,42.02063053,30,TaskName 7/2/2025 (GreenStar 4 Monitor),Enlist 1 & Ag Saver,126,7/2/2025,1.000,On,1089.4,46.25,37.50,9.192,13.49,6.393,179.97,15.00,14.99,0,4,51.55,7/2/2025,Good,0.00,0.00,0.00,0.00,0.00,0.00,0.00,3.997,0.00045,1.998,0.00022,14.52,0.208,0.00,0.00,23.98,0.0027,0.00,0.00,0.00,0.00,0.00,0.00,0.00,0.00,0.014
-93.75765711,42.02059362,30,TaskName 7/2/2025 (GreenStar 4 Monitor),Enlist 1 & Ag Saver,127,7/2/2025,1.000,On,1089.5,46.25,37.50,9.201,13.50,7.290,180.59,15.00,14.94,0,4,51.60,7/2/2025,Good,0.00,0.00,0.00,0.00,0.00,0.00,0.00,3.984,0.00045,1.992,0.00022,14.47,0.207,0.00,0.00,23.90,0.0027,0.00,0.00,0.00,0.00,0.00,0.00,0.00,0.00,0.014
-93.75765802,42.02055558,30,TaskName 7/2/2025 (GreenStar 4 Monitor),Enlist 1 & Ag Saver,128,7/2/2025,0.995,On,1089.7,46.25,37.50,9.287,13.56,8.199,179.73,15.00,14.97,0,4,52.08,7/2/2025,Good,0.00,0.00,0.00,0.00,0.00,0.00,0.00,3.993,0.00045,1.996,0.00022,14.50,0.209,0.00,0.00,23.96,0.0027,0.00,0.00,0.00,0.00,0.00,0.00,0.00,0.00,0.014
-93.75765824,42.02051659,30,TaskName 7/2/2025 (GreenStar 4 Monitor),Enlist 1 & Ag Saver,129,7/2/2025,1.000,On,1089.9,46.25,37.50,9.574,14.04,7.531,179.17,15.00,14.95,0,4,53.67,7/2/2025,Good,0.00,0.00,0.00,0.00,0.00,0.00,0.00,3.986,0.00046,1.993,0.00023,14.48,0.216,0.00,0.00,23.92,0.0028,0.00,0.00,0.00,0.00,0.00,0.00,0.00,0.00,0.015
-93.75765740,42.02047701,30,TaskName 7/2/2025 (GreenStar 4 Monitor),Enlist 1 & Ag Saver,130,7/2/2025,1.000,On,1090.1,46.25,37.50,9.742,14.29,7.367,180.00,15.00,14.98,0,4,54.64,7/2/2025,Good,0.00,0.00,0.00,0.00,0.00,0.00,0.00,3.995,0.00047,1.997,0.00024,14.51,0.220,0.00,0.00,23.97,0.0028,0.00,0.00,0.00,0.00,0.00,0.00,0.00,0.00,0.015
-93.75765697,42.02043699,30,TaskName 7/2/2025 (GreenStar 4 Monitor),Enlist 1 & Ag Saver,131,7/2/2025,1.000,On,1090.3,46.25,37.50,9.863,14.47,7.813,180.80,15.00,15.00,0,4,55.32,7/2/2025,Good,0.00,0.00,0.00,0.00,0.00,0.00,0.00,3.999,0.00048,1.999,0.00024,14.53,0.223,0.00,0.00,23.99,0.0029,0.00,0.00,0.00,0.00,0.00,0.00,0.00,0.00,0.015
-93.75765810,42.02039659,30,TaskName 7/2/2025 (GreenStar 4 Monitor),Enlist 1 & Ag Saver,132,7/2/2025,1.000,On,1090.6,46.25,37.50,9.996,14.67,7.308,179.89,15.00,14.96,0,4,56.07,7/2/2025,Good,0.00,0.00,0.00,0.00,0.00,0.00,0.00,3.988,0.00049,1.994,0.00024,14.49,0.226,0.00,0.00,23.93,0.0029,0.00,0.00,0.00,0.00,0.00,0.00,0.00,0.00,0.016
-93.75765839,42.02035650,30,TaskName 7/2/2025 (GreenStar 4 Monitor),Enlist 1 & Ag Saver,133,7/2/2025,1.001,On,1090.9,46.25,37.50,10.03,14.72,7.373,179.38,15.00,14.99,0,4,56.20,7/2/2025,Good,0.00,0.00,0.00,0.00,0.00,0.00,0.00,3.998,0.00049,1.999,0.00024,14.52,0.227,0.00,0.00,23.99,0.0029,0.00,0.00,0.00,0.00,0.00,0.00,0.00,0.00,0.016
-93.75765749,42.02031651,30,TaskName 7/2/2025 (GreenStar 4 Monitor),Enlist 1 & Ag Saver,134,7/2/2025,0.999,On,1091.3,46.25,37.50,9.931,14.57,7.926,180.47,15.00,15.01,0,4,55.76,7/2/2025,Good,0.00,0.00,0.00,0.00,0.00,0.00,0.00,4.001,0.00048,2.001,0.00024,14.54,0.225,0.00,0.00,24.01,0.0029,0.00,0.00,0.00,0.00,0.00,0.00,0.00,0.00,0.015
-93.75765759,42.02027633,30,TaskName 7/2/2025 (GreenStar 4 Monitor),Enlist 1 & Ag Saver,135,7/2/2025,1.000,On,1091.6,46.25,37.50,9.966,14.62,7.601,180.60,15.00,15.00,0,4,55.89,7/2/2025,Good,0.00,0.00,0.00,0.00,0.00,0.00,0.00,4.000,0.00049,2.000,0.00024,14.53,0.226,0.00,0.00,24.00,0.0029,0.00,0.00,0.00,0.00,0.00,0.00,0.00,0.00,0.016
-93.75765843,42.02023588,30,TaskName 7/2/2025 (GreenStar 4 Monitor),Enlist 1 & Ag Saver,136,7/2/2025,1.000,On,1091.8,46.25,37.50,10.02,14.71,7.059,179.58,15.00,14.99,0,4,56.22,7/2/2025,Good,0.00,0.00,0.00,0.00,0.00,0.00,0.00,3.996,0.00049,1.998,0.00024,14.52,0.227,0.00,0.00,23.98,0.0029,0.00,0.00,0.00,0.00,0.00,0.00,0.00,0.00,0.016
-93.75765788,42.02019595,30,TaskName 7/2/2025 (GreenStar 4 Monitor),Enlist 1 & Ag Saver,137,7/2/2025,1.000,On,1092.3,46.25,37.50,10.01,14.69,7.804,180.09,15.00,15.03,0,4,56.14,7/2/2025,Good,0.00,0.00,0.00,0.00,0.00,0.00,0.00,4.008,0.00049,2.004,0.00024,14.56,0.227,0.00,0.00,24.05,0.0029,0.00,0.00,0.00,0.00,0.00,0.00,0.00,0.00,0.016
-93.75765725,42.02015642,30,TaskName 7/2/2025 (GreenStar 4 Monitor),Enlist 1 & Ag Saver,138,7/2/2025,1.000,On,1093.0,46.25,37.50,9.864,14.48,9.647,180.89,15.00,15.00,0,4,55.33,7/2/2025,Good,0.00,0.00,0.00,0.00,0.00,0.00,0.00,3.999,0.00048,2.000,0.00024,14.53,0.223,0.00,0.00,24.00,0.0029,0.00,0.00,0.00,0.00,0.00,0.00,0.00,0.00,0.015
-93.75765807,42.02011679,30,TaskName 7/2/2025 (GreenStar 4 Monitor),Enlist 1 & Ag Saver,139,7/2/2025,1.000,On,1093.6,46.25,37.50,9.832,14.43,9.982,179.76,15.00,15.05,0,4,55.15,7/2/2025,Good,0.00,0.00,0.00,0.00,0.00,0.00,0.00,4.013,0.00048,2.006,0.00024,14.58,0.223,0.00,0.00,24.08,0.0029,0.00,0.00,0.00,0.00,0.00,0.00,0.00,0.00,0.015
-93.75765755,42.02007617,30,TaskName 7/2/2025 (GreenStar 4 Monitor),Enlist 1 & Ag Saver,140,7/2/2025,1.000,On,1093.8,46.25,37.50,9.957,14.61,8.543,179.98,15.00,14.97,0,4,55.84,7/2/2025,Good,0.00,0.00,0.00,0.00,0.00,0.00,0.00,3.993,0.00048,1.996,0.00024,14.50,0.225,0.00,0.00,23.96,0.0029,0.00,0.00,0.00,0.00,0.00,0.00,0.00,0.00,0.016
-93.75765681,42.02003535,30,TaskName 7/2/2025 (GreenStar 4 Monitor),Enlist 1 & Ag Saver,141,7/2/2025,1.000,On,1093.9,46.25,37.50,10.15,14.89,7.148,180.75,15.00,14.95,0,4,56.90,7/2/2025,Good,0.00,0.00,0.00,0.00,0.00,0.00,0.00,3.988,0.00049,1.994,0.00025,14.49,0.229,0.00,0.00,23.93,0.0030,0.00,0.00,0.00,0.00,0.00,0.00,0.00,0.00,0.016
-93.75765737,42.01999459,30,TaskName 7/2/2025 (GreenStar 4 Monitor),Enlist 1 & Ag Saver,142,7/2/2025,1.000,On,1094.2,46.25,37.50,10.12,14.84,7.332,180.38,15.00,14.95,0,4,56.73,7/2/2025,Good,0.00,0.00,0.00,0.00,0.00,0.00,0.00,3.987,0.00049,1.994,0.00025,14.48,0.228,0.00,0.00,23.92,0.0029,0.00,0.00,0.00,0.00,0.00,0.00,0.00,0.00,0.016
-93.75765779,42.01995461,30,TaskName 7/2/2025 (GreenStar 4 Monitor),Enlist 1 & Ag Saver,143,7/2/2025,1.000,On,1094.4,46.25,37.50,10.02,14.70,7.855,179.97,15.00,14.94,0,4,56.19,7/2/2025,Good,0.00,0.00,0.00,0.00,0.00,0.00,0.00,3.983,0.00049,1.992,0.00024,14.47,0.226,0.00,0.00,23.90,0.0029,0.00,0.00,0.00,0.00,0.00,0.00,0.00,0.00,0.016
-93.75765774,42.01991425,30,TaskName 7/2/2025 (GreenStar 4 Monitor),Enlist 1 & Ag Saver,144,7/2/2025,1.000,On,1094.7,46.25,37.50,9.986,14.65,7.519,180.30,15.00,14.94,0,4,56.01,7/2/2025,Good,0.00,0.00,0.00,0.00,0.00,0.00,0.00,3.985,0.00048,1.992,0.00024,14.48,0.225,0.00,0.00,23.91,0.0029,0.00,0.00,0.00,0.00,0.00,0.00,0.00,0.00,0.016
-93.75765779,42.01987386,30,TaskName 7/2/2025 (GreenStar 4 Monitor),Enlist 1 & Ag Saver,145,7/2/2025,1.000,On,1095.0,46.25,37.50,10.04,14.74,7.242,180.18,15.00,14.98,0,4,56.33,7/2/2025,Good,0.00,0.00,0.00,0.00,0.00,0.00,0.00,3.996,0.00049,1.998,0.00024,14.51,0.227,0.00,0.00,23.97,0.0029,0.00,0.00,0.00,0.00,0.00,0.00,0.00,0.00,0.016
-93.75765818,42.01983373,30,TaskName 7/2/2025 (GreenStar 4 Monitor),Enlist 1 & Ag Saver,146,7/2/2025,0.995,On,1095.2,46.25,37.50,10.01,14.62,7.267,179.71,15.00,15.01,0,4,56.15,7/2/2025,Good,0.00,0.00,0.00,0.00,0.00,0.00,0.00,4.002,0.00049,2.001,0.00024,14.54,0.226,0.00,0.00,24.01,0.0029,0.00,0.00,0.00,0.00,0.00,0.00,0.00,0.00,0.016
-93.75765773,42.01979326,30,TaskName 7/2/2025 (GreenStar 4 Monitor),Enlist 1 & Ag Saver,147,7/2/2025,1.000,On,1095.4,46.25,37.50,10.02,14.71,7.249,179.98,15.00,14.98,0,4,56.22,7/2/2025,Good,0.00,0.00,0.00,0.00,0.00,0.00,0.00,3.995,0.00049,1.998,0.00024,14.51,0.227,0.00,0.00,23.97,0.0029,0.00,0.00,0.00,0.00,0.00,0.00,0.00,0.00,0.016
-93.75765770,42.01975294,30,TaskName 7/2/2025 (GreenStar 4 Monitor),Enlist 1 & Ag Saver,148,7/2/2025,1.000,On,1095.6,46.25,37.50,10.01,14.69,7.495,180.01,15.00,14.99,0,4,56.16,7/2/2025,Good,0.00,0.00,0.00,0.00,0.00,0.00,0.00,3.998,0.00049,1.999,0.00024,14.52,0.227,0.00,0.00,23.99,0.0029,0.00,0.00,0.00,0.00,0.00,0.00,0.00,0.00,0.016
-93.75765763,42.01971264,30,TaskName 7/2/2025 (GreenStar 4 Monitor),Enlist 1 & Ag Saver,149,7/2/2025,1.005,On,1095.8,46.25,37.50,10.01,14.77,7.266,179.47,15.00,14.99,0,4,56.16,7/2/2025,Good,0.00,0.00,0.00,0.00,0.00,0.00,0.00,3.997,0.00049,1.999,0.00024,14.52,0.228,0.00,0.00,23.98,0.0029,0.00,0.00,0.00,0.00,0.00,0.00,0.00,0.00,0.016
-93.75765706,42.01967220,30,TaskName 7/2/2025 (GreenStar 4 Monitor),Enlist 1 & Ag Saver,150,7/2/2025,0.995,On,1096.0,46.25,37.50,10.05,14.68,6.545,179.69,15.00,15.01,0,4,56.39,7/2/2025,Good,0.00,0.00,0.00,0.00,0.00,0.00,0.00,4.001,0.00049,2.001,0.00024,14.54,0.227,0.00,0.00,24.01,0.0029,0.00,0.00,0.00,0.00,0.00,0.00,0.00,0.00,0.016
-93.75765622,42.01963191,30,TaskName 7/2/2025 (GreenStar 4 Monitor),Enlist 1 & Ag Saver,151,7/2/2025,1.005,On,1096.2,46.25,37.50,10.03,14.79,7.256,180.89,15.00,15.07,0,4,56.26,7/2/2025,Good,0.00,0.00,0.00,0.00,0.00,0.00,0.00,4.019,0.00049,2.010,0.00025,14.60,0.229,0.00,0.00,24.12,0.0030,0.00,0.00,0.00,0.00,0.00,0.00,0.00,0.00,0.016
-93.75765663,42.01959135,30,TaskName 7/2/2025 (GreenStar 4 Monitor),Enlist 1 & Ag Saver,152,7/2/2025,1.000,On,1096.3,46.25,37.50,10.03,14.71,6.761,180.67,15.00,14.97,0,4,56.24,7/2/2025,Good,0.00,0.00,0.00,0.00,0.00,0.00,0.00,3.992,0.00049,1.996,0.00024,14.50,0.227,0.00,0.00,23.95,0.0029,0.00,0.00,0.00,0.00,0.00,0.00,0.00,0.00,0.016
-93.75765739,42.01955086,30,TaskName 7/2/2025 (GreenStar 4 Monitor),Enlist 1 & Ag Saver,153,7/2/2025,0.995,On,1096.3,46.25,37.50,10.09,14.73,6.909,179.80,15.00,15.00,0,4,56.58,7/2/2025,Good,0.00,0.00,0.00,0.00,0.00,0.00,0.00,3.999,0.00049,2.000,0.00024,14.53,0.227,0.00,0.00,24.00,0.0029,0.00,0.00,0.00,0.00,0.00,0.00,0.00,0.00,0.016
-93.75765722,42.01951013,30,TaskName 7/2/2025 (GreenStar 4 Monitor),Enlist 1 & Ag Saver,154,7/2/2025,1.005,On,1096.2,46.25,37.50,10.09,14.88,6.613,180.23,15.00,15.05,0,4,56.58,7/2/2025,Good,0.00,0.00,0.00,0.00,0.00,0.00,0.00,4.013,0.00050,2.006,0.00025,14.58,0.230,0.00,0.00,24.08,0.0030,0.00,0.00,0.00,0.00,0.00,0.00,0.00,0.00,0.016
-93.75765696,42.01946932,30,TaskName 7/2/2025 (GreenStar 4 Monitor),Enlist 1 & Ag Saver,155,7/2/2025,1.000,On,1096.1,46.25,37.50,10.10,14.82,6.541,180.27,15.00,14.97,0,4,56.64,7/2/2025,Good,0.00,0.00,0.00,0.00,0.00,0.00,0.00,3.993,0.00049,1.997,0.00025,14.51,0.228,0.00,0.00,23.96,0.0029,0.00,0.00,0.00,0.00,0.00,0.00,0.00,0.00,0.016
-93.75765717,42.01942882,30,TaskName 7/2/2025 (GreenStar 4 Monitor),Enlist 1 & Ag Saver,156,7/2/2025,1.000,On,1096.2,46.25,37.50,10.11,14.84,6.498,179.99,15.00,15.01,0,4,56.72,7/2/2025,Good,0.00,0.00,0.00,0.00,0.00,0.00,0.00,4.002,0.00049,2.001,0.00025,14.54,0.229,0.00,0.00,24.01,0.0030,0.00,0.00,0.00,0.00,0.00,0.00,0.00,0.00,0.016
-93.75765725,42.01938867,30,TaskName 7/2/2025 (GreenStar 4 Monitor),Enlist 1 & Ag Saver,157,7/2/2025,1.000,On,1096.3,46.25,37.50,10.03,14.71,6.936,180.06,15.00,14.99,0,4,56.24,7/2/2025,Good,0.00,0.00,0.00,0.00,0.00,0.00,0.00,3.998,0.00049,1.999,0.00024,14.52,0.227,0.00,0.00,23.99,0.0029,0.00,0.00,0.00,0.00,0.00,0.00,0.00,0.00,0.016
-93.75765756,42.01934856,30,TaskName 7/2/2025 (GreenStar 4 Monitor),Enlist 1 & Ag Saver,158,7/2/2025,1.000,On,1096.3,46.25,37.50,9.971,14.63,7.423,180.25,15.00,14.96,0,4,55.92,7/2/2025,Good,0.00,0.00,0.00,0.00,0.00,0.00,0.00,3.990,0.00048,1.995,0.00024,14.49,0.225,0.00,0.00,23.94,0.0029,0.00,0.00,0.00,0.00,0.00,0.00,0.00,0.00,0.016
-93.75765812,42.01930817,30,TaskName 7/2/2025 (GreenStar 4 Monitor),Enlist 1 & Ag Saver,159,7/2/2025,1.000,On,1096.4,46.25,37.50,10.01,14.69,7.115,179.97,15.00,14.99,0,4,56.13,7/2/2025,Good,0.00,0.00,0.00,0.00,0.00,0.00,0.00,3.998,0.00049,1.999,0.00024,14.52,0.226,0.00,0.00,23.99,0.0029,0.00,0.00,0.00,0.00,0.00,0.00,0.00,0.00,0.016
-93.75765843,42.01926782,30,TaskName 7/2/2025 (GreenStar 4 Monitor),Enlist 1 & Ag Saver,160,7/2/2025,1.000,On,1096.5,46.25,37.50,10.03,14.72,6.957,179.53,15.00,14.95,0,4,56.25,7/2/2025,Good,0.00,0.00,0.00,0.00,0.00,0.00,0.00,3.985,0.00049,1.993,0.00024,14.48,0.226,0.00,0.00,23.91,0.0029,0.00,0.00,0.00,0.00,0.00,0.00,0.00,0.00,0.016
-93.75765793,42.01922786,30,TaskName 7/2/2025 (GreenStar 4 Monitor),Enlist 1 & Ag Saver,161,7/2/2025,1.000,On,1096.7,46.25,37.50,9.962,14.60,7.624,179.78,15.00,15.01,0,4,55.82,7/2/2025,Good,0.00,0.00,0.00,0.00,0.00,0.00,0.00,4.002,0.00048,2.001,0.00024,14.54,0.225,0.00,0.00,24.01,0.0029,0.00,0.00,0.00,0.00,0.00,0.00,0.00,0.00,0.016
-93.75765764,42.01918766,30,TaskName 7/2/2025 (GreenStar 4 Monitor),Enlist 1 & Ag Saver,162,7/2/2025,1.000,On,1096.9,46.25,37.50,9.961,14.61,7.616,179.87,15.00,15.01,0,4,55.83,7/2/2025,Good,0.00,0.00,0.00,0.00,0.00,0.00,0.00,4.004,0.00049,2.002,0.00024,14.54,0.226,0.00,0.00,24.02,0.0029,0.00,0.00,0.00,0.00,0.00,0.00,0.00,0.00,0.016
-93.75765765,42.01914739,30,TaskName 7/2/2025 (GreenStar 4 Monitor),Enlist 1 & Ag Saver,163,7/2/2025,1.000,On,1097.2,46.25,37.50,9.999,14.66,7.685,179.75,15.00,15.03,0,4,56.02,7/2/2025,Good,0.00,0.00,0.00,0.00,0.00,0.00,0.00,4.009,0.00049,2.004,0.00024,14.56,0.227,0.00,0.00,24.05,0.0029,0.00,0.00,0.00,0.00,0.00,0.00,0.00,0.00,0.016
-93.75765741,42.01910703,30,TaskName 7/2/2025 (GreenStar 4 Monitor),Enlist 1 & Ag Saver,164,7/2/2025,0.995,On,1097.3,46.25,37.50,10.03,14.63,7.540,179.95,15.00,15.03,0,4,56.20,7/2/2025,Good,0.00,0.00,0.00,0.00,0.00,0.00,0.00,4.009,0.00049,2.004,0.00024,14.56,0.226,0.00,0.00,24.05,0.0029,0.00,0.00,0.00,0.00,0.00,0.00,0.00,0.00,0.016
-93.75765733,42.01906637,30,TaskName 7/2/2025 (GreenStar 4 Monitor),Enlist 1 & Ag Saver,165,7/2/2025,1.000,On,1097.5,46.25,37.50,10.07,14.77,6.560,179.76,15.00,14.99,0,4,56.44,7/2/2025,Good,0.00,0.00,0.00,0.00,0.00,0.00,0.00,3.997,0.00049,1.998,0.00024,14.52,0.228,0.00,0.00,23.98,0.0029,0.00,0.00,0.00,0.00,0.00,0.00,0.00,0.00,0.016
-93.75765695,42.01902703,30,TaskName 7/2/2025 (GreenStar 4 Monitor),Enlist 1 & Ag Saver,166,7/2/2025,1.005,On,1097.7,46.25,37.50,9.965,14.69,5.290,179.95,15.00,14.96,0,4,55.85,7/2/2025,Good,0.00,0.00,0.00,0.00,0.00,0.00,0.00,3.989,0.00049,1.994,0.00024,14.49,0.226,0.00,0.00,23.93,0.0029,0.00,0.00,0.00,0.00,0.00,0.00,0.00,0.00,0.016
-93.75765718,42.01899252,30,TaskName 7/2/2025 (GreenStar 4 Monitor),Enlist 1 & Ag Saver,167,7/2/2025,1.000,On,1097.8,46.25,37.50,9.333,13.67,3.936,180.31,15.00,14.97,0,4,52.26,7/2/2025,Good,0.00,0.00,0.00,0.00,0.00,0.00,0.00,3.992,0.00045,1.996,0.00023,14.50,0.210,0.00,0.00,23.95,0.0027,0.00,0.00,0.00,0.00,0.00,0.00,0.00,0.00,0.015
-93.75765709,42.01896218,30,TaskName 7/2/2025 (GreenStar 4 Monitor),Enlist 1 & Ag Saver,168,7/2/2025,0.995,On,1097.9,46.25,37.50,8.173,11.91,4.170,180.67,15.00,14.97,0,4,45.74,7/2/2025,Good,0.00,0.00,0.00,0.00,0.00,0.00,0.00,3.993,0.00039,1.996,0.00020,14.50,0.183,0.00,0.00,23.96,0.0024,0.00,0.00,0.00,0.00,0.00,0.00,0.00,0.00,0.013
-93.75765693,42.01895178,30,TaskName 7/2/2025 (GreenStar 4 Monitor),Enlist 1 & Ag Saver,169,7/2/2025,0.400,On,1097.9,46.25,37.50,7.398,4.335,3.338,180.83,15.00,14.89,0,4,41.43,7/2/2025,Good,0.00,0.00,0.00,0.00,0.00,0.00,0.00,3.971,0.00014,1.986,7.140e-05,14.43,0.066,0.00,0.00,23.83,0.00086,0.00,0.00,0.00,0.00,0.00,0.00,0.00,0.00,0.0046
-93.75816764,42.01897489,30,TaskName 7/2/2025 (GreenStar 4 Monitor),Enlist 1 & Ag Saver,170,7/2/2025,1.005,On,1099.2,46.25,37.50,5.976,8.809,5.322,359.02,15.00,15.04,0,5,33.50,7/2/2025,Good,0.00,0.00,0.00,0.00,0.00,0.00,0.00,4.010,0.00029,2.005,0.00015,14.57,0.136,0.00,0.00,24.06,0.0018,0.00,0.00,0.00,0.00,0.00,0.00,0.00,0.00,0.0094
-93.75816827,42.01900143,30,TaskName 7/2/2025 (GreenStar 4 Monitor),Enlist 1 & Ag Saver,171,7/2/2025,1.000,On,1099.2,46.25,37.50,6.261,9.180,6.939,359.46,15.00,15.09,0,5,35.09,7/2/2025,Good,0.00,0.00,0.00,0.00,0.00,0.00,0.00,4.024,0.00031,2.012,0.00015,14.62,0.142,0.00,0.00,24.15,0.0018,0.00,0.00,0.00,0.00,0.00,0.00,0.00,0.00,0.0097
-93.75816891,42.01903104,30,TaskName 7/2/2025 (GreenStar 4 Monitor),Enlist 1 & Ag Saver,172,7/2/2025,0.995,On,1099.3,46.25,37.50,6.949,10.13,7.012,359.66,15.00,15.07,0,5,38.93,7/2/2025,Good,0.00,0.00,0.00,0.00,0.00,0.00,0.00,4.018,0.00034,2.009,0.00017,14.60,0.157,0.00,0.00,24.11,0.0020,0.00,0.00,0.00,0.00,0.00,0.00,0.00,0.00,0.011
-93.75816857,42.01906055,30,TaskName 7/2/2025 (GreenStar 4 Monitor),Enlist 1 & Ag Saver,173,7/2/2025,1.000,On,1099.2,46.25,37.50,7.443,10.92,4.393,359.12,15.00,14.97,0,5,41.73,7/2/2025,Good,0.00,0.00,0.00,0.00,0.00,0.00,0.00,3.993,0.00036,1.996,0.00018,14.50,0.168,0.00,0.00,23.96,0.0022,0.00,0.00,0.00,0.00,0.00,0.00,0.00,0.00,0.012
-93.75816868,42.01907777,30,TaskName 7/2/2025 (GreenStar 4 Monitor),Enlist 1 & Ag Saver,174,7/2/2025,1.005,On,1099.0,46.25,37.50,6.317,8.501,1.789,359.03,15.00,14.81,0,5,32.33,7/2/2025,Good,0.00,0.00,0.00,0.00,0.00,0.00,0.00,3.948,0.00028,1.974,0.00014,14.34,0.129,0.00,0.00,23.69,0.0017,0.00,0.00,0.00,0.00,0.00,0.00,0.00,0.00,0.0090
-93.75817164,42.01893242,30,TaskName 7/2/2025 (GreenStar 4 Monitor),Enlist 1 & Ag Saver,175,7/2/2025,1.000,On,1099.2,121.25,0.00,2.923,4.199,7.132,0.267,15.00,15.73,0,6,42.08,7/2/2025,Good,0.00,0.00,0.00,0.00,0.00,0.00,0.00,4.194,0.00038,2.097,0.00019,15.23,0.178,0.00,0.00,25.16,0.0023,0.00,0.00,0.00,0.00,0.00,0.00,0.00,0.00,0.012
-93.75817138,42.01895408,30,TaskName 7/2/2025 (GreenStar 4 Monitor),Enlist 1 & Ag Saver,176,7/2/2025,1.000,On,1099.2,121.25,0.00,4.683,6.814,5.048,0.157,15.00,15.17,0,6,68.28,7/2/2025,Good,0.00,0.00,0.00,0.00,0.00,0.00,0.00,4.045,0.00060,2.023,0.00030,14.69,0.279,0.00,0.00,24.27,0.0036,0.00,0.00,0.00,0.00,0.00,0.00,0.00,0.00,0.019
-93.75817146,42.01895867,30,TaskName 7/2/2025 (GreenStar 4 Monitor),Enlist 1 & Ag Saver,177,7/2/2025,0.200,On,1099.2,98.75,-6.123,5.306,1.556,6.201,0.133,15.00,15.05,0,6,63.51,7/2/2025,Good,0.00,0.00,0.00,0.00,0.00,0.00,0.00,4.014,0.00011,2.007,5.532e-05,14.58,0.051,0.00,0.00,24.08,0.00066,0.00,0.00,0.00,0.00,0.00,0.00,0.00,0.00,0.0035
-93.75817159,42.01898431,30,TaskName 7/2/2025 (GreenStar 4 Monitor),Enlist 1 & Ag Saver,178,7/2/2025,1.000,On,1099.4,76.25,-22.50,5.772,8.448,7.509,0.431,15.00,15.23,0,6,53.24,7/2/2025,Good,0.00,0.00,0.00,0.00,0.00,0.00,0.00,4.062,0.00047,2.031,0.00023,14.76,0.218,0.00,0.00,24.37,0.0028,0.00,0.00,0.00,0.00,0.00,0.00,0.00,0.00,0.015
-93.75817190,42.01901272,30,TaskName 7/2/2025 (GreenStar 4 Monitor),Enlist 1 & Ag Saver,179,7/2/2025,0.995,On,1099.4,76.25,-22.50,6.740,9.829,5.756,0.463,15.00,15.05,0,6,62.25,7/2/2025,Good,0.00,0.00,0.00,0.00,0.00,0.00,0.00,4.013,0.00054,2.006,0.00027,14.58,0.251,0.00,0.00,24.08,0.0032,0.00,0.00,0.00,0.00,0.00,0.00,0.00,0.00,0.017
-93.75817118,42.01904276,30,TaskName 7/2/2025 (GreenStar 4 Monitor),Enlist 1 & Ag Saver,180,7/2/2025,1.005,On,1099.3,76.25,-22.50,7.197,10.60,5.988,359.55,15.00,15.04,0,6,66.49,7/2/2025,Good,0.00,0.00,0.00,0.00,0.00,0.00,0.00,4.010,0.00058,2.005,0.00029,14.57,0.270,0.00,0.00,24.06,0.0035,0.00,0.00,0.00,0.00,0.00,0.00,0.00,0.00,0.019
-93.75817119,42.01907366,30,TaskName 7/2/2025 (GreenStar 4 Monitor),Enlist 1 & Ag Saver,181,7/2/2025,1.000,On,1099.3,76.25,-22.50,7.559,11.08,5.154,359.63,15.00,14.80,0,6,69.84,7/2/2025,Good,0.00,0.00,0.00,0.00,0.00,0.00,0.00,3.947,0.00060,1.974,0.00030,14.34,0.278,0.00,0.00,23.68,0.0036,0.00,0.00,0.00,0.00,0.00,0.00,0.00,0.00,0.019
-93.75817253,42.01910508,30,TaskName 7/2/2025 (GreenStar 4 Monitor),Enlist 1 & Ag Saver,182,7/2/2025,1.000,On,1099.2,121.25,0.00,7.709,11.31,5.898,0.768,15.00,14.95,0,6,113.29,7/2/2025,Good,0.00,0.00,0.00,0.00,0.00,0.00,0.00,3.987,0.00098,1.993,0.00049,14.48,0.456,0.00,0.00,23.92,0.0059,0.00,0.00,0.00,0.00,0.00,0.00,0.00,0.00,0.031
-93.75817177,42.01913782,30,TaskName 7/2/2025 (GreenStar 4 Monitor),Enlist 1 & Ag Saver,183,7/2/2025,1.000,On,1099.3,121.25,0.00,7.944,11.65,7.639,0.188,15.00,14.92,0,6,116.74,7/2/2025,Good,0.00,0.00,0.00,0.00,0.00,0.00,0.00,3.978,0.0010,1.989,0.00050,14.45,0.469,0.00,0.00,23.87,0.0060,0.00,0.00,0.00,0.00,0.00,0.00,0.00,0.00,0.032
-93.75817109,42.01917400,30,TaskName 7/2/2025 (GreenStar 4 Monitor),Enlist 1 & Ag Saver,184,7/2/2025,0.995,On,1099.5,121.25,0.00,8.506,12.40,8.866,359.38,15.00,14.89,0,6,124.86,7/2/2025,Good,0.00,0.00,0.00,0.00,0.00,0.00,0.00,3.970,0.0011,1.985,0.00054,14.42,0.498,0.00,0.00,23.82,0.0064,0.00,0.00,0.00,0.00,0.00,0.00,0.00,0.00,0.035
-93.75817230,42.01921195,30,TaskName 7/2/2025 (GreenStar 4 Monitor),Enlist 1 & Ag Saver,185,7/2/2025,1.000,On,1099.6,121.25,0.00,9.203,13.50,6.990,0.455,15.00,14.85,0,6,135.25,7/2/2025,Good,0.00,0.00,0.00,0.00,0.00,0.00,0.00,3.959,0.0012,1.980,0.00058,14.38,0.540,0.00,0.00,23.76,0.0070,0.00,0.00,0.00,0.00,0.00,0.00,0.00,0.00,0.038
-93.75817244,42.01925056,30,TaskName 7/2/2025 (GreenStar 4 Monitor),Enlist 1 & Ag Saver,186,7/2/2025,1.000,On,1099.7,121.25,0.00,9.493,13.93,6.897,0.706,15.00,14.89,0,6,139.56,7/2/2025,Good,0.00,0.00,0.00,0.00,0.00,0.00,0.00,3.970,0.0012,1.985,0.00060,14.42,0.559,0.00,0.00,23.82,0.0072,0.00,0.00,0.00,0.00,0.00,0.00,0.00,0.00,0.039
-93.75817152,42.01929026,30,TaskName 7/2/2025 (GreenStar 4 Monitor),Enlist 1 & Ag Saver,187,7/2/2025,1.000,On,1099.9,121.25,0.00,9.692,14.21,7.418,0.047,15.00,14.90,0,6,142.42,7/2/2025,Good,0.00,0.00,0.00,0.00,0.00,0.00,0.00,3.974,0.0012,1.987,0.00061,14.44,0.571,0.00,0.00,23.85,0.0074,0.00,0.00,0.00,0.00,0.00,0.00,0.00,0.00,0.040
-93.75817164,42.01933035,30,TaskName 7/2/2025 (GreenStar 4 Monitor),Enlist 1 & Ag Saver,188,7/2/2025,1.000,On,1100.1,121.25,0.00,9.922,14.55,6.761,359.70,15.00,14.89,0,6,145.84,7/2/2025,Good,0.00,0.00,0.00,0.00,0.00,0.00,0.00,3.971,0.0013,1.985,0.00063,14.42,0.584,0.00,0.00,23.82,0.0075,0.00,0.00,0.00,0.00,0.00,0.00,0.00,0.00,0.041
-93.75817189,42.01937034,30,TaskName 7/2/2025 (GreenStar 4 Monitor),Enlist 1 & Ag Saver,189,7/2/2025,1.000,On,1100.3,121.25,0.00,9.929,14.56,7.073,0.118,15.00,14.91,0,6,145.94,7/2/2025,Good,0.00,0.00,0.00,0.00,0.00,0.00,0.00,3.977,0.0013,1.988,0.00063,14.45,0.586,0.00,0.00,23.86,0.0076,0.00,0.00,0.00,0.00,0.00,0.00,0.00,0.00,0.041
-93.75817226,42.01941054,30,TaskName 7/2/2025 (GreenStar 4 Monitor),Enlist 1 & Ag Saver,190,7/2/2025,1.000,On,1100.5,121.25,0.00,9.957,14.60,7.001,0.557,15.00,14.94,0,6,146.33,7/2/2025,Good,0.00,0.00,0.00,0.00,0.00,0.00,0.00,3.984,0.0013,1.992,0.00063,14.47,0.588,0.00,0.00,23.90,0.0076,0.00,0.00,0.00,0.00,0.00,0.00,0.00,0.00,0.041
-93.75817139,42.01945067,30,TaskName 7/2/2025 (GreenStar 4 Monitor),Enlist 1 & Ag Saver,191,7/2/2025,1.000,On,1100.6,121.25,0.00,9.983,14.64,7.205,359.60,15.00,14.98,0,6,146.73,7/2/2025,Good,0.00,0.00,0.00,0.00,0.00,0.00,0.00,3.996,0.0013,1.998,0.00064,14.51,0.592,0.00,0.00,23.97,0.0076,0.00,0.00,0.00,0.00,0.00,0.00,0.00,0.00,0.041
-93.75817180,42.01949126,30,TaskName 7/2/2025 (GreenStar 4 Monitor),Enlist 1 & Ag Saver,192,7/2/2025,1.000,On,1100.6,121.25,0.00,10.01,14.69,6.768,0.023,15.00,15.00,0,6,147.19,7/2/2025,Good,0.00,0.00,0.00,0.00,0.00,0.00,0.00,4.000,0.0013,2.000,0.00064,14.53,0.594,0.00,0.00,24.00,0.0077,0.00,0.00,0.00,0.00,0.00,0.00,0.00,0.00,0.041
-93.75817211,42.01953218,30,TaskName 7/2/2025 (GreenStar 4 Monitor),Enlist 1 & Ag Saver,193,7/2/2025,1.000,On,1100.5,121.25,0.00,10.13,14.86,5.961,0.823,15.00,14.96,0,6,148.93,7/2/2025,Good,0.00,0.00,0.00,0.00,0.00,0.00,0.00,3.988,0.0013,1.994,0.00064,14.49,0.599,0.00,0.00,23.93,0.0077,0.00,0.00,0.00,0.00,0.00,0.00,0.00,0.00,0.041
-93.75817126,42.01957293,30,TaskName 7/2/2025 (GreenStar 4 Monitor),Enlist 1 & Ag Saver,194,7/2/2025,1.000,On,1100.5,121.25,0.00,10.18,14.92,5.757,0.039,15.00,14.95,0,6,149.55,7/2/2025,Good,0.00,0.00,0.00,0.00,0.00,0.00,0.00,3.987,0.0013,1.994,0.00065,14.48,0.602,0.00,0.00,23.92,0.0078,0.00,0.00,0.00,0.00,0.00,0.00,0.00,0.00,0.042
-93.75817098,42.01961353,30,TaskName 7/2/2025 (GreenStar 4 Monitor),Enlist 1 & Ag Saver,195,7/2/2025,0.995,On,1100.4,121.25,0.00,10.07,14.69,5.692,359.56,15.00,14.99,0,6,147.96,7/2/2025,Good,0.00,0.00,0.00,0.00,0.00,0.00,0.00,3.997,0.0013,1.998,0.00064,14.52,0.594,0.00,0.00,23.98,0.0077,0.00,0.00,0.00,0.00,0.00,0.00,0.00,0.00,0.041
-93.75817154,42.01965418,30,TaskName 7/2/2025 (GreenStar 4 Monitor),Enlist 1 & Ag Saver,196,7/2/2025,1.005,On,1100.2,121.25,0.00,10.10,14.89,5.892,0.282,15.00,14.92,0,6,148.48,7/2/2025,Good,0.00,0.00,0.00,0.00,0.00,0.00,0.00,3.979,0.0013,1.989,0.00064,14.45,0.599,0.00,0.00,23.87,0.0077,0.00,0.00,0.00,0.00,0.00,0.00,0.00,0.00,0.041
-93.75817126,42.01969508,30,TaskName 7/2/2025 (GreenStar 4 Monitor),Enlist 1 & Ag Saver,197,7/2/2025,0.995,On,1099.8,121.25,0.00,10.15,14.81,5.689,359.81,15.00,14.98,0,6,149.12,7/2/2025,Good,0.00,0.00,0.00,0.00,0.00,0.00,0.00,3.994,0.0013,1.997,0.00064,14.51,0.598,0.00,0.00,23.96,0.0077,0.00,0.00,0.00,0.00,0.00,0.00,0.00,0.00,0.041
-93.75817100,42.01973642,30,TaskName 7/2/2025 (GreenStar 4 Monitor),Enlist 1 & Ag Saver,198,7/2/2025,1.005,On,1099.2,121.25,0.00,10.20,15.04,5.045,359.38,15.00,15.02,0,6,149.92,7/2/2025,Good,0.00,0.00,0.00,0.00,0.00,0.00,0.00,4.004,0.0013,2.002,0.00065,14.55,0.609,0.00,0.00,24.03,0.0079,0.00,0.00,0.00,0.00,0.00,0.00,0.00,0.00,0.042
-93.75817159,42.01977803,30,TaskName 7/2/2025 (GreenStar 4 Monitor),Enlist 1 & Ag Saver,199,7/2/2025,1.000,On,1098.7,121.25,0.00,10.33,15.15,4.250,0.172,15.00,14.99,0,6,151.82,7/2/2025,Good,0.00,0.00,0.00,0.00,0.00,0.00,0.00,3.999,0.0013,1.999,0.00066,14.52,0.613,0.00,0.00,23.99,0.0079,0.00,0.00,0.00,0.00,0.00,0.00,0.00,0.00,0.042
-93.75817171,42.01981867,30,TaskName 7/2/2025 (GreenStar 4 Monitor),Enlist 1 & Ag Saver,200,7/2/2025,1.000,On,1098.5,121.25,0.00,10.24,15.01,4.997,0.565,15.00,15.02,0,6,150.44,7/2/2025,Good,0.00,0.00,0.00,0.00,0.00,0.00,0.00,4.005,0.0013,2.002,0.00065,14.55,0.608,0.00,0.00,24.03,0.0078,0.00,0.00,0.00,0.00,0.00,0.00,0.00,0.00,0.042
-93.75817118,42.01985894,30,TaskName 7/2/2025 (GreenStar 4 Monitor),Enlist 1 & Ag Saver,201,7/2/2025,1.000,On,1098.5,121.25,0.00,10.03,14.72,5.576,0.094,15.00,15.05,0,6,147.46,7/2/2025,Good,0.00,0.00,0.00,0.00,0.00,0.00,0.00,4.013,0.0013,2.006,0.00064,14.58,0.597,0.00,0.00,24.08,0.0077,0.00,0.00,0.00,0.00,0.00,0.00,0.00,0.00,0.041
-93.75817113,42.01989930,30,TaskName 7/2/2025 (GreenStar 4 Monitor),Enlist 1 & Ag Saver,202,7/2/2025,0.995,On,1098.4,121.25,0.00,10.02,14.62,5.078,0.094,15.00,14.99,0,6,147.26,7/2/2025,Good,0.00,0.00,0.00,0.00,0.00,0.00,0.00,3.997,0.0013,1.999,0.00064,14.52,0.591,0.00,0.00,23.98,0.0076,0.00,0.00,0.00,0.00,0.00,0.00,0.00,0.00,0.041
-93.75817113,42.01993974,30,TaskName 7/2/2025 (GreenStar 4 Monitor),Enlist 1 & Ag Saver,203,7/2/2025,1.005,On,1098.1,121.25,0.00,10.05,14.82,5.534,0.455,15.00,15.06,0,6,147.76,7/2/2025,Good,0.00,0.00,0.00,0.00,0.00,0.00,0.00,4.016,0.0013,2.008,0.00065,14.59,0.602,0.00,0.00,24.09,0.0078,0.00,0.00,0.00,0.00,0.00,0.00,0.00,0.00,0.041
-93.75817051,42.01998086,30,TaskName 7/2/2025 (GreenStar 4 Monitor),Enlist 1 & Ag Saver,204,7/2/2025,0.995,On,1097.9,121.25,0.00,10.14,14.80,5.020,360.00,15.00,15.00,0,6,149.08,7/2/2025,Good,0.00,0.00,0.00,0.00,0.00,0.00,0.00,4.000,0.0013,2.000,0.00064,14.53,0.599,0.00,0.00,24.00,0.0077,0.00,0.00,0.00,0.00,0.00,0.00,0.00,0.00,0.041
-93.75817014,42.02002141,30,TaskName 7/2/2025 (GreenStar 4 Monitor),Enlist 1 & Ag Saver,205,7/2/2025,1.005,On,1097.7,121.25,0.00,10.13,14.93,5.447,359.56,15.00,15.02,0,6,148.87,7/2/2025,Good,0.00,0.00,0.00,0.00,0.00,0.00,0.00,4.006,0.0013,2.003,0.00065,14.55,0.605,0.00,0.00,24.04,0.0078,0.00,0.00,0.00,0.00,0.00,0.00,0.00,0.00,0.042
-93.75817067,42.02006180,30,TaskName 7/2/2025 (GreenStar 4 Monitor),Enlist 1 & Ag Saver,206,7/2/2025,1.000,On,1097.2,121.25,0.00,10.03,14.72,6.036,359.99,15.00,15.00,0,6,147.48,7/2/2025,Good,0.00,0.00,0.00,0.00,0.00,0.00,0.00,4.000,0.0013,2.000,0.00064,14.53,0.595,0.00,0.00,24.00,0.0077,0.00,0.00,0.00,0.00,0.00,0.00,0.00,0.00,0.041
-93.75817108,42.02010354,30,TaskName 7/2/2025 (GreenStar 4 Monitor),Enlist 1 & Ag Saver,207,7/2/2025,0.995,On,1096.6,121.25,0.00,10.22,14.91,4.448,359.86,15.00,14.96,0,6,150.21,7/2/2025,Good,0.00,0.00,0.00,0.00,0.00,0.00,0.00,3.988,0.0013,1.994,0.00065,14.49,0.601,0.00,0.00,23.93,0.0078,0.00,0.00,0.00,0.00,0.00,0.00,0.00,0.00,0.042
-93.75817121,42.02014474,30,TaskName 7/2/2025 (GreenStar 4 Monitor),Enlist 1 & Ag Saver,208,7/2/2025,1.005,On,1096.1,121.25,0.00,10.34,15.25,4.111,359.46,15.00,14.97,0,6,152.01,7/2/2025,Good,0.00,0.00,0.00,0.00,0.00,0.00,0.00,3.991,0.0013,1.996,0.00066,14.50,0.615,0.00,0.00,23.95,0.0079,0.00,0.00,0.00,0.00,0.00,0.00,0.00,0.00,0.042
-93.75817199,42.02018512,30,TaskName 7/2/2025 (GreenStar 4 Monitor),Enlist 1 & Ag Saver,209,7/2/2025,1.000,On,1095.9,121.25,0.00,10.15,14.89,5.419,0.235,15.00,14.98,0,6,149.19,7/2/2025,Good,0.00,0.00,0.00,0.00,0.00,0.00,0.00,3.996,0.0013,1.998,0.00065,14.51,0.602,0.00,0.00,23.97,0.0078,0.00,0.00,0.00,0.00,0.00,0.00,0.00,0.00,0.041
-93.75817214,42.02022542,30,TaskName 7/2/2025 (GreenStar 4 Monitor),Enlist 1 & Ag Saver,210,7/2/2025,1.000,On,1095.5,121.25,0.00,10.02,14.70,6.525,0.235,15.00,14.99,0,6,147.35,7/2/2025,Good,0.00,0.00,0.00,0.00,0.00,0.00,0.00,3.998,0.0013,1.999,0.00064,14.52,0.594,0.00,0.00,23.99,0.0077,0.00,0.00,0.00,0.00,0.00,0.00,0.00,0.00,0.041
-93.75817158,42.02026615,30,TaskName 7/2/2025 (GreenStar 4 Monitor),Enlist 1 & Ag Saver,211,7/2/2025,1.000,On,1095.1,121.25,0.00,10.05,14.74,5.853,359.40,15.00,14.96,0,6,147.71,7/2/2025,Good,0.00,0.00,0.00,0.00,0.00,0.00,0.00,3.990,0.0013,1.995,0.00064,14.49,0.595,0.00,0.00,23.94,0.0077,0.00,0.00,0.00,0.00,0.00,0.00,0.00,0.00,0.041
-93.75817226,42.02030682,30,TaskName 7/2/2025 (GreenStar 4 Monitor),Enlist 1 & Ag Saver,212,7/2/2025,1.000,On,1094.8,121.25,0.00,10.15,14.88,5.306,0.149,15.00,14.96,0,6,149.13,7/2/2025,Good,0.00,0.00,0.00,0.00,0.00,0.00,0.00,3.991,0.0013,1.995,0.00065,14.50,0.600,0.00,0.00,23.94,0.0077,0.00,0.00,0.00,0.00,0.00,0.00,0.00,0.00,0.041
-93.75817291,42.02034748,30,TaskName 7/2/2025 (GreenStar 4 Monitor),Enlist 1 & Ag Saver,213,7/2/2025,1.000,On,1094.4,121.25,0.00,10.09,14.81,6.090,1.145,15.00,14.97,0,6,148.44,7/2/2025,Good,0.00,0.00,0.00,0.00,0.00,0.00,0.00,3.993,0.0013,1.996,0.00064,14.50,0.598,0.00,0.00,23.96,0.0077,0.00,0.00,0.00,0.00,0.00,0.00,0.00,0.00,0.041
-93.75817172,42.02038785,30,TaskName 7/2/2025 (GreenStar 4 Monitor),Enlist 1 & Ag Saver,214,7/2/2025,0.995,On,1094.1,121.25,0.00,10.07,14.69,6.169,0.078,15.00,14.98,0,6,147.99,7/2/2025,Good,0.00,0.00,0.00,0.00,0.00,0.00,0.00,3.995,0.0013,1.997,0.00064,14.51,0.594,0.00,0.00,23.97,0.0077,0.00,0.00,0.00,0.00,0.00,0.00,0.00,0.00,0.041
-93.75817165,42.02042846,30,TaskName 7/2/2025 (GreenStar 4 Monitor),Enlist 1 & Ag Saver,215,7/2/2025,1.000,On,1093.8,121.25,0.00,10.07,14.78,5.972,359.47,15.00,15.01,0,6,148.11,7/2/2025,Good,0.00,0.00,0.00,0.00,0.00,0.00,0.00,4.002,0.0013,2.001,0.00064,14.54,0.598,0.00,0.00,24.01,0.0077,0.00,0.00,0.00,0.00,0.00,0.00,0.00,0.00,0.041
-93.75817263,42.02046912,30,TaskName 7/2/2025 (GreenStar 4 Monitor),Enlist 1 & Ag Saver,216,7/2/2025,1.000,On,1093.6,121.25,0.00,10.09,14.80,5.943,0.659,15.00,15.01,0,6,148.30,7/2/2025,Good,0.00,0.00,0.00,0.00,0.00,0.00,0.00,4.002,0.0013,2.001,0.00064,14.54,0.599,0.00,0.00,24.01,0.0077,0.00,0.00,0.00,0.00,0.00,0.00,0.00,0.00,0.041
-93.75817222,42.02050980,30,TaskName 7/2/2025 (GreenStar 4 Monitor),Enlist 1 & Ag Saver,217,7/2/2025,1.000,On,1093.3,121.25,0.00,10.12,14.84,5.678,0.235,15.00,15.00,0,6,148.73,7/2/2025,Good,0.00,0.00,0.00,0.00,0.00,0.00,0.00,4.000,0.0013,2.000,0.00065,14.53,0.600,0.00,0.00,24.00,0.0077,0.00,0.00,0.00,0.00,0.00,0.00,0.00,0.00,0.041
-93.75817160,42.02053427,30,TaskName 7/2/2025 (GreenStar 4 Monitor),Enlist 1 & Ag Saver,218,7/2/2025,0.600,On,1093.1,121.25,0.00,10.15,8.935,5.510,359.55,15.00,14.99,0,6,149.22,7/2/2025,Good,0.00,0.00,0.00,0.00,0.00,0.00,0.00,3.998,0.00078,1.999,0.00039,14.52,0.361,0.00,0.00,23.99,0.0047,0.00,0.00,0.00,0.00,0.00,0.00,0.00,0.00,0.025
-93.75817135,42.02054238,30,TaskName 7/2/2025 (GreenStar 4 Monitor),Enlist 1 & Ag Saver,219,7/2/2025,0.200,On,1093.0,120.00,0.625,10.14,2.975,5.594,359.25,15.00,15.01,0,6,147.52,7/2/2025,Good,0.00,0.00,0.00,0.00,0.00,0.00,0.00,4.003,0.00026,2.001,0.00013,14.54,0.119,0.00,0.00,24.02,0.0015,0.00,0.00,0.00,0.00,0.00,0.00,0.00,0.00,0.0082
-93.75817136,42.02055045,30,TaskName 7/2/2025 (GreenStar 4 Monitor),Enlist 1 & Ag Saver,220,7/2/2025,0.200,On,1092.9,116.25,2.500,10.11,2.969,5.633,359.19,15.00,15.06,0,6,142.60,7/2/2025,Good,0.00,0.00,0.00,0.00,0.00,0.00,0.00,4.017,0.00025,2.008,0.00012,14.59,0.116,0.00,0.00,24.10,0.0015,0.00,0.00,0.00,0.00,0.00,0.00,0.00,0.00,0.0079
-93.75817156,42.02055852,30,TaskName 7/2/2025 (GreenStar 4 Monitor),Enlist 1 & Ag Saver,221,7/2/2025,0.200,On,1092.9,111.25,5.000,10.09,2.962,5.713,359.38,15.00,15.13,0,6,136.16,7/2/2025,Good,0.00,0.00,0.00,0.00,0.00,0.00,0.00,4.034,0.00024,2.017,0.00012,14.65,0.111,0.00,0.00,24.20,0.0014,0.00,0.00,0.00,0.00,0.00,0.00,0.00,0.00,0.0076
-93.75817178,42.02056666,30,TaskName 7/2/2025 (GreenStar 4 Monitor),Enlist 1 & Ag Saver,222,7/2/2025,0.200,On,1092.8,106.25,7.500,10.07,2.955,5.594,359.65,15.00,15.16,0,6,129.76,7/2/2025,Good,0.00,0.00,0.00,0.00,0.00,0.00,0.00,4.043,0.00023,2.021,0.00011,14.68,0.106,0.00,0.00,24.26,0.0014,0.00,0.00,0.00,0.00,0.00,0.00,0.00,0.00,0.0072
-93.75817197,42.02057483,30,TaskName 7/2/2025 (GreenStar 4 Monitor),Enlist 1 & Ag Saver,223,7/2/2025,0.200,On,1092.8,102.50,9.375,10.07,2.955,5.693,359.89,15.00,15.14,0,6,125.18,7/2/2025,Good,0.00,0.00,0.00,0.00,0.00,0.00,0.00,4.037,0.00022,2.018,0.00011,14.66,0.102,0.00,0.00,24.22,0.0013,0.00,0.00,0.00,0.00,0.00,0.00,0.00,0.00,0.0070
-93.75817212,42.02058306,30,TaskName 7/2/2025 (GreenStar 4 Monitor),Enlist 1 & Ag Saver,224,7/2/2025,0.200,On,1092.7,97.50,11.87,10.09,2.962,5.416,0.118,15.00,15.21,0,6,119.33,7/2/2025,Good,0.00,0.00,0.00,0.00,0.00,0.00,0.00,4.057,0.00021,2.028,0.00011,14.74,0.098,0.00,0.00,24.34,0.0013,0.00,0.00,0.00,0.00,0.00,0.00,0.00,0.00,0.0066
-93.75817227,42.02059111,30,TaskName 7/2/2025 (GreenStar 4 Monitor),Enlist 1 & Ag Saver,225,7/2/2025,0.200,On,1092.6,92.50,14.37,10.10,2.962,5.297,0.361,15.00,15.19,0,6,113.21,7/2/2025,Good,0.00,0.00,0.00,0.00,0.00,0.00,0.00,4.051,0.00020,2.026,9.953e-05,14.72,0.093,0.00,0.00,24.31,0.0012,0.00,0.00,0.00,0.00,0.00,0.00,0.00,0.00,0.0063
-93.75817228,42.02059927,30,TaskName 7/2/2025 (GreenStar 4 Monitor),Enlist 1 & Ag Saver,226,7/2/2025,0.200,On,1092.6,88.75,16.25,10.08,2.959,5.065,0.565,15.00,15.13,0,6,108.50,7/2/2025,Good,0.00,0.00,0.00,0.00,0.00,0.00,0.00,4.034,0.00019,2.017,9.499e-05,14.65,0.088,0.00,0.00,24.20,0.0011,0.00,0.00,0.00,0.00,0.00,0.00,0.00,0.00,0.0060
-93.75817242,42.02060740,30,TaskName 7/2/2025 (GreenStar 4 Monitor),Enlist 1 & Ag Saver,227,7/2/2025,0.200,On,1092.5,83.75,18.75,10.08,2.959,4.900,0.800,15.00,15.32,0,6,102.39,7/2/2025,Good,0.00,0.00,0.00,0.00,0.00,0.00,0.00,4.085,0.00018,2.043,9.078e-05,14.84,0.084,0.00,0.00,24.51,0.0011,0.00,0.00,0.00,0.00,0.00,0.00,0.00,0.00,0.0057
-93.75817249,42.02061548,30,TaskName 7/2/2025 (GreenStar 4 Monitor),Enlist 1 & Ag Saver,228,7/2/2025,0.200,On,1092.4,78.75,21.25,10.09,2.962,4.260,0.964,15.00,15.23,0,6,96.39,7/2/2025,Good,0.00,0.00,0.00,0.00,0.00,0.00,0.00,4.062,0.00017,2.031,8.497e-05,14.76,0.079,0.00,0.00,24.37,0.0010,0.00,0.00,0.00,0.00,0.00,0.00,0.00,0.00,0.0054
-93.75817244,42.02062352,30,TaskName 7/2/2025 (GreenStar 4 Monitor),Enlist 1 & Ag Saver,229,7/2/2025,0.200,On,1092.3,73.75,23.75,10.08,2.959,3.474,0.894,15.00,15.08,0,6,90.17,7/2/2025,Good,0.00,0.00,0.00,0.00,0.00,0.00,0.00,4.023,0.00016,2.011,7.871e-05,14.61,0.073,0.00,0.00,24.14,0.00094,0.00,0.00,0.00,0.00,0.00,0.00,0.00,0.00,0.0050
-93.75817231,42.02063151,30,TaskName 7/2/2025 (GreenStar 4 Monitor),Enlist 1 & Ag Saver,230,7/2/2025,0.200,On,1092.2,67.50,26.87,10.07,2.955,3.784,0.768,15.00,15.27,0,6,82.43,7/2/2025,Good,0.00,0.00,0.00,0.00,0.00,0.00,0.00,4.071,0.00015,2.036,7.283e-05,14.79,0.068,0.00,0.00,24.43,0.00087,0.00,0.00,0.00,0.00,0.00,0.00,0.00,0.00,0.0046
-93.75817208,42.02063935,30,TaskName 7/2/2025 (GreenStar 4 Monitor),Enlist 1 & Ag Saver,231,7/2/2025,0.200,On,1092.1,62.50,29.37,10.04,2.946,3.342,0.541,15.00,15.23,0,6,76.07,7/2/2025,Good,0.00,0.00,0.00,0.00,0.00,0.00,0.00,4.062,0.00013,2.031,6.707e-05,14.76,0.062,0.00,0.00,24.37,0.00080,0.00,0.00,0.00,0.00,0.00,0.00,0.00,0.00,0.0042
-93.75817189,42.02064712,30,TaskName 7/2/2025 (GreenStar 4 Monitor),Enlist 1 & Ag Saver,232,7/2/2025,0.200,On,1092.0,57.50,31.87,9.957,2.923,3.203,0.290,15.00,15.11,0,6,69.44,7/2/2025,Good,0.00,0.00,0.00,0.00,0.00,0.00,0.00,4.028,0.00012,2.014,6.070e-05,14.63,0.056,0.00,0.00,24.17,0.00073,0.00,0.00,0.00,0.00,0.00,0.00,0.00,0.00,0.0039
-93.75817173,42.02065470,30,TaskName 7/2/2025 (GreenStar 4 Monitor),Enlist 1 & Ag Saver,233,7/2/2025,0.200,On,1092.0,52.50,34.37,9.858,2.893,3.104,0.078,15.00,15.30,0,6,62.76,7/2/2025,Good,0.00,0.00,0.00,0.00,0.00,0.00,0.00,4.080,0.00011,2.040,5.556e-05,14.82,0.052,0.00,0.00,24.48,0.00067,0.00,0.00,0.00,0.00,0.00,0.00,0.00,0.00,0.0035
-93.75817144,42.02066214,30,TaskName 7/2/2025 (GreenStar 4 Monitor),Enlist 1 & Ag Saver,234,7/2/2025,0.200,On,1091.9,46.25,37.50,9.731,2.857,3.038,359.80,15.00,15.28,0,6,54.60,7/2/2025,Good,0.00,0.00,0.00,0.00,0.00,0.00,0.00,4.074,9.654e-05,2.037,4.827e-05,14.80,0.045,0.00,0.00,24.44,0.00058,0.00,0.00,0.00,0.00,0.00,0.00,0.00,0.00,0.0030
-93.75817116,42.02066946,30,TaskName 7/2/2025 (GreenStar 4 Monitor),Enlist 1 & Ag Saver,235,7/2/2025,0.200,On,1091.8,38.75,41.25,9.567,2.808,2.536,359.51,15.00,15.28,0,6,44.96,7/2/2025,Good,0.00,0.00,0.00,0.00,0.00,0.00,0.00,4.074,7.949e-05,2.037,3.975e-05,14.80,0.037,0.00,0.00,24.44,0.00048,0.00,0.00,0.00,0.00,0.00,0.00,0.00,0.00,0.0025
-93.75817110,42.02067656,30,TaskName 7/2/2025 (GreenStar 4 Monitor),Enlist 1 & Ag Saver,236,7/2/2025,0.205,On,1091.7,30.00,45.62,9.402,2.827,2.780,359.34,15.00,15.27,0,6,34.20,7/2/2025,Good,0.00,0.00,0.00,0.00,0.00,0.00,0.00,4.071,6.193e-05,2.036,3.097e-05,14.79,0.029,0.00,0.00,24.43,0.00037,0.00,0.00,0.00,0.00,0.00,0.00,0.00,0.00,0.0019
-93.75817119,42.02068351,30,TaskName 7/2/2025 (GreenStar 4 Monitor),Enlist 1 & Ag Saver,237,7/2/2025,0.195,On,1091.6,21.25,50.00,9.218,2.637,3.124,359.32,15.00,15.38,0,6,23.75,7/2/2025,Good,0.00,0.00,0.00,0.00,0.00,0.00,0.00,4.102,4.123e-05,2.051,2.062e-05,14.90,0.019,0.00,0.00,24.61,0.00025,0.00,0.00,0.00,0.00,0.00,0.00,0.00,0.00,0.0013
-93.75817135,42.02069017,30,TaskName 7/2/2025 (GreenStar 4 Monitor),Enlist 1 & Ag Saver,238,7/2/2025,0.205,On,1091.6,7.500,56.87,9.022,2.713,3.421,359.44,15.00,15.41,0,6,8.202,7/2/2025,Good,0.00,0.00,0.00,0.00,0.00,0.00,0.00,4.108,1.499e-05,2.054,7.495e-06,14.92,0.0070,0.00,0.00,24.65,8.994e-05,0.00,0.00,0.00,0.00,0.00,0.00,0.00,0.00,0.00047
-93.75861284,42.02052794,30,TaskName 7/2/2025 (GreenStar 4 Monitor),Enlist 1 & Ag Saver,239,7/2/2025,0.200,On,1093.0,15.00,-25.62,7.908,2.320,6.485,180.77,15.00,15.43,0,7,14.38,7/2/2025,Good,0.00,0.00,0.00,0.00,0.00,0.00,0.00,4.114,2.567e-05,2.057,1.284e-05,14.94,0.012,0.00,0.00,24.68,0.00015,0.00,0.00,0.00,0.00,0.00,0.00,0.00,0.00,0.00080
-93.75861311,42.02052160,30,TaskName 7/2/2025 (GreenStar 4 Monitor),Enlist 1 & Ag Saver,240,7/2/2025,0.200,On,1093.1,17.50,-28.66,7.930,2.326,6.353,180.54,15.00,15.15,0,7,16.82,7/2/2025,Good,0.00,0.00,0.00,0.00,0.00,0.00,0.00,4.040,2.950e-05,2.020,1.475e-05,14.67,0.014,0.00,0.00,24.24,0.00018,0.00,0.00,0.00,0.00,0.00,0.00,0.00,0.00,0.00093
-93.75861346,42.02051523,30,TaskName 7/2/2025 (GreenStar 4 Monitor),Enlist 1 & Ag Saver,241,7/2/2025,0.200,On,1093.1,16.25,-51.25,7.928,2.323,6.558,180.21,15.00,15.05,0,7,15.60,7/2/2025,Good,0.00,0.00,0.00,0.00,0.00,0.00,0.00,4.014,2.718e-05,2.007,1.359e-05,14.58,0.013,0.00,0.00,24.08,0.00016,0.00,0.00,0.00,0.00,0.00,0.00,0.00,0.00,0.00087
-93.75861383,42.02050882,30,TaskName 7/2/2025 (GreenStar 4 Monitor),Enlist 1 & Ag Saver,242,7/2/2025,0.205,On,1093.2,18.75,-50.00,7.923,2.382,6.954,179.90,15.00,15.34,0,7,18.01,7/2/2025,Good,0.00,0.00,0.00,0.00,0.00,0.00,0.00,4.091,3.277e-05,2.045,1.639e-05,14.86,0.015,0.00,0.00,24.55,0.00020,0.00,0.00,0.00,0.00,0.00,0.00,0.00,0.00,0.0010
-93.75861399,42.02050243,30,TaskName 7/2/2025 (GreenStar 4 Monitor),Enlist 1 & Ag Saver,243,7/2/2025,0.200,On,1093.3,22.50,-48.12,7.934,2.326,6.987,179.89,15.00,15.05,0,7,21.63,7/2/2025,Good,0.00,0.00,0.00,0.00,0.00,0.00,0.00,4.014,3.768e-05,2.007,1.884e-05,14.58,0.018,0.00,0.00,24.08,0.00023,0.00,0.00,0.00,0.00,0.00,0.00,0.00,0.00,0.0012
-93.75861406,42.02049586,30,TaskName 7/2/2025 (GreenStar 4 Monitor),Enlist 1 & Ag Saver,244,7/2/2025,0.195,On,1093.3,23.75,-47.50,7.941,2.271,6.710,180.01,15.00,15.22,0,7,22.86,7/2/2025,Good,0.00,0.00,0.00,0.00,0.00,0.00,0.00,4.060,3.926e-05,2.030,1.963e-05,14.75,0.018,0.00,0.00,24.36,0.00024,0.00,0.00,0.00,0.00,0.00,0.00,0.00,0.00,0.0012
-93.75861405,42.02048938,30,TaskName 7/2/2025 (GreenStar 4 Monitor),Enlist 1 & Ag Saver,245,7/2/2025,0.200,On,1093.3,27.50,-45.62,7.972,2.336,7.020,180.19,15.00,15.20,0,7,26.55,7/2/2025,Good,0.00,0.00,0.00,0.00,0.00,0.00,0.00,4.054,4.671e-05,2.027,2.336e-05,14.73,0.022,0.00,0.00,24.32,0.00028,0.00,0.00,0.00,0.00,0.00,0.00,0.00,0.00,0.0015
-93.75861414,42.02048285,30,TaskName 7/2/2025 (GreenStar 4 Monitor),Enlist 1 & Ag Saver,246,7/2/2025,0.200,On,1093.4,31.25,-43.75,8.006,2.346,6.763,180.20,15.00,15.01,0,7,30.30,7/2/2025,Good,0.00,0.00,0.00,0.00,0.00,0.00,0.00,4.003,5.263e-05,2.001,2.632e-05,14.54,0.024,0.00,0.00,24.02,0.00032,0.00,0.00,0.00,0.00,0.00,0.00,0.00,0.00,0.0017
-93.75861428,42.02047632,30,TaskName 7/2/2025 (GreenStar 4 Monitor),Enlist 1 & Ag Saver,247,7/2/2025,0.205,On,1093.4,35.00,-41.87,8.040,2.415,6.730,180.16,15.00,15.28,0,7,34.08,7/2/2025,Good,0.00,0.00,0.00,0.00,0.00,0.00,0.00,4.074,6.176e-05,2.037,3.088e-05,14.80,0.029,0.00,0.00,24.44,0.00037,0.00,0.00,0.00,0.00,0.00,0.00,0.00,0.00,0.0019
-93.75861429,42.02046983,30,TaskName 7/2/2025 (GreenStar 4 Monitor),Enlist 1 & Ag Saver,248,7/2/2025,0.200,On,1093.5,38.75,-40.00,8.073,2.366,6.987,180.18,15.00,15.05,0,7,37.88,7/2/2025,Good,0.00,0.00,0.00,0.00,0.00,0.00,0.00,4.014,6.600e-05,2.007,3.300e-05,14.58,0.031,0.00,0.00,24.08,0.00040,0.00,0.00,0.00,0.00,0.00,0.00,0.00,0.00,0.0021
-93.75861427,42.02046333,30,TaskName 7/2/2025 (GreenStar 4 Monitor),Enlist 1 & Ag Saver,249,7/2/2025,0.195,On,1093.5,42.50,-38.12,8.080,2.310,6.901,180.31,15.00,14.96,0,7,41.61,7/2/2025,Good,0.00,0.00,0.00,0.00,0.00,0.00,0.00,3.988,7.023e-05,1.994,3.511e-05,14.49,0.033,0.00,0.00,23.93,0.00042,0.00,0.00,0.00,0.00,0.00,0.00,0.00,0.00,0.0023
-93.75861416,42.02045673,30,TaskName 7/2/2025 (GreenStar 4 Monitor),Enlist 1 & Ag Saver,250,7/2/2025,0.200,On,1093.6,45.00,-36.87,8.087,2.372,7.067,180.53,15.00,15.17,0,7,44.11,7/2/2025,Good,0.00,0.00,0.00,0.00,0.00,0.00,0.00,4.045,7.745e-05,2.023,3.873e-05,14.69,0.036,0.00,0.00,24.27,0.00046,0.00,0.00,0.00,0.00,0.00,0.00,0.00,0.00,0.0025
-93.75861422,42.02045015,30,TaskName 7/2/2025 (GreenStar 4 Monitor),Enlist 1 & Ag Saver,251,7/2/2025,0.200,On,1093.6,48.75,-35.00,8.120,2.382,7.185,180.61,15.00,15.01,0,7,47.99,7/2/2025,Good,0.00,0.00,0.00,0.00,0.00,0.00,0.00,4.003,8.337e-05,2.001,4.168e-05,14.54,0.039,0.00,0.00,24.02,0.00050,0.00,0.00,0.00,0.00,0.00,0.00,0.00,0.00,0.0027
-93.75861434,42.02044355,30,TaskName 7/2/2025 (GreenStar 4 Monitor),Enlist 1 & Ag Saver,252,7/2/2025,0.200,On,1093.7,52.50,-33.12,8.145,2.389,7.318,180.49,15.00,15.00,0,7,51.82,7/2/2025,Good,0.00,0.00,0.00,0.00,0.00,0.00,0.00,4.000,8.996e-05,2.000,4.498e-05,14.53,0.042,0.00,0.00,24.00,0.00054,0.00,0.00,0.00,0.00,0.00,0.00,0.00,0.00,0.0029
-93.75861467,42.02043683,30,TaskName 7/2/2025 (GreenStar 4 Monitor),Enlist 1 & Ag Saver,253,7/2/2025,0.200,On,1093.8,56.25,-31.25,8.165,2.395,7.536,180.27,15.00,15.14,0,7,55.68,7/2/2025,Good,0.00,0.00,0.00,0.00,0.00,0.00,0.00,4.037,9.755e-05,2.018,4.877e-05,14.66,0.045,0.00,0.00,24.22,0.00059,0.00,0.00,0.00,0.00,0.00,0.00,0.00,0.00,0.0031
-93.75861493,42.02043009,30,TaskName 7/2/2025 (GreenStar 4 Monitor),Enlist 1 & Ag Saver,254,7/2/2025,0.200,On,1093.8,61.25,-30.00,8.214,2.408,7.727,180.13,15.00,15.17,0,7,60.96,7/2/2025,Good,0.00,0.00,0.00,0.00,0.00,0.00,0.00,4.045,0.00011,2.023,5.351e-05,14.69,0.050,0.00,0.00,24.27,0.00064,0.00,0.00,0.00,0.00,0.00,0.00,0.00,0.00,0.0034
-93.75861510,42.02042321,30,TaskName 7/2/2025 (GreenStar 4 Monitor),Enlist 1 & Ag Saver,255,7/2/2025,0.200,On,1093.9,65.00,-28.12,8.279,2.428,7.701,180.09,15.00,15.16,0,7,65.22,7/2/2025,Good,0.00,0.00,0.00,0.00,0.00,0.00,0.00,4.043,0.00011,2.021,5.721e-05,14.68,0.053,0.00,0.00,24.26,0.00069,0.00,0.00,0.00,0.00,0.00,0.00,0.00,0.00,0.0036
-93.75861518,42.02041626,30,TaskName 7/2/2025 (GreenStar 4 Monitor),Enlist 1 & Ag Saver,256,7/2/2025,0.200,On,1094.0,67.50,-26.87,8.359,2.451,7.912,180.15,15.00,15.00,0,7,68.37,7/2/2025,Good,0.00,0.00,0.00,0.00,0.00,0.00,0.00,4.000,0.00012,2.000,5.934e-05,14.53,0.055,0.00,0.00,24.00,0.00071,0.00,0.00,0.00,0.00,0.00,0.00,0.00,0.00,0.0038
-93.75861507,42.02040926,30,TaskName 7/2/2025 (GreenStar 4 Monitor),Enlist 1 & Ag Saver,257,7/2/2025,0.200,On,1094.0,71.25,-25.00,8.449,2.477,7.813,180.16,15.00,14.99,0,7,72.94,7/2/2025,Good,0.00,0.00,0.00,0.00,0.00,0.00,0.00,3.997,0.00013,1.998,6.326e-05,14.52,0.059,0.00,0.00,23.98,0.00076,0.00,0.00,0.00,0.00,0.00,0.00,0.00,0.00,0.0041
-93.75861521,42.02040219,30,TaskName 7/2/2025 (GreenStar 4 Monitor),Enlist 1 & Ag Saver,258,7/2/2025,0.200,On,1094.1,75.00,-23.12,8.534,2.504,7.674,179.88,15.00,15.02,0,7,77.59,7/2/2025,Good,0.00,0.00,0.00,0.00,0.00,0.00,0.00,4.005,0.00013,2.003,6.744e-05,14.55,0.063,0.00,0.00,24.03,0.00081,0.00,0.00,0.00,0.00,0.00,0.00,0.00,0.00,0.0043
-93.75861546,42.02039504,30,TaskName 7/2/2025 (GreenStar 4 Monitor),Enlist 1 & Ag Saver,259,7/2/2025,0.200,On,1094.2,78.75,-21.25,8.619,2.527,7.952,179.62,15.00,15.06,0,7,82.22,7/2/2025,Good,0.00,0.00,0.00,0.00,0.00,0.00,0.00,4.017,0.00014,2.008,7.167e-05,14.59,0.067,0.00,0.00,24.10,0.00086,0.00,0.00,0.00,0.00,0.00,0.00,0.00,0.00,0.0046
-93.75861543,42.02038789,30,TaskName 7/2/2025 (GreenStar 4 Monitor),Enlist 1 & Ag Saver,260,7/2/2025,0.200,On,1094.2,81.25,-20.00,8.711,2.553,7.786,179.47,15.00,15.02,0,7,85.71,7/2/2025,Good,0.00,0.00,0.00,0.00,0.00,0.00,0.00,4.005,0.00015,2.003,7.450e-05,14.55,0.069,0.00,0.00,24.03,0.00089,0.00,0.00,0.00,0.00,0.00,0.00,0.00,0.00,0.0048
-93.75861544,42.02038064,30,TaskName 7/2/2025 (GreenStar 4 Monitor),Enlist 1 & Ag Saver,261,7/2/2025,0.200,On,1094.3,85.00,-18.12,8.784,2.576,7.687,179.47,15.00,14.95,0,7,90.47,7/2/2025,Good,0.00,0.00,0.00,0.00,0.00,0.00,0.00,3.985,0.00016,1.993,7.825e-05,14.48,0.073,0.00,0.00,23.91,0.00094,0.00,0.00,0.00,0.00,0.00,0.00,0.00,0.00,0.0050
-93.75861545,42.02037337,30,TaskName 7/2/2025 (GreenStar 4 Monitor),Enlist 1 & Ag Saver,262,7/2/2025,0.205,On,1094.4,88.75,-16.25,8.854,2.661,7.344,179.59,15.00,14.96,0,7,95.21,7/2/2025,Good,0.00,0.00,0.00,0.00,0.00,0.00,0.00,3.988,0.00017,1.994,8.447e-05,14.49,0.079,0.00,0.00,23.93,0.0010,0.00,0.00,0.00,0.00,0.00,0.00,0.00,0.00,0.0054
-93.75861537,42.02036620,30,TaskName 7/2/2025 (GreenStar 4 Monitor),Enlist 1 & Ag Saver,263,7/2/2025,0.195,On,1094.4,92.50,-14.37,8.923,2.549,7.423,179.75,15.00,14.92,0,7,99.95,7/2/2025,Good,0.00,0.00,0.00,0.00,0.00,0.00,0.00,3.980,0.00017,1.990,8.416e-05,14.46,0.078,0.00,0.00,23.88,0.0010,0.00,0.00,0.00,0.00,0.00,0.00,0.00,0.00,0.0054
-93.75861532,42.02035891,30,TaskName 7/2/2025 (GreenStar 4 Monitor),Enlist 1 & Ag Saver,264,7/2/2025,0.200,On,1094.5,95.00,-11.87,8.941,2.622,7.298,179.86,15.00,14.90,0,7,102.92,7/2/2025,Good,0.00,0.00,0.00,0.00,0.00,0.00,0.00,3.974,0.00018,1.987,8.876e-05,14.44,0.083,0.00,0.00,23.84,0.0011,0.00,0.00,0.00,0.00,0.00,0.00,0.00,0.00,0.0057
-93.75861531,42.02035164,30,TaskName 7/2/2025 (GreenStar 4 Monitor),Enlist 1 & Ag Saver,265,7/2/2025,0.205,On,1094.6,98.75,-10.000,8.961,2.694,7.859,179.80,15.00,14.90,0,7,107.24,7/2/2025,Good,0.00,0.00,0.00,0.00,0.00,0.00,0.00,3.974,0.00019,1.987,9.480e-05,14.44,0.088,0.00,0.00,23.84,0.0011,0.00,0.00,0.00,0.00,0.00,0.00,0.00,0.00,0.0061
-93.75861524,42.02034440,30,TaskName 7/2/2025 (GreenStar 4 Monitor),Enlist 1 & Ag Saver,266,7/2/2025,0.195,On,1094.7,101.25,-8.750,8.990,2.569,8.216,179.86,15.00,14.95,0,7,110.25,7/2/2025,Good,0.00,0.00,0.00,0.00,0.00,0.00,0.00,3.985,0.00019,1.993,9.297e-05,14.48,0.086,0.00,0.00,23.91,0.0011,0.00,0.00,0.00,0.00,0.00,0.00,0.00,0.00,0.0060
-93.75861499,42.02033704,30,TaskName 7/2/2025 (GreenStar 4 Monitor),Enlist 1 & Ag Saver,267,7/2/2025,0.200,On,1094.8,105.00,-6.875,9.004,2.641,8.394,180.05,15.00,14.98,0,7,114.60,7/2/2025,Good,0.00,0.00,0.00,0.00,0.00,0.00,0.00,3.994,0.00020,1.997,9.933e-05,14.51,0.092,0.00,0.00,23.96,0.0012,0.00,0.00,0.00,0.00,0.00,0.00,0.00,0.00,0.0064
-93.75861492,42.02032955,30,TaskName 7/2/2025 (GreenStar 4 Monitor),Enlist 1 & Ag Saver,268,7/2/2025,0.205,On,1094.8,108.75,-5.000,9.033,2.714,8.176,180.18,15.00,14.90,0,7,118.97,7/2/2025,Good,0.00,0.00,0.00,0.00,0.00,0.00,0.00,3.974,0.00021,1.987,0.00011,14.44,0.098,0.00,0.00,23.84,0.0013,0.00,0.00,0.00,0.00,0.00,0.00,0.00,0.00,0.0068
-93.75861496,42.02032217,30,TaskName 7/2/2025 (GreenStar 4 Monitor),Enlist 1 & Ag Saver,269,7/2/2025,0.200,On,1094.9,111.25,-3.750,9.104,2.671,8.222,180.19,15.00,14.92,0,7,122.78,7/2/2025,Good,0.00,0.00,0.00,0.00,0.00,0.00,0.00,3.980,0.00021,1.990,0.00011,14.46,0.099,0.00,0.00,23.88,0.0013,0.00,0.00,0.00,0.00,0.00,0.00,0.00,0.00,0.0068
-93.75861491,42.02031471,30,TaskName 7/2/2025 (GreenStar 4 Monitor),Enlist 1 & Ag Saver,270,7/2/2025,0.196,On,1094.9,113.75,-2.500,9.149,2.615,8.163,180.24,15.00,14.82,0,7,125.43,7/2/2025,Good,0.00,0.00,0.00,0.00,0.00,0.00,0.00,3.951,0.00021,1.976,0.00011,14.35,0.098,0.00,0.00,23.71,0.0013,0.00,0.00,0.00,0.00,0.00,0.00,0.00,0.00,0.0068
-93.75861489,42.02030715,30,TaskName 7/2/2025 (GreenStar 4 Monitor),Enlist 1 & Ag Saver,271,7/2/2025,0.199,On,1095.0,117.50,-0.625,9.180,2.691,8.077,180.17,15.00,14.84,0,7,131.29,7/2/2025,Good,0.00,0.00,0.00,0.00,0.00,0.00,0.00,3.957,0.00022,1.978,0.00011,14.37,0.104,0.00,0.00,23.74,0.0013,0.00,0.00,0.00,0.00,0.00,0.00,0.00,0.00,0.0073
-93.75861518,42.02026923,30,TaskName 7/2/2025 (GreenStar 4 Monitor),Enlist 1 & Ag Saver,272,7/2/2025,1.000,On,1095.4,121.25,0.00,9.352,13.71,7.324,179.80,15.00,14.87,0,7,137.37,7/2/2025,Good,0.00,0.00,0.00,0.00,0.00,0.00,0.00,3.966,0.0012,1.983,0.00059,14.41,0.550,0.00,0.00,23.80,0.0071,0.00,0.00,0.00,0.00,0.00,0.00,0.00,0.00,0.038
-93.75861499,42.02023172,30,TaskName 7/2/2025 (GreenStar 4 Monitor),Enlist 1 & Ag Saver,273,7/2/2025,1.000,On,1095.9,121.25,0.00,9.361,13.73,7.080,180.09,15.00,14.89,0,7,137.53,7/2/2025,Good,0.00,0.00,0.00,0.00,0.00,0.00,0.00,3.971,0.0012,1.985,0.00059,14.42,0.551,0.00,0.00,23.82,0.0071,0.00,0.00,0.00,0.00,0.00,0.00,0.00,0.00,0.038
-93.75861466,42.02020210,30,TaskName 7/2/2025 (GreenStar 4 Monitor),Enlist 1 & Ag Saver,274,7/2/2025,0.795,On,1096.4,120.00,0.625,9.269,10.80,7.978,180.25,15.00,14.94,0,7,134.75,7/2/2025,Good,0.00,0.00,0.00,0.00,0.00,0.00,0.00,3.985,0.00093,1.992,0.00046,14.48,0.431,0.00,0.00,23.91,0.0056,0.00,0.00,0.00,0.00,0.00,0.00,0.00,0.00,0.030
-93.75861508,42.02016493,30,TaskName 7/2/2025 (GreenStar 4 Monitor),Enlist 1 & Ag Saver,275,7/2/2025,1.005,On,1097.0,121.25,0.00,9.234,13.60,8.455,179.55,15.00,14.98,0,7,135.64,7/2/2025,Good,0.00,0.00,0.00,0.00,0.00,0.00,0.00,3.993,0.0012,1.997,0.00059,14.51,0.549,0.00,0.00,23.96,0.0071,0.00,0.00,0.00,0.00,0.00,0.00,0.00,0.00,0.038
-93.75861491,42.02012745,30,TaskName 7/2/2025 (GreenStar 4 Monitor),Enlist 1 & Ag Saver,276,7/2/2025,1.000,On,1097.7,121.25,0.00,9.286,13.61,8.559,179.55,15.00,14.99,0,7,136.41,7/2/2025,Good,0.00,0.00,0.00,0.00,0.00,0.00,0.00,3.997,0.0012,1.998,0.00059,14.52,0.550,0.00,0.00,23.98,0.0071,0.00,0.00,0.00,0.00,0.00,0.00,0.00,0.00,0.038
-93.75861393,42.02008951,30,TaskName 7/2/2025 (GreenStar 4 Monitor),Enlist 1 & Ag Saver,277,7/2/2025,1.000,On,1098.2,121.25,0.00,9.375,13.74,7.845,180.56,15.00,14.95,0,7,137.72,7/2/2025,Good,0.00,0.00,0.00,0.00,0.00,0.00,0.00,3.986,0.0012,1.993,0.00060,14.48,0.554,0.00,0.00,23.92,0.0071,0.00,0.00,0.00,0.00,0.00,0.00,0.00,0.00,0.038
-93.75861443,42.02005157,30,TaskName 7/2/2025 (GreenStar 4 Monitor),Enlist 1 & Ag Saver,278,7/2/2025,0.995,On,1098.7,121.25,0.00,9.429,13.75,8.398,180.29,15.00,14.96,0,7,138.51,7/2/2025,Good,0.00,0.00,0.00,0.00,0.00,0.00,0.00,3.990,0.0012,1.995,0.00060,14.49,0.555,0.00,0.00,23.94,0.0072,0.00,0.00,0.00,0.00,0.00,0.00,0.00,0.00,0.038
-93.75861523,42.02001351,30,TaskName 7/2/2025 (GreenStar 4 Monitor),Enlist 1 & Ag Saver,279,7/2/2025,1.005,On,1099.2,121.25,0.00,9.430,13.89,8.188,179.57,15.00,14.96,0,7,138.50,7/2/2025,Good,0.00,0.00,0.00,0.00,0.00,0.00,0.00,3.989,0.0012,1.995,0.00060,14.49,0.560,0.00,0.00,23.94,0.0072,0.00,0.00,0.00,0.00,0.00,0.00,0.00,0.00,0.039
-93.75861467,42.01997550,30,TaskName 7/2/2025 (GreenStar 4 Monitor),Enlist 1 & Ag Saver,280,7/2/2025,1.000,On,1099.8,121.25,0.00,9.469,13.88,7.879,179.99,15.00,14.99,0,7,139.10,7/2/2025,Good,0.00,0.00,0.00,0.00,0.00,0.00,0.00,3.996,0.0012,1.998,0.00060,14.52,0.561,0.00,0.00,23.98,0.0072,0.00,0.00,0.00,0.00,0.00,0.00,0.00,0.00,0.039
-93.75861445,42.01993742,30,TaskName 7/2/2025 (GreenStar 4 Monitor),Enlist 1 & Ag Saver,281,7/2/2025,1.000,On,1100.4,121.25,0.00,9.442,13.84,8.843,180.17,15.00,14.96,0,7,138.67,7/2/2025,Good,0.00,0.00,0.00,0.00,0.00,0.00,0.00,3.991,0.0012,1.995,0.00060,14.50,0.558,0.00,0.00,23.94,0.0072,0.00,0.00,0.00,0.00,0.00,0.00,0.00,0.00,0.039
-93.75861508,42.01989880,30,TaskName 7/2/2025 (GreenStar 4 Monitor),Enlist 1 & Ag Saver,282,7/2/2025,1.000,On,1101.1,121.25,0.00,9.557,14.01,8.554,179.48,15.00,14.99,0,7,140.38,7/2/2025,Good,0.00,0.00,0.00,0.00,0.00,0.00,0.00,3.998,0.0012,1.999,0.00061,14.52,0.566,0.00,0.00,23.99,0.0073,0.00,0.00,0.00,0.00,0.00,0.00,0.00,0.00,0.039
-93.75861465,42.01986025,30,TaskName 7/2/2025 (GreenStar 4 Monitor),Enlist 1 & Ag Saver,283,7/2/2025,0.995,On,1101.8,121.25,0.00,9.592,13.99,8.516,180.13,15.00,14.99,0,7,140.89,7/2/2025,Good,0.00,0.00,0.00,0.00,0.00,0.00,0.00,3.998,0.0012,1.999,0.00061,14.52,0.566,0.00,0.00,23.99,0.0073,0.00,0.00,0.00,0.00,0.00,0.00,0.00,0.00,0.039
-93.75861460,42.01982183,30,TaskName 7/2/2025 (GreenStar 4 Monitor),Enlist 1 & Ag Saver,284,7/2/2025,1.000,On,1102.6,121.25,0.00,9.571,14.03,9.738,180.28,15.00,14.99,0,7,140.58,7/2/2025,Good,0.00,0.00,0.00,0.00,0.00,0.00,0.00,3.997,0.0012,1.998,0.00061,14.52,0.567,0.00,0.00,23.98,0.0073,0.00,0.00,0.00,0.00,0.00,0.00,0.00,0.00,0.039
-93.75861541,42.01978303,30,TaskName 7/2/2025 (GreenStar 4 Monitor),Enlist 1 & Ag Saver,285,7/2/2025,1.005,On,1103.1,121.25,0.00,9.577,14.11,9.767,179.27,15.00,14.96,0,7,140.70,7/2/2025,Good,0.00,0.00,0.00,0.00,0.00,0.00,0.00,3.989,0.0012,1.994,0.00061,14.49,0.569,0.00,0.00,23.93,0.0073,0.00,0.00,0.00,0.00,0.00,0.00,0.00,0.00,0.039
-93.75861475,42.01974407,30,TaskName 7/2/2025 (GreenStar 4 Monitor),Enlist 1 & Ag Saver,286,7/2/2025,0.995,On,1103.1,121.25,0.00,9.703,14.16,7.840,179.47,15.00,14.97,0,7,142.57,7/2/2025,Good,0.00,0.00,0.00,0.00,0.00,0.00,0.00,3.992,0.0012,1.996,0.00061,14.50,0.571,0.00,0.00,23.95,0.0074,0.00,0.00,0.00,0.00,0.00,0.00,0.00,0.00,0.039
-93.75861383,42.01970454,30,TaskName 7/2/2025 (GreenStar 4 Monitor),Enlist 1 & Ag Saver,287,7/2/2025,1.000,On,1103.1,121.25,0.00,9.759,14.30,6.481,180.41,15.00,14.96,0,7,143.34,7/2/2025,Good,0.00,0.00,0.00,0.00,0.00,0.00,0.00,3.988,0.0012,1.994,0.00062,14.49,0.577,0.00,0.00,23.93,0.0074,0.00,0.00,0.00,0.00,0.00,0.00,0.00,0.00,0.040
-93.75861456,42.01966493,30,TaskName 7/2/2025 (GreenStar 4 Monitor),Enlist 1 & Ag Saver,288,7/2/2025,1.000,On,1102.8,120.00,0.625,9.742,14.28,6.704,179.80,15.00,14.96,0,7,141.63,7/2/2025,Good,0.00,0.00,0.00,0.00,0.00,0.00,0.00,3.990,0.0012,1.995,0.00061,14.49,0.570,0.00,0.00,23.94,0.0074,0.00,0.00,0.00,0.00,0.00,0.00,0.00,0.00,0.039
-93.75861501,42.01962503,30,TaskName 7/2/2025 (GreenStar 4 Monitor),Enlist 1 & Ag Saver,289,7/2/2025,1.000,On,1102.5,121.25,0.00,9.930,14.56,5.592,179.44,15.00,14.97,0,7,145.87,7/2/2025,Good,0.00,0.00,0.00,0.00,0.00,0.00,0.00,3.993,0.0013,1.997,0.00063,14.50,0.588,0.00,0.00,23.96,0.0076,0.00,0.00,0.00,0.00,0.00,0.00,0.00,0.00,0.041
-93.75861408,42.01958514,30,TaskName 7/2/2025 (GreenStar 4 Monitor),Enlist 1 & Ag Saver,290,7/2/2025,1.000,On,1102.3,121.25,0.00,9.918,14.54,5.897,180.51,15.00,14.97,0,7,145.71,7/2/2025,Good,0.00,0.00,0.00,0.00,0.00,0.00,0.00,3.993,0.0013,1.996,0.00063,14.50,0.587,0.00,0.00,23.96,0.0076,0.00,0.00,0.00,0.00,0.00,0.00,0.00,0.00,0.040
-93.75861406,42.01956916,30,TaskName 7/2/2025 (GreenStar 4 Monitor),Enlist 1 & Ag Saver,291,7/2/2025,0.405,On,1102.1,121.25,0.00,9.874,5.860,5.982,180.77,15.00,14.99,0,7,144.98,7/2/2025,Good,0.00,0.00,0.00,0.00,0.00,0.00,0.00,3.997,0.00051,1.998,0.00025,14.52,0.237,0.00,0.00,23.98,0.0031,0.00,0.00,0.00,0.00,0.00,0.00,0.00,0.00,0.016
-93.75861480,42.01952906,30,TaskName 7/2/2025 (GreenStar 4 Monitor),Enlist 1 & Ag Saver,292,7/2/2025,1.000,On,1101.9,120.00,0.625,9.940,14.57,5.960,180.27,15.00,14.98,0,7,144.50,7/2/2025,Good,0.00,0.00,0.00,0.00,0.00,0.00,0.00,3.994,0.0013,1.997,0.00063,14.51,0.582,0.00,0.00,23.96,0.0075,0.00,0.00,0.00,0.00,0.00,0.00,0.00,0.00,0.040
-93.75861527,42.01948936,30,TaskName 7/2/2025 (GreenStar 4 Monitor),Enlist 1 & Ag Saver,293,7/2/2025,1.000,On,1101.6,121.25,0.00,9.907,14.52,5.732,179.91,15.00,14.95,0,7,145.54,7/2/2025,Good,0.00,0.00,0.00,0.00,0.00,0.00,0.00,3.988,0.0013,1.994,0.00063,14.49,0.586,0.00,0.00,23.93,0.0076,0.00,0.00,0.00,0.00,0.00,0.00,0.00,0.00,0.040
-93.75861485,42.01944946,30,TaskName 7/2/2025 (GreenStar 4 Monitor),Enlist 1 & Ag Saver,294,7/2/2025,1.000,On,1101.5,121.25,0.00,9.898,14.50,5.686,180.26,15.00,14.99,0,7,145.35,7/2/2025,Good,0.00,0.00,0.00,0.00,0.00,0.00,0.00,3.998,0.0013,1.999,0.00063,14.52,0.586,0.00,0.00,23.99,0.0076,0.00,0.00,0.00,0.00,0.00,0.00,0.00,0.00,0.040
-93.75861489,42.01941776,30,TaskName 7/2/2025 (GreenStar 4 Monitor),Enlist 1 & Ag Saver,295,7/2/2025,0.800,On,1101.4,121.25,0.00,9.875,11.58,5.959,180.02,15.00,14.99,0,7,145.07,7/2/2025,Good,0.00,0.00,0.00,0.00,0.00,0.00,0.00,3.998,0.0010,1.999,0.00050,14.52,0.468,0.00,0.00,23.99,0.0060,0.00,0.00,0.00,0.00,0.00,0.00,0.00,0.00,0.032
-93.75861522,42.01938607,30,TaskName 7/2/2025 (GreenStar 4 Monitor),Enlist 1 & Ag Saver,296,7/2/2025,0.800,On,1101.3,120.00,0.625,9.863,11.57,5.939,179.79,15.00,15.01,0,7,143.41,7/2/2025,Good,0.00,0.00,0.00,0.00,0.00,0.00,0.00,4.003,0.00100,2.002,0.00050,14.54,0.463,0.00,0.00,24.02,0.0060,0.00,0.00,0.00,0.00,0.00,0.00,0.00,0.00,0.032
-93.75861478,42.01934651,30,TaskName 7/2/2025 (GreenStar 4 Monitor),Enlist 1 & Ag Saver,297,7/2/2025,0.995,On,1101.3,121.25,0.00,9.818,14.32,6.559,179.74,15.00,15.00,0,7,144.19,7/2/2025,Good,0.00,0.00,0.00,0.00,0.00,0.00,0.00,4.000,0.0012,2.000,0.00062,14.53,0.579,0.00,0.00,24.00,0.0075,0.00,0.00,0.00,0.00,0.00,0.00,0.00,0.00,0.040
-93.75861427,42.01931492,30,TaskName 7/2/2025 (GreenStar 4 Monitor),Enlist 1 & Ag Saver,298,7/2/2025,0.805,On,1101.3,121.25,0.00,9.848,11.62,7.179,180.24,15.00,14.99,0,7,144.65,7/2/2025,Good,0.00,0.00,0.00,0.00,0.00,0.00,0.00,3.998,0.0010,1.999,0.00051,14.52,0.470,0.00,0.00,23.99,0.0061,0.00,0.00,0.00,0.00,0.00,0.00,0.00,0.00,0.032
-93.75861412,42.01927536,30,TaskName 7/2/2025 (GreenStar 4 Monitor),Enlist 1 & Ag Saver,299,7/2/2025,0.995,On,1101.4,120.00,0.625,9.808,14.30,6.744,180.40,15.00,14.99,0,7,142.57,7/2/2025,Good,0.00,0.00,0.00,0.00,0.00,0.00,0.00,3.997,0.0012,1.998,0.00062,14.52,0.572,0.00,0.00,23.98,0.0074,0.00,0.00,0.00,0.00,0.00,0.00,0.00,0.00,0.039
-93.75861495,42.01923607,30,TaskName 7/2/2025 (GreenStar 4 Monitor),Enlist 1 & Ag Saver,300,7/2/2025,1.000,On,1101.6,120.00,0.625,9.813,14.39,7.283,179.31,15.00,15.01,0,7,142.68,7/2/2025,Good,0.00,0.00,0.00,0.00,0.00,0.00,0.00,4.001,0.0012,2.001,0.00062,14.54,0.576,0.00,0.00,24.01,0.0074,0.00,0.00,0.00,0.00,0.00,0.00,0.00,0.00,0.040
-93.75861407,42.01919675,30,TaskName 7/2/2025 (GreenStar 4 Monitor),Enlist 1 & Ag Saver,301,7/2/2025,1.005,On,1101.8,120.00,0.625,9.779,14.40,7.322,179.72,15.00,15.00,0,7,142.13,7/2/2025,Good,0.00,0.00,0.00,0.00,0.00,0.00,0.00,3.999,0.0012,2.000,0.00062,14.53,0.576,0.00,0.00,24.00,0.0074,0.00,0.00,0.00,0.00,0.00,0.00,0.00,0.00,0.040
-93.75861335,42.01915736,30,TaskName 7/2/2025 (GreenStar 4 Monitor),Enlist 1 & Ag Saver,302,7/2/2025,0.995,On,1101.9,120.00,0.625,9.793,14.28,7.455,180.35,15.00,14.99,0,7,142.38,7/2/2025,Good,0.00,0.00,0.00,0.00,0.00,0.00,0.00,3.996,0.0012,1.998,0.00061,14.52,0.571,0.00,0.00,23.98,0.0074,0.00,0.00,0.00,0.00,0.00,0.00,0.00,0.00,0.039
-93.75861372,42.01911765,30,TaskName 7/2/2025 (GreenStar 4 Monitor),Enlist 1 & Ag Saver,303,7/2/2025,1.005,On,1101.9,120.00,0.625,9.816,14.46,6.877,179.72,15.00,14.98,0,7,142.68,7/2/2025,Good,0.00,0.00,0.00,0.00,0.00,0.00,0.00,3.995,0.0012,1.997,0.00062,14.51,0.578,0.00,0.00,23.97,0.0075,0.00,0.00,0.00,0.00,0.00,0.00,0.00,0.00,0.040
-93.75861342,42.01907809,30,TaskName 7/2/2025 (GreenStar 4 Monitor),Enlist 1 & Ag Saver,304,7/2/2025,0.995,On,1101.9,120.00,0.625,9.876,14.41,6.077,179.34,15.00,14.98,0,7,143.59,7/2/2025,Good,0.00,0.00,0.00,0.00,0.00,0.00,0.00,3.996,0.0012,1.998,0.00062,14.51,0.576,0.00,0.00,23.97,0.0074,0.00,0.00,0.00,0.00,0.00,0.00,0.00,0.00,0.040
-93.75861266,42.01903944,30,TaskName 7/2/2025 (GreenStar 4 Monitor),Enlist 1 & Ag Saver,305,7/2/2025,1.005,On,1101.8,120.00,0.625,9.710,14.30,5.621,179.60,15.00,15.02,0,7,141.12,7/2/2025,Good,0.00,0.00,0.00,0.00,0.00,0.00,0.00,4.006,0.0012,2.003,0.00062,14.55,0.573,0.00,0.00,24.03,0.0074,0.00,0.00,0.00,0.00,0.00,0.00,0.00,0.00,0.039
-93.75861205,42.01900286,30,TaskName 7/2/2025 (GreenStar 4 Monitor),Enlist 1 & Ag Saver,306,7/2/2025,0.995,On,1101.7,120.00,0.625,9.423,13.74,4.416,179.71,15.00,14.99,0,7,136.98,7/2/2025,Good,0.00,0.00,0.00,0.00,0.00,0.00,0.00,3.997,0.0012,1.999,0.00059,14.52,0.550,0.00,0.00,23.98,0.0071,0.00,0.00,0.00,0.00,0.00,0.00,0.00,0.00,0.038
-93.75861168,42.01897042,30,TaskName 7/2/2025 (GreenStar 4 Monitor),Enlist 1 & Ag Saver,307,7/2/2025,1.005,On,1101.5,120.00,0.625,8.686,12.78,3.261,179.66,15.00,15.05,0,7,126.13,7/2/2025,Good,0.00,0.00,0.00,0.00,0.00,0.00,0.00,4.013,0.0011,2.006,0.00055,14.58,0.513,0.00,0.00,24.08,0.0066,0.00,0.00,0.00,0.00,0.00,0.00,0.00,0.00,0.035
-93.75861137,42.01894268,30,TaskName 7/2/2025 (GreenStar 4 Monitor),Enlist 1 & Ag Saver,308,7/2/2025,1.000,On,1101.4,120.00,0.625,7.572,11.08,3.133,179.63,15.00,15.09,0,7,109.85,7/2/2025,Good,0.00,0.00,0.00,0.00,0.00,0.00,0.00,4.025,0.00096,2.012,0.00048,14.62,0.446,0.00,0.00,24.15,0.0058,0.00,0.00,0.00,0.00,0.00,0.00,0.00,0.00,0.031
-93.75861146,42.01893750,30,TaskName 7/2/2025 (GreenStar 4 Monitor),Enlist 1 & Ag Saver,309,7/2/2025,0.195,On,1101.4,120.00,0.625,6.885,1.969,3.236,179.58,15.00,15.08,0,7,100.11,7/2/2025,Good,0.00,0.00,0.00,0.00,0.00,0.00,0.00,4.023,0.00017,2.011,8.521e-05,14.61,0.079,0.00,0.00,24.14,0.0010,0.00,0.00,0.00,0.00,0.00,0.00,0.00,0.00,0.0054
-93.75904990,42.01892358,30,TaskName 7/2/2025 (GreenStar 4 Monitor),Enlist 1 & Ag Saver,310,7/2/2025,0.995,On,1101.4,121.25,0.00,5.777,8.425,6.081,358.32,15.00,15.17,0,8,84.85,7/2/2025,Good,0.00,0.00,0.00,0.00,0.00,0.00,0.00,4.045,0.00074,2.022,0.00037,14.69,0.345,0.00,0.00,24.27,0.0044,0.00,0.00,0.00,0.00,0.00,0.00,0.00,0.00,0.023
-93.75905111,42.01895030,30,TaskName 7/2/2025 (GreenStar 4 Monitor),Enlist 1 & Ag Saver,311,7/2/2025,1.005,On,1101.6,120.00,-0.625,6.187,9.106,8.799,358.61,15.00,15.28,0,8,89.85,7/2/2025,Good,0.00,0.00,0.00,0.00,0.00,0.00,0.00,4.074,0.00080,2.037,0.00040,14.80,0.371,0.00,0.00,24.44,0.0048,0.00,0.00,0.00,0.00,0.00,0.00,0.00,0.00,0.025
-93.75905204,42.01898081,30,TaskName 7/2/2025 (GreenStar 4 Monitor),Enlist 1 & Ag Saver,312,7/2/2025,0.995,On,1101.8,118.75,3.560e-07,7.107,10.35,6.700,358.84,15.00,15.09,0,8,102.10,7/2/2025,Good,0.00,0.00,0.00,0.00,0.00,0.00,0.00,4.025,0.00089,2.012,0.00044,14.62,0.413,0.00,0.00,24.15,0.0053,0.00,0.00,0.00,0.00,0.00,0.00,0.00,0.00,0.028
-93.75905257,42.01901189,30,TaskName 7/2/2025 (GreenStar 4 Monitor),Enlist 1 & Ag Saver,313,7/2/2025,1.005,On,1102.0,118.75,3.560e-07,7.628,11.23,6.348,358.53,15.00,15.03,0,8,109.70,7/2/2025,Good,0.00,0.00,0.00,0.00,0.00,0.00,0.00,4.008,0.00096,2.004,0.00048,14.56,0.446,0.00,0.00,24.05,0.0058,0.00,0.00,0.00,0.00,0.00,0.00,0.00,0.00,0.031
-93.75905340,42.01904406,30,TaskName 7/2/2025 (GreenStar 4 Monitor),Enlist 1 & Ag Saver,314,7/2/2025,1.000,On,1102.2,118.75,3.560e-07,7.787,11.41,7.302,358.78,15.00,15.05,0,8,111.99,7/2/2025,Good,0.00,0.00,0.00,0.00,0.00,0.00,0.00,4.013,0.00098,2.007,0.00049,14.58,0.453,0.00,0.00,24.08,0.0059,0.00,0.00,0.00,0.00,0.00,0.00,0.00,0.00,0.031
-93.75905451,42.01907755,30,TaskName 7/2/2025 (GreenStar 4 Monitor),Enlist 1 & Ag Saver,315,7/2/2025,1.000,On,1102.4,118.75,3.560e-07,8.182,11.99,6.097,359.60,15.00,15.01,0,8,117.72,7/2/2025,Good,0.00,0.00,0.00,0.00,0.00,0.00,0.00,4.001,0.0010,2.001,0.00051,14.54,0.475,0.00,0.00,24.01,0.0061,0.00,0.00,0.00,0.00,0.00,0.00,0.00,0.00,0.033
-93.75905473,42.01909106,30,TaskName 7/2/2025 (GreenStar 4 Monitor),Enlist 1 & Ag Saver,316,7/2/2025,0.400,On,1102.5,118.75,3.560e-07,8.319,4.880,7.355,359.70,15.00,14.99,0,8,119.73,7/2/2025,Good,0.00,0.00,0.00,0.00,0.00,0.00,0.00,3.997,0.00042,1.998,0.00021,14.52,0.193,0.00,0.00,23.98,0.0025,0.00,0.00,0.00,0.00,0.00,0.00,0.00,0.00,0.013
-93.75905459,42.01911938,30,TaskName 7/2/2025 (GreenStar 4 Monitor),Enlist 1 & Ag Saver,317,7/2/2025,0.800,On,1102.7,117.50,0.625,8.469,9.937,8.417,359.47,15.00,14.98,0,8,120.62,7/2/2025,Good,0.00,0.00,0.00,0.00,0.00,0.00,0.00,3.994,0.00084,1.997,0.00042,14.51,0.389,0.00,0.00,23.96,0.0050,0.00,0.00,0.00,0.00,0.00,0.00,0.00,0.00,0.027
-93.75905488,42.01915650,30,TaskName 7/2/2025 (GreenStar 4 Monitor),Enlist 1 & Ag Saver,318,7/2/2025,1.000,On,1102.9,118.75,3.560e-07,8.980,13.16,7.267,359.60,15.00,14.94,0,8,129.18,7/2/2025,Good,0.00,0.00,0.00,0.00,0.00,0.00,0.00,3.984,0.0011,1.992,0.00056,14.47,0.519,0.00,0.00,23.90,0.0067,0.00,0.00,0.00,0.00,0.00,0.00,0.00,0.00,0.036
-93.75905541,42.01919362,30,TaskName 7/2/2025 (GreenStar 4 Monitor),Enlist 1 & Ag Saver,319,7/2/2025,1.000,On,1103.0,118.75,3.560e-07,9.235,13.54,6.544,359.95,15.00,14.91,0,8,132.91,7/2/2025,Good,0.00,0.00,0.00,0.00,0.00,0.00,0.00,3.975,0.0011,1.988,0.00057,14.44,0.533,0.00,0.00,23.85,0.0069,0.00,0.00,0.00,0.00,0.00,0.00,0.00,0.00,0.037
-93.75905526,42.01923138,30,TaskName 7/2/2025 (GreenStar 4 Monitor),Enlist 1 & Ag Saver,320,7/2/2025,0.995,On,1103.0,118.75,3.560e-07,9.254,13.50,7.149,359.74,15.00,14.96,0,8,133.16,7/2/2025,Good,0.00,0.00,0.00,0.00,0.00,0.00,0.00,3.988,0.0011,1.994,0.00057,14.49,0.533,0.00,0.00,23.93,0.0069,0.00,0.00,0.00,0.00,0.00,0.00,0.00,0.00,0.037
-93.75905526,42.01924685,30,TaskName 7/2/2025 (GreenStar 4 Monitor),Enlist 1 & Ag Saver,321,7/2/2025,0.400,On,1103.0,118.75,3.560e-07,9.428,5.530,6.855,359.65,15.00,14.96,0,8,135.67,7/2/2025,Good,0.00,0.00,0.00,0.00,0.00,0.00,0.00,3.990,0.00047,1.995,0.00023,14.49,0.218,0.00,0.00,23.94,0.0028,0.00,0.00,0.00,0.00,0.00,0.00,0.00,0.00,0.015
-93.75905558,42.01928632,30,TaskName 7/2/2025 (GreenStar 4 Monitor),Enlist 1 & Ag Saver,322,7/2/2025,1.005,On,1102.9,117.50,0.625,9.660,14.23,6.309,359.98,15.00,14.92,0,8,137.52,7/2/2025,Good,0.00,0.00,0.00,0.00,0.00,0.00,0.00,3.979,0.0012,1.990,0.00060,14.45,0.555,0.00,0.00,23.87,0.0072,0.00,0.00,0.00,0.00,0.00,0.00,0.00,0.00,0.038
-93.75905559,42.01932572,30,TaskName 7/2/2025 (GreenStar 4 Monitor),Enlist 1 & Ag Saver,323,7/2/2025,0.995,On,1102.9,117.50,0.625,9.808,14.31,5.638,359.88,15.00,14.91,0,8,139.67,7/2/2025,Good,0.00,0.00,0.00,0.00,0.00,0.00,0.00,3.975,0.0012,1.988,0.00060,14.44,0.557,0.00,0.00,23.85,0.0072,0.00,0.00,0.00,0.00,0.00,0.00,0.00,0.00,0.039
-93.75905565,42.01933367,30,TaskName 7/2/2025 (GreenStar 4 Monitor),Enlist 1 & Ag Saver,324,7/2/2025,0.200,On,1102.9,117.50,0.625,9.782,2.868,5.349,359.95,15.00,14.96,0,8,139.26,7/2/2025,Good,0.00,0.00,0.00,0.00,0.00,0.00,0.00,3.988,0.00024,1.994,0.00012,14.49,0.112,0.00,0.00,23.93,0.0014,0.00,0.00,0.00,0.00,0.00,0.00,0.00,0.00,0.0077
-93.75905574,42.01934161,30,TaskName 7/2/2025 (GreenStar 4 Monitor),Enlist 1 & Ag Saver,325,7/2/2025,0.200,On,1102.8,118.75,3.560e-07,9.800,2.875,5.349,0.118,15.00,14.98,0,8,141.06,7/2/2025,Good,0.00,0.00,0.00,0.00,0.00,0.00,0.00,3.994,0.00024,1.997,0.00012,14.51,0.114,0.00,0.00,23.96,0.0015,0.00,0.00,0.00,0.00,0.00,0.00,0.00,0.00,0.0078
-93.75905541,42.01936515,30,TaskName 7/2/2025 (GreenStar 4 Monitor),Enlist 1 & Ag Saver,326,7/2/2025,0.605,On,1102.8,117.50,0.625,9.792,8.686,5.605,359.77,15.00,14.99,0,8,139.42,7/2/2025,Good,0.00,0.00,0.00,0.00,0.00,0.00,0.00,3.997,0.00073,1.998,0.00037,14.52,0.340,0.00,0.00,23.98,0.0044,0.00,0.00,0.00,0.00,0.00,0.00,0.00,0.00,0.023
-93.75905551,42.01938089,30,TaskName 7/2/2025 (GreenStar 4 Monitor),Enlist 1 & Ag Saver,327,7/2/2025,0.395,On,1102.8,118.75,3.560e-07,9.759,5.654,5.025,359.98,15.00,15.00,0,8,140.48,7/2/2025,Good,0.00,0.00,0.00,0.00,0.00,0.00,0.00,4.001,0.00048,2.001,0.00024,14.53,0.224,0.00,0.00,24.01,0.0029,0.00,0.00,0.00,0.00,0.00,0.00,0.00,0.00,0.015
-93.75905569,42.01942010,30,TaskName 7/2/2025 (GreenStar 4 Monitor),Enlist 1 & Ag Saver,328,7/2/2025,1.005,On,1102.7,117.50,0.625,9.757,14.38,5.507,0.415,15.00,14.97,0,8,138.91,7/2/2025,Good,0.00,0.00,0.00,0.00,0.00,0.00,0.00,3.992,0.0012,1.996,0.00060,14.50,0.562,0.00,0.00,23.95,0.0073,0.00,0.00,0.00,0.00,0.00,0.00,0.00,0.00,0.039
-93.75905581,42.01942798,30,TaskName 7/2/2025 (GreenStar 4 Monitor),Enlist 1 & Ag Saver,329,7/2/2025,0.195,On,1102.7,117.50,0.625,9.744,2.786,5.733,0.502,15.00,14.92,0,8,138.74,7/2/2025,Good,0.00,0.00,0.00,0.00,0.00,0.00,0.00,3.980,0.00023,1.990,0.00012,14.46,0.109,0.00,0.00,23.88,0.0014,0.00,0.00,0.00,0.00,0.00,0.00,0.00,0.00,0.0075
-93.75905511,42.01946714,30,TaskName 7/2/2025 (GreenStar 4 Monitor),Enlist 1 & Ag Saver,330,7/2/2025,1.005,On,1102.6,118.75,3.560e-07,9.752,14.37,5.999,359.98,15.00,14.98,0,8,140.36,7/2/2025,Good,0.00,0.00,0.00,0.00,0.00,0.00,0.00,3.995,0.0012,1.998,0.00061,14.51,0.569,0.00,0.00,23.97,0.0073,0.00,0.00,0.00,0.00,0.00,0.00,0.00,0.00,0.039
-93.75905535,42.01950678,30,TaskName 7/2/2025 (GreenStar 4 Monitor),Enlist 1 & Ag Saver,331,7/2/2025,0.995,On,1102.5,118.75,3.560e-07,9.787,14.28,5.362,0.063,15.00,14.99,0,8,140.86,7/2/2025,Good,0.00,0.00,0.00,0.00,0.00,0.00,0.00,3.998,0.0012,1.999,0.00061,14.52,0.565,0.00,0.00,23.99,0.0073,0.00,0.00,0.00,0.00,0.00,0.00,0.00,0.00,0.039
-93.75905573,42.01954617,30,TaskName 7/2/2025 (GreenStar 4 Monitor),Enlist 1 & Ag Saver,332,7/2/2025,1.005,On,1102.4,118.75,3.560e-07,9.850,14.51,5.411,0.431,15.00,14.97,0,8,141.74,7/2/2025,Good,0.00,0.00,0.00,0.00,0.00,0.00,0.00,3.992,0.0012,1.996,0.00062,14.50,0.574,0.00,0.00,23.95,0.0074,0.00,0.00,0.00,0.00,0.00,0.00,0.00,0.00,0.040
-93.75905536,42.01958528,30,TaskName 7/2/2025 (GreenStar 4 Monitor),Enlist 1 & Ag Saver,333,7/2/2025,1.000,On,1102.5,118.75,3.560e-07,9.751,14.29,5.845,0.251,15.00,15.01,0,8,140.29,7/2/2025,Good,0.00,0.00,0.00,0.00,0.00,0.00,0.00,4.003,0.0012,2.001,0.00061,14.54,0.567,0.00,0.00,24.02,0.0073,0.00,0.00,0.00,0.00,0.00,0.00,0.00,0.00,0.039
-93.75905528,42.01962415,30,TaskName 7/2/2025 (GreenStar 4 Monitor),Enlist 1 & Ag Saver,334,7/2/2025,1.000,On,1102.5,118.75,3.560e-07,9.674,14.18,6.370,359.97,15.00,15.03,0,8,139.19,7/2/2025,Good,0.00,0.00,0.00,0.00,0.00,0.00,0.00,4.008,0.0012,2.004,0.00061,14.56,0.563,0.00,0.00,24.05,0.0073,0.00,0.00,0.00,0.00,0.00,0.00,0.00,0.00,0.039
-93.75905557,42.01966308,30,TaskName 7/2/2025 (GreenStar 4 Monitor),Enlist 1 & Ag Saver,335,7/2/2025,0.990,On,1102.6,118.75,3.560e-07,9.693,14.07,5.997,0.298,15.00,15.03,0,8,139.46,7/2/2025,Good,0.00,0.00,0.00,0.00,0.00,0.00,0.00,4.009,0.0012,2.004,0.00060,14.56,0.558,0.00,0.00,24.05,0.0072,0.00,0.00,0.00,0.00,0.00,0.00,0.00,0.00,0.038
-93.75905517,42.01970188,30,TaskName 7/2/2025 (GreenStar 4 Monitor),Enlist 1 & Ag Saver,336,7/2/2025,1.005,On,1102.5,118.75,3.560e-07,9.644,14.21,6.302,0.180,15.00,15.03,0,8,138.79,7/2/2025,Good,0.00,0.00,0.00,0.00,0.00,0.00,0.00,4.007,0.0012,2.003,0.00061,14.55,0.564,0.00,0.00,24.04,0.0073,0.00,0.00,0.00,0.00,0.00,0.00,0.00,0.00,0.039
-93.75905493,42.01974131,30,TaskName 7/2/2025 (GreenStar 4 Monitor),Enlist 1 & Ag Saver,337,7/2/2025,1.005,On,1102.2,118.75,3.560e-07,9.706,14.30,5.457,359.80,15.00,14.97,0,8,139.65,7/2/2025,Good,0.00,0.00,0.00,0.00,0.00,0.00,0.00,3.993,0.0012,1.996,0.00061,14.50,0.565,0.00,0.00,23.96,0.0073,0.00,0.00,0.00,0.00,0.00,0.00,0.00,0.00,0.039
-93.75905486,42.01977314,30,TaskName 7/2/2025 (GreenStar 4 Monitor),Enlist 1 & Ag Saver,338,7/2/2025,0.795,On,1101.8,118.75,3.560e-07,9.856,11.49,4.368,359.67,15.00,14.97,0,8,141.87,7/2/2025,Good,0.00,0.00,0.00,0.00,0.00,0.00,0.00,3.991,0.00098,1.996,0.00049,14.50,0.454,0.00,0.00,23.95,0.0059,0.00,0.00,0.00,0.00,0.00,0.00,0.00,0.00,0.031
-93.75905517,42.01981229,30,TaskName 7/2/2025 (GreenStar 4 Monitor),Enlist 1 & Ag Saver,339,7/2/2025,1.000,On,1101.7,117.50,0.625,9.828,14.41,4.823,359.79,15.00,14.97,0,8,139.96,7/2/2025,Good,0.00,0.00,0.00,0.00,0.00,0.00,0.00,3.993,0.0012,1.996,0.00061,14.50,0.564,0.00,0.00,23.96,0.0073,0.00,0.00,0.00,0.00,0.00,0.00,0.00,0.00,0.039
-93.75905512,42.01983534,30,TaskName 7/2/2025 (GreenStar 4 Monitor),Enlist 1 & Ag Saver,340,7/2/2025,0.605,On,1101.5,117.50,0.625,9.659,8.565,6.414,359.58,15.00,15.01,0,8,137.47,7/2/2025,Good,0.00,0.00,0.00,0.00,0.00,0.00,0.00,4.004,0.00072,2.002,0.00036,14.54,0.336,0.00,0.00,24.02,0.0043,0.00,0.00,0.00,0.00,0.00,0.00,0.00,0.00,0.023
-93.75905499,42.01987435,30,TaskName 7/2/2025 (GreenStar 4 Monitor),Enlist 1 & Ag Saver,341,7/2/2025,0.995,On,1101.0,118.75,3.560e-07,9.596,14.00,6.214,359.40,15.00,15.01,0,8,138.05,7/2/2025,Good,0.00,0.00,0.00,0.00,0.00,0.00,0.00,4.004,0.0012,2.002,0.00060,14.54,0.555,0.00,0.00,24.02,0.0072,0.00,0.00,0.00,0.00,0.00,0.00,0.00,0.00,0.038
-93.75905530,42.01991436,30,TaskName 7/2/2025 (GreenStar 4 Monitor),Enlist 1 & Ag Saver,342,7/2/2025,1.000,On,1100.4,118.75,3.560e-07,9.843,14.44,4.403,359.82,15.00,14.98,0,8,141.67,7/2/2025,Good,0.00,0.00,0.00,0.00,0.00,0.00,0.00,3.994,0.0012,1.997,0.00061,14.51,0.571,0.00,0.00,23.96,0.0074,0.00,0.00,0.00,0.00,0.00,0.00,0.00,0.00,0.039
-93.75905542,42.01995394,30,TaskName 7/2/2025 (GreenStar 4 Monitor),Enlist 1 & Ag Saver,343,7/2/2025,1.000,On,1099.9,118.75,3.560e-07,9.899,14.51,4.366,359.95,15.00,14.97,0,8,142.41,7/2/2025,Good,0.00,0.00,0.00,0.00,0.00,0.00,0.00,3.992,0.0012,1.996,0.00062,14.50,0.574,0.00,0.00,23.95,0.0074,0.00,0.00,0.00,0.00,0.00,0.00,0.00,0.00,0.040
-93.75905515,42.01999336,30,TaskName 7/2/2025 (GreenStar 4 Monitor),Enlist 1 & Ag Saver,344,7/2/2025,1.000,On,1099.4,118.75,3.560e-07,9.804,14.37,4.901,359.60,15.00,14.98,0,8,141.06,7/2/2025,Good,0.00,0.00,0.00,0.00,0.00,0.00,0.00,3.995,0.0012,1.997,0.00061,14.51,0.569,0.00,0.00,23.97,0.0073,0.00,0.00,0.00,0.00,0.00,0.00,0.00,0.00,0.039
-93.75905528,42.02000915,30,TaskName 7/2/2025 (GreenStar 4 Monitor),Enlist 1 & Ag Saver,345,7/2/2025,0.400,On,1099.2,118.75,3.560e-07,9.806,5.753,4.484,359.73,15.00,15.02,0,8,141.14,7/2/2025,Good,0.00,0.00,0.00,0.00,0.00,0.00,0.00,4.005,0.00049,2.003,0.00025,14.55,0.228,0.00,0.00,24.03,0.0029,0.00,0.00,0.00,0.00,0.00,0.00,0.00,0.00,0.016
-93.75905526,42.02001703,30,TaskName 7/2/2025 (GreenStar 4 Monitor),Enlist 1 & Ag Saver,346,7/2/2025,0.200,On,1099.1,115.00,1.875,9.825,2.881,4.550,359.60,15.00,15.03,0,8,136.92,7/2/2025,Good,0.00,0.00,0.00,0.00,0.00,0.00,0.00,4.008,0.00024,2.004,0.00012,14.56,0.111,0.00,0.00,24.05,0.0014,0.00,0.00,0.00,0.00,0.00,0.00,0.00,0.00,0.0076
-93.75905511,42.02002492,30,TaskName 7/2/2025 (GreenStar 4 Monitor),Enlist 1 & Ag Saver,347,7/2/2025,0.200,On,1098.9,112.50,3.125,9.822,2.881,4.537,359.58,15.00,15.12,0,8,133.94,7/2/2025,Good,0.00,0.00,0.00,0.00,0.00,0.00,0.00,4.031,0.00023,2.016,0.00012,14.64,0.109,0.00,0.00,24.19,0.0014,0.00,0.00,0.00,0.00,0.00,0.00,0.00,0.00,0.0074
-93.75905521,42.02003282,30,TaskName 7/2/2025 (GreenStar 4 Monitor),Enlist 1 & Ag Saver,348,7/2/2025,0.200,On,1098.8,108.75,5.000,9.818,2.878,4.425,359.67,15.00,15.11,0,8,129.33,7/2/2025,Good,0.00,0.00,0.00,0.00,0.00,0.00,0.00,4.028,0.00023,2.014,0.00011,14.63,0.105,0.00,0.00,24.17,0.0014,0.00,0.00,0.00,0.00,0.00,0.00,0.00,0.00,0.0072
-93.75905523,42.02004075,30,TaskName 7/2/2025 (GreenStar 4 Monitor),Enlist 1 & Ag Saver,349,7/2/2025,0.200,On,1098.6,106.25,6.250,9.818,2.878,4.266,359.87,15.00,15.06,0,8,126.36,7/2/2025,Good,0.00,0.00,0.00,0.00,0.00,0.00,0.00,4.017,0.00022,2.008,0.00011,14.59,0.102,0.00,0.00,24.10,0.0013,0.00,0.00,0.00,0.00,0.00,0.00,0.00,0.00,0.0070
-93.75905550,42.02004864,30,TaskName 7/2/2025 (GreenStar 4 Monitor),Enlist 1 & Ag Saver,350,7/2/2025,0.200,On,1098.5,102.50,8.125,9.829,2.881,4.498,0.031,15.00,15.07,0,8,122.04,7/2/2025,Good,0.00,0.00,0.00,0.00,0.00,0.00,0.00,4.020,0.00021,2.010,0.00011,14.60,0.099,0.00,0.00,24.12,0.0013,0.00,0.00,0.00,0.00,0.00,0.00,0.00,0.00,0.0068
-93.75905566,42.02005661,30,TaskName 7/2/2025 (GreenStar 4 Monitor),Enlist 1 & Ag Saver,351,7/2/2025,0.200,On,1098.3,98.75,10.000,9.840,2.885,4.161,0.047,15.00,15.10,0,8,117.70,7/2/2025,Good,0.00,0.00,0.00,0.00,0.00,0.00,0.00,4.025,0.00021,2.013,0.00010,14.62,0.096,0.00,0.00,24.15,0.0012,0.00,0.00,0.00,0.00,0.00,0.00,0.00,0.00,0.0065
-93.75905556,42.02006461,30,TaskName 7/2/2025 (GreenStar 4 Monitor),Enlist 1 & Ag Saver,352,7/2/2025,0.200,On,1098.1,97.50,10.35,9.860,2.891,3.844,360.00,15.00,15.06,0,8,116.48,7/2/2025,Good,0.00,0.00,0.00,0.00,0.00,0.00,0.00,4.017,0.00020,2.008,0.00010,14.59,0.094,0.00,0.00,24.10,0.0012,0.00,0.00,0.00,0.00,0.00,0.00,0.00,0.00,0.0065
-93.75905544,42.02007261,30,TaskName 7/2/2025 (GreenStar 4 Monitor),Enlist 1 & Ag Saver,353,7/2/2025,0.200,On,1098.0,95.00,11.56,9.892,2.901,3.877,359.96,15.00,15.15,0,8,113.88,7/2/2025,Good,0.00,0.00,0.00,0.00,0.00,0.00,0.00,4.040,0.00020,2.020,9.983e-05,14.67,0.093,0.00,0.00,24.24,0.0012,0.00,0.00,0.00,0.00,0.00,0.00,0.00,0.00,0.0063
-93.75905548,42.02008059,30,TaskName 7/2/2025 (GreenStar 4 Monitor),Enlist 1 & Ag Saver,354,7/2/2025,0.200,On,1097.8,91.25,13.37,9.916,2.908,3.335,359.96,15.00,15.06,0,8,109.66,7/2/2025,Good,0.00,0.00,0.00,0.00,0.00,0.00,0.00,4.017,0.00019,2.008,9.559e-05,14.59,0.089,0.00,0.00,24.10,0.0011,0.00,0.00,0.00,0.00,0.00,0.00,0.00,0.00,0.0061
-93.75905539,42.02008860,30,TaskName 7/2/2025 (GreenStar 4 Monitor),Enlist 1 & Ag Saver,355,7/2/2025,0.200,On,1097.6,86.25,16.25,9.932,2.915,3.064,359.90,15.00,15.17,0,8,103.88,7/2/2025,Good,0.00,0.00,0.00,0.00,0.00,0.00,0.00,4.045,0.00018,2.023,9.120e-05,14.69,0.085,0.00,0.00,24.27,0.0011,0.00,0.00,0.00,0.00,0.00,0.00,0.00,0.00,0.0058
-93.75905539,42.02009653,30,TaskName 7/2/2025 (GreenStar 4 Monitor),Enlist 1 & Ag Saver,356,7/2/2025,0.200,On,1097.4,83.75,17.50,9.936,2.915,2.992,359.85,15.00,15.12,0,8,100.87,7/2/2025,Good,0.00,0.00,0.00,0.00,0.00,0.00,0.00,4.031,0.00018,2.016,8.824e-05,14.64,0.082,0.00,0.00,24.19,0.0011,0.00,0.00,0.00,0.00,0.00,0.00,0.00,0.00,0.0056
-93.75905535,42.02010449,30,TaskName 7/2/2025 (GreenStar 4 Monitor),Enlist 1 & Ag Saver,357,7/2/2025,0.200,On,1097.3,80.00,19.37,9.923,2.911,3.097,359.78,15.00,15.12,0,8,96.24,7/2/2025,Good,0.00,0.00,0.00,0.00,0.00,0.00,0.00,4.031,0.00017,2.016,8.420e-05,14.64,0.078,0.00,0.00,24.19,0.0010,0.00,0.00,0.00,0.00,0.00,0.00,0.00,0.00,0.0053
-93.75905526,42.02011239,30,TaskName 7/2/2025 (GreenStar 4 Monitor),Enlist 1 & Ag Saver,358,7/2/2025,0.200,On,1097.2,77.50,20.62,9.910,2.908,2.741,359.72,15.00,15.19,0,8,93.13,7/2/2025,Good,0.00,0.00,0.00,0.00,0.00,0.00,0.00,4.051,0.00016,2.026,8.188e-05,14.72,0.076,0.00,0.00,24.31,0.00098,0.00,0.00,0.00,0.00,0.00,0.00,0.00,0.00,0.0052
-93.75905522,42.02012028,30,TaskName 7/2/2025 (GreenStar 4 Monitor),Enlist 1 & Ag Saver,359,7/2/2025,0.200,On,1097.0,75.00,21.14,9.887,2.902,2.595,359.78,15.00,15.12,0,8,89.92,7/2/2025,Good,0.00,0.00,0.00,0.00,0.00,0.00,0.00,4.031,0.00016,2.016,7.867e-05,14.64,0.073,0.00,0.00,24.19,0.00094,0.00,0.00,0.00,0.00,0.00,0.00,0.00,0.00,0.0050
-93.75905531,42.02012810,30,TaskName 7/2/2025 (GreenStar 4 Monitor),Enlist 1 & Ag Saver,360,7/2/2025,0.200,On,1096.9,71.25,22.92,9.860,2.892,2.668,359.89,15.00,15.19,0,8,85.14,7/2/2025,Good,0.00,0.00,0.00,0.00,0.00,0.00,0.00,4.051,0.00015,2.026,7.485e-05,14.72,0.070,0.00,0.00,24.31,0.00090,0.00,0.00,0.00,0.00,0.00,0.00,0.00,0.00,0.0047
-93.75905551,42.02013572,30,TaskName 7/2/2025 (GreenStar 4 Monitor),Enlist 1 & Ag Saver,361,7/2/2025,0.200,On,1096.8,67.50,25.62,9.802,2.875,3.137,360.00,15.00,15.17,0,8,80.20,7/2/2025,Good,0.00,0.00,0.00,0.00,0.00,0.00,0.00,4.045,0.00014,2.023,7.041e-05,14.69,0.065,0.00,0.00,24.27,0.00084,0.00,0.00,0.00,0.00,0.00,0.00,0.00,0.00,0.0045
-93.75905541,42.02014322,30,TaskName 7/2/2025 (GreenStar 4 Monitor),Enlist 1 & Ag Saver,362,7/2/2025,0.200,On,1096.7,63.75,27.50,9.706,2.846,3.434,359.94,15.00,15.07,0,8,74.97,7/2/2025,Good,0.00,0.00,0.00,0.00,0.00,0.00,0.00,4.020,0.00013,2.010,6.540e-05,14.60,0.061,0.00,0.00,24.12,0.00078,0.00,0.00,0.00,0.00,0.00,0.00,0.00,0.00,0.0042
-93.75905544,42.02015064,30,TaskName 7/2/2025 (GreenStar 4 Monitor),Enlist 1 & Ag Saver,363,7/2/2025,0.200,On,1096.6,61.25,28.75,9.581,2.810,4.696,359.89,15.00,15.19,0,8,71.11,7/2/2025,Good,0.00,0.00,0.00,0.00,0.00,0.00,0.00,4.051,0.00013,2.026,6.252e-05,14.72,0.058,0.00,0.00,24.31,0.00075,0.00,0.00,0.00,0.00,0.00,0.00,0.00,0.00,0.0040
-93.75905533,42.02015811,30,TaskName 7/2/2025 (GreenStar 4 Monitor),Enlist 1 & Ag Saver,364,7/2/2025,0.200,On,1096.5,57.50,30.62,9.453,2.774,5.587,359.87,15.00,15.23,0,8,65.90,7/2/2025,Good,0.00,0.00,0.00,0.00,0.00,0.00,0.00,4.062,0.00012,2.031,5.810e-05,14.76,0.054,0.00,0.00,24.37,0.00070,0.00,0.00,0.00,0.00,0.00,0.00,0.00,0.00,0.0037
-93.75905541,42.02016557,30,TaskName 7/2/2025 (GreenStar 4 Monitor),Enlist 1 & Ag Saver,365,7/2/2025,0.200,On,1096.4,55.00,31.87,9.362,2.747,5.475,0.094,15.00,15.16,0,8,62.44,7/2/2025,Good,0.00,0.00,0.00,0.00,0.00,0.00,0.00,4.043,0.00011,2.021,5.478e-05,14.68,0.051,0.00,0.00,24.26,0.00066,0.00,0.00,0.00,0.00,0.00,0.00,0.00,0.00,0.0035
-93.75905562,42.02017297,30,TaskName 7/2/2025 (GreenStar 4 Monitor),Enlist 1 & Ag Saver,366,7/2/2025,0.200,On,1096.3,52.50,33.12,9.306,2.731,5.442,0.361,15.00,15.28,0,8,59.25,7/2/2025,Good,0.00,0.00,0.00,0.00,0.00,0.00,0.00,4.074,0.00010,2.037,5.238e-05,14.80,0.049,0.00,0.00,24.44,0.00063,0.00,0.00,0.00,0.00,0.00,0.00,0.00,0.00,0.0033
-93.75905556,42.02018048,30,TaskName 7/2/2025 (GreenStar 4 Monitor),Enlist 1 & Ag Saver,367,7/2/2025,0.200,On,1096.2,48.75,35.00,9.268,2.718,5.039,0.337,15.00,15.13,0,8,54.75,7/2/2025,Good,0.00,0.00,0.00,0.00,0.00,0.00,0.00,4.034,9.586e-05,2.017,4.793e-05,14.65,0.045,0.00,0.00,24.20,0.00058,0.00,0.00,0.00,0.00,0.00,0.00,0.00,0.00,0.0030
-93.75905553,42.02018789,30,TaskName 7/2/2025 (GreenStar 4 Monitor),Enlist 1 & Ag Saver,368,7/2/2025,0.200,On,1096.1,45.00,36.87,9.265,2.718,5.422,0.180,15.00,15.21,0,8,50.54,7/2/2025,Good,0.00,0.00,0.00,0.00,0.00,0.00,0.00,4.057,8.899e-05,2.028,4.449e-05,14.74,0.041,0.00,0.00,24.34,0.00053,0.00,0.00,0.00,0.00,0.00,0.00,0.00,0.00,0.0028
-93.75905541,42.02019536,30,TaskName 7/2/2025 (GreenStar 4 Monitor),Enlist 1 & Ag Saver,369,7/2/2025,0.200,On,1095.9,43.75,37.50,9.263,2.718,5.706,0.070,15.00,15.18,0,8,49.13,7/2/2025,Good,0.00,0.00,0.00,0.00,0.00,0.00,0.00,4.048,8.633e-05,2.024,4.317e-05,14.71,0.040,0.00,0.00,24.29,0.00052,0.00,0.00,0.00,0.00,0.00,0.00,0.00,0.00,0.0027
-93.75905548,42.02020286,30,TaskName 7/2/2025 (GreenStar 4 Monitor),Enlist 1 & Ag Saver,370,7/2/2025,0.195,On,1095.8,40.00,39.37,9.265,2.649,5.303,0.094,15.00,15.14,0,8,44.91,7/2/2025,Good,0.00,0.00,0.00,0.00,0.00,0.00,0.00,4.037,7.671e-05,2.018,3.836e-05,14.66,0.036,0.00,0.00,24.22,0.00046,0.00,0.00,0.00,0.00,0.00,0.00,0.00,0.00,0.0024
-93.75905547,42.02021048,30,TaskName 7/2/2025 (GreenStar 4 Monitor),Enlist 1 & Ag Saver,371,7/2/2025,0.200,On,1095.7,36.25,41.25,9.292,2.724,4.702,0.086,15.00,15.22,0,8,40.81,7/2/2025,Good,0.00,0.00,0.00,0.00,0.00,0.00,0.00,4.060,7.191e-05,2.030,3.595e-05,14.75,0.033,0.00,0.00,24.36,0.00043,0.00,0.00,0.00,0.00,0.00,0.00,0.00,0.00,0.0023
-93.75905549,42.02021813,30,TaskName 7/2/2025 (GreenStar 4 Monitor),Enlist 1 & Ag Saver,372,7/2/2025,0.205,On,1095.6,32.50,43.12,9.346,2.810,4.002,0.180,15.00,15.19,0,8,36.81,7/2/2025,Good,0.00,0.00,0.00,0.00,0.00,0.00,0.00,4.051,6.635e-05,2.026,3.317e-05,14.72,0.031,0.00,0.00,24.31,0.00040,0.00,0.00,0.00,0.00,0.00,0.00,0.00,0.00,0.0021
-93.75905550,42.02022579,30,TaskName 7/2/2025 (GreenStar 4 Monitor),Enlist 1 & Ag Saver,373,7/2/2025,0.201,On,1095.5,30.00,44.37,9.400,2.757,3.712,0.141,15.00,15.14,0,8,34.01,7/2/2025,Good,0.00,0.00,0.00,0.00,0.00,0.00,0.00,4.037,5.989e-05,2.018,2.994e-05,14.66,0.028,0.00,0.00,24.22,0.00036,0.00,0.00,0.00,0.00,0.00,0.00,0.00,0.00,0.0019
-93.75905524,42.02023336,30,TaskName 7/2/2025 (GreenStar 4 Monitor),Enlist 1 & Ag Saver,374,7/2/2025,0.200,On,1095.4,26.25,46.25,9.449,2.770,3.137,359.85,15.00,15.19,0,8,30.05,7/2/2025,Good,0.00,0.00,0.00,0.00,0.00,0.00,0.00,4.051,5.284e-05,2.026,2.642e-05,14.72,0.025,0.00,0.00,24.31,0.00032,0.00,0.00,0.00,0.00,0.00,0.00,0.00,0.00,0.0017
-93.75905503,42.02024087,30,TaskName 7/2/2025 (GreenStar 4 Monitor),Enlist 1 & Ag Saver,375,7/2/2025,0.199,On,1095.2,23.75,47.50,9.460,2.774,3.289,359.54,15.00,15.11,0,8,27.36,7/2/2025,Good,0.00,0.00,0.00,0.00,0.00,0.00,0.00,4.028,4.759e-05,2.014,2.380e-05,14.63,0.022,0.00,0.00,24.17,0.00029,0.00,0.00,0.00,0.00,0.00,0.00,0.00,0.00,0.0015
-93.75905496,42.02024833,30,TaskName 7/2/2025 (GreenStar 4 Monitor),Enlist 1 & Ag Saver,376,7/2/2025,0.200,On,1095.1,20.00,49.37,9.440,2.770,3.216,359.34,15.00,15.08,0,8,22.90,7/2/2025,Good,0.00,0.00,0.00,0.00,0.00,0.00,0.00,4.023,3.997e-05,2.011,1.999e-05,14.61,0.019,0.00,0.00,24.14,0.00024,0.00,0.00,0.00,0.00,0.00,0.00,0.00,0.00,0.0013
-93.75905542,42.02028549,30,TaskName 7/2/2025 (GreenStar 4 Monitor),Enlist 1 & Ag Saver,377,7/2/2025,0.995,On,1094.6,18.75,-31.00,9.309,13.58,4.137,359.21,15.00,15.07,0,8,21.15,7/2/2025,Good,0.00,0.00,0.00,0.00,0.00,0.00,0.00,4.017,0.00018,2.009,9.175e-05,14.59,0.085,0.00,0.00,24.10,0.0011,0.00,0.00,0.00,0.00,0.00,0.00,0.00,0.00,0.0058
-93.75905548,42.02029286,30,TaskName 7/2/2025 (GreenStar 4 Monitor),Enlist 1 & Ag Saver,378,7/2/2025,0.205,On,1094.5,17.50,-51.87,9.230,2.774,4.550,359.22,15.00,14.92,0,8,19.57,7/2/2025,Good,0.00,0.00,0.00,0.00,0.00,0.00,0.00,3.980,3.465e-05,1.990,1.732e-05,14.46,0.016,0.00,0.00,23.88,0.00021,0.00,0.00,0.00,0.00,0.00,0.00,0.00,0.00,0.0011
-93.75905572,42.02030028,30,TaskName 7/2/2025 (GreenStar 4 Monitor),Enlist 1 & Ag Saver,379,7/2/2025,0.200,On,1094.4,21.25,-50.00,9.221,2.705,4.669,359.36,15.00,15.01,0,8,23.75,7/2/2025,Good,0.00,0.00,0.00,0.00,0.00,0.00,0.00,4.003,4.126e-05,2.001,2.063e-05,14.54,0.019,0.00,0.00,24.02,0.00025,0.00,0.00,0.00,0.00,0.00,0.00,0.00,0.00,0.0013
-93.75905607,42.02030768,30,TaskName 7/2/2025 (GreenStar 4 Monitor),Enlist 1 & Ag Saver,380,7/2/2025,0.200,On,1094.3,23.75,-48.75,9.209,2.701,4.900,359.62,15.00,14.97,0,8,26.51,7/2/2025,Good,0.00,0.00,0.00,0.00,0.00,0.00,0.00,3.991,4.593e-05,1.996,2.296e-05,14.50,0.021,0.00,0.00,23.95,0.00028,0.00,0.00,0.00,0.00,0.00,0.00,0.00,0.00,0.0015
-93.75905627,42.02031517,30,TaskName 7/2/2025 (GreenStar 4 Monitor),Enlist 1 & Ag Saver,381,7/2/2025,0.200,On,1094.2,27.50,-46.87,9.207,2.701,5.204,359.69,15.00,14.98,0,8,30.70,7/2/2025,Good,0.00,0.00,0.00,0.00,0.00,0.00,0.00,3.994,5.322e-05,1.997,2.661e-05,14.51,0.025,0.00,0.00,23.96,0.00032,0.00,0.00,0.00,0.00,0.00,0.00,0.00,0.00,0.0017
-93.75905635,42.02032249,30,TaskName 7/2/2025 (GreenStar 4 Monitor),Enlist 1 & Ag Saver,382,7/2/2025,0.200,On,1094.0,30.00,-45.62,9.209,2.701,4.240,359.66,15.00,15.10,0,8,33.49,7/2/2025,Good,0.00,0.00,0.00,0.00,0.00,0.00,0.00,4.025,5.851e-05,2.013,2.925e-05,14.62,0.027,0.00,0.00,24.15,0.00035,0.00,0.00,0.00,0.00,0.00,0.00,0.00,0.00,0.0019
-93.75905628,42.02032994,30,TaskName 7/2/2025 (GreenStar 4 Monitor),Enlist 1 & Ag Saver,383,7/2/2025,0.200,On,1094.0,33.75,-43.75,9.187,2.695,3.408,359.59,15.00,14.95,0,8,37.58,7/2/2025,Good,0.00,0.00,0.00,0.00,0.00,0.00,0.00,3.985,6.501e-05,1.993,3.251e-05,14.48,0.030,0.00,0.00,23.91,0.00039,0.00,0.00,0.00,0.00,0.00,0.00,0.00,0.00,0.0021
-93.75905634,42.02033718,30,TaskName 7/2/2025 (GreenStar 4 Monitor),Enlist 1 & Ag Saver,384,7/2/2025,0.200,On,1093.9,36.25,-42.50,9.187,2.695,2.463,359.59,15.00,14.97,0,8,40.37,7/2/2025,Good,0.00,0.00,0.00,0.00,0.00,0.00,0.00,3.991,6.993e-05,1.996,3.496e-05,14.50,0.033,0.00,0.00,23.95,0.00042,0.00,0.00,0.00,0.00,0.00,0.00,0.00,0.00,0.0022
-93.75905642,42.02034430,30,TaskName 7/2/2025 (GreenStar 4 Monitor),Enlist 1 & Ag Saver,385,7/2/2025,0.201,On,1093.8,40.00,-40.62,9.158,2.685,1.935,359.50,15.00,14.96,0,8,44.16,7/2/2025,Good,0.00,0.00,0.00,0.00,0.00,0.00,0.00,3.988,7.683e-05,1.994,3.841e-05,14.49,0.036,0.00,0.00,23.93,0.00046,0.00,0.00,0.00,0.00,0.00,0.00,0.00,0.00,0.0025
-93.75905639,42.02035119,30,TaskName 7/2/2025 (GreenStar 4 Monitor),Enlist 1 & Ag Saver,386,7/2/2025,0.199,On,1093.7,42.50,-39.37,9.069,2.662,1.374,359.39,15.00,14.98,0,8,46.99,7/2/2025,Good,0.00,0.00,0.00,0.00,0.00,0.00,0.00,3.994,8.104e-05,1.997,4.052e-05,14.51,0.038,0.00,0.00,23.96,0.00049,0.00,0.00,0.00,0.00,0.00,0.00,0.00,0.00,0.0026
-93.75905642,42.02035771,30,TaskName 7/2/2025 (GreenStar 4 Monitor),Enlist 1 & Ag Saver,387,7/2/2025,0.200,On,1093.6,46.25,-37.50,8.925,2.619,1.037,359.27,15.00,14.92,0,8,50.06,7/2/2025,Good,0.00,0.00,0.00,0.00,0.00,0.00,0.00,3.980,8.647e-05,1.990,4.324e-05,14.46,0.040,0.00,0.00,23.88,0.00052,0.00,0.00,0.00,0.00,0.00,0.00,0.00,0.00,0.0028
-93.75905632,42.02036406,30,TaskName 7/2/2025 (GreenStar 4 Monitor),Enlist 1 & Ag Saver,388,7/2/2025,0.200,On,1093.5,48.75,-36.25,8.690,2.551,0.859,359.10,15.00,14.87,0,8,51.38,7/2/2025,Good,0.00,0.00,0.00,0.00,0.00,0.00,0.00,3.966,8.843e-05,1.983,4.422e-05,14.40,0.041,0.00,0.00,23.79,0.00053,0.00,0.00,0.00,0.00,0.00,0.00,0.00,0.00,0.0029
-93.75905633,42.02036995,30,TaskName 7/2/2025 (GreenStar 4 Monitor),Enlist 1 & Ag Saver,389,7/2/2025,0.200,On,1093.4,50.00,-35.62,8.422,2.472,1.030,358.89,15.00,15.02,0,8,51.07,7/2/2025,Good,0.00,0.00,0.00,0.00,0.00,0.00,0.00,4.005,8.878e-05,2.003,4.439e-05,14.55,0.041,0.00,0.00,24.03,0.00053,0.00,0.00,0.00,0.00,0.00,0.00,0.00,0.00,0.0028
-93.75905623,42.02037551,30,TaskName 7/2/2025 (GreenStar 4 Monitor),Enlist 1 & Ag Saver,390,7/2/2025,0.200,On,1093.4,51.25,-35.00,8.091,2.373,1.235,358.64,15.00,14.91,0,8,50.26,7/2/2025,Good,0.00,0.00,0.00,0.00,0.00,0.00,0.00,3.977,8.676e-05,1.988,4.338e-05,14.45,0.040,0.00,0.00,23.86,0.00052,0.00,0.00,0.00,0.00,0.00,0.00,0.00,0.00,0.0028
-93.75905631,42.02038081,30,TaskName 7/2/2025 (GreenStar 4 Monitor),Enlist 1 & Ag Saver,391,7/2/2025,0.200,On,1093.3,53.75,-33.75,7.706,2.262,1.215,358.49,15.00,14.96,0,8,50.24,7/2/2025,Good,0.00,0.00,0.00,0.00,0.00,0.00,0.00,3.988,8.696e-05,1.994,4.348e-05,14.49,0.040,0.00,0.00,23.93,0.00052,0.00,0.00,0.00,0.00,0.00,0.00,0.00,0.00,0.0028
-93.75905640,42.02038573,30,TaskName 7/2/2025 (GreenStar 4 Monitor),Enlist 1 & Ag Saver,392,7/2/2025,0.200,On,1093.3,55.00,-33.12,7.306,2.144,1.341,358.28,15.00,14.95,0,8,48.72,7/2/2025,Good,0.00,0.00,0.00,0.00,0.00,0.00,0.00,3.985,8.428e-05,1.993,4.214e-05,14.48,0.039,0.00,0.00,23.91,0.00051,0.00,0.00,0.00,0.00,0.00,0.00,0.00,0.00,0.0027
-93.75799936,42.02070364,30,TaskName 7/2/2025 (GreenStar 4 Monitor),Enlist 1 & Ag Saver,393,7/2/2025,0.195,On,1092.1,10.00,-43.12,8.406,2.404,8.533,179.58,15.00,14.76,0,9,10.19,7/2/2025,Good,0.00,0.00,0.00,0.00,0.00,0.00,0.00,3.937,1.697e-05,1.969,8.486e-06,14.30,0.0079,0.00,0.00,23.62,0.00010,0.00,0.00,0.00,0.00,0.00,0.00,0.00,0.00,0.00055
-93.75799948,42.02069662,30,TaskName 7/2/2025 (GreenStar 4 Monitor),Enlist 1 & Ag Saver,394,7/2/2025,0.200,On,1092.2,25.00,-27.19,8.520,2.499,8.949,179.46,15.00,15.34,0,9,25.81,7/2/2025,Good,0.00,0.00,0.00,0.00,0.00,0.00,0.00,4.091,4.583e-05,2.045,2.292e-05,14.86,0.021,0.00,0.00,24.55,0.00027,0.00,0.00,0.00,0.00,0.00,0.00,0.00,0.00,0.0014
-93.75799949,42.02068217,30,TaskName 7/2/2025 (GreenStar 4 Monitor),Enlist 1 & Ag Saver,395,7/2/2025,0.405,On,1092.3,20.00,-23.12,8.653,5.138,8.904,179.26,15.00,15.31,0,9,20.97,7/2/2025,Good,0.00,0.00,0.00,0.00,0.00,0.00,0.00,4.081,7.523e-05,2.041,3.761e-05,14.83,0.035,0.00,0.00,24.49,0.00045,0.00,0.00,0.00,0.00,0.00,0.00,0.00,0.00,0.0024
-93.75799914,42.02064500,30,TaskName 7/2/2025 (GreenStar 4 Monitor),Enlist 1 & Ag Saver,396,7/2/2025,1.000,On,1092.5,18.75,-22.50,9.016,13.23,8.582,179.02,15.00,15.20,0,9,20.49,7/2/2025,Good,0.00,0.00,0.00,0.00,0.00,0.00,0.00,4.054,0.00018,2.027,9.015e-05,14.73,0.084,0.00,0.00,24.32,0.0011,0.00,0.00,0.00,0.00,0.00,0.00,0.00,0.00,0.0057
-93.75799830,42.02060710,30,TaskName 7/2/2025 (GreenStar 4 Monitor),Enlist 1 & Ag Saver,397,7/2/2025,1.000,On,1092.8,18.75,-22.50,9.325,13.68,7.897,180.19,15.00,15.17,0,9,21.20,7/2/2025,Good,0.00,0.00,0.00,0.00,0.00,0.00,0.00,4.046,0.00019,2.023,9.307e-05,14.70,0.087,0.00,0.00,24.28,0.0011,0.00,0.00,0.00,0.00,0.00,0.00,0.00,0.00,0.0059
-93.75799826,42.02056924,30,TaskName 7/2/2025 (GreenStar 4 Monitor),Enlist 1 & Ag Saver,398,7/2/2025,1.000,On,1093.0,18.75,-22.50,9.398,13.78,8.143,180.58,15.00,15.13,0,9,21.35,7/2/2025,Good,0.00,0.00,0.00,0.00,0.00,0.00,0.00,4.036,0.00019,2.018,9.350e-05,14.66,0.087,0.00,0.00,24.21,0.0011,0.00,0.00,0.00,0.00,0.00,0.00,0.00,0.00,0.0059
-93.75799940,42.02053043,30,TaskName 7/2/2025 (GreenStar 4 Monitor),Enlist 1 & Ag Saver,399,7/2/2025,1.000,On,1093.2,18.75,-22.50,9.509,13.94,7.944,179.46,15.00,15.08,0,9,21.60,7/2/2025,Good,0.00,0.00,0.00,0.00,0.00,0.00,0.00,4.020,0.00019,2.010,9.421e-05,14.60,0.088,0.00,0.00,24.12,0.0011,0.00,0.00,0.00,0.00,0.00,0.00,0.00,0.00,0.0060
-93.75799944,42.02049913,30,TaskName 7/2/2025 (GreenStar 4 Monitor),Enlist 1 & Ag Saver,400,7/2/2025,0.800,On,1093.3,18.75,-22.50,9.692,11.37,7.294,179.26,15.00,15.01,0,9,22.02,7/2/2025,Good,0.00,0.00,0.00,0.00,0.00,0.00,0.00,4.003,0.00015,2.002,7.652e-05,14.54,0.071,0.00,0.00,24.02,0.00092,0.00,0.00,0.00,0.00,0.00,0.00,0.00,0.00,0.0049
-93.75799911,42.02049128,30,TaskName 7/2/2025 (GreenStar 4 Monitor),Enlist 1 & Ag Saver,401,7/2/2025,0.200,On,1093.4,20.00,-23.12,9.706,2.844,7.053,179.55,15.00,14.91,0,9,23.51,7/2/2025,Good,0.00,0.00,0.00,0.00,0.00,0.00,0.00,3.977,4.058e-05,1.988,2.029e-05,14.45,0.019,0.00,0.00,23.86,0.00024,0.00,0.00,0.00,0.00,0.00,0.00,0.00,0.00,0.0013
-93.75799839,42.02046793,30,TaskName 7/2/2025 (GreenStar 4 Monitor),Enlist 1 & Ag Saver,402,7/2/2025,0.600,On,1093.5,18.75,-22.50,9.700,8.530,7.018,180.40,15.00,15.02,0,9,22.03,7/2/2025,Good,0.00,0.00,0.00,0.00,0.00,0.00,0.00,4.006,0.00011,2.003,5.746e-05,14.55,0.053,0.00,0.00,24.04,0.00069,0.00,0.00,0.00,0.00,0.00,0.00,0.00,0.00,0.0037
-93.75799832,42.02046014,30,TaskName 7/2/2025 (GreenStar 4 Monitor),Enlist 1 & Ag Saver,403,7/2/2025,0.200,On,1093.6,20.00,-23.12,9.686,2.841,7.100,180.53,15.00,15.05,0,9,23.48,7/2/2025,Good,0.00,0.00,0.00,0.00,0.00,0.00,0.00,4.014,4.091e-05,2.007,2.045e-05,14.58,0.019,0.00,0.00,24.08,0.00025,0.00,0.00,0.00,0.00,0.00,0.00,0.00,0.00,0.0013
-93.75799856,42.02042066,30,TaskName 7/2/2025 (GreenStar 4 Monitor),Enlist 1 & Ag Saver,404,7/2/2025,1.000,On,1093.9,18.75,-22.50,9.720,14.25,7.504,180.30,15.00,15.02,0,9,22.08,7/2/2025,Good,0.00,0.00,0.00,0.00,0.00,0.00,0.00,4.006,0.00019,2.003,9.600e-05,14.55,0.089,0.00,0.00,24.04,0.0012,0.00,0.00,0.00,0.00,0.00,0.00,0.00,0.00,0.0061
-93.75799942,42.02038095,30,TaskName 7/2/2025 (GreenStar 4 Monitor),Enlist 1 & Ag Saver,405,7/2/2025,1.000,On,1094.3,18.75,-22.50,9.839,14.43,8.358,179.04,15.00,14.97,0,9,22.35,7/2/2025,Good,0.00,0.00,0.00,0.00,0.00,0.00,0.00,3.992,0.00019,1.996,9.682e-05,14.50,0.090,0.00,0.00,23.95,0.0012,0.00,0.00,0.00,0.00,0.00,0.00,0.00,0.00,0.0062
-93.75799842,42.02034095,30,TaskName 7/2/2025 (GreenStar 4 Monitor),Enlist 1 & Ag Saver,406,7/2/2025,1.000,On,1094.7,18.75,-22.50,9.914,14.53,7.934,180.13,15.00,14.98,0,9,22.52,7/2/2025,Good,0.00,0.00,0.00,0.00,0.00,0.00,0.00,3.994,0.00020,1.997,9.761e-05,14.51,0.091,0.00,0.00,23.96,0.0012,0.00,0.00,0.00,0.00,0.00,0.00,0.00,0.00,0.0063
-93.75799799,42.02030064,30,TaskName 7/2/2025 (GreenStar 4 Monitor),Enlist 1 & Ag Saver,407,7/2/2025,0.996,On,1095.0,18.75,-22.50,9.985,14.56,7.154,180.98,15.00,15.07,0,9,22.65,7/2/2025,Good,0.00,0.00,0.00,0.00,0.00,0.00,0.00,4.018,0.00020,2.009,9.838e-05,14.60,0.091,0.00,0.00,24.11,0.0012,0.00,0.00,0.00,0.00,0.00,0.00,0.00,0.00,0.0063
-93.75799954,42.02026025,30,TaskName 7/2/2025 (GreenStar 4 Monitor),Enlist 1 & Ag Saver,408,7/2/2025,1.004,On,1095.3,18.75,-22.50,10.04,14.79,7.202,179.67,15.00,15.01,0,9,22.83,7/2/2025,Good,0.00,0.00,0.00,0.00,0.00,0.00,0.00,4.004,0.00020,2.002,9.958e-05,14.54,0.093,0.00,0.00,24.02,0.0012,0.00,0.00,0.00,0.00,0.00,0.00,0.00,0.00,0.0064
-93.75799967,42.02022017,30,TaskName 7/2/2025 (GreenStar 4 Monitor),Enlist 1 & Ag Saver,409,7/2/2025,1.000,On,1095.7,18.75,-22.50,9.998,14.66,7.651,179.28,15.00,15.02,0,9,22.71,7/2/2025,Good,0.00,0.00,0.00,0.00,0.00,0.00,0.00,4.005,0.00020,2.003,9.870e-05,14.55,0.092,0.00,0.00,24.03,0.0012,0.00,0.00,0.00,0.00,0.00,0.00,0.00,0.00,0.0063
-93.75799854,42.02018047,30,TaskName 7/2/2025 (GreenStar 4 Monitor),Enlist 1 & Ag Saver,410,7/2/2025,1.000,On,1096.3,18.75,-22.50,9.890,14.50,8.235,180.42,15.00,15.02,0,9,22.47,7/2/2025,Good,0.00,0.00,0.00,0.00,0.00,0.00,0.00,4.006,0.00020,2.003,9.768e-05,14.55,0.091,0.00,0.00,24.04,0.0012,0.00,0.00,0.00,0.00,0.00,0.00,0.00,0.00,0.0062
-93.75799903,42.02014042,30,TaskName 7/2/2025 (GreenStar 4 Monitor),Enlist 1 & Ag Saver,411,7/2/2025,1.000,On,1096.6,18.75,-22.50,9.907,14.52,8.466,180.01,15.00,15.05,0,9,22.50,7/2/2025,Good,0.00,0.00,0.00,0.00,0.00,0.00,0.00,4.013,0.00020,2.006,9.797e-05,14.58,0.091,0.00,0.00,24.08,0.0012,0.00,0.00,0.00,0.00,0.00,0.00,0.00,0.00,0.0063
-93.75799910,42.02009958,30,TaskName 7/2/2025 (GreenStar 4 Monitor),Enlist 1 & Ag Saver,412,7/2/2025,1.000,On,1096.6,18.75,-22.50,10.04,14.72,7.050,179.54,15.00,14.96,0,9,22.81,7/2/2025,Good,0.00,0.00,0.00,0.00,0.00,0.00,0.00,3.990,0.00020,1.995,9.876e-05,14.49,0.092,0.00,0.00,23.94,0.0012,0.00,0.00,0.00,0.00,0.00,0.00,0.00,0.00,0.0063
-93.75799821,42.02005874,30,TaskName 7/2/2025 (GreenStar 4 Monitor),Enlist 1 & Ag Saver,413,7/2/2025,0.995,On,1096.6,18.75,-22.50,10.19,14.87,5.322,180.42,15.00,14.96,0,9,23.15,7/2/2025,Good,0.00,0.00,0.00,0.00,0.00,0.00,0.00,3.989,0.00020,1.994,9.970e-05,14.49,0.093,0.00,0.00,23.93,0.0012,0.00,0.00,0.00,0.00,0.00,0.00,0.00,0.00,0.0064
-93.75799850,42.02001858,30,TaskName 7/2/2025 (GreenStar 4 Monitor),Enlist 1 & Ag Saver,414,7/2/2025,1.005,On,1096.9,18.75,-22.50,10.05,14.80,6.763,180.53,15.00,14.97,0,9,22.82,7/2/2025,Good,0.00,0.00,0.00,0.00,0.00,0.00,0.00,3.992,0.00020,1.996,9.936e-05,14.50,0.092,0.00,0.00,23.95,0.0012,0.00,0.00,0.00,0.00,0.00,0.00,0.00,0.00,0.0064
-93.75799903,42.01997874,30,TaskName 7/2/2025 (GreenStar 4 Monitor),Enlist 1 & Ag Saver,415,7/2/2025,0.995,On,1097.0,18.75,-22.50,9.929,14.48,7.502,179.84,15.00,15.00,0,9,22.55,7/2/2025,Good,0.00,0.00,0.00,0.00,0.00,0.00,0.00,4.000,0.00019,2.000,9.737e-05,14.53,0.091,0.00,0.00,24.00,0.0012,0.00,0.00,0.00,0.00,0.00,0.00,0.00,0.00,0.0062
-93.75799889,42.01993844,30,TaskName 7/2/2025 (GreenStar 4 Monitor),Enlist 1 & Ag Saver,416,7/2/2025,1.005,On,1097.1,18.75,-22.50,9.957,14.67,6.870,179.98,15.00,14.98,0,9,22.61,7/2/2025,Good,0.00,0.00,0.00,0.00,0.00,0.00,0.00,3.995,0.00020,1.997,9.850e-05,14.51,0.092,0.00,0.00,23.97,0.0012,0.00,0.00,0.00,0.00,0.00,0.00,0.00,0.00,0.0063
-93.75799870,42.01989811,30,TaskName 7/2/2025 (GreenStar 4 Monitor),Enlist 1 & Ag Saver,417,7/2/2025,0.995,On,1097.2,18.75,-22.50,10.03,14.62,6.650,179.97,15.00,14.95,0,9,22.77,7/2/2025,Good,0.00,0.00,0.00,0.00,0.00,0.00,0.00,3.986,0.00020,1.993,9.799e-05,14.48,0.091,0.00,0.00,23.91,0.0012,0.00,0.00,0.00,0.00,0.00,0.00,0.00,0.00,0.0063
-93.75799899,42.01985802,30,TaskName 7/2/2025 (GreenStar 4 Monitor),Enlist 1 & Ag Saver,418,7/2/2025,1.005,On,1097.5,18.75,-22.50,9.996,14.72,7.201,179.58,15.00,15.00,0,9,22.70,7/2/2025,Good,0.00,0.00,0.00,0.00,0.00,0.00,0.00,3.999,0.00020,1.999,9.901e-05,14.53,0.092,0.00,0.00,23.99,0.0012,0.00,0.00,0.00,0.00,0.00,0.00,0.00,0.00,0.0063
-93.75799857,42.01981855,30,TaskName 7/2/2025 (GreenStar 4 Monitor),Enlist 1 & Ag Saver,419,7/2/2025,1.000,On,1098.1,18.75,-22.50,9.884,14.49,8.307,179.70,15.00,15.01,0,9,22.45,7/2/2025,Good,0.00,0.00,0.00,0.00,0.00,0.00,0.00,4.002,0.00019,2.001,9.749e-05,14.54,0.091,0.00,0.00,24.01,0.0012,0.00,0.00,0.00,0.00,0.00,0.00,0.00,0.00,0.0062
-93.75799790,42.01977882,30,TaskName 7/2/2025 (GreenStar 4 Monitor),Enlist 1 & Ag Saver,420,7/2/2025,1.000,On,1098.5,18.75,-22.50,9.811,14.38,9.046,180.11,15.00,14.99,0,9,22.28,7/2/2025,Good,0.00,0.00,0.00,0.00,0.00,0.00,0.00,3.996,0.00019,1.998,9.663e-05,14.52,0.090,0.00,0.00,23.98,0.0012,0.00,0.00,0.00,0.00,0.00,0.00,0.00,0.00,0.0062
-93.75799836,42.01973840,30,TaskName 7/2/2025 (GreenStar 4 Monitor),Enlist 1 & Ag Saver,421,7/2/2025,0.995,On,1098.7,18.75,-22.50,9.980,14.55,8.311,179.69,15.00,14.98,0,9,22.67,7/2/2025,Good,0.00,0.00,0.00,0.00,0.00,0.00,0.00,3.994,0.00020,1.997,9.775e-05,14.51,0.091,0.00,0.00,23.97,0.0012,0.00,0.00,0.00,0.00,0.00,0.00,0.00,0.00,0.0063
-93.75799840,42.01969804,30,TaskName 7/2/2025 (GreenStar 4 Monitor),Enlist 1 & Ag Saver,422,7/2/2025,1.005,On,1098.9,18.75,-22.50,10.07,14.85,7.282,179.98,15.00,14.97,0,9,22.89,7/2/2025,Good,0.00,0.00,0.00,0.00,0.00,0.00,0.00,3.992,0.00020,1.996,9.964e-05,14.50,0.093,0.00,0.00,23.95,0.0012,0.00,0.00,0.00,0.00,0.00,0.00,0.00,0.00,0.0064
-93.75799782,42.01966573,30,TaskName 7/2/2025 (GreenStar 4 Monitor),Enlist 1 & Ag Saver,423,7/2/2025,0.796,On,1099.0,18.75,-22.50,9.984,11.63,7.512,180.46,15.00,14.99,0,9,22.65,7/2/2025,Good,0.00,0.00,0.00,0.00,0.00,0.00,0.00,3.997,0.00016,1.998,7.818e-05,14.52,0.073,0.00,0.00,23.98,0.00094,0.00,0.00,0.00,0.00,0.00,0.00,0.00,0.00,0.0050
-93.75799862,42.01962544,30,TaskName 7/2/2025 (GreenStar 4 Monitor),Enlist 1 & Ag Saver,424,7/2/2025,0.999,On,1099.2,20.00,-23.12,10.02,14.68,7.151,180.01,15.00,14.98,0,9,24.29,7/2/2025,Good,0.00,0.00,0.00,0.00,0.00,0.00,0.00,3.993,0.00021,1.997,0.00011,14.51,0.098,0.00,0.00,23.96,0.0013,0.00,0.00,0.00,0.00,0.00,0.00,0.00,0.00,0.0067
-93.75799933,42.01958515,30,TaskName 7/2/2025 (GreenStar 4 Monitor),Enlist 1 & Ag Saver,425,7/2/2025,1.000,On,1099.2,20.00,-23.12,10.03,14.69,7.121,179.31,15.00,15.00,0,9,24.29,7/2/2025,Good,0.00,0.00,0.00,0.00,0.00,0.00,0.00,4.000,0.00021,2.000,0.00011,14.53,0.098,0.00,0.00,24.00,0.0013,0.00,0.00,0.00,0.00,0.00,0.00,0.00,0.00,0.0067
-93.75799912,42.01956893,30,TaskName 7/2/2025 (GreenStar 4 Monitor),Enlist 1 & Ag Saver,426,7/2/2025,0.400,On,1099.2,20.00,-23.12,10.03,5.876,6.988,179.46,15.00,15.06,0,9,24.28,7/2/2025,Good,0.00,0.00,0.00,0.00,0.00,0.00,0.00,4.017,8.467e-05,2.008,4.233e-05,14.59,0.039,0.00,0.00,24.10,0.00051,0.00,0.00,0.00,0.00,0.00,0.00,0.00,0.00,0.0027
-93.75799807,42.01952830,30,TaskName 7/2/2025 (GreenStar 4 Monitor),Enlist 1 & Ag Saver,427,7/2/2025,1.005,On,1099.0,18.75,-22.50,10.07,14.83,6.798,180.48,15.00,14.99,0,9,22.87,7/2/2025,Good,0.00,0.00,0.00,0.00,0.00,0.00,0.00,3.997,0.00020,1.998,9.967e-05,14.52,0.093,0.00,0.00,23.98,0.0012,0.00,0.00,0.00,0.00,0.00,0.00,0.00,0.00,0.0064
-93.75799846,42.01948739,30,TaskName 7/2/2025 (GreenStar 4 Monitor),Enlist 1 & Ag Saver,428,7/2/2025,0.995,On,1098.8,18.75,-22.50,10.15,14.81,6.672,180.40,15.00,14.95,0,9,23.06,7/2/2025,Good,0.00,0.00,0.00,0.00,0.00,0.00,0.00,3.986,0.00020,1.993,9.926e-05,14.48,0.092,0.00,0.00,23.92,0.0012,0.00,0.00,0.00,0.00,0.00,0.00,0.00,0.00,0.0064
-93.75799890,42.01947923,30,TaskName 7/2/2025 (GreenStar 4 Monitor),Enlist 1 & Ag Saver,429,7/2/2025,0.200,On,1098.8,18.75,-22.50,10.15,2.976,6.756,180.10,15.00,15.13,0,9,23.06,7/2/2025,Good,0.00,0.00,0.00,0.00,0.00,0.00,0.00,4.034,4.037e-05,2.017,2.018e-05,14.65,0.019,0.00,0.00,24.20,0.00024,0.00,0.00,0.00,0.00,0.00,0.00,0.00,0.00,0.0013
-93.75799923,42.01943878,30,TaskName 7/2/2025 (GreenStar 4 Monitor),Enlist 1 & Ag Saver,430,7/2/2025,1.000,On,1098.6,20.00,-23.12,10.10,14.81,6.567,179.58,15.00,14.94,0,9,24.48,7/2/2025,Good,0.00,0.00,0.00,0.00,0.00,0.00,0.00,3.984,0.00021,1.992,0.00011,14.47,0.098,0.00,0.00,23.91,0.0013,0.00,0.00,0.00,0.00,0.00,0.00,0.00,0.00,0.0068
-93.75799864,42.01941439,30,TaskName 7/2/2025 (GreenStar 4 Monitor),Enlist 1 & Ag Saver,431,7/2/2025,0.600,On,1098.5,20.00,-23.12,10.03,8.825,6.745,180.35,15.00,15.02,0,9,24.31,7/2/2025,Good,0.00,0.00,0.00,0.00,0.00,0.00,0.00,4.005,0.00013,2.002,6.339e-05,14.55,0.059,0.00,0.00,24.03,0.00076,0.00,0.00,0.00,0.00,0.00,0.00,0.00,0.00,0.0041
-93.75799857,42.01938217,30,TaskName 7/2/2025 (GreenStar 4 Monitor),Enlist 1 & Ag Saver,432,7/2/2025,0.801,On,1098.3,18.75,-22.50,10.04,11.80,6.678,180.38,15.00,14.96,0,9,22.83,7/2/2025,Good,0.00,0.00,0.00,0.00,0.00,0.00,0.00,3.990,0.00016,1.995,7.919e-05,14.50,0.074,0.00,0.00,23.94,0.00095,0.00,0.00,0.00,0.00,0.00,0.00,0.00,0.00,0.0051
-93.75799934,42.01934166,30,TaskName 7/2/2025 (GreenStar 4 Monitor),Enlist 1 & Ag Saver,433,7/2/2025,0.999,On,1098.2,20.00,-23.12,10.08,14.77,6.412,179.43,15.00,14.98,0,9,24.44,7/2/2025,Good,0.00,0.00,0.00,0.00,0.00,0.00,0.00,3.995,0.00021,1.998,0.00011,14.51,0.098,0.00,0.00,23.97,0.0013,0.00,0.00,0.00,0.00,0.00,0.00,0.00,0.00,0.0068
-93.75799938,42.01933361,30,TaskName 7/2/2025 (GreenStar 4 Monitor),Enlist 1 & Ag Saver,434,7/2/2025,0.200,On,1098.2,20.00,-23.12,10.06,2.952,6.855,179.39,15.00,14.93,0,9,24.40,7/2/2025,Good,0.00,0.00,0.00,0.00,0.00,0.00,0.00,3.983,4.217e-05,1.991,2.109e-05,14.47,0.020,0.00,0.00,23.90,0.00025,0.00,0.00,0.00,0.00,0.00,0.00,0.00,0.00,0.0014
-93.75799886,42.01929381,30,TaskName 7/2/2025 (GreenStar 4 Monitor),Enlist 1 & Ag Saver,435,7/2/2025,1.000,On,1098.2,18.75,-22.50,9.956,14.61,7.432,179.87,15.00,15.02,0,9,22.63,7/2/2025,Good,0.00,0.00,0.00,0.00,0.00,0.00,0.00,4.005,0.00020,2.003,9.837e-05,14.55,0.091,0.00,0.00,24.03,0.0012,0.00,0.00,0.00,0.00,0.00,0.00,0.00,0.00,0.0063
-93.75799849,42.01925398,30,TaskName 7/2/2025 (GreenStar 4 Monitor),Enlist 1 & Ag Saver,436,7/2/2025,1.000,On,1098.3,18.75,-22.50,9.884,14.50,8.168,180.38,15.00,15.06,0,9,22.47,7/2/2025,Good,0.00,0.00,0.00,0.00,0.00,0.00,0.00,4.017,0.00020,2.008,9.794e-05,14.59,0.091,0.00,0.00,24.10,0.0012,0.00,0.00,0.00,0.00,0.00,0.00,0.00,0.00,0.0062
-93.75799897,42.01921371,30,TaskName 7/2/2025 (GreenStar 4 Monitor),Enlist 1 & Ag Saver,437,7/2/2025,1.000,On,1098.3,18.75,-22.50,9.949,14.60,7.546,179.64,15.00,14.98,0,9,22.62,7/2/2025,Good,0.00,0.00,0.00,0.00,0.00,0.00,0.00,3.994,0.00020,1.997,9.801e-05,14.51,0.091,0.00,0.00,23.96,0.0012,0.00,0.00,0.00,0.00,0.00,0.00,0.00,0.00,0.0063
-93.75799905,42.01919770,30,TaskName 7/2/2025 (GreenStar 4 Monitor),Enlist 1 & Ag Saver,438,7/2/2025,0.400,On,1098.4,18.75,-22.50,10.02,5.881,7.327,179.60,15.00,15.02,0,9,22.78,7/2/2025,Good,0.00,0.00,0.00,0.00,0.00,0.00,0.00,4.005,7.922e-05,2.003,3.961e-05,14.55,0.037,0.00,0.00,24.03,0.00048,0.00,0.00,0.00,0.00,0.00,0.00,0.00,0.00,0.0025
-93.75799901,42.01918967,30,TaskName 7/2/2025 (GreenStar 4 Monitor),Enlist 1 & Ag Saver,439,7/2/2025,0.200,On,1098.3,20.00,-23.12,9.988,2.932,7.364,179.66,15.00,15.02,0,9,24.23,7/2/2025,Good,0.00,0.00,0.00,0.00,0.00,0.00,0.00,4.005,4.213e-05,2.003,2.107e-05,14.55,0.020,0.00,0.00,24.03,0.00025,0.00,0.00,0.00,0.00,0.00,0.00,0.00,0.00,0.0013
-93.75799849,42.01914962,30,TaskName 7/2/2025 (GreenStar 4 Monitor),Enlist 1 & Ag Saver,440,7/2/2025,0.995,On,1098.4,18.75,-22.50,9.955,14.53,7.656,180.20,15.00,15.00,0,9,22.63,7/2/2025,Good,0.00,0.00,0.00,0.00,0.00,0.00,0.00,4.001,0.00020,2.001,9.778e-05,14.53,0.091,0.00,0.00,24.01,0.0012,0.00,0.00,0.00,0.00,0.00,0.00,0.00,0.00,0.0063
-93.75799870,42.01910932,30,TaskName 7/2/2025 (GreenStar 4 Monitor),Enlist 1 & Ag Saver,441,7/2/2025,1.005,On,1098.4,18.75,-22.50,9.970,14.70,7.210,179.84,15.00,15.02,0,9,22.67,7/2/2025,Good,0.00,0.00,0.00,0.00,0.00,0.00,0.00,4.005,0.00020,2.003,9.901e-05,14.55,0.092,0.00,0.00,24.03,0.0012,0.00,0.00,0.00,0.00,0.00,0.00,0.00,0.00,0.0063
-93.75799881,42.01910127,30,TaskName 7/2/2025 (GreenStar 4 Monitor),Enlist 1 & Ag Saver,442,7/2/2025,0.200,On,1098.4,20.00,-23.12,10.03,2.942,6.974,179.70,15.00,15.00,0,9,24.32,7/2/2025,Good,0.00,0.00,0.00,0.00,0.00,0.00,0.00,4.000,4.221e-05,2.000,2.111e-05,14.53,0.020,0.00,0.00,24.00,0.00025,0.00,0.00,0.00,0.00,0.00,0.00,0.00,0.00,0.0014
-93.75799898,42.01908509,30,TaskName 7/2/2025 (GreenStar 4 Monitor),Enlist 1 & Ag Saver,443,7/2/2025,0.400,On,1098.4,18.75,-22.50,10.03,5.888,6.825,179.27,15.00,14.97,0,9,22.81,7/2/2025,Good,0.00,0.00,0.00,0.00,0.00,0.00,0.00,3.993,7.905e-05,1.996,3.953e-05,14.50,0.037,0.00,0.00,23.96,0.00047,0.00,0.00,0.00,0.00,0.00,0.00,0.00,0.00,0.0025
-93.75799893,42.01906907,30,TaskName 7/2/2025 (GreenStar 4 Monitor),Enlist 1 & Ag Saver,444,7/2/2025,0.395,On,1098.4,17.50,-23.12,10.03,5.812,6.817,179.21,15.00,15.00,0,9,21.28,7/2/2025,Good,0.00,0.00,0.00,0.00,0.00,0.00,0.00,4.000,7.297e-05,2.000,3.649e-05,14.53,0.034,0.00,0.00,24.00,0.00044,0.00,0.00,0.00,0.00,0.00,0.00,0.00,0.00,0.0023
-93.75799881,42.01906108,30,TaskName 7/2/2025 (GreenStar 4 Monitor),Enlist 1 & Ag Saver,445,7/2/2025,0.205,On,1098.4,18.75,-23.75,10.01,3.008,6.710,179.35,15.00,15.11,0,9,22.74,7/2/2025,Good,0.00,0.00,0.00,0.00,0.00,0.00,0.00,4.028,4.075e-05,2.014,2.037e-05,14.63,0.019,0.00,0.00,24.17,0.00024,0.00,0.00,0.00,0.00,0.00,0.00,0.00,0.00,0.0013
-93.75799830,42.01902170,30,TaskName 7/2/2025 (GreenStar 4 Monitor),Enlist 1 & Ag Saver,446,7/2/2025,1.000,On,1098.4,17.50,-23.12,9.903,14.53,6.060,179.35,15.00,14.99,0,9,21.02,7/2/2025,Good,0.00,0.00,0.00,0.00,0.00,0.00,0.00,3.998,0.00018,1.999,9.117e-05,14.52,0.085,0.00,0.00,23.99,0.0011,0.00,0.00,0.00,0.00,0.00,0.00,0.00,0.00,0.0058
-93.75799775,42.01898585,30,TaskName 7/2/2025 (GreenStar 4 Monitor),Enlist 1 & Ag Saver,447,7/2/2025,1.000,On,1098.3,17.50,-23.12,9.465,13.88,3.536,179.49,15.00,14.96,0,9,20.07,7/2/2025,Good,0.00,0.00,0.00,0.00,0.00,0.00,0.00,3.989,0.00017,1.994,8.687e-05,14.49,0.081,0.00,0.00,23.93,0.0010,0.00,0.00,0.00,0.00,0.00,0.00,0.00,0.00,0.0056
-93.75799739,42.01896170,30,TaskName 7/2/2025 (GreenStar 4 Monitor),Enlist 1 & Ag Saver,448,7/2/2025,0.800,On,1098.3,17.50,-23.12,8.376,9.820,3.057,179.67,15.00,14.91,0,9,17.75,7/2/2025,Good,0.00,0.00,0.00,0.00,0.00,0.00,0.00,3.977,0.00012,1.988,6.128e-05,14.44,0.057,0.00,0.00,23.86,0.00074,0.00,0.00,0.00,0.00,0.00,0.00,0.00,0.00,0.0039
-93.75799718,42.01895120,30,TaskName 7/2/2025 (GreenStar 4 Monitor),Enlist 1 & Ag Saver,449,7/2/2025,0.395,On,1098.3,18.75,-22.50,7.414,4.293,2.998,179.76,15.00,14.96,0,9,16.84,7/2/2025,Good,0.00,0.00,0.00,0.00,0.00,0.00,0.00,3.988,5.758e-05,1.994,2.879e-05,14.49,0.027,0.00,0.00,23.93,0.00035,0.00,0.00,0.00,0.00,0.00,0.00,0.00,0.00,0.0018
-93.75982480,42.01884308,30,TaskName 5/12/2025 (GreenStar 4 Monitor),Valor/ag saver,1,5/12/2025,1.000,On,1099.7,121.25,0.00,2.481,3.520,7.497,89.41,19.99,21.46,0,1,35.28,5/12/2025,Good,0.00,0.00,0.00,0.00,0.00,0.00,0.00,5.723,0.00044,2.862,0.00022,20.79,0.204,0.00,0.00,34.34,0.0026,0.00,0.00,0.00,0.00,0.00,0.00,0.00,0.00,0.0098
-93.75979709,42.01884300,30,TaskName 5/12/2025 (GreenStar 4 Monitor),Valor/ag saver,2,5/12/2025,1.001,On,1099.6,121.25,0.00,4.425,6.394,3.626,89.23,19.99,19.42,0,1,64.01,5/12/2025,Good,0.00,0.00,0.00,0.00,0.00,0.00,0.00,5.180,0.00072,2.590,0.00036,18.81,0.335,0.00,0.00,31.08,0.0043,0.00,0.00,0.00,0.00,0.00,0.00,0.00,0.00,0.018
-93.75976621,42.01884364,30,TaskName 5/12/2025 (GreenStar 4 Monitor),Valor/ag saver,3,5/12/2025,1.000,On,1099.8,121.25,0.00,5.177,7.579,8.267,89.98,19.99,19.94,0,1,75.94,5/12/2025,Good,0.00,0.00,0.00,0.00,0.00,0.00,0.00,5.317,0.00088,2.658,0.00044,19.31,0.407,0.00,0.00,31.90,0.0053,0.00,0.00,0.00,0.00,0.00,0.00,0.00,0.00,0.021
-93.75972998,42.01884357,30,TaskName 5/12/2025 (GreenStar 4 Monitor),Valor/ag saver,4,5/12/2025,0.999,On,1099.9,121.25,0.00,6.286,9.180,5.404,89.64,19.99,19.71,0,1,92.08,5/12/2025,Good,0.00,0.00,0.00,0.00,0.00,0.00,0.00,5.255,0.0010,2.628,0.00052,19.09,0.488,0.00,0.00,31.53,0.0063,0.00,0.00,0.00,0.00,0.00,0.00,0.00,0.00,0.026
-93.75969153,42.01884305,30,TaskName 5/12/2025 (GreenStar 4 Monitor),Valor/ag saver,5,5/12/2025,1.000,On,1100.1,121.25,0.00,6.774,9.921,9.255,88.34,19.99,19.80,0,1,99.42,5/12/2025,Good,0.00,0.00,0.00,0.00,0.00,0.00,0.00,5.280,0.0011,2.640,0.00057,19.18,0.530,0.00,0.00,31.68,0.0068,0.00,0.00,0.00,0.00,0.00,0.00,0.00,0.00,0.028
-93.75964567,42.01884434,30,TaskName 5/12/2025 (GreenStar 4 Monitor),Valor/ag saver,6,5/12/2025,0.996,On,1100.2,121.25,0.00,7.866,11.44,6.629,89.31,19.99,19.70,0,1,115.13,5/12/2025,Good,0.00,0.00,0.00,0.00,0.00,0.00,0.00,5.254,0.0013,2.627,0.00065,19.09,0.608,0.00,0.00,31.53,0.0078,0.00,0.00,0.00,0.00,0.00,0.00,0.00,0.00,0.032
-93.75960087,42.01884474,30,TaskName 5/12/2025 (GreenStar 4 Monitor),Valor/ag saver,7,5/12/2025,1.004,On,1100.4,121.25,0.00,8.410,12.39,5.481,89.20,19.99,19.62,0,1,123.65,5/12/2025,Good,0.00,0.00,0.00,0.00,0.00,0.00,0.00,5.233,0.0014,2.616,0.00070,19.01,0.655,0.00,0.00,31.40,0.0085,0.00,0.00,0.00,0.00,0.00,0.00,0.00,0.00,0.034
-93.75955506,42.01884491,30,TaskName 5/12/2025 (GreenStar 4 Monitor),Valor/ag saver,8,5/12/2025,0.995,On,1100.5,121.25,0.00,8.393,12.23,6.813,88.73,19.99,19.85,0,1,123.21,5/12/2025,Good,0.00,0.00,0.00,0.00,0.00,0.00,0.00,5.292,0.0014,2.646,0.00070,19.22,0.655,0.00,0.00,31.75,0.0084,0.00,0.00,0.00,0.00,0.00,0.00,0.00,0.00,0.034
-93.75950866,42.01884591,30,TaskName 5/12/2025 (GreenStar 4 Monitor),Valor/ag saver,9,5/12/2025,1.000,On,1100.6,121.25,0.00,8.528,12.50,5.837,89.32,19.99,20.01,0,1,125.22,5/12/2025,Good,0.00,0.00,0.00,0.00,0.00,0.00,0.00,5.335,0.0014,2.668,0.00072,19.38,0.674,0.00,0.00,32.01,0.0087,0.00,0.00,0.00,0.00,0.00,0.00,0.00,0.00,0.035
-93.75946188,42.01884617,30,TaskName 5/12/2025 (GreenStar 4 Monitor),Valor/ag saver,10,5/12/2025,1.000,On,1100.7,121.25,0.00,8.657,12.69,5.426,89.42,19.99,19.82,0,1,127.20,5/12/2025,Good,0.00,0.00,0.00,0.00,0.00,0.00,0.00,5.285,0.0015,2.643,0.00073,19.20,0.678,0.00,0.00,31.71,0.0088,0.00,0.00,0.00,0.00,0.00,0.00,0.00,0.00,0.035
-93.75941573,42.01884636,30,TaskName 5/12/2025 (GreenStar 4 Monitor),Valor/ag saver,11,5/12/2025,1.001,On,1100.8,121.25,0.00,8.592,12.60,6.598,89.40,19.99,19.92,0,1,126.15,5/12/2025,Good,0.00,0.00,0.00,0.00,0.00,0.00,0.00,5.313,0.0015,2.657,0.00073,19.30,0.677,0.00,0.00,31.88,0.0087,0.00,0.00,0.00,0.00,0.00,0.00,0.00,0.00,0.035
-93.75936778,42.01884678,30,TaskName 5/12/2025 (GreenStar 4 Monitor),Valor/ag saver,12,5/12/2025,0.999,On,1100.8,121.25,0.00,8.737,12.79,5.567,90.12,19.99,19.97,0,1,128.28,5/12/2025,Good,0.00,0.00,0.00,0.00,0.00,0.00,0.00,5.325,0.0015,2.662,0.00074,19.34,0.688,0.00,0.00,31.95,0.0089,0.00,0.00,0.00,0.00,0.00,0.00,0.00,0.00,0.036
-93.75931937,42.01884647,30,TaskName 5/12/2025 (GreenStar 4 Monitor),Valor/ag saver,13,5/12/2025,1.001,On,1100.9,121.25,0.00,8.885,13.02,5.855,89.43,19.99,19.97,0,1,130.32,5/12/2025,Good,0.00,0.00,0.00,0.00,0.00,0.00,0.00,5.325,0.0015,2.663,0.00075,19.34,0.701,0.00,0.00,31.95,0.0090,0.00,0.00,0.00,0.00,0.00,0.00,0.00,0.00,0.036
-93.75926940,42.01884647,30,TaskName 5/12/2025 (GreenStar 4 Monitor),Valor/ag saver,14,5/12/2025,1.000,On,1100.9,121.25,0.00,9.097,13.35,5.796,88.93,19.99,19.84,0,1,133.74,5/12/2025,Good,0.00,0.00,0.00,0.00,0.00,0.00,0.00,5.290,0.0015,2.645,0.00077,19.22,0.714,0.00,0.00,31.74,0.0092,0.00,0.00,0.00,0.00,0.00,0.00,0.00,0.00,0.037
-93.75921880,42.01884717,30,TaskName 5/12/2025 (GreenStar 4 Monitor),Valor/ag saver,15,5/12/2025,1.004,On,1101.0,121.25,0.00,9.354,13.76,5.055,89.37,19.99,19.93,0,1,137.37,5/12/2025,Good,0.00,0.00,0.00,0.00,0.00,0.00,0.00,5.316,0.0016,2.658,0.00080,19.31,0.740,0.00,0.00,31.89,0.0095,0.00,0.00,0.00,0.00,0.00,0.00,0.00,0.00,0.038
-93.75916827,42.01884777,30,TaskName 5/12/2025 (GreenStar 4 Monitor),Valor/ag saver,16,5/12/2025,0.995,On,1101.1,121.25,0.00,9.350,13.63,5.337,89.61,19.99,19.90,0,1,137.29,5/12/2025,Good,0.00,0.00,0.00,0.00,0.00,0.00,0.00,5.306,0.0016,2.653,0.00079,19.27,0.731,0.00,0.00,31.84,0.0094,0.00,0.00,0.00,0.00,0.00,0.00,0.00,0.00,0.038
-93.75911731,42.01884786,30,TaskName 5/12/2025 (GreenStar 4 Monitor),Valor/ag saver,17,5/12/2025,1.005,On,1101.2,121.25,0.00,9.401,13.85,4.993,89.50,19.99,19.90,0,1,138.05,5/12/2025,Good,0.00,0.00,0.00,0.00,0.00,0.00,0.00,5.307,0.0016,2.653,0.00080,19.28,0.743,0.00,0.00,31.84,0.0096,0.00,0.00,0.00,0.00,0.00,0.00,0.00,0.00,0.039
-93.75906715,42.01884799,30,TaskName 5/12/2025 (GreenStar 4 Monitor),Valor/ag saver,18,5/12/2025,0.990,On,1101.3,121.25,0.00,9.343,13.56,5.793,89.57,19.99,20.00,0,1,137.25,5/12/2025,Good,0.00,0.00,0.00,0.00,0.00,0.00,0.00,5.334,0.0016,2.667,0.00079,19.37,0.731,0.00,0.00,32.00,0.0094,0.00,0.00,0.00,0.00,0.00,0.00,0.00,0.00,0.038
-93.75901620,42.01884832,30,TaskName 5/12/2025 (GreenStar 4 Monitor),Valor/ag saver,19,5/12/2025,1.005,On,1101.4,121.25,0.00,9.376,13.81,6.286,89.63,19.99,20.03,0,1,137.72,5/12/2025,Good,0.00,0.00,0.00,0.00,0.00,0.00,0.00,5.341,0.0016,2.670,0.00080,19.40,0.746,0.00,0.00,32.04,0.0096,0.00,0.00,0.00,0.00,0.00,0.00,0.00,0.00,0.038
-93.75896410,42.01884822,30,TaskName 5/12/2025 (GreenStar 4 Monitor),Valor/ag saver,20,5/12/2025,1.001,On,1101.4,121.25,0.00,9.585,14.07,5.433,89.02,19.99,19.94,0,1,140.83,5/12/2025,Good,0.00,0.00,0.00,0.00,0.00,0.00,0.00,5.317,0.0016,2.658,0.00081,19.31,0.756,0.00,0.00,31.90,0.0098,0.00,0.00,0.00,0.00,0.00,0.00,0.00,0.00,0.039
-93.75891252,42.01884871,30,TaskName 5/12/2025 (GreenStar 4 Monitor),Valor/ag saver,21,5/12/2025,1.004,On,1101.5,121.25,0.00,9.605,14.14,5.928,88.54,19.99,19.95,0,1,141.10,5/12/2025,Good,0.00,0.00,0.00,0.00,0.00,0.00,0.00,5.321,0.0016,2.661,0.00082,19.33,0.761,0.00,0.00,31.93,0.0098,0.00,0.00,0.00,0.00,0.00,0.00,0.00,0.00,0.039
-93.75886128,42.01884971,30,TaskName 5/12/2025 (GreenStar 4 Monitor),Valor/ag saver,22,5/12/2025,0.995,On,1101.7,121.25,0.00,9.493,13.85,6.223,88.38,19.99,20.00,0,1,139.43,5/12/2025,Good,0.00,0.00,0.00,0.00,0.00,0.00,0.00,5.334,0.0016,2.667,0.00080,19.37,0.747,0.00,0.00,32.00,0.0096,0.00,0.00,0.00,0.00,0.00,0.00,0.00,0.00,0.039
-93.75880997,42.01885093,30,TaskName 5/12/2025 (GreenStar 4 Monitor),Valor/ag saver,23,5/12/2025,1.000,On,1101.7,121.25,0.00,9.501,13.93,5.777,88.82,19.99,20.05,0,1,139.59,5/12/2025,Good,0.00,0.00,0.00,0.00,0.00,0.00,0.00,5.347,0.0016,2.673,0.00081,19.42,0.753,0.00,0.00,32.08,0.0097,0.00,0.00,0.00,0.00,0.00,0.00,0.00,0.00,0.039
-93.75875804,42.01885205,30,TaskName 5/12/2025 (GreenStar 4 Monitor),Valor/ag saver,24,5/12/2025,0.996,On,1101.9,121.25,0.00,9.584,13.99,5.415,89.27,19.99,19.91,0,1,140.78,5/12/2025,Good,0.00,0.00,0.00,0.00,0.00,0.00,0.00,5.309,0.0016,2.654,0.00081,19.28,0.751,0.00,0.00,31.85,0.0097,0.00,0.00,0.00,0.00,0.00,0.00,0.00,0.00,0.039
-93.75870688,42.01885227,30,TaskName 5/12/2025 (GreenStar 4 Monitor),Valor/ag saver,25,5/12/2025,1.005,On,1102.0,121.25,0.00,9.576,14.11,6.037,88.74,19.99,19.95,0,1,140.66,5/12/2025,Good,0.00,0.00,0.00,0.00,0.00,0.00,0.00,5.319,0.0016,2.660,0.00082,19.32,0.759,0.00,0.00,31.92,0.0098,0.00,0.00,0.00,0.00,0.00,0.00,0.00,0.00,0.039
-93.75865494,42.01885320,30,TaskName 5/12/2025 (GreenStar 4 Monitor),Valor/ag saver,26,5/12/2025,0.999,On,1102.0,121.25,0.00,9.524,13.94,5.235,88.98,19.99,20.10,0,1,139.86,5/12/2025,Good,0.00,0.00,0.00,0.00,0.00,0.00,0.00,5.359,0.0016,2.679,0.00081,19.47,0.756,0.00,0.00,32.15,0.0097,0.00,0.00,0.00,0.00,0.00,0.00,0.00,0.00,0.039
-93.75860293,42.01885399,30,TaskName 5/12/2025 (GreenStar 4 Monitor),Valor/ag saver,27,5/12/2025,1.000,On,1101.9,121.25,0.00,9.647,14.14,4.293,89.18,19.99,19.85,0,1,141.70,5/12/2025,Good,0.00,0.00,0.00,0.00,0.00,0.00,0.00,5.293,0.0016,2.647,0.00081,19.23,0.757,0.00,0.00,31.76,0.0098,0.00,0.00,0.00,0.00,0.00,0.00,0.00,0.00,0.039
-93.75855065,42.01885453,30,TaskName 5/12/2025 (GreenStar 4 Monitor),Valor/ag saver,28,5/12/2025,0.996,On,1101.6,121.25,0.00,9.632,14.07,4.565,89.20,19.99,19.96,0,1,141.51,5/12/2025,Good,0.00,0.00,0.00,0.00,0.00,0.00,0.00,5.323,0.0016,2.662,0.00081,19.34,0.757,0.00,0.00,31.94,0.0098,0.00,0.00,0.00,0.00,0.00,0.00,0.00,0.00,0.039
-93.75849815,42.01885500,30,TaskName 5/12/2025 (GreenStar 4 Monitor),Valor/ag saver,29,5/12/2025,1.005,On,1101.3,121.25,0.00,9.706,14.28,4.500,89.39,19.99,20.02,0,1,142.40,5/12/2025,Good,0.00,0.00,0.00,0.00,0.00,0.00,0.00,5.338,0.0017,2.669,0.00083,19.39,0.771,0.00,0.00,32.03,0.0099,0.00,0.00,0.00,0.00,0.00,0.00,0.00,0.00,0.040
-93.75844566,42.01885547,30,TaskName 5/12/2025 (GreenStar 4 Monitor),Valor/ag saver,30,5/12/2025,0.999,On,1101.0,121.25,0.00,9.734,14.27,4.703,89.32,19.99,19.93,0,1,143.12,5/12/2025,Good,0.00,0.00,0.00,0.00,0.00,0.00,0.00,5.314,0.0016,2.657,0.00082,19.30,0.767,0.00,0.00,31.89,0.0099,0.00,0.00,0.00,0.00,0.00,0.00,0.00,0.00,0.040
-93.75839275,42.01885576,30,TaskName 5/12/2025 (GreenStar 4 Monitor),Valor/ag saver,31,5/12/2025,1.000,On,1100.5,121.25,0.00,9.772,14.32,4.689,89.09,19.99,19.97,0,1,143.54,5/12/2025,Good,0.00,0.00,0.00,0.00,0.00,0.00,0.00,5.326,0.0017,2.663,0.00083,19.35,0.771,0.00,0.00,31.96,0.0100,0.00,0.00,0.00,0.00,0.00,0.00,0.00,0.00,0.040
-93.75833948,42.01885626,30,TaskName 5/12/2025 (GreenStar 4 Monitor),Valor/ag saver,32,5/12/2025,1.005,On,1100.3,121.25,0.00,9.813,14.46,4.611,89.07,19.99,19.94,0,1,144.16,5/12/2025,Good,0.00,0.00,0.00,0.00,0.00,0.00,0.00,5.317,0.0017,2.659,0.00084,19.32,0.777,0.00,0.00,31.90,0.010,0.00,0.00,0.00,0.00,0.00,0.00,0.00,0.00,0.040
-93.75828652,42.01885679,30,TaskName 5/12/2025 (GreenStar 4 Monitor),Valor/ag saver,33,5/12/2025,0.996,On,1100.0,121.25,0.00,9.860,14.38,4.560,88.93,19.99,19.86,0,1,144.71,5/12/2025,Good,0.00,0.00,0.00,0.00,0.00,0.00,0.00,5.296,0.0017,2.648,0.00083,19.24,0.770,0.00,0.00,31.78,0.0099,0.00,0.00,0.00,0.00,0.00,0.00,0.00,0.00,0.040
-93.75823347,42.01885754,30,TaskName 5/12/2025 (GreenStar 4 Monitor),Valor/ag saver,34,5/12/2025,0.999,On,1099.8,121.25,0.00,9.800,14.36,6.021,89.29,19.99,20.00,0,1,144.08,5/12/2025,Good,0.00,0.00,0.00,0.00,0.00,0.00,0.00,5.332,0.0017,2.666,0.00083,19.37,0.774,0.00,0.00,31.99,0.0100,0.00,0.00,0.00,0.00,0.00,0.00,0.00,0.00,0.040
-93.75817860,42.01885808,30,TaskName 5/12/2025 (GreenStar 4 Monitor),Valor/ag saver,35,5/12/2025,1.001,On,1099.5,121.25,0.00,10.02,14.69,5.675,89.60,19.99,19.95,0,1,147.01,5/12/2025,Good,0.00,0.00,0.00,0.00,0.00,0.00,0.00,5.321,0.0017,2.660,0.00085,19.33,0.790,0.00,0.00,31.93,0.010,0.00,0.00,0.00,0.00,0.00,0.00,0.00,0.00,0.041
-93.75812348,42.01885815,30,TaskName 5/12/2025 (GreenStar 4 Monitor),Valor/ag saver,36,5/12/2025,0.995,On,1099.2,121.25,0.00,10.22,14.91,4.877,89.28,19.99,19.90,0,1,150.21,5/12/2025,Good,0.00,0.00,0.00,0.00,0.00,0.00,0.00,5.308,0.0017,2.654,0.00086,19.28,0.800,0.00,0.00,31.85,0.010,0.00,0.00,0.00,0.00,0.00,0.00,0.00,0.00,0.042
-93.75806819,42.01885846,30,TaskName 5/12/2025 (GreenStar 4 Monitor),Valor/ag saver,37,5/12/2025,1.004,On,1099.0,121.25,0.00,10.20,15.01,5.097,88.92,19.99,19.90,0,1,149.81,5/12/2025,Good,0.00,0.00,0.00,0.00,0.00,0.00,0.00,5.308,0.0017,2.654,0.00087,19.28,0.806,0.00,0.00,31.85,0.010,0.00,0.00,0.00,0.00,0.00,0.00,0.00,0.00,0.042
-93.75801345,42.01885947,30,TaskName 5/12/2025 (GreenStar 4 Monitor),Valor/ag saver,38,5/12/2025,0.996,On,1098.7,121.25,0.00,10.18,14.86,5.449,89.46,19.99,19.86,0,1,149.46,5/12/2025,Good,0.00,0.00,0.00,0.00,0.00,0.00,0.00,5.295,0.0017,2.648,0.00086,19.23,0.795,0.00,0.00,31.77,0.010,0.00,0.00,0.00,0.00,0.00,0.00,0.00,0.00,0.041
-93.75795864,42.01886001,30,TaskName 5/12/2025 (GreenStar 4 Monitor),Valor/ag saver,39,5/12/2025,1.004,On,1098.7,121.25,0.00,10.12,14.91,5.564,89.73,19.99,19.91,0,1,148.83,5/12/2025,Good,0.00,0.00,0.00,0.00,0.00,0.00,0.00,5.311,0.0017,2.655,0.00086,19.29,0.801,0.00,0.00,31.86,0.010,0.00,0.00,0.00,0.00,0.00,0.00,0.00,0.00,0.042
-93.75790395,42.01885997,30,TaskName 5/12/2025 (GreenStar 4 Monitor),Valor/ag saver,40,5/12/2025,0.995,On,1098.6,121.25,0.00,10.16,14.83,4.998,89.59,19.99,19.98,0,1,149.31,5/12/2025,Good,0.00,0.00,0.00,0.00,0.00,0.00,0.00,5.328,0.0017,2.664,0.00086,19.35,0.799,0.00,0.00,31.97,0.010,0.00,0.00,0.00,0.00,0.00,0.00,0.00,0.00,0.041
-93.75785012,42.01885999,30,TaskName 5/12/2025 (GreenStar 4 Monitor),Valor/ag saver,41,5/12/2025,1.006,On,1098.8,121.25,0.00,10.09,14.86,3.992,89.38,19.99,19.85,0,1,148.01,5/12/2025,Good,0.00,0.00,0.00,0.00,0.00,0.00,0.00,5.293,0.0017,2.646,0.00086,19.23,0.795,0.00,0.00,31.76,0.010,0.00,0.00,0.00,0.00,0.00,0.00,0.00,0.00,0.041
-93.75780025,42.01886035,30,TaskName 5/12/2025 (GreenStar 4 Monitor),Valor/ag saver,42,5/12/2025,0.994,On,1098.7,121.25,0.00,9.683,14.11,5.854,89.42,19.99,20.06,0,1,142.29,5/12/2025,Good,0.00,0.00,0.00,0.00,0.00,0.00,0.00,5.349,0.0016,2.674,0.00082,19.43,0.763,0.00,0.00,32.09,0.0099,0.00,0.00,0.00,0.00,0.00,0.00,0.00,0.00,0.039
-93.75774960,42.01886063,30,TaskName 5/12/2025 (GreenStar 4 Monitor),Valor/ag saver,43,5/12/2025,1.000,On,1098.6,121.25,0.00,9.294,13.62,4.730,88.77,19.99,20.15,0,1,136.50,5/12/2025,Good,0.00,0.00,0.00,0.00,0.00,0.00,0.00,5.373,0.0016,2.686,0.00080,19.52,0.740,0.00,0.00,32.24,0.0095,0.00,0.00,0.00,0.00,0.00,0.00,0.00,0.00,0.038
-93.75770257,42.01886107,30,TaskName 5/12/2025 (GreenStar 4 Monitor),Valor/ag saver,44,5/12/2025,1.010,On,1098.4,121.25,0.00,9.112,13.49,4.034,87.96,19.99,20.09,0,1,133.85,5/12/2025,Good,0.00,0.00,0.00,0.00,0.00,0.00,0.00,5.358,0.0016,2.679,0.00079,19.46,0.731,0.00,0.00,32.15,0.0094,0.00,0.00,0.00,0.00,0.00,0.00,0.00,0.00,0.038
-93.75765641,42.01886240,30,TaskName 5/12/2025 (GreenStar 4 Monitor),Valor/ag saver,45,5/12/2025,0.990,On,1098.4,121.25,0.00,8.583,12.45,5.141,88.50,19.99,20.16,0,1,126.03,5/12/2025,Good,0.00,0.00,0.00,0.00,0.00,0.00,0.00,5.377,0.0015,2.689,0.00073,19.53,0.677,0.00,0.00,32.26,0.0087,0.00,0.00,0.00,0.00,0.00,0.00,0.00,0.00,0.035
-93.75761181,42.01886341,30,TaskName 5/12/2025 (GreenStar 4 Monitor),Valor/ag saver,46,5/12/2025,1.000,On,1098.4,121.25,0.00,8.527,12.49,3.747,89.02,19.99,20.06,0,1,125.19,5/12/2025,Good,0.00,0.00,0.00,0.00,0.00,0.00,0.00,5.351,0.0015,2.675,0.00073,19.44,0.676,0.00,0.00,32.10,0.0087,0.00,0.00,0.00,0.00,0.00,0.00,0.00,0.00,0.035
-93.75756831,42.01886396,30,TaskName 5/12/2025 (GreenStar 4 Monitor),Valor/ag saver,47,5/12/2025,1.000,On,1098.4,121.25,0.00,8.086,11.85,4.814,88.85,19.99,20.10,0,1,118.75,5/12/2025,Good,0.00,0.00,0.00,0.00,0.00,0.00,0.00,5.361,0.0014,2.680,0.00069,19.47,0.642,0.00,0.00,32.16,0.0083,0.00,0.00,0.00,0.00,0.00,0.00,0.00,0.00,0.033
-93.75752793,42.01886455,30,TaskName 5/12/2025 (GreenStar 4 Monitor),Valor/ag saver,48,5/12/2025,1.001,On,1098.4,121.25,0.00,7.832,11.48,3.353,88.76,19.99,20.04,0,1,114.88,5/12/2025,Good,0.00,0.00,0.00,0.00,0.00,0.00,0.00,5.343,0.0013,2.671,0.00067,19.41,0.620,0.00,0.00,32.06,0.0080,0.00,0.00,0.00,0.00,0.00,0.00,0.00,0.00,0.032
-93.75749056,42.01886506,30,TaskName 5/12/2025 (GreenStar 4 Monitor),Valor/ag saver,49,5/12/2025,1.000,On,1098.0,121.25,0.00,7.253,10.65,2.685,88.70,19.99,20.23,0,1,106.71,5/12/2025,Good,0.00,0.00,0.00,0.00,0.00,0.00,0.00,5.394,0.0012,2.697,0.00062,19.59,0.581,0.00,0.00,32.36,0.0075,0.00,0.00,0.00,0.00,0.00,0.00,0.00,0.00,0.030
-93.75745680,42.01886553,30,TaskName 5/12/2025 (GreenStar 4 Monitor),Valor/ag saver,50,5/12/2025,1.000,On,1097.5,121.25,0.00,6.707,9.826,1.509,88.32,19.99,20.04,0,1,98.46,5/12/2025,Good,0.00,0.00,0.00,0.00,0.00,0.00,0.00,5.345,0.0011,2.672,0.00057,19.42,0.531,0.00,0.00,32.07,0.0069,0.00,0.00,0.00,0.00,0.00,0.00,0.00,0.00,0.027
-93.75743251,42.01886607,30,TaskName 5/12/2025 (GreenStar 4 Monitor),Valor/ag saver,51,5/12/2025,0.999,On,1096.7,121.25,0.00,5.642,8.228,1.905,88.36,19.99,20.14,0,1,82.53,5/12/2025,Good,0.00,0.00,0.00,0.00,0.00,0.00,0.00,5.370,0.00096,2.685,0.00048,19.50,0.447,0.00,0.00,32.22,0.0058,0.00,0.00,0.00,0.00,0.00,0.00,0.00,0.00,0.023
-93.75742510,42.01886627,30,TaskName 5/12/2025 (GreenStar 4 Monitor),Valor/ag saver,52,5/12/2025,0.610,On,1096.6,121.25,0.00,2.467,2.163,3.226,88.37,19.99,20.48,0,1,35.54,5/12/2025,Good,0.00,0.00,0.00,0.00,0.00,0.00,0.00,5.462,0.00026,2.731,0.00013,19.84,0.119,0.00,0.00,32.77,0.0015,0.00,0.00,0.00,0.00,0.00,0.00,0.00,0.00,0.0060
-93.75766093,42.01905254,30,TaskName 5/12/2025 (GreenStar 4 Monitor),Valor/ag saver,53,5/12/2025,1.000,On,1097.7,121.25,0.00,7.717,11.31,5.018,359.27,19.99,19.62,0,2,113.33,5/12/2025,Good,0.00,0.00,0.00,0.00,0.00,0.00,0.00,5.233,0.0013,2.616,0.00064,19.01,0.598,0.00,0.00,31.40,0.0077,0.00,0.00,0.00,0.00,0.00,0.00,0.00,0.00,0.031
-93.75766155,42.01908463,30,TaskName 5/12/2025 (GreenStar 4 Monitor),Valor/ag saver,54,5/12/2025,0.990,On,1097.5,121.25,0.00,7.945,11.53,4.692,359.69,19.99,20.03,0,2,116.69,5/12/2025,Good,0.00,0.00,0.00,0.00,0.00,0.00,0.00,5.340,0.0013,2.670,0.00067,19.40,0.622,0.00,0.00,32.04,0.0080,0.00,0.00,0.00,0.00,0.00,0.00,0.00,0.00,0.032
-93.75766161,42.01911684,30,TaskName 5/12/2025 (GreenStar 4 Monitor),Valor/ag saver,55,5/12/2025,1.005,On,1097.3,121.25,0.00,7.999,11.79,5.014,359.61,19.99,19.99,0,2,117.54,5/12/2025,Good,0.00,0.00,0.00,0.00,0.00,0.00,0.00,5.331,0.0014,2.665,0.00068,19.36,0.635,0.00,0.00,31.98,0.0082,0.00,0.00,0.00,0.00,0.00,0.00,0.00,0.00,0.033
-93.75766220,42.01914948,30,TaskName 5/12/2025 (GreenStar 4 Monitor),Valor/ag saver,56,5/12/2025,1.000,On,1097.1,121.25,0.00,8.042,11.78,5.049,359.97,19.99,20.00,0,2,118.03,5/12/2025,Good,0.00,0.00,0.00,0.00,0.00,0.00,0.00,5.334,0.0014,2.667,0.00068,19.38,0.635,0.00,0.00,32.01,0.0082,0.00,0.00,0.00,0.00,0.00,0.00,0.00,0.00,0.033
-93.75766240,42.01918212,30,TaskName 5/12/2025 (GreenStar 4 Monitor),Valor/ag saver,57,5/12/2025,1.005,On,1096.9,121.25,0.00,8.121,11.97,4.890,0.133,19.99,19.93,0,2,119.31,5/12/2025,Good,0.00,0.00,0.00,0.00,0.00,0.00,0.00,5.313,0.0014,2.657,0.00069,19.30,0.643,0.00,0.00,31.88,0.0083,0.00,0.00,0.00,0.00,0.00,0.00,0.00,0.00,0.033
-93.75766222,42.01921502,30,TaskName 5/12/2025 (GreenStar 4 Monitor),Valor/ag saver,58,5/12/2025,0.994,On,1096.8,121.25,0.00,8.129,11.87,5.103,359.82,19.99,19.98,0,2,119.64,5/12/2025,Good,0.00,0.00,0.00,0.00,0.00,0.00,0.00,5.328,0.0014,2.664,0.00069,19.35,0.639,0.00,0.00,31.97,0.0083,0.00,0.00,0.00,0.00,0.00,0.00,0.00,0.00,0.033
-93.75766219,42.01924779,30,TaskName 5/12/2025 (GreenStar 4 Monitor),Valor/ag saver,59,5/12/2025,0.995,On,1096.8,121.25,0.00,8.158,11.91,5.233,359.92,19.99,19.92,0,2,119.91,5/12/2025,Good,0.00,0.00,0.00,0.00,0.00,0.00,0.00,5.313,0.0014,2.656,0.00069,19.30,0.640,0.00,0.00,31.88,0.0083,0.00,0.00,0.00,0.00,0.00,0.00,0.00,0.00,0.033
-93.75766233,42.01928045,30,TaskName 5/12/2025 (GreenStar 4 Monitor),Valor/ag saver,60,5/12/2025,1.001,On,1096.7,121.25,0.00,8.130,11.92,5.237,0.251,19.99,19.98,0,2,119.36,5/12/2025,Good,0.00,0.00,0.00,0.00,0.00,0.00,0.00,5.327,0.0014,2.664,0.00069,19.35,0.642,0.00,0.00,31.96,0.0083,0.00,0.00,0.00,0.00,0.00,0.00,0.00,0.00,0.033
-93.75766232,42.01931319,30,TaskName 5/12/2025 (GreenStar 4 Monitor),Valor/ag saver,61,5/12/2025,1.005,On,1096.7,121.25,0.00,8.121,11.98,4.645,0.243,19.99,20.03,0,2,119.47,5/12/2025,Good,0.00,0.00,0.00,0.00,0.00,0.00,0.00,5.341,0.0014,2.670,0.00070,19.40,0.647,0.00,0.00,32.04,0.0083,0.00,0.00,0.00,0.00,0.00,0.00,0.00,0.00,0.033
-93.75766211,42.01934583,30,TaskName 5/12/2025 (GreenStar 4 Monitor),Valor/ag saver,62,5/12/2025,0.994,On,1096.6,121.25,0.00,8.126,11.85,5.097,0.141,19.99,20.02,0,2,119.44,5/12/2025,Good,0.00,0.00,0.00,0.00,0.00,0.00,0.00,5.340,0.0014,2.670,0.00069,19.40,0.640,0.00,0.00,32.04,0.0083,0.00,0.00,0.00,0.00,0.00,0.00,0.00,0.00,0.033
-93.75766187,42.01937830,30,TaskName 5/12/2025 (GreenStar 4 Monitor),Valor/ag saver,63,5/12/2025,1.001,On,1096.7,121.25,0.00,8.071,11.85,5.524,359.97,19.99,19.92,0,2,118.61,5/12/2025,Good,0.00,0.00,0.00,0.00,0.00,0.00,0.00,5.313,0.0014,2.656,0.00068,19.30,0.636,0.00,0.00,31.88,0.0082,0.00,0.00,0.00,0.00,0.00,0.00,0.00,0.00,0.033
-93.75766174,42.01941084,30,TaskName 5/12/2025 (GreenStar 4 Monitor),Valor/ag saver,64,5/12/2025,1.009,On,1096.8,121.25,0.00,8.070,11.94,5.355,359.93,19.99,19.92,0,2,118.61,5/12/2025,Good,0.00,0.00,0.00,0.00,0.00,0.00,0.00,5.313,0.0014,2.657,0.00069,19.30,0.642,0.00,0.00,31.88,0.0083,0.00,0.00,0.00,0.00,0.00,0.00,0.00,0.00,0.033
-93.75766190,42.01944301,30,TaskName 5/12/2025 (GreenStar 4 Monitor),Valor/ag saver,65,5/12/2025,0.995,On,1096.8,121.25,0.00,8.043,11.74,5.868,0.102,19.99,19.91,0,2,118.20,5/12/2025,Good,0.00,0.00,0.00,0.00,0.00,0.00,0.00,5.310,0.0014,2.655,0.00068,19.29,0.630,0.00,0.00,31.86,0.0081,0.00,0.00,0.00,0.00,0.00,0.00,0.00,0.00,0.033
-93.75766187,42.01947559,30,TaskName 5/12/2025 (GreenStar 4 Monitor),Valor/ag saver,66,5/12/2025,1.001,On,1096.9,121.25,0.00,8.050,11.81,5.651,0.055,19.99,19.93,0,2,118.18,5/12/2025,Good,0.00,0.00,0.00,0.00,0.00,0.00,0.00,5.315,0.0014,2.658,0.00068,19.31,0.634,0.00,0.00,31.89,0.0082,0.00,0.00,0.00,0.00,0.00,0.00,0.00,0.00,0.033
-93.75766184,42.01950837,30,TaskName 5/12/2025 (GreenStar 4 Monitor),Valor/ag saver,67,5/12/2025,0.999,On,1096.7,121.25,0.00,8.134,11.93,5.259,0.031,19.99,19.89,0,2,119.67,5/12/2025,Good,0.00,0.00,0.00,0.00,0.00,0.00,0.00,5.304,0.0014,2.652,0.00069,19.27,0.640,0.00,0.00,31.83,0.0083,0.00,0.00,0.00,0.00,0.00,0.00,0.00,0.00,0.033
-93.75766190,42.01954122,30,TaskName 5/12/2025 (GreenStar 4 Monitor),Valor/ag saver,68,5/12/2025,1.000,On,1096.6,121.25,0.00,8.150,11.95,5.118,0.118,19.99,19.93,0,2,119.78,5/12/2025,Good,0.00,0.00,0.00,0.00,0.00,0.00,0.00,5.314,0.0014,2.657,0.00069,19.30,0.642,0.00,0.00,31.88,0.0083,0.00,0.00,0.00,0.00,0.00,0.00,0.00,0.00,0.033
-93.75766197,42.01957423,30,TaskName 5/12/2025 (GreenStar 4 Monitor),Valor/ag saver,69,5/12/2025,1.000,On,1096.5,121.25,0.00,8.160,11.97,4.907,0.133,19.99,19.90,0,2,119.94,5/12/2025,Good,0.00,0.00,0.00,0.00,0.00,0.00,0.00,5.307,0.0014,2.653,0.00069,19.28,0.642,0.00,0.00,31.84,0.0083,0.00,0.00,0.00,0.00,0.00,0.00,0.00,0.00,0.033
-93.75766166,42.01960735,30,TaskName 5/12/2025 (GreenStar 4 Monitor),Valor/ag saver,70,5/12/2025,0.995,On,1096.3,121.25,0.00,8.198,11.97,4.147,359.88,19.99,19.88,0,2,120.51,5/12/2025,Good,0.00,0.00,0.00,0.00,0.00,0.00,0.00,5.301,0.0014,2.650,0.00069,19.26,0.641,0.00,0.00,31.80,0.0083,0.00,0.00,0.00,0.00,0.00,0.00,0.00,0.00,0.033
-93.75766187,42.01964011,30,TaskName 5/12/2025 (GreenStar 4 Monitor),Valor/ag saver,71,5/12/2025,1.001,On,1096.2,121.25,0.00,8.192,12.01,4.932,359.98,19.99,19.97,0,2,120.25,5/12/2025,Good,0.00,0.00,0.00,0.00,0.00,0.00,0.00,5.326,0.0014,2.663,0.00070,19.35,0.647,0.00,0.00,31.96,0.0083,0.00,0.00,0.00,0.00,0.00,0.00,0.00,0.00,0.033
-93.75766218,42.01967307,30,TaskName 5/12/2025 (GreenStar 4 Monitor),Valor/ag saver,72,5/12/2025,1.005,On,1096.0,121.25,0.00,8.148,12.02,4.554,0.321,19.99,19.99,0,2,119.87,5/12/2025,Good,0.00,0.00,0.00,0.00,0.00,0.00,0.00,5.331,0.0014,2.665,0.00070,19.36,0.648,0.00,0.00,31.98,0.0084,0.00,0.00,0.00,0.00,0.00,0.00,0.00,0.00,0.033
-93.75766178,42.01970589,30,TaskName 5/12/2025 (GreenStar 4 Monitor),Valor/ag saver,73,5/12/2025,1.000,On,1095.8,121.25,0.00,8.173,11.97,4.122,0.047,19.99,19.91,0,2,119.97,5/12/2025,Good,0.00,0.00,0.00,0.00,0.00,0.00,0.00,5.310,0.0014,2.655,0.00069,19.29,0.643,0.00,0.00,31.86,0.0083,0.00,0.00,0.00,0.00,0.00,0.00,0.00,0.00,0.033
-93.75766151,42.01973882,30,TaskName 5/12/2025 (GreenStar 4 Monitor),Valor/ag saver,74,5/12/2025,1.004,On,1095.6,121.25,0.00,8.170,12.04,4.154,359.98,19.99,19.91,0,2,120.18,5/12/2025,Good,0.00,0.00,0.00,0.00,0.00,0.00,0.00,5.308,0.0014,2.654,0.00069,19.28,0.646,0.00,0.00,31.85,0.0083,0.00,0.00,0.00,0.00,0.00,0.00,0.00,0.00,0.034
-93.75766154,42.01977164,30,TaskName 5/12/2025 (GreenStar 4 Monitor),Valor/ag saver,75,5/12/2025,0.991,On,1095.4,121.25,0.00,8.161,11.86,4.766,359.99,19.99,19.89,0,2,119.93,5/12/2025,Good,0.00,0.00,0.00,0.00,0.00,0.00,0.00,5.304,0.0014,2.652,0.00068,19.27,0.636,0.00,0.00,31.82,0.0082,0.00,0.00,0.00,0.00,0.00,0.00,0.00,0.00,0.033
-93.75766140,42.01980449,30,TaskName 5/12/2025 (GreenStar 4 Monitor),Valor/ag saver,76,5/12/2025,0.999,On,1095.1,121.25,0.00,8.170,11.97,4.615,359.70,19.99,19.88,0,2,120.09,5/12/2025,Good,0.00,0.00,0.00,0.00,0.00,0.00,0.00,5.303,0.0014,2.651,0.00069,19.26,0.642,0.00,0.00,31.82,0.0083,0.00,0.00,0.00,0.00,0.00,0.00,0.00,0.00,0.033
-93.75766165,42.01983756,30,TaskName 5/12/2025 (GreenStar 4 Monitor),Valor/ag saver,77,5/12/2025,1.001,On,1094.9,121.25,0.00,8.178,12.01,4.657,359.93,19.99,19.93,0,2,120.18,5/12/2025,Good,0.00,0.00,0.00,0.00,0.00,0.00,0.00,5.316,0.0014,2.658,0.00069,19.31,0.645,0.00,0.00,31.89,0.0083,0.00,0.00,0.00,0.00,0.00,0.00,0.00,0.00,0.033
-93.75766195,42.01987025,30,TaskName 5/12/2025 (GreenStar 4 Monitor),Valor/ag saver,78,5/12/2025,1.000,On,1094.7,121.25,0.00,8.148,11.95,4.954,0.259,19.99,19.92,0,2,119.74,5/12/2025,Good,0.00,0.00,0.00,0.00,0.00,0.00,0.00,5.312,0.0014,2.656,0.00069,19.30,0.642,0.00,0.00,31.87,0.0083,0.00,0.00,0.00,0.00,0.00,0.00,0.00,0.00,0.033
-93.75766158,42.01990316,30,TaskName 5/12/2025 (GreenStar 4 Monitor),Valor/ag saver,79,5/12/2025,1.010,On,1094.5,121.25,0.00,8.157,12.09,4.790,0.0078,19.99,19.93,0,2,119.92,5/12/2025,Good,0.00,0.00,0.00,0.00,0.00,0.00,0.00,5.314,0.0014,2.657,0.00070,19.30,0.649,0.00,0.00,31.88,0.0084,0.00,0.00,0.00,0.00,0.00,0.00,0.00,0.00,0.034
-93.75766148,42.01993616,30,TaskName 5/12/2025 (GreenStar 4 Monitor),Valor/ag saver,80,5/12/2025,0.994,On,1094.4,121.25,0.00,8.194,11.95,4.140,359.98,19.99,19.93,0,2,120.47,5/12/2025,Good,0.00,0.00,0.00,0.00,0.00,0.00,0.00,5.314,0.0014,2.657,0.00069,19.30,0.642,0.00,0.00,31.88,0.0083,0.00,0.00,0.00,0.00,0.00,0.00,0.00,0.00,0.033
-93.75766164,42.01996886,30,TaskName 5/12/2025 (GreenStar 4 Monitor),Valor/ag saver,81,5/12/2025,0.996,On,1094.3,121.25,0.00,8.162,11.92,4.317,359.96,19.99,20.00,0,2,119.93,5/12/2025,Good,0.00,0.00,0.00,0.00,0.00,0.00,0.00,5.334,0.0014,2.667,0.00069,19.38,0.643,0.00,0.00,32.01,0.0083,0.00,0.00,0.00,0.00,0.00,0.00,0.00,0.00,0.033
-93.75766147,42.02000167,30,TaskName 5/12/2025 (GreenStar 4 Monitor),Valor/ag saver,82,5/12/2025,1.000,On,1094.0,121.25,0.00,8.133,11.93,4.274,359.83,19.99,20.00,0,2,119.55,5/12/2025,Good,0.00,0.00,0.00,0.00,0.00,0.00,0.00,5.332,0.0014,2.666,0.00069,19.37,0.643,0.00,0.00,31.99,0.0083,0.00,0.00,0.00,0.00,0.00,0.00,0.00,0.00,0.033
-93.75766141,42.02003486,30,TaskName 5/12/2025 (GreenStar 4 Monitor),Valor/ag saver,83,5/12/2025,1.010,On,1093.6,121.25,0.00,8.205,12.16,4.123,359.86,19.99,19.84,0,2,120.61,5/12/2025,Good,0.00,0.00,0.00,0.00,0.00,0.00,0.00,5.290,0.0014,2.645,0.00070,19.22,0.650,0.00,0.00,31.74,0.0084,0.00,0.00,0.00,0.00,0.00,0.00,0.00,0.00,0.034
-93.75766182,42.02006839,30,TaskName 5/12/2025 (GreenStar 4 Monitor),Valor/ag saver,84,5/12/2025,0.990,On,1092.9,121.25,0.00,8.292,12.03,3.838,0.149,19.99,19.85,0,2,121.76,5/12/2025,Good,0.00,0.00,0.00,0.00,0.00,0.00,0.00,5.294,0.0014,2.647,0.00069,19.23,0.644,0.00,0.00,31.76,0.0083,0.00,0.00,0.00,0.00,0.00,0.00,0.00,0.00,0.033
-93.75766180,42.02010239,30,TaskName 5/12/2025 (GreenStar 4 Monitor),Valor/ag saver,85,5/12/2025,0.999,On,1092.5,121.25,0.00,8.409,12.33,3.204,0.133,19.99,19.88,0,2,123.68,5/12/2025,Good,0.00,0.00,0.00,0.00,0.00,0.00,0.00,5.301,0.0014,2.650,0.00071,19.26,0.661,0.00,0.00,31.80,0.0085,0.00,0.00,0.00,0.00,0.00,0.00,0.00,0.00,0.034
-93.75766159,42.02013562,30,TaskName 5/12/2025 (GreenStar 4 Monitor),Valor/ag saver,86,5/12/2025,1.000,On,1092.2,121.25,0.00,8.354,12.25,4.005,0.055,19.99,19.84,0,2,122.76,5/12/2025,Good,0.00,0.00,0.00,0.00,0.00,0.00,0.00,5.290,0.0014,2.645,0.00070,19.22,0.655,0.00,0.00,31.74,0.0085,0.00,0.00,0.00,0.00,0.00,0.00,0.00,0.00,0.034
-93.75766146,42.02016841,30,TaskName 5/12/2025 (GreenStar 4 Monitor),Valor/ag saver,87,5/12/2025,1.000,On,1092.0,121.25,0.00,8.188,12.01,4.761,0.039,19.99,19.98,0,2,120.33,5/12/2025,Good,0.00,0.00,0.00,0.00,0.00,0.00,0.00,5.327,0.0014,2.664,0.00070,19.35,0.647,0.00,0.00,31.96,0.0083,0.00,0.00,0.00,0.00,0.00,0.00,0.00,0.00,0.033
-93.75766124,42.02020132,30,TaskName 5/12/2025 (GreenStar 4 Monitor),Valor/ag saver,88,5/12/2025,0.996,On,1091.7,121.25,0.00,8.175,11.93,4.706,359.73,19.99,19.98,0,2,119.99,5/12/2025,Good,0.00,0.00,0.00,0.00,0.00,0.00,0.00,5.328,0.0014,2.664,0.00069,19.35,0.643,0.00,0.00,31.97,0.0083,0.00,0.00,0.00,0.00,0.00,0.00,0.00,0.00,0.033
-93.75766145,42.02023439,30,TaskName 5/12/2025 (GreenStar 4 Monitor),Valor/ag saver,89,5/12/2025,1.004,On,1091.5,121.25,0.00,8.196,12.08,4.355,359.73,19.99,19.95,0,2,120.57,5/12/2025,Good,0.00,0.00,0.00,0.00,0.00,0.00,0.00,5.321,0.0014,2.661,0.00070,19.33,0.650,0.00,0.00,31.93,0.0084,0.00,0.00,0.00,0.00,0.00,0.00,0.00,0.00,0.034
-93.75766172,42.02026977,30,TaskName 5/12/2025 (GreenStar 4 Monitor),Valor/ag saver,90,5/12/2025,1.000,On,1091.2,121.25,0.00,8.496,12.45,4.618,0.094,19.99,19.98,0,2,124.80,5/12/2025,Good,0.00,0.00,0.00,0.00,0.00,0.00,0.00,5.327,0.0014,2.663,0.00072,19.35,0.671,0.00,0.00,31.96,0.0087,0.00,0.00,0.00,0.00,0.00,0.00,0.00,0.00,0.035
-93.75766156,42.02030763,30,TaskName 5/12/2025 (GreenStar 4 Monitor),Valor/ag saver,91,5/12/2025,1.005,On,1091.0,121.25,0.00,8.983,13.23,6.437,0.047,19.99,19.90,0,2,131.93,5/12/2025,Good,0.00,0.00,0.00,0.00,0.00,0.00,0.00,5.307,0.0015,2.654,0.00076,19.28,0.710,0.00,0.00,31.84,0.0092,0.00,0.00,0.00,0.00,0.00,0.00,0.00,0.00,0.037
-93.75766139,42.02034702,30,TaskName 5/12/2025 (GreenStar 4 Monitor),Valor/ag saver,92,5/12/2025,0.995,On,1090.8,121.25,0.00,9.698,14.15,2.585,359.92,19.99,19.67,0,2,142.54,5/12/2025,Good,0.00,0.00,0.00,0.00,0.00,0.00,0.00,5.245,0.0016,2.623,0.00081,19.05,0.751,0.00,0.00,31.47,0.0097,0.00,0.00,0.00,0.00,0.00,0.00,0.00,0.00,0.039
-93.75766162,42.02038587,30,TaskName 5/12/2025 (GreenStar 4 Monitor),Valor/ag saver,93,5/12/2025,1.001,On,1090.5,121.25,0.00,9.660,14.18,5.876,0.180,19.99,19.90,0,2,141.98,5/12/2025,Good,0.00,0.00,0.00,0.00,0.00,0.00,0.00,5.308,0.0016,2.654,0.00082,19.28,0.761,0.00,0.00,31.85,0.0098,0.00,0.00,0.00,0.00,0.00,0.00,0.00,0.00,0.039
-93.75766142,42.02042725,30,TaskName 5/12/2025 (GreenStar 4 Monitor),Valor/ag saver,94,5/12/2025,0.999,On,1090.4,121.25,0.00,9.902,14.50,7.180,359.88,19.99,19.93,0,2,145.43,5/12/2025,Good,0.00,0.00,0.00,0.00,0.00,0.00,0.00,5.316,0.0017,2.658,0.00084,19.31,0.779,0.00,0.00,31.89,0.010,0.00,0.00,0.00,0.00,0.00,0.00,0.00,0.00,0.040
-93.75766140,42.02046714,30,TaskName 5/12/2025 (GreenStar 4 Monitor),Valor/ag saver,95,5/12/2025,1.005,On,1090.2,121.25,0.00,10.27,15.13,2.064,359.91,19.99,19.76,0,2,150.84,5/12/2025,Good,0.00,0.00,0.00,0.00,0.00,0.00,0.00,5.269,0.0017,2.635,0.00087,19.14,0.806,0.00,0.00,31.62,0.010,0.00,0.00,0.00,0.00,0.00,0.00,0.00,0.00,0.042
-93.75766168,42.02050307,30,TaskName 5/12/2025 (GreenStar 4 Monitor),Valor/ag saver,96,5/12/2025,0.995,On,1090.2,121.25,0.00,9.395,13.70,3.776,0.282,19.99,20.07,0,2,137.98,5/12/2025,Good,0.00,0.00,0.00,0.00,0.00,0.00,0.00,5.352,0.0016,2.676,0.00080,19.44,0.741,0.00,0.00,32.11,0.0096,0.00,0.00,0.00,0.00,0.00,0.00,0.00,0.00,0.038
-93.75766124,42.02053862,30,TaskName 5/12/2025 (GreenStar 4 Monitor),Valor/ag saver,97,5/12/2025,0.995,On,1090.1,121.25,0.00,8.845,12.91,6.119,359.84,19.99,20.15,0,2,129.99,5/12/2025,Good,0.00,0.00,0.00,0.00,0.00,0.00,0.00,5.375,0.0015,2.687,0.00075,19.52,0.701,0.00,0.00,32.25,0.0091,0.00,0.00,0.00,0.00,0.00,0.00,0.00,0.00,0.036
-93.75766095,42.02057490,30,TaskName 5/12/2025 (GreenStar 4 Monitor),Valor/ag saver,98,5/12/2025,1.005,On,1090.0,121.25,0.00,8.945,13.19,5.469,359.59,19.99,20.10,0,2,131.47,5/12/2025,Good,0.00,0.00,0.00,0.00,0.00,0.00,0.00,5.360,0.0015,2.680,0.00077,19.47,0.715,0.00,0.00,32.16,0.0092,0.00,0.00,0.00,0.00,0.00,0.00,0.00,0.00,0.037
-93.75766159,42.02061138,30,TaskName 5/12/2025 (GreenStar 4 Monitor),Valor/ag saver,99,5/12/2025,0.996,On,1089.8,121.25,0.00,9.064,13.24,4.824,0.157,19.99,20.03,0,2,133.19,5/12/2025,Good,0.00,0.00,0.00,0.00,0.00,0.00,0.00,5.341,0.0015,2.671,0.00077,19.40,0.715,0.00,0.00,32.05,0.0092,0.00,0.00,0.00,0.00,0.00,0.00,0.00,0.00,0.037
-93.75766136,42.02064774,30,TaskName 5/12/2025 (GreenStar 4 Monitor),Valor/ag saver,100,5/12/2025,1.004,On,1089.7,121.25,0.00,9.022,13.28,6.012,359.87,19.99,19.92,0,2,132.59,5/12/2025,Good,0.00,0.00,0.00,0.00,0.00,0.00,0.00,5.313,0.0015,2.657,0.00077,19.30,0.714,0.00,0.00,31.88,0.0092,0.00,0.00,0.00,0.00,0.00,0.00,0.00,0.00,0.037
-93.75766108,42.02068453,30,TaskName 5/12/2025 (GreenStar 4 Monitor),Valor/ag saver,101,5/12/2025,1.000,On,1089.6,121.25,0.00,9.087,13.33,5.536,359.49,19.99,19.98,0,2,133.55,5/12/2025,Good,0.00,0.00,0.00,0.00,0.00,0.00,0.00,5.329,0.0015,2.664,0.00077,19.36,0.718,0.00,0.00,31.97,0.0093,0.00,0.00,0.00,0.00,0.00,0.00,0.00,0.00,0.037
-93.75766187,42.02072142,30,TaskName 5/12/2025 (GreenStar 4 Monitor),Valor/ag saver,102,5/12/2025,1.001,On,1089.5,121.25,0.00,9.173,13.45,4.580,0.157,19.99,19.89,0,2,134.66,5/12/2025,Good,0.00,0.00,0.00,0.00,0.00,0.00,0.00,5.305,0.0016,2.652,0.00078,19.27,0.722,0.00,0.00,31.83,0.0093,0.00,0.00,0.00,0.00,0.00,0.00,0.00,0.00,0.037
-93.75766187,42.02075803,30,TaskName 5/12/2025 (GreenStar 4 Monitor),Valor/ag saver,103,5/12/2025,1.004,On,1089.4,121.25,0.00,9.123,13.45,4.672,0.267,19.99,19.95,0,2,134.23,5/12/2025,Good,0.00,0.00,0.00,0.00,0.00,0.00,0.00,5.321,0.0016,2.660,0.00078,19.33,0.724,0.00,0.00,31.92,0.0093,0.00,0.00,0.00,0.00,0.00,0.00,0.00,0.00,0.037
-93.75766130,42.02079461,30,TaskName 5/12/2025 (GreenStar 4 Monitor),Valor/ag saver,104,5/12/2025,0.996,On,1089.3,121.25,0.00,9.111,13.29,4.713,359.76,19.99,19.93,0,2,133.75,5/12/2025,Good,0.00,0.00,0.00,0.00,0.00,0.00,0.00,5.314,0.0015,2.657,0.00077,19.30,0.714,0.00,0.00,31.88,0.0092,0.00,0.00,0.00,0.00,0.00,0.00,0.00,0.00,0.037
-93.75766129,42.02083032,30,TaskName 5/12/2025 (GreenStar 4 Monitor),Valor/ag saver,105,5/12/2025,0.999,On,1089.3,121.25,0.00,8.960,13.14,5.313,359.74,19.99,19.96,0,2,131.80,5/12/2025,Good,0.00,0.00,0.00,0.00,0.00,0.00,0.00,5.323,0.0015,2.662,0.00076,19.34,0.707,0.00,0.00,31.94,0.0091,0.00,0.00,0.00,0.00,0.00,0.00,0.00,0.00,0.037
-93.75766170,42.02086593,30,TaskName 5/12/2025 (GreenStar 4 Monitor),Valor/ag saver,106,5/12/2025,1.000,On,1089.3,121.25,0.00,8.802,12.91,5.625,0.235,19.99,20.06,0,2,129.34,5/12/2025,Good,0.00,0.00,0.00,0.00,0.00,0.00,0.00,5.350,0.0015,2.675,0.00075,19.43,0.698,0.00,0.00,32.10,0.0090,0.00,0.00,0.00,0.00,0.00,0.00,0.00,0.00,0.036
-93.75766135,42.02090119,30,TaskName 5/12/2025 (GreenStar 4 Monitor),Valor/ag saver,107,5/12/2025,1.000,On,1089.3,121.25,0.00,8.881,13.03,3.730,0.0076,19.99,19.99,0,2,130.52,5/12/2025,Good,0.00,0.00,0.00,0.00,0.00,0.00,0.00,5.332,0.0015,2.666,0.00076,19.37,0.702,0.00,0.00,31.99,0.0091,0.00,0.00,0.00,0.00,0.00,0.00,0.00,0.00,0.036
-93.75766084,42.02093379,30,TaskName 5/12/2025 (GreenStar 4 Monitor),Valor/ag saver,108,5/12/2025,1.000,On,1089.3,121.25,0.00,8.485,12.44,3.818,359.58,19.99,19.94,0,2,124.64,5/12/2025,Good,0.00,0.00,0.00,0.00,0.00,0.00,0.00,5.316,0.0014,2.658,0.00072,19.31,0.669,0.00,0.00,31.90,0.0086,0.00,0.00,0.00,0.00,0.00,0.00,0.00,0.00,0.035
-93.75766113,42.02096498,30,TaskName 5/12/2025 (GreenStar 4 Monitor),Valor/ag saver,109,5/12/2025,1.000,On,1089.5,121.25,0.00,7.898,11.58,5.178,359.73,19.99,20.08,0,2,116.06,5/12/2025,Good,0.00,0.00,0.00,0.00,0.00,0.00,0.00,5.355,0.0013,2.678,0.00067,19.45,0.627,0.00,0.00,32.13,0.0081,0.00,0.00,0.00,0.00,0.00,0.00,0.00,0.00,0.032
-93.75766141,42.02099556,30,TaskName 5/12/2025 (GreenStar 4 Monitor),Valor/ag saver,110,5/12/2025,1.000,On,1089.4,121.25,0.00,7.754,11.37,3.923,359.88,19.99,20.06,0,2,113.95,5/12/2025,Good,0.00,0.00,0.00,0.00,0.00,0.00,0.00,5.350,0.0013,2.675,0.00066,19.44,0.615,0.00,0.00,32.10,0.0079,0.00,0.00,0.00,0.00,0.00,0.00,0.00,0.00,0.032
-93.75766107,42.02102179,30,TaskName 5/12/2025 (GreenStar 4 Monitor),Valor/ag saver,111,5/12/2025,1.000,On,1089.5,121.25,0.00,7.164,10.49,2.366,359.61,19.99,19.99,0,2,105.14,5/12/2025,Good,0.00,0.00,0.00,0.00,0.00,0.00,0.00,5.329,0.0012,2.665,0.00061,19.36,0.565,0.00,0.00,31.98,0.0073,0.00,0.00,0.00,0.00,0.00,0.00,0.00,0.00,0.029
-93.75766111,42.02103999,30,TaskName 5/12/2025 (GreenStar 4 Monitor),Valor/ag saver,112,5/12/2025,0.800,On,1089.4,121.25,0.00,6.136,7.193,2.324,359.69,19.99,20.19,0,2,90.10,5/12/2025,Good,0.00,0.00,0.00,0.00,0.00,0.00,0.00,5.384,0.00084,2.692,0.00042,19.56,0.392,0.00,0.00,32.31,0.0051,0.00,0.00,0.00,0.00,0.00,0.00,0.00,0.00,0.020
-93.75760708,42.02089392,30,TaskName 5/12/2025 (GreenStar 4 Monitor),Valor/ag saver,113,5/12/2025,0.399,On,1089.4,5.000,58.12,5.203,3.051,8.513,255.36,19.99,20.62,0,3,3.160,5/12/2025,Good,0.00,0.00,0.00,0.00,0.00,0.00,0.00,5.498,1.504e-05,2.749,7.521e-06,19.97,0.0070,0.00,0.00,32.99,9.026e-05,0.00,0.00,0.00,0.00,0.00,0.00,0.00,0.00,0.00035
-93.75762783,42.02088925,30,TaskName 5/12/2025 (GreenStar 4 Monitor),Valor/ag saver,114,5/12/2025,0.595,On,1089.5,3.750,58.75,5.712,4.961,12.19,257.93,19.99,21.18,0,3,2.584,5/12/2025,Good,0.00,0.00,0.00,0.00,0.00,0.00,0.00,5.647,1.884e-05,2.823,9.420e-06,20.51,0.0088,0.00,0.00,33.88,0.00011,0.00,0.00,0.00,0.00,0.00,0.00,0.00,0.00,0.00043
-93.75765192,42.02088458,30,TaskName 5/12/2025 (GreenStar 4 Monitor),Valor/ag saver,115,5/12/2025,0.600,On,1089.5,2.500,59.37,6.863,6.024,7.066,260.72,19.99,21.06,0,3,2.074,5/12/2025,Good,0.00,0.00,0.00,0.00,0.00,0.00,0.00,5.616,1.517e-05,2.808,7.585e-06,20.40,0.0071,0.00,0.00,33.70,9.102e-05,0.00,0.00,0.00,0.00,0.00,0.00,0.00,0.00,0.00035
-93.75768910,42.02087959,30,TaskName 5/12/2025 (GreenStar 4 Monitor),Valor/ag saver,116,5/12/2025,1.000,On,1089.6,1.250,60.00,7.398,10.84,3.241,264.58,19.99,20.40,0,3,1.120,5/12/2025,Good,0.00,0.00,0.00,0.00,0.00,0.00,0.00,5.440,1.322e-05,2.720,6.610e-06,19.76,0.0061,0.00,0.00,32.64,7.932e-05,0.00,0.00,0.00,0.00,0.00,0.00,0.00,0.00,0.00031
-93.75769605,42.02087887,30,TaskName 5/12/2025 (GreenStar 4 Monitor),Valor/ag saver,117,5/12/2025,0.205,On,1089.6,1.250,60.00,6.906,2.083,7.489,265.08,19.99,20.26,0,3,1.050,5/12/2025,Good,0.00,0.00,0.00,0.00,0.00,0.00,0.00,5.402,2.523e-06,2.701,1.262e-06,19.62,0.0012,0.00,0.00,32.41,1.514e-05,0.00,0.00,0.00,0.00,0.00,0.00,0.00,0.00,5.978e-05
-93.75787120,42.02087054,30,TaskName 5/12/2025 (GreenStar 4 Monitor),Valor/ag saver,118,5/12/2025,0.195,On,1090.3,22.50,49.37,7.815,2.234,7.819,265.65,19.99,18.98,0,4,21.31,5/12/2025,Good,0.00,0.00,0.00,0.00,0.00,0.00,0.00,5.060,4.562e-05,2.530,2.281e-05,18.38,0.021,0.00,0.00,30.36,0.00027,0.00,0.00,0.00,0.00,0.00,0.00,0.00,0.00,0.0012
-93.75788035,42.02087019,30,TaskName 5/12/2025 (GreenStar 4 Monitor),Valor/ag saver,119,5/12/2025,0.199,On,1090.3,58.75,31.25,8.009,2.336,6.868,265.28,19.99,19.18,0,4,56.99,5/12/2025,Good,0.00,0.00,0.00,0.00,0.00,0.00,0.00,5.114,0.00013,2.557,6.294e-05,18.58,0.059,0.00,0.00,30.69,0.00076,0.00,0.00,0.00,0.00,0.00,0.00,0.00,0.00,0.0032
-93.75788943,42.02086974,30,TaskName 5/12/2025 (GreenStar 4 Monitor),Valor/ag saver,120,5/12/2025,0.196,On,1090.3,101.25,10.000,8.188,2.352,6.116,264.97,19.99,19.06,0,4,100.43,5/12/2025,Good,0.00,0.00,0.00,0.00,0.00,0.00,0.00,5.083,0.00022,2.542,0.00011,18.46,0.101,0.00,0.00,30.50,0.0013,0.00,0.00,0.00,0.00,0.00,0.00,0.00,0.00,0.0055
-93.75793484,42.02086710,30,TaskName 5/12/2025 (GreenStar 4 Monitor),Valor/ag saver,121,5/12/2025,1.005,On,1090.6,121.25,0.00,8.395,12.37,5.635,262.62,19.99,19.15,0,4,123.29,5/12/2025,Good,0.00,0.00,0.00,0.00,0.00,0.00,0.00,5.107,0.0014,2.553,0.00069,18.55,0.638,0.00,0.00,30.64,0.0082,0.00,0.00,0.00,0.00,0.00,0.00,0.00,0.00,0.034
-93.75797981,42.02086325,30,TaskName 5/12/2025 (GreenStar 4 Monitor),Valor/ag saver,122,5/12/2025,0.999,On,1090.8,121.25,0.00,8.399,12.30,5.828,259.66,19.99,19.62,0,4,123.38,5/12/2025,Good,0.00,0.00,0.00,0.00,0.00,0.00,0.00,5.231,0.0014,2.616,0.00070,19.00,0.651,0.00,0.00,31.39,0.0084,0.00,0.00,0.00,0.00,0.00,0.00,0.00,0.00,0.034
-93.75802462,42.02085757,30,TaskName 5/12/2025 (GreenStar 4 Monitor),Valor/ag saver,123,5/12/2025,0.995,On,1091.0,121.25,0.00,8.424,12.28,5.525,257.03,19.99,19.64,0,4,123.71,5/12/2025,Good,0.00,0.00,0.00,0.00,0.00,0.00,0.00,5.236,0.0014,2.618,0.00070,19.02,0.650,0.00,0.00,31.42,0.0084,0.00,0.00,0.00,0.00,0.00,0.00,0.00,0.00,0.034
-93.75806873,42.02085053,30,TaskName 5/12/2025 (GreenStar 4 Monitor),Valor/ag saver,124,5/12/2025,1.000,On,1091.3,121.25,0.00,8.378,12.28,6.630,253.73,19.99,19.82,0,4,123.06,5/12/2025,Good,0.00,0.00,0.00,0.00,0.00,0.00,0.00,5.286,0.0014,2.643,0.00071,19.20,0.656,0.00,0.00,31.72,0.0085,0.00,0.00,0.00,0.00,0.00,0.00,0.00,0.00,0.034
-93.75811226,42.02084145,30,TaskName 5/12/2025 (GreenStar 4 Monitor),Valor/ag saver,125,5/12/2025,1.005,On,1091.5,121.25,0.00,8.386,12.35,6.446,249.97,19.99,19.88,0,4,123.13,5/12/2025,Good,0.00,0.00,0.00,0.00,0.00,0.00,0.00,5.300,0.0014,2.650,0.00071,19.25,0.662,0.00,0.00,31.80,0.0085,0.00,0.00,0.00,0.00,0.00,0.00,0.00,0.00,0.034
-93.75815600,42.02083008,30,TaskName 5/12/2025 (GreenStar 4 Monitor),Valor/ag saver,126,5/12/2025,0.995,On,1091.7,121.25,0.00,8.500,12.40,6.306,246.67,19.99,19.91,0,4,124.83,5/12/2025,Good,0.00,0.00,0.00,0.00,0.00,0.00,0.00,5.311,0.0014,2.655,0.00072,19.29,0.666,0.00,0.00,31.86,0.0086,0.00,0.00,0.00,0.00,0.00,0.00,0.00,0.00,0.035
-93.75819897,42.02081675,30,TaskName 5/12/2025 (GreenStar 4 Monitor),Valor/ag saver,127,5/12/2025,1.005,On,1091.7,121.25,0.00,8.576,12.63,6.328,244.24,19.99,19.95,0,4,125.94,5/12/2025,Good,0.00,0.00,0.00,0.00,0.00,0.00,0.00,5.320,0.0015,2.660,0.00073,19.33,0.679,0.00,0.00,31.92,0.0088,0.00,0.00,0.00,0.00,0.00,0.00,0.00,0.00,0.035
-93.75824177,42.02080143,30,TaskName 5/12/2025 (GreenStar 4 Monitor),Valor/ag saver,128,5/12/2025,1.001,On,1091.9,121.25,0.00,8.740,12.82,6.116,241.89,19.99,19.91,0,4,128.35,5/12/2025,Good,0.00,0.00,0.00,0.00,0.00,0.00,0.00,5.309,0.0015,2.654,0.00074,19.28,0.688,0.00,0.00,31.85,0.0089,0.00,0.00,0.00,0.00,0.00,0.00,0.00,0.00,0.036
-93.75828441,42.02078481,30,TaskName 5/12/2025 (GreenStar 4 Monitor),Valor/ag saver,129,5/12/2025,1.000,On,1091.9,121.25,0.00,8.839,12.95,6.131,239.16,19.99,19.88,0,4,129.79,5/12/2025,Good,0.00,0.00,0.00,0.00,0.00,0.00,0.00,5.301,0.0015,2.650,0.00075,19.26,0.694,0.00,0.00,31.81,0.0090,0.00,0.00,0.00,0.00,0.00,0.00,0.00,0.00,0.036
-93.75832619,42.02076645,30,TaskName 5/12/2025 (GreenStar 4 Monitor),Valor/ag saver,130,5/12/2025,0.994,On,1092.0,121.25,0.00,8.935,13.02,5.996,237.46,19.99,19.92,0,4,131.24,5/12/2025,Good,0.00,0.00,0.00,0.00,0.00,0.00,0.00,5.312,0.0015,2.656,0.00075,19.30,0.699,0.00,0.00,31.87,0.0090,0.00,0.00,0.00,0.00,0.00,0.00,0.00,0.00,0.036
-93.75836702,42.02074692,30,TaskName 5/12/2025 (GreenStar 4 Monitor),Valor/ag saver,131,5/12/2025,1.006,On,1092.1,121.25,0.00,8.997,13.25,5.961,236.76,19.99,19.92,0,4,132.03,5/12/2025,Good,0.00,0.00,0.00,0.00,0.00,0.00,0.00,5.312,0.0015,2.656,0.00077,19.30,0.712,0.00,0.00,31.87,0.0092,0.00,0.00,0.00,0.00,0.00,0.00,0.00,0.00,0.037
-93.75840790,42.02072705,30,TaskName 5/12/2025 (GreenStar 4 Monitor),Valor/ag saver,132,5/12/2025,0.994,On,1092.2,121.25,0.00,8.998,13.12,6.285,236.42,19.99,20.00,0,4,132.30,5/12/2025,Good,0.00,0.00,0.00,0.00,0.00,0.00,0.00,5.332,0.0015,2.666,0.00076,19.37,0.708,0.00,0.00,31.99,0.0091,0.00,0.00,0.00,0.00,0.00,0.00,0.00,0.00,0.037
-93.75844869,42.02070678,30,TaskName 5/12/2025 (GreenStar 4 Monitor),Valor/ag saver,133,5/12/2025,1.000,On,1092.3,121.25,0.00,9.049,13.27,5.931,236.43,19.99,19.93,0,4,132.95,5/12/2025,Good,0.00,0.00,0.00,0.00,0.00,0.00,0.00,5.316,0.0015,2.658,0.00077,19.31,0.713,0.00,0.00,31.90,0.0092,0.00,0.00,0.00,0.00,0.00,0.00,0.00,0.00,0.037
-93.75848947,42.02068673,30,TaskName 5/12/2025 (GreenStar 4 Monitor),Valor/ag saver,134,5/12/2025,1.000,On,1092.4,121.25,0.00,9.072,13.29,5.804,235.84,19.99,19.92,0,4,133.21,5/12/2025,Good,0.00,0.00,0.00,0.00,0.00,0.00,0.00,5.313,0.0015,2.657,0.00077,19.30,0.714,0.00,0.00,31.88,0.0092,0.00,0.00,0.00,0.00,0.00,0.00,0.00,0.00,0.037
-93.75853039,42.02066622,30,TaskName 5/12/2025 (GreenStar 4 Monitor),Valor/ag saver,135,5/12/2025,1.000,On,1092.4,121.25,0.00,9.100,13.34,5.085,235.49,19.99,19.96,0,4,133.64,5/12/2025,Good,0.00,0.00,0.00,0.00,0.00,0.00,0.00,5.324,0.0015,2.662,0.00077,19.34,0.718,0.00,0.00,31.94,0.0093,0.00,0.00,0.00,0.00,0.00,0.00,0.00,0.00,0.037
-93.75857051,42.02064537,30,TaskName 5/12/2025 (GreenStar 4 Monitor),Valor/ag saver,136,5/12/2025,1.000,On,1092.6,121.25,0.00,9.095,13.33,4.984,236.32,19.99,19.79,0,4,133.58,5/12/2025,Good,0.00,0.00,0.00,0.00,0.00,0.00,0.00,5.278,0.0015,2.639,0.00076,19.17,0.711,0.00,0.00,31.67,0.0092,0.00,0.00,0.00,0.00,0.00,0.00,0.00,0.00,0.037
-93.75861089,42.02062499,30,TaskName 5/12/2025 (GreenStar 4 Monitor),Valor/ag saver,137,5/12/2025,1.001,On,1092.6,121.25,0.00,9.054,13.29,5.438,236.34,19.99,19.94,0,4,133.05,5/12/2025,Good,0.00,0.00,0.00,0.00,0.00,0.00,0.00,5.318,0.0015,2.659,0.00077,19.32,0.715,0.00,0.00,31.91,0.0092,0.00,0.00,0.00,0.00,0.00,0.00,0.00,0.00,0.037
-93.75865187,42.02060492,30,TaskName 5/12/2025 (GreenStar 4 Monitor),Valor/ag saver,138,5/12/2025,1.000,On,1092.8,121.25,0.00,9.044,13.26,5.495,235.61,19.99,19.96,0,4,132.88,5/12/2025,Good,0.00,0.00,0.00,0.00,0.00,0.00,0.00,5.324,0.0015,2.662,0.00077,19.34,0.714,0.00,0.00,31.94,0.0092,0.00,0.00,0.00,0.00,0.00,0.00,0.00,0.00,0.037
-93.75869227,42.02058406,30,TaskName 5/12/2025 (GreenStar 4 Monitor),Valor/ag saver,139,5/12/2025,1.000,On,1093.0,121.25,0.00,9.097,13.33,5.199,235.65,19.99,19.86,0,4,133.54,5/12/2025,Good,0.00,0.00,0.00,0.00,0.00,0.00,0.00,5.296,0.0015,2.648,0.00077,19.24,0.714,0.00,0.00,31.78,0.0092,0.00,0.00,0.00,0.00,0.00,0.00,0.00,0.00,0.037
-93.75873266,42.02056356,30,TaskName 5/12/2025 (GreenStar 4 Monitor),Valor/ag saver,140,5/12/2025,0.999,On,1093.1,121.25,0.00,9.082,13.32,5.536,234.55,19.99,19.91,0,4,133.60,5/12/2025,Good,0.00,0.00,0.00,0.00,0.00,0.00,0.00,5.311,0.0015,2.655,0.00077,19.29,0.715,0.00,0.00,31.86,0.0092,0.00,0.00,0.00,0.00,0.00,0.00,0.00,0.00,0.037
-93.75877266,42.02054264,30,TaskName 5/12/2025 (GreenStar 4 Monitor),Valor/ag saver,141,5/12/2025,1.000,On,1093.4,121.25,0.00,9.058,13.29,6.557,232.44,19.99,20.04,0,4,133.17,5/12/2025,Good,0.00,0.00,0.00,0.00,0.00,0.00,0.00,5.345,0.0015,2.673,0.00077,19.42,0.718,0.00,0.00,32.07,0.0093,0.00,0.00,0.00,0.00,0.00,0.00,0.00,0.00,0.037
-93.75881169,42.02052034,30,TaskName 5/12/2025 (GreenStar 4 Monitor),Valor/ag saver,142,5/12/2025,1.000,On,1093.6,121.25,0.00,9.064,13.30,6.686,232.33,19.99,19.99,0,4,133.27,5/12/2025,Good,0.00,0.00,0.00,0.00,0.00,0.00,0.00,5.330,0.0015,2.665,0.00077,19.36,0.717,0.00,0.00,31.98,0.0093,0.00,0.00,0.00,0.00,0.00,0.00,0.00,0.00,0.037
-93.75885017,42.02049786,30,TaskName 5/12/2025 (GreenStar 4 Monitor),Valor/ag saver,143,5/12/2025,1.001,On,1093.8,121.25,0.00,9.101,13.37,6.737,232.15,19.99,19.90,0,4,133.80,5/12/2025,Good,0.00,0.00,0.00,0.00,0.00,0.00,0.00,5.308,0.0015,2.654,0.00077,19.28,0.717,0.00,0.00,31.85,0.0093,0.00,0.00,0.00,0.00,0.00,0.00,0.00,0.00,0.037
-93.75888918,42.02047578,30,TaskName 5/12/2025 (GreenStar 4 Monitor),Valor/ag saver,144,5/12/2025,0.999,On,1094.2,121.25,0.00,9.064,13.28,6.837,230.22,19.99,19.96,0,4,133.24,5/12/2025,Good,0.00,0.00,0.00,0.00,0.00,0.00,0.00,5.323,0.0015,2.662,0.00077,19.34,0.715,0.00,0.00,31.94,0.0092,0.00,0.00,0.00,0.00,0.00,0.00,0.00,0.00,0.037
-93.75892675,42.02045241,30,TaskName 5/12/2025 (GreenStar 4 Monitor),Valor/ag saver,145,5/12/2025,1.005,On,1094.4,121.25,0.00,9.076,13.38,6.889,230.15,19.99,19.96,0,4,133.43,5/12/2025,Good,0.00,0.00,0.00,0.00,0.00,0.00,0.00,5.321,0.0015,2.661,0.00077,19.33,0.720,0.00,0.00,31.93,0.0093,0.00,0.00,0.00,0.00,0.00,0.00,0.00,0.00,0.037
-93.75896411,42.02042869,30,TaskName 5/12/2025 (GreenStar 4 Monitor),Valor/ag saver,146,5/12/2025,0.995,On,1094.7,121.25,0.00,9.086,13.26,6.721,230.16,19.99,19.94,0,4,133.55,5/12/2025,Good,0.00,0.00,0.00,0.00,0.00,0.00,0.00,5.317,0.0015,2.658,0.00077,19.31,0.713,0.00,0.00,31.90,0.0092,0.00,0.00,0.00,0.00,0.00,0.00,0.00,0.00,0.037
-93.75900197,42.02040555,30,TaskName 5/12/2025 (GreenStar 4 Monitor),Valor/ag saver,147,5/12/2025,1.000,On,1095.0,121.25,0.00,9.060,13.29,7.173,228.94,19.99,19.99,0,4,133.17,5/12/2025,Good,0.00,0.00,0.00,0.00,0.00,0.00,0.00,5.330,0.0015,2.665,0.00077,19.36,0.716,0.00,0.00,31.98,0.0092,0.00,0.00,0.00,0.00,0.00,0.00,0.00,0.00,0.037
-93.75903890,42.02038117,30,TaskName 5/12/2025 (GreenStar 4 Monitor),Valor/ag saver,148,5/12/2025,1.000,On,1095.3,121.25,0.00,9.090,13.33,6.399,229.41,19.99,19.98,0,4,133.60,5/12/2025,Good,0.00,0.00,0.00,0.00,0.00,0.00,0.00,5.328,0.0015,2.664,0.00077,19.35,0.718,0.00,0.00,31.97,0.0093,0.00,0.00,0.00,0.00,0.00,0.00,0.00,0.00,0.037
-93.75907605,42.02035734,30,TaskName 5/12/2025 (GreenStar 4 Monitor),Valor/ag saver,149,5/12/2025,1.000,On,1095.6,121.25,0.00,9.123,13.39,5.918,229.43,19.99,19.95,0,4,134.13,5/12/2025,Good,0.00,0.00,0.00,0.00,0.00,0.00,0.00,5.320,0.0015,2.660,0.00077,19.32,0.720,0.00,0.00,31.92,0.0093,0.00,0.00,0.00,0.00,0.00,0.00,0.00,0.00,0.037
-93.75911278,42.02033398,30,TaskName 5/12/2025 (GreenStar 4 Monitor),Valor/ag saver,150,5/12/2025,1.000,On,1095.8,121.25,0.00,9.027,13.24,6.431,228.67,19.99,19.94,0,4,132.68,5/12/2025,Good,0.00,0.00,0.00,0.00,0.00,0.00,0.00,5.317,0.0015,2.659,0.00077,19.32,0.712,0.00,0.00,31.90,0.0092,0.00,0.00,0.00,0.00,0.00,0.00,0.00,0.00,0.037
-93.75914949,42.02031000,30,TaskName 5/12/2025 (GreenStar 4 Monitor),Valor/ag saver,151,5/12/2025,1.000,On,1096.1,121.25,0.00,8.963,13.15,7.126,228.71,19.99,19.94,0,4,131.73,5/12/2025,Good,0.00,0.00,0.00,0.00,0.00,0.00,0.00,5.318,0.0015,2.659,0.00076,19.32,0.707,0.00,0.00,31.91,0.0091,0.00,0.00,0.00,0.00,0.00,0.00,0.00,0.00,0.037
-93.75918613,42.02028576,30,TaskName 5/12/2025 (GreenStar 4 Monitor),Valor/ag saver,152,5/12/2025,0.995,On,1096.4,121.25,0.00,9.073,13.24,6.481,228.86,19.99,19.84,0,4,133.35,5/12/2025,Good,0.00,0.00,0.00,0.00,0.00,0.00,0.00,5.291,0.0015,2.646,0.00076,19.22,0.708,0.00,0.00,31.75,0.0091,0.00,0.00,0.00,0.00,0.00,0.00,0.00,0.00,0.037
-93.75922195,42.02026267,30,TaskName 5/12/2025 (GreenStar 4 Monitor),Valor/ag saver,153,5/12/2025,1.001,On,1096.6,121.25,0.00,8.963,13.16,5.487,227.89,19.99,19.86,0,4,131.73,5/12/2025,Good,0.00,0.00,0.00,0.00,0.00,0.00,0.00,5.296,0.0015,2.648,0.00076,19.24,0.705,0.00,0.00,31.77,0.0091,0.00,0.00,0.00,0.00,0.00,0.00,0.00,0.00,0.037
-93.75925729,42.02023888,30,TaskName 5/12/2025 (GreenStar 4 Monitor),Valor/ag saver,154,5/12/2025,1.009,On,1096.8,121.25,0.00,8.734,12.93,7.542,227.80,19.99,20.01,0,4,128.40,5/12/2025,Good,0.00,0.00,0.00,0.00,0.00,0.00,0.00,5.336,0.0015,2.668,0.00075,19.38,0.698,0.00,0.00,32.01,0.0090,0.00,0.00,0.00,0.00,0.00,0.00,0.00,0.00,0.036
-93.75929343,42.02021436,30,TaskName 5/12/2025 (GreenStar 4 Monitor),Valor/ag saver,155,5/12/2025,0.995,On,1096.8,121.25,0.00,8.955,13.07,6.182,228.11,19.99,19.92,0,4,131.63,5/12/2025,Good,0.00,0.00,0.00,0.00,0.00,0.00,0.00,5.311,0.0015,2.655,0.00075,19.29,0.702,0.00,0.00,31.87,0.0091,0.00,0.00,0.00,0.00,0.00,0.00,0.00,0.00,0.036
-93.75932933,42.02019059,30,TaskName 5/12/2025 (GreenStar 4 Monitor),Valor/ag saver,156,5/12/2025,0.996,On,1096.9,121.25,0.00,8.983,13.13,5.288,227.47,19.99,19.86,0,4,132.09,5/12/2025,Good,0.00,0.00,0.00,0.00,0.00,0.00,0.00,5.295,0.0015,2.648,0.00076,19.23,0.703,0.00,0.00,31.77,0.0091,0.00,0.00,0.00,0.00,0.00,0.00,0.00,0.00,0.037
-93.75936459,42.02016646,30,TaskName 5/12/2025 (GreenStar 4 Monitor),Valor/ag saver,157,5/12/2025,1.004,On,1097.0,121.25,0.00,8.859,13.05,6.665,226.69,19.99,19.95,0,4,130.25,5/12/2025,Good,0.00,0.00,0.00,0.00,0.00,0.00,0.00,5.321,0.0015,2.660,0.00076,19.33,0.702,0.00,0.00,31.93,0.0091,0.00,0.00,0.00,0.00,0.00,0.00,0.00,0.00,0.036
-93.75940023,42.02014164,30,TaskName 5/12/2025 (GreenStar 4 Monitor),Valor/ag saver,158,5/12/2025,0.995,On,1097.0,121.25,0.00,8.967,13.09,6.025,226.21,19.99,19.91,0,4,131.79,5/12/2025,Good,0.00,0.00,0.00,0.00,0.00,0.00,0.00,5.311,0.0015,2.655,0.00076,19.29,0.703,0.00,0.00,31.86,0.0091,0.00,0.00,0.00,0.00,0.00,0.00,0.00,0.00,0.036
-93.75943586,42.02011648,30,TaskName 5/12/2025 (GreenStar 4 Monitor),Valor/ag saver,159,5/12/2025,1.010,On,1096.9,121.25,0.00,9.069,13.44,4.782,225.99,19.99,19.94,0,4,133.32,5/12/2025,Good,0.00,0.00,0.00,0.00,0.00,0.00,0.00,5.319,0.0016,2.659,0.00078,19.32,0.723,0.00,0.00,31.91,0.0093,0.00,0.00,0.00,0.00,0.00,0.00,0.00,0.00,0.037
-93.75947105,42.02009100,30,TaskName 5/12/2025 (GreenStar 4 Monitor),Valor/ag saver,160,5/12/2025,0.995,On,1096.7,121.25,0.00,9.086,13.26,5.517,225.58,19.99,19.83,0,4,133.55,5/12/2025,Good,0.00,0.00,0.00,0.00,0.00,0.00,0.00,5.288,0.0015,2.644,0.00076,19.21,0.709,0.00,0.00,31.73,0.0091,0.00,0.00,0.00,0.00,0.00,0.00,0.00,0.00,0.037
-93.75950644,42.02006511,30,TaskName 5/12/2025 (GreenStar 4 Monitor),Valor/ag saver,161,5/12/2025,0.995,On,1096.5,121.25,0.00,9.136,13.33,5.449,225.00,19.99,19.89,0,4,134.27,5/12/2025,Good,0.00,0.00,0.00,0.00,0.00,0.00,0.00,5.305,0.0015,2.652,0.00077,19.27,0.715,0.00,0.00,31.83,0.0092,0.00,0.00,0.00,0.00,0.00,0.00,0.00,0.00,0.037
-93.75954142,42.02003939,30,TaskName 5/12/2025 (GreenStar 4 Monitor),Valor/ag saver,162,5/12/2025,1.000,On,1096.4,121.25,0.00,9.123,13.38,4.621,223.98,19.99,19.92,0,4,134.06,5/12/2025,Good,0.00,0.00,0.00,0.00,0.00,0.00,0.00,5.313,0.0015,2.656,0.00077,19.30,0.719,0.00,0.00,31.88,0.0093,0.00,0.00,0.00,0.00,0.00,0.00,0.00,0.00,0.037
-93.75957530,42.02001354,30,TaskName 5/12/2025 (GreenStar 4 Monitor),Valor/ag saver,163,5/12/2025,1.001,On,1096.3,121.25,0.00,9.063,13.30,4.666,223.00,19.99,19.91,0,4,133.11,5/12/2025,Good,0.00,0.00,0.00,0.00,0.00,0.00,0.00,5.309,0.0015,2.655,0.00077,19.29,0.714,0.00,0.00,31.86,0.0092,0.00,0.00,0.00,0.00,0.00,0.00,0.00,0.00,0.037
-93.75960838,42.01998722,30,TaskName 5/12/2025 (GreenStar 4 Monitor),Valor/ag saver,164,5/12/2025,1.000,On,1096.3,121.25,0.00,9.005,13.21,4.635,222.61,19.99,19.92,0,4,132.38,5/12/2025,Good,0.00,0.00,0.00,0.00,0.00,0.00,0.00,5.312,0.0015,2.656,0.00076,19.30,0.710,0.00,0.00,31.87,0.0092,0.00,0.00,0.00,0.00,0.00,0.00,0.00,0.00,0.037
-93.75964023,42.01996126,30,TaskName 5/12/2025 (GreenStar 4 Monitor),Valor/ag saver,165,5/12/2025,1.005,On,1096.3,121.25,0.00,8.854,13.07,4.643,222.27,19.99,19.92,0,4,130.29,5/12/2025,Good,0.00,0.00,0.00,0.00,0.00,0.00,0.00,5.312,0.0015,2.656,0.00075,19.30,0.702,0.00,0.00,31.87,0.0091,0.00,0.00,0.00,0.00,0.00,0.00,0.00,0.00,0.036
-93.75967188,42.01993548,30,TaskName 5/12/2025 (GreenStar 4 Monitor),Valor/ag saver,166,5/12/2025,0.994,On,1096.4,121.25,0.00,8.658,12.62,5.382,222.16,19.99,20.00,0,4,127.26,5/12/2025,Good,0.00,0.00,0.00,0.00,0.00,0.00,0.00,5.333,0.0015,2.667,0.00073,19.37,0.681,0.00,0.00,32.00,0.0088,0.00,0.00,0.00,0.00,0.00,0.00,0.00,0.00,0.035
-93.75970054,42.01991192,30,TaskName 5/12/2025 (GreenStar 4 Monitor),Valor/ag saver,167,5/12/2025,1.005,On,1096.3,121.25,0.00,8.498,12.52,2.249,222.09,19.99,19.90,0,4,124.86,5/12/2025,Good,0.00,0.00,0.00,0.00,0.00,0.00,0.00,5.306,0.0014,2.653,0.00072,19.28,0.672,0.00,0.00,31.84,0.0087,0.00,0.00,0.00,0.00,0.00,0.00,0.00,0.00,0.035
-93.75971390,42.01990089,30,TaskName 5/12/2025 (GreenStar 4 Monitor),Valor/ag saver,168,5/12/2025,0.600,On,1096.3,121.25,0.00,7.373,6.475,1.577,221.94,19.99,19.95,0,4,108.14,5/12/2025,Good,0.00,0.00,0.00,0.00,0.00,0.00,0.00,5.320,0.00075,2.660,0.00037,19.32,0.348,0.00,0.00,31.92,0.0045,0.00,0.00,0.00,0.00,0.00,0.00,0.00,0.00,0.018
-93.75961533,42.01998780,30,TaskName 5/12/2025 (GreenStar 4 Monitor),Valor/ag saver,169,5/12/2025,0.194,On,1096.7,1.250,60.00,8.480,2.412,5.554,180.70,19.99,20.83,0,5,1.284,5/12/2025,Good,0.00,0.00,0.00,0.00,0.00,0.00,0.00,5.553,3.003e-06,2.777,1.501e-06,20.17,0.0014,0.00,0.00,33.32,1.802e-05,0.00,0.00,0.00,0.00,0.00,0.00,0.00,0.00,6.921e-05
-93.75961528,42.01998095,30,TaskName 5/12/2025 (GreenStar 4 Monitor),Valor/ag saver,170,5/12/2025,0.206,On,1096.7,2.500,59.37,8.550,2.569,5.501,180.86,19.99,21.17,0,5,2.577,5/12/2025,Good,0.00,0.00,0.00,0.00,0.00,0.00,0.00,5.645,6.502e-06,2.822,3.251e-06,20.50,0.0030,0.00,0.00,33.87,3.901e-05,0.00,0.00,0.00,0.00,0.00,0.00,0.00,0.00,0.00015
-93.75961532,42.01997413,30,TaskName 5/12/2025 (GreenStar 4 Monitor),Valor/ag saver,171,5/12/2025,0.200,On,1096.8,3.750,58.75,8.554,2.507,6.003,180.97,19.99,20.76,0,5,3.885,5/12/2025,Good,0.00,0.00,0.00,0.00,0.00,0.00,0.00,5.536,9.334e-06,2.768,4.667e-06,20.11,0.0043,0.00,0.00,33.22,5.601e-05,0.00,0.00,0.00,0.00,0.00,0.00,0.00,0.00,0.00022
-93.75961536,42.01996742,30,TaskName 5/12/2025 (GreenStar 4 Monitor),Valor/ag saver,172,5/12/2025,0.204,On,1096.8,6.250,57.50,8.532,2.563,6.466,181.07,19.99,21.16,0,5,6.489,5/12/2025,Good,0.00,0.00,0.00,0.00,0.00,0.00,0.00,5.642,1.621e-05,2.821,8.103e-06,20.49,0.0075,0.00,0.00,33.85,9.724e-05,0.00,0.00,0.00,0.00,0.00,0.00,0.00,0.00,0.00037
-93.75961544,42.01996076,30,TaskName 5/12/2025 (GreenStar 4 Monitor),Valor/ag saver,173,5/12/2025,0.201,On,1096.9,10.00,55.62,8.476,2.484,7.100,181.11,19.99,21.16,0,5,10.21,5/12/2025,Good,0.00,0.00,0.00,0.00,0.00,0.00,0.00,5.642,2.513e-05,2.821,1.257e-05,20.49,0.012,0.00,0.00,33.85,0.00015,0.00,0.00,0.00,0.00,0.00,0.00,0.00,0.00,0.00057
-93.75961571,42.01995402,30,TaskName 5/12/2025 (GreenStar 4 Monitor),Valor/ag saver,174,5/12/2025,0.199,On,1096.9,12.50,54.37,8.393,2.461,6.789,180.94,19.99,20.87,0,5,12.78,5/12/2025,Good,0.00,0.00,0.00,0.00,0.00,0.00,0.00,5.565,3.070e-05,2.782,1.535e-05,20.21,0.014,0.00,0.00,33.39,0.00018,0.00,0.00,0.00,0.00,0.00,0.00,0.00,0.00,0.00071
-93.75961616,42.01994735,30,TaskName 5/12/2025 (GreenStar 4 Monitor),Valor/ag saver,175,5/12/2025,0.200,On,1097.0,15.00,53.12,8.359,2.451,5.944,180.53,19.99,20.86,0,5,15.19,5/12/2025,Good,0.00,0.00,0.00,0.00,0.00,0.00,0.00,5.562,3.668e-05,2.781,1.834e-05,20.20,0.017,0.00,0.00,33.37,0.00022,0.00,0.00,0.00,0.00,0.00,0.00,0.00,0.00,0.00084
-93.75961647,42.01994086,30,TaskName 5/12/2025 (GreenStar 4 Monitor),Valor/ag saver,176,5/12/2025,0.200,On,1097.0,17.50,51.87,8.339,2.445,5.713,180.08,19.99,20.70,0,5,17.68,5/12/2025,Good,0.00,0.00,0.00,0.00,0.00,0.00,0.00,5.519,4.235e-05,2.760,2.117e-05,20.05,0.020,0.00,0.00,33.12,0.00025,0.00,0.00,0.00,0.00,0.00,0.00,0.00,0.00,0.00098
-93.75961679,42.01993450,30,TaskName 5/12/2025 (GreenStar 4 Monitor),Valor/ag saver,177,5/12/2025,0.200,On,1097.0,21.25,50.00,8.265,2.425,6.657,179.69,19.99,20.45,0,5,21.29,5/12/2025,Good,0.00,0.00,0.00,0.00,0.00,0.00,0.00,5.454,5.040e-05,2.727,2.520e-05,19.81,0.023,0.00,0.00,32.72,0.00030,0.00,0.00,0.00,0.00,0.00,0.00,0.00,0.00,0.0012
-93.75961702,42.01992795,30,TaskName 5/12/2025 (GreenStar 4 Monitor),Valor/ag saver,178,5/12/2025,0.196,On,1097.1,25.00,48.12,8.147,2.340,7.285,179.53,19.99,20.42,0,5,24.66,5/12/2025,Good,0.00,0.00,0.00,0.00,0.00,0.00,0.00,5.445,5.712e-05,2.723,2.856e-05,19.78,0.027,0.00,0.00,32.67,0.00034,0.00,0.00,0.00,0.00,0.00,0.00,0.00,0.00,0.0013
-93.75961734,42.01992135,30,TaskName 5/12/2025 (GreenStar 4 Monitor),Valor/ag saver,179,5/12/2025,0.200,On,1097.2,28.75,46.25,8.075,2.369,7.225,179.40,19.99,20.54,0,5,28.14,5/12/2025,Good,0.00,0.00,0.00,0.00,0.00,0.00,0.00,5.476,6.690e-05,2.738,3.345e-05,19.89,0.031,0.00,0.00,32.86,0.00040,0.00,0.00,0.00,0.00,0.00,0.00,0.00,0.00,0.0016
-93.75961744,42.01991461,30,TaskName 5/12/2025 (GreenStar 4 Monitor),Valor/ag saver,180,5/12/2025,0.199,On,1097.3,30.00,45.62,8.091,2.359,6.241,179.37,19.99,20.32,0,5,29.39,5/12/2025,Good,0.00,0.00,0.00,0.00,0.00,0.00,0.00,5.419,6.879e-05,2.710,3.440e-05,19.69,0.032,0.00,0.00,32.52,0.00041,0.00,0.00,0.00,0.00,0.00,0.00,0.00,0.00,0.0016
-93.75961741,42.01990819,30,TaskName 5/12/2025 (GreenStar 4 Monitor),Valor/ag saver,181,5/12/2025,0.200,On,1097.2,36.25,33.71,8.172,2.395,5.627,179.43,19.99,20.46,0,5,35.88,5/12/2025,Good,0.00,0.00,0.00,0.00,0.00,0.00,0.00,5.457,8.497e-05,2.728,4.249e-05,19.82,0.040,0.00,0.00,32.74,0.00051,0.00,0.00,0.00,0.00,0.00,0.00,0.00,0.00,0.0020
-93.75961721,42.01990194,30,TaskName 5/12/2025 (GreenStar 4 Monitor),Valor/ag saver,182,5/12/2025,0.206,On,1097.3,41.25,27.88,8.145,2.461,5.402,179.62,19.99,20.14,0,5,40.73,5/12/2025,Good,0.00,0.00,0.00,0.00,0.00,0.00,0.00,5.371,9.779e-05,2.686,4.889e-05,19.51,0.045,0.00,0.00,32.23,0.00059,0.00,0.00,0.00,0.00,0.00,0.00,0.00,0.00,0.0023
-93.75961663,42.01989564,30,TaskName 5/12/2025 (GreenStar 4 Monitor),Valor/ag saver,183,5/12/2025,0.194,On,1097.3,46.25,23.31,8.037,2.287,5.587,179.99,19.99,19.92,0,5,45.06,5/12/2025,Good,0.00,0.00,0.00,0.00,0.00,0.00,0.00,5.311,0.00010,2.656,5.038e-05,19.29,0.047,0.00,0.00,31.87,0.00060,0.00,0.00,0.00,0.00,0.00,0.00,0.00,0.00,0.0024
-93.75961639,42.01988934,30,TaskName 5/12/2025 (GreenStar 4 Monitor),Valor/ag saver,184,5/12/2025,0.201,On,1097.4,50.00,21.37,7.955,2.333,7.469,180.31,19.99,20.13,0,5,47.96,5/12/2025,Good,0.00,0.00,0.00,0.00,0.00,0.00,0.00,5.368,0.00011,2.684,5.615e-05,19.50,0.052,0.00,0.00,32.21,0.00067,0.00,0.00,0.00,0.00,0.00,0.00,0.00,0.00,0.0027
-93.75961627,42.01988288,30,TaskName 5/12/2025 (GreenStar 4 Monitor),Valor/ag saver,185,5/12/2025,0.200,On,1097.4,55.00,18.07,7.903,2.317,9.272,180.54,19.99,20.06,0,5,52.65,5/12/2025,Good,0.00,0.00,0.00,0.00,0.00,0.00,0.00,5.348,0.00012,2.674,6.111e-05,19.43,0.057,0.00,0.00,32.09,0.00073,0.00,0.00,0.00,0.00,0.00,0.00,0.00,0.00,0.0029
-93.75961626,42.01987631,30,TaskName 5/12/2025 (GreenStar 4 Monitor),Valor/ag saver,186,5/12/2025,0.199,On,1097.5,61.25,14.08,7.923,2.323,10.09,180.65,19.99,20.25,0,5,59.09,5/12/2025,Good,0.00,0.00,0.00,0.00,0.00,0.00,0.00,5.400,0.00014,2.700,6.890e-05,19.61,0.064,0.00,0.00,32.40,0.00083,0.00,0.00,0.00,0.00,0.00,0.00,0.00,0.00,0.0033
-93.75961622,42.01986953,30,TaskName 5/12/2025 (GreenStar 4 Monitor),Valor/ag saver,187,5/12/2025,0.206,On,1097.6,66.25,11.93,7.997,2.415,9.649,180.67,19.99,20.08,0,5,64.19,5/12/2025,Good,0.00,0.00,0.00,0.00,0.00,0.00,0.00,5.354,0.00015,2.677,7.681e-05,19.45,0.071,0.00,0.00,32.12,0.00092,0.00,0.00,0.00,0.00,0.00,0.00,0.00,0.00,0.0037
-93.75961648,42.01986257,30,TaskName 5/12/2025 (GreenStar 4 Monitor),Valor/ag saver,188,5/12/2025,0.194,On,1097.6,70.00,10.98,8.131,2.313,9.259,180.53,19.99,19.86,0,5,68.98,5/12/2025,Good,0.00,0.00,0.00,0.00,0.00,0.00,0.00,5.297,0.00015,2.648,7.692e-05,19.24,0.072,0.00,0.00,31.78,0.00092,0.00,0.00,0.00,0.00,0.00,0.00,0.00,0.00,0.0037
-93.75961655,42.01985540,30,TaskName 5/12/2025 (GreenStar 4 Monitor),Valor/ag saver,189,5/12/2025,0.200,On,1097.7,75.00,9.249,8.321,2.441,8.724,180.35,19.99,19.92,0,5,75.66,5/12/2025,Good,0.00,0.00,0.00,0.00,0.00,0.00,0.00,5.311,0.00017,2.656,8.720e-05,19.29,0.081,0.00,0.00,31.87,0.0010,0.00,0.00,0.00,0.00,0.00,0.00,0.00,0.00,0.0042
-93.75961687,42.01984818,30,TaskName 5/12/2025 (GreenStar 4 Monitor),Valor/ag saver,190,5/12/2025,0.201,On,1097.8,80.00,8.378,8.527,2.513,7.879,180.20,19.99,19.74,0,5,82.67,5/12/2025,Good,0.00,0.00,0.00,0.00,0.00,0.00,0.00,5.263,0.00019,2.631,9.489e-05,19.12,0.088,0.00,0.00,31.58,0.0011,0.00,0.00,0.00,0.00,0.00,0.00,0.00,0.00,0.0046
-93.75961694,42.01984091,30,TaskName 5/12/2025 (GreenStar 4 Monitor),Valor/ag saver,191,5/12/2025,0.199,On,1097.8,90.00,5.642,8.699,2.536,7.674,180.20,19.99,19.67,0,5,94.80,5/12/2025,Good,0.00,0.00,0.00,0.00,0.00,0.00,0.00,5.246,0.00021,2.623,0.00011,19.05,0.100,0.00,0.00,31.47,0.0013,0.00,0.00,0.00,0.00,0.00,0.00,0.00,0.00,0.0052
-93.75961699,42.01983361,30,TaskName 5/12/2025 (GreenStar 4 Monitor),Valor/ag saver,192,5/12/2025,0.206,On,1097.9,96.25,4.383,8.829,2.668,7.337,180.17,19.99,19.56,0,5,103.01,5/12/2025,Good,0.00,0.00,0.00,0.00,0.00,0.00,0.00,5.217,0.00024,2.609,0.00012,18.95,0.112,0.00,0.00,31.30,0.0014,0.00,0.00,0.00,0.00,0.00,0.00,0.00,0.00,0.0059
-93.75961716,42.01982640,30,TaskName 5/12/2025 (GreenStar 4 Monitor),Valor/ag saver,193,5/12/2025,0.190,On,1098.0,101.25,3.333,8.923,2.484,6.901,180.09,19.99,19.52,0,5,109.39,5/12/2025,Good,0.00,0.00,0.00,0.00,0.00,0.00,0.00,5.206,0.00023,2.603,0.00012,18.91,0.109,0.00,0.00,31.23,0.0014,0.00,0.00,0.00,0.00,0.00,0.00,0.00,0.00,0.0058
-93.75961722,42.01981917,30,TaskName 5/12/2025 (GreenStar 4 Monitor),Valor/ag saver,194,5/12/2025,0.200,On,1098.1,102.50,3.201,8.979,2.635,6.763,179.96,19.99,19.53,0,5,111.60,5/12/2025,Good,0.00,0.00,0.00,0.00,0.00,0.00,0.00,5.209,0.00025,2.604,0.00013,18.92,0.117,0.00,0.00,31.25,0.0015,0.00,0.00,0.00,0.00,0.00,0.00,0.00,0.00,0.0062
-93.75961732,42.01981195,30,TaskName 5/12/2025 (GreenStar 4 Monitor),Valor/ag saver,195,5/12/2025,0.205,On,1098.2,107.50,2.238,8.997,2.691,6.637,180.02,19.99,19.41,0,5,116.60,5/12/2025,Good,0.00,0.00,0.00,0.00,0.00,0.00,0.00,5.177,0.00027,2.589,0.00013,18.81,0.125,0.00,0.00,31.06,0.0016,0.00,0.00,0.00,0.00,0.00,0.00,0.00,0.00,0.0066
-93.75961720,42.01980483,30,TaskName 5/12/2025 (GreenStar 4 Monitor),Valor/ag saver,196,5/12/2025,0.199,On,1098.3,113.75,1.195,8.988,2.635,6.882,180.20,19.99,19.38,0,5,124.47,5/12/2025,Good,0.00,0.00,0.00,0.00,0.00,0.00,0.00,5.169,0.00028,2.584,0.00014,18.77,0.129,0.00,0.00,31.01,0.0017,0.00,0.00,0.00,0.00,0.00,0.00,0.00,0.00,0.0069
-93.75961719,42.01979772,30,TaskName 5/12/2025 (GreenStar 4 Monitor),Valor/ag saver,197,5/12/2025,0.206,On,1098.4,118.75,0.382,8.948,2.704,7.139,180.35,19.99,19.49,0,5,128.81,5/12/2025,Good,0.00,0.00,0.00,0.00,0.00,0.00,0.00,5.197,0.00030,2.599,0.00015,18.88,0.139,0.00,0.00,31.18,0.0018,0.00,0.00,0.00,0.00,0.00,0.00,0.00,0.00,0.0074
-93.75961702,42.01976162,30,TaskName 5/12/2025 (GreenStar 4 Monitor),Valor/ag saver,198,5/12/2025,0.999,On,1098.7,121.25,0.00,8.899,13.03,7.539,181.47,19.99,19.82,0,5,130.73,5/12/2025,Good,0.00,0.00,0.00,0.00,0.00,0.00,0.00,5.285,0.0015,2.643,0.00075,19.20,0.696,0.00,0.00,31.71,0.0090,0.00,0.00,0.00,0.00,0.00,0.00,0.00,0.00,0.036
-93.75961812,42.01972517,30,TaskName 5/12/2025 (GreenStar 4 Monitor),Valor/ag saver,199,5/12/2025,1.000,On,1099.1,121.25,0.00,9.061,13.29,7.068,181.62,19.99,19.79,0,5,133.13,5/12/2025,Good,0.00,0.00,0.00,0.00,0.00,0.00,0.00,5.276,0.0015,2.638,0.00076,19.17,0.709,0.00,0.00,31.66,0.0091,0.00,0.00,0.00,0.00,0.00,0.00,0.00,0.00,0.037
-93.75961968,42.01968877,30,TaskName 5/12/2025 (GreenStar 4 Monitor),Valor/ag saver,200,5/12/2025,0.996,On,1099.4,121.25,0.00,9.048,13.21,7.225,180.44,19.99,19.82,0,5,132.87,5/12/2025,Good,0.00,0.00,0.00,0.00,0.00,0.00,0.00,5.286,0.0015,2.643,0.00076,19.20,0.706,0.00,0.00,31.72,0.0091,0.00,0.00,0.00,0.00,0.00,0.00,0.00,0.00,0.037
-93.75962055,42.01965223,30,TaskName 5/12/2025 (GreenStar 4 Monitor),Valor/ag saver,201,5/12/2025,1.004,On,1099.7,121.25,0.00,9.081,13.37,6.827,179.64,19.99,19.96,0,5,133.42,5/12/2025,Good,0.00,0.00,0.00,0.00,0.00,0.00,0.00,5.322,0.0015,2.661,0.00077,19.33,0.719,0.00,0.00,31.93,0.0093,0.00,0.00,0.00,0.00,0.00,0.00,0.00,0.00,0.037
-93.75961997,42.01961576,30,TaskName 5/12/2025 (GreenStar 4 Monitor),Valor/ag saver,202,5/12/2025,1.000,On,1100.1,121.25,0.00,9.072,13.30,6.471,180.70,19.99,19.94,0,5,133.26,5/12/2025,Good,0.00,0.00,0.00,0.00,0.00,0.00,0.00,5.318,0.0015,2.659,0.00077,19.32,0.715,0.00,0.00,31.91,0.0092,0.00,0.00,0.00,0.00,0.00,0.00,0.00,0.00,0.037
-93.75962041,42.01957934,30,TaskName 5/12/2025 (GreenStar 4 Monitor),Valor/ag saver,203,5/12/2025,1.000,On,1100.5,121.25,0.00,9.049,13.26,7.142,180.53,19.99,20.03,0,5,132.90,5/12/2025,Good,0.00,0.00,0.00,0.00,0.00,0.00,0.00,5.341,0.0015,2.670,0.00077,19.40,0.716,0.00,0.00,32.04,0.0092,0.00,0.00,0.00,0.00,0.00,0.00,0.00,0.00,0.037
-93.75962171,42.01954278,30,TaskName 5/12/2025 (GreenStar 4 Monitor),Valor/ag saver,204,5/12/2025,0.996,On,1100.8,121.25,0.00,9.058,13.22,7.191,179.32,19.99,19.94,0,5,132.97,5/12/2025,Good,0.00,0.00,0.00,0.00,0.00,0.00,0.00,5.318,0.0015,2.659,0.00076,19.32,0.711,0.00,0.00,31.91,0.0092,0.00,0.00,0.00,0.00,0.00,0.00,0.00,0.00,0.037
-93.75962143,42.01950611,30,TaskName 5/12/2025 (GreenStar 4 Monitor),Valor/ag saver,205,5/12/2025,1.000,On,1101.1,121.25,0.00,9.112,13.37,6.821,179.68,19.99,19.97,0,5,133.98,5/12/2025,Good,0.00,0.00,0.00,0.00,0.00,0.00,0.00,5.324,0.0015,2.662,0.00077,19.34,0.720,0.00,0.00,31.95,0.0093,0.00,0.00,0.00,0.00,0.00,0.00,0.00,0.00,0.037
-93.75962117,42.01946937,30,TaskName 5/12/2025 (GreenStar 4 Monitor),Valor/ag saver,206,5/12/2025,1.004,On,1101.3,121.25,0.00,9.103,13.40,6.895,179.88,19.99,19.92,0,5,133.71,5/12/2025,Good,0.00,0.00,0.00,0.00,0.00,0.00,0.00,5.312,0.0015,2.656,0.00077,19.30,0.720,0.00,0.00,31.87,0.0093,0.00,0.00,0.00,0.00,0.00,0.00,0.00,0.00,0.037
-93.75962162,42.01943255,30,TaskName 5/12/2025 (GreenStar 4 Monitor),Valor/ag saver,207,5/12/2025,1.000,On,1101.5,121.25,0.00,9.144,13.41,6.433,179.18,19.99,19.91,0,5,134.35,5/12/2025,Good,0.00,0.00,0.00,0.00,0.00,0.00,0.00,5.310,0.0015,2.655,0.00077,19.29,0.720,0.00,0.00,31.86,0.0093,0.00,0.00,0.00,0.00,0.00,0.00,0.00,0.00,0.037
-93.75962128,42.01939616,30,TaskName 5/12/2025 (GreenStar 4 Monitor),Valor/ag saver,208,5/12/2025,0.995,On,1101.7,121.25,0.00,9.089,13.26,6.927,179.00,19.99,19.93,0,5,133.53,5/12/2025,Good,0.00,0.00,0.00,0.00,0.00,0.00,0.00,5.315,0.0015,2.657,0.00077,19.31,0.713,0.00,0.00,31.89,0.0092,0.00,0.00,0.00,0.00,0.00,0.00,0.00,0.00,0.037
-93.75962038,42.01935908,30,TaskName 5/12/2025 (GreenStar 4 Monitor),Valor/ag saver,209,5/12/2025,1.001,On,1101.7,121.25,0.00,9.103,13.36,6.536,179.63,19.99,19.93,0,5,133.75,5/12/2025,Good,0.00,0.00,0.00,0.00,0.00,0.00,0.00,5.313,0.0015,2.657,0.00077,19.30,0.718,0.00,0.00,31.88,0.0093,0.00,0.00,0.00,0.00,0.00,0.00,0.00,0.00,0.037
-93.75961993,42.01932214,30,TaskName 5/12/2025 (GreenStar 4 Monitor),Valor/ag saver,210,5/12/2025,0.999,On,1101.8,121.25,0.00,9.222,13.51,5.714,179.85,19.99,19.92,0,5,135.47,5/12/2025,Good,0.00,0.00,0.00,0.00,0.00,0.00,0.00,5.313,0.0016,2.656,0.00078,19.30,0.725,0.00,0.00,31.88,0.0094,0.00,0.00,0.00,0.00,0.00,0.00,0.00,0.00,0.038
-93.75961974,42.01928550,30,TaskName 5/12/2025 (GreenStar 4 Monitor),Valor/ag saver,211,5/12/2025,1.001,On,1101.8,121.25,0.00,9.125,13.38,6.134,179.87,19.99,19.94,0,5,133.92,5/12/2025,Good,0.00,0.00,0.00,0.00,0.00,0.00,0.00,5.317,0.0015,2.659,0.00077,19.31,0.719,0.00,0.00,31.90,0.0093,0.00,0.00,0.00,0.00,0.00,0.00,0.00,0.00,0.037
-93.75961976,42.01924851,30,TaskName 5/12/2025 (GreenStar 4 Monitor),Valor/ag saver,212,5/12/2025,1.000,On,1101.6,121.25,0.00,9.137,13.41,5.913,180.14,19.99,20.00,0,5,134.38,5/12/2025,Good,0.00,0.00,0.00,0.00,0.00,0.00,0.00,5.332,0.0016,2.666,0.00078,19.37,0.723,0.00,0.00,31.99,0.0093,0.00,0.00,0.00,0.00,0.00,0.00,0.00,0.00,0.037
-93.75961989,42.01921160,30,TaskName 5/12/2025 (GreenStar 4 Monitor),Valor/ag saver,213,5/12/2025,1.000,On,1101.6,121.25,0.00,9.198,13.48,5.237,180.22,19.99,19.88,0,5,135.07,5/12/2025,Good,0.00,0.00,0.00,0.00,0.00,0.00,0.00,5.302,0.0016,2.651,0.00078,19.26,0.723,0.00,0.00,31.81,0.0093,0.00,0.00,0.00,0.00,0.00,0.00,0.00,0.00,0.038
-93.75962015,42.01917511,30,TaskName 5/12/2025 (GreenStar 4 Monitor),Valor/ag saver,214,5/12/2025,1.000,On,1101.5,121.25,0.00,9.140,13.38,5.605,180.08,19.99,19.92,0,5,134.12,5/12/2025,Good,0.00,0.00,0.00,0.00,0.00,0.00,0.00,5.312,0.0015,2.656,0.00077,19.30,0.719,0.00,0.00,31.87,0.0093,0.00,0.00,0.00,0.00,0.00,0.00,0.00,0.00,0.037
-93.75962041,42.01913852,30,TaskName 5/12/2025 (GreenStar 4 Monitor),Valor/ag saver,215,5/12/2025,0.999,On,1101.4,121.25,0.00,9.056,13.28,5.907,179.87,19.99,19.92,0,5,133.16,5/12/2025,Good,0.00,0.00,0.00,0.00,0.00,0.00,0.00,5.311,0.0015,2.655,0.00077,19.29,0.713,0.00,0.00,31.86,0.0092,0.00,0.00,0.00,0.00,0.00,0.00,0.00,0.00,0.037
-93.75962052,42.01910165,30,TaskName 5/12/2025 (GreenStar 4 Monitor),Valor/ag saver,216,5/12/2025,0.996,On,1101.3,121.25,0.00,9.138,13.34,4.792,179.84,19.99,19.99,0,5,134.22,5/12/2025,Good,0.00,0.00,0.00,0.00,0.00,0.00,0.00,5.329,0.0015,2.665,0.00077,19.36,0.719,0.00,0.00,31.98,0.0093,0.00,0.00,0.00,0.00,0.00,0.00,0.00,0.00,0.037
-93.75962047,42.01906472,30,TaskName 5/12/2025 (GreenStar 4 Monitor),Valor/ag saver,217,5/12/2025,1.005,On,1101.1,121.25,0.00,9.176,13.52,4.290,179.57,19.99,19.80,0,5,134.84,5/12/2025,Good,0.00,0.00,0.00,0.00,0.00,0.00,0.00,5.280,0.0016,2.640,0.00078,19.18,0.722,0.00,0.00,31.68,0.0093,0.00,0.00,0.00,0.00,0.00,0.00,0.00,0.00,0.038
-93.75962029,42.01902812,30,TaskName 5/12/2025 (GreenStar 4 Monitor),Valor/ag saver,218,5/12/2025,1.000,On,1100.9,121.25,0.00,9.136,13.39,5.104,179.14,19.99,19.84,0,5,134.18,5/12/2025,Good,0.00,0.00,0.00,0.00,0.00,0.00,0.00,5.291,0.0015,2.646,0.00077,19.22,0.716,0.00,0.00,31.75,0.0092,0.00,0.00,0.00,0.00,0.00,0.00,0.00,0.00,0.037
-93.75962017,42.01901335,30,TaskName 5/12/2025 (GreenStar 4 Monitor),Valor/ag saver,219,5/12/2025,0.395,On,1100.8,121.25,0.00,9.099,5.285,4.973,178.89,19.99,20.00,0,5,134.09,5/12/2025,Good,0.00,0.00,0.00,0.00,0.00,0.00,0.00,5.334,0.00061,2.667,0.00031,19.38,0.285,0.00,0.00,32.00,0.0037,0.00,0.00,0.00,0.00,0.00,0.00,0.00,0.00,0.015
-93.75808547,42.01900523,30,TaskName 5/12/2025 (GreenStar 4 Monitor),Valor/ag saver,220,5/12/2025,0.204,On,1099.6,3.750,58.75,6.993,2.091,7.271,354.04,19.99,19.86,0,6,3.176,5/12/2025,Good,0.00,0.00,0.00,0.00,0.00,0.00,0.00,5.297,7.447e-06,2.648,3.724e-06,19.24,0.0035,0.00,0.00,31.78,4.468e-05,0.00,0.00,0.00,0.00,0.00,0.00,0.00,0.00,0.00018
-93.75808607,42.01901133,30,TaskName 5/12/2025 (GreenStar 4 Monitor),Valor/ag saver,221,5/12/2025,0.199,On,1099.6,21.25,50.00,7.143,2.084,7.945,353.59,19.99,19.74,0,6,18.39,5/12/2025,Good,0.00,0.00,0.00,0.00,0.00,0.00,0.00,5.263,4.180e-05,2.631,2.090e-05,19.12,0.019,0.00,0.00,31.58,0.00025,0.00,0.00,0.00,0.00,0.00,0.00,0.00,0.00,0.0010
-93.75808673,42.01901765,30,TaskName 5/12/2025 (GreenStar 4 Monitor),Valor/ag saver,222,5/12/2025,0.200,On,1099.6,43.75,35.00,7.306,2.143,8.810,353.23,19.99,19.46,0,6,38.74,5/12/2025,Good,0.00,0.00,0.00,0.00,0.00,0.00,0.00,5.189,8.725e-05,2.594,4.362e-05,18.85,0.041,0.00,0.00,31.13,0.00052,0.00,0.00,0.00,0.00,0.00,0.00,0.00,0.00,0.0022
-93.75808746,42.01902425,30,TaskName 5/12/2025 (GreenStar 4 Monitor),Valor/ag saver,223,5/12/2025,0.205,On,1099.6,75.00,19.37,7.500,2.255,8.837,352.88,19.99,19.64,0,6,68.17,5/12/2025,Good,0.00,0.00,0.00,0.00,0.00,0.00,0.00,5.237,0.00016,2.619,7.941e-05,19.02,0.074,0.00,0.00,31.42,0.00095,0.00,0.00,0.00,0.00,0.00,0.00,0.00,0.00,0.0039
-93.75808822,42.01903099,30,TaskName 5/12/2025 (GreenStar 4 Monitor),Valor/ag saver,224,5/12/2025,0.195,On,1099.7,92.50,10.62,7.744,2.212,7.496,352.67,19.99,19.57,0,6,86.71,5/12/2025,Good,0.00,0.00,0.00,0.00,0.00,0.00,0.00,5.220,0.00019,2.610,9.577e-05,18.96,0.089,0.00,0.00,31.32,0.0011,0.00,0.00,0.00,0.00,0.00,0.00,0.00,0.00,0.0047
-93.75808916,42.01903784,30,TaskName 5/12/2025 (GreenStar 4 Monitor),Valor/ag saver,225,5/12/2025,0.201,On,1099.7,113.75,1.115e-06,7.999,2.356,6.406,352.59,19.99,19.06,0,6,110.20,5/12/2025,Good,0.00,0.00,0.00,0.00,0.00,0.00,0.00,5.083,0.00024,2.542,0.00012,18.46,0.114,0.00,0.00,30.50,0.0015,0.00,0.00,0.00,0.00,0.00,0.00,0.00,0.00,0.0062
-93.75809166,42.01905154,30,TaskName 5/12/2025 (GreenStar 4 Monitor),Valor/ag saver,226,5/12/2025,0.400,On,1099.7,117.50,-1.875,8.285,4.844,5.389,353.00,19.99,19.51,0,6,117.59,5/12/2025,Good,0.00,0.00,0.00,0.00,0.00,0.00,0.00,5.202,0.00053,2.601,0.00027,18.90,0.247,0.00,0.00,31.21,0.0032,0.00,0.00,0.00,0.00,0.00,0.00,0.00,0.00,0.013
-93.75809769,42.01908620,30,TaskName 5/12/2025 (GreenStar 4 Monitor),Valor/ag saver,227,5/12/2025,0.999,On,1099.6,118.75,-1.250,8.588,12.59,4.808,356.15,19.99,19.67,0,6,123.67,5/12/2025,Good,0.00,0.00,0.00,0.00,0.00,0.00,0.00,5.245,0.0014,2.622,0.00070,19.05,0.654,0.00,0.00,31.47,0.0084,0.00,0.00,0.00,0.00,0.00,0.00,0.00,0.00,0.034
-93.75809870,42.01909314,30,TaskName 5/12/2025 (GreenStar 4 Monitor),Valor/ag saver,228,5/12/2025,0.206,On,1099.7,118.75,-1.250,8.688,2.612,5.217,356.79,19.99,19.65,0,6,124.45,5/12/2025,Good,0.00,0.00,0.00,0.00,0.00,0.00,0.00,5.240,0.00029,2.620,0.00015,19.03,0.136,0.00,0.00,31.44,0.0017,0.00,0.00,0.00,0.00,0.00,0.00,0.00,0.00,0.0071
-93.75810202,42.01912862,30,TaskName 5/12/2025 (GreenStar 4 Monitor),Valor/ag saver,229,5/12/2025,1.000,On,1099.7,120.00,-0.625,8.739,12.82,6.163,358.94,19.99,19.70,0,6,127.15,5/12/2025,Good,0.00,0.00,0.00,0.00,0.00,0.00,0.00,5.254,0.0014,2.627,0.00072,19.09,0.674,0.00,0.00,31.53,0.0087,0.00,0.00,0.00,0.00,0.00,0.00,0.00,0.00,0.035
-93.75810321,42.01916468,30,TaskName 5/12/2025 (GreenStar 4 Monitor),Valor/ag saver,230,5/12/2025,1.000,On,1099.6,120.00,-0.625,8.908,13.04,5.755,359.61,19.99,19.75,0,6,129.33,5/12/2025,Good,0.00,0.00,0.00,0.00,0.00,0.00,0.00,5.266,0.0015,2.633,0.00074,19.13,0.687,0.00,0.00,31.59,0.0089,0.00,0.00,0.00,0.00,0.00,0.00,0.00,0.00,0.036
-93.75810374,42.01920109,30,TaskName 5/12/2025 (GreenStar 4 Monitor),Valor/ag saver,231,5/12/2025,0.999,On,1099.8,120.00,-0.625,9.020,13.22,4.845,0.031,19.99,19.89,0,6,131.29,5/12/2025,Good,0.00,0.00,0.00,0.00,0.00,0.00,0.00,5.303,0.0015,2.651,0.00075,19.26,0.702,0.00,0.00,31.82,0.0091,0.00,0.00,0.00,0.00,0.00,0.00,0.00,0.00,0.036
-93.75810389,42.01923726,30,TaskName 5/12/2025 (GreenStar 4 Monitor),Valor/ag saver,232,5/12/2025,1.001,On,1099.8,120.00,-0.625,9.016,13.21,5.661,0.063,19.99,19.88,0,6,130.89,5/12/2025,Good,0.00,0.00,0.00,0.00,0.00,0.00,0.00,5.302,0.0015,2.651,0.00075,19.26,0.701,0.00,0.00,31.81,0.0090,0.00,0.00,0.00,0.00,0.00,0.00,0.00,0.00,0.036
-93.75810390,42.01927359,30,TaskName 5/12/2025 (GreenStar 4 Monitor),Valor/ag saver,233,5/12/2025,0.995,On,1100.0,120.00,-0.625,8.990,13.13,5.828,0.133,19.99,19.96,0,6,130.83,5/12/2025,Good,0.00,0.00,0.00,0.00,0.00,0.00,0.00,5.323,0.0015,2.662,0.00075,19.34,0.699,0.00,0.00,31.94,0.0090,0.00,0.00,0.00,0.00,0.00,0.00,0.00,0.00,0.036
-93.75810394,42.01930996,30,TaskName 5/12/2025 (GreenStar 4 Monitor),Valor/ag saver,234,5/12/2025,1.004,On,1100.1,120.00,-0.625,9.037,13.30,5.891,0.259,19.99,19.97,0,6,131.38,5/12/2025,Good,0.00,0.00,0.00,0.00,0.00,0.00,0.00,5.327,0.0015,2.663,0.00076,19.35,0.709,0.00,0.00,31.96,0.0091,0.00,0.00,0.00,0.00,0.00,0.00,0.00,0.00,0.037
-93.75810383,42.01934630,30,TaskName 5/12/2025 (GreenStar 4 Monitor),Valor/ag saver,235,5/12/2025,1.000,On,1100.3,120.00,-0.625,9.036,13.25,6.209,0.086,19.99,19.93,0,6,131.38,5/12/2025,Good,0.00,0.00,0.00,0.00,0.00,0.00,0.00,5.316,0.0015,2.658,0.00076,19.31,0.705,0.00,0.00,31.89,0.0091,0.00,0.00,0.00,0.00,0.00,0.00,0.00,0.00,0.036
-93.75810379,42.01938273,30,TaskName 5/12/2025 (GreenStar 4 Monitor),Valor/ag saver,236,5/12/2025,0.995,On,1100.5,120.00,-0.625,9.055,13.22,6.263,0.078,19.99,19.94,0,6,131.75,5/12/2025,Good,0.00,0.00,0.00,0.00,0.00,0.00,0.00,5.316,0.0015,2.658,0.00076,19.31,0.703,0.00,0.00,31.90,0.0091,0.00,0.00,0.00,0.00,0.00,0.00,0.00,0.00,0.036
-93.75810385,42.01941949,30,TaskName 5/12/2025 (GreenStar 4 Monitor),Valor/ag saver,237,5/12/2025,1.001,On,1100.7,120.00,-0.625,9.085,13.34,6.086,0.172,19.99,19.93,0,6,132.18,5/12/2025,Good,0.00,0.00,0.00,0.00,0.00,0.00,0.00,5.315,0.0015,2.657,0.00076,19.31,0.710,0.00,0.00,31.89,0.0092,0.00,0.00,0.00,0.00,0.00,0.00,0.00,0.00,0.037
-93.75810373,42.01945610,30,TaskName 5/12/2025 (GreenStar 4 Monitor),Valor/ag saver,238,5/12/2025,1.004,On,1100.8,120.00,-0.625,9.098,13.40,6.266,0.164,19.99,19.94,0,6,132.37,5/12/2025,Good,0.00,0.00,0.00,0.00,0.00,0.00,0.00,5.318,0.0015,2.659,0.00077,19.32,0.713,0.00,0.00,31.91,0.0092,0.00,0.00,0.00,0.00,0.00,0.00,0.00,0.00,0.037
-93.75810364,42.01949306,30,TaskName 5/12/2025 (GreenStar 4 Monitor),Valor/ag saver,239,5/12/2025,0.995,On,1100.7,120.00,-0.625,9.142,13.34,5.932,0.141,19.99,19.89,0,6,133.01,5/12/2025,Good,0.00,0.00,0.00,0.00,0.00,0.00,0.00,5.303,0.0015,2.652,0.00076,19.26,0.708,0.00,0.00,31.82,0.0091,0.00,0.00,0.00,0.00,0.00,0.00,0.00,0.00,0.037
-93.75810357,42.01953044,30,TaskName 5/12/2025 (GreenStar 4 Monitor),Valor/ag saver,240,5/12/2025,1.005,On,1100.6,120.00,-0.625,9.243,13.63,4.950,0.212,19.99,19.86,0,6,134.47,5/12/2025,Good,0.00,0.00,0.00,0.00,0.00,0.00,0.00,5.295,0.0016,2.648,0.00078,19.24,0.722,0.00,0.00,31.77,0.0093,0.00,0.00,0.00,0.00,0.00,0.00,0.00,0.00,0.038
-93.75810352,42.01956734,30,TaskName 5/12/2025 (GreenStar 4 Monitor),Valor/ag saver,241,5/12/2025,1.001,On,1100.5,120.00,-0.625,9.226,13.54,4.956,0.266,19.99,19.89,0,6,134.10,5/12/2025,Good,0.00,0.00,0.00,0.00,0.00,0.00,0.00,5.305,0.0015,2.652,0.00077,19.27,0.718,0.00,0.00,31.83,0.0093,0.00,0.00,0.00,0.00,0.00,0.00,0.00,0.00,0.037
-93.75810317,42.01960402,30,TaskName 5/12/2025 (GreenStar 4 Monitor),Valor/ag saver,242,5/12/2025,0.999,On,1100.4,120.00,-0.625,9.131,13.39,5.516,359.94,19.99,19.96,0,6,132.97,5/12/2025,Good,0.00,0.00,0.00,0.00,0.00,0.00,0.00,5.322,0.0015,2.661,0.00077,19.33,0.713,0.00,0.00,31.93,0.0092,0.00,0.00,0.00,0.00,0.00,0.00,0.00,0.00,0.037
-93.75810314,42.01964117,30,TaskName 5/12/2025 (GreenStar 4 Monitor),Valor/ag saver,243,5/12/2025,1.000,On,1100.2,120.00,-0.625,9.157,13.43,5.082,359.89,19.99,19.99,0,6,133.22,5/12/2025,Good,0.00,0.00,0.00,0.00,0.00,0.00,0.00,5.330,0.0015,2.665,0.00077,19.36,0.717,0.00,0.00,31.98,0.0092,0.00,0.00,0.00,0.00,0.00,0.00,0.00,0.00,0.037
-93.75810316,42.01967828,30,TaskName 5/12/2025 (GreenStar 4 Monitor),Valor/ag saver,244,5/12/2025,1.000,On,1099.9,120.00,-0.625,9.240,13.55,4.478,359.98,19.99,19.93,0,6,134.43,5/12/2025,Good,0.00,0.00,0.00,0.00,0.00,0.00,0.00,5.314,0.0016,2.657,0.00078,19.30,0.721,0.00,0.00,31.88,0.0093,0.00,0.00,0.00,0.00,0.00,0.00,0.00,0.00,0.037
-93.75810322,42.01971546,30,TaskName 5/12/2025 (GreenStar 4 Monitor),Valor/ag saver,245,5/12/2025,1.000,On,1099.5,120.00,-0.625,9.220,13.53,4.470,359.90,19.99,19.90,0,6,134.17,5/12/2025,Good,0.00,0.00,0.00,0.00,0.00,0.00,0.00,5.306,0.0015,2.653,0.00077,19.27,0.718,0.00,0.00,31.83,0.0093,0.00,0.00,0.00,0.00,0.00,0.00,0.00,0.00,0.037
-93.75810321,42.01975294,30,TaskName 5/12/2025 (GreenStar 4 Monitor),Valor/ag saver,246,5/12/2025,1.000,On,1099.0,120.00,-0.625,9.268,13.60,3.931,359.93,19.99,19.92,0,6,134.85,5/12/2025,Good,0.00,0.00,0.00,0.00,0.00,0.00,0.00,5.313,0.0016,2.656,0.00078,19.30,0.723,0.00,0.00,31.88,0.0093,0.00,0.00,0.00,0.00,0.00,0.00,0.00,0.00,0.037
-93.75810342,42.01979028,30,TaskName 5/12/2025 (GreenStar 4 Monitor),Valor/ag saver,247,5/12/2025,1.000,On,1098.7,120.00,-0.625,9.326,13.68,3.622,0.274,19.99,19.88,0,6,135.70,5/12/2025,Good,0.00,0.00,0.00,0.00,0.00,0.00,0.00,5.300,0.0016,2.650,0.00078,19.25,0.726,0.00,0.00,31.80,0.0094,0.00,0.00,0.00,0.00,0.00,0.00,0.00,0.00,0.038
-93.75810298,42.01982688,30,TaskName 5/12/2025 (GreenStar 4 Monitor),Valor/ag saver,248,5/12/2025,0.995,On,1098.6,120.00,-0.625,9.182,13.41,4.714,359.91,19.99,19.88,0,6,133.63,5/12/2025,Good,0.00,0.00,0.00,0.00,0.00,0.00,0.00,5.301,0.0015,2.651,0.00076,19.26,0.711,0.00,0.00,31.81,0.0092,0.00,0.00,0.00,0.00,0.00,0.00,0.00,0.00,0.037
-93.75810288,42.01986339,30,TaskName 5/12/2025 (GreenStar 4 Monitor),Valor/ag saver,249,5/12/2025,1.005,On,1098.6,120.00,-0.625,9.057,13.35,4.992,359.74,19.99,20.02,0,6,131.78,5/12/2025,Good,0.00,0.00,0.00,0.00,0.00,0.00,0.00,5.339,0.0015,2.670,0.00077,19.40,0.714,0.00,0.00,32.04,0.0092,0.00,0.00,0.00,0.00,0.00,0.00,0.00,0.00,0.037
-93.75810323,42.01990012,30,TaskName 5/12/2025 (GreenStar 4 Monitor),Valor/ag saver,250,5/12/2025,1.000,On,1098.5,120.00,-0.625,9.098,13.35,4.613,359.98,19.99,19.97,0,6,132.38,5/12/2025,Good,0.00,0.00,0.00,0.00,0.00,0.00,0.00,5.325,0.0015,2.662,0.00076,19.34,0.711,0.00,0.00,31.95,0.0092,0.00,0.00,0.00,0.00,0.00,0.00,0.00,0.00,0.037
-93.75810323,42.01993692,30,TaskName 5/12/2025 (GreenStar 4 Monitor),Valor/ag saver,251,5/12/2025,0.996,On,1098.4,120.00,-0.625,9.151,13.37,4.764,359.95,19.99,19.90,0,6,133.14,5/12/2025,Good,0.00,0.00,0.00,0.00,0.00,0.00,0.00,5.307,0.0015,2.654,0.00076,19.28,0.710,0.00,0.00,31.84,0.0092,0.00,0.00,0.00,0.00,0.00,0.00,0.00,0.00,0.037
-93.75810328,42.01997383,30,TaskName 5/12/2025 (GreenStar 4 Monitor),Valor/ag saver,252,5/12/2025,1.005,On,1098.3,120.00,-0.625,9.147,13.49,4.794,0.047,19.99,19.86,0,6,133.11,5/12/2025,Good,0.00,0.00,0.00,0.00,0.00,0.00,0.00,5.296,0.0015,2.648,0.00077,19.24,0.715,0.00,0.00,31.77,0.0092,0.00,0.00,0.00,0.00,0.00,0.00,0.00,0.00,0.037
-93.75810328,42.02001069,30,TaskName 5/12/2025 (GreenStar 4 Monitor),Valor/ag saver,253,5/12/2025,0.999,On,1098.2,120.00,-0.625,9.157,13.42,4.698,0.133,19.99,19.89,0,6,133.23,5/12/2025,Good,0.00,0.00,0.00,0.00,0.00,0.00,0.00,5.304,0.0015,2.652,0.00077,19.27,0.712,0.00,0.00,31.82,0.0092,0.00,0.00,0.00,0.00,0.00,0.00,0.00,0.00,0.037
-93.75810312,42.02004746,30,TaskName 5/12/2025 (GreenStar 4 Monitor),Valor/ag saver,254,5/12/2025,0.995,On,1097.9,120.00,-0.625,9.137,13.34,4.800,359.94,19.99,19.86,0,6,132.94,5/12/2025,Good,0.00,0.00,0.00,0.00,0.00,0.00,0.00,5.296,0.0015,2.648,0.00076,19.24,0.707,0.00,0.00,31.78,0.0091,0.00,0.00,0.00,0.00,0.00,0.00,0.00,0.00,0.037
-93.75810300,42.02008484,30,TaskName 5/12/2025 (GreenStar 4 Monitor),Valor/ag saver,255,5/12/2025,1.000,On,1097.5,120.00,-0.625,9.221,13.53,4.028,359.87,19.99,19.89,0,6,134.17,5/12/2025,Good,0.00,0.00,0.00,0.00,0.00,0.00,0.00,5.305,0.0015,2.653,0.00077,19.27,0.718,0.00,0.00,31.83,0.0093,0.00,0.00,0.00,0.00,0.00,0.00,0.00,0.00,0.037
-93.75810320,42.02012225,30,TaskName 5/12/2025 (GreenStar 4 Monitor),Valor/ag saver,256,5/12/2025,1.000,On,1096.9,120.00,-0.625,9.327,13.68,3.231,0.039,19.99,19.78,0,6,135.70,5/12/2025,Good,0.00,0.00,0.00,0.00,0.00,0.00,0.00,5.275,0.0016,2.637,0.00078,19.16,0.722,0.00,0.00,31.65,0.0093,0.00,0.00,0.00,0.00,0.00,0.00,0.00,0.00,0.038
-93.75810330,42.02015961,30,TaskName 5/12/2025 (GreenStar 4 Monitor),Valor/ag saver,257,5/12/2025,1.000,On,1096.6,120.00,-0.625,9.285,13.63,2.869,0.259,19.99,19.84,0,6,135.14,5/12/2025,Good,0.00,0.00,0.00,0.00,0.00,0.00,0.00,5.290,0.0016,2.645,0.00078,19.22,0.721,0.00,0.00,31.74,0.0093,0.00,0.00,0.00,0.00,0.00,0.00,0.00,0.00,0.038
-93.75810303,42.02019637,30,TaskName 5/12/2025 (GreenStar 4 Monitor),Valor/ag saver,258,5/12/2025,1.000,On,1096.3,120.00,-0.625,9.202,13.50,3.335,0.015,19.99,19.88,0,6,133.87,5/12/2025,Good,0.00,0.00,0.00,0.00,0.00,0.00,0.00,5.301,0.0015,2.650,0.00077,19.26,0.716,0.00,0.00,31.81,0.0092,0.00,0.00,0.00,0.00,0.00,0.00,0.00,0.00,0.037
-93.75810304,42.02023299,30,TaskName 5/12/2025 (GreenStar 4 Monitor),Valor/ag saver,259,5/12/2025,1.001,On,1096.0,120.00,-0.625,9.108,13.36,3.935,359.86,19.99,19.92,0,6,132.41,5/12/2025,Good,0.00,0.00,0.00,0.00,0.00,0.00,0.00,5.312,0.0015,2.656,0.00076,19.30,0.710,0.00,0.00,31.87,0.0092,0.00,0.00,0.00,0.00,0.00,0.00,0.00,0.00,0.037
-93.75810327,42.02026986,30,TaskName 5/12/2025 (GreenStar 4 Monitor),Valor/ag saver,260,5/12/2025,0.999,On,1095.6,120.00,-0.625,9.147,13.42,3.557,0.204,19.99,19.94,0,6,133.23,5/12/2025,Good,0.00,0.00,0.00,0.00,0.00,0.00,0.00,5.316,0.0015,2.658,0.00077,19.31,0.714,0.00,0.00,31.90,0.0092,0.00,0.00,0.00,0.00,0.00,0.00,0.00,0.00,0.037
-93.75810312,42.02030694,30,TaskName 5/12/2025 (GreenStar 4 Monitor),Valor/ag saver,261,5/12/2025,1.000,On,1095.2,120.00,-0.625,9.211,13.52,3.066,359.94,19.99,19.89,0,6,134.04,5/12/2025,Good,0.00,0.00,0.00,0.00,0.00,0.00,0.00,5.304,0.0015,2.652,0.00077,19.27,0.717,0.00,0.00,31.83,0.0093,0.00,0.00,0.00,0.00,0.00,0.00,0.00,0.00,0.037
-93.75810287,42.02034386,30,TaskName 5/12/2025 (GreenStar 4 Monitor),Valor/ag saver,262,5/12/2025,1.000,On,1094.9,120.00,-0.625,9.199,13.50,3.226,359.79,19.99,19.87,0,6,133.84,5/12/2025,Good,0.00,0.00,0.00,0.00,0.00,0.00,0.00,5.298,0.0015,2.649,0.00077,19.25,0.715,0.00,0.00,31.79,0.0092,0.00,0.00,0.00,0.00,0.00,0.00,0.00,0.00,0.037
-93.75810329,42.02038045,30,TaskName 5/12/2025 (GreenStar 4 Monitor),Valor/ag saver,263,5/12/2025,1.000,On,1094.7,120.00,-0.625,9.100,13.35,4.201,0.298,19.99,19.91,0,6,132.41,5/12/2025,Good,0.00,0.00,0.00,0.00,0.00,0.00,0.00,5.310,0.0015,2.655,0.00076,19.29,0.709,0.00,0.00,31.86,0.0092,0.00,0.00,0.00,0.00,0.00,0.00,0.00,0.00,0.037
-93.75810295,42.02041720,30,TaskName 5/12/2025 (GreenStar 4 Monitor),Valor/ag saver,264,5/12/2025,1.000,On,1094.5,120.00,-0.625,9.122,13.38,4.105,0.055,19.99,19.93,0,6,132.74,5/12/2025,Good,0.00,0.00,0.00,0.00,0.00,0.00,0.00,5.314,0.0015,2.657,0.00077,19.30,0.712,0.00,0.00,31.88,0.0092,0.00,0.00,0.00,0.00,0.00,0.00,0.00,0.00,0.037
-93.75810250,42.02045396,30,TaskName 5/12/2025 (GreenStar 4 Monitor),Valor/ag saver,265,5/12/2025,1.000,On,1094.3,120.00,-0.625,9.132,13.40,4.155,359.54,19.99,19.92,0,6,132.90,5/12/2025,Good,0.00,0.00,0.00,0.00,0.00,0.00,0.00,5.313,0.0015,2.656,0.00077,19.30,0.712,0.00,0.00,31.88,0.0092,0.00,0.00,0.00,0.00,0.00,0.00,0.00,0.00,0.037
-93.75810298,42.02049080,30,TaskName 5/12/2025 (GreenStar 4 Monitor),Valor/ag saver,266,5/12/2025,1.000,On,1094.0,120.00,-0.625,9.171,13.46,3.881,359.92,19.99,19.89,0,6,133.45,5/12/2025,Good,0.00,0.00,0.00,0.00,0.00,0.00,0.00,5.305,0.0015,2.652,0.00077,19.27,0.714,0.00,0.00,31.83,0.0092,0.00,0.00,0.00,0.00,0.00,0.00,0.00,0.00,0.037
-93.75810329,42.02052771,30,TaskName 5/12/2025 (GreenStar 4 Monitor),Valor/ag saver,267,5/12/2025,1.001,On,1093.7,120.00,-0.625,9.151,13.43,4.678,0.235,19.99,19.87,0,6,133.03,5/12/2025,Good,0.00,0.00,0.00,0.00,0.00,0.00,0.00,5.299,0.0015,2.649,0.00077,19.25,0.712,0.00,0.00,31.79,0.0092,0.00,0.00,0.00,0.00,0.00,0.00,0.00,0.00,0.037
-93.75810293,42.02056461,30,TaskName 5/12/2025 (GreenStar 4 Monitor),Valor/ag saver,268,5/12/2025,0.999,On,1093.4,120.00,-0.625,9.152,13.43,4.812,359.82,19.99,19.88,0,6,133.33,5/12/2025,Good,0.00,0.00,0.00,0.00,0.00,0.00,0.00,5.303,0.0015,2.651,0.00077,19.26,0.713,0.00,0.00,31.82,0.0092,0.00,0.00,0.00,0.00,0.00,0.00,0.00,0.00,0.037
-93.75810280,42.02057194,30,TaskName 5/12/2025 (GreenStar 4 Monitor),Valor/ag saver,269,5/12/2025,0.195,On,1093.4,118.75,3.560e-07,9.147,2.617,4.834,359.76,19.99,19.90,0,6,131.72,5/12/2025,Good,0.00,0.00,0.00,0.00,0.00,0.00,0.00,5.305,0.00030,2.653,0.00015,19.27,0.138,0.00,0.00,31.83,0.0018,0.00,0.00,0.00,0.00,0.00,0.00,0.00,0.00,0.0071
-93.75810275,42.02057941,30,TaskName 5/12/2025 (GreenStar 4 Monitor),Valor/ag saver,270,5/12/2025,0.200,On,1093.3,115.00,1.875,9.158,2.689,4.590,359.65,19.99,19.95,0,6,127.80,5/12/2025,Good,0.00,0.00,0.00,0.00,0.00,0.00,0.00,5.320,0.00030,2.660,0.00015,19.32,0.137,0.00,0.00,31.92,0.0018,0.00,0.00,0.00,0.00,0.00,0.00,0.00,0.00,0.0071
-93.75810274,42.02058682,30,TaskName 5/12/2025 (GreenStar 4 Monitor),Valor/ag saver,271,5/12/2025,0.200,On,1093.2,111.25,3.750,9.196,2.699,4.478,359.62,19.99,20.22,0,6,124.09,5/12/2025,Good,0.00,0.00,0.00,0.00,0.00,0.00,0.00,5.391,0.00029,2.695,0.00015,19.58,0.135,0.00,0.00,32.35,0.0017,0.00,0.00,0.00,0.00,0.00,0.00,0.00,0.00,0.0069
-93.75810281,42.02059414,30,TaskName 5/12/2025 (GreenStar 4 Monitor),Valor/ag saver,272,5/12/2025,0.200,On,1093.1,106.25,6.250,9.209,2.702,4.524,359.65,19.99,20.30,0,6,118.65,5/12/2025,Good,0.00,0.00,0.00,0.00,0.00,0.00,0.00,5.414,0.00028,2.707,0.00014,19.67,0.130,0.00,0.00,32.48,0.0017,0.00,0.00,0.00,0.00,0.00,0.00,0.00,0.00,0.0066
-93.75810284,42.02060156,30,TaskName 5/12/2025 (GreenStar 4 Monitor),Valor/ag saver,273,5/12/2025,0.205,On,1093.1,102.50,8.125,9.187,2.762,4.458,359.72,19.99,20.30,0,6,114.11,5/12/2025,Good,0.00,0.00,0.00,0.00,0.00,0.00,0.00,5.414,0.00027,2.707,0.00014,19.67,0.128,0.00,0.00,32.48,0.0016,0.00,0.00,0.00,0.00,0.00,0.00,0.00,0.00,0.0065
-93.75810300,42.02060907,30,TaskName 5/12/2025 (GreenStar 4 Monitor),Valor/ag saver,274,5/12/2025,0.195,On,1093.0,98.75,10.000,9.187,2.627,4.293,359.85,19.99,20.46,0,6,109.95,5/12/2025,Good,0.00,0.00,0.00,0.00,0.00,0.00,0.00,5.457,0.00025,2.728,0.00013,19.82,0.118,0.00,0.00,32.74,0.0015,0.00,0.00,0.00,0.00,0.00,0.00,0.00,0.00,0.0060
-93.75810307,42.02061643,30,TaskName 5/12/2025 (GreenStar 4 Monitor),Valor/ag saver,275,5/12/2025,0.200,On,1092.9,95.00,11.87,9.225,2.706,4.154,359.95,19.99,20.56,0,6,106.22,5/12/2025,Good,0.00,0.00,0.00,0.00,0.00,0.00,0.00,5.482,0.00025,2.741,0.00013,19.91,0.118,0.00,0.00,32.89,0.0015,0.00,0.00,0.00,0.00,0.00,0.00,0.00,0.00,0.0059
-93.75810308,42.02062382,30,TaskName 5/12/2025 (GreenStar 4 Monitor),Valor/ag saver,276,5/12/2025,0.200,On,1092.8,90.00,14.37,9.221,2.706,3.883,0.016,19.99,20.53,0,6,100.63,5/12/2025,Good,0.00,0.00,0.00,0.00,0.00,0.00,0.00,5.474,0.00024,2.737,0.00012,19.88,0.111,0.00,0.00,32.84,0.0014,0.00,0.00,0.00,0.00,0.00,0.00,0.00,0.00,0.0056
-93.75810319,42.02063129,30,TaskName 5/12/2025 (GreenStar 4 Monitor),Valor/ag saver,277,5/12/2025,0.201,On,1092.8,85.00,16.87,9.205,2.702,3.632,0.117,19.99,20.67,0,6,94.45,5/12/2025,Good,0.00,0.00,0.00,0.00,0.00,0.00,0.00,5.511,0.00023,2.755,0.00011,20.02,0.106,0.00,0.00,33.06,0.0014,0.00,0.00,0.00,0.00,0.00,0.00,0.00,0.00,0.0053
-93.75810323,42.02063877,30,TaskName 5/12/2025 (GreenStar 4 Monitor),Valor/ag saver,278,5/12/2025,0.205,On,1092.7,81.25,18.75,9.221,2.775,3.216,0.188,19.99,20.75,0,6,90.89,5/12/2025,Good,0.00,0.00,0.00,0.00,0.00,0.00,0.00,5.534,0.00022,2.767,0.00011,20.10,0.104,0.00,0.00,33.20,0.0013,0.00,0.00,0.00,0.00,0.00,0.00,0.00,0.00,0.0052
-93.75810326,42.02064625,30,TaskName 5/12/2025 (GreenStar 4 Monitor),Valor/ag saver,279,5/12/2025,0.199,On,1092.6,75.00,21.87,9.247,2.712,3.196,0.141,19.99,20.77,0,6,84.48,5/12/2025,Good,0.00,0.00,0.00,0.00,0.00,0.00,0.00,5.539,0.00020,2.770,0.00010,20.12,0.094,0.00,0.00,33.24,0.0012,0.00,0.00,0.00,0.00,0.00,0.00,0.00,0.00,0.0047
-93.75810315,42.02065359,30,TaskName 5/12/2025 (GreenStar 4 Monitor),Valor/ag saver,280,5/12/2025,0.200,On,1092.5,70.00,24.37,9.261,2.719,3.315,0.063,19.99,21.08,0,6,78.65,5/12/2025,Good,0.00,0.00,0.00,0.00,0.00,0.00,0.00,5.622,0.00019,2.811,9.595e-05,20.42,0.089,0.00,0.00,33.73,0.0012,0.00,0.00,0.00,0.00,0.00,0.00,0.00,0.00,0.0044
-93.75810303,42.02066096,30,TaskName 5/12/2025 (GreenStar 4 Monitor),Valor/ag saver,281,5/12/2025,0.200,On,1092.5,65.00,26.87,9.227,2.709,3.388,359.98,19.99,20.84,0,6,72.76,5/12/2025,Good,0.00,0.00,0.00,0.00,0.00,0.00,0.00,5.556,0.00018,2.778,8.774e-05,20.18,0.082,0.00,0.00,33.34,0.0011,0.00,0.00,0.00,0.00,0.00,0.00,0.00,0.00,0.0040
-93.75810293,42.02066838,30,TaskName 5/12/2025 (GreenStar 4 Monitor),Valor/ag saver,282,5/12/2025,0.200,On,1092.4,58.75,30.00,9.198,2.699,3.355,359.92,19.99,21.02,0,6,65.53,5/12/2025,Good,0.00,0.00,0.00,0.00,0.00,0.00,0.00,5.605,0.00016,2.802,7.970e-05,20.36,0.074,0.00,0.00,33.63,0.00096,0.00,0.00,0.00,0.00,0.00,0.00,0.00,0.00,0.0036
-93.75810292,42.02067580,30,TaskName 5/12/2025 (GreenStar 4 Monitor),Valor/ag saver,283,5/12/2025,0.201,On,1092.3,52.50,33.12,9.194,2.699,3.348,359.89,19.99,21.21,0,6,58.27,5/12/2025,Good,0.00,0.00,0.00,0.00,0.00,0.00,0.00,5.656,0.00014,2.828,7.188e-05,20.55,0.067,0.00,0.00,33.94,0.00086,0.00,0.00,0.00,0.00,0.00,0.00,0.00,0.00,0.0033
-93.75810290,42.02068320,30,TaskName 5/12/2025 (GreenStar 4 Monitor),Valor/ag saver,284,5/12/2025,0.194,On,1092.2,46.25,36.25,9.198,2.630,3.480,359.84,19.99,21.12,0,6,51.82,5/12/2025,Good,0.00,0.00,0.00,0.00,0.00,0.00,0.00,5.633,0.00012,2.817,6.145e-05,20.46,0.057,0.00,0.00,33.80,0.00074,0.00,0.00,0.00,0.00,0.00,0.00,0.00,0.00,0.0028
-93.75810293,42.02069059,30,TaskName 5/12/2025 (GreenStar 4 Monitor),Valor/ag saver,285,5/12/2025,0.201,On,1092.1,36.25,41.25,9.189,2.709,3.580,359.79,19.99,21.35,0,6,40.38,5/12/2025,Good,0.00,0.00,0.00,0.00,0.00,0.00,0.00,5.693,0.00010,2.847,5.014e-05,20.68,0.047,0.00,0.00,34.16,0.00060,0.00,0.00,0.00,0.00,0.00,0.00,0.00,0.00,0.0023
-93.75810291,42.02069797,30,TaskName 5/12/2025 (GreenStar 4 Monitor),Valor/ag saver,286,5/12/2025,0.200,On,1092.0,21.25,48.75,9.185,2.683,3.527,359.71,19.99,21.48,0,6,23.56,5/12/2025,Good,0.00,0.00,0.00,0.00,0.00,0.00,0.00,5.727,5.856e-05,2.864,2.928e-05,20.80,0.027,0.00,0.00,34.36,0.00035,0.00,0.00,0.00,0.00,0.00,0.00,0.00,0.00,0.0013
-93.75854426,42.02057050,30,TaskName 5/12/2025 (GreenStar 4 Monitor),Valor/ag saver,287,5/12/2025,0.204,On,1093.6,3.750,-57.50,8.950,2.680,6.710,180.61,19.99,20.40,0,7,4.072,5/12/2025,Good,0.00,0.00,0.00,0.00,0.00,0.00,0.00,5.439,9.805e-06,2.720,4.903e-06,19.76,0.0046,0.00,0.00,32.64,5.883e-05,0.00,0.00,0.00,0.00,0.00,0.00,0.00,0.00,0.00023
-93.75854466,42.02056328,30,TaskName 5/12/2025 (GreenStar 4 Monitor),Valor/ag saver,288,5/12/2025,0.195,On,1093.6,7.500,-55.62,9.004,2.575,6.538,180.42,19.99,21.50,0,7,8.186,5/12/2025,Good,0.00,0.00,0.00,0.00,0.00,0.00,0.00,5.733,1.986e-05,2.867,9.930e-06,20.83,0.0092,0.00,0.00,34.40,0.00012,0.00,0.00,0.00,0.00,0.00,0.00,0.00,0.00,0.00044
-93.75854484,42.02055607,30,TaskName 5/12/2025 (GreenStar 4 Monitor),Valor/ag saver,289,5/12/2025,0.200,On,1093.7,11.25,-53.75,9.008,2.644,6.551,180.18,19.99,20.80,0,7,12.29,5/12/2025,Good,0.00,0.00,0.00,0.00,0.00,0.00,0.00,5.548,2.960e-05,2.774,1.480e-05,20.15,0.014,0.00,0.00,33.29,0.00018,0.00,0.00,0.00,0.00,0.00,0.00,0.00,0.00,0.00068
-93.75854505,42.02054879,30,TaskName 5/12/2025 (GreenStar 4 Monitor),Valor/ag saver,290,5/12/2025,0.200,On,1093.8,15.00,-51.87,8.997,2.641,6.551,179.96,19.99,20.99,0,7,16.37,5/12/2025,Good,0.00,0.00,0.00,0.00,0.00,0.00,0.00,5.596,3.976e-05,2.798,1.988e-05,20.33,0.018,0.00,0.00,33.58,0.00024,0.00,0.00,0.00,0.00,0.00,0.00,0.00,0.00,0.00091
-93.75854520,42.02054151,30,TaskName 5/12/2025 (GreenStar 4 Monitor),Valor/ag saver,291,5/12/2025,0.201,On,1093.8,18.75,-50.00,9.006,2.657,6.657,179.80,19.99,21.32,0,7,20.49,5/12/2025,Good,0.00,0.00,0.00,0.00,0.00,0.00,0.00,5.685,5.080e-05,2.842,2.540e-05,20.65,0.024,0.00,0.00,34.11,0.00030,0.00,0.00,0.00,0.00,0.00,0.00,0.00,0.00,0.0011
-93.75854532,42.02053426,30,TaskName 5/12/2025 (GreenStar 4 Monitor),Valor/ag saver,292,5/12/2025,0.204,On,1093.8,22.50,-48.12,9.015,2.700,6.763,179.71,19.99,21.10,0,7,24.61,5/12/2025,Good,0.00,0.00,0.00,0.00,0.00,0.00,0.00,5.628,6.131e-05,2.814,3.066e-05,20.44,0.029,0.00,0.00,33.77,0.00037,0.00,0.00,0.00,0.00,0.00,0.00,0.00,0.00,0.0014
-93.75854539,42.02052706,30,TaskName 5/12/2025 (GreenStar 4 Monitor),Valor/ag saver,293,5/12/2025,0.195,On,1093.9,26.25,-46.25,9.019,2.582,6.558,179.65,19.99,20.91,0,7,28.72,5/12/2025,Good,0.00,0.00,0.00,0.00,0.00,0.00,0.00,5.576,6.778e-05,2.788,3.389e-05,20.26,0.032,0.00,0.00,33.46,0.00041,0.00,0.00,0.00,0.00,0.00,0.00,0.00,0.00,0.0016
-93.75854543,42.02051977,30,TaskName 5/12/2025 (GreenStar 4 Monitor),Valor/ag saver,294,5/12/2025,0.196,On,1094.0,30.00,-44.37,8.997,2.588,6.307,179.58,19.99,20.76,0,7,32.74,5/12/2025,Good,0.00,0.00,0.00,0.00,0.00,0.00,0.00,5.536,7.710e-05,2.768,3.855e-05,20.11,0.036,0.00,0.00,33.22,0.00046,0.00,0.00,0.00,0.00,0.00,0.00,0.00,0.00,0.0018
-93.75854546,42.02051242,30,TaskName 5/12/2025 (GreenStar 4 Monitor),Valor/ag saver,295,5/12/2025,0.204,On,1094.0,32.50,-43.12,9.008,2.697,6.096,179.53,19.99,20.63,0,7,35.50,5/12/2025,Good,0.00,0.00,0.00,0.00,0.00,0.00,0.00,5.502,8.648e-05,2.751,4.324e-05,19.99,0.040,0.00,0.00,33.01,0.00052,0.00,0.00,0.00,0.00,0.00,0.00,0.00,0.00,0.0020
-93.75854536,42.02050510,30,TaskName 5/12/2025 (GreenStar 4 Monitor),Valor/ag saver,296,5/12/2025,0.200,On,1094.1,37.50,-40.62,9.042,2.654,5.884,179.63,19.99,20.61,0,7,41.13,5/12/2025,Good,0.00,0.00,0.00,0.00,0.00,0.00,0.00,5.496,9.811e-05,2.748,4.905e-05,19.97,0.046,0.00,0.00,32.98,0.00059,0.00,0.00,0.00,0.00,0.00,0.00,0.00,0.00,0.0023
-93.75854517,42.02049777,30,TaskName 5/12/2025 (GreenStar 4 Monitor),Valor/ag saver,297,5/12/2025,0.205,On,1094.1,41.25,-38.75,9.062,2.726,5.832,179.78,19.99,20.45,0,7,45.33,5/12/2025,Good,0.00,0.00,0.00,0.00,0.00,0.00,0.00,5.454,0.00011,2.727,5.500e-05,19.81,0.051,0.00,0.00,32.72,0.00066,0.00,0.00,0.00,0.00,0.00,0.00,0.00,0.00,0.0026
-93.75854497,42.02049045,30,TaskName 5/12/2025 (GreenStar 4 Monitor),Valor/ag saver,298,5/12/2025,0.195,On,1094.1,45.00,-36.87,9.080,2.598,5.957,179.90,19.99,20.26,0,7,49.55,5/12/2025,Good,0.00,0.00,0.00,0.00,0.00,0.00,0.00,5.402,0.00011,2.701,5.664e-05,19.62,0.053,0.00,0.00,32.41,0.00068,0.00,0.00,0.00,0.00,0.00,0.00,0.00,0.00,0.0027
-93.75854497,42.02048317,30,TaskName 5/12/2025 (GreenStar 4 Monitor),Valor/ag saver,299,5/12/2025,0.200,On,1094.2,50.00,-34.37,9.069,2.664,5.898,179.95,19.99,20.15,0,7,55.04,5/12/2025,Good,0.00,0.00,0.00,0.00,0.00,0.00,0.00,5.374,0.00013,2.687,6.418e-05,19.52,0.060,0.00,0.00,32.24,0.00077,0.00,0.00,0.00,0.00,0.00,0.00,0.00,0.00,0.0031
-93.75854496,42.02047584,30,TaskName 5/12/2025 (GreenStar 4 Monitor),Valor/ag saver,300,5/12/2025,0.200,On,1094.3,53.75,-32.50,9.060,2.661,5.838,179.96,19.99,20.22,0,7,59.09,5/12/2025,Good,0.00,0.00,0.00,0.00,0.00,0.00,0.00,5.391,0.00014,2.695,6.913e-05,19.58,0.064,0.00,0.00,32.35,0.00083,0.00,0.00,0.00,0.00,0.00,0.00,0.00,0.00,0.0033
-93.75854495,42.02046853,30,TaskName 5/12/2025 (GreenStar 4 Monitor),Valor/ag saver,301,5/12/2025,0.196,On,1094.3,57.50,-30.62,9.066,2.608,5.818,180.02,19.99,20.19,0,7,63.23,5/12/2025,Good,0.00,0.00,0.00,0.00,0.00,0.00,0.00,5.385,0.00014,2.693,7.242e-05,19.56,0.067,0.00,0.00,32.31,0.00087,0.00,0.00,0.00,0.00,0.00,0.00,0.00,0.00,0.0034
-93.75854490,42.02046126,30,TaskName 5/12/2025 (GreenStar 4 Monitor),Valor/ag saver,302,5/12/2025,0.209,On,1094.3,61.25,-28.75,9.073,2.782,5.845,180.06,19.99,19.96,0,7,67.38,5/12/2025,Good,0.00,0.00,0.00,0.00,0.00,0.00,0.00,5.323,0.00016,2.661,8.133e-05,19.33,0.076,0.00,0.00,31.94,0.00098,0.00,0.00,0.00,0.00,0.00,0.00,0.00,0.00,0.0039
-93.75854493,42.02045398,30,TaskName 5/12/2025 (GreenStar 4 Monitor),Valor/ag saver,303,5/12/2025,0.195,On,1094.4,65.00,-26.87,9.062,2.595,5.752,180.09,19.99,20.19,0,7,71.48,5/12/2025,Good,0.00,0.00,0.00,0.00,0.00,0.00,0.00,5.385,0.00016,2.693,8.145e-05,19.56,0.076,0.00,0.00,32.31,0.00098,0.00,0.00,0.00,0.00,0.00,0.00,0.00,0.00,0.0039
-93.75854494,42.02044667,30,TaskName 5/12/2025 (GreenStar 4 Monitor),Valor/ag saver,304,5/12/2025,0.200,On,1094.5,68.75,-25.00,9.062,2.661,5.713,180.06,19.99,19.87,0,7,75.58,5/12/2025,Good,0.00,0.00,0.00,0.00,0.00,0.00,0.00,5.300,0.00017,2.650,8.693e-05,19.25,0.081,0.00,0.00,31.80,0.0010,0.00,0.00,0.00,0.00,0.00,0.00,0.00,0.00,0.0042
-93.75854505,42.02043939,30,TaskName 5/12/2025 (GreenStar 4 Monitor),Valor/ag saver,305,5/12/2025,0.196,On,1094.6,72.50,-23.12,9.066,2.608,5.825,179.97,19.99,19.81,0,7,79.73,5/12/2025,Good,0.00,0.00,0.00,0.00,0.00,0.00,0.00,5.283,0.00018,2.641,8.957e-05,19.19,0.083,0.00,0.00,31.70,0.0011,0.00,0.00,0.00,0.00,0.00,0.00,0.00,0.00,0.0043
-93.75854504,42.02043212,30,TaskName 5/12/2025 (GreenStar 4 Monitor),Valor/ag saver,306,5/12/2025,0.205,On,1094.6,76.25,-21.25,9.062,2.713,5.983,179.93,19.99,19.86,0,7,83.40,5/12/2025,Good,0.00,0.00,0.00,0.00,0.00,0.00,0.00,5.297,0.00020,2.648,9.826e-05,19.24,0.091,0.00,0.00,31.78,0.0012,0.00,0.00,0.00,0.00,0.00,0.00,0.00,0.00,0.0047
-93.75854511,42.02042489,30,TaskName 5/12/2025 (GreenStar 4 Monitor),Valor/ag saver,307,5/12/2025,0.204,On,1094.6,81.25,-18.75,9.051,2.723,6.069,179.89,19.99,19.86,0,7,89.63,5/12/2025,Good,0.00,0.00,0.00,0.00,0.00,0.00,0.00,5.297,0.00021,2.648,0.00011,19.24,0.098,0.00,0.00,31.78,0.0013,0.00,0.00,0.00,0.00,0.00,0.00,0.00,0.00,0.0051
-93.75854524,42.02041759,30,TaskName 5/12/2025 (GreenStar 4 Monitor),Valor/ag saver,308,5/12/2025,0.195,On,1094.7,85.00,-16.87,9.026,2.585,6.089,179.86,19.99,19.81,0,7,93.13,5/12/2025,Good,0.00,0.00,0.00,0.00,0.00,0.00,0.00,5.283,0.00021,2.641,0.00010,19.19,0.097,0.00,0.00,31.70,0.0012,0.00,0.00,0.00,0.00,0.00,0.00,0.00,0.00,0.0050
-93.75854524,42.02041029,30,TaskName 5/12/2025 (GreenStar 4 Monitor),Valor/ag saver,309,5/12/2025,0.200,On,1094.8,87.50,-15.62,9.024,2.647,6.083,179.75,19.99,19.66,0,7,95.72,5/12/2025,Good,0.00,0.00,0.00,0.00,0.00,0.00,0.00,5.243,0.00022,2.621,0.00011,19.04,0.101,0.00,0.00,31.46,0.0013,0.00,0.00,0.00,0.00,0.00,0.00,0.00,0.00,0.0053
-93.75854532,42.02040299,30,TaskName 5/12/2025 (GreenStar 4 Monitor),Valor/ag saver,310,5/12/2025,0.196,On,1094.8,91.25,-13.75,9.037,2.598,6.036,179.66,19.99,19.84,0,7,99.97,5/12/2025,Good,0.00,0.00,0.00,0.00,0.00,0.00,0.00,5.291,0.00022,2.646,0.00011,19.22,0.105,0.00,0.00,31.75,0.0013,0.00,0.00,0.00,0.00,0.00,0.00,0.00,0.00,0.0054
-93.75854539,42.02039574,30,TaskName 5/12/2025 (GreenStar 4 Monitor),Valor/ag saver,311,5/12/2025,0.205,On,1094.9,95.00,-11.87,9.048,2.723,6.069,179.62,19.99,19.63,0,7,104.28,5/12/2025,Good,0.00,0.00,0.00,0.00,0.00,0.00,0.00,5.234,0.00024,2.617,0.00012,19.01,0.113,0.00,0.00,31.41,0.0015,0.00,0.00,0.00,0.00,0.00,0.00,0.00,0.00,0.0059
-93.75854532,42.02038845,30,TaskName 5/12/2025 (GreenStar 4 Monitor),Valor/ag saver,312,5/12/2025,0.204,On,1094.9,98.75,-10.000,9.044,2.706,6.030,179.66,19.99,19.95,0,7,108.27,5/12/2025,Good,0.00,0.00,0.00,0.00,0.00,0.00,0.00,5.320,0.00025,2.660,0.00013,19.32,0.119,0.00,0.00,31.92,0.0015,0.00,0.00,0.00,0.00,0.00,0.00,0.00,0.00,0.0061
-93.75854519,42.02038122,30,TaskName 5/12/2025 (GreenStar 4 Monitor),Valor/ag saver,313,5/12/2025,0.191,On,1095.0,101.25,-8.750,9.044,2.536,5.924,179.72,19.99,19.83,0,7,111.10,5/12/2025,Good,0.00,0.00,0.00,0.00,0.00,0.00,0.00,5.288,0.00024,2.644,0.00012,19.21,0.113,0.00,0.00,31.73,0.0015,0.00,0.00,0.00,0.00,0.00,0.00,0.00,0.00,0.0059
-93.75854518,42.02037392,30,TaskName 5/12/2025 (GreenStar 4 Monitor),Valor/ag saver,314,5/12/2025,0.204,On,1095.1,105.00,-6.875,9.037,2.706,5.779,179.73,19.99,19.79,0,7,115.13,5/12/2025,Good,0.00,0.00,0.00,0.00,0.00,0.00,0.00,5.277,0.00027,2.638,0.00013,19.17,0.125,0.00,0.00,31.66,0.0016,0.00,0.00,0.00,0.00,0.00,0.00,0.00,0.00,0.0065
-93.75854524,42.02036662,30,TaskName 5/12/2025 (GreenStar 4 Monitor),Valor/ag saver,315,5/12/2025,0.200,On,1095.1,108.75,-5.000,9.044,2.654,5.851,179.73,19.99,19.64,0,7,119.26,5/12/2025,Good,0.00,0.00,0.00,0.00,0.00,0.00,0.00,5.237,0.00027,2.619,0.00014,19.02,0.126,0.00,0.00,31.42,0.0016,0.00,0.00,0.00,0.00,0.00,0.00,0.00,0.00,0.0066
-93.75854518,42.02035940,30,TaskName 5/12/2025 (GreenStar 4 Monitor),Valor/ag saver,316,5/12/2025,0.200,On,1095.2,112.50,-3.125,9.051,2.657,6.089,179.77,19.99,19.55,0,7,123.53,5/12/2025,Good,0.00,0.00,0.00,0.00,0.00,0.00,0.00,5.214,0.00028,2.607,0.00014,18.94,0.130,0.00,0.00,31.29,0.0017,0.00,0.00,0.00,0.00,0.00,0.00,0.00,0.00,0.0069
-93.75854504,42.02035214,30,TaskName 5/12/2025 (GreenStar 4 Monitor),Valor/ag saver,317,5/12/2025,0.205,On,1095.2,116.25,-1.250,9.033,2.716,6.036,179.84,19.99,19.60,0,7,127.30,5/12/2025,Good,0.00,0.00,0.00,0.00,0.00,0.00,0.00,5.226,0.00030,2.613,0.00015,18.98,0.138,0.00,0.00,31.35,0.0018,0.00,0.00,0.00,0.00,0.00,0.00,0.00,0.00,0.0072
-93.75854502,42.02034483,30,TaskName 5/12/2025 (GreenStar 4 Monitor),Valor/ag saver,318,5/12/2025,0.195,On,1095.3,118.75,3.560e-07,9.026,2.582,5.990,179.86,19.99,19.54,0,7,129.94,5/12/2025,Good,0.00,0.00,0.00,0.00,0.00,0.00,0.00,5.211,0.00029,2.606,0.00014,18.93,0.133,0.00,0.00,31.27,0.0017,0.00,0.00,0.00,0.00,0.00,0.00,0.00,0.00,0.0070
-93.75854498,42.02030849,30,TaskName 5/12/2025 (GreenStar 4 Monitor),Valor/ag saver,319,5/12/2025,1.001,On,1095.6,120.00,0.625,9.029,13.26,6.094,179.98,19.99,19.74,0,7,131.40,5/12/2025,Good,0.00,0.00,0.00,0.00,0.00,0.00,0.00,5.263,0.0015,2.632,0.00075,19.12,0.699,0.00,0.00,31.58,0.0090,0.00,0.00,0.00,0.00,0.00,0.00,0.00,0.00,0.037
-93.75854525,42.02027215,30,TaskName 5/12/2025 (GreenStar 4 Monitor),Valor/ag saver,320,5/12/2025,0.999,On,1096.0,120.00,0.625,9.060,13.28,6.061,179.76,19.99,19.85,0,7,131.86,5/12/2025,Good,0.00,0.00,0.00,0.00,0.00,0.00,0.00,5.292,0.0015,2.646,0.00076,19.22,0.703,0.00,0.00,31.75,0.0091,0.00,0.00,0.00,0.00,0.00,0.00,0.00,0.00,0.037
-93.75854510,42.02023565,30,TaskName 5/12/2025 (GreenStar 4 Monitor),Valor/ag saver,321,5/12/2025,1.005,On,1096.4,120.00,0.625,9.047,13.34,6.232,179.74,19.99,19.97,0,7,131.66,5/12/2025,Good,0.00,0.00,0.00,0.00,0.00,0.00,0.00,5.325,0.0015,2.663,0.00076,19.34,0.711,0.00,0.00,31.95,0.0092,0.00,0.00,0.00,0.00,0.00,0.00,0.00,0.00,0.037
-93.75854487,42.02019916,30,TaskName 5/12/2025 (GreenStar 4 Monitor),Valor/ag saver,322,5/12/2025,0.995,On,1096.9,120.00,0.625,9.052,13.22,6.328,180.06,19.99,19.95,0,7,131.74,5/12/2025,Good,0.00,0.00,0.00,0.00,0.00,0.00,0.00,5.320,0.0015,2.660,0.00076,19.32,0.704,0.00,0.00,31.92,0.0091,0.00,0.00,0.00,0.00,0.00,0.00,0.00,0.00,0.036
-93.75854490,42.02016308,30,TaskName 5/12/2025 (GreenStar 4 Monitor),Valor/ag saver,323,5/12/2025,0.996,On,1097.6,120.00,0.625,9.041,13.22,6.801,179.95,19.99,19.95,0,7,131.61,5/12/2025,Good,0.00,0.00,0.00,0.00,0.00,0.00,0.00,5.319,0.0015,2.660,0.00076,19.32,0.704,0.00,0.00,31.92,0.0091,0.00,0.00,0.00,0.00,0.00,0.00,0.00,0.00,0.036
-93.75854501,42.02012695,30,TaskName 5/12/2025 (GreenStar 4 Monitor),Valor/ag saver,324,5/12/2025,1.004,On,1098.2,120.00,0.625,8.972,13.22,7.553,179.80,19.99,20.02,0,7,130.59,5/12/2025,Good,0.00,0.00,0.00,0.00,0.00,0.00,0.00,5.339,0.0015,2.670,0.00076,19.40,0.706,0.00,0.00,32.04,0.0091,0.00,0.00,0.00,0.00,0.00,0.00,0.00,0.00,0.036
-93.75854469,42.02009005,30,TaskName 5/12/2025 (GreenStar 4 Monitor),Valor/ag saver,325,5/12/2025,1.001,On,1098.7,120.00,0.625,9.089,13.34,6.915,180.12,19.99,19.94,0,7,132.15,5/12/2025,Good,0.00,0.00,0.00,0.00,0.00,0.00,0.00,5.318,0.0015,2.659,0.00076,19.32,0.710,0.00,0.00,31.91,0.0092,0.00,0.00,0.00,0.00,0.00,0.00,0.00,0.00,0.037
-93.75854490,42.02005321,30,TaskName 5/12/2025 (GreenStar 4 Monitor),Valor/ag saver,326,5/12/2025,0.995,On,1099.2,120.00,0.625,9.183,13.42,6.244,180.12,19.99,19.89,0,7,133.80,5/12/2025,Good,0.00,0.00,0.00,0.00,0.00,0.00,0.00,5.304,0.0015,2.652,0.00077,19.27,0.713,0.00,0.00,31.83,0.0092,0.00,0.00,0.00,0.00,0.00,0.00,0.00,0.00,0.037
-93.75854510,42.02001643,30,TaskName 5/12/2025 (GreenStar 4 Monitor),Valor/ag saver,327,5/12/2025,1.004,On,1099.7,120.00,0.625,9.139,13.47,6.266,179.98,19.99,19.93,0,7,133.02,5/12/2025,Good,0.00,0.00,0.00,0.00,0.00,0.00,0.00,5.316,0.0015,2.658,0.00077,19.31,0.716,0.00,0.00,31.89,0.0092,0.00,0.00,0.00,0.00,0.00,0.00,0.00,0.00,0.037
-93.75854513,42.01997998,30,TaskName 5/12/2025 (GreenStar 4 Monitor),Valor/ag saver,328,5/12/2025,0.996,On,1100.3,120.00,0.625,9.085,13.28,6.757,179.87,19.99,19.94,0,7,132.23,5/12/2025,Good,0.00,0.00,0.00,0.00,0.00,0.00,0.00,5.318,0.0015,2.659,0.00076,19.32,0.707,0.00,0.00,31.91,0.0091,0.00,0.00,0.00,0.00,0.00,0.00,0.00,0.00,0.037
-93.75854497,42.01994339,30,TaskName 5/12/2025 (GreenStar 4 Monitor),Valor/ag saver,329,5/12/2025,0.999,On,1100.8,120.00,0.625,9.073,13.30,6.888,179.95,19.99,19.99,0,7,132.06,5/12/2025,Good,0.00,0.00,0.00,0.00,0.00,0.00,0.00,5.332,0.0015,2.666,0.00076,19.37,0.710,0.00,0.00,31.99,0.0092,0.00,0.00,0.00,0.00,0.00,0.00,0.00,0.00,0.037
-93.75854496,42.01990681,30,TaskName 5/12/2025 (GreenStar 4 Monitor),Valor/ag saver,330,5/12/2025,1.006,On,1101.4,120.00,0.625,9.110,13.44,6.787,179.99,19.99,19.92,0,7,132.47,5/12/2025,Good,0.00,0.00,0.00,0.00,0.00,0.00,0.00,5.312,0.0015,2.656,0.00077,19.30,0.714,0.00,0.00,31.87,0.0092,0.00,0.00,0.00,0.00,0.00,0.00,0.00,0.00,0.037
-93.75854535,42.01987004,30,TaskName 5/12/2025 (GreenStar 4 Monitor),Valor/ag saver,331,5/12/2025,1.000,On,1102.1,120.00,0.625,9.120,13.39,6.681,179.68,19.99,19.89,0,7,132.77,5/12/2025,Good,0.00,0.00,0.00,0.00,0.00,0.00,0.00,5.304,0.0015,2.652,0.00076,19.27,0.711,0.00,0.00,31.82,0.0092,0.00,0.00,0.00,0.00,0.00,0.00,0.00,0.00,0.037
-93.75854494,42.01983378,30,TaskName 5/12/2025 (GreenStar 4 Monitor),Valor/ag saver,332,5/12/2025,0.994,On,1102.7,120.00,0.625,9.081,13.26,7.193,179.92,19.99,19.95,0,7,132.30,5/12/2025,Good,0.00,0.00,0.00,0.00,0.00,0.00,0.00,5.319,0.0015,2.659,0.00076,19.32,0.706,0.00,0.00,31.91,0.0091,0.00,0.00,0.00,0.00,0.00,0.00,0.00,0.00,0.037
-93.75854465,42.01979738,30,TaskName 5/12/2025 (GreenStar 4 Monitor),Valor/ag saver,333,5/12/2025,1.001,On,1103.3,120.00,0.625,9.038,13.28,8.128,180.36,19.99,19.96,0,7,131.53,5/12/2025,Good,0.00,0.00,0.00,0.00,0.00,0.00,0.00,5.322,0.0015,2.661,0.00076,19.33,0.707,0.00,0.00,31.93,0.0091,0.00,0.00,0.00,0.00,0.00,0.00,0.00,0.00,0.037
-93.75854519,42.01976026,30,TaskName 5/12/2025 (GreenStar 4 Monitor),Valor/ag saver,334,5/12/2025,1.005,On,1103.7,120.00,0.625,9.130,13.46,7.426,179.93,19.99,19.91,0,7,132.86,5/12/2025,Good,0.00,0.00,0.00,0.00,0.00,0.00,0.00,5.310,0.0015,2.655,0.00077,19.29,0.715,0.00,0.00,31.86,0.0092,0.00,0.00,0.00,0.00,0.00,0.00,0.00,0.00,0.037
-93.75854488,42.01972287,30,TaskName 5/12/2025 (GreenStar 4 Monitor),Valor/ag saver,335,5/12/2025,0.995,On,1103.5,120.00,0.625,9.298,13.56,6.110,179.77,19.99,19.97,0,7,135.17,5/12/2025,Good,0.00,0.00,0.00,0.00,0.00,0.00,0.00,5.324,0.0016,2.662,0.00078,19.34,0.723,0.00,0.00,31.95,0.0093,0.00,0.00,0.00,0.00,0.00,0.00,0.00,0.00,0.037
-93.75854470,42.01968524,30,TaskName 5/12/2025 (GreenStar 4 Monitor),Valor/ag saver,336,5/12/2025,1.004,On,1103.4,120.00,0.625,9.249,13.64,5.430,180.24,19.99,19.79,0,7,134.71,5/12/2025,Good,0.00,0.00,0.00,0.00,0.00,0.00,0.00,5.277,0.0015,2.638,0.00077,19.17,0.720,0.00,0.00,31.66,0.0093,0.00,0.00,0.00,0.00,0.00,0.00,0.00,0.00,0.038
-93.75854483,42.01964820,30,TaskName 5/12/2025 (GreenStar 4 Monitor),Valor/ag saver,337,5/12/2025,1.006,On,1103.2,120.00,0.625,9.330,13.77,5.134,180.32,19.99,19.86,0,7,135.76,5/12/2025,Good,0.00,0.00,0.00,0.00,0.00,0.00,0.00,5.295,0.0016,2.648,0.00078,19.23,0.730,0.00,0.00,31.77,0.0094,0.00,0.00,0.00,0.00,0.00,0.00,0.00,0.00,0.038
-93.75854548,42.01961109,30,TaskName 5/12/2025 (GreenStar 4 Monitor),Valor/ag saver,338,5/12/2025,0.990,On,1103.0,120.00,0.625,9.205,13.37,5.185,179.46,19.99,19.89,0,7,133.98,5/12/2025,Good,0.00,0.00,0.00,0.00,0.00,0.00,0.00,5.304,0.0015,2.652,0.00076,19.27,0.710,0.00,0.00,31.83,0.0092,0.00,0.00,0.00,0.00,0.00,0.00,0.00,0.00,0.037
-93.75854486,42.01957395,30,TaskName 5/12/2025 (GreenStar 4 Monitor),Valor/ag saver,339,5/12/2025,1.000,On,1102.7,120.00,0.625,9.237,13.56,4.747,179.91,19.99,19.90,0,7,134.46,5/12/2025,Good,0.00,0.00,0.00,0.00,0.00,0.00,0.00,5.306,0.0015,2.653,0.00077,19.27,0.720,0.00,0.00,31.84,0.0093,0.00,0.00,0.00,0.00,0.00,0.00,0.00,0.00,0.037
-93.75854461,42.01953705,30,TaskName 5/12/2025 (GreenStar 4 Monitor),Valor/ag saver,340,5/12/2025,1.005,On,1102.4,120.00,0.625,9.185,13.53,4.919,180.38,19.99,19.96,0,7,133.54,5/12/2025,Good,0.00,0.00,0.00,0.00,0.00,0.00,0.00,5.324,0.0016,2.662,0.00078,19.34,0.721,0.00,0.00,31.94,0.0093,0.00,0.00,0.00,0.00,0.00,0.00,0.00,0.00,0.037
-93.75854520,42.01949999,30,TaskName 5/12/2025 (GreenStar 4 Monitor),Valor/ag saver,341,5/12/2025,1.000,On,1102.2,120.00,0.625,9.196,13.51,4.838,179.95,19.99,19.86,0,7,133.98,5/12/2025,Good,0.00,0.00,0.00,0.00,0.00,0.00,0.00,5.295,0.0015,2.648,0.00077,19.23,0.716,0.00,0.00,31.77,0.0092,0.00,0.00,0.00,0.00,0.00,0.00,0.00,0.00,0.037
-93.75854556,42.01946309,30,TaskName 5/12/2025 (GreenStar 4 Monitor),Valor/ag saver,342,5/12/2025,0.994,On,1102.0,120.00,0.625,9.194,13.40,4.850,179.55,19.99,19.92,0,7,133.71,5/12/2025,Good,0.00,0.00,0.00,0.00,0.00,0.00,0.00,5.313,0.0015,2.656,0.00077,19.30,0.712,0.00,0.00,31.88,0.0092,0.00,0.00,0.00,0.00,0.00,0.00,0.00,0.00,0.037
-93.75854510,42.01942646,30,TaskName 5/12/2025 (GreenStar 4 Monitor),Valor/ag saver,343,5/12/2025,1.001,On,1101.8,120.00,0.625,9.129,13.40,5.555,179.94,19.99,19.96,0,7,132.75,5/12/2025,Good,0.00,0.00,0.00,0.00,0.00,0.00,0.00,5.322,0.0015,2.661,0.00077,19.33,0.714,0.00,0.00,31.93,0.0092,0.00,0.00,0.00,0.00,0.00,0.00,0.00,0.00,0.037
-93.75854495,42.01938931,30,TaskName 5/12/2025 (GreenStar 4 Monitor),Valor/ag saver,344,5/12/2025,1.000,On,1101.7,120.00,0.625,9.158,13.43,5.161,180.09,19.99,19.94,0,7,133.17,5/12/2025,Good,0.00,0.00,0.00,0.00,0.00,0.00,0.00,5.316,0.0015,2.658,0.00077,19.31,0.714,0.00,0.00,31.90,0.0092,0.00,0.00,0.00,0.00,0.00,0.00,0.00,0.00,0.037
-93.75854516,42.01935240,30,TaskName 5/12/2025 (GreenStar 4 Monitor),Valor/ag saver,345,5/12/2025,0.999,On,1101.6,120.00,0.625,9.225,13.51,4.790,179.84,19.99,19.96,0,7,134.15,5/12/2025,Good,0.00,0.00,0.00,0.00,0.00,0.00,0.00,5.323,0.0015,2.662,0.00077,19.34,0.720,0.00,0.00,31.94,0.0093,0.00,0.00,0.00,0.00,0.00,0.00,0.00,0.00,0.037
-93.75854488,42.01931572,30,TaskName 5/12/2025 (GreenStar 4 Monitor),Valor/ag saver,346,5/12/2025,1.005,On,1101.6,120.00,0.625,9.117,13.44,5.730,179.95,19.99,19.91,0,7,132.58,5/12/2025,Good,0.00,0.00,0.00,0.00,0.00,0.00,0.00,5.309,0.0015,2.654,0.00077,19.28,0.714,0.00,0.00,31.85,0.0092,0.00,0.00,0.00,0.00,0.00,0.00,0.00,0.00,0.037
-93.75854465,42.01927889,30,TaskName 5/12/2025 (GreenStar 4 Monitor),Valor/ag saver,347,5/12/2025,0.996,On,1101.6,120.00,0.625,9.134,13.33,5.523,180.16,19.99,19.92,0,7,132.70,5/12/2025,Good,0.00,0.00,0.00,0.00,0.00,0.00,0.00,5.313,0.0015,2.656,0.00076,19.30,0.709,0.00,0.00,31.88,0.0091,0.00,0.00,0.00,0.00,0.00,0.00,0.00,0.00,0.037
-93.75854498,42.01924216,30,TaskName 5/12/2025 (GreenStar 4 Monitor),Valor/ag saver,348,5/12/2025,0.996,On,1101.8,120.00,0.625,9.161,13.38,4.947,179.93,19.99,19.90,0,7,133.22,5/12/2025,Good,0.00,0.00,0.00,0.00,0.00,0.00,0.00,5.307,0.0015,2.654,0.00076,19.28,0.711,0.00,0.00,31.84,0.0092,0.00,0.00,0.00,0.00,0.00,0.00,0.00,0.00,0.037
-93.75854517,42.01920572,30,TaskName 5/12/2025 (GreenStar 4 Monitor),Valor/ag saver,349,5/12/2025,1.008,On,1102.0,120.00,0.625,9.086,13.44,5.626,179.69,19.99,20.00,0,7,132.28,5/12/2025,Good,0.00,0.00,0.00,0.00,0.00,0.00,0.00,5.335,0.0015,2.667,0.00077,19.38,0.718,0.00,0.00,32.01,0.0093,0.00,0.00,0.00,0.00,0.00,0.00,0.00,0.00,0.037
-93.75854475,42.01916898,30,TaskName 5/12/2025 (GreenStar 4 Monitor),Valor/ag saver,350,5/12/2025,0.995,On,1102.1,120.00,0.625,9.085,13.25,5.479,180.20,19.99,19.95,0,7,132.05,5/12/2025,Good,0.00,0.00,0.00,0.00,0.00,0.00,0.00,5.321,0.0015,2.660,0.00076,19.33,0.705,0.00,0.00,31.93,0.0091,0.00,0.00,0.00,0.00,0.00,0.00,0.00,0.00,0.036
-93.75854485,42.01913941,30,TaskName 5/12/2025 (GreenStar 4 Monitor),Valor/ag saver,351,5/12/2025,0.806,On,1102.1,120.00,0.625,9.167,10.83,5.321,180.21,19.99,19.87,0,7,133.29,5/12/2025,Good,0.00,0.00,0.00,0.00,0.00,0.00,0.00,5.297,0.0012,2.649,0.00062,19.24,0.574,0.00,0.00,31.78,0.0074,0.00,0.00,0.00,0.00,0.00,0.00,0.00,0.00,0.030
-93.75854511,42.01910262,30,TaskName 5/12/2025 (GreenStar 4 Monitor),Valor/ag saver,352,5/12/2025,0.999,On,1102.2,121.25,0.00,9.147,13.40,5.656,179.86,19.99,19.86,0,7,134.37,5/12/2025,Good,0.00,0.00,0.00,0.00,0.00,0.00,0.00,5.296,0.0015,2.648,0.00077,19.24,0.717,0.00,0.00,31.78,0.0093,0.00,0.00,0.00,0.00,0.00,0.00,0.00,0.00,0.037
-93.75854518,42.01906589,30,TaskName 5/12/2025 (GreenStar 4 Monitor),Valor/ag saver,353,5/12/2025,1.001,On,1102.2,121.25,0.00,9.164,13.45,5.128,179.77,19.99,20.00,0,7,134.66,5/12/2025,Good,0.00,0.00,0.00,0.00,0.00,0.00,0.00,5.334,0.0016,2.667,0.00078,19.38,0.725,0.00,0.00,32.00,0.0094,0.00,0.00,0.00,0.00,0.00,0.00,0.00,0.00,0.037
-93.75854478,42.01902958,30,TaskName 5/12/2025 (GreenStar 4 Monitor),Valor/ag saver,354,5/12/2025,1.000,On,1102.2,121.25,0.00,9.057,13.28,4.618,180.13,19.99,19.93,0,7,133.08,5/12/2025,Good,0.00,0.00,0.00,0.00,0.00,0.00,0.00,5.315,0.0015,2.657,0.00077,19.31,0.714,0.00,0.00,31.89,0.0092,0.00,0.00,0.00,0.00,0.00,0.00,0.00,0.00,0.037
-93.75854484,42.01902248,30,TaskName 5/12/2025 (GreenStar 4 Monitor),Valor/ag saver,355,5/12/2025,0.194,On,1102.2,116.25,2.500,9.022,2.566,4.200,180.07,19.99,19.98,0,7,127.09,5/12/2025,Good,0.00,0.00,0.00,0.00,0.00,0.00,0.00,5.328,0.00029,2.664,0.00014,19.35,0.133,0.00,0.00,31.97,0.0017,0.00,0.00,0.00,0.00,0.00,0.00,0.00,0.00,0.0068
-93.75898492,42.01900789,30,TaskName 5/12/2025 (GreenStar 4 Monitor),Valor/ag saver,356,5/12/2025,0.200,On,1102.8,50.00,34.37,8.836,2.593,6.578,359.01,19.99,17.62,0,8,53.57,5/12/2025,Good,0.00,0.00,0.00,0.00,0.00,0.00,0.00,4.698,0.00011,2.349,5.462e-05,17.07,0.051,0.00,0.00,28.19,0.00066,0.00,0.00,0.00,0.00,0.00,0.00,0.00,0.00,0.0030
-93.75898559,42.01904418,30,TaskName 5/12/2025 (GreenStar 4 Monitor),Valor/ag saver,357,5/12/2025,1.000,On,1103.1,120.00,-0.625,8.943,13.12,6.123,359.44,19.99,19.31,0,8,130.11,5/12/2025,Good,0.00,0.00,0.00,0.00,0.00,0.00,0.00,5.150,0.0015,2.575,0.00073,18.71,0.676,0.00,0.00,30.90,0.0087,0.00,0.00,0.00,0.00,0.00,0.00,0.00,0.00,0.036
-93.75898627,42.01908062,30,TaskName 5/12/2025 (GreenStar 4 Monitor),Valor/ag saver,358,5/12/2025,0.996,On,1103.3,120.00,-0.625,9.024,13.18,5.688,360.00,19.99,19.45,0,8,131.25,5/12/2025,Good,0.00,0.00,0.00,0.00,0.00,0.00,0.00,5.188,0.0015,2.594,0.00074,18.84,0.684,0.00,0.00,31.13,0.0088,0.00,0.00,0.00,0.00,0.00,0.00,0.00,0.00,0.036
-93.75898612,42.01911702,30,TaskName 5/12/2025 (GreenStar 4 Monitor),Valor/ag saver,359,5/12/2025,0.999,On,1103.4,120.00,-0.625,9.059,13.27,5.794,359.71,19.99,19.78,0,8,131.74,5/12/2025,Good,0.00,0.00,0.00,0.00,0.00,0.00,0.00,5.274,0.0015,2.637,0.00075,19.16,0.700,0.00,0.00,31.64,0.0090,0.00,0.00,0.00,0.00,0.00,0.00,0.00,0.00,0.037
-93.75898645,42.01915341,30,TaskName 5/12/2025 (GreenStar 4 Monitor),Valor/ag saver,360,5/12/2025,1.001,On,1103.4,120.00,-0.625,9.031,13.25,6.009,359.91,19.99,19.89,0,8,131.31,5/12/2025,Good,0.00,0.00,0.00,0.00,0.00,0.00,0.00,5.305,0.0015,2.652,0.00076,19.27,0.704,0.00,0.00,31.83,0.0091,0.00,0.00,0.00,0.00,0.00,0.00,0.00,0.00,0.037
-93.75898661,42.01918985,30,TaskName 5/12/2025 (GreenStar 4 Monitor),Valor/ag saver,361,5/12/2025,0.999,On,1103.5,120.00,-0.625,9.040,13.24,5.952,0.039,19.99,19.89,0,8,131.48,5/12/2025,Good,0.00,0.00,0.00,0.00,0.00,0.00,0.00,5.305,0.0015,2.652,0.00076,19.27,0.703,0.00,0.00,31.83,0.0091,0.00,0.00,0.00,0.00,0.00,0.00,0.00,0.00,0.036
-93.75898662,42.01922676,30,TaskName 5/12/2025 (GreenStar 4 Monitor),Valor/ag saver,362,5/12/2025,1.001,On,1103.5,120.00,-0.625,9.109,13.37,5.428,359.97,19.99,19.94,0,8,132.45,5/12/2025,Good,0.00,0.00,0.00,0.00,0.00,0.00,0.00,5.318,0.0015,2.659,0.00077,19.32,0.711,0.00,0.00,31.91,0.0092,0.00,0.00,0.00,0.00,0.00,0.00,0.00,0.00,0.037
-93.75898670,42.01926367,30,TaskName 5/12/2025 (GreenStar 4 Monitor),Valor/ag saver,363,5/12/2025,1.004,On,1103.3,120.00,-0.625,9.180,13.51,4.894,0.047,19.99,19.90,0,8,133.48,5/12/2025,Good,0.00,0.00,0.00,0.00,0.00,0.00,0.00,5.306,0.0015,2.653,0.00077,19.28,0.718,0.00,0.00,31.84,0.0093,0.00,0.00,0.00,0.00,0.00,0.00,0.00,0.00,0.037
-93.75898657,42.01930063,30,TaskName 5/12/2025 (GreenStar 4 Monitor),Valor/ag saver,364,5/12/2025,0.995,On,1103.2,120.00,-0.625,9.174,13.38,4.285,359.91,19.99,19.93,0,8,133.41,5/12/2025,Good,0.00,0.00,0.00,0.00,0.00,0.00,0.00,5.314,0.0015,2.657,0.00077,19.30,0.712,0.00,0.00,31.89,0.0092,0.00,0.00,0.00,0.00,0.00,0.00,0.00,0.00,0.037
-93.75898674,42.01933744,30,TaskName 5/12/2025 (GreenStar 4 Monitor),Valor/ag saver,365,5/12/2025,1.001,On,1103.2,120.00,-0.625,9.159,13.44,4.130,359.88,19.99,19.95,0,8,133.20,5/12/2025,Good,0.00,0.00,0.00,0.00,0.00,0.00,0.00,5.319,0.0015,2.660,0.00077,19.32,0.716,0.00,0.00,31.91,0.0092,0.00,0.00,0.00,0.00,0.00,0.00,0.00,0.00,0.037
-93.75898685,42.01937381,30,TaskName 5/12/2025 (GreenStar 4 Monitor),Valor/ag saver,366,5/12/2025,1.000,On,1103.2,120.00,-0.625,9.068,13.30,5.244,0.149,19.99,20.03,0,8,131.90,5/12/2025,Good,0.00,0.00,0.00,0.00,0.00,0.00,0.00,5.342,0.0015,2.671,0.00076,19.40,0.711,0.00,0.00,32.05,0.0092,0.00,0.00,0.00,0.00,0.00,0.00,0.00,0.00,0.037
-93.75898673,42.01941050,30,TaskName 5/12/2025 (GreenStar 4 Monitor),Valor/ag saver,367,5/12/2025,1.000,On,1103.3,120.00,-0.625,9.067,13.30,5.651,0.149,19.99,19.97,0,8,131.86,5/12/2025,Good,0.00,0.00,0.00,0.00,0.00,0.00,0.00,5.325,0.0015,2.663,0.00076,19.34,0.709,0.00,0.00,31.95,0.0091,0.00,0.00,0.00,0.00,0.00,0.00,0.00,0.00,0.037
-93.75898645,42.01944734,30,TaskName 5/12/2025 (GreenStar 4 Monitor),Valor/ag saver,368,5/12/2025,1.004,On,1103.4,120.00,-0.625,9.158,13.48,4.842,359.74,19.99,19.93,0,8,133.19,5/12/2025,Good,0.00,0.00,0.00,0.00,0.00,0.00,0.00,5.314,0.0015,2.657,0.00077,19.30,0.717,0.00,0.00,31.88,0.0093,0.00,0.00,0.00,0.00,0.00,0.00,0.00,0.00,0.037
-93.75898655,42.01948415,30,TaskName 5/12/2025 (GreenStar 4 Monitor),Valor/ag saver,369,5/12/2025,0.995,On,1103.4,120.00,-0.625,9.143,13.34,4.780,359.91,19.99,20.01,0,8,132.98,5/12/2025,Good,0.00,0.00,0.00,0.00,0.00,0.00,0.00,5.336,0.0015,2.668,0.00077,19.38,0.712,0.00,0.00,32.02,0.0092,0.00,0.00,0.00,0.00,0.00,0.00,0.00,0.00,0.037
-93.75898680,42.01952111,30,TaskName 5/12/2025 (GreenStar 4 Monitor),Valor/ag saver,370,5/12/2025,1.001,On,1103.4,120.00,-0.625,9.146,13.41,4.773,0.329,19.99,19.95,0,8,132.87,5/12/2025,Good,0.00,0.00,0.00,0.00,0.00,0.00,0.00,5.320,0.0015,2.660,0.00077,19.32,0.714,0.00,0.00,31.92,0.0092,0.00,0.00,0.00,0.00,0.00,0.00,0.00,0.00,0.037
-93.75898662,42.01955786,30,TaskName 5/12/2025 (GreenStar 4 Monitor),Valor/ag saver,371,5/12/2025,1.005,On,1103.4,120.00,-0.625,9.179,13.54,5.379,0.251,19.99,19.88,0,8,133.64,5/12/2025,Good,0.00,0.00,0.00,0.00,0.00,0.00,0.00,5.302,0.0015,2.651,0.00077,19.26,0.718,0.00,0.00,31.81,0.0093,0.00,0.00,0.00,0.00,0.00,0.00,0.00,0.00,0.037
-93.75898615,42.01959470,30,TaskName 5/12/2025 (GreenStar 4 Monitor),Valor/ag saver,372,5/12/2025,0.994,On,1103.6,120.00,-0.625,9.115,13.29,5.346,359.91,19.99,20.04,0,8,132.56,5/12/2025,Good,0.00,0.00,0.00,0.00,0.00,0.00,0.00,5.345,0.0015,2.673,0.00076,19.42,0.711,0.00,0.00,32.07,0.0092,0.00,0.00,0.00,0.00,0.00,0.00,0.00,0.00,0.037
-93.75898620,42.01963143,30,TaskName 5/12/2025 (GreenStar 4 Monitor),Valor/ag saver,373,5/12/2025,1.006,On,1103.7,120.00,-0.625,9.149,13.50,5.079,0.070,19.99,19.85,0,8,133.05,5/12/2025,Good,0.00,0.00,0.00,0.00,0.00,0.00,0.00,5.294,0.0015,2.647,0.00077,19.23,0.715,0.00,0.00,31.76,0.0092,0.00,0.00,0.00,0.00,0.00,0.00,0.00,0.00,0.037
-93.75898611,42.01966816,30,TaskName 5/12/2025 (GreenStar 4 Monitor),Valor/ag saver,374,5/12/2025,0.994,On,1103.8,120.00,-0.625,9.142,13.33,5.725,0.0075,19.99,20.00,0,8,132.95,5/12/2025,Good,0.00,0.00,0.00,0.00,0.00,0.00,0.00,5.333,0.0015,2.666,0.00076,19.37,0.711,0.00,0.00,32.00,0.0092,0.00,0.00,0.00,0.00,0.00,0.00,0.00,0.00,0.037
-93.75898590,42.01970507,30,TaskName 5/12/2025 (GreenStar 4 Monitor),Valor/ag saver,375,5/12/2025,1.001,On,1103.6,120.00,-0.625,9.124,13.39,5.910,359.71,19.99,19.98,0,8,132.68,5/12/2025,Good,0.00,0.00,0.00,0.00,0.00,0.00,0.00,5.328,0.0015,2.664,0.00077,19.36,0.714,0.00,0.00,31.97,0.0092,0.00,0.00,0.00,0.00,0.00,0.00,0.00,0.00,0.037
-93.75898622,42.01974264,30,TaskName 5/12/2025 (GreenStar 4 Monitor),Valor/ag saver,376,5/12/2025,0.999,On,1103.2,120.00,-0.625,9.257,13.56,4.708,359.91,19.99,19.94,0,8,134.60,5/12/2025,Good,0.00,0.00,0.00,0.00,0.00,0.00,0.00,5.316,0.0016,2.658,0.00078,19.31,0.721,0.00,0.00,31.90,0.0093,0.00,0.00,0.00,0.00,0.00,0.00,0.00,0.00,0.037
-93.75898653,42.01978026,30,TaskName 5/12/2025 (GreenStar 4 Monitor),Valor/ag saver,377,5/12/2025,1.005,On,1102.7,120.00,-0.625,9.366,13.80,3.490,0.259,19.99,19.80,0,8,136.23,5/12/2025,Good,0.00,0.00,0.00,0.00,0.00,0.00,0.00,5.281,0.0016,2.640,0.00078,19.18,0.730,0.00,0.00,31.69,0.0094,0.00,0.00,0.00,0.00,0.00,0.00,0.00,0.00,0.038
-93.75898600,42.01981742,30,TaskName 5/12/2025 (GreenStar 4 Monitor),Valor/ag saver,378,5/12/2025,0.995,On,1102.4,120.00,-0.625,9.301,13.57,3.847,359.74,19.99,19.86,0,8,135.24,5/12/2025,Good,0.00,0.00,0.00,0.00,0.00,0.00,0.00,5.297,0.0015,2.648,0.00077,19.24,0.719,0.00,0.00,31.78,0.0093,0.00,0.00,0.00,0.00,0.00,0.00,0.00,0.00,0.037
-93.75898603,42.01985404,30,TaskName 5/12/2025 (GreenStar 4 Monitor),Valor/ag saver,379,5/12/2025,1.001,On,1101.9,120.00,-0.625,9.136,13.41,4.985,359.65,19.99,19.94,0,8,132.87,5/12/2025,Good,0.00,0.00,0.00,0.00,0.00,0.00,0.00,5.316,0.0015,2.658,0.00077,19.31,0.713,0.00,0.00,31.90,0.0092,0.00,0.00,0.00,0.00,0.00,0.00,0.00,0.00,0.037
-93.75898656,42.01989170,30,TaskName 5/12/2025 (GreenStar 4 Monitor),Valor/ag saver,380,5/12/2025,0.999,On,1101.3,120.00,-0.625,9.231,13.52,3.797,0.165,19.99,19.92,0,8,134.26,5/12/2025,Good,0.00,0.00,0.00,0.00,0.00,0.00,0.00,5.312,0.0015,2.656,0.00077,19.30,0.719,0.00,0.00,31.87,0.0093,0.00,0.00,0.00,0.00,0.00,0.00,0.00,0.00,0.037
-93.75898638,42.01992921,30,TaskName 5/12/2025 (GreenStar 4 Monitor),Valor/ag saver,381,5/12/2025,1.001,On,1100.7,120.00,-0.625,9.354,13.73,3.225,359.93,19.99,19.89,0,8,136.00,5/12/2025,Good,0.00,0.00,0.00,0.00,0.00,0.00,0.00,5.305,0.0016,2.652,0.00078,19.27,0.729,0.00,0.00,31.83,0.0094,0.00,0.00,0.00,0.00,0.00,0.00,0.00,0.00,0.038
-93.75898632,42.01996652,30,TaskName 5/12/2025 (GreenStar 4 Monitor),Valor/ag saver,382,5/12/2025,0.995,On,1100.2,120.00,-0.625,9.287,13.54,2.845,359.68,19.99,19.91,0,8,134.99,5/12/2025,Good,0.00,0.00,0.00,0.00,0.00,0.00,0.00,5.309,0.0015,2.655,0.00077,19.29,0.720,0.00,0.00,31.86,0.0093,0.00,0.00,0.00,0.00,0.00,0.00,0.00,0.00,0.037
-93.75898669,42.02000336,30,TaskName 5/12/2025 (GreenStar 4 Monitor),Valor/ag saver,383,5/12/2025,1.000,On,1099.6,120.00,-0.625,9.209,13.50,3.336,0.063,19.99,19.92,0,8,133.89,5/12/2025,Good,0.00,0.00,0.00,0.00,0.00,0.00,0.00,5.312,0.0015,2.656,0.00077,19.30,0.718,0.00,0.00,31.87,0.0093,0.00,0.00,0.00,0.00,0.00,0.00,0.00,0.00,0.037
-93.75898673,42.02004035,30,TaskName 5/12/2025 (GreenStar 4 Monitor),Valor/ag saver,384,5/12/2025,1.000,On,1099.0,120.00,-0.625,9.183,13.46,3.895,0.071,19.99,19.88,0,8,133.50,5/12/2025,Good,0.00,0.00,0.00,0.00,0.00,0.00,0.00,5.302,0.0015,2.651,0.00077,19.26,0.714,0.00,0.00,31.81,0.0092,0.00,0.00,0.00,0.00,0.00,0.00,0.00,0.00,0.037
-93.75898667,42.02004776,30,TaskName 5/12/2025 (GreenStar 4 Monitor),Valor/ag saver,385,5/12/2025,0.200,On,1098.9,120.00,-0.625,9.203,2.697,3.322,360.00,19.99,19.98,0,8,133.73,5/12/2025,Good,0.00,0.00,0.00,0.00,0.00,0.00,0.00,5.328,0.00031,2.664,0.00015,19.35,0.144,0.00,0.00,31.97,0.0019,0.00,0.00,0.00,0.00,0.00,0.00,0.00,0.00,0.0074
-93.75898662,42.02005519,30,TaskName 5/12/2025 (GreenStar 4 Monitor),Valor/ag saver,386,5/12/2025,0.210,On,1098.7,117.50,0.625,9.227,2.828,3.157,359.91,19.99,19.92,0,8,130.77,5/12/2025,Good,0.00,0.00,0.00,0.00,0.00,0.00,0.00,5.311,0.00032,2.656,0.00016,19.29,0.147,0.00,0.00,31.87,0.0019,0.00,0.00,0.00,0.00,0.00,0.00,0.00,0.00,0.0076
-93.75898651,42.02006262,30,TaskName 5/12/2025 (GreenStar 4 Monitor),Valor/ag saver,387,5/12/2025,0.195,On,1098.6,113.75,2.500,9.234,2.654,2.813,359.87,19.99,20.08,0,8,127.96,5/12/2025,Good,0.00,0.00,0.00,0.00,0.00,0.00,0.00,5.354,0.00029,2.677,0.00014,19.45,0.135,0.00,0.00,32.12,0.0017,0.00,0.00,0.00,0.00,0.00,0.00,0.00,0.00,0.0069
-93.75898657,42.02007022,30,TaskName 5/12/2025 (GreenStar 4 Monitor),Valor/ag saver,388,5/12/2025,0.200,On,1098.4,111.25,3.750,9.252,2.713,2.404,359.89,19.99,20.16,0,8,124.73,5/12/2025,Good,0.00,0.00,0.00,0.00,0.00,0.00,0.00,5.377,0.00029,2.688,0.00015,19.53,0.135,0.00,0.00,32.26,0.0017,0.00,0.00,0.00,0.00,0.00,0.00,0.00,0.00,0.0069
-93.75898655,42.02007781,30,TaskName 5/12/2025 (GreenStar 4 Monitor),Valor/ag saver,389,5/12/2025,0.199,On,1098.2,108.75,5.000,9.317,2.717,2.252,359.89,19.99,20.22,0,8,122.69,5/12/2025,Good,0.00,0.00,0.00,0.00,0.00,0.00,0.00,5.391,0.00029,2.695,0.00014,19.58,0.133,0.00,0.00,32.35,0.0017,0.00,0.00,0.00,0.00,0.00,0.00,0.00,0.00,0.0068
-93.75898643,42.02008536,30,TaskName 5/12/2025 (GreenStar 4 Monitor),Valor/ag saver,390,5/12/2025,0.205,On,1098.1,105.00,6.875,9.366,2.815,2.364,359.83,19.99,20.25,0,8,119.16,5/12/2025,Good,0.00,0.00,0.00,0.00,0.00,0.00,0.00,5.400,0.00029,2.700,0.00014,19.61,0.133,0.00,0.00,32.40,0.0017,0.00,0.00,0.00,0.00,0.00,0.00,0.00,0.00,0.0068
-93.75898644,42.02009294,30,TaskName 5/12/2025 (GreenStar 4 Monitor),Valor/ag saver,391,5/12/2025,0.200,On,1097.9,102.50,8.125,9.388,2.753,2.219,359.80,19.99,20.29,0,8,116.59,5/12/2025,Good,0.00,0.00,0.00,0.00,0.00,0.00,0.00,5.411,0.00027,2.705,0.00014,19.66,0.127,0.00,0.00,32.47,0.0016,0.00,0.00,0.00,0.00,0.00,0.00,0.00,0.00,0.0065
-93.75898649,42.02010054,30,TaskName 5/12/2025 (GreenStar 4 Monitor),Valor/ag saver,392,5/12/2025,0.195,On,1097.8,98.75,10.000,9.397,2.687,2.133,359.86,19.99,20.32,0,8,112.46,5/12/2025,Good,0.00,0.00,0.00,0.00,0.00,0.00,0.00,5.419,0.00026,2.710,0.00013,19.69,0.120,0.00,0.00,32.52,0.0015,0.00,0.00,0.00,0.00,0.00,0.00,0.00,0.00,0.0061
-93.75898661,42.02010815,30,TaskName 5/12/2025 (GreenStar 4 Monitor),Valor/ag saver,393,5/12/2025,0.201,On,1097.6,96.25,11.25,9.415,2.776,2.160,359.98,19.99,20.43,0,8,109.84,5/12/2025,Good,0.00,0.00,0.00,0.00,0.00,0.00,0.00,5.448,0.00026,2.724,0.00013,19.79,0.121,0.00,0.00,32.69,0.0016,0.00,0.00,0.00,0.00,0.00,0.00,0.00,0.00,0.0061
-93.75898670,42.02011566,30,TaskName 5/12/2025 (GreenStar 4 Monitor),Valor/ag saver,394,5/12/2025,0.199,On,1097.5,92.50,13.12,9.429,2.749,2.173,0.031,19.99,20.52,0,8,105.62,5/12/2025,Good,0.00,0.00,0.00,0.00,0.00,0.00,0.00,5.471,0.00025,2.735,0.00012,19.87,0.116,0.00,0.00,32.82,0.0015,0.00,0.00,0.00,0.00,0.00,0.00,0.00,0.00,0.0058
-93.75898657,42.02012324,30,TaskName 5/12/2025 (GreenStar 4 Monitor),Valor/ag saver,395,5/12/2025,0.200,On,1097.5,90.00,14.37,9.418,2.762,2.477,359.98,19.99,20.46,0,8,102.74,5/12/2025,Good,0.00,0.00,0.00,0.00,0.00,0.00,0.00,5.457,0.00024,2.728,0.00012,19.82,0.113,0.00,0.00,32.74,0.0015,0.00,0.00,0.00,0.00,0.00,0.00,0.00,0.00,0.0057
-93.75898657,42.02013071,30,TaskName 5/12/2025 (GreenStar 4 Monitor),Valor/ag saver,396,5/12/2025,0.205,On,1097.3,86.25,16.25,9.404,2.825,3.362,360.00,19.99,20.47,0,8,98.22,5/12/2025,Good,0.00,0.00,0.00,0.00,0.00,0.00,0.00,5.459,0.00024,2.730,0.00012,19.83,0.111,0.00,0.00,32.76,0.0014,0.00,0.00,0.00,0.00,0.00,0.00,0.00,0.00,0.0056
-93.75898657,42.02013817,30,TaskName 5/12/2025 (GreenStar 4 Monitor),Valor/ag saver,397,5/12/2025,0.195,On,1097.3,83.75,17.50,9.386,2.684,3.421,0.047,19.99,20.43,0,8,95.26,5/12/2025,Good,0.00,0.00,0.00,0.00,0.00,0.00,0.00,5.448,0.00022,2.724,0.00011,19.79,0.102,0.00,0.00,32.69,0.0013,0.00,0.00,0.00,0.00,0.00,0.00,0.00,0.00,0.0052
-93.75898660,42.02014553,30,TaskName 5/12/2025 (GreenStar 4 Monitor),Valor/ag saver,398,5/12/2025,0.201,On,1097.1,80.00,19.37,9.332,2.736,3.375,0.086,19.99,20.71,0,8,90.00,5/12/2025,Good,0.00,0.00,0.00,0.00,0.00,0.00,0.00,5.522,0.00022,2.761,0.00011,20.06,0.101,0.00,0.00,33.13,0.0013,0.00,0.00,0.00,0.00,0.00,0.00,0.00,0.00,0.0050
-93.75898660,42.02015283,30,TaskName 5/12/2025 (GreenStar 4 Monitor),Valor/ag saver,399,5/12/2025,0.200,On,1097.0,77.50,20.62,9.268,2.730,3.441,0.118,19.99,20.64,0,8,87.42,5/12/2025,Good,0.00,0.00,0.00,0.00,0.00,0.00,0.00,5.505,0.00021,2.753,0.00010,20.00,0.097,0.00,0.00,33.03,0.0013,0.00,0.00,0.00,0.00,0.00,0.00,0.00,0.00,0.0049
-93.75898663,42.02016013,30,TaskName 5/12/2025 (GreenStar 4 Monitor),Valor/ag saver,400,5/12/2025,0.195,On,1096.9,73.75,22.50,9.203,2.631,3.956,0.110,19.99,20.62,0,8,82.24,5/12/2025,Good,0.00,0.00,0.00,0.00,0.00,0.00,0.00,5.499,0.00019,2.750,9.570e-05,19.98,0.089,0.00,0.00,33.00,0.0011,0.00,0.00,0.00,0.00,0.00,0.00,0.00,0.00,0.0045
-93.75898650,42.02016743,30,TaskName 5/12/2025 (GreenStar 4 Monitor),Valor/ag saver,401,5/12/2025,0.209,On,1096.9,71.25,23.75,9.133,2.799,4.161,0.031,19.99,20.76,0,8,78.85,5/12/2025,Good,0.00,0.00,0.00,0.00,0.00,0.00,0.00,5.536,0.00020,2.768,9.900e-05,20.11,0.092,0.00,0.00,33.22,0.0012,0.00,0.00,0.00,0.00,0.00,0.00,0.00,0.00,0.0046
-93.75898646,42.02017470,30,TaskName 5/12/2025 (GreenStar 4 Monitor),Valor/ag saver,402,5/12/2025,0.196,On,1096.8,68.75,25.00,9.116,2.605,4.233,359.95,19.99,20.81,0,8,75.52,5/12/2025,Good,0.00,0.00,0.00,0.00,0.00,0.00,0.00,5.551,0.00018,2.775,8.914e-05,20.16,0.083,0.00,0.00,33.30,0.0011,0.00,0.00,0.00,0.00,0.00,0.00,0.00,0.00,0.0041
-93.75898642,42.02018199,30,TaskName 5/12/2025 (GreenStar 4 Monitor),Valor/ag saver,403,5/12/2025,0.200,On,1096.6,65.00,26.87,9.086,2.677,4.207,359.90,19.99,20.86,0,8,71.91,5/12/2025,Good,0.00,0.00,0.00,0.00,0.00,0.00,0.00,5.562,0.00017,2.781,8.679e-05,20.20,0.081,0.00,0.00,33.37,0.0010,0.00,0.00,0.00,0.00,0.00,0.00,0.00,0.00,0.0040
-93.75898638,42.02018926,30,TaskName 5/12/2025 (GreenStar 4 Monitor),Valor/ag saver,404,5/12/2025,0.199,On,1096.5,62.50,28.12,9.069,2.644,4.359,359.90,19.99,20.88,0,8,68.64,5/12/2025,Good,0.00,0.00,0.00,0.00,0.00,0.00,0.00,5.568,0.00017,2.784,8.252e-05,20.22,0.077,0.00,0.00,33.41,0.00099,0.00,0.00,0.00,0.00,0.00,0.00,0.00,0.00,0.0038
-93.75898636,42.02019667,30,TaskName 5/12/2025 (GreenStar 4 Monitor),Valor/ag saver,405,5/12/2025,0.200,On,1096.5,60.00,29.37,9.060,2.657,4.114,359.90,19.99,20.83,0,8,65.89,5/12/2025,Good,0.00,0.00,0.00,0.00,0.00,0.00,0.00,5.553,0.00016,2.777,7.941e-05,20.17,0.074,0.00,0.00,33.32,0.00095,0.00,0.00,0.00,0.00,0.00,0.00,0.00,0.00,0.0037
-93.75898636,42.02020406,30,TaskName 5/12/2025 (GreenStar 4 Monitor),Valor/ag saver,406,5/12/2025,0.200,On,1096.4,56.25,31.25,9.098,2.667,3.811,359.91,19.99,20.99,0,8,62.00,5/12/2025,Good,0.00,0.00,0.00,0.00,0.00,0.00,0.00,5.596,0.00015,2.798,7.529e-05,20.33,0.070,0.00,0.00,33.58,0.00090,0.00,0.00,0.00,0.00,0.00,0.00,0.00,0.00,0.0034
-93.75898641,42.02021134,30,TaskName 5/12/2025 (GreenStar 4 Monitor),Valor/ag saver,407,5/12/2025,0.201,On,1096.2,53.75,32.50,9.122,2.674,4.002,359.89,19.99,20.96,0,8,59.09,5/12/2025,Good,0.00,0.00,0.00,0.00,0.00,0.00,0.00,5.591,0.00014,2.795,7.205e-05,20.31,0.067,0.00,0.00,33.54,0.00086,0.00,0.00,0.00,0.00,0.00,0.00,0.00,0.00,0.0033
-93.75898636,42.02021868,30,TaskName 5/12/2025 (GreenStar 4 Monitor),Valor/ag saver,408,5/12/2025,0.200,On,1096.1,50.00,34.37,9.127,2.690,3.804,359.84,19.99,20.87,0,8,55.58,5/12/2025,Good,0.00,0.00,0.00,0.00,0.00,0.00,0.00,5.565,0.00013,2.782,6.713e-05,20.21,0.062,0.00,0.00,33.39,0.00081,0.00,0.00,0.00,0.00,0.00,0.00,0.00,0.00,0.0031
-93.75898634,42.02022611,30,TaskName 5/12/2025 (GreenStar 4 Monitor),Valor/ag saver,409,5/12/2025,0.200,On,1096.1,47.50,35.62,9.122,2.661,3.256,359.86,19.99,21.00,0,8,52.23,5/12/2025,Good,0.00,0.00,0.00,0.00,0.00,0.00,0.00,5.599,0.00013,2.800,6.346e-05,20.34,0.059,0.00,0.00,33.59,0.00076,0.00,0.00,0.00,0.00,0.00,0.00,0.00,0.00,0.0029
-93.75898645,42.02023352,30,TaskName 5/12/2025 (GreenStar 4 Monitor),Valor/ag saver,410,5/12/2025,0.200,On,1096.0,43.75,37.50,9.158,2.697,3.097,359.92,19.99,21.00,0,8,48.75,5/12/2025,Good,0.00,0.00,0.00,0.00,0.00,0.00,0.00,5.599,0.00012,2.800,5.924e-05,20.34,0.055,0.00,0.00,33.59,0.00071,0.00,0.00,0.00,0.00,0.00,0.00,0.00,0.00,0.0027
-93.75898641,42.02024084,30,TaskName 5/12/2025 (GreenStar 4 Monitor),Valor/ag saver,411,5/12/2025,0.205,On,1095.8,41.25,38.75,9.180,2.746,3.163,359.91,19.99,21.04,0,8,45.67,5/12/2025,Good,0.00,0.00,0.00,0.00,0.00,0.00,0.00,5.610,0.00011,2.805,5.699e-05,20.38,0.053,0.00,0.00,33.66,0.00068,0.00,0.00,0.00,0.00,0.00,0.00,0.00,0.00,0.0026
-93.75898637,42.02024811,30,TaskName 5/12/2025 (GreenStar 4 Monitor),Valor/ag saver,412,5/12/2025,0.195,On,1095.7,37.50,40.62,9.158,2.631,3.130,359.94,19.99,20.94,0,8,41.82,5/12/2025,Good,0.00,0.00,0.00,0.00,0.00,0.00,0.00,5.585,9.883e-05,2.792,4.942e-05,20.29,0.046,0.00,0.00,33.51,0.00059,0.00,0.00,0.00,0.00,0.00,0.00,0.00,0.00,0.0023
-93.75898638,42.02025548,30,TaskName 5/12/2025 (GreenStar 4 Monitor),Valor/ag saver,413,5/12/2025,0.199,On,1095.6,35.00,41.87,9.140,2.667,3.012,359.95,19.99,21.09,0,8,38.77,5/12/2025,Good,0.00,0.00,0.00,0.00,0.00,0.00,0.00,5.625,9.418e-05,2.812,4.709e-05,20.43,0.044,0.00,0.00,33.75,0.00057,0.00,0.00,0.00,0.00,0.00,0.00,0.00,0.00,0.0021
-93.75898652,42.02026292,30,TaskName 5/12/2025 (GreenStar 4 Monitor),Valor/ag saver,414,5/12/2025,0.205,On,1095.5,31.25,43.75,9.140,2.746,2.833,0.039,19.99,21.02,0,8,34.60,5/12/2025,Good,0.00,0.00,0.00,0.00,0.00,0.00,0.00,5.605,8.626e-05,2.802,4.313e-05,20.36,0.040,0.00,0.00,33.63,0.00052,0.00,0.00,0.00,0.00,0.00,0.00,0.00,0.00,0.0020
-93.75898658,42.02027030,30,TaskName 5/12/2025 (GreenStar 4 Monitor),Valor/ag saver,415,5/12/2025,0.196,On,1095.4,28.75,45.00,9.174,2.635,2.893,0.078,19.99,21.01,0,8,31.94,5/12/2025,Good,0.00,0.00,0.00,0.00,0.00,0.00,0.00,5.602,7.610e-05,2.801,3.805e-05,20.35,0.035,0.00,0.00,33.61,0.00046,0.00,0.00,0.00,0.00,0.00,0.00,0.00,0.00,0.0017
-93.75898661,42.02027764,30,TaskName 5/12/2025 (GreenStar 4 Monitor),Valor/ag saver,416,5/12/2025,0.204,On,1095.3,25.00,46.87,9.185,2.746,2.906,0.078,19.99,21.10,0,8,27.81,5/12/2025,Good,0.00,0.00,0.00,0.00,0.00,0.00,0.00,5.628,6.929e-05,2.814,3.465e-05,20.44,0.032,0.00,0.00,33.77,0.00042,0.00,0.00,0.00,0.00,0.00,0.00,0.00,0.00,0.0016
-93.75898659,42.02028510,30,TaskName 5/12/2025 (GreenStar 4 Monitor),Valor/ag saver,417,5/12/2025,0.191,On,1095.2,22.50,48.12,9.176,2.569,2.873,0.039,19.99,21.12,0,8,25.01,5/12/2025,Good,0.00,0.00,0.00,0.00,0.00,0.00,0.00,5.633,5.840e-05,2.817,2.920e-05,20.46,0.027,0.00,0.00,33.80,0.00035,0.00,0.00,0.00,0.00,0.00,0.00,0.00,0.00,0.0013
-93.75898656,42.02029254,30,TaskName 5/12/2025 (GreenStar 4 Monitor),Valor/ag saver,418,5/12/2025,0.200,On,1095.1,18.75,50.00,9.174,2.690,2.794,0.063,19.99,21.06,0,8,20.84,5/12/2025,Good,0.00,0.00,0.00,0.00,0.00,0.00,0.00,5.616,5.081e-05,2.808,2.540e-05,20.40,0.024,0.00,0.00,33.70,0.00030,0.00,0.00,0.00,0.00,0.00,0.00,0.00,0.00,0.0012
-93.75898654,42.02029992,30,TaskName 5/12/2025 (GreenStar 4 Monitor),Valor/ag saver,419,5/12/2025,0.204,On,1095.0,15.00,51.87,9.189,2.749,2.444,0.063,19.99,21.00,0,8,16.71,5/12/2025,Good,0.00,0.00,0.00,0.00,0.00,0.00,0.00,5.599,4.141e-05,2.800,2.071e-05,20.34,0.019,0.00,0.00,33.59,0.00025,0.00,0.00,0.00,0.00,0.00,0.00,0.00,0.00,0.00095
-93.75898661,42.02030723,30,TaskName 5/12/2025 (GreenStar 4 Monitor),Valor/ag saver,420,5/12/2025,0.201,On,1094.9,12.50,53.12,9.194,2.697,2.338,0.094,19.99,21.34,0,8,13.86,5/12/2025,Good,0.00,0.00,0.00,0.00,0.00,0.00,0.00,5.690,3.440e-05,2.845,1.720e-05,20.67,0.016,0.00,0.00,34.14,0.00021,0.00,0.00,0.00,0.00,0.00,0.00,0.00,0.00,0.00077
-93.75898659,42.02031443,30,TaskName 5/12/2025 (GreenStar 4 Monitor),Valor/ag saver,421,5/12/2025,0.204,On,1094.7,8.750,55.00,9.158,2.753,2.345,0.094,19.99,21.10,0,8,9.757,5/12/2025,Good,0.00,0.00,0.00,0.00,0.00,0.00,0.00,5.628,2.431e-05,2.814,1.215e-05,20.44,0.011,0.00,0.00,33.77,0.00015,0.00,0.00,0.00,0.00,0.00,0.00,0.00,0.00,0.00055
-93.75898666,42.02032166,30,TaskName 5/12/2025 (GreenStar 4 Monitor),Valor/ag saver,422,5/12/2025,0.191,On,1094.6,6.250,56.25,9.113,2.552,2.378,0.141,19.99,21.37,0,8,6.903,5/12/2025,Good,0.00,0.00,0.00,0.00,0.00,0.00,0.00,5.699,1.631e-05,2.849,8.153e-06,20.70,0.0076,0.00,0.00,34.19,9.783e-05,0.00,0.00,0.00,0.00,0.00,0.00,0.00,0.00,0.00037
-93.75898670,42.02032872,30,TaskName 5/12/2025 (GreenStar 4 Monitor),Valor/ag saver,423,5/12/2025,0.205,On,1094.4,3.750,57.50,9.051,2.707,2.417,0.259,19.99,21.43,0,8,4.092,5/12/2025,Good,0.00,0.00,0.00,0.00,0.00,0.00,0.00,5.716,1.041e-05,2.858,5.203e-06,20.76,0.0048,0.00,0.00,34.30,6.243e-05,0.00,0.00,0.00,0.00,0.00,0.00,0.00,0.00,0.00023
-93.75942425,42.02022129,30,TaskName 5/12/2025 (GreenStar 4 Monitor),Valor/ag saver,424,5/12/2025,0.401,On,1096.5,15.00,53.12,8.290,4.879,7.456,182.61,19.99,20.48,0,9,15.08,5/12/2025,Good,0.00,0.00,0.00,0.00,0.00,0.00,0.00,5.462,7.168e-05,2.731,3.584e-05,19.84,0.033,0.00,0.00,32.77,0.00043,0.00,0.00,0.00,0.00,0.00,0.00,0.00,0.00,0.0017
-93.75942450,42.02021421,30,TaskName 5/12/2025 (GreenStar 4 Monitor),Valor/ag saver,425,5/12/2025,0.205,On,1096.6,12.50,54.37,8.525,2.552,7.040,182.85,19.99,20.72,0,9,12.86,5/12/2025,Good,0.00,0.00,0.00,0.00,0.00,0.00,0.00,5.525,3.162e-05,2.762,1.581e-05,20.07,0.015,0.00,0.00,33.15,0.00019,0.00,0.00,0.00,0.00,0.00,0.00,0.00,0.00,0.00073
-93.75942480,42.02020718,30,TaskName 5/12/2025 (GreenStar 4 Monitor),Valor/ag saver,426,5/12/2025,0.195,On,1096.7,8.750,56.25,8.621,2.480,7.119,182.73,19.99,20.22,0,9,9.198,5/12/2025,Good,0.00,0.00,0.00,0.00,0.00,0.00,0.00,5.391,2.098e-05,2.695,1.049e-05,19.58,0.0098,0.00,0.00,32.35,0.00013,0.00,0.00,0.00,0.00,0.00,0.00,0.00,0.00,0.00050
-93.75942519,42.02020023,30,TaskName 5/12/2025 (GreenStar 4 Monitor),Valor/ag saver,427,5/12/2025,0.200,On,1096.8,5.000,58.12,8.679,2.549,6.921,182.49,19.99,21.19,0,9,5.267,5/12/2025,Good,0.00,0.00,0.00,0.00,0.00,0.00,0.00,5.650,1.292e-05,2.825,6.458e-06,20.53,0.0060,0.00,0.00,33.90,7.750e-05,0.00,0.00,0.00,0.00,0.00,0.00,0.00,0.00,0.00029
-93.75942599,42.02019320,30,TaskName 5/12/2025 (GreenStar 4 Monitor),Valor/ag saver,428,5/12/2025,0.205,On,1096.9,2.500,59.37,8.688,2.615,6.809,181.81,19.99,20.83,0,9,2.635,5/12/2025,Good,0.00,0.00,0.00,0.00,0.00,0.00,0.00,5.553,6.511e-06,2.777,3.256e-06,20.17,0.0030,0.00,0.00,33.32,3.907e-05,0.00,0.00,0.00,0.00,0.00,0.00,0.00,0.00,0.00015
-93.75942763,42.02004874,30,TaskName 5/12/2025 (GreenStar 4 Monitor),Valor/ag saver,429,5/12/2025,0.205,On,1097.8,3.750,-57.50,9.194,2.766,5.653,179.91,19.99,19.90,0,10,4.181,5/12/2025,Good,0.00,0.00,0.00,0.00,0.00,0.00,0.00,5.305,9.869e-06,2.653,4.934e-06,19.27,0.0046,0.00,0.00,31.83,5.921e-05,0.00,0.00,0.00,0.00,0.00,0.00,0.00,0.00,0.00024
-93.75942792,42.02004141,30,TaskName 5/12/2025 (GreenStar 4 Monitor),Valor/ag saver,430,5/12/2025,0.195,On,1097.8,6.250,-56.25,9.183,2.628,5.581,179.64,19.99,20.57,0,10,6.961,5/12/2025,Good,0.00,0.00,0.00,0.00,0.00,0.00,0.00,5.485,1.616e-05,2.743,8.079e-06,19.92,0.0075,0.00,0.00,32.91,9.695e-05,0.00,0.00,0.00,0.00,0.00,0.00,0.00,0.00,0.00038
-93.75942815,42.02003415,30,TaskName 5/12/2025 (GreenStar 4 Monitor),Valor/ag saver,431,5/12/2025,0.195,On,1097.9,8.750,-55.00,9.151,2.618,5.865,179.40,19.99,20.18,0,10,9.709,5/12/2025,Good,0.00,0.00,0.00,0.00,0.00,0.00,0.00,5.382,2.211e-05,2.691,1.106e-05,19.55,0.010,0.00,0.00,32.29,0.00013,0.00,0.00,0.00,0.00,0.00,0.00,0.00,0.00,0.00053
-93.75942827,42.02002701,30,TaskName 5/12/2025 (GreenStar 4 Monitor),Valor/ag saver,432,5/12/2025,0.201,On,1097.9,11.25,-53.75,9.109,2.687,6.142,179.25,19.99,20.41,0,10,12.43,5/12/2025,Good,0.00,0.00,0.00,0.00,0.00,0.00,0.00,5.442,2.951e-05,2.721,1.475e-05,19.77,0.014,0.00,0.00,32.65,0.00018,0.00,0.00,0.00,0.00,0.00,0.00,0.00,0.00,0.00069
-93.75942829,42.02001989,30,TaskName 5/12/2025 (GreenStar 4 Monitor),Valor/ag saver,433,5/12/2025,0.204,On,1098.0,13.75,-52.50,9.039,2.707,6.855,179.29,19.99,20.53,0,10,15.08,5/12/2025,Good,0.00,0.00,0.00,0.00,0.00,0.00,0.00,5.474,3.654e-05,2.737,1.827e-05,19.88,0.017,0.00,0.00,32.84,0.00022,0.00,0.00,0.00,0.00,0.00,0.00,0.00,0.00,0.00085
-93.75942807,42.02001269,30,TaskName 5/12/2025 (GreenStar 4 Monitor),Valor/ag saver,434,5/12/2025,0.204,On,1098.0,16.25,-51.25,8.943,2.677,6.710,179.44,19.99,20.24,0,10,17.62,5/12/2025,Good,0.00,0.00,0.00,0.00,0.00,0.00,0.00,5.397,4.211e-05,2.698,2.105e-05,19.60,0.020,0.00,0.00,32.38,0.00025,0.00,0.00,0.00,0.00,0.00,0.00,0.00,0.00,0.00100
-93.75942778,42.02000543,30,TaskName 5/12/2025 (GreenStar 4 Monitor),Valor/ag saver,435,5/12/2025,0.195,On,1098.1,18.75,-50.00,8.939,2.559,6.684,179.61,19.99,20.26,0,10,20.34,5/12/2025,Good,0.00,0.00,0.00,0.00,0.00,0.00,0.00,5.402,4.649e-05,2.701,2.325e-05,19.62,0.022,0.00,0.00,32.41,0.00028,0.00,0.00,0.00,0.00,0.00,0.00,0.00,0.00,0.0011
-93.75942782,42.01999820,30,TaskName 5/12/2025 (GreenStar 4 Monitor),Valor/ag saver,436,5/12/2025,0.200,On,1098.1,21.25,-48.75,8.939,2.625,6.677,179.64,19.99,20.17,0,10,23.05,5/12/2025,Good,0.00,0.00,0.00,0.00,0.00,0.00,0.00,5.380,5.381e-05,2.690,2.691e-05,19.54,0.025,0.00,0.00,32.28,0.00032,0.00,0.00,0.00,0.00,0.00,0.00,0.00,0.00,0.0013
-93.75942776,42.01999091,30,TaskName 5/12/2025 (GreenStar 4 Monitor),Valor/ag saver,437,5/12/2025,0.200,On,1098.2,23.75,-47.50,8.952,2.628,6.558,179.76,19.99,20.18,0,10,25.79,5/12/2025,Good,0.00,0.00,0.00,0.00,0.00,0.00,0.00,5.382,6.025e-05,2.691,3.013e-05,19.55,0.028,0.00,0.00,32.29,0.00036,0.00,0.00,0.00,0.00,0.00,0.00,0.00,0.00,0.0014
-93.75942760,42.01998360,30,TaskName 5/12/2025 (GreenStar 4 Monitor),Valor/ag saver,438,5/12/2025,0.201,On,1098.3,26.25,-46.25,8.977,2.648,6.492,180.05,19.99,20.25,0,10,28.58,5/12/2025,Good,0.00,0.00,0.00,0.00,0.00,0.00,0.00,5.400,6.730e-05,2.700,3.365e-05,19.61,0.031,0.00,0.00,32.40,0.00040,0.00,0.00,0.00,0.00,0.00,0.00,0.00,0.00,0.0016
-93.75942726,42.01997632,30,TaskName 5/12/2025 (GreenStar 4 Monitor),Valor/ag saver,439,5/12/2025,0.205,On,1098.4,30.00,-44.37,9.019,2.713,6.380,180.31,19.99,20.18,0,10,32.81,5/12/2025,Good,0.00,0.00,0.00,0.00,0.00,0.00,0.00,5.382,7.858e-05,2.691,3.929e-05,19.55,0.037,0.00,0.00,32.29,0.00047,0.00,0.00,0.00,0.00,0.00,0.00,0.00,0.00,0.0019
-93.75942717,42.01996917,30,TaskName 5/12/2025 (GreenStar 4 Monitor),Valor/ag saver,440,5/12/2025,0.195,On,1098.4,32.50,-43.12,9.026,2.569,6.287,180.44,19.99,20.02,0,10,35.38,5/12/2025,Good,0.00,0.00,0.00,0.00,0.00,0.00,0.00,5.340,7.995e-05,2.670,3.998e-05,19.40,0.037,0.00,0.00,32.04,0.00048,0.00,0.00,0.00,0.00,0.00,0.00,0.00,0.00,0.0019
-93.75942722,42.01996200,30,TaskName 5/12/2025 (GreenStar 4 Monitor),Valor/ag saver,441,5/12/2025,0.200,On,1098.4,36.25,-41.25,9.026,2.664,6.690,180.47,19.99,19.94,0,10,39.91,5/12/2025,Good,0.00,0.00,0.00,0.00,0.00,0.00,0.00,5.317,9.209e-05,2.658,4.604e-05,19.31,0.043,0.00,0.00,31.90,0.00055,0.00,0.00,0.00,0.00,0.00,0.00,0.00,0.00,0.0022
-93.75942739,42.01995467,30,TaskName 5/12/2025 (GreenStar 4 Monitor),Valor/ag saver,442,5/12/2025,0.200,On,1098.5,38.75,-40.00,9.004,2.628,6.320,180.37,19.99,20.06,0,10,42.08,5/12/2025,Good,0.00,0.00,0.00,0.00,0.00,0.00,0.00,5.348,9.768e-05,2.674,4.884e-05,19.43,0.045,0.00,0.00,32.09,0.00059,0.00,0.00,0.00,0.00,0.00,0.00,0.00,0.00,0.0023
-93.75942754,42.01994738,30,TaskName 5/12/2025 (GreenStar 4 Monitor),Valor/ag saver,443,5/12/2025,0.200,On,1098.5,41.25,-38.75,9.013,2.644,6.492,180.15,19.99,20.18,0,10,45.07,5/12/2025,Good,0.00,0.00,0.00,0.00,0.00,0.00,0.00,5.382,0.00011,2.691,5.265e-05,19.55,0.049,0.00,0.00,32.29,0.00063,0.00,0.00,0.00,0.00,0.00,0.00,0.00,0.00,0.0025
-93.75942772,42.01994023,30,TaskName 5/12/2025 (GreenStar 4 Monitor),Valor/ag saver,444,5/12/2025,0.200,On,1098.6,43.75,-37.50,9.037,2.667,6.783,180.01,19.99,20.11,0,10,48.22,5/12/2025,Good,0.00,0.00,0.00,0.00,0.00,0.00,0.00,5.362,0.00011,2.681,5.612e-05,19.48,0.052,0.00,0.00,32.17,0.00067,0.00,0.00,0.00,0.00,0.00,0.00,0.00,0.00,0.0027
-93.75942799,42.01993300,30,TaskName 5/12/2025 (GreenStar 4 Monitor),Valor/ag saver,445,5/12/2025,0.195,On,1098.6,46.25,-36.25,9.008,2.579,6.353,179.90,19.99,20.09,0,10,50.55,5/12/2025,Good,0.00,0.00,0.00,0.00,0.00,0.00,0.00,5.357,0.00011,2.678,5.729e-05,19.46,0.053,0.00,0.00,32.14,0.00069,0.00,0.00,0.00,0.00,0.00,0.00,0.00,0.00,0.0027
-93.75942810,42.01992562,30,TaskName 5/12/2025 (GreenStar 4 Monitor),Valor/ag saver,446,5/12/2025,0.200,On,1098.7,47.50,-35.62,9.004,2.644,6.314,179.79,19.99,20.00,0,10,51.90,5/12/2025,Good,0.00,0.00,0.00,0.00,0.00,0.00,0.00,5.334,0.00012,2.667,6.008e-05,19.38,0.056,0.00,0.00,32.00,0.00072,0.00,0.00,0.00,0.00,0.00,0.00,0.00,0.00,0.0029
-93.75942834,42.01990367,30,TaskName 5/12/2025 (GreenStar 4 Monitor),Valor/ag saver,447,5/12/2025,0.610,On,1098.7,51.25,-33.75,9.057,8.110,6.133,179.38,19.99,20.04,0,10,56.31,5/12/2025,Good,0.00,0.00,0.00,0.00,0.00,0.00,0.00,5.344,0.00040,2.672,0.00020,19.41,0.185,0.00,0.00,32.06,0.0024,0.00,0.00,0.00,0.00,0.00,0.00,0.00,0.00,0.0095
-93.75942797,42.01986676,30,TaskName 5/12/2025 (GreenStar 4 Monitor),Valor/ag saver,448,5/12/2025,0.995,On,1098.9,50.00,-34.37,9.121,13.32,5.482,179.76,19.99,19.99,0,10,55.30,5/12/2025,Good,0.00,0.00,0.00,0.00,0.00,0.00,0.00,5.330,0.00064,2.665,0.00032,19.36,0.296,0.00,0.00,31.98,0.0038,0.00,0.00,0.00,0.00,0.00,0.00,0.00,0.00,0.015
-93.75942775,42.01985929,30,TaskName 5/12/2025 (GreenStar 4 Monitor),Valor/ag saver,449,5/12/2025,0.195,On,1099.0,51.25,-32.10,9.176,2.625,5.191,179.95,19.99,20.06,0,10,57.01,5/12/2025,Good,0.00,0.00,0.00,0.00,0.00,0.00,0.00,5.348,0.00013,2.674,6.451e-05,19.43,0.060,0.00,0.00,32.09,0.00077,0.00,0.00,0.00,0.00,0.00,0.00,0.00,0.00,0.0031
-93.75942747,42.01984480,30,TaskName 5/12/2025 (GreenStar 4 Monitor),Valor/ag saver,450,5/12/2025,0.405,On,1099.1,52.50,-29.97,9.167,5.449,5.714,180.23,19.99,19.93,0,10,58.38,5/12/2025,Good,0.00,0.00,0.00,0.00,0.00,0.00,0.00,5.315,0.00027,2.658,0.00014,19.31,0.127,0.00,0.00,31.89,0.0016,0.00,0.00,0.00,0.00,0.00,0.00,0.00,0.00,0.0066
-93.75942777,42.01981645,30,TaskName 5/12/2025 (GreenStar 4 Monitor),Valor/ag saver,451,5/12/2025,0.795,On,1099.5,51.25,-33.75,8.964,10.46,7.041,180.18,19.99,20.04,0,10,55.72,5/12/2025,Good,0.00,0.00,0.00,0.00,0.00,0.00,0.00,5.343,0.00051,2.672,0.00026,19.41,0.239,0.00,0.00,32.06,0.0031,0.00,0.00,0.00,0.00,0.00,0.00,0.00,0.00,0.012
-93.75942831,42.01978037,30,TaskName 5/12/2025 (GreenStar 4 Monitor),Valor/ag saver,452,5/12/2025,1.000,On,1099.9,50.00,-34.37,8.869,13.01,7.753,179.52,19.99,20.09,0,10,53.77,5/12/2025,Good,0.00,0.00,0.00,0.00,0.00,0.00,0.00,5.357,0.00063,2.678,0.00031,19.46,0.291,0.00,0.00,32.14,0.0038,0.00,0.00,0.00,0.00,0.00,0.00,0.00,0.00,0.015
-93.75942802,42.01974322,30,TaskName 5/12/2025 (GreenStar 4 Monitor),Valor/ag saver,453,5/12/2025,1.001,On,1100.1,50.00,-34.37,9.123,13.40,6.242,179.64,19.99,19.96,0,10,55.33,5/12/2025,Good,0.00,0.00,0.00,0.00,0.00,0.00,0.00,5.321,0.00064,2.661,0.00032,19.33,0.297,0.00,0.00,31.93,0.0038,0.00,0.00,0.00,0.00,0.00,0.00,0.00,0.00,0.015
-93.75942755,42.01970666,30,TaskName 5/12/2025 (GreenStar 4 Monitor),Valor/ag saver,454,5/12/2025,0.999,On,1100.4,51.25,-33.75,9.157,13.43,5.886,180.25,19.99,19.96,0,10,56.92,5/12/2025,Good,0.00,0.00,0.00,0.00,0.00,0.00,0.00,5.323,0.00066,2.661,0.00033,19.34,0.305,0.00,0.00,31.94,0.0039,0.00,0.00,0.00,0.00,0.00,0.00,0.00,0.00,0.016
-93.75942806,42.01966995,30,TaskName 5/12/2025 (GreenStar 4 Monitor),Valor/ag saver,455,5/12/2025,1.000,On,1100.8,51.25,-33.75,9.089,13.34,5.819,179.94,19.99,20.05,0,10,56.50,5/12/2025,Good,0.00,0.00,0.00,0.00,0.00,0.00,0.00,5.346,0.00066,2.673,0.00033,19.42,0.305,0.00,0.00,32.08,0.0039,0.00,0.00,0.00,0.00,0.00,0.00,0.00,0.00,0.016
-93.75942831,42.01963348,30,TaskName 5/12/2025 (GreenStar 4 Monitor),Valor/ag saver,456,5/12/2025,1.000,On,1101.1,51.25,-33.75,9.106,13.36,6.123,179.55,19.99,20.03,0,10,56.58,5/12/2025,Good,0.00,0.00,0.00,0.00,0.00,0.00,0.00,5.342,0.00066,2.671,0.00033,19.40,0.305,0.00,0.00,32.05,0.0039,0.00,0.00,0.00,0.00,0.00,0.00,0.00,0.00,0.016
-93.75942781,42.01959700,30,TaskName 5/12/2025 (GreenStar 4 Monitor),Valor/ag saver,457,5/12/2025,1.000,On,1101.5,51.25,-33.75,9.058,13.29,6.823,180.05,19.99,19.89,0,10,56.31,5/12/2025,Good,0.00,0.00,0.00,0.00,0.00,0.00,0.00,5.304,0.00065,2.652,0.00032,19.27,0.301,0.00,0.00,31.82,0.0039,0.00,0.00,0.00,0.00,0.00,0.00,0.00,0.00,0.016
-93.75942774,42.01956054,30,TaskName 5/12/2025 (GreenStar 4 Monitor),Valor/ag saver,458,5/12/2025,1.000,On,1101.9,51.25,-33.75,9.058,13.30,6.801,180.20,19.99,19.88,0,10,56.32,5/12/2025,Good,0.00,0.00,0.00,0.00,0.00,0.00,0.00,5.301,0.00065,2.650,0.00032,19.25,0.301,0.00,0.00,31.80,0.0039,0.00,0.00,0.00,0.00,0.00,0.00,0.00,0.00,0.016
-93.75942807,42.01952376,30,TaskName 5/12/2025 (GreenStar 4 Monitor),Valor/ag saver,459,5/12/2025,1.005,On,1102.3,51.25,-33.75,9.120,13.45,6.210,179.94,19.99,19.95,0,10,56.70,5/12/2025,Good,0.00,0.00,0.00,0.00,0.00,0.00,0.00,5.321,0.00066,2.660,0.00033,19.33,0.306,0.00,0.00,31.93,0.0039,0.00,0.00,0.00,0.00,0.00,0.00,0.00,0.00,0.016
-93.75942805,42.01948708,30,TaskName 5/12/2025 (GreenStar 4 Monitor),Valor/ag saver,460,5/12/2025,1.000,On,1102.6,51.25,-33.75,9.136,13.41,6.767,179.86,19.99,19.82,0,10,56.78,5/12/2025,Good,0.00,0.00,0.00,0.00,0.00,0.00,0.00,5.286,0.00065,2.643,0.00033,19.20,0.303,0.00,0.00,31.72,0.0039,0.00,0.00,0.00,0.00,0.00,0.00,0.00,0.00,0.016
-93.75942765,42.01945006,30,TaskName 5/12/2025 (GreenStar 4 Monitor),Valor/ag saver,461,5/12/2025,0.996,On,1102.8,51.25,-33.75,9.133,13.35,6.599,180.13,19.99,19.89,0,10,56.77,5/12/2025,Good,0.00,0.00,0.00,0.00,0.00,0.00,0.00,5.304,0.00065,2.652,0.00033,19.27,0.303,0.00,0.00,31.82,0.0039,0.00,0.00,0.00,0.00,0.00,0.00,0.00,0.00,0.016
-93.75942793,42.01941292,30,TaskName 5/12/2025 (GreenStar 4 Monitor),Valor/ag saver,462,5/12/2025,0.999,On,1103.0,51.25,-33.75,9.215,13.51,5.921,179.95,19.99,19.83,0,10,57.27,5/12/2025,Good,0.00,0.00,0.00,0.00,0.00,0.00,0.00,5.288,0.00066,2.644,0.00033,19.21,0.305,0.00,0.00,31.73,0.0039,0.00,0.00,0.00,0.00,0.00,0.00,0.00,0.00,0.016
-93.75942793,42.01937608,30,TaskName 5/12/2025 (GreenStar 4 Monitor),Valor/ag saver,463,5/12/2025,1.000,On,1103.0,51.25,-33.75,9.190,13.48,5.730,179.94,19.99,19.84,0,10,57.11,5/12/2025,Good,0.00,0.00,0.00,0.00,0.00,0.00,0.00,5.290,0.00066,2.645,0.00033,19.22,0.305,0.00,0.00,31.74,0.0039,0.00,0.00,0.00,0.00,0.00,0.00,0.00,0.00,0.016
-93.75942778,42.01933900,30,TaskName 5/12/2025 (GreenStar 4 Monitor),Valor/ag saver,464,5/12/2025,1.004,On,1102.9,51.25,-33.75,9.189,13.54,5.637,180.28,19.99,19.84,0,10,57.11,5/12/2025,Good,0.00,0.00,0.00,0.00,0.00,0.00,0.00,5.291,0.00066,2.645,0.00033,19.22,0.306,0.00,0.00,31.75,0.0039,0.00,0.00,0.00,0.00,0.00,0.00,0.00,0.00,0.016
-93.75942808,42.01930189,30,TaskName 5/12/2025 (GreenStar 4 Monitor),Valor/ag saver,465,5/12/2025,0.996,On,1102.9,51.25,-33.75,9.230,13.49,5.230,180.20,19.99,19.85,0,10,57.37,5/12/2025,Good,0.00,0.00,0.00,0.00,0.00,0.00,0.00,5.293,0.00066,2.646,0.00033,19.23,0.305,0.00,0.00,31.76,0.0039,0.00,0.00,0.00,0.00,0.00,0.00,0.00,0.00,0.016
-93.75942860,42.01926500,30,TaskName 5/12/2025 (GreenStar 4 Monitor),Valor/ag saver,466,5/12/2025,0.999,On,1102.7,51.25,-33.75,9.188,13.47,5.412,179.77,19.99,19.83,0,10,57.11,5/12/2025,Good,0.00,0.00,0.00,0.00,0.00,0.00,0.00,5.289,0.00065,2.645,0.00033,19.21,0.305,0.00,0.00,31.73,0.0039,0.00,0.00,0.00,0.00,0.00,0.00,0.00,0.00,0.016
-93.75942838,42.01922808,30,TaskName 5/12/2025 (GreenStar 4 Monitor),Valor/ag saver,467,5/12/2025,1.000,On,1102.6,51.25,-33.75,9.183,13.47,5.130,179.91,19.99,19.79,0,10,57.07,5/12/2025,Good,0.00,0.00,0.00,0.00,0.00,0.00,0.00,5.278,0.00065,2.639,0.00033,19.17,0.304,0.00,0.00,31.67,0.0039,0.00,0.00,0.00,0.00,0.00,0.00,0.00,0.00,0.016
-93.75942833,42.01919107,30,TaskName 5/12/2025 (GreenStar 4 Monitor),Valor/ag saver,468,5/12/2025,1.006,On,1102.5,51.25,-33.75,9.187,13.57,4.521,179.90,19.99,19.81,0,10,57.12,5/12/2025,Good,0.00,0.00,0.00,0.00,0.00,0.00,0.00,5.282,0.00066,2.641,0.00033,19.19,0.306,0.00,0.00,31.69,0.0040,0.00,0.00,0.00,0.00,0.00,0.00,0.00,0.00,0.016
-93.75942859,42.01915435,30,TaskName 5/12/2025 (GreenStar 4 Monitor),Valor/ag saver,469,5/12/2025,0.994,On,1102.4,51.25,-33.75,9.146,13.34,4.703,179.66,19.99,19.83,0,10,56.82,5/12/2025,Good,0.00,0.00,0.00,0.00,0.00,0.00,0.00,5.288,0.00065,2.644,0.00032,19.21,0.301,0.00,0.00,31.73,0.0039,0.00,0.00,0.00,0.00,0.00,0.00,0.00,0.00,0.016
-93.75942850,42.01911751,30,TaskName 5/12/2025 (GreenStar 4 Monitor),Valor/ag saver,470,5/12/2025,1.000,On,1102.3,51.25,-33.75,9.119,13.38,4.762,179.80,19.99,19.80,0,10,56.66,5/12/2025,Good,0.00,0.00,0.00,0.00,0.00,0.00,0.00,5.279,0.00065,2.640,0.00032,19.18,0.302,0.00,0.00,31.68,0.0039,0.00,0.00,0.00,0.00,0.00,0.00,0.00,0.00,0.016
-93.75942826,42.01908031,30,TaskName 5/12/2025 (GreenStar 4 Monitor),Valor/ag saver,471,5/12/2025,1.001,On,1102.1,51.25,-33.75,9.204,13.51,4.303,180.06,19.99,19.82,0,10,57.17,5/12/2025,Good,0.00,0.00,0.00,0.00,0.00,0.00,0.00,5.286,0.00066,2.643,0.00033,19.20,0.305,0.00,0.00,31.71,0.0039,0.00,0.00,0.00,0.00,0.00,0.00,0.00,0.00,0.016
-93.75942832,42.01905072,30,TaskName 5/12/2025 (GreenStar 4 Monitor),Valor/ag saver,472,5/12/2025,0.800,On,1101.9,51.25,-33.75,9.237,10.84,4.629,180.05,19.99,19.78,0,10,57.39,5/12/2025,Good,0.00,0.00,0.00,0.00,0.00,0.00,0.00,5.273,0.00053,2.637,0.00026,19.16,0.244,0.00,0.00,31.64,0.0032,0.00,0.00,0.00,0.00,0.00,0.00,0.00,0.00,0.013
-93.75942852,42.01901448,30,TaskName 5/12/2025 (GreenStar 4 Monitor),Valor/ag saver,473,5/12/2025,1.005,On,1101.6,52.50,-34.37,9.142,13.48,3.815,179.75,19.99,19.85,0,10,58.19,5/12/2025,Good,0.00,0.00,0.00,0.00,0.00,0.00,0.00,5.294,0.00067,2.647,0.00034,19.23,0.312,0.00,0.00,31.76,0.0040,0.00,0.00,0.00,0.00,0.00,0.00,0.00,0.00,0.016
