Longitude,Latitude,Field,Dataset,Product,Feature ID,Date / Time,Duration(s),Area Count,Elevation(ft),Swath Width(ft),Y Offset(ft),Speed(mph),Distance(ft),Fuel Consumption Rate (Time)(gal(US)/h),Track(deg),Target Rate (Liquid)(gal(US)/ac),Rate (Volume)(gal(US)/ac),Segment ID,Pass Number,Productivity(ac/h),Date,Rate Quality,Rate (Volume) (Tough 5EC)(floz(US)/ac),Product Amount Used/Needed (Tough 5EC),Rate (Volume) (Laudis Herbicide)(floz(US)/ac),Product Amount Used/Needed (Laudis Herbicide),Rate (Mass) (Ag saver)(oz/ac),Rate (Volume) (Warrant Herbicide)(qt(US)/ac),Product Amount Used/Needed (Warrant Herbicide),Rate (Volume) (Fulltec Oil)(floz(US)/ac),Product Amount Used/Needed (Fulltec Oil),Rate (Volume) (Fulltec Adjuvant)(floz(US)/ac),Product Amount Used/Needed (Fulltec Adjuvant),Rate (Volume) (Water)(gal(US)/ac),Product Amount Used/Needed (Water),Rate (Volume) (Callisto)(floz(US)/ac),Product Amount Used/Needed (Callisto),Rate (Volume) (Ag saver)(floz(US)/ac),Product Amount Used/Needed (Ag saver),Rate (Mass) (AAtrex 4L Herbicide)(lb/ac),Rate (Volume) (Smackdown)(pt(US)/ac),Product Amount Used/Needed (Smackdown),Rate (Volume) (Surpass NXT)(pt(US)/ac),Rate (Mass) (Atrazine 4L)(lb/ac),Rate (Volume) (Gro Centric)(floz(US)/ac),Rate (Volume) (Water (1)~9)(gal(US)/ac),Product Amount Used/Needed,Area (ac)
-93.76208336,42.01774247,40,TaskName 7/2/2025 (GreenStar 4 Monitor),Enlist 1 & Ag Saver,1,7/2/2025,0.200,On,1105.3,2.500,-59.37,2.602,0.761,4.940,90.30,15.00,16.94,0,1,0.786,7/2/2025,Good,0.00,0.00,0.00,0.00,0.00,0.00,0.00,4.519,1.542e-06,2.259,7.711e-07,16.41,0.00072,0.00,0.00,27.11,9.253e-06,0.00,0.00,0.00,0.00,0.00,0.00,0.00,0.00,4.368e-05
-93.76208020,42.01774235,40,TaskName 7/2/2025 (GreenStar 4 Monitor),Enlist 1 & Ag Saver,2,7/2/2025,0.195,On,1105.2,90.00,-15.62,2.821,0.804,4.768,90.05,15.00,12.28,0,1,30.66,7/2/2025,Under Target,0.00,0.00,0.00,0.00,0.00,0.00,0.00,3.276,4.250e-05,1.638,2.125e-05,11.90,0.020,0.00,0.00,19.65,0.00026,0.00,0.00,0.00,0.00,0.00,0.00,0.00,0.00,0.0017
-93.76207678,42.01774223,40,TaskName 7/2/2025 (GreenStar 4 Monitor),Enlist 1 & Ag Saver,3,7/2/2025,0.205,On,1105.2,92.50,-14.37,2.188,0.656,4.293,89.87,15.00,10.63,0,1,24.47,7/2/2025,Under Target,0.00,0.00,0.00,0.00,0.00,0.00,0.00,2.834,3.085e-05,1.417,1.542e-05,10.29,0.014,0.00,0.00,17.00,0.00019,0.00,0.00,0.00,0.00,0.00,0.00,0.00,0.00,0.0014
-93.76206621,42.01774224,40,TaskName 7/2/2025 (GreenStar 4 Monitor),Enlist 1 & Ag Saver,4,7/2/2025,0.595,On,1105.1,95.00,-13.12,2.680,2.326,4.710,89.60,15.00,14.41,0,1,30.69,7/2/2025,Good,0.00,0.00,0.00,0.00,0.00,0.00,0.00,3.844,0.00015,1.922,7.616e-05,13.96,0.071,0.00,0.00,23.06,0.00091,0.00,0.00,0.00,0.00,0.00,0.00,0.00,0.00,0.0051
-93.76204809,42.01774236,40,TaskName 7/2/2025 (GreenStar 4 Monitor),Enlist 1 & Ag Saver,5,7/2/2025,0.805,On,1105.0,96.25,-12.50,3.317,3.891,5.783,89.62,15.00,13.64,0,1,38.45,7/2/2025,Good,0.00,0.00,0.00,0.00,0.00,0.00,0.00,3.637,0.00024,1.819,0.00012,13.21,0.114,0.00,0.00,21.82,0.0015,0.00,0.00,0.00,0.00,0.00,0.00,0.00,0.00,0.0086
-93.76202086,42.01774282,40,TaskName 7/2/2025 (GreenStar 4 Monitor),Enlist 1 & Ag Saver,6,7/2/2025,1.000,On,1104.8,97.50,-11.87,4.543,6.621,3.654,89.77,15.00,14.04,0,1,53.35,7/2/2025,Good,0.00,0.00,0.00,0.00,0.00,0.00,0.00,3.745,0.00043,1.872,0.00022,13.60,0.202,0.00,0.00,22.47,0.0026,0.00,0.00,0.00,0.00,0.00,0.00,0.00,0.00,0.015
-93.76199378,42.01774250,40,TaskName 7/2/2025 (GreenStar 4 Monitor),Enlist 1 & Ag Saver,7,7/2/2025,1.000,On,1104.6,97.50,-11.87,4.995,7.316,3.904,88.72,15.00,14.29,0,1,58.95,7/2/2025,Good,0.00,0.00,0.00,0.00,0.00,0.00,0.00,3.811,0.00049,1.906,0.00024,13.85,0.227,0.00,0.00,22.87,0.0029,0.00,0.00,0.00,0.00,0.00,0.00,0.00,0.00,0.016
-93.76196476,42.01774274,40,TaskName 7/2/2025 (GreenStar 4 Monitor),Enlist 1 & Ag Saver,8,7/2/2025,0.995,On,1104.4,97.50,-11.87,5.135,7.484,5.095,88.35,15.00,14.54,0,1,60.60,7/2/2025,Good,0.00,0.00,0.00,0.00,0.00,0.00,0.00,3.878,0.00051,1.939,0.00025,14.09,0.236,0.00,0.00,23.27,0.0030,0.00,0.00,0.00,0.00,0.00,0.00,0.00,0.00,0.017
-93.76193236,42.01774374,40,TaskName 7/2/2025 (GreenStar 4 Monitor),Enlist 1 & Ag Saver,9,7/2/2025,1.000,On,1104.2,98.75,-11.25,5.665,8.294,4.230,88.91,15.00,14.63,0,1,67.69,7/2/2025,Good,0.00,0.00,0.00,0.00,0.00,0.00,0.00,3.902,0.00057,1.951,0.00029,14.18,0.267,0.00,0.00,23.41,0.0034,0.00,0.00,0.00,0.00,0.00,0.00,0.00,0.00,0.019
-93.76189903,42.01774407,40,TaskName 7/2/2025 (GreenStar 4 Monitor),Enlist 1 & Ag Saver,10,7/2/2025,1.000,On,1104.0,98.75,-11.25,6.135,8.993,3.576,88.73,15.00,14.72,0,1,73.39,7/2/2025,Good,0.00,0.00,0.00,0.00,0.00,0.00,0.00,3.925,0.00063,1.962,0.00031,14.26,0.291,0.00,0.00,23.55,0.0038,0.00,0.00,0.00,0.00,0.00,0.00,0.00,0.00,0.020
-93.76186497,42.01774467,40,TaskName 7/2/2025 (GreenStar 4 Monitor),Enlist 1 & Ag Saver,11,7/2/2025,1.000,On,1103.8,98.75,-11.25,6.098,8.934,6.102,88.61,15.00,14.88,0,1,72.91,7/2/2025,Good,0.00,0.00,0.00,0.00,0.00,0.00,0.00,3.969,0.00063,1.985,0.00031,14.42,0.292,0.00,0.00,23.81,0.0038,0.00,0.00,0.00,0.00,0.00,0.00,0.00,0.00,0.020
-93.76182717,42.01774562,40,TaskName 7/2/2025 (GreenStar 4 Monitor),Enlist 1 & Ag Saver,12,7/2/2025,1.005,On,1103.5,98.75,-11.25,6.758,9.944,4.256,89.20,15.00,14.83,0,1,80.75,7/2/2025,Good,0.00,0.00,0.00,0.00,0.00,0.00,0.00,3.954,0.00070,1.977,0.00035,14.36,0.324,0.00,0.00,23.72,0.0042,0.00,0.00,0.00,0.00,0.00,0.00,0.00,0.00,0.023
-93.76178927,42.01774598,40,TaskName 7/2/2025 (GreenStar 4 Monitor),Enlist 1 & Ag Saver,13,7/2/2025,0.995,On,1103.2,98.75,-11.25,7.003,10.21,4.006,89.32,15.00,14.74,0,1,83.74,7/2/2025,Good,0.00,0.00,0.00,0.00,0.00,0.00,0.00,3.931,0.00071,1.965,0.00036,14.28,0.330,0.00,0.00,23.59,0.0043,0.00,0.00,0.00,0.00,0.00,0.00,0.00,0.00,0.023
-93.76175109,42.01774636,40,TaskName 7/2/2025 (GreenStar 4 Monitor),Enlist 1 & Ag Saver,14,7/2/2025,1.000,On,1103.0,98.75,-11.25,7.023,10.29,4.846,89.98,15.00,14.92,0,1,83.99,7/2/2025,Good,0.00,0.00,0.00,0.00,0.00,0.00,0.00,3.978,0.00073,1.989,0.00036,14.45,0.337,0.00,0.00,23.87,0.0044,0.00,0.00,0.00,0.00,0.00,0.00,0.00,0.00,0.023
-93.76171178,42.01774655,40,TaskName 7/2/2025 (GreenStar 4 Monitor),Enlist 1 & Ag Saver,15,7/2/2025,1.000,On,1102.9,98.75,-11.25,7.183,10.53,5.276,90.72,15.00,14.96,0,1,85.92,7/2/2025,Good,0.00,0.00,0.00,0.00,0.00,0.00,0.00,3.990,0.00074,1.995,0.00037,14.49,0.346,0.00,0.00,23.94,0.0045,0.00,0.00,0.00,0.00,0.00,0.00,0.00,0.00,0.024
-93.76167004,42.01774617,40,TaskName 7/2/2025 (GreenStar 4 Monitor),Enlist 1 & Ag Saver,16,7/2/2025,1.000,On,1102.6,98.75,-11.25,7.506,11.00,4.808,90.97,15.00,14.95,0,1,89.80,7/2/2025,Good,0.00,0.00,0.00,0.00,0.00,0.00,0.00,3.986,0.00078,1.993,0.00039,14.48,0.361,0.00,0.00,23.91,0.0047,0.00,0.00,0.00,0.00,0.00,0.00,0.00,0.00,0.025
-93.76162761,42.01774550,40,TaskName 7/2/2025 (GreenStar 4 Monitor),Enlist 1 & Ag Saver,17,7/2/2025,1.000,On,1102.3,97.50,-11.87,7.780,11.40,4.403,90.59,15.00,15.01,0,1,91.89,7/2/2025,Good,0.00,0.00,0.00,0.00,0.00,0.00,0.00,4.003,0.00080,2.002,0.00040,14.54,0.371,0.00,0.00,24.02,0.0048,0.00,0.00,0.00,0.00,0.00,0.00,0.00,0.00,0.026
-93.76158485,42.01774503,40,TaskName 7/2/2025 (GreenStar 4 Monitor),Enlist 1 & Ag Saver,18,7/2/2025,1.000,On,1102.1,97.50,-11.87,7.905,11.58,4.035,90.30,15.00,14.96,0,1,93.35,7/2/2025,Good,0.00,0.00,0.00,0.00,0.00,0.00,0.00,3.989,0.00081,1.995,0.00040,14.49,0.376,0.00,0.00,23.94,0.0048,0.00,0.00,0.00,0.00,0.00,0.00,0.00,0.00,0.026
-93.76154266,42.01774495,40,TaskName 7/2/2025 (GreenStar 4 Monitor),Enlist 1 & Ag Saver,19,7/2/2025,1.000,On,1102.0,97.50,-11.87,7.869,11.53,4.429,90.22,15.00,14.98,0,1,92.92,7/2/2025,Good,0.00,0.00,0.00,0.00,0.00,0.00,0.00,3.996,0.00081,1.998,0.00040,14.51,0.375,0.00,0.00,23.97,0.0048,0.00,0.00,0.00,0.00,0.00,0.00,0.00,0.00,0.026
-93.76150875,42.01774486,40,TaskName 7/2/2025 (GreenStar 4 Monitor),Enlist 1 & Ag Saver,20,7/2/2025,0.800,On,1101.7,97.50,-11.87,7.836,9.190,4.535,89.99,15.00,15.03,0,1,92.56,7/2/2025,Good,0.00,0.00,0.00,0.00,0.00,0.00,0.00,4.007,0.00064,2.003,0.00032,14.56,0.299,0.00,0.00,24.04,0.0039,0.00,0.00,0.00,0.00,0.00,0.00,0.00,0.00,0.021
-93.76146674,42.01774454,40,TaskName 7/2/2025 (GreenStar 4 Monitor),Enlist 1 & Ag Saver,21,7/2/2025,1.000,On,1101.6,96.25,-12.50,7.871,11.54,4.346,89.70,15.00,14.99,0,1,91.76,7/2/2025,Good,0.00,0.00,0.00,0.00,0.00,0.00,0.00,3.998,0.00080,1.999,0.00040,14.52,0.370,0.00,0.00,23.99,0.0048,0.00,0.00,0.00,0.00,0.00,0.00,0.00,0.00,0.025
-93.76142447,42.01774496,40,TaskName 7/2/2025 (GreenStar 4 Monitor),Enlist 1 & Ag Saver,22,7/2/2025,1.000,On,1101.4,96.25,-12.50,7.773,11.40,4.280,89.80,15.00,15.02,0,1,90.66,7/2/2025,Good,0.00,0.00,0.00,0.00,0.00,0.00,0.00,4.005,0.00079,2.002,0.00039,14.55,0.366,0.00,0.00,24.03,0.0047,0.00,0.00,0.00,0.00,0.00,0.00,0.00,0.00,0.025
-93.76138216,42.01774506,40,TaskName 7/2/2025 (GreenStar 4 Monitor),Enlist 1 & Ag Saver,23,7/2/2025,1.000,On,1101.2,96.25,-12.50,7.841,11.49,4.387,89.74,15.00,14.93,0,1,91.42,7/2/2025,Good,0.00,0.00,0.00,0.00,0.00,0.00,0.00,3.980,0.00079,1.990,0.00039,14.46,0.367,0.00,0.00,23.88,0.0047,0.00,0.00,0.00,0.00,0.00,0.00,0.00,0.00,0.025
-93.76133976,42.01774513,40,TaskName 7/2/2025 (GreenStar 4 Monitor),Enlist 1 & Ag Saver,24,7/2/2025,1.005,On,1101.1,96.25,-12.50,7.846,11.56,4.735,89.07,15.00,15.03,0,1,91.48,7/2/2025,Good,0.00,0.00,0.00,0.00,0.00,0.00,0.00,4.007,0.00080,2.004,0.00040,14.56,0.372,0.00,0.00,24.04,0.0048,0.00,0.00,0.00,0.00,0.00,0.00,0.00,0.00,0.026
-93.76129756,42.01774536,40,TaskName 7/2/2025 (GreenStar 4 Monitor),Enlist 1 & Ag Saver,25,7/2/2025,0.995,On,1101.0,96.25,-12.50,7.812,11.39,4.890,88.26,15.00,15.00,0,1,91.09,7/2/2025,Good,0.00,0.00,0.00,0.00,0.00,0.00,0.00,4.001,0.00079,2.000,0.00039,14.53,0.366,0.00,0.00,24.00,0.0047,0.00,0.00,0.00,0.00,0.00,0.00,0.00,0.00,0.025
-93.76125548,42.01774622,40,TaskName 7/2/2025 (GreenStar 4 Monitor),Enlist 1 & Ag Saver,26,7/2/2025,1.000,On,1100.9,96.25,-12.50,7.814,11.46,4.744,88.14,15.00,15.00,0,1,91.18,7/2/2025,Good,0.00,0.00,0.00,0.00,0.00,0.00,0.00,4.000,0.00079,2.000,0.00040,14.53,0.368,0.00,0.00,24.00,0.0047,0.00,0.00,0.00,0.00,0.00,0.00,0.00,0.00,0.025
-93.76121366,42.01774739,40,TaskName 7/2/2025 (GreenStar 4 Monitor),Enlist 1 & Ag Saver,27,7/2/2025,1.000,On,1100.9,96.25,-12.50,7.780,11.42,4.997,88.95,15.00,14.99,0,1,90.81,7/2/2025,Good,0.00,0.00,0.00,0.00,0.00,0.00,0.00,3.997,0.00079,1.999,0.00039,14.52,0.366,0.00,0.00,23.98,0.0047,0.00,0.00,0.00,0.00,0.00,0.00,0.00,0.00,0.025
-93.76117139,42.01774799,40,TaskName 7/2/2025 (GreenStar 4 Monitor),Enlist 1 & Ag Saver,28,7/2/2025,1.000,On,1100.6,96.25,-12.50,7.795,11.43,4.800,89.42,15.00,14.97,0,1,90.94,7/2/2025,Good,0.00,0.00,0.00,0.00,0.00,0.00,0.00,3.992,0.00079,1.996,0.00039,14.50,0.366,0.00,0.00,23.95,0.0047,0.00,0.00,0.00,0.00,0.00,0.00,0.00,0.00,0.025
-93.76112874,42.01774831,40,TaskName 7/2/2025 (GreenStar 4 Monitor),Enlist 1 & Ag Saver,29,7/2/2025,1.000,On,1100.4,96.25,-12.50,7.868,11.54,4.462,89.30,15.00,14.98,0,1,91.80,7/2/2025,Good,0.00,0.00,0.00,0.00,0.00,0.00,0.00,3.995,0.00080,1.997,0.00040,14.51,0.370,0.00,0.00,23.97,0.0048,0.00,0.00,0.00,0.00,0.00,0.00,0.00,0.00,0.026
-93.76108636,42.01774836,40,TaskName 7/2/2025 (GreenStar 4 Monitor),Enlist 1 & Ag Saver,30,7/2/2025,1.005,On,1100.3,96.25,-12.50,7.881,11.62,5.574,88.56,15.00,15.02,0,1,91.94,7/2/2025,Good,0.00,0.00,0.00,0.00,0.00,0.00,0.00,4.006,0.00080,2.003,0.00040,14.55,0.374,0.00,0.00,24.04,0.0048,0.00,0.00,0.00,0.00,0.00,0.00,0.00,0.00,0.026
-93.76104387,42.01774910,40,TaskName 7/2/2025 (GreenStar 4 Monitor),Enlist 1 & Ag Saver,31,7/2/2025,0.995,On,1100.0,96.25,-12.50,7.858,11.47,4.986,88.64,15.00,14.98,0,1,91.69,7/2/2025,Good,0.00,0.00,0.00,0.00,0.00,0.00,0.00,3.994,0.00079,1.997,0.00040,14.51,0.368,0.00,0.00,23.96,0.0047,0.00,0.00,0.00,0.00,0.00,0.00,0.00,0.00,0.025
-93.76103533,42.01774934,40,TaskName 7/2/2025 (GreenStar 4 Monitor),Enlist 1 & Ag Saver,32,7/2/2025,0.200,On,1100.0,96.25,-12.50,7.899,2.318,4.465,88.75,15.00,14.82,0,1,92.20,7/2/2025,Good,0.00,0.00,0.00,0.00,0.00,0.00,0.00,3.951,0.00016,1.976,7.906e-05,14.35,0.074,0.00,0.00,23.71,0.00095,0.00,0.00,0.00,0.00,0.00,0.00,0.00,0.00,0.0051
-93.76099253,42.01775014,40,TaskName 7/2/2025 (GreenStar 4 Monitor),Enlist 1 & Ag Saver,33,7/2/2025,1.000,On,1099.7,97.50,-11.87,7.922,11.62,4.448,88.90,15.00,14.97,0,1,93.66,7/2/2025,Good,0.00,0.00,0.00,0.00,0.00,0.00,0.00,3.992,0.00081,1.996,0.00041,14.50,0.377,0.00,0.00,23.95,0.0049,0.00,0.00,0.00,0.00,0.00,0.00,0.00,0.00,0.026
-93.76094959,42.01775044,40,TaskName 7/2/2025 (GreenStar 4 Monitor),Enlist 1 & Ag Saver,34,7/2/2025,1.000,On,1099.3,97.50,-11.87,7.978,11.71,4.350,88.58,15.00,15.00,0,1,94.32,7/2/2025,Good,0.00,0.00,0.00,0.00,0.00,0.00,0.00,4.001,0.00082,2.001,0.00041,14.53,0.381,0.00,0.00,24.01,0.0049,0.00,0.00,0.00,0.00,0.00,0.00,0.00,0.00,0.026
-93.76090665,42.01775117,40,TaskName 7/2/2025 (GreenStar 4 Monitor),Enlist 1 & Ag Saver,35,7/2/2025,1.000,On,1099.1,97.50,-11.87,7.955,11.67,4.728,89.01,15.00,14.98,0,1,94.00,7/2/2025,Good,0.00,0.00,0.00,0.00,0.00,0.00,0.00,3.994,0.00081,1.997,0.00041,14.51,0.379,0.00,0.00,23.96,0.0049,0.00,0.00,0.00,0.00,0.00,0.00,0.00,0.00,0.026
-93.76086411,42.01775204,40,TaskName 7/2/2025 (GreenStar 4 Monitor),Enlist 1 & Ag Saver,36,7/2/2025,1.000,On,1099.0,97.50,-11.87,7.898,11.58,4.989,90.59,15.00,15.01,0,1,93.34,7/2/2025,Good,0.00,0.00,0.00,0.00,0.00,0.00,0.00,4.002,0.00081,2.001,0.00041,14.54,0.377,0.00,0.00,24.01,0.0049,0.00,0.00,0.00,0.00,0.00,0.00,0.00,0.00,0.026
-93.76082156,42.01775189,40,TaskName 7/2/2025 (GreenStar 4 Monitor),Enlist 1 & Ag Saver,37,7/2/2025,1.000,On,1098.8,97.50,-11.87,7.876,11.55,5.109,90.87,15.00,15.00,0,1,93.10,7/2/2025,Good,0.00,0.00,0.00,0.00,0.00,0.00,0.00,4.001,0.00081,2.000,0.00040,14.53,0.376,0.00,0.00,24.01,0.0049,0.00,0.00,0.00,0.00,0.00,0.00,0.00,0.00,0.026
-93.76077899,42.01775111,40,TaskName 7/2/2025 (GreenStar 4 Monitor),Enlist 1 & Ag Saver,38,7/2/2025,1.000,On,1098.7,97.50,-11.87,7.896,11.58,4.727,89.91,15.00,14.96,0,1,93.34,7/2/2025,Good,0.00,0.00,0.00,0.00,0.00,0.00,0.00,3.990,0.00081,1.995,0.00040,14.49,0.376,0.00,0.00,23.94,0.0048,0.00,0.00,0.00,0.00,0.00,0.00,0.00,0.00,0.026
-93.76073656,42.01775101,40,TaskName 7/2/2025 (GreenStar 4 Monitor),Enlist 1 & Ag Saver,39,7/2/2025,1.000,On,1098.5,97.50,-11.87,7.894,11.58,4.852,89.62,15.00,15.03,0,1,93.31,7/2/2025,Good,0.00,0.00,0.00,0.00,0.00,0.00,0.00,4.007,0.00081,2.003,0.00041,14.55,0.377,0.00,0.00,24.04,0.0049,0.00,0.00,0.00,0.00,0.00,0.00,0.00,0.00,0.026
-93.76069406,42.01775153,40,TaskName 7/2/2025 (GreenStar 4 Monitor),Enlist 1 & Ag Saver,40,7/2/2025,1.000,On,1098.3,97.50,-11.87,7.857,11.53,4.940,90.17,15.00,15.03,0,1,92.89,7/2/2025,Good,0.00,0.00,0.00,0.00,0.00,0.00,0.00,4.009,0.00081,2.004,0.00040,14.56,0.376,0.00,0.00,24.05,0.0048,0.00,0.00,0.00,0.00,0.00,0.00,0.00,0.00,0.026
-93.76065142,42.01775142,40,TaskName 7/2/2025 (GreenStar 4 Monitor),Enlist 1 & Ag Saver,41,7/2/2025,1.000,On,1098.3,97.50,-11.87,7.871,11.55,4.951,89.64,15.00,15.02,0,1,93.05,7/2/2025,Good,0.00,0.00,0.00,0.00,0.00,0.00,0.00,4.005,0.00081,2.002,0.00040,14.55,0.376,0.00,0.00,24.03,0.0049,0.00,0.00,0.00,0.00,0.00,0.00,0.00,0.00,0.026
-93.76060933,42.01775118,40,TaskName 7/2/2025 (GreenStar 4 Monitor),Enlist 1 & Ag Saver,42,7/2/2025,0.996,On,1098.1,97.50,-11.87,7.835,11.45,5.637,89.17,15.00,15.00,0,1,92.60,7/2/2025,Good,0.00,0.00,0.00,0.00,0.00,0.00,0.00,3.999,0.00080,1.999,0.00040,14.53,0.372,0.00,0.00,23.99,0.0048,0.00,0.00,0.00,0.00,0.00,0.00,0.00,0.00,0.026
-93.76056706,42.01775195,40,TaskName 7/2/2025 (GreenStar 4 Monitor),Enlist 1 & Ag Saver,43,7/2/2025,1.004,On,1097.9,97.50,-11.87,7.850,11.56,4.885,89.97,15.00,14.98,0,1,92.78,7/2/2025,Good,0.00,0.00,0.00,0.00,0.00,0.00,0.00,3.995,0.00081,1.998,0.00040,14.51,0.376,0.00,0.00,23.97,0.0048,0.00,0.00,0.00,0.00,0.00,0.00,0.00,0.00,0.026
-93.76052489,42.01775195,40,TaskName 7/2/2025 (GreenStar 4 Monitor),Enlist 1 & Ag Saver,44,7/2/2025,0.995,On,1097.7,97.50,-11.87,7.820,11.42,5.120,89.98,15.00,15.01,0,1,92.45,7/2/2025,Good,0.00,0.00,0.00,0.00,0.00,0.00,0.00,4.002,0.00080,2.001,0.00040,14.54,0.372,0.00,0.00,24.01,0.0048,0.00,0.00,0.00,0.00,0.00,0.00,0.00,0.00,0.026
-93.76048314,42.01775193,40,TaskName 7/2/2025 (GreenStar 4 Monitor),Enlist 1 & Ag Saver,45,7/2/2025,1.005,On,1097.6,97.50,-11.87,7.744,11.42,5.436,90.05,15.00,15.05,0,1,91.53,7/2/2025,Good,0.00,0.00,0.00,0.00,0.00,0.00,0.00,4.013,0.00080,2.006,0.00040,14.58,0.372,0.00,0.00,24.08,0.0048,0.00,0.00,0.00,0.00,0.00,0.00,0.00,0.00,0.026
-93.76044153,42.01775202,40,TaskName 7/2/2025 (GreenStar 4 Monitor),Enlist 1 & Ag Saver,46,7/2/2025,0.996,On,1097.5,97.50,-11.87,7.770,11.35,5.493,90.22,15.00,15.01,0,1,91.83,7/2/2025,Good,0.00,0.00,0.00,0.00,0.00,0.00,0.00,4.002,0.00079,2.001,0.00040,14.54,0.369,0.00,0.00,24.01,0.0048,0.00,0.00,0.00,0.00,0.00,0.00,0.00,0.00,0.025
-93.76039936,42.01775175,40,TaskName 7/2/2025 (GreenStar 4 Monitor),Enlist 1 & Ag Saver,47,7/2/2025,0.999,On,1097.3,97.50,-11.87,7.744,11.35,5.340,90.10,15.00,15.02,0,1,91.53,7/2/2025,Good,0.00,0.00,0.00,0.00,0.00,0.00,0.00,4.004,0.00079,2.002,0.00040,14.55,0.369,0.00,0.00,24.03,0.0048,0.00,0.00,0.00,0.00,0.00,0.00,0.00,0.00,0.025
-93.76035739,42.01775142,40,TaskName 7/2/2025 (GreenStar 4 Monitor),Enlist 1 & Ag Saver,48,7/2/2025,1.005,On,1097.3,97.50,-11.87,7.804,11.51,5.534,89.90,15.00,15.00,0,1,92.24,7/2/2025,Good,0.00,0.00,0.00,0.00,0.00,0.00,0.00,3.999,0.00080,2.000,0.00040,14.53,0.374,0.00,0.00,23.99,0.0048,0.00,0.00,0.00,0.00,0.00,0.00,0.00,0.00,0.026
-93.76031512,42.01775156,40,TaskName 7/2/2025 (GreenStar 4 Monitor),Enlist 1 & Ag Saver,49,7/2/2025,0.995,On,1097.2,97.50,-11.87,7.760,11.32,5.318,90.09,15.00,15.01,0,1,91.71,7/2/2025,Good,0.00,0.00,0.00,0.00,0.00,0.00,0.00,4.004,0.00079,2.002,0.00040,14.54,0.369,0.00,0.00,24.02,0.0048,0.00,0.00,0.00,0.00,0.00,0.00,0.00,0.00,0.025
-93.76027284,42.01775135,40,TaskName 7/2/2025 (GreenStar 4 Monitor),Enlist 1 & Ag Saver,50,7/2/2025,1.005,On,1097.1,97.50,-11.87,7.839,11.56,4.973,89.80,15.00,14.99,0,1,92.67,7/2/2025,Good,0.00,0.00,0.00,0.00,0.00,0.00,0.00,3.998,0.00081,1.999,0.00040,14.52,0.376,0.00,0.00,23.99,0.0048,0.00,0.00,0.00,0.00,0.00,0.00,0.00,0.00,0.026
-93.76023052,42.01775118,40,TaskName 7/2/2025 (GreenStar 4 Monitor),Enlist 1 & Ag Saver,51,7/2/2025,1.000,On,1097.0,97.50,-11.87,7.856,11.53,5.023,89.13,15.00,14.99,0,1,92.89,7/2/2025,Good,0.00,0.00,0.00,0.00,0.00,0.00,0.00,3.997,0.00081,1.998,0.00040,14.52,0.375,0.00,0.00,23.98,0.0048,0.00,0.00,0.00,0.00,0.00,0.00,0.00,0.00,0.026
-93.76018899,42.01775162,40,TaskName 7/2/2025 (GreenStar 4 Monitor),Enlist 1 & Ag Saver,52,7/2/2025,0.995,On,1096.9,97.50,-11.87,7.782,11.36,4.774,89.25,15.00,14.99,0,1,92.00,7/2/2025,Good,0.00,0.00,0.00,0.00,0.00,0.00,0.00,3.996,0.00079,1.998,0.00040,14.52,0.369,0.00,0.00,23.98,0.0048,0.00,0.00,0.00,0.00,0.00,0.00,0.00,0.00,0.025
-93.76014903,42.01775209,40,TaskName 7/2/2025 (GreenStar 4 Monitor),Enlist 1 & Ag Saver,53,7/2/2025,1.000,On,1096.9,97.50,-11.87,7.552,11.08,4.540,89.67,15.00,15.01,0,1,89.24,7/2/2025,Good,0.00,0.00,0.00,0.00,0.00,0.00,0.00,4.003,0.00078,2.001,0.00039,14.54,0.360,0.00,0.00,24.02,0.0047,0.00,0.00,0.00,0.00,0.00,0.00,0.00,0.00,0.025
-93.76011086,42.01775231,40,TaskName 7/2/2025 (GreenStar 4 Monitor),Enlist 1 & Ag Saver,54,7/2/2025,1.000,On,1096.8,97.50,-11.87,7.255,10.64,5.169,90.20,15.00,15.03,0,1,85.75,7/2/2025,Good,0.00,0.00,0.00,0.00,0.00,0.00,0.00,4.008,0.00075,2.004,0.00037,14.56,0.347,0.00,0.00,24.05,0.0045,0.00,0.00,0.00,0.00,0.00,0.00,0.00,0.00,0.024
-93.76007318,42.01775211,40,TaskName 7/2/2025 (GreenStar 4 Monitor),Enlist 1 & Ag Saver,55,7/2/2025,1.000,On,1096.8,97.50,-11.87,7.084,10.39,3.683,89.61,15.00,14.99,0,1,83.72,7/2/2025,Good,0.00,0.00,0.00,0.00,0.00,0.00,0.00,3.998,0.00073,1.999,0.00036,14.52,0.338,0.00,0.00,23.99,0.0044,0.00,0.00,0.00,0.00,0.00,0.00,0.00,0.00,0.023
-93.76004256,42.01775181,40,TaskName 7/2/2025 (GreenStar 4 Monitor),Enlist 1 & Ag Saver,56,7/2/2025,1.000,On,1096.8,97.50,-11.87,6.498,9.497,2.615,88.38,15.00,15.01,0,1,76.53,7/2/2025,Good,0.00,0.00,0.00,0.00,0.00,0.00,0.00,4.001,0.00066,2.001,0.00033,14.54,0.309,0.00,0.00,24.01,0.0040,0.00,0.00,0.00,0.00,0.00,0.00,0.00,0.00,0.021
-93.76001751,42.01775197,40,TaskName 7/2/2025 (GreenStar 4 Monitor),Enlist 1 & Ag Saver,57,7/2/2025,1.000,On,1097.0,97.50,-11.87,5.109,7.464,5.237,87.38,15.00,15.13,0,1,60.14,7/2/2025,Good,0.00,0.00,0.00,0.00,0.00,0.00,0.00,4.035,0.00053,2.018,0.00026,14.66,0.245,0.00,0.00,24.21,0.0032,0.00,0.00,0.00,0.00,0.00,0.00,0.00,0.00,0.017
-93.75999102,42.01775282,40,TaskName 7/2/2025 (GreenStar 4 Monitor),Enlist 1 & Ag Saver,58,7/2/2025,1.000,On,1097.1,97.50,-11.87,4.785,7.014,5.243,86.90,15.00,15.11,0,1,56.52,7/2/2025,Good,0.00,0.00,0.00,0.00,0.00,0.00,0.00,4.030,0.00049,2.015,0.00025,14.64,0.230,0.00,0.00,24.18,0.0030,0.00,0.00,0.00,0.00,0.00,0.00,0.00,0.00,0.016
-93.75996459,42.01775402,40,TaskName 7/2/2025 (GreenStar 4 Monitor),Enlist 1 & Ag Saver,59,7/2/2025,1.000,On,1096.9,97.50,-11.87,4.949,7.254,3.980,87.21,15.00,15.07,0,1,58.45,7/2/2025,Good,0.00,0.00,0.00,0.00,0.00,0.00,0.00,4.018,0.00051,2.009,0.00025,14.60,0.237,0.00,0.00,24.11,0.0031,0.00,0.00,0.00,0.00,0.00,0.00,0.00,0.00,0.016
-93.75995981,42.01775432,40,TaskName 7/2/2025 (GreenStar 4 Monitor),Enlist 1 & Ag Saver,60,7/2/2025,0.200,On,1096.8,96.25,-12.50,4.897,1.434,3.335,87.31,15.00,14.95,0,1,57.05,7/2/2025,Good,0.00,0.00,0.00,0.00,0.00,0.00,0.00,3.985,9.868e-05,1.993,4.934e-05,14.48,0.046,0.00,0.00,23.91,0.00059,0.00,0.00,0.00,0.00,0.00,0.00,0.00,0.00,0.0032
-93.75995003,42.01775473,40,TaskName 7/2/2025 (GreenStar 4 Monitor),Enlist 1 & Ag Saver,61,7/2/2025,0.400,On,1096.7,95.00,-13.12,4.745,2.783,2.574,87.56,15.00,14.94,0,1,54.63,7/2/2025,Good,0.00,0.00,0.00,0.00,0.00,0.00,0.00,3.983,0.00019,1.991,9.444e-05,14.47,0.088,0.00,0.00,23.90,0.0011,0.00,0.00,0.00,0.00,0.00,0.00,0.00,0.00,0.0061
-93.75994549,42.01775506,40,TaskName 7/2/2025 (GreenStar 4 Monitor),Enlist 1 & Ag Saver,62,7/2/2025,0.200,On,1096.6,93.75,-13.75,4.635,1.359,2.589,87.80,15.00,15.01,0,1,52.64,7/2/2025,Good,0.00,0.00,0.00,0.00,0.00,0.00,0.00,4.003,9.146e-05,2.001,4.573e-05,14.54,0.043,0.00,0.00,24.02,0.00055,0.00,0.00,0.00,0.00,0.00,0.00,0.00,0.00,0.0029
-93.75994107,42.01775521,40,TaskName 7/2/2025 (GreenStar 4 Monitor),Enlist 1 & Ag Saver,63,7/2/2025,0.200,On,1096.5,91.25,-15.00,4.528,1.326,2.695,87.93,15.00,14.88,0,1,50.00,7/2/2025,Good,0.00,0.00,0.00,0.00,0.00,0.00,0.00,3.968,8.612e-05,1.984,4.306e-05,14.42,0.040,0.00,0.00,23.81,0.00052,0.00,0.00,0.00,0.00,0.00,0.00,0.00,0.00,0.0028
-93.75993672,42.01775537,40,TaskName 7/2/2025 (GreenStar 4 Monitor),Enlist 1 & Ag Saver,64,7/2/2025,0.200,On,1096.5,85.00,-18.12,4.389,1.287,2.959,88.12,15.00,14.91,0,1,45.20,7/2/2025,Good,0.00,0.00,0.00,0.00,0.00,0.00,0.00,3.977,7.801e-05,1.988,3.901e-05,14.45,0.036,0.00,0.00,23.86,0.00047,0.00,0.00,0.00,0.00,0.00,0.00,0.00,0.00,0.0025
-93.75993245,42.01775553,40,TaskName 7/2/2025 (GreenStar 4 Monitor),Enlist 1 & Ag Saver,65,7/2/2025,0.195,On,1096.4,78.75,-21.25,4.264,1.218,2.860,88.24,15.00,15.04,0,1,40.65,7/2/2025,Good,0.00,0.00,0.00,0.00,0.00,0.00,0.00,4.011,6.899e-05,2.006,3.450e-05,14.57,0.032,0.00,0.00,24.07,0.00041,0.00,0.00,0.00,0.00,0.00,0.00,0.00,0.00,0.0022
-93.75992837,42.01775551,40,TaskName 7/2/2025 (GreenStar 4 Monitor),Enlist 1 & Ag Saver,66,7/2/2025,0.205,On,1096.4,42.50,-39.37,4.161,1.251,2.595,88.19,15.00,15.21,0,1,21.43,7/2/2025,Good,0.00,0.00,0.00,0.00,0.00,0.00,0.00,4.057,3.867e-05,2.028,1.934e-05,14.74,0.018,0.00,0.00,24.34,0.00023,0.00,0.00,0.00,0.00,0.00,0.00,0.00,0.00,0.0012
-93.75992451,42.01775559,40,TaskName 7/2/2025 (GreenStar 4 Monitor),Enlist 1 & Ag Saver,67,7/2/2025,0.210,On,1096.3,7.500,-56.87,4.053,1.247,2.391,88.30,15.00,15.27,0,1,3.682,7/2/2025,Good,0.00,0.00,0.00,0.00,0.00,0.00,0.00,4.071,6.831e-06,2.036,3.415e-06,14.79,0.0032,0.00,0.00,24.43,4.098e-05,0.00,0.00,0.00,0.00,0.00,0.00,0.00,0.00,0.00021
-93.75995551,42.01775535,40,TaskName 7/2/2025 (GreenStar 4 Monitor),Enlist 1 & Ag Saver,68,7/2/2025,0.390,On,1096.7,1.250,-60.00,2.368,1.353,4.493,87.79,15.00,15.76,0,2,0.358,7/2/2025,Good,0.00,0.00,0.00,0.00,0.00,0.00,0.00,4.201,1.274e-06,2.101,6.372e-07,15.26,0.00059,0.00,0.00,25.21,7.646e-06,0.00,0.00,0.00,0.00,0.00,0.00,0.00,0.00,3.883e-05
-93.75996989,42.01775496,40,TaskName 7/2/2025 (GreenStar 4 Monitor),Enlist 1 & Ag Saver,69,7/2/2025,0.395,On,1096.9,1.250,-60.00,2.719,1.573,2.530,87.45,15.00,15.20,0,3,0.411,7/2/2025,Good,0.00,0.00,0.00,0.00,0.00,0.00,0.00,4.054,1.429e-06,2.027,7.147e-07,14.73,0.00066,0.00,0.00,24.32,8.577e-06,0.00,0.00,0.00,0.00,0.00,0.00,0.00,0.00,4.513e-05
-93.76012469,42.01794241,40,TaskName 7/2/2025 (GreenStar 4 Monitor),Enlist 1 & Ag Saver,70,7/2/2025,0.996,On,1097.0,113.75,-3.750,7.283,10.62,5.492,359.56,15.00,14.83,0,4,100.26,7/2/2025,Good,0.00,0.00,0.00,0.00,0.00,0.00,0.00,3.954,0.00086,1.977,0.00043,14.36,0.398,0.00,0.00,23.73,0.0051,0.00,0.00,0.00,0.00,0.00,0.00,0.00,0.00,0.028
-93.76012538,42.01797150,40,TaskName 7/2/2025 (GreenStar 4 Monitor),Enlist 1 & Ag Saver,71,7/2/2025,1.004,On,1096.8,113.75,-3.750,7.275,10.72,5.936,359.44,15.00,14.92,0,4,100.39,7/2/2025,Good,0.00,0.00,0.00,0.00,0.00,0.00,0.00,3.978,0.00087,1.989,0.00044,14.45,0.405,0.00,0.00,23.87,0.0052,0.00,0.00,0.00,0.00,0.00,0.00,0.00,0.00,0.028
-93.76012522,42.01800140,40,TaskName 7/2/2025 (GreenStar 4 Monitor),Enlist 1 & Ag Saver,72,7/2/2025,1.000,On,1096.8,113.75,-3.750,7.329,10.74,5.617,358.49,15.00,14.92,0,4,101.00,7/2/2025,Good,0.00,0.00,0.00,0.00,0.00,0.00,0.00,3.980,0.00087,1.990,0.00044,14.46,0.406,0.00,0.00,23.88,0.0052,0.00,0.00,0.00,0.00,0.00,0.00,0.00,0.00,0.028
-93.76012605,42.01803114,40,TaskName 7/2/2025 (GreenStar 4 Monitor),Enlist 1 & Ag Saver,73,7/2/2025,1.000,On,1096.7,113.75,-3.750,7.460,10.93,4.741,358.20,15.00,14.92,0,4,102.79,7/2/2025,Good,0.00,0.00,0.00,0.00,0.00,0.00,0.00,3.980,0.00089,1.990,0.00044,14.46,0.413,0.00,0.00,23.88,0.0053,0.00,0.00,0.00,0.00,0.00,0.00,0.00,0.00,0.029
-93.76012815,42.01806074,40,TaskName 7/2/2025 (GreenStar 4 Monitor),Enlist 1 & Ag Saver,74,7/2/2025,0.996,On,1096.8,113.75,-3.750,7.332,10.69,6.040,0.666,15.00,14.98,0,4,100.91,7/2/2025,Good,0.00,0.00,0.00,0.00,0.00,0.00,0.00,3.996,0.00087,1.998,0.00044,14.51,0.405,0.00,0.00,23.97,0.0052,0.00,0.00,0.00,0.00,0.00,0.00,0.00,0.00,0.028
-93.76012908,42.01809044,40,TaskName 7/2/2025 (GreenStar 4 Monitor),Enlist 1 & Ag Saver,75,7/2/2025,1.004,On,1096.8,113.75,-3.750,7.350,10.83,7.370,1.976,15.00,14.98,0,4,101.40,7/2/2025,Good,0.00,0.00,0.00,0.00,0.00,0.00,0.00,3.995,0.00088,1.998,0.00044,14.51,0.410,0.00,0.00,23.97,0.0053,0.00,0.00,0.00,0.00,0.00,0.00,0.00,0.00,0.028
-93.76012680,42.01812102,40,TaskName 7/2/2025 (GreenStar 4 Monitor),Enlist 1 & Ag Saver,76,7/2/2025,1.000,On,1096.8,113.75,-3.750,7.440,10.90,7.823,359.94,15.00,15.00,0,4,102.51,7/2/2025,Good,0.00,0.00,0.00,0.00,0.00,0.00,0.00,4.000,0.00089,2.000,0.00044,14.53,0.414,0.00,0.00,24.00,0.0053,0.00,0.00,0.00,0.00,0.00,0.00,0.00,0.00,0.028
-93.76012625,42.01815229,40,TaskName 7/2/2025 (GreenStar 4 Monitor),Enlist 1 & Ag Saver,77,7/2/2025,1.000,On,1096.9,113.75,-3.750,7.762,11.38,6.198,359.22,15.00,14.93,0,4,106.99,7/2/2025,Good,0.00,0.00,0.00,0.00,0.00,0.00,0.00,3.980,0.00092,1.990,0.00046,14.46,0.430,0.00,0.00,23.88,0.0055,0.00,0.00,0.00,0.00,0.00,0.00,0.00,0.00,0.030
-93.76012739,42.01818341,40,TaskName 7/2/2025 (GreenStar 4 Monitor),Enlist 1 & Ag Saver,78,7/2/2025,1.000,On,1096.9,113.75,-3.750,7.718,11.32,6.496,0.306,15.00,14.97,0,4,106.38,7/2/2025,Good,0.00,0.00,0.00,0.00,0.00,0.00,0.00,3.992,0.00092,1.996,0.00046,14.50,0.428,0.00,0.00,23.95,0.0055,0.00,0.00,0.00,0.00,0.00,0.00,0.00,0.00,0.030
-93.76012723,42.01821467,40,TaskName 7/2/2025 (GreenStar 4 Monitor),Enlist 1 & Ag Saver,79,7/2/2025,1.000,On,1096.9,113.75,-3.750,7.762,11.38,6.217,359.80,15.00,14.98,0,4,107.02,7/2/2025,Good,0.00,0.00,0.00,0.00,0.00,0.00,0.00,3.993,0.00093,1.997,0.00046,14.51,0.431,0.00,0.00,23.96,0.0056,0.00,0.00,0.00,0.00,0.00,0.00,0.00,0.00,0.030
-93.76012702,42.01822716,40,TaskName 7/2/2025 (GreenStar 4 Monitor),Enlist 1 & Ag Saver,80,7/2/2025,0.400,On,1096.9,113.75,-3.750,7.771,4.558,6.216,359.37,15.00,14.95,0,4,107.13,7/2/2025,Good,0.00,0.00,0.00,0.00,0.00,0.00,0.00,3.985,0.00037,1.993,0.00019,14.48,0.172,0.00,0.00,23.91,0.0022,0.00,0.00,0.00,0.00,0.00,0.00,0.00,0.00,0.012
-93.76012752,42.01825862,40,TaskName 7/2/2025 (GreenStar 4 Monitor),Enlist 1 & Ag Saver,81,7/2/2025,1.000,On,1096.8,112.50,-4.375,7.816,11.46,6.086,359.42,15.00,14.99,0,4,106.58,7/2/2025,Good,0.00,0.00,0.00,0.00,0.00,0.00,0.00,3.996,0.00092,1.998,0.00046,14.52,0.430,0.00,0.00,23.98,0.0055,0.00,0.00,0.00,0.00,0.00,0.00,0.00,0.00,0.030
-93.76012874,42.01829005,40,TaskName 7/2/2025 (GreenStar 4 Monitor),Enlist 1 & Ag Saver,82,7/2/2025,1.000,On,1096.8,113.75,-3.750,7.791,11.43,6.351,0.274,15.00,14.99,0,4,107.42,7/2/2025,Good,0.00,0.00,0.00,0.00,0.00,0.00,0.00,3.998,0.00093,1.999,0.00047,14.52,0.433,0.00,0.00,23.99,0.0056,0.00,0.00,0.00,0.00,0.00,0.00,0.00,0.00,0.030
-93.76012855,42.01832149,40,TaskName 7/2/2025 (GreenStar 4 Monitor),Enlist 1 & Ag Saver,83,7/2/2025,1.000,On,1096.7,113.75,-3.750,7.810,11.45,6.017,359.61,15.00,14.98,0,4,107.64,7/2/2025,Good,0.00,0.00,0.00,0.00,0.00,0.00,0.00,3.994,0.00093,1.997,0.00047,14.51,0.434,0.00,0.00,23.96,0.0056,0.00,0.00,0.00,0.00,0.00,0.00,0.00,0.00,0.030
-93.76012867,42.01835301,40,TaskName 7/2/2025 (GreenStar 4 Monitor),Enlist 1 & Ag Saver,84,7/2/2025,1.000,On,1096.8,112.50,-4.375,7.801,11.44,5.909,359.07,15.00,15.01,0,4,106.34,7/2/2025,Good,0.00,0.00,0.00,0.00,0.00,0.00,0.00,4.002,0.00092,2.001,0.00046,14.54,0.429,0.00,0.00,24.01,0.0055,0.00,0.00,0.00,0.00,0.00,0.00,0.00,0.00,0.030
-93.76012888,42.01835922,40,TaskName 7/2/2025 (GreenStar 4 Monitor),Enlist 1 & Ag Saver,85,7/2/2025,0.200,On,1096.8,112.50,-4.375,7.832,2.297,5.865,359.11,15.00,14.98,0,4,106.79,7/2/2025,Good,0.00,0.00,0.00,0.00,0.00,0.00,0.00,3.994,0.00019,1.997,9.256e-05,14.51,0.086,0.00,0.00,23.96,0.0011,0.00,0.00,0.00,0.00,0.00,0.00,0.00,0.00,0.0059
-93.76013015,42.01839043,40,TaskName 7/2/2025 (GreenStar 4 Monitor),Enlist 1 & Ag Saver,86,7/2/2025,1.000,On,1096.9,113.75,-3.750,7.794,11.43,6.126,0.039,15.00,15.01,0,4,107.42,7/2/2025,Good,0.00,0.00,0.00,0.00,0.00,0.00,0.00,4.001,0.00093,2.001,0.00047,14.54,0.434,0.00,0.00,24.01,0.0056,0.00,0.00,0.00,0.00,0.00,0.00,0.00,0.00,0.030
-93.76013043,42.01842176,40,TaskName 7/2/2025 (GreenStar 4 Monitor),Enlist 1 & Ag Saver,87,7/2/2025,1.000,On,1096.9,113.75,-3.750,7.758,11.37,6.615,359.97,15.00,15.01,0,4,106.93,7/2/2025,Good,0.00,0.00,0.00,0.00,0.00,0.00,0.00,4.003,0.00093,2.001,0.00046,14.54,0.432,0.00,0.00,24.02,0.0056,0.00,0.00,0.00,0.00,0.00,0.00,0.00,0.00,0.030
-93.76012992,42.01844031,40,TaskName 7/2/2025 (GreenStar 4 Monitor),Enlist 1 & Ag Saver,88,7/2/2025,0.600,On,1097.0,113.75,-3.750,7.778,6.843,7.018,359.22,15.00,14.97,0,4,107.21,7/2/2025,Good,0.00,0.00,0.00,0.00,0.00,0.00,0.00,3.993,0.00056,1.997,0.00028,14.51,0.259,0.00,0.00,23.96,0.0033,0.00,0.00,0.00,0.00,0.00,0.00,0.00,0.00,0.018
-93.76013001,42.01847128,40,TaskName 7/2/2025 (GreenStar 4 Monitor),Enlist 1 & Ag Saver,89,7/2/2025,1.000,On,1097.1,112.50,-4.375,7.695,11.28,7.059,359.36,15.00,14.95,0,4,104.87,7/2/2025,Good,0.00,0.00,0.00,0.00,0.00,0.00,0.00,3.987,0.00091,1.993,0.00045,14.48,0.422,0.00,0.00,23.92,0.0054,0.00,0.00,0.00,0.00,0.00,0.00,0.00,0.00,0.029
-93.76013051,42.01850256,40,TaskName 7/2/2025 (GreenStar 4 Monitor),Enlist 1 & Ag Saver,90,7/2/2025,1.005,On,1097.1,112.50,-4.375,7.717,11.37,6.991,359.76,15.00,15.02,0,4,105.20,7/2/2025,Good,0.00,0.00,0.00,0.00,0.00,0.00,0.00,4.006,0.00092,2.003,0.00046,14.55,0.427,0.00,0.00,24.04,0.0055,0.00,0.00,0.00,0.00,0.00,0.00,0.00,0.00,0.029
-93.76013028,42.01853374,40,TaskName 7/2/2025 (GreenStar 4 Monitor),Enlist 1 & Ag Saver,91,7/2/2025,1.000,On,1097.1,112.50,-4.375,7.768,11.39,6.574,358.95,15.00,14.99,0,4,105.91,7/2/2025,Good,0.00,0.00,0.00,0.00,0.00,0.00,0.00,3.997,0.00092,1.999,0.00046,14.52,0.427,0.00,0.00,23.98,0.0055,0.00,0.00,0.00,0.00,0.00,0.00,0.00,0.00,0.029
-93.76013068,42.01856483,40,TaskName 7/2/2025 (GreenStar 4 Monitor),Enlist 1 & Ag Saver,92,7/2/2025,1.000,On,1097.1,112.50,-4.375,7.748,11.36,6.807,358.78,15.00,14.99,0,4,105.63,7/2/2025,Good,0.00,0.00,0.00,0.00,0.00,0.00,0.00,3.996,0.00092,1.998,0.00046,14.52,0.426,0.00,0.00,23.98,0.0055,0.00,0.00,0.00,0.00,0.00,0.00,0.00,0.00,0.029
-93.76013224,42.01859617,40,TaskName 7/2/2025 (GreenStar 4 Monitor),Enlist 1 & Ag Saver,93,7/2/2025,1.000,On,1097.0,112.50,-4.375,7.747,11.36,6.755,359.89,15.00,14.98,0,4,105.63,7/2/2025,Good,0.00,0.00,0.00,0.00,0.00,0.00,0.00,3.996,0.00092,1.998,0.00046,14.52,0.426,0.00,0.00,23.98,0.0055,0.00,0.00,0.00,0.00,0.00,0.00,0.00,0.00,0.029
-93.76013270,42.01862742,40,TaskName 7/2/2025 (GreenStar 4 Monitor),Enlist 1 & Ag Saver,94,7/2/2025,0.990,On,1097.0,112.50,-4.375,7.765,11.27,6.584,359.59,15.00,14.99,0,4,105.87,7/2/2025,Good,0.00,0.00,0.00,0.00,0.00,0.00,0.00,3.998,0.00091,1.999,0.00045,14.52,0.423,0.00,0.00,23.99,0.0055,0.00,0.00,0.00,0.00,0.00,0.00,0.00,0.00,0.029
-93.76013200,42.01865816,40,TaskName 7/2/2025 (GreenStar 4 Monitor),Enlist 1 & Ag Saver,95,7/2/2025,1.000,On,1096.8,112.50,-4.375,7.745,11.36,5.260,358.35,15.00,14.97,0,4,105.60,7/2/2025,Good,0.00,0.00,0.00,0.00,0.00,0.00,0.00,3.991,0.00091,1.996,0.00046,14.50,0.425,0.00,0.00,23.95,0.0055,0.00,0.00,0.00,0.00,0.00,0.00,0.00,0.00,0.029
-93.76013315,42.01868598,40,TaskName 7/2/2025 (GreenStar 4 Monitor),Enlist 1 & Ag Saver,96,7/2/2025,1.005,On,1096.8,112.50,-4.375,7.367,10.85,2.935,358.75,15.00,15.01,0,4,100.34,7/2/2025,Good,0.00,0.00,0.00,0.00,0.00,0.00,0.00,4.003,0.00088,2.001,0.00044,14.54,0.407,0.00,0.00,24.02,0.0053,0.00,0.00,0.00,0.00,0.00,0.00,0.00,0.00,0.028
-93.76013430,42.01870865,40,TaskName 7/2/2025 (GreenStar 4 Monitor),Enlist 1 & Ag Saver,97,7/2/2025,1.000,On,1096.9,112.50,-4.375,6.294,9.193,4.797,359.17,15.00,15.07,0,4,85.47,7/2/2025,Good,0.00,0.00,0.00,0.00,0.00,0.00,0.00,4.019,0.00075,2.010,0.00037,14.60,0.347,0.00,0.00,24.12,0.0045,0.00,0.00,0.00,0.00,0.00,0.00,0.00,0.00,0.024
-93.76013441,42.01872814,40,TaskName 7/2/2025 (GreenStar 4 Monitor),Enlist 1 & Ag Saver,98,7/2/2025,1.005,On,1096.7,113.75,-3.750,5.377,7.910,4.280,356.71,15.00,15.05,0,4,73.99,7/2/2025,Good,0.00,0.00,0.00,0.00,0.00,0.00,0.00,4.013,0.00065,2.007,0.00032,14.58,0.301,0.00,0.00,24.08,0.0039,0.00,0.00,0.00,0.00,0.00,0.00,0.00,0.00,0.021
-93.76013431,42.01874342,40,TaskName 7/2/2025 (GreenStar 4 Monitor),Enlist 1 & Ag Saver,99,7/2/2025,0.990,On,1096.8,113.75,-3.750,4.446,6.424,3.832,352.99,15.00,15.16,0,4,61.00,7/2/2025,Good,0.00,0.00,0.00,0.00,0.00,0.00,0.00,4.041,0.00053,2.021,0.00026,14.68,0.246,0.00,0.00,24.25,0.0032,0.00,0.00,0.00,0.00,0.00,0.00,0.00,0.00,0.017
-93.76013489,42.01875444,40,TaskName 7/2/2025 (GreenStar 4 Monitor),Enlist 1 & Ag Saver,100,7/2/2025,0.800,On,1096.8,113.75,-3.750,3.768,4.415,4.066,349.73,15.00,16.26,0,4,51.88,7/2/2025,Good,0.00,0.00,0.00,0.00,0.00,0.00,0.00,4.337,0.00039,2.168,0.00020,15.75,0.182,0.00,0.00,26.02,0.0023,0.00,0.00,0.00,0.00,0.00,0.00,0.00,0.00,0.012
-93.76013517,42.01875869,40,TaskName 7/2/2025 (GreenStar 4 Monitor),Enlist 1 & Ag Saver,101,7/2/2025,0.400,On,1096.8,115.00,-3.125,2.683,1.566,3.673,348.17,15.00,17.42,0,4,37.22,7/2/2025,Over Target,0.00,0.00,0.00,0.00,0.00,0.00,0.00,4.645,0.00015,2.323,7.503e-05,16.87,0.070,0.00,0.00,27.87,0.00090,0.00,0.00,0.00,0.00,0.00,0.00,0.00,0.00,0.0041
-93.76013491,42.01876054,40,TaskName 7/2/2025 (GreenStar 4 Monitor),Enlist 1 & Ag Saver,102,7/2/2025,0.200,On,1096.8,108.75,1.944e-06,2.217,0.650,3.883,347.19,15.00,20.07,0,4,29.22,7/2/2025,Over Target,0.00,0.00,0.00,0.00,0.00,0.00,0.00,5.351,6.787e-05,2.676,3.393e-05,19.44,0.032,0.00,0.00,32.11,0.00041,0.00,0.00,0.00,0.00,0.00,0.00,0.00,0.00,0.0016
-93.76013541,42.01876486,40,TaskName 7/2/2025 (GreenStar 4 Monitor),Enlist 1 & Ag Saver,103,7/2/2025,0.600,On,1096.8,100.00,4.375,1.839,1.603,3.722,345.99,15.00,21.42,0,4,22.08,7/2/2025,Over Target,0.00,0.00,0.00,0.00,0.00,0.00,0.00,5.713,0.00016,2.856,8.212e-05,20.75,0.076,0.00,0.00,34.28,0.00099,0.00,0.00,0.00,0.00,0.00,0.00,0.00,0.00,0.0037
-93.76013564,42.01876593,40,TaskName 7/2/2025 (GreenStar 4 Monitor),Enlist 1 & Ag Saver,104,7/2/2025,0.200,On,1096.8,106.25,1.250,1.400,0.411,2.979,345.64,15.00,23.03,0,4,18.03,7/2/2025,Over Target,0.00,0.00,0.00,0.00,0.00,0.00,0.00,6.141,4.807e-05,3.070,2.403e-05,22.31,0.022,0.00,0.00,36.84,0.00029,0.00,0.00,0.00,0.00,0.00,0.00,0.00,0.00,0.0010
-93.76013577,42.01876685,40,TaskName 7/2/2025 (GreenStar 4 Monitor),Enlist 1 & Ag Saver,105,7/2/2025,0.200,On,1096.8,113.75,-2.500,1.264,0.368,3.540,345.38,15.00,26.44,0,4,17.30,7/2/2025,Over Target,0.00,0.00,0.00,0.00,0.00,0.00,0.00,7.050,5.295e-05,3.525,2.647e-05,25.61,0.025,0.00,0.00,42.30,0.00032,0.00,0.00,0.00,0.00,0.00,0.00,0.00,0.00,0.00096
-93.76013754,42.01877286,40,TaskName 7/2/2025 (GreenStar 4 Monitor),Enlist 1 & Ag Saver,106,7/2/2025,1.000,On,1097.0,115.00,-3.125,1.569,2.211,5.322,344.66,15.00,24.99,0,4,21.02,7/2/2025,Over Target,0.00,0.00,0.00,0.00,0.00,0.00,0.00,6.663,0.00030,3.331,0.00015,24.20,0.141,0.00,0.00,39.98,0.0018,0.00,0.00,0.00,0.00,0.00,0.00,0.00,0.00,0.0058
-93.76014035,42.01878096,40,TaskName 7/2/2025 (GreenStar 4 Monitor),Enlist 1 & Ag Saver,107,7/2/2025,0.800,On,1096.9,116.25,-2.500,2.513,2.939,4.336,344.96,15.00,16.44,0,4,35.29,7/2/2025,Good,0.00,0.00,0.00,0.00,0.00,0.00,0.00,4.384,0.00027,2.192,0.00013,15.93,0.125,0.00,0.00,26.31,0.0016,0.00,0.00,0.00,0.00,0.00,0.00,0.00,0.00,0.0078
-93.76014508,42.01879139,40,TaskName 7/2/2025 (GreenStar 4 Monitor),Enlist 1 & Ag Saver,108,7/2/2025,1.000,On,1096.9,117.50,-1.875,2.710,3.967,3.444,347.14,15.00,14.98,0,4,38.52,7/2/2025,Good,0.00,0.00,0.00,0.00,0.00,0.00,0.00,3.994,0.00033,1.997,0.00017,14.51,0.155,0.00,0.00,23.96,0.0020,0.00,0.00,0.00,0.00,0.00,0.00,0.00,0.00,0.011
-93.76014982,42.01880375,40,TaskName 7/2/2025 (GreenStar 4 Monitor),Enlist 1 & Ag Saver,109,7/2/2025,1.000,On,1097.0,117.50,-1.875,2.830,4.137,4.740,349.56,15.00,16.33,0,4,40.17,7/2/2025,Good,0.00,0.00,0.00,0.00,0.00,0.00,0.00,4.356,0.00038,2.178,0.00019,15.82,0.177,0.00,0.00,26.13,0.0023,0.00,0.00,0.00,0.00,0.00,0.00,0.00,0.00,0.011
-93.76015079,42.01880651,40,TaskName 7/2/2025 (GreenStar 4 Monitor),Enlist 1 & Ag Saver,110,7/2/2025,0.200,On,1097.0,117.50,-1.875,3.174,0.929,4.161,350.25,15.00,15.83,0,4,45.11,7/2/2025,Good,0.00,0.00,0.00,0.00,0.00,0.00,0.00,4.222,8.267e-05,2.111,4.133e-05,15.34,0.038,0.00,0.00,25.33,0.00050,0.00,0.00,0.00,0.00,0.00,0.00,0.00,0.00,0.0025
-93.76015545,42.01882076,40,TaskName 7/2/2025 (GreenStar 4 Monitor),Enlist 1 & Ag Saver,111,7/2/2025,1.000,On,1097.0,118.75,-1.250,3.398,4.977,5.403,353.96,15.00,15.79,0,4,48.84,7/2/2025,Good,0.00,0.00,0.00,0.00,0.00,0.00,0.00,4.210,0.00045,2.105,0.00022,15.29,0.207,0.00,0.00,25.26,0.0027,0.00,0.00,0.00,0.00,0.00,0.00,0.00,0.00,0.014
-93.76015720,42.01882772,40,TaskName 7/2/2025 (GreenStar 4 Monitor),Enlist 1 & Ag Saver,112,7/2/2025,0.400,On,1097.0,118.75,-1.250,3.825,2.242,5.248,355.80,15.00,16.23,0,4,55.01,7/2/2025,Good,0.00,0.00,0.00,0.00,0.00,0.00,0.00,4.327,0.00021,2.163,0.00010,15.72,0.096,0.00,0.00,25.96,0.0012,0.00,0.00,0.00,0.00,0.00,0.00,0.00,0.00,0.0061
-93.76016022,42.01884563,40,TaskName 7/2/2025 (GreenStar 4 Monitor),Enlist 1 & Ag Saver,113,7/2/2025,1.000,On,1096.9,120.00,-0.625,4.364,6.394,3.684,359.73,15.00,15.15,0,4,63.41,7/2/2025,Good,0.00,0.00,0.00,0.00,0.00,0.00,0.00,4.039,0.00056,2.020,0.00028,14.67,0.258,0.00,0.00,24.24,0.0033,0.00,0.00,0.00,0.00,0.00,0.00,0.00,0.00,0.018
-93.76016100,42.01886351,40,TaskName 7/2/2025 (GreenStar 4 Monitor),Enlist 1 & Ag Saver,114,7/2/2025,1.000,On,1097.0,120.00,-0.625,4.439,6.507,4.283,2.446,15.00,14.13,0,4,64.53,7/2/2025,Good,0.00,0.00,0.00,0.00,0.00,0.00,0.00,3.769,0.00053,1.885,0.00026,13.69,0.245,0.00,0.00,22.61,0.0032,0.00,0.00,0.00,0.00,0.00,0.00,0.00,0.00,0.018
-93.76016111,42.01888106,40,TaskName 7/2/2025 (GreenStar 4 Monitor),Enlist 1 & Ag Saver,115,7/2/2025,1.000,On,1097.0,120.00,-0.625,4.473,6.558,4.327,5.081,15.00,14.37,0,4,65.04,7/2/2025,Good,0.00,0.00,0.00,0.00,0.00,0.00,0.00,3.831,0.00054,1.915,0.00027,13.92,0.251,0.00,0.00,22.99,0.0032,0.00,0.00,0.00,0.00,0.00,0.00,0.00,0.00,0.018
-93.76016000,42.01889531,40,TaskName 7/2/2025 (GreenStar 4 Monitor),Enlist 1 & Ag Saver,116,7/2/2025,1.000,On,1097.0,120.00,-0.625,4.080,5.961,3.587,4.391,15.00,14.55,0,4,59.12,7/2/2025,Good,0.00,0.00,0.00,0.00,0.00,0.00,0.00,3.880,0.00050,1.940,0.00025,14.10,0.231,0.00,0.00,23.28,0.0030,0.00,0.00,0.00,0.00,0.00,0.00,0.00,0.00,0.016
-93.76015931,42.01889758,40,TaskName 7/2/2025 (GreenStar 4 Monitor),Enlist 1 & Ag Saver,117,7/2/2025,0.200,On,1097.0,120.00,-0.625,2.796,0.822,2.728,3.622,15.00,15.33,0,4,40.74,7/2/2025,Good,0.00,0.00,0.00,0.00,0.00,0.00,0.00,4.088,7.228e-05,2.044,3.614e-05,14.85,0.034,0.00,0.00,24.53,0.00043,0.00,0.00,0.00,0.00,0.00,0.00,0.00,0.00,0.0023
-93.76015765,42.01890427,40,TaskName 7/2/2025 (GreenStar 4 Monitor),Enlist 1 & Ag Saver,118,7/2/2025,0.800,On,1097.0,118.75,-1.250,2.215,2.545,3.098,1.521,15.00,18.74,0,4,31.22,7/2/2025,Over Target,0.00,0.00,0.00,0.00,0.00,0.00,0.00,4.996,0.00027,2.498,0.00014,18.15,0.126,0.00,0.00,29.98,0.0016,0.00,0.00,0.00,0.00,0.00,0.00,0.00,0.00,0.0069
-93.76015706,42.01890553,40,TaskName 7/2/2025 (GreenStar 4 Monitor),Enlist 1 & Ag Saver,119,7/2/2025,0.200,On,1097.1,113.75,1.250,1.696,0.497,4.861,0.956,15.00,22.94,0,4,23.35,7/2/2025,Over Target,0.00,0.00,0.00,0.00,0.00,0.00,0.00,6.118,6.200e-05,3.059,3.100e-05,22.22,0.029,0.00,0.00,36.71,0.00037,0.00,0.00,0.00,0.00,0.00,0.00,0.00,0.00,0.0013
-93.76015700,42.01891052,40,TaskName 7/2/2025 (GreenStar 4 Monitor),Enlist 1 & Ag Saver,120,7/2/2025,0.600,On,1097.3,112.50,1.875,2.068,1.805,6.063,0.737,15.00,21.28,0,4,27.97,7/2/2025,Over Target,0.00,0.00,0.00,0.00,0.00,0.00,0.00,5.675,0.00021,2.838,0.00010,20.61,0.096,0.00,0.00,34.05,0.0012,0.00,0.00,0.00,0.00,0.00,0.00,0.00,0.00,0.0047
-93.76015743,42.01892233,40,TaskName 7/2/2025 (GreenStar 4 Monitor),Enlist 1 & Ag Saver,121,7/2/2025,1.000,On,1097.2,118.75,-1.250,2.581,3.770,4.681,1.482,15.00,15.44,0,4,37.00,7/2/2025,Good,0.00,0.00,0.00,0.00,0.00,0.00,0.00,4.117,0.00033,2.059,0.00017,14.96,0.154,0.00,0.00,24.70,0.0020,0.00,0.00,0.00,0.00,0.00,0.00,0.00,0.00,0.010
-93.76015693,42.01893852,40,TaskName 7/2/2025 (GreenStar 4 Monitor),Enlist 1 & Ag Saver,122,7/2/2025,1.000,On,1097.3,118.75,-1.250,3.152,4.587,8.281,1.176,15.00,14.61,0,4,45.01,7/2/2025,Good,0.00,0.00,0.00,0.00,0.00,0.00,0.00,3.895,0.00038,1.947,0.00019,14.15,0.177,0.00,0.00,23.37,0.0023,0.00,0.00,0.00,0.00,0.00,0.00,0.00,0.00,0.013
-93.76015612,42.01895118,40,TaskName 7/2/2025 (GreenStar 4 Monitor),Enlist 1 & Ag Saver,123,7/2/2025,0.600,On,1097.4,118.75,-1.250,4.432,3.882,7.245,0.345,15.00,14.40,0,4,63.49,7/2/2025,Good,0.00,0.00,0.00,0.00,0.00,0.00,0.00,3.840,0.00032,1.920,0.00016,13.95,0.148,0.00,0.00,23.04,0.0019,0.00,0.00,0.00,0.00,0.00,0.00,0.00,0.00,0.011
-93.76015504,42.01897400,40,TaskName 7/2/2025 (GreenStar 4 Monitor),Enlist 1 & Ag Saver,124,7/2/2025,1.000,On,1097.4,117.50,-1.875,5.310,7.779,6.278,359.11,15.00,14.50,0,4,75.54,7/2/2025,Good,0.00,0.00,0.00,0.00,0.00,0.00,0.00,3.867,0.00063,1.933,0.00032,14.05,0.295,0.00,0.00,23.20,0.0038,0.00,0.00,0.00,0.00,0.00,0.00,0.00,0.00,0.021
-93.76015555,42.01899941,40,TaskName 7/2/2025 (GreenStar 4 Monitor),Enlist 1 & Ag Saver,125,7/2/2025,1.000,On,1097.5,117.50,-1.875,5.918,8.668,7.531,359.72,15.00,14.65,0,4,84.17,7/2/2025,Good,0.00,0.00,0.00,0.00,0.00,0.00,0.00,3.906,0.00071,1.953,0.00036,14.19,0.332,0.00,0.00,23.43,0.0043,0.00,0.00,0.00,0.00,0.00,0.00,0.00,0.00,0.023
-93.76015619,42.01902641,40,TaskName 7/2/2025 (GreenStar 4 Monitor),Enlist 1 & Ag Saver,126,7/2/2025,1.000,On,1097.6,117.50,-1.875,6.500,9.534,7.639,359.97,15.00,14.71,0,4,92.58,7/2/2025,Good,0.00,0.00,0.00,0.00,0.00,0.00,0.00,3.922,0.00079,1.961,0.00039,14.25,0.366,0.00,0.00,23.53,0.0047,0.00,0.00,0.00,0.00,0.00,0.00,0.00,0.00,0.026
-93.76015577,42.01905620,40,TaskName 7/2/2025 (GreenStar 4 Monitor),Enlist 1 & Ag Saver,127,7/2/2025,1.000,On,1097.7,117.50,-1.875,7.038,10.31,7.189,359.33,15.00,14.80,0,4,100.13,7/2/2025,Good,0.00,0.00,0.00,0.00,0.00,0.00,0.00,3.946,0.00086,1.973,0.00043,14.33,0.399,0.00,0.00,23.68,0.0051,0.00,0.00,0.00,0.00,0.00,0.00,0.00,0.00,0.028
-93.76015630,42.01908644,40,TaskName 7/2/2025 (GreenStar 4 Monitor),Enlist 1 & Ag Saver,128,7/2/2025,1.000,On,1097.8,117.50,-1.875,7.455,10.93,6.706,359.54,15.00,14.80,0,4,106.16,7/2/2025,Good,0.00,0.00,0.00,0.00,0.00,0.00,0.00,3.946,0.00091,1.973,0.00045,14.33,0.423,0.00,0.00,23.67,0.0055,0.00,0.00,0.00,0.00,0.00,0.00,0.00,0.00,0.029
-93.76015716,42.01911733,40,TaskName 7/2/2025 (GreenStar 4 Monitor),Enlist 1 & Ag Saver,129,7/2/2025,1.000,On,1097.9,117.50,-1.875,7.561,11.09,6.484,0.219,15.00,14.87,0,4,107.68,7/2/2025,Good,0.00,0.00,0.00,0.00,0.00,0.00,0.00,3.965,0.00093,1.982,0.00046,14.40,0.431,0.00,0.00,23.79,0.0056,0.00,0.00,0.00,0.00,0.00,0.00,0.00,0.00,0.030
-93.76015741,42.01914849,40,TaskName 7/2/2025 (GreenStar 4 Monitor),Enlist 1 & Ag Saver,130,7/2/2025,1.000,On,1098.0,117.50,-1.875,7.731,11.34,7.380,0.211,15.00,14.88,0,4,110.14,7/2/2025,Good,0.00,0.00,0.00,0.00,0.00,0.00,0.00,3.969,0.00095,1.984,0.00047,14.42,0.441,0.00,0.00,23.81,0.0057,0.00,0.00,0.00,0.00,0.00,0.00,0.00,0.00,0.031
-93.76015716,42.01918117,40,TaskName 7/2/2025 (GreenStar 4 Monitor),Enlist 1 & Ag Saver,131,7/2/2025,1.000,On,1098.1,117.50,-1.875,7.894,11.57,6.974,359.78,15.00,14.94,0,4,112.40,7/2/2025,Good,0.00,0.00,0.00,0.00,0.00,0.00,0.00,3.985,0.00097,1.992,0.00049,14.47,0.452,0.00,0.00,23.91,0.0058,0.00,0.00,0.00,0.00,0.00,0.00,0.00,0.00,0.031
-93.76015739,42.01921424,40,TaskName 7/2/2025 (GreenStar 4 Monitor),Enlist 1 & Ag Saver,132,7/2/2025,1.000,On,1098.3,117.50,-1.875,8.179,11.99,5.840,359.53,15.00,14.92,0,4,116.48,7/2/2025,Good,0.00,0.00,0.00,0.00,0.00,0.00,0.00,3.979,0.0010,1.990,0.00050,14.46,0.468,0.00,0.00,23.88,0.0060,0.00,0.00,0.00,0.00,0.00,0.00,0.00,0.00,0.032
-93.76015789,42.01924672,40,TaskName 7/2/2025 (GreenStar 4 Monitor),Enlist 1 & Ag Saver,133,7/2/2025,1.000,On,1098.3,117.50,-1.875,8.115,11.90,7.149,359.34,15.00,14.96,0,4,115.59,7/2/2025,Good,0.00,0.00,0.00,0.00,0.00,0.00,0.00,3.988,0.0010,1.994,0.00050,14.49,0.465,0.00,0.00,23.93,0.0060,0.00,0.00,0.00,0.00,0.00,0.00,0.00,0.00,0.032
-93.76015826,42.01927992,40,TaskName 7/2/2025 (GreenStar 4 Monitor),Enlist 1 & Ag Saver,134,7/2/2025,1.000,On,1098.3,117.50,-1.875,8.190,12.01,6.237,359.22,15.00,14.93,0,4,116.60,7/2/2025,Good,0.00,0.00,0.00,0.00,0.00,0.00,0.00,3.980,0.0010,1.990,0.00050,14.46,0.468,0.00,0.00,23.88,0.0060,0.00,0.00,0.00,0.00,0.00,0.00,0.00,0.00,0.032
-93.76015908,42.01931272,40,TaskName 7/2/2025 (GreenStar 4 Monitor),Enlist 1 & Ag Saver,135,7/2/2025,1.000,On,1098.4,117.50,-1.875,8.152,11.95,7.401,359.54,15.00,14.96,0,4,116.06,7/2/2025,Good,0.00,0.00,0.00,0.00,0.00,0.00,0.00,3.988,0.0010,1.994,0.00050,14.49,0.467,0.00,0.00,23.93,0.0060,0.00,0.00,0.00,0.00,0.00,0.00,0.00,0.00,0.032
-93.76015950,42.01934624,40,TaskName 7/2/2025 (GreenStar 4 Monitor),Enlist 1 & Ag Saver,136,7/2/2025,1.000,On,1098.3,117.50,-1.875,8.256,12.11,6.476,359.48,15.00,14.93,0,4,117.59,7/2/2025,Good,0.00,0.00,0.00,0.00,0.00,0.00,0.00,3.981,0.0010,1.990,0.00051,14.46,0.472,0.00,0.00,23.89,0.0061,0.00,0.00,0.00,0.00,0.00,0.00,0.00,0.00,0.033
-93.76015973,42.01938057,40,TaskName 7/2/2025 (GreenStar 4 Monitor),Enlist 1 & Ag Saver,137,7/2/2025,0.996,On,1098.2,117.50,-1.875,8.419,12.30,6.516,359.33,15.00,14.94,0,4,119.89,7/2/2025,Good,0.00,0.00,0.00,0.00,0.00,0.00,0.00,3.984,0.0010,1.992,0.00052,14.47,0.480,0.00,0.00,23.91,0.0062,0.00,0.00,0.00,0.00,0.00,0.00,0.00,0.00,0.033
-93.76016027,42.01941563,40,TaskName 7/2/2025 (GreenStar 4 Monitor),Enlist 1 & Ag Saver,138,7/2/2025,1.004,On,1098.1,117.50,-1.875,8.612,12.68,6.042,359.64,15.00,14.93,0,4,122.65,7/2/2025,Good,0.00,0.00,0.00,0.00,0.00,0.00,0.00,3.983,0.0011,1.991,0.00053,14.47,0.495,0.00,0.00,23.90,0.0064,0.00,0.00,0.00,0.00,0.00,0.00,0.00,0.00,0.034
-93.76016055,42.01945083,40,TaskName 7/2/2025 (GreenStar 4 Monitor),Enlist 1 & Ag Saver,139,7/2/2025,1.000,On,1097.8,117.50,-1.875,8.724,12.80,6.111,359.58,15.00,14.92,0,4,124.25,7/2/2025,Good,0.00,0.00,0.00,0.00,0.00,0.00,0.00,3.978,0.0011,1.989,0.00054,14.45,0.499,0.00,0.00,23.87,0.0064,0.00,0.00,0.00,0.00,0.00,0.00,0.00,0.00,0.035
-93.76016079,42.01948715,40,TaskName 7/2/2025 (GreenStar 4 Monitor),Enlist 1 & Ag Saver,140,7/2/2025,0.995,On,1097.4,117.50,-1.875,8.872,12.95,5.484,359.29,15.00,14.96,0,4,126.35,7/2/2025,Good,0.00,0.00,0.00,0.00,0.00,0.00,0.00,3.990,0.0011,1.995,0.00054,14.49,0.506,0.00,0.00,23.94,0.0065,0.00,0.00,0.00,0.00,0.00,0.00,0.00,0.00,0.035
-93.76016159,42.01952367,40,TaskName 7/2/2025 (GreenStar 4 Monitor),Enlist 1 & Ag Saver,141,7/2/2025,1.005,On,1097.0,117.50,-1.875,9.072,13.37,4.640,359.48,15.00,14.97,0,4,129.21,7/2/2025,Good,0.00,0.00,0.00,0.00,0.00,0.00,0.00,3.992,0.0011,1.996,0.00056,14.50,0.523,0.00,0.00,23.95,0.0067,0.00,0.00,0.00,0.00,0.00,0.00,0.00,0.00,0.036
-93.76016230,42.01955997,40,TaskName 7/2/2025 (GreenStar 4 Monitor),Enlist 1 & Ag Saver,142,7/2/2025,0.995,On,1096.6,117.50,-1.875,9.046,13.20,4.699,359.77,15.00,15.01,0,4,128.81,7/2/2025,Good,0.00,0.00,0.00,0.00,0.00,0.00,0.00,4.002,0.0011,2.001,0.00056,14.54,0.518,0.00,0.00,24.01,0.0067,0.00,0.00,0.00,0.00,0.00,0.00,0.00,0.00,0.036
-93.76016223,42.01959607,40,TaskName 7/2/2025 (GreenStar 4 Monitor),Enlist 1 & Ag Saver,143,7/2/2025,1.005,On,1096.1,117.50,-1.875,9.006,13.27,5.891,359.51,15.00,14.98,0,4,128.23,7/2/2025,Good,0.00,0.00,0.00,0.00,0.00,0.00,0.00,3.995,0.0011,1.997,0.00056,14.51,0.519,0.00,0.00,23.97,0.0067,0.00,0.00,0.00,0.00,0.00,0.00,0.00,0.00,0.036
-93.76016256,42.01963313,40,TaskName 7/2/2025 (GreenStar 4 Monitor),Enlist 1 & Ag Saver,144,7/2/2025,0.995,On,1095.6,117.50,-1.875,9.092,13.27,5.915,359.44,15.00,14.99,0,4,129.49,7/2/2025,Good,0.00,0.00,0.00,0.00,0.00,0.00,0.00,3.998,0.0011,1.999,0.00056,14.52,0.520,0.00,0.00,23.99,0.0067,0.00,0.00,0.00,0.00,0.00,0.00,0.00,0.00,0.036
-93.76016259,42.01966961,40,TaskName 7/2/2025 (GreenStar 4 Monitor),Enlist 1 & Ag Saver,145,7/2/2025,1.000,On,1095.2,117.50,-1.875,9.151,13.43,5.281,359.01,15.00,14.94,0,4,130.37,7/2/2025,Good,0.00,0.00,0.00,0.00,0.00,0.00,0.00,3.984,0.0011,1.992,0.00056,14.47,0.524,0.00,0.00,23.91,0.0068,0.00,0.00,0.00,0.00,0.00,0.00,0.00,0.00,0.036
-93.76016313,42.01970608,40,TaskName 7/2/2025 (GreenStar 4 Monitor),Enlist 1 & Ag Saver,146,7/2/2025,1.005,On,1094.8,117.50,-1.875,9.061,13.35,5.660,358.69,15.00,15.03,0,4,129.02,7/2/2025,Good,0.00,0.00,0.00,0.00,0.00,0.00,0.00,4.008,0.0011,2.004,0.00056,14.56,0.524,0.00,0.00,24.05,0.0068,0.00,0.00,0.00,0.00,0.00,0.00,0.00,0.00,0.036
-93.76016414,42.01974212,40,TaskName 7/2/2025 (GreenStar 4 Monitor),Enlist 1 & Ag Saver,147,7/2/2025,0.995,On,1094.5,117.50,-1.875,9.007,13.15,5.489,358.93,15.00,15.06,0,4,128.31,7/2/2025,Good,0.00,0.00,0.00,0.00,0.00,0.00,0.00,4.017,0.0011,2.008,0.00056,14.59,0.517,0.00,0.00,24.10,0.0067,0.00,0.00,0.00,0.00,0.00,0.00,0.00,0.00,0.035
-93.76016525,42.01977795,40,TaskName 7/2/2025 (GreenStar 4 Monitor),Enlist 1 & Ag Saver,148,7/2/2025,1.000,On,1094.2,117.50,-1.875,8.934,13.11,5.937,359.50,15.00,15.04,0,4,127.31,7/2/2025,Good,0.00,0.00,0.00,0.00,0.00,0.00,0.00,4.010,0.0011,2.005,0.00055,14.57,0.515,0.00,0.00,24.06,0.0066,0.00,0.00,0.00,0.00,0.00,0.00,0.00,0.00,0.035
-93.76016588,42.01981359,40,TaskName 7/2/2025 (GreenStar 4 Monitor),Enlist 1 & Ag Saver,149,7/2/2025,1.000,On,1093.9,117.50,-1.875,8.855,13.00,6.157,359.64,15.00,15.04,0,4,126.19,7/2/2025,Good,0.00,0.00,0.00,0.00,0.00,0.00,0.00,4.011,0.0011,2.006,0.00055,14.57,0.511,0.00,0.00,24.07,0.0066,0.00,0.00,0.00,0.00,0.00,0.00,0.00,0.00,0.035
-93.76016611,42.01984937,40,TaskName 7/2/2025 (GreenStar 4 Monitor),Enlist 1 & Ag Saver,150,7/2/2025,1.000,On,1093.7,117.50,-1.875,8.939,13.12,5.097,359.32,15.00,14.98,0,4,127.41,7/2/2025,Good,0.00,0.00,0.00,0.00,0.00,0.00,0.00,3.994,0.0011,1.997,0.00055,14.51,0.513,0.00,0.00,23.96,0.0066,0.00,0.00,0.00,0.00,0.00,0.00,0.00,0.00,0.035
-93.76016634,42.01988387,40,TaskName 7/2/2025 (GreenStar 4 Monitor),Enlist 1 & Ag Saver,151,7/2/2025,1.000,On,1093.6,117.50,-1.875,8.806,12.92,4.631,358.43,15.00,15.04,0,4,125.43,7/2/2025,Good,0.00,0.00,0.00,0.00,0.00,0.00,0.00,4.011,0.0011,2.006,0.00055,14.57,0.508,0.00,0.00,24.07,0.0066,0.00,0.00,0.00,0.00,0.00,0.00,0.00,0.00,0.035
-93.76016761,42.01991703,40,TaskName 7/2/2025 (GreenStar 4 Monitor),Enlist 1 & Ag Saver,152,7/2/2025,1.000,On,1093.7,117.50,-1.875,8.342,12.24,6.622,358.85,15.00,15.05,0,4,118.90,7/2/2025,Good,0.00,0.00,0.00,0.00,0.00,0.00,0.00,4.015,0.0010,2.007,0.00052,14.58,0.482,0.00,0.00,24.09,0.0062,0.00,0.00,0.00,0.00,0.00,0.00,0.00,0.00,0.033
-93.76016867,42.01994905,40,TaskName 7/2/2025 (GreenStar 4 Monitor),Enlist 1 & Ag Saver,153,7/2/2025,1.000,On,1093.8,117.50,-1.875,8.127,11.93,5.846,359.36,15.00,15.03,0,4,115.81,7/2/2025,Good,0.00,0.00,0.00,0.00,0.00,0.00,0.00,4.009,0.0010,2.004,0.00050,14.56,0.468,0.00,0.00,24.05,0.0060,0.00,0.00,0.00,0.00,0.00,0.00,0.00,0.00,0.032
-93.76016896,42.01997220,40,TaskName 7/2/2025 (GreenStar 4 Monitor),Enlist 1 & Ag Saver,154,7/2/2025,0.801,On,1093.8,117.50,-1.875,7.708,9.059,4.339,359.21,15.00,15.01,0,4,109.82,7/2/2025,Good,0.00,0.00,0.00,0.00,0.00,0.00,0.00,4.003,0.00076,2.002,0.00038,14.54,0.355,0.00,0.00,24.02,0.0046,0.00,0.00,0.00,0.00,0.00,0.00,0.00,0.00,0.024
-93.76016931,42.01999773,40,TaskName 7/2/2025 (GreenStar 4 Monitor),Enlist 1 & Ag Saver,155,7/2/2025,0.999,On,1094.0,116.25,-2.500,6.835,10.01,4.474,358.98,15.00,15.03,0,4,96.23,7/2/2025,Good,0.00,0.00,0.00,0.00,0.00,0.00,0.00,4.008,0.00084,2.004,0.00042,14.56,0.389,0.00,0.00,24.05,0.0050,0.00,0.00,0.00,0.00,0.00,0.00,0.00,0.00,0.027
-93.76016944,42.02000268,40,TaskName 7/2/2025 (GreenStar 4 Monitor),Enlist 1 & Ag Saver,156,7/2/2025,0.196,On,1094.0,108.75,-6.250,6.351,1.827,3.844,359.01,15.00,15.01,0,4,83.77,7/2/2025,Good,0.00,0.00,0.00,0.00,0.00,0.00,0.00,4.003,0.00014,2.001,7.131e-05,14.54,0.066,0.00,0.00,24.02,0.00086,0.00,0.00,0.00,0.00,0.00,0.00,0.00,0.00,0.0046
-93.76038684,42.01991008,40,TaskName 7/2/2025 (GreenStar 4 Monitor),Enlist 1 & Ag Saver,157,7/2/2025,0.200,On,1093.9,53.75,7.500,6.791,1.992,5.237,266.89,15.00,14.31,0,5,44.25,7/2/2025,Good,0.00,0.00,0.00,0.00,0.00,0.00,0.00,3.817,7.331e-05,1.909,3.665e-05,13.87,0.034,0.00,0.00,22.90,0.00044,0.00,0.00,0.00,0.00,0.00,0.00,0.00,0.00,0.0025
-93.76042337,42.01990849,40,TaskName 7/2/2025 (GreenStar 4 Monitor),Enlist 1 & Ag Saver,158,7/2/2025,1.000,On,1093.9,95.00,-13.12,6.784,9.948,5.425,267.39,15.00,14.71,0,5,78.10,7/2/2025,Good,0.00,0.00,0.00,0.00,0.00,0.00,0.00,3.922,0.00066,1.961,0.00033,14.25,0.309,0.00,0.00,23.53,0.0040,0.00,0.00,0.00,0.00,0.00,0.00,0.00,0.00,0.022
-93.76046050,42.01990719,40,TaskName 7/2/2025 (GreenStar 4 Monitor),Enlist 1 & Ag Saver,159,7/2/2025,1.000,On,1093.9,95.00,-13.12,6.828,10.01,5.155,267.66,15.00,14.75,0,5,78.62,7/2/2025,Good,0.00,0.00,0.00,0.00,0.00,0.00,0.00,3.934,0.00067,1.967,0.00034,14.29,0.312,0.00,0.00,23.60,0.0040,0.00,0.00,0.00,0.00,0.00,0.00,0.00,0.00,0.022
-93.76049699,42.01990639,40,TaskName 7/2/2025 (GreenStar 4 Monitor),Enlist 1 & Ag Saver,160,7/2/2025,1.000,On,1094.0,96.25,-12.50,6.829,10.01,5.643,267.82,15.00,14.85,0,5,79.65,7/2/2025,Good,0.00,0.00,0.00,0.00,0.00,0.00,0.00,3.959,0.00068,1.980,0.00034,14.38,0.318,0.00,0.00,23.76,0.0041,0.00,0.00,0.00,0.00,0.00,0.00,0.00,0.00,0.022
-93.76053384,42.01990493,40,TaskName 7/2/2025 (GreenStar 4 Monitor),Enlist 1 & Ag Saver,161,7/2/2025,1.000,On,1094.1,96.25,-12.50,6.820,10.00,5.613,268.70,15.00,14.88,0,5,79.55,7/2/2025,Good,0.00,0.00,0.00,0.00,0.00,0.00,0.00,3.968,0.00068,1.984,0.00034,14.41,0.318,0.00,0.00,23.81,0.0041,0.00,0.00,0.00,0.00,0.00,0.00,0.00,0.00,0.022
-93.76057082,42.01990427,40,TaskName 7/2/2025 (GreenStar 4 Monitor),Enlist 1 & Ag Saver,162,7/2/2025,1.000,On,1094.0,96.25,-12.50,6.838,10.02,5.541,269.27,15.00,14.93,0,5,79.73,7/2/2025,Good,0.00,0.00,0.00,0.00,0.00,0.00,0.00,3.981,0.00069,1.990,0.00034,14.46,0.320,0.00,0.00,23.89,0.0041,0.00,0.00,0.00,0.00,0.00,0.00,0.00,0.00,0.022
-93.76060818,42.01990391,40,TaskName 7/2/2025 (GreenStar 4 Monitor),Enlist 1 & Ag Saver,163,7/2/2025,1.000,On,1094.0,96.25,-12.50,6.838,10.03,5.400,269.77,15.00,14.94,0,5,79.75,7/2/2025,Good,0.00,0.00,0.00,0.00,0.00,0.00,0.00,3.985,0.00069,1.992,0.00034,14.48,0.321,0.00,0.00,23.91,0.0041,0.00,0.00,0.00,0.00,0.00,0.00,0.00,0.00,0.022
-93.76064555,42.01990365,40,TaskName 7/2/2025 (GreenStar 4 Monitor),Enlist 1 & Ag Saver,164,7/2/2025,1.000,On,1094.0,96.25,-12.50,6.955,10.20,4.929,270.12,15.00,14.92,0,5,81.14,7/2/2025,Good,0.00,0.00,0.00,0.00,0.00,0.00,0.00,3.979,0.00070,1.990,0.00035,14.45,0.326,0.00,0.00,23.88,0.0042,0.00,0.00,0.00,0.00,0.00,0.00,0.00,0.00,0.023
-93.76068269,42.01990380,40,TaskName 7/2/2025 (GreenStar 4 Monitor),Enlist 1 & Ag Saver,165,7/2/2025,1.000,On,1094.1,96.25,-12.50,6.891,10.10,5.411,269.64,15.00,15.00,0,5,80.35,7/2/2025,Good,0.00,0.00,0.00,0.00,0.00,0.00,0.00,4.000,0.00070,2.000,0.00035,14.53,0.324,0.00,0.00,24.00,0.0042,0.00,0.00,0.00,0.00,0.00,0.00,0.00,0.00,0.022
-93.76070487,42.01990380,40,TaskName 7/2/2025 (GreenStar 4 Monitor),Enlist 1 & Ag Saver,166,7/2/2025,0.600,On,1094.1,96.25,-12.50,6.858,6.035,5.601,269.35,15.00,14.92,0,5,80.01,7/2/2025,Good,0.00,0.00,0.00,0.00,0.00,0.00,0.00,3.979,0.00041,1.989,0.00021,14.45,0.193,0.00,0.00,23.87,0.0025,0.00,0.00,0.00,0.00,0.00,0.00,0.00,0.00,0.013
-93.76074196,42.01990334,40,TaskName 7/2/2025 (GreenStar 4 Monitor),Enlist 1 & Ag Saver,167,7/2/2025,1.000,On,1094.2,95.00,-13.12,6.883,10.10,5.425,269.24,15.00,14.95,0,5,79.26,7/2/2025,Good,0.00,0.00,0.00,0.00,0.00,0.00,0.00,3.987,0.00069,1.993,0.00034,14.48,0.319,0.00,0.00,23.92,0.0041,0.00,0.00,0.00,0.00,0.00,0.00,0.00,0.00,0.022
-93.76077899,42.01990289,40,TaskName 7/2/2025 (GreenStar 4 Monitor),Enlist 1 & Ag Saver,168,7/2/2025,1.000,On,1094.2,95.00,-13.12,6.863,10.06,5.901,269.15,15.00,15.03,0,5,78.98,7/2/2025,Good,0.00,0.00,0.00,0.00,0.00,0.00,0.00,4.008,0.00069,2.004,0.00034,14.56,0.319,0.00,0.00,24.05,0.0041,0.00,0.00,0.00,0.00,0.00,0.00,0.00,0.00,0.022
-93.76078654,42.01990279,40,TaskName 7/2/2025 (GreenStar 4 Monitor),Enlist 1 & Ag Saver,169,7/2/2025,0.200,On,1094.2,95.00,-13.12,6.872,2.015,5.640,269.21,15.00,14.98,0,5,79.10,7/2/2025,Good,0.00,0.00,0.00,0.00,0.00,0.00,0.00,3.994,0.00014,1.997,6.856e-05,14.51,0.064,0.00,0.00,23.96,0.00082,0.00,0.00,0.00,0.00,0.00,0.00,0.00,0.00,0.0044
-93.76080158,42.01990274,40,TaskName 7/2/2025 (GreenStar 4 Monitor),Enlist 1 & Ag Saver,170,7/2/2025,0.395,On,1094.2,96.25,-12.50,6.918,4.004,5.411,269.07,15.00,14.98,0,5,80.63,7/2/2025,Good,0.00,0.00,0.00,0.00,0.00,0.00,0.00,3.996,0.00028,1.998,0.00014,14.51,0.128,0.00,0.00,23.97,0.0017,0.00,0.00,0.00,0.00,0.00,0.00,0.00,0.00,0.0088
-93.76083913,42.01990238,40,TaskName 7/2/2025 (GreenStar 4 Monitor),Enlist 1 & Ag Saver,171,7/2/2025,1.001,On,1094.2,95.00,-13.12,6.969,10.22,5.110,269.00,15.00,15.03,0,5,80.13,7/2/2025,Good,0.00,0.00,0.00,0.00,0.00,0.00,0.00,4.009,0.00070,2.005,0.00035,14.56,0.324,0.00,0.00,24.05,0.0042,0.00,0.00,0.00,0.00,0.00,0.00,0.00,0.00,0.022
-93.76087668,42.01990183,40,TaskName 7/2/2025 (GreenStar 4 Monitor),Enlist 1 & Ag Saver,172,7/2/2025,1.004,On,1094.3,95.00,-13.12,6.925,10.20,5.078,269.06,15.00,14.98,0,5,79.79,7/2/2025,Good,0.00,0.00,0.00,0.00,0.00,0.00,0.00,3.996,0.00069,1.998,0.00035,14.51,0.323,0.00,0.00,23.97,0.0042,0.00,0.00,0.00,0.00,0.00,0.00,0.00,0.00,0.022
-93.76090640,42.01990127,40,TaskName 7/2/2025 (GreenStar 4 Monitor),Enlist 1 & Ag Saver,173,7/2/2025,0.795,On,1094.3,95.00,-13.12,6.930,8.080,5.116,269.32,15.00,15.02,0,5,79.80,7/2/2025,Good,0.00,0.00,0.00,0.00,0.00,0.00,0.00,4.004,0.00055,2.002,0.00028,14.55,0.256,0.00,0.00,24.03,0.0033,0.00,0.00,0.00,0.00,0.00,0.00,0.00,0.00,0.018
-93.76091395,42.01990131,40,TaskName 7/2/2025 (GreenStar 4 Monitor),Enlist 1 & Ag Saver,174,7/2/2025,0.205,On,1094.3,96.25,-12.50,6.896,2.074,5.112,269.32,15.00,15.03,0,5,80.48,7/2/2025,Good,0.00,0.00,0.00,0.00,0.00,0.00,0.00,4.008,0.00014,2.004,7.176e-05,14.56,0.067,0.00,0.00,24.05,0.00086,0.00,0.00,0.00,0.00,0.00,0.00,0.00,0.00,0.0046
-93.76095139,42.01990079,40,TaskName 7/2/2025 (GreenStar 4 Monitor),Enlist 1 & Ag Saver,175,7/2/2025,1.000,On,1094.4,95.00,-13.12,6.936,10.17,5.028,269.54,15.00,15.02,0,5,79.83,7/2/2025,Good,0.00,0.00,0.00,0.00,0.00,0.00,0.00,4.007,0.00069,2.003,0.00035,14.55,0.323,0.00,0.00,24.04,0.0042,0.00,0.00,0.00,0.00,0.00,0.00,0.00,0.00,0.022
-93.76098883,42.01990080,40,TaskName 7/2/2025 (GreenStar 4 Monitor),Enlist 1 & Ag Saver,176,7/2/2025,1.000,On,1094.5,95.00,-13.12,6.958,10.20,5.067,269.30,15.00,15.03,0,5,80.11,7/2/2025,Good,0.00,0.00,0.00,0.00,0.00,0.00,0.00,4.008,0.00070,2.004,0.00035,14.56,0.324,0.00,0.00,24.05,0.0042,0.00,0.00,0.00,0.00,0.00,0.00,0.00,0.00,0.022
-93.76102588,42.01990049,40,TaskName 7/2/2025 (GreenStar 4 Monitor),Enlist 1 & Ag Saver,177,7/2/2025,1.000,On,1094.6,95.00,-13.12,6.886,10.10,5.693,269.12,15.00,15.02,0,5,79.26,7/2/2025,Good,0.00,0.00,0.00,0.00,0.00,0.00,0.00,4.005,0.00069,2.002,0.00034,14.55,0.320,0.00,0.00,24.03,0.0041,0.00,0.00,0.00,0.00,0.00,0.00,0.00,0.00,0.022
-93.76106384,42.01989985,40,TaskName 7/2/2025 (GreenStar 4 Monitor),Enlist 1 & Ag Saver,178,7/2/2025,1.000,On,1094.6,95.00,-13.12,6.933,10.17,5.220,269.19,15.00,15.02,0,5,79.83,7/2/2025,Good,0.00,0.00,0.00,0.00,0.00,0.00,0.00,4.006,0.00069,2.003,0.00035,14.55,0.323,0.00,0.00,24.04,0.0042,0.00,0.00,0.00,0.00,0.00,0.00,0.00,0.00,0.022
-93.76110146,42.01989951,40,TaskName 7/2/2025 (GreenStar 4 Monitor),Enlist 1 & Ag Saver,179,7/2/2025,0.995,On,1094.6,95.00,-13.12,7.024,10.25,5.356,269.24,15.00,15.01,0,5,80.87,7/2/2025,Good,0.00,0.00,0.00,0.00,0.00,0.00,0.00,4.004,0.00070,2.002,0.00035,14.54,0.325,0.00,0.00,24.02,0.0042,0.00,0.00,0.00,0.00,0.00,0.00,0.00,0.00,0.022
-93.76113902,42.01989888,40,TaskName 7/2/2025 (GreenStar 4 Monitor),Enlist 1 & Ag Saver,180,7/2/2025,1.005,On,1094.6,95.00,-13.12,6.972,10.27,5.907,269.53,15.00,15.01,0,5,80.25,7/2/2025,Good,0.00,0.00,0.00,0.00,0.00,0.00,0.00,4.002,0.00070,2.001,0.00035,14.54,0.326,0.00,0.00,24.01,0.0042,0.00,0.00,0.00,0.00,0.00,0.00,0.00,0.00,0.022
-93.76117670,42.01989865,40,TaskName 7/2/2025 (GreenStar 4 Monitor),Enlist 1 & Ag Saver,181,7/2/2025,1.000,On,1094.7,95.00,-13.12,6.956,10.20,5.354,270.00,15.00,15.04,0,5,80.11,7/2/2025,Good,0.00,0.00,0.00,0.00,0.00,0.00,0.00,4.009,0.00070,2.005,0.00035,14.56,0.324,0.00,0.00,24.06,0.0042,0.00,0.00,0.00,0.00,0.00,0.00,0.00,0.00,0.022
-93.76121418,42.01989844,40,TaskName 7/2/2025 (GreenStar 4 Monitor),Enlist 1 & Ag Saver,182,7/2/2025,1.000,On,1094.7,95.00,-13.12,6.939,10.17,6.086,270.32,15.00,14.97,0,5,79.87,7/2/2025,Good,0.00,0.00,0.00,0.00,0.00,0.00,0.00,3.991,0.00069,1.996,0.00035,14.50,0.322,0.00,0.00,23.95,0.0042,0.00,0.00,0.00,0.00,0.00,0.00,0.00,0.00,0.022
-93.76125196,42.01989855,40,TaskName 7/2/2025 (GreenStar 4 Monitor),Enlist 1 & Ag Saver,183,7/2/2025,1.000,On,1094.8,95.00,-13.12,6.978,10.23,5.188,270.05,15.00,14.98,0,5,80.33,7/2/2025,Good,0.00,0.00,0.00,0.00,0.00,0.00,0.00,3.995,0.00070,1.998,0.00035,14.51,0.324,0.00,0.00,23.97,0.0042,0.00,0.00,0.00,0.00,0.00,0.00,0.00,0.00,0.022
-93.76128975,42.01989879,40,TaskName 7/2/2025 (GreenStar 4 Monitor),Enlist 1 & Ag Saver,184,7/2/2025,1.000,On,1094.7,95.00,-13.12,6.990,10.25,5.199,269.50,15.00,14.98,0,5,80.46,7/2/2025,Good,0.00,0.00,0.00,0.00,0.00,0.00,0.00,3.995,0.00070,1.997,0.00035,14.51,0.324,0.00,0.00,23.97,0.0042,0.00,0.00,0.00,0.00,0.00,0.00,0.00,0.00,0.022
-93.76132735,42.01989826,40,TaskName 7/2/2025 (GreenStar 4 Monitor),Enlist 1 & Ag Saver,185,7/2/2025,1.000,On,1094.7,95.00,-13.12,6.987,10.24,5.785,269.56,15.00,14.96,0,5,80.40,7/2/2025,Good,0.00,0.00,0.00,0.00,0.00,0.00,0.00,3.989,0.00070,1.995,0.00035,14.49,0.324,0.00,0.00,23.94,0.0042,0.00,0.00,0.00,0.00,0.00,0.00,0.00,0.00,0.022
-93.76136501,42.01989775,40,TaskName 7/2/2025 (GreenStar 4 Monitor),Enlist 1 & Ag Saver,186,7/2/2025,1.000,On,1094.9,95.00,-13.12,6.985,10.24,5.192,269.95,15.00,14.95,0,5,80.38,7/2/2025,Good,0.00,0.00,0.00,0.00,0.00,0.00,0.00,3.986,0.00070,1.993,0.00035,14.48,0.323,0.00,0.00,23.91,0.0042,0.00,0.00,0.00,0.00,0.00,0.00,0.00,0.00,0.022
-93.76137235,42.01989769,40,TaskName 7/2/2025 (GreenStar 4 Monitor),Enlist 1 & Ag Saver,187,7/2/2025,0.195,On,1094.9,95.00,-13.12,6.961,1.988,5.633,270.00,15.00,14.93,0,5,80.06,7/2/2025,Good,0.00,0.00,0.00,0.00,0.00,0.00,0.00,3.983,0.00013,1.991,6.747e-05,14.47,0.063,0.00,0.00,23.90,0.00081,0.00,0.00,0.00,0.00,0.00,0.00,0.00,0.00,0.0043
-93.76140998,42.01989747,40,TaskName 7/2/2025 (GreenStar 4 Monitor),Enlist 1 & Ag Saver,188,7/2/2025,1.000,On,1095.0,96.25,-12.50,6.930,10.16,5.689,270.54,15.00,15.02,0,5,80.78,7/2/2025,Good,0.00,0.00,0.00,0.00,0.00,0.00,0.00,4.006,0.00070,2.003,0.00035,14.55,0.327,0.00,0.00,24.04,0.0042,0.00,0.00,0.00,0.00,0.00,0.00,0.00,0.00,0.022
-93.76144766,42.01989787,40,TaskName 7/2/2025 (GreenStar 4 Monitor),Enlist 1 & Ag Saver,189,7/2/2025,1.005,On,1095.0,96.25,-12.50,6.972,10.27,5.232,270.34,15.00,15.03,0,5,81.32,7/2/2025,Good,0.00,0.00,0.00,0.00,0.00,0.00,0.00,4.007,0.00071,2.004,0.00036,14.56,0.330,0.00,0.00,24.04,0.0043,0.00,0.00,0.00,0.00,0.00,0.00,0.00,0.00,0.023
-93.76148532,42.01989818,40,TaskName 7/2/2025 (GreenStar 4 Monitor),Enlist 1 & Ag Saver,190,7/2/2025,0.995,On,1095.0,95.00,-13.12,6.956,10.15,5.460,269.99,15.00,15.03,0,5,80.06,7/2/2025,Good,0.00,0.00,0.00,0.00,0.00,0.00,0.00,4.008,0.00069,2.004,0.00035,14.56,0.322,0.00,0.00,24.05,0.0042,0.00,0.00,0.00,0.00,0.00,0.00,0.00,0.00,0.022
-93.76152323,42.01989836,40,TaskName 7/2/2025 (GreenStar 4 Monitor),Enlist 1 & Ag Saver,191,7/2/2025,1.000,On,1095.0,95.00,-13.12,7.051,10.34,5.083,269.60,15.00,15.01,0,5,81.15,7/2/2025,Good,0.00,0.00,0.00,0.00,0.00,0.00,0.00,4.003,0.00070,2.002,0.00035,14.54,0.328,0.00,0.00,24.02,0.0042,0.00,0.00,0.00,0.00,0.00,0.00,0.00,0.00,0.023
-93.76156082,42.01989797,40,TaskName 7/2/2025 (GreenStar 4 Monitor),Enlist 1 & Ag Saver,192,7/2/2025,1.000,On,1095.0,95.00,-13.12,6.972,10.22,5.806,269.70,15.00,15.07,0,5,80.22,7/2/2025,Good,0.00,0.00,0.00,0.00,0.00,0.00,0.00,4.019,0.00070,2.010,0.00035,14.60,0.325,0.00,0.00,24.11,0.0042,0.00,0.00,0.00,0.00,0.00,0.00,0.00,0.00,0.022
-93.76156825,42.01989805,40,TaskName 7/2/2025 (GreenStar 4 Monitor),Enlist 1 & Ag Saver,193,7/2/2025,0.200,On,1095.0,95.00,-13.12,6.932,2.031,5.937,269.68,15.00,15.11,0,5,79.73,7/2/2025,Good,0.00,0.00,0.00,0.00,0.00,0.00,0.00,4.028,0.00014,2.014,6.970e-05,14.63,0.065,0.00,0.00,24.17,0.00084,0.00,0.00,0.00,0.00,0.00,0.00,0.00,0.00,0.0044
-93.76160580,42.01989789,40,TaskName 7/2/2025 (GreenStar 4 Monitor),Enlist 1 & Ag Saver,194,7/2/2025,1.005,On,1095.1,96.25,-12.50,6.923,10.20,5.634,269.63,15.00,15.01,0,5,80.69,7/2/2025,Good,0.00,0.00,0.00,0.00,0.00,0.00,0.00,4.003,0.00070,2.002,0.00035,14.54,0.328,0.00,0.00,24.02,0.0042,0.00,0.00,0.00,0.00,0.00,0.00,0.00,0.00,0.023
-93.76164309,42.01989789,40,TaskName 7/2/2025 (GreenStar 4 Monitor),Enlist 1 & Ag Saver,195,7/2/2025,1.000,On,1095.2,96.25,-12.50,6.965,10.21,6.014,269.30,15.00,15.04,0,5,81.23,7/2/2025,Good,0.00,0.00,0.00,0.00,0.00,0.00,0.00,4.010,0.00071,2.005,0.00035,14.57,0.329,0.00,0.00,24.06,0.0042,0.00,0.00,0.00,0.00,0.00,0.00,0.00,0.00,0.023
-93.76168082,42.01989759,40,TaskName 7/2/2025 (GreenStar 4 Monitor),Enlist 1 & Ag Saver,196,7/2/2025,0.995,On,1095.3,96.25,-12.50,6.943,10.13,5.639,269.17,15.00,15.00,0,5,80.95,7/2/2025,Good,0.00,0.00,0.00,0.00,0.00,0.00,0.00,4.000,0.00070,2.000,0.00035,14.53,0.325,0.00,0.00,24.00,0.0042,0.00,0.00,0.00,0.00,0.00,0.00,0.00,0.00,0.022
-93.76171826,42.01989716,40,TaskName 7/2/2025 (GreenStar 4 Monitor),Enlist 1 & Ag Saver,197,7/2/2025,1.000,On,1095.4,96.25,-12.50,6.980,10.23,5.414,268.97,15.00,14.98,0,5,81.38,7/2/2025,Good,0.00,0.00,0.00,0.00,0.00,0.00,0.00,3.996,0.00071,1.998,0.00035,14.52,0.328,0.00,0.00,23.98,0.0042,0.00,0.00,0.00,0.00,0.00,0.00,0.00,0.00,0.023
-93.76175581,42.01989668,40,TaskName 7/2/2025 (GreenStar 4 Monitor),Enlist 1 & Ag Saver,198,7/2/2025,1.000,On,1095.4,96.25,-12.50,6.940,10.18,5.498,268.89,15.00,15.01,0,5,80.94,7/2/2025,Good,0.00,0.00,0.00,0.00,0.00,0.00,0.00,4.004,0.00070,2.002,0.00035,14.54,0.327,0.00,0.00,24.02,0.0042,0.00,0.00,0.00,0.00,0.00,0.00,0.00,0.00,0.022
-93.76179353,42.01989601,40,TaskName 7/2/2025 (GreenStar 4 Monitor),Enlist 1 & Ag Saver,199,7/2/2025,1.000,On,1095.4,96.25,-12.50,6.969,10.22,5.095,268.85,15.00,14.99,0,5,81.28,7/2/2025,Good,0.00,0.00,0.00,0.00,0.00,0.00,0.00,3.998,0.00071,1.999,0.00035,14.52,0.328,0.00,0.00,23.99,0.0042,0.00,0.00,0.00,0.00,0.00,0.00,0.00,0.00,0.023
-93.76183108,42.01989542,40,TaskName 7/2/2025 (GreenStar 4 Monitor),Enlist 1 & Ag Saver,200,7/2/2025,1.000,On,1095.5,96.25,-12.50,6.962,10.21,5.397,268.92,15.00,15.01,0,5,81.20,7/2/2025,Good,0.00,0.00,0.00,0.00,0.00,0.00,0.00,4.003,0.00071,2.001,0.00035,14.54,0.328,0.00,0.00,24.02,0.0042,0.00,0.00,0.00,0.00,0.00,0.00,0.00,0.00,0.023
-93.76184618,42.01989522,40,TaskName 7/2/2025 (GreenStar 4 Monitor),Enlist 1 & Ag Saver,201,7/2/2025,0.400,On,1095.5,96.25,-12.50,6.950,4.075,5.429,268.98,15.00,15.01,0,5,81.04,7/2/2025,Good,0.00,0.00,0.00,0.00,0.00,0.00,0.00,4.003,0.00028,2.001,0.00014,14.54,0.131,0.00,0.00,24.02,0.0017,0.00,0.00,0.00,0.00,0.00,0.00,0.00,0.00,0.0090
-93.76188383,42.01989471,40,TaskName 7/2/2025 (GreenStar 4 Monitor),Enlist 1 & Ag Saver,202,7/2/2025,1.000,On,1095.6,97.50,-11.87,6.960,10.20,5.122,269.37,15.00,15.01,0,5,82.20,7/2/2025,Good,0.00,0.00,0.00,0.00,0.00,0.00,0.00,4.001,0.00071,2.001,0.00036,14.53,0.332,0.00,0.00,24.01,0.0043,0.00,0.00,0.00,0.00,0.00,0.00,0.00,0.00,0.023
-93.76192103,42.01989449,40,TaskName 7/2/2025 (GreenStar 4 Monitor),Enlist 1 & Ag Saver,203,7/2/2025,1.001,On,1095.6,97.50,-11.87,6.934,10.18,5.755,269.13,15.00,14.98,0,5,81.91,7/2/2025,Good,0.00,0.00,0.00,0.00,0.00,0.00,0.00,3.995,0.00071,1.998,0.00036,14.51,0.331,0.00,0.00,23.97,0.0043,0.00,0.00,0.00,0.00,0.00,0.00,0.00,0.00,0.023
-93.76195906,42.01989458,40,TaskName 7/2/2025 (GreenStar 4 Monitor),Enlist 1 & Ag Saver,204,7/2/2025,0.999,On,1095.7,97.50,-11.87,7.001,10.25,5.025,268.34,15.00,15.00,0,5,82.68,7/2/2025,Good,0.00,0.00,0.00,0.00,0.00,0.00,0.00,4.000,0.00072,2.000,0.00036,14.53,0.333,0.00,0.00,24.00,0.0043,0.00,0.00,0.00,0.00,0.00,0.00,0.00,0.00,0.023
-93.76199689,42.01989377,40,TaskName 7/2/2025 (GreenStar 4 Monitor),Enlist 1 & Ag Saver,205,7/2/2025,1.000,On,1095.6,97.50,-11.87,7.020,10.29,4.940,268.40,15.00,14.99,0,5,82.94,7/2/2025,Good,0.00,0.00,0.00,0.00,0.00,0.00,0.00,3.999,0.00072,1.999,0.00036,14.52,0.335,0.00,0.00,23.99,0.0043,0.00,0.00,0.00,0.00,0.00,0.00,0.00,0.00,0.023
-93.76203279,42.01989288,40,TaskName 7/2/2025 (GreenStar 4 Monitor),Enlist 1 & Ag Saver,206,7/2/2025,1.000,On,1095.9,97.50,-11.87,6.908,10.12,3.629,269.07,15.00,14.96,0,5,81.57,7/2/2025,Good,0.00,0.00,0.00,0.00,0.00,0.00,0.00,3.991,0.00071,1.995,0.00035,14.50,0.328,0.00,0.00,23.94,0.0042,0.00,0.00,0.00,0.00,0.00,0.00,0.00,0.00,0.023
-93.76206359,42.01989256,40,TaskName 7/2/2025 (GreenStar 4 Monitor),Enlist 1 & Ag Saver,207,7/2/2025,0.996,On,1096.3,97.50,-11.87,6.259,9.122,3.537,269.03,15.00,15.05,0,5,73.80,7/2/2025,Good,0.00,0.00,0.00,0.00,0.00,0.00,0.00,4.013,0.00064,2.007,0.00032,14.58,0.298,0.00,0.00,24.08,0.0038,0.00,0.00,0.00,0.00,0.00,0.00,0.00,0.00,0.020
-93.76207431,42.01989230,40,TaskName 7/2/2025 (GreenStar 4 Monitor),Enlist 1 & Ag Saver,208,7/2/2025,0.404,On,1096.4,97.50,-11.87,5.550,3.285,5.071,269.32,15.00,15.18,0,5,65.51,7/2/2025,Good,0.00,0.00,0.00,0.00,0.00,0.00,0.00,4.048,0.00023,2.024,0.00012,14.70,0.108,0.00,0.00,24.29,0.0014,0.00,0.00,0.00,0.00,0.00,0.00,0.00,0.00,0.0074
-93.76207913,42.01989232,40,TaskName 7/2/2025 (GreenStar 4 Monitor),Enlist 1 & Ag Saver,209,7/2/2025,0.200,On,1096.5,96.25,-12.50,5.255,1.539,5.099,269.17,15.00,15.01,0,5,61.21,7/2/2025,Good,0.00,0.00,0.00,0.00,0.00,0.00,0.00,4.003,0.00011,2.001,5.317e-05,14.54,0.049,0.00,0.00,24.02,0.00064,0.00,0.00,0.00,0.00,0.00,0.00,0.00,0.00,0.0034
-93.76208366,42.01989235,40,TaskName 7/2/2025 (GreenStar 4 Monitor),Enlist 1 & Ag Saver,210,7/2/2025,0.200,On,1096.5,95.00,-13.12,5.011,1.470,4.299,269.09,15.00,15.12,0,5,57.71,7/2/2025,Good,0.00,0.00,0.00,0.00,0.00,0.00,0.00,4.031,0.00010,2.016,5.049e-05,14.64,0.047,0.00,0.00,24.19,0.00061,0.00,0.00,0.00,0.00,0.00,0.00,0.00,0.00,0.0032
-93.76209230,42.01989211,40,TaskName 7/2/2025 (GreenStar 4 Monitor),Enlist 1 & Ag Saver,211,7/2/2025,0.405,On,1096.6,93.75,-13.75,4.637,2.750,4.369,269.21,15.00,15.18,0,5,52.61,7/2/2025,Good,0.00,0.00,0.00,0.00,0.00,0.00,0.00,4.047,0.00019,2.023,9.356e-05,14.70,0.087,0.00,0.00,24.28,0.0011,0.00,0.00,0.00,0.00,0.00,0.00,0.00,0.00,0.0059
-93.76209660,42.01989198,40,TaskName 7/2/2025 (GreenStar 4 Monitor),Enlist 1 & Ag Saver,212,7/2/2025,0.191,On,1096.5,92.50,-14.37,4.324,1.211,3.626,269.31,15.00,15.12,0,5,48.47,7/2/2025,Good,0.00,0.00,0.00,0.00,0.00,0.00,0.00,4.031,8.098e-05,2.016,4.049e-05,14.64,0.038,0.00,0.00,24.19,0.00049,0.00,0.00,0.00,0.00,0.00,0.00,0.00,0.00,0.0026
-93.76210064,42.01989181,40,TaskName 7/2/2025 (GreenStar 4 Monitor),Enlist 1 & Ag Saver,213,7/2/2025,0.204,On,1096.4,85.00,-18.12,4.190,1.254,3.064,269.43,15.00,15.23,0,5,43.17,7/2/2025,Good,0.00,0.00,0.00,0.00,0.00,0.00,0.00,4.062,7.764e-05,2.031,3.882e-05,14.76,0.036,0.00,0.00,24.37,0.00047,0.00,0.00,0.00,0.00,0.00,0.00,0.00,0.00,0.0024
-93.76210415,42.01989178,40,TaskName 7/2/2025 (GreenStar 4 Monitor),Enlist 1 & Ag Saver,214,7/2/2025,0.196,On,1096.4,80.00,-20.62,4.058,1.165,2.866,269.36,15.00,15.21,0,5,39.30,7/2/2025,Good,0.00,0.00,0.00,0.00,0.00,0.00,0.00,4.057,6.781e-05,2.028,3.391e-05,14.74,0.032,0.00,0.00,24.34,0.00041,0.00,0.00,0.00,0.00,0.00,0.00,0.00,0.00,0.0021
-93.76210713,42.01989178,40,TaskName 7/2/2025 (GreenStar 4 Monitor),Enlist 1 & Ag Saver,215,7/2/2025,0.200,On,1096.5,62.50,-29.37,2.935,0.860,3.018,269.35,15.00,15.05,0,5,22.21,7/2/2025,Good,0.00,0.00,0.00,0.00,0.00,0.00,0.00,4.014,3.869e-05,2.007,1.934e-05,14.58,0.018,0.00,0.00,24.08,0.00023,0.00,0.00,0.00,0.00,0.00,0.00,0.00,0.00,0.0012
-93.76210989,42.01989176,40,TaskName 7/2/2025 (GreenStar 4 Monitor),Enlist 1 & Ag Saver,216,7/2/2025,0.200,On,1096.6,2.500,14.37,1.371,0.401,5.072,269.63,15.00,32.01,0,6,0.414,7/2/2025,Over Target,0.00,0.00,0.00,0.00,0.00,0.00,0.00,8.535,1.534e-06,4.268,7.672e-07,31.01,0.00071,0.00,0.00,51.21,9.206e-06,0.00,0.00,0.00,0.00,0.00,0.00,0.00,0.00,2.301e-05
-93.76196893,42.01970593,40,TaskName 7/2/2025 (GreenStar 4 Monitor),Enlist 1 & Ag Saver,217,7/2/2025,1.000,On,1096.4,98.75,-11.25,7.693,11.28,5.924,179.69,15.00,14.64,0,7,92.05,7/2/2025,Good,0.00,0.00,0.00,0.00,0.00,0.00,0.00,3.905,0.00078,1.952,0.00039,14.18,0.363,0.00,0.00,23.43,0.0047,0.00,0.00,0.00,0.00,0.00,0.00,0.00,0.00,0.026
-93.76196847,42.01967486,40,TaskName 7/2/2025 (GreenStar 4 Monitor),Enlist 1 & Ag Saver,218,7/2/2025,1.000,On,1096.6,98.75,-11.25,7.719,11.32,5.936,179.87,15.00,14.83,0,7,92.35,7/2/2025,Good,0.00,0.00,0.00,0.00,0.00,0.00,0.00,3.955,0.00079,1.978,0.00040,14.37,0.369,0.00,0.00,23.73,0.0048,0.00,0.00,0.00,0.00,0.00,0.00,0.00,0.00,0.026
-93.76196872,42.01965631,40,TaskName 7/2/2025 (GreenStar 4 Monitor),Enlist 1 & Ag Saver,219,7/2/2025,0.600,On,1096.7,98.75,-11.25,7.723,6.793,6.140,179.36,15.00,14.87,0,7,92.40,7/2/2025,Good,0.00,0.00,0.00,0.00,0.00,0.00,0.00,3.966,0.00048,1.983,0.00024,14.40,0.222,0.00,0.00,23.79,0.0029,0.00,0.00,0.00,0.00,0.00,0.00,0.00,0.00,0.015
-93.76196883,42.01962548,40,TaskName 7/2/2025 (GreenStar 4 Monitor),Enlist 1 & Ag Saver,220,7/2/2025,1.000,On,1096.9,97.50,-11.87,7.690,11.28,6.104,178.88,15.00,14.93,0,7,90.86,7/2/2025,Good,0.00,0.00,0.00,0.00,0.00,0.00,0.00,3.982,0.00079,1.991,0.00039,14.46,0.365,0.00,0.00,23.89,0.0047,0.00,0.00,0.00,0.00,0.00,0.00,0.00,0.00,0.025
-93.76196799,42.01959469,40,TaskName 7/2/2025 (GreenStar 4 Monitor),Enlist 1 & Ag Saver,221,7/2/2025,1.000,On,1097.2,97.50,-11.87,7.671,11.25,6.812,179.04,15.00,14.94,0,7,90.65,7/2/2025,Good,0.00,0.00,0.00,0.00,0.00,0.00,0.00,3.985,0.00078,1.992,0.00039,14.48,0.364,0.00,0.00,23.91,0.0047,0.00,0.00,0.00,0.00,0.00,0.00,0.00,0.00,0.025
-93.76196717,42.01956366,40,TaskName 7/2/2025 (GreenStar 4 Monitor),Enlist 1 & Ag Saver,222,7/2/2025,1.000,On,1097.5,97.50,-11.87,7.664,11.24,6.473,179.32,15.00,14.95,0,7,90.54,7/2/2025,Good,0.00,0.00,0.00,0.00,0.00,0.00,0.00,3.987,0.00078,1.994,0.00039,14.48,0.364,0.00,0.00,23.92,0.0047,0.00,0.00,0.00,0.00,0.00,0.00,0.00,0.00,0.025
-93.76196672,42.01953274,40,TaskName 7/2/2025 (GreenStar 4 Monitor),Enlist 1 & Ag Saver,223,7/2/2025,0.996,On,1097.8,97.50,-11.87,7.712,11.26,6.145,179.55,15.00,14.99,0,7,91.12,7/2/2025,Good,0.00,0.00,0.00,0.00,0.00,0.00,0.00,3.997,0.00079,1.998,0.00039,14.52,0.366,0.00,0.00,23.98,0.0047,0.00,0.00,0.00,0.00,0.00,0.00,0.00,0.00,0.025
-93.76196662,42.01950168,40,TaskName 7/2/2025 (GreenStar 4 Monitor),Enlist 1 & Ag Saver,224,7/2/2025,1.004,On,1098.1,97.50,-11.87,7.659,11.27,6.908,179.87,15.00,15.01,0,7,90.47,7/2/2025,Good,0.00,0.00,0.00,0.00,0.00,0.00,0.00,4.003,0.00079,2.002,0.00039,14.54,0.367,0.00,0.00,24.02,0.0047,0.00,0.00,0.00,0.00,0.00,0.00,0.00,0.00,0.025
-93.76196646,42.01946973,40,TaskName 7/2/2025 (GreenStar 4 Monitor),Enlist 1 & Ag Saver,225,7/2/2025,1.001,On,1098.3,97.50,-11.87,7.839,11.49,6.396,179.87,15.00,15.02,0,7,92.51,7/2/2025,Good,0.00,0.00,0.00,0.00,0.00,0.00,0.00,4.006,0.00081,2.003,0.00040,14.55,0.374,0.00,0.00,24.03,0.0048,0.00,0.00,0.00,0.00,0.00,0.00,0.00,0.00,0.026
-93.76196677,42.01943729,40,TaskName 7/2/2025 (GreenStar 4 Monitor),Enlist 1 & Ag Saver,226,7/2/2025,0.999,On,1098.4,97.50,-11.87,8.024,11.77,5.961,179.34,15.00,14.99,0,7,94.90,7/2/2025,Good,0.00,0.00,0.00,0.00,0.00,0.00,0.00,3.997,0.00082,1.999,0.00041,14.52,0.382,0.00,0.00,23.98,0.0049,0.00,0.00,0.00,0.00,0.00,0.00,0.00,0.00,0.026
-93.76196643,42.01940489,40,TaskName 7/2/2025 (GreenStar 4 Monitor),Enlist 1 & Ag Saver,227,7/2/2025,1.000,On,1098.6,97.50,-11.87,8.032,11.78,6.144,179.23,15.00,14.98,0,7,94.91,7/2/2025,Good,0.00,0.00,0.00,0.00,0.00,0.00,0.00,3.995,0.00082,1.997,0.00041,14.51,0.383,0.00,0.00,23.97,0.0049,0.00,0.00,0.00,0.00,0.00,0.00,0.00,0.00,0.026
-93.76196582,42.01937260,40,TaskName 7/2/2025 (GreenStar 4 Monitor),Enlist 1 & Ag Saver,228,7/2/2025,1.000,On,1098.8,97.50,-11.87,8.047,11.80,5.766,179.47,15.00,14.97,0,7,95.07,7/2/2025,Good,0.00,0.00,0.00,0.00,0.00,0.00,0.00,3.992,0.00082,1.996,0.00041,14.50,0.383,0.00,0.00,23.95,0.0049,0.00,0.00,0.00,0.00,0.00,0.00,0.00,0.00,0.026
-93.76196519,42.01934040,40,TaskName 7/2/2025 (GreenStar 4 Monitor),Enlist 1 & Ag Saver,229,7/2/2025,1.000,On,1099.2,97.50,-11.87,8.013,11.75,5.828,179.79,15.00,15.01,0,7,94.70,7/2/2025,Good,0.00,0.00,0.00,0.00,0.00,0.00,0.00,4.003,0.00082,2.001,0.00041,14.54,0.382,0.00,0.00,24.02,0.0049,0.00,0.00,0.00,0.00,0.00,0.00,0.00,0.00,0.026
-93.76196492,42.01930877,40,TaskName 7/2/2025 (GreenStar 4 Monitor),Enlist 1 & Ag Saver,230,7/2/2025,1.000,On,1099.5,97.50,-11.87,7.921,11.61,6.974,179.66,15.00,14.96,0,7,93.56,7/2/2025,Good,0.00,0.00,0.00,0.00,0.00,0.00,0.00,3.991,0.00081,1.995,0.00041,14.50,0.377,0.00,0.00,23.94,0.0049,0.00,0.00,0.00,0.00,0.00,0.00,0.00,0.00,0.026
-93.76196460,42.01927674,40,TaskName 7/2/2025 (GreenStar 4 Monitor),Enlist 1 & Ag Saver,231,7/2/2025,0.996,On,1099.8,97.50,-11.87,7.912,11.55,7.195,179.62,15.00,14.99,0,7,93.46,7/2/2025,Good,0.00,0.00,0.00,0.00,0.00,0.00,0.00,3.998,0.00081,1.999,0.00040,14.52,0.376,0.00,0.00,23.99,0.0048,0.00,0.00,0.00,0.00,0.00,0.00,0.00,0.00,0.026
-93.76196425,42.01924475,40,TaskName 7/2/2025 (GreenStar 4 Monitor),Enlist 1 & Ag Saver,232,7/2/2025,1.004,On,1100.1,97.50,-11.87,7.965,11.72,6.865,179.60,15.00,14.98,0,7,94.08,7/2/2025,Good,0.00,0.00,0.00,0.00,0.00,0.00,0.00,3.994,0.00082,1.997,0.00041,14.51,0.381,0.00,0.00,23.96,0.0049,0.00,0.00,0.00,0.00,0.00,0.00,0.00,0.00,0.026
-93.76196392,42.01921265,40,TaskName 7/2/2025 (GreenStar 4 Monitor),Enlist 1 & Ag Saver,233,7/2/2025,1.000,On,1100.3,97.50,-11.87,7.956,11.66,6.682,179.54,15.00,14.95,0,7,93.98,7/2/2025,Good,0.00,0.00,0.00,0.00,0.00,0.00,0.00,3.985,0.00081,1.993,0.00041,14.48,0.378,0.00,0.00,23.91,0.0049,0.00,0.00,0.00,0.00,0.00,0.00,0.00,0.00,0.026
-93.76196352,42.01918036,40,TaskName 7/2/2025 (GreenStar 4 Monitor),Enlist 1 & Ag Saver,234,7/2/2025,1.000,On,1100.5,97.50,-11.87,7.995,11.73,6.583,179.43,15.00,14.96,0,7,94.48,7/2/2025,Good,0.00,0.00,0.00,0.00,0.00,0.00,0.00,3.990,0.00082,1.995,0.00041,14.49,0.380,0.00,0.00,23.94,0.0049,0.00,0.00,0.00,0.00,0.00,0.00,0.00,0.00,0.026
-93.76196355,42.01916753,40,TaskName 7/2/2025 (GreenStar 4 Monitor),Enlist 1 & Ag Saver,235,7/2/2025,0.400,On,1100.6,97.50,-11.87,8.034,4.713,6.558,179.28,15.00,15.01,0,7,94.93,7/2/2025,Good,0.00,0.00,0.00,0.00,0.00,0.00,0.00,4.003,0.00033,2.001,0.00016,14.54,0.153,0.00,0.00,24.02,0.0020,0.00,0.00,0.00,0.00,0.00,0.00,0.00,0.00,0.011
-93.76196304,42.01913510,40,TaskName 7/2/2025 (GreenStar 4 Monitor),Enlist 1 & Ag Saver,236,7/2/2025,1.000,On,1100.8,96.25,-12.50,8.025,11.77,6.406,179.34,15.00,15.04,0,7,93.59,7/2/2025,Good,0.00,0.00,0.00,0.00,0.00,0.00,0.00,4.010,0.00081,2.005,0.00041,14.57,0.379,0.00,0.00,24.06,0.0049,0.00,0.00,0.00,0.00,0.00,0.00,0.00,0.00,0.026
-93.76196255,42.01910270,40,TaskName 7/2/2025 (GreenStar 4 Monitor),Enlist 1 & Ag Saver,237,7/2/2025,1.000,On,1100.9,96.25,-12.50,8.057,11.81,6.153,179.55,15.00,15.02,0,7,93.95,7/2/2025,Good,0.00,0.00,0.00,0.00,0.00,0.00,0.00,4.005,0.00082,2.003,0.00041,14.55,0.380,0.00,0.00,24.03,0.0049,0.00,0.00,0.00,0.00,0.00,0.00,0.00,0.00,0.026
-93.76196232,42.01907060,40,TaskName 7/2/2025 (GreenStar 4 Monitor),Enlist 1 & Ag Saver,238,7/2/2025,1.000,On,1101.0,96.25,-12.50,8.002,11.73,6.422,179.37,15.00,15.01,0,7,93.32,7/2/2025,Good,0.00,0.00,0.00,0.00,0.00,0.00,0.00,4.004,0.00081,2.002,0.00041,14.54,0.377,0.00,0.00,24.02,0.0049,0.00,0.00,0.00,0.00,0.00,0.00,0.00,0.00,0.026
-93.76196209,42.01903842,40,TaskName 7/2/2025 (GreenStar 4 Monitor),Enlist 1 & Ag Saver,239,7/2/2025,1.000,On,1101.1,96.25,-12.50,7.981,11.70,6.277,178.94,15.00,15.03,0,7,93.09,7/2/2025,Good,0.00,0.00,0.00,0.00,0.00,0.00,0.00,4.008,0.00081,2.004,0.00040,14.56,0.376,0.00,0.00,24.05,0.0049,0.00,0.00,0.00,0.00,0.00,0.00,0.00,0.00,0.026
-93.76196110,42.01900583,40,TaskName 7/2/2025 (GreenStar 4 Monitor),Enlist 1 & Ag Saver,240,7/2/2025,1.000,On,1101.1,96.25,-12.50,8.057,11.82,5.271,179.29,15.00,14.98,0,7,94.00,7/2/2025,Good,0.00,0.00,0.00,0.00,0.00,0.00,0.00,3.995,0.00082,1.998,0.00041,14.51,0.379,0.00,0.00,23.97,0.0049,0.00,0.00,0.00,0.00,0.00,0.00,0.00,0.00,0.026
-93.76196042,42.01897408,40,TaskName 7/2/2025 (GreenStar 4 Monitor),Enlist 1 & Ag Saver,241,7/2/2025,1.000,On,1101.1,96.25,-12.50,8.001,11.73,5.043,179.82,15.00,14.98,0,7,93.30,7/2/2025,Good,0.00,0.00,0.00,0.00,0.00,0.00,0.00,3.995,0.00081,1.998,0.00040,14.51,0.376,0.00,0.00,23.97,0.0049,0.00,0.00,0.00,0.00,0.00,0.00,0.00,0.00,0.026
-93.76196020,42.01894180,40,TaskName 7/2/2025 (GreenStar 4 Monitor),Enlist 1 & Ag Saver,242,7/2/2025,1.000,On,1101.1,96.25,-12.50,7.934,11.63,5.359,179.80,15.00,15.01,0,7,92.52,7/2/2025,Good,0.00,0.00,0.00,0.00,0.00,0.00,0.00,4.003,0.00080,2.001,0.00040,14.54,0.374,0.00,0.00,24.02,0.0048,0.00,0.00,0.00,0.00,0.00,0.00,0.00,0.00,0.026
-93.76196002,42.01890929,40,TaskName 7/2/2025 (GreenStar 4 Monitor),Enlist 1 & Ag Saver,243,7/2/2025,1.000,On,1100.9,96.25,-12.50,8.070,11.83,4.666,179.57,15.00,14.99,0,7,94.08,7/2/2025,Good,0.00,0.00,0.00,0.00,0.00,0.00,0.00,3.997,0.00082,1.998,0.00041,14.52,0.379,0.00,0.00,23.98,0.0049,0.00,0.00,0.00,0.00,0.00,0.00,0.00,0.00,0.026
-93.76195945,42.01888003,40,TaskName 7/2/2025 (GreenStar 4 Monitor),Enlist 1 & Ag Saver,244,7/2/2025,1.000,On,1101.0,96.25,-12.50,7.908,11.58,1.035,179.80,15.00,14.93,0,7,92.15,7/2/2025,Good,0.00,0.00,0.00,0.00,0.00,0.00,0.00,3.981,0.00080,1.991,0.00040,14.46,0.370,0.00,0.00,23.89,0.0048,0.00,0.00,0.00,0.00,0.00,0.00,0.00,0.00,0.026
-93.76195925,42.01885954,40,TaskName 7/2/2025 (GreenStar 4 Monitor),Enlist 1 & Ag Saver,245,7/2/2025,1.000,On,1101.1,96.25,-12.50,6.220,9.026,3.200,179.71,15.00,15.07,0,7,71.79,7/2/2025,Good,0.00,0.00,0.00,0.00,0.00,0.00,0.00,4.018,0.00063,2.009,0.00031,14.60,0.291,0.00,0.00,24.11,0.0038,0.00,0.00,0.00,0.00,0.00,0.00,0.00,0.00,0.020
-93.76195906,42.01883941,40,TaskName 7/2/2025 (GreenStar 4 Monitor),Enlist 1 & Ag Saver,246,7/2/2025,0.995,On,1101.3,96.25,-12.50,4.965,7.241,5.615,179.53,15.00,15.17,0,7,57.89,7/2/2025,Good,0.00,0.00,0.00,0.00,0.00,0.00,0.00,4.045,0.00051,2.022,0.00025,14.69,0.235,0.00,0.00,24.27,0.0030,0.00,0.00,0.00,0.00,0.00,0.00,0.00,0.00,0.016
-93.76195864,42.01881783,40,TaskName 7/2/2025 (GreenStar 4 Monitor),Enlist 1 & Ag Saver,247,7/2/2025,1.005,On,1101.3,96.25,-12.50,5.188,7.641,4.622,179.61,15.00,15.07,0,7,60.48,7/2/2025,Good,0.00,0.00,0.00,0.00,0.00,0.00,0.00,4.019,0.00053,2.010,0.00027,14.60,0.246,0.00,0.00,24.11,0.0032,0.00,0.00,0.00,0.00,0.00,0.00,0.00,0.00,0.017
-93.76195809,42.01879501,40,TaskName 7/2/2025 (GreenStar 4 Monitor),Enlist 1 & Ag Saver,248,7/2/2025,1.000,On,1101.4,96.25,-12.50,5.439,7.969,6.341,179.84,15.00,15.10,0,7,63.39,7/2/2025,Good,0.00,0.00,0.00,0.00,0.00,0.00,0.00,4.027,0.00055,2.013,0.00028,14.63,0.258,0.00,0.00,24.16,0.0033,0.00,0.00,0.00,0.00,0.00,0.00,0.00,0.00,0.018
-93.76195789,42.01876953,40,TaskName 7/2/2025 (GreenStar 4 Monitor),Enlist 1 & Ag Saver,249,7/2/2025,0.995,On,1101.4,96.25,-12.50,6.050,8.819,5.209,179.83,15.00,14.99,0,7,70.50,7/2/2025,Good,0.00,0.00,0.00,0.00,0.00,0.00,0.00,3.999,0.00061,1.999,0.00030,14.52,0.283,0.00,0.00,23.99,0.0037,0.00,0.00,0.00,0.00,0.00,0.00,0.00,0.00,0.019
-93.76195757,42.01874459,40,TaskName 7/2/2025 (GreenStar 4 Monitor),Enlist 1 & Ag Saver,250,7/2/2025,1.005,On,1101.5,96.25,-12.50,6.332,9.331,3.602,179.77,15.00,14.96,0,7,73.85,7/2/2025,Good,0.00,0.00,0.00,0.00,0.00,0.00,0.00,3.990,0.00064,1.995,0.00032,14.49,0.299,0.00,0.00,23.94,0.0039,0.00,0.00,0.00,0.00,0.00,0.00,0.00,0.00,0.021
-93.76195748,42.01872072,40,TaskName 7/2/2025 (GreenStar 4 Monitor),Enlist 1 & Ag Saver,251,7/2/2025,1.000,On,1101.7,96.25,-12.50,5.996,8.789,5.599,179.69,15.00,15.03,0,7,69.92,7/2/2025,Good,0.00,0.00,0.00,0.00,0.00,0.00,0.00,4.008,0.00061,2.004,0.00030,14.56,0.283,0.00,0.00,24.05,0.0036,0.00,0.00,0.00,0.00,0.00,0.00,0.00,0.00,0.019
-93.76195709,42.01869500,40,TaskName 7/2/2025 (GreenStar 4 Monitor),Enlist 1 & Ag Saver,252,7/2/2025,1.000,On,1101.7,96.25,-12.50,6.140,8.996,5.441,179.73,15.00,15.05,0,7,71.56,7/2/2025,Good,0.00,0.00,0.00,0.00,0.00,0.00,0.00,4.014,0.00062,2.007,0.00031,14.58,0.290,0.00,0.00,24.09,0.0037,0.00,0.00,0.00,0.00,0.00,0.00,0.00,0.00,0.020
-93.76195707,42.01866822,40,TaskName 7/2/2025 (GreenStar 4 Monitor),Enlist 1 & Ag Saver,253,7/2/2025,1.000,On,1101.6,96.25,-12.50,6.514,9.544,4.982,179.44,15.00,15.01,0,7,75.92,7/2/2025,Good,0.00,0.00,0.00,0.00,0.00,0.00,0.00,4.002,0.00066,2.001,0.00033,14.54,0.307,0.00,0.00,24.01,0.0040,0.00,0.00,0.00,0.00,0.00,0.00,0.00,0.00,0.021
-93.76195667,42.01864066,40,TaskName 7/2/2025 (GreenStar 4 Monitor),Enlist 1 & Ag Saver,254,7/2/2025,1.000,On,1101.5,96.25,-12.50,6.710,9.836,5.816,179.48,15.00,14.99,0,7,78.24,7/2/2025,Good,0.00,0.00,0.00,0.00,0.00,0.00,0.00,3.997,0.00068,1.998,0.00034,14.52,0.316,0.00,0.00,23.98,0.0041,0.00,0.00,0.00,0.00,0.00,0.00,0.00,0.00,0.022
-93.76195584,42.01861060,40,TaskName 7/2/2025 (GreenStar 4 Monitor),Enlist 1 & Ag Saver,255,7/2/2025,0.995,On,1101.4,96.25,-12.50,7.144,10.41,5.851,179.77,15.00,14.96,0,7,83.25,7/2/2025,Good,0.00,0.00,0.00,0.00,0.00,0.00,0.00,3.988,0.00072,1.994,0.00036,14.49,0.333,0.00,0.00,23.93,0.0043,0.00,0.00,0.00,0.00,0.00,0.00,0.00,0.00,0.023
-93.76195539,42.01857961,40,TaskName 7/2/2025 (GreenStar 4 Monitor),Enlist 1 & Ag Saver,256,7/2/2025,1.000,On,1101.4,96.25,-12.50,7.586,11.12,5.237,179.80,15.00,14.93,0,7,88.47,7/2/2025,Good,0.00,0.00,0.00,0.00,0.00,0.00,0.00,3.982,0.00076,1.991,0.00038,14.46,0.355,0.00,0.00,23.89,0.0046,0.00,0.00,0.00,0.00,0.00,0.00,0.00,0.00,0.025
-93.76195505,42.01854835,40,TaskName 7/2/2025 (GreenStar 4 Monitor),Enlist 1 & Ag Saver,257,7/2/2025,1.005,On,1101.5,96.25,-12.50,7.716,11.37,5.894,179.75,15.00,14.96,0,7,90.00,7/2/2025,Good,0.00,0.00,0.00,0.00,0.00,0.00,0.00,3.989,0.00078,1.995,0.00039,14.49,0.364,0.00,0.00,23.94,0.0047,0.00,0.00,0.00,0.00,0.00,0.00,0.00,0.00,0.025
-93.76195488,42.01851652,40,TaskName 7/2/2025 (GreenStar 4 Monitor),Enlist 1 & Ag Saver,258,7/2/2025,0.995,On,1101.6,96.25,-12.50,7.842,11.44,5.902,179.54,15.00,14.97,0,7,91.46,7/2/2025,Good,0.00,0.00,0.00,0.00,0.00,0.00,0.00,3.993,0.00079,1.997,0.00039,14.51,0.367,0.00,0.00,23.96,0.0047,0.00,0.00,0.00,0.00,0.00,0.00,0.00,0.00,0.025
-93.76195434,42.01848449,40,TaskName 7/2/2025 (GreenStar 4 Monitor),Enlist 1 & Ag Saver,259,7/2/2025,1.000,On,1101.6,96.25,-12.50,7.942,11.65,6.012,179.57,15.00,14.95,0,7,92.65,7/2/2025,Good,0.00,0.00,0.00,0.00,0.00,0.00,0.00,3.987,0.00080,1.994,0.00040,14.48,0.373,0.00,0.00,23.92,0.0048,0.00,0.00,0.00,0.00,0.00,0.00,0.00,0.00,0.026
-93.76195387,42.01845247,40,TaskName 7/2/2025 (GreenStar 4 Monitor),Enlist 1 & Ag Saver,260,7/2/2025,1.005,On,1101.6,96.25,-12.50,7.944,11.71,5.868,179.80,15.00,14.96,0,7,92.65,7/2/2025,Good,0.00,0.00,0.00,0.00,0.00,0.00,0.00,3.989,0.00081,1.994,0.00040,14.49,0.375,0.00,0.00,23.93,0.0048,0.00,0.00,0.00,0.00,0.00,0.00,0.00,0.00,0.026
-93.76195368,42.01841987,40,TaskName 7/2/2025 (GreenStar 4 Monitor),Enlist 1 & Ag Saver,261,7/2/2025,0.995,On,1101.5,96.25,-12.50,8.029,11.71,4.988,179.67,15.00,14.99,0,7,93.64,7/2/2025,Good,0.00,0.00,0.00,0.00,0.00,0.00,0.00,3.999,0.00081,1.999,0.00040,14.52,0.376,0.00,0.00,23.99,0.0049,0.00,0.00,0.00,0.00,0.00,0.00,0.00,0.00,0.026
-93.76195352,42.01838696,40,TaskName 7/2/2025 (GreenStar 4 Monitor),Enlist 1 & Ag Saver,262,7/2/2025,1.000,On,1101.5,96.25,-12.50,8.138,11.94,4.764,179.34,15.00,14.96,0,7,94.94,7/2/2025,Good,0.00,0.00,0.00,0.00,0.00,0.00,0.00,3.989,0.00082,1.995,0.00041,14.49,0.382,0.00,0.00,23.94,0.0049,0.00,0.00,0.00,0.00,0.00,0.00,0.00,0.00,0.026
-93.76195319,42.01835456,40,TaskName 7/2/2025 (GreenStar 4 Monitor),Enlist 1 & Ag Saver,263,7/2/2025,1.000,On,1101.5,96.25,-12.50,8.106,11.89,6.328,179.26,15.00,15.00,0,7,94.58,7/2/2025,Good,0.00,0.00,0.00,0.00,0.00,0.00,0.00,3.999,0.00082,2.000,0.00041,14.53,0.382,0.00,0.00,24.00,0.0049,0.00,0.00,0.00,0.00,0.00,0.00,0.00,0.00,0.026
-93.76195241,42.01832162,40,TaskName 7/2/2025 (GreenStar 4 Monitor),Enlist 1 & Ag Saver,264,7/2/2025,1.000,On,1101.6,96.25,-12.50,8.111,11.89,6.194,179.52,15.00,14.95,0,7,94.58,7/2/2025,Good,0.00,0.00,0.00,0.00,0.00,0.00,0.00,3.986,0.00082,1.993,0.00041,14.48,0.380,0.00,0.00,23.92,0.0049,0.00,0.00,0.00,0.00,0.00,0.00,0.00,0.00,0.026
-93.76195181,42.01828861,40,TaskName 7/2/2025 (GreenStar 4 Monitor),Enlist 1 & Ag Saver,265,7/2/2025,1.000,On,1101.6,96.25,-12.50,8.190,12.01,6.553,179.78,15.00,14.95,0,7,95.52,7/2/2025,Good,0.00,0.00,0.00,0.00,0.00,0.00,0.00,3.988,0.00083,1.994,0.00041,14.49,0.384,0.00,0.00,23.93,0.0050,0.00,0.00,0.00,0.00,0.00,0.00,0.00,0.00,0.027
-93.76195165,42.01825452,40,TaskName 7/2/2025 (GreenStar 4 Monitor),Enlist 1 & Ag Saver,266,7/2/2025,1.000,On,1101.6,96.25,-12.50,8.325,12.21,5.814,179.72,15.00,15.00,0,7,97.11,7/2/2025,Good,0.00,0.00,0.00,0.00,0.00,0.00,0.00,3.999,0.00084,2.000,0.00042,14.53,0.392,0.00,0.00,24.00,0.0051,0.00,0.00,0.00,0.00,0.00,0.00,0.00,0.00,0.027
-93.76195141,42.01822049,40,TaskName 7/2/2025 (GreenStar 4 Monitor),Enlist 1 & Ag Saver,267,7/2/2025,1.000,On,1101.7,96.25,-12.50,8.485,12.44,5.576,179.62,15.00,14.94,0,7,98.96,7/2/2025,Good,0.00,0.00,0.00,0.00,0.00,0.00,0.00,3.984,0.00086,1.992,0.00043,14.47,0.398,0.00,0.00,23.91,0.0051,0.00,0.00,0.00,0.00,0.00,0.00,0.00,0.00,0.027
-93.76195115,42.01818662,40,TaskName 7/2/2025 (GreenStar 4 Monitor),Enlist 1 & Ag Saver,268,7/2/2025,1.000,On,1102.0,96.25,-12.50,8.397,12.31,6.678,179.36,15.00,14.98,0,7,97.94,7/2/2025,Good,0.00,0.00,0.00,0.00,0.00,0.00,0.00,3.994,0.00085,1.997,0.00042,14.51,0.395,0.00,0.00,23.97,0.0051,0.00,0.00,0.00,0.00,0.00,0.00,0.00,0.00,0.027
-93.76195055,42.01815292,40,TaskName 7/2/2025 (GreenStar 4 Monitor),Enlist 1 & Ag Saver,269,7/2/2025,1.000,On,1102.3,96.25,-12.50,8.423,12.36,6.731,179.54,15.00,15.05,0,7,98.28,7/2/2025,Good,0.00,0.00,0.00,0.00,0.00,0.00,0.00,4.013,0.00086,2.006,0.00043,14.58,0.398,0.00,0.00,24.08,0.0051,0.00,0.00,0.00,0.00,0.00,0.00,0.00,0.00,0.027
-93.76195012,42.01813930,40,TaskName 7/2/2025 (GreenStar 4 Monitor),Enlist 1 & Ag Saver,270,7/2/2025,0.396,On,1102.5,96.25,-12.50,8.357,4.855,7.146,179.80,15.00,15.00,0,7,97.52,7/2/2025,Good,0.00,0.00,0.00,0.00,0.00,0.00,0.00,4.001,0.00034,2.001,0.00017,14.53,0.156,0.00,0.00,24.01,0.0020,0.00,0.00,0.00,0.00,0.00,0.00,0.00,0.00,0.011
-93.76194949,42.01810488,40,TaskName 7/2/2025 (GreenStar 4 Monitor),Enlist 1 & Ag Saver,271,7/2/2025,1.004,On,1102.8,97.50,-11.87,8.479,12.49,6.361,180.08,15.00,15.01,0,7,100.25,7/2/2025,Good,0.00,0.00,0.00,0.00,0.00,0.00,0.00,4.002,0.00087,2.001,0.00044,14.54,0.406,0.00,0.00,24.01,0.0052,0.00,0.00,0.00,0.00,0.00,0.00,0.00,0.00,0.028
-93.76194973,42.01808412,40,TaskName 7/2/2025 (GreenStar 4 Monitor),Enlist 1 & Ag Saver,272,7/2/2025,0.600,On,1102.9,97.50,-11.87,8.600,7.571,5.761,179.72,15.00,14.96,0,7,101.67,7/2/2025,Good,0.00,0.00,0.00,0.00,0.00,0.00,0.00,3.988,0.00053,1.994,0.00026,14.49,0.246,0.00,0.00,23.93,0.0032,0.00,0.00,0.00,0.00,0.00,0.00,0.00,0.00,0.017
-93.76194991,42.01804937,40,TaskName 7/2/2025 (GreenStar 4 Monitor),Enlist 1 & Ag Saver,273,7/2/2025,1.000,On,1103.0,96.25,-12.50,8.635,12.67,5.883,178.92,15.00,14.97,0,7,100.77,7/2/2025,Good,0.00,0.00,0.00,0.00,0.00,0.00,0.00,3.992,0.00087,1.996,0.00044,14.50,0.406,0.00,0.00,23.95,0.0052,0.00,0.00,0.00,0.00,0.00,0.00,0.00,0.00,0.028
-93.76194944,42.01802851,40,TaskName 7/2/2025 (GreenStar 4 Monitor),Enlist 1 & Ag Saver,274,7/2/2025,0.600,On,1103.1,96.25,-12.50,8.605,7.574,5.832,178.94,15.00,15.00,0,7,100.41,7/2/2025,Good,0.00,0.00,0.00,0.00,0.00,0.00,0.00,3.999,0.00052,1.999,0.00026,14.53,0.243,0.00,0.00,23.99,0.0031,0.00,0.00,0.00,0.00,0.00,0.00,0.00,0.00,0.017
-93.76194832,42.01799371,40,TaskName 7/2/2025 (GreenStar 4 Monitor),Enlist 1 & Ag Saver,275,7/2/2025,0.996,On,1103.2,97.50,-11.87,8.605,12.58,5.316,179.51,15.00,15.02,0,7,101.75,7/2/2025,Good,0.00,0.00,0.00,0.00,0.00,0.00,0.00,4.004,0.00088,2.002,0.00044,14.55,0.409,0.00,0.00,24.03,0.0053,0.00,0.00,0.00,0.00,0.00,0.00,0.00,0.00,0.028
-93.76194750,42.01795928,40,TaskName 7/2/2025 (GreenStar 4 Monitor),Enlist 1 & Ag Saver,276,7/2/2025,1.005,On,1103.4,97.50,-11.87,8.606,12.69,5.643,179.98,15.00,14.96,0,7,101.75,7/2/2025,Good,0.00,0.00,0.00,0.00,0.00,0.00,0.00,3.990,0.00089,1.995,0.00044,14.49,0.412,0.00,0.00,23.94,0.0053,0.00,0.00,0.00,0.00,0.00,0.00,0.00,0.00,0.028
-93.76194755,42.01792492,40,TaskName 7/2/2025 (GreenStar 4 Monitor),Enlist 1 & Ag Saver,277,7/2/2025,0.999,On,1103.5,97.50,-11.87,8.551,12.54,6.682,179.59,15.00,14.98,0,7,101.12,7/2/2025,Good,0.00,0.00,0.00,0.00,0.00,0.00,0.00,3.995,0.00088,1.998,0.00044,14.51,0.407,0.00,0.00,23.97,0.0053,0.00,0.00,0.00,0.00,0.00,0.00,0.00,0.00,0.028
-93.76194756,42.01791801,40,TaskName 7/2/2025 (GreenStar 4 Monitor),Enlist 1 & Ag Saver,278,7/2/2025,0.195,On,1103.6,97.50,-11.87,8.532,2.440,6.485,179.53,15.00,15.01,0,7,100.85,7/2/2025,Good,0.00,0.00,0.00,0.00,0.00,0.00,0.00,4.003,0.00017,2.001,8.541e-05,14.54,0.079,0.00,0.00,24.02,0.0010,0.00,0.00,0.00,0.00,0.00,0.00,0.00,0.00,0.0055
-93.76194756,42.01791110,40,TaskName 7/2/2025 (GreenStar 4 Monitor),Enlist 1 & Ag Saver,279,7/2/2025,0.205,On,1103.6,62.50,5.550,8.543,2.572,6.234,179.51,15.00,15.00,0,7,64.80,7/2/2025,Good,0.00,0.00,0.00,0.00,0.00,0.00,0.00,4.000,0.00012,2.000,5.765e-05,14.53,0.054,0.00,0.00,24.00,0.00069,0.00,0.00,0.00,0.00,0.00,0.00,0.00,0.00,0.0037
-93.76150503,42.01791009,40,TaskName 7/2/2025 (GreenStar 4 Monitor),Enlist 1 & Ag Saver,280,7/2/2025,0.200,On,1100.2,107.50,6.875,7.818,2.294,4.709,358.81,15.00,13.82,0,8,101.88,7/2/2025,Good,0.00,0.00,0.00,0.00,0.00,0.00,0.00,3.686,0.00016,1.843,8.150e-05,13.39,0.076,0.00,0.00,22.12,0.00098,0.00,0.00,0.00,0.00,0.00,0.00,0.00,0.00,0.0057
-93.76150594,42.01794185,40,TaskName 7/2/2025 (GreenStar 4 Monitor),Enlist 1 & Ag Saver,281,7/2/2025,1.000,On,1100.0,120.00,0.625,7.874,11.54,5.026,359.14,15.00,14.61,0,8,114.48,7/2/2025,Good,0.00,0.00,0.00,0.00,0.00,0.00,0.00,3.895,0.00097,1.948,0.00048,14.15,0.450,0.00,0.00,23.37,0.0058,0.00,0.00,0.00,0.00,0.00,0.00,0.00,0.00,0.032
-93.76150644,42.01797356,40,TaskName 7/2/2025 (GreenStar 4 Monitor),Enlist 1 & Ag Saver,282,7/2/2025,1.000,On,1099.8,120.00,0.625,7.878,11.55,5.408,359.29,15.00,14.63,0,8,114.51,7/2/2025,Good,0.00,0.00,0.00,0.00,0.00,0.00,0.00,3.901,0.00097,1.950,0.00048,14.17,0.451,0.00,0.00,23.40,0.0058,0.00,0.00,0.00,0.00,0.00,0.00,0.00,0.00,0.032
-93.76150668,42.01800544,40,TaskName 7/2/2025 (GreenStar 4 Monitor),Enlist 1 & Ag Saver,283,7/2/2025,1.000,On,1099.5,120.00,0.625,7.906,11.59,4.435,359.19,15.00,14.69,0,8,114.93,7/2/2025,Good,0.00,0.00,0.00,0.00,0.00,0.00,0.00,3.917,0.00098,1.958,0.00049,14.23,0.454,0.00,0.00,23.50,0.0059,0.00,0.00,0.00,0.00,0.00,0.00,0.00,0.00,0.032
-93.76150713,42.01803720,40,TaskName 7/2/2025 (GreenStar 4 Monitor),Enlist 1 & Ag Saver,284,7/2/2025,1.000,On,1099.3,120.00,0.625,7.925,11.62,4.510,359.19,15.00,14.79,0,8,115.28,7/2/2025,Good,0.00,0.00,0.00,0.00,0.00,0.00,0.00,3.944,0.00099,1.972,0.00049,14.33,0.459,0.00,0.00,23.66,0.0059,0.00,0.00,0.00,0.00,0.00,0.00,0.00,0.00,0.032
-93.76150793,42.01806893,40,TaskName 7/2/2025 (GreenStar 4 Monitor),Enlist 1 & Ag Saver,285,7/2/2025,1.001,On,1099.2,120.00,0.625,7.877,11.55,5.035,0.149,15.00,14.89,0,8,114.42,7/2/2025,Good,0.00,0.00,0.00,0.00,0.00,0.00,0.00,3.971,0.00099,1.985,0.00049,14.42,0.459,0.00,0.00,23.82,0.0059,0.00,0.00,0.00,0.00,0.00,0.00,0.00,0.00,0.032
-93.76150781,42.01810084,40,TaskName 7/2/2025 (GreenStar 4 Monitor),Enlist 1 & Ag Saver,286,7/2/2025,0.999,On,1099.0,120.00,0.625,7.884,11.56,6.255,359.92,15.00,14.87,0,8,114.78,7/2/2025,Good,0.00,0.00,0.00,0.00,0.00,0.00,0.00,3.966,0.00099,1.983,0.00049,14.40,0.459,0.00,0.00,23.79,0.0059,0.00,0.00,0.00,0.00,0.00,0.00,0.00,0.00,0.032
-93.76150698,42.01813383,40,TaskName 7/2/2025 (GreenStar 4 Monitor),Enlist 1 & Ag Saver,287,7/2/2025,1.000,On,1098.8,120.00,0.625,8.073,11.83,5.840,358.73,15.00,14.90,0,8,117.36,7/2/2025,Good,0.00,0.00,0.00,0.00,0.00,0.00,0.00,3.972,0.0010,1.986,0.00051,14.43,0.470,0.00,0.00,23.83,0.0061,0.00,0.00,0.00,0.00,0.00,0.00,0.00,0.00,0.033
-93.76150779,42.01816699,40,TaskName 7/2/2025 (GreenStar 4 Monitor),Enlist 1 & Ag Saver,288,7/2/2025,1.000,On,1098.8,121.25,0.00,8.227,12.06,5.879,359.49,15.00,14.94,0,8,120.89,7/2/2025,Good,0.00,0.00,0.00,0.00,0.00,0.00,0.00,3.983,0.0010,1.991,0.00052,14.47,0.486,0.00,0.00,23.90,0.0063,0.00,0.00,0.00,0.00,0.00,0.00,0.00,0.00,0.034
-93.76150817,42.01817358,40,TaskName 7/2/2025 (GreenStar 4 Monitor),Enlist 1 & Ag Saver,289,7/2/2025,0.200,On,1098.8,121.25,0.00,8.223,2.412,6.505,359.84,15.00,14.91,0,8,120.85,7/2/2025,Good,0.00,0.00,0.00,0.00,0.00,0.00,0.00,3.977,0.00021,1.988,0.00010,14.45,0.097,0.00,0.00,23.86,0.0013,0.00,0.00,0.00,0.00,0.00,0.00,0.00,0.00,0.0067
-93.76150914,42.01820040,40,TaskName 7/2/2025 (GreenStar 4 Monitor),Enlist 1 & Ag Saver,290,7/2/2025,0.800,On,1098.7,120.00,0.625,8.243,9.668,6.914,0.721,15.00,14.98,0,8,119.85,7/2/2025,Good,0.00,0.00,0.00,0.00,0.00,0.00,0.00,3.993,0.00083,1.997,0.00042,14.51,0.386,0.00,0.00,23.96,0.0050,0.00,0.00,0.00,0.00,0.00,0.00,0.00,0.00,0.027
-93.76150818,42.01823453,40,TaskName 7/2/2025 (GreenStar 4 Monitor),Enlist 1 & Ag Saver,291,7/2/2025,1.005,On,1098.6,121.25,0.00,8.379,12.34,7.040,359.70,15.00,14.97,0,8,123.06,7/2/2025,Good,0.00,0.00,0.00,0.00,0.00,0.00,0.00,3.993,0.0011,1.997,0.00054,14.50,0.498,0.00,0.00,23.96,0.0064,0.00,0.00,0.00,0.00,0.00,0.00,0.00,0.00,0.034
-93.76150762,42.01826923,40,TaskName 7/2/2025 (GreenStar 4 Monitor),Enlist 1 & Ag Saver,292,7/2/2025,0.991,On,1098.7,121.25,0.00,8.583,12.47,6.113,358.87,15.00,14.94,0,8,126.10,7/2/2025,Good,0.00,0.00,0.00,0.00,0.00,0.00,0.00,3.984,0.0011,1.992,0.00054,14.47,0.502,0.00,0.00,23.90,0.0065,0.00,0.00,0.00,0.00,0.00,0.00,0.00,0.00,0.035
-93.76150897,42.01830305,40,TaskName 7/2/2025 (GreenStar 4 Monitor),Enlist 1 & Ag Saver,293,7/2/2025,1.004,On,1098.7,121.25,0.00,8.522,12.54,6.431,359.82,15.00,14.98,0,8,125.18,7/2/2025,Good,0.00,0.00,0.00,0.00,0.00,0.00,0.00,3.994,0.0011,1.997,0.00054,14.51,0.506,0.00,0.00,23.96,0.0065,0.00,0.00,0.00,0.00,0.00,0.00,0.00,0.00,0.035
-93.76150927,42.01833765,40,TaskName 7/2/2025 (GreenStar 4 Monitor),Enlist 1 & Ag Saver,294,7/2/2025,1.000,On,1098.8,121.25,0.00,8.501,12.46,6.276,359.56,15.00,14.98,0,8,124.86,7/2/2025,Good,0.00,0.00,0.00,0.00,0.00,0.00,0.00,3.995,0.0011,1.998,0.00054,14.51,0.503,0.00,0.00,23.97,0.0065,0.00,0.00,0.00,0.00,0.00,0.00,0.00,0.00,0.035
-93.76150922,42.01837197,40,TaskName 7/2/2025 (GreenStar 4 Monitor),Enlist 1 & Ag Saver,295,7/2/2025,1.005,On,1098.8,121.25,0.00,8.564,12.62,6.647,359.21,15.00,14.98,0,8,125.81,7/2/2025,Good,0.00,0.00,0.00,0.00,0.00,0.00,0.00,3.995,0.0011,1.998,0.00055,14.51,0.510,0.00,0.00,23.97,0.0066,0.00,0.00,0.00,0.00,0.00,0.00,0.00,0.00,0.035
-93.76151036,42.01840692,40,TaskName 7/2/2025 (GreenStar 4 Monitor),Enlist 1 & Ag Saver,296,7/2/2025,0.995,On,1098.7,121.25,0.00,8.597,12.55,6.594,0.392,15.00,14.95,0,8,126.35,7/2/2025,Good,0.00,0.00,0.00,0.00,0.00,0.00,0.00,3.988,0.0011,1.994,0.00054,14.49,0.506,0.00,0.00,23.93,0.0065,0.00,0.00,0.00,0.00,0.00,0.00,0.00,0.00,0.035
-93.76151037,42.01844206,40,TaskName 7/2/2025 (GreenStar 4 Monitor),Enlist 1 & Ag Saver,297,7/2/2025,1.000,On,1098.5,121.25,0.00,8.734,12.81,5.965,0.110,15.00,14.90,0,8,128.35,7/2/2025,Good,0.00,0.00,0.00,0.00,0.00,0.00,0.00,3.972,0.0011,1.986,0.00055,14.43,0.514,0.00,0.00,23.83,0.0066,0.00,0.00,0.00,0.00,0.00,0.00,0.00,0.00,0.036
-93.76151005,42.01847730,40,TaskName 7/2/2025 (GreenStar 4 Monitor),Enlist 1 & Ag Saver,298,7/2/2025,1.000,On,1098.4,121.25,0.00,8.711,12.77,5.688,359.04,15.00,14.88,0,8,127.99,7/2/2025,Good,0.00,0.00,0.00,0.00,0.00,0.00,0.00,3.969,0.0011,1.985,0.00055,14.42,0.513,0.00,0.00,23.81,0.0066,0.00,0.00,0.00,0.00,0.00,0.00,0.00,0.00,0.036
-93.76151107,42.01851250,40,TaskName 7/2/2025 (GreenStar 4 Monitor),Enlist 1 & Ag Saver,299,7/2/2025,1.000,On,1098.2,121.25,0.00,8.790,12.89,5.194,359.62,15.00,14.97,0,8,129.17,7/2/2025,Good,0.00,0.00,0.00,0.00,0.00,0.00,0.00,3.991,0.0011,1.996,0.00056,14.50,0.520,0.00,0.00,23.95,0.0067,0.00,0.00,0.00,0.00,0.00,0.00,0.00,0.00,0.036
-93.76151192,42.01854741,40,TaskName 7/2/2025 (GreenStar 4 Monitor),Enlist 1 & Ag Saver,300,7/2/2025,1.000,On,1098.1,121.25,0.00,8.673,12.72,5.934,0.047,15.00,15.01,0,8,127.43,7/2/2025,Good,0.00,0.00,0.00,0.00,0.00,0.00,0.00,4.003,0.0011,2.001,0.00055,14.54,0.515,0.00,0.00,24.02,0.0066,0.00,0.00,0.00,0.00,0.00,0.00,0.00,0.00,0.035
-93.76151174,42.01858257,40,TaskName 7/2/2025 (GreenStar 4 Monitor),Enlist 1 & Ag Saver,301,7/2/2025,1.000,On,1098.0,121.25,0.00,8.711,12.77,5.485,359.35,15.00,14.99,0,8,127.99,7/2/2025,Good,0.00,0.00,0.00,0.00,0.00,0.00,0.00,3.997,0.0011,1.999,0.00056,14.52,0.516,0.00,0.00,23.98,0.0067,0.00,0.00,0.00,0.00,0.00,0.00,0.00,0.00,0.036
-93.76151217,42.01861724,40,TaskName 7/2/2025 (GreenStar 4 Monitor),Enlist 1 & Ag Saver,302,7/2/2025,1.000,On,1097.9,121.25,0.00,8.700,12.76,5.087,359.18,15.00,14.99,0,8,127.82,7/2/2025,Good,0.00,0.00,0.00,0.00,0.00,0.00,0.00,3.996,0.0011,1.998,0.00055,14.52,0.515,0.00,0.00,23.98,0.0067,0.00,0.00,0.00,0.00,0.00,0.00,0.00,0.00,0.036
-93.76151328,42.01865177,40,TaskName 7/2/2025 (GreenStar 4 Monitor),Enlist 1 & Ag Saver,303,7/2/2025,1.000,On,1097.8,121.25,0.00,8.589,12.60,5.438,359.64,15.00,15.01,0,8,126.21,7/2/2025,Good,0.00,0.00,0.00,0.00,0.00,0.00,0.00,4.003,0.0011,2.002,0.00055,14.54,0.510,0.00,0.00,24.02,0.0066,0.00,0.00,0.00,0.00,0.00,0.00,0.00,0.00,0.035
-93.76151384,42.01868599,40,TaskName 7/2/2025 (GreenStar 4 Monitor),Enlist 1 & Ag Saver,304,7/2/2025,1.000,On,1097.8,121.25,0.00,8.558,12.55,5.423,359.94,15.00,14.97,0,8,125.75,7/2/2025,Good,0.00,0.00,0.00,0.00,0.00,0.00,0.00,3.991,0.0011,1.996,0.00054,14.50,0.506,0.00,0.00,23.95,0.0065,0.00,0.00,0.00,0.00,0.00,0.00,0.00,0.00,0.035
-93.76151373,42.01871967,40,TaskName 7/2/2025 (GreenStar 4 Monitor),Enlist 1 & Ag Saver,305,7/2/2025,1.000,On,1097.7,121.25,0.00,8.476,12.43,5.278,358.44,15.00,14.99,0,8,124.53,7/2/2025,Good,0.00,0.00,0.00,0.00,0.00,0.00,0.00,3.998,0.0011,1.999,0.00054,14.52,0.502,0.00,0.00,23.99,0.0065,0.00,0.00,0.00,0.00,0.00,0.00,0.00,0.00,0.035
-93.76151372,42.01874651,40,TaskName 7/2/2025 (GreenStar 4 Monitor),Enlist 1 & Ag Saver,306,7/2/2025,0.996,On,1097.5,121.25,0.00,7.849,11.42,2.158,357.44,15.00,14.94,0,8,114.93,7/2/2025,Good,0.00,0.00,0.00,0.00,0.00,0.00,0.00,3.983,0.00099,1.991,0.00049,14.47,0.460,0.00,0.00,23.90,0.0059,0.00,0.00,0.00,0.00,0.00,0.00,0.00,0.00,0.032
-93.76151480,42.01875350,40,TaskName 7/2/2025 (GreenStar 4 Monitor),Enlist 1 & Ag Saver,307,7/2/2025,1.004,On,1097.5,121.25,0.00,4.981,4.406,2.281,358.31,15.00,15.70,0,8,43.98,7/2/2025,Good,0.00,0.00,0.00,0.00,0.00,0.00,0.00,4.187,0.00040,2.093,0.00020,15.21,0.187,0.00,0.00,25.12,0.0024,0.00,0.00,0.00,0.00,0.00,0.00,0.00,0.00,0.012
-93.76151489,42.01875322,40,TaskName 7/2/2025 (GreenStar 4 Monitor),Enlist 1 & Ag Saver,308,7/2/2025,0.195,On,1097.6,100.00,-10.62,0.089,0.024,2.992,358.38,15.00,73.32,0,8,1.001,7/2/2025,Over Target,0.00,0.00,0.00,0.00,0.00,0.00,0.00,19.55,8.283e-06,9.776,4.142e-06,71.02,0.0039,0.00,0.00,117.31,4.970e-05,0.00,0.00,0.00,0.00,0.00,0.00,0.00,0.00,5.423e-05
-93.76151493,42.01876797,40,TaskName 7/2/2025 (GreenStar 4 Monitor),Enlist 1 & Ag Saver,309,7/2/2025,0.595,On,1097.9,121.25,0.00,1.920,1.573,6.472,357.87,15.00,20.90,0,9,26.50,7/2/2025,Over Target,0.00,0.00,0.00,0.00,0.00,0.00,0.00,5.573,0.00019,2.787,9.535e-05,20.25,0.089,0.00,0.00,33.44,0.0011,0.00,0.00,0.00,0.00,0.00,0.00,0.00,0.00,0.0044
-93.76151646,42.01878528,40,TaskName 7/2/2025 (GreenStar 4 Monitor),Enlist 1 & Ag Saver,310,7/2/2025,1.005,On,1097.7,120.00,0.625,3.788,5.505,3.442,359.18,15.00,15.45,0,9,54.33,7/2/2025,Good,0.00,0.00,0.00,0.00,0.00,0.00,0.00,4.120,0.00049,2.060,0.00024,14.97,0.227,0.00,0.00,24.72,0.0029,0.00,0.00,0.00,0.00,0.00,0.00,0.00,0.00,0.015
-93.76151679,42.01880335,40,TaskName 7/2/2025 (GreenStar 4 Monitor),Enlist 1 & Ag Saver,311,7/2/2025,0.999,On,1097.9,120.00,0.625,4.288,6.283,5.029,359.54,15.00,14.82,0,9,62.37,7/2/2025,Good,0.00,0.00,0.00,0.00,0.00,0.00,0.00,3.951,0.00053,1.976,0.00027,14.35,0.248,0.00,0.00,23.71,0.0032,0.00,0.00,0.00,0.00,0.00,0.00,0.00,0.00,0.017
-93.76151656,42.01882321,40,TaskName 7/2/2025 (GreenStar 4 Monitor),Enlist 1 & Ag Saver,312,7/2/2025,1.000,On,1097.9,120.00,0.625,4.675,6.847,4.676,359.08,15.00,14.88,0,9,67.90,7/2/2025,Good,0.00,0.00,0.00,0.00,0.00,0.00,0.00,3.968,0.00058,1.984,0.00029,14.41,0.272,0.00,0.00,23.81,0.0035,0.00,0.00,0.00,0.00,0.00,0.00,0.00,0.00,0.019
-93.76151694,42.01884401,40,TaskName 7/2/2025 (GreenStar 4 Monitor),Enlist 1 & Ag Saver,313,7/2/2025,1.000,On,1097.9,120.00,0.625,5.031,7.372,4.592,359.14,15.00,14.90,0,9,73.11,7/2/2025,Good,0.00,0.00,0.00,0.00,0.00,0.00,0.00,3.975,0.00063,1.987,0.00032,14.44,0.293,0.00,0.00,23.85,0.0038,0.00,0.00,0.00,0.00,0.00,0.00,0.00,0.00,0.020
-93.76151724,42.01886516,40,TaskName 7/2/2025 (GreenStar 4 Monitor),Enlist 1 & Ag Saver,314,7/2/2025,1.000,On,1097.8,120.00,0.625,5.238,7.677,4.026,359.17,15.00,14.93,0,9,76.14,7/2/2025,Good,0.00,0.00,0.00,0.00,0.00,0.00,0.00,3.980,0.00066,1.990,0.00033,14.46,0.306,0.00,0.00,23.88,0.0039,0.00,0.00,0.00,0.00,0.00,0.00,0.00,0.00,0.021
-93.76151755,42.01888538,40,TaskName 7/2/2025 (GreenStar 4 Monitor),Enlist 1 & Ag Saver,315,7/2/2025,0.995,On,1097.9,120.00,0.625,5.108,7.460,4.251,359.25,15.00,14.94,0,9,74.35,7/2/2025,Good,0.00,0.00,0.00,0.00,0.00,0.00,0.00,3.985,0.00064,1.993,0.00032,14.48,0.297,0.00,0.00,23.91,0.0038,0.00,0.00,0.00,0.00,0.00,0.00,0.00,0.00,0.021
-93.76151825,42.01890714,40,TaskName 7/2/2025 (GreenStar 4 Monitor),Enlist 1 & Ag Saver,316,7/2/2025,1.005,On,1097.9,120.00,0.625,5.128,7.562,6.974,0.823,15.00,15.04,0,9,74.62,7/2/2025,Good,0.00,0.00,0.00,0.00,0.00,0.00,0.00,4.011,0.00065,2.005,0.00033,14.57,0.303,0.00,0.00,24.06,0.0039,0.00,0.00,0.00,0.00,0.00,0.00,0.00,0.00,0.021
-93.76151839,42.01893418,40,TaskName 7/2/2025 (GreenStar 4 Monitor),Enlist 1 & Ag Saver,317,7/2/2025,1.000,On,1097.9,120.00,0.625,6.096,8.910,6.612,0.941,15.00,14.98,0,9,88.36,7/2/2025,Good,0.00,0.00,0.00,0.00,0.00,0.00,0.00,3.995,0.00077,1.997,0.00038,14.51,0.356,0.00,0.00,23.97,0.0046,0.00,0.00,0.00,0.00,0.00,0.00,0.00,0.00,0.025
-93.76151785,42.01894559,40,TaskName 7/2/2025 (GreenStar 4 Monitor),Enlist 1 & Ag Saver,318,7/2/2025,0.395,On,1098.0,120.00,0.625,6.834,3.958,6.223,0.157,15.00,14.82,0,9,99.38,7/2/2025,Good,0.00,0.00,0.00,0.00,0.00,0.00,0.00,3.951,0.00034,1.976,0.00017,14.35,0.157,0.00,0.00,23.71,0.0020,0.00,0.00,0.00,0.00,0.00,0.00,0.00,0.00,0.011
-93.76151626,42.01897513,40,TaskName 7/2/2025 (GreenStar 4 Monitor),Enlist 1 & Ag Saver,319,7/2/2025,1.000,On,1097.9,121.25,0.00,7.149,10.49,6.889,358.52,15.00,14.88,0,9,105.10,7/2/2025,Good,0.00,0.00,0.00,0.00,0.00,0.00,0.00,3.967,0.00090,1.984,0.00045,14.41,0.421,0.00,0.00,23.80,0.0054,0.00,0.00,0.00,0.00,0.00,0.00,0.00,0.00,0.029
-93.76151789,42.01900521,40,TaskName 7/2/2025 (GreenStar 4 Monitor),Enlist 1 & Ag Saver,320,7/2/2025,1.000,On,1097.8,121.25,0.00,7.418,10.89,5.763,0.094,15.00,14.84,0,9,109.11,7/2/2025,Good,0.00,0.00,0.00,0.00,0.00,0.00,0.00,3.956,0.00094,1.978,0.00047,14.37,0.436,0.00,0.00,23.74,0.0056,0.00,0.00,0.00,0.00,0.00,0.00,0.00,0.00,0.030
-93.76151807,42.01903647,40,TaskName 7/2/2025 (GreenStar 4 Monitor),Enlist 1 & Ag Saver,321,7/2/2025,1.005,On,1097.7,121.25,0.00,7.586,11.19,5.980,0.039,15.00,14.90,0,9,111.54,7/2/2025,Good,0.00,0.00,0.00,0.00,0.00,0.00,0.00,3.974,0.00097,1.987,0.00048,14.44,0.450,0.00,0.00,23.84,0.0058,0.00,0.00,0.00,0.00,0.00,0.00,0.00,0.00,0.031
-93.76151676,42.01906851,40,TaskName 7/2/2025 (GreenStar 4 Monitor),Enlist 1 & Ag Saver,322,7/2/2025,1.000,On,1097.6,121.25,0.00,7.912,11.61,5.430,358.35,15.00,14.92,0,9,116.31,7/2/2025,Good,0.00,0.00,0.00,0.00,0.00,0.00,0.00,3.978,0.0010,1.989,0.00050,14.45,0.467,0.00,0.00,23.87,0.0060,0.00,0.00,0.00,0.00,0.00,0.00,0.00,0.00,0.032
-93.76151795,42.01910090,40,TaskName 7/2/2025 (GreenStar 4 Monitor),Enlist 1 & Ag Saver,323,7/2/2025,1.000,On,1097.5,121.25,0.00,7.955,11.67,6.026,359.22,15.00,14.95,0,9,116.96,7/2/2025,Good,0.00,0.00,0.00,0.00,0.00,0.00,0.00,3.986,0.0010,1.993,0.00051,14.48,0.470,0.00,0.00,23.91,0.0061,0.00,0.00,0.00,0.00,0.00,0.00,0.00,0.00,0.032
-93.76151879,42.01913366,40,TaskName 7/2/2025 (GreenStar 4 Monitor),Enlist 1 & Ag Saver,324,7/2/2025,0.995,On,1097.4,121.25,0.00,8.128,11.86,5.558,359.74,15.00,14.94,0,9,119.47,7/2/2025,Good,0.00,0.00,0.00,0.00,0.00,0.00,0.00,3.983,0.0010,1.992,0.00051,14.47,0.478,0.00,0.00,23.90,0.0062,0.00,0.00,0.00,0.00,0.00,0.00,0.00,0.00,0.033
-93.76151831,42.01916641,40,TaskName 7/2/2025 (GreenStar 4 Monitor),Enlist 1 & Ag Saver,325,7/2/2025,1.000,On,1097.2,121.25,0.00,8.159,11.97,5.425,358.61,15.00,14.98,0,9,119.99,7/2/2025,Good,0.00,0.00,0.00,0.00,0.00,0.00,0.00,3.996,0.0010,1.998,0.00052,14.51,0.484,0.00,0.00,23.97,0.0062,0.00,0.00,0.00,0.00,0.00,0.00,0.00,0.00,0.033
-93.76151888,42.01919951,40,TaskName 7/2/2025 (GreenStar 4 Monitor),Enlist 1 & Ag Saver,326,7/2/2025,1.000,On,1097.1,121.25,0.00,8.158,11.97,4.916,358.86,15.00,14.99,0,9,119.99,7/2/2025,Good,0.00,0.00,0.00,0.00,0.00,0.00,0.00,3.996,0.0010,1.998,0.00052,14.52,0.484,0.00,0.00,23.98,0.0062,0.00,0.00,0.00,0.00,0.00,0.00,0.00,0.00,0.033
-93.76152053,42.01923257,40,TaskName 7/2/2025 (GreenStar 4 Monitor),Enlist 1 & Ag Saver,327,7/2/2025,1.001,On,1096.9,121.25,0.00,8.204,12.05,5.463,359.80,15.00,14.96,0,9,120.66,7/2/2025,Good,0.00,0.00,0.00,0.00,0.00,0.00,0.00,3.991,0.0010,1.995,0.00052,14.50,0.486,0.00,0.00,23.94,0.0063,0.00,0.00,0.00,0.00,0.00,0.00,0.00,0.00,0.034
-93.76152066,42.01926609,40,TaskName 7/2/2025 (GreenStar 4 Monitor),Enlist 1 & Ag Saver,328,7/2/2025,1.000,On,1096.7,121.25,0.00,8.270,12.14,5.975,359.49,15.00,14.99,0,9,121.60,7/2/2025,Good,0.00,0.00,0.00,0.00,0.00,0.00,0.00,3.999,0.0011,1.999,0.00053,14.52,0.491,0.00,0.00,23.99,0.0063,0.00,0.00,0.00,0.00,0.00,0.00,0.00,0.00,0.034
-93.76152052,42.01929992,40,TaskName 7/2/2025 (GreenStar 4 Monitor),Enlist 1 & Ag Saver,329,7/2/2025,1.004,On,1096.6,121.25,0.00,8.397,12.37,5.632,358.97,15.00,14.94,0,9,123.44,7/2/2025,Good,0.00,0.00,0.00,0.00,0.00,0.00,0.00,3.983,0.0011,1.992,0.00054,14.47,0.498,0.00,0.00,23.90,0.0064,0.00,0.00,0.00,0.00,0.00,0.00,0.00,0.00,0.034
-93.76152093,42.01933366,40,TaskName 7/2/2025 (GreenStar 4 Monitor),Enlist 1 & Ag Saver,330,7/2/2025,0.995,On,1096.5,121.25,0.00,8.371,12.22,5.836,358.85,15.00,14.95,0,9,123.07,7/2/2025,Good,0.00,0.00,0.00,0.00,0.00,0.00,0.00,3.987,0.0011,1.994,0.00053,14.48,0.493,0.00,0.00,23.92,0.0064,0.00,0.00,0.00,0.00,0.00,0.00,0.00,0.00,0.034
-93.76152223,42.01936779,40,TaskName 7/2/2025 (GreenStar 4 Monitor),Enlist 1 & Ag Saver,331,7/2/2025,1.000,On,1096.3,121.25,0.00,8.434,12.37,5.734,359.65,15.00,14.96,0,9,124.00,7/2/2025,Good,0.00,0.00,0.00,0.00,0.00,0.00,0.00,3.989,0.0011,1.994,0.00054,14.49,0.499,0.00,0.00,23.93,0.0064,0.00,0.00,0.00,0.00,0.00,0.00,0.00,0.00,0.034
-93.76152298,42.01940207,40,TaskName 7/2/2025 (GreenStar 4 Monitor),Enlist 1 & Ag Saver,332,7/2/2025,1.000,On,1096.0,121.25,0.00,8.518,12.50,5.375,359.50,15.00,14.94,0,9,125.25,7/2/2025,Good,0.00,0.00,0.00,0.00,0.00,0.00,0.00,3.984,0.0011,1.992,0.00054,14.47,0.503,0.00,0.00,23.90,0.0065,0.00,0.00,0.00,0.00,0.00,0.00,0.00,0.00,0.035
-93.76152313,42.01943669,40,TaskName 7/2/2025 (GreenStar 4 Monitor),Enlist 1 & Ag Saver,333,7/2/2025,1.000,On,1095.9,121.25,0.00,8.576,12.58,5.092,358.88,15.00,14.99,0,9,126.10,7/2/2025,Good,0.00,0.00,0.00,0.00,0.00,0.00,0.00,3.996,0.0011,1.998,0.00055,14.52,0.508,0.00,0.00,23.98,0.0066,0.00,0.00,0.00,0.00,0.00,0.00,0.00,0.00,0.035
-93.76152354,42.01945718,40,TaskName 7/2/2025 (GreenStar 4 Monitor),Enlist 1 & Ag Saver,334,7/2/2025,0.600,On,1095.8,121.25,0.00,8.569,7.543,5.279,358.92,15.00,14.95,0,9,125.98,7/2/2025,Good,0.00,0.00,0.00,0.00,0.00,0.00,0.00,3.987,0.00065,1.994,0.00033,14.48,0.304,0.00,0.00,23.92,0.0039,0.00,0.00,0.00,0.00,0.00,0.00,0.00,0.00,0.021
-93.76152470,42.01949121,40,TaskName 7/2/2025 (GreenStar 4 Monitor),Enlist 1 & Ag Saver,335,7/2/2025,1.000,On,1095.7,120.00,0.625,8.440,12.39,5.537,359.74,15.00,15.03,0,9,122.85,7/2/2025,Good,0.00,0.00,0.00,0.00,0.00,0.00,0.00,4.009,0.0011,2.004,0.00053,14.56,0.497,0.00,0.00,24.05,0.0064,0.00,0.00,0.00,0.00,0.00,0.00,0.00,0.00,0.034
-93.76152500,42.01952536,40,TaskName 7/2/2025 (GreenStar 4 Monitor),Enlist 1 & Ag Saver,336,7/2/2025,0.995,On,1095.6,120.00,0.625,8.482,12.38,6.502,359.47,15.00,14.98,0,9,123.44,7/2/2025,Good,0.00,0.00,0.00,0.00,0.00,0.00,0.00,3.996,0.0011,1.998,0.00053,14.51,0.495,0.00,0.00,23.97,0.0064,0.00,0.00,0.00,0.00,0.00,0.00,0.00,0.00,0.034
-93.76152519,42.01955984,40,TaskName 7/2/2025 (GreenStar 4 Monitor),Enlist 1 & Ag Saver,337,7/2/2025,1.005,On,1095.5,120.00,0.625,8.522,12.57,6.083,358.80,15.00,14.96,0,9,124.02,7/2/2025,Good,0.00,0.00,0.00,0.00,0.00,0.00,0.00,3.990,0.0011,1.995,0.00054,14.49,0.502,0.00,0.00,23.94,0.0065,0.00,0.00,0.00,0.00,0.00,0.00,0.00,0.00,0.035
-93.76152672,42.01959437,40,TaskName 7/2/2025 (GreenStar 4 Monitor),Enlist 1 & Ag Saver,338,7/2/2025,1.000,On,1095.4,120.00,0.625,8.596,12.61,6.119,0.117,15.00,14.95,0,9,125.10,7/2/2025,Good,0.00,0.00,0.00,0.00,0.00,0.00,0.00,3.987,0.0011,1.994,0.00054,14.48,0.503,0.00,0.00,23.92,0.0065,0.00,0.00,0.00,0.00,0.00,0.00,0.00,0.00,0.035
-93.76152752,42.01962893,40,TaskName 7/2/2025 (GreenStar 4 Monitor),Enlist 1 & Ag Saver,339,7/2/2025,1.005,On,1095.4,120.00,0.625,8.547,12.60,6.923,0.580,15.00,14.95,0,9,124.38,7/2/2025,Good,0.00,0.00,0.00,0.00,0.00,0.00,0.00,3.987,0.0011,1.993,0.00054,14.48,0.503,0.00,0.00,23.92,0.0065,0.00,0.00,0.00,0.00,0.00,0.00,0.00,0.00,0.035
-93.76152656,42.01966430,40,TaskName 7/2/2025 (GreenStar 4 Monitor),Enlist 1 & Ag Saver,340,7/2/2025,0.995,On,1095.4,120.00,0.625,8.721,12.73,6.958,359.29,15.00,14.93,0,9,126.90,7/2/2025,Good,0.00,0.00,0.00,0.00,0.00,0.00,0.00,3.980,0.0011,1.990,0.00055,14.46,0.507,0.00,0.00,23.88,0.0065,0.00,0.00,0.00,0.00,0.00,0.00,0.00,0.00,0.035
-93.76152698,42.01970001,40,TaskName 7/2/2025 (GreenStar 4 Monitor),Enlist 1 & Ag Saver,341,7/2/2025,1.000,On,1095.3,120.00,0.625,8.846,12.98,6.165,359.33,15.00,14.95,0,9,128.74,7/2/2025,Good,0.00,0.00,0.00,0.00,0.00,0.00,0.00,3.988,0.0011,1.994,0.00056,14.49,0.518,0.00,0.00,23.93,0.0067,0.00,0.00,0.00,0.00,0.00,0.00,0.00,0.00,0.036
-93.76152757,42.01972810,40,TaskName 7/2/2025 (GreenStar 4 Monitor),Enlist 1 & Ag Saver,342,7/2/2025,0.801,On,1095.3,120.00,0.625,8.817,10.36,5.607,359.62,15.00,14.95,0,9,128.28,7/2/2025,Good,0.00,0.00,0.00,0.00,0.00,0.00,0.00,3.986,0.00089,1.993,0.00044,14.48,0.413,0.00,0.00,23.92,0.0053,0.00,0.00,0.00,0.00,0.00,0.00,0.00,0.00,0.029
-93.76108510,42.01973796,40,TaskName 7/2/2025 (GreenStar 4 Monitor),Enlist 1 & Ag Saver,343,7/2/2025,0.204,On,1095.1,77.50,-17.62,7.559,2.271,5.937,179.45,15.00,13.24,0,10,71.29,7/2/2025,Good,0.00,0.00,0.00,0.00,0.00,0.00,0.00,3.529,0.00011,1.765,5.569e-05,12.82,0.052,0.00,0.00,21.18,0.00067,0.00,0.00,0.00,0.00,0.00,0.00,0.00,0.00,0.0040
-93.76108494,42.01973199,40,TaskName 7/2/2025 (GreenStar 4 Monitor),Enlist 1 & Ag Saver,344,7/2/2025,0.196,On,1095.1,121.25,0.00,7.568,2.175,6.208,179.52,15.00,14.57,0,10,111.22,7/2/2025,Good,0.00,0.00,0.00,0.00,0.00,0.00,0.00,3.886,0.00018,1.943,9.191e-05,14.11,0.085,0.00,0.00,23.31,0.0011,0.00,0.00,0.00,0.00,0.00,0.00,0.00,0.00,0.0061
-93.76108519,42.01970155,40,TaskName 7/2/2025 (GreenStar 4 Monitor),Enlist 1 & Ag Saver,345,7/2/2025,1.004,On,1095.3,120.00,-0.625,7.564,11.13,5.752,178.97,15.00,14.76,0,10,109.94,7/2/2025,Good,0.00,0.00,0.00,0.00,0.00,0.00,0.00,3.936,0.00094,1.968,0.00047,14.30,0.438,0.00,0.00,23.62,0.0057,0.00,0.00,0.00,0.00,0.00,0.00,0.00,0.00,0.031
-93.76108418,42.01967164,40,TaskName 7/2/2025 (GreenStar 4 Monitor),Enlist 1 & Ag Saver,346,7/2/2025,0.995,On,1095.3,120.00,-0.625,7.535,10.99,6.109,179.77,15.00,14.77,0,10,109.53,7/2/2025,Good,0.00,0.00,0.00,0.00,0.00,0.00,0.00,3.938,0.00093,1.969,0.00047,14.30,0.433,0.00,0.00,23.63,0.0056,0.00,0.00,0.00,0.00,0.00,0.00,0.00,0.00,0.030
-93.76108413,42.01966540,40,TaskName 7/2/2025 (GreenStar 4 Monitor),Enlist 1 & Ag Saver,347,7/2/2025,0.205,On,1095.4,120.00,-0.625,7.342,2.205,6.142,179.72,15.00,14.80,0,10,106.67,7/2/2025,Good,0.00,0.00,0.00,0.00,0.00,0.00,0.00,3.946,0.00019,1.973,9.362e-05,14.33,0.087,0.00,0.00,23.67,0.0011,0.00,0.00,0.00,0.00,0.00,0.00,0.00,0.00,0.0061
-93.76108372,42.01963444,40,TaskName 7/2/2025 (GreenStar 4 Monitor),Enlist 1 & Ag Saver,348,7/2/2025,0.996,On,1095.4,121.25,0.00,7.596,11.09,5.969,179.73,15.00,14.84,0,10,111.59,7/2/2025,Good,0.00,0.00,0.00,0.00,0.00,0.00,0.00,3.958,0.00095,1.979,0.00048,14.38,0.444,0.00,0.00,23.75,0.0057,0.00,0.00,0.00,0.00,0.00,0.00,0.00,0.00,0.031
-93.76108357,42.01960344,40,TaskName 7/2/2025 (GreenStar 4 Monitor),Enlist 1 & Ag Saver,349,7/2/2025,0.999,On,1095.5,121.25,0.00,7.709,11.30,6.415,179.60,15.00,14.84,0,10,113.32,7/2/2025,Good,0.00,0.00,0.00,0.00,0.00,0.00,0.00,3.956,0.00097,1.978,0.00049,14.37,0.452,0.00,0.00,23.74,0.0058,0.00,0.00,0.00,0.00,0.00,0.00,0.00,0.00,0.031
-93.76108357,42.01959719,40,TaskName 7/2/2025 (GreenStar 4 Monitor),Enlist 1 & Ag Saver,350,7/2/2025,0.201,On,1095.6,121.25,0.00,7.713,2.262,5.904,179.52,15.00,14.84,0,10,112.78,7/2/2025,Good,0.00,0.00,0.00,0.00,0.00,0.00,0.00,3.957,0.00019,1.978,9.733e-05,14.37,0.091,0.00,0.00,23.74,0.0012,0.00,0.00,0.00,0.00,0.00,0.00,0.00,0.00,0.0063
-93.76108264,42.01956575,40,TaskName 7/2/2025 (GreenStar 4 Monitor),Enlist 1 & Ag Saver,351,7/2/2025,1.000,On,1095.7,120.00,-0.625,7.769,11.41,5.840,179.76,15.00,14.88,0,10,113.15,7/2/2025,Good,0.00,0.00,0.00,0.00,0.00,0.00,0.00,3.969,0.00097,1.984,0.00049,14.42,0.453,0.00,0.00,23.81,0.0058,0.00,0.00,0.00,0.00,0.00,0.00,0.00,0.00,0.031
-93.76108252,42.01953464,40,TaskName 7/2/2025 (GreenStar 4 Monitor),Enlist 1 & Ag Saver,352,7/2/2025,0.999,On,1095.7,120.00,-0.625,7.736,11.33,6.171,179.57,15.00,14.91,0,10,112.51,7/2/2025,Good,0.00,0.00,0.00,0.00,0.00,0.00,0.00,3.976,0.00097,1.988,0.00048,14.44,0.451,0.00,0.00,23.86,0.0058,0.00,0.00,0.00,0.00,0.00,0.00,0.00,0.00,0.031
-93.76108249,42.01952219,40,TaskName 7/2/2025 (GreenStar 4 Monitor),Enlist 1 & Ag Saver,353,7/2/2025,0.400,On,1095.7,120.00,-0.625,7.764,4.557,6.437,179.39,15.00,14.91,0,10,112.99,7/2/2025,Good,0.00,0.00,0.00,0.00,0.00,0.00,0.00,3.975,0.00039,1.988,0.00019,14.44,0.181,0.00,0.00,23.85,0.0023,0.00,0.00,0.00,0.00,0.00,0.00,0.00,0.00,0.013
-93.76108183,42.01949076,40,TaskName 7/2/2025 (GreenStar 4 Monitor),Enlist 1 & Ag Saver,354,7/2/2025,1.001,On,1095.8,121.25,0.00,7.756,11.39,6.591,179.27,15.00,14.99,0,10,114.05,7/2/2025,Good,0.00,0.00,0.00,0.00,0.00,0.00,0.00,3.996,0.00099,1.998,0.00050,14.52,0.460,0.00,0.00,23.98,0.0059,0.00,0.00,0.00,0.00,0.00,0.00,0.00,0.00,0.032
-93.76108116,42.01945896,40,TaskName 7/2/2025 (GreenStar 4 Monitor),Enlist 1 & Ag Saver,355,7/2/2025,0.999,On,1095.8,120.00,-0.625,7.870,11.53,6.238,179.26,15.00,15.00,0,10,114.47,7/2/2025,Good,0.00,0.00,0.00,0.00,0.00,0.00,0.00,4.001,0.00099,2.000,0.00050,14.53,0.462,0.00,0.00,24.01,0.0060,0.00,0.00,0.00,0.00,0.00,0.00,0.00,0.00,0.032
-93.76108065,42.01942701,40,TaskName 7/2/2025 (GreenStar 4 Monitor),Enlist 1 & Ag Saver,356,7/2/2025,1.001,On,1095.8,120.00,-0.625,7.945,11.66,5.889,179.17,15.00,14.99,0,10,115.54,7/2/2025,Good,0.00,0.00,0.00,0.00,0.00,0.00,0.00,3.996,0.0010,1.998,0.00050,14.52,0.466,0.00,0.00,23.98,0.0060,0.00,0.00,0.00,0.00,0.00,0.00,0.00,0.00,0.032
-93.76108039,42.01942068,40,TaskName 7/2/2025 (GreenStar 4 Monitor),Enlist 1 & Ag Saver,357,7/2/2025,0.199,On,1095.9,120.00,-0.625,7.928,2.315,6.149,179.29,15.00,14.96,0,10,115.35,7/2/2025,Good,0.00,0.00,0.00,0.00,0.00,0.00,0.00,3.988,0.00020,1.994,9.934e-05,14.49,0.092,0.00,0.00,23.93,0.0012,0.00,0.00,0.00,0.00,0.00,0.00,0.00,0.00,0.0064
-93.76107955,42.01938854,40,TaskName 7/2/2025 (GreenStar 4 Monitor),Enlist 1 & Ag Saver,358,7/2/2025,1.005,On,1095.9,121.25,0.00,7.903,11.66,5.859,179.47,15.00,14.99,0,10,116.21,7/2/2025,Good,0.00,0.00,0.00,0.00,0.00,0.00,0.00,3.996,0.0010,1.998,0.00051,14.52,0.471,0.00,0.00,23.98,0.0061,0.00,0.00,0.00,0.00,0.00,0.00,0.00,0.00,0.032
-93.76107951,42.01937581,40,TaskName 7/2/2025 (GreenStar 4 Monitor),Enlist 1 & Ag Saver,359,7/2/2025,0.395,On,1095.8,121.25,0.00,7.988,4.629,5.813,179.25,15.00,14.99,0,10,117.44,7/2/2025,Good,0.00,0.00,0.00,0.00,0.00,0.00,0.00,3.997,0.00040,1.998,0.00020,14.52,0.187,0.00,0.00,23.98,0.0024,0.00,0.00,0.00,0.00,0.00,0.00,0.00,0.00,0.013
-93.76107882,42.01934373,40,TaskName 7/2/2025 (GreenStar 4 Monitor),Enlist 1 & Ag Saver,360,7/2/2025,1.000,On,1095.9,120.00,-0.625,7.962,11.68,5.571,179.89,15.00,14.97,0,10,115.82,7/2/2025,Good,0.00,0.00,0.00,0.00,0.00,0.00,0.00,3.991,0.0010,1.995,0.00050,14.50,0.466,0.00,0.00,23.94,0.0060,0.00,0.00,0.00,0.00,0.00,0.00,0.00,0.00,0.032
-93.76107837,42.01931185,40,TaskName 7/2/2025 (GreenStar 4 Monitor),Enlist 1 & Ag Saver,361,7/2/2025,1.000,On,1096.0,120.00,-0.625,7.924,11.62,5.990,180.08,15.00,14.98,0,10,115.27,7/2/2025,Good,0.00,0.00,0.00,0.00,0.00,0.00,0.00,3.993,0.00100,1.997,0.00050,14.51,0.464,0.00,0.00,23.96,0.0060,0.00,0.00,0.00,0.00,0.00,0.00,0.00,0.00,0.032
-93.76107843,42.01927981,40,TaskName 7/2/2025 (GreenStar 4 Monitor),Enlist 1 & Ag Saver,362,7/2/2025,1.001,On,1096.1,120.00,-0.625,7.948,11.67,6.842,179.32,15.00,14.96,0,10,115.61,7/2/2025,Good,0.00,0.00,0.00,0.00,0.00,0.00,0.00,3.988,0.0010,1.994,0.00050,14.49,0.466,0.00,0.00,23.93,0.0060,0.00,0.00,0.00,0.00,0.00,0.00,0.00,0.00,0.032
-93.76107800,42.01924732,40,TaskName 7/2/2025 (GreenStar 4 Monitor),Enlist 1 & Ag Saver,363,7/2/2025,0.999,On,1096.2,120.00,-0.625,8.055,11.80,6.145,179.41,15.00,14.98,0,10,117.14,7/2/2025,Good,0.00,0.00,0.00,0.00,0.00,0.00,0.00,3.994,0.0010,1.997,0.00051,14.51,0.472,0.00,0.00,23.96,0.0061,0.00,0.00,0.00,0.00,0.00,0.00,0.00,0.00,0.033
-93.76107773,42.01924086,40,TaskName 7/2/2025 (GreenStar 4 Monitor),Enlist 1 & Ag Saver,364,7/2/2025,0.201,On,1096.2,120.00,-0.625,8.071,2.380,6.287,179.67,15.00,14.90,0,10,117.44,7/2/2025,Good,0.00,0.00,0.00,0.00,0.00,0.00,0.00,3.974,0.00020,1.987,0.00010,14.44,0.095,0.00,0.00,23.84,0.0012,0.00,0.00,0.00,0.00,0.00,0.00,0.00,0.00,0.0066
-93.76107721,42.01922124,40,TaskName 7/2/2025 (GreenStar 4 Monitor),Enlist 1 & Ag Saver,365,7/2/2025,0.599,On,1096.3,121.25,0.00,8.065,7.088,6.646,179.76,15.00,15.01,0,10,118.58,7/2/2025,Good,0.00,0.00,0.00,0.00,0.00,0.00,0.00,4.003,0.00062,2.001,0.00031,14.54,0.287,0.00,0.00,24.02,0.0037,0.00,0.00,0.00,0.00,0.00,0.00,0.00,0.00,0.020
-93.76107728,42.01918802,40,TaskName 7/2/2025 (GreenStar 4 Monitor),Enlist 1 & Ag Saver,366,7/2/2025,1.000,On,1096.4,120.00,-0.625,8.179,11.99,6.775,179.25,15.00,15.03,0,10,118.94,7/2/2025,Good,0.00,0.00,0.00,0.00,0.00,0.00,0.00,4.008,0.0010,2.004,0.00052,14.56,0.481,0.00,0.00,24.05,0.0062,0.00,0.00,0.00,0.00,0.00,0.00,0.00,0.00,0.033
-93.76107704,42.01915417,40,TaskName 7/2/2025 (GreenStar 4 Monitor),Enlist 1 & Ag Saver,367,7/2/2025,1.005,On,1096.5,120.00,-0.625,8.333,12.29,6.400,178.93,15.00,14.98,0,10,121.23,7/2/2025,Good,0.00,0.00,0.00,0.00,0.00,0.00,0.00,3.993,0.0011,1.997,0.00053,14.51,0.491,0.00,0.00,23.96,0.0063,0.00,0.00,0.00,0.00,0.00,0.00,0.00,0.00,0.034
-93.76107587,42.01911998,40,TaskName 7/2/2025 (GreenStar 4 Monitor),Enlist 1 & Ag Saver,368,7/2/2025,0.995,On,1096.6,120.00,-0.625,8.457,12.34,5.974,179.90,15.00,14.98,0,10,123.04,7/2/2025,Good,0.00,0.00,0.00,0.00,0.00,0.00,0.00,3.995,0.0011,1.997,0.00053,14.51,0.493,0.00,0.00,23.97,0.0064,0.00,0.00,0.00,0.00,0.00,0.00,0.00,0.00,0.034
-93.76107570,42.01908607,40,TaskName 7/2/2025 (GreenStar 4 Monitor),Enlist 1 & Ag Saver,369,7/2/2025,1.000,On,1096.6,120.00,-0.625,8.466,12.42,5.900,179.98,15.00,14.98,0,10,123.17,7/2/2025,Good,0.00,0.00,0.00,0.00,0.00,0.00,0.00,3.994,0.0011,1.997,0.00053,14.51,0.496,0.00,0.00,23.96,0.0064,0.00,0.00,0.00,0.00,0.00,0.00,0.00,0.00,0.034
-93.76107627,42.01905352,40,TaskName 7/2/2025 (GreenStar 4 Monitor),Enlist 1 & Ag Saver,370,7/2/2025,1.001,On,1096.6,120.00,-0.625,8.233,12.09,5.838,179.00,15.00,14.96,0,10,119.77,7/2/2025,Good,0.00,0.00,0.00,0.00,0.00,0.00,0.00,3.988,0.0010,1.994,0.00052,14.49,0.482,0.00,0.00,23.93,0.0062,0.00,0.00,0.00,0.00,0.00,0.00,0.00,0.00,0.033
-93.76107577,42.01902181,40,TaskName 7/2/2025 (GreenStar 4 Monitor),Enlist 1 & Ag Saver,371,7/2/2025,0.994,On,1096.6,120.00,-0.625,7.999,11.67,5.583,179.33,15.00,14.98,0,10,116.39,7/2/2025,Good,0.00,0.00,0.00,0.00,0.00,0.00,0.00,3.996,0.0010,1.998,0.00050,14.51,0.466,0.00,0.00,23.97,0.0060,0.00,0.00,0.00,0.00,0.00,0.00,0.00,0.00,0.032
-93.76107471,42.01899216,40,TaskName 7/2/2025 (GreenStar 4 Monitor),Enlist 1 & Ag Saver,372,7/2/2025,1.005,On,1096.5,120.00,-0.625,7.714,11.37,3.496,180.90,15.00,14.98,0,10,112.17,7/2/2025,Good,0.00,0.00,0.00,0.00,0.00,0.00,0.00,3.995,0.00098,1.998,0.00049,14.51,0.454,0.00,0.00,23.97,0.0059,0.00,0.00,0.00,0.00,0.00,0.00,0.00,0.00,0.031
-93.76107461,42.01896582,40,TaskName 7/2/2025 (GreenStar 4 Monitor),Enlist 1 & Ag Saver,373,7/2/2025,0.996,On,1096.7,120.00,-0.625,6.895,10.07,5.592,181.86,15.00,15.08,0,10,100.24,7/2/2025,Good,0.00,0.00,0.00,0.00,0.00,0.00,0.00,4.021,0.00087,2.011,0.00044,14.61,0.405,0.00,0.00,24.13,0.0052,0.00,0.00,0.00,0.00,0.00,0.00,0.00,0.00,0.028
-93.76107582,42.01893880,40,TaskName 7/2/2025 (GreenStar 4 Monitor),Enlist 1 & Ag Saver,374,7/2/2025,1.004,On,1096.7,120.00,-0.625,6.636,9.769,5.912,180.71,15.00,15.07,0,10,96.50,7/2/2025,Good,0.00,0.00,0.00,0.00,0.00,0.00,0.00,4.020,0.00085,2.010,0.00042,14.60,0.393,0.00,0.00,24.12,0.0051,0.00,0.00,0.00,0.00,0.00,0.00,0.00,0.00,0.027
-93.76107640,42.01891170,40,TaskName 7/2/2025 (GreenStar 4 Monitor),Enlist 1 & Ag Saver,375,7/2/2025,1.000,On,1096.8,120.00,-0.625,6.729,9.874,5.628,179.61,15.00,15.04,0,10,97.92,7/2/2025,Good,0.00,0.00,0.00,0.00,0.00,0.00,0.00,4.012,0.00085,2.006,0.00043,14.57,0.396,0.00,0.00,24.07,0.0051,0.00,0.00,0.00,0.00,0.00,0.00,0.00,0.00,0.027
-93.76107610,42.01888426,40,TaskName 7/2/2025 (GreenStar 4 Monitor),Enlist 1 & Ag Saver,376,7/2/2025,1.000,On,1096.8,120.00,-0.625,6.797,9.972,5.546,179.66,15.00,14.99,0,10,98.90,7/2/2025,Good,0.00,0.00,0.00,0.00,0.00,0.00,0.00,3.998,0.00086,1.999,0.00043,14.52,0.399,0.00,0.00,23.99,0.0051,0.00,0.00,0.00,0.00,0.00,0.00,0.00,0.00,0.027
-93.76107569,42.01885662,40,TaskName 7/2/2025 (GreenStar 4 Monitor),Enlist 1 & Ag Saver,377,7/2/2025,1.000,On,1096.7,120.00,-0.625,6.849,10.05,4.945,179.80,15.00,15.02,0,10,99.65,7/2/2025,Good,0.00,0.00,0.00,0.00,0.00,0.00,0.00,4.005,0.00087,2.002,0.00043,14.55,0.403,0.00,0.00,24.03,0.0052,0.00,0.00,0.00,0.00,0.00,0.00,0.00,0.00,0.028
-93.76107540,42.01882979,40,TaskName 7/2/2025 (GreenStar 4 Monitor),Enlist 1 & Ag Saver,378,7/2/2025,1.000,On,1096.9,120.00,-0.625,6.723,9.861,5.803,179.91,15.00,15.05,0,10,97.79,7/2/2025,Good,0.00,0.00,0.00,0.00,0.00,0.00,0.00,4.013,0.00085,2.006,0.00043,14.58,0.396,0.00,0.00,24.08,0.0051,0.00,0.00,0.00,0.00,0.00,0.00,0.00,0.00,0.027
-93.76107519,42.01880233,40,TaskName 7/2/2025 (GreenStar 4 Monitor),Enlist 1 & Ag Saver,379,7/2/2025,0.995,On,1097.0,120.00,-0.625,6.732,9.828,7.645,179.81,15.00,15.04,0,10,97.96,7/2/2025,Good,0.00,0.00,0.00,0.00,0.00,0.00,0.00,4.011,0.00085,2.006,0.00042,14.57,0.394,0.00,0.00,24.07,0.0051,0.00,0.00,0.00,0.00,0.00,0.00,0.00,0.00,0.027
-93.76107495,42.01877303,40,TaskName 7/2/2025 (GreenStar 4 Monitor),Enlist 1 & Ag Saver,380,7/2/2025,1.005,On,1096.9,120.00,-0.625,7.080,10.43,5.585,179.62,15.00,15.05,0,10,102.97,7/2/2025,Good,0.00,0.00,0.00,0.00,0.00,0.00,0.00,4.013,0.00090,2.006,0.00045,14.58,0.419,0.00,0.00,24.08,0.0054,0.00,0.00,0.00,0.00,0.00,0.00,0.00,0.00,0.029
-93.76107477,42.01876138,40,TaskName 7/2/2025 (GreenStar 4 Monitor),Enlist 1 & Ag Saver,381,7/2/2025,0.396,On,1096.9,121.25,0.00,7.283,4.229,4.050,179.66,15.00,14.91,0,10,107.02,7/2/2025,Good,0.00,0.00,0.00,0.00,0.00,0.00,0.00,3.977,0.00037,1.988,0.00018,14.45,0.170,0.00,0.00,23.86,0.0022,0.00,0.00,0.00,0.00,0.00,0.00,0.00,0.00,0.012
-93.76107483,42.01873319,40,TaskName 7/2/2025 (GreenStar 4 Monitor),Enlist 1 & Ag Saver,382,7/2/2025,1.004,On,1097.1,120.00,-0.625,7.110,10.47,5.782,178.77,15.00,14.96,0,10,103.43,7/2/2025,Good,0.00,0.00,0.00,0.00,0.00,0.00,0.00,3.991,0.00090,1.995,0.00045,14.50,0.418,0.00,0.00,23.94,0.0054,0.00,0.00,0.00,0.00,0.00,0.00,0.00,0.00,0.029
-93.76107458,42.01870415,40,TaskName 7/2/2025 (GreenStar 4 Monitor),Enlist 1 & Ag Saver,383,7/2/2025,0.996,On,1097.2,120.00,-0.625,7.099,10.36,7.381,178.38,15.00,14.97,0,10,103.19,7/2/2025,Good,0.00,0.00,0.00,0.00,0.00,0.00,0.00,3.991,0.00089,1.996,0.00045,14.50,0.414,0.00,0.00,23.95,0.0053,0.00,0.00,0.00,0.00,0.00,0.00,0.00,0.00,0.029
-93.76107288,42.01867395,40,TaskName 7/2/2025 (GreenStar 4 Monitor),Enlist 1 & Ag Saver,384,7/2/2025,1.000,On,1097.3,120.00,-0.625,7.389,10.83,6.119,179.60,15.00,14.94,0,10,107.39,7/2/2025,Good,0.00,0.00,0.00,0.00,0.00,0.00,0.00,3.984,0.00093,1.992,0.00046,14.47,0.432,0.00,0.00,23.91,0.0056,0.00,0.00,0.00,0.00,0.00,0.00,0.00,0.00,0.030
-93.76107220,42.01864365,40,TaskName 7/2/2025 (GreenStar 4 Monitor),Enlist 1 & Ag Saver,385,7/2/2025,0.999,On,1097.3,120.00,-0.625,7.479,10.95,6.553,179.83,15.00,14.94,0,10,108.74,7/2/2025,Good,0.00,0.00,0.00,0.00,0.00,0.00,0.00,3.985,0.00094,1.992,0.00047,14.48,0.437,0.00,0.00,23.91,0.0056,0.00,0.00,0.00,0.00,0.00,0.00,0.00,0.00,0.030
-93.76107237,42.01861256,40,TaskName 7/2/2025 (GreenStar 4 Monitor),Enlist 1 & Ag Saver,386,7/2/2025,1.005,On,1097.4,120.00,-0.625,7.628,11.24,6.622,179.22,15.00,14.95,0,10,110.87,7/2/2025,Good,0.00,0.00,0.00,0.00,0.00,0.00,0.00,3.987,0.00096,1.994,0.00048,14.48,0.448,0.00,0.00,23.92,0.0058,0.00,0.00,0.00,0.00,0.00,0.00,0.00,0.00,0.031
-93.76107182,42.01858091,40,TaskName 7/2/2025 (GreenStar 4 Monitor),Enlist 1 & Ag Saver,387,7/2/2025,1.000,On,1097.5,120.00,-0.625,7.822,11.47,5.736,179.53,15.00,14.95,0,10,113.71,7/2/2025,Good,0.00,0.00,0.00,0.00,0.00,0.00,0.00,3.987,0.00098,1.993,0.00049,14.48,0.457,0.00,0.00,23.92,0.0059,0.00,0.00,0.00,0.00,0.00,0.00,0.00,0.00,0.032
-93.76107118,42.01854924,40,TaskName 7/2/2025 (GreenStar 4 Monitor),Enlist 1 & Ag Saver,388,7/2/2025,1.000,On,1097.6,120.00,-0.625,7.865,11.53,6.000,179.91,15.00,14.95,0,10,114.32,7/2/2025,Good,0.00,0.00,0.00,0.00,0.00,0.00,0.00,3.986,0.00099,1.993,0.00049,14.48,0.460,0.00,0.00,23.92,0.0059,0.00,0.00,0.00,0.00,0.00,0.00,0.00,0.00,0.032
-93.76107120,42.01851722,40,TaskName 7/2/2025 (GreenStar 4 Monitor),Enlist 1 & Ag Saver,389,7/2/2025,0.996,On,1097.6,120.00,-0.625,7.891,11.52,6.654,179.45,15.00,14.97,0,10,114.72,7/2/2025,Good,0.00,0.00,0.00,0.00,0.00,0.00,0.00,3.991,0.00099,1.996,0.00049,14.50,0.460,0.00,0.00,23.95,0.0059,0.00,0.00,0.00,0.00,0.00,0.00,0.00,0.00,0.032
-93.76107103,42.01848461,40,TaskName 7/2/2025 (GreenStar 4 Monitor),Enlist 1 & Ag Saver,390,7/2/2025,1.004,On,1097.6,120.00,-0.625,8.039,11.83,6.330,179.10,15.00,14.99,0,10,116.88,7/2/2025,Good,0.00,0.00,0.00,0.00,0.00,0.00,0.00,3.999,0.0010,1.999,0.00051,14.53,0.473,0.00,0.00,23.99,0.0061,0.00,0.00,0.00,0.00,0.00,0.00,0.00,0.00,0.033
-93.76107000,42.01845166,40,TaskName 7/2/2025 (GreenStar 4 Monitor),Enlist 1 & Ag Saver,391,7/2/2025,1.000,On,1097.7,120.00,-0.625,8.159,11.96,5.851,179.30,15.00,14.97,0,10,118.62,7/2/2025,Good,0.00,0.00,0.00,0.00,0.00,0.00,0.00,3.991,0.0010,1.995,0.00051,14.50,0.478,0.00,0.00,23.94,0.0062,0.00,0.00,0.00,0.00,0.00,0.00,0.00,0.00,0.033
-93.76106965,42.01841898,40,TaskName 7/2/2025 (GreenStar 4 Monitor),Enlist 1 & Ag Saver,392,7/2/2025,0.995,On,1097.7,120.00,-0.625,8.129,11.86,6.805,179.01,15.00,14.95,0,10,118.20,7/2/2025,Good,0.00,0.00,0.00,0.00,0.00,0.00,0.00,3.987,0.0010,1.994,0.00051,14.48,0.473,0.00,0.00,23.92,0.0061,0.00,0.00,0.00,0.00,0.00,0.00,0.00,0.00,0.033
-93.76106863,42.01838607,40,TaskName 7/2/2025 (GreenStar 4 Monitor),Enlist 1 & Ag Saver,393,7/2/2025,1.000,On,1097.8,120.00,-0.625,8.157,11.96,6.293,179.28,15.00,14.98,0,10,118.62,7/2/2025,Good,0.00,0.00,0.00,0.00,0.00,0.00,0.00,3.996,0.0010,1.998,0.00051,14.51,0.478,0.00,0.00,23.97,0.0062,0.00,0.00,0.00,0.00,0.00,0.00,0.00,0.00,0.033
-93.76106800,42.01835270,40,TaskName 7/2/2025 (GreenStar 4 Monitor),Enlist 1 & Ag Saver,394,7/2/2025,1.005,On,1097.8,120.00,-0.625,8.247,12.15,6.286,179.52,15.00,14.92,0,10,119.91,7/2/2025,Good,0.00,0.00,0.00,0.00,0.00,0.00,0.00,3.979,0.0010,1.989,0.00052,14.45,0.484,0.00,0.00,23.87,0.0062,0.00,0.00,0.00,0.00,0.00,0.00,0.00,0.00,0.033
-93.76106786,42.01831909,40,TaskName 7/2/2025 (GreenStar 4 Monitor),Enlist 1 & Ag Saver,395,7/2/2025,0.995,On,1097.9,120.00,-0.625,8.289,12.10,6.927,179.34,15.00,14.94,0,10,120.56,7/2/2025,Good,0.00,0.00,0.00,0.00,0.00,0.00,0.00,3.983,0.0010,1.991,0.00052,14.47,0.482,0.00,0.00,23.90,0.0062,0.00,0.00,0.00,0.00,0.00,0.00,0.00,0.00,0.033
-93.76106737,42.01828485,40,TaskName 7/2/2025 (GreenStar 4 Monitor),Enlist 1 & Ag Saver,396,7/2/2025,1.000,On,1097.9,120.00,-0.625,8.465,12.41,6.418,179.34,15.00,14.96,0,10,123.08,7/2/2025,Good,0.00,0.00,0.00,0.00,0.00,0.00,0.00,3.988,0.0011,1.994,0.00053,14.49,0.495,0.00,0.00,23.93,0.0064,0.00,0.00,0.00,0.00,0.00,0.00,0.00,0.00,0.034
-93.76106681,42.01825029,40,TaskName 7/2/2025 (GreenStar 4 Monitor),Enlist 1 & Ag Saver,397,7/2/2025,1.000,On,1098.0,120.00,-0.625,8.533,12.51,6.021,179.44,15.00,14.97,0,10,124.09,7/2/2025,Good,0.00,0.00,0.00,0.00,0.00,0.00,0.00,3.992,0.0011,1.996,0.00054,14.50,0.500,0.00,0.00,23.95,0.0064,0.00,0.00,0.00,0.00,0.00,0.00,0.00,0.00,0.034
-93.76106660,42.01822285,40,TaskName 7/2/2025 (GreenStar 4 Monitor),Enlist 1 & Ag Saver,398,7/2/2025,0.800,On,1098.1,120.00,-0.625,8.591,10.07,6.259,179.34,15.00,14.95,0,10,124.88,7/2/2025,Good,0.00,0.00,0.00,0.00,0.00,0.00,0.00,3.985,0.00086,1.993,0.00043,14.48,0.402,0.00,0.00,23.91,0.0052,0.00,0.00,0.00,0.00,0.00,0.00,0.00,0.00,0.028
-93.76106654,42.01820241,40,TaskName 7/2/2025 (GreenStar 4 Monitor),Enlist 1 & Ag Saver,399,7/2/2025,0.601,On,1098.3,121.25,0.00,8.480,7.462,7.082,179.16,15.00,14.97,0,10,124.42,7/2/2025,Good,0.00,0.00,0.00,0.00,0.00,0.00,0.00,3.992,0.00065,1.996,0.00032,14.50,0.301,0.00,0.00,23.95,0.0039,0.00,0.00,0.00,0.00,0.00,0.00,0.00,0.00,0.021
-93.76106610,42.01816782,40,TaskName 7/2/2025 (GreenStar 4 Monitor),Enlist 1 & Ag Saver,400,7/2/2025,1.000,On,1098.5,120.00,-0.625,8.502,12.48,6.888,179.21,15.00,15.00,0,10,123.73,7/2/2025,Good,0.00,0.00,0.00,0.00,0.00,0.00,0.00,4.001,0.0011,2.000,0.00054,14.53,0.499,0.00,0.00,24.01,0.0064,0.00,0.00,0.00,0.00,0.00,0.00,0.00,0.00,0.034
-93.76106539,42.01813320,40,TaskName 7/2/2025 (GreenStar 4 Monitor),Enlist 1 & Ag Saver,401,7/2/2025,1.004,On,1098.6,120.00,-0.625,8.591,12.64,6.627,179.80,15.00,14.97,0,10,124.89,7/2/2025,Good,0.00,0.00,0.00,0.00,0.00,0.00,0.00,3.992,0.0011,1.996,0.00054,14.50,0.505,0.00,0.00,23.95,0.0065,0.00,0.00,0.00,0.00,0.00,0.00,0.00,0.00,0.035
-93.76106491,42.01811238,40,TaskName 7/2/2025 (GreenStar 4 Monitor),Enlist 1 & Ag Saver,402,7/2/2025,0.595,On,1098.7,120.00,-0.625,8.631,7.531,6.905,180.04,15.00,14.97,0,10,125.52,7/2/2025,Good,0.00,0.00,0.00,0.00,0.00,0.00,0.00,3.993,0.00065,1.997,0.00032,14.50,0.301,0.00,0.00,23.96,0.0039,0.00,0.00,0.00,0.00,0.00,0.00,0.00,0.00,0.021
-93.76106509,42.01807763,40,TaskName 7/2/2025 (GreenStar 4 Monitor),Enlist 1 & Ag Saver,403,7/2/2025,1.005,On,1098.8,121.25,0.00,8.623,12.71,6.969,179.37,15.00,14.97,0,10,126.72,7/2/2025,Good,0.00,0.00,0.00,0.00,0.00,0.00,0.00,3.992,0.0011,1.996,0.00055,14.50,0.513,0.00,0.00,23.95,0.0066,0.00,0.00,0.00,0.00,0.00,0.00,0.00,0.00,0.035
-93.76106517,42.01807059,40,TaskName 7/2/2025 (GreenStar 4 Monitor),Enlist 1 & Ag Saver,404,7/2/2025,0.190,On,1098.9,121.25,0.00,8.619,2.402,6.116,179.11,15.00,14.93,0,10,126.68,7/2/2025,Good,0.00,0.00,0.00,0.00,0.00,0.00,0.00,3.983,0.00021,1.991,0.00010,14.47,0.097,0.00,0.00,23.90,0.0012,0.00,0.00,0.00,0.00,0.00,0.00,0.00,0.00,0.0067
-93.76106523,42.01803574,40,TaskName 7/2/2025 (GreenStar 4 Monitor),Enlist 1 & Ag Saver,405,7/2/2025,1.006,On,1098.9,120.00,-0.625,8.687,12.81,6.252,178.88,15.00,15.01,0,10,126.32,7/2/2025,Good,0.00,0.00,0.00,0.00,0.00,0.00,0.00,4.003,0.0011,2.001,0.00055,14.54,0.513,0.00,0.00,24.02,0.0066,0.00,0.00,0.00,0.00,0.00,0.00,0.00,0.00,0.035
-93.76106396,42.01800085,40,TaskName 7/2/2025 (GreenStar 4 Monitor),Enlist 1 & Ag Saver,406,7/2/2025,0.999,On,1099.0,120.00,-0.625,8.652,12.67,5.886,179.65,15.00,14.95,0,10,125.81,7/2/2025,Good,0.00,0.00,0.00,0.00,0.00,0.00,0.00,3.988,0.0011,1.994,0.00054,14.48,0.506,0.00,0.00,23.93,0.0065,0.00,0.00,0.00,0.00,0.00,0.00,0.00,0.00,0.035
-93.76106366,42.01797301,40,TaskName 7/2/2025 (GreenStar 4 Monitor),Enlist 1 & Ag Saver,407,7/2/2025,0.800,On,1099.1,121.25,0.00,8.642,10.14,5.880,179.66,15.00,15.01,0,10,126.96,7/2/2025,Good,0.00,0.00,0.00,0.00,0.00,0.00,0.00,4.003,0.00088,2.002,0.00044,14.54,0.410,0.00,0.00,24.02,0.0053,0.00,0.00,0.00,0.00,0.00,0.00,0.00,0.00,0.028
-93.76106390,42.01793871,40,TaskName 7/2/2025 (GreenStar 4 Monitor),Enlist 1 & Ag Saver,408,7/2/2025,1.005,On,1099.3,120.00,-0.625,8.589,12.66,6.471,179.11,15.00,15.05,0,10,124.89,7/2/2025,Good,0.00,0.00,0.00,0.00,0.00,0.00,0.00,4.015,0.0011,2.007,0.00055,14.58,0.508,0.00,0.00,24.09,0.0066,0.00,0.00,0.00,0.00,0.00,0.00,0.00,0.00,0.035
-93.76106319,42.01791810,40,TaskName 7/2/2025 (GreenStar 4 Monitor),Enlist 1 & Ag Saver,409,7/2/2025,0.595,On,1099.4,120.00,-0.625,8.530,7.439,6.818,179.44,15.00,15.05,0,10,123.99,7/2/2025,Good,0.00,0.00,0.00,0.00,0.00,0.00,0.00,4.014,0.00064,2.007,0.00032,14.58,0.299,0.00,0.00,24.08,0.0039,0.00,0.00,0.00,0.00,0.00,0.00,0.00,0.00,0.020
-93.76062047,42.01792743,40,TaskName 7/2/2025 (GreenStar 4 Monitor),Enlist 1 & Ag Saver,410,7/2/2025,0.399,On,1097.6,120.00,0.625,7.960,4.657,6.433,359.07,15.00,14.81,0,11,115.75,7/2/2025,Good,0.00,0.00,0.00,0.00,0.00,0.00,0.00,3.950,0.00040,1.975,0.00020,14.35,0.184,0.00,0.00,23.70,0.0024,0.00,0.00,0.00,0.00,0.00,0.00,0.00,0.00,0.013
-93.76062127,42.01795349,40,TaskName 7/2/2025 (GreenStar 4 Monitor),Enlist 1 & Ag Saver,411,7/2/2025,0.800,On,1097.6,121.25,0.00,8.052,9.442,6.463,359.51,15.00,14.53,0,11,118.27,7/2/2025,Good,0.00,0.00,0.00,0.00,0.00,0.00,0.00,3.876,0.00080,1.938,0.00040,14.08,0.370,0.00,0.00,23.25,0.0048,0.00,0.00,0.00,0.00,0.00,0.00,0.00,0.00,0.026
-93.76062147,42.01798685,40,TaskName 7/2/2025 (GreenStar 4 Monitor),Enlist 1 & Ag Saver,412,7/2/2025,1.001,On,1097.6,120.00,0.625,8.168,11.99,7.147,359.69,15.00,14.67,0,11,118.78,7/2/2025,Good,0.00,0.00,0.00,0.00,0.00,0.00,0.00,3.912,0.0010,1.956,0.00050,14.21,0.469,0.00,0.00,23.47,0.0061,0.00,0.00,0.00,0.00,0.00,0.00,0.00,0.00,0.033
-93.76062158,42.01800052,40,TaskName 7/2/2025 (GreenStar 4 Monitor),Enlist 1 & Ag Saver,413,7/2/2025,0.400,On,1097.6,120.00,0.625,8.361,4.890,6.961,359.58,15.00,14.75,0,11,121.24,7/2/2025,Good,0.00,0.00,0.00,0.00,0.00,0.00,0.00,3.934,0.00041,1.967,0.00021,14.29,0.193,0.00,0.00,23.61,0.0025,0.00,0.00,0.00,0.00,0.00,0.00,0.00,0.00,0.013
-93.76062140,42.01803573,40,TaskName 7/2/2025 (GreenStar 4 Monitor),Enlist 1 & Ag Saver,414,7/2/2025,1.000,On,1097.5,121.25,0.00,8.608,12.62,6.096,359.00,15.00,14.76,0,11,126.45,7/2/2025,Good,0.00,0.00,0.00,0.00,0.00,0.00,0.00,3.935,0.0011,1.967,0.00054,14.29,0.502,0.00,0.00,23.61,0.0065,0.00,0.00,0.00,0.00,0.00,0.00,0.00,0.00,0.035
-93.76062226,42.01806443,40,TaskName 7/2/2025 (GreenStar 4 Monitor),Enlist 1 & Ag Saver,415,7/2/2025,0.800,On,1097.5,121.25,0.00,8.766,10.30,6.032,359.68,15.00,14.79,0,11,128.99,7/2/2025,Good,0.00,0.00,0.00,0.00,0.00,0.00,0.00,3.944,0.00088,1.972,0.00044,14.33,0.411,0.00,0.00,23.67,0.0053,0.00,0.00,0.00,0.00,0.00,0.00,0.00,0.00,0.029
-93.76062294,42.01809963,40,TaskName 7/2/2025 (GreenStar 4 Monitor),Enlist 1 & Ag Saver,416,7/2/2025,0.999,On,1097.4,120.00,0.625,8.827,12.93,6.695,359.95,15.00,14.82,0,11,128.33,7/2/2025,Good,0.00,0.00,0.00,0.00,0.00,0.00,0.00,3.953,0.0011,1.976,0.00055,14.36,0.511,0.00,0.00,23.72,0.0066,0.00,0.00,0.00,0.00,0.00,0.00,0.00,0.00,0.036
-93.76062230,42.01812121,40,TaskName 7/2/2025 (GreenStar 4 Monitor),Enlist 1 & Ag Saver,417,7/2/2025,0.600,On,1097.4,120.00,0.625,8.757,7.702,7.355,359.30,15.00,14.88,0,11,127.31,7/2/2025,Good,0.00,0.00,0.00,0.00,0.00,0.00,0.00,3.968,0.00066,1.984,0.00033,14.42,0.306,0.00,0.00,23.81,0.0039,0.00,0.00,0.00,0.00,0.00,0.00,0.00,0.00,0.021
-93.76062232,42.01815720,40,TaskName 7/2/2025 (GreenStar 4 Monitor),Enlist 1 & Ag Saver,418,7/2/2025,1.000,On,1097.4,121.25,0.00,8.931,13.10,6.046,358.86,15.00,14.82,0,11,131.25,7/2/2025,Good,0.00,0.00,0.00,0.00,0.00,0.00,0.00,3.953,0.0011,1.977,0.00056,14.36,0.523,0.00,0.00,23.72,0.0068,0.00,0.00,0.00,0.00,0.00,0.00,0.00,0.00,0.036
-93.76062348,42.01819317,40,TaskName 7/2/2025 (GreenStar 4 Monitor),Enlist 1 & Ag Saver,419,7/2/2025,0.995,On,1097.4,121.25,0.00,8.950,13.06,6.143,359.52,15.00,14.90,0,11,131.51,7/2/2025,Good,0.00,0.00,0.00,0.00,0.00,0.00,0.00,3.973,0.0011,1.987,0.00056,14.43,0.525,0.00,0.00,23.84,0.0068,0.00,0.00,0.00,0.00,0.00,0.00,0.00,0.00,0.036
-93.76062376,42.01820037,40,TaskName 7/2/2025 (GreenStar 4 Monitor),Enlist 1 & Ag Saver,420,7/2/2025,0.206,On,1097.4,121.25,0.00,8.923,2.694,6.287,359.65,15.00,14.90,0,11,131.06,7/2/2025,Good,0.00,0.00,0.00,0.00,0.00,0.00,0.00,3.974,0.00023,1.987,0.00012,14.44,0.108,0.00,0.00,23.84,0.0014,0.00,0.00,0.00,0.00,0.00,0.00,0.00,0.00,0.0075
-93.76062370,42.01823632,40,TaskName 7/2/2025 (GreenStar 4 Monitor),Enlist 1 & Ag Saver,421,7/2/2025,0.999,On,1097.5,120.00,0.625,8.916,13.06,6.464,359.01,15.00,14.96,0,11,129.63,7/2/2025,Good,0.00,0.00,0.00,0.00,0.00,0.00,0.00,3.990,0.0011,1.995,0.00056,14.49,0.521,0.00,0.00,23.94,0.0067,0.00,0.00,0.00,0.00,0.00,0.00,0.00,0.00,0.036
-93.76062381,42.01824350,40,TaskName 7/2/2025 (GreenStar 4 Monitor),Enlist 1 & Ag Saver,422,7/2/2025,0.200,On,1097.5,120.00,0.625,8.907,2.612,6.446,358.96,15.00,14.97,0,11,129.53,7/2/2025,Good,0.00,0.00,0.00,0.00,0.00,0.00,0.00,3.991,0.00022,1.996,0.00011,14.50,0.104,0.00,0.00,23.95,0.0013,0.00,0.00,0.00,0.00,0.00,0.00,0.00,0.00,0.0072
-93.76062400,42.01825064,40,TaskName 7/2/2025 (GreenStar 4 Monitor),Enlist 1 & Ag Saver,423,7/2/2025,0.196,On,1097.5,121.25,0.00,8.910,2.560,6.888,358.98,15.00,14.89,0,11,130.87,7/2/2025,Good,0.00,0.00,0.00,0.00,0.00,0.00,0.00,3.971,0.00022,1.986,0.00011,14.43,0.103,0.00,0.00,23.83,0.0013,0.00,0.00,0.00,0.00,0.00,0.00,0.00,0.00,0.0071
-93.76062406,42.01827226,40,TaskName 7/2/2025 (GreenStar 4 Monitor),Enlist 1 & Ag Saver,424,7/2/2025,0.605,On,1097.6,120.00,0.625,8.916,7.909,6.606,358.76,15.00,14.98,0,11,129.65,7/2/2025,Good,0.00,0.00,0.00,0.00,0.00,0.00,0.00,3.995,0.00068,1.997,0.00034,14.51,0.316,0.00,0.00,23.97,0.0041,0.00,0.00,0.00,0.00,0.00,0.00,0.00,0.00,0.022
-93.76062500,42.01829402,40,TaskName 7/2/2025 (GreenStar 4 Monitor),Enlist 1 & Ag Saver,425,7/2/2025,0.599,On,1097.6,121.25,0.00,8.974,7.880,6.181,359.36,15.00,14.95,0,11,131.82,7/2/2025,Good,0.00,0.00,0.00,0.00,0.00,0.00,0.00,3.987,0.00068,1.994,0.00034,14.48,0.318,0.00,0.00,23.92,0.0041,0.00,0.00,0.00,0.00,0.00,0.00,0.00,0.00,0.022
-93.76062568,42.01833016,40,TaskName 7/2/2025 (GreenStar 4 Monitor),Enlist 1 & Ag Saver,426,7/2/2025,1.000,On,1097.7,120.00,0.625,8.980,13.17,6.231,359.66,15.00,14.97,0,11,130.61,7/2/2025,Good,0.00,0.00,0.00,0.00,0.00,0.00,0.00,3.993,0.0011,1.996,0.00057,14.50,0.526,0.00,0.00,23.96,0.0068,0.00,0.00,0.00,0.00,0.00,0.00,0.00,0.00,0.036
-93.76062586,42.01836635,40,TaskName 7/2/2025 (GreenStar 4 Monitor),Enlist 1 & Ag Saver,427,7/2/2025,1.000,On,1097.6,120.00,0.625,9.007,13.21,5.720,359.43,15.00,14.96,0,11,130.97,7/2/2025,Good,0.00,0.00,0.00,0.00,0.00,0.00,0.00,3.988,0.0011,1.994,0.00057,14.49,0.527,0.00,0.00,23.93,0.0068,0.00,0.00,0.00,0.00,0.00,0.00,0.00,0.00,0.036
-93.76062599,42.01840272,40,TaskName 7/2/2025 (GreenStar 4 Monitor),Enlist 1 & Ag Saver,428,7/2/2025,0.996,On,1097.6,121.25,0.00,8.983,13.12,6.312,359.25,15.00,14.94,0,11,132.04,7/2/2025,Good,0.00,0.00,0.00,0.00,0.00,0.00,0.00,3.983,0.0011,1.992,0.00057,14.47,0.529,0.00,0.00,23.90,0.0068,0.00,0.00,0.00,0.00,0.00,0.00,0.00,0.00,0.037
-93.76062664,42.01843889,40,TaskName 7/2/2025 (GreenStar 4 Monitor),Enlist 1 & Ag Saver,429,7/2/2025,1.004,On,1097.5,121.25,0.00,9.042,13.31,6.497,359.22,15.00,14.95,0,11,132.88,7/2/2025,Good,0.00,0.00,0.00,0.00,0.00,0.00,0.00,3.988,0.0012,1.994,0.00058,14.49,0.537,0.00,0.00,23.93,0.0069,0.00,0.00,0.00,0.00,0.00,0.00,0.00,0.00,0.037
-93.76062696,42.01847524,40,TaskName 7/2/2025 (GreenStar 4 Monitor),Enlist 1 & Ag Saver,430,7/2/2025,1.000,On,1097.5,121.25,0.00,9.005,13.20,5.694,358.94,15.00,14.95,0,11,132.32,7/2/2025,Good,0.00,0.00,0.00,0.00,0.00,0.00,0.00,3.987,0.0011,1.993,0.00057,14.48,0.532,0.00,0.00,23.92,0.0069,0.00,0.00,0.00,0.00,0.00,0.00,0.00,0.00,0.037
-93.76062765,42.01851136,40,TaskName 7/2/2025 (GreenStar 4 Monitor),Enlist 1 & Ag Saver,431,7/2/2025,0.995,On,1097.5,121.25,0.00,8.983,13.10,5.856,359.32,15.00,15.01,0,11,131.97,7/2/2025,Good,0.00,0.00,0.00,0.00,0.00,0.00,0.00,4.002,0.0011,2.001,0.00057,14.54,0.530,0.00,0.00,24.01,0.0068,0.00,0.00,0.00,0.00,0.00,0.00,0.00,0.00,0.036
-93.76062836,42.01852568,40,TaskName 7/2/2025 (GreenStar 4 Monitor),Enlist 1 & Ag Saver,432,7/2/2025,0.405,On,1097.5,121.25,0.00,8.945,5.308,6.111,360.00,15.00,15.00,0,11,131.34,7/2/2025,Good,0.00,0.00,0.00,0.00,0.00,0.00,0.00,4.001,0.00046,2.001,0.00023,14.53,0.215,0.00,0.00,24.01,0.0028,0.00,0.00,0.00,0.00,0.00,0.00,0.00,0.00,0.015
-93.76062870,42.01856145,40,TaskName 7/2/2025 (GreenStar 4 Monitor),Enlist 1 & Ag Saver,433,7/2/2025,1.000,On,1097.5,120.00,0.625,8.915,13.07,5.830,0.306,15.00,14.99,0,11,129.63,7/2/2025,Good,0.00,0.00,0.00,0.00,0.00,0.00,0.00,3.998,0.0011,1.999,0.00056,14.52,0.523,0.00,0.00,23.99,0.0067,0.00,0.00,0.00,0.00,0.00,0.00,0.00,0.00,0.036
-93.76062822,42.01859668,40,TaskName 7/2/2025 (GreenStar 4 Monitor),Enlist 1 & Ag Saver,434,7/2/2025,1.000,On,1097.4,121.25,0.00,8.807,12.91,5.528,359.40,15.00,14.99,0,11,129.33,7/2/2025,Good,0.00,0.00,0.00,0.00,0.00,0.00,0.00,3.998,0.0011,1.999,0.00056,14.52,0.522,0.00,0.00,23.99,0.0067,0.00,0.00,0.00,0.00,0.00,0.00,0.00,0.00,0.036
-93.76062864,42.01863152,40,TaskName 7/2/2025 (GreenStar 4 Monitor),Enlist 1 & Ag Saver,435,7/2/2025,0.996,On,1097.3,121.25,0.00,8.716,12.72,5.397,359.13,15.00,14.99,0,11,128.01,7/2/2025,Good,0.00,0.00,0.00,0.00,0.00,0.00,0.00,3.999,0.0011,1.999,0.00055,14.52,0.514,0.00,0.00,23.99,0.0066,0.00,0.00,0.00,0.00,0.00,0.00,0.00,0.00,0.035
-93.76062970,42.01866609,40,TaskName 7/2/2025 (GreenStar 4 Monitor),Enlist 1 & Ag Saver,436,7/2/2025,0.999,On,1097.2,121.25,0.00,8.622,12.62,5.348,359.88,15.00,15.02,0,11,126.63,7/2/2025,Good,0.00,0.00,0.00,0.00,0.00,0.00,0.00,4.005,0.0011,2.002,0.00055,14.55,0.511,0.00,0.00,24.03,0.0066,0.00,0.00,0.00,0.00,0.00,0.00,0.00,0.00,0.035
-93.76063014,42.01870013,40,TaskName 7/2/2025 (GreenStar 4 Monitor),Enlist 1 & Ag Saver,437,7/2/2025,1.000,On,1097.2,121.25,0.00,8.536,12.51,5.271,0.086,15.00,15.02,0,11,125.39,7/2/2025,Good,0.00,0.00,0.00,0.00,0.00,0.00,0.00,4.004,0.0011,2.002,0.00054,14.55,0.507,0.00,0.00,24.03,0.0065,0.00,0.00,0.00,0.00,0.00,0.00,0.00,0.00,0.035
-93.76062999,42.01873315,40,TaskName 7/2/2025 (GreenStar 4 Monitor),Enlist 1 & Ag Saver,438,7/2/2025,1.000,On,1097.0,121.25,0.00,8.396,12.31,4.034,359.72,15.00,14.99,0,11,123.32,7/2/2025,Good,0.00,0.00,0.00,0.00,0.00,0.00,0.00,3.998,0.0011,1.999,0.00053,14.52,0.498,0.00,0.00,23.99,0.0064,0.00,0.00,0.00,0.00,0.00,0.00,0.00,0.00,0.034
-93.76063027,42.01876188,40,TaskName 7/2/2025 (GreenStar 4 Monitor),Enlist 1 & Ag Saver,439,7/2/2025,1.001,On,1097.0,121.25,0.00,7.714,11.29,3.245,358.38,15.00,15.00,0,11,113.01,7/2/2025,Good,0.00,0.00,0.00,0.00,0.00,0.00,0.00,3.999,0.00098,1.999,0.00049,14.53,0.456,0.00,0.00,23.99,0.0059,0.00,0.00,0.00,0.00,0.00,0.00,0.00,0.00,0.031
-93.76063070,42.01878806,40,TaskName 7/2/2025 (GreenStar 4 Monitor),Enlist 1 & Ag Saver,440,7/2/2025,0.999,On,1096.9,121.25,0.00,6.796,9.951,4.568,357.58,15.00,15.09,0,11,99.81,7/2/2025,Good,0.00,0.00,0.00,0.00,0.00,0.00,0.00,4.023,0.00087,2.012,0.00044,14.61,0.405,0.00,0.00,24.14,0.0052,0.00,0.00,0.00,0.00,0.00,0.00,0.00,0.00,0.028
-93.76063264,42.01881404,40,TaskName 7/2/2025 (GreenStar 4 Monitor),Enlist 1 & Ag Saver,441,7/2/2025,1.006,On,1096.8,121.25,0.00,6.459,9.524,5.573,358.88,15.00,15.12,0,11,94.87,7/2/2025,Good,0.00,0.00,0.00,0.00,0.00,0.00,0.00,4.032,0.00084,2.016,0.00042,14.65,0.388,0.00,0.00,24.19,0.0050,0.00,0.00,0.00,0.00,0.00,0.00,0.00,0.00,0.027
-93.76063341,42.01884131,40,TaskName 7/2/2025 (GreenStar 4 Monitor),Enlist 1 & Ag Saver,442,7/2/2025,0.995,On,1096.7,120.00,0.625,6.653,9.698,5.071,359.32,15.00,15.06,0,11,96.66,7/2/2025,Good,0.00,0.00,0.00,0.00,0.00,0.00,0.00,4.017,0.00084,2.008,0.00042,14.59,0.390,0.00,0.00,24.10,0.0050,0.00,0.00,0.00,0.00,0.00,0.00,0.00,0.00,0.027
-93.76063340,42.01886907,40,TaskName 7/2/2025 (GreenStar 4 Monitor),Enlist 1 & Ag Saver,443,7/2/2025,0.999,On,1096.6,120.00,0.625,6.852,10.03,4.482,358.84,15.00,14.99,0,11,99.57,7/2/2025,Good,0.00,0.00,0.00,0.00,0.00,0.00,0.00,3.998,0.00086,1.999,0.00043,14.52,0.401,0.00,0.00,23.99,0.0052,0.00,0.00,0.00,0.00,0.00,0.00,0.00,0.00,0.028
-93.76063427,42.01889632,40,TaskName 7/2/2025 (GreenStar 4 Monitor),Enlist 1 & Ag Saver,444,7/2/2025,1.001,On,1096.7,120.00,0.625,6.806,9.984,5.342,359.76,15.00,15.05,0,11,98.91,7/2/2025,Good,0.00,0.00,0.00,0.00,0.00,0.00,0.00,4.012,0.00086,2.006,0.00043,14.57,0.401,0.00,0.00,24.07,0.0052,0.00,0.00,0.00,0.00,0.00,0.00,0.00,0.00,0.028
-93.76063497,42.01892432,40,TaskName 7/2/2025 (GreenStar 4 Monitor),Enlist 1 & Ag Saver,445,7/2/2025,1.000,On,1096.8,120.00,0.625,6.856,10.05,6.479,0.525,15.00,15.05,0,11,99.63,7/2/2025,Good,0.00,0.00,0.00,0.00,0.00,0.00,0.00,4.012,0.00087,2.006,0.00043,14.57,0.403,0.00,0.00,24.07,0.0052,0.00,0.00,0.00,0.00,0.00,0.00,0.00,0.00,0.028
-93.76063455,42.01895387,40,TaskName 7/2/2025 (GreenStar 4 Monitor),Enlist 1 & Ag Saver,446,7/2/2025,1.000,On,1096.8,120.00,0.625,7.150,10.48,7.445,359.68,15.00,14.99,0,11,103.89,7/2/2025,Good,0.00,0.00,0.00,0.00,0.00,0.00,0.00,3.997,0.00090,1.999,0.00045,14.52,0.419,0.00,0.00,23.98,0.0054,0.00,0.00,0.00,0.00,0.00,0.00,0.00,0.00,0.029
-93.76063488,42.01898556,40,TaskName 7/2/2025 (GreenStar 4 Monitor),Enlist 1 & Ag Saver,447,7/2/2025,1.004,On,1096.8,120.00,0.625,7.603,11.18,7.175,359.70,15.00,14.96,0,11,110.48,7/2/2025,Good,0.00,0.00,0.00,0.00,0.00,0.00,0.00,3.988,0.00096,1.994,0.00048,14.49,0.446,0.00,0.00,23.93,0.0058,0.00,0.00,0.00,0.00,0.00,0.00,0.00,0.00,0.031
-93.76063543,42.01901814,40,TaskName 7/2/2025 (GreenStar 4 Monitor),Enlist 1 & Ag Saver,448,7/2/2025,0.991,On,1096.7,120.00,0.625,7.987,11.58,6.425,0.494,15.00,14.91,0,11,115.93,7/2/2025,Good,0.00,0.00,0.00,0.00,0.00,0.00,0.00,3.975,0.00099,1.988,0.00050,14.44,0.461,0.00,0.00,23.85,0.0059,0.00,0.00,0.00,0.00,0.00,0.00,0.00,0.00,0.032
-93.76063466,42.01905109,40,TaskName 7/2/2025 (GreenStar 4 Monitor),Enlist 1 & Ag Saver,449,7/2/2025,1.004,On,1096.8,120.00,0.625,8.151,12.01,6.141,0.071,15.00,14.94,0,11,118.61,7/2/2025,Good,0.00,0.00,0.00,0.00,0.00,0.00,0.00,3.984,0.0010,1.992,0.00051,14.47,0.479,0.00,0.00,23.90,0.0062,0.00,0.00,0.00,0.00,0.00,0.00,0.00,0.00,0.033
-93.76063386,42.01908410,40,TaskName 7/2/2025 (GreenStar 4 Monitor),Enlist 1 & Ag Saver,450,7/2/2025,1.001,On,1096.8,120.00,0.625,8.186,12.00,6.580,359.08,15.00,14.97,0,11,118.87,7/2/2025,Good,0.00,0.00,0.00,0.00,0.00,0.00,0.00,3.992,0.0010,1.996,0.00052,14.50,0.479,0.00,0.00,23.95,0.0062,0.00,0.00,0.00,0.00,0.00,0.00,0.00,0.00,0.033
-93.76063424,42.01911769,40,TaskName 7/2/2025 (GreenStar 4 Monitor),Enlist 1 & Ag Saver,451,7/2/2025,1.000,On,1096.9,120.00,0.625,8.267,12.12,6.741,359.09,15.00,14.97,0,11,120.16,7/2/2025,Good,0.00,0.00,0.00,0.00,0.00,0.00,0.00,3.992,0.0010,1.996,0.00052,14.50,0.484,0.00,0.00,23.95,0.0062,0.00,0.00,0.00,0.00,0.00,0.00,0.00,0.00,0.033
-93.76063491,42.01915188,40,TaskName 7/2/2025 (GreenStar 4 Monitor),Enlist 1 & Ag Saver,452,7/2/2025,1.000,On,1097.0,120.00,0.625,8.425,12.35,6.936,359.22,15.00,15.00,0,11,122.47,7/2/2025,Good,0.00,0.00,0.00,0.00,0.00,0.00,0.00,4.000,0.0011,2.000,0.00053,14.53,0.494,0.00,0.00,24.00,0.0064,0.00,0.00,0.00,0.00,0.00,0.00,0.00,0.00,0.034
-93.76063514,42.01918680,40,TaskName 7/2/2025 (GreenStar 4 Monitor),Enlist 1 & Ag Saver,453,7/2/2025,0.999,On,1097.1,120.00,0.625,8.582,12.58,6.163,358.77,15.00,14.98,0,11,124.87,7/2/2025,Good,0.00,0.00,0.00,0.00,0.00,0.00,0.00,3.995,0.0011,1.997,0.00054,14.51,0.503,0.00,0.00,23.97,0.0065,0.00,0.00,0.00,0.00,0.00,0.00,0.00,0.00,0.035
-93.76063622,42.01922179,40,TaskName 7/2/2025 (GreenStar 4 Monitor),Enlist 1 & Ag Saver,454,7/2/2025,1.001,On,1097.3,120.00,0.625,8.681,12.74,6.152,359.44,15.00,14.98,0,11,126.22,7/2/2025,Good,0.00,0.00,0.00,0.00,0.00,0.00,0.00,3.994,0.0011,1.997,0.00055,14.51,0.509,0.00,0.00,23.96,0.0066,0.00,0.00,0.00,0.00,0.00,0.00,0.00,0.00,0.035
-93.76063744,42.01925693,40,TaskName 7/2/2025 (GreenStar 4 Monitor),Enlist 1 & Ag Saver,455,7/2/2025,1.000,On,1097.5,120.00,0.625,8.702,12.76,6.318,0.321,15.00,14.97,0,11,126.54,7/2/2025,Good,0.00,0.00,0.00,0.00,0.00,0.00,0.00,3.992,0.0011,1.996,0.00055,14.50,0.510,0.00,0.00,23.95,0.0066,0.00,0.00,0.00,0.00,0.00,0.00,0.00,0.00,0.035
-93.76063699,42.01929165,40,TaskName 7/2/2025 (GreenStar 4 Monitor),Enlist 1 & Ag Saver,456,7/2/2025,1.000,On,1097.6,120.00,0.625,8.678,12.72,6.839,359.78,15.00,14.97,0,11,126.18,7/2/2025,Good,0.00,0.00,0.00,0.00,0.00,0.00,0.00,3.992,0.0011,1.996,0.00055,14.50,0.508,0.00,0.00,23.95,0.0066,0.00,0.00,0.00,0.00,0.00,0.00,0.00,0.00,0.035
-93.76063694,42.01932651,40,TaskName 7/2/2025 (GreenStar 4 Monitor),Enlist 1 & Ag Saver,457,7/2/2025,1.000,On,1097.7,120.00,0.625,8.648,12.67,6.242,359.17,15.00,14.95,0,11,125.69,7/2/2025,Good,0.00,0.00,0.00,0.00,0.00,0.00,0.00,3.986,0.0011,1.993,0.00054,14.48,0.506,0.00,0.00,23.92,0.0065,0.00,0.00,0.00,0.00,0.00,0.00,0.00,0.00,0.035
-93.76063787,42.01936141,40,TaskName 7/2/2025 (GreenStar 4 Monitor),Enlist 1 & Ag Saver,458,7/2/2025,1.000,On,1097.9,120.00,0.625,8.651,12.66,6.158,359.51,15.00,14.98,0,11,125.59,7/2/2025,Good,0.00,0.00,0.00,0.00,0.00,0.00,0.00,3.995,0.0011,1.998,0.00054,14.51,0.506,0.00,0.00,23.97,0.0065,0.00,0.00,0.00,0.00,0.00,0.00,0.00,0.00,0.035
-93.76063826,42.01939637,40,TaskName 7/2/2025 (GreenStar 4 Monitor),Enlist 1 & Ag Saver,459,7/2/2025,0.995,On,1097.9,120.00,0.625,8.704,12.71,5.900,359.48,15.00,15.00,0,11,126.68,7/2/2025,Good,0.00,0.00,0.00,0.00,0.00,0.00,0.00,3.999,0.0011,2.000,0.00055,14.53,0.509,0.00,0.00,24.00,0.0066,0.00,0.00,0.00,0.00,0.00,0.00,0.00,0.00,0.035
-93.76063847,42.01943160,40,TaskName 7/2/2025 (GreenStar 4 Monitor),Enlist 1 & Ag Saver,460,7/2/2025,1.004,On,1097.8,120.00,0.625,8.727,12.84,5.559,359.11,15.00,15.00,0,11,126.84,7/2/2025,Good,0.00,0.00,0.00,0.00,0.00,0.00,0.00,4.000,0.0011,2.000,0.00055,14.53,0.514,0.00,0.00,24.00,0.0066,0.00,0.00,0.00,0.00,0.00,0.00,0.00,0.00,0.035
-93.76063923,42.01946706,40,TaskName 7/2/2025 (GreenStar 4 Monitor),Enlist 1 & Ag Saver,461,7/2/2025,1.001,On,1097.5,120.00,0.625,8.767,12.87,5.055,359.12,15.00,14.99,0,11,127.54,7/2/2025,Good,0.00,0.00,0.00,0.00,0.00,0.00,0.00,3.996,0.0011,1.998,0.00055,14.52,0.515,0.00,0.00,23.98,0.0066,0.00,0.00,0.00,0.00,0.00,0.00,0.00,0.00,0.035
-93.76063990,42.01950281,40,TaskName 7/2/2025 (GreenStar 4 Monitor),Enlist 1 & Ag Saver,462,7/2/2025,0.999,On,1097.2,120.00,0.625,8.860,12.98,4.306,359.22,15.00,14.98,0,11,128.90,7/2/2025,Good,0.00,0.00,0.00,0.00,0.00,0.00,0.00,3.995,0.0011,1.997,0.00056,14.51,0.519,0.00,0.00,23.97,0.0067,0.00,0.00,0.00,0.00,0.00,0.00,0.00,0.00,0.036
-93.76064055,42.01953824,40,TaskName 7/2/2025 (GreenStar 4 Monitor),Enlist 1 & Ag Saver,463,7/2/2025,1.000,On,1096.9,120.00,0.625,8.824,12.94,3.849,359.29,15.00,14.99,0,11,128.38,7/2/2025,Good,0.00,0.00,0.00,0.00,0.00,0.00,0.00,3.997,0.0011,1.999,0.00056,14.52,0.518,0.00,0.00,23.98,0.0067,0.00,0.00,0.00,0.00,0.00,0.00,0.00,0.00,0.036
-93.76064139,42.01957351,40,TaskName 7/2/2025 (GreenStar 4 Monitor),Enlist 1 & Ag Saver,464,7/2/2025,1.000,On,1096.5,120.00,0.625,8.804,12.92,4.676,359.36,15.00,14.99,0,11,128.12,7/2/2025,Good,0.00,0.00,0.00,0.00,0.00,0.00,0.00,3.999,0.0011,1.999,0.00056,14.53,0.517,0.00,0.00,23.99,0.0067,0.00,0.00,0.00,0.00,0.00,0.00,0.00,0.00,0.036
-93.76064265,42.01960871,40,TaskName 7/2/2025 (GreenStar 4 Monitor),Enlist 1 & Ag Saver,465,7/2/2025,1.000,On,1096.1,120.00,0.625,8.773,12.88,5.075,0.322,15.00,14.94,0,11,127.69,7/2/2025,Good,0.00,0.00,0.00,0.00,0.00,0.00,0.00,3.985,0.0011,1.992,0.00055,14.48,0.513,0.00,0.00,23.91,0.0066,0.00,0.00,0.00,0.00,0.00,0.00,0.00,0.00,0.035
-93.76064236,42.01964395,40,TaskName 7/2/2025 (GreenStar 4 Monitor),Enlist 1 & Ag Saver,466,7/2/2025,1.000,On,1095.8,120.00,0.625,8.729,12.81,4.935,359.87,15.00,14.93,0,11,127.01,7/2/2025,Good,0.00,0.00,0.00,0.00,0.00,0.00,0.00,3.983,0.0011,1.991,0.00055,14.47,0.510,0.00,0.00,23.90,0.0066,0.00,0.00,0.00,0.00,0.00,0.00,0.00,0.00,0.035
-93.76064159,42.01967903,40,TaskName 7/2/2025 (GreenStar 4 Monitor),Enlist 1 & Ag Saver,467,7/2/2025,1.000,On,1095.5,120.00,0.625,8.724,12.80,4.980,358.68,15.00,14.99,0,11,126.95,7/2/2025,Good,0.00,0.00,0.00,0.00,0.00,0.00,0.00,3.997,0.0011,1.998,0.00055,14.52,0.512,0.00,0.00,23.98,0.0066,0.00,0.00,0.00,0.00,0.00,0.00,0.00,0.00,0.035
-93.76064154,42.01968606,40,TaskName 7/2/2025 (GreenStar 4 Monitor),Enlist 1 & Ag Saver,468,7/2/2025,0.195,On,1095.4,120.00,0.625,8.737,2.499,4.715,358.57,15.00,15.03,0,11,127.10,7/2/2025,Good,0.00,0.00,0.00,0.00,0.00,0.00,0.00,4.008,0.00022,2.004,0.00011,14.56,0.100,0.00,0.00,24.05,0.0013,0.00,0.00,0.00,0.00,0.00,0.00,0.00,0.00,0.0069
-93.76064234,42.01970699,40,TaskName 7/2/2025 (GreenStar 4 Monitor),Enlist 1 & Ag Saver,469,7/2/2025,0.605,On,1095.2,121.25,0.00,8.715,7.737,4.969,359.14,15.00,15.00,0,11,128.14,7/2/2025,Good,0.00,0.00,0.00,0.00,0.00,0.00,0.00,4.000,0.00067,2.000,0.00034,14.53,0.313,0.00,0.00,24.00,0.0040,0.00,0.00,0.00,0.00,0.00,0.00,0.00,0.00,0.022
-93.76064330,42.01973477,40,TaskName 7/2/2025 (GreenStar 4 Monitor),Enlist 1 & Ag Saver,470,7/2/2025,0.795,On,1094.9,120.00,0.625,8.656,10.09,5.411,359.54,15.00,15.03,0,11,125.93,7/2/2025,Good,0.00,0.00,0.00,0.00,0.00,0.00,0.00,4.008,0.00087,2.004,0.00044,14.56,0.405,0.00,0.00,24.05,0.0052,0.00,0.00,0.00,0.00,0.00,0.00,0.00,0.00,0.028
-93.76034926,42.01973583,40,TaskName 7/2/2025 (GreenStar 4 Monitor),Enlist 1 & Ag Saver,471,7/2/2025,0.395,On,1096.4,10.00,14.37,8.613,5.006,7.243,178.81,15.00,15.09,0,12,10.47,7/2/2025,Good,0.00,0.00,0.00,0.00,0.00,0.00,0.00,4.023,3.612e-05,2.012,1.806e-05,14.62,0.017,0.00,0.00,24.14,0.00022,0.00,0.00,0.00,0.00,0.00,0.00,0.00,0.00,0.0011
-93.76034855,42.01971491,40,TaskName 7/2/2025 (GreenStar 4 Monitor),Enlist 1 & Ag Saver,472,7/2/2025,0.600,On,1096.6,8.750,15.00,8.662,7.627,7.665,178.87,15.00,15.13,0,12,9.192,7/2/2025,Good,0.00,0.00,0.00,0.00,0.00,0.00,0.00,4.034,4.828e-05,2.017,2.414e-05,14.65,0.022,0.00,0.00,24.20,0.00029,0.00,0.00,0.00,0.00,0.00,0.00,0.00,0.00,0.0015
-93.76034830,42.01970794,40,TaskName 7/2/2025 (GreenStar 4 Monitor),Enlist 1 & Ag Saver,473,7/2/2025,0.204,On,1096.7,10.00,14.37,8.673,2.595,7.839,178.89,15.00,15.11,0,12,10.51,7/2/2025,Good,0.00,0.00,0.00,0.00,0.00,0.00,0.00,4.028,1.875e-05,2.014,9.373e-06,14.63,0.0087,0.00,0.00,24.17,0.00011,0.00,0.00,0.00,0.00,0.00,0.00,0.00,0.00,0.00060
-93.76034715,42.01967302,40,TaskName 7/2/2025 (GreenStar 4 Monitor),Enlist 1 & Ag Saver,474,7/2/2025,0.995,On,1097.2,8.750,15.00,8.679,12.68,8.115,179.28,15.00,15.09,0,12,9.212,7/2/2025,Good,0.00,0.00,0.00,0.00,0.00,0.00,0.00,4.024,8.005e-05,2.012,4.002e-05,14.62,0.037,0.00,0.00,24.15,0.00048,0.00,0.00,0.00,0.00,0.00,0.00,0.00,0.00,0.0025
-93.76034675,42.01965876,40,TaskName 7/2/2025 (GreenStar 4 Monitor),Enlist 1 & Ag Saver,475,7/2/2025,0.401,On,1097.5,8.750,15.00,8.707,5.124,8.738,179.56,15.00,15.10,0,12,9.240,7/2/2025,Good,0.00,0.00,0.00,0.00,0.00,0.00,0.00,4.025,3.237e-05,2.013,1.618e-05,14.62,0.015,0.00,0.00,24.15,0.00019,0.00,0.00,0.00,0.00,0.00,0.00,0.00,0.00,0.0010
-93.76034559,42.01962317,40,TaskName 7/2/2025 (GreenStar 4 Monitor),Enlist 1 & Ag Saver,476,7/2/2025,0.999,On,1097.9,10.00,15.62,8.829,12.94,8.473,180.17,15.00,15.02,0,12,10.71,7/2/2025,Good,0.00,0.00,0.00,0.00,0.00,0.00,0.00,4.005,9.298e-05,2.003,4.649e-05,14.55,0.043,0.00,0.00,24.03,0.00056,0.00,0.00,0.00,0.00,0.00,0.00,0.00,0.00,0.0030
-93.76034496,42.01958716,40,TaskName 7/2/2025 (GreenStar 4 Monitor),Enlist 1 & Ag Saver,477,7/2/2025,1.005,On,1098.3,10.00,15.62,8.928,13.17,8.379,180.65,15.00,15.02,0,12,10.83,7/2/2025,Good,0.00,0.00,0.00,0.00,0.00,0.00,0.00,4.004,9.456e-05,2.002,4.728e-05,14.55,0.044,0.00,0.00,24.03,0.00057,0.00,0.00,0.00,0.00,0.00,0.00,0.00,0.00,0.0030
-93.76034534,42.01956510,40,TaskName 7/2/2025 (GreenStar 4 Monitor),Enlist 1 & Ag Saver,478,7/2/2025,0.601,On,1098.4,10.00,15.62,9.021,7.942,7.691,180.05,15.00,15.03,0,12,10.92,7/2/2025,Good,0.00,0.00,0.00,0.00,0.00,0.00,0.00,4.007,5.707e-05,2.003,2.854e-05,14.56,0.027,0.00,0.00,24.04,0.00034,0.00,0.00,0.00,0.00,0.00,0.00,0.00,0.00,0.0018
-93.76034567,42.01952912,40,TaskName 7/2/2025 (GreenStar 4 Monitor),Enlist 1 & Ag Saver,479,7/2/2025,0.995,On,1098.7,8.750,15.00,8.980,13.13,8.129,179.46,15.00,15.03,0,12,9.541,7/2/2025,Good,0.00,0.00,0.00,0.00,0.00,0.00,0.00,4.009,8.259e-05,2.004,4.129e-05,14.56,0.038,0.00,0.00,24.05,0.00050,0.00,0.00,0.00,0.00,0.00,0.00,0.00,0.00,0.0026
-93.76034475,42.01949208,40,TaskName 7/2/2025 (GreenStar 4 Monitor),Enlist 1 & Ag Saver,480,7/2/2025,1.004,On,1098.7,8.750,15.00,9.120,13.44,6.955,179.73,15.00,15.05,0,12,9.680,7/2/2025,Good,0.00,0.00,0.00,0.00,0.00,0.00,0.00,4.014,8.466e-05,2.007,4.233e-05,14.58,0.039,0.00,0.00,24.08,0.00051,0.00,0.00,0.00,0.00,0.00,0.00,0.00,0.00,0.0027
-93.76034447,42.01945475,40,TaskName 7/2/2025 (GreenStar 4 Monitor),Enlist 1 & Ag Saver,481,7/2/2025,0.996,On,1098.6,8.750,15.00,9.223,13.48,6.331,179.17,15.00,15.00,0,12,9.789,7/2/2025,Good,0.00,0.00,0.00,0.00,0.00,0.00,0.00,3.999,8.462e-05,2.000,4.231e-05,14.53,0.039,0.00,0.00,24.00,0.00051,0.00,0.00,0.00,0.00,0.00,0.00,0.00,0.00,0.0027
-93.76034370,42.01941751,40,TaskName 7/2/2025 (GreenStar 4 Monitor),Enlist 1 & Ag Saver,482,7/2/2025,1.004,On,1098.4,8.750,15.00,9.273,13.66,5.794,179.44,15.00,14.98,0,12,9.838,7/2/2025,Good,0.00,0.00,0.00,0.00,0.00,0.00,0.00,3.995,8.564e-05,1.998,4.282e-05,14.51,0.040,0.00,0.00,23.97,0.00051,0.00,0.00,0.00,0.00,0.00,0.00,0.00,0.00,0.0027
-93.76034287,42.01938032,40,TaskName 7/2/2025 (GreenStar 4 Monitor),Enlist 1 & Ag Saver,483,7/2/2025,1.000,On,1098.3,8.750,15.00,9.234,13.55,6.401,180.12,15.00,15.02,0,12,9.799,7/2/2025,Good,0.00,0.00,0.00,0.00,0.00,0.00,0.00,4.005,8.518e-05,2.003,4.259e-05,14.55,0.040,0.00,0.00,24.03,0.00051,0.00,0.00,0.00,0.00,0.00,0.00,0.00,0.00,0.0027
-93.76034271,42.01934336,40,TaskName 7/2/2025 (GreenStar 4 Monitor),Enlist 1 & Ag Saver,484,7/2/2025,0.996,On,1098.2,8.750,15.00,9.215,13.47,6.009,179.95,15.00,14.98,0,12,9.779,7/2/2025,Good,0.00,0.00,0.00,0.00,0.00,0.00,0.00,3.994,8.443e-05,1.997,4.222e-05,14.51,0.039,0.00,0.00,23.97,0.00051,0.00,0.00,0.00,0.00,0.00,0.00,0.00,0.00,0.0027
-93.76034268,42.01930629,40,TaskName 7/2/2025 (GreenStar 4 Monitor),Enlist 1 & Ag Saver,485,7/2/2025,0.999,On,1098.1,8.750,15.00,9.210,13.51,5.516,179.74,15.00,14.99,0,12,9.776,7/2/2025,Good,0.00,0.00,0.00,0.00,0.00,0.00,0.00,3.998,8.473e-05,1.999,4.237e-05,14.52,0.039,0.00,0.00,23.99,0.00051,0.00,0.00,0.00,0.00,0.00,0.00,0.00,0.00,0.0027
-93.76034201,42.01926933,40,TaskName 7/2/2025 (GreenStar 4 Monitor),Enlist 1 & Ag Saver,486,7/2/2025,1.005,On,1097.9,8.750,15.00,9.199,13.56,5.995,179.85,15.00,15.02,0,12,9.760,7/2/2025,Good,0.00,0.00,0.00,0.00,0.00,0.00,0.00,4.004,8.524e-05,2.002,4.262e-05,14.55,0.040,0.00,0.00,24.03,0.00051,0.00,0.00,0.00,0.00,0.00,0.00,0.00,0.00,0.0027
-93.76034222,42.01923214,40,TaskName 7/2/2025 (GreenStar 4 Monitor),Enlist 1 & Ag Saver,487,7/2/2025,0.996,On,1097.9,8.750,15.00,9.218,13.47,5.434,179.70,15.00,14.94,0,12,9.779,7/2/2025,Good,0.00,0.00,0.00,0.00,0.00,0.00,0.00,3.983,8.418e-05,1.991,4.209e-05,14.47,0.039,0.00,0.00,23.90,0.00051,0.00,0.00,0.00,0.00,0.00,0.00,0.00,0.00,0.0027
-93.76034245,42.01919543,40,TaskName 7/2/2025 (GreenStar 4 Monitor),Enlist 1 & Ag Saver,488,7/2/2025,0.999,On,1097.7,8.750,15.00,9.168,13.44,6.156,179.07,15.00,14.97,0,12,9.728,7/2/2025,Good,0.00,0.00,0.00,0.00,0.00,0.00,0.00,3.991,8.418e-05,1.996,4.209e-05,14.50,0.039,0.00,0.00,23.95,0.00051,0.00,0.00,0.00,0.00,0.00,0.00,0.00,0.00,0.0027
-93.76034223,42.01915865,40,TaskName 7/2/2025 (GreenStar 4 Monitor),Enlist 1 & Ag Saver,489,7/2/2025,1.001,On,1097.6,8.750,15.00,9.119,13.40,6.380,179.24,15.00,15.01,0,12,9.678,7/2/2025,Good,0.00,0.00,0.00,0.00,0.00,0.00,0.00,4.004,8.417e-05,2.002,4.209e-05,14.54,0.039,0.00,0.00,24.02,0.00051,0.00,0.00,0.00,0.00,0.00,0.00,0.00,0.00,0.0027
-93.76034206,42.01912180,40,TaskName 7/2/2025 (GreenStar 4 Monitor),Enlist 1 & Ag Saver,490,7/2/2025,0.995,On,1097.5,8.750,15.00,9.158,13.37,6.311,179.22,15.00,15.06,0,12,9.717,7/2/2025,Good,0.00,0.00,0.00,0.00,0.00,0.00,0.00,4.016,8.427e-05,2.008,4.214e-05,14.59,0.039,0.00,0.00,24.10,0.00051,0.00,0.00,0.00,0.00,0.00,0.00,0.00,0.00,0.0027
-93.76034165,42.01908497,40,TaskName 7/2/2025 (GreenStar 4 Monitor),Enlist 1 & Ag Saver,491,7/2/2025,1.009,On,1097.4,8.750,15.00,9.152,13.55,6.104,178.82,15.00,15.05,0,12,9.712,7/2/2025,Good,0.00,0.00,0.00,0.00,0.00,0.00,0.00,4.013,8.535e-05,2.007,4.267e-05,14.58,0.040,0.00,0.00,24.08,0.00051,0.00,0.00,0.00,0.00,0.00,0.00,0.00,0.00,0.0027
-93.76034114,42.01904785,40,TaskName 7/2/2025 (GreenStar 4 Monitor),Enlist 1 & Ag Saver,492,7/2/2025,0.996,On,1097.2,10.00,14.37,9.199,13.44,5.704,179.07,15.00,15.00,0,12,11.15,7/2/2025,Good,0.00,0.00,0.00,0.00,0.00,0.00,0.00,3.999,9.639e-05,1.999,4.819e-05,14.53,0.045,0.00,0.00,23.99,0.00058,0.00,0.00,0.00,0.00,0.00,0.00,0.00,0.00,0.0031
-93.76034033,42.01901844,40,TaskName 7/2/2025 (GreenStar 4 Monitor),Enlist 1 & Ag Saver,493,7/2/2025,0.799,On,1097.1,8.750,15.00,9.157,10.74,6.259,179.55,15.00,15.08,0,12,9.717,7/2/2025,Good,0.00,0.00,0.00,0.00,0.00,0.00,0.00,4.021,6.774e-05,2.010,3.387e-05,14.61,0.031,0.00,0.00,24.12,0.00041,0.00,0.00,0.00,0.00,0.00,0.00,0.00,0.00,0.0022
-93.76034024,42.01901125,40,TaskName 7/2/2025 (GreenStar 4 Monitor),Enlist 1 & Ag Saver,494,7/2/2025,0.201,On,1097.1,10.00,15.62,9.127,2.680,6.961,179.62,15.00,15.08,0,12,11.02,7/2/2025,Good,0.00,0.00,0.00,0.00,0.00,0.00,0.00,4.023,1.933e-05,2.011,9.667e-06,14.61,0.0090,0.00,0.00,24.14,0.00012,0.00,0.00,0.00,0.00,0.00,0.00,0.00,0.00,0.00062
-93.76033939,42.01897415,40,TaskName 7/2/2025 (GreenStar 4 Monitor),Enlist 1 & Ag Saver,495,7/2/2025,0.999,On,1097.1,8.750,15.00,9.140,13.41,6.820,180.00,15.00,15.08,0,12,9.709,7/2/2025,Good,0.00,0.00,0.00,0.00,0.00,0.00,0.00,4.021,8.464e-05,2.011,4.232e-05,14.61,0.039,0.00,0.00,24.13,0.00051,0.00,0.00,0.00,0.00,0.00,0.00,0.00,0.00,0.0027
-93.76033951,42.01893723,40,TaskName 7/2/2025 (GreenStar 4 Monitor),Enlist 1 & Ag Saver,496,7/2/2025,1.000,On,1097.1,8.750,15.00,9.193,13.48,6.745,179.33,15.00,14.95,0,12,9.750,7/2/2025,Good,0.00,0.00,0.00,0.00,0.00,0.00,0.00,3.986,8.433e-05,1.993,4.217e-05,14.48,0.039,0.00,0.00,23.91,0.00051,0.00,0.00,0.00,0.00,0.00,0.00,0.00,0.00,0.0027
-93.76033965,42.01892988,40,TaskName 7/2/2025 (GreenStar 4 Monitor),Enlist 1 & Ag Saver,497,7/2/2025,0.200,On,1097.1,10.00,15.62,9.212,2.701,6.135,179.06,15.00,15.22,0,12,11.16,7/2/2025,Good,0.00,0.00,0.00,0.00,0.00,0.00,0.00,4.060,1.966e-05,2.030,9.832e-06,14.75,0.0091,0.00,0.00,24.36,0.00012,0.00,0.00,0.00,0.00,0.00,0.00,0.00,0.00,0.00062
-93.76033962,42.01892245,40,TaskName 7/2/2025 (GreenStar 4 Monitor),Enlist 1 & Ag Saver,498,7/2/2025,0.205,On,1097.1,8.750,15.00,9.192,2.763,6.010,178.95,15.00,14.73,0,12,9.747,7/2/2025,Good,0.00,0.00,0.00,0.00,0.00,0.00,0.00,3.928,1.703e-05,1.964,8.517e-06,14.27,0.0079,0.00,0.00,23.57,0.00010,0.00,0.00,0.00,0.00,0.00,0.00,0.00,0.00,0.00056
-93.76033941,42.01891501,40,TaskName 7/2/2025 (GreenStar 4 Monitor),Enlist 1 & Ag Saver,499,7/2/2025,0.196,On,1097.1,15.00,11.87,9.203,2.632,5.766,178.89,15.00,14.68,0,12,16.65,7/2/2025,Good,0.00,0.00,0.00,0.00,0.00,0.00,0.00,3.914,2.771e-05,1.957,1.386e-05,14.22,0.013,0.00,0.00,23.49,0.00017,0.00,0.00,0.00,0.00,0.00,0.00,0.00,0.00,0.00091
-93.76033873,42.01887806,40,TaskName 7/2/2025 (GreenStar 4 Monitor),Enlist 1 & Ag Saver,500,7/2/2025,0.999,On,1097.2,7.500,15.62,9.251,13.56,5.593,178.87,15.00,15.04,0,12,8.415,7/2/2025,Good,0.00,0.00,0.00,0.00,0.00,0.00,0.00,4.010,7.316e-05,2.005,3.658e-05,14.57,0.034,0.00,0.00,24.06,0.00044,0.00,0.00,0.00,0.00,0.00,0.00,0.00,0.00,0.0023
-93.76033832,42.01887061,40,TaskName 7/2/2025 (GreenStar 4 Monitor),Enlist 1 & Ag Saver,501,7/2/2025,0.200,On,1097.2,7.500,15.62,9.133,2.678,6.393,179.04,15.00,14.83,0,12,8.299,7/2/2025,Good,0.00,0.00,0.00,0.00,0.00,0.00,0.00,3.954,1.424e-05,1.977,7.121e-06,14.36,0.0066,0.00,0.00,23.72,8.546e-05,0.00,0.00,0.00,0.00,0.00,0.00,0.00,0.00,0.00046
-93.76033723,42.01883429,40,TaskName 7/2/2025 (GreenStar 4 Monitor),Enlist 1 & Ag Saver,502,7/2/2025,1.000,On,1097.2,8.750,16.25,9.050,13.27,6.980,179.62,15.00,15.05,0,12,9.597,7/2/2025,Good,0.00,0.00,0.00,0.00,0.00,0.00,0.00,4.012,8.356e-05,2.006,4.178e-05,14.57,0.039,0.00,0.00,24.07,0.00050,0.00,0.00,0.00,0.00,0.00,0.00,0.00,0.00,0.0027
-93.76033675,42.01879741,40,TaskName 7/2/2025 (GreenStar 4 Monitor),Enlist 1 & Ag Saver,503,7/2/2025,1.001,On,1097.3,8.750,15.00,9.118,13.38,6.388,179.49,15.00,15.03,0,12,9.665,7/2/2025,Good,0.00,0.00,0.00,0.00,0.00,0.00,0.00,4.009,8.417e-05,2.005,4.209e-05,14.56,0.039,0.00,0.00,24.05,0.00051,0.00,0.00,0.00,0.00,0.00,0.00,0.00,0.00,0.0027
-93.76033674,42.01878274,40,TaskName 7/2/2025 (GreenStar 4 Monitor),Enlist 1 & Ag Saver,504,7/2/2025,0.400,On,1097.4,10.00,14.37,9.178,5.369,6.760,179.25,15.00,14.93,0,12,11.09,7/2/2025,Good,0.00,0.00,0.00,0.00,0.00,0.00,0.00,3.981,3.833e-05,1.991,1.917e-05,14.46,0.018,0.00,0.00,23.89,0.00023,0.00,0.00,0.00,0.00,0.00,0.00,0.00,0.00,0.0012
-93.76033652,42.01876816,40,TaskName 7/2/2025 (GreenStar 4 Monitor),Enlist 1 & Ag Saver,505,7/2/2025,0.399,On,1097.4,11.25,13.75,9.116,5.346,6.927,179.29,15.00,15.03,0,12,12.46,7/2/2025,Good,0.00,0.00,0.00,0.00,0.00,0.00,0.00,4.007,4.322e-05,2.003,2.161e-05,14.56,0.020,0.00,0.00,24.04,0.00026,0.00,0.00,0.00,0.00,0.00,0.00,0.00,0.00,0.0014
-93.76033644,42.01876078,40,TaskName 7/2/2025 (GreenStar 4 Monitor),Enlist 1 & Ag Saver,506,7/2/2025,0.200,On,1097.4,12.50,13.12,9.084,2.665,6.565,179.46,15.00,15.21,0,12,13.76,7/2/2025,Good,0.00,0.00,0.00,0.00,0.00,0.00,0.00,4.057,2.423e-05,2.028,1.212e-05,14.74,0.011,0.00,0.00,24.34,0.00015,0.00,0.00,0.00,0.00,0.00,0.00,0.00,0.00,0.00076
-93.76033641,42.01874615,40,TaskName 7/2/2025 (GreenStar 4 Monitor),Enlist 1 & Ag Saver,507,7/2/2025,0.400,On,1097.5,13.75,12.50,9.099,5.336,6.667,179.42,15.00,14.94,0,12,15.16,7/2/2025,Good,0.00,0.00,0.00,0.00,0.00,0.00,0.00,3.984,5.242e-05,1.992,2.621e-05,14.47,0.024,0.00,0.00,23.90,0.00031,0.00,0.00,0.00,0.00,0.00,0.00,0.00,0.00,0.0017
-93.76033614,42.01873884,40,TaskName 7/2/2025 (GreenStar 4 Monitor),Enlist 1 & Ag Saver,508,7/2/2025,0.195,On,1097.6,16.25,10.19,9.098,2.602,6.941,179.55,15.00,14.91,0,12,17.92,7/2/2025,Good,0.00,0.00,0.00,0.00,0.00,0.00,0.00,3.977,3.016e-05,1.988,1.508e-05,14.45,0.014,0.00,0.00,23.86,0.00018,0.00,0.00,0.00,0.00,0.00,0.00,0.00,0.00,0.00097
-93.76033588,42.01873155,40,TaskName 7/2/2025 (GreenStar 4 Monitor),Enlist 1 & Ag Saver,509,7/2/2025,0.205,On,1097.5,22.50,5.902,9.095,2.734,6.935,179.71,15.00,15.04,0,12,24.80,7/2/2025,Good,0.00,0.00,0.00,0.00,0.00,0.00,0.00,4.011,4.425e-05,2.006,2.212e-05,14.57,0.021,0.00,0.00,24.07,0.00027,0.00,0.00,0.00,0.00,0.00,0.00,0.00,0.00,0.0014
-93.76033545,42.01869528,40,TaskName 7/2/2025 (GreenStar 4 Monitor),Enlist 1 & Ag Saver,510,7/2/2025,1.000,On,1097.6,13.75,12.50,9.059,13.28,7.407,179.78,15.00,15.08,0,12,15.10,7/2/2025,Good,0.00,0.00,0.00,0.00,0.00,0.00,0.00,4.020,0.00013,2.010,6.585e-05,14.60,0.061,0.00,0.00,24.12,0.00079,0.00,0.00,0.00,0.00,0.00,0.00,0.00,0.00,0.0042
-93.76033566,42.01865860,40,TaskName 7/2/2025 (GreenStar 4 Monitor),Enlist 1 & Ag Saver,511,7/2/2025,1.005,On,1097.6,13.75,12.50,9.051,13.34,7.117,179.41,15.00,14.99,0,12,15.08,7/2/2025,Good,0.00,0.00,0.00,0.00,0.00,0.00,0.00,3.998,0.00013,1.999,6.574e-05,14.52,0.061,0.00,0.00,23.99,0.00079,0.00,0.00,0.00,0.00,0.00,0.00,0.00,0.00,0.0042
-93.76033572,42.01865122,40,TaskName 7/2/2025 (GreenStar 4 Monitor),Enlist 1 & Ag Saver,512,7/2/2025,0.191,On,1097.6,13.75,12.50,9.120,2.553,6.525,179.24,15.00,15.05,0,12,15.19,7/2/2025,Good,0.00,0.00,0.00,0.00,0.00,0.00,0.00,4.014,2.527e-05,2.007,1.264e-05,14.58,0.012,0.00,0.00,24.08,0.00015,0.00,0.00,0.00,0.00,0.00,0.00,0.00,0.00,0.00081
-93.76033571,42.01864391,40,TaskName 7/2/2025 (GreenStar 4 Monitor),Enlist 1 & Ag Saver,513,7/2/2025,0.205,On,1097.6,15.00,11.87,9.140,2.747,6.941,179.20,15.00,14.85,0,12,16.61,7/2/2025,Good,0.00,0.00,0.00,0.00,0.00,0.00,0.00,3.960,2.926e-05,1.980,1.463e-05,14.38,0.014,0.00,0.00,23.76,0.00018,0.00,0.00,0.00,0.00,0.00,0.00,0.00,0.00,0.00095
-93.76033553,42.01860727,40,TaskName 7/2/2025 (GreenStar 4 Monitor),Enlist 1 & Ag Saver,514,7/2/2025,0.999,On,1097.5,13.75,12.50,9.102,13.33,6.773,178.91,15.00,14.98,0,12,15.17,7/2/2025,Good,0.00,0.00,0.00,0.00,0.00,0.00,0.00,3.994,0.00013,1.997,6.566e-05,14.51,0.061,0.00,0.00,23.96,0.00079,0.00,0.00,0.00,0.00,0.00,0.00,0.00,0.00,0.0042
-93.76033466,42.01857784,40,TaskName 7/2/2025 (GreenStar 4 Monitor),Enlist 1 & Ag Saver,515,7/2/2025,0.800,On,1097.5,13.75,12.50,9.126,10.70,6.296,179.19,15.00,14.98,0,12,15.21,7/2/2025,Good,0.00,0.00,0.00,0.00,0.00,0.00,0.00,3.995,0.00011,1.998,5.273e-05,14.51,0.049,0.00,0.00,23.97,0.00063,0.00,0.00,0.00,0.00,0.00,0.00,0.00,0.00,0.0034
-93.76033412,42.01854124,40,TaskName 7/2/2025 (GreenStar 4 Monitor),Enlist 1 & Ag Saver,516,7/2/2025,1.001,On,1097.5,15.00,11.87,9.094,13.35,6.724,179.14,15.00,15.01,0,12,16.53,7/2/2025,Good,0.00,0.00,0.00,0.00,0.00,0.00,0.00,4.003,0.00014,2.001,7.188e-05,14.54,0.067,0.00,0.00,24.02,0.00086,0.00,0.00,0.00,0.00,0.00,0.00,0.00,0.00,0.0046
-93.76033399,42.01853399,40,TaskName 7/2/2025 (GreenStar 4 Monitor),Enlist 1 & Ag Saver,517,7/2/2025,0.195,On,1097.5,15.00,11.87,9.091,2.586,7.067,179.15,15.00,15.10,0,12,16.44,7/2/2025,Good,0.00,0.00,0.00,0.00,0.00,0.00,0.00,4.025,2.800e-05,2.013,1.400e-05,14.62,0.013,0.00,0.00,24.15,0.00017,0.00,0.00,0.00,0.00,0.00,0.00,0.00,0.00,0.00089
-93.76033340,42.01849728,40,TaskName 7/2/2025 (GreenStar 4 Monitor),Enlist 1 & Ag Saver,518,7/2/2025,1.005,On,1097.4,13.75,12.50,9.092,13.41,6.903,178.89,15.00,15.00,0,12,15.16,7/2/2025,Good,0.00,0.00,0.00,0.00,0.00,0.00,0.00,3.999,0.00013,2.000,6.613e-05,14.53,0.061,0.00,0.00,23.99,0.00079,0.00,0.00,0.00,0.00,0.00,0.00,0.00,0.00,0.0042
-93.76033247,42.01846030,40,TaskName 7/2/2025 (GreenStar 4 Monitor),Enlist 1 & Ag Saver,519,7/2/2025,0.999,On,1097.4,13.75,12.50,9.182,13.45,5.873,179.23,15.00,15.01,0,12,15.30,7/2/2025,Good,0.00,0.00,0.00,0.00,0.00,0.00,0.00,4.004,0.00013,2.002,6.639e-05,14.54,0.062,0.00,0.00,24.02,0.00080,0.00,0.00,0.00,0.00,0.00,0.00,0.00,0.00,0.0042
-93.76033151,42.01843058,40,TaskName 7/2/2025 (GreenStar 4 Monitor),Enlist 1 & Ag Saver,520,7/2/2025,0.796,On,1097.3,13.75,12.50,9.195,10.73,6.089,179.87,15.00,14.97,0,12,15.31,7/2/2025,Good,0.00,0.00,0.00,0.00,0.00,0.00,0.00,3.993,0.00011,1.996,5.281e-05,14.50,0.049,0.00,0.00,23.96,0.00063,0.00,0.00,0.00,0.00,0.00,0.00,0.00,0.00,0.0034
-93.76033131,42.01841584,40,TaskName 7/2/2025 (GreenStar 4 Monitor),Enlist 1 & Ag Saver,521,7/2/2025,0.404,On,1097.2,15.00,13.12,9.218,5.461,6.042,179.78,15.00,14.94,0,12,16.76,7/2/2025,Good,0.00,0.00,0.00,0.00,0.00,0.00,0.00,3.984,5.853e-05,1.992,2.926e-05,14.47,0.027,0.00,0.00,23.90,0.00035,0.00,0.00,0.00,0.00,0.00,0.00,0.00,0.00,0.0019
-93.76033139,42.01837859,40,TaskName 7/2/2025 (GreenStar 4 Monitor),Enlist 1 & Ag Saver,522,7/2/2025,1.000,On,1097.2,13.75,12.50,9.240,13.55,6.123,179.47,15.00,14.92,0,12,15.40,7/2/2025,Good,0.00,0.00,0.00,0.00,0.00,0.00,0.00,3.977,0.00013,1.989,6.645e-05,14.45,0.062,0.00,0.00,23.86,0.00080,0.00,0.00,0.00,0.00,0.00,0.00,0.00,0.00,0.0043
-93.76033103,42.01834199,40,TaskName 7/2/2025 (GreenStar 4 Monitor),Enlist 1 & Ag Saver,523,7/2/2025,1.000,On,1097.2,13.75,12.50,9.122,13.38,6.974,179.40,15.00,14.99,0,12,15.20,7/2/2025,Good,0.00,0.00,0.00,0.00,0.00,0.00,0.00,3.999,0.00013,1.999,6.595e-05,14.52,0.061,0.00,0.00,23.99,0.00079,0.00,0.00,0.00,0.00,0.00,0.00,0.00,0.00,0.0042
-93.76033022,42.01830531,40,TaskName 7/2/2025 (GreenStar 4 Monitor),Enlist 1 & Ag Saver,524,7/2/2025,1.000,On,1097.2,13.75,12.50,9.133,13.40,6.753,179.98,15.00,14.95,0,12,15.22,7/2/2025,Good,0.00,0.00,0.00,0.00,0.00,0.00,0.00,3.985,0.00013,1.993,6.583e-05,14.48,0.061,0.00,0.00,23.91,0.00079,0.00,0.00,0.00,0.00,0.00,0.00,0.00,0.00,0.0042
-93.76033007,42.01826846,40,TaskName 7/2/2025 (GreenStar 4 Monitor),Enlist 1 & Ag Saver,525,7/2/2025,0.996,On,1097.2,13.75,12.50,9.186,13.40,6.690,179.40,15.00,15.00,0,12,15.29,7/2/2025,Good,0.00,0.00,0.00,0.00,0.00,0.00,0.00,3.999,0.00013,1.999,6.608e-05,14.53,0.061,0.00,0.00,23.99,0.00079,0.00,0.00,0.00,0.00,0.00,0.00,0.00,0.00,0.0042
-93.76032982,42.01823141,40,TaskName 7/2/2025 (GreenStar 4 Monitor),Enlist 1 & Ag Saver,526,7/2/2025,1.004,On,1097.3,13.75,12.50,9.151,13.48,6.752,179.07,15.00,15.03,0,12,15.26,7/2/2025,Good,0.00,0.00,0.00,0.00,0.00,0.00,0.00,4.007,0.00013,2.004,6.661e-05,14.56,0.062,0.00,0.00,24.04,0.00080,0.00,0.00,0.00,0.00,0.00,0.00,0.00,0.00,0.0043
-93.76032867,42.01819457,40,TaskName 7/2/2025 (GreenStar 4 Monitor),Enlist 1 & Ag Saver,527,7/2/2025,1.000,On,1097.3,13.75,12.50,9.146,13.41,6.722,179.90,15.00,14.99,0,12,15.24,7/2/2025,Good,0.00,0.00,0.00,0.00,0.00,0.00,0.00,3.997,0.00013,1.999,6.609e-05,14.52,0.061,0.00,0.00,23.98,0.00079,0.00,0.00,0.00,0.00,0.00,0.00,0.00,0.00,0.0042
-93.76032827,42.01815760,40,TaskName 7/2/2025 (GreenStar 4 Monitor),Enlist 1 & Ag Saver,528,7/2/2025,0.995,On,1097.3,13.75,12.50,9.158,13.36,6.406,180.04,15.00,15.02,0,12,15.26,7/2/2025,Good,0.00,0.00,0.00,0.00,0.00,0.00,0.00,4.006,0.00013,2.003,6.601e-05,14.55,0.061,0.00,0.00,24.04,0.00079,0.00,0.00,0.00,0.00,0.00,0.00,0.00,0.00,0.0042
-93.76032848,42.01812062,40,TaskName 7/2/2025 (GreenStar 4 Monitor),Enlist 1 & Ag Saver,529,7/2/2025,1.005,On,1097.4,13.75,12.50,9.184,13.53,6.037,179.57,15.00,14.99,0,12,15.30,7/2/2025,Good,0.00,0.00,0.00,0.00,0.00,0.00,0.00,3.997,0.00013,1.998,6.670e-05,14.52,0.062,0.00,0.00,23.98,0.00080,0.00,0.00,0.00,0.00,0.00,0.00,0.00,0.00,0.0043
-93.76032796,42.01808385,40,TaskName 7/2/2025 (GreenStar 4 Monitor),Enlist 1 & Ag Saver,530,7/2/2025,1.000,On,1097.4,13.75,12.50,9.172,13.45,6.639,179.97,15.00,15.01,0,12,15.29,7/2/2025,Good,0.00,0.00,0.00,0.00,0.00,0.00,0.00,4.003,0.00013,2.002,6.641e-05,14.54,0.062,0.00,0.00,24.02,0.00080,0.00,0.00,0.00,0.00,0.00,0.00,0.00,0.00,0.0042
-93.76032784,42.01804710,40,TaskName 7/2/2025 (GreenStar 4 Monitor),Enlist 1 & Ag Saver,531,7/2/2025,0.995,On,1097.5,13.75,12.50,9.142,13.34,6.823,179.56,15.00,15.01,0,12,15.23,7/2/2025,Good,0.00,0.00,0.00,0.00,0.00,0.00,0.00,4.003,0.00013,2.001,6.583e-05,14.54,0.061,0.00,0.00,24.02,0.00079,0.00,0.00,0.00,0.00,0.00,0.00,0.00,0.00,0.0042
-93.76032773,42.01801021,40,TaskName 7/2/2025 (GreenStar 4 Monitor),Enlist 1 & Ag Saver,532,7/2/2025,1.000,On,1097.5,13.75,12.50,9.120,13.37,6.858,179.08,15.00,15.00,0,12,15.19,7/2/2025,Good,0.00,0.00,0.00,0.00,0.00,0.00,0.00,4.001,0.00013,2.000,6.595e-05,14.53,0.061,0.00,0.00,24.00,0.00079,0.00,0.00,0.00,0.00,0.00,0.00,0.00,0.00,0.0042
-93.76032677,42.01797355,40,TaskName 7/2/2025 (GreenStar 4 Monitor),Enlist 1 & Ag Saver,533,7/2/2025,1.000,On,1097.5,13.75,12.50,9.148,13.41,6.447,180.00,15.00,15.01,0,12,15.24,7/2/2025,Good,0.00,0.00,0.00,0.00,0.00,0.00,0.00,4.003,0.00013,2.002,6.621e-05,14.54,0.062,0.00,0.00,24.02,0.00079,0.00,0.00,0.00,0.00,0.00,0.00,0.00,0.00,0.0042
-93.76032657,42.01793675,40,TaskName 7/2/2025 (GreenStar 4 Monitor),Enlist 1 & Ag Saver,534,7/2/2025,1.000,On,1097.5,13.75,12.50,9.149,13.42,6.455,180.26,15.00,14.99,0,12,15.25,7/2/2025,Good,0.00,0.00,0.00,0.00,0.00,0.00,0.00,3.998,0.00013,1.999,6.615e-05,14.52,0.062,0.00,0.00,23.99,0.00079,0.00,0.00,0.00,0.00,0.00,0.00,0.00,0.00,0.0042
-93.76032662,42.01792951,40,TaskName 7/2/2025 (GreenStar 4 Monitor),Enlist 1 & Ag Saver,535,7/2/2025,0.201,On,1097.5,13.75,12.50,9.113,2.671,7.245,180.15,15.00,14.86,0,12,15.10,7/2/2025,Good,0.00,0.00,0.00,0.00,0.00,0.00,0.00,3.963,2.610e-05,1.981,1.305e-05,14.39,0.012,0.00,0.00,23.78,0.00016,0.00,0.00,0.00,0.00,0.00,0.00,0.00,0.00,0.00084
-93.76032669,42.01792215,40,TaskName 7/2/2025 (GreenStar 4 Monitor),Enlist 1 & Ag Saver,536,7/2/2025,0.204,On,1097.5,32.50,23.89,9.075,2.727,7.060,179.99,15.00,14.79,0,12,35.90,7/2/2025,Good,0.00,0.00,0.00,0.00,0.00,0.00,0.00,3.943,6.267e-05,1.971,3.134e-05,14.32,0.029,0.00,0.00,23.66,0.00038,0.00,0.00,0.00,0.00,0.00,0.00,0.00,0.00,0.0020
-93.76032688,42.01790745,40,TaskName 7/2/2025 (GreenStar 4 Monitor),Enlist 1 & Ag Saver,537,7/2/2025,0.395,On,1097.5,18.75,32.25,9.086,5.264,6.903,179.66,15.00,15.27,0,12,20.65,7/2/2025,Good,0.00,0.00,0.00,0.00,0.00,0.00,0.00,4.071,7.206e-05,2.036,3.603e-05,14.79,0.034,0.00,0.00,24.43,0.00043,0.00,0.00,0.00,0.00,0.00,0.00,0.00,0.00,0.0023
-93.76192008,42.01986198,40,TaskName 5/12/2025 (GreenStar 4 Monitor),Valor/ag saver,1,5/12/2025,0.200,On,1097.0,81.25,18.75,4.890,1.434,5.376,179.18,19.99,18.84,0,1,48.16,5/12/2025,Good,0.00,0.00,0.00,0.00,0.00,0.00,0.00,5.023,0.00010,2.512,5.250e-05,18.25,0.049,0.00,0.00,30.14,0.00063,0.00,0.00,0.00,0.00,0.00,0.00,0.00,0.00,0.0027
-93.76191980,42.01984279,40,TaskName 5/12/2025 (GreenStar 4 Monitor),Valor/ag saver,2,5/12/2025,0.990,On,1097.0,120.00,-0.625,4.807,6.972,5.036,179.18,19.99,20.86,0,1,69.84,5/12/2025,Good,0.00,0.00,0.00,0.00,0.00,0.00,0.00,5.562,0.00083,2.781,0.00042,20.20,0.388,0.00,0.00,33.37,0.0050,0.00,0.00,0.00,0.00,0.00,0.00,0.00,0.00,0.019
-93.76191947,42.01982174,40,TaskName 5/12/2025 (GreenStar 4 Monitor),Valor/ag saver,3,5/12/2025,1.005,On,1097.1,120.00,-0.625,4.871,7.169,6.415,179.19,19.99,21.58,0,1,70.74,5/12/2025,Good,0.00,0.00,0.00,0.00,0.00,0.00,0.00,5.756,0.00089,2.878,0.00044,20.91,0.413,0.00,0.00,34.53,0.0053,0.00,0.00,0.00,0.00,0.00,0.00,0.00,0.00,0.020
-93.76191911,42.01979765,40,TaskName 5/12/2025 (GreenStar 4 Monitor),Valor/ag saver,4,5/12/2025,0.995,On,1097.1,120.00,-0.625,5.533,8.058,6.100,179.25,19.99,20.72,0,1,80.31,5/12/2025,Good,0.00,0.00,0.00,0.00,0.00,0.00,0.00,5.524,0.00096,2.762,0.00048,20.07,0.445,0.00,0.00,33.14,0.0057,0.00,0.00,0.00,0.00,0.00,0.00,0.00,0.00,0.022
-93.76191861,42.01977343,40,TaskName 5/12/2025 (GreenStar 4 Monitor),Valor/ag saver,5,5/12/2025,1.006,On,1097.1,120.00,-0.625,6.085,8.963,3.712,179.39,19.99,20.21,0,1,88.36,5/12/2025,Good,0.00,0.00,0.00,0.00,0.00,0.00,0.00,5.389,0.0010,2.695,0.00052,19.58,0.483,0.00,0.00,32.34,0.0062,0.00,0.00,0.00,0.00,0.00,0.00,0.00,0.00,0.025
-93.76191848,42.01975064,40,TaskName 5/12/2025 (GreenStar 4 Monitor),Valor/ag saver,6,5/12/2025,0.994,On,1097.2,120.00,-0.625,5.775,8.419,5.707,179.33,19.99,20.24,0,1,83.99,5/12/2025,Good,0.00,0.00,0.00,0.00,0.00,0.00,0.00,5.397,0.00098,2.699,0.00049,19.61,0.455,0.00,0.00,32.38,0.0059,0.00,0.00,0.00,0.00,0.00,0.00,0.00,0.00,0.023
-93.76191824,42.01972592,40,TaskName 5/12/2025 (GreenStar 4 Monitor),Valor/ag saver,7,5/12/2025,1.011,On,1097.2,120.00,-0.625,5.870,8.698,5.591,179.22,19.99,20.09,0,1,85.32,5/12/2025,Good,0.00,0.00,0.00,0.00,0.00,0.00,0.00,5.357,0.0010,2.679,0.00050,19.46,0.466,0.00,0.00,32.14,0.0060,0.00,0.00,0.00,0.00,0.00,0.00,0.00,0.00,0.024
-93.76191782,42.01970150,40,TaskName 5/12/2025 (GreenStar 4 Monitor),Valor/ag saver,8,5/12/2025,0.990,On,1097.4,120.00,-0.625,6.137,8.898,4.763,179.33,19.99,20.02,0,1,89.13,5/12/2025,Good,0.00,0.00,0.00,0.00,0.00,0.00,0.00,5.340,0.0010,2.670,0.00051,19.40,0.475,0.00,0.00,32.04,0.0061,0.00,0.00,0.00,0.00,0.00,0.00,0.00,0.00,0.025
-93.76191749,42.01967718,40,TaskName 5/12/2025 (GreenStar 4 Monitor),Valor/ag saver,9,5/12/2025,1.000,On,1097.5,120.00,-0.625,6.028,8.848,4.997,179.31,19.99,20.03,0,1,87.75,5/12/2025,Good,0.00,0.00,0.00,0.00,0.00,0.00,0.00,5.340,0.0010,2.670,0.00051,19.40,0.473,0.00,0.00,32.04,0.0061,0.00,0.00,0.00,0.00,0.00,0.00,0.00,0.00,0.024
-93.76191737,42.01965274,40,TaskName 5/12/2025 (GreenStar 4 Monitor),Valor/ag saver,10,5/12/2025,0.999,On,1097.6,120.00,-0.625,6.065,8.881,4.805,179.16,19.99,20.03,0,1,88.17,5/12/2025,Good,0.00,0.00,0.00,0.00,0.00,0.00,0.00,5.343,0.0010,2.671,0.00051,19.41,0.475,0.00,0.00,32.06,0.0061,0.00,0.00,0.00,0.00,0.00,0.00,0.00,0.00,0.024
-93.76191691,42.01962778,40,TaskName 5/12/2025 (GreenStar 4 Monitor),Valor/ag saver,11,5/12/2025,1.000,On,1097.7,120.00,-0.625,6.126,8.980,4.944,179.26,19.99,20.00,0,1,89.05,5/12/2025,Good,0.00,0.00,0.00,0.00,0.00,0.00,0.00,5.334,0.0010,2.667,0.00052,19.38,0.479,0.00,0.00,32.01,0.0062,0.00,0.00,0.00,0.00,0.00,0.00,0.00,0.00,0.025
-93.76191653,42.01961343,40,TaskName 5/12/2025 (GreenStar 4 Monitor),Valor/ag saver,12,5/12/2025,0.601,On,1097.9,120.00,-0.625,6.145,5.406,5.716,179.36,19.99,19.90,0,1,89.20,5/12/2025,Good,0.00,0.00,0.00,0.00,0.00,0.00,0.00,5.306,0.00062,2.653,0.00031,19.28,0.287,0.00,0.00,31.84,0.0037,0.00,0.00,0.00,0.00,0.00,0.00,0.00,0.00,0.015
-93.76191624,42.01958867,40,TaskName 5/12/2025 (GreenStar 4 Monitor),Valor/ag saver,13,5/12/2025,1.000,On,1098.1,1.250,58.75,6.034,8.845,5.967,179.42,19.99,20.99,0,1,0.914,5/12/2025,Good,0.00,0.00,0.00,0.00,0.00,0.00,0.00,5.597,1.110e-05,2.798,5.549e-06,20.33,0.0052,0.00,0.00,33.58,6.659e-05,0.00,0.00,0.00,0.00,0.00,0.00,0.00,0.00,0.00025
-93.76191593,42.01956423,40,TaskName 5/12/2025 (GreenStar 4 Monitor),Valor/ag saver,14,5/12/2025,0.995,On,1098.4,1.250,58.75,6.143,8.967,5.362,179.45,19.99,20.62,0,1,0.931,5/12/2025,Good,0.00,0.00,0.00,0.00,0.00,0.00,0.00,5.498,1.105e-05,2.749,5.526e-06,19.97,0.0051,0.00,0.00,32.99,6.631e-05,0.00,0.00,0.00,0.00,0.00,0.00,0.00,0.00,0.00026
-93.76191613,42.01955428,40,TaskName 5/12/2025 (GreenStar 4 Monitor),Valor/ag saver,15,5/12/2025,0.404,On,1098.5,1.250,58.75,6.110,3.617,5.004,179.32,19.99,20.42,0,1,0.925,5/12/2025,Good,0.00,0.00,0.00,0.00,0.00,0.00,0.00,5.446,4.416e-06,2.723,2.208e-06,19.78,0.0021,0.00,0.00,32.68,2.650e-05,0.00,0.00,0.00,0.00,0.00,0.00,0.00,0.00,0.00010
-93.76191591,42.01953978,40,TaskName 5/12/2025 (GreenStar 4 Monitor),Valor/ag saver,16,5/12/2025,0.601,On,1098.7,2.500,58.12,6.110,5.383,5.662,179.40,19.99,20.12,0,1,1.850,5/12/2025,Good,0.00,0.00,0.00,0.00,0.00,0.00,0.00,5.365,1.295e-05,2.683,6.474e-06,19.49,0.0060,0.00,0.00,32.19,7.769e-05,0.00,0.00,0.00,0.00,0.00,0.00,0.00,0.00,0.00031
-93.76191580,42.01951486,40,TaskName 5/12/2025 (GreenStar 4 Monitor),Valor/ag saver,17,5/12/2025,1.000,On,1098.9,120.00,-0.625,6.146,9.009,5.473,179.20,19.99,18.89,0,1,89.35,5/12/2025,Good,0.00,0.00,0.00,0.00,0.00,0.00,0.00,5.037,0.00098,2.519,0.00049,18.30,0.454,0.00,0.00,30.22,0.0059,0.00,0.00,0.00,0.00,0.00,0.00,0.00,0.00,0.025
-93.76191536,42.01948986,40,TaskName 5/12/2025 (GreenStar 4 Monitor),Valor/ag saver,18,5/12/2025,0.999,On,1099.1,120.00,-0.625,6.173,9.042,5.709,179.38,19.99,19.46,0,1,89.76,5/12/2025,Good,0.00,0.00,0.00,0.00,0.00,0.00,0.00,5.188,0.0010,2.594,0.00050,18.85,0.469,0.00,0.00,31.13,0.0061,0.00,0.00,0.00,0.00,0.00,0.00,0.00,0.00,0.025
-93.76191535,42.01946452,40,TaskName 5/12/2025 (GreenStar 4 Monitor),Valor/ag saver,19,5/12/2025,1.001,On,1099.2,120.00,-0.625,6.241,9.160,5.260,179.04,19.99,19.64,0,1,90.75,5/12/2025,Good,0.00,0.00,0.00,0.00,0.00,0.00,0.00,5.237,0.0010,2.618,0.00052,19.02,0.480,0.00,0.00,31.42,0.0062,0.00,0.00,0.00,0.00,0.00,0.00,0.00,0.00,0.025
-93.76191533,42.01944938,40,TaskName 5/12/2025 (GreenStar 4 Monitor),Valor/ag saver,20,5/12/2025,0.600,On,1099.3,120.00,-0.625,6.281,5.524,4.608,178.89,19.99,19.64,0,1,91.30,5/12/2025,Good,0.00,0.00,0.00,0.00,0.00,0.00,0.00,5.237,0.00062,2.618,0.00031,19.02,0.289,0.00,0.00,31.42,0.0037,0.00,0.00,0.00,0.00,0.00,0.00,0.00,0.00,0.015
-93.76191495,42.01943424,40,TaskName 5/12/2025 (GreenStar 4 Monitor),Valor/ag saver,21,5/12/2025,0.605,On,1099.3,118.75,-1.250,6.266,5.560,4.680,179.04,19.99,19.99,0,1,90.19,5/12/2025,Good,0.00,0.00,0.00,0.00,0.00,0.00,0.00,5.331,0.00063,2.666,0.00032,19.37,0.294,0.00,0.00,31.99,0.0038,0.00,0.00,0.00,0.00,0.00,0.00,0.00,0.00,0.015
-93.76191433,42.01940953,40,TaskName 5/12/2025 (GreenStar 4 Monitor),Valor/ag saver,22,5/12/2025,1.000,On,1099.4,120.00,-0.625,6.211,9.101,5.146,179.29,19.99,19.97,0,1,90.26,5/12/2025,Good,0.00,0.00,0.00,0.00,0.00,0.00,0.00,5.327,0.0010,2.663,0.00052,19.35,0.485,0.00,0.00,31.96,0.0063,0.00,0.00,0.00,0.00,0.00,0.00,0.00,0.00,0.025
-93.76191410,42.01938506,40,TaskName 5/12/2025 (GreenStar 4 Monitor),Valor/ag saver,23,5/12/2025,1.000,On,1099.6,120.00,-0.625,6.119,8.970,4.645,179.18,19.99,20.04,0,1,88.96,5/12/2025,Good,0.00,0.00,0.00,0.00,0.00,0.00,0.00,5.345,0.0010,2.672,0.00052,19.42,0.480,0.00,0.00,32.07,0.0062,0.00,0.00,0.00,0.00,0.00,0.00,0.00,0.00,0.025
-93.76191360,42.01936123,40,TaskName 5/12/2025 (GreenStar 4 Monitor),Valor/ag saver,24,5/12/2025,1.000,On,1099.8,120.00,-0.625,6.012,8.802,4.451,179.33,19.99,20.10,0,1,87.30,5/12/2025,Good,0.00,0.00,0.00,0.00,0.00,0.00,0.00,5.361,0.0010,2.680,0.00051,19.47,0.472,0.00,0.00,32.17,0.0061,0.00,0.00,0.00,0.00,0.00,0.00,0.00,0.00,0.024
-93.76191340,42.01933733,40,TaskName 5/12/2025 (GreenStar 4 Monitor),Valor/ag saver,25,5/12/2025,0.999,On,1100.0,120.00,-0.625,5.924,8.688,5.766,179.21,19.99,20.07,0,1,86.24,5/12/2025,Good,0.00,0.00,0.00,0.00,0.00,0.00,0.00,5.353,0.0010,2.677,0.00050,19.45,0.465,0.00,0.00,32.12,0.0060,0.00,0.00,0.00,0.00,0.00,0.00,0.00,0.00,0.024
-93.76191294,42.01931321,40,TaskName 5/12/2025 (GreenStar 4 Monitor),Valor/ag saver,26,5/12/2025,1.001,On,1100.2,120.00,-0.625,5.969,8.753,5.537,179.33,19.99,20.02,0,1,86.72,5/12/2025,Good,0.00,0.00,0.00,0.00,0.00,0.00,0.00,5.338,0.0010,2.669,0.00050,19.39,0.468,0.00,0.00,32.03,0.0060,0.00,0.00,0.00,0.00,0.00,0.00,0.00,0.00,0.024
-93.76191227,42.01928950,40,TaskName 5/12/2025 (GreenStar 4 Monitor),Valor/ag saver,27,5/12/2025,0.999,On,1100.4,120.00,-0.625,6.027,8.835,5.269,179.69,19.99,19.99,0,1,87.71,5/12/2025,Good,0.00,0.00,0.00,0.00,0.00,0.00,0.00,5.329,0.0010,2.665,0.00051,19.36,0.471,0.00,0.00,31.98,0.0061,0.00,0.00,0.00,0.00,0.00,0.00,0.00,0.00,0.024
-93.76191226,42.01928468,40,TaskName 5/12/2025 (GreenStar 4 Monitor),Valor/ag saver,28,5/12/2025,0.191,On,1100.5,82.50,18.12,5.879,1.644,5.719,179.68,19.99,20.03,0,1,58.70,5/12/2025,Good,0.00,0.00,0.00,0.00,0.00,0.00,0.00,5.343,0.00013,2.671,6.499e-05,19.41,0.060,0.00,0.00,32.06,0.00078,0.00,0.00,0.00,0.00,0.00,0.00,0.00,0.00,0.0031
-93.76191175,42.01918284,40,TaskName 5/12/2025 (GreenStar 4 Monitor),Valor/ag saver,29,5/12/2025,0.995,On,1101.3,118.75,-1.250,5.187,7.569,5.575,179.07,19.99,19.39,0,2,74.65,5/12/2025,Good,0.00,0.00,0.00,0.00,0.00,0.00,0.00,5.171,0.00083,2.586,0.00042,18.79,0.388,0.00,0.00,31.03,0.0050,0.00,0.00,0.00,0.00,0.00,0.00,0.00,0.00,0.021
-93.76191114,42.01916084,40,TaskName 5/12/2025 (GreenStar 4 Monitor),Valor/ag saver,30,5/12/2025,1.005,On,1101.4,118.75,-1.250,5.426,7.999,4.514,179.47,19.99,19.45,0,2,78.11,5/12/2025,Good,0.00,0.00,0.00,0.00,0.00,0.00,0.00,5.188,0.00088,2.594,0.00044,18.84,0.411,0.00,0.00,31.13,0.0053,0.00,0.00,0.00,0.00,0.00,0.00,0.00,0.00,0.022
-93.76191119,42.01913869,40,TaskName 5/12/2025 (GreenStar 4 Monitor),Valor/ag saver,31,5/12/2025,1.001,On,1101.5,118.75,-1.250,5.463,8.012,4.993,179.04,19.99,19.54,0,2,78.55,5/12/2025,Good,0.00,0.00,0.00,0.00,0.00,0.00,0.00,5.211,0.00089,2.605,0.00044,18.93,0.413,0.00,0.00,31.27,0.0053,0.00,0.00,0.00,0.00,0.00,0.00,0.00,0.00,0.022
-93.76191085,42.01911568,40,TaskName 5/12/2025 (GreenStar 4 Monitor),Valor/ag saver,32,5/12/2025,0.999,On,1101.6,118.75,-1.250,5.582,8.186,4.310,179.23,19.99,19.65,0,2,80.41,5/12/2025,Good,0.00,0.00,0.00,0.00,0.00,0.00,0.00,5.239,0.00091,2.620,0.00046,19.03,0.425,0.00,0.00,31.43,0.0055,0.00,0.00,0.00,0.00,0.00,0.00,0.00,0.00,0.022
-93.76191044,42.01909308,40,TaskName 5/12/2025 (GreenStar 4 Monitor),Valor/ag saver,33,5/12/2025,1.000,On,1101.7,118.75,-1.250,5.707,8.373,3.836,179.27,19.99,19.64,0,2,82.17,5/12/2025,Good,0.00,0.00,0.00,0.00,0.00,0.00,0.00,5.238,0.00093,2.619,0.00047,19.03,0.434,0.00,0.00,31.43,0.0056,0.00,0.00,0.00,0.00,0.00,0.00,0.00,0.00,0.023
-93.76191028,42.01907037,40,TaskName 5/12/2025 (GreenStar 4 Monitor),Valor/ag saver,34,5/12/2025,1.001,On,1101.8,118.75,-1.250,5.604,8.222,4.480,179.11,19.99,19.83,0,2,80.61,5/12/2025,Good,0.00,0.00,0.00,0.00,0.00,0.00,0.00,5.289,0.00093,2.644,0.00046,19.21,0.431,0.00,0.00,31.73,0.0056,0.00,0.00,0.00,0.00,0.00,0.00,0.00,0.00,0.022
-93.76190986,42.01904714,40,TaskName 5/12/2025 (GreenStar 4 Monitor),Valor/ag saver,35,5/12/2025,0.999,On,1101.8,118.75,-1.250,5.695,8.350,4.214,179.21,19.99,19.87,0,2,82.03,5/12/2025,Good,0.00,0.00,0.00,0.00,0.00,0.00,0.00,5.298,0.00094,2.649,0.00047,19.25,0.438,0.00,0.00,31.79,0.0057,0.00,0.00,0.00,0.00,0.00,0.00,0.00,0.00,0.023
-93.76190935,42.01902368,40,TaskName 5/12/2025 (GreenStar 4 Monitor),Valor/ag saver,36,5/12/2025,0.996,On,1101.8,118.75,-1.250,5.802,8.478,4.552,179.47,19.99,19.89,0,2,83.53,5/12/2025,Good,0.00,0.00,0.00,0.00,0.00,0.00,0.00,5.305,0.00096,2.652,0.00048,19.27,0.445,0.00,0.00,31.83,0.0057,0.00,0.00,0.00,0.00,0.00,0.00,0.00,0.00,0.023
-93.76190902,42.01900034,40,TaskName 5/12/2025 (GreenStar 4 Monitor),Valor/ag saver,37,5/12/2025,1.005,On,1101.7,118.75,-1.250,5.830,8.589,4.562,179.44,19.99,19.96,0,2,83.88,5/12/2025,Good,0.00,0.00,0.00,0.00,0.00,0.00,0.00,5.323,0.00097,2.662,0.00049,19.34,0.453,0.00,0.00,31.94,0.0058,0.00,0.00,0.00,0.00,0.00,0.00,0.00,0.00,0.023
-93.76190872,42.01897715,40,TaskName 5/12/2025 (GreenStar 4 Monitor),Valor/ag saver,38,5/12/2025,0.995,On,1101.7,118.75,-1.250,5.763,8.422,3.837,179.44,19.99,20.02,0,2,83.07,5/12/2025,Good,0.00,0.00,0.00,0.00,0.00,0.00,0.00,5.339,0.00096,2.669,0.00048,19.39,0.445,0.00,0.00,32.03,0.0057,0.00,0.00,0.00,0.00,0.00,0.00,0.00,0.00,0.023
-93.76190871,42.01896390,40,TaskName 5/12/2025 (GreenStar 4 Monitor),Valor/ag saver,39,5/12/2025,0.605,On,1101.7,118.75,-1.250,5.742,5.094,2.427,179.38,19.99,19.88,0,2,82.64,5/12/2025,Good,0.00,0.00,0.00,0.00,0.00,0.00,0.00,5.300,0.00058,2.650,0.00029,19.25,0.267,0.00,0.00,31.80,0.0035,0.00,0.00,0.00,0.00,0.00,0.00,0.00,0.00,0.014
-93.76190856,42.01895583,40,TaskName 5/12/2025 (GreenStar 4 Monitor),Valor/ag saver,40,5/12/2025,0.399,On,1101.6,120.00,-0.625,5.525,3.232,2.269,179.39,19.99,19.96,0,2,80.34,5/12/2025,Good,0.00,0.00,0.00,0.00,0.00,0.00,0.00,5.323,0.00037,2.661,0.00019,19.33,0.172,0.00,0.00,31.94,0.0022,0.00,0.00,0.00,0.00,0.00,0.00,0.00,0.00,0.0089
-93.76190838,42.01893825,40,TaskName 5/12/2025 (GreenStar 4 Monitor),Valor/ag saver,41,5/12/2025,1.001,On,1101.6,2.500,58.12,4.981,7.300,2.975,179.29,19.99,21.31,0,2,1.507,5/12/2025,Good,0.00,0.00,0.00,0.00,0.00,0.00,0.00,5.683,1.860e-05,2.842,9.301e-06,20.64,0.0086,0.00,0.00,34.10,0.00011,0.00,0.00,0.00,0.00,0.00,0.00,0.00,0.00,0.00042
-93.76190798,42.01892408,40,TaskName 5/12/2025 (GreenStar 4 Monitor),Valor/ag saver,42,5/12/2025,1.000,On,1101.5,2.500,58.12,4.124,6.030,2.872,179.58,19.99,20.58,0,2,1.246,5/12/2025,Good,0.00,0.00,0.00,0.00,0.00,0.00,0.00,5.488,1.484e-05,2.744,7.419e-06,19.93,0.0069,0.00,0.00,32.93,8.903e-05,0.00,0.00,0.00,0.00,0.00,0.00,0.00,0.00,0.00035
-93.76190799,42.01891093,40,TaskName 5/12/2025 (GreenStar 4 Monitor),Valor/ag saver,43,5/12/2025,0.995,On,1101.5,2.500,58.12,3.405,4.957,3.509,179.39,19.99,20.53,0,2,1.029,5/12/2025,Good,0.00,0.00,0.00,0.00,0.00,0.00,0.00,5.474,1.217e-05,2.737,6.084e-06,19.88,0.0057,0.00,0.00,32.84,7.301e-05,0.00,0.00,0.00,0.00,0.00,0.00,0.00,0.00,0.00028
-93.76190781,42.01889638,40,TaskName 5/12/2025 (GreenStar 4 Monitor),Valor/ag saver,44,5/12/2025,0.999,On,1101.5,2.500,58.12,3.458,5.066,4.307,179.40,19.99,20.40,0,2,1.048,5/12/2025,Good,0.00,0.00,0.00,0.00,0.00,0.00,0.00,5.439,1.235e-05,2.720,6.177e-06,19.76,0.0057,0.00,0.00,32.64,7.412e-05,0.00,0.00,0.00,0.00,0.00,0.00,0.00,0.00,0.00029
-93.76190775,42.01888571,40,TaskName 5/12/2025 (GreenStar 4 Monitor),Valor/ag saver,45,5/12/2025,1.006,On,1101.6,2.500,58.12,2.844,4.091,3.479,179.33,19.99,20.20,0,2,0.840,5/12/2025,Good,0.00,0.00,0.00,0.00,0.00,0.00,0.00,5.386,9.880e-06,2.693,4.940e-06,19.57,0.0046,0.00,0.00,32.32,5.928e-05,0.00,0.00,0.00,0.00,0.00,0.00,0.00,0.00,0.00023
-93.76190750,42.01887106,40,TaskName 5/12/2025 (GreenStar 4 Monitor),Valor/ag saver,46,5/12/2025,0.995,On,1101.9,2.500,58.12,2.807,4.078,7.196,179.16,19.99,20.32,0,2,0.847,5/12/2025,Good,0.00,0.00,0.00,0.00,0.00,0.00,0.00,5.419,9.909e-06,2.710,4.954e-06,19.69,0.0046,0.00,0.00,32.51,5.945e-05,0.00,0.00,0.00,0.00,0.00,0.00,0.00,0.00,0.00023
-93.76190773,42.01885259,40,TaskName 5/12/2025 (GreenStar 4 Monitor),Valor/ag saver,47,5/12/2025,0.999,On,1101.5,2.500,58.12,4.056,5.899,3.355,179.00,19.99,20.11,0,2,1.220,5/12/2025,Good,0.00,0.00,0.00,0.00,0.00,0.00,0.00,5.361,1.418e-05,2.681,7.090e-06,19.48,0.0066,0.00,0.00,32.17,8.508e-05,0.00,0.00,0.00,0.00,0.00,0.00,0.00,0.00,0.00034
-93.76190695,42.01883596,40,TaskName 5/12/2025 (GreenStar 4 Monitor),Valor/ag saver,48,5/12/2025,1.000,On,1101.7,2.500,58.12,4.434,6.503,3.262,179.34,19.99,19.99,0,2,1.344,5/12/2025,Good,0.00,0.00,0.00,0.00,0.00,0.00,0.00,5.331,1.554e-05,2.666,7.772e-06,19.37,0.0072,0.00,0.00,31.99,9.326e-05,0.00,0.00,0.00,0.00,0.00,0.00,0.00,0.00,0.00037
-93.76190603,42.01881819,40,TaskName 5/12/2025 (GreenStar 4 Monitor),Valor/ag saver,49,5/12/2025,1.000,On,1101.8,2.500,58.12,4.173,6.122,4.077,180.24,19.99,20.24,0,2,1.265,5/12/2025,Good,0.00,0.00,0.00,0.00,0.00,0.00,0.00,5.398,1.482e-05,2.699,7.408e-06,19.61,0.0069,0.00,0.00,32.39,8.890e-05,0.00,0.00,0.00,0.00,0.00,0.00,0.00,0.00,0.00035
-93.76190662,42.01880023,40,TaskName 5/12/2025 (GreenStar 4 Monitor),Valor/ag saver,50,5/12/2025,1.000,On,1101.8,2.500,58.12,4.446,6.522,4.041,179.40,19.99,20.23,0,2,1.348,5/12/2025,Good,0.00,0.00,0.00,0.00,0.00,0.00,0.00,5.395,1.578e-05,2.698,7.889e-06,19.60,0.0073,0.00,0.00,32.37,9.466e-05,0.00,0.00,0.00,0.00,0.00,0.00,0.00,0.00,0.00037
-93.76190671,42.01878114,40,TaskName 5/12/2025 (GreenStar 4 Monitor),Valor/ag saver,51,5/12/2025,1.000,On,1101.9,2.500,58.12,4.530,6.647,6.205,179.14,19.99,20.14,0,2,1.373,5/12/2025,Good,0.00,0.00,0.00,0.00,0.00,0.00,0.00,5.371,1.601e-05,2.685,8.004e-06,19.51,0.0074,0.00,0.00,32.23,9.604e-05,0.00,0.00,0.00,0.00,0.00,0.00,0.00,0.00,0.00038
-93.76190598,42.01875764,40,TaskName 5/12/2025 (GreenStar 4 Monitor),Valor/ag saver,52,5/12/2025,1.006,On,1102.1,2.500,58.12,5.095,7.487,6.746,179.51,19.99,20.28,0,2,1.538,5/12/2025,Good,0.00,0.00,0.00,0.00,0.00,0.00,0.00,5.408,1.815e-05,2.704,9.076e-06,19.64,0.0084,0.00,0.00,32.45,0.00011,0.00,0.00,0.00,0.00,0.00,0.00,0.00,0.00,0.00043
-93.76190597,42.01873831,40,TaskName 5/12/2025 (GreenStar 4 Monitor),Valor/ag saver,53,5/12/2025,0.795,On,1102.2,2.500,58.12,5.973,6.970,4.313,179.46,19.99,20.08,0,2,1.811,5/12/2025,Good,0.00,0.00,0.00,0.00,0.00,0.00,0.00,5.354,1.673e-05,2.677,8.366e-06,19.45,0.0078,0.00,0.00,32.12,0.00010,0.00,0.00,0.00,0.00,0.00,0.00,0.00,0.00,0.00040
-93.76190586,42.01871420,40,TaskName 5/12/2025 (GreenStar 4 Monitor),Valor/ag saver,54,5/12/2025,0.999,On,1102.2,1.250,57.50,5.947,8.714,6.231,179.32,19.99,20.16,0,2,0.901,5/12/2025,Good,0.00,0.00,0.00,0.00,0.00,0.00,0.00,5.376,1.050e-05,2.688,5.251e-06,19.53,0.0049,0.00,0.00,32.26,6.301e-05,0.00,0.00,0.00,0.00,0.00,0.00,0.00,0.00,0.00025
-93.76190537,42.01868841,40,TaskName 5/12/2025 (GreenStar 4 Monitor),Valor/ag saver,55,5/12/2025,1.000,On,1102.2,1.250,57.50,6.168,9.049,5.263,179.30,19.99,20.00,0,2,0.935,5/12/2025,Good,0.00,0.00,0.00,0.00,0.00,0.00,0.00,5.332,1.082e-05,2.666,5.408e-06,19.37,0.0050,0.00,0.00,31.99,6.490e-05,0.00,0.00,0.00,0.00,0.00,0.00,0.00,0.00,0.00026
-93.76190537,42.01868313,40,TaskName 5/12/2025 (GreenStar 4 Monitor),Valor/ag saver,56,5/12/2025,0.201,On,1102.2,1.250,57.50,6.375,1.872,4.649,179.32,19.99,19.20,0,2,0.962,5/12/2025,Good,0.00,0.00,0.00,0.00,0.00,0.00,0.00,5.120,2.149e-06,2.560,1.074e-06,18.60,0.00100,0.00,0.00,30.72,1.289e-05,0.00,0.00,0.00,0.00,0.00,0.00,0.00,0.00,5.372e-05
-93.76190501,42.01865751,40,TaskName 5/12/2025 (GreenStar 4 Monitor),Valor/ag saver,57,5/12/2025,1.000,On,1102.1,118.75,-1.250,6.455,9.478,4.246,179.44,19.99,18.92,0,2,93.02,5/12/2025,Good,0.00,0.00,0.00,0.00,0.00,0.00,0.00,5.046,0.0010,2.523,0.00051,18.33,0.474,0.00,0.00,30.28,0.0061,0.00,0.00,0.00,0.00,0.00,0.00,0.00,0.00,0.026
-93.76190469,42.01863271,40,TaskName 5/12/2025 (GreenStar 4 Monitor),Valor/ag saver,58,5/12/2025,0.995,On,1102.1,118.75,-1.250,6.221,9.075,5.646,179.44,19.99,19.42,0,2,89.51,5/12/2025,Good,0.00,0.00,0.00,0.00,0.00,0.00,0.00,5.178,0.0010,2.589,0.00050,18.81,0.465,0.00,0.00,31.07,0.0060,0.00,0.00,0.00,0.00,0.00,0.00,0.00,0.00,0.025
-93.76190455,42.01860645,40,TaskName 5/12/2025 (GreenStar 4 Monitor),Valor/ag saver,59,5/12/2025,1.005,On,1102.1,118.75,-1.250,6.320,9.304,4.798,179.23,19.99,19.67,0,2,90.86,5/12/2025,Good,0.00,0.00,0.00,0.00,0.00,0.00,0.00,5.244,0.0010,2.622,0.00052,19.05,0.483,0.00,0.00,31.47,0.0062,0.00,0.00,0.00,0.00,0.00,0.00,0.00,0.00,0.025
-93.76190417,42.01858090,40,TaskName 5/12/2025 (GreenStar 4 Monitor),Valor/ag saver,60,5/12/2025,1.000,On,1102.2,118.75,-1.250,6.478,9.514,4.162,179.22,19.99,19.69,0,2,93.37,5/12/2025,Good,0.00,0.00,0.00,0.00,0.00,0.00,0.00,5.251,0.0011,2.625,0.00053,19.07,0.495,0.00,0.00,31.50,0.0064,0.00,0.00,0.00,0.00,0.00,0.00,0.00,0.00,0.026
-93.76190349,42.01855526,40,TaskName 5/12/2025 (GreenStar 4 Monitor),Valor/ag saver,61,5/12/2025,1.000,On,1102.2,118.75,-1.250,6.343,9.300,5.461,179.54,19.99,19.94,0,2,91.27,5/12/2025,Good,0.00,0.00,0.00,0.00,0.00,0.00,0.00,5.318,0.0011,2.659,0.00053,19.32,0.490,0.00,0.00,31.91,0.0063,0.00,0.00,0.00,0.00,0.00,0.00,0.00,0.00,0.025
-93.76190345,42.01852949,40,TaskName 5/12/2025 (GreenStar 4 Monitor),Valor/ag saver,62,5/12/2025,0.995,On,1102.2,118.75,-1.250,6.390,9.323,5.105,179.30,19.99,19.97,0,2,91.95,5/12/2025,Good,0.00,0.00,0.00,0.00,0.00,0.00,0.00,5.324,0.0011,2.662,0.00053,19.34,0.492,0.00,0.00,31.95,0.0063,0.00,0.00,0.00,0.00,0.00,0.00,0.00,0.00,0.025
-93.76190312,42.01850352,40,TaskName 5/12/2025 (GreenStar 4 Monitor),Valor/ag saver,63,5/12/2025,1.005,On,1102.3,118.75,-1.250,6.414,9.441,4.611,179.29,19.99,20.06,0,2,92.19,5/12/2025,Good,0.00,0.00,0.00,0.00,0.00,0.00,0.00,5.350,0.0011,2.675,0.00054,19.43,0.500,0.00,0.00,32.10,0.0065,0.00,0.00,0.00,0.00,0.00,0.00,0.00,0.00,0.026
-93.76190268,42.01847777,40,TaskName 5/12/2025 (GreenStar 4 Monitor),Valor/ag saver,64,5/12/2025,1.000,On,1102.2,118.75,-1.250,6.456,9.470,4.284,179.39,19.99,20.02,0,2,92.94,5/12/2025,Good,0.00,0.00,0.00,0.00,0.00,0.00,0.00,5.339,0.0011,2.669,0.00054,19.39,0.501,0.00,0.00,32.03,0.0065,0.00,0.00,0.00,0.00,0.00,0.00,0.00,0.00,0.026
-93.76190267,42.01845175,40,TaskName 5/12/2025 (GreenStar 4 Monitor),Valor/ag saver,65,5/12/2025,0.999,On,1102.3,118.75,-1.250,6.432,9.431,4.683,179.09,19.99,20.01,0,2,92.65,5/12/2025,Good,0.00,0.00,0.00,0.00,0.00,0.00,0.00,5.336,0.0011,2.668,0.00054,19.38,0.498,0.00,0.00,32.02,0.0064,0.00,0.00,0.00,0.00,0.00,0.00,0.00,0.00,0.026
-93.76190215,42.01843074,40,TaskName 5/12/2025 (GreenStar 4 Monitor),Valor/ag saver,66,5/12/2025,0.801,On,1102.3,118.75,-1.250,6.459,7.576,5.106,179.20,19.99,20.10,0,2,92.83,5/12/2025,Good,0.00,0.00,0.00,0.00,0.00,0.00,0.00,5.360,0.00086,2.680,0.00043,19.47,0.402,0.00,0.00,32.16,0.0052,0.00,0.00,0.00,0.00,0.00,0.00,0.00,0.00,0.021
-93.76190093,42.01832567,40,TaskName 5/12/2025 (GreenStar 4 Monitor),Valor/ag saver,67,5/12/2025,1.006,On,1102.2,118.75,-1.250,6.499,9.575,4.917,179.26,19.99,19.67,0,3,93.41,5/12/2025,Good,0.00,0.00,0.00,0.00,0.00,0.00,0.00,5.245,0.0011,2.623,0.00053,19.05,0.497,0.00,0.00,31.47,0.0064,0.00,0.00,0.00,0.00,0.00,0.00,0.00,0.00,0.026
-93.76190069,42.01829950,40,TaskName 5/12/2025 (GreenStar 4 Monitor),Valor/ag saver,68,5/12/2025,0.994,On,1102.3,118.75,-1.250,6.513,9.503,5.054,179.15,19.99,19.79,0,3,93.83,5/12/2025,Good,0.00,0.00,0.00,0.00,0.00,0.00,0.00,5.278,0.0011,2.639,0.00053,19.17,0.497,0.00,0.00,31.67,0.0064,0.00,0.00,0.00,0.00,0.00,0.00,0.00,0.00,0.026
-93.76190027,42.01827317,40,TaskName 5/12/2025 (GreenStar 4 Monitor),Valor/ag saver,69,5/12/2025,1.005,On,1102.3,118.75,-1.250,6.520,9.608,4.896,179.31,19.99,19.99,0,3,93.83,5/12/2025,Good,0.00,0.00,0.00,0.00,0.00,0.00,0.00,5.329,0.0011,2.665,0.00055,19.36,0.507,0.00,0.00,31.98,0.0065,0.00,0.00,0.00,0.00,0.00,0.00,0.00,0.00,0.026
-93.76189980,42.01824677,40,TaskName 5/12/2025 (GreenStar 4 Monitor),Valor/ag saver,70,5/12/2025,0.995,On,1102.3,118.75,-1.250,6.572,9.589,4.363,179.26,19.99,19.99,0,3,94.58,5/12/2025,Good,0.00,0.00,0.00,0.00,0.00,0.00,0.00,5.329,0.0011,2.665,0.00054,19.36,0.506,0.00,0.00,31.98,0.0065,0.00,0.00,0.00,0.00,0.00,0.00,0.00,0.00,0.026
-93.76189957,42.01822057,40,TaskName 5/12/2025 (GreenStar 4 Monitor),Valor/ag saver,71,5/12/2025,1.005,On,1102.4,118.75,-1.250,6.547,9.648,4.828,179.29,19.99,20.04,0,3,94.21,5/12/2025,Good,0.00,0.00,0.00,0.00,0.00,0.00,0.00,5.343,0.0011,2.672,0.00055,19.41,0.510,0.00,0.00,32.06,0.0066,0.00,0.00,0.00,0.00,0.00,0.00,0.00,0.00,0.026
-93.76189910,42.01819439,40,TaskName 5/12/2025 (GreenStar 4 Monitor),Valor/ag saver,72,5/12/2025,1.000,On,1102.5,118.75,-1.250,6.509,9.543,4.703,179.33,19.99,20.07,0,3,93.65,5/12/2025,Good,0.00,0.00,0.00,0.00,0.00,0.00,0.00,5.353,0.0011,2.676,0.00054,19.44,0.506,0.00,0.00,32.12,0.0065,0.00,0.00,0.00,0.00,0.00,0.00,0.00,0.00,0.026
-93.76189894,42.01816860,40,TaskName 5/12/2025 (GreenStar 4 Monitor),Valor/ag saver,73,5/12/2025,1.000,On,1102.8,118.75,-1.250,6.444,9.451,5.081,179.41,19.99,20.09,0,3,92.75,5/12/2025,Good,0.00,0.00,0.00,0.00,0.00,0.00,0.00,5.358,0.0011,2.679,0.00054,19.46,0.501,0.00,0.00,32.15,0.0065,0.00,0.00,0.00,0.00,0.00,0.00,0.00,0.00,0.026
-93.76189856,42.01814290,40,TaskName 5/12/2025 (GreenStar 4 Monitor),Valor/ag saver,74,5/12/2025,1.000,On,1103.1,118.75,-1.250,6.410,9.395,4.728,179.34,19.99,20.04,0,3,92.20,5/12/2025,Good,0.00,0.00,0.00,0.00,0.00,0.00,0.00,5.343,0.0011,2.671,0.00053,19.41,0.497,0.00,0.00,32.06,0.0064,0.00,0.00,0.00,0.00,0.00,0.00,0.00,0.00,0.026
-93.76189836,42.01811791,40,TaskName 5/12/2025 (GreenStar 4 Monitor),Valor/ag saver,75,5/12/2025,1.001,On,1103.3,118.75,-1.250,6.269,9.192,5.652,179.20,19.99,20.02,0,3,90.12,5/12/2025,Good,0.00,0.00,0.00,0.00,0.00,0.00,0.00,5.338,0.0010,2.669,0.00052,19.39,0.486,0.00,0.00,32.03,0.0063,0.00,0.00,0.00,0.00,0.00,0.00,0.00,0.00,0.025
-93.76189816,42.01810249,40,TaskName 5/12/2025 (GreenStar 4 Monitor),Valor/ag saver,76,5/12/2025,0.599,On,1103.4,118.75,-1.250,6.273,5.518,5.457,179.24,19.99,20.09,0,3,90.41,5/12/2025,Good,0.00,0.00,0.00,0.00,0.00,0.00,0.00,5.357,0.00063,2.679,0.00031,19.46,0.293,0.00,0.00,32.14,0.0038,0.00,0.00,0.00,0.00,0.00,0.00,0.00,0.00,0.015
-93.76189744,42.01807707,40,TaskName 5/12/2025 (GreenStar 4 Monitor),Valor/ag saver,77,5/12/2025,1.000,On,1103.6,2.500,56.87,6.386,9.365,5.248,179.57,19.99,21.41,0,3,1.935,5/12/2025,Good,0.00,0.00,0.00,0.00,0.00,0.00,0.00,5.710,2.398e-05,2.855,1.199e-05,20.74,0.011,0.00,0.00,34.26,0.00014,0.00,0.00,0.00,0.00,0.00,0.00,0.00,0.00,0.00054
-93.76189723,42.01805129,40,TaskName 5/12/2025 (GreenStar 4 Monitor),Valor/ag saver,78,5/12/2025,1.001,On,1103.7,2.500,56.87,6.318,9.260,5.698,179.55,19.99,20.57,0,3,1.911,5/12/2025,Good,0.00,0.00,0.00,0.00,0.00,0.00,0.00,5.487,2.278e-05,2.743,1.139e-05,19.93,0.011,0.00,0.00,32.92,0.00014,0.00,0.00,0.00,0.00,0.00,0.00,0.00,0.00,0.00053
-93.76189709,42.01803073,40,TaskName 5/12/2025 (GreenStar 4 Monitor),Valor/ag saver,79,5/12/2025,0.805,On,1103.8,2.500,56.87,6.441,7.599,4.866,179.51,19.99,20.41,0,3,1.950,5/12/2025,Good,0.00,0.00,0.00,0.00,0.00,0.00,0.00,5.443,1.855e-05,2.722,9.273e-06,19.77,0.0086,0.00,0.00,32.66,0.00011,0.00,0.00,0.00,0.00,0.00,0.00,0.00,0.00,0.00044
-93.76189701,42.01800466,40,TaskName 5/12/2025 (GreenStar 4 Monitor),Valor/ag saver,80,5/12/2025,0.999,On,1103.9,118.75,-1.250,6.388,9.365,5.283,179.29,19.99,18.91,0,3,92.00,5/12/2025,Good,0.00,0.00,0.00,0.00,0.00,0.00,0.00,5.044,0.0010,2.522,0.00050,18.32,0.468,0.00,0.00,30.26,0.0060,0.00,0.00,0.00,0.00,0.00,0.00,0.00,0.00,0.026
-93.76189674,42.01797874,40,TaskName 5/12/2025 (GreenStar 4 Monitor),Valor/ag saver,81,5/12/2025,1.000,On,1104.0,118.75,-1.250,6.498,9.526,4.895,179.24,19.99,19.42,0,3,93.49,5/12/2025,Good,0.00,0.00,0.00,0.00,0.00,0.00,0.00,5.178,0.0011,2.589,0.00053,18.81,0.488,0.00,0.00,31.07,0.0063,0.00,0.00,0.00,0.00,0.00,0.00,0.00,0.00,0.026
-93.76189613,42.01795246,40,TaskName 5/12/2025 (GreenStar 4 Monitor),Valor/ag saver,82,5/12/2025,1.000,On,1104.1,118.75,-1.250,6.454,9.464,5.388,179.41,19.99,19.70,0,3,92.88,5/12/2025,Good,0.00,0.00,0.00,0.00,0.00,0.00,0.00,5.253,0.0011,2.627,0.00053,19.08,0.492,0.00,0.00,31.52,0.0064,0.00,0.00,0.00,0.00,0.00,0.00,0.00,0.00,0.026
-93.76189577,42.01792618,40,TaskName 5/12/2025 (GreenStar 4 Monitor),Valor/ag saver,83,5/12/2025,1.001,On,1104.2,118.75,-1.250,6.558,9.615,4.353,179.44,19.99,19.73,0,3,94.27,5/12/2025,Good,0.00,0.00,0.00,0.00,0.00,0.00,0.00,5.261,0.0011,2.630,0.00054,19.11,0.501,0.00,0.00,31.56,0.0065,0.00,0.00,0.00,0.00,0.00,0.00,0.00,0.00,0.026
-93.76189563,42.01790022,40,TaskName 5/12/2025 (GreenStar 4 Monitor),Valor/ag saver,84,5/12/2025,0.995,On,1104.4,118.75,-1.250,6.487,9.474,4.691,179.25,19.99,19.92,0,3,93.44,5/12/2025,Good,0.00,0.00,0.00,0.00,0.00,0.00,0.00,5.313,0.0011,2.657,0.00054,19.30,0.498,0.00,0.00,31.88,0.0064,0.00,0.00,0.00,0.00,0.00,0.00,0.00,0.00,0.026
-93.76189528,42.01787429,40,TaskName 5/12/2025 (GreenStar 4 Monitor),Valor/ag saver,85,5/12/2025,1.004,On,1104.5,118.75,-1.250,6.448,9.493,4.967,179.29,19.99,19.92,0,3,92.80,5/12/2025,Good,0.00,0.00,0.00,0.00,0.00,0.00,0.00,5.312,0.0011,2.656,0.00054,19.30,0.499,0.00,0.00,31.87,0.0064,0.00,0.00,0.00,0.00,0.00,0.00,0.00,0.00,0.026
-93.76189507,42.01785335,40,TaskName 5/12/2025 (GreenStar 4 Monitor),Valor/ag saver,86,5/12/2025,0.790,On,1104.7,118.75,-1.250,6.447,7.465,4.835,179.28,19.99,20.09,0,3,92.73,5/12/2025,Good,0.00,0.00,0.00,0.00,0.00,0.00,0.00,5.357,0.00085,2.679,0.00043,19.46,0.396,0.00,0.00,32.14,0.0051,0.00,0.00,0.00,0.00,0.00,0.00,0.00,0.00,0.020
-93.76189463,42.01783763,40,TaskName 5/12/2025 (GreenStar 4 Monitor),Valor/ag saver,87,5/12/2025,0.605,On,1104.8,117.50,-1.875,6.497,5.764,4.415,179.44,19.99,20.00,0,3,92.52,5/12/2025,Good,0.00,0.00,0.00,0.00,0.00,0.00,0.00,5.334,0.00065,2.667,0.00032,19.38,0.301,0.00,0.00,32.00,0.0039,0.00,0.00,0.00,0.00,0.00,0.00,0.00,0.00,0.016
-93.76189450,42.01781724,40,TaskName 5/12/2025 (GreenStar 4 Monitor),Valor/ag saver,88,5/12/2025,0.796,On,1105.1,118.75,-1.250,6.458,7.540,5.638,179.50,19.99,20.01,0,3,92.97,5/12/2025,Good,0.00,0.00,0.00,0.00,0.00,0.00,0.00,5.336,0.00086,2.668,0.00043,19.38,0.398,0.00,0.00,32.01,0.0051,0.00,0.00,0.00,0.00,0.00,0.00,0.00,0.00,0.021
-93.76189434,42.01779147,40,TaskName 5/12/2025 (GreenStar 4 Monitor),Valor/ag saver,89,5/12/2025,1.005,On,1105.4,117.50,-1.875,6.359,9.375,5.964,179.22,19.99,20.08,0,3,90.59,5/12/2025,Good,0.00,0.00,0.00,0.00,0.00,0.00,0.00,5.354,0.0011,2.677,0.00053,19.45,0.492,0.00,0.00,32.13,0.0063,0.00,0.00,0.00,0.00,0.00,0.00,0.00,0.00,0.025
-93.76189424,42.01778087,40,TaskName 5/12/2025 (GreenStar 4 Monitor),Valor/ag saver,90,5/12/2025,0.395,On,1105.5,117.50,-1.875,6.428,3.718,5.175,179.16,19.99,19.95,0,3,91.41,5/12/2025,Good,0.00,0.00,0.00,0.00,0.00,0.00,0.00,5.321,0.00042,2.660,0.00021,19.33,0.194,0.00,0.00,31.93,0.0025,0.00,0.00,0.00,0.00,0.00,0.00,0.00,0.00,0.010
-93.76189417,42.01777590,40,TaskName 5/12/2025 (GreenStar 4 Monitor),Valor/ag saver,91,5/12/2025,0.200,On,1105.5,90.00,-15.62,6.505,1.918,5.686,179.13,19.99,19.99,0,3,71.34,5/12/2025,Good,0.00,0.00,0.00,0.00,0.00,0.00,0.00,5.331,0.00017,2.666,8.253e-05,19.37,0.077,0.00,0.00,31.99,0.00099,0.00,0.00,0.00,0.00,0.00,0.00,0.00,0.00,0.0040
-93.76145213,42.01777203,40,TaskName 5/12/2025 (GreenStar 4 Monitor),Valor/ag saver,92,5/12/2025,0.200,On,1101.9,40.00,40.62,6.263,1.839,3.758,359.40,19.99,17.94,0,4,30.39,5/12/2025,Good,0.00,0.00,0.00,0.00,0.00,0.00,0.00,4.784,6.310e-05,2.392,3.155e-05,17.38,0.029,0.00,0.00,28.70,0.00038,0.00,0.00,0.00,0.00,0.00,0.00,0.00,0.00,0.0017
-93.76145313,42.01779827,40,TaskName 5/12/2025 (GreenStar 4 Monitor),Valor/ag saver,93,5/12/2025,1.000,On,1101.7,120.00,0.625,6.278,9.203,5.567,0.133,19.99,19.59,0,4,91.27,5/12/2025,Good,0.00,0.00,0.00,0.00,0.00,0.00,0.00,5.224,0.0010,2.612,0.00052,18.98,0.481,0.00,0.00,31.34,0.0062,0.00,0.00,0.00,0.00,0.00,0.00,0.00,0.00,0.025
-93.76145255,42.01782663,40,TaskName 5/12/2025 (GreenStar 4 Monitor),Valor/ag saver,94,5/12/2025,1.000,On,1101.5,120.00,0.625,6.788,9.948,3.899,359.29,19.99,19.64,0,4,98.65,5/12/2025,Good,0.00,0.00,0.00,0.00,0.00,0.00,0.00,5.237,0.0011,2.619,0.00056,19.02,0.521,0.00,0.00,31.42,0.0067,0.00,0.00,0.00,0.00,0.00,0.00,0.00,0.00,0.027
-93.76145313,42.01785474,40,TaskName 5/12/2025 (GreenStar 4 Monitor),Valor/ag saver,95,5/12/2025,1.000,On,1101.3,120.00,0.625,7.052,10.34,3.188,359.50,19.99,19.72,0,4,102.56,5/12/2025,Good,0.00,0.00,0.00,0.00,0.00,0.00,0.00,5.257,0.0012,2.629,0.00059,19.10,0.544,0.00,0.00,31.54,0.0070,0.00,0.00,0.00,0.00,0.00,0.00,0.00,0.00,0.028
-93.76145364,42.01788281,40,TaskName 5/12/2025 (GreenStar 4 Monitor),Valor/ag saver,96,5/12/2025,1.000,On,1101.2,120.00,0.625,6.932,10.17,4.787,359.67,19.99,19.90,0,4,100.83,5/12/2025,Good,0.00,0.00,0.00,0.00,0.00,0.00,0.00,5.307,0.0012,2.654,0.00058,19.28,0.540,0.00,0.00,31.84,0.0070,0.00,0.00,0.00,0.00,0.00,0.00,0.00,0.00,0.028
-93.76145359,42.01791081,40,TaskName 5/12/2025 (GreenStar 4 Monitor),Valor/ag saver,97,5/12/2025,1.000,On,1101.2,120.00,0.625,6.980,10.24,4.759,359.26,19.99,19.95,0,4,101.52,5/12/2025,Good,0.00,0.00,0.00,0.00,0.00,0.00,0.00,5.319,0.0012,2.659,0.00059,19.32,0.545,0.00,0.00,31.91,0.0070,0.00,0.00,0.00,0.00,0.00,0.00,0.00,0.00,0.028
-93.76145429,42.01793922,40,TaskName 5/12/2025 (GreenStar 4 Monitor),Valor/ag saver,98,5/12/2025,0.996,On,1101.0,120.00,0.625,6.983,10.19,5.470,359.56,19.99,20.02,0,4,101.47,5/12/2025,Good,0.00,0.00,0.00,0.00,0.00,0.00,0.00,5.340,0.0012,2.670,0.00059,19.40,0.544,0.00,0.00,32.04,0.0070,0.00,0.00,0.00,0.00,0.00,0.00,0.00,0.00,0.028
-93.76145502,42.01796807,40,TaskName 5/12/2025 (GreenStar 4 Monitor),Valor/ag saver,99,5/12/2025,0.999,On,1100.7,120.00,0.625,7.153,10.49,3.860,359.93,19.99,19.90,0,4,104.13,5/12/2025,Good,0.00,0.00,0.00,0.00,0.00,0.00,0.00,5.305,0.0012,2.653,0.00060,19.27,0.557,0.00,0.00,31.83,0.0072,0.00,0.00,0.00,0.00,0.00,0.00,0.00,0.00,0.029
-93.76145487,42.01799673,40,TaskName 5/12/2025 (GreenStar 4 Monitor),Valor/ag saver,100,5/12/2025,1.000,On,1100.5,120.00,0.625,7.122,10.45,4.107,359.57,19.99,19.95,0,4,103.60,5/12/2025,Good,0.00,0.00,0.00,0.00,0.00,0.00,0.00,5.319,0.0012,2.660,0.00060,19.32,0.556,0.00,0.00,31.92,0.0072,0.00,0.00,0.00,0.00,0.00,0.00,0.00,0.00,0.029
-93.76145484,42.01801993,40,TaskName 5/12/2025 (GreenStar 4 Monitor),Valor/ag saver,101,5/12/2025,0.805,On,1100.3,120.00,0.625,7.140,8.430,3.886,359.22,19.99,19.93,0,4,103.86,5/12/2025,Good,0.00,0.00,0.00,0.00,0.00,0.00,0.00,5.314,0.00096,2.657,0.00048,19.30,0.448,0.00,0.00,31.88,0.0058,0.00,0.00,0.00,0.00,0.00,0.00,0.00,0.00,0.023
-93.76145635,42.01812720,40,TaskName 5/12/2025 (GreenStar 4 Monitor),Valor/ag saver,102,5/12/2025,1.001,On,1099.9,120.00,0.625,6.916,10.14,4.916,359.43,19.99,19.57,0,5,100.50,5/12/2025,Good,0.00,0.00,0.00,0.00,0.00,0.00,0.00,5.220,0.0011,2.610,0.00057,18.96,0.530,0.00,0.00,31.32,0.0068,0.00,0.00,0.00,0.00,0.00,0.00,0.00,0.00,0.028
-93.76145690,42.01815623,40,TaskName 5/12/2025 (GreenStar 4 Monitor),Valor/ag saver,103,5/12/2025,1.000,On,1099.8,120.00,0.625,7.083,10.39,4.913,359.52,19.99,19.72,0,5,103.01,5/12/2025,Good,0.00,0.00,0.00,0.00,0.00,0.00,0.00,5.259,0.0012,2.630,0.00059,19.10,0.547,0.00,0.00,31.55,0.0071,0.00,0.00,0.00,0.00,0.00,0.00,0.00,0.00,0.029
-93.76145712,42.01818544,40,TaskName 5/12/2025 (GreenStar 4 Monitor),Valor/ag saver,104,5/12/2025,0.994,On,1099.7,120.00,0.625,7.261,10.60,4.051,359.31,19.99,19.89,0,5,105.73,5/12/2025,Good,0.00,0.00,0.00,0.00,0.00,0.00,0.00,5.303,0.0012,2.651,0.00060,19.26,0.562,0.00,0.00,31.82,0.0073,0.00,0.00,0.00,0.00,0.00,0.00,0.00,0.00,0.029
-93.76145752,42.01821439,40,TaskName 5/12/2025 (GreenStar 4 Monitor),Valor/ag saver,105,5/12/2025,1.005,On,1099.6,120.00,0.625,7.215,10.63,4.244,359.36,19.99,20.06,0,5,104.93,5/12/2025,Good,0.00,0.00,0.00,0.00,0.00,0.00,0.00,5.349,0.0012,2.674,0.00061,19.43,0.569,0.00,0.00,32.09,0.0073,0.00,0.00,0.00,0.00,0.00,0.00,0.00,0.00,0.029
-93.76145796,42.01824340,40,TaskName 5/12/2025 (GreenStar 4 Monitor),Valor/ag saver,106,5/12/2025,1.000,On,1099.6,120.00,0.625,7.185,10.53,4.276,359.44,19.99,20.07,0,5,104.48,5/12/2025,Good,0.00,0.00,0.00,0.00,0.00,0.00,0.00,5.353,0.0012,2.676,0.00061,19.44,0.564,0.00,0.00,32.12,0.0073,0.00,0.00,0.00,0.00,0.00,0.00,0.00,0.00,0.029
-93.76145827,42.01827204,40,TaskName 5/12/2025 (GreenStar 4 Monitor),Valor/ag saver,107,5/12/2025,1.001,On,1099.6,120.00,0.625,7.167,10.51,4.437,359.36,19.99,20.18,0,5,104.11,5/12/2025,Good,0.00,0.00,0.00,0.00,0.00,0.00,0.00,5.381,0.0012,2.690,0.00061,19.55,0.566,0.00,0.00,32.28,0.0073,0.00,0.00,0.00,0.00,0.00,0.00,0.00,0.00,0.029
-93.76145871,42.01830039,40,TaskName 5/12/2025 (GreenStar 4 Monitor),Valor/ag saver,108,5/12/2025,1.000,On,1099.6,120.00,0.625,7.092,10.41,4.275,359.37,19.99,20.12,0,5,103.21,5/12/2025,Good,0.00,0.00,0.00,0.00,0.00,0.00,0.00,5.365,0.0012,2.682,0.00060,19.49,0.559,0.00,0.00,32.19,0.0072,0.00,0.00,0.00,0.00,0.00,0.00,0.00,0.00,0.029
-93.76145911,42.01832798,40,TaskName 5/12/2025 (GreenStar 4 Monitor),Valor/ag saver,109,5/12/2025,1.000,On,1099.6,120.00,0.625,6.970,10.22,3.993,359.51,19.99,20.09,0,5,101.32,5/12/2025,Good,0.00,0.00,0.00,0.00,0.00,0.00,0.00,5.357,0.0012,2.679,0.00059,19.46,0.548,0.00,0.00,32.14,0.0071,0.00,0.00,0.00,0.00,0.00,0.00,0.00,0.00,0.028
-93.76145944,42.01834964,40,TaskName 5/12/2025 (GreenStar 4 Monitor),Valor/ag saver,110,5/12/2025,0.795,On,1099.6,120.00,0.625,6.795,7.922,4.857,359.42,19.99,20.16,0,5,98.82,5/12/2025,Good,0.00,0.00,0.00,0.00,0.00,0.00,0.00,5.375,0.00092,2.688,0.00046,19.53,0.426,0.00,0.00,32.25,0.0055,0.00,0.00,0.00,0.00,0.00,0.00,0.00,0.00,0.022
-93.76146095,42.01845489,40,TaskName 5/12/2025 (GreenStar 4 Monitor),Valor/ag saver,111,5/12/2025,1.006,On,1099.4,120.00,0.625,6.918,10.20,4.951,359.62,19.99,19.18,0,6,100.52,5/12/2025,Good,0.00,0.00,0.00,0.00,0.00,0.00,0.00,5.113,0.0011,2.557,0.00056,18.57,0.522,0.00,0.00,30.68,0.0067,0.00,0.00,0.00,0.00,0.00,0.00,0.00,0.00,0.028
-93.76146114,42.01848321,40,TaskName 5/12/2025 (GreenStar 4 Monitor),Valor/ag saver,112,5/12/2025,0.990,On,1099.3,120.00,0.625,7.021,10.20,4.174,359.56,19.99,19.42,0,6,102.21,5/12/2025,Good,0.00,0.00,0.00,0.00,0.00,0.00,0.00,5.180,0.0011,2.590,0.00057,18.82,0.529,0.00,0.00,31.08,0.0068,0.00,0.00,0.00,0.00,0.00,0.00,0.00,0.00,0.028
-93.76146150,42.01851136,40,TaskName 5/12/2025 (GreenStar 4 Monitor),Valor/ag saver,113,5/12/2025,1.004,On,1099.2,120.00,0.625,7.038,10.36,3.646,359.60,19.99,19.73,0,6,102.38,5/12/2025,Good,0.00,0.00,0.00,0.00,0.00,0.00,0.00,5.261,0.0012,2.630,0.00059,19.11,0.546,0.00,0.00,31.57,0.0070,0.00,0.00,0.00,0.00,0.00,0.00,0.00,0.00,0.029
-93.76146170,42.01853941,40,TaskName 5/12/2025 (GreenStar 4 Monitor),Valor/ag saver,114,5/12/2025,1.001,On,1099.1,120.00,0.625,6.950,10.20,3.917,359.43,19.99,19.96,0,6,101.02,5/12/2025,Good,0.00,0.00,0.00,0.00,0.00,0.00,0.00,5.324,0.0012,2.662,0.00058,19.34,0.543,0.00,0.00,31.94,0.0070,0.00,0.00,0.00,0.00,0.00,0.00,0.00,0.00,0.028
-93.76146199,42.01856692,40,TaskName 5/12/2025 (GreenStar 4 Monitor),Valor/ag saver,115,5/12/2025,0.999,On,1099.0,120.00,0.625,6.923,10.16,3.601,359.44,19.99,20.02,0,6,100.87,5/12/2025,Good,0.00,0.00,0.00,0.00,0.00,0.00,0.00,5.339,0.0012,2.670,0.00058,19.39,0.543,0.00,0.00,32.03,0.0070,0.00,0.00,0.00,0.00,0.00,0.00,0.00,0.00,0.028
-93.76146239,42.01859425,40,TaskName 5/12/2025 (GreenStar 4 Monitor),Valor/ag saver,116,5/12/2025,1.000,On,1099.0,120.00,0.625,6.822,10.01,3.436,359.56,19.99,20.06,0,6,99.30,5/12/2025,Good,0.00,0.00,0.00,0.00,0.00,0.00,0.00,5.349,0.0012,2.674,0.00058,19.43,0.536,0.00,0.00,32.09,0.0069,0.00,0.00,0.00,0.00,0.00,0.00,0.00,0.00,0.028
-93.76146266,42.01862049,40,TaskName 5/12/2025 (GreenStar 4 Monitor),Valor/ag saver,117,5/12/2025,0.996,On,1098.8,120.00,0.625,6.673,9.751,3.698,359.53,19.99,20.15,0,6,97.09,5/12/2025,Good,0.00,0.00,0.00,0.00,0.00,0.00,0.00,5.375,0.0011,2.687,0.00056,19.52,0.524,0.00,0.00,32.25,0.0068,0.00,0.00,0.00,0.00,0.00,0.00,0.00,0.00,0.027
-93.76146283,42.01864540,40,TaskName 5/12/2025 (GreenStar 4 Monitor),Valor/ag saver,118,5/12/2025,1.005,On,1098.8,120.00,0.625,6.410,9.439,3.828,359.40,19.99,20.10,0,6,93.14,5/12/2025,Good,0.00,0.00,0.00,0.00,0.00,0.00,0.00,5.359,0.0011,2.680,0.00054,19.47,0.506,0.00,0.00,32.16,0.0065,0.00,0.00,0.00,0.00,0.00,0.00,0.00,0.00,0.026
-93.76146296,42.01866924,40,TaskName 5/12/2025 (GreenStar 4 Monitor),Valor/ag saver,119,5/12/2025,1.000,On,1098.7,120.00,0.625,6.072,8.914,3.866,359.41,19.99,20.13,0,6,88.40,5/12/2025,Good,0.00,0.00,0.00,0.00,0.00,0.00,0.00,5.367,0.0010,2.683,0.00051,19.50,0.479,0.00,0.00,32.20,0.0062,0.00,0.00,0.00,0.00,0.00,0.00,0.00,0.00,0.025
-93.76146310,42.01867938,40,TaskName 5/12/2025 (GreenStar 4 Monitor),Valor/ag saver,120,5/12/2025,0.404,On,1098.7,120.00,0.625,5.927,3.511,4.931,359.40,19.99,20.30,0,6,86.19,5/12/2025,Good,0.00,0.00,0.00,0.00,0.00,0.00,0.00,5.414,0.00041,2.707,0.00020,19.67,0.190,0.00,0.00,32.48,0.0025,0.00,0.00,0.00,0.00,0.00,0.00,0.00,0.00,0.0097
-93.76146706,42.01897554,40,TaskName 5/12/2025 (GreenStar 4 Monitor),Valor/ag saver,121,5/12/2025,1.000,On,1098.9,120.00,0.625,6.528,9.577,4.899,359.47,19.99,19.43,0,7,94.98,5/12/2025,Good,0.00,0.00,0.00,0.00,0.00,0.00,0.00,5.181,0.0011,2.591,0.00053,18.82,0.497,0.00,0.00,31.09,0.0064,0.00,0.00,0.00,0.00,0.00,0.00,0.00,0.00,0.026
-93.76146726,42.01900261,40,TaskName 5/12/2025 (GreenStar 4 Monitor),Valor/ag saver,122,5/12/2025,1.000,On,1098.8,120.00,0.625,6.673,9.790,4.820,359.28,19.99,19.65,0,7,97.09,5/12/2025,Good,0.00,0.00,0.00,0.00,0.00,0.00,0.00,5.239,0.0011,2.619,0.00055,19.03,0.513,0.00,0.00,31.43,0.0066,0.00,0.00,0.00,0.00,0.00,0.00,0.00,0.00,0.027
-93.76146763,42.01903003,40,TaskName 5/12/2025 (GreenStar 4 Monitor),Valor/ag saver,123,5/12/2025,0.995,On,1098.7,120.00,0.625,6.749,9.849,4.776,359.30,19.99,19.81,0,7,98.17,5/12/2025,Good,0.00,0.00,0.00,0.00,0.00,0.00,0.00,5.283,0.0011,2.642,0.00056,19.19,0.521,0.00,0.00,31.70,0.0067,0.00,0.00,0.00,0.00,0.00,0.00,0.00,0.00,0.027
-93.76146820,42.01905774,40,TaskName 5/12/2025 (GreenStar 4 Monitor),Valor/ag saver,124,5/12/2025,1.006,On,1098.6,120.00,0.625,6.866,10.12,4.419,359.53,19.99,19.83,0,7,99.78,5/12/2025,Good,0.00,0.00,0.00,0.00,0.00,0.00,0.00,5.288,0.0012,2.644,0.00058,19.21,0.536,0.00,0.00,31.73,0.0069,0.00,0.00,0.00,0.00,0.00,0.00,0.00,0.00,0.028
-93.76146846,42.01908528,40,TaskName 5/12/2025 (GreenStar 4 Monitor),Valor/ag saver,125,5/12/2025,0.999,On,1098.5,120.00,0.625,6.859,10.06,4.870,359.38,19.99,19.92,0,7,99.83,5/12/2025,Good,0.00,0.00,0.00,0.00,0.00,0.00,0.00,5.311,0.0011,2.656,0.00057,19.29,0.534,0.00,0.00,31.87,0.0069,0.00,0.00,0.00,0.00,0.00,0.00,0.00,0.00,0.028
-93.76146878,42.01911311,40,TaskName 5/12/2025 (GreenStar 4 Monitor),Valor/ag saver,126,5/12/2025,0.995,On,1098.4,120.00,0.625,6.878,10.04,4.552,359.45,19.99,19.97,0,7,100.10,5/12/2025,Good,0.00,0.00,0.00,0.00,0.00,0.00,0.00,5.326,0.0012,2.663,0.00058,19.35,0.535,0.00,0.00,31.96,0.0069,0.00,0.00,0.00,0.00,0.00,0.00,0.00,0.00,0.028
-93.76146924,42.01914059,40,TaskName 5/12/2025 (GreenStar 4 Monitor),Valor/ag saver,127,5/12/2025,1.000,On,1098.3,120.00,0.625,6.873,10.09,4.044,359.46,19.99,19.96,0,7,100.02,5/12/2025,Good,0.00,0.00,0.00,0.00,0.00,0.00,0.00,5.323,0.0012,2.661,0.00058,19.33,0.537,0.00,0.00,31.94,0.0069,0.00,0.00,0.00,0.00,0.00,0.00,0.00,0.00,0.028
-93.76146951,42.01916848,40,TaskName 5/12/2025 (GreenStar 4 Monitor),Valor/ag saver,128,5/12/2025,1.000,On,1098.2,120.00,0.625,6.852,10.05,4.033,359.47,19.99,19.91,0,7,99.69,5/12/2025,Good,0.00,0.00,0.00,0.00,0.00,0.00,0.00,5.308,0.0011,2.654,0.00057,19.28,0.534,0.00,0.00,31.85,0.0069,0.00,0.00,0.00,0.00,0.00,0.00,0.00,0.00,0.028
-93.76146994,42.01919586,40,TaskName 5/12/2025 (GreenStar 4 Monitor),Valor/ag saver,129,5/12/2025,1.000,On,1098.0,120.00,0.625,6.893,10.11,3.285,359.62,19.99,19.92,0,7,100.25,5/12/2025,Good,0.00,0.00,0.00,0.00,0.00,0.00,0.00,5.312,0.0012,2.656,0.00058,19.30,0.537,0.00,0.00,31.87,0.0069,0.00,0.00,0.00,0.00,0.00,0.00,0.00,0.00,0.028
-93.76146986,42.01920116,40,TaskName 5/12/2025 (GreenStar 4 Monitor),Valor/ag saver,130,5/12/2025,0.200,On,1098.0,120.00,0.625,6.834,2.007,3.956,359.59,19.99,20.01,0,7,99.50,5/12/2025,Good,0.00,0.00,0.00,0.00,0.00,0.00,0.00,5.337,0.00023,2.668,0.00012,19.39,0.107,0.00,0.00,32.02,0.0014,0.00,0.00,0.00,0.00,0.00,0.00,0.00,0.00,0.0055
-93.76147118,42.01930908,40,TaskName 5/12/2025 (GreenStar 4 Monitor),Valor/ag saver,131,5/12/2025,0.999,On,1097.6,120.00,0.625,6.747,9.888,3.835,359.47,19.99,19.74,0,8,98.17,5/12/2025,Good,0.00,0.00,0.00,0.00,0.00,0.00,0.00,5.265,0.0011,2.632,0.00056,19.12,0.521,0.00,0.00,31.59,0.0067,0.00,0.00,0.00,0.00,0.00,0.00,0.00,0.00,0.027
-93.76147142,42.01933641,40,TaskName 5/12/2025 (GreenStar 4 Monitor),Valor/ag saver,132,5/12/2025,1.001,On,1097.4,120.00,0.625,6.784,9.961,4.619,359.25,19.99,19.79,0,8,98.68,5/12/2025,Good,0.00,0.00,0.00,0.00,0.00,0.00,0.00,5.277,0.0011,2.639,0.00057,19.17,0.526,0.00,0.00,31.66,0.0068,0.00,0.00,0.00,0.00,0.00,0.00,0.00,0.00,0.027
-93.76147187,42.01936378,40,TaskName 5/12/2025 (GreenStar 4 Monitor),Valor/ag saver,133,5/12/2025,0.999,On,1097.3,120.00,0.625,6.793,9.954,4.685,359.30,19.99,19.88,0,8,98.82,5/12/2025,Good,0.00,0.00,0.00,0.00,0.00,0.00,0.00,5.302,0.0011,2.651,0.00057,19.26,0.528,0.00,0.00,31.81,0.0068,0.00,0.00,0.00,0.00,0.00,0.00,0.00,0.00,0.027
-93.76147243,42.01939133,40,TaskName 5/12/2025 (GreenStar 4 Monitor),Valor/ag saver,134,5/12/2025,1.005,On,1097.1,120.00,0.625,6.820,10.06,4.184,359.65,19.99,19.90,0,8,99.23,5/12/2025,Good,0.00,0.00,0.00,0.00,0.00,0.00,0.00,5.307,0.0011,2.653,0.00057,19.28,0.534,0.00,0.00,31.84,0.0069,0.00,0.00,0.00,0.00,0.00,0.00,0.00,0.00,0.028
-93.76147261,42.01941900,40,TaskName 5/12/2025 (GreenStar 4 Monitor),Valor/ag saver,135,5/12/2025,0.995,On,1097.0,120.00,0.625,6.855,10.01,4.265,359.55,19.99,19.91,0,8,99.74,5/12/2025,Good,0.00,0.00,0.00,0.00,0.00,0.00,0.00,5.309,0.0011,2.654,0.00057,19.28,0.532,0.00,0.00,31.85,0.0069,0.00,0.00,0.00,0.00,0.00,0.00,0.00,0.00,0.028
-93.76147282,42.01944660,40,TaskName 5/12/2025 (GreenStar 4 Monitor),Valor/ag saver,136,5/12/2025,1.005,On,1096.9,120.00,0.625,6.839,10.09,4.277,359.47,19.99,19.95,0,8,99.52,5/12/2025,Good,0.00,0.00,0.00,0.00,0.00,0.00,0.00,5.320,0.0012,2.660,0.00058,19.33,0.537,0.00,0.00,31.92,0.0069,0.00,0.00,0.00,0.00,0.00,0.00,0.00,0.00,0.028
-93.76147318,42.01947389,40,TaskName 5/12/2025 (GreenStar 4 Monitor),Valor/ag saver,137,5/12/2025,0.996,On,1096.8,120.00,0.625,6.860,10.02,3.310,359.51,19.99,19.92,0,8,99.80,5/12/2025,Good,0.00,0.00,0.00,0.00,0.00,0.00,0.00,5.312,0.0011,2.656,0.00057,19.30,0.533,0.00,0.00,31.87,0.0069,0.00,0.00,0.00,0.00,0.00,0.00,0.00,0.00,0.028
-93.76147345,42.01950069,40,TaskName 5/12/2025 (GreenStar 4 Monitor),Valor/ag saver,138,5/12/2025,1.004,On,1096.7,120.00,0.625,6.700,9.869,4.037,359.43,19.99,19.97,0,8,97.48,5/12/2025,Good,0.00,0.00,0.00,0.00,0.00,0.00,0.00,5.326,0.0011,2.663,0.00057,19.35,0.526,0.00,0.00,31.96,0.0068,0.00,0.00,0.00,0.00,0.00,0.00,0.00,0.00,0.027
-93.76147361,42.01952760,40,TaskName 5/12/2025 (GreenStar 4 Monitor),Valor/ag saver,139,5/12/2025,0.996,On,1096.6,120.00,0.625,6.657,9.728,5.015,359.26,19.99,19.99,0,8,96.86,5/12/2025,Good,0.00,0.00,0.00,0.00,0.00,0.00,0.00,5.329,0.0011,2.665,0.00056,19.36,0.519,0.00,0.00,31.98,0.0067,0.00,0.00,0.00,0.00,0.00,0.00,0.00,0.00,0.027
-93.76147360,42.01953303,40,TaskName 5/12/2025 (GreenStar 4 Monitor),Valor/ag saver,140,5/12/2025,0.200,On,1096.7,120.00,0.625,6.735,1.977,4.550,359.26,19.99,20.06,0,8,98.03,5/12/2025,Good,0.00,0.00,0.00,0.00,0.00,0.00,0.00,5.348,0.00023,2.674,0.00011,19.43,0.106,0.00,0.00,32.09,0.0014,0.00,0.00,0.00,0.00,0.00,0.00,0.00,0.00,0.0054
-93.76147478,42.01963640,40,TaskName 5/12/2025 (GreenStar 4 Monitor),Valor/ag saver,141,5/12/2025,1.001,On,1096.5,120.00,0.625,6.764,9.931,4.464,359.07,19.99,19.40,0,9,98.39,5/12/2025,Good,0.00,0.00,0.00,0.00,0.00,0.00,0.00,5.173,0.0011,2.586,0.00055,18.79,0.514,0.00,0.00,31.04,0.0066,0.00,0.00,0.00,0.00,0.00,0.00,0.00,0.00,0.027
-93.76147546,42.01966357,40,TaskName 5/12/2025 (GreenStar 4 Monitor),Valor/ag saver,142,5/12/2025,0.999,On,1096.5,120.00,0.625,6.786,9.944,4.686,359.32,19.99,19.68,0,9,98.72,5/12/2025,Good,0.00,0.00,0.00,0.00,0.00,0.00,0.00,5.249,0.0011,2.624,0.00056,19.07,0.522,0.00,0.00,31.49,0.0067,0.00,0.00,0.00,0.00,0.00,0.00,0.00,0.00,0.027
-93.76147613,42.01969083,40,TaskName 5/12/2025 (GreenStar 4 Monitor),Valor/ag saver,143,5/12/2025,0.995,On,1096.4,120.00,0.625,6.758,9.862,4.241,359.65,19.99,19.82,0,9,98.30,5/12/2025,Good,0.00,0.00,0.00,0.00,0.00,0.00,0.00,5.285,0.0011,2.642,0.00056,19.20,0.522,0.00,0.00,31.71,0.0067,0.00,0.00,0.00,0.00,0.00,0.00,0.00,0.00,0.027
-93.76147609,42.01971774,40,TaskName 5/12/2025 (GreenStar 4 Monitor),Valor/ag saver,144,5/12/2025,1.001,On,1096.4,120.00,0.625,6.755,9.918,4.106,359.47,19.99,19.86,0,9,98.26,5/12/2025,Good,0.00,0.00,0.00,0.00,0.00,0.00,0.00,5.296,0.0011,2.648,0.00057,19.24,0.526,0.00,0.00,31.78,0.0068,0.00,0.00,0.00,0.00,0.00,0.00,0.00,0.00,0.027
-93.76147632,42.01974381,40,TaskName 5/12/2025 (GreenStar 4 Monitor),Valor/ag saver,145,5/12/2025,1.009,On,1096.4,120.00,0.625,6.570,9.724,4.723,359.29,19.99,19.96,0,9,95.58,5/12/2025,Good,0.00,0.00,0.00,0.00,0.00,0.00,0.00,5.322,0.0011,2.661,0.00056,19.33,0.518,0.00,0.00,31.93,0.0067,0.00,0.00,0.00,0.00,0.00,0.00,0.00,0.00,0.027
-93.76147691,42.01976928,40,TaskName 5/12/2025 (GreenStar 4 Monitor),Valor/ag saver,146,5/12/2025,0.995,On,1096.3,120.00,0.625,6.477,9.452,2.754,359.47,19.99,19.97,0,9,94.21,5/12/2025,Good,0.00,0.00,0.00,0.00,0.00,0.00,0.00,5.326,0.0011,2.663,0.00054,19.35,0.504,0.00,0.00,31.96,0.0065,0.00,0.00,0.00,0.00,0.00,0.00,0.00,0.00,0.026
-93.76147719,42.01979193,40,TaskName 5/12/2025 (GreenStar 4 Monitor),Valor/ag saver,147,5/12/2025,1.001,On,1096.2,120.00,0.625,6.014,8.819,3.143,359.51,19.99,19.99,0,9,87.37,5/12/2025,Good,0.00,0.00,0.00,0.00,0.00,0.00,0.00,5.331,0.0010,2.666,0.00051,19.37,0.470,0.00,0.00,31.99,0.0061,0.00,0.00,0.00,0.00,0.00,0.00,0.00,0.00,0.024
-93.76147747,42.01981482,40,TaskName 5/12/2025 (GreenStar 4 Monitor),Valor/ag saver,148,5/12/2025,0.995,On,1096.1,120.00,0.625,5.638,8.232,4.055,359.58,19.99,20.14,0,9,82.05,5/12/2025,Good,0.00,0.00,0.00,0.00,0.00,0.00,0.00,5.371,0.00095,2.685,0.00048,19.51,0.442,0.00,0.00,32.22,0.0057,0.00,0.00,0.00,0.00,0.00,0.00,0.00,0.00,0.023
-93.76147750,42.01983762,40,TaskName 5/12/2025 (GreenStar 4 Monitor),Valor/ag saver,149,5/12/2025,1.005,On,1096.0,120.00,0.625,5.714,8.425,2.880,359.60,19.99,19.96,0,9,83.14,5/12/2025,Good,0.00,0.00,0.00,0.00,0.00,0.00,0.00,5.322,0.00096,2.661,0.00048,19.33,0.449,0.00,0.00,31.93,0.0058,0.00,0.00,0.00,0.00,0.00,0.00,0.00,0.00,0.023
-93.76147796,42.01985844,40,TaskName 5/12/2025 (GreenStar 4 Monitor),Valor/ag saver,150,5/12/2025,1.000,On,1095.9,120.00,0.625,5.505,8.071,2.160,0.133,19.99,19.88,0,9,80.04,5/12/2025,Good,0.00,0.00,0.00,0.00,0.00,0.00,0.00,5.301,0.00092,2.650,0.00046,19.26,0.428,0.00,0.00,31.81,0.0055,0.00,0.00,0.00,0.00,0.00,0.00,0.00,0.00,0.022
-93.76147798,42.01986189,40,TaskName 5/12/2025 (GreenStar 4 Monitor),Valor/ag saver,151,5/12/2025,0.195,On,1095.9,63.75,28.75,5.172,1.472,1.961,0.219,19.99,19.97,0,9,39.77,5/12/2025,Good,0.00,0.00,0.00,0.00,0.00,0.00,0.00,5.325,8.961e-05,2.663,4.481e-05,19.34,0.042,0.00,0.00,31.95,0.00054,0.00,0.00,0.00,0.00,0.00,0.00,0.00,0.00,0.0022
-93.76103769,42.01987433,40,TaskName 5/12/2025 (GreenStar 4 Monitor),Valor/ag saver,152,5/12/2025,0.206,On,1095.9,85.00,16.87,7.116,2.151,3.949,178.93,19.99,17.95,0,10,73.35,5/12/2025,Good,0.00,0.00,0.00,0.00,0.00,0.00,0.00,4.787,0.00016,2.393,7.848e-05,17.39,0.073,0.00,0.00,28.72,0.00094,0.00,0.00,0.00,0.00,0.00,0.00,0.00,0.00,0.0042
-93.76103703,42.01984511,40,TaskName 5/12/2025 (GreenStar 4 Monitor),Valor/ag saver,153,5/12/2025,1.000,On,1096.0,120.00,-0.625,7.383,10.82,3.979,179.07,19.99,20.17,0,10,107.31,5/12/2025,Good,0.00,0.00,0.00,0.00,0.00,0.00,0.00,5.378,0.0013,2.689,0.00063,19.54,0.582,0.00,0.00,32.27,0.0075,0.00,0.00,0.00,0.00,0.00,0.00,0.00,0.00,0.030
-93.76103657,42.01981605,40,TaskName 5/12/2025 (GreenStar 4 Monitor),Valor/ag saver,154,5/12/2025,0.999,On,1096.1,120.00,-0.625,7.186,10.54,6.623,179.03,19.99,20.02,0,10,104.65,5/12/2025,Good,0.00,0.00,0.00,0.00,0.00,0.00,0.00,5.339,0.0012,2.669,0.00061,19.39,0.563,0.00,0.00,32.03,0.0073,0.00,0.00,0.00,0.00,0.00,0.00,0.00,0.00,0.029
-93.76103584,42.01978604,40,TaskName 5/12/2025 (GreenStar 4 Monitor),Valor/ag saver,155,5/12/2025,1.000,On,1096.2,120.00,-0.625,7.329,10.75,5.469,179.12,19.99,20.00,0,10,106.61,5/12/2025,Good,0.00,0.00,0.00,0.00,0.00,0.00,0.00,5.334,0.0012,2.667,0.00062,19.38,0.574,0.00,0.00,32.01,0.0074,0.00,0.00,0.00,0.00,0.00,0.00,0.00,0.00,0.030
-93.76103534,42.01975628,40,TaskName 5/12/2025 (GreenStar 4 Monitor),Valor/ag saver,156,5/12/2025,0.995,On,1096.3,120.00,-0.625,7.428,10.84,4.852,179.07,19.99,20.03,0,10,108.04,5/12/2025,Good,0.00,0.00,0.00,0.00,0.00,0.00,0.00,5.341,0.0012,2.671,0.00062,19.40,0.579,0.00,0.00,32.05,0.0075,0.00,0.00,0.00,0.00,0.00,0.00,0.00,0.00,0.030
-93.76103468,42.01972642,40,TaskName 5/12/2025 (GreenStar 4 Monitor),Valor/ag saver,157,5/12/2025,1.005,On,1096.3,120.00,-0.625,7.395,10.90,5.069,179.18,19.99,19.89,0,10,107.58,5/12/2025,Good,0.00,0.00,0.00,0.00,0.00,0.00,0.00,5.305,0.0012,2.653,0.00062,19.27,0.579,0.00,0.00,31.83,0.0075,0.00,0.00,0.00,0.00,0.00,0.00,0.00,0.00,0.030
-93.76103387,42.01969635,40,TaskName 5/12/2025 (GreenStar 4 Monitor),Valor/ag saver,158,5/12/2025,0.995,On,1096.5,120.00,-0.625,7.431,10.84,4.905,179.55,19.99,19.97,0,10,108.07,5/12/2025,Good,0.00,0.00,0.00,0.00,0.00,0.00,0.00,5.327,0.0012,2.663,0.00062,19.35,0.578,0.00,0.00,31.96,0.0075,0.00,0.00,0.00,0.00,0.00,0.00,0.00,0.00,0.030
-93.76103345,42.01966659,40,TaskName 5/12/2025 (GreenStar 4 Monitor),Valor/ag saver,159,5/12/2025,1.001,On,1096.5,120.00,-0.625,7.448,10.92,5.194,179.69,19.99,19.92,0,10,108.20,5/12/2025,Good,0.00,0.00,0.00,0.00,0.00,0.00,0.00,5.312,0.0012,2.656,0.00062,19.29,0.580,0.00,0.00,31.87,0.0075,0.00,0.00,0.00,0.00,0.00,0.00,0.00,0.00,0.030
-93.76103329,42.01963633,40,TaskName 5/12/2025 (GreenStar 4 Monitor),Valor/ag saver,160,5/12/2025,1.004,On,1096.5,120.00,-0.625,7.418,10.93,5.778,179.62,19.99,19.95,0,10,107.97,5/12/2025,Good,0.00,0.00,0.00,0.00,0.00,0.00,0.00,5.319,0.0013,2.659,0.00063,19.32,0.582,0.00,0.00,31.91,0.0075,0.00,0.00,0.00,0.00,0.00,0.00,0.00,0.00,0.030
-93.76103334,42.01962444,40,TaskName 5/12/2025 (GreenStar 4 Monitor),Valor/ag saver,161,5/12/2025,0.395,On,1096.7,120.00,-0.625,7.519,4.356,5.861,179.52,19.99,19.96,0,10,109.37,5/12/2025,Good,0.00,0.00,0.00,0.00,0.00,0.00,0.00,5.323,0.00050,2.662,0.00025,19.34,0.232,0.00,0.00,31.94,0.0030,0.00,0.00,0.00,0.00,0.00,0.00,0.00,0.00,0.012
-93.76103189,42.01951553,40,TaskName 5/12/2025 (GreenStar 4 Monitor),Valor/ag saver,162,5/12/2025,1.000,On,1096.9,120.00,-0.625,7.512,11.03,5.897,179.49,19.99,19.30,0,11,109.35,5/12/2025,Good,0.00,0.00,0.00,0.00,0.00,0.00,0.00,5.147,0.0012,2.574,0.00061,18.70,0.568,0.00,0.00,30.88,0.0073,0.00,0.00,0.00,0.00,0.00,0.00,0.00,0.00,0.030
-93.76103179,42.01948496,40,TaskName 5/12/2025 (GreenStar 4 Monitor),Valor/ag saver,163,5/12/2025,1.000,On,1097.1,120.00,-0.625,7.573,11.10,5.203,179.27,19.99,19.57,0,11,110.03,5/12/2025,Good,0.00,0.00,0.00,0.00,0.00,0.00,0.00,5.218,0.0012,2.609,0.00062,18.95,0.579,0.00,0.00,31.31,0.0075,0.00,0.00,0.00,0.00,0.00,0.00,0.00,0.00,0.031
-93.76103126,42.01945432,40,TaskName 5/12/2025 (GreenStar 4 Monitor),Valor/ag saver,164,5/12/2025,1.000,On,1097.0,120.00,-0.625,7.605,11.15,4.650,179.41,19.99,19.81,0,11,110.59,5/12/2025,Good,0.00,0.00,0.00,0.00,0.00,0.00,0.00,5.282,0.0013,2.641,0.00063,19.19,0.589,0.00,0.00,31.69,0.0076,0.00,0.00,0.00,0.00,0.00,0.00,0.00,0.00,0.031
-93.76103073,42.01942380,40,TaskName 5/12/2025 (GreenStar 4 Monitor),Valor/ag saver,165,5/12/2025,0.994,On,1097.1,120.00,-0.625,7.587,11.08,4.822,179.63,19.99,19.87,0,11,110.50,5/12/2025,Good,0.00,0.00,0.00,0.00,0.00,0.00,0.00,5.297,0.0013,2.649,0.00063,19.24,0.587,0.00,0.00,31.78,0.0076,0.00,0.00,0.00,0.00,0.00,0.00,0.00,0.00,0.031
-93.76103054,42.01939334,40,TaskName 5/12/2025 (GreenStar 4 Monitor),Valor/ag saver,166,5/12/2025,1.000,On,1097.1,120.00,-0.625,7.575,11.11,4.921,179.42,19.99,19.90,0,11,110.16,5/12/2025,Good,0.00,0.00,0.00,0.00,0.00,0.00,0.00,5.307,0.0013,2.653,0.00063,19.28,0.590,0.00,0.00,31.84,0.0076,0.00,0.00,0.00,0.00,0.00,0.00,0.00,0.00,0.031
-93.76103033,42.01936278,40,TaskName 5/12/2025 (GreenStar 4 Monitor),Valor/ag saver,167,5/12/2025,1.000,On,1097.2,120.00,-0.625,7.569,11.10,4.783,179.21,19.99,19.92,0,11,110.03,5/12/2025,Good,0.00,0.00,0.00,0.00,0.00,0.00,0.00,5.311,0.0013,2.656,0.00063,19.29,0.590,0.00,0.00,31.87,0.0076,0.00,0.00,0.00,0.00,0.00,0.00,0.00,0.00,0.031
-93.76102971,42.01933224,40,TaskName 5/12/2025 (GreenStar 4 Monitor),Valor/ag saver,168,5/12/2025,1.001,On,1097.1,120.00,-0.625,7.579,11.12,4.910,179.40,19.99,19.88,0,11,110.22,5/12/2025,Good,0.00,0.00,0.00,0.00,0.00,0.00,0.00,5.301,0.0013,2.650,0.00063,19.26,0.590,0.00,0.00,31.81,0.0076,0.00,0.00,0.00,0.00,0.00,0.00,0.00,0.00,0.031
-93.76102931,42.01930137,40,TaskName 5/12/2025 (GreenStar 4 Monitor),Valor/ag saver,169,5/12/2025,0.999,On,1097.1,120.00,-0.625,7.621,11.16,4.526,179.73,19.99,20.01,0,11,110.83,5/12/2025,Good,0.00,0.00,0.00,0.00,0.00,0.00,0.00,5.336,0.0013,2.668,0.00064,19.38,0.596,0.00,0.00,32.02,0.0077,0.00,0.00,0.00,0.00,0.00,0.00,0.00,0.00,0.031
-93.76102910,42.01929534,40,TaskName 5/12/2025 (GreenStar 4 Monitor),Valor/ag saver,170,5/12/2025,0.195,On,1097.1,120.00,-0.625,7.693,2.199,4.570,179.67,19.99,20.01,0,11,111.85,5/12/2025,Good,0.00,0.00,0.00,0.00,0.00,0.00,0.00,5.337,0.00025,2.668,0.00013,19.39,0.117,0.00,0.00,32.02,0.0015,0.00,0.00,0.00,0.00,0.00,0.00,0.00,0.00,0.0061
-93.76102797,42.01918558,40,TaskName 5/12/2025 (GreenStar 4 Monitor),Valor/ag saver,171,5/12/2025,1.005,On,1097.5,120.00,-0.625,7.590,11.18,5.469,179.48,19.99,18.95,0,12,110.36,5/12/2025,Good,0.00,0.00,0.00,0.00,0.00,0.00,0.00,5.054,0.0012,2.527,0.00061,18.36,0.566,0.00,0.00,30.32,0.0073,0.00,0.00,0.00,0.00,0.00,0.00,0.00,0.00,0.031
-93.76102778,42.01915478,40,TaskName 5/12/2025 (GreenStar 4 Monitor),Valor/ag saver,172,5/12/2025,0.999,On,1097.5,120.00,-0.625,7.614,11.16,4.943,179.29,19.99,19.35,0,12,110.76,5/12/2025,Good,0.00,0.00,0.00,0.00,0.00,0.00,0.00,5.160,0.0012,2.580,0.00062,18.74,0.576,0.00,0.00,30.96,0.0074,0.00,0.00,0.00,0.00,0.00,0.00,0.00,0.00,0.031
-93.76102721,42.01912430,40,TaskName 5/12/2025 (GreenStar 4 Monitor),Valor/ag saver,173,5/12/2025,1.000,On,1097.6,120.00,-0.625,7.641,11.20,5.696,179.49,19.99,19.72,0,12,111.11,5/12/2025,Good,0.00,0.00,0.00,0.00,0.00,0.00,0.00,5.257,0.0013,2.629,0.00063,19.10,0.589,0.00,0.00,31.54,0.0076,0.00,0.00,0.00,0.00,0.00,0.00,0.00,0.00,0.031
-93.76102677,42.01909364,40,TaskName 5/12/2025 (GreenStar 4 Monitor),Valor/ag saver,174,5/12/2025,1.000,On,1097.6,120.00,-0.625,7.560,11.09,5.826,179.58,19.99,19.94,0,12,109.94,5/12/2025,Good,0.00,0.00,0.00,0.00,0.00,0.00,0.00,5.318,0.0013,2.659,0.00063,19.32,0.590,0.00,0.00,31.91,0.0076,0.00,0.00,0.00,0.00,0.00,0.00,0.00,0.00,0.031
-93.76102645,42.01906363,40,TaskName 5/12/2025 (GreenStar 4 Monitor),Valor/ag saver,175,5/12/2025,1.000,On,1097.6,120.00,-0.625,7.554,11.08,4.897,179.51,19.99,19.97,0,12,109.87,5/12/2025,Good,0.00,0.00,0.00,0.00,0.00,0.00,0.00,5.326,0.0013,2.663,0.00063,19.35,0.590,0.00,0.00,31.96,0.0076,0.00,0.00,0.00,0.00,0.00,0.00,0.00,0.00,0.031
-93.76102628,42.01903369,40,TaskName 5/12/2025 (GreenStar 4 Monitor),Valor/ag saver,176,5/12/2025,1.000,On,1097.5,120.00,-0.625,7.426,10.89,5.466,179.51,19.99,20.07,0,12,107.98,5/12/2025,Good,0.00,0.00,0.00,0.00,0.00,0.00,0.00,5.352,0.0013,2.676,0.00063,19.44,0.583,0.00,0.00,32.11,0.0075,0.00,0.00,0.00,0.00,0.00,0.00,0.00,0.00,0.030
-93.76102575,42.01900388,40,TaskName 5/12/2025 (GreenStar 4 Monitor),Valor/ag saver,177,5/12/2025,1.005,On,1097.5,120.00,-0.625,7.496,11.05,4.207,179.64,19.99,19.94,0,12,109.03,5/12/2025,Good,0.00,0.00,0.00,0.00,0.00,0.00,0.00,5.316,0.0013,2.658,0.00063,19.31,0.588,0.00,0.00,31.90,0.0076,0.00,0.00,0.00,0.00,0.00,0.00,0.00,0.00,0.030
-93.76102567,42.01897641,40,TaskName 5/12/2025 (GreenStar 4 Monitor),Valor/ag saver,178,5/12/2025,0.995,On,1097.6,120.00,-0.625,7.186,10.48,3.854,179.55,19.99,19.98,0,12,104.44,5/12/2025,Good,0.00,0.00,0.00,0.00,0.00,0.00,0.00,5.329,0.0012,2.664,0.00060,19.36,0.559,0.00,0.00,31.97,0.0072,0.00,0.00,0.00,0.00,0.00,0.00,0.00,0.00,0.029
-93.76102539,42.01896582,40,TaskName 5/12/2025 (GreenStar 4 Monitor),Valor/ag saver,179,5/12/2025,0.396,On,1097.6,120.00,-0.625,6.746,3.916,5.585,179.55,19.99,20.17,0,12,98.08,5/12/2025,Good,0.00,0.00,0.00,0.00,0.00,0.00,0.00,5.380,0.00045,2.690,0.00023,19.54,0.211,0.00,0.00,32.28,0.0027,0.00,0.00,0.00,0.00,0.00,0.00,0.00,0.00,0.011
-93.76102559,42.01896055,40,TaskName 5/12/2025 (GreenStar 4 Monitor),Valor/ag saver,180,5/12/2025,0.200,On,1097.7,81.25,18.75,6.666,1.957,6.023,179.29,19.99,20.16,0,12,65.69,5/12/2025,Good,0.00,0.00,0.00,0.00,0.00,0.00,0.00,5.377,0.00015,2.688,7.665e-05,19.53,0.071,0.00,0.00,32.26,0.00092,0.00,0.00,0.00,0.00,0.00,0.00,0.00,0.00,0.0036
-93.76102218,42.01866393,40,TaskName 5/12/2025 (GreenStar 4 Monitor),Valor/ag saver,181,5/12/2025,1.001,On,1098.3,120.00,-0.625,6.960,10.21,7.226,179.22,19.99,19.52,0,13,101.13,5/12/2025,Good,0.00,0.00,0.00,0.00,0.00,0.00,0.00,5.206,0.0011,2.603,0.00057,18.91,0.532,0.00,0.00,31.24,0.0069,0.00,0.00,0.00,0.00,0.00,0.00,0.00,0.00,0.028
-93.76102164,42.01863395,40,TaskName 5/12/2025 (GreenStar 4 Monitor),Valor/ag saver,182,5/12/2025,0.999,On,1098.3,120.00,-0.625,7.160,10.48,6.165,179.20,19.99,19.75,0,13,104.00,5/12/2025,Good,0.00,0.00,0.00,0.00,0.00,0.00,0.00,5.266,0.0012,2.633,0.00059,19.13,0.552,0.00,0.00,31.59,0.0071,0.00,0.00,0.00,0.00,0.00,0.00,0.00,0.00,0.029
-93.76102112,42.01860390,40,TaskName 5/12/2025 (GreenStar 4 Monitor),Valor/ag saver,183,5/12/2025,1.000,On,1098.3,120.00,-0.625,7.467,10.95,5.299,179.31,19.99,19.79,0,13,108.55,5/12/2025,Good,0.00,0.00,0.00,0.00,0.00,0.00,0.00,5.277,0.0012,2.639,0.00062,19.17,0.578,0.00,0.00,31.66,0.0075,0.00,0.00,0.00,0.00,0.00,0.00,0.00,0.00,0.030
-93.76102075,42.01857341,40,TaskName 5/12/2025 (GreenStar 4 Monitor),Valor/ag saver,184,5/12/2025,0.996,On,1098.4,120.00,-0.625,7.512,10.96,5.813,179.22,19.99,19.93,0,13,109.18,5/12/2025,Good,0.00,0.00,0.00,0.00,0.00,0.00,0.00,5.314,0.0013,2.657,0.00063,19.30,0.583,0.00,0.00,31.88,0.0075,0.00,0.00,0.00,0.00,0.00,0.00,0.00,0.00,0.030
-93.76102022,42.01854146,40,TaskName 5/12/2025 (GreenStar 4 Monitor),Valor/ag saver,185,5/12/2025,1.004,On,1098.5,120.00,-0.625,7.713,11.35,6.174,179.41,19.99,20.04,0,13,112.10,5/12/2025,Good,0.00,0.00,0.00,0.00,0.00,0.00,0.00,5.345,0.0013,2.672,0.00065,19.41,0.607,0.00,0.00,32.07,0.0078,0.00,0.00,0.00,0.00,0.00,0.00,0.00,0.00,0.031
-93.76101987,42.01850944,40,TaskName 5/12/2025 (GreenStar 4 Monitor),Valor/ag saver,186,5/12/2025,1.000,On,1098.6,120.00,-0.625,7.994,11.72,4.872,179.44,19.99,19.94,0,13,116.19,5/12/2025,Good,0.00,0.00,0.00,0.00,0.00,0.00,0.00,5.317,0.0013,2.659,0.00067,19.32,0.623,0.00,0.00,31.90,0.0080,0.00,0.00,0.00,0.00,0.00,0.00,0.00,0.00,0.032
-93.76101972,42.01847781,40,TaskName 5/12/2025 (GreenStar 4 Monitor),Valor/ag saver,187,5/12/2025,0.996,On,1098.6,120.00,-0.625,7.896,11.53,5.401,179.03,19.99,20.14,0,13,114.80,5/12/2025,Good,0.00,0.00,0.00,0.00,0.00,0.00,0.00,5.370,0.0013,2.685,0.00067,19.50,0.619,0.00,0.00,32.22,0.0080,0.00,0.00,0.00,0.00,0.00,0.00,0.00,0.00,0.032
-93.76101904,42.01844549,40,TaskName 5/12/2025 (GreenStar 4 Monitor),Valor/ag saver,188,5/12/2025,1.004,On,1098.6,120.00,-0.625,7.925,11.66,5.370,179.34,19.99,20.07,0,13,115.21,5/12/2025,Good,0.00,0.00,0.00,0.00,0.00,0.00,0.00,5.353,0.0013,2.676,0.00067,19.44,0.625,0.00,0.00,32.12,0.0081,0.00,0.00,0.00,0.00,0.00,0.00,0.00,0.00,0.032
-93.76101869,42.01843923,40,TaskName 5/12/2025 (GreenStar 4 Monitor),Valor/ag saver,189,5/12/2025,0.191,On,1098.6,120.00,-0.625,8.017,2.231,5.356,179.45,19.99,20.12,0,13,115.84,5/12/2025,Good,0.00,0.00,0.00,0.00,0.00,0.00,0.00,5.365,0.00026,2.683,0.00013,19.49,0.120,0.00,0.00,32.19,0.0015,0.00,0.00,0.00,0.00,0.00,0.00,0.00,0.00,0.0061
-93.76101768,42.01833033,40,TaskName 5/12/2025 (GreenStar 4 Monitor),Valor/ag saver,190,5/12/2025,0.995,On,1098.8,120.00,-0.625,7.926,11.56,5.181,179.32,19.99,19.58,0,14,115.24,5/12/2025,Good,0.00,0.00,0.00,0.00,0.00,0.00,0.00,5.221,0.0013,2.611,0.00065,18.97,0.604,0.00,0.00,31.33,0.0078,0.00,0.00,0.00,0.00,0.00,0.00,0.00,0.00,0.032
-93.76101703,42.01829827,40,TaskName 5/12/2025 (GreenStar 4 Monitor),Valor/ag saver,191,5/12/2025,1.001,On,1098.8,120.00,-0.625,7.981,11.71,5.548,179.52,19.99,19.81,0,14,116.05,5/12/2025,Good,0.00,0.00,0.00,0.00,0.00,0.00,0.00,5.282,0.0013,2.641,0.00067,19.19,0.619,0.00,0.00,31.69,0.0080,0.00,0.00,0.00,0.00,0.00,0.00,0.00,0.00,0.032
-93.76101658,42.01826592,40,TaskName 5/12/2025 (GreenStar 4 Monitor),Valor/ag saver,192,5/12/2025,1.000,On,1098.9,120.00,-0.625,7.984,11.70,5.690,179.59,19.99,19.92,0,14,116.03,5/12/2025,Good,0.00,0.00,0.00,0.00,0.00,0.00,0.00,5.311,0.0013,2.656,0.00067,19.29,0.622,0.00,0.00,31.87,0.0080,0.00,0.00,0.00,0.00,0.00,0.00,0.00,0.00,0.032
-93.76101653,42.01823359,40,TaskName 5/12/2025 (GreenStar 4 Monitor),Valor/ag saver,193,5/12/2025,0.999,On,1099.0,120.00,-0.625,8.039,11.77,5.473,179.35,19.99,19.99,0,14,116.86,5/12/2025,Good,0.00,0.00,0.00,0.00,0.00,0.00,0.00,5.330,0.0014,2.665,0.00068,19.36,0.628,0.00,0.00,31.98,0.0081,0.00,0.00,0.00,0.00,0.00,0.00,0.00,0.00,0.032
-93.76101616,42.01820129,40,TaskName 5/12/2025 (GreenStar 4 Monitor),Valor/ag saver,194,5/12/2025,1.006,On,1099.1,120.00,-0.625,8.024,11.82,5.507,179.29,19.99,20.06,0,14,116.50,5/12/2025,Good,0.00,0.00,0.00,0.00,0.00,0.00,0.00,5.349,0.0014,2.674,0.00068,19.43,0.633,0.00,0.00,32.09,0.0082,0.00,0.00,0.00,0.00,0.00,0.00,0.00,0.00,0.033
-93.76101551,42.01816914,40,TaskName 5/12/2025 (GreenStar 4 Monitor),Valor/ag saver,195,5/12/2025,0.995,On,1099.3,120.00,-0.625,7.980,11.64,5.957,179.47,19.99,20.07,0,14,115.99,5/12/2025,Good,0.00,0.00,0.00,0.00,0.00,0.00,0.00,5.351,0.0013,2.676,0.00067,19.44,0.623,0.00,0.00,32.11,0.0080,0.00,0.00,0.00,0.00,0.00,0.00,0.00,0.00,0.032
-93.76101537,42.01813683,40,TaskName 5/12/2025 (GreenStar 4 Monitor),Valor/ag saver,196,5/12/2025,1.000,On,1099.5,120.00,-0.625,8.002,11.74,5.681,179.33,19.99,20.06,0,14,116.45,5/12/2025,Good,0.00,0.00,0.00,0.00,0.00,0.00,0.00,5.349,0.0014,2.675,0.00068,19.43,0.629,0.00,0.00,32.10,0.0081,0.00,0.00,0.00,0.00,0.00,0.00,0.00,0.00,0.032
-93.76101498,42.01811077,40,TaskName 5/12/2025 (GreenStar 4 Monitor),Valor/ag saver,197,5/12/2025,0.805,On,1099.6,120.00,-0.625,8.063,9.515,5.341,179.36,19.99,19.98,0,14,117.22,5/12/2025,Good,0.00,0.00,0.00,0.00,0.00,0.00,0.00,5.328,0.0011,2.664,0.00055,19.35,0.507,0.00,0.00,31.97,0.0065,0.00,0.00,0.00,0.00,0.00,0.00,0.00,0.00,0.026
-93.76101375,42.01800016,40,TaskName 5/12/2025 (GreenStar 4 Monitor),Valor/ag saver,198,5/12/2025,1.001,On,1099.7,120.00,-0.625,8.089,11.87,4.869,179.18,19.99,19.36,0,15,117.57,5/12/2025,Good,0.00,0.00,0.00,0.00,0.00,0.00,0.00,5.163,0.0013,2.582,0.00066,18.75,0.613,0.00,0.00,30.98,0.0079,0.00,0.00,0.00,0.00,0.00,0.00,0.00,0.00,0.033
-93.76101333,42.01796770,40,TaskName 5/12/2025 (GreenStar 4 Monitor),Valor/ag saver,199,5/12/2025,1.000,On,1099.8,120.00,-0.625,8.100,11.86,4.787,179.15,19.99,19.65,0,15,117.59,5/12/2025,Good,0.00,0.00,0.00,0.00,0.00,0.00,0.00,5.240,0.0013,2.620,0.00067,19.03,0.622,0.00,0.00,31.44,0.0080,0.00,0.00,0.00,0.00,0.00,0.00,0.00,0.00,0.033
-93.76101267,42.01793560,40,TaskName 5/12/2025 (GreenStar 4 Monitor),Valor/ag saver,200,5/12/2025,1.000,On,1100.1,120.00,-0.625,8.023,11.77,6.016,179.40,19.99,19.80,0,15,116.74,5/12/2025,Good,0.00,0.00,0.00,0.00,0.00,0.00,0.00,5.280,0.0013,2.640,0.00067,19.18,0.622,0.00,0.00,31.68,0.0080,0.00,0.00,0.00,0.00,0.00,0.00,0.00,0.00,0.032
-93.76101216,42.01790356,40,TaskName 5/12/2025 (GreenStar 4 Monitor),Valor/ag saver,201,5/12/2025,1.000,On,1100.3,120.00,-0.625,7.947,11.65,6.158,179.57,19.99,19.96,0,15,115.51,5/12/2025,Good,0.00,0.00,0.00,0.00,0.00,0.00,0.00,5.322,0.0013,2.661,0.00067,19.33,0.620,0.00,0.00,31.93,0.0080,0.00,0.00,0.00,0.00,0.00,0.00,0.00,0.00,0.032
-93.76101202,42.01787129,40,TaskName 5/12/2025 (GreenStar 4 Monitor),Valor/ag saver,202,5/12/2025,0.999,On,1100.6,120.00,-0.625,8.011,11.73,5.551,179.37,19.99,20.04,0,15,116.44,5/12/2025,Good,0.00,0.00,0.00,0.00,0.00,0.00,0.00,5.343,0.0013,2.672,0.00067,19.41,0.627,0.00,0.00,32.06,0.0081,0.00,0.00,0.00,0.00,0.00,0.00,0.00,0.00,0.032
-93.76101173,42.01783937,40,TaskName 5/12/2025 (GreenStar 4 Monitor),Valor/ag saver,203,5/12/2025,1.001,On,1100.9,120.00,-0.625,8.014,11.76,6.119,179.38,19.99,19.97,0,15,116.50,5/12/2025,Good,0.00,0.00,0.00,0.00,0.00,0.00,0.00,5.326,0.0013,2.663,0.00067,19.35,0.627,0.00,0.00,31.96,0.0081,0.00,0.00,0.00,0.00,0.00,0.00,0.00,0.00,0.032
-93.76101132,42.01780737,40,TaskName 5/12/2025 (GreenStar 4 Monitor),Valor/ag saver,204,5/12/2025,0.999,On,1101.1,120.00,-0.625,7.912,11.58,6.351,179.33,19.99,19.99,0,15,115.00,5/12/2025,Good,0.00,0.00,0.00,0.00,0.00,0.00,0.00,5.331,0.0013,2.666,0.00066,19.37,0.618,0.00,0.00,31.99,0.0080,0.00,0.00,0.00,0.00,0.00,0.00,0.00,0.00,0.032
-93.76101100,42.01778197,40,TaskName 5/12/2025 (GreenStar 4 Monitor),Valor/ag saver,205,5/12/2025,0.800,On,1101.2,120.00,-0.625,7.953,9.327,5.019,179.25,19.99,19.94,0,15,115.63,5/12/2025,Good,0.00,0.00,0.00,0.00,0.00,0.00,0.00,5.316,0.0011,2.658,0.00053,19.31,0.496,0.00,0.00,31.90,0.0064,0.00,0.00,0.00,0.00,0.00,0.00,0.00,0.00,0.026
-93.76056780,42.01777642,40,TaskName 5/12/2025 (GreenStar 4 Monitor),Valor/ag saver,206,5/12/2025,0.199,On,1098.6,15.00,53.12,6.588,1.934,4.379,358.76,19.99,17.84,0,16,12.04,5/12/2025,Good,0.00,0.00,0.00,0.00,0.00,0.00,0.00,4.758,2.475e-05,2.379,1.237e-05,17.28,0.012,0.00,0.00,28.55,0.00015,0.00,0.00,0.00,0.00,0.00,0.00,0.00,0.00,0.00067
-93.76056865,42.01780347,40,TaskName 5/12/2025 (GreenStar 4 Monitor),Valor/ag saver,207,5/12/2025,0.995,On,1098.5,121.25,0.00,6.737,9.828,4.335,358.93,19.99,19.22,0,16,98.98,5/12/2025,Good,0.00,0.00,0.00,0.00,0.00,0.00,0.00,5.125,0.0011,2.562,0.00055,18.62,0.509,0.00,0.00,30.75,0.0066,0.00,0.00,0.00,0.00,0.00,0.00,0.00,0.00,0.027
-93.76056955,42.01783146,40,TaskName 5/12/2025 (GreenStar 4 Monitor),Valor/ag saver,208,5/12/2025,1.006,On,1098.5,120.00,0.625,6.719,9.910,5.773,359.44,19.99,19.50,0,16,97.70,5/12/2025,Good,0.00,0.00,0.00,0.00,0.00,0.00,0.00,5.201,0.0011,2.600,0.00055,18.89,0.516,0.00,0.00,31.21,0.0067,0.00,0.00,0.00,0.00,0.00,0.00,0.00,0.00,0.027
-93.76056964,42.01786041,40,TaskName 5/12/2025 (GreenStar 4 Monitor),Valor/ag saver,209,5/12/2025,0.994,On,1098.4,120.00,0.625,7.105,10.36,4.579,359.21,19.99,19.60,0,16,103.33,5/12/2025,Good,0.00,0.00,0.00,0.00,0.00,0.00,0.00,5.228,0.0012,2.614,0.00058,18.99,0.542,0.00,0.00,31.37,0.0070,0.00,0.00,0.00,0.00,0.00,0.00,0.00,0.00,0.029
-93.76057012,42.01788906,40,TaskName 5/12/2025 (GreenStar 4 Monitor),Valor/ag saver,210,5/12/2025,1.000,On,1098.5,120.00,0.625,7.162,10.50,4.321,359.29,19.99,19.77,0,16,104.17,5/12/2025,Good,0.00,0.00,0.00,0.00,0.00,0.00,0.00,5.273,0.0012,2.636,0.00060,19.15,0.554,0.00,0.00,31.64,0.0072,0.00,0.00,0.00,0.00,0.00,0.00,0.00,0.00,0.029
-93.76057064,42.01791768,40,TaskName 5/12/2025 (GreenStar 4 Monitor),Valor/ag saver,211,5/12/2025,1.000,On,1098.5,120.00,0.625,7.107,10.42,4.550,359.48,19.99,19.96,0,16,103.36,5/12/2025,Good,0.00,0.00,0.00,0.00,0.00,0.00,0.00,5.322,0.0012,2.661,0.00060,19.33,0.555,0.00,0.00,31.93,0.0072,0.00,0.00,0.00,0.00,0.00,0.00,0.00,0.00,0.029
-93.76057075,42.01794623,40,TaskName 5/12/2025 (GreenStar 4 Monitor),Valor/ag saver,212,5/12/2025,1.001,On,1098.5,120.00,0.625,7.113,10.44,4.564,359.17,19.99,20.03,0,16,103.42,5/12/2025,Good,0.00,0.00,0.00,0.00,0.00,0.00,0.00,5.342,0.0012,2.671,0.00060,19.41,0.558,0.00,0.00,32.05,0.0072,0.00,0.00,0.00,0.00,0.00,0.00,0.00,0.00,0.029
-93.76057129,42.01797503,40,TaskName 5/12/2025 (GreenStar 4 Monitor),Valor/ag saver,213,5/12/2025,0.999,On,1098.4,120.00,0.625,7.139,10.46,4.627,359.25,19.99,19.95,0,16,103.82,5/12/2025,Good,0.00,0.00,0.00,0.00,0.00,0.00,0.00,5.321,0.0012,2.661,0.00060,19.33,0.557,0.00,0.00,31.93,0.0072,0.00,0.00,0.00,0.00,0.00,0.00,0.00,0.00,0.029
-93.76057201,42.01800358,40,TaskName 5/12/2025 (GreenStar 4 Monitor),Valor/ag saver,214,5/12/2025,1.000,On,1098.3,120.00,0.625,7.117,10.44,3.991,359.58,19.99,19.94,0,16,103.49,5/12/2025,Good,0.00,0.00,0.00,0.00,0.00,0.00,0.00,5.317,0.0012,2.658,0.00060,19.31,0.555,0.00,0.00,31.90,0.0072,0.00,0.00,0.00,0.00,0.00,0.00,0.00,0.00,0.029
-93.76057223,42.01802658,40,TaskName 5/12/2025 (GreenStar 4 Monitor),Valor/ag saver,215,5/12/2025,0.800,On,1098.3,120.00,0.625,7.097,8.325,4.358,359.51,19.99,19.96,0,16,103.20,5/12/2025,Good,0.00,0.00,0.00,0.00,0.00,0.00,0.00,5.322,0.00095,2.661,0.00048,19.33,0.443,0.00,0.00,31.93,0.0057,0.00,0.00,0.00,0.00,0.00,0.00,0.00,0.00,0.023
-93.76057340,42.01813336,40,TaskName 5/12/2025 (GreenStar 4 Monitor),Valor/ag saver,216,5/12/2025,1.001,On,1098.2,120.00,0.625,6.985,10.24,4.962,359.37,19.99,19.49,0,17,101.47,5/12/2025,Good,0.00,0.00,0.00,0.00,0.00,0.00,0.00,5.198,0.0011,2.599,0.00057,18.88,0.533,0.00,0.00,31.19,0.0069,0.00,0.00,0.00,0.00,0.00,0.00,0.00,0.00,0.028
-93.76057373,42.01816153,40,TaskName 5/12/2025 (GreenStar 4 Monitor),Valor/ag saver,217,5/12/2025,0.999,On,1098.2,120.00,0.625,6.973,10.22,4.597,359.28,19.99,19.75,0,17,101.48,5/12/2025,Good,0.00,0.00,0.00,0.00,0.00,0.00,0.00,5.267,0.0012,2.634,0.00058,19.13,0.539,0.00,0.00,31.60,0.0070,0.00,0.00,0.00,0.00,0.00,0.00,0.00,0.00,0.028
-93.76057428,42.01818949,40,TaskName 5/12/2025 (GreenStar 4 Monitor),Valor/ag saver,218,5/12/2025,1.001,On,1098.2,120.00,0.625,6.979,10.24,5.021,359.52,19.99,19.91,0,17,101.44,5/12/2025,Good,0.00,0.00,0.00,0.00,0.00,0.00,0.00,5.308,0.0012,2.654,0.00058,19.28,0.544,0.00,0.00,31.85,0.0070,0.00,0.00,0.00,0.00,0.00,0.00,0.00,0.00,0.028
-93.76057489,42.01821754,40,TaskName 5/12/2025 (GreenStar 4 Monitor),Valor/ag saver,219,5/12/2025,1.000,On,1098.3,120.00,0.625,6.941,10.18,5.245,359.76,19.99,20.03,0,17,100.95,5/12/2025,Good,0.00,0.00,0.00,0.00,0.00,0.00,0.00,5.341,0.0012,2.671,0.00059,19.40,0.544,0.00,0.00,32.05,0.0070,0.00,0.00,0.00,0.00,0.00,0.00,0.00,0.00,0.028
-93.76057494,42.01824547,40,TaskName 5/12/2025 (GreenStar 4 Monitor),Valor/ag saver,220,5/12/2025,1.000,On,1098.4,120.00,0.625,6.945,10.18,4.841,359.62,19.99,20.05,0,17,100.98,5/12/2025,Good,0.00,0.00,0.00,0.00,0.00,0.00,0.00,5.348,0.0012,2.674,0.00059,19.43,0.545,0.00,0.00,32.09,0.0070,0.00,0.00,0.00,0.00,0.00,0.00,0.00,0.00,0.028
-93.76057498,42.01827343,40,TaskName 5/12/2025 (GreenStar 4 Monitor),Valor/ag saver,221,5/12/2025,1.000,On,1098.5,120.00,0.625,6.962,10.20,4.539,359.38,19.99,20.13,0,17,101.18,5/12/2025,Good,0.00,0.00,0.00,0.00,0.00,0.00,0.00,5.367,0.0012,2.684,0.00059,19.50,0.548,0.00,0.00,32.20,0.0071,0.00,0.00,0.00,0.00,0.00,0.00,0.00,0.00,0.028
-93.76057537,42.01830134,40,TaskName 5/12/2025 (GreenStar 4 Monitor),Valor/ag saver,222,5/12/2025,0.999,On,1098.5,120.00,0.625,6.926,10.16,4.742,359.33,19.99,20.13,0,17,100.83,5/12/2025,Good,0.00,0.00,0.00,0.00,0.00,0.00,0.00,5.368,0.0012,2.684,0.00059,19.50,0.546,0.00,0.00,32.21,0.0070,0.00,0.00,0.00,0.00,0.00,0.00,0.00,0.00,0.028
-93.76057570,42.01832946,40,TaskName 5/12/2025 (GreenStar 4 Monitor),Valor/ag saver,223,5/12/2025,1.001,On,1098.5,120.00,0.625,6.952,10.20,4.631,359.20,19.99,20.05,0,17,101.05,5/12/2025,Good,0.00,0.00,0.00,0.00,0.00,0.00,0.00,5.348,0.0012,2.674,0.00059,19.43,0.546,0.00,0.00,32.09,0.0070,0.00,0.00,0.00,0.00,0.00,0.00,0.00,0.00,0.028
-93.76057612,42.01835200,40,TaskName 5/12/2025 (GreenStar 4 Monitor),Valor/ag saver,224,5/12/2025,0.794,On,1098.5,120.00,0.625,6.994,8.154,4.460,359.39,19.99,19.95,0,17,101.85,5/12/2025,Good,0.00,0.00,0.00,0.00,0.00,0.00,0.00,5.319,0.00093,2.659,0.00047,19.32,0.434,0.00,0.00,31.91,0.0056,0.00,0.00,0.00,0.00,0.00,0.00,0.00,0.00,0.022
-93.76057617,42.01835768,40,TaskName 5/12/2025 (GreenStar 4 Monitor),Valor/ag saver,225,5/12/2025,0.206,On,1098.5,101.25,10.000,7.024,2.111,4.570,359.38,19.99,19.90,0,17,85.74,5/12/2025,Good,0.00,0.00,0.00,0.00,0.00,0.00,0.00,5.305,0.00020,2.653,0.00010,19.27,0.095,0.00,0.00,31.83,0.0012,0.00,0.00,0.00,0.00,0.00,0.00,0.00,0.00,0.0049
-93.76057747,42.01845916,40,TaskName 5/12/2025 (GreenStar 4 Monitor),Valor/ag saver,226,5/12/2025,1.000,On,1098.4,120.00,0.625,6.964,10.21,4.288,359.55,19.99,19.41,0,18,101.28,5/12/2025,Good,0.00,0.00,0.00,0.00,0.00,0.00,0.00,5.175,0.0011,2.588,0.00057,18.80,0.529,0.00,0.00,31.05,0.0068,0.00,0.00,0.00,0.00,0.00,0.00,0.00,0.00,0.028
-93.76057756,42.01848747,40,TaskName 5/12/2025 (GreenStar 4 Monitor),Valor/ag saver,227,5/12/2025,1.001,On,1098.4,120.00,0.625,7.068,10.38,4.027,359.39,19.99,19.76,0,18,102.83,5/12/2025,Good,0.00,0.00,0.00,0.00,0.00,0.00,0.00,5.270,0.0012,2.635,0.00059,19.14,0.547,0.00,0.00,31.62,0.0071,0.00,0.00,0.00,0.00,0.00,0.00,0.00,0.00,0.029
-93.76057781,42.01851554,40,TaskName 5/12/2025 (GreenStar 4 Monitor),Valor/ag saver,228,5/12/2025,0.995,On,1098.4,120.00,0.625,7.015,10.23,4.409,359.23,19.99,19.83,0,18,101.92,5/12/2025,Good,0.00,0.00,0.00,0.00,0.00,0.00,0.00,5.288,0.0012,2.644,0.00058,19.21,0.541,0.00,0.00,31.73,0.0070,0.00,0.00,0.00,0.00,0.00,0.00,0.00,0.00,0.028
-93.76057848,42.01854374,40,TaskName 5/12/2025 (GreenStar 4 Monitor),Valor/ag saver,229,5/12/2025,1.000,On,1098.5,120.00,0.625,6.977,10.24,4.834,359.47,19.99,19.95,0,18,101.57,5/12/2025,Good,0.00,0.00,0.00,0.00,0.00,0.00,0.00,5.320,0.0012,2.660,0.00059,19.32,0.545,0.00,0.00,31.92,0.0070,0.00,0.00,0.00,0.00,0.00,0.00,0.00,0.00,0.028
-93.76057894,42.01857177,40,TaskName 5/12/2025 (GreenStar 4 Monitor),Valor/ag saver,230,5/12/2025,1.004,On,1098.4,120.00,0.625,7.003,10.31,4.884,359.47,19.99,19.94,0,18,101.82,5/12/2025,Good,0.00,0.00,0.00,0.00,0.00,0.00,0.00,5.318,0.0012,2.659,0.00059,19.32,0.549,0.00,0.00,31.91,0.0071,0.00,0.00,0.00,0.00,0.00,0.00,0.00,0.00,0.028
-93.76057909,42.01859992,40,TaskName 5/12/2025 (GreenStar 4 Monitor),Valor/ag saver,231,5/12/2025,1.000,On,1098.4,120.00,0.625,6.995,10.26,3.699,359.36,19.99,20.01,0,18,101.71,5/12/2025,Good,0.00,0.00,0.00,0.00,0.00,0.00,0.00,5.336,0.0012,2.668,0.00059,19.38,0.548,0.00,0.00,32.01,0.0071,0.00,0.00,0.00,0.00,0.00,0.00,0.00,0.00,0.028
-93.76057949,42.01862738,40,TaskName 5/12/2025 (GreenStar 4 Monitor),Valor/ag saver,232,5/12/2025,1.000,On,1098.3,120.00,0.625,6.929,10.16,3.062,359.60,19.99,19.99,0,18,100.73,5/12/2025,Good,0.00,0.00,0.00,0.00,0.00,0.00,0.00,5.331,0.0012,2.665,0.00058,19.36,0.542,0.00,0.00,31.98,0.0070,0.00,0.00,0.00,0.00,0.00,0.00,0.00,0.00,0.028
-93.76057972,42.01865396,40,TaskName 5/12/2025 (GreenStar 4 Monitor),Valor/ag saver,233,5/12/2025,0.995,On,1098.2,120.00,0.625,6.693,9.760,3.407,359.40,19.99,20.01,0,18,97.28,5/12/2025,Good,0.00,0.00,0.00,0.00,0.00,0.00,0.00,5.337,0.0011,2.668,0.00056,19.39,0.521,0.00,0.00,32.02,0.0067,0.00,0.00,0.00,0.00,0.00,0.00,0.00,0.00,0.027
-93.76057976,42.01868053,40,TaskName 5/12/2025 (GreenStar 4 Monitor),Valor/ag saver,234,5/12/2025,1.005,On,1098.0,120.00,0.625,6.587,9.705,3.346,359.09,19.99,19.91,0,18,95.77,5/12/2025,Good,0.00,0.00,0.00,0.00,0.00,0.00,0.00,5.309,0.0011,2.654,0.00055,19.28,0.516,0.00,0.00,31.85,0.0067,0.00,0.00,0.00,0.00,0.00,0.00,0.00,0.00,0.027
-93.76057991,42.01868575,40,TaskName 5/12/2025 (GreenStar 4 Monitor),Valor/ag saver,235,5/12/2025,0.201,On,1098.0,120.00,0.625,6.617,1.949,2.556,359.16,19.99,19.70,0,18,96.19,5/12/2025,Good,0.00,0.00,0.00,0.00,0.00,0.00,0.00,5.254,0.00022,2.627,0.00011,19.09,0.102,0.00,0.00,31.52,0.0013,0.00,0.00,0.00,0.00,0.00,0.00,0.00,0.00,0.0054
-93.76058208,42.01895923,40,TaskName 5/12/2025 (GreenStar 4 Monitor),Valor/ag saver,236,5/12/2025,0.195,On,1097.7,45.00,38.12,7.570,2.163,5.369,358.31,19.99,17.24,0,19,41.25,5/12/2025,Good,0.00,0.00,0.00,0.00,0.00,0.00,0.00,4.598,8.026e-05,2.299,4.013e-05,16.70,0.037,0.00,0.00,27.59,0.00048,0.00,0.00,0.00,0.00,0.00,0.00,0.00,0.00,0.0022
-93.76058308,42.01898988,40,TaskName 5/12/2025 (GreenStar 4 Monitor),Valor/ag saver,237,5/12/2025,0.996,On,1097.7,121.25,0.00,7.603,11.10,4.630,358.57,19.99,19.08,0,19,111.70,5/12/2025,Good,0.00,0.00,0.00,0.00,0.00,0.00,0.00,5.087,0.0012,2.543,0.00061,18.48,0.571,0.00,0.00,30.52,0.0074,0.00,0.00,0.00,0.00,0.00,0.00,0.00,0.00,0.031
-93.76058463,42.01902032,40,TaskName 5/12/2025 (GreenStar 4 Monitor),Valor/ag saver,238,5/12/2025,0.999,On,1097.7,120.00,0.625,7.553,11.06,5.045,359.83,19.99,19.39,0,19,109.83,5/12/2025,Good,0.00,0.00,0.00,0.00,0.00,0.00,0.00,5.171,0.0012,2.586,0.00062,18.79,0.573,0.00,0.00,31.03,0.0074,0.00,0.00,0.00,0.00,0.00,0.00,0.00,0.00,0.030
-93.76058452,42.01905031,40,TaskName 5/12/2025 (GreenStar 4 Monitor),Valor/ag saver,239,5/12/2025,1.001,On,1097.8,120.00,0.625,7.526,11.04,5.113,359.58,19.99,19.53,0,19,109.38,5/12/2025,Good,0.00,0.00,0.00,0.00,0.00,0.00,0.00,5.208,0.0012,2.604,0.00062,18.92,0.575,0.00,0.00,31.25,0.0074,0.00,0.00,0.00,0.00,0.00,0.00,0.00,0.00,0.030
-93.76058454,42.01907994,40,TaskName 5/12/2025 (GreenStar 4 Monitor),Valor/ag saver,240,5/12/2025,1.004,On,1097.9,120.00,0.625,7.396,10.89,5.148,359.08,19.99,19.77,0,19,107.56,5/12/2025,Good,0.00,0.00,0.00,0.00,0.00,0.00,0.00,5.273,0.0012,2.636,0.00062,19.15,0.575,0.00,0.00,31.64,0.0074,0.00,0.00,0.00,0.00,0.00,0.00,0.00,0.00,0.030
-93.76058537,42.01910950,40,TaskName 5/12/2025 (GreenStar 4 Monitor),Valor/ag saver,241,5/12/2025,0.996,On,1097.9,120.00,0.625,7.368,10.75,4.383,359.39,19.99,19.98,0,19,107.02,5/12/2025,Good,0.00,0.00,0.00,0.00,0.00,0.00,0.00,5.329,0.0012,2.664,0.00062,19.36,0.573,0.00,0.00,31.97,0.0074,0.00,0.00,0.00,0.00,0.00,0.00,0.00,0.00,0.030
-93.76058577,42.01913859,40,TaskName 5/12/2025 (GreenStar 4 Monitor),Valor/ag saver,242,5/12/2025,0.999,On,1098.0,120.00,0.625,7.299,10.70,4.996,359.48,19.99,19.94,0,19,106.21,5/12/2025,Good,0.00,0.00,0.00,0.00,0.00,0.00,0.00,5.317,0.0012,2.659,0.00061,19.31,0.569,0.00,0.00,31.90,0.0073,0.00,0.00,0.00,0.00,0.00,0.00,0.00,0.00,0.029
-93.76058586,42.01916778,40,TaskName 5/12/2025 (GreenStar 4 Monitor),Valor/ag saver,243,5/12/2025,1.001,On,1098.0,120.00,0.625,7.223,10.60,4.871,359.19,19.99,19.99,0,19,105.05,5/12/2025,Good,0.00,0.00,0.00,0.00,0.00,0.00,0.00,5.329,0.0012,2.665,0.00061,19.36,0.566,0.00,0.00,31.98,0.0073,0.00,0.00,0.00,0.00,0.00,0.00,0.00,0.00,0.029
-93.76058645,42.01919698,40,TaskName 5/12/2025 (GreenStar 4 Monitor),Valor/ag saver,244,5/12/2025,1.005,On,1098.1,120.00,0.625,7.270,10.70,4.464,359.33,19.99,19.99,0,19,105.54,5/12/2025,Good,0.00,0.00,0.00,0.00,0.00,0.00,0.00,5.330,0.0012,2.665,0.00061,19.36,0.570,0.00,0.00,31.98,0.0074,0.00,0.00,0.00,0.00,0.00,0.00,0.00,0.00,0.029
-93.76058663,42.01920883,40,TaskName 5/12/2025 (GreenStar 4 Monitor),Valor/ag saver,245,5/12/2025,0.395,On,1098.2,120.00,0.625,7.266,4.217,4.905,359.39,19.99,20.06,0,19,105.88,5/12/2025,Good,0.00,0.00,0.00,0.00,0.00,0.00,0.00,5.350,0.00049,2.675,0.00024,19.43,0.226,0.00,0.00,32.10,0.0029,0.00,0.00,0.00,0.00,0.00,0.00,0.00,0.00,0.012
-93.76058784,42.01931601,40,TaskName 5/12/2025 (GreenStar 4 Monitor),Valor/ag saver,246,5/12/2025,1.000,On,1098.8,120.00,0.625,7.356,10.79,5.385,359.38,19.99,19.08,0,20,106.98,5/12/2025,Good,0.00,0.00,0.00,0.00,0.00,0.00,0.00,5.088,0.0012,2.544,0.00059,18.48,0.549,0.00,0.00,30.53,0.0071,0.00,0.00,0.00,0.00,0.00,0.00,0.00,0.00,0.030
-93.76058823,42.01934595,40,TaskName 5/12/2025 (GreenStar 4 Monitor),Valor/ag saver,247,5/12/2025,0.999,On,1099.0,120.00,0.625,7.418,10.86,5.430,359.29,19.99,19.52,0,20,107.84,5/12/2025,Good,0.00,0.00,0.00,0.00,0.00,0.00,0.00,5.205,0.0012,2.603,0.00061,18.91,0.566,0.00,0.00,31.23,0.0073,0.00,0.00,0.00,0.00,0.00,0.00,0.00,0.00,0.030
-93.76058859,42.01937578,40,TaskName 5/12/2025 (GreenStar 4 Monitor),Valor/ag saver,248,5/12/2025,1.000,On,1099.1,120.00,0.625,7.423,10.88,5.352,359.25,19.99,19.71,0,20,107.89,5/12/2025,Good,0.00,0.00,0.00,0.00,0.00,0.00,0.00,5.257,0.0012,2.628,0.00062,19.09,0.572,0.00,0.00,31.54,0.0074,0.00,0.00,0.00,0.00,0.00,0.00,0.00,0.00,0.030
-93.76058930,42.01940565,40,TaskName 5/12/2025 (GreenStar 4 Monitor),Valor/ag saver,249,5/12/2025,1.001,On,1099.2,120.00,0.625,7.408,10.87,5.370,359.58,19.99,19.88,0,20,107.66,5/12/2025,Good,0.00,0.00,0.00,0.00,0.00,0.00,0.00,5.301,0.0012,2.650,0.00062,19.25,0.576,0.00,0.00,31.80,0.0074,0.00,0.00,0.00,0.00,0.00,0.00,0.00,0.00,0.030
-93.76058941,42.01943598,40,TaskName 5/12/2025 (GreenStar 4 Monitor),Valor/ag saver,250,5/12/2025,1.000,On,1099.1,120.00,0.625,7.477,10.98,4.809,359.65,19.99,19.89,0,20,108.85,5/12/2025,Good,0.00,0.00,0.00,0.00,0.00,0.00,0.00,5.304,0.0013,2.652,0.00063,19.27,0.583,0.00,0.00,31.82,0.0075,0.00,0.00,0.00,0.00,0.00,0.00,0.00,0.00,0.030
-93.76058959,42.01946623,40,TaskName 5/12/2025 (GreenStar 4 Monitor),Valor/ag saver,251,5/12/2025,1.000,On,1098.7,120.00,0.625,7.521,11.05,4.576,359.33,19.99,19.90,0,20,109.60,5/12/2025,Good,0.00,0.00,0.00,0.00,0.00,0.00,0.00,5.306,0.0013,2.653,0.00063,19.27,0.587,0.00,0.00,31.83,0.0076,0.00,0.00,0.00,0.00,0.00,0.00,0.00,0.00,0.030
-93.76058957,42.01949695,40,TaskName 5/12/2025 (GreenStar 4 Monitor),Valor/ag saver,252,5/12/2025,1.000,On,1098.4,120.00,0.625,7.565,11.10,4.176,358.95,19.99,19.90,0,20,110.09,5/12/2025,Good,0.00,0.00,0.00,0.00,0.00,0.00,0.00,5.307,0.0013,2.654,0.00063,19.28,0.590,0.00,0.00,31.84,0.0076,0.00,0.00,0.00,0.00,0.00,0.00,0.00,0.00,0.031
-93.76059028,42.01952788,40,TaskName 5/12/2025 (GreenStar 4 Monitor),Valor/ag saver,253,5/12/2025,1.000,On,1098.0,120.00,0.625,7.659,11.24,3.803,359.24,19.99,19.87,0,20,111.45,5/12/2025,Good,0.00,0.00,0.00,0.00,0.00,0.00,0.00,5.299,0.0013,2.650,0.00064,19.25,0.596,0.00,0.00,31.79,0.0077,0.00,0.00,0.00,0.00,0.00,0.00,0.00,0.00,0.031
-93.76059071,42.01953998,40,TaskName 5/12/2025 (GreenStar 4 Monitor),Valor/ag saver,254,5/12/2025,0.399,On,1097.9,120.00,0.625,7.657,4.481,4.158,359.53,19.99,19.95,0,20,111.38,5/12/2025,Good,0.00,0.00,0.00,0.00,0.00,0.00,0.00,5.320,0.00051,2.660,0.00026,19.32,0.239,0.00,0.00,31.92,0.0031,0.00,0.00,0.00,0.00,0.00,0.00,0.00,0.00,0.012
-93.76059168,42.01964438,40,TaskName 5/12/2025 (GreenStar 4 Monitor),Valor/ag saver,255,5/12/2025,1.000,On,1096.8,120.00,0.625,7.599,11.14,3.841,359.20,19.99,18.77,0,21,110.51,5/12/2025,Good,0.00,0.00,0.00,0.00,0.00,0.00,0.00,5.006,0.0012,2.503,0.00060,18.18,0.558,0.00,0.00,30.03,0.0072,0.00,0.00,0.00,0.00,0.00,0.00,0.00,0.00,0.031
-93.76059211,42.01967490,40,TaskName 5/12/2025 (GreenStar 4 Monitor),Valor/ag saver,256,5/12/2025,1.000,On,1096.4,120.00,0.625,7.626,11.20,3.838,359.11,19.99,19.35,0,21,111.10,5/12/2025,Good,0.00,0.00,0.00,0.00,0.00,0.00,0.00,5.159,0.0012,2.580,0.00062,18.74,0.578,0.00,0.00,30.95,0.0075,0.00,0.00,0.00,0.00,0.00,0.00,0.00,0.00,0.031
-93.76059291,42.01970553,40,TaskName 5/12/2025 (GreenStar 4 Monitor),Valor/ag saver,257,5/12/2025,1.000,On,1096.1,120.00,0.625,7.615,11.16,3.961,359.67,19.99,19.62,0,21,110.67,5/12/2025,Good,0.00,0.00,0.00,0.00,0.00,0.00,0.00,5.231,0.0013,2.616,0.00063,19.00,0.584,0.00,0.00,31.39,0.0075,0.00,0.00,0.00,0.00,0.00,0.00,0.00,0.00,0.031
-93.76059310,42.01973604,40,TaskName 5/12/2025 (GreenStar 4 Monitor),Valor/ag saver,258,5/12/2025,0.999,On,1095.8,120.00,0.625,7.614,11.17,3.979,359.37,19.99,19.80,0,21,110.92,5/12/2025,Good,0.00,0.00,0.00,0.00,0.00,0.00,0.00,5.279,0.0013,2.639,0.00063,19.18,0.590,0.00,0.00,31.67,0.0076,0.00,0.00,0.00,0.00,0.00,0.00,0.00,0.00,0.031
-93.76059329,42.01976604,40,TaskName 5/12/2025 (GreenStar 4 Monitor),Valor/ag saver,259,5/12/2025,1.001,On,1095.5,120.00,0.625,7.520,11.05,4.073,359.24,19.99,19.94,0,21,109.46,5/12/2025,Good,0.00,0.00,0.00,0.00,0.00,0.00,0.00,5.316,0.0013,2.658,0.00063,19.31,0.588,0.00,0.00,31.90,0.0076,0.00,0.00,0.00,0.00,0.00,0.00,0.00,0.00,0.030
-93.76059389,42.01979518,40,TaskName 5/12/2025 (GreenStar 4 Monitor),Valor/ag saver,260,5/12/2025,0.999,On,1095.4,120.00,0.625,7.369,10.80,4.094,359.47,19.99,20.00,0,21,107.20,5/12/2025,Good,0.00,0.00,0.00,0.00,0.00,0.00,0.00,5.332,0.0012,2.666,0.00062,19.37,0.576,0.00,0.00,31.99,0.0074,0.00,0.00,0.00,0.00,0.00,0.00,0.00,0.00,0.030
-93.76059401,42.01982157,40,TaskName 5/12/2025 (GreenStar 4 Monitor),Valor/ag saver,261,5/12/2025,1.000,On,1095.2,120.00,0.625,7.000,10.27,2.909,359.23,19.99,20.01,0,21,101.82,5/12/2025,Good,0.00,0.00,0.00,0.00,0.00,0.00,0.00,5.336,0.0012,2.668,0.00059,19.38,0.548,0.00,0.00,32.02,0.0071,0.00,0.00,0.00,0.00,0.00,0.00,0.00,0.00,0.028
-93.76059420,42.01982640,40,TaskName 5/12/2025 (GreenStar 4 Monitor),Valor/ag saver,262,5/12/2025,0.196,On,1095.1,120.00,0.625,6.525,1.876,4.332,359.32,19.99,20.19,0,21,94.94,5/12/2025,Good,0.00,0.00,0.00,0.00,0.00,0.00,0.00,5.385,0.00022,2.693,0.00011,19.56,0.101,0.00,0.00,32.31,0.0013,0.00,0.00,0.00,0.00,0.00,0.00,0.00,0.00,0.0052
-93.76059445,42.01984120,40,TaskName 5/12/2025 (GreenStar 4 Monitor),Valor/ag saver,263,5/12/2025,0.605,On,1095.0,121.25,0.00,6.251,5.540,4.804,359.31,19.99,20.13,0,21,91.76,5/12/2025,Good,0.00,0.00,0.00,0.00,0.00,0.00,0.00,5.367,0.00065,2.684,0.00032,19.50,0.301,0.00,0.00,32.20,0.0039,0.00,0.00,0.00,0.00,0.00,0.00,0.00,0.00,0.015
-93.76059478,42.01986583,40,TaskName 5/12/2025 (GreenStar 4 Monitor),Valor/ag saver,264,5/12/2025,0.994,On,1095.0,120.00,0.625,6.159,8.991,4.146,359.39,19.99,20.08,0,21,89.71,5/12/2025,Good,0.00,0.00,0.00,0.00,0.00,0.00,0.00,5.356,0.0010,2.678,0.00052,19.46,0.482,0.00,0.00,32.14,0.0062,0.00,0.00,0.00,0.00,0.00,0.00,0.00,0.00,0.025
-93.76059471,42.01987058,40,TaskName 5/12/2025 (GreenStar 4 Monitor),Valor/ag saver,265,5/12/2025,0.205,On,1095.0,120.00,0.625,6.118,1.840,3.177,359.33,19.99,19.96,0,21,89.02,5/12/2025,Good,0.00,0.00,0.00,0.00,0.00,0.00,0.00,5.323,0.00021,2.661,0.00011,19.33,0.098,0.00,0.00,31.94,0.0013,0.00,0.00,0.00,0.00,0.00,0.00,0.00,0.00,0.0051
-93.76015476,42.01988068,40,TaskName 5/12/2025 (GreenStar 4 Monitor),Valor/ag saver,266,5/12/2025,0.210,On,1095.5,38.75,40.00,7.648,2.344,6.261,178.68,19.99,17.81,0,22,35.74,5/12/2025,Good,0.00,0.00,0.00,0.00,0.00,0.00,0.00,4.750,7.737e-05,2.375,3.868e-05,17.25,0.036,0.00,0.00,28.50,0.00046,0.00,0.00,0.00,0.00,0.00,0.00,0.00,0.00,0.0021
-93.76015383,42.01984975,40,TaskName 5/12/2025 (GreenStar 4 Monitor),Valor/ag saver,267,5/12/2025,1.000,On,1095.8,120.00,-0.625,7.656,11.23,6.259,179.17,19.99,19.18,0,22,111.41,5/12/2025,Good,0.00,0.00,0.00,0.00,0.00,0.00,0.00,5.114,0.0012,2.557,0.00062,18.58,0.575,0.00,0.00,30.68,0.0074,0.00,0.00,0.00,0.00,0.00,0.00,0.00,0.00,0.031
-93.76015345,42.01981912,40,TaskName 5/12/2025 (GreenStar 4 Monitor),Valor/ag saver,268,5/12/2025,0.999,On,1096.1,120.00,-0.625,7.667,11.23,6.337,179.02,19.99,19.35,0,22,111.52,5/12/2025,Good,0.00,0.00,0.00,0.00,0.00,0.00,0.00,5.160,0.0012,2.580,0.00062,18.74,0.580,0.00,0.00,30.96,0.0075,0.00,0.00,0.00,0.00,0.00,0.00,0.00,0.00,0.031
-93.76015297,42.01978830,40,TaskName 5/12/2025 (GreenStar 4 Monitor),Valor/ag saver,269,5/12/2025,1.001,On,1096.4,120.00,-0.625,7.595,11.15,6.583,179.05,19.99,19.66,0,22,110.48,5/12/2025,Good,0.00,0.00,0.00,0.00,0.00,0.00,0.00,5.243,0.0013,2.621,0.00063,19.04,0.585,0.00,0.00,31.46,0.0075,0.00,0.00,0.00,0.00,0.00,0.00,0.00,0.00,0.031
-93.76015221,42.01975786,40,TaskName 5/12/2025 (GreenStar 4 Monitor),Valor/ag saver,270,5/12/2025,1.000,On,1096.7,120.00,-0.625,7.645,11.20,6.198,179.23,19.99,19.80,0,22,111.08,5/12/2025,Good,0.00,0.00,0.00,0.00,0.00,0.00,0.00,5.279,0.0013,2.639,0.00064,19.17,0.592,0.00,0.00,31.67,0.0076,0.00,0.00,0.00,0.00,0.00,0.00,0.00,0.00,0.031
-93.76015169,42.01972731,40,TaskName 5/12/2025 (GreenStar 4 Monitor),Valor/ag saver,271,5/12/2025,1.000,On,1097.0,120.00,-0.625,7.559,11.10,6.729,179.20,19.99,19.94,0,22,110.04,5/12/2025,Good,0.00,0.00,0.00,0.00,0.00,0.00,0.00,5.317,0.0013,2.659,0.00063,19.31,0.590,0.00,0.00,31.90,0.0076,0.00,0.00,0.00,0.00,0.00,0.00,0.00,0.00,0.031
-93.76015117,42.01969667,40,TaskName 5/12/2025 (GreenStar 4 Monitor),Valor/ag saver,272,5/12/2025,0.999,On,1097.5,120.00,-0.625,7.624,11.17,5.622,179.46,19.99,20.04,0,22,110.90,5/12/2025,Good,0.00,0.00,0.00,0.00,0.00,0.00,0.00,5.344,0.0013,2.672,0.00064,19.41,0.597,0.00,0.00,32.06,0.0077,0.00,0.00,0.00,0.00,0.00,0.00,0.00,0.00,0.031
-93.76015067,42.01966676,40,TaskName 5/12/2025 (GreenStar 4 Monitor),Valor/ag saver,273,5/12/2025,1.001,On,1097.8,120.00,-0.625,7.503,11.01,6.858,179.50,19.99,19.91,0,22,109.12,5/12/2025,Good,0.00,0.00,0.00,0.00,0.00,0.00,0.00,5.309,0.0013,2.655,0.00063,19.29,0.585,0.00,0.00,31.86,0.0076,0.00,0.00,0.00,0.00,0.00,0.00,0.00,0.00,0.030
-93.76015054,42.01963632,40,TaskName 5/12/2025 (GreenStar 4 Monitor),Valor/ag saver,274,5/12/2025,1.000,On,1098.1,120.00,-0.625,7.509,11.01,6.399,179.44,19.99,19.99,0,22,109.23,5/12/2025,Good,0.00,0.00,0.00,0.00,0.00,0.00,0.00,5.332,0.0013,2.666,0.00063,19.37,0.588,0.00,0.00,31.99,0.0076,0.00,0.00,0.00,0.00,0.00,0.00,0.00,0.00,0.030
-93.76015058,42.01963040,40,TaskName 5/12/2025 (GreenStar 4 Monitor),Valor/ag saver,275,5/12/2025,0.194,On,1098.3,120.00,-0.625,7.585,2.157,6.234,179.35,19.99,19.95,0,22,110.26,5/12/2025,Good,0.00,0.00,0.00,0.00,0.00,0.00,0.00,5.320,0.00025,2.660,0.00012,19.32,0.115,0.00,0.00,31.92,0.0015,0.00,0.00,0.00,0.00,0.00,0.00,0.00,0.00,0.0059
-93.76014889,42.01952119,40,TaskName 5/12/2025 (GreenStar 4 Monitor),Valor/ag saver,276,5/12/2025,0.999,On,1099.3,120.00,-0.625,7.547,11.07,5.596,179.36,19.99,19.51,0,23,109.86,5/12/2025,Good,0.00,0.00,0.00,0.00,0.00,0.00,0.00,5.203,0.0012,2.601,0.00062,18.90,0.576,0.00,0.00,31.22,0.0074,0.00,0.00,0.00,0.00,0.00,0.00,0.00,0.00,0.030
-93.76014837,42.01949029,40,TaskName 5/12/2025 (GreenStar 4 Monitor),Valor/ag saver,277,5/12/2025,1.000,On,1099.5,120.00,-0.625,7.642,11.21,5.166,179.46,19.99,19.58,0,23,111.18,5/12/2025,Good,0.00,0.00,0.00,0.00,0.00,0.00,0.00,5.222,0.0013,2.611,0.00063,18.97,0.586,0.00,0.00,31.33,0.0076,0.00,0.00,0.00,0.00,0.00,0.00,0.00,0.00,0.031
-93.76014788,42.01945927,40,TaskName 5/12/2025 (GreenStar 4 Monitor),Valor/ag saver,278,5/12/2025,1.001,On,1099.5,120.00,-0.625,7.698,11.30,4.925,179.54,19.99,19.63,0,23,111.95,5/12/2025,Good,0.00,0.00,0.00,0.00,0.00,0.00,0.00,5.235,0.0013,2.617,0.00064,19.01,0.592,0.00,0.00,31.41,0.0076,0.00,0.00,0.00,0.00,0.00,0.00,0.00,0.00,0.031
-93.76014757,42.01942806,40,TaskName 5/12/2025 (GreenStar 4 Monitor),Valor/ag saver,279,5/12/2025,0.994,On,1099.5,120.00,-0.625,7.742,11.29,4.574,179.47,19.99,19.84,0,23,112.63,5/12/2025,Good,0.00,0.00,0.00,0.00,0.00,0.00,0.00,5.291,0.0013,2.646,0.00064,19.22,0.598,0.00,0.00,31.75,0.0077,0.00,0.00,0.00,0.00,0.00,0.00,0.00,0.00,0.031
-93.76014726,42.01939697,40,TaskName 5/12/2025 (GreenStar 4 Monitor),Valor/ag saver,280,5/12/2025,1.005,On,1099.5,120.00,-0.625,7.719,11.37,4.637,179.44,19.99,19.95,0,23,112.24,5/12/2025,Good,0.00,0.00,0.00,0.00,0.00,0.00,0.00,5.319,0.0013,2.660,0.00065,19.32,0.605,0.00,0.00,31.92,0.0078,0.00,0.00,0.00,0.00,0.00,0.00,0.00,0.00,0.031
-93.76014670,42.01936562,40,TaskName 5/12/2025 (GreenStar 4 Monitor),Valor/ag saver,281,5/12/2025,1.000,On,1099.5,120.00,-0.625,7.744,11.35,4.490,179.49,19.99,19.95,0,23,112.61,5/12/2025,Good,0.00,0.00,0.00,0.00,0.00,0.00,0.00,5.319,0.0013,2.660,0.00065,19.32,0.604,0.00,0.00,31.91,0.0078,0.00,0.00,0.00,0.00,0.00,0.00,0.00,0.00,0.031
-93.76014641,42.01933433,40,TaskName 5/12/2025 (GreenStar 4 Monitor),Valor/ag saver,282,5/12/2025,1.000,On,1099.4,120.00,-0.625,7.781,11.41,4.298,179.55,19.99,19.93,0,23,113.13,5/12/2025,Good,0.00,0.00,0.00,0.00,0.00,0.00,0.00,5.314,0.0013,2.657,0.00065,19.30,0.607,0.00,0.00,31.88,0.0078,0.00,0.00,0.00,0.00,0.00,0.00,0.00,0.00,0.031
-93.76014609,42.01930304,40,TaskName 5/12/2025 (GreenStar 4 Monitor),Valor/ag saver,283,5/12/2025,1.000,On,1099.3,120.00,-0.625,7.799,11.43,4.116,179.46,19.99,20.01,0,23,113.36,5/12/2025,Good,0.00,0.00,0.00,0.00,0.00,0.00,0.00,5.337,0.0013,2.669,0.00066,19.39,0.610,0.00,0.00,32.02,0.0079,0.00,0.00,0.00,0.00,0.00,0.00,0.00,0.00,0.031
-93.76014505,42.01919081,40,TaskName 5/12/2025 (GreenStar 4 Monitor),Valor/ag saver,284,5/12/2025,0.995,On,1098.9,120.00,-0.625,7.759,11.32,4.642,179.31,19.99,19.40,0,24,112.85,5/12/2025,Good,0.00,0.00,0.00,0.00,0.00,0.00,0.00,5.174,0.0013,2.587,0.00063,18.80,0.586,0.00,0.00,31.05,0.0076,0.00,0.00,0.00,0.00,0.00,0.00,0.00,0.00,0.031
-93.76014473,42.01915970,40,TaskName 5/12/2025 (GreenStar 4 Monitor),Valor/ag saver,285,5/12/2025,1.005,On,1098.7,120.00,-0.625,7.720,11.37,5.124,179.20,19.99,19.70,0,24,112.24,5/12/2025,Good,0.00,0.00,0.00,0.00,0.00,0.00,0.00,5.252,0.0013,2.626,0.00064,19.08,0.598,0.00,0.00,31.51,0.0077,0.00,0.00,0.00,0.00,0.00,0.00,0.00,0.00,0.031
-93.76014413,42.01912863,40,TaskName 5/12/2025 (GreenStar 4 Monitor),Valor/ag saver,286,5/12/2025,1.000,On,1098.7,120.00,-0.625,7.718,11.32,5.195,179.39,19.99,19.87,0,24,112.22,5/12/2025,Good,0.00,0.00,0.00,0.00,0.00,0.00,0.00,5.298,0.0013,2.649,0.00065,19.24,0.600,0.00,0.00,31.79,0.0077,0.00,0.00,0.00,0.00,0.00,0.00,0.00,0.00,0.031
-93.76014363,42.01909762,40,TaskName 5/12/2025 (GreenStar 4 Monitor),Valor/ag saver,287,5/12/2025,1.000,On,1098.5,120.00,-0.625,7.728,11.33,5.122,179.40,19.99,19.97,0,24,112.32,5/12/2025,Good,0.00,0.00,0.00,0.00,0.00,0.00,0.00,5.327,0.0013,2.663,0.00065,19.35,0.604,0.00,0.00,31.96,0.0078,0.00,0.00,0.00,0.00,0.00,0.00,0.00,0.00,0.031
-93.76014334,42.01906632,40,TaskName 5/12/2025 (GreenStar 4 Monitor),Valor/ag saver,288,5/12/2025,1.000,On,1098.4,120.00,-0.625,7.728,11.33,4.830,179.26,19.99,20.00,0,24,112.38,5/12/2025,Good,0.00,0.00,0.00,0.00,0.00,0.00,0.00,5.333,0.0013,2.667,0.00065,19.37,0.605,0.00,0.00,32.00,0.0078,0.00,0.00,0.00,0.00,0.00,0.00,0.00,0.00,0.031
-93.76014289,42.01903609,40,TaskName 5/12/2025 (GreenStar 4 Monitor),Valor/ag saver,289,5/12/2025,1.001,On,1098.3,120.00,-0.625,7.711,11.32,2.786,179.30,19.99,20.01,0,24,112.11,5/12/2025,Good,0.00,0.00,0.00,0.00,0.00,0.00,0.00,5.335,0.0013,2.668,0.00065,19.38,0.604,0.00,0.00,32.01,0.0078,0.00,0.00,0.00,0.00,0.00,0.00,0.00,0.00,0.031
-93.76014238,42.01900906,40,TaskName 5/12/2025 (GreenStar 4 Monitor),Valor/ag saver,290,5/12/2025,0.999,On,1098.2,120.00,-0.625,7.146,10.45,3.211,179.58,19.99,20.04,0,24,103.77,5/12/2025,Good,0.00,0.00,0.00,0.00,0.00,0.00,0.00,5.343,0.0012,2.671,0.00060,19.41,0.559,0.00,0.00,32.06,0.0072,0.00,0.00,0.00,0.00,0.00,0.00,0.00,0.00,0.029
-93.76014186,42.01898240,40,TaskName 5/12/2025 (GreenStar 4 Monitor),Valor/ag saver,291,5/12/2025,1.000,On,1098.1,120.00,-0.625,6.642,9.734,4.284,179.87,19.99,20.19,0,24,96.54,5/12/2025,Good,0.00,0.00,0.00,0.00,0.00,0.00,0.00,5.383,0.0011,2.692,0.00056,19.55,0.524,0.00,0.00,32.30,0.0068,0.00,0.00,0.00,0.00,0.00,0.00,0.00,0.00,0.027
-93.76014208,42.01897169,40,TaskName 5/12/2025 (GreenStar 4 Monitor),Valor/ag saver,292,5/12/2025,0.401,On,1098.1,120.00,-0.625,6.657,3.902,3.775,179.63,19.99,20.10,0,24,96.51,5/12/2025,Good,0.00,0.00,0.00,0.00,0.00,0.00,0.00,5.360,0.00045,2.680,0.00023,19.47,0.209,0.00,0.00,32.16,0.0027,0.00,0.00,0.00,0.00,0.00,0.00,0.00,0.00,0.011
-93.76013857,42.01866776,40,TaskName 5/12/2025 (GreenStar 4 Monitor),Valor/ag saver,293,5/12/2025,1.000,On,1098.4,120.00,-0.625,6.789,9.952,6.480,179.27,19.99,20.23,0,25,98.70,5/12/2025,Good,0.00,0.00,0.00,0.00,0.00,0.00,0.00,5.394,0.0012,2.697,0.00058,19.59,0.537,0.00,0.00,32.36,0.0069,0.00,0.00,0.00,0.00,0.00,0.00,0.00,0.00,0.027
-93.76013795,42.01863778,40,TaskName 5/12/2025 (GreenStar 4 Monitor),Valor/ag saver,294,5/12/2025,1.001,On,1098.3,120.00,-0.625,7.180,10.53,5.483,179.49,19.99,20.08,0,25,104.36,5/12/2025,Good,0.00,0.00,0.00,0.00,0.00,0.00,0.00,5.354,0.0012,2.677,0.00061,19.45,0.564,0.00,0.00,32.12,0.0073,0.00,0.00,0.00,0.00,0.00,0.00,0.00,0.00,0.029
-93.76013773,42.01860734,40,TaskName 5/12/2025 (GreenStar 4 Monitor),Valor/ag saver,295,5/12/2025,1.004,On,1098.2,120.00,-0.625,7.523,11.07,4.580,179.33,19.99,19.87,0,25,109.39,5/12/2025,Good,0.00,0.00,0.00,0.00,0.00,0.00,0.00,5.299,0.0013,2.650,0.00063,19.25,0.587,0.00,0.00,31.80,0.0076,0.00,0.00,0.00,0.00,0.00,0.00,0.00,0.00,0.031
-93.76013729,42.01857657,40,TaskName 5/12/2025 (GreenStar 4 Monitor),Valor/ag saver,296,5/12/2025,0.995,On,1098.2,120.00,-0.625,7.582,11.06,5.354,179.37,19.99,19.93,0,25,110.25,5/12/2025,Good,0.00,0.00,0.00,0.00,0.00,0.00,0.00,5.315,0.0013,2.658,0.00063,19.31,0.588,0.00,0.00,31.89,0.0076,0.00,0.00,0.00,0.00,0.00,0.00,0.00,0.00,0.030
-93.76013675,42.01854582,40,TaskName 5/12/2025 (GreenStar 4 Monitor),Valor/ag saver,297,5/12/2025,1.000,On,1098.1,120.00,-0.625,7.656,11.23,5.570,179.48,19.99,20.00,0,25,111.36,5/12/2025,Good,0.00,0.00,0.00,0.00,0.00,0.00,0.00,5.334,0.0013,2.667,0.00064,19.38,0.599,0.00,0.00,32.00,0.0077,0.00,0.00,0.00,0.00,0.00,0.00,0.00,0.00,0.031
-93.76013650,42.01851442,40,TaskName 5/12/2025 (GreenStar 4 Monitor),Valor/ag saver,298,5/12/2025,1.000,On,1098.1,120.00,-0.625,7.695,11.28,5.568,179.42,19.99,19.99,0,25,111.91,5/12/2025,Good,0.00,0.00,0.00,0.00,0.00,0.00,0.00,5.331,0.0013,2.665,0.00065,19.36,0.602,0.00,0.00,31.98,0.0078,0.00,0.00,0.00,0.00,0.00,0.00,0.00,0.00,0.031
-93.76013615,42.01848219,40,TaskName 5/12/2025 (GreenStar 4 Monitor),Valor/ag saver,299,5/12/2025,1.000,On,1098.0,120.00,-0.625,7.904,11.59,4.348,179.43,19.99,19.87,0,25,114.94,5/12/2025,Good,0.00,0.00,0.00,0.00,0.00,0.00,0.00,5.299,0.0013,2.650,0.00066,19.25,0.615,0.00,0.00,31.79,0.0079,0.00,0.00,0.00,0.00,0.00,0.00,0.00,0.00,0.032
-93.76013570,42.01845009,40,TaskName 5/12/2025 (GreenStar 4 Monitor),Valor/ag saver,300,5/12/2025,1.001,On,1097.9,120.00,-0.625,7.976,11.71,4.143,179.55,19.99,19.90,0,25,115.99,5/12/2025,Good,0.00,0.00,0.00,0.00,0.00,0.00,0.00,5.308,0.0013,2.654,0.00067,19.28,0.622,0.00,0.00,31.85,0.0080,0.00,0.00,0.00,0.00,0.00,0.00,0.00,0.00,0.032
-93.76013574,42.01844372,40,TaskName 5/12/2025 (GreenStar 4 Monitor),Valor/ag saver,301,5/12/2025,0.199,On,1097.9,120.00,-0.625,7.977,2.327,4.498,179.52,19.99,19.98,0,25,115.97,5/12/2025,Good,0.00,0.00,0.00,0.00,0.00,0.00,0.00,5.328,0.00027,2.664,0.00013,19.35,0.124,0.00,0.00,31.97,0.0016,0.00,0.00,0.00,0.00,0.00,0.00,0.00,0.00,0.0064
-93.76013511,42.01836709,40,TaskName 5/12/2025 (GreenStar 4 Monitor),Valor/ag saver,302,5/12/2025,0.199,On,1097.9,35.00,41.87,7.896,2.304,6.003,179.09,19.99,16.92,0,26,33.49,5/12/2025,Under Target,0.00,0.00,0.00,0.00,0.00,0.00,0.00,4.513,6.527e-05,2.256,3.264e-05,16.39,0.030,0.00,0.00,27.08,0.00039,0.00,0.00,0.00,0.00,0.00,0.00,0.00,0.00,0.0019
-93.76013415,42.01833541,40,TaskName 5/12/2025 (GreenStar 4 Monitor),Valor/ag saver,303,5/12/2025,1.000,On,1097.9,120.00,-0.625,7.870,11.54,6.011,179.51,19.99,19.22,0,26,114.45,5/12/2025,Good,0.00,0.00,0.00,0.00,0.00,0.00,0.00,5.124,0.0013,2.562,0.00064,18.61,0.592,0.00,0.00,30.74,0.0076,0.00,0.00,0.00,0.00,0.00,0.00,0.00,0.00,0.032
-93.76013383,42.01830362,40,TaskName 5/12/2025 (GreenStar 4 Monitor),Valor/ag saver,304,5/12/2025,1.001,On,1098.0,120.00,-0.625,7.878,11.57,5.568,179.60,19.99,19.48,0,26,114.59,5/12/2025,Good,0.00,0.00,0.00,0.00,0.00,0.00,0.00,5.193,0.0013,2.597,0.00065,18.87,0.601,0.00,0.00,31.16,0.0078,0.00,0.00,0.00,0.00,0.00,0.00,0.00,0.00,0.032
-93.76013355,42.01827168,40,TaskName 5/12/2025 (GreenStar 4 Monitor),Valor/ag saver,305,5/12/2025,1.000,On,1098.0,120.00,-0.625,7.936,11.64,5.256,179.29,19.99,19.65,0,26,115.42,5/12/2025,Good,0.00,0.00,0.00,0.00,0.00,0.00,0.00,5.239,0.0013,2.620,0.00066,19.03,0.610,0.00,0.00,31.44,0.0079,0.00,0.00,0.00,0.00,0.00,0.00,0.00,0.00,0.032
-93.76013320,42.01824004,40,TaskName 5/12/2025 (GreenStar 4 Monitor),Valor/ag saver,306,5/12/2025,1.000,On,1098.0,120.00,-0.625,7.892,11.57,5.605,179.39,19.99,19.79,0,26,114.74,5/12/2025,Good,0.00,0.00,0.00,0.00,0.00,0.00,0.00,5.277,0.0013,2.639,0.00066,19.17,0.611,0.00,0.00,31.66,0.0079,0.00,0.00,0.00,0.00,0.00,0.00,0.00,0.00,0.032
-93.76013267,42.01820838,40,TaskName 5/12/2025 (GreenStar 4 Monitor),Valor/ag saver,307,5/12/2025,1.000,On,1097.9,120.00,-0.625,7.863,11.53,5.875,179.52,19.99,19.88,0,26,114.38,5/12/2025,Good,0.00,0.00,0.00,0.00,0.00,0.00,0.00,5.301,0.0013,2.651,0.00066,19.26,0.612,0.00,0.00,31.81,0.0079,0.00,0.00,0.00,0.00,0.00,0.00,0.00,0.00,0.032
-93.76013232,42.01817630,40,TaskName 5/12/2025 (GreenStar 4 Monitor),Valor/ag saver,308,5/12/2025,0.999,On,1097.9,120.00,-0.625,7.912,11.59,5.179,179.43,19.99,19.90,0,26,115.08,5/12/2025,Good,0.00,0.00,0.00,0.00,0.00,0.00,0.00,5.306,0.0013,2.653,0.00066,19.28,0.616,0.00,0.00,31.84,0.0079,0.00,0.00,0.00,0.00,0.00,0.00,0.00,0.00,0.032
-93.76013208,42.01814440,40,TaskName 5/12/2025 (GreenStar 4 Monitor),Valor/ag saver,309,5/12/2025,1.000,On,1097.8,120.00,-0.625,7.939,11.65,4.564,179.43,19.99,19.92,0,26,115.49,5/12/2025,Good,0.00,0.00,0.00,0.00,0.00,0.00,0.00,5.311,0.0013,2.656,0.00067,19.29,0.619,0.00,0.00,31.87,0.0080,0.00,0.00,0.00,0.00,0.00,0.00,0.00,0.00,0.032
-93.76013168,42.01811880,40,TaskName 5/12/2025 (GreenStar 4 Monitor),Valor/ag saver,310,5/12/2025,0.796,On,1097.9,120.00,-0.625,7.941,9.269,3.737,179.62,19.99,19.95,0,26,115.48,5/12/2025,Good,0.00,0.00,0.00,0.00,0.00,0.00,0.00,5.320,0.0011,2.660,0.00053,19.33,0.493,0.00,0.00,31.92,0.0064,0.00,0.00,0.00,0.00,0.00,0.00,0.00,0.00,0.026
-93.76013036,42.01801014,40,TaskName 5/12/2025 (GreenStar 4 Monitor),Valor/ag saver,311,5/12/2025,0.999,On,1098.1,120.00,-0.625,7.434,10.90,5.116,179.43,19.99,18.99,0,27,108.24,5/12/2025,Good,0.00,0.00,0.00,0.00,0.00,0.00,0.00,5.064,0.0012,2.532,0.00059,18.39,0.553,0.00,0.00,30.38,0.0071,0.00,0.00,0.00,0.00,0.00,0.00,0.00,0.00,0.030
-93.76012994,42.01798096,40,TaskName 5/12/2025 (GreenStar 4 Monitor),Valor/ag saver,312,5/12/2025,0.995,On,1098.0,120.00,-0.625,7.302,10.65,5.127,179.56,19.99,19.39,0,27,106.16,5/12/2025,Good,0.00,0.00,0.00,0.00,0.00,0.00,0.00,5.170,0.0012,2.585,0.00059,18.78,0.551,0.00,0.00,31.02,0.0071,0.00,0.00,0.00,0.00,0.00,0.00,0.00,0.00,0.029
-93.76012976,42.01795152,40,TaskName 5/12/2025 (GreenStar 4 Monitor),Valor/ag saver,313,5/12/2025,1.000,On,1098.0,120.00,-0.625,7.282,10.68,4.794,179.42,19.99,19.67,0,27,105.89,5/12/2025,Good,0.00,0.00,0.00,0.00,0.00,0.00,0.00,5.245,0.0012,2.623,0.00060,19.05,0.560,0.00,0.00,31.47,0.0072,0.00,0.00,0.00,0.00,0.00,0.00,0.00,0.00,0.029
-93.76012946,42.01792214,40,TaskName 5/12/2025 (GreenStar 4 Monitor),Valor/ag saver,314,5/12/2025,1.005,On,1098.0,120.00,-0.625,7.325,10.79,4.858,179.38,19.99,19.74,0,27,106.50,5/12/2025,Good,0.00,0.00,0.00,0.00,0.00,0.00,0.00,5.265,0.0012,2.632,0.00061,19.12,0.569,0.00,0.00,31.59,0.0073,0.00,0.00,0.00,0.00,0.00,0.00,0.00,0.00,0.030
-93.76012905,42.01789285,40,TaskName 5/12/2025 (GreenStar 4 Monitor),Valor/ag saver,315,5/12/2025,1.001,On,1098.0,120.00,-0.625,7.267,10.66,5.243,179.40,19.99,19.86,0,27,105.66,5/12/2025,Good,0.00,0.00,0.00,0.00,0.00,0.00,0.00,5.296,0.0012,2.648,0.00061,19.24,0.565,0.00,0.00,31.77,0.0073,0.00,0.00,0.00,0.00,0.00,0.00,0.00,0.00,0.029
-93.76012877,42.01786370,40,TaskName 5/12/2025 (GreenStar 4 Monitor),Valor/ag saver,316,5/12/2025,1.000,On,1098.0,120.00,-0.625,7.288,10.69,4.660,179.28,19.99,19.91,0,27,105.99,5/12/2025,Good,0.00,0.00,0.00,0.00,0.00,0.00,0.00,5.308,0.0012,2.654,0.00061,19.28,0.568,0.00,0.00,31.85,0.0073,0.00,0.00,0.00,0.00,0.00,0.00,0.00,0.00,0.029
-93.76012858,42.01783498,40,TaskName 5/12/2025 (GreenStar 4 Monitor),Valor/ag saver,317,5/12/2025,0.994,On,1098.0,120.00,-0.625,7.204,10.50,4.609,179.24,19.99,19.91,0,27,104.76,5/12/2025,Good,0.00,0.00,0.00,0.00,0.00,0.00,0.00,5.310,0.0012,2.655,0.00060,19.29,0.558,0.00,0.00,31.86,0.0072,0.00,0.00,0.00,0.00,0.00,0.00,0.00,0.00,0.029
-93.76012784,42.01780864,40,TaskName 5/12/2025 (GreenStar 4 Monitor),Valor/ag saver,318,5/12/2025,1.006,On,1097.9,120.00,-0.625,6.930,10.21,3.047,179.44,19.99,19.88,0,27,100.70,5/12/2025,Good,0.00,0.00,0.00,0.00,0.00,0.00,0.00,5.302,0.0012,2.651,0.00058,19.26,0.542,0.00,0.00,31.81,0.0070,0.00,0.00,0.00,0.00,0.00,0.00,0.00,0.00,0.028
-93.76012749,42.01778903,40,TaskName 5/12/2025 (GreenStar 4 Monitor),Valor/ag saver,319,5/12/2025,0.794,On,1098.0,120.00,-0.625,6.348,7.389,3.333,179.58,19.99,20.06,0,27,92.29,5/12/2025,Good,0.00,0.00,0.00,0.00,0.00,0.00,0.00,5.349,0.00085,2.675,0.00043,19.43,0.396,0.00,0.00,32.10,0.0051,0.00,0.00,0.00,0.00,0.00,0.00,0.00,0.00,0.020
