Longitude,Latitude,Field,Dataset,Product,Feature ID,Date / Time,Duration(s),Area Count,Elevation(ft),Swath Width(ft),Y Offset(ft),Speed(mph),Distance(ft),Fuel Consumption Rate (Time)(gal(US)/h),Track(deg),Target Rate (Liquid)(gal(US)/ac),Rate (Volume)(gal(US)/ac),Segment ID,Pass Number,Productivity(ac/h),Date,Rate Quality,Rate (Volume) (Tough 5EC)(floz(US)/ac),Product Amount Used/Needed (Tough 5EC),Rate (Volume) (Laudis Herbicide)(floz(US)/ac),Product Amount Used/Needed (Laudis Herbicide),Rate (Mass) (Ag saver)(oz/ac),Rate (Volume) (Warrant Herbicide)(qt(US)/ac),Product Amount Used/Needed (Warrant Herbicide),Rate (Volume) (Fulltec Oil)(floz(US)/ac),Product Amount Used/Needed (Fulltec Oil),Rate (Volume) (Fulltec Adjuvant)(floz(US)/ac),Product Amount Used/Needed (Fulltec Adjuvant),Rate (Volume) (Water)(gal(US)/ac),Product Amount Used/Needed (Water),Rate (Volume) (Callisto)(floz(US)/ac),Product Amount Used/Needed (Callisto),Rate (Volume) (Ag saver)(floz(US)/ac),Product Amount Used/Needed (Ag saver),Rate (Mass) (AAtrex 4L Herbicide)(lb/ac),Rate (Volume) (Smackdown)(pt(US)/ac),Product Amount Used/Needed (Smackdown),Rate (Volume) (Surpass NXT)(pt(US)/ac),Rate (Mass) (Atrazine 4L)(lb/ac),Rate (Volume) (Gro Centric)(floz(US)/ac),Rate (Volume) (Water (1)~9)(gal(US)/ac),Product Amount Used/Needed,Area (ac)
-93.76668089,42.02190869,90,TaskName 6/11/2025 (GreenStar 4 Monitor),Laudis/Warrant/AgSaver/Tough,1,6/11/2025,1.001,On,1107.4,78.75,0.00,4.966,7.283,6.044,90.40,19.99,21.30,0,1,47.36,6/11/2025,Good,8.520,0.00088,3.195,0.00033,19.17,2.130,0.0070,4.260,0.00044,2.130,0.00022,20.63,0.272,0.00,0.00,0.00,0.00,0.00,0.00,0.00,0.00,0.00,0.00,0.00,0.00,0.013
-93.76665099,42.02190899,90,TaskName 6/11/2025 (GreenStar 4 Monitor),Laudis/Warrant/AgSaver/Tough,2,6/11/2025,1.000,On,1107.4,78.75,0.00,5.242,7.664,6.018,90.49,19.99,22.74,0,1,49.88,6/11/2025,Good,9.096,0.00098,3.411,0.00037,20.47,2.274,0.0079,4.548,0.00049,2.274,0.00025,22.02,0.305,0.00,0.00,0.00,0.00,0.00,0.00,0.00,0.00,0.00,0.00,0.00,0.00,0.014
-93.76661919,42.02190851,90,TaskName 6/11/2025 (GreenStar 4 Monitor),Laudis/Warrant/AgSaver/Tough,3,6/11/2025,0.999,On,1107.3,78.75,0.00,5.734,8.399,5.578,89.54,19.99,21.79,0,1,54.72,6/11/2025,Good,8.718,0.0010,3.269,0.00039,19.62,2.179,0.0083,4.359,0.00052,2.179,0.00026,21.11,0.321,0.00,0.00,0.00,0.00,0.00,0.00,0.00,0.00,0.00,0.00,0.00,0.00,0.015
-93.76658615,42.02190896,90,TaskName 6/11/2025 (GreenStar 4 Monitor),Laudis/Warrant/AgSaver/Tough,4,6/11/2025,1.001,On,1107.3,78.75,0.00,5.999,8.789,5.618,89.84,19.99,21.24,0,1,57.15,6/11/2025,Good,8.497,0.0011,3.187,0.00040,19.12,2.124,0.0084,4.249,0.00053,2.124,0.00026,20.57,0.327,0.00,0.00,0.00,0.00,0.00,0.00,0.00,0.00,0.00,0.00,0.00,0.00,0.016
-93.76655334,42.02190898,90,TaskName 6/11/2025 (GreenStar 4 Monitor),Laudis/Warrant/AgSaver/Tough,5,6/11/2025,0.995,On,1107.3,78.75,0.00,6.104,8.901,5.431,89.79,19.99,20.85,0,1,58.22,6/11/2025,Good,8.341,0.0010,3.128,0.00039,18.77,2.085,0.0084,4.170,0.00052,2.085,0.00026,20.19,0.325,0.00,0.00,0.00,0.00,0.00,0.00,0.00,0.00,0.00,0.00,0.00,0.00,0.016
-93.76651954,42.02190887,90,TaskName 6/11/2025 (GreenStar 4 Monitor),Laudis/Warrant/AgSaver/Tough,6,6/11/2025,1.004,On,1107.2,78.75,0.00,6.170,9.085,4.863,89.39,19.99,20.57,0,1,58.89,6/11/2025,Good,8.229,0.0011,3.086,0.00040,18.52,2.057,0.0084,4.114,0.00053,2.057,0.00026,19.92,0.327,0.00,0.00,0.00,0.00,0.00,0.00,0.00,0.00,0.00,0.00,0.00,0.00,0.016
-93.76648589,42.02190897,90,TaskName 6/11/2025 (GreenStar 4 Monitor),Laudis/Warrant/AgSaver/Tough,7,6/11/2025,1.000,On,1107.1,78.75,0.00,6.223,9.117,5.174,89.73,19.99,20.31,0,1,59.34,6/11/2025,Good,8.126,0.0010,3.047,0.00039,18.28,2.031,0.0084,4.063,0.00052,2.031,0.00026,19.67,0.324,0.00,0.00,0.00,0.00,0.00,0.00,0.00,0.00,0.00,0.00,0.00,0.00,0.016
-93.76645156,42.02190931,90,TaskName 6/11/2025 (GreenStar 4 Monitor),Laudis/Warrant/AgSaver/Tough,8,6/11/2025,1.001,On,1106.9,78.75,0.00,6.308,9.259,4.644,90.43,19.99,20.29,0,1,60.20,6/11/2025,Good,8.117,0.0011,3.044,0.00040,18.26,2.029,0.0085,4.059,0.00053,2.029,0.00027,19.65,0.329,0.00,0.00,0.00,0.00,0.00,0.00,0.00,0.00,0.00,0.00,0.00,0.00,0.017
-93.76641694,42.02190881,90,TaskName 6/11/2025 (GreenStar 4 Monitor),Laudis/Warrant/AgSaver/Tough,9,6/11/2025,1.000,On,1106.7,78.75,0.00,6.385,9.366,4.607,89.94,19.99,20.12,0,1,60.95,6/11/2025,Good,8.048,0.0011,3.018,0.00040,18.11,2.012,0.0085,4.024,0.00053,2.012,0.00027,19.49,0.330,0.00,0.00,0.00,0.00,0.00,0.00,0.00,0.00,0.00,0.00,0.00,0.00,0.017
-93.76638197,42.02190840,90,TaskName 6/11/2025 (GreenStar 4 Monitor),Laudis/Warrant/AgSaver/Tough,10,6/11/2025,1.000,On,1106.4,78.75,0.00,6.464,9.484,4.365,89.44,19.99,20.19,0,1,61.72,6/11/2025,Good,8.076,0.0011,3.029,0.00041,18.17,2.019,0.0087,4.038,0.00054,2.019,0.00027,19.55,0.335,0.00,0.00,0.00,0.00,0.00,0.00,0.00,0.00,0.00,0.00,0.00,0.00,0.017
-93.76634740,42.02190860,90,TaskName 6/11/2025 (GreenStar 4 Monitor),Laudis/Warrant/AgSaver/Tough,11,6/11/2025,0.999,On,1106.2,78.75,0.00,6.442,9.441,3.977,89.95,19.99,20.16,0,1,61.51,6/11/2025,Good,8.066,0.0011,3.025,0.00040,18.15,2.016,0.0086,4.033,0.00054,2.016,0.00027,19.53,0.333,0.00,0.00,0.00,0.00,0.00,0.00,0.00,0.00,0.00,0.00,0.00,0.00,0.017
-93.76631466,42.02190843,90,TaskName 6/11/2025 (GreenStar 4 Monitor),Laudis/Warrant/AgSaver/Tough,12,6/11/2025,1.001,On,1105.9,78.75,0.00,6.293,9.228,2.353,90.26,19.99,20.16,0,1,60.00,6/11/2025,Good,8.064,0.0011,3.024,0.00039,18.14,2.016,0.0084,4.032,0.00053,2.016,0.00026,19.53,0.326,0.00,0.00,0.00,0.00,0.00,0.00,0.00,0.00,0.00,0.00,0.00,0.00,0.017
-93.76607773,42.02135959,90,TaskName 6/11/2025 (GreenStar 4 Monitor),Laudis/Warrant/AgSaver/Tough,13,6/11/2025,1.001,On,1106.5,78.75,0.00,5.600,8.209,6.115,87.46,19.99,20.20,0,2,53.37,6/11/2025,Good,8.081,0.00094,3.031,0.00035,18.18,2.020,0.0075,4.041,0.00047,2.020,0.00023,19.57,0.290,0.00,0.00,0.00,0.00,0.00,0.00,0.00,0.00,0.00,0.00,0.00,0.00,0.015
-93.76604560,42.02136035,90,TaskName 6/11/2025 (GreenStar 4 Monitor),Laudis/Warrant/AgSaver/Tough,14,6/11/2025,0.999,On,1106.4,78.75,0.00,5.854,8.573,5.328,88.71,19.99,20.10,0,2,55.85,6/11/2025,Good,8.042,0.00097,3.016,0.00037,18.09,2.010,0.0078,4.021,0.00049,2.010,0.00024,19.47,0.302,0.00,0.00,0.00,0.00,0.00,0.00,0.00,0.00,0.00,0.00,0.00,0.00,0.015
-93.76601353,42.02136113,90,TaskName 6/11/2025 (GreenStar 4 Monitor),Laudis/Warrant/AgSaver/Tough,15,6/11/2025,1.001,On,1106.3,78.75,0.00,5.917,8.681,6.485,89.78,19.99,20.02,0,2,56.44,6/11/2025,Good,8.008,0.00098,3.003,0.00037,18.02,2.002,0.0079,4.004,0.00049,2.002,0.00025,19.39,0.304,0.00,0.00,0.00,0.00,0.00,0.00,0.00,0.00,0.00,0.00,0.00,0.00,0.016
-93.76597893,42.02136060,90,TaskName 6/11/2025 (GreenStar 4 Monitor),Laudis/Warrant/AgSaver/Tough,16,6/11/2025,1.000,On,1106.2,78.75,0.00,6.157,9.012,6.035,89.28,19.99,20.03,0,2,58.66,6/11/2025,Good,8.010,0.0010,3.004,0.00038,18.02,2.003,0.0082,4.005,0.00051,2.003,0.00025,19.39,0.316,0.00,0.00,0.00,0.00,0.00,0.00,0.00,0.00,0.00,0.00,0.00,0.00,0.016
-93.76594440,42.02136078,90,TaskName 6/11/2025 (GreenStar 4 Monitor),Laudis/Warrant/AgSaver/Tough,17,6/11/2025,1.000,On,1106.1,78.75,0.00,6.408,9.400,5.183,89.79,19.99,20.00,0,2,61.17,6/11/2025,Good,8.002,0.0011,3.001,0.00040,18.00,2.000,0.0085,4.001,0.00053,2.000,0.00027,19.37,0.329,0.00,0.00,0.00,0.00,0.00,0.00,0.00,0.00,0.00,0.00,0.00,0.00,0.017
-93.76590981,42.02136065,90,TaskName 6/11/2025 (GreenStar 4 Monitor),Laudis/Warrant/AgSaver/Tough,18,6/11/2025,1.000,On,1106.1,78.75,0.00,6.403,9.377,5.259,90.16,19.99,20.00,0,2,61.03,6/11/2025,Good,8.000,0.0011,3.000,0.00040,18.00,2.000,0.0085,4.000,0.00053,2.000,0.00026,19.37,0.328,0.00,0.00,0.00,0.00,0.00,0.00,0.00,0.00,0.00,0.00,0.00,0.00,0.017
-93.76587519,42.02136016,90,TaskName 6/11/2025 (GreenStar 4 Monitor),Laudis/Warrant/AgSaver/Tough,19,6/11/2025,0.999,On,1106.0,78.75,0.00,6.378,9.347,5.380,89.95,19.99,19.99,0,2,60.89,6/11/2025,Good,7.997,0.0011,2.999,0.00040,17.99,1.999,0.0084,3.998,0.00053,1.999,0.00026,19.36,0.327,0.00,0.00,0.00,0.00,0.00,0.00,0.00,0.00,0.00,0.00,0.00,0.00,0.017
-93.76584054,42.02135971,90,TaskName 6/11/2025 (GreenStar 4 Monitor),Laudis/Warrant/AgSaver/Tough,20,6/11/2025,1.001,On,1105.9,78.75,0.00,6.435,9.432,4.989,89.81,19.99,19.99,0,2,61.33,6/11/2025,Good,7.998,0.0011,2.999,0.00040,17.99,1.999,0.0085,3.999,0.00053,1.999,0.00027,19.36,0.330,0.00,0.00,0.00,0.00,0.00,0.00,0.00,0.00,0.00,0.00,0.00,0.00,0.017
-93.76580572,42.02135928,90,TaskName 6/11/2025 (GreenStar 4 Monitor),Laudis/Warrant/AgSaver/Tough,21,6/11/2025,1.000,On,1105.7,78.75,0.00,6.406,9.400,4.986,89.53,19.99,20.03,0,2,61.17,6/11/2025,Good,8.014,0.0011,3.005,0.00040,18.03,2.003,0.0085,4.007,0.00053,2.003,0.00027,19.40,0.330,0.00,0.00,0.00,0.00,0.00,0.00,0.00,0.00,0.00,0.00,0.00,0.00,0.017
-93.76577086,42.02135899,90,TaskName 6/11/2025 (GreenStar 4 Monitor),Laudis/Warrant/AgSaver/Tough,22,6/11/2025,1.000,On,1105.6,78.75,0.00,6.492,9.508,4.514,89.03,19.99,19.98,0,2,61.88,6/11/2025,Good,7.991,0.0011,2.997,0.00040,17.98,1.998,0.0086,3.995,0.00054,1.998,0.00027,19.35,0.333,0.00,0.00,0.00,0.00,0.00,0.00,0.00,0.00,0.00,0.00,0.00,0.00,0.017
-93.76573659,42.02135921,90,TaskName 6/11/2025 (GreenStar 4 Monitor),Laudis/Warrant/AgSaver/Tough,23,6/11/2025,0.999,On,1105.4,78.75,0.00,6.404,9.386,4.190,89.22,19.99,20.04,0,2,61.15,6/11/2025,Good,8.014,0.0011,3.005,0.00040,18.03,2.004,0.0085,4.007,0.00053,2.004,0.00027,19.40,0.329,0.00,0.00,0.00,0.00,0.00,0.00,0.00,0.00,0.00,0.00,0.00,0.00,0.017
-93.76571719,42.02135952,90,TaskName 6/11/2025 (GreenStar 4 Monitor),Laudis/Warrant/AgSaver/Tough,24,6/11/2025,0.601,On,1105.3,78.75,0.00,6.237,5.484,3.345,89.53,19.99,19.96,0,2,59.39,6/11/2025,Good,7.983,0.00062,2.994,0.00023,17.96,1.996,0.0049,3.991,0.00031,1.996,0.00015,19.33,0.192,0.00,0.00,0.00,0.00,0.00,0.00,0.00,0.00,0.00,0.00,0.00,0.00,0.0099
-93.76551460,42.02157728,90,TaskName 6/11/2025 (GreenStar 4 Monitor),Laudis/Warrant/AgSaver/Tough,25,6/11/2025,1.000,On,1103.6,78.75,0.00,5.935,8.684,6.986,87.45,19.99,20.06,0,3,56.52,6/11/2025,Good,8.022,0.00098,3.008,0.00037,18.05,2.006,0.0079,4.011,0.00049,2.006,0.00025,19.42,0.305,0.00,0.00,0.00,0.00,0.00,0.00,0.00,0.00,0.00,0.00,0.00,0.00,0.016
-93.76547730,42.02157829,90,TaskName 6/11/2025 (GreenStar 4 Monitor),Laudis/Warrant/AgSaver/Tough,26,6/11/2025,0.999,On,1103.5,78.75,0.00,6.572,9.633,6.741,88.52,19.99,20.02,0,3,62.75,6/11/2025,Good,8.009,0.0011,3.004,0.00041,18.02,2.002,0.0087,4.005,0.00054,2.002,0.00027,19.39,0.338,0.00,0.00,0.00,0.00,0.00,0.00,0.00,0.00,0.00,0.00,0.00,0.00,0.017
-93.76544004,42.02157853,90,TaskName 6/11/2025 (GreenStar 4 Monitor),Laudis/Warrant/AgSaver/Tough,27,6/11/2025,1.000,On,1103.5,78.75,0.00,6.942,10.18,5.662,88.54,19.99,19.97,0,3,66.28,6/11/2025,Good,7.988,0.0011,2.996,0.00043,17.97,1.997,0.0092,3.994,0.00057,1.997,0.00029,19.34,0.356,0.00,0.00,0.00,0.00,0.00,0.00,0.00,0.00,0.00,0.00,0.00,0.00,0.018
-93.76540306,42.02157868,90,TaskName 6/11/2025 (GreenStar 4 Monitor),Laudis/Warrant/AgSaver/Tough,28,6/11/2025,1.000,On,1103.5,78.75,0.00,6.826,10.01,6.349,88.69,19.99,20.06,0,3,65.15,6/11/2025,Good,8.023,0.0011,3.009,0.00043,18.05,2.006,0.0091,4.012,0.00057,2.006,0.00028,19.43,0.352,0.00,0.00,0.00,0.00,0.00,0.00,0.00,0.00,0.00,0.00,0.00,0.00,0.018
-93.76536639,42.02157907,90,TaskName 6/11/2025 (GreenStar 4 Monitor),Laudis/Warrant/AgSaver/Tough,29,6/11/2025,1.000,On,1103.4,78.75,0.00,6.844,10.04,6.107,89.20,19.99,19.99,0,3,65.34,6/11/2025,Good,7.995,0.0011,2.998,0.00043,17.99,1.999,0.0091,3.997,0.00057,1.999,0.00028,19.36,0.351,0.00,0.00,0.00,0.00,0.00,0.00,0.00,0.00,0.00,0.00,0.00,0.00,0.018
-93.76532940,42.02157885,90,TaskName 6/11/2025 (GreenStar 4 Monitor),Laudis/Warrant/AgSaver/Tough,30,6/11/2025,1.000,On,1103.4,78.75,0.00,6.806,9.984,5.585,88.99,19.99,20.01,0,3,64.98,6/11/2025,Good,8.002,0.0011,3.001,0.00042,18.00,2.001,0.0090,4.001,0.00056,2.001,0.00028,19.38,0.350,0.00,0.00,0.00,0.00,0.00,0.00,0.00,0.00,0.00,0.00,0.00,0.00,0.018
-93.76529289,42.02157880,90,TaskName 6/11/2025 (GreenStar 4 Monitor),Laudis/Warrant/AgSaver/Tough,31,6/11/2025,1.000,On,1103.4,78.75,0.00,6.819,10.00,5.648,88.95,19.99,20.10,0,3,65.08,6/11/2025,Good,8.039,0.0011,3.015,0.00043,18.09,2.010,0.0091,4.020,0.00057,2.010,0.00028,19.46,0.352,0.00,0.00,0.00,0.00,0.00,0.00,0.00,0.00,0.00,0.00,0.00,0.00,0.018
-93.76525619,42.02157907,90,TaskName 6/11/2025 (GreenStar 4 Monitor),Laudis/Warrant/AgSaver/Tough,32,6/11/2025,1.000,On,1103.4,78.75,0.00,6.765,9.921,6.270,89.22,19.99,20.03,0,3,64.57,6/11/2025,Good,8.012,0.0011,3.004,0.00042,18.03,2.003,0.0090,4.006,0.00056,2.003,0.00028,19.40,0.348,0.00,0.00,0.00,0.00,0.00,0.00,0.00,0.00,0.00,0.00,0.00,0.00,0.018
-93.76521982,42.02157941,90,TaskName 6/11/2025 (GreenStar 4 Monitor),Laudis/Warrant/AgSaver/Tough,33,6/11/2025,1.000,On,1103.4,78.75,0.00,6.771,9.931,6.400,89.76,19.99,19.96,0,3,64.63,6/11/2025,Good,7.983,0.0011,2.994,0.00042,17.96,1.996,0.0090,3.992,0.00056,1.996,0.00028,19.33,0.347,0.00,0.00,0.00,0.00,0.00,0.00,0.00,0.00,0.00,0.00,0.00,0.00,0.018
-93.76518315,42.02157938,90,TaskName 6/11/2025 (GreenStar 4 Monitor),Laudis/Warrant/AgSaver/Tough,34,6/11/2025,1.000,On,1103.4,78.75,0.00,6.777,9.938,5.760,89.88,19.99,19.97,0,3,64.68,6/11/2025,Good,7.987,0.0011,2.995,0.00042,17.97,1.997,0.0090,3.994,0.00056,1.997,0.00028,19.34,0.347,0.00,0.00,0.00,0.00,0.00,0.00,0.00,0.00,0.00,0.00,0.00,0.00,0.018
-93.76515007,42.02157902,90,TaskName 6/11/2025 (GreenStar 4 Monitor),Laudis/Warrant/AgSaver/Tough,35,6/11/2025,1.001,On,1103.4,78.75,0.00,6.557,9.619,4.152,89.50,19.99,19.94,0,3,62.54,6/11/2025,Good,7.975,0.0011,2.991,0.00041,17.94,1.994,0.0087,3.988,0.00054,1.994,0.00027,19.31,0.336,0.00,0.00,0.00,0.00,0.00,0.00,0.00,0.00,0.00,0.00,0.00,0.00,0.017
-93.76513807,42.02157904,90,TaskName 6/11/2025 (GreenStar 4 Monitor),Laudis/Warrant/AgSaver/Tough,36,6/11/2025,0.400,On,1103.4,78.75,0.00,5.968,3.490,4.393,89.25,19.99,20.03,0,3,56.79,6/11/2025,Good,8.014,0.00040,3.005,0.00015,18.03,2.003,0.0032,4.007,0.00020,2.003,9.876e-05,19.40,0.122,0.00,0.00,0.00,0.00,0.00,0.00,0.00,0.00,0.00,0.00,0.00,0.00,0.0063
-93.76490204,42.02190908,90,TaskName 6/11/2025 (GreenStar 4 Monitor),Laudis/Warrant/AgSaver/Tough,37,6/11/2025,0.996,On,1103.1,78.75,0.00,4.231,6.178,6.169,89.28,19.99,20.20,0,4,40.37,6/11/2025,Good,8.080,0.00070,3.030,0.00026,18.18,2.020,0.0056,4.040,0.00035,2.020,0.00018,19.56,0.218,0.00,0.00,0.00,0.00,0.00,0.00,0.00,0.00,0.00,0.00,0.00,0.00,0.011
-93.76487367,42.02190915,90,TaskName 6/11/2025 (GreenStar 4 Monitor),Laudis/Warrant/AgSaver/Tough,38,6/11/2025,1.000,On,1103.1,78.75,0.00,4.709,6.890,7.656,89.67,19.99,20.26,0,4,44.84,6/11/2025,Good,8.106,0.00079,3.040,0.00030,18.24,2.026,0.0063,4.053,0.00039,2.026,0.00020,19.63,0.244,0.00,0.00,0.00,0.00,0.00,0.00,0.00,0.00,0.00,0.00,0.00,0.00,0.012
-93.76484197,42.02190937,90,TaskName 6/11/2025 (GreenStar 4 Monitor),Laudis/Warrant/AgSaver/Tough,39,6/11/2025,1.004,On,1103.2,78.75,0.00,5.534,8.143,7.767,90.19,19.99,20.07,0,4,52.79,6/11/2025,Good,8.026,0.00092,3.010,0.00035,18.06,2.007,0.0074,4.013,0.00046,2.007,0.00023,19.43,0.286,0.00,0.00,0.00,0.00,0.00,0.00,0.00,0.00,0.00,0.00,0.00,0.00,0.015
-93.76480745,42.02190916,90,TaskName 6/11/2025 (GreenStar 4 Monitor),Laudis/Warrant/AgSaver/Tough,40,6/11/2025,0.996,On,1103.3,78.75,0.00,6.136,8.960,7.057,89.95,19.99,19.95,0,4,58.55,6/11/2025,Good,7.978,0.0010,2.992,0.00038,17.95,1.995,0.0081,3.989,0.00050,1.995,0.00025,19.32,0.313,0.00,0.00,0.00,0.00,0.00,0.00,0.00,0.00,0.00,0.00,0.00,0.00,0.016
-93.76477191,42.02190875,90,TaskName 6/11/2025 (GreenStar 4 Monitor),Laudis/Warrant/AgSaver/Tough,41,6/11/2025,1.000,On,1103.3,78.75,0.00,6.469,9.478,6.699,89.17,19.99,19.94,0,4,61.68,6/11/2025,Good,7.974,0.0011,2.990,0.00040,17.94,1.994,0.0085,3.987,0.00053,1.994,0.00027,19.31,0.331,0.00,0.00,0.00,0.00,0.00,0.00,0.00,0.00,0.00,0.00,0.00,0.00,0.017
-93.76473632,42.02190904,90,TaskName 6/11/2025 (GreenStar 4 Monitor),Laudis/Warrant/AgSaver/Tough,42,6/11/2025,1.000,On,1103.3,78.75,0.00,6.583,9.665,6.603,89.46,19.99,19.93,0,4,62.90,6/11/2025,Good,7.974,0.0011,2.990,0.00041,17.94,1.993,0.0087,3.987,0.00054,1.993,0.00027,19.31,0.337,0.00,0.00,0.00,0.00,0.00,0.00,0.00,0.00,0.00,0.00,0.00,0.00,0.017
-93.76470031,42.02190948,90,TaskName 6/11/2025 (GreenStar 4 Monitor),Laudis/Warrant/AgSaver/Tough,43,6/11/2025,1.000,On,1103.3,78.75,0.00,6.613,9.701,6.690,90.06,19.99,19.98,0,4,63.14,6/11/2025,Good,7.994,0.0011,2.998,0.00041,17.99,1.998,0.0088,3.997,0.00055,1.998,0.00027,19.36,0.339,0.00,0.00,0.00,0.00,0.00,0.00,0.00,0.00,0.00,0.00,0.00,0.00,0.018
-93.76466436,42.02190926,90,TaskName 6/11/2025 (GreenStar 4 Monitor),Laudis/Warrant/AgSaver/Tough,44,6/11/2025,1.000,On,1103.4,78.75,0.00,6.691,9.810,6.162,89.95,19.99,19.91,0,4,63.84,6/11/2025,Good,7.965,0.0011,2.987,0.00041,17.92,1.991,0.0088,3.983,0.00055,1.991,0.00028,19.29,0.342,0.00,0.00,0.00,0.00,0.00,0.00,0.00,0.00,0.00,0.00,0.00,0.00,0.018
-93.76462801,42.02190899,90,TaskName 6/11/2025 (GreenStar 4 Monitor),Laudis/Warrant/AgSaver/Tough,45,6/11/2025,1.000,On,1103.4,78.75,0.00,6.694,9.816,5.701,89.62,19.99,20.05,0,4,63.89,6/11/2025,Good,8.021,0.0011,3.008,0.00042,18.05,2.005,0.0089,4.010,0.00056,2.005,0.00028,19.42,0.345,0.00,0.00,0.00,0.00,0.00,0.00,0.00,0.00,0.00,0.00,0.00,0.00,0.018
-93.76459201,42.02190895,90,TaskName 6/11/2025 (GreenStar 4 Monitor),Laudis/Warrant/AgSaver/Tough,46,6/11/2025,1.000,On,1103.5,78.75,0.00,6.712,9.843,5.743,89.67,19.99,20.09,0,4,64.06,6/11/2025,Good,8.037,0.0011,3.014,0.00042,18.08,2.009,0.0089,4.018,0.00056,2.009,0.00028,19.46,0.346,0.00,0.00,0.00,0.00,0.00,0.00,0.00,0.00,0.00,0.00,0.00,0.00,0.018
-93.76455777,42.02190912,90,TaskName 6/11/2025 (GreenStar 4 Monitor),Laudis/Warrant/AgSaver/Tough,47,6/11/2025,1.000,On,1103.5,78.75,0.00,6.559,9.616,4.639,90.11,19.99,20.02,0,4,62.58,6/11/2025,Good,8.008,0.0011,3.003,0.00041,18.02,2.002,0.0087,4.004,0.00054,2.002,0.00027,19.39,0.337,0.00,0.00,0.00,0.00,0.00,0.00,0.00,0.00,0.00,0.00,0.00,0.00,0.017
-93.76455138,42.02190916,90,TaskName 6/11/2025 (GreenStar 4 Monitor),Laudis/Warrant/AgSaver/Tough,48,6/11/2025,0.200,On,1103.6,78.75,0.00,6.281,1.842,3.685,90.20,19.99,20.06,0,4,59.94,6/11/2025,Good,8.022,0.00021,3.008,7.826e-05,18.05,2.006,0.0017,4.011,0.00010,2.006,5.217e-05,19.42,0.065,0.00,0.00,0.00,0.00,0.00,0.00,0.00,0.00,0.00,0.00,0.00,0.00,0.0033
-93.76243148,42.02150203,90,TaskName 6/11/2025 (GreenStar 4 Monitor),Laudis/Warrant/AgSaver/Tough,49,6/11/2025,1.000,On,1100.6,1.250,57.50,7.470,10.96,7.108,0.125,19.99,20.69,0,1,1.132,6/11/2025,Good,8.275,2.033e-05,3.103,7.623e-06,18.62,2.069,0.00016,4.137,1.016e-05,2.069,5.082e-06,20.04,0.0063,0.00,0.00,0.00,0.00,0.00,0.00,0.00,0.00,0.00,0.00,0.00,0.00,0.00031
-93.76243091,42.02152628,90,TaskName 6/11/2025 (GreenStar 4 Monitor),Laudis/Warrant/AgSaver/Tough,50,6/11/2025,0.799,On,1100.6,1.250,57.50,7.528,8.816,7.283,0.094,19.99,20.44,0,1,1.140,6/11/2025,Good,8.176,1.616e-05,3.066,6.060e-06,18.40,2.044,0.00013,4.088,8.080e-06,2.044,4.040e-06,19.80,0.0050,0.00,0.00,0.00,0.00,0.00,0.00,0.00,0.00,0.00,0.00,0.00,0.00,0.00025
-93.76243101,42.02153240,90,TaskName 6/11/2025 (GreenStar 4 Monitor),Laudis/Warrant/AgSaver/Tough,51,6/11/2025,0.200,On,1100.5,73.75,-21.65,7.524,2.205,7.291,0.235,19.99,18.12,0,1,67.19,6/11/2025,Good,7.248,0.00021,2.718,7.927e-05,16.31,1.812,0.0017,3.624,0.00011,1.812,5.284e-05,17.55,0.066,0.00,0.00,0.00,0.00,0.00,0.00,0.00,0.00,0.00,0.00,0.00,0.00,0.0037
-93.76243061,42.02156290,90,TaskName 6/11/2025 (GreenStar 4 Monitor),Laudis/Warrant/AgSaver/Tough,52,6/11/2025,1.001,On,1100.5,118.75,-1.250,7.566,11.10,6.504,0.682,19.99,20.18,0,1,108.79,6/11/2025,Good,8.072,0.0019,3.027,0.00072,18.16,2.018,0.015,4.036,0.00095,2.018,0.00048,19.54,0.591,0.00,0.00,0.00,0.00,0.00,0.00,0.00,0.00,0.00,0.00,0.00,0.00,0.030
-93.76243028,42.02159281,90,TaskName 6/11/2025 (GreenStar 4 Monitor),Laudis/Warrant/AgSaver/Tough,53,6/11/2025,0.999,On,1100.5,118.75,-1.250,7.454,10.91,7.667,1.286,19.99,20.05,0,1,107.17,6/11/2025,Good,8.019,0.0019,3.007,0.00070,18.04,2.005,0.015,4.009,0.00093,2.005,0.00047,19.41,0.577,0.00,0.00,0.00,0.00,0.00,0.00,0.00,0.00,0.00,0.00,0.00,0.00,0.030
-93.76242915,42.02162403,90,TaskName 6/11/2025 (GreenStar 4 Monitor),Laudis/Warrant/AgSaver/Tough,54,6/11/2025,1.006,On,1100.4,118.75,-1.250,7.617,11.22,7.194,1.176,19.99,20.00,0,1,109.43,6/11/2025,Good,8.002,0.0019,3.001,0.00072,18.00,2.000,0.015,4.001,0.00096,2.000,0.00048,19.37,0.592,0.00,0.00,0.00,0.00,0.00,0.00,0.00,0.00,0.00,0.00,0.00,0.00,0.031
-93.76242803,42.02165558,90,TaskName 6/11/2025 (GreenStar 4 Monitor),Laudis/Warrant/AgSaver/Tough,55,6/11/2025,0.995,On,1100.3,118.75,-1.250,7.777,11.35,6.654,0.612,19.99,19.93,0,1,111.97,6/11/2025,Good,7.972,0.0019,2.989,0.00072,17.94,1.993,0.015,3.986,0.00096,1.993,0.00048,19.30,0.597,0.00,0.00,0.00,0.00,0.00,0.00,0.00,0.00,0.00,0.00,0.00,0.00,0.031
-93.76242687,42.02168671,90,TaskName 6/11/2025 (GreenStar 4 Monitor),Laudis/Warrant/AgSaver/Tough,56,6/11/2025,1.000,On,1100.3,118.75,-1.250,7.806,11.43,7.020,0.486,19.99,19.96,0,1,112.15,6/11/2025,Good,7.983,0.0019,2.994,0.00073,17.96,1.996,0.016,3.991,0.00097,1.996,0.00049,19.33,0.602,0.00,0.00,0.00,0.00,0.00,0.00,0.00,0.00,0.00,0.00,0.00,0.00,0.031
-93.76242678,42.02171793,90,TaskName 6/11/2025 (GreenStar 4 Monitor),Laudis/Warrant/AgSaver/Tough,57,6/11/2025,0.999,On,1100.3,118.75,-1.250,7.725,11.32,7.160,0.972,19.99,19.97,0,1,111.23,6/11/2025,Good,7.989,0.0019,2.996,0.00072,17.98,1.997,0.015,3.994,0.00096,1.997,0.00048,19.34,0.597,0.00,0.00,0.00,0.00,0.00,0.00,0.00,0.00,0.00,0.00,0.00,0.00,0.031
-93.76242627,42.02174887,90,TaskName 6/11/2025 (GreenStar 4 Monitor),Laudis/Warrant/AgSaver/Tough,58,6/11/2025,1.001,On,1100.1,118.75,-1.250,7.757,11.38,6.881,1.435,19.99,19.94,0,1,111.55,6/11/2025,Good,7.977,0.0019,2.991,0.00072,17.95,1.994,0.015,3.988,0.00097,1.994,0.00048,19.31,0.599,0.00,0.00,0.00,0.00,0.00,0.00,0.00,0.00,0.00,0.00,0.00,0.00,0.031
-93.76242479,42.02177982,90,TaskName 6/11/2025 (GreenStar 4 Monitor),Laudis/Warrant/AgSaver/Tough,59,6/11/2025,1.000,On,1100.0,118.75,-1.250,7.676,11.25,7.002,0.604,19.99,19.98,0,1,110.38,6/11/2025,Good,7.991,0.0019,2.997,0.00072,17.98,1.998,0.015,3.996,0.00096,1.998,0.00048,19.35,0.593,0.00,0.00,0.00,0.00,0.00,0.00,0.00,0.00,0.00,0.00,0.00,0.00,0.031
-93.76242356,42.02181034,90,TaskName 6/11/2025 (GreenStar 4 Monitor),Laudis/Warrant/AgSaver/Tough,60,6/11/2025,1.005,On,1100.0,118.75,-1.250,7.619,11.22,7.109,359.86,19.99,19.98,0,1,109.57,6/11/2025,Good,7.991,0.0019,2.996,0.00072,17.98,1.998,0.015,3.995,0.00095,1.998,0.00048,19.35,0.592,0.00,0.00,0.00,0.00,0.00,0.00,0.00,0.00,0.00,0.00,0.00,0.00,0.031
-93.76242358,42.02184023,90,TaskName 6/11/2025 (GreenStar 4 Monitor),Laudis/Warrant/AgSaver/Tough,61,6/11/2025,0.995,On,1100.0,118.75,-1.250,7.506,10.93,7.949,0.298,19.99,19.98,0,1,107.82,6/11/2025,Good,7.991,0.0019,2.997,0.00070,17.98,1.998,0.015,3.995,0.00093,1.998,0.00047,19.35,0.577,0.00,0.00,0.00,0.00,0.00,0.00,0.00,0.00,0.00,0.00,0.00,0.00,0.030
-93.76242315,42.02187065,90,TaskName 6/11/2025 (GreenStar 4 Monitor),Laudis/Warrant/AgSaver/Tough,62,6/11/2025,1.000,On,1099.9,118.75,-1.250,7.518,11.02,7.422,0.894,19.99,20.03,0,1,108.19,6/11/2025,Good,8.010,0.0019,3.004,0.00071,18.02,2.003,0.015,4.005,0.00094,2.003,0.00047,19.40,0.583,0.00,0.00,0.00,0.00,0.00,0.00,0.00,0.00,0.00,0.00,0.00,0.00,0.030
-93.76242257,42.02190100,90,TaskName 6/11/2025 (GreenStar 4 Monitor),Laudis/Warrant/AgSaver/Tough,63,6/11/2025,1.000,On,1099.9,118.75,-1.250,7.485,10.97,7.554,0.972,19.99,20.00,0,1,107.67,6/11/2025,Good,8.000,0.0019,3.000,0.00070,18.00,2.000,0.015,4.000,0.00093,2.000,0.00047,19.37,0.579,0.00,0.00,0.00,0.00,0.00,0.00,0.00,0.00,0.00,0.00,0.00,0.00,0.030
-93.76242154,42.02193068,90,TaskName 6/11/2025 (GreenStar 4 Monitor),Laudis/Warrant/AgSaver/Tough,64,6/11/2025,1.000,On,1100.0,118.75,-1.250,7.463,10.93,8.498,0.651,19.99,20.03,0,1,107.22,6/11/2025,Good,8.013,0.0019,3.005,0.00070,18.03,2.003,0.015,4.007,0.00093,2.003,0.00047,19.40,0.578,0.00,0.00,0.00,0.00,0.00,0.00,0.00,0.00,0.00,0.00,0.00,0.00,0.030
-93.76242059,42.02196085,90,TaskName 6/11/2025 (GreenStar 4 Monitor),Laudis/Warrant/AgSaver/Tough,65,6/11/2025,1.000,On,1099.9,118.75,-1.250,7.464,10.96,7.901,0.392,19.99,20.03,0,1,107.52,6/11/2025,Good,8.014,0.0019,3.005,0.00070,18.03,2.003,0.015,4.007,0.00093,2.003,0.00047,19.40,0.580,0.00,0.00,0.00,0.00,0.00,0.00,0.00,0.00,0.00,0.00,0.00,0.00,0.030
-93.76242023,42.02199155,90,TaskName 6/11/2025 (GreenStar 4 Monitor),Laudis/Warrant/AgSaver/Tough,66,6/11/2025,1.000,On,1100.0,118.75,-1.250,7.599,11.14,7.340,0.627,19.99,19.94,0,1,109.31,6/11/2025,Good,7.975,0.0019,2.991,0.00071,17.94,1.994,0.015,3.988,0.00095,1.994,0.00047,19.31,0.586,0.00,0.00,0.00,0.00,0.00,0.00,0.00,0.00,0.00,0.00,0.00,0.00,0.030
-93.76241999,42.02200350,90,TaskName 6/11/2025 (GreenStar 4 Monitor),Laudis/Warrant/AgSaver/Tough,67,6/11/2025,0.405,On,1100.1,118.75,-1.250,7.534,4.477,8.243,0.666,19.99,19.93,0,1,108.49,6/11/2025,Good,7.973,0.00076,2.990,0.00029,17.94,1.993,0.0061,3.987,0.00038,1.993,0.00019,19.30,0.236,0.00,0.00,0.00,0.00,0.00,0.00,0.00,0.00,0.00,0.00,0.00,0.00,0.012
-93.76241950,42.02203353,90,TaskName 6/11/2025 (GreenStar 4 Monitor),Laudis/Warrant/AgSaver/Tough,68,6/11/2025,0.995,On,1100.2,120.00,-0.625,7.420,10.83,9.037,1.011,19.99,20.08,0,1,107.98,6/11/2025,Good,8.031,0.0019,3.012,0.00070,18.07,2.008,0.015,4.016,0.00094,2.008,0.00047,19.45,0.580,0.00,0.00,0.00,0.00,0.00,0.00,0.00,0.00,0.00,0.00,0.00,0.00,0.030
-93.76241861,42.02206442,90,TaskName 6/11/2025 (GreenStar 4 Monitor),Laudis/Warrant/AgSaver/Tough,69,6/11/2025,1.000,On,1100.3,120.00,-0.625,7.571,11.11,8.053,1.082,19.99,19.97,0,1,110.20,6/11/2025,Good,7.988,0.0019,2.996,0.00072,17.97,1.997,0.015,3.994,0.00096,1.997,0.00048,19.34,0.592,0.00,0.00,0.00,0.00,0.00,0.00,0.00,0.00,0.00,0.00,0.00,0.00,0.031
-93.76241800,42.02207663,90,TaskName 6/11/2025 (GreenStar 4 Monitor),Laudis/Warrant/AgSaver/Tough,70,6/11/2025,0.395,On,1100.3,120.00,-0.625,7.704,4.477,8.005,0.854,19.99,19.89,0,1,112.41,6/11/2025,Good,7.954,0.00077,2.983,0.00029,17.90,1.989,0.0061,3.977,0.00038,1.989,0.00019,19.26,0.238,0.00,0.00,0.00,0.00,0.00,0.00,0.00,0.00,0.00,0.00,0.00,0.00,0.012
-93.76241704,42.02210784,90,TaskName 6/11/2025 (GreenStar 4 Monitor),Laudis/Warrant/AgSaver/Tough,71,6/11/2025,1.009,On,1100.4,118.75,-1.250,7.686,11.38,8.122,0.376,19.99,19.91,0,1,110.70,6/11/2025,Good,7.965,0.0019,2.987,0.00072,17.92,1.991,0.015,3.982,0.00097,1.991,0.00048,19.28,0.598,0.00,0.00,0.00,0.00,0.00,0.00,0.00,0.00,0.00,0.00,0.00,0.00,0.031
-93.76241641,42.02213949,90,TaskName 6/11/2025 (GreenStar 4 Monitor),Laudis/Warrant/AgSaver/Tough,72,6/11/2025,0.991,On,1100.4,120.00,-0.625,7.782,11.32,7.712,0.211,19.99,19.90,0,1,113.24,6/11/2025,Good,7.961,0.0019,2.985,0.00073,17.91,1.990,0.016,3.981,0.00097,1.990,0.00048,19.28,0.601,0.00,0.00,0.00,0.00,0.00,0.00,0.00,0.00,0.00,0.00,0.00,0.00,0.031
-93.76241616,42.02217115,90,TaskName 6/11/2025 (GreenStar 4 Monitor),Laudis/Warrant/AgSaver/Tough,73,6/11/2025,1.000,On,1100.4,120.00,-0.625,7.865,11.53,7.385,359.93,19.99,19.93,0,1,114.34,6/11/2025,Good,7.972,0.0020,2.989,0.00074,17.94,1.993,0.016,3.986,0.00099,1.993,0.00049,19.30,0.613,0.00,0.00,0.00,0.00,0.00,0.00,0.00,0.00,0.00,0.00,0.00,0.00,0.032
-93.76241578,42.02220281,90,TaskName 6/11/2025 (GreenStar 4 Monitor),Laudis/Warrant/AgSaver/Tough,74,6/11/2025,1.005,On,1100.4,120.00,-0.625,7.871,11.61,7.447,0.117,19.99,19.95,0,1,114.61,6/11/2025,Good,7.981,0.0020,2.993,0.00075,17.96,1.995,0.016,3.991,0.00100,1.995,0.00050,19.32,0.618,0.00,0.00,0.00,0.00,0.00,0.00,0.00,0.00,0.00,0.00,0.00,0.00,0.032
-93.76241627,42.02223443,90,TaskName 6/11/2025 (GreenStar 4 Monitor),Laudis/Warrant/AgSaver/Tough,75,6/11/2025,0.995,On,1100.4,120.00,-0.625,7.861,11.47,7.580,1.584,19.99,19.98,0,1,114.32,6/11/2025,Good,7.992,0.0020,2.997,0.00074,17.98,1.998,0.016,3.996,0.00099,1.998,0.00049,19.35,0.611,0.00,0.00,0.00,0.00,0.00,0.00,0.00,0.00,0.00,0.00,0.00,0.00,0.032
-93.76241563,42.02226610,90,TaskName 6/11/2025 (GreenStar 4 Monitor),Laudis/Warrant/AgSaver/Tough,76,6/11/2025,1.004,On,1100.4,120.00,-0.625,7.855,11.59,7.349,2.258,19.99,19.92,0,1,114.46,6/11/2025,Good,7.967,0.0020,2.988,0.00075,17.93,1.992,0.016,3.983,0.00099,1.992,0.00050,19.29,0.616,0.00,0.00,0.00,0.00,0.00,0.00,0.00,0.00,0.00,0.00,0.00,0.00,0.032
-93.76241302,42.02229766,90,TaskName 6/11/2025 (GreenStar 4 Monitor),Laudis/Warrant/AgSaver/Tough,77,6/11/2025,1.000,On,1100.6,120.00,-0.625,7.858,11.54,7.249,0.698,19.99,19.94,0,1,114.40,6/11/2025,Good,7.977,0.0020,2.991,0.00074,17.95,1.994,0.016,3.988,0.00099,1.994,0.00050,19.31,0.614,0.00,0.00,0.00,0.00,0.00,0.00,0.00,0.00,0.00,0.00,0.00,0.00,0.032
-93.76241190,42.02232874,90,TaskName 6/11/2025 (GreenStar 4 Monitor),Laudis/Warrant/AgSaver/Tough,78,6/11/2025,0.996,On,1100.7,120.00,-0.625,7.785,11.38,8.276,0.345,19.99,20.00,0,1,113.29,6/11/2025,Good,8.000,0.0020,3.000,0.00073,18.00,2.000,0.016,4.000,0.00098,2.000,0.00049,19.37,0.607,0.00,0.00,0.00,0.00,0.00,0.00,0.00,0.00,0.00,0.00,0.00,0.00,0.031
-93.76241176,42.02236042,90,TaskName 6/11/2025 (GreenStar 4 Monitor),Laudis/Warrant/AgSaver/Tough,79,6/11/2025,1.004,On,1100.8,120.00,-0.625,7.778,11.46,7.667,1.011,19.99,19.97,0,1,113.17,6/11/2025,Good,7.986,0.0020,2.995,0.00074,17.97,1.997,0.016,3.993,0.00098,1.997,0.00049,19.34,0.610,0.00,0.00,0.00,0.00,0.00,0.00,0.00,0.00,0.00,0.00,0.00,0.00,0.032
-93.76241101,42.02239213,90,TaskName 6/11/2025 (GreenStar 4 Monitor),Laudis/Warrant/AgSaver/Tough,80,6/11/2025,0.996,On,1100.8,120.00,-0.625,7.877,11.50,7.251,1.333,19.99,19.97,0,1,114.50,6/11/2025,Good,7.988,0.0020,2.996,0.00074,17.97,1.997,0.016,3.994,0.00099,1.997,0.00049,19.34,0.613,0.00,0.00,0.00,0.00,0.00,0.00,0.00,0.00,0.00,0.00,0.00,0.00,0.032
-93.76240960,42.02242410,90,TaskName 6/11/2025 (GreenStar 4 Monitor),Laudis/Warrant/AgSaver/Tough,81,6/11/2025,1.000,On,1100.9,120.00,-0.625,7.899,11.60,6.913,0.854,19.99,19.96,0,1,115.08,6/11/2025,Good,7.983,0.0020,2.994,0.00075,17.96,1.996,0.016,3.991,0.00100,1.996,0.00050,19.33,0.618,0.00,0.00,0.00,0.00,0.00,0.00,0.00,0.00,0.00,0.00,0.00,0.00,0.032
-93.76240866,42.02245594,90,TaskName 6/11/2025 (GreenStar 4 Monitor),Laudis/Warrant/AgSaver/Tough,82,6/11/2025,1.005,On,1100.8,120.00,-0.625,7.979,11.76,6.697,0.721,19.99,19.97,0,1,116.00,6/11/2025,Good,7.987,0.0020,2.995,0.00076,17.97,1.997,0.016,3.994,0.0010,1.997,0.00051,19.34,0.626,0.00,0.00,0.00,0.00,0.00,0.00,0.00,0.00,0.00,0.00,0.00,0.00,0.032
-93.76240778,42.02248779,90,TaskName 6/11/2025 (GreenStar 4 Monitor),Laudis/Warrant/AgSaver/Tough,83,6/11/2025,0.995,On,1100.7,120.00,-0.625,7.858,11.49,6.840,1.129,19.99,19.93,0,1,114.49,6/11/2025,Good,7.971,0.0020,2.989,0.00074,17.93,1.993,0.016,3.985,0.00099,1.993,0.00049,19.30,0.611,0.00,0.00,0.00,0.00,0.00,0.00,0.00,0.00,0.00,0.00,0.00,0.00,0.032
-93.76240696,42.02251974,90,TaskName 6/11/2025 (GreenStar 4 Monitor),Laudis/Warrant/AgSaver/Tough,84,6/11/2025,1.000,On,1100.7,120.00,-0.625,7.984,11.71,6.214,1.411,19.99,19.95,0,1,116.13,6/11/2025,Good,7.980,0.0020,2.992,0.00075,17.95,1.995,0.016,3.990,0.0010,1.995,0.00050,19.32,0.623,0.00,0.00,0.00,0.00,0.00,0.00,0.00,0.00,0.00,0.00,0.00,0.00,0.032
-93.76240550,42.02255091,90,TaskName 6/11/2025 (GreenStar 4 Monitor),Laudis/Warrant/AgSaver/Tough,85,6/11/2025,1.000,On,1100.8,120.00,-0.625,7.823,11.48,7.633,1.333,19.99,20.00,0,1,113.88,6/11/2025,Good,7.998,0.0020,2.999,0.00074,18.00,2.000,0.016,3.999,0.00099,2.000,0.00049,19.37,0.613,0.00,0.00,0.00,0.00,0.00,0.00,0.00,0.00,0.00,0.00,0.00,0.00,0.032
-93.76240455,42.02257620,90,TaskName 6/11/2025 (GreenStar 4 Monitor),Laudis/Warrant/AgSaver/Tough,86,6/11/2025,0.804,On,1100.8,120.00,-0.625,7.788,9.197,6.930,1.443,19.99,20.00,0,1,113.44,6/11/2025,Good,8.001,0.0016,3.000,0.00059,18.00,2.000,0.013,4.000,0.00079,2.000,0.00040,19.37,0.491,0.00,0.00,0.00,0.00,0.00,0.00,0.00,0.00,0.00,0.00,0.00,0.00,0.025
-93.76240329,42.02260642,90,TaskName 6/11/2025 (GreenStar 4 Monitor),Laudis/Warrant/AgSaver/Tough,87,6/11/2025,1.000,On,1100.7,118.75,-1.250,7.709,11.31,5.384,1.270,19.99,19.98,0,1,110.99,6/11/2025,Good,7.992,0.0019,2.997,0.00072,17.98,1.998,0.015,3.996,0.00096,1.998,0.00048,19.35,0.597,0.00,0.00,0.00,0.00,0.00,0.00,0.00,0.00,0.00,0.00,0.00,0.00,0.031
-93.76240189,42.02263578,90,TaskName 6/11/2025 (GreenStar 4 Monitor),Laudis/Warrant/AgSaver/Tough,88,6/11/2025,1.000,On,1100.7,118.75,-1.250,7.379,10.83,6.840,0.352,19.99,20.02,0,1,106.29,6/11/2025,Good,8.010,0.0018,3.004,0.00069,18.02,2.002,0.015,4.005,0.00092,2.002,0.00046,19.39,0.573,0.00,0.00,0.00,0.00,0.00,0.00,0.00,0.00,0.00,0.00,0.00,0.00,0.030
-93.76240127,42.02266561,90,TaskName 6/11/2025 (GreenStar 4 Monitor),Laudis/Warrant/AgSaver/Tough,89,6/11/2025,1.000,On,1100.5,118.75,-1.250,7.307,10.73,7.258,0.094,19.99,20.02,0,1,105.26,6/11/2025,Good,8.007,0.0018,3.003,0.00069,18.02,2.002,0.015,4.004,0.00091,2.002,0.00046,19.39,0.567,0.00,0.00,0.00,0.00,0.00,0.00,0.00,0.00,0.00,0.00,0.00,0.00,0.029
-93.76240102,42.02269645,90,TaskName 6/11/2025 (GreenStar 4 Monitor),Laudis/Warrant/AgSaver/Tough,90,6/11/2025,0.995,On,1100.4,118.75,-1.250,7.580,11.07,5.965,0.815,19.99,19.93,0,1,109.15,6/11/2025,Good,7.972,0.0019,2.989,0.00070,17.94,1.993,0.015,3.986,0.00094,1.993,0.00047,19.30,0.582,0.00,0.00,0.00,0.00,0.00,0.00,0.00,0.00,0.00,0.00,0.00,0.00,0.030
-93.76240052,42.02272699,90,TaskName 6/11/2025 (GreenStar 4 Monitor),Laudis/Warrant/AgSaver/Tough,91,6/11/2025,1.006,On,1100.2,118.75,-1.250,7.594,11.20,6.197,1.176,19.99,19.92,0,1,109.30,6/11/2025,Good,7.969,0.0019,2.988,0.00071,17.93,1.992,0.015,3.985,0.00095,1.992,0.00048,19.30,0.589,0.00,0.00,0.00,0.00,0.00,0.00,0.00,0.00,0.00,0.00,0.00,0.00,0.031
-93.76239933,42.02275784,90,TaskName 6/11/2025 (GreenStar 4 Monitor),Laudis/Warrant/AgSaver/Tough,92,6/11/2025,0.995,On,1099.9,118.75,-1.250,7.609,11.10,5.848,0.862,19.99,19.95,0,1,109.47,6/11/2025,Good,7.982,0.0019,2.993,0.00071,17.96,1.995,0.015,3.991,0.00094,1.995,0.00047,19.33,0.585,0.00,0.00,0.00,0.00,0.00,0.00,0.00,0.00,0.00,0.00,0.00,0.00,0.030
-93.76239822,42.02278842,90,TaskName 6/11/2025 (GreenStar 4 Monitor),Laudis/Warrant/AgSaver/Tough,93,6/11/2025,1.000,On,1099.6,118.75,-1.250,7.700,11.31,5.449,0.721,19.99,19.96,0,1,111.02,6/11/2025,Good,7.982,0.0019,2.993,0.00072,17.96,1.996,0.015,3.991,0.00096,1.996,0.00048,19.33,0.596,0.00,0.00,0.00,0.00,0.00,0.00,0.00,0.00,0.00,0.00,0.00,0.00,0.031
-93.76239743,42.02281906,90,TaskName 6/11/2025 (GreenStar 4 Monitor),Laudis/Warrant/AgSaver/Tough,94,6/11/2025,0.999,On,1099.5,118.75,-1.250,7.518,11.02,6.346,0.776,19.99,19.98,0,1,108.26,6/11/2025,Good,7.993,0.0019,2.997,0.00070,17.98,1.998,0.015,3.997,0.00094,1.998,0.00047,19.35,0.581,0.00,0.00,0.00,0.00,0.00,0.00,0.00,0.00,0.00,0.00,0.00,0.00,0.030
-93.76239671,42.02284900,90,TaskName 6/11/2025 (GreenStar 4 Monitor),Laudis/Warrant/AgSaver/Tough,95,6/11/2025,1.001,On,1099.3,118.75,-1.250,7.615,11.19,5.733,0.509,19.99,19.94,0,1,109.69,6/11/2025,Good,7.975,0.0019,2.991,0.00071,17.94,1.994,0.015,3.988,0.00095,1.994,0.00048,19.31,0.589,0.00,0.00,0.00,0.00,0.00,0.00,0.00,0.00,0.00,0.00,0.00,0.00,0.030
-93.76239606,42.02287739,90,TaskName 6/11/2025 (GreenStar 4 Monitor),Laudis/Warrant/AgSaver/Tough,96,6/11/2025,0.999,On,1099.7,118.75,-1.250,7.216,10.57,5.531,0.768,19.99,19.98,0,1,103.88,6/11/2025,Good,7.993,0.0018,2.997,0.00067,17.98,1.998,0.014,3.996,0.00090,1.998,0.00045,19.35,0.558,0.00,0.00,0.00,0.00,0.00,0.00,0.00,0.00,0.00,0.00,0.00,0.00,0.029
-93.76239566,42.02289827,90,TaskName 6/11/2025 (GreenStar 4 Monitor),Laudis/Warrant/AgSaver/Tough,97,6/11/2025,0.805,On,1099.2,118.75,-1.250,6.917,8.169,5.233,0.854,19.99,20.05,0,1,99.59,6/11/2025,Good,8.021,0.0014,3.008,0.00052,18.05,2.005,0.011,4.010,0.00070,2.005,0.00035,19.42,0.432,0.00,0.00,0.00,0.00,0.00,0.00,0.00,0.00,0.00,0.00,0.00,0.00,0.022
-93.76239569,42.02290745,90,TaskName 6/11/2025 (GreenStar 4 Monitor),Laudis/Warrant/AgSaver/Tough,98,6/11/2025,0.396,On,1099.3,117.50,-1.875,6.397,3.715,4.209,1.145,19.99,20.03,0,1,91.11,6/11/2025,Good,8.011,0.00063,3.004,0.00024,18.03,2.003,0.0050,4.006,0.00031,2.003,0.00016,19.40,0.194,0.00,0.00,0.00,0.00,0.00,0.00,0.00,0.00,0.00,0.00,0.00,0.00,0.010
-93.76239552,42.02291199,90,TaskName 6/11/2025 (GreenStar 4 Monitor),Laudis/Warrant/AgSaver/Tough,99,6/11/2025,0.200,On,1099.4,116.25,-2.500,6.022,1.767,4.438,1.145,19.99,20.06,0,1,84.90,6/11/2025,Good,8.022,0.00030,3.008,0.00011,18.05,2.006,0.0024,4.011,0.00015,2.006,7.391e-05,19.42,0.092,0.00,0.00,0.00,0.00,0.00,0.00,0.00,0.00,0.00,0.00,0.00,0.00,0.0047
-93.76239524,42.02291687,90,TaskName 6/11/2025 (GreenStar 4 Monitor),Laudis/Warrant/AgSaver/Tough,100,6/11/2025,0.200,On,1099.4,115.00,-3.125,5.852,1.718,4.077,1.082,19.99,20.10,0,1,81.65,6/11/2025,Good,8.039,0.00028,3.015,0.00011,18.09,2.010,0.0023,4.020,0.00014,2.010,7.123e-05,19.47,0.088,0.00,0.00,0.00,0.00,0.00,0.00,0.00,0.00,0.00,0.00,0.00,0.00,0.0045
-93.76239491,42.02292181,90,TaskName 6/11/2025 (GreenStar 4 Monitor),Laudis/Warrant/AgSaver/Tough,101,6/11/2025,0.205,On,1099.4,85.00,9.375,5.861,1.764,3.408,1.004,19.99,20.25,0,1,60.45,6/11/2025,Good,8.099,0.00022,3.037,8.168e-05,18.22,2.025,0.0017,4.050,0.00011,2.025,5.446e-05,19.61,0.068,0.00,0.00,0.00,0.00,0.00,0.00,0.00,0.00,0.00,0.00,0.00,0.00,0.0034
-93.76261158,42.02274767,90,TaskName 6/11/2025 (GreenStar 4 Monitor),Laudis/Warrant/AgSaver/Tough,102,6/11/2025,0.200,On,1100.1,28.75,46.25,7.461,2.188,11.25,268.81,19.99,18.53,0,2,26.00,6/11/2025,Good,7.411,8.362e-05,2.779,3.136e-05,16.67,1.853,0.00067,3.705,4.181e-05,1.853,2.091e-05,17.94,0.026,0.00,0.00,0.00,0.00,0.00,0.00,0.00,0.00,0.00,0.00,0.00,0.00,0.0014
-93.76262008,42.02274770,90,TaskName 6/11/2025 (GreenStar 4 Monitor),Laudis/Warrant/AgSaver/Tough,103,6/11/2025,0.200,On,1100.1,88.75,16.25,7.528,2.208,10.67,268.66,19.99,19.08,0,2,80.98,6/11/2025,Good,7.633,0.00027,2.862,0.00010,17.17,1.908,0.0021,3.817,0.00013,1.908,6.707e-05,18.48,0.083,0.00,0.00,0.00,0.00,0.00,0.00,0.00,0.00,0.00,0.00,0.00,0.00,0.0045
-93.76266454,42.02274700,90,TaskName 6/11/2025 (GreenStar 4 Monitor),Laudis/Warrant/AgSaver/Tough,104,6/11/2025,0.996,On,1100.0,121.25,0.00,7.939,11.57,8.481,268.89,19.99,19.42,0,2,116.42,6/11/2025,Good,7.769,0.0020,2.913,0.00073,17.48,1.942,0.016,3.884,0.00098,1.942,0.00049,18.81,0.606,0.00,0.00,0.00,0.00,0.00,0.00,0.00,0.00,0.00,0.00,0.00,0.00,0.032
-93.76270964,42.02274642,90,TaskName 6/11/2025 (GreenStar 4 Monitor),Laudis/Warrant/AgSaver/Tough,105,6/11/2025,1.004,On,1100.0,121.25,0.00,8.313,12.25,7.123,269.24,19.99,19.41,0,2,122.24,6/11/2025,Good,7.764,0.0021,2.912,0.00078,17.47,1.941,0.017,3.882,0.0010,1.941,0.00052,18.80,0.641,0.00,0.00,0.00,0.00,0.00,0.00,0.00,0.00,0.00,0.00,0.00,0.00,0.034
-93.76275435,42.02274607,90,TaskName 6/11/2025 (GreenStar 4 Monitor),Laudis/Warrant/AgSaver/Tough,106,6/11/2025,1.001,On,1099.9,121.25,0.00,8.306,12.19,7.430,269.33,19.99,19.59,0,2,121.98,6/11/2025,Good,7.837,0.0021,2.939,0.00078,17.63,1.959,0.017,3.919,0.0010,1.959,0.00052,18.98,0.644,0.00,0.00,0.00,0.00,0.00,0.00,0.00,0.00,0.00,0.00,0.00,0.00,0.034
-93.76279952,42.02274571,90,TaskName 6/11/2025 (GreenStar 4 Monitor),Laudis/Warrant/AgSaver/Tough,107,6/11/2025,0.995,On,1099.8,121.25,0.00,8.269,12.06,9.038,269.50,19.99,19.74,0,2,121.46,6/11/2025,Good,7.895,0.0021,2.961,0.00078,17.76,1.974,0.017,3.947,0.0010,1.974,0.00052,19.11,0.642,0.00,0.00,0.00,0.00,0.00,0.00,0.00,0.00,0.00,0.00,0.00,0.00,0.034
-93.76285002,42.02274563,90,TaskName 6/11/2025 (GreenStar 4 Monitor),Laudis/Warrant/AgSaver/Tough,108,6/11/2025,1.005,On,1099.7,121.25,0.00,8.839,12.99,9.740,269.21,19.99,19.75,0,2,129.54,6/11/2025,Good,7.900,0.0022,2.963,0.00084,17.78,1.975,0.018,3.950,0.0011,1.975,0.00056,19.13,0.692,0.00,0.00,0.00,0.00,0.00,0.00,0.00,0.00,0.00,0.00,0.00,0.00,0.036
-93.76290236,42.02274538,90,TaskName 6/11/2025 (GreenStar 4 Monitor),Laudis/Warrant/AgSaver/Tough,109,6/11/2025,0.999,On,1099.6,121.25,0.00,9.583,14.05,7.706,269.06,19.99,19.65,0,2,140.88,6/11/2025,Good,7.861,0.0024,2.948,0.00090,17.69,1.965,0.019,3.931,0.0012,1.965,0.00060,19.03,0.744,0.00,0.00,0.00,0.00,0.00,0.00,0.00,0.00,0.00,0.00,0.00,0.00,0.039
-93.76295458,42.02274495,90,TaskName 6/11/2025 (GreenStar 4 Monitor),Laudis/Warrant/AgSaver/Tough,110,6/11/2025,0.996,On,1099.6,121.25,0.00,9.641,14.06,8.110,269.32,19.99,19.77,0,2,141.47,6/11/2025,Good,7.908,0.0024,2.965,0.00091,17.79,1.977,0.019,3.954,0.0012,1.977,0.00060,19.15,0.749,0.00,0.00,0.00,0.00,0.00,0.00,0.00,0.00,0.00,0.00,0.00,0.00,0.039
-93.76300741,42.02274446,90,TaskName 6/11/2025 (GreenStar 4 Monitor),Laudis/Warrant/AgSaver/Tough,111,6/11/2025,1.005,On,1099.5,121.25,0.00,9.715,14.32,8.255,269.73,19.99,19.81,0,2,142.82,6/11/2025,Good,7.922,0.0025,2.971,0.00093,17.83,1.981,0.020,3.961,0.0012,1.981,0.00062,19.18,0.765,0.00,0.00,0.00,0.00,0.00,0.00,0.00,0.00,0.00,0.00,0.00,0.00,0.040
-93.76306051,42.02274466,90,TaskName 6/11/2025 (GreenStar 4 Monitor),Laudis/Warrant/AgSaver/Tough,112,6/11/2025,0.995,On,1099.3,121.25,0.00,9.875,14.42,7.817,269.17,19.99,19.84,0,2,145.21,6/11/2025,Good,7.938,0.0025,2.977,0.00093,17.86,1.984,0.020,3.969,0.0012,1.984,0.00062,19.22,0.771,0.00,0.00,0.00,0.00,0.00,0.00,0.00,0.00,0.00,0.00,0.00,0.00,0.040
-93.76311380,42.02274460,90,TaskName 6/11/2025 (GreenStar 4 Monitor),Laudis/Warrant/AgSaver/Tough,113,6/11/2025,1.005,On,1099.2,121.25,0.00,9.833,14.49,7.919,268.51,19.99,19.89,0,2,144.45,6/11/2025,Good,7.956,0.0025,2.983,0.00094,17.90,1.989,0.020,3.978,0.0013,1.989,0.00063,19.26,0.777,0.00,0.00,0.00,0.00,0.00,0.00,0.00,0.00,0.00,0.00,0.00,0.00,0.040
-93.76316691,42.02274382,90,TaskName 6/11/2025 (GreenStar 4 Monitor),Laudis/Warrant/AgSaver/Tough,114,6/11/2025,1.000,On,1099.1,121.25,0.00,9.845,14.44,7.327,268.91,19.99,19.90,0,2,144.72,6/11/2025,Good,7.960,0.0025,2.985,0.00094,17.91,1.990,0.020,3.980,0.0012,1.990,0.00062,19.27,0.775,0.00,0.00,0.00,0.00,0.00,0.00,0.00,0.00,0.00,0.00,0.00,0.00,0.040
-93.76322003,42.02274304,90,TaskName 6/11/2025 (GreenStar 4 Monitor),Laudis/Warrant/AgSaver/Tough,115,6/11/2025,1.000,On,1099.1,121.25,0.00,9.825,14.42,8.048,269.32,19.99,19.99,0,2,144.45,6/11/2025,Good,7.995,0.0025,2.998,0.00094,17.99,1.999,0.020,3.997,0.0013,1.999,0.00063,19.36,0.777,0.00,0.00,0.00,0.00,0.00,0.00,0.00,0.00,0.00,0.00,0.00,0.00,0.040
-93.76327443,42.02274241,90,TaskName 6/11/2025 (GreenStar 4 Monitor),Laudis/Warrant/AgSaver/Tough,116,6/11/2025,1.000,On,1099.0,121.25,0.00,9.961,14.63,8.019,269.59,19.99,19.97,0,2,146.56,6/11/2025,Good,7.989,0.0025,2.996,0.00095,17.97,1.997,0.020,3.994,0.0013,1.997,0.00064,19.34,0.787,0.00,0.00,0.00,0.00,0.00,0.00,0.00,0.00,0.00,0.00,0.00,0.00,0.041
-93.76332870,42.02274205,90,TaskName 6/11/2025 (GreenStar 4 Monitor),Laudis/Warrant/AgSaver/Tough,117,6/11/2025,0.995,On,1099.0,121.25,0.00,10.07,14.69,7.595,269.72,19.99,19.90,0,2,147.96,6/11/2025,Good,7.961,0.0025,2.985,0.00095,17.91,1.990,0.020,3.980,0.0013,1.990,0.00064,19.28,0.788,0.00,0.00,0.00,0.00,0.00,0.00,0.00,0.00,0.00,0.00,0.00,0.00,0.041
-93.76338299,42.02274190,90,TaskName 6/11/2025 (GreenStar 4 Monitor),Laudis/Warrant/AgSaver/Tough,118,6/11/2025,1.005,On,1099.0,121.25,0.00,10.07,14.86,7.527,269.26,19.99,19.98,0,2,148.18,6/11/2025,Good,7.991,0.0026,2.996,0.00097,17.98,1.998,0.021,3.995,0.0013,1.998,0.00065,19.35,0.800,0.00,0.00,0.00,0.00,0.00,0.00,0.00,0.00,0.00,0.00,0.00,0.00,0.041
-93.76343672,42.02274153,90,TaskName 6/11/2025 (GreenStar 4 Monitor),Laudis/Warrant/AgSaver/Tough,119,6/11/2025,0.995,On,1099.0,121.25,0.00,9.976,14.55,8.390,269.18,19.99,19.94,0,2,146.53,6/11/2025,Good,7.976,0.0025,2.991,0.00095,17.95,1.994,0.020,3.988,0.0013,1.994,0.00063,19.31,0.782,0.00,0.00,0.00,0.00,0.00,0.00,0.00,0.00,0.00,0.00,0.00,0.00,0.041
-93.76349036,42.02274089,90,TaskName 6/11/2025 (GreenStar 4 Monitor),Laudis/Warrant/AgSaver/Tough,120,6/11/2025,1.004,On,1099.2,121.25,0.00,9.940,14.66,8.669,269.78,19.99,20.02,0,2,146.27,6/11/2025,Good,8.007,0.0026,3.003,0.00096,18.02,2.002,0.020,4.003,0.0013,2.002,0.00064,19.39,0.791,0.00,0.00,0.00,0.00,0.00,0.00,0.00,0.00,0.00,0.00,0.00,0.00,0.041
-93.76354385,42.02274083,90,TaskName 6/11/2025 (GreenStar 4 Monitor),Laudis/Warrant/AgSaver/Tough,121,6/11/2025,1.001,On,1099.3,121.25,0.00,9.917,14.55,9.009,269.51,19.99,19.97,0,2,145.69,6/11/2025,Good,7.986,0.0025,2.995,0.00095,17.97,1.997,0.020,3.993,0.0013,1.997,0.00063,19.34,0.783,0.00,0.00,0.00,0.00,0.00,0.00,0.00,0.00,0.00,0.00,0.00,0.00,0.041
-93.76359828,42.02274074,90,TaskName 6/11/2025 (GreenStar 4 Monitor),Laudis/Warrant/AgSaver/Tough,122,6/11/2025,0.995,On,1099.3,121.25,0.00,10.01,14.62,8.352,269.00,19.99,19.98,0,2,147.26,6/11/2025,Good,7.994,0.0025,2.998,0.00095,17.99,1.998,0.020,3.997,0.0013,1.998,0.00064,19.35,0.788,0.00,0.00,0.00,0.00,0.00,0.00,0.00,0.00,0.00,0.00,0.00,0.00,0.041
-93.76365260,42.02274023,90,TaskName 6/11/2025 (GreenStar 4 Monitor),Laudis/Warrant/AgSaver/Tough,123,6/11/2025,1.000,On,1099.4,121.25,0.00,10.10,14.81,7.808,268.82,19.99,19.94,0,2,148.43,6/11/2025,Good,7.978,0.0026,2.992,0.00096,17.95,1.994,0.021,3.989,0.0013,1.994,0.00064,19.32,0.796,0.00,0.00,0.00,0.00,0.00,0.00,0.00,0.00,0.00,0.00,0.00,0.00,0.041
-93.76370663,42.02273927,90,TaskName 6/11/2025 (GreenStar 4 Monitor),Laudis/Warrant/AgSaver/Tough,124,6/11/2025,1.000,On,1099.5,121.25,0.00,9.999,14.67,8.509,269.27,19.99,19.97,0,2,146.99,6/11/2025,Good,7.989,0.0025,2.996,0.00096,17.98,1.997,0.020,3.995,0.0013,1.997,0.00064,19.34,0.790,0.00,0.00,0.00,0.00,0.00,0.00,0.00,0.00,0.00,0.00,0.00,0.00,0.041
-93.76376070,42.02273854,90,TaskName 6/11/2025 (GreenStar 4 Monitor),Laudis/Warrant/AgSaver/Tough,125,6/11/2025,1.005,On,1099.6,121.25,0.00,10.01,14.75,8.646,269.81,19.99,19.97,0,2,147.07,6/11/2025,Good,7.986,0.0026,2.995,0.00096,17.97,1.997,0.020,3.993,0.0013,1.997,0.00064,19.34,0.794,0.00,0.00,0.00,0.00,0.00,0.00,0.00,0.00,0.00,0.00,0.00,0.00,0.041
-93.76381476,42.02273845,90,TaskName 6/11/2025 (GreenStar 4 Monitor),Laudis/Warrant/AgSaver/Tough,126,6/11/2025,0.995,On,1099.7,121.25,0.00,10.03,14.65,8.099,269.95,19.99,19.93,0,2,147.53,6/11/2025,Good,7.973,0.0025,2.990,0.00095,17.94,1.993,0.020,3.987,0.0013,1.993,0.00063,19.31,0.787,0.00,0.00,0.00,0.00,0.00,0.00,0.00,0.00,0.00,0.00,0.00,0.00,0.041
-93.76386824,42.02273867,90,TaskName 6/11/2025 (GreenStar 4 Monitor),Laudis/Warrant/AgSaver/Tough,127,6/11/2025,1.004,On,1099.8,121.25,0.00,9.925,14.62,8.808,269.61,19.99,19.98,0,2,145.91,6/11/2025,Good,7.993,0.0025,2.998,0.00095,17.99,1.998,0.020,3.997,0.0013,1.998,0.00064,19.35,0.788,0.00,0.00,0.00,0.00,0.00,0.00,0.00,0.00,0.00,0.00,0.00,0.00,0.041
-93.76392205,42.02273872,90,TaskName 6/11/2025 (GreenStar 4 Monitor),Laudis/Warrant/AgSaver/Tough,128,6/11/2025,0.995,On,1099.9,121.25,0.00,9.942,14.51,8.152,268.85,19.99,20.00,0,2,146.14,6/11/2025,Good,8.000,0.0025,3.000,0.00095,18.00,2.000,0.020,4.000,0.0013,2.000,0.00063,19.37,0.782,0.00,0.00,0.00,0.00,0.00,0.00,0.00,0.00,0.00,0.00,0.00,0.00,0.040
-93.76397515,42.02273816,90,TaskName 6/11/2025 (GreenStar 4 Monitor),Laudis/Warrant/AgSaver/Tough,129,6/11/2025,1.000,On,1100.0,121.25,0.00,9.914,14.54,7.800,268.81,19.99,19.97,0,2,145.74,6/11/2025,Good,7.988,0.0025,2.995,0.00095,17.97,1.997,0.020,3.994,0.0013,1.997,0.00063,19.34,0.783,0.00,0.00,0.00,0.00,0.00,0.00,0.00,0.00,0.00,0.00,0.00,0.00,0.040
-93.76402801,42.02273724,90,TaskName 6/11/2025 (GreenStar 4 Monitor),Laudis/Warrant/AgSaver/Tough,130,6/11/2025,1.005,On,1100.1,121.25,0.00,9.829,14.49,8.692,269.75,19.99,20.03,0,2,144.49,6/11/2025,Good,8.012,0.0025,3.004,0.00095,18.03,2.003,0.020,4.006,0.0013,2.003,0.00063,19.40,0.782,0.00,0.00,0.00,0.00,0.00,0.00,0.00,0.00,0.00,0.00,0.00,0.00,0.040
-93.76408205,42.02273720,90,TaskName 6/11/2025 (GreenStar 4 Monitor),Laudis/Warrant/AgSaver/Tough,131,6/11/2025,0.996,On,1100.1,121.25,0.00,9.897,14.44,8.982,269.65,19.99,19.96,0,2,145.30,6/11/2025,Good,7.984,0.0025,2.994,0.00094,17.96,1.996,0.020,3.992,0.0013,1.996,0.00063,19.33,0.777,0.00,0.00,0.00,0.00,0.00,0.00,0.00,0.00,0.00,0.00,0.00,0.00,0.040
-93.76413670,42.02273738,90,TaskName 6/11/2025 (GreenStar 4 Monitor),Laudis/Warrant/AgSaver/Tough,132,6/11/2025,1.000,On,1100.2,121.25,0.00,10.06,14.77,7.871,268.91,19.99,19.98,0,2,147.97,6/11/2025,Good,7.991,0.0026,2.997,0.00096,17.98,1.998,0.021,3.996,0.0013,1.998,0.00064,19.35,0.795,0.00,0.00,0.00,0.00,0.00,0.00,0.00,0.00,0.00,0.00,0.00,0.00,0.041
-93.76419025,42.02273715,90,TaskName 6/11/2025 (GreenStar 4 Monitor),Laudis/Warrant/AgSaver/Tough,133,6/11/2025,1.000,On,1100.2,121.25,0.00,10.04,14.71,8.032,268.72,19.99,19.90,0,2,147.41,6/11/2025,Good,7.961,0.0025,2.986,0.00096,17.91,1.990,0.020,3.981,0.0013,1.990,0.00064,19.28,0.789,0.00,0.00,0.00,0.00,0.00,0.00,0.00,0.00,0.00,0.00,0.00,0.00,0.041
-93.76424396,42.02273647,90,TaskName 6/11/2025 (GreenStar 4 Monitor),Laudis/Warrant/AgSaver/Tough,134,6/11/2025,1.004,On,1100.2,121.25,0.00,9.898,14.59,8.797,268.59,19.99,20.01,0,2,145.65,6/11/2025,Good,8.003,0.0025,3.001,0.00095,18.01,2.001,0.020,4.002,0.0013,2.001,0.00063,19.38,0.787,0.00,0.00,0.00,0.00,0.00,0.00,0.00,0.00,0.00,0.00,0.00,0.00,0.041
-93.76429838,42.02273559,90,TaskName 6/11/2025 (GreenStar 4 Monitor),Laudis/Warrant/AgSaver/Tough,135,6/11/2025,0.996,On,1100.2,121.25,0.00,10.02,14.64,8.198,268.89,19.99,19.98,0,2,147.28,6/11/2025,Good,7.991,0.0025,2.996,0.00095,17.98,1.998,0.020,3.995,0.0013,1.998,0.00064,19.35,0.788,0.00,0.00,0.00,0.00,0.00,0.00,0.00,0.00,0.00,0.00,0.00,0.00,0.041
-93.76435218,42.02273463,90,TaskName 6/11/2025 (GreenStar 4 Monitor),Laudis/Warrant/AgSaver/Tough,136,6/11/2025,0.999,On,1100.2,121.25,0.00,10.05,14.73,8.244,269.91,19.99,20.02,0,2,147.79,6/11/2025,Good,8.007,0.0026,3.003,0.00096,18.02,2.002,0.021,4.003,0.0013,2.002,0.00064,19.39,0.795,0.00,0.00,0.00,0.00,0.00,0.00,0.00,0.00,0.00,0.00,0.00,0.00,0.041
-93.76440584,42.02273458,90,TaskName 6/11/2025 (GreenStar 4 Monitor),Laudis/Warrant/AgSaver/Tough,137,6/11/2025,1.001,On,1100.3,121.25,0.00,9.917,14.56,8.998,269.78,19.99,20.00,0,2,145.79,6/11/2025,Good,8.002,0.0025,3.001,0.00095,18.00,2.000,0.020,4.001,0.0013,2.000,0.00063,19.37,0.785,0.00,0.00,0.00,0.00,0.00,0.00,0.00,0.00,0.00,0.00,0.00,0.00,0.041
-93.76445965,42.02273490,90,TaskName 6/11/2025 (GreenStar 4 Monitor),Laudis/Warrant/AgSaver/Tough,138,6/11/2025,1.000,On,1100.3,121.25,0.00,9.964,14.62,8.396,268.84,19.99,20.00,0,2,146.52,6/11/2025,Good,8.000,0.0025,3.000,0.00095,18.00,2.000,0.020,4.000,0.0013,2.000,0.00064,19.37,0.788,0.00,0.00,0.00,0.00,0.00,0.00,0.00,0.00,0.00,0.00,0.00,0.00,0.041
-93.76451251,42.02273433,90,TaskName 6/11/2025 (GreenStar 4 Monitor),Laudis/Warrant/AgSaver/Tough,139,6/11/2025,1.000,On,1100.3,121.25,0.00,9.889,14.51,7.876,268.82,19.99,20.00,0,2,145.37,6/11/2025,Good,8.001,0.0025,3.000,0.00095,18.00,2.000,0.020,4.000,0.0013,2.000,0.00063,19.37,0.782,0.00,0.00,0.00,0.00,0.00,0.00,0.00,0.00,0.00,0.00,0.00,0.00,0.040
-93.76456479,42.02273346,90,TaskName 6/11/2025 (GreenStar 4 Monitor),Laudis/Warrant/AgSaver/Tough,140,6/11/2025,0.999,On,1100.3,121.25,0.00,9.730,14.26,9.306,269.30,19.99,20.07,0,2,143.05,6/11/2025,Good,8.027,0.0025,3.010,0.00093,18.06,2.007,0.020,4.014,0.0012,2.007,0.00062,19.44,0.772,0.00,0.00,0.00,0.00,0.00,0.00,0.00,0.00,0.00,0.00,0.00,0.00,0.040
-93.76461814,42.02273264,90,TaskName 6/11/2025 (GreenStar 4 Monitor),Laudis/Warrant/AgSaver/Tough,141,6/11/2025,1.001,On,1100.4,121.25,0.00,9.769,14.33,10.29,269.89,19.99,20.05,0,2,143.46,6/11/2025,Good,8.021,0.0025,3.008,0.00094,18.05,2.005,0.020,4.010,0.0012,2.005,0.00062,19.42,0.775,0.00,0.00,0.00,0.00,0.00,0.00,0.00,0.00,0.00,0.00,0.00,0.00,0.040
-93.76467220,42.02273264,90,TaskName 6/11/2025 (GreenStar 4 Monitor),Laudis/Warrant/AgSaver/Tough,142,6/11/2025,1.000,On,1100.4,121.25,0.00,10.01,14.69,9.344,269.73,19.99,19.94,0,2,147.22,6/11/2025,Good,7.976,0.0025,2.991,0.00096,17.95,1.994,0.020,3.988,0.0013,1.994,0.00064,19.31,0.790,0.00,0.00,0.00,0.00,0.00,0.00,0.00,0.00,0.00,0.00,0.00,0.00,0.041
-93.76472623,42.02273302,90,TaskName 6/11/2025 (GreenStar 4 Monitor),Laudis/Warrant/AgSaver/Tough,143,6/11/2025,1.000,On,1100.6,121.25,0.00,9.986,14.65,8.789,269.22,19.99,19.96,0,2,146.79,6/11/2025,Good,7.984,0.0025,2.994,0.00095,17.96,1.996,0.020,3.992,0.0013,1.996,0.00064,19.33,0.788,0.00,0.00,0.00,0.00,0.00,0.00,0.00,0.00,0.00,0.00,0.00,0.00,0.041
-93.76477952,42.02273306,90,TaskName 6/11/2025 (GreenStar 4 Monitor),Laudis/Warrant/AgSaver/Tough,144,6/11/2025,0.995,On,1100.7,121.25,0.00,9.924,14.48,9.604,268.77,19.99,20.02,0,2,145.88,6/11/2025,Good,8.009,0.0025,3.004,0.00095,18.02,2.002,0.020,4.005,0.0013,2.002,0.00063,19.39,0.782,0.00,0.00,0.00,0.00,0.00,0.00,0.00,0.00,0.00,0.00,0.00,0.00,0.040
-93.76483278,42.02273259,90,TaskName 6/11/2025 (GreenStar 4 Monitor),Laudis/Warrant/AgSaver/Tough,145,6/11/2025,1.000,On,1100.9,121.25,0.00,9.878,14.48,9.647,268.55,19.99,20.00,0,2,145.08,6/11/2025,Good,7.999,0.0025,3.000,0.00094,18.00,2.000,0.020,4.000,0.0013,2.000,0.00063,19.37,0.781,0.00,0.00,0.00,0.00,0.00,0.00,0.00,0.00,0.00,0.00,0.00,0.00,0.040
-93.76488688,42.02273164,90,TaskName 6/11/2025 (GreenStar 4 Monitor),Laudis/Warrant/AgSaver/Tough,146,6/11/2025,1.000,On,1100.9,121.25,0.00,9.919,14.56,9.176,268.96,19.99,19.98,0,2,145.94,6/11/2025,Good,7.993,0.0025,2.997,0.00095,17.98,1.998,0.020,3.997,0.0013,1.998,0.00063,19.35,0.785,0.00,0.00,0.00,0.00,0.00,0.00,0.00,0.00,0.00,0.00,0.00,0.00,0.041
-93.76494091,42.02273110,90,TaskName 6/11/2025 (GreenStar 4 Monitor),Laudis/Warrant/AgSaver/Tough,147,6/11/2025,1.005,On,1101.1,121.25,0.00,10.04,14.78,8.357,269.27,19.99,19.96,0,2,147.37,6/11/2025,Good,7.983,0.0026,2.994,0.00096,17.96,1.996,0.021,3.991,0.0013,1.996,0.00064,19.33,0.795,0.00,0.00,0.00,0.00,0.00,0.00,0.00,0.00,0.00,0.00,0.00,0.00,0.041
-93.76499469,42.02273081,90,TaskName 6/11/2025 (GreenStar 4 Monitor),Laudis/Warrant/AgSaver/Tough,148,6/11/2025,0.995,On,1101.3,121.25,0.00,9.939,14.50,9.007,269.04,19.99,19.97,0,2,146.08,6/11/2025,Good,7.989,0.0025,2.996,0.00094,17.97,1.997,0.020,3.994,0.0013,1.997,0.00063,19.34,0.781,0.00,0.00,0.00,0.00,0.00,0.00,0.00,0.00,0.00,0.00,0.00,0.00,0.040
-93.76504888,42.02273034,90,TaskName 6/11/2025 (GreenStar 4 Monitor),Laudis/Warrant/AgSaver/Tough,149,6/11/2025,1.005,On,1101.4,121.25,0.00,10.02,14.78,8.423,268.96,19.99,20.01,0,2,147.37,6/11/2025,Good,8.003,0.0026,3.001,0.00096,18.01,2.001,0.021,4.001,0.0013,2.001,0.00064,19.38,0.797,0.00,0.00,0.00,0.00,0.00,0.00,0.00,0.00,0.00,0.00,0.00,0.00,0.041
-93.76510285,42.02272958,90,TaskName 6/11/2025 (GreenStar 4 Monitor),Laudis/Warrant/AgSaver/Tough,150,6/11/2025,0.995,On,1101.6,121.25,0.00,10.05,14.67,7.995,269.32,19.99,19.98,0,2,147.69,6/11/2025,Good,7.992,0.0025,2.997,0.00096,17.98,1.998,0.020,3.996,0.0013,1.998,0.00064,19.35,0.790,0.00,0.00,0.00,0.00,0.00,0.00,0.00,0.00,0.00,0.00,0.00,0.00,0.041
-93.76515668,42.02272891,90,TaskName 6/11/2025 (GreenStar 4 Monitor),Laudis/Warrant/AgSaver/Tough,151,6/11/2025,1.005,On,1101.7,121.25,0.00,9.986,14.72,8.485,269.60,19.99,20.00,0,2,146.78,6/11/2025,Good,8.001,0.0026,3.000,0.00096,18.00,2.000,0.020,4.000,0.0013,2.000,0.00064,19.37,0.794,0.00,0.00,0.00,0.00,0.00,0.00,0.00,0.00,0.00,0.00,0.00,0.00,0.041
-93.76521036,42.02272850,90,TaskName 6/11/2025 (GreenStar 4 Monitor),Laudis/Warrant/AgSaver/Tough,152,6/11/2025,1.000,On,1101.9,121.25,0.00,9.943,14.59,8.904,269.97,19.99,20.02,0,2,146.17,6/11/2025,Good,8.008,0.0025,3.003,0.00095,18.02,2.002,0.020,4.004,0.0013,2.002,0.00064,19.39,0.787,0.00,0.00,0.00,0.00,0.00,0.00,0.00,0.00,0.00,0.00,0.00,0.00,0.041
-93.76526413,42.02272855,90,TaskName 6/11/2025 (GreenStar 4 Monitor),Laudis/Warrant/AgSaver/Tough,153,6/11/2025,1.000,On,1102.1,121.25,0.00,9.931,14.57,8.971,269.64,19.99,19.97,0,2,146.00,6/11/2025,Good,7.990,0.0025,2.996,0.00095,17.98,1.997,0.020,3.995,0.0013,1.997,0.00063,19.34,0.785,0.00,0.00,0.00,0.00,0.00,0.00,0.00,0.00,0.00,0.00,0.00,0.00,0.041
-93.76531767,42.02272848,90,TaskName 6/11/2025 (GreenStar 4 Monitor),Laudis/Warrant/AgSaver/Tough,154,6/11/2025,0.995,On,1102.2,121.25,0.00,9.964,14.54,8.952,269.09,19.99,19.95,0,2,146.44,6/11/2025,Good,7.980,0.0025,2.992,0.00095,17.95,1.995,0.020,3.990,0.0013,1.995,0.00063,19.32,0.782,0.00,0.00,0.00,0.00,0.00,0.00,0.00,0.00,0.00,0.00,0.00,0.00,0.040
-93.76537137,42.02272813,90,TaskName 6/11/2025 (GreenStar 4 Monitor),Laudis/Warrant/AgSaver/Tough,155,6/11/2025,1.005,On,1102.5,121.25,0.00,9.891,14.58,9.302,269.01,19.99,19.99,0,2,145.37,6/11/2025,Good,7.996,0.0025,2.998,0.00095,17.99,1.999,0.020,3.998,0.0013,1.999,0.00063,19.36,0.786,0.00,0.00,0.00,0.00,0.00,0.00,0.00,0.00,0.00,0.00,0.00,0.00,0.041
-93.76542532,42.02272757,90,TaskName 6/11/2025 (GreenStar 4 Monitor),Laudis/Warrant/AgSaver/Tough,156,6/11/2025,1.000,On,1102.7,121.25,0.00,10.01,14.69,8.305,269.21,19.99,20.03,0,2,147.15,6/11/2025,Good,8.011,0.0026,3.004,0.00096,18.02,2.003,0.020,4.005,0.0013,2.003,0.00064,19.40,0.793,0.00,0.00,0.00,0.00,0.00,0.00,0.00,0.00,0.00,0.00,0.00,0.00,0.041
-93.76547875,42.02272698,90,TaskName 6/11/2025 (GreenStar 4 Monitor),Laudis/Warrant/AgSaver/Tough,157,6/11/2025,1.000,On,1103.0,121.25,0.00,9.933,14.55,8.535,269.54,19.99,19.96,0,2,145.81,6/11/2025,Good,7.983,0.0025,2.994,0.00095,17.96,1.996,0.020,3.992,0.0013,1.996,0.00063,19.33,0.783,0.00,0.00,0.00,0.00,0.00,0.00,0.00,0.00,0.00,0.00,0.00,0.00,0.041
-93.76553219,42.02272694,90,TaskName 6/11/2025 (GreenStar 4 Monitor),Laudis/Warrant/AgSaver/Tough,158,6/11/2025,1.000,On,1103.3,121.25,0.00,9.888,14.52,9.311,269.63,19.99,20.01,0,2,145.51,6/11/2025,Good,8.003,0.0025,3.001,0.00095,18.01,2.001,0.020,4.002,0.0013,2.001,0.00063,19.38,0.783,0.00,0.00,0.00,0.00,0.00,0.00,0.00,0.00,0.00,0.00,0.00,0.00,0.040
-93.76558580,42.02272718,90,TaskName 6/11/2025 (GreenStar 4 Monitor),Laudis/Warrant/AgSaver/Tough,159,6/11/2025,1.000,On,1103.7,121.25,0.00,9.909,14.52,9.388,268.78,19.99,19.98,0,2,145.48,6/11/2025,Good,7.991,0.0025,2.997,0.00095,17.98,1.998,0.020,3.995,0.0013,1.998,0.00063,19.35,0.782,0.00,0.00,0.00,0.00,0.00,0.00,0.00,0.00,0.00,0.00,0.00,0.00,0.040
-93.76563923,42.02272663,90,TaskName 6/11/2025 (GreenStar 4 Monitor),Laudis/Warrant/AgSaver/Tough,160,6/11/2025,0.999,On,1104.0,121.25,0.00,9.942,14.59,8.436,268.31,19.99,19.98,0,2,146.31,6/11/2025,Good,7.991,0.0025,2.997,0.00095,17.98,1.998,0.020,3.996,0.0013,1.998,0.00063,19.35,0.786,0.00,0.00,0.00,0.00,0.00,0.00,0.00,0.00,0.00,0.00,0.00,0.00,0.041
-93.76569236,42.02272552,90,TaskName 6/11/2025 (GreenStar 4 Monitor),Laudis/Warrant/AgSaver/Tough,161,6/11/2025,1.001,On,1104.3,121.25,0.00,9.869,14.48,8.971,269.24,19.99,20.02,0,2,145.00,6/11/2025,Good,8.008,0.0025,3.003,0.00095,18.02,2.002,0.020,4.004,0.0013,2.002,0.00063,19.39,0.782,0.00,0.00,0.00,0.00,0.00,0.00,0.00,0.00,0.00,0.00,0.00,0.00,0.040
-93.76574661,42.02272493,90,TaskName 6/11/2025 (GreenStar 4 Monitor),Laudis/Warrant/AgSaver/Tough,162,6/11/2025,0.994,On,1104.7,121.25,0.00,9.935,14.48,8.862,269.63,19.99,20.02,0,2,145.99,6/11/2025,Good,8.007,0.0025,3.003,0.00095,18.02,2.002,0.020,4.003,0.0013,2.002,0.00063,19.39,0.781,0.00,0.00,0.00,0.00,0.00,0.00,0.00,0.00,0.00,0.00,0.00,0.00,0.040
-93.76580079,42.02272479,90,TaskName 6/11/2025 (GreenStar 4 Monitor),Laudis/Warrant/AgSaver/Tough,163,6/11/2025,1.001,On,1105.0,121.25,0.00,10.07,14.78,7.722,269.24,19.99,19.97,0,2,147.93,6/11/2025,Good,7.989,0.0026,2.996,0.00096,17.98,1.997,0.021,3.994,0.0013,1.997,0.00064,19.34,0.796,0.00,0.00,0.00,0.00,0.00,0.00,0.00,0.00,0.00,0.00,0.00,0.00,0.041
-93.76585433,42.02272451,90,TaskName 6/11/2025 (GreenStar 4 Monitor),Laudis/Warrant/AgSaver/Tough,164,6/11/2025,1.000,On,1105.3,121.25,0.00,9.953,14.61,8.587,269.12,19.99,19.98,0,2,146.43,6/11/2025,Good,7.993,0.0025,2.997,0.00095,17.98,1.998,0.020,3.997,0.0013,1.998,0.00064,19.35,0.787,0.00,0.00,0.00,0.00,0.00,0.00,0.00,0.00,0.00,0.00,0.00,0.00,0.041
-93.76590793,42.02272395,90,TaskName 6/11/2025 (GreenStar 4 Monitor),Laudis/Warrant/AgSaver/Tough,165,6/11/2025,1.005,On,1105.7,121.25,0.00,9.911,14.60,8.695,269.52,19.99,20.04,0,2,145.54,6/11/2025,Good,8.016,0.0025,3.006,0.00095,18.04,2.004,0.020,4.008,0.0013,2.004,0.00064,19.41,0.789,0.00,0.00,0.00,0.00,0.00,0.00,0.00,0.00,0.00,0.00,0.00,0.00,0.041
-93.76596182,42.02272346,90,TaskName 6/11/2025 (GreenStar 4 Monitor),Laudis/Warrant/AgSaver/Tough,166,6/11/2025,0.995,On,1106.1,121.25,0.00,9.985,14.57,8.245,270.68,19.99,19.94,0,2,146.77,6/11/2025,Good,7.977,0.0025,2.991,0.00095,17.95,1.994,0.020,3.988,0.0013,1.994,0.00063,19.31,0.783,0.00,0.00,0.00,0.00,0.00,0.00,0.00,0.00,0.00,0.00,0.00,0.00,0.041
-93.76601563,42.02272396,90,TaskName 6/11/2025 (GreenStar 4 Monitor),Laudis/Warrant/AgSaver/Tough,167,6/11/2025,1.004,On,1106.6,121.25,0.00,9.971,14.70,8.781,270.12,19.99,20.01,0,2,146.70,6/11/2025,Good,8.005,0.0026,3.002,0.00096,18.01,2.001,0.020,4.003,0.0013,2.001,0.00064,19.38,0.793,0.00,0.00,0.00,0.00,0.00,0.00,0.00,0.00,0.00,0.00,0.00,0.00,0.041
-93.76606969,42.02272443,90,TaskName 6/11/2025 (GreenStar 4 Monitor),Laudis/Warrant/AgSaver/Tough,168,6/11/2025,1.001,On,1107.0,121.25,0.00,9.982,14.64,8.691,269.34,19.99,19.98,0,2,146.58,6/11/2025,Good,7.991,0.0025,2.997,0.00095,17.98,1.998,0.020,3.995,0.0013,1.998,0.00064,19.35,0.789,0.00,0.00,0.00,0.00,0.00,0.00,0.00,0.00,0.00,0.00,0.00,0.00,0.041
-93.76612349,42.02272382,90,TaskName 6/11/2025 (GreenStar 4 Monitor),Laudis/Warrant/AgSaver/Tough,169,6/11/2025,0.994,On,1107.4,121.25,0.00,10.01,14.60,8.588,270.12,19.99,19.96,0,2,147.21,6/11/2025,Good,7.985,0.0025,2.994,0.00095,17.97,1.996,0.020,3.992,0.0013,1.996,0.00063,19.33,0.786,0.00,0.00,0.00,0.00,0.00,0.00,0.00,0.00,0.00,0.00,0.00,0.00,0.041
-93.76617710,42.02272346,90,TaskName 6/11/2025 (GreenStar 4 Monitor),Laudis/Warrant/AgSaver/Tough,170,6/11/2025,1.006,On,1107.9,121.25,0.00,9.941,14.66,8.979,270.05,19.99,20.00,0,2,145.98,6/11/2025,Good,8.000,0.0025,3.000,0.00096,18.00,2.000,0.020,4.000,0.0013,2.000,0.00064,19.37,0.790,0.00,0.00,0.00,0.00,0.00,0.00,0.00,0.00,0.00,0.00,0.00,0.00,0.041
-93.76623069,42.02272355,90,TaskName 6/11/2025 (GreenStar 4 Monitor),Laudis/Warrant/AgSaver/Tough,171,6/11/2025,0.995,On,1108.4,121.25,0.00,9.928,14.50,9.387,269.03,19.99,19.97,0,2,146.08,6/11/2025,Good,7.990,0.0025,2.996,0.00095,17.98,1.997,0.020,3.995,0.0013,1.997,0.00063,19.34,0.781,0.00,0.00,0.00,0.00,0.00,0.00,0.00,0.00,0.00,0.00,0.00,0.00,0.040
-93.76628435,42.02272243,90,TaskName 6/11/2025 (GreenStar 4 Monitor),Laudis/Warrant/AgSaver/Tough,172,6/11/2025,1.004,On,1109.0,121.25,0.00,9.967,14.67,9.140,270.52,19.99,20.00,0,2,146.44,6/11/2025,Good,8.001,0.0026,3.001,0.00096,18.00,2.000,0.020,4.001,0.0013,2.000,0.00064,19.37,0.791,0.00,0.00,0.00,0.00,0.00,0.00,0.00,0.00,0.00,0.00,0.00,0.00,0.041
-93.76633758,42.02272227,90,TaskName 6/11/2025 (GreenStar 4 Monitor),Laudis/Warrant/AgSaver/Tough,173,6/11/2025,0.996,On,1109.6,121.25,0.00,9.885,14.42,9.753,270.42,19.99,19.96,0,2,145.11,6/11/2025,Good,7.985,0.0025,2.994,0.00094,17.97,1.996,0.020,3.993,0.0013,1.996,0.00063,19.33,0.776,0.00,0.00,0.00,0.00,0.00,0.00,0.00,0.00,0.00,0.00,0.00,0.00,0.040
-93.76638746,42.02272300,90,TaskName 6/11/2025 (GreenStar 4 Monitor),Laudis/Warrant/AgSaver/Tough,174,6/11/2025,1.005,On,1110.0,121.25,0.00,9.707,14.31,5.918,267.90,19.99,19.72,0,2,142.73,6/11/2025,Good,7.889,0.0025,2.958,0.00092,17.75,1.972,0.020,3.945,0.0012,1.972,0.00061,19.10,0.761,0.00,0.00,0.00,0.00,0.00,0.00,0.00,0.00,0.00,0.00,0.00,0.00,0.040
-93.76643196,42.02272160,90,TaskName 6/11/2025 (GreenStar 4 Monitor),Laudis/Warrant/AgSaver/Tough,175,6/11/2025,0.994,On,1110.5,121.25,0.00,8.621,12.55,8.829,268.99,19.99,20.23,0,2,126.55,6/11/2025,Good,8.091,0.0022,3.034,0.00083,18.20,2.023,0.018,4.046,0.0011,2.023,0.00055,19.59,0.685,0.00,0.00,0.00,0.00,0.00,0.00,0.00,0.00,0.00,0.00,0.00,0.00,0.035
-93.76647858,42.02272083,90,TaskName 6/11/2025 (GreenStar 4 Monitor),Laudis/Warrant/AgSaver/Tough,176,6/11/2025,1.006,On,1111.0,121.25,0.00,8.427,12.43,10.69,269.13,19.99,20.27,0,2,123.80,6/11/2025,Good,8.108,0.0022,3.040,0.00082,18.24,2.027,0.018,4.054,0.0011,2.027,0.00055,19.63,0.679,0.00,0.00,0.00,0.00,0.00,0.00,0.00,0.00,0.00,0.00,0.00,0.00,0.035
-93.76653059,42.02272022,90,TaskName 6/11/2025 (GreenStar 4 Monitor),Laudis/Warrant/AgSaver/Tough,177,6/11/2025,0.994,On,1111.2,121.25,0.00,9.117,13.27,11.97,268.43,19.99,20.13,0,2,133.83,6/11/2025,Good,8.052,0.0023,3.019,0.00087,18.12,2.013,0.019,4.026,0.0012,2.013,0.00058,19.50,0.720,0.00,0.00,0.00,0.00,0.00,0.00,0.00,0.00,0.00,0.00,0.00,0.00,0.037
-93.76658363,42.02271949,90,TaskName 6/11/2025 (GreenStar 4 Monitor),Laudis/Warrant/AgSaver/Tough,178,6/11/2025,1.001,On,1111.5,121.25,0.00,9.835,14.44,8.400,269.55,19.99,19.82,0,2,144.55,6/11/2025,Good,7.929,0.0025,2.973,0.00093,17.84,1.982,0.020,3.964,0.0012,1.982,0.00062,19.20,0.772,0.00,0.00,0.00,0.00,0.00,0.00,0.00,0.00,0.00,0.00,0.00,0.00,0.040
-93.76663616,42.02271923,90,TaskName 6/11/2025 (GreenStar 4 Monitor),Laudis/Warrant/AgSaver/Tough,179,6/11/2025,0.995,On,1111.6,121.25,0.00,9.729,14.20,7.723,269.67,19.99,19.84,0,2,142.98,6/11/2025,Good,7.935,0.0024,2.976,0.00092,17.85,1.984,0.020,3.968,0.0012,1.984,0.00061,19.21,0.759,0.00,0.00,0.00,0.00,0.00,0.00,0.00,0.00,0.00,0.00,0.00,0.00,0.040
-93.76668563,42.02271908,90,TaskName 6/11/2025 (GreenStar 4 Monitor),Laudis/Warrant/AgSaver/Tough,180,6/11/2025,1.005,On,1111.5,121.25,0.00,9.515,14.00,5.815,270.09,19.99,19.88,0,2,139.59,6/11/2025,Good,7.953,0.0024,2.983,0.00091,17.90,1.988,0.019,3.977,0.0012,1.988,0.00061,19.26,0.750,0.00,0.00,0.00,0.00,0.00,0.00,0.00,0.00,0.00,0.00,0.00,0.00,0.039
-93.76673455,42.02271884,90,TaskName 6/11/2025 (GreenStar 4 Monitor),Laudis/Warrant/AgSaver/Tough,181,6/11/2025,1.000,On,1111.4,121.25,0.00,9.047,13.27,7.213,270.89,19.99,20.07,0,2,132.92,6/11/2025,Good,8.028,0.0023,3.011,0.00087,18.06,2.007,0.019,4.014,0.0012,2.007,0.00058,19.44,0.718,0.00,0.00,0.00,0.00,0.00,0.00,0.00,0.00,0.00,0.00,0.00,0.00,0.037
-93.76678308,42.02272014,90,TaskName 6/11/2025 (GreenStar 4 Monitor),Laudis/Warrant/AgSaver/Tough,182,6/11/2025,0.999,On,1111.3,121.25,0.00,9.095,13.33,5.433,269.72,19.99,19.96,0,2,133.75,6/11/2025,Good,7.985,0.0023,2.994,0.00087,17.97,1.996,0.019,3.992,0.0012,1.996,0.00058,19.33,0.718,0.00,0.00,0.00,0.00,0.00,0.00,0.00,0.00,0.00,0.00,0.00,0.00,0.037
-93.76682945,42.02272110,90,TaskName 6/11/2025 (GreenStar 4 Monitor),Laudis/Warrant/AgSaver/Tough,183,6/11/2025,0.996,On,1111.2,121.25,0.00,8.834,12.90,3.821,269.18,19.99,20.06,0,2,129.76,6/11/2025,Good,8.023,0.0023,3.009,0.00084,18.05,2.006,0.018,4.012,0.0011,2.006,0.00056,19.43,0.697,0.00,0.00,0.00,0.00,0.00,0.00,0.00,0.00,0.00,0.00,0.00,0.00,0.036
-93.76686961,42.02272071,90,TaskName 6/11/2025 (GreenStar 4 Monitor),Laudis/Warrant/AgSaver/Tough,184,6/11/2025,1.005,On,1111.3,121.25,0.00,8.017,11.79,4.273,270.04,19.99,20.14,0,2,117.58,6/11/2025,Good,8.057,0.0021,3.021,0.00077,18.13,2.014,0.017,4.028,0.0010,2.014,0.00052,19.51,0.640,0.00,0.00,0.00,0.00,0.00,0.00,0.00,0.00,0.00,0.00,0.00,0.00,0.033
-93.76690724,42.02272104,90,TaskName 6/11/2025 (GreenStar 4 Monitor),Laudis/Warrant/AgSaver/Tough,185,6/11/2025,0.995,On,1111.8,121.25,0.00,7.180,10.47,5.009,270.12,19.99,20.26,0,2,105.47,6/11/2025,Good,8.106,0.0018,3.040,0.00069,18.24,2.026,0.015,4.053,0.00092,2.026,0.00046,19.63,0.572,0.00,0.00,0.00,0.00,0.00,0.00,0.00,0.00,0.00,0.00,0.00,0.00,0.029
-93.76692896,42.02272122,90,TaskName 6/11/2025 (GreenStar 4 Monitor),Laudis/Warrant/AgSaver/Tough,186,6/11/2025,0.600,On,1111.7,121.25,0.00,6.918,6.085,4.818,270.00,19.99,20.31,0,2,101.63,6/11/2025,Good,8.124,0.0011,3.047,0.00040,18.28,2.031,0.0086,4.062,0.00054,2.031,0.00027,19.67,0.333,0.00,0.00,0.00,0.00,0.00,0.00,0.00,0.00,0.00,0.00,0.00,0.00,0.017
-93.76694234,42.02272139,90,TaskName 6/11/2025 (GreenStar 4 Monitor),Laudis/Warrant/AgSaver/Tough,187,6/11/2025,0.404,On,1111.7,120.00,-0.625,6.705,3.971,3.811,269.93,19.99,20.24,0,2,97.49,6/11/2025,Good,8.097,0.00069,3.036,0.00026,18.22,2.024,0.0055,4.048,0.00035,2.024,0.00017,19.60,0.214,0.00,0.00,0.00,0.00,0.00,0.00,0.00,0.00,0.00,0.00,0.00,0.00,0.011
-93.76694801,42.02272135,90,TaskName 6/11/2025 (GreenStar 4 Monitor),Laudis/Warrant/AgSaver/Tough,188,6/11/2025,0.200,On,1111.6,118.75,-1.250,6.409,1.881,4.828,270.04,19.99,20.23,0,2,92.29,6/11/2025,Good,8.091,0.00032,3.034,0.00012,18.20,2.023,0.0026,4.045,0.00016,2.023,8.102e-05,19.59,0.100,0.00,0.00,0.00,0.00,0.00,0.00,0.00,0.00,0.00,0.00,0.00,0.00,0.0051
-93.76695395,42.02272131,90,TaskName 6/11/2025 (GreenStar 4 Monitor),Laudis/Warrant/AgSaver/Tough,189,6/11/2025,0.201,On,1111.6,117.50,-1.875,6.015,1.763,4.194,270.20,19.99,20.22,0,2,85.15,6/11/2025,Good,8.086,0.00030,3.032,0.00011,18.19,2.022,0.0024,4.043,0.00015,2.022,7.509e-05,19.58,0.093,0.00,0.00,0.00,0.00,0.00,0.00,0.00,0.00,0.00,0.00,0.00,0.00,0.0048
-93.76696011,42.02272120,90,TaskName 6/11/2025 (GreenStar 4 Monitor),Laudis/Warrant/AgSaver/Tough,190,6/11/2025,0.200,On,1111.6,85.00,10.62,5.780,1.704,2.939,270.26,19.99,20.12,0,2,59.83,6/11/2025,Good,8.048,0.00021,3.018,7.838e-05,18.11,2.012,0.0017,4.024,0.00010,2.012,5.225e-05,19.49,0.065,0.00,0.00,0.00,0.00,0.00,0.00,0.00,0.00,0.00,0.00,0.00,0.00,0.0033
-93.76674440,42.02256269,90,TaskName 6/11/2025 (GreenStar 4 Monitor),Laudis/Warrant/AgSaver/Tough,191,6/11/2025,0.200,On,1109.5,32.50,41.73,10.05,2.931,5.336,178.70,19.99,17.47,0,3,39.36,6/11/2025,Good,6.987,0.00012,2.620,4.477e-05,15.72,1.747,0.00096,3.494,5.969e-05,1.747,2.985e-05,16.92,0.037,0.00,0.00,0.00,0.00,0.00,0.00,0.00,0.00,0.00,0.00,0.00,0.00,0.0022
-93.76674316,42.02252274,90,TaskName 6/11/2025 (GreenStar 4 Monitor),Laudis/Warrant/AgSaver/Tough,192,6/11/2025,1.000,On,1109.2,118.75,-1.250,10.05,14.75,6.097,179.33,19.99,18.70,0,3,144.76,6/11/2025,Good,7.479,0.0023,2.805,0.00088,16.83,1.870,0.019,3.740,0.0012,1.870,0.00059,18.11,0.728,0.00,0.00,0.00,0.00,0.00,0.00,0.00,0.00,0.00,0.00,0.00,0.00,0.040
-93.76674284,42.02248277,90,TaskName 6/11/2025 (GreenStar 4 Monitor),Laudis/Warrant/AgSaver/Tough,193,6/11/2025,0.999,On,1108.9,118.75,-1.250,9.954,14.58,6.530,178.95,19.99,19.01,0,3,143.26,6/11/2025,Good,7.606,0.0024,2.852,0.00089,17.11,1.901,0.019,3.803,0.0012,1.901,0.00059,18.42,0.732,0.00,0.00,0.00,0.00,0.00,0.00,0.00,0.00,0.00,0.00,0.00,0.00,0.040
-93.76674243,42.02244274,90,TaskName 6/11/2025 (GreenStar 4 Monitor),Laudis/Warrant/AgSaver/Tough,194,6/11/2025,1.000,On,1108.7,118.75,-1.250,9.912,14.54,6.422,178.54,19.99,19.34,0,3,142.67,6/11/2025,Good,7.734,0.0024,2.900,0.00090,17.40,1.934,0.019,3.867,0.0012,1.934,0.00060,18.73,0.742,0.00,0.00,0.00,0.00,0.00,0.00,0.00,0.00,0.00,0.00,0.00,0.00,0.040
-93.76674138,42.02240312,90,TaskName 6/11/2025 (GreenStar 4 Monitor),Laudis/Warrant/AgSaver/Tough,195,6/11/2025,1.000,On,1108.5,118.75,-1.250,9.902,14.52,5.824,178.62,19.99,19.49,0,3,142.54,6/11/2025,Good,7.797,0.0024,2.924,0.00090,17.54,1.949,0.019,3.899,0.0012,1.949,0.00060,18.88,0.748,0.00,0.00,0.00,0.00,0.00,0.00,0.00,0.00,0.00,0.00,0.00,0.00,0.040
-93.76674064,42.02236453,90,TaskName 6/11/2025 (GreenStar 4 Monitor),Laudis/Warrant/AgSaver/Tough,196,6/11/2025,1.001,On,1108.5,118.75,-1.250,9.647,14.16,5.895,178.94,19.99,19.70,0,3,138.80,6/11/2025,Good,7.880,0.0024,2.955,0.00089,17.73,1.970,0.019,3.940,0.0012,1.970,0.00059,19.08,0.736,0.00,0.00,0.00,0.00,0.00,0.00,0.00,0.00,0.00,0.00,0.00,0.00,0.039
-93.76674010,42.02232928,90,TaskName 6/11/2025 (GreenStar 4 Monitor),Laudis/Warrant/AgSaver/Tough,197,6/11/2025,1.000,On,1108.1,118.75,-1.250,9.240,13.53,3.937,179.46,19.99,19.80,0,3,132.82,6/11/2025,Good,7.921,0.0023,2.970,0.00086,17.82,1.980,0.018,3.961,0.0011,1.980,0.00057,19.18,0.708,0.00,0.00,0.00,0.00,0.00,0.00,0.00,0.00,0.00,0.00,0.00,0.00,0.037
-93.76674013,42.02229482,90,TaskName 6/11/2025 (GreenStar 4 Monitor),Laudis/Warrant/AgSaver/Tough,198,6/11/2025,1.000,On,1107.7,118.75,-1.250,8.722,12.79,4.583,179.67,19.99,20.00,0,3,125.54,6/11/2025,Good,7.999,0.0022,2.999,0.00082,18.00,2.000,0.017,3.999,0.0011,2.000,0.00054,19.37,0.675,0.00,0.00,0.00,0.00,0.00,0.00,0.00,0.00,0.00,0.00,0.00,0.00,0.035
-93.76674033,42.02226285,90,TaskName 6/11/2025 (GreenStar 4 Monitor),Laudis/Warrant/AgSaver/Tough,199,6/11/2025,1.000,On,1107.6,117.50,-1.875,8.290,12.16,3.964,179.06,19.99,20.03,0,3,118.04,6/11/2025,Good,8.012,0.0021,3.004,0.00077,18.03,2.003,0.016,4.006,0.0010,2.003,0.00051,19.40,0.636,0.00,0.00,0.00,0.00,0.00,0.00,0.00,0.00,0.00,0.00,0.00,0.00,0.033
-93.76674028,42.02224501,90,TaskName 6/11/2025 (GreenStar 4 Monitor),Laudis/Warrant/AgSaver/Tough,200,6/11/2025,0.600,On,1107.5,116.25,-2.500,7.677,6.753,5.658,178.85,19.99,20.21,0,3,108.13,6/11/2025,Good,8.085,0.0011,3.032,0.00043,18.19,2.021,0.0091,4.042,0.00057,2.021,0.00028,19.58,0.353,0.00,0.00,0.00,0.00,0.00,0.00,0.00,0.00,0.00,0.00,0.00,0.00,0.018
-93.76674031,42.02223895,90,TaskName 6/11/2025 (GreenStar 4 Monitor),Laudis/Warrant/AgSaver/Tough,201,6/11/2025,0.200,On,1107.5,115.00,-3.125,7.469,2.190,5.323,178.73,19.99,20.28,0,3,104.05,6/11/2025,Good,8.112,0.00037,3.042,0.00014,18.25,2.028,0.0029,4.056,0.00018,2.028,9.159e-05,19.64,0.114,0.00,0.00,0.00,0.00,0.00,0.00,0.00,0.00,0.00,0.00,0.00,0.00,0.0058
-93.76674019,42.02223315,90,TaskName 6/11/2025 (GreenStar 4 Monitor),Laudis/Warrant/AgSaver/Tough,202,6/11/2025,0.200,On,1107.4,112.50,-4.375,7.487,2.196,5.171,178.68,19.99,20.32,0,3,102.10,6/11/2025,Good,8.129,0.00036,3.048,0.00014,18.29,2.032,0.0029,4.065,0.00018,2.032,9.006e-05,19.68,0.112,0.00,0.00,0.00,0.00,0.00,0.00,0.00,0.00,0.00,0.00,0.00,0.00,0.0057
-93.76673998,42.02222755,90,TaskName 6/11/2025 (GreenStar 4 Monitor),Laudis/Warrant/AgSaver/Tough,203,6/11/2025,0.200,On,1107.4,111.25,-5.000,7.409,2.173,5.237,178.68,19.99,20.21,0,3,99.91,6/11/2025,Good,8.082,0.00035,3.031,0.00013,18.18,2.021,0.0028,4.041,0.00018,2.021,8.761e-05,19.57,0.109,0.00,0.00,0.00,0.00,0.00,0.00,0.00,0.00,0.00,0.00,0.00,0.00,0.0056
-93.76673993,42.02222208,90,TaskName 6/11/2025 (GreenStar 4 Monitor),Laudis/Warrant/AgSaver/Tough,204,6/11/2025,0.200,On,1107.4,107.50,-6.875,7.257,2.117,4.015,178.58,19.99,20.18,0,3,94.06,6/11/2025,Good,8.074,0.00033,3.028,0.00012,18.17,2.018,0.0026,4.037,0.00016,2.018,8.240e-05,19.55,0.102,0.00,0.00,0.00,0.00,0.00,0.00,0.00,0.00,0.00,0.00,0.00,0.00,0.0052
-93.76673988,42.02221666,90,TaskName 6/11/2025 (GreenStar 4 Monitor),Laudis/Warrant/AgSaver/Tough,205,6/11/2025,0.200,On,1107.3,102.50,-9.375,7.087,2.078,3.362,178.60,19.99,20.30,0,3,88.02,6/11/2025,Good,8.121,0.00031,3.045,0.00012,18.27,2.030,0.0025,4.060,0.00016,2.030,7.756e-05,19.66,0.096,0.00,0.00,0.00,0.00,0.00,0.00,0.00,0.00,0.00,0.00,0.00,0.00,0.0049
-93.76673948,42.02221159,90,TaskName 6/11/2025 (GreenStar 4 Monitor),Laudis/Warrant/AgSaver/Tough,206,6/11/2025,0.200,On,1107.1,96.25,-12.50,6.943,2.045,2.906,178.78,19.99,20.38,0,3,81.35,6/11/2025,Good,8.151,0.00029,3.056,0.00011,18.34,2.038,0.0023,4.075,0.00014,2.038,7.194e-05,19.73,0.089,0.00,0.00,0.00,0.00,0.00,0.00,0.00,0.00,0.00,0.00,0.00,0.00,0.0045
-93.76673920,42.02220689,90,TaskName 6/11/2025 (GreenStar 4 Monitor),Laudis/Warrant/AgSaver/Tough,207,6/11/2025,0.199,On,1106.9,52.50,-34.37,6.735,1.967,3.487,178.88,19.99,20.34,0,3,42.88,6/11/2025,Good,8.138,0.00015,3.052,5.651e-05,18.31,2.034,0.0012,4.069,7.534e-05,2.034,3.767e-05,19.70,0.047,0.00,0.00,0.00,0.00,0.00,0.00,0.00,0.00,0.00,0.00,0.00,0.00,0.0024
-93.76677093,42.02230737,90,TaskName 6/11/2025 (GreenStar 4 Monitor),Laudis/Warrant/AgSaver/Tough,208,6/11/2025,1.001,On,1108.3,7.500,56.87,6.913,10.01,11.08,87.65,19.99,20.30,0,4,6.198,6/11/2025,Good,8.122,0.00011,3.046,4.101e-05,18.27,2.030,0.00087,4.061,5.467e-05,2.030,2.734e-05,19.66,0.034,0.00,0.00,0.00,0.00,0.00,0.00,0.00,0.00,0.00,0.00,0.00,0.00,0.0017
-93.76673048,42.02230798,90,TaskName 6/11/2025 (GreenStar 4 Monitor),Laudis/Warrant/AgSaver/Tough,209,6/11/2025,0.800,On,1108.0,7.500,56.87,8.815,10.32,6.829,87.42,19.99,20.16,0,4,7.994,6/11/2025,Good,8.064,0.00011,3.024,4.197e-05,18.14,2.016,0.00090,4.032,5.596e-05,2.016,2.798e-05,19.53,0.035,0.00,0.00,0.00,0.00,0.00,0.00,0.00,0.00,0.00,0.00,0.00,0.00,0.0018
-93.76668044,42.02230945,90,TaskName 6/11/2025 (GreenStar 4 Monitor),Laudis/Warrant/AgSaver/Tough,210,6/11/2025,1.000,On,1107.9,6.250,57.50,9.293,13.64,5.774,89.03,19.99,20.06,0,4,7.044,6/11/2025,Good,8.026,0.00012,3.010,4.601e-05,18.06,2.006,0.00098,4.013,6.134e-05,2.006,3.067e-05,19.43,0.038,0.00,0.00,0.00,0.00,0.00,0.00,0.00,0.00,0.00,0.00,0.00,0.00,0.0020
-93.76663026,42.02231015,90,TaskName 6/11/2025 (GreenStar 4 Monitor),Laudis/Warrant/AgSaver/Tough,211,6/11/2025,1.000,On,1107.7,6.250,57.50,9.189,13.47,8.273,90.20,19.99,20.08,0,4,6.960,6/11/2025,Good,8.033,0.00012,3.012,4.549e-05,18.07,2.008,0.00097,4.016,6.066e-05,2.008,3.033e-05,19.45,0.038,0.00,0.00,0.00,0.00,0.00,0.00,0.00,0.00,0.00,0.00,0.00,0.00,0.0019
-93.76660943,42.02231023,90,TaskName 6/11/2025 (GreenStar 4 Monitor),Laudis/Warrant/AgSaver/Tough,212,6/11/2025,0.400,On,1107.6,6.250,57.50,9.383,5.503,8.355,90.44,19.99,20.09,0,4,7.106,6/11/2025,Good,8.034,4.956e-05,3.013,1.858e-05,18.08,2.009,0.00040,4.017,2.478e-05,2.009,1.239e-05,19.45,0.015,0.00,0.00,0.00,0.00,0.00,0.00,0.00,0.00,0.00,0.00,0.00,0.00,0.00079
-93.76655603,42.02230976,90,TaskName 6/11/2025 (GreenStar 4 Monitor),Laudis/Warrant/AgSaver/Tough,213,6/11/2025,1.000,On,1107.4,5.000,58.12,9.744,14.28,7.305,88.84,19.99,19.62,0,4,5.903,6/11/2025,Good,7.849,0.00010,2.943,3.770e-05,17.66,1.962,0.00080,3.924,5.027e-05,1.962,2.513e-05,19.00,0.031,0.00,0.00,0.00,0.00,0.00,0.00,0.00,0.00,0.00,0.00,0.00,0.00,0.0016
-93.76653471,42.02230943,90,TaskName 6/11/2025 (GreenStar 4 Monitor),Laudis/Warrant/AgSaver/Tough,214,6/11/2025,0.405,On,1107.4,5.000,58.12,9.894,5.874,7.221,88.15,19.99,19.69,0,4,5.993,6/11/2025,Good,7.874,4.148e-05,2.953,1.555e-05,17.72,1.969,0.00033,3.937,2.074e-05,1.969,1.037e-05,19.07,0.013,0.00,0.00,0.00,0.00,0.00,0.00,0.00,0.00,0.00,0.00,0.00,0.00,0.00067
-93.76652404,42.02230948,90,TaskName 6/11/2025 (GreenStar 4 Monitor),Laudis/Warrant/AgSaver/Tough,215,6/11/2025,0.195,On,1107.3,88.75,-0.757,9.883,2.825,7.245,88.02,19.99,17.21,0,4,106.27,6/11/2025,Good,6.885,0.00031,2.582,0.00012,15.49,1.721,0.0025,3.442,0.00015,1.721,7.741e-05,16.67,0.096,0.00,0.00,0.00,0.00,0.00,0.00,0.00,0.00,0.00,0.00,0.00,0.00,0.0058
-93.76647049,42.02231072,90,TaskName 6/11/2025 (GreenStar 4 Monitor),Laudis/Warrant/AgSaver/Tough,216,6/11/2025,1.004,On,1107.1,103.75,-7.906,9.887,14.55,7.303,89.36,19.99,19.51,0,4,124.29,6/11/2025,Good,7.804,0.0021,2.927,0.00079,17.56,1.951,0.017,3.902,0.0011,1.951,0.00053,18.90,0.655,0.00,0.00,0.00,0.00,0.00,0.00,0.00,0.00,0.00,0.00,0.00,0.00,0.035
-93.76643809,42.02231115,90,TaskName 6/11/2025 (GreenStar 4 Monitor),Laudis/Warrant/AgSaver/Tough,217,6/11/2025,0.596,On,1106.9,103.75,-7.906,9.960,8.706,6.968,89.51,19.99,19.61,0,4,125.24,6/11/2025,Good,7.844,0.0013,2.942,0.00048,17.65,1.961,0.010,3.922,0.00064,1.961,0.00032,18.99,0.394,0.00,0.00,0.00,0.00,0.00,0.00,0.00,0.00,0.00,0.00,0.00,0.00,0.021
-93.76638400,42.02231109,90,TaskName 6/11/2025 (GreenStar 4 Monitor),Laudis/Warrant/AgSaver/Tough,218,6/11/2025,1.000,On,1106.7,102.50,-8.689,10.02,14.68,6.711,88.33,19.99,19.66,0,4,124.39,6/11/2025,Good,7.864,0.0021,2.949,0.00080,17.69,1.966,0.017,3.932,0.0011,1.966,0.00053,19.04,0.658,0.00,0.00,0.00,0.00,0.00,0.00,0.00,0.00,0.00,0.00,0.00,0.00,0.035
-93.76632964,42.02231229,90,TaskName 6/11/2025 (GreenStar 4 Monitor),Laudis/Warrant/AgSaver/Tough,219,6/11/2025,1.000,On,1106.4,102.50,-8.689,10.04,14.73,6.743,88.46,19.99,19.80,0,4,124.75,6/11/2025,Good,7.921,0.0021,2.971,0.00080,17.82,1.980,0.017,3.961,0.0011,1.980,0.00054,19.18,0.665,0.00,0.00,0.00,0.00,0.00,0.00,0.00,0.00,0.00,0.00,0.00,0.00,0.035
-93.76630792,42.02231291,90,TaskName 6/11/2025 (GreenStar 4 Monitor),Laudis/Warrant/AgSaver/Tough,220,6/11/2025,0.400,On,1106.3,102.50,-8.689,10.06,5.903,6.525,88.79,19.99,19.85,0,4,125.02,6/11/2025,Good,7.939,0.00086,2.977,0.00032,17.86,1.985,0.0069,3.969,0.00043,1.985,0.00022,19.22,0.267,0.00,0.00,0.00,0.00,0.00,0.00,0.00,0.00,0.00,0.00,0.00,0.00,0.014
-93.76625384,42.02231373,90,TaskName 6/11/2025 (GreenStar 4 Monitor),Laudis/Warrant/AgSaver/Tough,221,6/11/2025,1.000,On,1106.1,101.25,-9.506,10.06,14.75,7.381,89.11,19.99,19.90,0,4,123.40,6/11/2025,Good,7.959,0.0021,2.985,0.00080,17.91,1.990,0.017,3.980,0.0011,1.990,0.00053,19.27,0.661,0.00,0.00,0.00,0.00,0.00,0.00,0.00,0.00,0.00,0.00,0.00,0.00,0.034
-93.76619946,42.02231429,90,TaskName 6/11/2025 (GreenStar 4 Monitor),Laudis/Warrant/AgSaver/Tough,222,6/11/2025,0.999,On,1105.8,101.25,-9.506,10.06,14.73,7.046,89.30,19.99,19.87,0,4,123.41,6/11/2025,Good,7.948,0.0021,2.980,0.00080,17.88,1.987,0.017,3.974,0.0011,1.987,0.00053,19.24,0.659,0.00,0.00,0.00,0.00,0.00,0.00,0.00,0.00,0.00,0.00,0.00,0.00,0.034
-93.76617755,42.02231448,90,TaskName 6/11/2025 (GreenStar 4 Monitor),Laudis/Warrant/AgSaver/Tough,223,6/11/2025,0.401,On,1105.7,101.25,-9.506,10.07,5.906,6.740,89.24,19.99,19.98,0,4,123.23,6/11/2025,Good,7.990,0.00086,2.996,0.00032,17.98,1.998,0.0069,3.995,0.00043,1.998,0.00021,19.35,0.266,0.00,0.00,0.00,0.00,0.00,0.00,0.00,0.00,0.00,0.00,0.00,0.00,0.014
-93.76612314,42.02231471,90,TaskName 6/11/2025 (GreenStar 4 Monitor),Laudis/Warrant/AgSaver/Tough,224,6/11/2025,1.000,On,1105.4,100.00,-10.36,10.11,14.82,7.339,89.30,19.99,19.94,0,4,122.45,6/11/2025,Good,7.978,0.0021,2.992,0.00079,17.95,1.994,0.017,3.989,0.0011,1.994,0.00053,19.32,0.657,0.00,0.00,0.00,0.00,0.00,0.00,0.00,0.00,0.00,0.00,0.00,0.00,0.034
-93.76606862,42.02231551,90,TaskName 6/11/2025 (GreenStar 4 Monitor),Laudis/Warrant/AgSaver/Tough,225,6/11/2025,1.000,On,1105.1,100.00,-10.36,10.08,14.78,7.021,89.91,19.99,19.94,0,4,122.18,6/11/2025,Good,7.978,0.0021,2.992,0.00079,17.95,1.994,0.017,3.989,0.0011,1.994,0.00053,19.32,0.656,0.00,0.00,0.00,0.00,0.00,0.00,0.00,0.00,0.00,0.00,0.00,0.00,0.034
-93.76601415,42.02231498,90,TaskName 6/11/2025 (GreenStar 4 Monitor),Laudis/Warrant/AgSaver/Tough,226,6/11/2025,0.995,On,1104.7,100.00,-10.36,10.10,14.75,7.110,88.72,19.99,19.98,0,4,122.49,6/11/2025,Good,7.993,0.0021,2.997,0.00079,17.98,1.998,0.017,3.996,0.0011,1.998,0.00053,19.35,0.655,0.00,0.00,0.00,0.00,0.00,0.00,0.00,0.00,0.00,0.00,0.00,0.00,0.034
-93.76598113,42.02231519,90,TaskName 6/11/2025 (GreenStar 4 Monitor),Laudis/Warrant/AgSaver/Tough,227,6/11/2025,0.605,On,1104.4,100.00,-10.36,10.16,8.993,6.487,88.84,19.99,19.92,0,4,122.84,6/11/2025,Good,7.968,0.0013,2.988,0.00048,17.93,1.992,0.010,3.984,0.00064,1.992,0.00032,19.29,0.398,0.00,0.00,0.00,0.00,0.00,0.00,0.00,0.00,0.00,0.00,0.00,0.00,0.021
-93.76597015,42.02231541,90,TaskName 6/11/2025 (GreenStar 4 Monitor),Laudis/Warrant/AgSaver/Tough,228,6/11/2025,0.200,On,1104.4,98.75,-10.96,10.17,2.995,6.505,89.03,19.99,20.03,0,4,122.23,6/11/2025,Good,8.014,0.00043,3.005,0.00016,18.03,2.003,0.0034,4.007,0.00021,2.003,0.00011,19.40,0.132,0.00,0.00,0.00,0.00,0.00,0.00,0.00,0.00,0.00,0.00,0.00,0.00,0.0068
-93.76591553,42.02231625,90,TaskName 6/11/2025 (GreenStar 4 Monitor),Laudis/Warrant/AgSaver/Tough,229,6/11/2025,1.000,On,1104.0,100.00,-10.09,10.15,14.87,6.713,89.75,19.99,19.88,0,4,122.85,6/11/2025,Good,7.950,0.0021,2.981,0.00079,17.89,1.988,0.017,3.975,0.0011,1.988,0.00053,19.25,0.657,0.00,0.00,0.00,0.00,0.00,0.00,0.00,0.00,0.00,0.00,0.00,0.00,0.034
-93.76586092,42.02231611,90,TaskName 6/11/2025 (GreenStar 4 Monitor),Laudis/Warrant/AgSaver/Tough,230,6/11/2025,1.000,On,1103.5,100.00,-10.09,10.09,14.80,7.231,88.85,19.99,20.02,0,4,122.34,6/11/2025,Good,8.006,0.0021,3.002,0.00080,18.01,2.002,0.017,4.003,0.0011,2.002,0.00053,19.38,0.659,0.00,0.00,0.00,0.00,0.00,0.00,0.00,0.00,0.00,0.00,0.00,0.00,0.034
-93.76584995,42.02231610,90,TaskName 6/11/2025 (GreenStar 4 Monitor),Laudis/Warrant/AgSaver/Tough,231,6/11/2025,0.200,On,1103.5,100.00,-10.09,10.14,2.959,6.591,88.68,19.99,19.83,0,4,122.29,6/11/2025,Good,7.933,0.00042,2.975,0.00016,17.85,1.983,0.0034,3.966,0.00021,1.983,0.00011,19.21,0.130,0.00,0.00,0.00,0.00,0.00,0.00,0.00,0.00,0.00,0.00,0.00,0.00,0.0068
-93.76583882,42.02231627,90,TaskName 6/11/2025 (GreenStar 4 Monitor),Laudis/Warrant/AgSaver/Tough,232,6/11/2025,0.200,On,1103.4,101.25,-9.259,10.16,2.979,6.116,88.81,19.99,19.83,0,4,124.64,6/11/2025,Good,7.933,0.00043,2.975,0.00016,17.85,1.983,0.0034,3.966,0.00021,1.983,0.00011,19.21,0.133,0.00,0.00,0.00,0.00,0.00,0.00,0.00,0.00,0.00,0.00,0.00,0.00,0.0069
-93.76582789,42.02231643,90,TaskName 6/11/2025 (GreenStar 4 Monitor),Laudis/Warrant/AgSaver/Tough,233,6/11/2025,0.200,On,1103.4,103.75,-7.696,10.21,3.009,6.301,89.09,19.99,19.82,0,4,128.98,6/11/2025,Good,7.928,0.00044,2.973,0.00017,17.84,1.982,0.0036,3.964,0.00022,1.982,0.00011,19.20,0.138,0.00,0.00,0.00,0.00,0.00,0.00,0.00,0.00,0.00,0.00,0.00,0.00,0.0072
-93.76581693,42.02231653,90,TaskName 6/11/2025 (GreenStar 4 Monitor),Laudis/Warrant/AgSaver/Tough,234,6/11/2025,0.200,On,1103.3,105.00,-7.157,10.20,2.989,6.274,89.19,19.99,19.72,0,4,129.68,6/11/2025,Good,7.890,0.00044,2.959,0.00017,17.75,1.972,0.0036,3.945,0.00022,1.972,0.00011,19.10,0.138,0.00,0.00,0.00,0.00,0.00,0.00,0.00,0.00,0.00,0.00,0.00,0.00,0.0072
-93.76580604,42.02231661,90,TaskName 6/11/2025 (GreenStar 4 Monitor),Laudis/Warrant/AgSaver/Tough,235,6/11/2025,0.194,On,1103.2,110.00,-4.730,10.18,2.897,6.334,89.28,19.99,19.48,0,4,135.75,6/11/2025,Good,7.791,0.00045,2.922,0.00017,17.53,1.948,0.0036,3.896,0.00022,1.948,0.00011,18.86,0.138,0.00,0.00,0.00,0.00,0.00,0.00,0.00,0.00,0.00,0.00,0.00,0.00,0.0073
-93.76579509,42.02231663,90,TaskName 6/11/2025 (GreenStar 4 Monitor),Laudis/Warrant/AgSaver/Tough,236,6/11/2025,0.206,On,1103.2,120.00,-0.521,10.15,3.064,6.380,89.31,19.99,19.41,0,4,147.52,6/11/2025,Good,7.766,0.00051,2.912,0.00019,17.47,1.941,0.0041,3.883,0.00026,1.941,0.00013,18.80,0.159,0.00,0.00,0.00,0.00,0.00,0.00,0.00,0.00,0.00,0.00,0.00,0.00,0.0084
-93.76574069,42.02231731,90,TaskName 6/11/2025 (GreenStar 4 Monitor),Laudis/Warrant/AgSaver/Tough,237,6/11/2025,1.000,On,1102.9,121.25,0.00,10.10,14.80,6.681,89.73,19.99,19.77,0,4,148.30,6/11/2025,Good,7.907,0.0025,2.965,0.00095,17.79,1.977,0.020,3.953,0.0013,1.977,0.00064,19.14,0.789,0.00,0.00,0.00,0.00,0.00,0.00,0.00,0.00,0.00,0.00,0.00,0.00,0.041
-93.76568604,42.02231730,90,TaskName 6/11/2025 (GreenStar 4 Monitor),Laudis/Warrant/AgSaver/Tough,238,6/11/2025,1.000,On,1102.6,121.25,0.00,10.10,14.80,6.669,89.89,19.99,19.83,0,4,148.34,6/11/2025,Good,7.932,0.0026,2.974,0.00096,17.85,1.983,0.020,3.966,0.0013,1.983,0.00064,19.20,0.791,0.00,0.00,0.00,0.00,0.00,0.00,0.00,0.00,0.00,0.00,0.00,0.00,0.041
-93.76563152,42.02231728,90,TaskName 6/11/2025 (GreenStar 4 Monitor),Laudis/Warrant/AgSaver/Tough,239,6/11/2025,0.999,On,1102.4,121.25,0.00,10.11,14.81,6.721,90.64,19.99,19.85,0,4,148.52,6/11/2025,Good,7.940,0.0026,2.978,0.00096,17.87,1.985,0.020,3.970,0.0013,1.985,0.00064,19.23,0.792,0.00,0.00,0.00,0.00,0.00,0.00,0.00,0.00,0.00,0.00,0.00,0.00,0.041
-93.76557748,42.02231644,90,TaskName 6/11/2025 (GreenStar 4 Monitor),Laudis/Warrant/AgSaver/Tough,240,6/11/2025,1.001,On,1102.2,121.25,0.00,10.06,14.76,7.056,89.81,19.99,19.90,0,4,147.79,6/11/2025,Good,7.961,0.0026,2.986,0.00096,17.91,1.990,0.020,3.981,0.0013,1.990,0.00064,19.28,0.792,0.00,0.00,0.00,0.00,0.00,0.00,0.00,0.00,0.00,0.00,0.00,0.00,0.041
-93.76552362,42.02231552,90,TaskName 6/11/2025 (GreenStar 4 Monitor),Laudis/Warrant/AgSaver/Tough,241,6/11/2025,1.000,On,1102.1,121.25,0.00,9.988,14.63,7.798,87.82,19.99,19.83,0,4,146.56,6/11/2025,Good,7.932,0.0025,2.975,0.00095,17.85,1.983,0.020,3.966,0.0013,1.983,0.00063,19.21,0.782,0.00,0.00,0.00,0.00,0.00,0.00,0.00,0.00,0.00,0.00,0.00,0.00,0.041
-93.76546928,42.02231683,90,TaskName 6/11/2025 (GreenStar 4 Monitor),Laudis/Warrant/AgSaver/Tough,242,6/11/2025,1.000,On,1102.1,121.25,0.00,10.03,14.71,7.536,88.64,19.99,19.97,0,4,147.42,6/11/2025,Good,7.988,0.0026,2.996,0.00096,17.97,1.997,0.020,3.994,0.0013,1.997,0.00064,19.34,0.792,0.00,0.00,0.00,0.00,0.00,0.00,0.00,0.00,0.00,0.00,0.00,0.00,0.041
-93.76541519,42.02231770,90,TaskName 6/11/2025 (GreenStar 4 Monitor),Laudis/Warrant/AgSaver/Tough,243,6/11/2025,1.000,On,1102.0,121.25,0.00,10.06,14.74,7.920,88.58,19.99,20.01,0,4,147.68,6/11/2025,Good,8.005,0.0026,3.002,0.00096,18.01,2.001,0.021,4.003,0.0013,2.001,0.00064,19.38,0.795,0.00,0.00,0.00,0.00,0.00,0.00,0.00,0.00,0.00,0.00,0.00,0.00,0.041
-93.76536082,42.02231819,90,TaskName 6/11/2025 (GreenStar 4 Monitor),Laudis/Warrant/AgSaver/Tough,244,6/11/2025,0.999,On,1101.9,121.25,0.00,10.03,14.69,8.004,88.59,19.99,19.97,0,4,147.40,6/11/2025,Good,7.988,0.0026,2.996,0.00096,17.97,1.997,0.020,3.994,0.0013,1.997,0.00064,19.34,0.791,0.00,0.00,0.00,0.00,0.00,0.00,0.00,0.00,0.00,0.00,0.00,0.00,0.041
-93.76530683,42.02231932,90,TaskName 6/11/2025 (GreenStar 4 Monitor),Laudis/Warrant/AgSaver/Tough,245,6/11/2025,1.001,On,1101.9,121.25,0.00,10.06,14.74,8.122,89.39,19.99,19.97,0,4,147.56,6/11/2025,Good,7.990,0.0026,2.996,0.00096,17.98,1.997,0.020,3.995,0.0013,1.997,0.00064,19.35,0.794,0.00,0.00,0.00,0.00,0.00,0.00,0.00,0.00,0.00,0.00,0.00,0.00,0.041
-93.76525271,42.02231958,90,TaskName 6/11/2025 (GreenStar 4 Monitor),Laudis/Warrant/AgSaver/Tough,246,6/11/2025,0.994,On,1101.8,121.25,0.00,10.000,14.58,8.336,88.73,19.99,19.96,0,4,147.02,6/11/2025,Good,7.984,0.0025,2.994,0.00095,17.96,1.996,0.020,3.992,0.0013,1.996,0.00063,19.33,0.785,0.00,0.00,0.00,0.00,0.00,0.00,0.00,0.00,0.00,0.00,0.00,0.00,0.041
-93.76519809,42.02232030,90,TaskName 6/11/2025 (GreenStar 4 Monitor),Laudis/Warrant/AgSaver/Tough,247,6/11/2025,1.001,On,1101.8,121.25,0.00,10.09,14.79,7.541,89.23,19.99,19.96,0,4,148.06,6/11/2025,Good,7.986,0.0026,2.995,0.00096,17.97,1.996,0.021,3.993,0.0013,1.996,0.00064,19.33,0.796,0.00,0.00,0.00,0.00,0.00,0.00,0.00,0.00,0.00,0.00,0.00,0.00,0.041
-93.76514367,42.02232055,90,TaskName 6/11/2025 (GreenStar 4 Monitor),Laudis/Warrant/AgSaver/Tough,248,6/11/2025,1.000,On,1101.7,121.25,0.00,10.08,14.80,7.203,89.33,19.99,19.99,0,4,148.27,6/11/2025,Good,7.995,0.0026,2.998,0.00096,17.99,1.999,0.021,3.998,0.0013,1.999,0.00064,19.36,0.797,0.00,0.00,0.00,0.00,0.00,0.00,0.00,0.00,0.00,0.00,0.00,0.00,0.041
-93.76508982,42.02232063,90,TaskName 6/11/2025 (GreenStar 4 Monitor),Laudis/Warrant/AgSaver/Tough,249,6/11/2025,0.999,On,1101.6,121.25,0.00,10.03,14.68,7.855,88.95,19.99,19.96,0,4,147.27,6/11/2025,Good,7.984,0.0025,2.994,0.00096,17.96,1.996,0.020,3.992,0.0013,1.996,0.00064,19.33,0.790,0.00,0.00,0.00,0.00,0.00,0.00,0.00,0.00,0.00,0.00,0.00,0.00,0.041
-93.76503589,42.02232123,90,TaskName 6/11/2025 (GreenStar 4 Monitor),Laudis/Warrant/AgSaver/Tough,250,6/11/2025,1.001,On,1101.6,121.25,0.00,9.984,14.65,8.055,90.46,19.99,20.00,0,4,146.61,6/11/2025,Good,7.999,0.0025,3.000,0.00096,18.00,2.000,0.020,3.999,0.0013,2.000,0.00064,19.37,0.790,0.00,0.00,0.00,0.00,0.00,0.00,0.00,0.00,0.00,0.00,0.00,0.00,0.041
-93.76498223,42.02232084,90,TaskName 6/11/2025 (GreenStar 4 Monitor),Laudis/Warrant/AgSaver/Tough,251,6/11/2025,1.005,On,1101.7,121.25,0.00,9.988,14.70,8.613,91.18,19.99,19.96,0,4,146.58,6/11/2025,Good,7.983,0.0026,2.994,0.00096,17.96,1.996,0.020,3.991,0.0013,1.996,0.00064,19.33,0.791,0.00,0.00,0.00,0.00,0.00,0.00,0.00,0.00,0.00,0.00,0.00,0.00,0.041
-93.76492899,42.02231913,90,TaskName 6/11/2025 (GreenStar 4 Monitor),Laudis/Warrant/AgSaver/Tough,252,6/11/2025,0.995,On,1101.8,121.25,0.00,9.890,14.43,8.963,88.37,19.99,19.93,0,4,145.32,6/11/2025,Good,7.973,0.0025,2.990,0.00094,17.94,1.993,0.020,3.986,0.0013,1.993,0.00063,19.30,0.775,0.00,0.00,0.00,0.00,0.00,0.00,0.00,0.00,0.00,0.00,0.00,0.00,0.040
-93.76487527,42.02231895,90,TaskName 6/11/2025 (GreenStar 4 Monitor),Laudis/Warrant/AgSaver/Tough,253,6/11/2025,0.999,On,1102.0,121.25,0.00,9.899,14.51,9.476,86.38,19.99,19.82,0,4,145.52,6/11/2025,Good,7.926,0.0025,2.972,0.00094,17.83,1.982,0.020,3.963,0.0013,1.982,0.00063,19.19,0.775,0.00,0.00,0.00,0.00,0.00,0.00,0.00,0.00,0.00,0.00,0.00,0.00,0.040
-93.76482158,42.02232106,90,TaskName 6/11/2025 (GreenStar 4 Monitor),Laudis/Warrant/AgSaver/Tough,254,6/11/2025,1.001,On,1102.1,121.25,0.00,9.970,14.63,9.046,87.47,19.99,20.05,0,4,146.45,6/11/2025,Good,8.022,0.0026,3.008,0.00096,18.05,2.005,0.020,4.011,0.0013,2.005,0.00064,19.42,0.791,0.00,0.00,0.00,0.00,0.00,0.00,0.00,0.00,0.00,0.00,0.00,0.00,0.041
-93.76476792,42.02232298,90,TaskName 6/11/2025 (GreenStar 4 Monitor),Laudis/Warrant/AgSaver/Tough,255,6/11/2025,0.999,On,1102.2,121.25,0.00,9.936,14.55,9.449,89.15,19.99,19.96,0,4,145.95,6/11/2025,Good,7.983,0.0025,2.994,0.00095,17.96,1.996,0.020,3.992,0.0013,1.996,0.00063,19.33,0.783,0.00,0.00,0.00,0.00,0.00,0.00,0.00,0.00,0.00,0.00,0.00,0.00,0.041
-93.76471448,42.02232341,90,TaskName 6/11/2025 (GreenStar 4 Monitor),Laudis/Warrant/AgSaver/Tough,256,6/11/2025,1.001,On,1102.4,121.25,0.00,9.948,14.60,9.715,89.92,19.99,19.99,0,4,146.15,6/11/2025,Good,7.994,0.0025,2.998,0.00095,17.99,1.999,0.020,3.997,0.0013,1.999,0.00063,19.36,0.787,0.00,0.00,0.00,0.00,0.00,0.00,0.00,0.00,0.00,0.00,0.00,0.00,0.041
-93.76466047,42.02232289,90,TaskName 6/11/2025 (GreenStar 4 Monitor),Laudis/Warrant/AgSaver/Tough,257,6/11/2025,0.999,On,1102.4,121.25,0.00,9.922,14.53,9.224,89.19,19.99,19.99,0,4,145.75,6/11/2025,Good,7.997,0.0025,2.999,0.00095,17.99,1.999,0.020,3.999,0.0013,1.999,0.00063,19.36,0.783,0.00,0.00,0.00,0.00,0.00,0.00,0.00,0.00,0.00,0.00,0.00,0.00,0.040
-93.76460617,42.02232258,90,TaskName 6/11/2025 (GreenStar 4 Monitor),Laudis/Warrant/AgSaver/Tough,258,6/11/2025,1.001,On,1102.2,121.25,0.00,10.05,14.75,7.995,87.84,19.99,19.96,0,4,147.66,6/11/2025,Good,7.982,0.0026,2.993,0.00096,17.96,1.996,0.020,3.991,0.0013,1.996,0.00064,19.33,0.794,0.00,0.00,0.00,0.00,0.00,0.00,0.00,0.00,0.00,0.00,0.00,0.00,0.041
-93.76455260,42.02232373,90,TaskName 6/11/2025 (GreenStar 4 Monitor),Laudis/Warrant/AgSaver/Tough,259,6/11/2025,0.999,On,1102.2,121.25,0.00,10.01,14.66,7.300,88.36,19.99,19.94,0,4,147.03,6/11/2025,Good,7.974,0.0025,2.990,0.00095,17.94,1.994,0.020,3.987,0.0013,1.994,0.00064,19.31,0.788,0.00,0.00,0.00,0.00,0.00,0.00,0.00,0.00,0.00,0.00,0.00,0.00,0.041
-93.76449911,42.02232472,90,TaskName 6/11/2025 (GreenStar 4 Monitor),Laudis/Warrant/AgSaver/Tough,260,6/11/2025,1.001,On,1102.2,121.25,0.00,9.873,14.50,8.680,89.16,19.99,20.06,0,4,145.13,6/11/2025,Good,8.025,0.0025,3.009,0.00095,18.06,2.006,0.020,4.012,0.0013,2.006,0.00063,19.43,0.784,0.00,0.00,0.00,0.00,0.00,0.00,0.00,0.00,0.00,0.00,0.00,0.00,0.040
-93.76444493,42.02232533,90,TaskName 6/11/2025 (GreenStar 4 Monitor),Laudis/Warrant/AgSaver/Tough,261,6/11/2025,1.000,On,1102.2,121.25,0.00,9.992,14.66,8.099,89.38,19.99,20.05,0,4,146.86,6/11/2025,Good,8.018,0.0026,3.007,0.00096,18.04,2.005,0.020,4.009,0.0013,2.005,0.00064,19.41,0.792,0.00,0.00,0.00,0.00,0.00,0.00,0.00,0.00,0.00,0.00,0.00,0.00,0.041
-93.76439109,42.02232554,90,TaskName 6/11/2025 (GreenStar 4 Monitor),Laudis/Warrant/AgSaver/Tough,262,6/11/2025,1.000,On,1102.2,121.25,0.00,10.01,14.68,7.985,89.49,19.99,19.95,0,4,147.12,6/11/2025,Good,7.980,0.0025,2.993,0.00096,17.96,1.995,0.020,3.990,0.0013,1.995,0.00064,19.32,0.790,0.00,0.00,0.00,0.00,0.00,0.00,0.00,0.00,0.00,0.00,0.00,0.00,0.041
-93.76433691,42.02232550,90,TaskName 6/11/2025 (GreenStar 4 Monitor),Laudis/Warrant/AgSaver/Tough,263,6/11/2025,1.000,On,1102.3,121.25,0.00,9.992,14.66,7.767,89.03,19.99,19.98,0,4,146.86,6/11/2025,Good,7.993,0.0025,2.997,0.00096,17.98,1.998,0.020,3.997,0.0013,1.998,0.00064,19.35,0.790,0.00,0.00,0.00,0.00,0.00,0.00,0.00,0.00,0.00,0.00,0.00,0.00,0.041
-93.76428274,42.02232560,90,TaskName 6/11/2025 (GreenStar 4 Monitor),Laudis/Warrant/AgSaver/Tough,264,6/11/2025,1.000,On,1102.3,121.25,0.00,10.04,14.73,7.587,88.37,19.99,19.92,0,4,147.65,6/11/2025,Good,7.969,0.0026,2.988,0.00096,17.93,1.992,0.020,3.985,0.0013,1.992,0.00064,19.30,0.791,0.00,0.00,0.00,0.00,0.00,0.00,0.00,0.00,0.00,0.00,0.00,0.00,0.041
-93.76422857,42.02232668,90,TaskName 6/11/2025 (GreenStar 4 Monitor),Laudis/Warrant/AgSaver/Tough,265,6/11/2025,1.000,On,1102.2,121.25,0.00,10.05,14.75,7.537,89.07,19.99,19.99,0,4,147.78,6/11/2025,Good,7.995,0.0026,2.998,0.00096,17.99,1.999,0.021,3.997,0.0013,1.999,0.00064,19.36,0.795,0.00,0.00,0.00,0.00,0.00,0.00,0.00,0.00,0.00,0.00,0.00,0.00,0.041
-93.76417416,42.02232727,90,TaskName 6/11/2025 (GreenStar 4 Monitor),Laudis/Warrant/AgSaver/Tough,266,6/11/2025,0.999,On,1102.1,121.25,0.00,10.04,14.72,7.268,89.41,19.99,20.00,0,4,147.63,6/11/2025,Good,7.998,0.0026,2.999,0.00096,18.00,2.000,0.020,3.999,0.0013,2.000,0.00064,19.37,0.793,0.00,0.00,0.00,0.00,0.00,0.00,0.00,0.00,0.00,0.00,0.00,0.00,0.041
-93.76411974,42.02232768,90,TaskName 6/11/2025 (GreenStar 4 Monitor),Laudis/Warrant/AgSaver/Tough,267,6/11/2025,0.995,On,1101.8,121.25,0.00,10.10,14.74,7.596,89.49,19.99,19.95,0,4,148.42,6/11/2025,Good,7.981,0.0026,2.993,0.00096,17.96,1.995,0.020,3.991,0.0013,1.995,0.00064,19.32,0.793,0.00,0.00,0.00,0.00,0.00,0.00,0.00,0.00,0.00,0.00,0.00,0.00,0.041
-93.76406580,42.02232804,90,TaskName 6/11/2025 (GreenStar 4 Monitor),Laudis/Warrant/AgSaver/Tough,268,6/11/2025,1.006,On,1101.6,121.25,0.00,10.01,14.76,8.174,88.94,19.99,20.00,0,4,147.06,6/11/2025,Good,8.001,0.0026,3.000,0.00096,18.00,2.000,0.021,4.000,0.0013,2.000,0.00064,19.37,0.796,0.00,0.00,0.00,0.00,0.00,0.00,0.00,0.00,0.00,0.00,0.00,0.00,0.041
-93.76401187,42.02232928,90,TaskName 6/11/2025 (GreenStar 4 Monitor),Laudis/Warrant/AgSaver/Tough,269,6/11/2025,0.999,On,1101.3,121.25,0.00,9.967,14.62,8.414,89.10,19.99,19.99,0,4,146.64,6/11/2025,Good,7.997,0.0025,2.999,0.00095,17.99,1.999,0.020,3.999,0.0013,1.999,0.00064,19.36,0.788,0.00,0.00,0.00,0.00,0.00,0.00,0.00,0.00,0.00,0.00,0.00,0.00,0.041
-93.76395815,42.02233022,90,TaskName 6/11/2025 (GreenStar 4 Monitor),Laudis/Warrant/AgSaver/Tough,270,6/11/2025,1.000,On,1101.1,121.25,0.00,10.00,14.67,8.671,90.14,19.99,19.94,0,4,147.02,6/11/2025,Good,7.975,0.0025,2.991,0.00095,17.94,1.994,0.020,3.988,0.0013,1.994,0.00064,19.31,0.789,0.00,0.00,0.00,0.00,0.00,0.00,0.00,0.00,0.00,0.00,0.00,0.00,0.041
-93.76390395,42.02233048,90,TaskName 6/11/2025 (GreenStar 4 Monitor),Laudis/Warrant/AgSaver/Tough,271,6/11/2025,1.001,On,1100.9,121.25,0.00,10.00,14.67,8.179,90.43,19.99,19.94,0,4,146.84,6/11/2025,Good,7.977,0.0025,2.991,0.00095,17.95,1.994,0.020,3.988,0.0013,1.994,0.00064,19.31,0.789,0.00,0.00,0.00,0.00,0.00,0.00,0.00,0.00,0.00,0.00,0.00,0.00,0.041
-93.76385006,42.02233044,90,TaskName 6/11/2025 (GreenStar 4 Monitor),Laudis/Warrant/AgSaver/Tough,272,6/11/2025,1.000,On,1100.8,121.25,0.00,10.03,14.73,8.288,90.13,19.99,19.97,0,4,147.58,6/11/2025,Good,7.989,0.0026,2.996,0.00096,17.98,1.997,0.020,3.994,0.0013,1.997,0.00064,19.34,0.793,0.00,0.00,0.00,0.00,0.00,0.00,0.00,0.00,0.00,0.00,0.00,0.00,0.041
-93.76379605,42.02233020,90,TaskName 6/11/2025 (GreenStar 4 Monitor),Laudis/Warrant/AgSaver/Tough,273,6/11/2025,1.000,On,1100.8,121.25,0.00,9.968,14.61,8.635,89.83,19.99,20.04,0,4,146.40,6/11/2025,Good,8.015,0.0025,3.005,0.00095,18.03,2.004,0.020,4.007,0.0013,2.004,0.00064,19.41,0.789,0.00,0.00,0.00,0.00,0.00,0.00,0.00,0.00,0.00,0.00,0.00,0.00,0.041
-93.76374181,42.02233005,90,TaskName 6/11/2025 (GreenStar 4 Monitor),Laudis/Warrant/AgSaver/Tough,274,6/11/2025,1.000,On,1100.6,121.25,0.00,10.03,14.72,8.218,89.18,19.99,20.00,0,4,147.48,6/11/2025,Good,7.999,0.0026,3.000,0.00096,18.00,2.000,0.020,4.000,0.0013,2.000,0.00064,19.37,0.793,0.00,0.00,0.00,0.00,0.00,0.00,0.00,0.00,0.00,0.00,0.00,0.00,0.041
-93.76368738,42.02233042,90,TaskName 6/11/2025 (GreenStar 4 Monitor),Laudis/Warrant/AgSaver/Tough,275,6/11/2025,1.000,On,1100.6,121.25,0.00,10.06,14.77,8.084,89.34,19.99,19.99,0,4,148.04,6/11/2025,Good,7.996,0.0026,2.998,0.00096,17.99,1.999,0.021,3.998,0.0013,1.999,0.00064,19.36,0.796,0.00,0.00,0.00,0.00,0.00,0.00,0.00,0.00,0.00,0.00,0.00,0.00,0.041
-93.76363353,42.02233047,90,TaskName 6/11/2025 (GreenStar 4 Monitor),Laudis/Warrant/AgSaver/Tough,276,6/11/2025,0.999,On,1100.5,121.25,0.00,10.04,14.71,8.389,89.39,19.99,20.01,0,4,147.60,6/11/2025,Good,8.003,0.0026,3.001,0.00096,18.01,2.001,0.020,4.001,0.0013,2.001,0.00064,19.38,0.794,0.00,0.00,0.00,0.00,0.00,0.00,0.00,0.00,0.00,0.00,0.00,0.00,0.041
-93.76357911,42.02233069,90,TaskName 6/11/2025 (GreenStar 4 Monitor),Laudis/Warrant/AgSaver/Tough,277,6/11/2025,1.000,On,1100.3,121.25,0.00,10.05,14.74,8.133,88.82,19.99,19.96,0,4,147.68,6/11/2025,Good,7.983,0.0026,2.994,0.00096,17.96,1.996,0.020,3.991,0.0013,1.996,0.00064,19.33,0.793,0.00,0.00,0.00,0.00,0.00,0.00,0.00,0.00,0.00,0.00,0.00,0.00,0.041
-93.76352457,42.02233140,90,TaskName 6/11/2025 (GreenStar 4 Monitor),Laudis/Warrant/AgSaver/Tough,278,6/11/2025,0.996,On,1100.4,121.25,0.00,10.08,14.73,7.678,89.17,19.99,19.96,0,4,148.21,6/11/2025,Good,7.985,0.0026,2.994,0.00096,17.97,1.996,0.020,3.992,0.0013,1.996,0.00064,19.33,0.793,0.00,0.00,0.00,0.00,0.00,0.00,0.00,0.00,0.00,0.00,0.00,0.00,0.041
-93.76347108,42.02233172,90,TaskName 6/11/2025 (GreenStar 4 Monitor),Laudis/Warrant/AgSaver/Tough,279,6/11/2025,1.000,On,1100.4,121.25,0.00,10.01,14.66,8.060,89.54,19.99,20.04,0,4,146.92,6/11/2025,Good,8.015,0.0026,3.006,0.00096,18.03,2.004,0.020,4.008,0.0013,2.004,0.00064,19.41,0.792,0.00,0.00,0.00,0.00,0.00,0.00,0.00,0.00,0.00,0.00,0.00,0.00,0.041
-93.76341681,42.02233162,90,TaskName 6/11/2025 (GreenStar 4 Monitor),Laudis/Warrant/AgSaver/Tough,280,6/11/2025,1.000,On,1100.4,121.25,0.00,9.957,14.62,8.073,88.55,19.99,20.12,0,4,146.50,6/11/2025,Good,8.048,0.0026,3.018,0.00096,18.11,2.012,0.020,4.024,0.0013,2.012,0.00064,19.49,0.793,0.00,0.00,0.00,0.00,0.00,0.00,0.00,0.00,0.00,0.00,0.00,0.00,0.041
-93.76336299,42.02233231,90,TaskName 6/11/2025 (GreenStar 4 Monitor),Laudis/Warrant/AgSaver/Tough,281,6/11/2025,1.000,On,1100.5,121.25,0.00,10.03,14.71,8.250,88.72,19.99,19.97,0,4,147.45,6/11/2025,Good,7.987,0.0026,2.995,0.00096,17.97,1.997,0.020,3.994,0.0013,1.997,0.00064,19.34,0.792,0.00,0.00,0.00,0.00,0.00,0.00,0.00,0.00,0.00,0.00,0.00,0.00,0.041
-93.76330940,42.02233313,90,TaskName 6/11/2025 (GreenStar 4 Monitor),Laudis/Warrant/AgSaver/Tough,282,6/11/2025,1.000,On,1100.6,121.25,0.00,9.920,14.55,9.185,88.94,19.99,19.99,0,4,145.81,6/11/2025,Good,7.995,0.0025,2.998,0.00095,17.99,1.999,0.020,3.998,0.0013,1.999,0.00063,19.36,0.784,0.00,0.00,0.00,0.00,0.00,0.00,0.00,0.00,0.00,0.00,0.00,0.00,0.041
-93.76325592,42.02233382,90,TaskName 6/11/2025 (GreenStar 4 Monitor),Laudis/Warrant/AgSaver/Tough,283,6/11/2025,1.000,On,1100.7,121.25,0.00,9.923,14.56,9.499,88.98,19.99,20.00,0,4,145.87,6/11/2025,Good,8.001,0.0025,3.000,0.00095,18.00,2.000,0.020,4.000,0.0013,2.000,0.00063,19.37,0.785,0.00,0.00,0.00,0.00,0.00,0.00,0.00,0.00,0.00,0.00,0.00,0.00,0.041
-93.76320233,42.02233449,90,TaskName 6/11/2025 (GreenStar 4 Monitor),Laudis/Warrant/AgSaver/Tough,284,6/11/2025,1.000,On,1100.9,121.25,0.00,9.957,14.61,9.325,89.56,19.99,20.07,0,4,146.36,6/11/2025,Good,8.027,0.0025,3.010,0.00096,18.06,2.007,0.020,4.014,0.0013,2.007,0.00064,19.44,0.790,0.00,0.00,0.00,0.00,0.00,0.00,0.00,0.00,0.00,0.00,0.00,0.00,0.041
-93.76314873,42.02233481,90,TaskName 6/11/2025 (GreenStar 4 Monitor),Laudis/Warrant/AgSaver/Tough,285,6/11/2025,0.999,On,1101.1,121.25,0.00,9.913,14.53,9.415,89.68,19.99,20.00,0,4,145.72,6/11/2025,Good,7.999,0.0025,3.000,0.00095,18.00,2.000,0.020,4.000,0.0013,2.000,0.00063,19.37,0.783,0.00,0.00,0.00,0.00,0.00,0.00,0.00,0.00,0.00,0.00,0.00,0.00,0.040
-93.76309498,42.02233496,90,TaskName 6/11/2025 (GreenStar 4 Monitor),Laudis/Warrant/AgSaver/Tough,286,6/11/2025,0.996,On,1101.3,121.25,0.00,9.953,14.54,9.085,89.66,19.99,19.99,0,4,146.29,6/11/2025,Good,7.996,0.0025,2.998,0.00095,17.99,1.999,0.020,3.998,0.0013,1.999,0.00063,19.36,0.784,0.00,0.00,0.00,0.00,0.00,0.00,0.00,0.00,0.00,0.00,0.00,0.00,0.040
-93.76304149,42.02233491,90,TaskName 6/11/2025 (GreenStar 4 Monitor),Laudis/Warrant/AgSaver/Tough,287,6/11/2025,1.004,On,1101.5,121.25,0.00,9.932,14.63,9.500,89.89,19.99,19.98,0,4,145.98,6/11/2025,Good,7.993,0.0025,2.997,0.00095,17.98,1.998,0.020,3.997,0.0013,1.998,0.00064,19.35,0.788,0.00,0.00,0.00,0.00,0.00,0.00,0.00,0.00,0.00,0.00,0.00,0.00,0.041
-93.76298757,42.02233421,90,TaskName 6/11/2025 (GreenStar 4 Monitor),Laudis/Warrant/AgSaver/Tough,288,6/11/2025,1.001,On,1101.7,121.25,0.00,9.925,14.57,9.478,88.46,19.99,19.95,0,4,145.89,6/11/2025,Good,7.979,0.0025,2.992,0.00095,17.95,1.995,0.020,3.989,0.0013,1.995,0.00063,19.32,0.784,0.00,0.00,0.00,0.00,0.00,0.00,0.00,0.00,0.00,0.00,0.00,0.00,0.041
-93.76293339,42.02233463,90,TaskName 6/11/2025 (GreenStar 4 Monitor),Laudis/Warrant/AgSaver/Tough,289,6/11/2025,1.000,On,1101.7,121.25,0.00,10.05,14.73,8.670,87.54,19.99,19.91,0,4,147.60,6/11/2025,Good,7.964,0.0026,2.986,0.00096,17.92,1.991,0.020,3.982,0.0013,1.991,0.00064,19.28,0.791,0.00,0.00,0.00,0.00,0.00,0.00,0.00,0.00,0.00,0.00,0.00,0.00,0.041
-93.76287938,42.02233604,90,TaskName 6/11/2025 (GreenStar 4 Monitor),Laudis/Warrant/AgSaver/Tough,290,6/11/2025,0.995,On,1101.7,121.25,0.00,9.985,14.57,8.862,88.26,19.99,20.03,0,4,146.69,6/11/2025,Good,8.012,0.0025,3.004,0.00095,18.03,2.003,0.020,4.006,0.0013,2.003,0.00063,19.40,0.786,0.00,0.00,0.00,0.00,0.00,0.00,0.00,0.00,0.00,0.00,0.00,0.00,0.041
-93.76282509,42.02233743,90,TaskName 6/11/2025 (GreenStar 4 Monitor),Laudis/Warrant/AgSaver/Tough,291,6/11/2025,1.004,On,1101.7,121.25,0.00,10.05,14.81,8.652,89.51,19.99,19.95,0,4,147.83,6/11/2025,Good,7.981,0.0026,2.993,0.00096,17.96,1.995,0.021,3.991,0.0013,1.995,0.00064,19.32,0.797,0.00,0.00,0.00,0.00,0.00,0.00,0.00,0.00,0.00,0.00,0.00,0.00,0.041
-93.76277090,42.02233767,90,TaskName 6/11/2025 (GreenStar 4 Monitor),Laudis/Warrant/AgSaver/Tough,292,6/11/2025,1.001,On,1101.6,121.25,0.00,10.05,14.74,8.275,90.01,19.99,19.97,0,4,147.55,6/11/2025,Good,7.986,0.0026,2.995,0.00096,17.97,1.997,0.020,3.993,0.0013,1.997,0.00064,19.34,0.793,0.00,0.00,0.00,0.00,0.00,0.00,0.00,0.00,0.00,0.00,0.00,0.00,0.041
-93.76271661,42.02233712,90,TaskName 6/11/2025 (GreenStar 4 Monitor),Laudis/Warrant/AgSaver/Tough,293,6/11/2025,1.000,On,1101.5,121.25,0.00,10.04,14.73,7.746,89.25,19.99,19.96,0,4,147.60,6/11/2025,Good,7.984,0.0026,2.994,0.00096,17.96,1.996,0.020,3.992,0.0013,1.996,0.00064,19.33,0.793,0.00,0.00,0.00,0.00,0.00,0.00,0.00,0.00,0.00,0.00,0.00,0.00,0.041
-93.76266545,42.02233697,90,TaskName 6/11/2025 (GreenStar 4 Monitor),Laudis/Warrant/AgSaver/Tough,294,6/11/2025,1.000,On,1101.3,121.25,0.00,9.877,14.47,5.365,88.61,19.99,19.88,0,4,145.00,6/11/2025,Good,7.950,0.0025,2.981,0.00094,17.89,1.988,0.020,3.975,0.0013,1.988,0.00063,19.25,0.775,0.00,0.00,0.00,0.00,0.00,0.00,0.00,0.00,0.00,0.00,0.00,0.00,0.040
-93.76264481,42.02233726,90,TaskName 6/11/2025 (GreenStar 4 Monitor),Laudis/Warrant/AgSaver/Tough,295,6/11/2025,0.405,On,1101.3,121.25,0.00,9.321,5.535,10.66,88.89,19.99,20.18,0,4,136.96,6/11/2025,Good,8.072,0.00097,3.027,0.00036,18.16,2.018,0.0078,4.036,0.00049,2.018,0.00024,19.54,0.301,0.00,0.00,0.00,0.00,0.00,0.00,0.00,0.00,0.00,0.00,0.00,0.00,0.015
-93.76263435,42.02233740,90,TaskName 6/11/2025 (GreenStar 4 Monitor),Laudis/Warrant/AgSaver/Tough,296,6/11/2025,0.195,On,1101.3,52.50,-34.37,9.433,2.684,9.002,89.01,19.99,20.53,0,4,59.72,6/11/2025,Good,8.210,0.00021,3.079,7.781e-05,18.47,2.053,0.0017,4.105,0.00010,2.053,5.187e-05,19.88,0.064,0.00,0.00,0.00,0.00,0.00,0.00,0.00,0.00,0.00,0.00,0.00,0.00,0.0032
-93.76263196,42.02200875,90,TaskName 6/11/2025 (GreenStar 4 Monitor),Laudis/Warrant/AgSaver/Tough,297,6/11/2025,0.200,On,1101.4,43.75,36.86,9.894,2.901,9.589,268.37,19.99,18.43,0,5,52.45,6/11/2025,Good,7.372,0.00017,2.765,6.294e-05,16.59,1.843,0.0013,3.686,8.392e-05,1.843,4.196e-05,17.85,0.052,0.00,0.00,0.00,0.00,0.00,0.00,0.00,0.00,0.00,0.00,0.00,0.00,0.0029
-93.76264273,42.02200839,90,TaskName 6/11/2025 (GreenStar 4 Monitor),Laudis/Warrant/AgSaver/Tough,298,6/11/2025,0.200,On,1101.4,101.25,8.750,9.921,2.911,9.372,268.73,19.99,19.06,0,5,121.80,6/11/2025,Good,7.625,0.00040,2.859,0.00015,17.16,1.906,0.0032,3.812,0.00020,1.906,0.00010,18.46,0.125,0.00,0.00,0.00,0.00,0.00,0.00,0.00,0.00,0.00,0.00,0.00,0.00,0.0068
-93.76269658,42.02200743,90,TaskName 6/11/2025 (GreenStar 4 Monitor),Laudis/Warrant/AgSaver/Tough,299,6/11/2025,1.000,On,1101.8,120.00,-0.625,9.979,14.63,9.089,268.72,19.99,19.43,0,5,145.14,6/11/2025,Good,7.773,0.0024,2.915,0.00092,17.49,1.943,0.020,3.887,0.0012,1.943,0.00061,18.82,0.759,0.00,0.00,0.00,0.00,0.00,0.00,0.00,0.00,0.00,0.00,0.00,0.00,0.040
-93.76270717,42.02200719,90,TaskName 6/11/2025 (GreenStar 4 Monitor),Laudis/Warrant/AgSaver/Tough,300,6/11/2025,0.200,On,1101.9,120.00,-0.625,9.974,2.924,9.451,268.93,19.99,19.46,0,5,145.00,6/11/2025,Good,7.783,0.00049,2.919,0.00018,17.51,1.946,0.0039,3.891,0.00024,1.946,0.00012,18.84,0.152,0.00,0.00,0.00,0.00,0.00,0.00,0.00,0.00,0.00,0.00,0.00,0.00,0.0081
-93.76276092,42.02200672,90,TaskName 6/11/2025 (GreenStar 4 Monitor),Laudis/Warrant/AgSaver/Tough,301,6/11/2025,1.000,On,1102.2,121.25,0.00,9.928,14.56,8.837,269.18,19.99,19.61,0,5,145.89,6/11/2025,Good,7.845,0.0025,2.942,0.00093,17.65,1.961,0.020,3.923,0.0012,1.961,0.00062,19.00,0.770,0.00,0.00,0.00,0.00,0.00,0.00,0.00,0.00,0.00,0.00,0.00,0.00,0.041
-93.76281467,42.02200623,90,TaskName 6/11/2025 (GreenStar 4 Monitor),Laudis/Warrant/AgSaver/Tough,302,6/11/2025,0.999,On,1102.6,121.25,0.00,9.943,14.57,8.771,268.94,19.99,19.69,0,5,146.10,6/11/2025,Good,7.876,0.0025,2.953,0.00094,17.72,1.969,0.020,3.938,0.0012,1.969,0.00062,19.07,0.773,0.00,0.00,0.00,0.00,0.00,0.00,0.00,0.00,0.00,0.00,0.00,0.00,0.041
-93.76286870,42.02200573,90,TaskName 6/11/2025 (GreenStar 4 Monitor),Laudis/Warrant/AgSaver/Tough,303,6/11/2025,1.000,On,1103.0,121.25,0.00,9.968,14.62,8.068,269.31,19.99,19.78,0,5,146.48,6/11/2025,Good,7.912,0.0025,2.967,0.00094,17.80,1.978,0.020,3.956,0.0013,1.978,0.00063,19.16,0.779,0.00,0.00,0.00,0.00,0.00,0.00,0.00,0.00,0.00,0.00,0.00,0.00,0.041
-93.76287939,42.02200557,90,TaskName 6/11/2025 (GreenStar 4 Monitor),Laudis/Warrant/AgSaver/Tough,304,6/11/2025,0.201,On,1103.0,121.25,0.00,10.01,2.937,8.480,269.46,19.99,19.61,0,5,146.44,6/11/2025,Good,7.843,0.00050,2.941,0.00019,17.65,1.961,0.0040,3.921,0.00025,1.961,0.00013,18.99,0.155,0.00,0.00,0.00,0.00,0.00,0.00,0.00,0.00,0.00,0.00,0.00,0.00,0.0082
-93.76293286,42.02200521,90,TaskName 6/11/2025 (GreenStar 4 Monitor),Laudis/Warrant/AgSaver/Tough,305,6/11/2025,1.000,On,1103.4,120.00,-0.625,9.934,14.58,8.878,269.45,19.99,19.85,0,5,144.58,6/11/2025,Good,7.939,0.0025,2.977,0.00093,17.86,1.985,0.020,3.970,0.0012,1.985,0.00062,19.22,0.772,0.00,0.00,0.00,0.00,0.00,0.00,0.00,0.00,0.00,0.00,0.00,0.00,0.040
-93.76298701,42.02200487,90,TaskName 6/11/2025 (GreenStar 4 Monitor),Laudis/Warrant/AgSaver/Tough,306,6/11/2025,0.999,On,1103.7,120.00,-0.625,9.970,14.60,8.359,269.65,19.99,19.87,0,5,144.95,6/11/2025,Good,7.949,0.0025,2.981,0.00094,17.89,1.987,0.020,3.975,0.0012,1.987,0.00062,19.25,0.774,0.00,0.00,0.00,0.00,0.00,0.00,0.00,0.00,0.00,0.00,0.00,0.00,0.040
-93.76300867,42.02200463,90,TaskName 6/11/2025 (GreenStar 4 Monitor),Laudis/Warrant/AgSaver/Tough,307,6/11/2025,0.401,On,1103.7,120.00,-0.625,10.04,5.904,7.972,269.95,19.99,19.90,0,5,146.02,6/11/2025,Good,7.958,0.0010,2.984,0.00038,17.91,1.990,0.0081,3.979,0.00051,1.990,0.00025,19.27,0.313,0.00,0.00,0.00,0.00,0.00,0.00,0.00,0.00,0.00,0.00,0.00,0.00,0.016
-93.76306287,42.02200452,90,TaskName 6/11/2025 (GreenStar 4 Monitor),Laudis/Warrant/AgSaver/Tough,308,6/11/2025,0.999,On,1103.9,121.25,0.00,10.02,14.67,7.952,269.71,19.99,19.88,0,5,147.19,6/11/2025,Good,7.950,0.0025,2.981,0.00095,17.89,1.988,0.020,3.975,0.0013,1.988,0.00063,19.25,0.786,0.00,0.00,0.00,0.00,0.00,0.00,0.00,0.00,0.00,0.00,0.00,0.00,0.041
-93.76311704,42.02200487,90,TaskName 6/11/2025 (GreenStar 4 Monitor),Laudis/Warrant/AgSaver/Tough,309,6/11/2025,1.001,On,1103.9,121.25,0.00,10.02,14.71,8.191,268.55,19.99,19.88,0,5,147.22,6/11/2025,Good,7.950,0.0025,2.981,0.00095,17.89,1.988,0.020,3.975,0.0013,1.988,0.00064,19.25,0.788,0.00,0.00,0.00,0.00,0.00,0.00,0.00,0.00,0.00,0.00,0.00,0.00,0.041
-93.76317189,42.02200399,90,TaskName 6/11/2025 (GreenStar 4 Monitor),Laudis/Warrant/AgSaver/Tough,310,6/11/2025,1.000,On,1103.7,121.25,0.00,10.15,14.89,7.058,269.09,19.99,19.94,0,5,149.21,6/11/2025,Good,7.974,0.0026,2.990,0.00097,17.94,1.994,0.021,3.987,0.0013,1.994,0.00065,19.31,0.800,0.00,0.00,0.00,0.00,0.00,0.00,0.00,0.00,0.00,0.00,0.00,0.00,0.041
-93.76322699,42.02200306,90,TaskName 6/11/2025 (GreenStar 4 Monitor),Laudis/Warrant/AgSaver/Tough,311,6/11/2025,1.000,On,1103.5,121.25,0.00,10.16,14.90,6.450,269.70,19.99,19.92,0,5,149.34,6/11/2025,Good,7.968,0.0026,2.988,0.00097,17.93,1.992,0.021,3.984,0.0013,1.992,0.00065,19.29,0.800,0.00,0.00,0.00,0.00,0.00,0.00,0.00,0.00,0.00,0.00,0.00,0.00,0.041
-93.76328192,42.02200292,90,TaskName 6/11/2025 (GreenStar 4 Monitor),Laudis/Warrant/AgSaver/Tough,312,6/11/2025,1.000,On,1103.3,121.25,0.00,10.21,14.96,5.794,269.34,19.99,19.92,0,5,149.93,6/11/2025,Good,7.966,0.0026,2.987,0.00097,17.92,1.992,0.021,3.983,0.0013,1.992,0.00065,19.29,0.803,0.00,0.00,0.00,0.00,0.00,0.00,0.00,0.00,0.00,0.00,0.00,0.00,0.042
-93.76331491,42.02200269,90,TaskName 6/11/2025 (GreenStar 4 Monitor),Laudis/Warrant/AgSaver/Tough,313,6/11/2025,0.600,On,1103.2,121.25,0.00,10.16,8.957,5.889,269.49,19.99,19.96,0,5,149.58,6/11/2025,Good,7.986,0.0016,2.995,0.00058,17.97,1.996,0.012,3.993,0.00078,1.996,0.00039,19.34,0.482,0.00,0.00,0.00,0.00,0.00,0.00,0.00,0.00,0.00,0.00,0.00,0.00,0.025
-93.76336938,42.02200228,90,TaskName 6/11/2025 (GreenStar 4 Monitor),Laudis/Warrant/AgSaver/Tough,314,6/11/2025,1.000,On,1103.0,120.00,-0.625,10.10,14.81,6.235,269.92,19.99,19.99,0,5,146.83,6/11/2025,Good,7.998,0.0025,2.999,0.00096,17.99,1.999,0.020,3.999,0.0013,1.999,0.00064,19.36,0.790,0.00,0.00,0.00,0.00,0.00,0.00,0.00,0.00,0.00,0.00,0.00,0.00,0.041
-93.76342369,42.02200217,90,TaskName 6/11/2025 (GreenStar 4 Monitor),Laudis/Warrant/AgSaver/Tough,315,6/11/2025,1.000,On,1103.0,120.00,-0.625,10.10,14.82,6.393,269.49,19.99,20.02,0,5,147.01,6/11/2025,Good,8.007,0.0026,3.003,0.00096,18.02,2.002,0.020,4.004,0.0013,2.002,0.00064,19.39,0.792,0.00,0.00,0.00,0.00,0.00,0.00,0.00,0.00,0.00,0.00,0.00,0.00,0.041
-93.76347781,42.02200210,90,TaskName 6/11/2025 (GreenStar 4 Monitor),Laudis/Warrant/AgSaver/Tough,316,6/11/2025,0.999,On,1103.0,120.00,-0.625,10.05,14.72,6.814,269.17,19.99,20.04,0,5,146.17,6/11/2025,Good,8.015,0.0025,3.006,0.00095,18.03,2.004,0.020,4.007,0.0013,2.004,0.00063,19.41,0.787,0.00,0.00,0.00,0.00,0.00,0.00,0.00,0.00,0.00,0.00,0.00,0.00,0.041
-93.76353176,42.02200158,90,TaskName 6/11/2025 (GreenStar 4 Monitor),Laudis/Warrant/AgSaver/Tough,317,6/11/2025,1.001,On,1103.0,120.00,-0.625,10.00,14.68,7.085,269.15,19.99,20.00,0,5,145.46,6/11/2025,Good,7.999,0.0025,3.000,0.00095,18.00,2.000,0.020,4.000,0.0013,2.000,0.00063,19.37,0.783,0.00,0.00,0.00,0.00,0.00,0.00,0.00,0.00,0.00,0.00,0.00,0.00,0.040
-93.76358616,42.02200101,90,TaskName 6/11/2025 (GreenStar 4 Monitor),Laudis/Warrant/AgSaver/Tough,318,6/11/2025,0.995,On,1102.9,120.00,-0.625,10.04,14.64,6.726,269.45,19.99,20.06,0,5,145.91,6/11/2025,Good,8.024,0.0025,3.009,0.00095,18.05,2.006,0.020,4.012,0.0013,2.006,0.00063,19.43,0.784,0.00,0.00,0.00,0.00,0.00,0.00,0.00,0.00,0.00,0.00,0.00,0.00,0.040
-93.76362978,42.02200067,90,TaskName 6/11/2025 (GreenStar 4 Monitor),Laudis/Warrant/AgSaver/Tough,319,6/11/2025,0.800,On,1102.9,120.00,-0.625,10.11,11.85,6.186,269.74,19.99,19.99,0,5,146.94,6/11/2025,Good,7.995,0.0020,2.998,0.00076,17.99,1.999,0.016,3.997,0.0010,1.999,0.00051,19.36,0.632,0.00,0.00,0.00,0.00,0.00,0.00,0.00,0.00,0.00,0.00,0.00,0.00,0.033
-93.76364078,42.02200066,90,TaskName 6/11/2025 (GreenStar 4 Monitor),Laudis/Warrant/AgSaver/Tough,320,6/11/2025,0.200,On,1102.9,121.25,0.00,10.09,2.944,6.710,269.63,19.99,19.97,0,5,147.48,6/11/2025,Good,7.988,0.00051,2.996,0.00019,17.97,1.997,0.0041,3.994,0.00026,1.997,0.00013,19.34,0.158,0.00,0.00,0.00,0.00,0.00,0.00,0.00,0.00,0.00,0.00,0.00,0.00,0.0082
-93.76369480,42.02200060,90,TaskName 6/11/2025 (GreenStar 4 Monitor),Laudis/Warrant/AgSaver/Tough,321,6/11/2025,1.000,On,1102.8,120.00,-0.625,10.03,14.72,7.030,269.21,19.99,19.95,0,5,146.03,6/11/2025,Good,7.980,0.0025,2.993,0.00095,17.96,1.995,0.020,3.990,0.0013,1.995,0.00063,19.32,0.784,0.00,0.00,0.00,0.00,0.00,0.00,0.00,0.00,0.00,0.00,0.00,0.00,0.041
-93.76374890,42.02200013,90,TaskName 6/11/2025 (GreenStar 4 Monitor),Laudis/Warrant/AgSaver/Tough,322,6/11/2025,1.005,On,1102.7,120.00,-0.625,10.04,14.77,6.950,269.50,19.99,19.98,0,5,145.79,6/11/2025,Good,7.993,0.0025,2.997,0.00095,17.98,1.998,0.020,3.997,0.0013,1.998,0.00064,19.35,0.788,0.00,0.00,0.00,0.00,0.00,0.00,0.00,0.00,0.00,0.00,0.00,0.00,0.041
-93.76375961,42.02200006,90,TaskName 6/11/2025 (GreenStar 4 Monitor),Laudis/Warrant/AgSaver/Tough,323,6/11/2025,0.195,On,1102.7,120.00,-0.625,10.01,2.878,6.921,269.55,19.99,19.91,0,5,146.37,6/11/2025,Good,7.962,0.00049,2.986,0.00018,17.92,1.991,0.0039,3.981,0.00025,1.991,0.00012,19.28,0.153,0.00,0.00,0.00,0.00,0.00,0.00,0.00,0.00,0.00,0.00,0.00,0.00,0.0079
-93.76381292,42.02199996,90,TaskName 6/11/2025 (GreenStar 4 Monitor),Laudis/Warrant/AgSaver/Tough,324,6/11/2025,1.000,On,1102.7,121.25,0.00,9.950,14.59,7.959,269.28,19.99,20.00,0,5,146.20,6/11/2025,Good,8.000,0.0025,3.000,0.00095,18.00,2.000,0.020,4.000,0.0013,2.000,0.00063,19.37,0.787,0.00,0.00,0.00,0.00,0.00,0.00,0.00,0.00,0.00,0.00,0.00,0.00,0.041
-93.76386612,42.02199990,90,TaskName 6/11/2025 (GreenStar 4 Monitor),Laudis/Warrant/AgSaver/Tough,325,6/11/2025,1.000,On,1102.8,121.25,0.00,9.837,14.42,9.062,268.64,19.99,20.04,0,5,144.52,6/11/2025,Good,8.015,0.0025,3.005,0.00094,18.03,2.004,0.020,4.007,0.0013,2.004,0.00063,19.41,0.779,0.00,0.00,0.00,0.00,0.00,0.00,0.00,0.00,0.00,0.00,0.00,0.00,0.040
-93.76391925,42.02199898,90,TaskName 6/11/2025 (GreenStar 4 Monitor),Laudis/Warrant/AgSaver/Tough,326,6/11/2025,1.000,On,1102.9,121.25,0.00,9.851,14.44,9.624,269.11,19.99,20.03,0,5,144.69,6/11/2025,Good,8.012,0.0025,3.005,0.00094,18.03,2.003,0.020,4.006,0.0013,2.003,0.00063,19.40,0.780,0.00,0.00,0.00,0.00,0.00,0.00,0.00,0.00,0.00,0.00,0.00,0.00,0.040
-93.76397344,42.02199852,90,TaskName 6/11/2025 (GreenStar 4 Monitor),Laudis/Warrant/AgSaver/Tough,327,6/11/2025,0.999,On,1103.1,121.25,0.00,9.930,14.54,8.649,268.86,19.99,20.02,0,5,145.85,6/11/2025,Good,8.008,0.0025,3.003,0.00095,18.02,2.002,0.020,4.004,0.0013,2.002,0.00063,19.39,0.785,0.00,0.00,0.00,0.00,0.00,0.00,0.00,0.00,0.00,0.00,0.00,0.00,0.040
-93.76402631,42.02199798,90,TaskName 6/11/2025 (GreenStar 4 Monitor),Laudis/Warrant/AgSaver/Tough,328,6/11/2025,1.005,On,1103.2,121.25,0.00,9.986,14.71,6.792,268.59,19.99,19.97,0,5,146.72,6/11/2025,Good,7.989,0.0026,2.996,0.00096,17.97,1.997,0.020,3.994,0.0013,1.997,0.00064,19.34,0.792,0.00,0.00,0.00,0.00,0.00,0.00,0.00,0.00,0.00,0.00,0.00,0.00,0.041
-93.76407302,42.02199709,90,TaskName 6/11/2025 (GreenStar 4 Monitor),Laudis/Warrant/AgSaver/Tough,329,6/11/2025,1.001,On,1103.4,121.25,0.00,9.341,13.68,5.222,268.86,19.99,20.03,0,5,136.99,6/11/2025,Good,8.012,0.0024,3.004,0.00089,18.03,2.003,0.019,4.006,0.0012,2.003,0.00060,19.40,0.739,0.00,0.00,0.00,0.00,0.00,0.00,0.00,0.00,0.00,0.00,0.00,0.00,0.038
-93.76411563,42.02199654,90,TaskName 6/11/2025 (GreenStar 4 Monitor),Laudis/Warrant/AgSaver/Tough,330,6/11/2025,0.994,On,1103.4,121.25,0.00,8.367,12.19,5.376,268.62,19.99,20.24,0,5,122.87,6/11/2025,Good,8.097,0.0021,3.036,0.00080,18.22,2.024,0.017,4.049,0.0011,2.024,0.00054,19.61,0.665,0.00,0.00,0.00,0.00,0.00,0.00,0.00,0.00,0.00,0.00,0.00,0.00,0.034
-93.76411248,42.02217152,90,TaskName 6/11/2025 (GreenStar 4 Monitor),Laudis/Warrant/AgSaver/Tough,331,6/11/2025,0.200,On,1103.5,53.75,33.75,2.783,0.816,12.10,180.42,19.99,24.42,0,6,18.13,6/11/2025,Over Target,9.767,7.686e-05,3.663,2.882e-05,21.98,2.442,0.00061,4.884,3.843e-05,2.442,1.921e-05,23.65,0.024,0.00,0.00,0.00,0.00,0.00,0.00,0.00,0.00,0.00,0.00,0.00,0.00,0.0010
-93.76411295,42.02214116,90,TaskName 6/11/2025 (GreenStar 4 Monitor),Laudis/Warrant/AgSaver/Tough,332,6/11/2025,0.999,On,1103.4,56.25,32.50,5.536,7.779,12.08,180.05,19.99,21.59,0,6,36.20,6/11/2025,Good,8.636,0.00068,3.238,0.00025,19.43,2.159,0.0054,4.318,0.00034,2.159,0.00017,20.91,0.210,0.00,0.00,0.00,0.00,0.00,0.00,0.00,0.00,0.00,0.00,0.00,0.00,0.010
-93.76411321,42.02210425,90,TaskName 6/11/2025 (GreenStar 4 Monitor),Laudis/Warrant/AgSaver/Tough,333,6/11/2025,1.001,On,1103.3,56.25,32.50,8.243,12.04,8.310,179.79,19.99,20.91,0,6,55.92,6/11/2025,Good,8.364,0.0010,3.137,0.00038,18.82,2.091,0.0081,4.182,0.00051,2.091,0.00025,20.25,0.315,0.00,0.00,0.00,0.00,0.00,0.00,0.00,0.00,0.00,0.00,0.00,0.00,0.016
-93.76411329,42.02208205,90,TaskName 6/11/2025 (GreenStar 4 Monitor),Laudis/Warrant/AgSaver/Tough,334,6/11/2025,0.599,On,1103.3,56.25,32.50,9.077,7.993,6.790,179.58,19.99,20.63,0,6,62.04,6/11/2025,Good,8.253,0.00067,3.095,0.00025,18.57,2.063,0.0053,4.127,0.00033,2.063,0.00017,19.98,0.206,0.00,0.00,0.00,0.00,0.00,0.00,0.00,0.00,0.00,0.00,0.00,0.00,0.010
-93.76411312,42.02204560,90,TaskName 6/11/2025 (GreenStar 4 Monitor),Laudis/Warrant/AgSaver/Tough,335,6/11/2025,0.995,On,1103.4,57.50,31.87,9.143,13.35,7.802,179.88,19.99,20.43,0,6,63.76,6/11/2025,Good,8.173,0.0011,3.065,0.00042,18.39,2.043,0.0090,4.086,0.00056,2.043,0.00028,19.79,0.349,0.00,0.00,0.00,0.00,0.00,0.00,0.00,0.00,0.00,0.00,0.00,0.00,0.018
-93.76411288,42.02200854,90,TaskName 6/11/2025 (GreenStar 4 Monitor),Laudis/Warrant/AgSaver/Tough,336,6/11/2025,1.006,On,1103.4,57.50,31.87,9.123,13.47,8.041,179.94,19.99,20.32,0,6,63.62,6/11/2025,Good,8.126,0.0011,3.047,0.00042,18.28,2.032,0.0090,4.063,0.00056,2.032,0.00028,19.68,0.350,0.00,0.00,0.00,0.00,0.00,0.00,0.00,0.00,0.00,0.00,0.00,0.00,0.018
-93.76411301,42.02197135,90,TaskName 6/11/2025 (GreenStar 4 Monitor),Laudis/Warrant/AgSaver/Tough,337,6/11/2025,1.000,On,1103.6,57.50,31.87,9.161,13.44,8.134,179.49,19.99,20.24,0,6,63.88,6/11/2025,Good,8.095,0.0011,3.036,0.00042,18.21,2.024,0.0090,4.048,0.00056,2.024,0.00028,19.60,0.348,0.00,0.00,0.00,0.00,0.00,0.00,0.00,0.00,0.00,0.00,0.00,0.00,0.018
-93.76411280,42.02193364,90,TaskName 6/11/2025 (GreenStar 4 Monitor),Laudis/Warrant/AgSaver/Tough,338,6/11/2025,0.994,On,1103.8,57.50,31.87,9.302,13.56,8.387,179.68,19.99,20.16,0,6,64.84,6/11/2025,Good,8.065,0.0011,3.024,0.00042,18.15,2.016,0.0090,4.032,0.00056,2.016,0.00028,19.53,0.350,0.00,0.00,0.00,0.00,0.00,0.00,0.00,0.00,0.00,0.00,0.00,0.00,0.018
-93.76411285,42.02192599,90,TaskName 6/11/2025 (GreenStar 4 Monitor),Laudis/Warrant/AgSaver/Tough,339,6/11/2025,0.201,On,1103.8,57.50,31.87,9.377,2.765,8.883,179.64,19.99,20.11,0,6,65.37,6/11/2025,Good,8.044,0.00023,3.016,8.601e-05,18.10,2.011,0.0018,4.022,0.00011,2.011,5.734e-05,19.48,0.071,0.00,0.00,0.00,0.00,0.00,0.00,0.00,0.00,0.00,0.00,0.00,0.00,0.0036
-93.76411261,42.02188679,90,TaskName 6/11/2025 (GreenStar 4 Monitor),Laudis/Warrant/AgSaver/Tough,340,6/11/2025,0.999,On,1104.0,58.75,31.25,9.532,13.97,8.628,179.90,19.99,20.15,0,6,67.91,6/11/2025,Good,8.061,0.0012,3.023,0.00045,18.14,2.015,0.0095,4.031,0.00059,2.015,0.00030,19.52,0.368,0.00,0.00,0.00,0.00,0.00,0.00,0.00,0.00,0.00,0.00,0.00,0.00,0.019
-93.76411272,42.02184757,90,TaskName 6/11/2025 (GreenStar 4 Monitor),Laudis/Warrant/AgSaver/Tough,341,6/11/2025,1.005,On,1104.1,58.75,31.25,9.806,14.46,7.989,179.68,19.99,20.00,0,6,69.87,6/11/2025,Good,8.001,0.0012,3.000,0.00046,18.00,2.000,0.0098,4.001,0.00061,2.000,0.00030,19.37,0.378,0.00,0.00,0.00,0.00,0.00,0.00,0.00,0.00,0.00,0.00,0.00,0.00,0.020
-93.76411283,42.02183958,90,TaskName 6/11/2025 (GreenStar 4 Monitor),Laudis/Warrant/AgSaver/Tough,342,6/11/2025,0.201,On,1104.2,58.75,31.25,9.744,2.860,7.945,179.63,19.99,17.84,0,6,69.09,6/11/2025,Good,7.137,0.00022,2.676,8.066e-05,16.06,1.784,0.0017,3.569,0.00011,1.784,5.377e-05,17.28,0.067,0.00,0.00,0.00,0.00,0.00,0.00,0.00,0.00,0.00,0.00,0.00,0.00,0.0039
-93.76411261,42.02180006,90,TaskName 6/11/2025 (GreenStar 4 Monitor),Laudis/Warrant/AgSaver/Tough,343,6/11/2025,0.995,On,1104.3,121.25,0.00,9.807,14.33,8.142,179.55,19.99,19.42,0,6,144.32,6/11/2025,Good,7.768,0.0024,2.913,0.00091,17.48,1.942,0.019,3.884,0.0012,1.942,0.00061,18.81,0.750,0.00,0.00,0.00,0.00,0.00,0.00,0.00,0.00,0.00,0.00,0.00,0.00,0.040
-93.76411229,42.02176007,90,TaskName 6/11/2025 (GreenStar 4 Monitor),Laudis/Warrant/AgSaver/Tough,344,6/11/2025,1.004,On,1104.4,121.25,0.00,9.849,14.50,7.779,180.06,19.99,19.49,0,6,144.77,6/11/2025,Good,7.794,0.0025,2.923,0.00092,17.54,1.949,0.020,3.897,0.0012,1.949,0.00061,18.87,0.762,0.00,0.00,0.00,0.00,0.00,0.00,0.00,0.00,0.00,0.00,0.00,0.00,0.040
-93.76411236,42.02171993,90,TaskName 6/11/2025 (GreenStar 4 Monitor),Laudis/Warrant/AgSaver/Tough,345,6/11/2025,0.996,On,1104.4,121.25,0.00,9.936,14.50,7.058,180.33,19.99,19.69,0,6,145.93,6/11/2025,Good,7.878,0.0025,2.954,0.00093,17.73,1.969,0.020,3.939,0.0012,1.969,0.00062,19.07,0.770,0.00,0.00,0.00,0.00,0.00,0.00,0.00,0.00,0.00,0.00,0.00,0.00,0.040
-93.76411309,42.02167961,90,TaskName 6/11/2025 (GreenStar 4 Monitor),Laudis/Warrant/AgSaver/Tough,346,6/11/2025,1.000,On,1104.4,121.25,0.00,9.967,14.63,6.468,179.74,19.99,19.66,0,6,146.56,6/11/2025,Good,7.862,0.0025,2.948,0.00094,17.69,1.966,0.020,3.931,0.0013,1.966,0.00063,19.04,0.775,0.00,0.00,0.00,0.00,0.00,0.00,0.00,0.00,0.00,0.00,0.00,0.00,0.041
-93.76411320,42.02163959,90,TaskName 6/11/2025 (GreenStar 4 Monitor),Laudis/Warrant/AgSaver/Tough,347,6/11/2025,1.000,On,1104.5,121.25,0.00,9.994,14.66,6.589,179.62,19.99,19.77,0,6,146.92,6/11/2025,Good,7.908,0.0025,2.966,0.00095,17.79,1.977,0.020,3.954,0.0013,1.977,0.00063,19.15,0.781,0.00,0.00,0.00,0.00,0.00,0.00,0.00,0.00,0.00,0.00,0.00,0.00,0.041
-93.76411291,42.02159976,90,TaskName 6/11/2025 (GreenStar 4 Monitor),Laudis/Warrant/AgSaver/Tough,348,6/11/2025,1.000,On,1104.5,121.25,0.00,9.942,14.60,7.405,179.79,19.99,19.84,0,6,146.30,6/11/2025,Good,7.936,0.0025,2.976,0.00094,17.86,1.984,0.020,3.968,0.0013,1.984,0.00063,19.22,0.781,0.00,0.00,0.00,0.00,0.00,0.00,0.00,0.00,0.00,0.00,0.00,0.00,0.041
-93.76411282,42.02155935,90,TaskName 6/11/2025 (GreenStar 4 Monitor),Laudis/Warrant/AgSaver/Tough,349,6/11/2025,0.999,On,1104.5,121.25,0.00,9.951,14.59,7.456,179.96,19.99,19.94,0,6,146.31,6/11/2025,Good,7.975,0.0025,2.991,0.00095,17.94,1.994,0.020,3.987,0.0013,1.994,0.00063,19.31,0.784,0.00,0.00,0.00,0.00,0.00,0.00,0.00,0.00,0.00,0.00,0.00,0.00,0.041
-93.76411287,42.02153501,90,TaskName 6/11/2025 (GreenStar 4 Monitor),Laudis/Warrant/AgSaver/Tough,350,6/11/2025,0.601,On,1104.5,121.25,0.00,10.06,8.853,7.017,179.98,19.99,20.01,0,6,147.61,6/11/2025,Good,8.002,0.0015,3.001,0.00058,18.01,2.001,0.012,4.001,0.00077,2.001,0.00039,19.38,0.477,0.00,0.00,0.00,0.00,0.00,0.00,0.00,0.00,0.00,0.00,0.00,0.00,0.025
-93.76411282,42.02152691,90,TaskName 6/11/2025 (GreenStar 4 Monitor),Laudis/Warrant/AgSaver/Tough,351,6/11/2025,0.201,On,1104.4,75.00,15.33,10.09,2.975,6.842,179.96,19.99,19.99,0,6,91.74,6/11/2025,Good,7.997,0.00032,2.999,0.00012,17.99,1.999,0.0026,3.998,0.00016,1.999,8.000e-05,19.36,0.099,0.00,0.00,0.00,0.00,0.00,0.00,0.00,0.00,0.00,0.00,0.00,0.00,0.0051
-93.76411269,42.02137697,90,TaskName 6/11/2025 (GreenStar 4 Monitor),Laudis/Warrant/AgSaver/Tough,352,6/11/2025,1.000,On,1105.0,1.250,60.00,9.809,14.38,3.629,179.53,19.99,19.87,0,7,1.485,6/11/2025,Good,7.948,2.562e-05,2.980,9.606e-06,17.88,1.987,0.00020,3.974,1.281e-05,1.987,6.404e-06,19.24,0.0079,0.00,0.00,0.00,0.00,0.00,0.00,0.00,0.00,0.00,0.00,0.00,0.00,0.00041
-93.76411262,42.02136441,90,TaskName 6/11/2025 (GreenStar 4 Monitor),Laudis/Warrant/AgSaver/Tough,353,6/11/2025,0.400,On,1105.1,1.250,60.00,9.015,5.304,1.419,179.54,19.99,19.79,0,7,1.370,6/11/2025,Good,7.915,9.412e-06,2.968,3.529e-06,17.81,1.979,7.529e-05,3.958,4.706e-06,1.979,2.353e-06,19.17,0.0029,0.00,0.00,0.00,0.00,0.00,0.00,0.00,0.00,0.00,0.00,0.00,0.00,0.00015
-93.76390860,42.02166852,90,TaskName 6/11/2025 (GreenStar 4 Monitor),Laudis/Warrant/AgSaver/Tough,354,6/11/2025,0.199,On,1104.3,30.00,36.87,9.489,2.771,7.747,88.72,19.99,19.08,0,8,34.52,6/11/2025,Good,7.633,0.00011,2.862,4.267e-05,17.17,1.908,0.00091,3.817,5.689e-05,1.908,2.845e-05,18.48,0.035,0.00,0.00,0.00,0.00,0.00,0.00,0.00,0.00,0.00,0.00,0.00,0.00,0.0019
-93.76389826,42.02166860,90,TaskName 6/11/2025 (GreenStar 4 Monitor),Laudis/Warrant/AgSaver/Tough,355,6/11/2025,0.201,On,1104.4,47.50,28.12,9.549,2.816,7.502,88.85,19.99,18.55,0,8,55.01,6/11/2025,Good,7.419,0.00018,2.782,6.676e-05,16.69,1.855,0.0014,3.710,8.901e-05,1.855,4.450e-05,17.96,0.055,0.00,0.00,0.00,0.00,0.00,0.00,0.00,0.00,0.00,0.00,0.00,0.00,0.0031
-93.76384553,42.02166933,90,TaskName 6/11/2025 (GreenStar 4 Monitor),Laudis/Warrant/AgSaver/Tough,356,6/11/2025,1.000,On,1104.4,112.50,-4.375,9.655,14.16,7.034,89.00,19.99,18.84,0,8,131.66,6/11/2025,Good,7.535,0.0022,2.826,0.00081,16.95,1.884,0.017,3.767,0.0011,1.884,0.00054,18.24,0.667,0.00,0.00,0.00,0.00,0.00,0.00,0.00,0.00,0.00,0.00,0.00,0.00,0.037
-93.76379321,42.02166926,90,TaskName 6/11/2025 (GreenStar 4 Monitor),Laudis/Warrant/AgSaver/Tough,357,6/11/2025,1.000,On,1104.5,112.50,-4.375,9.717,14.25,7.537,88.07,19.99,19.11,0,8,132.48,6/11/2025,Good,7.645,0.0022,2.867,0.00082,17.20,1.911,0.018,3.823,0.0011,1.911,0.00055,18.51,0.681,0.00,0.00,0.00,0.00,0.00,0.00,0.00,0.00,0.00,0.00,0.00,0.00,0.037
-93.76375136,42.02166988,90,TaskName 6/11/2025 (GreenStar 4 Monitor),Laudis/Warrant/AgSaver/Tough,358,6/11/2025,0.800,On,1104.5,112.50,-4.375,9.665,11.32,8.344,88.06,19.99,19.40,0,8,131.62,6/11/2025,Good,7.758,0.0018,2.909,0.00066,17.46,1.940,0.014,3.879,0.00089,1.940,0.00044,18.78,0.549,0.00,0.00,0.00,0.00,0.00,0.00,0.00,0.00,0.00,0.00,0.00,0.00,0.029
-93.76369765,42.02167142,90,TaskName 6/11/2025 (GreenStar 4 Monitor),Laudis/Warrant/AgSaver/Tough,359,6/11/2025,1.000,On,1104.6,111.25,-3.750,9.813,14.41,7.524,89.21,19.99,19.51,0,8,132.46,6/11/2025,Good,7.804,0.0022,2.927,0.00084,17.56,1.951,0.018,3.902,0.0011,1.951,0.00056,18.90,0.695,0.00,0.00,0.00,0.00,0.00,0.00,0.00,0.00,0.00,0.00,0.00,0.00,0.037
-93.76364442,42.02167207,90,TaskName 6/11/2025 (GreenStar 4 Monitor),Laudis/Warrant/AgSaver/Tough,360,6/11/2025,1.000,On,1104.7,111.25,-3.750,9.917,14.53,7.601,89.60,19.99,19.64,0,8,133.55,6/11/2025,Good,7.856,0.0023,2.946,0.00085,17.68,1.964,0.018,3.928,0.0011,1.964,0.00057,19.02,0.706,0.00,0.00,0.00,0.00,0.00,0.00,0.00,0.00,0.00,0.00,0.00,0.00,0.037
-93.76359035,42.02167215,90,TaskName 6/11/2025 (GreenStar 4 Monitor),Laudis/Warrant/AgSaver/Tough,361,6/11/2025,0.999,On,1104.8,111.25,-3.750,9.918,14.54,7.251,89.40,19.99,19.77,0,8,133.86,6/11/2025,Good,7.908,0.0023,2.965,0.00086,17.79,1.977,0.018,3.954,0.0011,1.977,0.00057,19.15,0.711,0.00,0.00,0.00,0.00,0.00,0.00,0.00,0.00,0.00,0.00,0.00,0.00,0.037
-93.76353665,42.02167247,90,TaskName 6/11/2025 (GreenStar 4 Monitor),Laudis/Warrant/AgSaver/Tough,362,6/11/2025,1.001,On,1104.9,111.25,-3.750,10.01,14.69,6.578,89.50,19.99,19.93,0,8,134.92,6/11/2025,Good,7.971,0.0023,2.989,0.00088,17.93,1.993,0.019,3.985,0.0012,1.993,0.00058,19.30,0.724,0.00,0.00,0.00,0.00,0.00,0.00,0.00,0.00,0.00,0.00,0.00,0.00,0.038
-93.76348298,42.02167274,90,TaskName 6/11/2025 (GreenStar 4 Monitor),Laudis/Warrant/AgSaver/Tough,363,6/11/2025,1.000,On,1105.0,111.25,-3.750,9.904,14.53,7.713,89.32,19.99,19.93,0,8,133.58,6/11/2025,Good,7.970,0.0023,2.989,0.00087,17.93,1.993,0.018,3.985,0.0012,1.993,0.00058,19.30,0.716,0.00,0.00,0.00,0.00,0.00,0.00,0.00,0.00,0.00,0.00,0.00,0.00,0.037
-93.76342872,42.02167328,90,TaskName 6/11/2025 (GreenStar 4 Monitor),Laudis/Warrant/AgSaver/Tough,364,6/11/2025,1.000,On,1105.2,111.25,-3.750,10.01,14.67,6.561,88.95,19.99,19.90,0,8,134.87,6/11/2025,Good,7.961,0.0023,2.985,0.00087,17.91,1.990,0.019,3.980,0.0012,1.990,0.00058,19.28,0.722,0.00,0.00,0.00,0.00,0.00,0.00,0.00,0.00,0.00,0.00,0.00,0.00,0.037
-93.76337483,42.02167387,90,TaskName 6/11/2025 (GreenStar 4 Monitor),Laudis/Warrant/AgSaver/Tough,365,6/11/2025,1.000,On,1105.3,111.25,-3.750,10.01,14.69,7.173,88.79,19.99,19.93,0,8,135.08,6/11/2025,Good,7.974,0.0023,2.990,0.00088,17.94,1.993,0.019,3.987,0.0012,1.993,0.00058,19.31,0.724,0.00,0.00,0.00,0.00,0.00,0.00,0.00,0.00,0.00,0.00,0.00,0.00,0.038
-93.76332077,42.02167471,90,TaskName 6/11/2025 (GreenStar 4 Monitor),Laudis/Warrant/AgSaver/Tough,366,6/11/2025,1.000,On,1105.4,111.25,-3.750,9.993,14.64,7.186,89.20,19.99,19.94,0,8,134.60,6/11/2025,Good,7.978,0.0023,2.992,0.00087,17.95,1.994,0.019,3.989,0.0012,1.994,0.00058,19.32,0.722,0.00,0.00,0.00,0.00,0.00,0.00,0.00,0.00,0.00,0.00,0.00,0.00,0.037
-93.76326654,42.02167571,90,TaskName 6/11/2025 (GreenStar 4 Monitor),Laudis/Warrant/AgSaver/Tough,367,6/11/2025,1.000,On,1105.4,111.25,-3.750,10.03,14.72,6.603,89.92,19.99,19.96,0,8,135.36,6/11/2025,Good,7.986,0.0023,2.995,0.00088,17.97,1.996,0.019,3.993,0.0012,1.996,0.00059,19.34,0.727,0.00,0.00,0.00,0.00,0.00,0.00,0.00,0.00,0.00,0.00,0.00,0.00,0.038
-93.76321181,42.02167575,90,TaskName 6/11/2025 (GreenStar 4 Monitor),Laudis/Warrant/AgSaver/Tough,368,6/11/2025,1.000,On,1105.1,111.25,-3.750,10.10,14.79,6.317,89.62,19.99,19.96,0,8,135.97,6/11/2025,Good,7.985,0.0024,2.994,0.00088,17.97,1.996,0.019,3.992,0.0012,1.996,0.00059,19.33,0.730,0.00,0.00,0.00,0.00,0.00,0.00,0.00,0.00,0.00,0.00,0.00,0.00,0.038
-93.76315679,42.02167572,90,TaskName 6/11/2025 (GreenStar 4 Monitor),Laudis/Warrant/AgSaver/Tough,369,6/11/2025,1.000,On,1104.7,111.25,-3.750,10.14,14.88,5.709,89.03,19.99,19.92,0,8,136.84,6/11/2025,Good,7.968,0.0024,2.988,0.00089,17.93,1.992,0.019,3.984,0.0012,1.992,0.00059,19.29,0.733,0.00,0.00,0.00,0.00,0.00,0.00,0.00,0.00,0.00,0.00,0.00,0.00,0.038
-93.76311254,42.02167617,90,TaskName 6/11/2025 (GreenStar 4 Monitor),Laudis/Warrant/AgSaver/Tough,370,6/11/2025,0.795,On,1104.3,111.25,-3.750,10.22,11.91,4.884,89.55,19.99,19.91,0,8,137.78,6/11/2025,Good,7.964,0.0019,2.986,0.00071,17.92,1.991,0.015,3.982,0.00095,1.991,0.00047,19.28,0.587,0.00,0.00,0.00,0.00,0.00,0.00,0.00,0.00,0.00,0.00,0.00,0.00,0.030
-93.76305750,42.02167658,90,TaskName 6/11/2025 (GreenStar 4 Monitor),Laudis/Warrant/AgSaver/Tough,371,6/11/2025,1.000,On,1103.8,112.50,-3.125,10.23,15.00,4.943,89.75,19.99,19.91,0,8,139.47,6/11/2025,Good,7.962,0.0024,2.986,0.00090,17.91,1.991,0.019,3.981,0.0012,1.991,0.00060,19.28,0.747,0.00,0.00,0.00,0.00,0.00,0.00,0.00,0.00,0.00,0.00,0.00,0.00,0.039
-93.76300289,42.02167657,90,TaskName 6/11/2025 (GreenStar 4 Monitor),Laudis/Warrant/AgSaver/Tough,372,6/11/2025,0.999,On,1103.3,112.50,-3.125,10.15,14.87,5.511,89.17,19.99,19.94,0,8,138.36,6/11/2025,Good,7.975,0.0024,2.991,0.00090,17.94,1.994,0.019,3.987,0.0012,1.994,0.00060,19.31,0.741,0.00,0.00,0.00,0.00,0.00,0.00,0.00,0.00,0.00,0.00,0.00,0.00,0.038
-93.76294813,42.02167709,90,TaskName 6/11/2025 (GreenStar 4 Monitor),Laudis/Warrant/AgSaver/Tough,373,6/11/2025,1.005,On,1102.8,112.50,-3.125,10.14,14.94,5.140,89.35,19.99,20.07,0,8,138.17,6/11/2025,Good,8.029,0.0024,3.011,0.00091,18.07,2.007,0.019,4.015,0.0012,2.007,0.00060,19.44,0.750,0.00,0.00,0.00,0.00,0.00,0.00,0.00,0.00,0.00,0.00,0.00,0.00,0.039
-93.76289358,42.02167753,90,TaskName 6/11/2025 (GreenStar 4 Monitor),Laudis/Warrant/AgSaver/Tough,374,6/11/2025,0.996,On,1102.4,112.50,-3.125,10.13,14.78,5.208,89.59,19.99,20.00,0,8,137.95,6/11/2025,Good,7.998,0.0024,2.999,0.00089,18.00,2.000,0.019,3.999,0.0012,2.000,0.00060,19.37,0.739,0.00,0.00,0.00,0.00,0.00,0.00,0.00,0.00,0.00,0.00,0.00,0.00,0.038
-93.76283910,42.02167774,90,TaskName 6/11/2025 (GreenStar 4 Monitor),Laudis/Warrant/AgSaver/Tough,375,6/11/2025,1.004,On,1102.1,112.50,-3.125,10.09,14.87,5.713,89.39,19.99,19.95,0,8,137.67,6/11/2025,Good,7.979,0.0024,2.992,0.00090,17.95,1.995,0.019,3.989,0.0012,1.995,0.00060,19.32,0.742,0.00,0.00,0.00,0.00,0.00,0.00,0.00,0.00,0.00,0.00,0.00,0.00,0.038
-93.76278492,42.02167798,90,TaskName 6/11/2025 (GreenStar 4 Monitor),Laudis/Warrant/AgSaver/Tough,376,6/11/2025,1.001,On,1101.7,112.50,-3.125,10.12,14.86,5.595,89.68,19.99,19.97,0,8,137.99,6/11/2025,Good,7.989,0.0024,2.996,0.00090,17.98,1.997,0.019,3.994,0.0012,1.997,0.00060,19.34,0.742,0.00,0.00,0.00,0.00,0.00,0.00,0.00,0.00,0.00,0.00,0.00,0.00,0.038
-93.76273126,42.02167808,90,TaskName 6/11/2025 (GreenStar 4 Monitor),Laudis/Warrant/AgSaver/Tough,377,6/11/2025,0.995,On,1101.4,112.50,-3.125,9.999,14.59,6.908,89.27,19.99,20.00,0,8,136.31,6/11/2025,Good,8.001,0.0024,3.000,0.00088,18.00,2.000,0.019,4.000,0.0012,2.000,0.00059,19.37,0.730,0.00,0.00,0.00,0.00,0.00,0.00,0.00,0.00,0.00,0.00,0.00,0.00,0.038
-93.76267747,42.02167838,90,TaskName 6/11/2025 (GreenStar 4 Monitor),Laudis/Warrant/AgSaver/Tough,378,6/11/2025,1.005,On,1101.1,112.50,-3.125,9.931,14.63,7.569,88.94,19.99,20.04,0,8,135.35,6/11/2025,Good,8.016,0.0024,3.006,0.00089,18.04,2.004,0.019,4.008,0.0012,2.004,0.00059,19.41,0.733,0.00,0.00,0.00,0.00,0.00,0.00,0.00,0.00,0.00,0.00,0.00,0.00,0.038
-93.76266662,42.02167853,90,TaskName 6/11/2025 (GreenStar 4 Monitor),Laudis/Warrant/AgSaver/Tough,379,6/11/2025,0.195,On,1101.1,112.50,-3.125,9.941,2.841,7.238,88.91,19.99,19.88,0,8,135.48,6/11/2025,Good,7.954,0.00046,2.983,0.00017,17.90,1.988,0.0036,3.977,0.00023,1.988,0.00011,19.26,0.141,0.00,0.00,0.00,0.00,0.00,0.00,0.00,0.00,0.00,0.00,0.00,0.00,0.0073
-93.76265570,42.02167870,90,TaskName 6/11/2025 (GreenStar 4 Monitor),Laudis/Warrant/AgSaver/Tough,380,6/11/2025,0.204,On,1101.0,87.50,-15.62,9.972,2.983,7.331,88.92,19.99,19.99,0,8,105.73,6/11/2025,Good,7.997,0.00037,2.999,0.00014,17.99,1.999,0.0030,3.998,0.00019,1.999,9.357e-05,19.36,0.116,0.00,0.00,0.00,0.00,0.00,0.00,0.00,0.00,0.00,0.00,0.00,0.00,0.0060
-93.76264515,42.02167881,90,TaskName 6/11/2025 (GreenStar 4 Monitor),Laudis/Warrant/AgSaver/Tough,381,6/11/2025,0.201,On,1101.0,17.50,-50.62,10.01,2.950,7.450,88.96,19.99,19.99,0,8,21.22,6/11/2025,Good,7.997,7.403e-05,2.999,2.776e-05,17.99,1.999,0.00059,3.998,3.702e-05,1.999,1.851e-05,19.36,0.023,0.00,0.00,0.00,0.00,0.00,0.00,0.00,0.00,0.00,0.00,0.00,0.00,0.0012
-93.76262067,42.02266724,90,TaskName 6/11/2025 (GreenStar 4 Monitor),Laudis/Warrant/AgSaver/Tough,382,6/11/2025,0.195,On,1100.6,10.00,-35.62,9.782,2.796,8.975,270.03,19.99,19.11,0,9,11.85,6/11/2025,Good,7.646,3.834e-05,2.867,1.438e-05,17.20,1.911,0.00031,3.823,1.917e-05,1.911,9.585e-06,18.51,0.012,0.00,0.00,0.00,0.00,0.00,0.00,0.00,0.00,0.00,0.00,0.00,0.00,0.00064
-93.76265322,42.02266722,90,TaskName 6/11/2025 (GreenStar 4 Monitor),Laudis/Warrant/AgSaver/Tough,383,6/11/2025,0.609,On,1100.6,28.75,-45.00,9.851,8.798,8.145,269.75,19.99,20.35,0,9,34.33,6/11/2025,Good,8.138,0.00037,3.052,0.00014,18.31,2.035,0.0030,4.069,0.00018,2.035,9.230e-05,19.70,0.114,0.00,0.00,0.00,0.00,0.00,0.00,0.00,0.00,0.00,0.00,0.00,0.00,0.0058
-93.76266416,42.02266719,90,TaskName 6/11/2025 (GreenStar 4 Monitor),Laudis/Warrant/AgSaver/Tough,384,6/11/2025,0.196,On,1100.6,27.50,-45.62,9.974,2.865,7.337,269.78,19.99,21.03,0,9,33.22,6/11/2025,Good,8.411,0.00012,3.154,4.457e-05,18.93,2.103,0.00095,4.206,5.943e-05,2.103,2.971e-05,20.37,0.037,0.00,0.00,0.00,0.00,0.00,0.00,0.00,0.00,0.00,0.00,0.00,0.00,0.0018
-93.76267497,42.02266700,90,TaskName 6/11/2025 (GreenStar 4 Monitor),Laudis/Warrant/AgSaver/Tough,385,6/11/2025,0.200,On,1100.5,28.75,-46.25,10.06,2.950,7.463,269.90,19.99,20.50,0,9,35.05,6/11/2025,Good,8.202,0.00012,3.076,4.679e-05,18.45,2.050,0.00100,4.101,6.238e-05,2.050,3.119e-05,19.86,0.039,0.00,0.00,0.00,0.00,0.00,0.00,0.00,0.00,0.00,0.00,0.00,0.00,0.0019
-93.76272841,42.02266713,90,TaskName 6/11/2025 (GreenStar 4 Monitor),Laudis/Warrant/AgSaver/Tough,386,6/11/2025,1.000,On,1100.5,27.50,-45.62,9.990,14.65,8.012,269.88,19.99,20.46,0,9,33.29,6/11/2025,Good,8.183,0.00059,3.069,0.00022,18.41,2.046,0.0047,4.091,0.00030,2.046,0.00015,19.81,0.183,0.00,0.00,0.00,0.00,0.00,0.00,0.00,0.00,0.00,0.00,0.00,0.00,0.0092
-93.76278218,42.02266728,90,TaskName 6/11/2025 (GreenStar 4 Monitor),Laudis/Warrant/AgSaver/Tough,387,6/11/2025,1.000,On,1100.3,27.50,-45.62,9.956,14.59,8.049,269.58,19.99,20.30,0,9,33.17,6/11/2025,Good,8.122,0.00058,3.046,0.00022,18.27,2.030,0.0047,4.061,0.00029,2.030,0.00015,19.66,0.181,0.00,0.00,0.00,0.00,0.00,0.00,0.00,0.00,0.00,0.00,0.00,0.00,0.0092
-93.76283591,42.02266694,90,TaskName 6/11/2025 (GreenStar 4 Monitor),Laudis/Warrant/AgSaver/Tough,388,6/11/2025,1.000,On,1100.2,27.50,-45.62,9.942,14.58,8.092,268.63,19.99,20.29,0,9,33.13,6/11/2025,Good,8.115,0.00058,3.043,0.00022,18.26,2.029,0.0047,4.057,0.00029,2.029,0.00015,19.65,0.181,0.00,0.00,0.00,0.00,0.00,0.00,0.00,0.00,0.00,0.00,0.00,0.00,0.0092
-93.76286787,42.02266675,90,TaskName 6/11/2025 (GreenStar 4 Monitor),Laudis/Warrant/AgSaver/Tough,389,6/11/2025,0.605,On,1100.2,27.50,-45.62,9.912,8.778,8.765,268.40,19.99,20.21,0,9,32.98,6/11/2025,Good,8.082,0.00035,3.031,0.00013,18.18,2.021,0.0028,4.041,0.00017,2.021,8.748e-05,19.57,0.108,0.00,0.00,0.00,0.00,0.00,0.00,0.00,0.00,0.00,0.00,0.00,0.00,0.0055
-93.76292209,42.02266570,90,TaskName 6/11/2025 (GreenStar 4 Monitor),Laudis/Warrant/AgSaver/Tough,390,6/11/2025,0.995,On,1100.0,28.75,-46.25,9.975,14.57,7.915,268.88,19.99,20.10,0,9,34.79,6/11/2025,Good,8.039,0.00060,3.015,0.00023,18.09,2.010,0.0048,4.020,0.00030,2.010,0.00015,19.47,0.187,0.00,0.00,0.00,0.00,0.00,0.00,0.00,0.00,0.00,0.00,0.00,0.00,0.0096
-93.76297643,42.02266448,90,TaskName 6/11/2025 (GreenStar 4 Monitor),Laudis/Warrant/AgSaver/Tough,391,6/11/2025,1.005,On,1099.9,30.00,-45.62,10.05,14.81,7.207,269.90,19.99,20.05,0,9,36.54,6/11/2025,Good,8.019,0.00064,3.007,0.00024,18.04,2.005,0.0051,4.009,0.00032,2.005,0.00016,19.42,0.198,0.00,0.00,0.00,0.00,0.00,0.00,0.00,0.00,0.00,0.00,0.00,0.00,0.010
-93.76298720,42.02266447,90,TaskName 6/11/2025 (GreenStar 4 Monitor),Laudis/Warrant/AgSaver/Tough,392,6/11/2025,0.195,On,1099.9,30.00,-45.62,10.06,2.878,7.668,269.95,19.99,19.96,0,9,36.59,6/11/2025,Good,7.984,0.00012,2.994,4.636e-05,17.96,1.996,0.00099,3.992,6.181e-05,1.996,3.091e-05,19.33,0.038,0.00,0.00,0.00,0.00,0.00,0.00,0.00,0.00,0.00,0.00,0.00,0.00,0.0020
-93.76304158,42.02266440,90,TaskName 6/11/2025 (GreenStar 4 Monitor),Laudis/Warrant/AgSaver/Tough,393,6/11/2025,1.000,On,1099.7,28.75,-45.00,10.04,14.72,7.633,269.94,19.99,20.13,0,9,34.99,6/11/2025,Good,8.051,0.00061,3.019,0.00023,18.11,2.013,0.0049,4.025,0.00031,2.013,0.00015,19.49,0.189,0.00,0.00,0.00,0.00,0.00,0.00,0.00,0.00,0.00,0.00,0.00,0.00,0.0097
-93.76309619,42.02266452,90,TaskName 6/11/2025 (GreenStar 4 Monitor),Laudis/Warrant/AgSaver/Tough,394,6/11/2025,0.999,On,1099.6,28.75,-45.00,10.07,14.75,7.046,269.10,19.99,20.06,0,9,35.08,6/11/2025,Good,8.022,0.00061,3.008,0.00023,18.05,2.006,0.0049,4.011,0.00031,2.006,0.00015,19.42,0.189,0.00,0.00,0.00,0.00,0.00,0.00,0.00,0.00,0.00,0.00,0.00,0.00,0.0097
-93.76315025,42.02266413,90,TaskName 6/11/2025 (GreenStar 4 Monitor),Laudis/Warrant/AgSaver/Tough,395,6/11/2025,1.000,On,1099.4,28.75,-45.00,10.10,14.81,7.223,269.19,19.99,20.04,0,9,35.20,6/11/2025,Good,8.015,0.00061,3.006,0.00023,18.03,2.004,0.0049,4.007,0.00031,2.004,0.00015,19.41,0.190,0.00,0.00,0.00,0.00,0.00,0.00,0.00,0.00,0.00,0.00,0.00,0.00,0.0098
-93.76318288,42.02266366,90,TaskName 6/11/2025 (GreenStar 4 Monitor),Laudis/Warrant/AgSaver/Tough,396,6/11/2025,0.610,On,1099.3,28.75,-45.00,10.02,8.955,7.625,269.65,19.99,20.10,0,9,34.88,6/11/2025,Good,8.042,0.00037,3.016,0.00014,18.09,2.010,0.0030,4.021,0.00019,2.010,9.284e-05,19.47,0.115,0.00,0.00,0.00,0.00,0.00,0.00,0.00,0.00,0.00,0.00,0.00,0.00,0.0059
-93.76323693,42.02266332,90,TaskName 6/11/2025 (GreenStar 4 Monitor),Laudis/Warrant/AgSaver/Tough,397,6/11/2025,0.990,On,1099.2,27.50,-45.62,10.05,14.59,7.297,269.73,19.99,20.07,0,9,33.49,6/11/2025,Good,8.027,0.00058,3.010,0.00022,18.06,2.007,0.0046,4.014,0.00029,2.007,0.00014,19.44,0.179,0.00,0.00,0.00,0.00,0.00,0.00,0.00,0.00,0.00,0.00,0.00,0.00,0.0092
-93.76329116,42.02266318,90,TaskName 6/11/2025 (GreenStar 4 Monitor),Laudis/Warrant/AgSaver/Tough,398,6/11/2025,1.001,On,1099.1,27.50,-45.62,10.03,14.71,7.750,269.04,19.99,20.05,0,9,33.40,6/11/2025,Good,8.018,0.00058,3.007,0.00022,18.04,2.005,0.0047,4.009,0.00029,2.005,0.00015,19.41,0.180,0.00,0.00,0.00,0.00,0.00,0.00,0.00,0.00,0.00,0.00,0.00,0.00,0.0093
-93.76334537,42.02266253,90,TaskName 6/11/2025 (GreenStar 4 Monitor),Laudis/Warrant/AgSaver/Tough,399,6/11/2025,1.000,On,1099.1,27.50,-45.62,10.06,14.76,7.848,269.31,19.99,20.08,0,9,33.55,6/11/2025,Good,8.033,0.00058,3.012,0.00022,18.07,2.008,0.0047,4.016,0.00029,2.008,0.00015,19.45,0.181,0.00,0.00,0.00,0.00,0.00,0.00,0.00,0.00,0.00,0.00,0.00,0.00,0.0093
-93.76335620,42.02266237,90,TaskName 6/11/2025 (GreenStar 4 Monitor),Laudis/Warrant/AgSaver/Tough,400,6/11/2025,0.200,On,1099.1,27.50,-45.62,10.05,2.947,8.302,269.46,19.99,19.86,0,9,33.49,6/11/2025,Good,7.945,0.00012,2.979,4.330e-05,17.88,1.986,0.00092,3.973,5.774e-05,1.986,2.887e-05,19.24,0.036,0.00,0.00,0.00,0.00,0.00,0.00,0.00,0.00,0.00,0.00,0.00,0.00,0.0019
-93.76336686,42.02266241,90,TaskName 6/11/2025 (GreenStar 4 Monitor),Laudis/Warrant/AgSaver/Tough,401,6/11/2025,0.199,On,1099.1,28.75,-45.00,10.02,2.924,9.114,269.46,19.99,20.11,0,9,34.91,6/11/2025,Good,8.044,0.00012,3.016,4.548e-05,18.10,2.011,0.00097,4.022,6.064e-05,2.011,3.032e-05,19.48,0.038,0.00,0.00,0.00,0.00,0.00,0.00,0.00,0.00,0.00,0.00,0.00,0.00,0.0019
-93.76338876,42.02266214,90,TaskName 6/11/2025 (GreenStar 4 Monitor),Laudis/Warrant/AgSaver/Tough,402,6/11/2025,0.400,On,1099.1,27.50,-45.62,9.997,5.861,8.374,269.46,19.99,20.14,0,9,33.30,6/11/2025,Good,8.057,0.00023,3.021,8.733e-05,18.13,2.014,0.0019,4.028,0.00012,2.014,5.822e-05,19.51,0.072,0.00,0.00,0.00,0.00,0.00,0.00,0.00,0.00,0.00,0.00,0.00,0.00,0.0037
-93.76341059,42.02266185,90,TaskName 6/11/2025 (GreenStar 4 Monitor),Laudis/Warrant/AgSaver/Tough,403,6/11/2025,0.401,On,1099.2,28.75,-46.25,10.04,5.887,8.005,269.47,19.99,19.93,0,9,34.88,6/11/2025,Good,7.973,0.00024,2.990,9.076e-05,17.94,1.993,0.0019,3.986,0.00012,1.993,6.051e-05,19.30,0.075,0.00,0.00,0.00,0.00,0.00,0.00,0.00,0.00,0.00,0.00,0.00,0.00,0.0039
-93.76343211,42.02266174,90,TaskName 6/11/2025 (GreenStar 4 Monitor),Laudis/Warrant/AgSaver/Tough,404,6/11/2025,0.400,On,1099.1,27.50,-45.62,10.08,5.910,8.027,269.28,19.99,19.99,0,9,33.58,6/11/2025,Good,7.995,0.00023,2.998,8.739e-05,17.99,1.999,0.0019,3.997,0.00012,1.999,5.826e-05,19.36,0.072,0.00,0.00,0.00,0.00,0.00,0.00,0.00,0.00,0.00,0.00,0.00,0.00,0.0037
-93.76345401,42.02266152,90,TaskName 6/11/2025 (GreenStar 4 Monitor),Laudis/Warrant/AgSaver/Tough,405,6/11/2025,0.400,On,1099.2,28.75,-45.00,10.06,5.913,8.018,269.34,19.99,19.87,0,9,35.13,6/11/2025,Good,7.950,0.00024,2.981,9.090e-05,17.89,1.987,0.0019,3.975,0.00012,1.987,6.060e-05,19.25,0.075,0.00,0.00,0.00,0.00,0.00,0.00,0.00,0.00,0.00,0.00,0.00,0.00,0.0039
-93.76349723,42.02266094,90,TaskName 6/11/2025 (GreenStar 4 Monitor),Laudis/Warrant/AgSaver/Tough,406,6/11/2025,0.799,On,1099.3,27.50,-45.62,10.05,11.77,8.547,269.90,19.99,19.98,0,9,33.48,6/11/2025,Good,7.992,0.00046,2.997,0.00017,17.98,1.998,0.0037,3.996,0.00023,1.998,0.00012,19.35,0.144,0.00,0.00,0.00,0.00,0.00,0.00,0.00,0.00,0.00,0.00,0.00,0.00,0.0074
-93.76355127,42.02266050,90,TaskName 6/11/2025 (GreenStar 4 Monitor),Laudis/Warrant/AgSaver/Tough,407,6/11/2025,1.001,On,1099.3,28.75,-45.00,9.994,14.67,8.740,270.25,19.99,20.08,0,9,34.81,6/11/2025,Good,8.031,0.00061,3.012,0.00023,18.07,2.008,0.0049,4.015,0.00030,2.008,0.00015,19.44,0.188,0.00,0.00,0.00,0.00,0.00,0.00,0.00,0.00,0.00,0.00,0.00,0.00,0.0097
-93.76358390,42.02266080,90,TaskName 6/11/2025 (GreenStar 4 Monitor),Laudis/Warrant/AgSaver/Tough,408,6/11/2025,0.599,On,1099.4,28.75,-45.00,10.07,8.844,8.173,269.56,19.99,20.04,0,9,35.08,6/11/2025,Good,8.017,0.00037,3.006,0.00014,18.04,2.004,0.0029,4.008,0.00018,2.004,9.139e-05,19.41,0.113,0.00,0.00,0.00,0.00,0.00,0.00,0.00,0.00,0.00,0.00,0.00,0.00,0.0058
-93.76359483,42.02266067,90,TaskName 6/11/2025 (GreenStar 4 Monitor),Laudis/Warrant/AgSaver/Tough,409,6/11/2025,0.201,On,1099.4,30.00,-45.62,10.09,2.957,8.077,269.60,19.99,19.99,0,9,36.47,6/11/2025,Good,7.997,0.00013,2.999,4.771e-05,17.99,1.999,0.0010,3.998,6.361e-05,1.999,3.180e-05,19.36,0.039,0.00,0.00,0.00,0.00,0.00,0.00,0.00,0.00,0.00,0.00,0.00,0.00,0.0020
-93.76363810,42.02266068,90,TaskName 6/11/2025 (GreenStar 4 Monitor),Laudis/Warrant/AgSaver/Tough,410,6/11/2025,0.795,On,1099.5,28.75,-45.00,10.07,11.75,8.038,269.41,19.99,19.99,0,9,35.11,6/11/2025,Good,7.996,0.00048,2.998,0.00018,17.99,1.999,0.0039,3.998,0.00024,1.999,0.00012,19.36,0.150,0.00,0.00,0.00,0.00,0.00,0.00,0.00,0.00,0.00,0.00,0.00,0.00,0.0078
-93.76369225,42.02266040,90,TaskName 6/11/2025 (GreenStar 4 Monitor),Laudis/Warrant/AgSaver/Tough,411,6/11/2025,1.004,On,1099.5,27.50,-45.62,10.02,14.75,8.324,269.51,19.99,19.97,0,9,33.38,6/11/2025,Good,7.988,0.00058,2.996,0.00022,17.97,1.997,0.0046,3.994,0.00029,1.997,0.00015,19.34,0.180,0.00,0.00,0.00,0.00,0.00,0.00,0.00,0.00,0.00,0.00,0.00,0.00,0.0093
-93.76374638,42.02266002,90,TaskName 6/11/2025 (GreenStar 4 Monitor),Laudis/Warrant/AgSaver/Tough,412,6/11/2025,1.000,On,1099.6,27.50,-45.62,10.02,14.68,8.245,269.53,19.99,20.02,0,9,33.37,6/11/2025,Good,8.008,0.00058,3.003,0.00022,18.02,2.002,0.0046,4.004,0.00029,2.002,0.00014,19.39,0.180,0.00,0.00,0.00,0.00,0.00,0.00,0.00,0.00,0.00,0.00,0.00,0.00,0.0093
-93.76380061,42.02265979,90,TaskName 6/11/2025 (GreenStar 4 Monitor),Laudis/Warrant/AgSaver/Tough,413,6/11/2025,1.000,On,1099.7,27.50,-45.62,10.05,14.73,8.046,269.49,19.99,20.06,0,9,33.48,6/11/2025,Good,8.022,0.00058,3.008,0.00022,18.05,2.006,0.0047,4.011,0.00029,2.006,0.00015,19.42,0.181,0.00,0.00,0.00,0.00,0.00,0.00,0.00,0.00,0.00,0.00,0.00,0.00,0.0093
-93.76385463,42.02265964,90,TaskName 6/11/2025 (GreenStar 4 Monitor),Laudis/Warrant/AgSaver/Tough,414,6/11/2025,1.001,On,1099.8,27.50,-45.62,10.01,14.67,8.208,269.03,19.99,20.02,0,9,33.31,6/11/2025,Good,8.006,0.00058,3.002,0.00022,18.01,2.002,0.0046,4.003,0.00029,2.002,0.00014,19.39,0.180,0.00,0.00,0.00,0.00,0.00,0.00,0.00,0.00,0.00,0.00,0.00,0.00,0.0093
-93.76389807,42.02265925,90,TaskName 6/11/2025 (GreenStar 4 Monitor),Laudis/Warrant/AgSaver/Tough,415,6/11/2025,0.800,On,1099.8,27.50,-45.62,10.05,11.79,7.796,269.03,19.99,19.93,0,9,33.49,6/11/2025,Good,7.971,0.00046,2.989,0.00017,17.93,1.993,0.0037,3.985,0.00023,1.993,0.00012,19.30,0.144,0.00,0.00,0.00,0.00,0.00,0.00,0.00,0.00,0.00,0.00,0.00,0.00,0.0074
-93.76395203,42.02265867,90,TaskName 6/11/2025 (GreenStar 4 Monitor),Laudis/Warrant/AgSaver/Tough,416,6/11/2025,1.000,On,1099.9,28.75,-45.00,10.03,14.71,7.808,269.21,19.99,20.06,0,9,34.95,6/11/2025,Good,8.025,0.00061,3.009,0.00023,18.06,2.006,0.0049,4.013,0.00030,2.006,0.00015,19.43,0.189,0.00,0.00,0.00,0.00,0.00,0.00,0.00,0.00,0.00,0.00,0.00,0.00,0.0097
-93.76400616,42.02265822,90,TaskName 6/11/2025 (GreenStar 4 Monitor),Laudis/Warrant/AgSaver/Tough,417,6/11/2025,0.999,On,1100.0,27.50,-45.62,10.01,14.67,8.396,269.21,19.99,20.02,0,9,33.38,6/11/2025,Good,8.009,0.00058,3.004,0.00022,18.02,2.002,0.0046,4.005,0.00029,2.002,0.00014,19.39,0.180,0.00,0.00,0.00,0.00,0.00,0.00,0.00,0.00,0.00,0.00,0.00,0.00,0.0093
-93.76405989,42.02265784,90,TaskName 6/11/2025 (GreenStar 4 Monitor),Laudis/Warrant/AgSaver/Tough,418,6/11/2025,1.001,On,1100.1,27.50,-45.62,9.985,14.65,8.619,269.20,19.99,19.96,0,9,33.27,6/11/2025,Good,7.985,0.00058,2.994,0.00022,17.97,1.996,0.0046,3.992,0.00029,1.996,0.00014,19.33,0.179,0.00,0.00,0.00,0.00,0.00,0.00,0.00,0.00,0.00,0.00,0.00,0.00,0.0093
-93.76408143,42.02265778,90,TaskName 6/11/2025 (GreenStar 4 Monitor),Laudis/Warrant/AgSaver/Tough,419,6/11/2025,0.395,On,1100.1,27.50,-45.62,9.957,5.766,8.740,269.27,19.99,20.11,0,9,33.17,6/11/2025,Good,8.044,0.00023,3.016,8.578e-05,18.10,2.011,0.0018,4.022,0.00011,2.011,5.719e-05,19.48,0.071,0.00,0.00,0.00,0.00,0.00,0.00,0.00,0.00,0.00,0.00,0.00,0.00,0.0036
-93.76413527,42.02265723,90,TaskName 6/11/2025 (GreenStar 4 Monitor),Laudis/Warrant/AgSaver/Tough,420,6/11/2025,1.005,On,1100.2,28.75,-45.00,9.961,14.66,8.659,269.15,19.99,19.97,0,9,34.66,6/11/2025,Good,7.988,0.00060,2.996,0.00023,17.97,1.997,0.0048,3.994,0.00030,1.997,0.00015,19.34,0.187,0.00,0.00,0.00,0.00,0.00,0.00,0.00,0.00,0.00,0.00,0.00,0.00,0.0097
-93.76418889,42.02265664,90,TaskName 6/11/2025 (GreenStar 4 Monitor),Laudis/Warrant/AgSaver/Tough,421,6/11/2025,1.000,On,1100.3,28.75,-45.00,9.982,14.64,8.587,269.51,19.99,19.95,0,9,34.78,6/11/2025,Good,7.980,0.00060,2.992,0.00023,17.95,1.995,0.0048,3.990,0.00030,1.995,0.00015,19.32,0.187,0.00,0.00,0.00,0.00,0.00,0.00,0.00,0.00,0.00,0.00,0.00,0.00,0.0097
-93.76424260,42.02265633,90,TaskName 6/11/2025 (GreenStar 4 Monitor),Laudis/Warrant/AgSaver/Tough,422,6/11/2025,1.000,On,1100.4,28.75,-45.00,9.928,14.56,9.047,269.84,19.99,20.04,0,9,34.60,6/11/2025,Good,8.015,0.00060,3.006,0.00023,18.03,2.004,0.0048,4.008,0.00030,2.004,0.00015,19.41,0.187,0.00,0.00,0.00,0.00,0.00,0.00,0.00,0.00,0.00,0.00,0.00,0.00,0.0096
-93.76429656,42.02265657,90,TaskName 6/11/2025 (GreenStar 4 Monitor),Laudis/Warrant/AgSaver/Tough,423,6/11/2025,1.000,On,1100.4,28.75,-46.25,9.977,14.63,8.674,269.00,19.99,19.96,0,9,34.77,6/11/2025,Good,7.983,0.00060,2.994,0.00023,17.96,1.996,0.0048,3.992,0.00030,1.996,0.00015,19.33,0.187,0.00,0.00,0.00,0.00,0.00,0.00,0.00,0.00,0.00,0.00,0.00,0.00,0.0097
-93.76435048,42.02265636,90,TaskName 6/11/2025 (GreenStar 4 Monitor),Laudis/Warrant/AgSaver/Tough,424,6/11/2025,1.000,On,1100.6,28.75,-46.25,9.981,14.64,8.505,268.56,19.99,20.03,0,9,34.78,6/11/2025,Good,8.012,0.00060,3.004,0.00023,18.03,2.003,0.0048,4.006,0.00030,2.003,0.00015,19.40,0.187,0.00,0.00,0.00,0.00,0.00,0.00,0.00,0.00,0.00,0.00,0.00,0.00,0.0097
-93.76437190,42.02265602,90,TaskName 6/11/2025 (GreenStar 4 Monitor),Laudis/Warrant/AgSaver/Tough,425,6/11/2025,0.400,On,1100.6,28.75,-46.25,9.989,5.876,8.319,268.82,19.99,19.91,0,9,34.90,6/11/2025,Good,7.964,0.00024,2.987,9.049e-05,17.92,1.991,0.0019,3.982,0.00012,1.991,6.032e-05,19.28,0.075,0.00,0.00,0.00,0.00,0.00,0.00,0.00,0.00,0.00,0.00,0.00,0.00,0.0039
-93.76442556,42.02265519,90,TaskName 6/11/2025 (GreenStar 4 Monitor),Laudis/Warrant/AgSaver/Tough,426,6/11/2025,1.000,On,1100.7,27.50,-45.62,9.943,14.58,8.513,269.38,19.99,20.01,0,9,33.14,6/11/2025,Good,8.004,0.00058,3.002,0.00022,18.01,2.001,0.0046,4.002,0.00029,2.001,0.00014,19.38,0.178,0.00,0.00,0.00,0.00,0.00,0.00,0.00,0.00,0.00,0.00,0.00,0.00,0.0092
-93.76447939,42.02265490,90,TaskName 6/11/2025 (GreenStar 4 Monitor),Laudis/Warrant/AgSaver/Tough,427,6/11/2025,1.000,On,1100.8,28.75,-45.00,9.947,14.57,8.794,269.22,19.99,20.02,0,9,34.63,6/11/2025,Good,8.008,0.00060,3.003,0.00023,18.02,2.002,0.0048,4.004,0.00030,2.002,0.00015,19.39,0.187,0.00,0.00,0.00,0.00,0.00,0.00,0.00,0.00,0.00,0.00,0.00,0.00,0.0096
-93.76449012,42.02265484,90,TaskName 6/11/2025 (GreenStar 4 Monitor),Laudis/Warrant/AgSaver/Tough,428,6/11/2025,0.200,On,1100.9,28.75,-45.00,9.981,2.928,8.817,269.19,19.99,20.01,0,9,34.78,6/11/2025,Good,8.005,0.00012,3.002,4.532e-05,18.01,2.001,0.00097,4.003,6.043e-05,2.001,3.021e-05,19.38,0.037,0.00,0.00,0.00,0.00,0.00,0.00,0.00,0.00,0.00,0.00,0.00,0.00,0.0019
-93.76450086,42.02265487,90,TaskName 6/11/2025 (GreenStar 4 Monitor),Laudis/Warrant/AgSaver/Tough,429,6/11/2025,0.195,On,1100.9,30.00,-45.62,9.977,2.869,8.559,269.14,19.99,20.12,0,9,36.48,6/11/2025,Good,8.048,0.00012,3.018,4.659e-05,18.11,2.012,0.00099,4.024,6.211e-05,2.012,3.106e-05,19.49,0.039,0.00,0.00,0.00,0.00,0.00,0.00,0.00,0.00,0.00,0.00,0.00,0.00,0.0020
-93.76455445,42.02265466,90,TaskName 6/11/2025 (GreenStar 4 Monitor),Laudis/Warrant/AgSaver/Tough,430,6/11/2025,1.000,On,1100.9,28.75,-46.25,9.939,14.58,9.087,268.79,19.99,20.00,0,9,34.64,6/11/2025,Good,8.002,0.00060,3.001,0.00023,18.00,2.000,0.0048,4.001,0.00030,2.000,0.00015,19.37,0.186,0.00,0.00,0.00,0.00,0.00,0.00,0.00,0.00,0.00,0.00,0.00,0.00,0.0096
-93.76460869,42.02265396,90,TaskName 6/11/2025 (GreenStar 4 Monitor),Laudis/Warrant/AgSaver/Tough,431,6/11/2025,1.000,On,1101.0,28.75,-46.25,9.971,14.63,8.554,268.68,19.99,20.06,0,9,34.75,6/11/2025,Good,8.025,0.00061,3.009,0.00023,18.06,2.006,0.0048,4.012,0.00030,2.006,0.00015,19.43,0.188,0.00,0.00,0.00,0.00,0.00,0.00,0.00,0.00,0.00,0.00,0.00,0.00,0.0097
-93.76466276,42.02265295,90,TaskName 6/11/2025 (GreenStar 4 Monitor),Laudis/Warrant/AgSaver/Tough,432,6/11/2025,1.005,On,1101.0,28.75,-45.00,10.04,14.80,7.914,269.53,19.99,19.97,0,9,34.99,6/11/2025,Good,7.987,0.00061,2.995,0.00023,17.97,1.997,0.0049,3.993,0.00030,1.997,0.00015,19.34,0.189,0.00,0.00,0.00,0.00,0.00,0.00,0.00,0.00,0.00,0.00,0.00,0.00,0.0098
-93.76471666,42.02265239,90,TaskName 6/11/2025 (GreenStar 4 Monitor),Laudis/Warrant/AgSaver/Tough,433,6/11/2025,0.995,On,1100.9,28.75,-45.00,10.00,14.60,8.181,270.05,19.99,19.95,0,9,34.86,6/11/2025,Good,7.979,0.00060,2.992,0.00023,17.95,1.995,0.0048,3.989,0.00030,1.995,0.00015,19.32,0.186,0.00,0.00,0.00,0.00,0.00,0.00,0.00,0.00,0.00,0.00,0.00,0.00,0.0096
-93.76477140,42.02265268,90,TaskName 6/11/2025 (GreenStar 4 Monitor),Laudis/Warrant/AgSaver/Tough,434,6/11/2025,1.000,On,1100.6,28.75,-45.00,10.07,14.76,7.440,269.26,19.99,20.00,0,9,35.08,6/11/2025,Good,8.001,0.00061,3.000,0.00023,18.00,2.000,0.0049,4.000,0.00030,2.000,0.00015,19.37,0.189,0.00,0.00,0.00,0.00,0.00,0.00,0.00,0.00,0.00,0.00,0.00,0.00,0.0097
-93.76478231,42.02265269,90,TaskName 6/11/2025 (GreenStar 4 Monitor),Laudis/Warrant/AgSaver/Tough,435,6/11/2025,0.200,On,1100.6,28.75,-45.00,10.14,2.974,6.862,269.17,19.99,19.87,0,9,35.33,6/11/2025,Good,7.950,0.00012,2.981,4.571e-05,17.89,1.987,0.00098,3.975,6.095e-05,1.987,3.048e-05,19.25,0.038,0.00,0.00,0.00,0.00,0.00,0.00,0.00,0.00,0.00,0.00,0.00,0.00,0.0020
-93.76483675,42.02265253,90,TaskName 6/11/2025 (GreenStar 4 Monitor),Laudis/Warrant/AgSaver/Tough,436,6/11/2025,1.005,On,1100.7,30.00,-45.62,10.13,14.92,6.980,268.98,19.99,19.99,0,9,36.80,6/11/2025,Good,7.997,0.00064,2.999,0.00024,17.99,1.999,0.0051,3.998,0.00032,1.999,0.00016,19.36,0.199,0.00,0.00,0.00,0.00,0.00,0.00,0.00,0.00,0.00,0.00,0.00,0.00,0.010
-93.76487916,42.02265207,90,TaskName 6/11/2025 (GreenStar 4 Monitor),Laudis/Warrant/AgSaver/Tough,437,6/11/2025,0.795,On,1100.9,30.00,-45.62,9.983,11.65,8.881,269.02,19.99,19.96,0,9,36.34,6/11/2025,Good,7.984,0.00050,2.994,0.00019,17.96,1.996,0.0040,3.992,0.00025,1.996,0.00013,19.33,0.155,0.00,0.00,0.00,0.00,0.00,0.00,0.00,0.00,0.00,0.00,0.00,0.00,0.0080
-93.76492221,42.02265115,90,TaskName 6/11/2025 (GreenStar 4 Monitor),Laudis/Warrant/AgSaver/Tough,438,6/11/2025,0.805,On,1100.9,28.75,-46.25,9.852,11.64,9.421,269.52,19.99,20.06,0,9,34.35,6/11/2025,Good,8.023,0.00048,3.009,0.00018,18.05,2.006,0.0039,4.012,0.00024,2.006,0.00012,19.43,0.149,0.00,0.00,0.00,0.00,0.00,0.00,0.00,0.00,0.00,0.00,0.00,0.00,0.0077
-93.76496632,42.02265090,90,TaskName 6/11/2025 (GreenStar 4 Monitor),Laudis/Warrant/AgSaver/Tough,439,6/11/2025,0.795,On,1101.0,30.00,-45.62,10.06,11.73,7.647,269.63,19.99,19.95,0,9,36.58,6/11/2025,Good,7.982,0.00050,2.993,0.00019,17.96,1.995,0.0040,3.991,0.00025,1.995,0.00013,19.33,0.156,0.00,0.00,0.00,0.00,0.00,0.00,0.00,0.00,0.00,0.00,0.00,0.00,0.0081
-93.76502060,42.02265052,90,TaskName 6/11/2025 (GreenStar 4 Monitor),Laudis/Warrant/AgSaver/Tough,440,6/11/2025,1.000,On,1101.2,28.75,-45.00,10.14,14.87,7.178,269.88,19.99,19.97,0,9,35.32,6/11/2025,Good,7.989,0.00061,2.996,0.00023,17.98,1.997,0.0049,3.994,0.00031,1.997,0.00015,19.34,0.190,0.00,0.00,0.00,0.00,0.00,0.00,0.00,0.00,0.00,0.00,0.00,0.00,0.0098
-93.76504221,42.02265071,90,TaskName 6/11/2025 (GreenStar 4 Monitor),Laudis/Warrant/AgSaver/Tough,441,6/11/2025,0.400,On,1101.2,28.75,-45.00,10.05,5.895,7.626,269.53,19.99,20.00,0,9,35.02,6/11/2025,Good,8.001,0.00024,3.000,9.120e-05,18.00,2.000,0.0019,4.000,0.00012,2.000,6.080e-05,19.37,0.075,0.00,0.00,0.00,0.00,0.00,0.00,0.00,0.00,0.00,0.00,0.00,0.00,0.0039
-93.76509614,42.02265061,90,TaskName 6/11/2025 (GreenStar 4 Monitor),Laudis/Warrant/AgSaver/Tough,442,6/11/2025,1.000,On,1101.3,27.50,-45.62,10.01,14.67,7.869,269.39,19.99,20.01,0,9,33.35,6/11/2025,Good,8.003,0.00058,3.001,0.00022,18.01,2.001,0.0046,4.001,0.00029,2.001,0.00014,19.38,0.179,0.00,0.00,0.00,0.00,0.00,0.00,0.00,0.00,0.00,0.00,0.00,0.00,0.0093
-93.76515043,42.02265019,90,TaskName 6/11/2025 (GreenStar 4 Monitor),Laudis/Warrant/AgSaver/Tough,443,6/11/2025,1.000,On,1101.5,27.50,-45.62,10.02,14.69,7.616,269.32,19.99,20.01,0,9,33.38,6/11/2025,Good,8.004,0.00058,3.002,0.00022,18.01,2.001,0.0046,4.002,0.00029,2.001,0.00014,19.38,0.180,0.00,0.00,0.00,0.00,0.00,0.00,0.00,0.00,0.00,0.00,0.00,0.00,0.0093
-93.76520447,42.02264989,90,TaskName 6/11/2025 (GreenStar 4 Monitor),Laudis/Warrant/AgSaver/Tough,444,6/11/2025,1.004,On,1101.7,27.50,-45.62,10.03,14.77,7.407,269.45,19.99,20.00,0,9,33.44,6/11/2025,Good,8.001,0.00058,3.000,0.00022,18.00,2.000,0.0047,4.001,0.00029,2.000,0.00015,19.37,0.181,0.00,0.00,0.00,0.00,0.00,0.00,0.00,0.00,0.00,0.00,0.00,0.00,0.0093
-93.76525830,42.02264970,90,TaskName 6/11/2025 (GreenStar 4 Monitor),Laudis/Warrant/AgSaver/Tough,445,6/11/2025,0.992,On,1101.9,27.50,-45.62,9.995,14.54,7.884,269.51,19.99,20.04,0,9,33.32,6/11/2025,Good,8.015,0.00057,3.006,0.00022,18.03,2.004,0.0046,4.008,0.00029,2.004,0.00014,19.41,0.178,0.00,0.00,0.00,0.00,0.00,0.00,0.00,0.00,0.00,0.00,0.00,0.00,0.0092
-93.76529051,42.02264975,90,TaskName 6/11/2025 (GreenStar 4 Monitor),Laudis/Warrant/AgSaver/Tough,446,6/11/2025,0.604,On,1102.0,27.50,-45.62,9.957,8.820,8.438,269.02,19.99,20.01,0,9,33.19,6/11/2025,Good,8.002,0.00035,3.001,0.00013,18.00,2.001,0.0028,4.001,0.00017,2.001,8.703e-05,19.38,0.108,0.00,0.00,0.00,0.00,0.00,0.00,0.00,0.00,0.00,0.00,0.00,0.00,0.0056
-93.76534458,42.02264931,90,TaskName 6/11/2025 (GreenStar 4 Monitor),Laudis/Warrant/AgSaver/Tough,447,6/11/2025,1.000,On,1102.2,28.75,-46.25,9.997,14.67,8.045,268.65,19.99,20.02,0,9,34.85,6/11/2025,Good,8.007,0.00061,3.003,0.00023,18.02,2.002,0.0048,4.003,0.00030,2.002,0.00015,19.39,0.188,0.00,0.00,0.00,0.00,0.00,0.00,0.00,0.00,0.00,0.00,0.00,0.00,0.0097
-93.76539826,42.02264832,90,TaskName 6/11/2025 (GreenStar 4 Monitor),Laudis/Warrant/AgSaver/Tough,448,6/11/2025,1.000,On,1102.4,28.75,-46.25,9.965,14.61,8.472,269.46,19.99,19.98,0,9,34.71,6/11/2025,Good,7.992,0.00060,2.997,0.00023,17.98,1.998,0.0048,3.996,0.00030,1.998,0.00015,19.35,0.187,0.00,0.00,0.00,0.00,0.00,0.00,0.00,0.00,0.00,0.00,0.00,0.00,0.0096
-93.76545190,42.02264781,90,TaskName 6/11/2025 (GreenStar 4 Monitor),Laudis/Warrant/AgSaver/Tough,449,6/11/2025,0.995,On,1102.7,28.75,-46.25,9.946,14.52,8.614,270.02,19.99,20.00,0,9,34.66,6/11/2025,Good,8.002,0.00060,3.001,0.00022,18.00,2.000,0.0048,4.001,0.00030,2.000,0.00015,19.37,0.186,0.00,0.00,0.00,0.00,0.00,0.00,0.00,0.00,0.00,0.00,0.00,0.00,0.0096
-93.76550569,42.02264807,90,TaskName 6/11/2025 (GreenStar 4 Monitor),Laudis/Warrant/AgSaver/Tough,450,6/11/2025,1.009,On,1102.9,28.75,-46.25,9.952,14.73,8.568,269.00,19.99,20.03,0,9,34.68,6/11/2025,Good,8.011,0.00061,3.004,0.00023,18.03,2.003,0.0049,4.006,0.00030,2.003,0.00015,19.40,0.189,0.00,0.00,0.00,0.00,0.00,0.00,0.00,0.00,0.00,0.00,0.00,0.00,0.0097
-93.76555950,42.02264751,90,TaskName 6/11/2025 (GreenStar 4 Monitor),Laudis/Warrant/AgSaver/Tough,451,6/11/2025,0.996,On,1103.2,28.75,-46.25,9.981,14.58,8.014,268.88,19.99,19.94,0,9,34.78,6/11/2025,Good,7.976,0.00060,2.991,0.00022,17.95,1.994,0.0048,3.988,0.00030,1.994,0.00015,19.31,0.186,0.00,0.00,0.00,0.00,0.00,0.00,0.00,0.00,0.00,0.00,0.00,0.00,0.0096
-93.76559132,42.02264720,90,TaskName 6/11/2025 (GreenStar 4 Monitor),Laudis/Warrant/AgSaver/Tough,452,6/11/2025,0.600,On,1103.5,30.00,-45.62,9.927,8.735,8.384,269.17,19.99,20.08,0,9,36.09,6/11/2025,Good,8.031,0.00038,3.011,0.00014,18.07,2.008,0.0030,4.015,0.00019,2.008,9.435e-05,19.44,0.117,0.00,0.00,0.00,0.00,0.00,0.00,0.00,0.00,0.00,0.00,0.00,0.00,0.0060
-93.76564496,42.02264643,90,TaskName 6/11/2025 (GreenStar 4 Monitor),Laudis/Warrant/AgSaver/Tough,453,6/11/2025,0.995,On,1103.7,28.75,-45.00,9.872,14.41,8.962,269.90,19.99,19.99,0,9,34.41,6/11/2025,Good,7.997,0.00059,2.999,0.00022,17.99,1.999,0.0048,3.999,0.00030,1.999,0.00015,19.36,0.184,0.00,0.00,0.00,0.00,0.00,0.00,0.00,0.00,0.00,0.00,0.00,0.00,0.0095
-93.76569881,42.02264655,90,TaskName 6/11/2025 (GreenStar 4 Monitor),Laudis/Warrant/AgSaver/Tough,454,6/11/2025,1.005,On,1104.0,27.50,-45.62,9.959,14.68,8.804,269.36,19.99,20.01,0,9,33.20,6/11/2025,Good,8.004,0.00058,3.002,0.00022,18.01,2.001,0.0046,4.002,0.00029,2.001,0.00014,19.38,0.180,0.00,0.00,0.00,0.00,0.00,0.00,0.00,0.00,0.00,0.00,0.00,0.00,0.0093
-93.76575251,42.02264670,90,TaskName 6/11/2025 (GreenStar 4 Monitor),Laudis/Warrant/AgSaver/Tough,455,6/11/2025,1.000,On,1104.3,27.50,-45.62,9.988,14.63,8.423,268.61,19.99,19.98,0,9,33.25,6/11/2025,Good,7.993,0.00058,2.997,0.00022,17.98,1.998,0.0046,3.996,0.00029,1.998,0.00014,19.35,0.179,0.00,0.00,0.00,0.00,0.00,0.00,0.00,0.00,0.00,0.00,0.00,0.00,0.0092
-93.76580665,42.02264609,90,TaskName 6/11/2025 (GreenStar 4 Monitor),Laudis/Warrant/AgSaver/Tough,456,6/11/2025,0.995,On,1104.6,27.50,-45.62,9.960,14.56,8.415,268.31,19.99,20.03,0,9,33.25,6/11/2025,Good,8.010,0.00058,3.004,0.00022,18.02,2.003,0.0046,4.005,0.00029,2.003,0.00014,19.39,0.178,0.00,0.00,0.00,0.00,0.00,0.00,0.00,0.00,0.00,0.00,0.00,0.00,0.0092
-93.76583890,42.02264517,90,TaskName 6/11/2025 (GreenStar 4 Monitor),Laudis/Warrant/AgSaver/Tough,457,6/11/2025,0.605,On,1104.8,27.50,-45.62,10.01,8.882,8.291,269.05,19.99,19.93,0,9,33.37,6/11/2025,Good,7.974,0.00035,2.990,0.00013,17.94,1.993,0.0028,3.987,0.00017,1.993,8.733e-05,19.31,0.108,0.00,0.00,0.00,0.00,0.00,0.00,0.00,0.00,0.00,0.00,0.00,0.00,0.0056
-93.76584961,42.02264502,90,TaskName 6/11/2025 (GreenStar 4 Monitor),Laudis/Warrant/AgSaver/Tough,458,6/11/2025,0.200,On,1104.9,28.75,-45.00,9.992,2.932,8.605,269.20,19.99,19.92,0,9,34.83,6/11/2025,Good,7.967,0.00012,2.988,4.517e-05,17.93,1.992,0.00096,3.983,6.023e-05,1.992,3.011e-05,19.29,0.037,0.00,0.00,0.00,0.00,0.00,0.00,0.00,0.00,0.00,0.00,0.00,0.00,0.0019
-93.76589271,42.02264422,90,TaskName 6/11/2025 (GreenStar 4 Monitor),Laudis/Warrant/AgSaver/Tough,459,6/11/2025,0.800,On,1105.2,27.50,-45.62,9.967,11.70,8.257,269.78,19.99,20.07,0,9,33.24,6/11/2025,Good,8.027,0.00046,3.010,0.00017,18.06,2.007,0.0037,4.013,0.00023,2.007,0.00012,19.43,0.144,0.00,0.00,0.00,0.00,0.00,0.00,0.00,0.00,0.00,0.00,0.00,0.00,0.0074
-93.76591430,42.02264403,90,TaskName 6/11/2025 (GreenStar 4 Monitor),Laudis/Warrant/AgSaver/Tough,460,6/11/2025,0.400,On,1105.3,28.75,-45.00,9.975,5.851,8.597,269.98,19.99,20.03,0,9,34.76,6/11/2025,Good,8.013,0.00024,3.005,9.066e-05,18.03,2.003,0.0019,4.006,0.00012,2.003,6.044e-05,19.40,0.075,0.00,0.00,0.00,0.00,0.00,0.00,0.00,0.00,0.00,0.00,0.00,0.00,0.0039
-93.76596823,42.02264375,90,TaskName 6/11/2025 (GreenStar 4 Monitor),Laudis/Warrant/AgSaver/Tough,461,6/11/2025,1.000,On,1105.6,27.50,-45.62,9.999,14.65,8.169,269.82,19.99,19.97,0,9,33.31,6/11/2025,Good,7.989,0.00058,2.996,0.00022,17.98,1.997,0.0046,3.995,0.00029,1.997,0.00014,19.34,0.179,0.00,0.00,0.00,0.00,0.00,0.00,0.00,0.00,0.00,0.00,0.00,0.00,0.0093
-93.76598973,42.02264401,90,TaskName 6/11/2025 (GreenStar 4 Monitor),Laudis/Warrant/AgSaver/Tough,462,6/11/2025,0.395,On,1105.8,27.50,-45.62,10.00,5.812,8.215,269.56,19.99,19.93,0,9,33.44,6/11/2025,Good,7.973,0.00023,2.990,8.570e-05,17.94,1.993,0.0018,3.986,0.00011,1.993,5.713e-05,19.30,0.071,0.00,0.00,0.00,0.00,0.00,0.00,0.00,0.00,0.00,0.00,0.00,0.00,0.0037
-93.76604346,42.02264374,90,TaskName 6/11/2025 (GreenStar 4 Monitor),Laudis/Warrant/AgSaver/Tough,463,6/11/2025,1.005,On,1106.2,28.75,-45.00,9.970,14.70,8.477,269.52,19.99,19.96,0,9,34.75,6/11/2025,Good,7.985,0.00061,2.994,0.00023,17.97,1.996,0.0048,3.992,0.00030,1.996,0.00015,19.33,0.188,0.00,0.00,0.00,0.00,0.00,0.00,0.00,0.00,0.00,0.00,0.00,0.00,0.0097
-93.76609717,42.02264347,90,TaskName 6/11/2025 (GreenStar 4 Monitor),Laudis/Warrant/AgSaver/Tough,464,6/11/2025,1.000,On,1106.6,28.75,-45.00,9.959,14.61,8.504,269.29,19.99,19.99,0,9,34.71,6/11/2025,Good,7.994,0.00060,2.998,0.00023,17.99,1.999,0.0048,3.997,0.00030,1.999,0.00015,19.36,0.187,0.00,0.00,0.00,0.00,0.00,0.00,0.00,0.00,0.00,0.00,0.00,0.00,0.0096
-93.76615083,42.02264305,90,TaskName 6/11/2025 (GreenStar 4 Monitor),Laudis/Warrant/AgSaver/Tough,465,6/11/2025,1.000,On,1107.0,28.75,-45.00,9.949,14.60,8.627,269.48,19.99,19.96,0,9,34.69,6/11/2025,Good,7.985,0.00060,2.994,0.00023,17.97,1.996,0.0048,3.992,0.00030,1.996,0.00015,19.33,0.186,0.00,0.00,0.00,0.00,0.00,0.00,0.00,0.00,0.00,0.00,0.00,0.00,0.0096
-93.76620456,42.02264284,90,TaskName 6/11/2025 (GreenStar 4 Monitor),Laudis/Warrant/AgSaver/Tough,466,6/11/2025,0.995,On,1107.4,28.75,-45.00,9.937,14.51,8.303,269.54,19.99,20.03,0,9,34.64,6/11/2025,Good,8.011,0.00060,3.004,0.00022,18.02,2.003,0.0048,4.005,0.00030,2.003,0.00015,19.40,0.186,0.00,0.00,0.00,0.00,0.00,0.00,0.00,0.00,0.00,0.00,0.00,0.00,0.0096
-93.76625834,42.02264268,90,TaskName 6/11/2025 (GreenStar 4 Monitor),Laudis/Warrant/AgSaver/Tough,467,6/11/2025,1.004,On,1107.8,28.75,-45.00,9.968,14.68,8.076,269.19,19.99,19.95,0,9,34.74,6/11/2025,Good,7.981,0.00060,2.993,0.00023,17.96,1.995,0.0048,3.991,0.00030,1.995,0.00015,19.32,0.187,0.00,0.00,0.00,0.00,0.00,0.00,0.00,0.00,0.00,0.00,0.00,0.00,0.0097
-93.76626904,42.02264283,90,TaskName 6/11/2025 (GreenStar 4 Monitor),Laudis/Warrant/AgSaver/Tough,468,6/11/2025,0.196,On,1107.9,28.75,-45.00,9.968,2.867,7.846,269.02,19.99,19.92,0,9,34.75,6/11/2025,Good,7.967,0.00012,2.988,4.416e-05,17.93,1.992,0.00094,3.983,5.888e-05,1.992,2.944e-05,19.29,0.036,0.00,0.00,0.00,0.00,0.00,0.00,0.00,0.00,0.00,0.00,0.00,0.00,0.0019
-93.76631182,42.02264239,90,TaskName 6/11/2025 (GreenStar 4 Monitor),Laudis/Warrant/AgSaver/Tough,469,6/11/2025,0.800,On,1108.3,27.50,-45.62,9.950,11.68,8.801,269.17,19.99,20.07,0,9,33.17,6/11/2025,Good,8.028,0.00046,3.010,0.00017,18.06,2.007,0.0037,4.014,0.00023,2.007,0.00012,19.44,0.143,0.00,0.00,0.00,0.00,0.00,0.00,0.00,0.00,0.00,0.00,0.00,0.00,0.0074
-93.76634382,42.02264246,90,TaskName 6/11/2025 (GreenStar 4 Monitor),Laudis/Warrant/AgSaver/Tough,470,6/11/2025,0.605,On,1108.7,28.75,-45.00,9.894,8.767,9.205,269.08,19.99,20.04,0,9,34.43,6/11/2025,Good,8.015,0.00036,3.006,0.00014,18.03,2.004,0.0029,4.007,0.00018,2.004,9.058e-05,19.41,0.112,0.00,0.00,0.00,0.00,0.00,0.00,0.00,0.00,0.00,0.00,0.00,0.00,0.0058
-93.76639759,42.02264219,90,TaskName 6/11/2025 (GreenStar 4 Monitor),Laudis/Warrant/AgSaver/Tough,471,6/11/2025,1.000,On,1109.2,30.00,-45.62,9.906,14.53,9.103,268.61,19.99,20.00,0,9,36.03,6/11/2025,Good,8.001,0.00063,3.001,0.00023,18.00,2.000,0.0050,4.001,0.00031,2.000,0.00016,19.37,0.194,0.00,0.00,0.00,0.00,0.00,0.00,0.00,0.00,0.00,0.00,0.00,0.00,0.010
-93.76645121,42.02264148,90,TaskName 6/11/2025 (GreenStar 4 Monitor),Laudis/Warrant/AgSaver/Tough,472,6/11/2025,1.000,On,1109.7,30.00,-45.62,9.974,14.65,8.742,269.00,19.99,19.97,0,9,36.32,6/11/2025,Good,7.988,0.00063,2.995,0.00024,17.97,1.997,0.0050,3.994,0.00031,1.997,0.00016,19.34,0.195,0.00,0.00,0.00,0.00,0.00,0.00,0.00,0.00,0.00,0.00,0.00,0.00,0.010
-93.76650463,42.02264086,90,TaskName 6/11/2025 (GreenStar 4 Monitor),Laudis/Warrant/AgSaver/Tough,473,6/11/2025,1.000,On,1110.1,30.00,-45.62,9.944,14.59,7.817,269.36,19.99,20.02,0,9,36.18,6/11/2025,Good,8.006,0.00063,3.002,0.00024,18.01,2.002,0.0050,4.003,0.00031,2.002,0.00016,19.38,0.195,0.00,0.00,0.00,0.00,0.00,0.00,0.00,0.00,0.00,0.00,0.00,0.00,0.010
-93.76651514,42.02264070,90,TaskName 6/11/2025 (GreenStar 4 Monitor),Laudis/Warrant/AgSaver/Tough,474,6/11/2025,0.195,On,1110.2,28.75,-46.25,9.885,2.827,6.637,269.33,19.99,19.90,0,9,34.45,6/11/2025,Good,7.958,0.00012,2.984,4.351e-05,17.91,1.990,0.00093,3.979,5.801e-05,1.990,2.900e-05,19.27,0.036,0.00,0.00,0.00,0.00,0.00,0.00,0.00,0.00,0.00,0.00,0.00,0.00,0.0019
-93.76431126,42.02135843,90,TaskName 6/11/2025 (GreenStar 4 Monitor),Laudis/Warrant/AgSaver/Tough,475,6/11/2025,0.999,On,1104.8,121.25,0.00,2.848,3.918,9.543,88.10,19.99,20.36,0,1,39.30,6/11/2025,Good,8.143,0.00069,3.054,0.00026,18.32,2.036,0.0056,4.071,0.00035,2.036,0.00017,19.72,0.215,0.00,0.00,0.00,0.00,0.00,0.00,0.00,0.00,0.00,0.00,0.00,0.00,0.011
-93.76427457,42.02135884,90,TaskName 6/11/2025 (GreenStar 4 Monitor),Laudis/Warrant/AgSaver/Tough,476,6/11/2025,1.001,On,1104.7,121.25,0.00,5.478,7.885,8.845,88.13,19.99,19.95,0,1,78.93,6/11/2025,Good,7.980,0.0014,2.993,0.00051,17.96,1.995,0.011,3.990,0.00068,1.995,0.00034,19.32,0.424,0.00,0.00,0.00,0.00,0.00,0.00,0.00,0.00,0.00,0.00,0.00,0.00,0.022
-93.76423425,42.02135924,90,TaskName 6/11/2025 (GreenStar 4 Monitor),Laudis/Warrant/AgSaver/Tough,477,6/11/2025,0.995,On,1104.6,121.25,0.00,7.197,10.50,5.057,88.57,19.99,19.63,0,1,105.74,6/11/2025,Good,7.852,0.0018,2.944,0.00067,17.67,1.963,0.014,3.926,0.00090,1.963,0.00045,19.01,0.556,0.00,0.00,0.00,0.00,0.00,0.00,0.00,0.00,0.00,0.00,0.00,0.00,0.029
-93.76419489,42.02135993,90,TaskName 6/11/2025 (GreenStar 4 Monitor),Laudis/Warrant/AgSaver/Tough,478,6/11/2025,1.000,On,1104.6,121.25,0.00,7.352,10.79,6.000,89.23,19.99,19.70,0,1,108.14,6/11/2025,Good,7.881,0.0018,2.955,0.00069,17.73,1.970,0.015,3.941,0.00092,1.970,0.00046,19.08,0.573,0.00,0.00,0.00,0.00,0.00,0.00,0.00,0.00,0.00,0.00,0.00,0.00,0.030
-93.76415463,42.02135978,90,TaskName 6/11/2025 (GreenStar 4 Monitor),Laudis/Warrant/AgSaver/Tough,479,6/11/2025,1.000,On,1104.6,121.25,0.00,7.292,10.70,6.867,88.86,19.99,19.82,0,1,107.25,6/11/2025,Good,7.927,0.0018,2.973,0.00069,17.84,1.982,0.015,3.964,0.00092,1.982,0.00046,19.19,0.572,0.00,0.00,0.00,0.00,0.00,0.00,0.00,0.00,0.00,0.00,0.00,0.00,0.030
-93.76411344,42.02136008,90,TaskName 6/11/2025 (GreenStar 4 Monitor),Laudis/Warrant/AgSaver/Tough,480,6/11/2025,0.999,On,1104.5,121.25,0.00,7.575,11.11,6.076,89.00,19.99,19.81,0,1,111.40,6/11/2025,Good,7.922,0.0019,2.971,0.00072,17.83,1.981,0.015,3.961,0.00096,1.981,0.00048,19.18,0.593,0.00,0.00,0.00,0.00,0.00,0.00,0.00,0.00,0.00,0.00,0.00,0.00,0.031
-93.76407210,42.02136091,90,TaskName 6/11/2025 (GreenStar 4 Monitor),Laudis/Warrant/AgSaver/Tough,481,6/11/2025,1.000,On,1104.5,121.25,0.00,7.610,11.17,7.159,90.19,19.99,19.87,0,1,111.88,6/11/2025,Good,7.948,0.0019,2.981,0.00072,17.88,1.987,0.015,3.974,0.00096,1.987,0.00048,19.24,0.598,0.00,0.00,0.00,0.00,0.00,0.00,0.00,0.00,0.00,0.00,0.00,0.00,0.031
-93.76403052,42.02136114,90,TaskName 6/11/2025 (GreenStar 4 Monitor),Laudis/Warrant/AgSaver/Tough,482,6/11/2025,1.000,On,1104.5,121.25,0.00,7.720,11.33,6.412,90.40,19.99,19.83,0,1,113.53,6/11/2025,Good,7.932,0.0020,2.974,0.00073,17.85,1.983,0.016,3.966,0.00098,1.983,0.00049,19.20,0.606,0.00,0.00,0.00,0.00,0.00,0.00,0.00,0.00,0.00,0.00,0.00,0.00,0.032
-93.76398834,42.02136054,90,TaskName 6/11/2025 (GreenStar 4 Monitor),Laudis/Warrant/AgSaver/Tough,483,6/11/2025,1.000,On,1104.5,121.25,0.00,7.729,11.34,6.396,89.77,19.99,19.88,0,1,113.66,6/11/2025,Good,7.952,0.0020,2.982,0.00074,17.89,1.988,0.016,3.976,0.00098,1.988,0.00049,19.25,0.608,0.00,0.00,0.00,0.00,0.00,0.00,0.00,0.00,0.00,0.00,0.00,0.00,0.032
-93.76394597,42.02136022,90,TaskName 6/11/2025 (GreenStar 4 Monitor),Laudis/Warrant/AgSaver/Tough,484,6/11/2025,1.001,On,1104.4,121.25,0.00,7.867,11.56,5.846,89.25,19.99,19.85,0,1,115.68,6/11/2025,Good,7.939,0.0020,2.977,0.00075,17.86,1.985,0.016,3.970,0.00100,1.985,0.00050,19.22,0.618,0.00,0.00,0.00,0.00,0.00,0.00,0.00,0.00,0.00,0.00,0.00,0.00,0.032
-93.76390328,42.02136025,90,TaskName 6/11/2025 (GreenStar 4 Monitor),Laudis/Warrant/AgSaver/Tough,485,6/11/2025,0.999,On,1104.4,121.25,0.00,7.842,11.50,6.187,89.05,19.99,19.94,0,1,115.32,6/11/2025,Good,7.976,0.0020,2.991,0.00075,17.95,1.994,0.016,3.988,0.00100,1.994,0.00050,19.31,0.618,0.00,0.00,0.00,0.00,0.00,0.00,0.00,0.00,0.00,0.00,0.00,0.00,0.032
-93.76386072,42.02136066,90,TaskName 6/11/2025 (GreenStar 4 Monitor),Laudis/Warrant/AgSaver/Tough,486,6/11/2025,1.000,On,1104.5,121.25,0.00,7.904,11.60,6.100,89.49,19.99,19.97,0,1,116.22,6/11/2025,Good,7.987,0.0020,2.995,0.00076,17.97,1.997,0.016,3.994,0.0010,1.997,0.00050,19.34,0.624,0.00,0.00,0.00,0.00,0.00,0.00,0.00,0.00,0.00,0.00,0.00,0.00,0.032
-93.76381807,42.02136078,90,TaskName 6/11/2025 (GreenStar 4 Monitor),Laudis/Warrant/AgSaver/Tough,487,6/11/2025,1.000,On,1104.5,121.25,0.00,7.883,11.57,6.016,89.07,19.99,19.96,0,1,115.93,6/11/2025,Good,7.983,0.0020,2.994,0.00075,17.96,1.996,0.016,3.991,0.0010,1.996,0.00050,19.33,0.622,0.00,0.00,0.00,0.00,0.00,0.00,0.00,0.00,0.00,0.00,0.00,0.00,0.032
-93.76377547,42.02136054,90,TaskName 6/11/2025 (GreenStar 4 Monitor),Laudis/Warrant/AgSaver/Tough,488,6/11/2025,1.000,On,1104.5,121.25,0.00,7.892,11.58,5.583,88.23,19.99,20.07,0,1,116.06,6/11/2025,Good,8.026,0.0020,3.010,0.00076,18.06,2.007,0.016,4.013,0.0010,2.007,0.00051,19.43,0.627,0.00,0.00,0.00,0.00,0.00,0.00,0.00,0.00,0.00,0.00,0.00,0.00,0.032
-93.76373307,42.02136129,90,TaskName 6/11/2025 (GreenStar 4 Monitor),Laudis/Warrant/AgSaver/Tough,489,6/11/2025,1.000,On,1104.6,121.25,0.00,7.850,11.52,6.295,88.54,19.99,19.87,0,1,115.43,6/11/2025,Good,7.948,0.0020,2.981,0.00075,17.88,1.987,0.016,3.974,0.00100,1.987,0.00050,19.24,0.617,0.00,0.00,0.00,0.00,0.00,0.00,0.00,0.00,0.00,0.00,0.00,0.00,0.032
-93.76369086,42.02136254,90,TaskName 6/11/2025 (GreenStar 4 Monitor),Laudis/Warrant/AgSaver/Tough,490,6/11/2025,1.000,On,1104.6,121.25,0.00,7.870,11.53,6.495,89.38,19.99,19.97,0,1,115.58,6/11/2025,Good,7.987,0.0020,2.995,0.00075,17.97,1.997,0.016,3.994,0.0010,1.997,0.00050,19.34,0.621,0.00,0.00,0.00,0.00,0.00,0.00,0.00,0.00,0.00,0.00,0.00,0.00,0.032
-93.76364855,42.02136311,90,TaskName 6/11/2025 (GreenStar 4 Monitor),Laudis/Warrant/AgSaver/Tough,491,6/11/2025,1.000,On,1104.7,121.25,0.00,7.802,11.44,6.775,89.53,19.99,19.97,0,1,114.62,6/11/2025,Good,7.987,0.0020,2.995,0.00075,17.97,1.997,0.016,3.994,0.00099,1.997,0.00050,19.34,0.616,0.00,0.00,0.00,0.00,0.00,0.00,0.00,0.00,0.00,0.00,0.00,0.00,0.032
-93.76360627,42.02136326,90,TaskName 6/11/2025 (GreenStar 4 Monitor),Laudis/Warrant/AgSaver/Tough,492,6/11/2025,1.000,On,1104.7,121.25,0.00,7.858,11.52,6.286,89.27,19.99,19.93,0,1,115.45,6/11/2025,Good,7.971,0.0020,2.989,0.00075,17.93,1.993,0.016,3.986,0.00100,1.993,0.00050,19.30,0.619,0.00,0.00,0.00,0.00,0.00,0.00,0.00,0.00,0.00,0.00,0.00,0.00,0.032
-93.76356373,42.02136390,90,TaskName 6/11/2025 (GreenStar 4 Monitor),Laudis/Warrant/AgSaver/Tough,493,6/11/2025,1.000,On,1104.8,121.25,0.00,7.857,11.52,5.899,89.88,19.99,19.98,0,1,115.41,6/11/2025,Good,7.991,0.0020,2.996,0.00075,17.98,1.998,0.016,3.995,0.0010,1.998,0.00050,19.35,0.620,0.00,0.00,0.00,0.00,0.00,0.00,0.00,0.00,0.00,0.00,0.00,0.00,0.032
-93.76352115,42.02136404,90,TaskName 6/11/2025 (GreenStar 4 Monitor),Laudis/Warrant/AgSaver/Tough,494,6/11/2025,1.000,On,1104.8,121.25,0.00,7.891,11.57,5.984,89.76,19.99,19.92,0,1,115.91,6/11/2025,Good,7.968,0.0020,2.988,0.00075,17.93,1.992,0.016,3.984,0.0010,1.992,0.00050,19.29,0.621,0.00,0.00,0.00,0.00,0.00,0.00,0.00,0.00,0.00,0.00,0.00,0.00,0.032
-93.76347860,42.02136375,90,TaskName 6/11/2025 (GreenStar 4 Monitor),Laudis/Warrant/AgSaver/Tough,495,6/11/2025,1.001,On,1104.8,121.25,0.00,7.871,11.55,5.997,88.82,19.99,20.00,0,1,115.63,6/11/2025,Good,7.999,0.0020,3.000,0.00075,18.00,2.000,0.016,4.000,0.0010,2.000,0.00050,19.37,0.623,0.00,0.00,0.00,0.00,0.00,0.00,0.00,0.00,0.00,0.00,0.00,0.00,0.032
-93.76343618,42.02136432,90,TaskName 6/11/2025 (GreenStar 4 Monitor),Laudis/Warrant/AgSaver/Tough,496,6/11/2025,0.999,On,1104.7,121.25,0.00,7.890,11.55,5.729,89.17,19.99,19.99,0,1,115.89,6/11/2025,Good,7.996,0.0020,2.998,0.00075,17.99,1.999,0.016,3.998,0.0010,1.999,0.00050,19.36,0.623,0.00,0.00,0.00,0.00,0.00,0.00,0.00,0.00,0.00,0.00,0.00,0.00,0.032
-93.76339361,42.02136499,90,TaskName 6/11/2025 (GreenStar 4 Monitor),Laudis/Warrant/AgSaver/Tough,497,6/11/2025,1.000,On,1104.6,121.25,0.00,7.858,11.52,5.874,89.49,19.99,19.97,0,1,115.45,6/11/2025,Good,7.988,0.0020,2.996,0.00075,17.97,1.997,0.016,3.994,0.0010,1.997,0.00050,19.34,0.620,0.00,0.00,0.00,0.00,0.00,0.00,0.00,0.00,0.00,0.00,0.00,0.00,0.032
-93.76335073,42.02136503,90,TaskName 6/11/2025 (GreenStar 4 Monitor),Laudis/Warrant/AgSaver/Tough,498,6/11/2025,1.000,On,1104.3,121.25,0.00,7.930,11.63,5.478,88.45,19.99,19.95,0,1,116.50,6/11/2025,Good,7.980,0.0020,2.993,0.00076,17.96,1.995,0.016,3.990,0.0010,1.995,0.00050,19.32,0.625,0.00,0.00,0.00,0.00,0.00,0.00,0.00,0.00,0.00,0.00,0.00,0.00,0.032
-93.76330758,42.02136557,90,TaskName 6/11/2025 (GreenStar 4 Monitor),Laudis/Warrant/AgSaver/Tough,499,6/11/2025,1.000,On,1104.1,121.25,0.00,7.970,11.69,4.766,88.04,19.99,19.95,0,1,117.12,6/11/2025,Good,7.979,0.0020,2.992,0.00076,17.95,1.995,0.016,3.989,0.0010,1.995,0.00051,19.32,0.629,0.00,0.00,0.00,0.00,0.00,0.00,0.00,0.00,0.00,0.00,0.00,0.00,0.033
-93.76326495,42.02136653,90,TaskName 6/11/2025 (GreenStar 4 Monitor),Laudis/Warrant/AgSaver/Tough,500,6/11/2025,1.001,On,1103.7,121.25,0.00,7.934,11.65,4.730,89.38,19.99,20.05,0,1,116.58,6/11/2025,Good,8.019,0.0020,3.007,0.00076,18.04,2.005,0.016,4.009,0.0010,2.005,0.00051,19.42,0.629,0.00,0.00,0.00,0.00,0.00,0.00,0.00,0.00,0.00,0.00,0.00,0.00,0.032
-93.76322227,42.02136696,90,TaskName 6/11/2025 (GreenStar 4 Monitor),Laudis/Warrant/AgSaver/Tough,501,6/11/2025,0.999,On,1103.4,121.25,0.00,7.897,11.57,5.084,89.65,19.99,19.86,0,1,116.02,6/11/2025,Good,7.943,0.0020,2.979,0.00075,17.87,1.986,0.016,3.971,0.00100,1.986,0.00050,19.23,0.619,0.00,0.00,0.00,0.00,0.00,0.00,0.00,0.00,0.00,0.00,0.00,0.00,0.032
-93.76317948,42.02136687,90,TaskName 6/11/2025 (GreenStar 4 Monitor),Laudis/Warrant/AgSaver/Tough,502,6/11/2025,1.001,On,1103.1,121.25,0.00,7.921,11.63,5.386,89.76,19.99,19.97,0,1,116.38,6/11/2025,Good,7.989,0.0020,2.996,0.00076,17.98,1.997,0.016,3.995,0.0010,1.997,0.00050,19.34,0.626,0.00,0.00,0.00,0.00,0.00,0.00,0.00,0.00,0.00,0.00,0.00,0.00,0.032
-93.76313664,42.02136705,90,TaskName 6/11/2025 (GreenStar 4 Monitor),Laudis/Warrant/AgSaver/Tough,503,6/11/2025,0.999,On,1102.8,121.25,0.00,7.936,11.62,5.261,90.28,19.99,19.98,0,1,116.55,6/11/2025,Good,7.991,0.0020,2.997,0.00076,17.98,1.998,0.016,3.996,0.0010,1.998,0.00050,19.35,0.626,0.00,0.00,0.00,0.00,0.00,0.00,0.00,0.00,0.00,0.00,0.00,0.00,0.032
-93.76309380,42.02136667,90,TaskName 6/11/2025 (GreenStar 4 Monitor),Laudis/Warrant/AgSaver/Tough,504,6/11/2025,1.000,On,1102.5,121.25,0.00,7.946,11.65,5.250,90.47,19.99,19.97,0,1,116.73,6/11/2025,Good,7.988,0.0020,2.995,0.00076,17.97,1.997,0.016,3.994,0.0010,1.997,0.00051,19.34,0.627,0.00,0.00,0.00,0.00,0.00,0.00,0.00,0.00,0.00,0.00,0.00,0.00,0.032
-93.76305107,42.02136594,90,TaskName 6/11/2025 (GreenStar 4 Monitor),Laudis/Warrant/AgSaver/Tough,505,6/11/2025,0.995,On,1102.2,121.25,0.00,7.918,11.55,5.397,90.05,19.99,19.97,0,1,116.32,6/11/2025,Good,7.988,0.0020,2.996,0.00075,17.97,1.997,0.016,3.994,0.0010,1.997,0.00050,19.34,0.622,0.00,0.00,0.00,0.00,0.00,0.00,0.00,0.00,0.00,0.00,0.00,0.00,0.032
-93.76300865,42.02136532,90,TaskName 6/11/2025 (GreenStar 4 Monitor),Laudis/Warrant/AgSaver/Tough,506,6/11/2025,1.005,On,1101.9,121.25,0.00,7.918,11.67,5.304,88.93,19.99,19.99,0,1,116.31,6/11/2025,Good,7.995,0.0020,2.998,0.00076,17.99,1.999,0.016,3.997,0.0010,1.999,0.00051,19.36,0.629,0.00,0.00,0.00,0.00,0.00,0.00,0.00,0.00,0.00,0.00,0.00,0.00,0.032
-93.76296614,42.02136552,90,TaskName 6/11/2025 (GreenStar 4 Monitor),Laudis/Warrant/AgSaver/Tough,507,6/11/2025,0.996,On,1101.7,121.25,0.00,7.840,11.45,5.497,88.99,19.99,20.05,0,1,115.18,6/11/2025,Good,8.019,0.0020,3.007,0.00075,18.04,2.005,0.016,4.009,0.00100,2.005,0.00050,19.42,0.619,0.00,0.00,0.00,0.00,0.00,0.00,0.00,0.00,0.00,0.00,0.00,0.00,0.032
-93.76292398,42.02136587,90,TaskName 6/11/2025 (GreenStar 4 Monitor),Laudis/Warrant/AgSaver/Tough,508,6/11/2025,1.004,On,1101.6,121.25,0.00,7.830,11.52,5.784,89.12,19.99,20.00,0,1,115.02,6/11/2025,Good,7.999,0.0020,3.000,0.00075,18.00,2.000,0.016,4.000,0.0010,2.000,0.00050,19.37,0.621,0.00,0.00,0.00,0.00,0.00,0.00,0.00,0.00,0.00,0.00,0.00,0.00,0.032
-93.76288196,42.02136564,90,TaskName 6/11/2025 (GreenStar 4 Monitor),Laudis/Warrant/AgSaver/Tough,509,6/11/2025,0.996,On,1101.4,121.25,0.00,7.798,11.37,5.975,88.16,19.99,20.04,0,1,114.42,6/11/2025,Good,8.016,0.0020,3.006,0.00074,18.03,2.004,0.016,4.008,0.00099,2.004,0.00050,19.41,0.614,0.00,0.00,0.00,0.00,0.00,0.00,0.00,0.00,0.00,0.00,0.00,0.00,0.032
-93.76283977,42.02136599,90,TaskName 6/11/2025 (GreenStar 4 Monitor),Laudis/Warrant/AgSaver/Tough,510,6/11/2025,1.005,On,1101.2,121.25,0.00,7.804,11.49,6.010,88.16,19.99,20.03,0,1,114.61,6/11/2025,Good,8.010,0.0020,3.004,0.00075,18.02,2.003,0.016,4.005,0.0010,2.003,0.00050,19.39,0.621,0.00,0.00,0.00,0.00,0.00,0.00,0.00,0.00,0.00,0.00,0.00,0.00,0.032
-93.76279746,42.02136728,90,TaskName 6/11/2025 (GreenStar 4 Monitor),Laudis/Warrant/AgSaver/Tough,511,6/11/2025,0.995,On,1101.2,121.25,0.00,7.834,11.44,5.913,89.03,19.99,19.99,0,1,115.17,6/11/2025,Good,7.997,0.0020,2.999,0.00075,17.99,1.999,0.016,3.998,0.00099,1.999,0.00050,19.36,0.616,0.00,0.00,0.00,0.00,0.00,0.00,0.00,0.00,0.00,0.00,0.00,0.00,0.032
-93.76275544,42.02136783,90,TaskName 6/11/2025 (GreenStar 4 Monitor),Laudis/Warrant/AgSaver/Tough,512,6/11/2025,1.000,On,1101.1,121.25,0.00,7.832,11.47,6.110,89.42,19.99,19.98,0,1,114.92,6/11/2025,Good,7.992,0.0020,2.997,0.00075,17.98,1.998,0.016,3.996,0.00100,1.998,0.00050,19.35,0.618,0.00,0.00,0.00,0.00,0.00,0.00,0.00,0.00,0.00,0.00,0.00,0.00,0.032
-93.76271310,42.02136789,90,TaskName 6/11/2025 (GreenStar 4 Monitor),Laudis/Warrant/AgSaver/Tough,513,6/11/2025,0.999,On,1101.0,121.25,0.00,7.798,11.43,6.184,89.02,19.99,20.02,0,1,114.67,6/11/2025,Good,8.007,0.0020,3.003,0.00075,18.02,2.002,0.016,4.003,0.00100,2.002,0.00050,19.39,0.617,0.00,0.00,0.00,0.00,0.00,0.00,0.00,0.00,0.00,0.00,0.00,0.00,0.032
-93.76267077,42.02136828,90,TaskName 6/11/2025 (GreenStar 4 Monitor),Laudis/Warrant/AgSaver/Tough,514,6/11/2025,1.005,On,1100.9,121.25,0.00,7.832,11.54,6.012,89.00,19.99,20.01,0,1,115.03,6/11/2025,Good,8.005,0.0020,3.002,0.00075,18.01,2.001,0.016,4.002,0.0010,2.001,0.00050,19.38,0.622,0.00,0.00,0.00,0.00,0.00,0.00,0.00,0.00,0.00,0.00,0.00,0.00,0.032
-93.76262855,42.02136878,90,TaskName 6/11/2025 (GreenStar 4 Monitor),Laudis/Warrant/AgSaver/Tough,515,6/11/2025,0.995,On,1100.9,121.25,0.00,7.843,11.44,6.295,89.40,19.99,20.00,0,1,115.20,6/11/2025,Good,7.998,0.0020,2.999,0.00075,18.00,2.000,0.016,3.999,0.00099,2.000,0.00050,19.37,0.617,0.00,0.00,0.00,0.00,0.00,0.00,0.00,0.00,0.00,0.00,0.00,0.00,0.032
-93.76258643,42.02136895,90,TaskName 6/11/2025 (GreenStar 4 Monitor),Laudis/Warrant/AgSaver/Tough,516,6/11/2025,1.001,On,1100.9,121.25,0.00,7.798,11.45,6.389,89.20,19.99,19.99,0,1,114.57,6/11/2025,Good,7.995,0.0020,2.998,0.00075,17.99,1.999,0.016,3.997,0.00099,1.999,0.00050,19.36,0.617,0.00,0.00,0.00,0.00,0.00,0.00,0.00,0.00,0.00,0.00,0.00,0.00,0.032
-93.76254429,42.02136900,90,TaskName 6/11/2025 (GreenStar 4 Monitor),Laudis/Warrant/AgSaver/Tough,517,6/11/2025,1.000,On,1100.8,121.25,0.00,7.817,11.46,6.306,88.68,19.99,19.98,0,1,114.82,6/11/2025,Good,7.991,0.0020,2.997,0.00075,17.98,1.998,0.016,3.995,0.00100,1.998,0.00050,19.35,0.617,0.00,0.00,0.00,0.00,0.00,0.00,0.00,0.00,0.00,0.00,0.00,0.00,0.032
-93.76250242,42.02136967,90,TaskName 6/11/2025 (GreenStar 4 Monitor),Laudis/Warrant/AgSaver/Tough,518,6/11/2025,0.999,On,1100.8,121.25,0.00,7.782,11.40,6.664,89.10,19.99,19.99,0,1,114.31,6/11/2025,Good,7.995,0.0020,2.998,0.00074,17.99,1.999,0.016,3.998,0.00099,1.999,0.00050,19.36,0.614,0.00,0.00,0.00,0.00,0.00,0.00,0.00,0.00,0.00,0.00,0.00,0.00,0.032
-93.76246058,42.02137050,90,TaskName 6/11/2025 (GreenStar 4 Monitor),Laudis/Warrant/AgSaver/Tough,519,6/11/2025,1.001,On,1100.8,121.25,0.00,7.756,11.38,7.317,89.77,19.99,19.98,0,1,113.92,6/11/2025,Good,7.992,0.0020,2.997,0.00074,17.98,1.998,0.016,3.996,0.00099,1.998,0.00049,19.35,0.613,0.00,0.00,0.00,0.00,0.00,0.00,0.00,0.00,0.00,0.00,0.00,0.00,0.032
-93.76241838,42.02137051,90,TaskName 6/11/2025 (GreenStar 4 Monitor),Laudis/Warrant/AgSaver/Tough,520,6/11/2025,1.000,On,1100.9,121.25,0.00,7.771,11.41,7.200,89.63,19.99,20.02,0,1,114.33,6/11/2025,Good,8.008,0.0020,3.003,0.00075,18.02,2.002,0.016,4.004,0.00099,2.002,0.00050,19.39,0.616,0.00,0.00,0.00,0.00,0.00,0.00,0.00,0.00,0.00,0.00,0.00,0.00,0.032
-93.76237609,42.02137039,90,TaskName 6/11/2025 (GreenStar 4 Monitor),Laudis/Warrant/AgSaver/Tough,521,6/11/2025,1.000,On,1101.0,121.25,0.00,7.842,11.51,6.788,89.24,19.99,19.94,0,1,115.34,6/11/2025,Good,7.978,0.0020,2.992,0.00075,17.95,1.994,0.016,3.989,0.00100,1.994,0.00050,19.32,0.619,0.00,0.00,0.00,0.00,0.00,0.00,0.00,0.00,0.00,0.00,0.00,0.00,0.032
-93.76233396,42.02137029,90,TaskName 6/11/2025 (GreenStar 4 Monitor),Laudis/Warrant/AgSaver/Tough,522,6/11/2025,1.000,On,1101.1,121.25,0.00,7.835,11.49,6.377,89.08,19.99,19.95,0,1,115.18,6/11/2025,Good,7.979,0.0020,2.992,0.00075,17.95,1.995,0.016,3.989,0.00100,1.995,0.00050,19.32,0.618,0.00,0.00,0.00,0.00,0.00,0.00,0.00,0.00,0.00,0.00,0.00,0.00,0.032
-93.76229479,42.02137071,90,TaskName 6/11/2025 (GreenStar 4 Monitor),Laudis/Warrant/AgSaver/Tough,523,6/11/2025,0.999,On,1101.5,121.25,0.00,7.604,11.15,5.391,89.46,19.99,19.92,0,1,111.81,6/11/2025,Good,7.968,0.0019,2.988,0.00072,17.93,1.992,0.015,3.984,0.00097,1.992,0.00048,19.29,0.599,0.00,0.00,0.00,0.00,0.00,0.00,0.00,0.00,0.00,0.00,0.00,0.00,0.031
-93.76225819,42.02137056,90,TaskName 6/11/2025 (GreenStar 4 Monitor),Laudis/Warrant/AgSaver/Tough,524,6/11/2025,1.001,On,1101.5,121.25,0.00,7.086,10.40,5.691,89.03,19.99,20.14,0,1,104.06,6/11/2025,Good,8.057,0.0018,3.021,0.00068,18.13,2.014,0.015,4.028,0.00091,2.014,0.00046,19.51,0.564,0.00,0.00,0.00,0.00,0.00,0.00,0.00,0.00,0.00,0.00,0.00,0.00,0.029
-93.76222889,42.02137083,90,TaskName 6/11/2025 (GreenStar 4 Monitor),Laudis/Warrant/AgSaver/Tough,525,6/11/2025,1.000,On,1101.7,121.25,0.00,6.176,9.037,4.720,88.87,19.99,20.09,0,1,90.56,6/11/2025,Good,8.035,0.0016,3.013,0.00059,18.08,2.009,0.013,4.018,0.00079,2.009,0.00039,19.46,0.489,0.00,0.00,0.00,0.00,0.00,0.00,0.00,0.00,0.00,0.00,0.00,0.00,0.025
-93.76222306,42.02137099,90,TaskName 6/11/2025 (GreenStar 4 Monitor),Laudis/Warrant/AgSaver/Tough,526,6/11/2025,0.200,On,1101.8,121.25,0.00,5.427,1.594,2.457,88.87,19.99,20.22,0,1,79.87,6/11/2025,Good,8.086,0.00028,3.032,0.00011,18.19,2.022,0.0022,4.043,0.00014,2.022,7.008e-05,19.58,0.087,0.00,0.00,0.00,0.00,0.00,0.00,0.00,0.00,0.00,0.00,0.00,0.00,0.0044
-93.76695257,42.02228490,90,TaskName 5/5/2025 (GreenStar 4 Monitor),R-up/Sharpen,1,5/5/2025,0.211,On,1108.5,68.75,-26.25,2.414,0.745,5.092,89.11,19.99,19.79,0,1,20.05,5/5/2025,Good,7.915,7.269e-05,2.968,2.726e-05,17.81,1.979,0.00058,3.958,3.634e-05,1.979,1.817e-05,19.17,0.023,0.00,0.00,0.00,0.00,0.00,0.00,0.00,0.00,0.00,0.00,0.00,0.00,0.0012
-93.76694864,42.02228484,90,TaskName 5/5/2025 (GreenStar 4 Monitor),R-up/Sharpen,2,5/5/2025,0.199,On,1108.5,77.50,-21.87,2.701,0.787,4.663,89.06,19.99,17.00,0,1,25.34,5/5/2025,Good,6.799,7.442e-05,2.550,2.791e-05,15.30,1.700,0.00060,3.400,3.721e-05,1.700,1.860e-05,16.46,0.023,0.00,0.00,0.00,0.00,0.00,0.00,0.00,0.00,0.00,0.00,0.00,0.00,0.0014
-93.76694445,42.02228489,90,TaskName 5/5/2025 (GreenStar 4 Monitor),R-up/Sharpen,3,5/5/2025,0.201,On,1108.5,80.00,-20.62,2.976,0.876,4.999,89.04,19.99,21.16,0,1,28.81,5/5/2025,Good,8.463,0.00011,3.174,3.989e-05,19.04,2.116,0.00085,4.231,5.318e-05,2.116,2.659e-05,20.49,0.033,0.00,0.00,0.00,0.00,0.00,0.00,0.00,0.00,0.00,0.00,0.00,0.00,0.0016
-93.76694016,42.02228488,90,TaskName 5/5/2025 (GreenStar 4 Monitor),R-up/Sharpen,4,5/5/2025,0.190,On,1108.4,81.25,-20.00,3.242,0.902,4.960,89.07,19.99,25.45,0,1,31.89,5/5/2025,Over Target,10.18,0.00013,3.818,5.020e-05,22.91,2.545,0.0011,5.091,6.693e-05,2.545,3.347e-05,24.65,0.041,0.00,0.00,0.00,0.00,0.00,0.00,0.00,0.00,0.00,0.00,0.00,0.00,0.0017
-93.76693569,42.02228515,90,TaskName 5/5/2025 (GreenStar 4 Monitor),R-up/Sharpen,5,5/5/2025,0.210,On,1108.4,82.50,-19.37,3.479,1.070,5.363,89.33,19.99,22.09,0,1,34.73,5/5/2025,Good,8.835,0.00014,3.313,5.243e-05,19.88,2.209,0.0011,4.417,6.991e-05,2.209,3.495e-05,21.39,0.043,0.00,0.00,0.00,0.00,0.00,0.00,0.00,0.00,0.00,0.00,0.00,0.00,0.0020
-93.76692593,42.02228516,90,TaskName 5/5/2025 (GreenStar 4 Monitor),R-up/Sharpen,6,5/5/2025,0.400,On,1108.4,83.75,-18.75,3.791,2.218,5.970,89.28,19.99,22.60,0,1,38.38,5/5/2025,Good,9.041,0.00030,3.390,0.00011,20.34,2.260,0.0024,4.520,0.00015,2.260,7.530e-05,21.89,0.093,0.00,0.00,0.00,0.00,0.00,0.00,0.00,0.00,0.00,0.00,0.00,0.00,0.0043
-93.76691536,42.02228524,90,TaskName 5/5/2025 (GreenStar 4 Monitor),R-up/Sharpen,7,5/5/2025,0.400,On,1108.3,85.00,-18.12,4.242,2.474,5.366,89.24,19.99,21.70,0,1,43.44,5/5/2025,Good,8.682,0.00033,3.256,0.00012,19.53,2.170,0.0026,4.341,0.00016,2.170,8.185e-05,21.02,0.101,0.00,0.00,0.00,0.00,0.00,0.00,0.00,0.00,0.00,0.00,0.00,0.00,0.0048
-93.76690447,42.02228530,90,TaskName 5/5/2025 (GreenStar 4 Monitor),R-up/Sharpen,8,5/5/2025,0.390,On,1108.2,86.25,-17.50,4.655,2.657,4.078,89.23,19.99,21.52,0,1,48.57,5/5/2025,Good,8.610,0.00035,3.229,0.00013,19.37,2.152,0.0028,4.305,0.00018,2.152,8.848e-05,20.85,0.110,0.00,0.00,0.00,0.00,0.00,0.00,0.00,0.00,0.00,0.00,0.00,0.00,0.0053
-93.76689904,42.02228540,90,TaskName 5/5/2025 (GreenStar 4 Monitor),R-up/Sharpen,9,5/5/2025,0.209,On,1108.2,87.50,-16.87,4.850,1.493,3.599,89.27,19.99,20.96,0,1,51.65,5/5/2025,Good,8.386,0.00020,3.145,7.367e-05,18.87,2.096,0.0016,4.193,9.822e-05,2.096,4.911e-05,20.30,0.061,0.00,0.00,0.00,0.00,0.00,0.00,0.00,0.00,0.00,0.00,0.00,0.00,0.0030
-93.76688262,42.02228548,90,TaskName 5/5/2025 (GreenStar 4 Monitor),R-up/Sharpen,10,5/5/2025,0.597,On,1108.1,88.75,-16.25,4.960,4.342,5.031,89.35,19.99,20.79,0,1,53.34,5/5/2025,Good,8.315,0.00057,3.118,0.00022,18.71,2.079,0.0046,4.157,0.00029,2.079,0.00014,20.13,0.178,0.00,0.00,0.00,0.00,0.00,0.00,0.00,0.00,0.00,0.00,0.00,0.00,0.0088
-93.76687693,42.02228558,90,TaskName 5/5/2025 (GreenStar 4 Monitor),R-up/Sharpen,11,5/5/2025,0.204,On,1108.1,90.00,-15.19,5.020,1.500,7.912,89.45,19.99,20.39,0,1,54.69,5/5/2025,Good,8.155,0.00020,3.058,7.404e-05,18.35,2.039,0.0016,4.077,9.872e-05,2.039,4.936e-05,19.74,0.061,0.00,0.00,0.00,0.00,0.00,0.00,0.00,0.00,0.00,0.00,0.00,0.00,0.0031
-93.76687078,42.02228568,90,TaskName 5/5/2025 (GreenStar 4 Monitor),R-up/Sharpen,12,5/5/2025,0.200,On,1108.1,92.50,-13.21,5.089,1.493,10.09,89.51,19.99,20.49,0,1,57.08,5/5/2025,Good,8.198,0.00020,3.074,7.616e-05,18.44,2.049,0.0016,4.099,0.00010,2.049,5.078e-05,19.85,0.063,0.00,0.00,0.00,0.00,0.00,0.00,0.00,0.00,0.00,0.00,0.00,0.00,0.0032
-93.76686415,42.02228581,90,TaskName 5/5/2025 (GreenStar 4 Monitor),R-up/Sharpen,13,5/5/2025,0.195,On,1108.1,95.00,-11.40,5.252,1.500,10.94,89.63,19.99,20.61,0,1,60.39,5/5/2025,Good,8.245,0.00021,3.092,7.902e-05,18.55,2.061,0.0017,4.122,0.00011,2.061,5.268e-05,19.96,0.065,0.00,0.00,0.00,0.00,0.00,0.00,0.00,0.00,0.00,0.00,0.00,0.00,0.0033
-93.76685714,42.02228581,90,TaskName 5/5/2025 (GreenStar 4 Monitor),R-up/Sharpen,14,5/5/2025,0.205,On,1108.1,97.50,-10.05,5.514,1.657,9.068,89.63,19.99,20.68,0,1,65.15,5/5/2025,Good,8.270,0.00024,3.101,8.989e-05,18.61,2.068,0.0019,4.135,0.00012,2.068,5.993e-05,20.02,0.074,0.00,0.00,0.00,0.00,0.00,0.00,0.00,0.00,0.00,0.00,0.00,0.00,0.0037
-93.76684977,42.02228594,90,TaskName 5/5/2025 (GreenStar 4 Monitor),R-up/Sharpen,15,5/5/2025,0.189,On,1108.0,100.00,-8.500,5.841,1.618,6.439,89.71,19.99,20.50,0,1,70.76,5/5/2025,Good,8.202,0.00024,3.076,8.926e-05,18.45,2.050,0.0019,4.101,0.00012,2.050,5.951e-05,19.86,0.074,0.00,0.00,0.00,0.00,0.00,0.00,0.00,0.00,0.00,0.00,0.00,0.00,0.0037
-93.76684231,42.02228611,90,TaskName 5/5/2025 (GreenStar 4 Monitor),R-up/Sharpen,16,5/5/2025,0.200,On,1108.0,101.25,-7.777,6.185,1.815,4.841,89.89,19.99,20.38,0,1,75.94,5/5/2025,Good,8.151,0.00027,3.056,0.00010,18.34,2.038,0.0021,4.075,0.00013,2.038,6.716e-05,19.73,0.083,0.00,0.00,0.00,0.00,0.00,0.00,0.00,0.00,0.00,0.00,0.00,0.00,0.0042
-93.76682049,42.02228598,90,TaskName 5/5/2025 (GreenStar 4 Monitor),R-up/Sharpen,17,5/5/2025,0.600,On,1107.8,103.75,-6.430,6.631,5.829,3.974,89.60,19.99,20.01,0,1,83.30,5/5/2025,Good,8.005,0.00087,3.002,0.00033,18.01,2.001,0.0069,4.003,0.00043,2.001,0.00022,19.38,0.269,0.00,0.00,0.00,0.00,0.00,0.00,0.00,0.00,0.00,0.00,0.00,0.00,0.014
-93.76678348,42.02228611,90,TaskName 5/5/2025 (GreenStar 4 Monitor),R-up/Sharpen,18,5/5/2025,1.011,On,1107.7,105.00,-5.803,6.743,9.993,5.311,89.51,19.99,20.02,0,1,85.78,5/5/2025,Good,8.006,0.0015,3.002,0.00057,18.01,2.002,0.012,4.003,0.00075,2.002,0.00038,19.39,0.467,0.00,0.00,0.00,0.00,0.00,0.00,0.00,0.00,0.00,0.00,0.00,0.00,0.024
-93.76674579,42.02228654,90,TaskName 5/5/2025 (GreenStar 4 Monitor),R-up/Sharpen,19,5/5/2025,0.989,On,1107.5,105.00,-5.803,6.910,10.02,5.970,89.96,19.99,19.94,0,1,87.89,5/5/2025,Good,7.978,0.0015,2.992,0.00056,17.95,1.994,0.012,3.989,0.00075,1.994,0.00038,19.32,0.466,0.00,0.00,0.00,0.00,0.00,0.00,0.00,0.00,0.00,0.00,0.00,0.00,0.024
-93.76670652,42.02228656,90,TaskName 5/5/2025 (GreenStar 4 Monitor),R-up/Sharpen,20,5/5/2025,1.000,On,1107.3,105.00,-5.803,7.112,10.43,5.179,89.96,19.99,19.92,0,1,90.48,5/5/2025,Good,7.970,0.0016,2.989,0.00059,17.93,1.992,0.013,3.985,0.00078,1.992,0.00039,19.30,0.485,0.00,0.00,0.00,0.00,0.00,0.00,0.00,0.00,0.00,0.00,0.00,0.00,0.025
-93.76666758,42.02228674,90,TaskName 5/5/2025 (GreenStar 4 Monitor),R-up/Sharpen,21,5/5/2025,1.000,On,1107.2,105.00,-5.803,7.248,10.62,5.518,90.02,19.99,19.79,0,1,92.19,5/5/2025,Good,7.914,0.0016,2.968,0.00059,17.81,1.979,0.013,3.957,0.00079,1.979,0.00040,19.16,0.491,0.00,0.00,0.00,0.00,0.00,0.00,0.00,0.00,0.00,0.00,0.00,0.00,0.026
-93.76664365,42.02228669,90,TaskName 5/5/2025 (GreenStar 4 Monitor),R-up/Sharpen,22,5/5/2025,0.606,On,1107.1,105.00,-5.803,7.212,6.409,6.741,89.99,19.99,20.01,0,1,91.78,5/5/2025,Good,8.004,0.00097,3.002,0.00036,18.01,2.001,0.0077,4.002,0.00048,2.001,0.00024,19.38,0.299,0.00,0.00,0.00,0.00,0.00,0.00,0.00,0.00,0.00,0.00,0.00,0.00,0.015
-93.76660219,42.02228679,90,TaskName 5/5/2025 (GreenStar 4 Monitor),R-up/Sharpen,23,5/5/2025,1.004,On,1106.9,103.75,-6.430,7.569,11.14,4.582,90.14,19.99,19.89,0,1,95.10,5/5/2025,Good,7.958,0.0016,2.984,0.00062,17.90,1.989,0.013,3.979,0.00082,1.989,0.00041,19.27,0.511,0.00,0.00,0.00,0.00,0.00,0.00,0.00,0.00,0.00,0.00,0.00,0.00,0.027
-93.76656216,42.02228669,90,TaskName 5/5/2025 (GreenStar 4 Monitor),R-up/Sharpen,24,5/5/2025,0.996,On,1106.8,103.75,-6.430,7.502,10.95,4.878,90.05,19.99,19.94,0,1,94.28,5/5/2025,Good,7.975,0.0016,2.990,0.00061,17.94,1.994,0.013,3.987,0.00081,1.994,0.00041,19.31,0.504,0.00,0.00,0.00,0.00,0.00,0.00,0.00,0.00,0.00,0.00,0.00,0.00,0.026
-93.76652438,42.02228663,90,TaskName 5/5/2025 (GreenStar 4 Monitor),R-up/Sharpen,25,5/5/2025,1.004,On,1106.7,103.75,-6.430,7.285,10.72,3.380,90.19,19.99,19.94,0,1,91.54,5/5/2025,Good,7.977,0.0016,2.991,0.00060,17.95,1.994,0.013,3.989,0.00080,1.994,0.00040,19.32,0.493,0.00,0.00,0.00,0.00,0.00,0.00,0.00,0.00,0.00,0.00,0.00,0.00,0.026
-93.76648826,42.02228649,90,TaskName 5/5/2025 (GreenStar 4 Monitor),R-up/Sharpen,26,5/5/2025,0.996,On,1106.5,103.75,-6.430,6.796,9.921,5.531,90.25,19.99,20.11,0,1,85.41,5/5/2025,Good,8.043,0.0015,3.016,0.00056,18.10,2.011,0.012,4.022,0.00074,2.011,0.00037,19.47,0.460,0.00,0.00,0.00,0.00,0.00,0.00,0.00,0.00,0.00,0.00,0.00,0.00,0.024
-93.76645821,42.02228640,90,TaskName 5/5/2025 (GreenStar 4 Monitor),R-up/Sharpen,27,5/5/2025,0.795,On,1106.4,103.75,-6.430,6.808,7.936,4.536,90.17,19.99,20.00,0,1,85.59,5/5/2025,Good,8.002,0.0012,3.001,0.00044,18.00,2.000,0.0095,4.001,0.00059,2.000,0.00030,19.37,0.366,0.00,0.00,0.00,0.00,0.00,0.00,0.00,0.00,0.00,0.00,0.00,0.00,0.019
-93.76642105,42.02228609,90,TaskName 5/5/2025 (GreenStar 4 Monitor),R-up/Sharpen,28,5/5/2025,0.999,On,1106.2,102.50,-6.859,6.924,10.14,4.410,89.98,19.99,19.87,0,1,85.96,5/5/2025,Good,7.949,0.0015,2.981,0.00056,17.88,1.987,0.012,3.974,0.00074,1.987,0.00037,19.25,0.459,0.00,0.00,0.00,0.00,0.00,0.00,0.00,0.00,0.00,0.00,0.00,0.00,0.024
-93.76638097,42.02228594,90,TaskName 5/5/2025 (GreenStar 4 Monitor),R-up/Sharpen,29,5/5/2025,1.001,On,1106.0,102.50,-6.859,7.112,10.43,5.267,89.84,19.99,19.93,0,1,88.29,5/5/2025,Good,7.973,0.0015,2.990,0.00057,17.94,1.993,0.012,3.986,0.00076,1.993,0.00038,19.30,0.474,0.00,0.00,0.00,0.00,0.00,0.00,0.00,0.00,0.00,0.00,0.00,0.00,0.025
-93.76633983,42.02228591,90,TaskName 5/5/2025 (GreenStar 4 Monitor),R-up/Sharpen,30,5/5/2025,0.999,On,1105.8,102.50,-6.859,7.556,11.07,3.832,89.88,19.99,19.78,0,1,93.84,5/5/2025,Good,7.911,0.0016,2.967,0.00060,17.80,1.978,0.013,3.956,0.00080,1.978,0.00040,19.15,0.499,0.00,0.00,0.00,0.00,0.00,0.00,0.00,0.00,0.00,0.00,0.00,0.00,0.026
-93.76633164,42.02228586,90,TaskName 5/5/2025 (GreenStar 4 Monitor),R-up/Sharpen,31,5/5/2025,0.210,On,1105.8,102.50,-6.859,7.621,2.346,3.632,89.82,19.99,19.78,0,1,94.65,5/5/2025,Good,7.911,0.00034,2.967,0.00013,17.80,1.978,0.0027,3.956,0.00017,1.978,8.531e-05,19.15,0.106,0.00,0.00,0.00,0.00,0.00,0.00,0.00,0.00,0.00,0.00,0.00,0.00,0.0055
-93.76629084,42.02228585,90,TaskName 5/5/2025 (GreenStar 4 Monitor),R-up/Sharpen,32,5/5/2025,0.996,On,1105.6,101.25,-7.531,7.596,11.09,4.652,89.75,19.99,19.88,0,1,93.19,5/5/2025,Good,7.950,0.0016,2.981,0.00060,17.89,1.988,0.013,3.975,0.00080,1.988,0.00040,19.25,0.496,0.00,0.00,0.00,0.00,0.00,0.00,0.00,0.00,0.00,0.00,0.00,0.00,0.026
-93.76624989,42.02228584,90,TaskName 5/5/2025 (GreenStar 4 Monitor),R-up/Sharpen,33,5/5/2025,0.999,On,1105.4,101.25,-7.531,7.533,11.03,5.112,89.65,19.99,19.90,0,1,92.42,5/5/2025,Good,7.960,0.0016,2.985,0.00060,17.91,1.990,0.013,3.980,0.00080,1.990,0.00040,19.27,0.494,0.00,0.00,0.00,0.00,0.00,0.00,0.00,0.00,0.00,0.00,0.00,0.00,0.026
-93.76620877,42.02228598,90,TaskName 5/5/2025 (GreenStar 4 Monitor),R-up/Sharpen,34,5/5/2025,1.001,On,1105.2,101.25,-7.531,7.605,11.16,4.417,89.76,19.99,19.94,0,1,93.30,5/5/2025,Good,7.976,0.0016,2.991,0.00061,17.95,1.994,0.013,3.988,0.00081,1.994,0.00040,19.31,0.501,0.00,0.00,0.00,0.00,0.00,0.00,0.00,0.00,0.00,0.00,0.00,0.00,0.026
-93.76616811,42.02228605,90,TaskName 5/5/2025 (GreenStar 4 Monitor),R-up/Sharpen,35,5/5/2025,1.000,On,1105.0,101.25,-7.531,7.590,11.13,4.572,89.89,19.99,19.91,0,1,93.09,5/5/2025,Good,7.962,0.0016,2.986,0.00060,17.92,1.991,0.013,3.981,0.00080,1.991,0.00040,19.28,0.499,0.00,0.00,0.00,0.00,0.00,0.00,0.00,0.00,0.00,0.00,0.00,0.00,0.026
-93.76612703,42.02228601,90,TaskName 5/5/2025 (GreenStar 4 Monitor),R-up/Sharpen,36,5/5/2025,1.004,On,1104.8,101.25,-7.531,7.550,11.11,5.202,89.84,19.99,20.01,0,1,92.61,5/5/2025,Good,8.005,0.0016,3.002,0.00061,18.01,2.001,0.013,4.002,0.00081,2.001,0.00040,19.38,0.501,0.00,0.00,0.00,0.00,0.00,0.00,0.00,0.00,0.00,0.00,0.00,0.00,0.026
-93.76610242,42.02228608,90,TaskName 5/5/2025 (GreenStar 4 Monitor),R-up/Sharpen,37,5/5/2025,0.590,On,1104.6,101.25,-7.531,7.620,6.590,5.001,89.88,19.99,20.04,0,1,93.46,5/5/2025,Good,8.016,0.00096,3.006,0.00036,18.04,2.004,0.0077,4.008,0.00048,2.004,0.00024,19.41,0.297,0.00,0.00,0.00,0.00,0.00,0.00,0.00,0.00,0.00,0.00,0.00,0.00,0.015
-93.76606105,42.02228609,90,TaskName 5/5/2025 (GreenStar 4 Monitor),R-up/Sharpen,38,5/5/2025,1.000,On,1104.4,100.00,-8.234,7.631,11.19,5.040,90.00,19.99,20.02,0,1,92.46,5/5/2025,Good,8.007,0.0016,3.003,0.00060,18.02,2.002,0.013,4.004,0.00080,2.002,0.00040,19.39,0.498,0.00,0.00,0.00,0.00,0.00,0.00,0.00,0.00,0.00,0.00,0.00,0.00,0.026
-93.76604445,42.02228600,90,TaskName 5/5/2025 (GreenStar 4 Monitor),R-up/Sharpen,39,5/5/2025,0.405,On,1104.3,100.00,-8.234,7.677,4.558,4.741,89.88,19.99,19.95,0,1,93.02,5/5/2025,Good,7.982,0.00065,2.993,0.00024,17.96,1.995,0.0052,3.991,0.00033,1.995,0.00016,19.33,0.202,0.00,0.00,0.00,0.00,0.00,0.00,0.00,0.00,0.00,0.00,0.00,0.00,0.010
-93.76601957,42.02228612,90,TaskName 5/5/2025 (GreenStar 4 Monitor),R-up/Sharpen,40,5/5/2025,0.590,On,1104.1,101.25,-7.531,7.702,6.662,4.728,90.01,19.99,19.94,0,1,94.49,5/5/2025,Good,7.975,0.00096,2.991,0.00036,17.94,1.994,0.0077,3.988,0.00048,1.994,0.00024,19.31,0.299,0.00,0.00,0.00,0.00,0.00,0.00,0.00,0.00,0.00,0.00,0.00,0.00,0.015
-93.76597803,42.02228594,90,TaskName 5/5/2025 (GreenStar 4 Monitor),R-up/Sharpen,41,5/5/2025,1.000,On,1103.8,100.00,-7.968,7.690,11.28,4.620,89.75,19.99,19.87,0,1,93.19,5/5/2025,Good,7.949,0.0016,2.981,0.00060,17.89,1.987,0.013,3.975,0.00080,1.987,0.00040,19.25,0.498,0.00,0.00,0.00,0.00,0.00,0.00,0.00,0.00,0.00,0.00,0.00,0.00,0.026
-93.76594486,42.02228591,90,TaskName 5/5/2025 (GreenStar 4 Monitor),R-up/Sharpen,42,5/5/2025,0.800,On,1103.6,100.00,-7.968,7.710,9.041,4.841,89.69,19.99,19.88,0,1,93.40,5/5/2025,Good,7.952,0.0013,2.982,0.00048,17.89,1.988,0.010,3.976,0.00064,1.988,0.00032,19.25,0.400,0.00,0.00,0.00,0.00,0.00,0.00,0.00,0.00,0.00,0.00,0.00,0.00,0.021
-93.76593647,42.02228590,90,TaskName 5/5/2025 (GreenStar 4 Monitor),R-up/Sharpen,43,5/5/2025,0.201,On,1103.6,98.75,-8.402,7.679,2.264,4.986,89.69,19.99,19.83,0,1,91.94,5/5/2025,Good,7.933,0.00032,2.975,0.00012,17.85,1.983,0.0025,3.966,0.00016,1.983,7.953e-05,19.21,0.099,0.00,0.00,0.00,0.00,0.00,0.00,0.00,0.00,0.00,0.00,0.00,0.00,0.0051
-93.76589464,42.02228591,90,TaskName 5/5/2025 (GreenStar 4 Monitor),R-up/Sharpen,44,5/5/2025,1.004,On,1103.3,100.00,-7.703,7.714,11.35,4.976,89.70,19.99,20.00,0,1,93.47,5/5/2025,Good,8.001,0.0016,3.001,0.00061,18.00,2.000,0.013,4.001,0.00081,2.000,0.00041,19.37,0.505,0.00,0.00,0.00,0.00,0.00,0.00,0.00,0.00,0.00,0.00,0.00,0.00,0.026
-93.76585287,42.02228585,90,TaskName 5/5/2025 (GreenStar 4 Monitor),R-up/Sharpen,45,5/5/2025,0.996,On,1103.0,100.00,-7.703,7.759,11.32,4.270,89.75,19.99,19.87,0,1,93.89,5/5/2025,Good,7.949,0.0016,2.981,0.00060,17.89,1.987,0.013,3.975,0.00081,1.987,0.00040,19.25,0.500,0.00,0.00,0.00,0.00,0.00,0.00,0.00,0.00,0.00,0.00,0.00,0.00,0.026
-93.76582821,42.02228589,90,TaskName 5/5/2025 (GreenStar 4 Monitor),R-up/Sharpen,46,5/5/2025,0.609,On,1102.9,101.25,-7.037,7.713,6.898,4.965,89.77,19.99,19.90,0,1,94.78,5/5/2025,Good,7.959,0.00100,2.985,0.00037,17.91,1.990,0.0080,3.979,0.00050,1.990,0.00025,19.27,0.309,0.00,0.00,0.00,0.00,0.00,0.00,0.00,0.00,0.00,0.00,0.00,0.00,0.016
-93.76581996,42.02228581,90,TaskName 5/5/2025 (GreenStar 4 Monitor),R-up/Sharpen,47,5/5/2025,0.201,On,1102.8,102.50,-6.402,7.639,2.241,5.376,89.70,19.99,19.87,0,1,94.47,5/5/2025,Good,7.950,0.00033,2.981,0.00012,17.89,1.987,0.0026,3.975,0.00016,1.987,8.189e-05,19.25,0.102,0.00,0.00,0.00,0.00,0.00,0.00,0.00,0.00,0.00,0.00,0.00,0.00,0.0053
-93.76581170,42.02228575,90,TaskName 5/5/2025 (GreenStar 4 Monitor),R-up/Sharpen,48,5/5/2025,0.200,On,1102.8,105.00,-5.416,7.630,2.248,5.383,89.67,19.99,19.85,0,1,97.54,5/5/2025,Good,7.941,0.00034,2.978,0.00013,17.87,1.985,0.0027,3.971,0.00017,1.985,8.404e-05,19.23,0.104,0.00,0.00,0.00,0.00,0.00,0.00,0.00,0.00,0.00,0.00,0.00,0.00,0.0054
-93.76580353,42.02228579,90,TaskName 5/5/2025 (GreenStar 4 Monitor),R-up/Sharpen,49,5/5/2025,0.194,On,1102.8,107.50,-4.477,7.635,2.173,5.607,89.66,19.99,19.84,0,1,99.49,5/5/2025,Good,7.937,0.00033,2.976,0.00012,17.86,1.984,0.0027,3.968,0.00017,1.984,8.311e-05,19.22,0.103,0.00,0.00,0.00,0.00,0.00,0.00,0.00,0.00,0.00,0.00,0.00,0.00,0.0054
-93.76579521,42.02228580,90,TaskName 5/5/2025 (GreenStar 4 Monitor),R-up/Sharpen,50,5/5/2025,0.205,On,1102.7,112.50,-2.819,7.617,2.291,5.336,89.70,19.99,19.50,0,1,103.89,5/5/2025,Good,7.800,0.00036,2.925,0.00014,17.55,1.950,0.0029,3.900,0.00018,1.950,9.013e-05,18.89,0.112,0.00,0.00,0.00,0.00,0.00,0.00,0.00,0.00,0.00,0.00,0.00,0.00,0.0059
-93.76575379,42.02228577,90,TaskName 5/5/2025 (GreenStar 4 Monitor),R-up/Sharpen,51,5/5/2025,1.000,On,1102.5,121.25,0.00,7.663,11.23,5.237,89.58,19.99,19.65,0,1,112.57,5/5/2025,Good,7.859,0.0019,2.947,0.00072,17.68,1.965,0.015,3.929,0.00096,1.965,0.00048,19.03,0.595,0.00,0.00,0.00,0.00,0.00,0.00,0.00,0.00,0.00,0.00,0.00,0.00,0.031
-93.76571234,42.02228586,90,TaskName 5/5/2025 (GreenStar 4 Monitor),R-up/Sharpen,52,5/5/2025,1.000,On,1102.3,121.25,0.00,7.676,11.25,5.096,89.76,19.99,19.78,0,1,112.76,5/5/2025,Good,7.911,0.0019,2.966,0.00073,17.80,1.978,0.015,3.955,0.00097,1.978,0.00048,19.15,0.600,0.00,0.00,0.00,0.00,0.00,0.00,0.00,0.00,0.00,0.00,0.00,0.00,0.031
-93.76567093,42.02228586,90,TaskName 5/5/2025 (GreenStar 4 Monitor),R-up/Sharpen,53,5/5/2025,1.001,On,1102.2,121.25,0.00,7.673,11.25,5.058,89.84,19.99,19.89,0,1,112.65,5/5/2025,Good,7.955,0.0019,2.983,0.00073,17.90,1.989,0.016,3.978,0.00097,1.989,0.00049,19.26,0.603,0.00,0.00,0.00,0.00,0.00,0.00,0.00,0.00,0.00,0.00,0.00,0.00,0.031
-93.76562934,42.02228575,90,TaskName 5/5/2025 (GreenStar 4 Monitor),R-up/Sharpen,54,5/5/2025,0.995,On,1102.0,121.25,0.00,7.713,11.27,4.869,89.85,19.99,19.81,0,1,113.47,5/5/2025,Good,7.923,0.0019,2.971,0.00073,17.83,1.981,0.016,3.961,0.00097,1.981,0.00049,19.18,0.602,0.00,0.00,0.00,0.00,0.00,0.00,0.00,0.00,0.00,0.00,0.00,0.00,0.031
-93.76558780,42.02228575,90,TaskName 5/5/2025 (GreenStar 4 Monitor),R-up/Sharpen,55,5/5/2025,1.004,On,1102.0,121.25,0.00,7.688,11.32,4.857,89.81,19.99,19.97,0,1,112.98,5/5/2025,Good,7.988,0.0020,2.996,0.00074,17.97,1.997,0.016,3.994,0.00098,1.997,0.00049,19.34,0.609,0.00,0.00,0.00,0.00,0.00,0.00,0.00,0.00,0.00,0.00,0.00,0.00,0.032
-93.76554663,42.02228565,90,TaskName 5/5/2025 (GreenStar 4 Monitor),R-up/Sharpen,56,5/5/2025,1.000,On,1101.8,121.25,0.00,7.646,11.22,5.566,89.50,19.99,19.99,0,1,112.41,5/5/2025,Good,7.998,0.0020,2.999,0.00073,17.99,1.999,0.016,3.999,0.00098,1.999,0.00049,19.36,0.605,0.00,0.00,0.00,0.00,0.00,0.00,0.00,0.00,0.00,0.00,0.00,0.00,0.031
-93.76550450,42.02228574,90,TaskName 5/5/2025 (GreenStar 4 Monitor),R-up/Sharpen,57,5/5/2025,1.001,On,1101.8,121.25,0.00,7.719,11.33,5.597,89.61,19.99,19.95,0,1,113.45,5/5/2025,Good,7.982,0.0020,2.993,0.00074,17.96,1.995,0.016,3.991,0.00098,1.995,0.00049,19.33,0.610,0.00,0.00,0.00,0.00,0.00,0.00,0.00,0.00,0.00,0.00,0.00,0.00,0.032
-93.76546248,42.02228602,90,TaskName 5/5/2025 (GreenStar 4 Monitor),R-up/Sharpen,58,5/5/2025,1.000,On,1101.7,121.25,0.00,7.797,11.43,4.842,89.91,19.99,19.88,0,1,114.58,5/5/2025,Good,7.951,0.0020,2.982,0.00074,17.89,1.988,0.016,3.976,0.00099,1.988,0.00049,19.25,0.613,0.00,0.00,0.00,0.00,0.00,0.00,0.00,0.00,0.00,0.00,0.00,0.00,0.032
-93.76542055,42.02228587,90,TaskName 5/5/2025 (GreenStar 4 Monitor),R-up/Sharpen,59,5/5/2025,1.000,On,1101.7,121.25,0.00,7.794,11.43,4.543,89.74,19.99,19.98,0,1,114.55,5/5/2025,Good,7.991,0.0020,2.996,0.00074,17.98,1.998,0.016,3.995,0.00099,1.998,0.00050,19.35,0.616,0.00,0.00,0.00,0.00,0.00,0.00,0.00,0.00,0.00,0.00,0.00,0.00,0.032
-93.76537874,42.02228582,90,TaskName 5/5/2025 (GreenStar 4 Monitor),R-up/Sharpen,60,5/5/2025,0.999,On,1101.6,121.25,0.00,7.772,11.39,5.213,89.59,19.99,19.95,0,1,114.20,5/5/2025,Good,7.981,0.0020,2.993,0.00074,17.96,1.995,0.016,3.991,0.00099,1.995,0.00049,19.32,0.612,0.00,0.00,0.00,0.00,0.00,0.00,0.00,0.00,0.00,0.00,0.00,0.00,0.032
-93.76533712,42.02228619,90,TaskName 5/5/2025 (GreenStar 4 Monitor),R-up/Sharpen,61,5/5/2025,1.001,On,1101.6,121.25,0.00,7.701,11.31,5.886,90.13,19.99,20.01,0,1,113.19,5/5/2025,Good,8.002,0.0020,3.001,0.00074,18.01,2.001,0.016,4.001,0.00098,2.001,0.00049,19.38,0.610,0.00,0.00,0.00,0.00,0.00,0.00,0.00,0.00,0.00,0.00,0.00,0.00,0.031
-93.76529508,42.02228614,90,TaskName 5/5/2025 (GreenStar 4 Monitor),R-up/Sharpen,62,5/5/2025,0.999,On,1101.5,121.25,0.00,7.748,11.35,5.219,90.06,19.99,19.96,0,1,113.87,5/5/2025,Good,7.982,0.0020,2.993,0.00074,17.96,1.996,0.016,3.991,0.00099,1.996,0.00049,19.33,0.611,0.00,0.00,0.00,0.00,0.00,0.00,0.00,0.00,0.00,0.00,0.00,0.00,0.032
-93.76525313,42.02228580,90,TaskName 5/5/2025 (GreenStar 4 Monitor),R-up/Sharpen,63,5/5/2025,1.000,On,1101.5,121.25,0.00,7.798,11.44,5.318,89.46,19.99,19.87,0,1,114.65,5/5/2025,Good,7.947,0.0020,2.980,0.00074,17.88,1.987,0.016,3.974,0.00099,1.987,0.00049,19.24,0.613,0.00,0.00,0.00,0.00,0.00,0.00,0.00,0.00,0.00,0.00,0.00,0.00,0.032
-93.76521155,42.02228601,90,TaskName 5/5/2025 (GreenStar 4 Monitor),R-up/Sharpen,64,5/5/2025,1.001,On,1101.5,121.25,0.00,7.743,11.37,5.724,89.82,19.99,20.00,0,1,113.81,5/5/2025,Good,8.002,0.0020,3.001,0.00074,18.00,2.000,0.016,4.001,0.00099,2.000,0.00049,19.37,0.613,0.00,0.00,0.00,0.00,0.00,0.00,0.00,0.00,0.00,0.00,0.00,0.00,0.032
-93.76516945,42.02228628,90,TaskName 5/5/2025 (GreenStar 4 Monitor),R-up/Sharpen,65,5/5/2025,0.999,On,1101.4,121.25,0.00,7.770,11.39,5.234,90.09,19.99,19.84,0,1,114.24,5/5/2025,Good,7.938,0.0020,2.977,0.00074,17.86,1.984,0.016,3.969,0.00098,1.984,0.00049,19.22,0.609,0.00,0.00,0.00,0.00,0.00,0.00,0.00,0.00,0.00,0.00,0.00,0.00,0.032
-93.76512782,42.02228618,90,TaskName 5/5/2025 (GreenStar 4 Monitor),R-up/Sharpen,66,5/5/2025,1.000,On,1101.3,121.25,0.00,7.750,11.37,5.589,89.89,19.99,19.94,0,1,113.89,5/5/2025,Good,7.975,0.0020,2.990,0.00074,17.94,1.994,0.016,3.987,0.00099,1.994,0.00049,19.31,0.611,0.00,0.00,0.00,0.00,0.00,0.00,0.00,0.00,0.00,0.00,0.00,0.00,0.032
-93.76508592,42.02228609,90,TaskName 5/5/2025 (GreenStar 4 Monitor),R-up/Sharpen,67,5/5/2025,1.001,On,1101.2,121.25,0.00,7.738,11.36,5.583,89.89,19.99,19.96,0,1,113.74,5/5/2025,Good,7.984,0.0020,2.994,0.00074,17.96,1.996,0.016,3.992,0.00099,1.996,0.00049,19.33,0.611,0.00,0.00,0.00,0.00,0.00,0.00,0.00,0.00,0.00,0.00,0.00,0.00,0.032
-93.76504401,42.02228590,90,TaskName 5/5/2025 (GreenStar 4 Monitor),R-up/Sharpen,68,5/5/2025,0.999,On,1101.3,121.25,0.00,7.774,11.39,5.456,89.70,19.99,19.98,0,1,114.24,5/5/2025,Good,7.990,0.0020,2.996,0.00074,17.98,1.998,0.016,3.995,0.00099,1.998,0.00049,19.35,0.613,0.00,0.00,0.00,0.00,0.00,0.00,0.00,0.00,0.00,0.00,0.00,0.00,0.032
-93.76500266,42.02228600,90,TaskName 5/5/2025 (GreenStar 4 Monitor),R-up/Sharpen,69,5/5/2025,1.000,On,1101.3,121.25,0.00,7.710,11.31,6.141,89.84,19.99,19.97,0,1,113.33,5/5/2025,Good,7.988,0.0020,2.996,0.00074,17.97,1.997,0.016,3.994,0.00098,1.997,0.00049,19.34,0.609,0.00,0.00,0.00,0.00,0.00,0.00,0.00,0.00,0.00,0.00,0.00,0.00,0.031
-93.76496097,42.02228605,90,TaskName 5/5/2025 (GreenStar 4 Monitor),R-up/Sharpen,70,5/5/2025,0.996,On,1101.4,121.25,0.00,7.687,11.23,5.943,89.95,19.99,19.90,0,1,112.96,5/5/2025,Good,7.960,0.0019,2.985,0.00073,17.91,1.990,0.016,3.980,0.00097,1.990,0.00049,19.27,0.602,0.00,0.00,0.00,0.00,0.00,0.00,0.00,0.00,0.00,0.00,0.00,0.00,0.031
-93.76491936,42.02228591,90,TaskName 5/5/2025 (GreenStar 4 Monitor),R-up/Sharpen,71,5/5/2025,1.000,On,1101.4,121.25,0.00,7.726,11.33,5.977,89.58,19.99,19.93,0,1,113.50,5/5/2025,Good,7.970,0.0020,2.989,0.00074,17.93,1.993,0.016,3.985,0.00098,1.993,0.00049,19.30,0.608,0.00,0.00,0.00,0.00,0.00,0.00,0.00,0.00,0.00,0.00,0.00,0.00,0.032
-93.76487832,42.02228607,90,TaskName 5/5/2025 (GreenStar 4 Monitor),R-up/Sharpen,72,5/5/2025,1.004,On,1101.6,121.25,0.00,7.665,11.28,5.778,89.68,19.99,19.94,0,1,112.62,5/5/2025,Good,7.974,0.0020,2.990,0.00073,17.94,1.994,0.016,3.987,0.00098,1.994,0.00049,19.31,0.606,0.00,0.00,0.00,0.00,0.00,0.00,0.00,0.00,0.00,0.00,0.00,0.00,0.031
-93.76483707,42.02228623,90,TaskName 5/5/2025 (GreenStar 4 Monitor),R-up/Sharpen,73,5/5/2025,0.996,On,1101.6,121.25,0.00,7.602,11.10,6.412,90.00,19.99,19.93,0,1,111.71,5/5/2025,Good,7.973,0.0019,2.990,0.00072,17.94,1.993,0.015,3.986,0.00096,1.993,0.00048,19.30,0.597,0.00,0.00,0.00,0.00,0.00,0.00,0.00,0.00,0.00,0.00,0.00,0.00,0.031
-93.76479585,42.02228601,90,TaskName 5/5/2025 (GreenStar 4 Monitor),R-up/Sharpen,74,5/5/2025,1.000,On,1101.8,121.25,0.00,7.629,11.18,6.462,89.64,19.99,19.98,0,1,111.98,5/5/2025,Good,7.993,0.0019,2.998,0.00073,17.99,1.998,0.016,3.997,0.00097,1.998,0.00049,19.35,0.602,0.00,0.00,0.00,0.00,0.00,0.00,0.00,0.00,0.00,0.00,0.00,0.00,0.031
-93.76475426,42.02228618,90,TaskName 5/5/2025 (GreenStar 4 Monitor),R-up/Sharpen,75,5/5/2025,1.000,On,1101.9,121.25,0.00,7.718,11.33,6.028,89.84,19.99,19.91,0,1,113.56,5/5/2025,Good,7.965,0.0020,2.987,0.00074,17.92,1.991,0.016,3.982,0.00098,1.991,0.00049,19.28,0.608,0.00,0.00,0.00,0.00,0.00,0.00,0.00,0.00,0.00,0.00,0.00,0.00,0.032
-93.76471291,42.02228623,90,TaskName 5/5/2025 (GreenStar 4 Monitor),R-up/Sharpen,76,5/5/2025,1.000,On,1102.0,121.25,0.00,7.684,11.26,6.413,90.05,19.99,19.92,0,1,112.84,5/5/2025,Good,7.967,0.0020,2.988,0.00073,17.93,1.992,0.016,3.983,0.00098,1.992,0.00049,19.29,0.605,0.00,0.00,0.00,0.00,0.00,0.00,0.00,0.00,0.00,0.00,0.00,0.00,0.031
-93.76467112,42.02228594,90,TaskName 5/5/2025 (GreenStar 4 Monitor),R-up/Sharpen,77,5/5/2025,1.005,On,1102.0,121.25,0.00,7.699,11.36,5.946,89.76,19.99,19.93,0,1,113.23,5/5/2025,Good,7.970,0.0020,2.989,0.00074,17.93,1.993,0.016,3.985,0.00098,1.993,0.00049,19.30,0.610,0.00,0.00,0.00,0.00,0.00,0.00,0.00,0.00,0.00,0.00,0.00,0.00,0.032
-93.76462927,42.02228593,90,TaskName 5/5/2025 (GreenStar 4 Monitor),R-up/Sharpen,78,5/5/2025,0.994,On,1102.0,121.25,0.00,7.757,11.30,5.524,89.70,19.99,19.86,0,1,113.95,5/5/2025,Good,7.946,0.0020,2.980,0.00073,17.88,1.986,0.016,3.973,0.00098,1.986,0.00049,19.24,0.605,0.00,0.00,0.00,0.00,0.00,0.00,0.00,0.00,0.00,0.00,0.00,0.00,0.031
-93.76458743,42.02228608,90,TaskName 5/5/2025 (GreenStar 4 Monitor),R-up/Sharpen,79,5/5/2025,1.001,On,1102.0,121.25,0.00,7.745,11.37,5.904,90.03,19.99,19.94,0,1,113.81,5/5/2025,Good,7.976,0.0020,2.991,0.00074,17.95,1.994,0.016,3.988,0.00099,1.994,0.00049,19.31,0.611,0.00,0.00,0.00,0.00,0.00,0.00,0.00,0.00,0.00,0.00,0.00,0.00,0.032
-93.76454557,42.02228599,90,TaskName 5/5/2025 (GreenStar 4 Monitor),R-up/Sharpen,80,5/5/2025,0.999,On,1102.0,121.25,0.00,7.761,11.37,5.611,89.97,19.99,19.94,0,1,114.07,5/5/2025,Good,7.974,0.0020,2.990,0.00074,17.94,1.994,0.016,3.987,0.00099,1.994,0.00049,19.31,0.611,0.00,0.00,0.00,0.00,0.00,0.00,0.00,0.00,0.00,0.00,0.00,0.00,0.032
-93.76450377,42.02228564,90,TaskName 5/5/2025 (GreenStar 4 Monitor),R-up/Sharpen,81,5/5/2025,1.000,On,1102.0,121.25,0.00,7.757,11.38,5.740,89.63,19.99,19.91,0,1,114.02,5/5/2025,Good,7.964,0.0020,2.987,0.00074,17.92,1.991,0.016,3.982,0.00099,1.991,0.00049,19.28,0.611,0.00,0.00,0.00,0.00,0.00,0.00,0.00,0.00,0.00,0.00,0.00,0.00,0.032
-93.76446226,42.02228570,90,TaskName 5/5/2025 (GreenStar 4 Monitor),R-up/Sharpen,82,5/5/2025,1.000,On,1102.0,121.25,0.00,7.720,11.33,5.886,89.67,19.99,19.94,0,1,113.50,5/5/2025,Good,7.975,0.0020,2.991,0.00074,17.94,1.994,0.016,3.988,0.00098,1.994,0.00049,19.31,0.609,0.00,0.00,0.00,0.00,0.00,0.00,0.00,0.00,0.00,0.00,0.00,0.00,0.032
-93.76442050,42.02228580,90,TaskName 5/5/2025 (GreenStar 4 Monitor),R-up/Sharpen,83,5/5/2025,1.001,On,1102.1,121.25,0.00,7.705,11.31,5.862,89.81,19.99,19.87,0,1,113.22,5/5/2025,Good,7.947,0.0020,2.980,0.00073,17.88,1.987,0.016,3.973,0.00098,1.987,0.00049,19.24,0.606,0.00,0.00,0.00,0.00,0.00,0.00,0.00,0.00,0.00,0.00,0.00,0.00,0.031
-93.76437913,42.02228573,90,TaskName 5/5/2025 (GreenStar 4 Monitor),R-up/Sharpen,84,5/5/2025,1.000,On,1102.1,121.25,0.00,7.716,11.32,6.028,89.77,19.99,19.88,0,1,113.40,5/5/2025,Good,7.951,0.0020,2.982,0.00073,17.89,1.988,0.016,3.975,0.00098,1.988,0.00049,19.25,0.606,0.00,0.00,0.00,0.00,0.00,0.00,0.00,0.00,0.00,0.00,0.00,0.00,0.031
-93.76433761,42.02228572,90,TaskName 5/5/2025 (GreenStar 4 Monitor),R-up/Sharpen,85,5/5/2025,0.999,On,1102.1,121.25,0.00,7.682,11.26,6.078,89.60,19.99,20.01,0,1,112.92,5/5/2025,Good,8.004,0.0020,3.002,0.00073,18.01,2.001,0.016,4.002,0.00098,2.001,0.00049,19.38,0.607,0.00,0.00,0.00,0.00,0.00,0.00,0.00,0.00,0.00,0.00,0.00,0.00,0.031
-93.76429568,42.02228582,90,TaskName 5/5/2025 (GreenStar 4 Monitor),R-up/Sharpen,86,5/5/2025,1.000,On,1102.1,121.25,0.00,7.742,11.36,5.582,89.74,19.99,19.98,0,1,113.79,5/5/2025,Good,7.990,0.0020,2.996,0.00074,17.98,1.998,0.016,3.995,0.00099,1.998,0.00049,19.35,0.612,0.00,0.00,0.00,0.00,0.00,0.00,0.00,0.00,0.00,0.00,0.00,0.00,0.032
-93.76425403,42.02228577,90,TaskName 5/5/2025 (GreenStar 4 Monitor),R-up/Sharpen,87,5/5/2025,1.005,On,1102.1,121.25,0.00,7.739,11.41,5.538,89.74,19.99,19.88,0,1,113.75,5/5/2025,Good,7.952,0.0020,2.982,0.00074,17.89,1.988,0.016,3.976,0.00099,1.988,0.00049,19.25,0.611,0.00,0.00,0.00,0.00,0.00,0.00,0.00,0.00,0.00,0.00,0.00,0.00,0.032
-93.76421209,42.02228579,90,TaskName 5/5/2025 (GreenStar 4 Monitor),R-up/Sharpen,88,5/5/2025,0.995,On,1102.0,121.25,0.00,7.740,11.29,5.480,89.71,19.99,19.87,0,1,113.74,5/5/2025,Good,7.949,0.0020,2.981,0.00073,17.89,1.987,0.016,3.975,0.00098,1.987,0.00049,19.25,0.605,0.00,0.00,0.00,0.00,0.00,0.00,0.00,0.00,0.00,0.00,0.00,0.00,0.031
-93.76417015,42.02228579,90,TaskName 5/5/2025 (GreenStar 4 Monitor),R-up/Sharpen,89,5/5/2025,1.001,On,1101.8,121.25,0.00,7.787,11.43,4.842,89.72,19.99,19.84,0,1,114.43,5/5/2025,Good,7.936,0.0020,2.976,0.00074,17.86,1.984,0.016,3.968,0.00099,1.984,0.00049,19.21,0.611,0.00,0.00,0.00,0.00,0.00,0.00,0.00,0.00,0.00,0.00,0.00,0.00,0.032
-93.76412842,42.02228588,90,TaskName 5/5/2025 (GreenStar 4 Monitor),R-up/Sharpen,90,5/5/2025,0.999,On,1101.7,121.25,0.00,7.742,11.34,5.180,89.58,19.99,19.89,0,1,113.77,5/5/2025,Good,7.955,0.0020,2.983,0.00074,17.90,1.989,0.016,3.978,0.00098,1.989,0.00049,19.26,0.608,0.00,0.00,0.00,0.00,0.00,0.00,0.00,0.00,0.00,0.00,0.00,0.00,0.032
-93.76408691,42.02228600,90,TaskName 5/5/2025 (GreenStar 4 Monitor),R-up/Sharpen,91,5/5/2025,1.000,On,1101.5,121.25,0.00,7.710,11.31,5.320,89.78,19.99,19.96,0,1,113.33,5/5/2025,Good,7.982,0.0020,2.993,0.00074,17.96,1.996,0.016,3.991,0.00098,1.996,0.00049,19.33,0.608,0.00,0.00,0.00,0.00,0.00,0.00,0.00,0.00,0.00,0.00,0.00,0.00,0.031
-93.76404520,42.02228623,90,TaskName 5/5/2025 (GreenStar 4 Monitor),R-up/Sharpen,92,5/5/2025,1.000,On,1101.4,121.25,0.00,7.708,11.30,5.206,90.17,19.99,19.87,0,1,113.27,5/5/2025,Good,7.949,0.0020,2.981,0.00073,17.88,1.987,0.016,3.974,0.00098,1.987,0.00049,19.25,0.606,0.00,0.00,0.00,0.00,0.00,0.00,0.00,0.00,0.00,0.00,0.00,0.00,0.031
-93.76400341,42.02228605,90,TaskName 5/5/2025 (GreenStar 4 Monitor),R-up/Sharpen,93,5/5/2025,1.001,On,1101.2,121.25,0.00,7.728,11.35,5.034,89.92,19.99,19.87,0,1,113.58,5/5/2025,Good,7.949,0.0020,2.981,0.00074,17.88,1.987,0.016,3.974,0.00098,1.987,0.00049,19.25,0.608,0.00,0.00,0.00,0.00,0.00,0.00,0.00,0.00,0.00,0.00,0.00,0.00,0.032
-93.76396147,42.02228574,90,TaskName 5/5/2025 (GreenStar 4 Monitor),R-up/Sharpen,94,5/5/2025,1.000,On,1101.0,121.25,0.00,7.771,11.39,4.923,89.44,19.99,19.88,0,1,114.12,5/5/2025,Good,7.954,0.0020,2.983,0.00074,17.90,1.988,0.016,3.977,0.00098,1.988,0.00049,19.26,0.610,0.00,0.00,0.00,0.00,0.00,0.00,0.00,0.00,0.00,0.00,0.00,0.00,0.032
-93.76391972,42.02228604,90,TaskName 5/5/2025 (GreenStar 4 Monitor),R-up/Sharpen,95,5/5/2025,1.000,On,1100.9,121.25,0.00,7.754,11.39,5.166,89.85,19.99,19.85,0,1,114.09,5/5/2025,Good,7.939,0.0020,2.977,0.00074,17.86,1.985,0.016,3.969,0.00098,1.985,0.00049,19.22,0.609,0.00,0.00,0.00,0.00,0.00,0.00,0.00,0.00,0.00,0.00,0.00,0.00,0.032
-93.76387793,42.02228601,90,TaskName 5/5/2025 (GreenStar 4 Monitor),R-up/Sharpen,96,5/5/2025,0.999,On,1100.7,121.25,0.00,7.740,11.34,5.165,89.80,19.99,19.95,0,1,113.74,5/5/2025,Good,7.979,0.0020,2.992,0.00074,17.95,1.995,0.016,3.990,0.00098,1.995,0.00049,19.32,0.610,0.00,0.00,0.00,0.00,0.00,0.00,0.00,0.00,0.00,0.00,0.00,0.00,0.032
-93.76383621,42.02228601,90,TaskName 5/5/2025 (GreenStar 4 Monitor),R-up/Sharpen,97,5/5/2025,1.001,On,1100.7,121.25,0.00,7.734,11.35,4.767,89.63,19.99,19.86,0,1,113.58,5/5/2025,Good,7.942,0.0020,2.978,0.00073,17.87,1.986,0.016,3.971,0.00098,1.986,0.00049,19.23,0.607,0.00,0.00,0.00,0.00,0.00,0.00,0.00,0.00,0.00,0.00,0.00,0.00,0.032
-93.76379449,42.02228625,90,TaskName 5/5/2025 (GreenStar 4 Monitor),R-up/Sharpen,98,5/5/2025,0.999,On,1100.6,121.25,0.00,7.732,11.34,5.018,89.98,19.99,19.88,0,1,113.74,5/5/2025,Good,7.952,0.0020,2.982,0.00074,17.89,1.988,0.016,3.976,0.00098,1.988,0.00049,19.25,0.608,0.00,0.00,0.00,0.00,0.00,0.00,0.00,0.00,0.00,0.00,0.00,0.00,0.032
-93.76375266,42.02228637,90,TaskName 5/5/2025 (GreenStar 4 Monitor),R-up/Sharpen,99,5/5/2025,1.001,On,1100.6,121.25,0.00,7.736,11.36,5.239,90.16,19.99,19.86,0,1,113.74,5/5/2025,Good,7.943,0.0020,2.979,0.00074,17.87,1.986,0.016,3.972,0.00098,1.986,0.00049,19.23,0.608,0.00,0.00,0.00,0.00,0.00,0.00,0.00,0.00,0.00,0.00,0.00,0.00,0.032
-93.76371103,42.02228617,90,TaskName 5/5/2025 (GreenStar 4 Monitor),R-up/Sharpen,100,5/5/2025,1.000,On,1100.5,121.25,0.00,7.747,11.36,5.352,89.94,19.99,19.97,0,1,113.86,5/5/2025,Good,7.987,0.0020,2.995,0.00074,17.97,1.997,0.016,3.993,0.00099,1.997,0.00049,19.34,0.612,0.00,0.00,0.00,0.00,0.00,0.00,0.00,0.00,0.00,0.00,0.00,0.00,0.032
-93.76366907,42.02228610,90,TaskName 5/5/2025 (GreenStar 4 Monitor),R-up/Sharpen,101,5/5/2025,0.999,On,1100.4,121.25,0.00,7.740,11.34,5.214,89.83,19.99,20.00,0,1,113.71,5/5/2025,Good,8.002,0.0020,3.001,0.00074,18.00,2.000,0.016,4.001,0.00099,2.000,0.00049,19.37,0.611,0.00,0.00,0.00,0.00,0.00,0.00,0.00,0.00,0.00,0.00,0.00,0.00,0.032
-93.76362703,42.02228621,90,TaskName 5/5/2025 (GreenStar 4 Monitor),R-up/Sharpen,102,5/5/2025,1.000,On,1100.3,121.25,0.00,7.783,11.41,4.867,89.95,19.99,19.84,0,1,114.35,5/5/2025,Good,7.938,0.0020,2.977,0.00074,17.86,1.984,0.016,3.969,0.00098,1.984,0.00049,19.22,0.611,0.00,0.00,0.00,0.00,0.00,0.00,0.00,0.00,0.00,0.00,0.00,0.00,0.032
-93.76358514,42.02228614,90,TaskName 5/5/2025 (GreenStar 4 Monitor),R-up/Sharpen,103,5/5/2025,1.000,On,1100.2,121.25,0.00,7.777,11.41,5.224,89.91,19.99,19.85,0,1,114.29,5/5/2025,Good,7.939,0.0020,2.977,0.00074,17.86,1.985,0.016,3.969,0.00098,1.985,0.00049,19.22,0.610,0.00,0.00,0.00,0.00,0.00,0.00,0.00,0.00,0.00,0.00,0.00,0.00,0.032
-93.76354324,42.02228596,90,TaskName 5/5/2025 (GreenStar 4 Monitor),R-up/Sharpen,104,5/5/2025,1.001,On,1100.2,121.25,0.00,7.739,11.36,5.270,89.77,19.99,19.87,0,1,113.74,5/5/2025,Good,7.948,0.0020,2.981,0.00074,17.88,1.987,0.016,3.974,0.00098,1.987,0.00049,19.24,0.609,0.00,0.00,0.00,0.00,0.00,0.00,0.00,0.00,0.00,0.00,0.00,0.00,0.032
-93.76350154,42.02228615,90,TaskName 5/5/2025 (GreenStar 4 Monitor),R-up/Sharpen,105,5/5/2025,1.000,On,1100.2,121.25,0.00,7.751,11.37,5.548,89.91,19.99,19.86,0,1,113.92,5/5/2025,Good,7.943,0.0020,2.979,0.00074,17.87,1.986,0.016,3.972,0.00098,1.986,0.00049,19.23,0.609,0.00,0.00,0.00,0.00,0.00,0.00,0.00,0.00,0.00,0.00,0.00,0.00,0.032
-93.76345981,42.02228605,90,TaskName 5/5/2025 (GreenStar 4 Monitor),R-up/Sharpen,106,5/5/2025,1.000,On,1100.2,121.25,0.00,7.728,11.34,5.628,89.81,19.99,19.93,0,1,113.60,5/5/2025,Good,7.972,0.0020,2.990,0.00074,17.94,1.993,0.016,3.986,0.00098,1.993,0.00049,19.30,0.609,0.00,0.00,0.00,0.00,0.00,0.00,0.00,0.00,0.00,0.00,0.00,0.00,0.032
-93.76341782,42.02228600,90,TaskName 5/5/2025 (GreenStar 4 Monitor),R-up/Sharpen,107,5/5/2025,1.000,On,1100.3,121.25,0.00,7.775,11.41,5.001,89.74,19.99,19.87,0,1,114.29,5/5/2025,Good,7.948,0.0020,2.980,0.00074,17.88,1.987,0.016,3.974,0.00099,1.987,0.00049,19.24,0.611,0.00,0.00,0.00,0.00,0.00,0.00,0.00,0.00,0.00,0.00,0.00,0.00,0.032
-93.76337622,42.02228605,90,TaskName 5/5/2025 (GreenStar 4 Monitor),R-up/Sharpen,108,5/5/2025,0.999,On,1100.3,121.25,0.00,7.747,11.35,5.593,89.86,19.99,19.90,0,1,113.87,5/5/2025,Good,7.959,0.0020,2.985,0.00074,17.91,1.990,0.016,3.980,0.00098,1.990,0.00049,19.27,0.609,0.00,0.00,0.00,0.00,0.00,0.00,0.00,0.00,0.00,0.00,0.00,0.00,0.032
-93.76333458,42.02228600,90,TaskName 5/5/2025 (GreenStar 4 Monitor),R-up/Sharpen,109,5/5/2025,1.001,On,1100.4,121.25,0.00,7.700,11.29,5.802,89.82,19.99,19.95,0,1,113.05,5/5/2025,Good,7.980,0.0020,2.993,0.00073,17.96,1.995,0.016,3.990,0.00098,1.995,0.00049,19.32,0.607,0.00,0.00,0.00,0.00,0.00,0.00,0.00,0.00,0.00,0.00,0.00,0.00,0.031
-93.76329281,42.02228601,90,TaskName 5/5/2025 (GreenStar 4 Monitor),R-up/Sharpen,110,5/5/2025,0.999,On,1100.5,121.25,0.00,7.725,11.33,5.752,89.69,19.99,19.91,0,1,113.64,5/5/2025,Good,7.966,0.0020,2.987,0.00074,17.92,1.991,0.016,3.983,0.00098,1.991,0.00049,19.29,0.608,0.00,0.00,0.00,0.00,0.00,0.00,0.00,0.00,0.00,0.00,0.00,0.00,0.032
-93.76325123,42.02228616,90,TaskName 5/5/2025 (GreenStar 4 Monitor),R-up/Sharpen,111,5/5/2025,0.996,On,1100.6,121.25,0.00,7.725,11.28,5.768,89.98,19.99,19.96,0,1,113.49,5/5/2025,Good,7.985,0.0020,2.994,0.00073,17.97,1.996,0.016,3.993,0.00098,1.996,0.00049,19.33,0.607,0.00,0.00,0.00,0.00,0.00,0.00,0.00,0.00,0.00,0.00,0.00,0.00,0.031
-93.76320965,42.02228617,90,TaskName 5/5/2025 (GreenStar 4 Monitor),R-up/Sharpen,112,5/5/2025,1.005,On,1100.7,121.25,0.00,7.722,11.37,5.636,90.05,19.99,19.84,0,1,113.39,5/5/2025,Good,7.935,0.0020,2.975,0.00074,17.85,1.984,0.016,3.967,0.00098,1.984,0.00049,19.21,0.608,0.00,0.00,0.00,0.00,0.00,0.00,0.00,0.00,0.00,0.00,0.00,0.00,0.032
-93.76316831,42.02228591,90,TaskName 5/5/2025 (GreenStar 4 Monitor),R-up/Sharpen,113,5/5/2025,0.995,On,1100.9,121.25,0.00,7.685,11.23,6.094,89.81,19.99,19.90,0,1,113.07,5/5/2025,Good,7.961,0.0019,2.985,0.00073,17.91,1.990,0.016,3.980,0.00097,1.990,0.00049,19.27,0.602,0.00,0.00,0.00,0.00,0.00,0.00,0.00,0.00,0.00,0.00,0.00,0.00,0.031
-93.76312704,42.02228590,90,TaskName 5/5/2025 (GreenStar 4 Monitor),R-up/Sharpen,114,5/5/2025,1.004,On,1101.1,121.25,0.00,7.654,11.27,6.128,89.75,19.99,19.99,0,1,112.48,5/5/2025,Good,7.995,0.0020,2.998,0.00073,17.99,1.999,0.016,3.998,0.00098,1.999,0.00049,19.36,0.607,0.00,0.00,0.00,0.00,0.00,0.00,0.00,0.00,0.00,0.00,0.00,0.00,0.031
-93.76308564,42.02228598,90,TaskName 5/5/2025 (GreenStar 4 Monitor),R-up/Sharpen,115,5/5/2025,1.001,On,1101.2,121.25,0.00,7.649,11.23,6.028,89.81,19.99,19.92,0,1,112.42,5/5/2025,Good,7.968,0.0019,2.988,0.00073,17.93,1.992,0.016,3.984,0.00097,1.992,0.00049,19.29,0.603,0.00,0.00,0.00,0.00,0.00,0.00,0.00,0.00,0.00,0.00,0.00,0.00,0.031
-93.76304434,42.02228607,90,TaskName 5/5/2025 (GreenStar 4 Monitor),R-up/Sharpen,116,5/5/2025,0.999,On,1101.4,121.25,0.00,7.673,11.24,5.360,89.91,19.99,19.83,0,1,112.78,5/5/2025,Good,7.933,0.0019,2.975,0.00073,17.85,1.983,0.016,3.966,0.00097,1.983,0.00048,19.21,0.601,0.00,0.00,0.00,0.00,0.00,0.00,0.00,0.00,0.00,0.00,0.00,0.00,0.031
-93.76300436,42.02228616,90,TaskName 5/5/2025 (GreenStar 4 Monitor),R-up/Sharpen,117,5/5/2025,1.001,On,1101.4,121.25,0.00,7.537,11.07,5.555,89.88,19.99,19.96,0,1,110.82,5/5/2025,Good,7.984,0.0019,2.994,0.00072,17.96,1.996,0.015,3.992,0.00096,1.996,0.00048,19.33,0.596,0.00,0.00,0.00,0.00,0.00,0.00,0.00,0.00,0.00,0.00,0.00,0.00,0.031
-93.76296346,42.02228605,90,TaskName 5/5/2025 (GreenStar 4 Monitor),R-up/Sharpen,118,5/5/2025,1.000,On,1101.5,121.25,0.00,7.456,10.94,6.519,89.81,19.99,19.99,0,1,109.64,5/5/2025,Good,7.997,0.0019,2.999,0.00071,17.99,1.999,0.015,3.998,0.00095,1.999,0.00048,19.36,0.590,0.00,0.00,0.00,0.00,0.00,0.00,0.00,0.00,0.00,0.00,0.00,0.00,0.030
-93.76292196,42.02228593,90,TaskName 5/5/2025 (GreenStar 4 Monitor),R-up/Sharpen,119,5/5/2025,0.995,On,1101.5,121.25,0.00,7.661,11.18,5.469,89.61,19.99,19.89,0,1,112.61,5/5/2025,Good,7.955,0.0019,2.983,0.00073,17.90,1.989,0.015,3.978,0.00097,1.989,0.00048,19.26,0.599,0.00,0.00,0.00,0.00,0.00,0.00,0.00,0.00,0.00,0.00,0.00,0.00,0.031
-93.76288051,42.02228612,90,TaskName 5/5/2025 (GreenStar 4 Monitor),R-up/Sharpen,120,5/5/2025,0.999,On,1101.5,121.25,0.00,7.705,11.30,5.309,89.82,19.99,19.84,0,1,113.31,5/5/2025,Good,7.934,0.0019,2.975,0.00073,17.85,1.984,0.016,3.967,0.00097,1.984,0.00049,19.21,0.604,0.00,0.00,0.00,0.00,0.00,0.00,0.00,0.00,0.00,0.00,0.00,0.00,0.031
-93.76283938,42.02228614,90,TaskName 5/5/2025 (GreenStar 4 Monitor),R-up/Sharpen,121,5/5/2025,1.001,On,1101.5,121.25,0.00,7.644,11.21,5.918,89.87,19.99,19.79,0,1,112.23,5/5/2025,Good,7.917,0.0019,2.969,0.00072,17.81,1.979,0.015,3.959,0.00097,1.979,0.00048,19.17,0.598,0.00,0.00,0.00,0.00,0.00,0.00,0.00,0.00,0.00,0.00,0.00,0.00,0.031
-93.76279752,42.02228602,90,TaskName 5/5/2025 (GreenStar 4 Monitor),R-up/Sharpen,122,5/5/2025,0.999,On,1101.4,121.25,0.00,7.686,11.28,5.288,89.67,19.99,19.85,0,1,113.11,5/5/2025,Good,7.939,0.0019,2.977,0.00073,17.86,1.985,0.016,3.969,0.00097,1.985,0.00049,19.22,0.603,0.00,0.00,0.00,0.00,0.00,0.00,0.00,0.00,0.00,0.00,0.00,0.00,0.031
-93.76275612,42.02228628,90,TaskName 5/5/2025 (GreenStar 4 Monitor),R-up/Sharpen,123,5/5/2025,1.006,On,1101.3,121.25,0.00,7.708,11.37,5.279,89.95,19.99,19.84,0,1,113.21,5/5/2025,Good,7.938,0.0020,2.977,0.00074,17.86,1.984,0.016,3.969,0.00098,1.984,0.00049,19.22,0.608,0.00,0.00,0.00,0.00,0.00,0.00,0.00,0.00,0.00,0.00,0.00,0.00,0.032
-93.76271470,42.02228639,90,TaskName 5/5/2025 (GreenStar 4 Monitor),R-up/Sharpen,124,5/5/2025,0.994,On,1101.2,121.25,0.00,7.650,11.17,5.279,90.14,19.99,19.82,0,1,112.59,5/5/2025,Good,7.927,0.0019,2.973,0.00072,17.84,1.982,0.015,3.964,0.00096,1.982,0.00048,19.19,0.597,0.00,0.00,0.00,0.00,0.00,0.00,0.00,0.00,0.00,0.00,0.00,0.00,0.031
-93.76267318,42.02228621,90,TaskName 5/5/2025 (GreenStar 4 Monitor),R-up/Sharpen,125,5/5/2025,1.000,On,1101.0,121.25,0.00,7.716,11.32,5.042,89.82,19.99,19.85,0,1,113.42,5/5/2025,Good,7.939,0.0020,2.977,0.00073,17.86,1.985,0.016,3.969,0.00098,1.985,0.00049,19.22,0.606,0.00,0.00,0.00,0.00,0.00,0.00,0.00,0.00,0.00,0.00,0.00,0.00,0.032
-93.76263176,42.02228612,90,TaskName 5/5/2025 (GreenStar 4 Monitor),R-up/Sharpen,126,5/5/2025,1.001,On,1100.8,121.25,0.00,7.680,11.26,5.308,89.69,19.99,19.90,0,1,112.75,5/5/2025,Good,7.962,0.0020,2.986,0.00073,17.91,1.990,0.016,3.981,0.00098,1.990,0.00049,19.28,0.604,0.00,0.00,0.00,0.00,0.00,0.00,0.00,0.00,0.00,0.00,0.00,0.00,0.031
-93.76258999,42.02228638,90,TaskName 5/5/2025 (GreenStar 4 Monitor),R-up/Sharpen,127,5/5/2025,1.004,On,1100.7,121.25,0.00,7.709,11.37,5.200,90.19,19.99,19.87,0,1,113.46,5/5/2025,Good,7.950,0.0020,2.981,0.00074,17.89,1.987,0.016,3.975,0.00098,1.987,0.00049,19.25,0.609,0.00,0.00,0.00,0.00,0.00,0.00,0.00,0.00,0.00,0.00,0.00,0.00,0.032
-93.76254845,42.02228619,90,TaskName 5/5/2025 (GreenStar 4 Monitor),R-up/Sharpen,128,5/5/2025,0.996,On,1100.4,121.25,0.00,7.727,11.28,5.403,90.01,19.99,19.87,0,1,113.52,5/5/2025,Good,7.949,0.0020,2.981,0.00073,17.89,1.987,0.016,3.975,0.00098,1.987,0.00049,19.25,0.604,0.00,0.00,0.00,0.00,0.00,0.00,0.00,0.00,0.00,0.00,0.00,0.00,0.031
-93.76250661,42.02228600,90,TaskName 5/5/2025 (GreenStar 4 Monitor),R-up/Sharpen,129,5/5/2025,1.000,On,1100.3,121.25,0.00,7.722,11.34,5.228,89.68,19.99,19.90,0,1,113.59,5/5/2025,Good,7.958,0.0020,2.984,0.00074,17.91,1.990,0.016,3.979,0.00098,1.990,0.00049,19.27,0.608,0.00,0.00,0.00,0.00,0.00,0.00,0.00,0.00,0.00,0.00,0.00,0.00,0.032
-93.76246492,42.02228607,90,TaskName 5/5/2025 (GreenStar 4 Monitor),R-up/Sharpen,130,5/5/2025,1.000,On,1100.1,121.25,0.00,7.726,11.33,5.049,89.81,19.99,19.89,0,1,113.56,5/5/2025,Good,7.956,0.0020,2.983,0.00074,17.90,1.989,0.016,3.978,0.00098,1.989,0.00049,19.26,0.608,0.00,0.00,0.00,0.00,0.00,0.00,0.00,0.00,0.00,0.00,0.00,0.00,0.032
-93.76242341,42.02228610,90,TaskName 5/5/2025 (GreenStar 4 Monitor),R-up/Sharpen,131,5/5/2025,0.999,On,1100.0,121.25,0.00,7.699,11.28,4.822,89.84,19.99,19.88,0,1,113.14,5/5/2025,Good,7.952,0.0020,2.982,0.00073,17.89,1.988,0.016,3.976,0.00098,1.988,0.00049,19.25,0.604,0.00,0.00,0.00,0.00,0.00,0.00,0.00,0.00,0.00,0.00,0.00,0.00,0.031
-93.76238237,42.02228617,90,TaskName 5/5/2025 (GreenStar 4 Monitor),R-up/Sharpen,132,5/5/2025,1.001,On,1099.8,121.25,0.00,7.617,11.18,5.274,89.81,19.99,20.02,0,1,111.93,5/5/2025,Good,8.007,0.0019,3.003,0.00073,18.02,2.002,0.016,4.003,0.00097,2.002,0.00049,19.39,0.603,0.00,0.00,0.00,0.00,0.00,0.00,0.00,0.00,0.00,0.00,0.00,0.00,0.031
-93.76234389,42.02228616,90,TaskName 5/5/2025 (GreenStar 4 Monitor),R-up/Sharpen,133,5/5/2025,0.999,On,1100.0,121.25,0.00,7.454,10.92,4.067,89.77,19.99,19.92,0,1,109.52,5/5/2025,Good,7.968,0.0019,2.988,0.00071,17.93,1.992,0.015,3.984,0.00095,1.992,0.00047,19.29,0.586,0.00,0.00,0.00,0.00,0.00,0.00,0.00,0.00,0.00,0.00,0.00,0.00,0.030
-93.76230709,42.02228632,90,TaskName 5/5/2025 (GreenStar 4 Monitor),R-up/Sharpen,134,5/5/2025,1.000,On,1099.9,121.25,0.00,6.920,10.15,6.405,89.99,19.99,20.14,0,1,101.69,5/5/2025,Good,8.057,0.0018,3.022,0.00067,18.13,2.014,0.014,4.029,0.00089,2.014,0.00044,19.51,0.551,0.00,0.00,0.00,0.00,0.00,0.00,0.00,0.00,0.00,0.00,0.00,0.00,0.028
-93.76226917,42.02228632,90,TaskName 5/5/2025 (GreenStar 4 Monitor),R-up/Sharpen,135,5/5/2025,1.001,On,1100.1,121.25,0.00,6.906,10.14,5.573,90.05,19.99,19.98,0,1,101.49,5/5/2025,Good,7.991,0.0018,2.997,0.00066,17.98,1.998,0.014,3.995,0.00088,1.998,0.00044,19.35,0.546,0.00,0.00,0.00,0.00,0.00,0.00,0.00,0.00,0.00,0.00,0.00,0.00,0.028
-93.76223286,42.02228613,90,TaskName 5/5/2025 (GreenStar 4 Monitor),R-up/Sharpen,136,5/5/2025,1.000,On,1099.5,121.25,0.00,6.988,10.25,3.660,89.86,19.99,19.91,0,1,102.67,5/5/2025,Good,7.963,0.0018,2.986,0.00067,17.92,1.991,0.014,3.982,0.00089,1.991,0.00044,19.28,0.550,0.00,0.00,0.00,0.00,0.00,0.00,0.00,0.00,0.00,0.00,0.00,0.00,0.029
-93.76220479,42.02228618,90,TaskName 5/5/2025 (GreenStar 4 Monitor),R-up/Sharpen,137,5/5/2025,0.794,On,1099.1,121.25,0.00,6.571,7.649,5.037,90.02,19.99,19.95,0,1,96.54,5/5/2025,Good,7.978,0.0013,2.992,0.00050,17.95,1.995,0.011,3.989,0.00066,1.995,0.00033,19.32,0.411,0.00,0.00,0.00,0.00,0.00,0.00,0.00,0.00,0.00,0.00,0.00,0.00,0.021
-93.76219705,42.02228621,90,TaskName 5/5/2025 (GreenStar 4 Monitor),R-up/Sharpen,138,5/5/2025,0.201,On,1099.0,63.75,-28.75,6.565,1.934,3.685,90.03,19.99,19.83,0,1,50.70,5/5/2025,Good,7.933,0.00018,2.975,6.579e-05,17.85,1.983,0.0014,3.966,8.772e-05,1.983,4.386e-05,19.21,0.054,0.00,0.00,0.00,0.00,0.00,0.00,0.00,0.00,0.00,0.00,0.00,0.00,0.0028
-93.76216041,42.02260373,90,TaskName 5/5/2025 (GreenStar 4 Monitor),R-up/Sharpen,139,5/5/2025,0.206,On,1101.1,11.25,-51.25,6.221,1.879,4.597,279.64,19.99,20.18,0,2,8.481,5/5/2025,Good,8.074,3.061e-05,3.028,1.148e-05,18.17,2.018,0.00024,4.037,1.531e-05,2.018,7.653e-06,19.55,0.0095,0.00,0.00,0.00,0.00,0.00,0.00,0.00,0.00,0.00,0.00,0.00,0.00,0.00049
-93.76216733,42.02260483,90,TaskName 5/5/2025 (GreenStar 4 Monitor),R-up/Sharpen,140,5/5/2025,0.190,On,1101.0,22.50,-45.62,6.230,1.728,3.619,278.92,19.99,20.79,0,2,16.91,5/5/2025,Good,8.317,5.800e-05,3.119,2.175e-05,18.71,2.079,0.00046,4.159,2.900e-05,2.079,1.450e-05,20.14,0.018,0.00,0.00,0.00,0.00,0.00,0.00,0.00,0.00,0.00,0.00,0.00,0.00,0.00089
-93.76217451,42.02260584,90,TaskName 5/5/2025 (GreenStar 4 Monitor),R-up/Sharpen,141,5/5/2025,0.204,On,1100.9,32.50,-40.62,6.322,1.902,3.335,278.03,19.99,20.16,0,2,25.04,5/5/2025,Good,8.065,8.942e-05,3.024,3.353e-05,18.15,2.016,0.00072,4.033,4.471e-05,2.016,2.235e-05,19.53,0.028,0.00,0.00,0.00,0.00,0.00,0.00,0.00,0.00,0.00,0.00,0.00,0.00,0.0014
-93.76218132,42.02260708,90,TaskName 5/5/2025 (GreenStar 4 Monitor),R-up/Sharpen,142,5/5/2025,0.201,On,1100.9,47.50,-33.12,6.476,1.902,3.930,277.08,19.99,19.97,0,2,37.15,5/5/2025,Good,7.988,0.00013,2.996,4.854e-05,17.97,1.997,0.0010,3.994,6.472e-05,1.997,3.236e-05,19.34,0.040,0.00,0.00,0.00,0.00,0.00,0.00,0.00,0.00,0.00,0.00,0.00,0.00,0.0021
-93.76218795,42.02260801,90,TaskName 5/5/2025 (GreenStar 4 Monitor),R-up/Sharpen,143,5/5/2025,0.199,On,1100.9,66.25,-23.75,6.525,1.915,4.854,276.31,19.99,19.15,0,2,52.69,5/5/2025,Good,7.659,0.00017,2.872,6.536e-05,17.23,1.915,0.0014,3.829,8.714e-05,1.915,4.357e-05,18.54,0.054,0.00,0.00,0.00,0.00,0.00,0.00,0.00,0.00,0.00,0.00,0.00,0.00,0.0029
-93.76222265,42.02261133,90,TaskName 5/5/2025 (GreenStar 4 Monitor),R-up/Sharpen,144,5/5/2025,1.006,On,1100.7,118.75,1.250,6.336,9.353,7.437,273.28,19.99,20.11,0,2,91.24,5/5/2025,Good,8.043,0.0016,3.016,0.00060,18.10,2.011,0.013,4.022,0.00080,2.011,0.00040,19.47,0.497,0.00,0.00,0.00,0.00,0.00,0.00,0.00,0.00,0.00,0.00,0.00,0.00,0.025
-93.76223774,42.02261213,90,TaskName 5/5/2025 (GreenStar 4 Monitor),R-up/Sharpen,145,5/5/2025,0.394,On,1100.8,118.75,1.250,6.722,3.886,5.793,272.74,19.99,19.88,0,2,96.80,5/5/2025,Good,7.952,0.00066,2.982,0.00025,17.89,1.988,0.0053,3.976,0.00033,1.988,0.00016,19.25,0.204,0.00,0.00,0.00,0.00,0.00,0.00,0.00,0.00,0.00,0.00,0.00,0.00,0.011
-93.76227664,42.02261353,90,TaskName 5/5/2025 (GreenStar 4 Monitor),R-up/Sharpen,146,5/5/2025,0.996,On,1100.6,120.00,0.625,7.089,10.35,5.038,271.74,19.99,19.87,0,2,103.03,5/5/2025,Good,7.947,0.0018,2.980,0.00066,17.88,1.987,0.014,3.974,0.00088,1.987,0.00044,19.24,0.548,0.00,0.00,0.00,0.00,0.00,0.00,0.00,0.00,0.00,0.00,0.00,0.00,0.029
-93.76231624,42.02261469,90,TaskName 5/5/2025 (GreenStar 4 Monitor),R-up/Sharpen,147,5/5/2025,1.004,On,1100.7,120.00,0.625,7.150,10.54,9.887,270.82,19.99,20.01,0,2,104.15,5/5/2025,Good,8.004,0.0018,3.001,0.00068,18.01,2.001,0.015,4.002,0.00091,2.001,0.00045,19.38,0.563,0.00,0.00,0.00,0.00,0.00,0.00,0.00,0.00,0.00,0.00,0.00,0.00,0.029
-93.76236184,42.02261511,90,TaskName 5/5/2025 (GreenStar 4 Monitor),R-up/Sharpen,148,5/5/2025,1.001,On,1100.6,120.00,0.625,7.947,11.66,6.472,270.46,19.99,19.83,0,2,115.48,5/5/2025,Good,7.933,0.0020,2.975,0.00075,17.85,1.983,0.016,3.966,0.00100,1.983,0.00050,19.21,0.617,0.00,0.00,0.00,0.00,0.00,0.00,0.00,0.00,0.00,0.00,0.00,0.00,0.032
-93.76240342,42.02261564,90,TaskName 5/5/2025 (GreenStar 4 Monitor),R-up/Sharpen,149,5/5/2025,0.999,On,1100.5,120.00,0.625,8.205,12.02,3.309,270.14,19.99,19.62,0,2,119.29,5/5/2025,Good,7.847,0.0020,2.943,0.00076,17.66,1.962,0.016,3.923,0.0010,1.962,0.00051,19.00,0.629,0.00,0.00,0.00,0.00,0.00,0.00,0.00,0.00,0.00,0.00,0.00,0.00,0.033
-93.76244401,42.02261566,90,TaskName 5/5/2025 (GreenStar 4 Monitor),R-up/Sharpen,150,5/5/2025,1.000,On,1100.7,120.00,0.625,7.365,10.80,10.22,270.02,19.99,20.11,0,2,107.14,5/5/2025,Good,8.044,0.0019,3.016,0.00070,18.10,2.011,0.015,4.022,0.00094,2.011,0.00047,19.48,0.580,0.00,0.00,0.00,0.00,0.00,0.00,0.00,0.00,0.00,0.00,0.00,0.00,0.030
-93.76249046,42.02261568,90,TaskName 5/5/2025 (GreenStar 4 Monitor),R-up/Sharpen,151,5/5/2025,1.010,On,1100.6,120.00,0.625,8.175,12.10,6.392,270.14,19.99,19.85,0,2,118.80,5/5/2025,Good,7.939,0.0021,2.977,0.00078,17.86,1.985,0.017,3.970,0.0010,1.985,0.00052,19.22,0.641,0.00,0.00,0.00,0.00,0.00,0.00,0.00,0.00,0.00,0.00,0.00,0.00,0.033
-93.76253632,42.02261584,90,TaskName 5/5/2025 (GreenStar 4 Monitor),R-up/Sharpen,152,5/5/2025,0.996,On,1100.5,120.00,0.625,8.570,12.53,5.344,269.92,19.99,19.76,0,2,124.72,5/5/2025,Good,7.904,0.0021,2.964,0.00080,17.78,1.976,0.017,3.952,0.0011,1.976,0.00053,19.14,0.660,0.00,0.00,0.00,0.00,0.00,0.00,0.00,0.00,0.00,0.00,0.00,0.00,0.035
-93.76258098,42.02261589,90,TaskName 5/5/2025 (GreenStar 4 Monitor),R-up/Sharpen,153,5/5/2025,1.004,On,1100.5,120.00,0.625,8.339,12.28,6.387,269.82,19.99,19.83,0,2,121.32,5/5/2025,Good,7.934,0.0021,2.975,0.00079,17.85,1.983,0.017,3.967,0.0010,1.983,0.00052,19.21,0.650,0.00,0.00,0.00,0.00,0.00,0.00,0.00,0.00,0.00,0.00,0.00,0.00,0.034
-93.76262631,42.02261573,90,TaskName 5/5/2025 (GreenStar 4 Monitor),R-up/Sharpen,154,5/5/2025,0.996,On,1100.4,120.00,0.625,8.330,12.16,6.018,269.86,19.99,20.05,0,2,121.09,5/5/2025,Good,8.020,0.0021,3.007,0.00079,18.04,2.005,0.017,4.010,0.0010,2.005,0.00052,19.42,0.651,0.00,0.00,0.00,0.00,0.00,0.00,0.00,0.00,0.00,0.00,0.00,0.00,0.034
-93.76267160,42.02261549,90,TaskName 5/5/2025 (GreenStar 4 Monitor),R-up/Sharpen,155,5/5/2025,1.000,On,1100.4,120.00,0.625,8.438,12.38,5.895,269.99,19.99,19.95,0,2,122.75,5/5/2025,Good,7.981,0.0021,2.993,0.00080,17.96,1.995,0.017,3.991,0.0011,1.995,0.00053,19.32,0.659,0.00,0.00,0.00,0.00,0.00,0.00,0.00,0.00,0.00,0.00,0.00,0.00,0.034
-93.76271622,42.02261554,90,TaskName 5/5/2025 (GreenStar 4 Monitor),R-up/Sharpen,156,5/5/2025,0.999,On,1100.4,120.00,0.625,8.300,12.18,6.350,269.91,19.99,20.03,0,2,120.92,5/5/2025,Good,8.013,0.0021,3.005,0.00079,18.03,2.003,0.017,4.006,0.0011,2.003,0.00053,19.40,0.651,0.00,0.00,0.00,0.00,0.00,0.00,0.00,0.00,0.00,0.00,0.00,0.00,0.034
-93.76276135,42.02261553,90,TaskName 5/5/2025 (GreenStar 4 Monitor),R-up/Sharpen,157,5/5/2025,1.005,On,1100.3,120.00,0.625,8.348,12.31,5.328,269.88,19.99,20.00,0,2,121.46,5/5/2025,Good,7.999,0.0021,3.000,0.00079,18.00,2.000,0.017,4.000,0.0011,2.000,0.00053,19.37,0.657,0.00,0.00,0.00,0.00,0.00,0.00,0.00,0.00,0.00,0.00,0.00,0.00,0.034
-93.76280617,42.02261548,90,TaskName 5/5/2025 (GreenStar 4 Monitor),R-up/Sharpen,158,5/5/2025,0.996,On,1100.2,120.00,0.625,8.319,12.15,5.471,269.88,19.99,19.97,0,2,120.96,5/5/2025,Good,7.988,0.0021,2.996,0.00078,17.97,1.997,0.017,3.994,0.0010,1.997,0.00052,19.34,0.647,0.00,0.00,0.00,0.00,0.00,0.00,0.00,0.00,0.00,0.00,0.00,0.00,0.033
-93.76285083,42.02261530,90,TaskName 5/5/2025 (GreenStar 4 Monitor),R-up/Sharpen,159,5/5/2025,0.999,On,1100.0,120.00,0.625,8.275,12.12,5.976,270.20,19.99,19.85,0,2,120.33,5/5/2025,Good,7.942,0.0021,2.978,0.00078,17.87,1.985,0.017,3.971,0.0010,1.985,0.00052,19.23,0.642,0.00,0.00,0.00,0.00,0.00,0.00,0.00,0.00,0.00,0.00,0.00,0.00,0.033
-93.76289544,42.02261578,90,TaskName 5/5/2025 (GreenStar 4 Monitor),R-up/Sharpen,160,5/5/2025,1.001,On,1099.9,120.00,0.625,8.275,12.14,5.939,269.72,19.99,19.87,0,2,120.29,5/5/2025,Good,7.948,0.0021,2.980,0.00078,17.88,1.987,0.017,3.974,0.0010,1.987,0.00052,19.24,0.644,0.00,0.00,0.00,0.00,0.00,0.00,0.00,0.00,0.00,0.00,0.00,0.00,0.033
-93.76294005,42.02261574,90,TaskName 5/5/2025 (GreenStar 4 Monitor),R-up/Sharpen,161,5/5/2025,0.999,On,1099.8,120.00,0.625,8.258,12.10,5.275,269.62,19.99,19.90,0,2,120.11,5/5/2025,Good,7.962,0.0021,2.986,0.00078,17.91,1.990,0.017,3.981,0.0010,1.990,0.00052,19.28,0.642,0.00,0.00,0.00,0.00,0.00,0.00,0.00,0.00,0.00,0.00,0.00,0.00,0.033
-93.76298457,42.02261541,90,TaskName 5/5/2025 (GreenStar 4 Monitor),R-up/Sharpen,162,5/5/2025,1.001,On,1099.7,120.00,0.625,8.273,12.13,5.468,270.26,19.99,19.88,0,2,120.22,5/5/2025,Good,7.952,0.0021,2.982,0.00078,17.89,1.988,0.017,3.976,0.0010,1.988,0.00052,19.25,0.644,0.00,0.00,0.00,0.00,0.00,0.00,0.00,0.00,0.00,0.00,0.00,0.00,0.033
-93.76302928,42.02261546,90,TaskName 5/5/2025 (GreenStar 4 Monitor),R-up/Sharpen,163,5/5/2025,1.000,On,1099.4,120.00,0.625,8.258,12.11,5.771,270.44,19.99,19.93,0,2,120.15,5/5/2025,Good,7.974,0.0021,2.990,0.00078,17.94,1.993,0.017,3.987,0.0010,1.993,0.00052,19.31,0.644,0.00,0.00,0.00,0.00,0.00,0.00,0.00,0.00,0.00,0.00,0.00,0.00,0.033
-93.76307380,42.02261598,90,TaskName 5/5/2025 (GreenStar 4 Monitor),R-up/Sharpen,164,5/5/2025,0.999,On,1099.4,120.00,0.625,8.258,12.11,5.520,269.66,19.99,19.93,0,2,120.24,5/5/2025,Good,7.972,0.0021,2.989,0.00078,17.94,1.993,0.017,3.986,0.0010,1.993,0.00052,19.30,0.644,0.00,0.00,0.00,0.00,0.00,0.00,0.00,0.00,0.00,0.00,0.00,0.00,0.033
-93.76311819,42.02261592,90,TaskName 5/5/2025 (GreenStar 4 Monitor),R-up/Sharpen,165,5/5/2025,1.001,On,1099.1,120.00,0.625,8.247,12.11,5.681,269.70,19.99,19.77,0,2,119.93,5/5/2025,Good,7.907,0.0021,2.965,0.00077,17.79,1.977,0.016,3.953,0.0010,1.977,0.00051,19.14,0.638,0.00,0.00,0.00,0.00,0.00,0.00,0.00,0.00,0.00,0.00,0.00,0.00,0.033
-93.76316254,42.02261567,90,TaskName 5/5/2025 (GreenStar 4 Monitor),R-up/Sharpen,166,5/5/2025,1.000,On,1099.1,120.00,0.625,8.199,12.03,6.068,270.33,19.99,19.95,0,2,119.27,5/5/2025,Good,7.979,0.0021,2.992,0.00077,17.95,1.995,0.017,3.990,0.0010,1.995,0.00052,19.32,0.640,0.00,0.00,0.00,0.00,0.00,0.00,0.00,0.00,0.00,0.00,0.00,0.00,0.033
-93.76320686,42.02261624,90,TaskName 5/5/2025 (GreenStar 4 Monitor),R-up/Sharpen,167,5/5/2025,0.999,On,1099.0,120.00,0.625,8.207,12.02,6.100,269.74,19.99,19.93,0,2,119.36,5/5/2025,Good,7.973,0.0021,2.990,0.00077,17.94,1.993,0.017,3.986,0.0010,1.993,0.00052,19.30,0.639,0.00,0.00,0.00,0.00,0.00,0.00,0.00,0.00,0.00,0.00,0.00,0.00,0.033
-93.76321578,42.02261635,90,TaskName 5/5/2025 (GreenStar 4 Monitor),R-up/Sharpen,168,5/5/2025,0.200,On,1099.0,120.00,0.625,8.234,2.416,5.851,269.54,19.99,19.95,0,2,119.79,5/5/2025,Good,7.980,0.00041,2.992,0.00016,17.95,1.995,0.0033,3.990,0.00021,1.995,0.00010,19.32,0.129,0.00,0.00,0.00,0.00,0.00,0.00,0.00,0.00,0.00,0.00,0.00,0.00,0.0067
-93.76326045,42.02261670,90,TaskName 5/5/2025 (GreenStar 4 Monitor),R-up/Sharpen,169,5/5/2025,1.000,On,1098.9,121.25,0.00,8.268,12.12,5.733,268.77,19.99,19.91,0,2,121.50,5/5/2025,Good,7.962,0.0021,2.986,0.00079,17.92,1.991,0.017,3.981,0.0010,1.991,0.00052,19.28,0.651,0.00,0.00,0.00,0.00,0.00,0.00,0.00,0.00,0.00,0.00,0.00,0.00,0.034
-93.76328700,42.02261633,90,TaskName 5/5/2025 (GreenStar 4 Monitor),R-up/Sharpen,170,5/5/2025,0.601,On,1098.9,121.25,0.00,8.249,7.257,5.632,269.22,19.99,19.96,0,2,121.00,5/5/2025,Good,7.985,0.0013,2.994,0.00047,17.97,1.996,0.010,3.993,0.00063,1.996,0.00032,19.33,0.391,0.00,0.00,0.00,0.00,0.00,0.00,0.00,0.00,0.00,0.00,0.00,0.00,0.020
-93.76333148,42.02261561,90,TaskName 5/5/2025 (GreenStar 4 Monitor),R-up/Sharpen,171,5/5/2025,0.995,On,1098.9,120.00,0.625,8.215,11.99,5.281,270.30,19.99,19.93,0,2,119.48,5/5/2025,Good,7.973,0.0021,2.990,0.00077,17.94,1.993,0.016,3.986,0.0010,1.993,0.00051,19.30,0.637,0.00,0.00,0.00,0.00,0.00,0.00,0.00,0.00,0.00,0.00,0.00,0.00,0.033
-93.76337604,42.02261593,90,TaskName 5/5/2025 (GreenStar 4 Monitor),R-up/Sharpen,172,5/5/2025,1.005,On,1098.8,120.00,0.625,8.246,12.16,5.008,270.03,19.99,19.95,0,2,120.04,5/5/2025,Good,7.979,0.0021,2.992,0.00078,17.95,1.995,0.017,3.989,0.0010,1.995,0.00052,19.32,0.647,0.00,0.00,0.00,0.00,0.00,0.00,0.00,0.00,0.00,0.00,0.00,0.00,0.034
-93.76339371,42.02261624,90,TaskName 5/5/2025 (GreenStar 4 Monitor),R-up/Sharpen,173,5/5/2025,0.394,On,1098.9,120.00,0.625,8.231,4.756,5.563,269.68,19.99,19.92,0,2,119.71,5/5/2025,Good,7.967,0.00082,2.988,0.00031,17.93,1.992,0.0065,3.983,0.00041,1.992,0.00020,19.29,0.253,0.00,0.00,0.00,0.00,0.00,0.00,0.00,0.00,0.00,0.00,0.00,0.00,0.013
-93.76343793,42.02261657,90,TaskName 5/5/2025 (GreenStar 4 Monitor),R-up/Sharpen,174,5/5/2025,1.006,On,1098.9,121.25,0.00,8.191,12.08,6.123,269.02,19.99,19.95,0,2,120.35,5/5/2025,Good,7.978,0.0021,2.992,0.00079,17.95,1.995,0.017,3.989,0.0010,1.995,0.00052,19.32,0.650,0.00,0.00,0.00,0.00,0.00,0.00,0.00,0.00,0.00,0.00,0.00,0.00,0.034
-93.76344675,42.02261639,90,TaskName 5/5/2025 (GreenStar 4 Monitor),R-up/Sharpen,175,5/5/2025,0.199,On,1098.9,121.25,0.00,8.172,2.383,6.406,269.17,19.99,19.97,0,2,119.99,5/5/2025,Good,7.988,0.00041,2.996,0.00016,17.97,1.997,0.0033,3.994,0.00021,1.997,0.00010,19.34,0.128,0.00,0.00,0.00,0.00,0.00,0.00,0.00,0.00,0.00,0.00,0.00,0.00,0.0066
-93.76349078,42.02261586,90,TaskName 5/5/2025 (GreenStar 4 Monitor),R-up/Sharpen,176,5/5/2025,1.001,On,1098.9,120.00,0.625,8.160,11.98,6.635,269.88,19.99,20.00,0,2,118.66,5/5/2025,Good,8.002,0.0021,3.001,0.00077,18.00,2.000,0.017,4.001,0.0010,2.000,0.00052,19.37,0.639,0.00,0.00,0.00,0.00,0.00,0.00,0.00,0.00,0.00,0.00,0.00,0.00,0.033
-93.76353500,42.02261597,90,TaskName 5/5/2025 (GreenStar 4 Monitor),R-up/Sharpen,177,5/5/2025,0.999,On,1099.0,120.00,0.625,8.173,11.97,6.535,269.95,19.99,19.96,0,2,118.87,5/5/2025,Good,7.983,0.0021,2.994,0.00077,17.96,1.996,0.016,3.992,0.0010,1.996,0.00051,19.33,0.638,0.00,0.00,0.00,0.00,0.00,0.00,0.00,0.00,0.00,0.00,0.00,0.00,0.033
-93.76357934,42.02261654,90,TaskName 5/5/2025 (GreenStar 4 Monitor),R-up/Sharpen,178,5/5/2025,1.001,On,1099.0,120.00,0.625,8.204,12.04,6.620,269.10,19.99,19.94,0,2,119.31,5/5/2025,Good,7.975,0.0021,2.991,0.00078,17.94,1.994,0.017,3.988,0.0010,1.994,0.00052,19.31,0.641,0.00,0.00,0.00,0.00,0.00,0.00,0.00,0.00,0.00,0.00,0.00,0.00,0.033
-93.76358809,42.02261651,90,TaskName 5/5/2025 (GreenStar 4 Monitor),R-up/Sharpen,179,5/5/2025,0.200,On,1099.1,120.00,0.625,8.221,2.412,6.921,269.08,19.99,19.95,0,2,119.63,5/5/2025,Good,7.980,0.00041,2.992,0.00016,17.95,1.995,0.0033,3.990,0.00021,1.995,0.00010,19.32,0.128,0.00,0.00,0.00,0.00,0.00,0.00,0.00,0.00,0.00,0.00,0.00,0.00,0.0066
-93.76361462,42.02261643,90,TaskName 5/5/2025 (GreenStar 4 Monitor),R-up/Sharpen,180,5/5/2025,0.595,On,1099.1,121.25,0.00,8.184,7.139,6.768,269.07,19.99,19.91,0,2,120.23,5/5/2025,Good,7.964,0.0012,2.987,0.00046,17.92,1.991,0.0099,3.982,0.00062,1.991,0.00031,19.28,0.383,0.00,0.00,0.00,0.00,0.00,0.00,0.00,0.00,0.00,0.00,0.00,0.00,0.020
-93.76365945,42.02261578,90,TaskName 5/5/2025 (GreenStar 4 Monitor),R-up/Sharpen,181,5/5/2025,1.004,On,1099.2,120.00,0.625,8.244,12.14,6.334,269.70,19.99,19.90,0,2,119.90,5/5/2025,Good,7.962,0.0021,2.986,0.00078,17.91,1.990,0.017,3.981,0.0010,1.990,0.00052,19.28,0.645,0.00,0.00,0.00,0.00,0.00,0.00,0.00,0.00,0.00,0.00,0.00,0.00,0.033
-93.76370383,42.02261567,90,TaskName 5/5/2025 (GreenStar 4 Monitor),R-up/Sharpen,182,5/5/2025,1.001,On,1099.2,120.00,0.625,8.249,12.09,6.205,270.04,19.99,19.76,0,2,119.80,5/5/2025,Good,7.903,0.0021,2.964,0.00077,17.78,1.976,0.016,3.952,0.0010,1.976,0.00051,19.14,0.637,0.00,0.00,0.00,0.00,0.00,0.00,0.00,0.00,0.00,0.00,0.00,0.00,0.033
-93.76374847,42.02261591,90,TaskName 5/5/2025 (GreenStar 4 Monitor),R-up/Sharpen,183,5/5/2025,0.999,On,1099.3,120.00,0.625,8.254,12.10,6.157,269.77,19.99,19.88,0,2,120.14,5/5/2025,Good,7.953,0.0021,2.982,0.00078,17.89,1.988,0.017,3.976,0.0010,1.988,0.00052,19.26,0.642,0.00,0.00,0.00,0.00,0.00,0.00,0.00,0.00,0.00,0.00,0.00,0.00,0.033
-93.76379318,42.02261600,90,TaskName 5/5/2025 (GreenStar 4 Monitor),R-up/Sharpen,184,5/5/2025,0.995,On,1099.3,120.00,0.625,8.259,12.05,6.067,269.55,19.99,19.97,0,2,120.10,5/5/2025,Good,7.987,0.0021,2.995,0.00078,17.97,1.997,0.017,3.994,0.0010,1.997,0.00052,19.34,0.642,0.00,0.00,0.00,0.00,0.00,0.00,0.00,0.00,0.00,0.00,0.00,0.00,0.033
-93.76383790,42.02261575,90,TaskName 5/5/2025 (GreenStar 4 Monitor),R-up/Sharpen,185,5/5/2025,1.000,On,1099.5,120.00,0.625,8.284,12.15,5.822,269.77,19.99,19.84,0,2,120.47,5/5/2025,Good,7.938,0.0021,2.977,0.00078,17.86,1.984,0.017,3.969,0.0010,1.984,0.00052,19.22,0.643,0.00,0.00,0.00,0.00,0.00,0.00,0.00,0.00,0.00,0.00,0.00,0.00,0.033
-93.76388250,42.02261576,90,TaskName 5/5/2025 (GreenStar 4 Monitor),R-up/Sharpen,186,5/5/2025,1.000,On,1099.5,120.00,0.625,8.253,12.10,6.312,269.73,19.99,19.94,0,2,120.02,5/5/2025,Good,7.974,0.0021,2.990,0.00078,17.94,1.994,0.017,3.987,0.0010,1.994,0.00052,19.31,0.644,0.00,0.00,0.00,0.00,0.00,0.00,0.00,0.00,0.00,0.00,0.00,0.00,0.033
-93.76392720,42.02261549,90,TaskName 5/5/2025 (GreenStar 4 Monitor),R-up/Sharpen,187,5/5/2025,1.005,On,1099.6,120.00,0.625,8.261,12.18,5.550,269.93,19.99,19.87,0,2,120.17,5/5/2025,Good,7.949,0.0021,2.981,0.00078,17.88,1.987,0.017,3.974,0.0010,1.987,0.00052,19.25,0.646,0.00,0.00,0.00,0.00,0.00,0.00,0.00,0.00,0.00,0.00,0.00,0.00,0.034
-93.76397156,42.02261551,90,TaskName 5/5/2025 (GreenStar 4 Monitor),R-up/Sharpen,188,5/5/2025,1.000,On,1099.6,120.00,0.625,8.266,12.12,6.165,270.05,19.99,19.93,0,2,120.18,5/5/2025,Good,7.973,0.0021,2.990,0.00078,17.94,1.993,0.017,3.986,0.0010,1.993,0.00052,19.30,0.644,0.00,0.00,0.00,0.00,0.00,0.00,0.00,0.00,0.00,0.00,0.00,0.00,0.033
-93.76401586,42.02261546,90,TaskName 5/5/2025 (GreenStar 4 Monitor),R-up/Sharpen,189,5/5/2025,1.000,On,1099.7,120.00,0.625,8.204,12.03,6.603,269.96,19.99,19.97,0,2,119.33,5/5/2025,Good,7.987,0.0021,2.995,0.00078,17.97,1.997,0.017,3.993,0.0010,1.997,0.00052,19.34,0.641,0.00,0.00,0.00,0.00,0.00,0.00,0.00,0.00,0.00,0.00,0.00,0.00,0.033
-93.76406029,42.02261544,90,TaskName 5/5/2025 (GreenStar 4 Monitor),R-up/Sharpen,190,5/5/2025,0.996,On,1099.8,120.00,0.625,8.196,11.97,6.421,269.95,19.99,19.93,0,2,119.16,5/5/2025,Good,7.974,0.0021,2.990,0.00077,17.94,1.993,0.016,3.987,0.0010,1.993,0.00051,19.31,0.636,0.00,0.00,0.00,0.00,0.00,0.00,0.00,0.00,0.00,0.00,0.00,0.00,0.033
-93.76410457,42.02261541,90,TaskName 5/5/2025 (GreenStar 4 Monitor),R-up/Sharpen,191,5/5/2025,1.004,On,1100.0,120.00,0.625,8.234,12.13,6.396,270.05,19.99,19.90,0,2,119.79,5/5/2025,Good,7.960,0.0021,2.985,0.00078,17.91,1.990,0.017,3.980,0.0010,1.990,0.00052,19.27,0.644,0.00,0.00,0.00,0.00,0.00,0.00,0.00,0.00,0.00,0.00,0.00,0.00,0.033
-93.76414896,42.02261540,90,TaskName 5/5/2025 (GreenStar 4 Monitor),R-up/Sharpen,192,5/5/2025,0.996,On,1100.0,120.00,0.625,8.204,11.99,6.394,269.98,19.99,19.92,0,2,119.42,5/5/2025,Good,7.968,0.0021,2.988,0.00077,17.93,1.992,0.016,3.984,0.0010,1.992,0.00051,19.29,0.637,0.00,0.00,0.00,0.00,0.00,0.00,0.00,0.00,0.00,0.00,0.00,0.00,0.033
-93.76419333,42.02261566,90,TaskName 5/5/2025 (GreenStar 4 Monitor),R-up/Sharpen,193,5/5/2025,0.999,On,1100.1,120.00,0.625,8.209,12.04,6.505,269.65,19.99,19.90,0,2,119.48,5/5/2025,Good,7.958,0.0021,2.984,0.00077,17.91,1.990,0.016,3.979,0.0010,1.990,0.00052,19.27,0.639,0.00,0.00,0.00,0.00,0.00,0.00,0.00,0.00,0.00,0.00,0.00,0.00,0.033
-93.76423759,42.02261557,90,TaskName 5/5/2025 (GreenStar 4 Monitor),R-up/Sharpen,194,5/5/2025,1.001,On,1100.2,120.00,0.625,8.220,12.08,6.791,269.70,19.99,19.88,0,2,119.63,5/5/2025,Good,7.954,0.0021,2.983,0.00078,17.90,1.988,0.017,3.977,0.0010,1.988,0.00052,19.26,0.641,0.00,0.00,0.00,0.00,0.00,0.00,0.00,0.00,0.00,0.00,0.00,0.00,0.033
-93.76428205,42.02261539,90,TaskName 5/5/2025 (GreenStar 4 Monitor),R-up/Sharpen,195,5/5/2025,0.999,On,1100.4,120.00,0.625,8.200,12.02,6.561,269.97,19.99,19.95,0,2,119.35,5/5/2025,Good,7.979,0.0021,2.992,0.00077,17.95,1.995,0.017,3.990,0.0010,1.995,0.00052,19.32,0.640,0.00,0.00,0.00,0.00,0.00,0.00,0.00,0.00,0.00,0.00,0.00,0.00,0.033
-93.76432643,42.02261535,90,TaskName 5/5/2025 (GreenStar 4 Monitor),R-up/Sharpen,196,5/5/2025,1.001,On,1100.4,120.00,0.625,8.242,12.09,6.406,270.17,19.99,19.94,0,2,119.83,5/5/2025,Good,7.974,0.0021,2.990,0.00078,17.94,1.994,0.017,3.987,0.0010,1.994,0.00052,19.31,0.643,0.00,0.00,0.00,0.00,0.00,0.00,0.00,0.00,0.00,0.00,0.00,0.00,0.033
-93.76437090,42.02261557,90,TaskName 5/5/2025 (GreenStar 4 Monitor),R-up/Sharpen,197,5/5/2025,0.999,On,1100.6,120.00,0.625,8.245,12.10,6.084,270.02,19.99,19.86,0,2,120.17,5/5/2025,Good,7.946,0.0021,2.980,0.00078,17.88,1.986,0.017,3.973,0.0010,1.986,0.00052,19.24,0.642,0.00,0.00,0.00,0.00,0.00,0.00,0.00,0.00,0.00,0.00,0.00,0.00,0.033
-93.76441531,42.02261573,90,TaskName 5/5/2025 (GreenStar 4 Monitor),R-up/Sharpen,198,5/5/2025,1.000,On,1100.7,120.00,0.625,8.222,12.07,6.486,269.70,19.99,19.90,0,2,119.66,5/5/2025,Good,7.958,0.0021,2.984,0.00077,17.91,1.990,0.017,3.979,0.0010,1.990,0.00052,19.27,0.640,0.00,0.00,0.00,0.00,0.00,0.00,0.00,0.00,0.00,0.00,0.00,0.00,0.033
-93.76445987,42.02261568,90,TaskName 5/5/2025 (GreenStar 4 Monitor),R-up/Sharpen,199,5/5/2025,1.000,On,1100.8,120.00,0.625,8.234,12.09,6.203,269.77,19.99,19.93,0,2,119.85,5/5/2025,Good,7.971,0.0021,2.989,0.00078,17.93,1.993,0.017,3.985,0.0010,1.993,0.00052,19.30,0.643,0.00,0.00,0.00,0.00,0.00,0.00,0.00,0.00,0.00,0.00,0.00,0.00,0.033
-93.76450434,42.02261539,90,TaskName 5/5/2025 (GreenStar 4 Monitor),R-up/Sharpen,200,5/5/2025,1.000,On,1100.9,120.00,0.625,8.267,12.13,5.642,270.07,19.99,19.88,0,2,120.31,5/5/2025,Good,7.951,0.0021,2.982,0.00078,17.89,1.988,0.017,3.976,0.0010,1.988,0.00052,19.25,0.643,0.00,0.00,0.00,0.00,0.00,0.00,0.00,0.00,0.00,0.00,0.00,0.00,0.033
-93.76454862,42.02261558,90,TaskName 5/5/2025 (GreenStar 4 Monitor),R-up/Sharpen,201,5/5/2025,1.006,On,1101.0,120.00,0.625,8.201,12.10,6.523,269.95,19.99,19.92,0,2,119.27,5/5/2025,Good,7.968,0.0021,2.988,0.00078,17.93,1.992,0.017,3.984,0.0010,1.992,0.00052,19.29,0.643,0.00,0.00,0.00,0.00,0.00,0.00,0.00,0.00,0.00,0.00,0.00,0.00,0.033
-93.76459295,42.02261575,90,TaskName 5/5/2025 (GreenStar 4 Monitor),R-up/Sharpen,202,5/5/2025,0.994,On,1101.1,120.00,0.625,8.189,11.95,6.627,269.58,19.99,19.96,0,2,119.27,5/5/2025,Good,7.983,0.0021,2.994,0.00077,17.96,1.996,0.016,3.992,0.0010,1.996,0.00051,19.33,0.637,0.00,0.00,0.00,0.00,0.00,0.00,0.00,0.00,0.00,0.00,0.00,0.00,0.033
-93.76463725,42.02261541,90,TaskName 5/5/2025 (GreenStar 4 Monitor),R-up/Sharpen,203,5/5/2025,1.001,On,1101.2,120.00,0.625,8.222,12.07,6.508,269.88,19.99,19.90,0,2,119.54,5/5/2025,Good,7.958,0.0021,2.984,0.00077,17.91,1.990,0.017,3.979,0.0010,1.990,0.00052,19.27,0.640,0.00,0.00,0.00,0.00,0.00,0.00,0.00,0.00,0.00,0.00,0.00,0.00,0.033
-93.76468180,42.02261540,90,TaskName 5/5/2025 (GreenStar 4 Monitor),R-up/Sharpen,204,5/5/2025,0.999,On,1101.1,120.00,0.625,8.213,12.05,6.302,270.09,19.99,19.88,0,2,119.65,5/5/2025,Good,7.953,0.0021,2.982,0.00077,17.89,1.988,0.017,3.977,0.0010,1.988,0.00052,19.26,0.639,0.00,0.00,0.00,0.00,0.00,0.00,0.00,0.00,0.00,0.00,0.00,0.00,0.033
-93.76472683,42.02261576,90,TaskName 5/5/2025 (GreenStar 4 Monitor),R-up/Sharpen,205,5/5/2025,1.000,On,1101.0,120.00,0.625,8.320,12.21,5.662,269.72,19.99,19.88,0,2,121.12,5/5/2025,Good,7.953,0.0021,2.982,0.00078,17.89,1.988,0.017,3.977,0.0010,1.988,0.00052,19.26,0.648,0.00,0.00,0.00,0.00,0.00,0.00,0.00,0.00,0.00,0.00,0.00,0.00,0.034
-93.76477207,42.02261570,90,TaskName 5/5/2025 (GreenStar 4 Monitor),R-up/Sharpen,206,5/5/2025,1.000,On,1100.8,120.00,0.625,8.335,12.23,5.280,269.70,19.99,19.92,0,2,121.32,5/5/2025,Good,7.968,0.0021,2.988,0.00079,17.93,1.992,0.017,3.984,0.0010,1.992,0.00052,19.29,0.650,0.00,0.00,0.00,0.00,0.00,0.00,0.00,0.00,0.00,0.00,0.00,0.00,0.034
-93.76481714,42.02261558,90,TaskName 5/5/2025 (GreenStar 4 Monitor),R-up/Sharpen,207,5/5/2025,0.996,On,1100.6,120.00,0.625,8.358,12.21,4.823,269.94,19.99,19.91,0,2,121.57,5/5/2025,Good,7.964,0.0021,2.987,0.00078,17.92,1.991,0.017,3.982,0.0010,1.991,0.00052,19.28,0.649,0.00,0.00,0.00,0.00,0.00,0.00,0.00,0.00,0.00,0.00,0.00,0.00,0.034
-93.76486165,42.02261582,90,TaskName 5/5/2025 (GreenStar 4 Monitor),R-up/Sharpen,208,5/5/2025,1.000,On,1100.8,120.00,0.625,8.340,12.25,5.635,269.78,19.99,19.89,0,2,121.51,5/5/2025,Good,7.958,0.0021,2.984,0.00079,17.90,1.989,0.017,3.979,0.0010,1.989,0.00052,19.27,0.650,0.00,0.00,0.00,0.00,0.00,0.00,0.00,0.00,0.00,0.00,0.00,0.00,0.034
-93.76490557,42.02261564,90,TaskName 5/5/2025 (GreenStar 4 Monitor),R-up/Sharpen,209,5/5/2025,1.004,On,1100.9,120.00,0.625,8.137,11.99,6.819,269.93,19.99,19.99,0,2,118.43,5/5/2025,Good,7.997,0.0021,2.999,0.00077,17.99,1.999,0.017,3.998,0.0010,1.999,0.00052,19.36,0.640,0.00,0.00,0.00,0.00,0.00,0.00,0.00,0.00,0.00,0.00,0.00,0.00,0.033
-93.76495016,42.02261573,90,TaskName 5/5/2025 (GreenStar 4 Monitor),R-up/Sharpen,210,5/5/2025,1.000,On,1100.9,120.00,0.625,8.219,12.07,6.039,269.83,19.99,19.96,0,2,119.66,5/5/2025,Good,7.983,0.0021,2.994,0.00078,17.96,1.996,0.017,3.991,0.0010,1.996,0.00052,19.33,0.642,0.00,0.00,0.00,0.00,0.00,0.00,0.00,0.00,0.00,0.00,0.00,0.00,0.033
-93.76499484,42.02261582,90,TaskName 5/5/2025 (GreenStar 4 Monitor),R-up/Sharpen,211,5/5/2025,0.996,On,1100.9,120.00,0.625,8.294,12.11,5.674,269.69,19.99,19.92,0,2,120.59,5/5/2025,Good,7.970,0.0021,2.989,0.00078,17.93,1.992,0.017,3.985,0.0010,1.992,0.00052,19.30,0.644,0.00,0.00,0.00,0.00,0.00,0.00,0.00,0.00,0.00,0.00,0.00,0.00,0.033
-93.76503941,42.02261567,90,TaskName 5/5/2025 (GreenStar 4 Monitor),R-up/Sharpen,212,5/5/2025,1.000,On,1101.1,120.00,0.625,8.233,12.09,6.087,269.87,19.99,19.92,0,2,119.92,5/5/2025,Good,7.966,0.0021,2.987,0.00078,17.92,1.992,0.017,3.983,0.0010,1.992,0.00052,19.29,0.642,0.00,0.00,0.00,0.00,0.00,0.00,0.00,0.00,0.00,0.00,0.00,0.00,0.033
-93.76508396,42.02261564,90,TaskName 5/5/2025 (GreenStar 4 Monitor),R-up/Sharpen,213,5/5/2025,1.005,On,1101.1,120.00,0.625,8.259,12.17,5.950,270.03,19.99,19.87,0,2,120.10,5/5/2025,Good,7.949,0.0021,2.981,0.00078,17.88,1.987,0.017,3.974,0.0010,1.987,0.00052,19.25,0.645,0.00,0.00,0.00,0.00,0.00,0.00,0.00,0.00,0.00,0.00,0.00,0.00,0.034
-93.76512847,42.02261568,90,TaskName 5/5/2025 (GreenStar 4 Monitor),R-up/Sharpen,214,5/5/2025,0.999,On,1101.2,120.00,0.625,8.260,12.12,5.892,269.93,19.99,19.92,0,2,120.33,5/5/2025,Good,7.967,0.0021,2.988,0.00078,17.93,1.992,0.017,3.984,0.0010,1.992,0.00052,19.29,0.644,0.00,0.00,0.00,0.00,0.00,0.00,0.00,0.00,0.00,0.00,0.00,0.00,0.033
-93.76517295,42.02261580,90,TaskName 5/5/2025 (GreenStar 4 Monitor),R-up/Sharpen,215,5/5/2025,1.000,On,1101.3,120.00,0.625,8.232,12.08,5.974,269.87,19.99,19.91,0,2,119.82,5/5/2025,Good,7.962,0.0021,2.986,0.00078,17.92,1.991,0.017,3.981,0.0010,1.991,0.00052,19.28,0.642,0.00,0.00,0.00,0.00,0.00,0.00,0.00,0.00,0.00,0.00,0.00,0.00,0.033
-93.76521731,42.02261585,90,TaskName 5/5/2025 (GreenStar 4 Monitor),R-up/Sharpen,216,5/5/2025,1.000,On,1101.5,120.00,0.625,8.233,12.08,6.073,269.76,19.99,19.91,0,2,119.82,5/5/2025,Good,7.963,0.0021,2.986,0.00078,17.92,1.991,0.017,3.982,0.0010,1.991,0.00052,19.28,0.642,0.00,0.00,0.00,0.00,0.00,0.00,0.00,0.00,0.00,0.00,0.00,0.00,0.033
-93.76526164,42.02261585,90,TaskName 5/5/2025 (GreenStar 4 Monitor),R-up/Sharpen,217,5/5/2025,1.000,On,1101.6,120.00,0.625,8.216,12.06,6.313,269.70,19.99,19.96,0,2,119.56,5/5/2025,Good,7.984,0.0021,2.994,0.00078,17.96,1.996,0.017,3.992,0.0010,1.996,0.00052,19.33,0.642,0.00,0.00,0.00,0.00,0.00,0.00,0.00,0.00,0.00,0.00,0.00,0.00,0.033
-93.76530609,42.02261578,90,TaskName 5/5/2025 (GreenStar 4 Monitor),R-up/Sharpen,218,5/5/2025,0.996,On,1101.8,120.00,0.625,8.206,12.00,6.173,269.84,19.99,20.01,0,2,119.45,5/5/2025,Good,8.004,0.0021,3.002,0.00077,18.01,2.001,0.017,4.002,0.0010,2.001,0.00052,19.38,0.640,0.00,0.00,0.00,0.00,0.00,0.00,0.00,0.00,0.00,0.00,0.00,0.00,0.033
-93.76535025,42.02261561,90,TaskName 5/5/2025 (GreenStar 4 Monitor),R-up/Sharpen,219,5/5/2025,0.999,On,1101.9,120.00,0.625,8.229,12.07,6.266,269.92,19.99,19.95,0,2,119.78,5/5/2025,Good,7.982,0.0021,2.993,0.00078,17.96,1.995,0.017,3.991,0.0010,1.995,0.00052,19.33,0.642,0.00,0.00,0.00,0.00,0.00,0.00,0.00,0.00,0.00,0.00,0.00,0.00,0.033
-93.76538572,42.02261589,90,TaskName 5/5/2025 (GreenStar 4 Monitor),R-up/Sharpen,220,5/5/2025,0.805,On,1102.1,120.00,0.625,8.183,9.667,6.374,269.54,19.99,19.98,0,2,119.10,5/5/2025,Good,7.992,0.0017,2.997,0.00062,17.98,1.998,0.013,3.996,0.00083,1.998,0.00042,19.35,0.515,0.00,0.00,0.00,0.00,0.00,0.00,0.00,0.00,0.00,0.00,0.00,0.00,0.027
-93.76541234,42.02261573,90,TaskName 5/5/2025 (GreenStar 4 Monitor),R-up/Sharpen,221,5/5/2025,0.595,On,1102.2,121.25,0.00,8.225,7.181,6.360,269.63,19.99,19.93,0,2,120.93,5/5/2025,Good,7.973,0.0012,2.990,0.00047,17.94,1.993,0.0100,3.986,0.00062,1.993,0.00031,19.30,0.386,0.00,0.00,0.00,0.00,0.00,0.00,0.00,0.00,0.00,0.00,0.00,0.00,0.020
-93.76545665,42.02261552,90,TaskName 5/5/2025 (GreenStar 4 Monitor),R-up/Sharpen,222,5/5/2025,1.005,On,1102.4,120.00,0.625,8.209,12.11,6.327,270.19,19.99,19.98,0,2,119.46,5/5/2025,Good,7.992,0.0021,2.997,0.00078,17.98,1.998,0.017,3.996,0.0010,1.998,0.00052,19.35,0.645,0.00,0.00,0.00,0.00,0.00,0.00,0.00,0.00,0.00,0.00,0.00,0.00,0.033
-93.76550102,42.02261572,90,TaskName 5/5/2025 (GreenStar 4 Monitor),R-up/Sharpen,223,5/5/2025,1.000,On,1102.6,120.00,0.625,8.208,12.05,6.338,269.89,19.99,19.96,0,2,119.46,5/5/2025,Good,7.986,0.0021,2.995,0.00078,17.97,1.996,0.017,3.993,0.0010,1.996,0.00052,19.34,0.642,0.00,0.00,0.00,0.00,0.00,0.00,0.00,0.00,0.00,0.00,0.00,0.00,0.033
-93.76551872,42.02261599,90,TaskName 5/5/2025 (GreenStar 4 Monitor),R-up/Sharpen,224,5/5/2025,0.396,On,1102.7,120.00,0.625,8.199,4.765,6.559,269.60,19.99,19.96,0,2,119.34,5/5/2025,Good,7.984,0.00082,2.994,0.00031,17.96,1.996,0.0066,3.992,0.00041,1.996,0.00020,19.33,0.254,0.00,0.00,0.00,0.00,0.00,0.00,0.00,0.00,0.00,0.00,0.00,0.00,0.013
-93.76556286,42.02261587,90,TaskName 5/5/2025 (GreenStar 4 Monitor),R-up/Sharpen,225,5/5/2025,1.004,On,1103.0,121.25,0.00,8.179,12.05,6.748,269.67,19.99,19.90,0,2,120.23,5/5/2025,Good,7.961,0.0021,2.985,0.00078,17.91,1.990,0.017,3.980,0.0010,1.990,0.00052,19.27,0.646,0.00,0.00,0.00,0.00,0.00,0.00,0.00,0.00,0.00,0.00,0.00,0.00,0.034
-93.76560701,42.02261569,90,TaskName 5/5/2025 (GreenStar 4 Monitor),R-up/Sharpen,226,5/5/2025,1.000,On,1103.2,120.00,0.625,8.172,11.99,6.716,269.98,19.99,19.97,0,2,118.91,5/5/2025,Good,7.990,0.0021,2.996,0.00077,17.98,1.997,0.016,3.995,0.0010,1.997,0.00052,19.35,0.639,0.00,0.00,0.00,0.00,0.00,0.00,0.00,0.00,0.00,0.00,0.00,0.00,0.033
-93.76565114,42.02261598,90,TaskName 5/5/2025 (GreenStar 4 Monitor),R-up/Sharpen,227,5/5/2025,1.000,On,1103.5,120.00,0.625,8.190,12.02,6.827,269.52,19.99,19.87,0,2,119.17,5/5/2025,Good,7.946,0.0021,2.980,0.00077,17.88,1.987,0.016,3.973,0.0010,1.987,0.00051,19.24,0.637,0.00,0.00,0.00,0.00,0.00,0.00,0.00,0.00,0.00,0.00,0.00,0.00,0.033
-93.76569527,42.02261592,90,TaskName 5/5/2025 (GreenStar 4 Monitor),R-up/Sharpen,228,5/5/2025,1.000,On,1103.7,120.00,0.625,8.181,12.00,6.953,269.49,19.99,19.89,0,2,119.01,5/5/2025,Good,7.956,0.0021,2.984,0.00077,17.90,1.989,0.016,3.978,0.0010,1.989,0.00051,19.26,0.637,0.00,0.00,0.00,0.00,0.00,0.00,0.00,0.00,0.00,0.00,0.00,0.00,0.033
-93.76573995,42.02261567,90,TaskName 5/5/2025 (GreenStar 4 Monitor),R-up/Sharpen,229,5/5/2025,1.000,On,1104.0,120.00,0.625,8.225,12.07,6.553,269.81,19.99,19.90,0,2,119.69,5/5/2025,Good,7.960,0.0021,2.985,0.00078,17.91,1.990,0.017,3.980,0.0010,1.990,0.00052,19.27,0.641,0.00,0.00,0.00,0.00,0.00,0.00,0.00,0.00,0.00,0.00,0.00,0.00,0.033
-93.76578427,42.02261560,90,TaskName 5/5/2025 (GreenStar 4 Monitor),R-up/Sharpen,230,5/5/2025,0.996,On,1104.2,120.00,0.625,8.231,12.02,6.704,269.88,19.99,19.85,0,2,119.65,5/5/2025,Good,7.938,0.0021,2.977,0.00077,17.86,1.985,0.016,3.969,0.0010,1.985,0.00051,19.22,0.636,0.00,0.00,0.00,0.00,0.00,0.00,0.00,0.00,0.00,0.00,0.00,0.00,0.033
-93.76582884,42.02261564,90,TaskName 5/5/2025 (GreenStar 4 Monitor),R-up/Sharpen,231,5/5/2025,1.004,On,1104.4,120.00,0.625,8.236,12.14,6.590,269.97,19.99,19.87,0,2,119.96,5/5/2025,Good,7.950,0.0021,2.981,0.00078,17.89,1.987,0.017,3.975,0.0010,1.987,0.00052,19.25,0.644,0.00,0.00,0.00,0.00,0.00,0.00,0.00,0.00,0.00,0.00,0.00,0.00,0.033
-93.76587326,42.02261576,90,TaskName 5/5/2025 (GreenStar 4 Monitor),R-up/Sharpen,232,5/5/2025,1.000,On,1104.7,120.00,0.625,8.232,12.08,6.695,269.91,19.99,19.94,0,2,119.75,5/5/2025,Good,7.975,0.0021,2.991,0.00078,17.94,1.994,0.017,3.988,0.0010,1.994,0.00052,19.31,0.642,0.00,0.00,0.00,0.00,0.00,0.00,0.00,0.00,0.00,0.00,0.00,0.00,0.033
-93.76591766,42.02261594,90,TaskName 5/5/2025 (GreenStar 4 Monitor),R-up/Sharpen,233,5/5/2025,1.000,On,1105.0,120.00,0.625,8.226,12.07,6.890,269.44,19.99,19.92,0,2,119.69,5/5/2025,Good,7.969,0.0021,2.988,0.00078,17.93,1.992,0.017,3.985,0.0010,1.992,0.00052,19.30,0.642,0.00,0.00,0.00,0.00,0.00,0.00,0.00,0.00,0.00,0.00,0.00,0.00,0.033
-93.76596200,42.02261560,90,TaskName 5/5/2025 (GreenStar 4 Monitor),R-up/Sharpen,234,5/5/2025,1.001,On,1105.3,120.00,0.625,8.204,12.04,7.068,269.74,19.99,19.94,0,2,119.24,5/5/2025,Good,7.974,0.0021,2.990,0.00077,17.94,1.994,0.017,3.987,0.0010,1.994,0.00052,19.31,0.640,0.00,0.00,0.00,0.00,0.00,0.00,0.00,0.00,0.00,0.00,0.00,0.00,0.033
-93.76600630,42.02261539,90,TaskName 5/5/2025 (GreenStar 4 Monitor),R-up/Sharpen,235,5/5/2025,0.999,On,1105.6,120.00,0.625,8.217,12.06,6.866,270.23,19.99,19.91,0,2,119.71,5/5/2025,Good,7.964,0.0021,2.987,0.00078,17.92,1.991,0.017,3.982,0.0010,1.991,0.00052,19.28,0.641,0.00,0.00,0.00,0.00,0.00,0.00,0.00,0.00,0.00,0.00,0.00,0.00,0.033
-93.76605085,42.02261565,90,TaskName 5/5/2025 (GreenStar 4 Monitor),R-up/Sharpen,236,5/5/2025,1.000,On,1105.9,120.00,0.625,8.248,12.10,6.599,269.90,19.99,19.85,0,2,119.98,5/5/2025,Good,7.939,0.0021,2.977,0.00078,17.86,1.985,0.017,3.969,0.0010,1.985,0.00052,19.22,0.641,0.00,0.00,0.00,0.00,0.00,0.00,0.00,0.00,0.00,0.00,0.00,0.00,0.033
-93.76609535,42.02261585,90,TaskName 5/5/2025 (GreenStar 4 Monitor),R-up/Sharpen,237,5/5/2025,1.001,On,1106.2,120.00,0.625,8.230,12.08,7.042,269.61,19.99,19.96,0,2,119.63,5/5/2025,Good,7.983,0.0021,2.994,0.00078,17.96,1.996,0.017,3.991,0.0010,1.996,0.00052,19.33,0.643,0.00,0.00,0.00,0.00,0.00,0.00,0.00,0.00,0.00,0.00,0.00,0.00,0.033
-93.76613966,42.02261558,90,TaskName 5/5/2025 (GreenStar 4 Monitor),R-up/Sharpen,238,5/5/2025,0.994,On,1106.5,120.00,0.625,8.209,11.98,6.789,269.92,19.99,19.91,0,2,119.56,5/5/2025,Good,7.965,0.0021,2.987,0.00077,17.92,1.991,0.016,3.982,0.0010,1.991,0.00051,19.29,0.637,0.00,0.00,0.00,0.00,0.00,0.00,0.00,0.00,0.00,0.00,0.00,0.00,0.033
-93.76618419,42.02261565,90,TaskName 5/5/2025 (GreenStar 4 Monitor),R-up/Sharpen,239,5/5/2025,1.006,On,1106.9,120.00,0.625,8.245,12.17,6.244,269.94,19.99,19.80,0,2,119.95,5/5/2025,Good,7.920,0.0021,2.970,0.00078,17.82,1.980,0.017,3.960,0.0010,1.980,0.00052,19.18,0.643,0.00,0.00,0.00,0.00,0.00,0.00,0.00,0.00,0.00,0.00,0.00,0.00,0.034
-93.76622849,42.02261573,90,TaskName 5/5/2025 (GreenStar 4 Monitor),R-up/Sharpen,240,5/5/2025,1.000,On,1107.2,120.00,0.625,8.223,12.07,6.827,269.88,19.99,19.86,0,2,119.66,5/5/2025,Good,7.943,0.0021,2.978,0.00077,17.87,1.986,0.016,3.971,0.0010,1.986,0.00052,19.23,0.639,0.00,0.00,0.00,0.00,0.00,0.00,0.00,0.00,0.00,0.00,0.00,0.00,0.033
-93.76627264,42.02261572,90,TaskName 5/5/2025 (GreenStar 4 Monitor),R-up/Sharpen,241,5/5/2025,0.995,On,1107.6,120.00,0.625,8.189,11.95,7.174,269.99,19.99,19.98,0,2,119.08,5/5/2025,Good,7.992,0.0021,2.997,0.00077,17.98,1.998,0.016,3.996,0.0010,1.998,0.00051,19.35,0.637,0.00,0.00,0.00,0.00,0.00,0.00,0.00,0.00,0.00,0.00,0.00,0.00,0.033
-93.76631687,42.02261574,90,TaskName 5/5/2025 (GreenStar 4 Monitor),R-up/Sharpen,242,5/5/2025,1.004,On,1108.0,120.00,0.625,8.188,12.07,6.959,269.98,19.99,20.03,0,2,119.24,5/5/2025,Good,8.010,0.0021,3.004,0.00078,18.02,2.003,0.017,4.005,0.0010,2.003,0.00052,19.40,0.645,0.00,0.00,0.00,0.00,0.00,0.00,0.00,0.00,0.00,0.00,0.00,0.00,0.033
-93.76636099,42.02261595,90,TaskName 5/5/2025 (GreenStar 4 Monitor),R-up/Sharpen,243,5/5/2025,1.000,On,1108.4,120.00,0.625,8.198,12.03,7.107,269.70,19.99,19.90,0,2,119.27,5/5/2025,Good,7.962,0.0021,2.986,0.00077,17.91,1.990,0.016,3.981,0.0010,1.990,0.00052,19.28,0.639,0.00,0.00,0.00,0.00,0.00,0.00,0.00,0.00,0.00,0.00,0.00,0.00,0.033
-93.76640540,42.02261595,90,TaskName 5/5/2025 (GreenStar 4 Monitor),R-up/Sharpen,244,5/5/2025,1.001,On,1108.8,120.00,0.625,8.204,12.04,7.064,269.68,19.99,19.99,0,2,119.24,5/5/2025,Good,7.998,0.0021,2.999,0.00078,17.99,1.999,0.017,3.999,0.0010,1.999,0.00052,19.36,0.642,0.00,0.00,0.00,0.00,0.00,0.00,0.00,0.00,0.00,0.00,0.00,0.00,0.033
-93.76644983,42.02261590,90,TaskName 5/5/2025 (GreenStar 4 Monitor),R-up/Sharpen,245,5/5/2025,0.994,On,1109.2,120.00,0.625,8.225,12.01,6.478,269.72,19.99,19.91,0,2,119.79,5/5/2025,Good,7.965,0.0021,2.987,0.00077,17.92,1.991,0.016,3.983,0.0010,1.991,0.00051,19.29,0.638,0.00,0.00,0.00,0.00,0.00,0.00,0.00,0.00,0.00,0.00,0.00,0.00,0.033
-93.76649405,42.02261595,90,TaskName 5/5/2025 (GreenStar 4 Monitor),R-up/Sharpen,246,5/5/2025,1.005,On,1109.5,120.00,0.625,8.222,12.12,6.979,269.66,19.99,19.99,0,2,119.64,5/5/2025,Good,7.996,0.0021,2.998,0.00078,17.99,1.999,0.017,3.998,0.0010,1.999,0.00052,19.36,0.647,0.00,0.00,0.00,0.00,0.00,0.00,0.00,0.00,0.00,0.00,0.00,0.00,0.033
-93.76653823,42.02261574,90,TaskName 5/5/2025 (GreenStar 4 Monitor),R-up/Sharpen,247,5/5/2025,0.995,On,1109.9,120.00,0.625,8.191,11.96,6.926,269.98,19.99,19.94,0,2,119.18,5/5/2025,Good,7.976,0.0021,2.991,0.00077,17.94,1.994,0.016,3.988,0.0010,1.994,0.00051,19.31,0.636,0.00,0.00,0.00,0.00,0.00,0.00,0.00,0.00,0.00,0.00,0.00,0.00,0.033
-93.76658296,42.02261594,90,TaskName 5/5/2025 (GreenStar 4 Monitor),R-up/Sharpen,248,5/5/2025,1.005,On,1110.2,120.00,0.625,8.235,12.14,6.437,269.81,19.99,19.91,0,2,119.81,5/5/2025,Good,7.963,0.0021,2.986,0.00078,17.92,1.991,0.017,3.981,0.0010,1.991,0.00052,19.28,0.645,0.00,0.00,0.00,0.00,0.00,0.00,0.00,0.00,0.00,0.00,0.00,0.00,0.033
-93.76662763,42.02261615,90,TaskName 5/5/2025 (GreenStar 4 Monitor),R-up/Sharpen,249,5/5/2025,1.000,On,1110.3,120.00,0.625,8.273,12.14,6.388,269.49,19.99,19.94,0,2,120.37,5/5/2025,Good,7.976,0.0021,2.991,0.00078,17.95,1.994,0.017,3.988,0.0010,1.994,0.00052,19.31,0.646,0.00,0.00,0.00,0.00,0.00,0.00,0.00,0.00,0.00,0.00,0.00,0.00,0.033
-93.76667243,42.02261570,90,TaskName 5/5/2025 (GreenStar 4 Monitor),R-up/Sharpen,250,5/5/2025,0.990,On,1110.4,120.00,0.625,8.284,12.03,6.084,269.77,19.99,19.92,0,2,120.50,5/5/2025,Good,7.970,0.0021,2.989,0.00077,17.93,1.992,0.017,3.985,0.0010,1.992,0.00052,19.30,0.639,0.00,0.00,0.00,0.00,0.00,0.00,0.00,0.00,0.00,0.00,0.00,0.00,0.033
-93.76671741,42.02261570,90,TaskName 5/5/2025 (GreenStar 4 Monitor),R-up/Sharpen,251,5/5/2025,1.005,On,1110.5,120.00,0.625,8.293,12.23,5.755,269.88,19.99,19.85,0,2,120.65,5/5/2025,Good,7.942,0.0021,2.978,0.00078,17.87,1.985,0.017,3.971,0.0010,1.985,0.00052,19.23,0.648,0.00,0.00,0.00,0.00,0.00,0.00,0.00,0.00,0.00,0.00,0.00,0.00,0.034
-93.76676203,42.02261575,90,TaskName 5/5/2025 (GreenStar 4 Monitor),R-up/Sharpen,252,5/5/2025,1.000,On,1110.4,120.00,0.625,8.296,12.17,5.090,269.63,19.99,19.79,0,2,120.73,5/5/2025,Good,7.918,0.0021,2.969,0.00078,17.82,1.979,0.017,3.959,0.0010,1.979,0.00052,19.17,0.643,0.00,0.00,0.00,0.00,0.00,0.00,0.00,0.00,0.00,0.00,0.00,0.00,0.034
-93.76680478,42.02261546,90,TaskName 5/5/2025 (GreenStar 4 Monitor),R-up/Sharpen,253,5/5/2025,1.005,On,1110.3,120.00,0.625,8.188,12.07,3.247,269.98,19.99,19.86,0,2,119.08,5/5/2025,Good,7.944,0.0021,2.979,0.00077,17.87,1.986,0.017,3.972,0.0010,1.986,0.00052,19.23,0.639,0.00,0.00,0.00,0.00,0.00,0.00,0.00,0.00,0.00,0.00,0.00,0.00,0.033
-93.76684399,42.02261547,90,TaskName 5/5/2025 (GreenStar 4 Monitor),R-up/Sharpen,254,5/5/2025,1.000,On,1110.3,120.00,0.625,7.557,11.08,5.021,270.03,19.99,20.06,0,2,109.88,5/5/2025,Good,8.023,0.0019,3.009,0.00072,18.05,2.006,0.015,4.011,0.00096,2.006,0.00048,19.42,0.593,0.00,0.00,0.00,0.00,0.00,0.00,0.00,0.00,0.00,0.00,0.00,0.00,0.031
-93.76687548,42.02261554,90,TaskName 5/5/2025 (GreenStar 4 Monitor),R-up/Sharpen,255,5/5/2025,0.795,On,1110.4,120.00,0.625,7.216,8.417,5.995,269.89,19.99,20.18,0,2,104.99,5/5/2025,Good,8.072,0.0015,3.027,0.00055,18.16,2.018,0.012,4.036,0.00073,2.018,0.00037,19.54,0.453,0.00,0.00,0.00,0.00,0.00,0.00,0.00,0.00,0.00,0.00,0.00,0.00,0.023
-93.76691367,42.02261565,90,TaskName 5/5/2025 (GreenStar 4 Monitor),R-up/Sharpen,256,5/5/2025,1.000,On,1111.1,121.25,0.00,7.285,10.69,4.711,269.74,19.99,20.00,0,2,107.11,5/5/2025,Good,8.001,0.0019,3.000,0.00070,18.00,2.000,0.015,4.000,0.00093,2.000,0.00046,19.37,0.576,0.00,0.00,0.00,0.00,0.00,0.00,0.00,0.00,0.00,0.00,0.00,0.00,0.030
-93.76694680,42.02261538,90,TaskName 5/5/2025 (GreenStar 4 Monitor),R-up/Sharpen,257,5/5/2025,0.995,On,1111.2,121.25,0.00,6.726,9.806,5.690,270.16,19.99,20.06,0,2,98.76,5/5/2025,Good,8.023,0.0017,3.009,0.00064,18.05,2.006,0.014,4.012,0.00086,2.006,0.00043,19.43,0.530,0.00,0.00,0.00,0.00,0.00,0.00,0.00,0.00,0.00,0.00,0.00,0.00,0.027
-93.76695316,42.02261535,90,TaskName 5/5/2025 (GreenStar 4 Monitor),R-up/Sharpen,258,5/5/2025,0.211,On,1111.2,121.25,0.00,6.033,1.859,6.241,270.26,19.99,20.09,0,2,88.28,5/5/2025,Good,8.035,0.00032,3.013,0.00012,18.08,2.009,0.0026,4.018,0.00016,2.009,8.120e-05,19.46,0.101,0.00,0.00,0.00,0.00,0.00,0.00,0.00,0.00,0.00,0.00,0.00,0.00,0.0052
-93.76695987,42.02261541,90,TaskName 5/5/2025 (GreenStar 4 Monitor),R-up/Sharpen,259,5/5/2025,0.190,On,1111.2,85.00,18.12,5.917,1.649,5.818,270.13,19.99,20.36,0,2,60.97,5/5/2025,Good,8.142,0.00020,3.053,7.675e-05,18.32,2.036,0.0016,4.071,0.00010,2.036,5.117e-05,19.71,0.063,0.00,0.00,0.00,0.00,0.00,0.00,0.00,0.00,0.00,0.00,0.00,0.00,0.0032
-93.76696644,42.02261566,90,TaskName 5/5/2025 (GreenStar 4 Monitor),R-up/Sharpen,260,5/5/2025,0.204,On,1111.2,21.25,50.00,5.966,1.793,5.548,270.02,19.99,20.36,0,2,15.44,5/5/2025,Good,8.142,5.565e-05,3.053,2.087e-05,18.32,2.036,0.00045,4.071,2.782e-05,2.036,1.391e-05,19.71,0.017,0.00,0.00,0.00,0.00,0.00,0.00,0.00,0.00,0.00,0.00,0.00,0.00,0.00087
-93.76696298,42.02277623,90,TaskName 5/5/2025 (GreenStar 4 Monitor),R-up/Sharpen,261,5/5/2025,0.205,On,1111.4,17.50,-10.62,4.579,1.370,6.710,84.71,19.99,21.17,0,3,9.666,5/5/2025,Good,8.467,3.641e-05,3.175,1.365e-05,19.05,2.117,0.00029,4.234,1.820e-05,2.117,9.102e-06,20.50,0.011,0.00,0.00,0.00,0.00,0.00,0.00,0.00,0.00,0.00,0.00,0.00,0.00,0.00055
-93.76695775,42.02277663,90,TaskName 5/5/2025 (GreenStar 4 Monitor),R-up/Sharpen,262,5/5/2025,0.194,On,1111.4,30.00,-15.62,4.635,1.327,6.928,85.23,19.99,21.57,0,3,16.96,5/5/2025,Good,8.630,6.163e-05,3.236,2.311e-05,19.42,2.157,0.00049,4.315,3.082e-05,2.157,1.541e-05,20.89,0.019,0.00,0.00,0.00,0.00,0.00,0.00,0.00,0.00,0.00,0.00,0.00,0.00,0.00091
-93.76695219,42.02277698,90,TaskName 5/5/2025 (GreenStar 4 Monitor),R-up/Sharpen,263,5/5/2025,0.206,On,1111.4,33.75,-17.50,4.720,1.426,6.730,85.79,19.99,20.96,0,3,19.31,5/5/2025,Good,8.386,7.238e-05,3.145,2.714e-05,18.87,2.096,0.00058,4.193,3.619e-05,2.096,1.809e-05,20.30,0.022,0.00,0.00,0.00,0.00,0.00,0.00,0.00,0.00,0.00,0.00,0.00,0.00,0.0011
-93.76694654,42.02277739,90,TaskName 5/5/2025 (GreenStar 4 Monitor),R-up/Sharpen,264,5/5/2025,0.194,On,1111.4,36.25,-18.75,4.861,1.383,6.043,86.33,19.99,21.31,0,3,21.36,5/5/2025,Good,8.523,7.664e-05,3.196,2.874e-05,19.18,2.131,0.00061,4.261,3.832e-05,2.131,1.916e-05,20.64,0.024,0.00,0.00,0.00,0.00,0.00,0.00,0.00,0.00,0.00,0.00,0.00,0.00,0.0012
-93.76694051,42.02277772,90,TaskName 5/5/2025 (GreenStar 4 Monitor),R-up/Sharpen,265,5/5/2025,0.201,On,1111.4,37.50,-19.37,5.031,1.475,5.548,86.92,19.99,21.18,0,3,22.74,5/5/2025,Good,8.471,8.404e-05,3.177,3.152e-05,19.06,2.118,0.00067,4.236,4.202e-05,2.118,2.101e-05,20.51,0.026,0.00,0.00,0.00,0.00,0.00,0.00,0.00,0.00,0.00,0.00,0.00,0.00,0.0013
-93.76690936,42.02277932,90,TaskName 5/5/2025 (GreenStar 4 Monitor),R-up/Sharpen,266,5/5/2025,0.999,On,1111.5,38.75,-20.00,5.552,8.136,4.927,91.40,19.99,20.73,0,3,26.08,5/5/2025,Good,8.290,0.00047,3.109,0.00018,18.65,2.073,0.0038,4.145,0.00023,2.073,0.00012,20.07,0.145,0.00,0.00,0.00,0.00,0.00,0.00,0.00,0.00,0.00,0.00,0.00,0.00,0.0072
-93.76687790,42.02277892,90,TaskName 5/5/2025 (GreenStar 4 Monitor),R-up/Sharpen,267,5/5/2025,1.000,On,1111.6,38.75,-20.00,5.796,8.507,6.057,93.16,19.99,20.38,0,3,27.24,5/5/2025,Good,8.153,0.00048,3.057,0.00018,18.34,2.038,0.0039,4.077,0.00024,2.038,0.00012,19.74,0.149,0.00,0.00,0.00,0.00,0.00,0.00,0.00,0.00,0.00,0.00,0.00,0.00,0.0076
-93.76686427,42.02277732,90,TaskName 5/5/2025 (GreenStar 4 Monitor),R-up/Sharpen,268,5/5/2025,0.400,On,1111.7,38.75,-20.00,5.924,3.478,7.086,92.15,19.99,20.51,0,3,27.85,5/5/2025,Good,8.204,0.00020,3.076,7.437e-05,18.46,2.051,0.0016,4.102,9.916e-05,2.051,4.958e-05,19.86,0.061,0.00,0.00,0.00,0.00,0.00,0.00,0.00,0.00,0.00,0.00,0.00,0.00,0.0031
-93.76685038,42.02277629,90,TaskName 5/5/2025 (GreenStar 4 Monitor),R-up/Sharpen,269,5/5/2025,0.406,On,1111.7,37.50,-20.62,6.199,3.692,5.943,91.77,19.99,20.19,0,3,28.18,5/5/2025,Good,8.074,0.00020,3.028,7.517e-05,18.17,2.019,0.0016,4.037,0.00010,2.019,5.012e-05,19.55,0.062,0.00,0.00,0.00,0.00,0.00,0.00,0.00,0.00,0.00,0.00,0.00,0.00,0.0032
-93.76681582,42.02277527,90,TaskName 5/5/2025 (GreenStar 4 Monitor),R-up/Sharpen,270,5/5/2025,0.999,On,1111.8,38.75,-21.25,6.414,9.400,4.469,93.95,19.99,19.99,0,3,30.13,5/5/2025,Good,7.998,0.00052,2.999,0.00020,17.99,1.999,0.0042,3.999,0.00026,1.999,0.00013,19.36,0.162,0.00,0.00,0.00,0.00,0.00,0.00,0.00,0.00,0.00,0.00,0.00,0.00,0.0084
-93.76680257,42.02277475,90,TaskName 5/5/2025 (GreenStar 4 Monitor),R-up/Sharpen,271,5/5/2025,0.395,On,1111.8,38.75,-21.25,6.354,3.682,3.721,95.23,19.99,19.92,0,3,29.85,5/5/2025,Good,7.967,0.00020,2.988,7.644e-05,17.93,1.992,0.0016,3.983,0.00010,1.992,5.096e-05,19.29,0.063,0.00,0.00,0.00,0.00,0.00,0.00,0.00,0.00,0.00,0.00,0.00,0.00,0.0033
-93.76679623,42.02277442,90,TaskName 5/5/2025 (GreenStar 4 Monitor),R-up/Sharpen,272,5/5/2025,0.201,On,1111.8,40.00,-21.87,6.261,1.836,3.692,95.85,19.99,19.92,0,3,30.20,5/5/2025,Good,7.967,0.00010,2.988,3.935e-05,17.93,1.992,0.00084,3.983,5.247e-05,1.992,2.623e-05,19.29,0.033,0.00,0.00,0.00,0.00,0.00,0.00,0.00,0.00,0.00,0.00,0.00,0.00,0.0017
-93.76677235,42.02277267,90,TaskName 5/5/2025 (GreenStar 4 Monitor),R-up/Sharpen,273,5/5/2025,0.799,On,1111.7,38.75,-22.50,5.954,6.983,4.129,97.53,19.99,19.97,0,3,27.99,5/5/2025,Good,7.988,0.00039,2.995,0.00015,17.97,1.997,0.0031,3.994,0.00019,1.997,9.691e-05,19.34,0.120,0.00,0.00,0.00,0.00,0.00,0.00,0.00,0.00,0.00,0.00,0.00,0.00,0.0062
-93.76676088,42.02277130,90,TaskName 5/5/2025 (GreenStar 4 Monitor),R-up/Sharpen,274,5/5/2025,0.396,On,1111.8,40.00,-23.12,5.578,3.232,6.207,97.50,19.99,20.09,0,3,26.98,5/5/2025,Good,8.037,0.00019,3.014,6.989e-05,18.08,2.009,0.0015,4.019,9.318e-05,2.009,4.659e-05,19.46,0.058,0.00,0.00,0.00,0.00,0.00,0.00,0.00,0.00,0.00,0.00,0.00,0.00,0.0030
-93.76674277,42.02276928,90,TaskName 5/5/2025 (GreenStar 4 Monitor),R-up/Sharpen,275,5/5/2025,0.604,On,1111.7,38.75,-23.75,5.466,4.852,5.184,98.40,19.99,20.11,0,3,25.72,5/5/2025,Good,8.044,0.00027,3.017,0.00010,18.10,2.011,0.0022,4.022,0.00014,2.011,6.781e-05,19.48,0.084,0.00,0.00,0.00,0.00,0.00,0.00,0.00,0.00,0.00,0.00,0.00,0.00,0.0043
-93.76673114,42.02276787,90,TaskName 5/5/2025 (GreenStar 4 Monitor),R-up/Sharpen,276,5/5/2025,0.396,On,1111.6,40.00,-24.37,5.609,3.259,2.984,98.84,19.99,19.85,0,3,27.20,5/5/2025,Good,7.941,0.00019,2.978,6.961e-05,17.87,1.985,0.0015,3.970,9.281e-05,1.985,4.641e-05,19.23,0.058,0.00,0.00,0.00,0.00,0.00,0.00,0.00,0.00,0.00,0.00,0.00,0.00,0.0030
-93.76672031,42.02276697,90,TaskName 5/5/2025 (GreenStar 4 Monitor),R-up/Sharpen,277,5/5/2025,0.405,On,1111.5,38.75,-25.00,5.502,3.260,3.069,99.43,19.99,19.94,0,3,25.78,5/5/2025,Good,7.975,0.00018,2.991,6.777e-05,17.94,1.994,0.0014,3.988,9.036e-05,1.994,4.518e-05,19.31,0.056,0.00,0.00,0.00,0.00,0.00,0.00,0.00,0.00,0.00,0.00,0.00,0.00,0.0029
-93.76670546,42.02276486,90,TaskName 5/5/2025 (GreenStar 4 Monitor),R-up/Sharpen,278,5/5/2025,0.599,On,1111.5,40.00,-25.62,5.143,4.519,3.656,99.03,19.99,19.96,0,3,24.94,5/5/2025,Good,7.984,0.00026,2.994,9.707e-05,17.96,1.996,0.0021,3.992,0.00013,1.996,6.471e-05,19.33,0.080,0.00,0.00,0.00,0.00,0.00,0.00,0.00,0.00,0.00,0.00,0.00,0.00,0.0041
-93.76669201,42.02276263,90,TaskName 5/5/2025 (GreenStar 4 Monitor),R-up/Sharpen,279,5/5/2025,0.596,On,1111.4,38.75,-26.25,4.691,4.096,3.080,97.64,19.99,20.01,0,3,22.01,5/5/2025,Good,8.002,0.00023,3.001,8.543e-05,18.01,2.001,0.0018,4.001,0.00011,2.001,5.695e-05,19.38,0.071,0.00,0.00,0.00,0.00,0.00,0.00,0.00,0.00,0.00,0.00,0.00,0.00,0.0036
-93.76668436,42.02276096,90,TaskName 5/5/2025 (GreenStar 4 Monitor),R-up/Sharpen,280,5/5/2025,0.404,On,1111.3,40.00,-26.87,4.303,2.547,2.485,95.81,19.99,20.03,0,3,20.84,5/5/2025,Good,8.011,0.00015,3.004,5.489e-05,18.02,2.003,0.0012,4.006,7.319e-05,2.003,3.659e-05,19.40,0.045,0.00,0.00,0.00,0.00,0.00,0.00,0.00,0.00,0.00,0.00,0.00,0.00,0.0023
-93.76667011,42.02275840,90,TaskName 5/5/2025 (GreenStar 4 Monitor),R-up/Sharpen,281,5/5/2025,1.001,On,1111.3,38.75,-27.50,2.973,4.163,3.117,92.62,19.99,21.90,0,3,13.32,5/5/2025,Good,8.759,0.00025,3.285,9.502e-05,19.71,2.190,0.0020,4.379,0.00013,2.190,6.335e-05,21.21,0.079,0.00,0.00,0.00,0.00,0.00,0.00,0.00,0.00,0.00,0.00,0.00,0.00,0.0037
-93.76665187,42.02275690,90,TaskName 5/5/2025 (GreenStar 4 Monitor),R-up/Sharpen,282,5/5/2025,0.995,On,1111.4,38.75,-28.75,2.782,4.045,7.080,89.72,19.99,20.86,0,3,13.02,5/5/2025,Good,8.345,0.00023,3.129,8.796e-05,18.78,2.086,0.0019,4.172,0.00012,2.086,5.864e-05,20.20,0.073,0.00,0.00,0.00,0.00,0.00,0.00,0.00,0.00,0.00,0.00,0.00,0.00,0.0036
-93.76662473,42.02275506,90,TaskName 5/5/2025 (GreenStar 4 Monitor),R-up/Sharpen,283,5/5/2025,1.010,On,1111.1,38.75,-28.75,4.193,6.115,4.576,86.01,19.99,20.00,0,3,19.39,5/5/2025,Good,8.002,0.00034,3.001,0.00013,18.00,2.000,0.0027,4.001,0.00017,2.000,8.501e-05,19.37,0.105,0.00,0.00,0.00,0.00,0.00,0.00,0.00,0.00,0.00,0.00,0.00,0.00,0.0054
-93.76659578,42.02275629,90,TaskName 5/5/2025 (GreenStar 4 Monitor),R-up/Sharpen,284,5/5/2025,0.994,On,1110.8,38.75,-28.75,5.139,7.489,4.543,87.11,19.99,19.27,0,3,24.13,5/5/2025,Good,7.709,0.00040,2.891,0.00015,17.34,1.927,0.0032,3.854,0.00020,1.927,0.00010,18.66,0.124,0.00,0.00,0.00,0.00,0.00,0.00,0.00,0.00,0.00,0.00,0.00,0.00,0.0067
-93.76658329,42.02275732,90,TaskName 5/5/2025 (GreenStar 4 Monitor),R-up/Sharpen,285,5/5/2025,0.396,On,1110.7,38.75,-28.75,5.478,3.170,5.142,88.31,19.99,19.46,0,3,25.64,5/5/2025,Good,7.784,0.00017,2.919,6.431e-05,17.51,1.946,0.0014,3.892,8.575e-05,1.946,4.288e-05,18.85,0.053,0.00,0.00,0.00,0.00,0.00,0.00,0.00,0.00,0.00,0.00,0.00,0.00,0.0028
-93.76654903,42.02275764,90,TaskName 5/5/2025 (GreenStar 4 Monitor),R-up/Sharpen,286,5/5/2025,1.004,On,1110.4,40.00,-28.12,5.868,8.634,7.612,88.02,19.99,19.58,0,3,28.43,5/5/2025,Good,7.834,0.00049,2.938,0.00018,17.63,1.958,0.0039,3.917,0.00024,1.958,0.00012,18.97,0.150,0.00,0.00,0.00,0.00,0.00,0.00,0.00,0.00,0.00,0.00,0.00,0.00,0.0079
-93.76650707,42.02275742,90,TaskName 5/5/2025 (GreenStar 4 Monitor),R-up/Sharpen,287,5/5/2025,0.996,On,1109.8,40.00,-28.12,7.088,10.30,5.284,86.74,19.99,19.69,0,3,34.19,5/5/2025,Good,7.874,0.00058,2.953,0.00022,17.72,1.969,0.0047,3.937,0.00029,1.969,0.00015,19.07,0.180,0.00,0.00,0.00,0.00,0.00,0.00,0.00,0.00,0.00,0.00,0.00,0.00,0.0095
-93.76647330,42.02275903,90,TaskName 5/5/2025 (GreenStar 4 Monitor),R-up/Sharpen,288,5/5/2025,0.804,On,1109.4,40.00,-28.12,7.842,9.251,3.477,88.46,19.99,19.48,0,3,38.04,5/5/2025,Good,7.792,0.00052,2.922,0.00019,17.53,1.948,0.0041,3.896,0.00026,1.948,0.00013,18.87,0.160,0.00,0.00,0.00,0.00,0.00,0.00,0.00,0.00,0.00,0.00,0.00,0.00,0.0085
-93.76643047,42.02275988,90,TaskName 5/5/2025 (GreenStar 4 Monitor),R-up/Sharpen,289,5/5/2025,1.001,On,1108.9,38.75,-27.50,7.816,11.46,5.292,88.94,19.99,19.66,0,3,36.65,5/5/2025,Good,7.865,0.00063,2.949,0.00023,17.70,1.966,0.0050,3.932,0.00031,1.966,0.00016,19.04,0.194,0.00,0.00,0.00,0.00,0.00,0.00,0.00,0.00,0.00,0.00,0.00,0.00,0.010
-93.76638590,42.02275972,90,TaskName 5/5/2025 (GreenStar 4 Monitor),R-up/Sharpen,290,5/5/2025,0.994,On,1108.4,38.75,-27.50,8.139,11.87,4.428,88.12,19.99,19.66,0,3,38.25,5/5/2025,Good,7.862,0.00065,2.948,0.00024,17.69,1.966,0.0052,3.931,0.00032,1.966,0.00016,19.04,0.201,0.00,0.00,0.00,0.00,0.00,0.00,0.00,0.00,0.00,0.00,0.00,0.00,0.011
-93.76635017,42.02276047,90,TaskName 5/5/2025 (GreenStar 4 Monitor),R-up/Sharpen,291,5/5/2025,0.801,On,1108.1,38.75,-27.50,8.270,9.700,4.143,88.86,19.99,19.65,0,3,38.78,5/5/2025,Good,7.860,0.00053,2.948,0.00020,17.69,1.965,0.0042,3.930,0.00026,1.965,0.00013,19.03,0.164,0.00,0.00,0.00,0.00,0.00,0.00,0.00,0.00,0.00,0.00,0.00,0.00,0.0086
-93.76630554,42.02276119,90,TaskName 5/5/2025 (GreenStar 4 Monitor),R-up/Sharpen,292,5/5/2025,1.005,On,1107.6,40.00,-26.87,8.277,12.20,4.498,89.70,19.99,19.70,0,3,40.12,5/5/2025,Good,7.881,0.00069,2.955,0.00026,17.73,1.970,0.0055,3.940,0.00034,1.970,0.00017,19.08,0.214,0.00,0.00,0.00,0.00,0.00,0.00,0.00,0.00,0.00,0.00,0.00,0.00,0.011
-93.76626115,42.02276092,90,TaskName 5/5/2025 (GreenStar 4 Monitor),R-up/Sharpen,293,5/5/2025,0.999,On,1107.2,40.00,-26.87,8.237,12.07,4.553,88.96,19.99,19.69,0,3,39.95,5/5/2025,Good,7.876,0.00068,2.954,0.00026,17.72,1.969,0.0055,3.938,0.00034,1.969,0.00017,19.07,0.211,0.00,0.00,0.00,0.00,0.00,0.00,0.00,0.00,0.00,0.00,0.00,0.00,0.011
-93.76621590,42.02276116,90,TaskName 5/5/2025 (GreenStar 4 Monitor),R-up/Sharpen,294,5/5/2025,0.996,On,1106.9,40.00,-26.87,8.304,12.13,3.537,88.51,19.99,19.70,0,3,40.26,5/5/2025,Good,7.882,0.00069,2.956,0.00026,17.73,1.970,0.0055,3.941,0.00034,1.970,0.00017,19.08,0.213,0.00,0.00,0.00,0.00,0.00,0.00,0.00,0.00,0.00,0.00,0.00,0.00,0.011
-93.76617108,42.02276186,90,TaskName 5/5/2025 (GreenStar 4 Monitor),R-up/Sharpen,295,5/5/2025,1.005,On,1106.5,40.00,-26.87,8.350,12.29,3.443,88.84,19.99,19.63,0,3,40.43,5/5/2025,Good,7.852,0.00069,2.945,0.00026,17.67,1.963,0.0055,3.926,0.00035,1.963,0.00017,19.01,0.215,0.00,0.00,0.00,0.00,0.00,0.00,0.00,0.00,0.00,0.00,0.00,0.00,0.011
-93.76612609,42.02276249,90,TaskName 5/5/2025 (GreenStar 4 Monitor),R-up/Sharpen,296,5/5/2025,0.995,On,1106.2,40.00,-26.87,8.313,12.14,4.236,89.18,19.99,19.77,0,3,40.32,5/5/2025,Good,7.909,0.00069,2.966,0.00026,17.80,1.977,0.0055,3.954,0.00034,1.977,0.00017,19.15,0.213,0.00,0.00,0.00,0.00,0.00,0.00,0.00,0.00,0.00,0.00,0.00,0.00,0.011
-93.76608126,42.02276281,90,TaskName 5/5/2025 (GreenStar 4 Monitor),R-up/Sharpen,297,5/5/2025,1.000,On,1105.8,40.00,-26.87,8.318,12.18,4.282,89.14,19.99,19.88,0,3,40.28,5/5/2025,Good,7.952,0.00070,2.982,0.00026,17.89,1.988,0.0056,3.976,0.00035,1.988,0.00017,19.25,0.215,0.00,0.00,0.00,0.00,0.00,0.00,0.00,0.00,0.00,0.00,0.00,0.00,0.011
-93.76603648,42.02276315,90,TaskName 5/5/2025 (GreenStar 4 Monitor),R-up/Sharpen,298,5/5/2025,1.004,On,1105.5,40.00,-26.87,8.304,12.23,3.838,89.64,19.99,19.85,0,3,40.28,5/5/2025,Good,7.942,0.00070,2.978,0.00026,17.87,1.985,0.0056,3.971,0.00035,1.985,0.00017,19.23,0.216,0.00,0.00,0.00,0.00,0.00,0.00,0.00,0.00,0.00,0.00,0.00,0.00,0.011
-93.76599152,42.02276362,90,TaskName 5/5/2025 (GreenStar 4 Monitor),R-up/Sharpen,299,5/5/2025,1.001,On,1105.1,40.00,-26.87,8.325,12.20,4.215,90.09,19.99,19.83,0,3,40.30,5/5/2025,Good,7.933,0.00069,2.975,0.00026,17.85,1.983,0.0056,3.966,0.00035,1.983,0.00017,19.21,0.215,0.00,0.00,0.00,0.00,0.00,0.00,0.00,0.00,0.00,0.00,0.00,0.00,0.011
-93.76594719,42.02276341,90,TaskName 5/5/2025 (GreenStar 4 Monitor),R-up/Sharpen,300,5/5/2025,0.999,On,1104.8,40.00,-26.87,8.267,12.12,4.965,89.46,19.99,19.96,0,3,40.10,5/5/2025,Good,7.984,0.00069,2.994,0.00026,17.96,1.996,0.0056,3.992,0.00035,1.996,0.00017,19.33,0.215,0.00,0.00,0.00,0.00,0.00,0.00,0.00,0.00,0.00,0.00,0.00,0.00,0.011
-93.76590240,42.02276351,90,TaskName 5/5/2025 (GreenStar 4 Monitor),R-up/Sharpen,301,5/5/2025,0.996,On,1104.6,40.00,-26.87,8.253,12.04,4.781,89.09,19.99,19.97,0,3,39.97,5/5/2025,Good,7.988,0.00069,2.996,0.00026,17.97,1.997,0.0055,3.994,0.00035,1.997,0.00017,19.34,0.214,0.00,0.00,0.00,0.00,0.00,0.00,0.00,0.00,0.00,0.00,0.00,0.00,0.011
-93.76586665,42.02276384,90,TaskName 5/5/2025 (GreenStar 4 Monitor),R-up/Sharpen,302,5/5/2025,0.799,On,1104.4,40.00,-26.87,8.298,9.730,4.615,89.09,19.99,19.89,0,3,40.26,5/5/2025,Good,7.958,0.00056,2.984,0.00021,17.91,1.989,0.0044,3.979,0.00028,1.989,0.00014,19.27,0.172,0.00,0.00,0.00,0.00,0.00,0.00,0.00,0.00,0.00,0.00,0.00,0.00,0.0089
-93.76582227,42.02276422,90,TaskName 5/5/2025 (GreenStar 4 Monitor),R-up/Sharpen,303,5/5/2025,1.000,On,1104.1,41.25,-26.25,8.262,12.12,4.707,88.79,19.99,19.87,0,3,41.30,5/5/2025,Good,7.950,0.00071,2.981,0.00027,17.89,1.987,0.0057,3.975,0.00036,1.987,0.00018,19.25,0.221,0.00,0.00,0.00,0.00,0.00,0.00,0.00,0.00,0.00,0.00,0.00,0.00,0.011
-93.76577754,42.02276488,90,TaskName 5/5/2025 (GreenStar 4 Monitor),R-up/Sharpen,304,5/5/2025,1.000,On,1103.8,41.25,-26.25,8.240,12.08,4.261,88.73,19.99,19.84,0,3,41.18,5/5/2025,Good,7.938,0.00071,2.977,0.00027,17.86,1.984,0.0057,3.969,0.00035,1.984,0.00018,19.22,0.220,0.00,0.00,0.00,0.00,0.00,0.00,0.00,0.00,0.00,0.00,0.00,0.00,0.011
-93.76573328,42.02276561,90,TaskName 5/5/2025 (GreenStar 4 Monitor),R-up/Sharpen,305,5/5/2025,1.001,On,1103.6,41.25,-26.25,8.266,12.12,4.737,88.86,19.99,19.92,0,3,41.28,5/5/2025,Good,7.967,0.00071,2.988,0.00027,17.93,1.992,0.0057,3.984,0.00036,1.992,0.00018,19.29,0.221,0.00,0.00,0.00,0.00,0.00,0.00,0.00,0.00,0.00,0.00,0.00,0.00,0.011
-93.76568869,42.02276616,90,TaskName 5/5/2025 (GreenStar 4 Monitor),R-up/Sharpen,306,5/5/2025,0.999,On,1103.3,41.25,-26.25,8.224,12.06,5.039,89.14,19.99,19.96,0,3,41.16,5/5/2025,Good,7.984,0.00071,2.994,0.00027,17.96,1.996,0.0057,3.992,0.00036,1.996,0.00018,19.33,0.221,0.00,0.00,0.00,0.00,0.00,0.00,0.00,0.00,0.00,0.00,0.00,0.00,0.011
-93.76564423,42.02276663,90,TaskName 5/5/2025 (GreenStar 4 Monitor),R-up/Sharpen,307,5/5/2025,0.995,On,1103.0,41.25,-26.25,8.248,12.03,4.854,89.29,19.99,19.91,0,3,41.23,5/5/2025,Good,7.962,0.00071,2.986,0.00027,17.91,1.991,0.0057,3.981,0.00035,1.991,0.00018,19.28,0.220,0.00,0.00,0.00,0.00,0.00,0.00,0.00,0.00,0.00,0.00,0.00,0.00,0.011
-93.76559979,42.02276695,90,TaskName 5/5/2025 (GreenStar 4 Monitor),R-up/Sharpen,308,5/5/2025,1.001,On,1102.8,41.25,-26.25,8.259,12.12,4.856,89.28,19.99,19.88,0,3,41.26,5/5/2025,Good,7.953,0.00071,2.983,0.00027,17.90,1.988,0.0057,3.977,0.00036,1.988,0.00018,19.26,0.221,0.00,0.00,0.00,0.00,0.00,0.00,0.00,0.00,0.00,0.00,0.00,0.00,0.011
-93.76555547,42.02276725,90,TaskName 5/5/2025 (GreenStar 4 Monitor),R-up/Sharpen,309,5/5/2025,1.000,On,1102.5,41.25,-26.25,8.199,12.02,5.238,89.46,19.99,19.90,0,3,40.97,5/5/2025,Good,7.961,0.00071,2.985,0.00027,17.91,1.990,0.0057,3.980,0.00035,1.990,0.00018,19.27,0.219,0.00,0.00,0.00,0.00,0.00,0.00,0.00,0.00,0.00,0.00,0.00,0.00,0.011
-93.76552016,42.02276746,90,TaskName 5/5/2025 (GreenStar 4 Monitor),R-up/Sharpen,310,5/5/2025,0.800,On,1102.4,41.25,-26.25,8.191,9.609,5.233,89.46,19.99,19.89,0,3,40.95,5/5/2025,Good,7.957,0.00057,2.984,0.00021,17.90,1.989,0.0045,3.978,0.00028,1.989,0.00014,19.27,0.175,0.00,0.00,0.00,0.00,0.00,0.00,0.00,0.00,0.00,0.00,0.00,0.00,0.0091
-93.76547593,42.02276767,90,TaskName 5/5/2025 (GreenStar 4 Monitor),R-up/Sharpen,311,5/5/2025,1.000,On,1102.2,42.50,-25.62,8.193,12.01,5.239,89.50,19.99,19.87,0,3,42.17,5/5/2025,Good,7.947,0.00073,2.980,0.00027,17.88,1.987,0.0058,3.974,0.00036,1.987,0.00018,19.24,0.225,0.00,0.00,0.00,0.00,0.00,0.00,0.00,0.00,0.00,0.00,0.00,0.00,0.012
-93.76543176,42.02276790,90,TaskName 5/5/2025 (GreenStar 4 Monitor),R-up/Sharpen,312,5/5/2025,1.000,On,1102.0,42.50,-25.62,8.205,12.04,5.251,89.57,19.99,19.91,0,3,42.28,5/5/2025,Good,7.963,0.00073,2.986,0.00027,17.92,1.991,0.0058,3.982,0.00037,1.991,0.00018,19.28,0.226,0.00,0.00,0.00,0.00,0.00,0.00,0.00,0.00,0.00,0.00,0.00,0.00,0.012
-93.76538751,42.02276820,90,TaskName 5/5/2025 (GreenStar 4 Monitor),R-up/Sharpen,313,5/5/2025,0.999,On,1101.8,42.50,-25.62,8.192,12.02,5.405,89.88,19.99,19.91,0,3,42.25,5/5/2025,Good,7.965,0.00073,2.987,0.00027,17.92,1.991,0.0058,3.982,0.00036,1.991,0.00018,19.28,0.226,0.00,0.00,0.00,0.00,0.00,0.00,0.00,0.00,0.00,0.00,0.00,0.00,0.012
-93.76534341,42.02276826,90,TaskName 5/5/2025 (GreenStar 4 Monitor),R-up/Sharpen,314,5/5/2025,1.000,On,1101.7,42.50,-25.62,8.180,12.00,5.503,90.11,19.99,19.88,0,3,42.15,5/5/2025,Good,7.951,0.00073,2.982,0.00027,17.89,1.988,0.0058,3.975,0.00036,1.988,0.00018,19.25,0.225,0.00,0.00,0.00,0.00,0.00,0.00,0.00,0.00,0.00,0.00,0.00,0.00,0.012
-93.76531684,42.02276820,90,TaskName 5/5/2025 (GreenStar 4 Monitor),R-up/Sharpen,315,5/5/2025,0.600,On,1101.6,42.50,-25.62,8.183,7.206,5.319,89.95,19.99,19.85,0,3,42.18,5/5/2025,Good,7.938,0.00044,2.977,0.00016,17.86,1.985,0.0035,3.969,0.00022,1.985,0.00011,19.22,0.135,0.00,0.00,0.00,0.00,0.00,0.00,0.00,0.00,0.00,0.00,0.00,0.00,0.0070
-93.76527292,42.02276792,90,TaskName 5/5/2025 (GreenStar 4 Monitor),R-up/Sharpen,316,5/5/2025,1.000,On,1101.5,43.75,-26.25,8.166,11.98,5.830,89.39,19.99,19.87,0,3,43.32,5/5/2025,Good,7.949,0.00075,2.981,0.00028,17.89,1.987,0.0060,3.975,0.00037,1.987,0.00019,19.25,0.232,0.00,0.00,0.00,0.00,0.00,0.00,0.00,0.00,0.00,0.00,0.00,0.00,0.012
-93.76522872,42.02276822,90,TaskName 5/5/2025 (GreenStar 4 Monitor),R-up/Sharpen,317,5/5/2025,1.001,On,1101.4,43.75,-26.25,8.172,12.00,5.526,89.32,19.99,19.87,0,3,43.36,5/5/2025,Good,7.950,0.00075,2.981,0.00028,17.89,1.987,0.0060,3.975,0.00037,1.987,0.00019,19.25,0.232,0.00,0.00,0.00,0.00,0.00,0.00,0.00,0.00,0.00,0.00,0.00,0.00,0.012
-93.76518422,42.02276864,90,TaskName 5/5/2025 (GreenStar 4 Monitor),R-up/Sharpen,318,5/5/2025,0.999,On,1101.3,43.75,-26.25,8.231,12.07,4.944,89.57,19.99,19.89,0,3,43.67,5/5/2025,Good,7.957,0.00075,2.984,0.00028,17.90,1.989,0.0060,3.979,0.00038,1.989,0.00019,19.27,0.233,0.00,0.00,0.00,0.00,0.00,0.00,0.00,0.00,0.00,0.00,0.00,0.00,0.012
-93.76514023,42.02276863,90,TaskName 5/5/2025 (GreenStar 4 Monitor),R-up/Sharpen,319,5/5/2025,1.001,On,1101.2,43.75,-26.25,8.176,12.01,5.730,89.37,19.99,19.89,0,3,43.37,5/5/2025,Good,7.957,0.00075,2.984,0.00028,17.90,1.989,0.0060,3.978,0.00037,1.989,0.00019,19.27,0.232,0.00,0.00,0.00,0.00,0.00,0.00,0.00,0.00,0.00,0.00,0.00,0.00,0.012
-93.76509567,42.02276891,90,TaskName 5/5/2025 (GreenStar 4 Monitor),R-up/Sharpen,320,5/5/2025,0.999,On,1101.0,43.75,-26.25,8.228,12.06,5.434,89.01,19.99,19.90,0,3,43.65,5/5/2025,Good,7.958,0.00075,2.984,0.00028,17.91,1.990,0.0060,3.979,0.00038,1.990,0.00019,19.27,0.233,0.00,0.00,0.00,0.00,0.00,0.00,0.00,0.00,0.00,0.00,0.00,0.00,0.012
-93.76505129,42.02276956,90,TaskName 5/5/2025 (GreenStar 4 Monitor),R-up/Sharpen,321,5/5/2025,1.000,On,1100.9,43.75,-26.25,8.233,12.08,5.524,89.09,19.99,19.91,0,3,43.69,5/5/2025,Good,7.965,0.00076,2.987,0.00028,17.92,1.991,0.0060,3.982,0.00038,1.991,0.00019,19.28,0.234,0.00,0.00,0.00,0.00,0.00,0.00,0.00,0.00,0.00,0.00,0.00,0.00,0.012
-93.76500708,42.02277007,90,TaskName 5/5/2025 (GreenStar 4 Monitor),R-up/Sharpen,322,5/5/2025,1.001,On,1100.9,43.75,-26.25,8.205,12.05,5.764,89.13,19.99,19.92,0,3,43.52,5/5/2025,Good,7.966,0.00075,2.987,0.00028,17.92,1.992,0.0060,3.983,0.00038,1.992,0.00019,19.29,0.233,0.00,0.00,0.00,0.00,0.00,0.00,0.00,0.00,0.00,0.00,0.00,0.00,0.012
-93.76496338,42.02277055,90,TaskName 5/5/2025 (GreenStar 4 Monitor),R-up/Sharpen,323,5/5/2025,1.000,On,1101.0,43.75,-26.25,8.124,11.92,6.400,88.96,19.99,19.97,0,3,43.09,5/5/2025,Good,7.988,0.00075,2.996,0.00028,17.97,1.997,0.0060,3.994,0.00037,1.997,0.00019,19.34,0.232,0.00,0.00,0.00,0.00,0.00,0.00,0.00,0.00,0.00,0.00,0.00,0.00,0.012
-93.76494577,42.02277066,90,TaskName 5/5/2025 (GreenStar 4 Monitor),R-up/Sharpen,324,5/5/2025,0.399,On,1101.1,43.75,-26.25,8.089,4.736,6.397,88.91,19.99,19.92,0,3,42.92,5/5/2025,Good,7.967,0.00030,2.987,0.00011,17.92,1.992,0.0024,3.983,0.00015,1.992,7.401e-05,19.29,0.092,0.00,0.00,0.00,0.00,0.00,0.00,0.00,0.00,0.00,0.00,0.00,0.00,0.0048
-93.76491939,42.02277110,90,TaskName 5/5/2025 (GreenStar 4 Monitor),R-up/Sharpen,325,5/5/2025,0.605,On,1101.1,45.00,-25.62,8.152,7.238,6.123,89.15,19.99,19.93,0,3,44.49,5/5/2025,Good,7.971,0.00047,2.989,0.00017,17.93,1.993,0.0037,3.985,0.00023,1.993,0.00012,19.30,0.144,0.00,0.00,0.00,0.00,0.00,0.00,0.00,0.00,0.00,0.00,0.00,0.00,0.0075
-93.76487526,42.02277175,90,TaskName 5/5/2025 (GreenStar 4 Monitor),R-up/Sharpen,326,5/5/2025,0.996,On,1101.0,43.75,-25.00,8.168,11.93,6.095,89.56,19.99,19.89,0,3,43.33,5/5/2025,Good,7.956,0.00075,2.984,0.00028,17.90,1.989,0.0060,3.978,0.00037,1.989,0.00019,19.26,0.231,0.00,0.00,0.00,0.00,0.00,0.00,0.00,0.00,0.00,0.00,0.00,0.00,0.012
-93.76483085,42.02277210,90,TaskName 5/5/2025 (GreenStar 4 Monitor),R-up/Sharpen,327,5/5/2025,1.000,On,1100.9,43.75,-25.00,8.185,12.01,5.976,89.78,19.99,19.91,0,3,43.41,5/5/2025,Good,7.965,0.00075,2.987,0.00028,17.92,1.991,0.0060,3.982,0.00038,1.991,0.00019,19.28,0.233,0.00,0.00,0.00,0.00,0.00,0.00,0.00,0.00,0.00,0.00,0.00,0.00,0.012
-93.76478656,42.02277217,90,TaskName 5/5/2025 (GreenStar 4 Monitor),R-up/Sharpen,328,5/5/2025,1.000,On,1100.8,43.75,-25.00,8.209,12.04,5.935,89.45,19.99,19.86,0,3,43.54,5/5/2025,Good,7.946,0.00075,2.980,0.00028,17.88,1.986,0.0060,3.973,0.00038,1.986,0.00019,19.24,0.233,0.00,0.00,0.00,0.00,0.00,0.00,0.00,0.00,0.00,0.00,0.00,0.00,0.012
-93.76477764,42.02277215,90,TaskName 5/5/2025 (GreenStar 4 Monitor),R-up/Sharpen,329,5/5/2025,0.200,On,1100.8,43.75,-25.00,8.216,2.411,5.970,89.28,19.99,20.03,0,3,43.58,5/5/2025,Good,8.014,0.00015,3.005,5.684e-05,18.03,2.003,0.0012,4.007,7.579e-05,2.003,3.789e-05,19.40,0.047,0.00,0.00,0.00,0.00,0.00,0.00,0.00,0.00,0.00,0.00,0.00,0.00,0.0024
-93.76474207,42.02277245,90,TaskName 5/5/2025 (GreenStar 4 Monitor),R-up/Sharpen,330,5/5/2025,0.799,On,1100.6,45.00,-25.62,8.234,9.652,5.601,89.27,19.99,19.87,0,3,44.93,5/5/2025,Good,7.950,0.00062,2.981,0.00023,17.89,1.987,0.0050,3.975,0.00031,1.987,0.00015,19.25,0.192,0.00,0.00,0.00,0.00,0.00,0.00,0.00,0.00,0.00,0.00,0.00,0.00,0.0100
-93.76469762,42.02277276,90,TaskName 5/5/2025 (GreenStar 4 Monitor),R-up/Sharpen,331,5/5/2025,1.001,On,1100.5,43.75,-25.00,8.235,12.10,5.432,89.27,19.99,19.89,0,3,43.69,5/5/2025,Good,7.956,0.00076,2.983,0.00028,17.90,1.989,0.0060,3.978,0.00038,1.989,0.00019,19.26,0.234,0.00,0.00,0.00,0.00,0.00,0.00,0.00,0.00,0.00,0.00,0.00,0.00,0.012
-93.76465347,42.02277302,90,TaskName 5/5/2025 (GreenStar 4 Monitor),R-up/Sharpen,332,5/5/2025,1.000,On,1100.5,43.75,-25.00,8.219,12.06,5.161,89.06,19.99,19.89,0,3,43.59,5/5/2025,Good,7.954,0.00075,2.983,0.00028,17.90,1.989,0.0060,3.977,0.00038,1.989,0.00019,19.26,0.233,0.00,0.00,0.00,0.00,0.00,0.00,0.00,0.00,0.00,0.00,0.00,0.00,0.012
-93.76463587,42.02277308,90,TaskName 5/5/2025 (GreenStar 4 Monitor),R-up/Sharpen,333,5/5/2025,0.400,On,1100.5,43.75,-25.00,8.176,4.801,5.775,88.87,19.99,19.98,0,3,43.40,5/5/2025,Good,7.990,0.00030,2.996,0.00011,17.98,1.998,0.0024,3.995,0.00015,1.998,7.526e-05,19.35,0.093,0.00,0.00,0.00,0.00,0.00,0.00,0.00,0.00,0.00,0.00,0.00,0.00,0.0048
-93.76461825,42.02277338,90,TaskName 5/5/2025 (GreenStar 4 Monitor),R-up/Sharpen,334,5/5/2025,0.404,On,1100.4,45.00,-25.62,8.156,4.834,6.016,88.87,19.99,19.93,0,3,44.50,5/5/2025,Good,7.973,0.00031,2.990,0.00012,17.94,1.993,0.0025,3.987,0.00016,1.993,7.777e-05,19.31,0.096,0.00,0.00,0.00,0.00,0.00,0.00,0.00,0.00,0.00,0.00,0.00,0.00,0.0050
-93.76457409,42.02277394,90,TaskName 5/5/2025 (GreenStar 4 Monitor),R-up/Sharpen,335,5/5/2025,1.001,On,1100.4,43.75,-25.00,8.172,12.00,5.796,88.95,19.99,19.94,0,3,43.35,5/5/2025,Good,7.975,0.00075,2.991,0.00028,17.94,1.994,0.0060,3.988,0.00038,1.994,0.00019,19.31,0.233,0.00,0.00,0.00,0.00,0.00,0.00,0.00,0.00,0.00,0.00,0.00,0.00,0.012
-93.76456524,42.02277408,90,TaskName 5/5/2025 (GreenStar 4 Monitor),R-up/Sharpen,336,5/5/2025,0.194,On,1100.4,43.75,-25.00,8.176,2.329,5.746,88.98,19.99,20.00,0,3,43.40,5/5/2025,Good,8.001,0.00015,3.000,5.482e-05,18.00,2.000,0.0012,4.000,7.309e-05,2.000,3.655e-05,19.37,0.045,0.00,0.00,0.00,0.00,0.00,0.00,0.00,0.00,0.00,0.00,0.00,0.00,0.0023
-93.76452101,42.02277461,90,TaskName 5/5/2025 (GreenStar 4 Monitor),R-up/Sharpen,337,5/5/2025,1.001,On,1100.4,45.00,-24.37,8.186,12.02,5.675,89.11,19.99,19.92,0,3,44.66,5/5/2025,Good,7.966,0.00077,2.987,0.00029,17.92,1.992,0.0062,3.983,0.00039,1.992,0.00019,19.29,0.240,0.00,0.00,0.00,0.00,0.00,0.00,0.00,0.00,0.00,0.00,0.00,0.00,0.012
-93.76447693,42.02277497,90,TaskName 5/5/2025 (GreenStar 4 Monitor),R-up/Sharpen,338,5/5/2025,0.999,On,1100.3,45.00,-24.37,8.176,11.98,5.753,89.14,19.99,19.89,0,3,44.61,5/5/2025,Good,7.957,0.00077,2.984,0.00029,17.90,1.989,0.0062,3.979,0.00038,1.989,0.00019,19.27,0.239,0.00,0.00,0.00,0.00,0.00,0.00,0.00,0.00,0.00,0.00,0.00,0.00,0.012
-93.76443266,42.02277557,90,TaskName 5/5/2025 (GreenStar 4 Monitor),R-up/Sharpen,339,5/5/2025,1.001,On,1100.2,45.00,-24.37,8.208,12.06,5.387,89.62,19.99,19.93,0,3,44.79,5/5/2025,Good,7.974,0.00078,2.990,0.00029,17.94,1.993,0.0062,3.987,0.00039,1.993,0.00019,19.31,0.240,0.00,0.00,0.00,0.00,0.00,0.00,0.00,0.00,0.00,0.00,0.00,0.00,0.012
-93.76438833,42.02277586,90,TaskName 5/5/2025 (GreenStar 4 Monitor),R-up/Sharpen,340,5/5/2025,0.995,On,1100.1,45.00,-24.37,8.217,12.00,5.359,89.88,19.99,19.91,0,3,44.84,5/5/2025,Good,7.965,0.00077,2.987,0.00029,17.92,1.991,0.0062,3.982,0.00039,1.991,0.00019,19.28,0.239,0.00,0.00,0.00,0.00,0.00,0.00,0.00,0.00,0.00,0.00,0.00,0.00,0.012
-93.76434390,42.02277557,90,TaskName 5/5/2025 (GreenStar 4 Monitor),R-up/Sharpen,341,5/5/2025,1.005,On,1100.0,45.00,-24.37,8.228,12.13,5.312,89.42,19.99,19.95,0,3,44.89,5/5/2025,Good,7.979,0.00078,2.992,0.00029,17.95,1.995,0.0062,3.989,0.00039,1.995,0.00020,19.32,0.242,0.00,0.00,0.00,0.00,0.00,0.00,0.00,0.00,0.00,0.00,0.00,0.00,0.013
-93.76429979,42.02277584,90,TaskName 5/5/2025 (GreenStar 4 Monitor),R-up/Sharpen,342,5/5/2025,0.995,On,1100.0,45.00,-24.37,8.196,11.96,5.636,89.25,19.99,19.93,0,3,44.71,5/5/2025,Good,7.971,0.00077,2.989,0.00029,17.93,1.993,0.0062,3.986,0.00038,1.993,0.00019,19.30,0.238,0.00,0.00,0.00,0.00,0.00,0.00,0.00,0.00,0.00,0.00,0.00,0.00,0.012
-93.76425580,42.02277615,90,TaskName 5/5/2025 (GreenStar 4 Monitor),R-up/Sharpen,343,5/5/2025,1.005,On,1099.9,45.00,-24.37,8.173,12.06,5.732,89.17,19.99,19.95,0,3,44.61,5/5/2025,Good,7.981,0.00078,2.993,0.00029,17.96,1.995,0.0062,3.991,0.00039,1.995,0.00019,19.32,0.241,0.00,0.00,0.00,0.00,0.00,0.00,0.00,0.00,0.00,0.00,0.00,0.00,0.012
-93.76422030,42.02277621,90,TaskName 5/5/2025 (GreenStar 4 Monitor),R-up/Sharpen,344,5/5/2025,0.804,On,1099.9,45.00,-24.37,8.187,9.659,5.525,88.91,19.99,19.89,0,3,44.68,5/5/2025,Good,7.956,0.00062,2.984,0.00023,17.90,1.989,0.0050,3.978,0.00031,1.989,0.00016,19.26,0.192,0.00,0.00,0.00,0.00,0.00,0.00,0.00,0.00,0.00,0.00,0.00,0.00,0.0100
-93.76417610,42.02277663,90,TaskName 5/5/2025 (GreenStar 4 Monitor),R-up/Sharpen,345,5/5/2025,1.001,On,1099.9,46.25,-25.00,8.209,12.05,5.420,89.15,19.99,19.90,0,3,46.01,5/5/2025,Good,7.962,0.00080,2.986,0.00030,17.91,1.990,0.0064,3.981,0.00040,1.990,0.00020,19.28,0.247,0.00,0.00,0.00,0.00,0.00,0.00,0.00,0.00,0.00,0.00,0.00,0.00,0.013
-93.76415828,42.02277697,90,TaskName 5/5/2025 (GreenStar 4 Monitor),R-up/Sharpen,346,5/5/2025,0.395,On,1099.8,46.25,-25.00,8.200,4.748,5.376,89.47,19.99,19.87,0,3,45.95,5/5/2025,Good,7.947,0.00031,2.980,0.00012,17.88,1.987,0.0025,3.974,0.00016,1.987,7.826e-05,19.24,0.097,0.00,0.00,0.00,0.00,0.00,0.00,0.00,0.00,0.00,0.00,0.00,0.00,0.0050
-93.76412306,42.02277717,90,TaskName 5/5/2025 (GreenStar 4 Monitor),R-up/Sharpen,347,5/5/2025,0.800,On,1099.8,45.00,-24.37,8.195,9.611,5.578,89.63,19.99,19.95,0,3,44.68,5/5/2025,Good,7.982,0.00062,2.993,0.00023,17.96,1.995,0.0050,3.991,0.00031,1.995,0.00015,19.33,0.192,0.00,0.00,0.00,0.00,0.00,0.00,0.00,0.00,0.00,0.00,0.00,0.00,0.0099
-93.76407870,42.02277702,90,TaskName 5/5/2025 (GreenStar 4 Monitor),R-up/Sharpen,348,5/5/2025,0.999,On,1099.7,46.25,-25.00,8.201,12.01,5.621,89.30,19.99,19.86,0,3,45.94,5/5/2025,Good,7.944,0.00079,2.979,0.00030,17.87,1.986,0.0063,3.972,0.00040,1.986,0.00020,19.23,0.245,0.00,0.00,0.00,0.00,0.00,0.00,0.00,0.00,0.00,0.00,0.00,0.00,0.013
-93.76403443,42.02277730,90,TaskName 5/5/2025 (GreenStar 4 Monitor),R-up/Sharpen,349,5/5/2025,1.000,On,1099.6,46.25,-25.00,8.210,12.03,5.587,89.42,19.99,19.88,0,3,45.99,5/5/2025,Good,7.952,0.00079,2.982,0.00030,17.89,1.988,0.0063,3.976,0.00040,1.988,0.00020,19.25,0.246,0.00,0.00,0.00,0.00,0.00,0.00,0.00,0.00,0.00,0.00,0.00,0.00,0.013
-93.76401655,42.02277748,90,TaskName 5/5/2025 (GreenStar 4 Monitor),R-up/Sharpen,350,5/5/2025,0.395,On,1099.6,46.25,-25.00,8.197,4.748,5.492,89.64,19.99,19.80,0,3,45.95,5/5/2025,Good,7.922,0.00031,2.971,0.00012,17.82,1.980,0.0025,3.961,0.00016,1.980,7.800e-05,19.18,0.097,0.00,0.00,0.00,0.00,0.00,0.00,0.00,0.00,0.00,0.00,0.00,0.00,0.0050
-93.76397237,42.02277781,90,TaskName 5/5/2025 (GreenStar 4 Monitor),R-up/Sharpen,351,5/5/2025,1.001,On,1099.5,47.50,-24.37,8.196,12.01,5.747,90.03,19.99,19.81,0,3,47.11,5/5/2025,Good,7.925,0.00081,2.972,0.00030,17.83,1.981,0.0065,3.963,0.00041,1.981,0.00020,19.19,0.251,0.00,0.00,0.00,0.00,0.00,0.00,0.00,0.00,0.00,0.00,0.00,0.00,0.013
-93.76392776,42.02277785,90,TaskName 5/5/2025 (GreenStar 4 Monitor),R-up/Sharpen,352,5/5/2025,1.004,On,1099.4,47.50,-24.37,8.227,12.13,5.401,89.86,19.99,19.87,0,3,47.41,5/5/2025,Good,7.947,0.00082,2.980,0.00031,17.88,1.987,0.0066,3.974,0.00041,1.987,0.00021,19.24,0.254,0.00,0.00,0.00,0.00,0.00,0.00,0.00,0.00,0.00,0.00,0.00,0.00,0.013
-93.76391001,42.02277771,90,TaskName 5/5/2025 (GreenStar 4 Monitor),R-up/Sharpen,353,5/5/2025,0.400,On,1099.3,47.50,-24.37,8.288,4.860,5.330,89.53,19.99,19.83,0,3,47.69,5/5/2025,Good,7.932,0.00033,2.975,0.00012,17.85,1.983,0.0026,3.966,0.00016,1.983,8.210e-05,19.21,0.102,0.00,0.00,0.00,0.00,0.00,0.00,0.00,0.00,0.00,0.00,0.00,0.00,0.0053
-93.76387471,42.02277784,90,TaskName 5/5/2025 (GreenStar 4 Monitor),R-up/Sharpen,354,5/5/2025,0.795,On,1099.3,46.25,-25.00,8.229,9.592,5.586,89.55,19.99,19.94,0,3,46.12,5/5/2025,Good,7.977,0.00063,2.992,0.00024,17.95,1.994,0.0051,3.989,0.00032,1.994,0.00016,19.32,0.197,0.00,0.00,0.00,0.00,0.00,0.00,0.00,0.00,0.00,0.00,0.00,0.00,0.010
-93.76383062,42.02277809,90,TaskName 5/5/2025 (GreenStar 4 Monitor),R-up/Sharpen,355,5/5/2025,1.001,On,1099.3,47.50,-24.37,8.178,11.99,5.857,89.55,19.99,19.86,0,3,47.01,5/5/2025,Good,7.945,0.00081,2.979,0.00030,17.88,1.986,0.0065,3.972,0.00041,1.986,0.00020,19.24,0.251,0.00,0.00,0.00,0.00,0.00,0.00,0.00,0.00,0.00,0.00,0.00,0.00,0.013
-93.76378604,42.02277825,90,TaskName 5/5/2025 (GreenStar 4 Monitor),R-up/Sharpen,356,5/5/2025,0.999,On,1099.2,47.50,-24.37,8.177,11.99,5.458,89.70,19.99,19.79,0,3,47.10,5/5/2025,Good,7.916,0.00081,2.968,0.00030,17.81,1.979,0.0065,3.958,0.00040,1.979,0.00020,19.17,0.251,0.00,0.00,0.00,0.00,0.00,0.00,0.00,0.00,0.00,0.00,0.00,0.00,0.013
-93.76374205,42.02277826,90,TaskName 5/5/2025 (GreenStar 4 Monitor),R-up/Sharpen,357,5/5/2025,1.005,On,1099.1,47.50,-24.37,8.226,12.12,5.785,90.02,19.99,19.83,0,3,47.35,5/5/2025,Good,7.934,0.00082,2.975,0.00031,17.85,1.983,0.0066,3.967,0.00041,1.983,0.00020,19.21,0.254,0.00,0.00,0.00,0.00,0.00,0.00,0.00,0.00,0.00,0.00,0.00,0.00,0.013
-93.76369780,42.02277827,90,TaskName 5/5/2025 (GreenStar 4 Monitor),R-up/Sharpen,358,5/5/2025,0.996,On,1099.1,47.50,-24.37,8.187,11.95,6.120,90.06,19.99,19.91,0,3,47.12,5/5/2025,Good,7.962,0.00081,2.986,0.00030,17.92,1.991,0.0065,3.981,0.00041,1.991,0.00020,19.28,0.251,0.00,0.00,0.00,0.00,0.00,0.00,0.00,0.00,0.00,0.00,0.00,0.00,0.013
-93.76365346,42.02277785,90,TaskName 5/5/2025 (GreenStar 4 Monitor),R-up/Sharpen,359,5/5/2025,0.999,On,1099.0,47.50,-25.62,8.191,11.99,5.998,90.15,19.99,19.84,0,3,47.13,5/5/2025,Good,7.935,0.00081,2.976,0.00030,17.85,1.984,0.0065,3.968,0.00041,1.984,0.00020,19.21,0.251,0.00,0.00,0.00,0.00,0.00,0.00,0.00,0.00,0.00,0.00,0.00,0.00,0.013
-93.76360927,42.02277782,90,TaskName 5/5/2025 (GreenStar 4 Monitor),R-up/Sharpen,360,5/5/2025,1.001,On,1098.9,47.50,-25.62,8.226,12.08,6.012,90.63,19.99,19.87,0,3,47.36,5/5/2025,Good,7.949,0.00082,2.981,0.00031,17.88,1.987,0.0065,3.974,0.00041,1.987,0.00020,19.25,0.253,0.00,0.00,0.00,0.00,0.00,0.00,0.00,0.00,0.00,0.00,0.00,0.00,0.013
-93.76356475,42.02277709,90,TaskName 5/5/2025 (GreenStar 4 Monitor),R-up/Sharpen,361,5/5/2025,1.000,On,1098.9,47.50,-25.62,8.196,12.01,6.097,90.16,19.99,19.91,0,3,47.16,5/5/2025,Good,7.962,0.00081,2.986,0.00031,17.92,1.991,0.0065,3.981,0.00041,1.991,0.00020,19.28,0.253,0.00,0.00,0.00,0.00,0.00,0.00,0.00,0.00,0.00,0.00,0.00,0.00,0.013
-93.76354727,42.02277678,90,TaskName 5/5/2025 (GreenStar 4 Monitor),R-up/Sharpen,362,5/5/2025,0.405,On,1098.8,47.50,-25.62,8.229,4.886,6.064,90.01,19.99,19.98,0,3,47.36,5/5/2025,Good,7.992,0.00033,2.997,0.00012,17.98,1.998,0.0027,3.996,0.00017,1.998,8.317e-05,19.35,0.103,0.00,0.00,0.00,0.00,0.00,0.00,0.00,0.00,0.00,0.00,0.00,0.00,0.0053
-93.76350262,42.02277665,90,TaskName 5/5/2025 (GreenStar 4 Monitor),R-up/Sharpen,363,5/5/2025,1.000,On,1098.9,48.75,-26.25,8.221,12.06,5.723,90.35,19.99,19.83,0,3,48.57,5/5/2025,Good,7.933,0.00084,2.975,0.00031,17.85,1.983,0.0067,3.967,0.00042,1.983,0.00021,19.21,0.259,0.00,0.00,0.00,0.00,0.00,0.00,0.00,0.00,0.00,0.00,0.00,0.00,0.013
-93.76345825,42.02277640,90,TaskName 5/5/2025 (GreenStar 4 Monitor),R-up/Sharpen,364,5/5/2025,0.999,On,1098.8,48.75,-26.25,8.241,12.07,5.794,90.37,19.99,19.89,0,3,48.67,5/5/2025,Good,7.956,0.00084,2.984,0.00031,17.90,1.989,0.0067,3.978,0.00042,1.989,0.00021,19.26,0.260,0.00,0.00,0.00,0.00,0.00,0.00,0.00,0.00,0.00,0.00,0.00,0.00,0.014
-93.76342254,42.02277591,90,TaskName 5/5/2025 (GreenStar 4 Monitor),R-up/Sharpen,365,5/5/2025,0.800,On,1098.8,48.75,-26.25,8.243,9.667,5.529,89.76,19.99,19.87,0,3,48.69,5/5/2025,Good,7.950,0.00067,2.981,0.00025,17.89,1.987,0.0054,3.975,0.00034,1.987,0.00017,19.25,0.208,0.00,0.00,0.00,0.00,0.00,0.00,0.00,0.00,0.00,0.00,0.00,0.00,0.011
-93.76337831,42.02277575,90,TaskName 5/5/2025 (GreenStar 4 Monitor),R-up/Sharpen,366,5/5/2025,0.996,On,1098.9,50.00,-26.87,8.246,12.04,5.678,89.50,19.99,19.89,0,3,49.96,5/5/2025,Good,7.958,0.00086,2.984,0.00032,17.90,1.989,0.0069,3.979,0.00043,1.989,0.00021,19.27,0.266,0.00,0.00,0.00,0.00,0.00,0.00,0.00,0.00,0.00,0.00,0.00,0.00,0.014
-93.76333417,42.02277610,90,TaskName 5/5/2025 (GreenStar 4 Monitor),R-up/Sharpen,367,5/5/2025,1.000,On,1098.9,50.00,-26.87,8.177,11.99,5.601,89.69,19.99,19.81,0,3,49.53,5/5/2025,Good,7.923,0.00085,2.971,0.00032,17.83,1.981,0.0068,3.962,0.00043,1.981,0.00021,19.18,0.264,0.00,0.00,0.00,0.00,0.00,0.00,0.00,0.00,0.00,0.00,0.00,0.00,0.014
-93.76328991,42.02277617,90,TaskName 5/5/2025 (GreenStar 4 Monitor),R-up/Sharpen,368,5/5/2025,1.005,On,1099.0,50.00,-26.87,8.195,12.06,5.217,89.62,19.99,19.80,0,3,49.60,5/5/2025,Good,7.918,0.00086,2.969,0.00032,17.82,1.980,0.0069,3.959,0.00043,1.980,0.00021,19.17,0.265,0.00,0.00,0.00,0.00,0.00,0.00,0.00,0.00,0.00,0.00,0.00,0.00,0.014
-93.76324591,42.02277631,90,TaskName 5/5/2025 (GreenStar 4 Monitor),R-up/Sharpen,369,5/5/2025,0.994,On,1099.1,50.00,-26.87,8.178,11.93,6.074,89.80,19.99,19.95,0,3,49.59,5/5/2025,Good,7.979,0.00085,2.992,0.00032,17.95,1.995,0.0068,3.990,0.00043,1.995,0.00021,19.32,0.265,0.00,0.00,0.00,0.00,0.00,0.00,0.00,0.00,0.00,0.00,0.00,0.00,0.014
-93.76320205,42.02277632,90,TaskName 5/5/2025 (GreenStar 4 Monitor),R-up/Sharpen,370,5/5/2025,1.006,On,1099.2,50.00,-26.87,8.135,11.99,6.281,89.63,19.99,19.95,0,3,49.27,5/5/2025,Good,7.979,0.00086,2.992,0.00032,17.95,1.995,0.0069,3.990,0.00043,1.995,0.00021,19.32,0.266,0.00,0.00,0.00,0.00,0.00,0.00,0.00,0.00,0.00,0.00,0.00,0.00,0.014
-93.76315770,42.02277630,90,TaskName 5/5/2025 (GreenStar 4 Monitor),R-up/Sharpen,371,5/5/2025,0.994,On,1099.3,50.00,-26.87,8.167,11.90,5.431,89.32,19.99,19.87,0,3,49.48,5/5/2025,Good,7.950,0.00085,2.981,0.00032,17.89,1.987,0.0068,3.975,0.00042,1.987,0.00021,19.25,0.263,0.00,0.00,0.00,0.00,0.00,0.00,0.00,0.00,0.00,0.00,0.00,0.00,0.014
-93.76311348,42.02277653,90,TaskName 5/5/2025 (GreenStar 4 Monitor),R-up/Sharpen,372,5/5/2025,1.005,On,1099.4,50.00,-26.87,8.205,12.09,5.105,89.21,19.99,19.83,0,3,49.71,5/5/2025,Good,7.933,0.00086,2.975,0.00032,17.85,1.983,0.0069,3.967,0.00043,1.983,0.00022,19.21,0.267,0.00,0.00,0.00,0.00,0.00,0.00,0.00,0.00,0.00,0.00,0.00,0.00,0.014
-93.76306926,42.02277678,90,TaskName 5/5/2025 (GreenStar 4 Monitor),R-up/Sharpen,373,5/5/2025,1.000,On,1099.4,50.00,-26.87,8.196,12.01,5.189,89.06,19.99,19.81,0,3,49.64,5/5/2025,Good,7.924,0.00085,2.972,0.00032,17.83,1.981,0.0068,3.962,0.00043,1.981,0.00021,19.19,0.265,0.00,0.00,0.00,0.00,0.00,0.00,0.00,0.00,0.00,0.00,0.00,0.00,0.014
-93.76302516,42.02277719,90,TaskName 5/5/2025 (GreenStar 4 Monitor),R-up/Sharpen,374,5/5/2025,0.995,On,1099.4,50.00,-26.87,8.148,11.89,5.418,89.05,19.99,19.84,0,3,49.36,5/5/2025,Good,7.938,0.00085,2.977,0.00032,17.86,1.984,0.0068,3.969,0.00042,1.984,0.00021,19.22,0.262,0.00,0.00,0.00,0.00,0.00,0.00,0.00,0.00,0.00,0.00,0.00,0.00,0.014
-93.76301643,42.02277728,90,TaskName 5/5/2025 (GreenStar 4 Monitor),R-up/Sharpen,375,5/5/2025,0.205,On,1099.5,50.00,-26.87,8.167,2.455,5.112,89.10,19.99,19.88,0,3,49.48,5/5/2025,Good,7.954,0.00018,2.983,6.565e-05,17.90,1.988,0.0014,3.977,8.754e-05,1.988,4.377e-05,19.26,0.054,0.00,0.00,0.00,0.00,0.00,0.00,0.00,0.00,0.00,0.00,0.00,0.00,0.0028
-93.76297232,42.02277793,90,TaskName 5/5/2025 (GreenStar 4 Monitor),R-up/Sharpen,376,5/5/2025,1.000,On,1099.5,51.25,-26.25,8.169,11.97,5.156,89.46,19.99,19.79,0,3,50.72,5/5/2025,Good,7.916,0.00087,2.968,0.00033,17.81,1.979,0.0070,3.958,0.00044,1.979,0.00022,19.17,0.270,0.00,0.00,0.00,0.00,0.00,0.00,0.00,0.00,0.00,0.00,0.00,0.00,0.014
-93.76292856,42.02277822,90,TaskName 5/5/2025 (GreenStar 4 Monitor),R-up/Sharpen,377,5/5/2025,0.995,On,1099.6,51.25,-26.25,8.126,11.85,6.129,89.80,19.99,19.94,0,3,50.45,5/5/2025,Good,7.974,0.00087,2.990,0.00033,17.94,1.994,0.0069,3.987,0.00043,1.994,0.00022,19.31,0.269,0.00,0.00,0.00,0.00,0.00,0.00,0.00,0.00,0.00,0.00,0.00,0.00,0.014
-93.76288474,42.02277834,90,TaskName 5/5/2025 (GreenStar 4 Monitor),R-up/Sharpen,378,5/5/2025,1.000,On,1099.6,51.25,-26.25,8.114,11.90,6.334,89.91,19.99,19.97,0,3,50.38,5/5/2025,Good,7.989,0.00087,2.996,0.00033,17.98,1.997,0.0070,3.995,0.00044,1.997,0.00022,19.34,0.271,0.00,0.00,0.00,0.00,0.00,0.00,0.00,0.00,0.00,0.00,0.00,0.00,0.014
-93.76284097,42.02277834,90,TaskName 5/5/2025 (GreenStar 4 Monitor),R-up/Sharpen,379,5/5/2025,1.000,On,1099.7,51.25,-26.25,8.120,11.90,6.630,90.10,19.99,20.00,0,3,50.41,5/5/2025,Good,8.001,0.00088,3.000,0.00033,18.00,2.000,0.0070,4.000,0.00044,2.000,0.00022,19.37,0.271,0.00,0.00,0.00,0.00,0.00,0.00,0.00,0.00,0.00,0.00,0.00,0.00,0.014
-93.76279701,42.02277840,90,TaskName 5/5/2025 (GreenStar 4 Monitor),R-up/Sharpen,380,5/5/2025,1.006,On,1099.8,51.25,-26.25,8.126,11.99,6.447,90.16,19.99,19.94,0,3,50.47,5/5/2025,Good,7.977,0.00088,2.991,0.00033,17.95,1.994,0.0070,3.989,0.00044,1.994,0.00022,19.31,0.272,0.00,0.00,0.00,0.00,0.00,0.00,0.00,0.00,0.00,0.00,0.00,0.00,0.014
-93.76278815,42.02277833,90,TaskName 5/5/2025 (GreenStar 4 Monitor),R-up/Sharpen,381,5/5/2025,0.194,On,1099.8,51.25,-26.25,8.154,2.320,6.485,90.09,19.99,19.93,0,3,50.66,5/5/2025,Good,7.971,0.00017,2.989,6.375e-05,17.93,1.993,0.0014,3.985,8.500e-05,1.993,4.250e-05,19.30,0.053,0.00,0.00,0.00,0.00,0.00,0.00,0.00,0.00,0.00,0.00,0.00,0.00,0.0027
-93.76274407,42.02277815,90,TaskName 5/5/2025 (GreenStar 4 Monitor),R-up/Sharpen,382,5/5/2025,1.000,On,1099.8,52.50,-26.87,8.163,11.97,6.586,89.68,19.99,19.96,0,3,51.92,5/5/2025,Good,7.983,0.00090,2.994,0.00034,17.96,1.996,0.0072,3.991,0.00045,1.996,0.00022,19.33,0.279,0.00,0.00,0.00,0.00,0.00,0.00,0.00,0.00,0.00,0.00,0.00,0.00,0.014
-93.76269985,42.02277819,90,TaskName 5/5/2025 (GreenStar 4 Monitor),R-up/Sharpen,383,5/5/2025,1.001,On,1099.9,52.50,-26.87,8.178,11.99,6.468,89.60,19.99,19.94,0,3,51.96,5/5/2025,Good,7.975,0.00090,2.991,0.00034,17.94,1.994,0.0072,3.987,0.00045,1.994,0.00023,19.31,0.279,0.00,0.00,0.00,0.00,0.00,0.00,0.00,0.00,0.00,0.00,0.00,0.00,0.014
-93.76265561,42.02277849,90,TaskName 5/5/2025 (GreenStar 4 Monitor),R-up/Sharpen,384,5/5/2025,1.000,On,1100.0,52.50,-26.87,8.203,12.02,6.464,89.66,19.99,19.94,0,3,52.17,5/5/2025,Good,7.977,0.00090,2.991,0.00034,17.95,1.994,0.0072,3.988,0.00045,1.994,0.00023,19.31,0.280,0.00,0.00,0.00,0.00,0.00,0.00,0.00,0.00,0.00,0.00,0.00,0.00,0.014
-93.76261127,42.02277852,90,TaskName 5/5/2025 (GreenStar 4 Monitor),R-up/Sharpen,385,5/5/2025,0.999,On,1100.0,52.50,-26.87,8.195,12.01,6.518,89.41,19.99,19.99,0,3,52.18,5/5/2025,Good,7.995,0.00090,2.998,0.00034,17.99,1.999,0.0072,3.998,0.00045,1.999,0.00023,19.36,0.280,0.00,0.00,0.00,0.00,0.00,0.00,0.00,0.00,0.00,0.00,0.00,0.00,0.014
-93.76256685,42.02277861,90,TaskName 5/5/2025 (GreenStar 4 Monitor),R-up/Sharpen,386,5/5/2025,1.001,On,1100.0,52.50,-26.87,8.222,12.06,6.107,88.96,19.99,19.91,0,3,52.29,5/5/2025,Good,7.965,0.00090,2.987,0.00034,17.92,1.991,0.0072,3.983,0.00045,1.991,0.00023,19.29,0.280,0.00,0.00,0.00,0.00,0.00,0.00,0.00,0.00,0.00,0.00,0.00,0.00,0.015
-93.76252224,42.02277889,90,TaskName 5/5/2025 (GreenStar 4 Monitor),R-up/Sharpen,387,5/5/2025,0.999,On,1100.1,52.50,-26.87,8.256,12.10,5.541,88.71,19.99,19.85,0,3,52.54,5/5/2025,Good,7.938,0.00090,2.977,0.00034,17.86,1.985,0.0072,3.969,0.00045,1.985,0.00023,19.22,0.280,0.00,0.00,0.00,0.00,0.00,0.00,0.00,0.00,0.00,0.00,0.00,0.00,0.015
-93.76247797,42.02277960,90,TaskName 5/5/2025 (GreenStar 4 Monitor),R-up/Sharpen,388,5/5/2025,1.001,On,1100.0,52.50,-26.87,8.251,12.09,4.933,89.21,19.99,19.78,0,3,52.42,5/5/2025,Good,7.914,0.00090,2.968,0.00034,17.81,1.978,0.0072,3.957,0.00045,1.978,0.00023,19.16,0.279,0.00,0.00,0.00,0.00,0.00,0.00,0.00,0.00,0.00,0.00,0.00,0.00,0.015
-93.76243756,42.02278006,90,TaskName 5/5/2025 (GreenStar 4 Monitor),R-up/Sharpen,389,5/5/2025,0.999,On,1100.2,52.50,-26.87,7.895,11.57,4.791,89.52,19.99,19.86,0,3,50.24,5/5/2025,Good,7.945,0.00087,2.979,0.00032,17.88,1.986,0.0069,3.972,0.00043,1.986,0.00022,19.24,0.268,0.00,0.00,0.00,0.00,0.00,0.00,0.00,0.00,0.00,0.00,0.00,0.00,0.014
-93.76239670,42.02278026,90,TaskName 5/5/2025 (GreenStar 4 Monitor),R-up/Sharpen,390,5/5/2025,1.001,On,1100.2,52.50,-26.87,7.447,10.93,7.055,89.62,19.99,20.10,0,3,47.37,5/5/2025,Good,8.038,0.00083,3.014,0.00031,18.09,2.010,0.0066,4.019,0.00041,2.010,0.00021,19.46,0.256,0.00,0.00,0.00,0.00,0.00,0.00,0.00,0.00,0.00,0.00,0.00,0.00,0.013
-93.76236361,42.02278052,90,TaskName 5/5/2025 (GreenStar 4 Monitor),R-up/Sharpen,391,5/5/2025,0.800,On,1100.2,52.50,-26.87,7.697,9.028,4.546,89.93,19.99,19.85,0,3,48.96,5/5/2025,Good,7.939,0.00067,2.977,0.00025,17.86,1.985,0.0054,3.969,0.00034,1.985,0.00017,19.22,0.209,0.00,0.00,0.00,0.00,0.00,0.00,0.00,0.00,0.00,0.00,0.00,0.00,0.011
-93.76232421,42.02278032,90,TaskName 5/5/2025 (GreenStar 4 Monitor),R-up/Sharpen,392,5/5/2025,1.000,On,1100.5,53.75,-26.25,7.499,10.98,5.333,89.93,19.99,19.92,0,3,48.78,5/5/2025,Good,7.967,0.00084,2.988,0.00032,17.93,1.992,0.0067,3.983,0.00042,1.992,0.00021,19.29,0.261,0.00,0.00,0.00,0.00,0.00,0.00,0.00,0.00,0.00,0.00,0.00,0.00,0.014
-93.76228565,42.02278027,90,TaskName 5/5/2025 (GreenStar 4 Monitor),R-up/Sharpen,393,5/5/2025,1.000,On,1100.7,53.75,-26.25,7.216,10.58,6.234,89.87,19.99,20.00,0,3,47.00,5/5/2025,Good,8.002,0.00082,3.001,0.00031,18.00,2.000,0.0065,4.001,0.00041,2.000,0.00020,19.37,0.253,0.00,0.00,0.00,0.00,0.00,0.00,0.00,0.00,0.00,0.00,0.00,0.00,0.013
-93.76224705,42.02278006,90,TaskName 5/5/2025 (GreenStar 4 Monitor),R-up/Sharpen,394,5/5/2025,1.000,On,1101.1,53.75,-26.25,7.153,10.50,5.948,89.85,19.99,19.99,0,3,46.64,5/5/2025,Good,7.997,0.00081,2.999,0.00030,17.99,1.999,0.0065,3.998,0.00040,1.999,0.00020,19.36,0.251,0.00,0.00,0.00,0.00,0.00,0.00,0.00,0.00,0.00,0.00,0.00,0.00,0.013
-93.76223969,42.02278026,90,TaskName 5/5/2025 (GreenStar 4 Monitor),R-up/Sharpen,395,5/5/2025,0.199,On,1101.1,53.75,-26.25,7.136,2.081,4.035,90.05,19.99,19.92,0,3,46.45,5/5/2025,Good,7.967,0.00016,2.988,5.992e-05,17.93,1.992,0.0013,3.983,7.990e-05,1.992,3.995e-05,19.29,0.050,0.00,0.00,0.00,0.00,0.00,0.00,0.00,0.00,0.00,0.00,0.00,0.00,0.0026
-93.76222630,42.02278045,90,TaskName 5/5/2025 (GreenStar 4 Monitor),R-up/Sharpen,396,5/5/2025,0.400,On,1101.0,52.50,-25.62,6.939,4.070,3.325,90.43,19.99,19.97,0,3,44.14,5/5/2025,Good,7.987,0.00031,2.995,0.00011,17.97,1.997,0.0024,3.993,0.00015,1.997,7.651e-05,19.34,0.095,0.00,0.00,0.00,0.00,0.00,0.00,0.00,0.00,0.00,0.00,0.00,0.00,0.0049
-93.76221381,42.02278042,90,TaskName 5/5/2025 (GreenStar 4 Monitor),R-up/Sharpen,397,5/5/2025,0.401,On,1101.1,53.75,-25.00,6.451,3.791,3.148,90.69,19.99,19.78,0,3,41.99,5/5/2025,Good,7.911,0.00029,2.967,0.00011,17.80,1.978,0.0023,3.955,0.00014,1.978,7.227e-05,19.15,0.090,0.00,0.00,0.00,0.00,0.00,0.00,0.00,0.00,0.00,0.00,0.00,0.00,0.0047
-93.76220806,42.02278054,90,TaskName 5/5/2025 (GreenStar 4 Monitor),R-up/Sharpen,398,5/5/2025,0.199,On,1101.0,52.50,-24.37,6.076,1.772,4.663,90.92,19.99,19.91,0,3,38.64,5/5/2025,Good,7.962,0.00013,2.986,4.983e-05,17.92,1.991,0.0011,3.981,6.644e-05,1.991,3.322e-05,19.28,0.041,0.00,0.00,0.00,0.00,0.00,0.00,0.00,0.00,0.00,0.00,0.00,0.00,0.0021
-93.76220250,42.02278054,90,TaskName 5/5/2025 (GreenStar 4 Monitor),R-up/Sharpen,399,5/5/2025,0.201,On,1101.0,51.25,-23.75,5.823,1.707,5.488,91.09,19.99,20.12,0,3,35.96,5/5/2025,Good,8.048,0.00013,3.018,4.734e-05,18.11,2.012,0.0010,4.024,6.313e-05,2.012,3.156e-05,19.49,0.039,0.00,0.00,0.00,0.00,0.00,0.00,0.00,0.00,0.00,0.00,0.00,0.00,0.0020
-93.76219674,42.02278052,90,TaskName 5/5/2025 (GreenStar 4 Monitor),R-up/Sharpen,400,5/5/2025,0.199,On,1101.0,50.00,-23.12,5.583,1.638,5.719,91.16,19.99,19.95,0,3,34.01,5/5/2025,Good,7.980,0.00012,2.992,4.395e-05,17.95,1.995,0.00094,3.990,5.860e-05,1.995,2.930e-05,19.32,0.036,0.00,0.00,0.00,0.00,0.00,0.00,0.00,0.00,0.00,0.00,0.00,0.00,0.0019
-93.76219063,42.02278042,90,TaskName 5/5/2025 (GreenStar 4 Monitor),R-up/Sharpen,401,5/5/2025,0.206,On,1101.0,47.50,-21.87,5.454,1.638,5.620,91.14,19.99,19.95,0,3,31.21,5/5/2025,Good,7.980,0.00011,2.992,4.175e-05,17.95,1.995,0.00089,3.990,5.567e-05,1.995,2.783e-05,19.32,0.035,0.00,0.00,0.00,0.00,0.00,0.00,0.00,0.00,0.00,0.00,0.00,0.00,0.0018
-93.76219261,42.02279944,90,TaskName 5/5/2025 (GreenStar 4 Monitor),R-up/Sharpen,402,5/5/2025,0.396,On,1101.2,1.250,11.25,2.601,1.474,7.409,134.99,19.99,25.98,0,4,0.385,5/5/2025,Over Target,10.39,3.435e-06,3.897,1.288e-06,23.38,2.598,2.748e-05,5.195,1.717e-06,2.598,8.586e-07,25.16,0.0011,0.00,0.00,0.00,0.00,0.00,0.00,0.00,0.00,0.00,0.00,0.00,0.00,4.231e-05
-93.76218997,42.02195729,90,TaskName 5/5/2025 (GreenStar 4 Monitor),R-up/Sharpen,403,5/5/2025,0.200,On,1099.5,61.25,28.75,6.167,1.808,4.187,270.26,19.99,18.48,0,5,45.76,5/5/2025,Good,7.394,0.00015,2.773,5.506e-05,16.64,1.848,0.0012,3.697,7.342e-05,1.848,3.671e-05,17.90,0.046,0.00,0.00,0.00,0.00,0.00,0.00,0.00,0.00,0.00,0.00,0.00,0.00,0.0025
-93.76219682,42.02195786,90,TaskName 5/5/2025 (GreenStar 4 Monitor),R-up/Sharpen,404,5/5/2025,0.205,On,1099.5,87.50,15.62,6.301,1.893,4.181,269.53,19.99,19.63,0,5,66.78,5/5/2025,Good,7.851,0.00023,2.944,8.747e-05,17.67,1.963,0.0019,3.926,0.00012,1.963,5.831e-05,19.01,0.072,0.00,0.00,0.00,0.00,0.00,0.00,0.00,0.00,0.00,0.00,0.00,0.00,0.0038
-93.76220337,42.02195848,90,TaskName 5/5/2025 (GreenStar 4 Monitor),R-up/Sharpen,405,5/5/2025,0.191,On,1099.5,92.50,13.12,6.344,1.775,4.689,268.86,19.99,19.52,0,5,71.04,5/5/2025,Good,7.808,0.00023,2.928,8.623e-05,17.57,1.952,0.0018,3.904,0.00011,1.952,5.749e-05,18.91,0.071,0.00,0.00,0.00,0.00,0.00,0.00,0.00,0.00,0.00,0.00,0.00,0.00,0.0038
-93.76220981,42.02195878,90,TaskName 5/5/2025 (GreenStar 4 Monitor),R-up/Sharpen,406,5/5/2025,0.200,On,1099.4,105.00,6.875,6.239,1.828,6.703,268.58,19.99,19.15,0,5,79.29,5/5/2025,Good,7.659,0.00026,2.872,9.884e-05,17.23,1.915,0.0021,3.829,0.00013,1.915,6.590e-05,18.54,0.082,0.00,0.00,0.00,0.00,0.00,0.00,0.00,0.00,0.00,0.00,0.00,0.00,0.0044
-93.76221654,42.02195869,90,TaskName 5/5/2025 (GreenStar 4 Monitor),R-up/Sharpen,407,5/5/2025,0.209,On,1099.5,113.75,2.500,6.131,1.877,8.586,268.74,19.99,19.45,0,5,84.42,5/5/2025,Good,7.779,0.00030,2.917,0.00011,17.50,1.945,0.0024,3.889,0.00015,1.945,7.446e-05,18.83,0.092,0.00,0.00,0.00,0.00,0.00,0.00,0.00,0.00,0.00,0.00,0.00,0.00,0.0049
-93.76225651,42.02195846,90,TaskName 5/5/2025 (GreenStar 4 Monitor),R-up/Sharpen,408,5/5/2025,1.001,On,1099.6,120.00,-0.625,6.642,9.705,10.29,269.24,19.99,19.67,0,5,96.15,5/5/2025,Good,7.869,0.0016,2.951,0.00062,17.71,1.967,0.013,3.935,0.00082,1.967,0.00041,19.05,0.509,0.00,0.00,0.00,0.00,0.00,0.00,0.00,0.00,0.00,0.00,0.00,0.00,0.027
-93.76229945,42.02195869,90,TaskName 5/5/2025 (GreenStar 4 Monitor),R-up/Sharpen,409,5/5/2025,0.994,On,1099.7,120.00,-0.625,7.801,11.37,5.849,269.09,19.99,19.40,0,5,113.46,5/5/2025,Good,7.761,0.0019,2.910,0.00071,17.46,1.940,0.015,3.881,0.00095,1.940,0.00047,18.79,0.589,0.00,0.00,0.00,0.00,0.00,0.00,0.00,0.00,0.00,0.00,0.00,0.00,0.031
-93.76234176,42.02195886,90,TaskName 5/5/2025 (GreenStar 4 Monitor),R-up/Sharpen,410,5/5/2025,1.000,On,1099.9,120.00,-0.625,7.846,11.50,6.607,268.63,19.99,19.66,0,5,114.05,5/5/2025,Good,7.862,0.0019,2.948,0.00073,17.69,1.966,0.016,3.931,0.00097,1.966,0.00049,19.04,0.603,0.00,0.00,0.00,0.00,0.00,0.00,0.00,0.00,0.00,0.00,0.00,0.00,0.032
-93.76238434,42.02195824,90,TaskName 5/5/2025 (GreenStar 4 Monitor),R-up/Sharpen,411,5/5/2025,1.001,On,1100.0,120.00,-0.625,7.842,11.51,7.428,269.25,19.99,19.84,0,5,114.03,5/5/2025,Good,7.937,0.0020,2.976,0.00074,17.86,1.984,0.016,3.968,0.00098,1.984,0.00049,19.22,0.609,0.00,0.00,0.00,0.00,0.00,0.00,0.00,0.00,0.00,0.00,0.00,0.00,0.032
-93.76242780,42.02195793,90,TaskName 5/5/2025 (GreenStar 4 Monitor),R-up/Sharpen,412,5/5/2025,1.000,On,1100.1,120.00,-0.625,7.983,11.70,6.936,269.42,19.99,19.93,0,5,116.03,5/5/2025,Good,7.973,0.0020,2.990,0.00075,17.94,1.993,0.016,3.986,0.0010,1.993,0.00050,19.30,0.622,0.00,0.00,0.00,0.00,0.00,0.00,0.00,0.00,0.00,0.00,0.00,0.00,0.032
-93.76247169,42.02195792,90,TaskName 5/5/2025 (GreenStar 4 Monitor),R-up/Sharpen,413,5/5/2025,0.995,On,1100.3,120.00,-0.625,8.096,11.81,6.452,269.13,19.99,19.82,0,5,117.70,5/5/2025,Good,7.930,0.0020,2.974,0.00076,17.84,1.982,0.016,3.965,0.0010,1.982,0.00050,19.20,0.625,0.00,0.00,0.00,0.00,0.00,0.00,0.00,0.00,0.00,0.00,0.00,0.00,0.033
-93.76251536,42.02195763,90,TaskName 5/5/2025 (GreenStar 4 Monitor),R-up/Sharpen,414,5/5/2025,1.009,On,1100.4,120.00,-0.625,8.085,11.96,6.992,269.42,19.99,19.94,0,5,117.51,5/5/2025,Good,7.975,0.0021,2.991,0.00077,17.94,1.994,0.016,3.987,0.0010,1.994,0.00051,19.31,0.636,0.00,0.00,0.00,0.00,0.00,0.00,0.00,0.00,0.00,0.00,0.00,0.00,0.033
-93.76255960,42.02195759,90,TaskName 5/5/2025 (GreenStar 4 Monitor),R-up/Sharpen,415,5/5/2025,0.995,On,1100.6,120.00,-0.625,8.148,11.88,6.656,269.28,19.99,19.97,0,5,118.45,5/5/2025,Good,7.987,0.0020,2.995,0.00077,17.97,1.997,0.016,3.994,0.0010,1.997,0.00051,19.34,0.633,0.00,0.00,0.00,0.00,0.00,0.00,0.00,0.00,0.00,0.00,0.00,0.00,0.033
-93.76260348,42.02195741,90,TaskName 5/5/2025 (GreenStar 4 Monitor),R-up/Sharpen,416,5/5/2025,0.995,On,1100.9,120.00,-0.625,8.182,11.93,6.865,269.39,19.99,19.90,0,5,118.94,5/5/2025,Good,7.960,0.0020,2.985,0.00077,17.91,1.990,0.016,3.980,0.0010,1.990,0.00051,19.27,0.634,0.00,0.00,0.00,0.00,0.00,0.00,0.00,0.00,0.00,0.00,0.00,0.00,0.033
-93.76264786,42.02195716,90,TaskName 5/5/2025 (GreenStar 4 Monitor),R-up/Sharpen,417,5/5/2025,1.005,On,1101.2,120.00,-0.625,8.149,12.01,7.144,269.76,19.99,20.01,0,5,118.50,5/5/2025,Good,8.004,0.0021,3.001,0.00078,18.01,2.001,0.017,4.002,0.0010,2.001,0.00052,19.38,0.641,0.00,0.00,0.00,0.00,0.00,0.00,0.00,0.00,0.00,0.00,0.00,0.00,0.033
-93.76269212,42.02195725,90,TaskName 5/5/2025 (GreenStar 4 Monitor),R-up/Sharpen,418,5/5/2025,0.995,On,1101.5,120.00,-0.625,8.245,12.02,6.717,269.46,19.99,19.95,0,5,119.85,5/5/2025,Good,7.981,0.0021,2.993,0.00077,17.96,1.995,0.017,3.991,0.0010,1.995,0.00052,19.32,0.640,0.00,0.00,0.00,0.00,0.00,0.00,0.00,0.00,0.00,0.00,0.00,0.00,0.033
-93.76273645,42.02195694,90,TaskName 5/5/2025 (GreenStar 4 Monitor),R-up/Sharpen,419,5/5/2025,0.995,On,1101.8,120.00,-0.625,8.182,11.93,7.080,269.86,19.99,19.99,0,5,118.94,5/5/2025,Good,7.995,0.0021,2.998,0.00077,17.99,1.999,0.016,3.997,0.0010,1.999,0.00051,19.36,0.636,0.00,0.00,0.00,0.00,0.00,0.00,0.00,0.00,0.00,0.00,0.00,0.00,0.033
-93.76278091,42.02195668,90,TaskName 5/5/2025 (GreenStar 4 Monitor),R-up/Sharpen,420,5/5/2025,1.010,On,1102.2,120.00,-0.625,8.204,12.15,6.563,270.18,19.99,19.99,0,5,119.27,5/5/2025,Good,7.994,0.0021,2.998,0.00078,17.99,1.999,0.017,3.997,0.0010,1.999,0.00052,19.36,0.648,0.00,0.00,0.00,0.00,0.00,0.00,0.00,0.00,0.00,0.00,0.00,0.00,0.033
-93.76282505,42.02195693,90,TaskName 5/5/2025 (GreenStar 4 Monitor),R-up/Sharpen,421,5/5/2025,0.995,On,1102.5,120.00,-0.625,8.209,11.98,6.804,269.70,19.99,19.93,0,5,119.36,5/5/2025,Good,7.973,0.0021,2.990,0.00077,17.94,1.993,0.016,3.987,0.0010,1.993,0.00051,19.31,0.637,0.00,0.00,0.00,0.00,0.00,0.00,0.00,0.00,0.00,0.00,0.00,0.00,0.033
-93.76286930,42.02195679,90,TaskName 5/5/2025 (GreenStar 4 Monitor),R-up/Sharpen,422,5/5/2025,1.001,On,1102.9,120.00,-0.625,8.172,11.98,6.915,269.80,19.99,20.04,0,5,118.65,5/5/2025,Good,8.016,0.0021,3.006,0.00077,18.03,2.004,0.017,4.008,0.0010,2.004,0.00052,19.41,0.640,0.00,0.00,0.00,0.00,0.00,0.00,0.00,0.00,0.00,0.00,0.00,0.00,0.033
-93.76291357,42.02195655,90,TaskName 5/5/2025 (GreenStar 4 Monitor),R-up/Sharpen,423,5/5/2025,0.999,On,1103.2,120.00,-0.625,8.216,12.04,6.518,270.17,19.99,19.91,0,5,119.57,5/5/2025,Good,7.963,0.0021,2.986,0.00077,17.92,1.991,0.017,3.981,0.0010,1.991,0.00052,19.28,0.640,0.00,0.00,0.00,0.00,0.00,0.00,0.00,0.00,0.00,0.00,0.00,0.00,0.033
-93.76295774,42.02195661,90,TaskName 5/5/2025 (GreenStar 4 Monitor),R-up/Sharpen,424,5/5/2025,1.000,On,1103.6,120.00,-0.625,8.184,12.00,6.603,270.06,19.99,19.93,0,5,119.03,5/5/2025,Good,7.973,0.0021,2.990,0.00077,17.94,1.993,0.016,3.987,0.0010,1.993,0.00051,19.31,0.638,0.00,0.00,0.00,0.00,0.00,0.00,0.00,0.00,0.00,0.00,0.00,0.00,0.033
-93.76300205,42.02195672,90,TaskName 5/5/2025 (GreenStar 4 Monitor),R-up/Sharpen,425,5/5/2025,1.000,On,1103.8,120.00,-0.625,8.188,12.01,6.596,270.01,19.99,19.88,0,5,119.07,5/5/2025,Good,7.953,0.0021,2.982,0.00077,17.89,1.988,0.016,3.976,0.0010,1.988,0.00051,19.26,0.637,0.00,0.00,0.00,0.00,0.00,0.00,0.00,0.00,0.00,0.00,0.00,0.00,0.033
-93.76304640,42.02195661,90,TaskName 5/5/2025 (GreenStar 4 Monitor),R-up/Sharpen,426,5/5/2025,1.010,On,1104.1,120.00,-0.625,8.208,12.15,6.403,270.05,19.99,19.90,0,5,119.33,5/5/2025,Good,7.961,0.0021,2.985,0.00078,17.91,1.990,0.017,3.981,0.0010,1.990,0.00052,19.28,0.645,0.00,0.00,0.00,0.00,0.00,0.00,0.00,0.00,0.00,0.00,0.00,0.00,0.033
-93.76309098,42.02195655,90,TaskName 5/5/2025 (GreenStar 4 Monitor),R-up/Sharpen,427,5/5/2025,0.990,On,1104.1,120.00,-0.625,8.221,11.93,5.861,270.02,19.99,19.90,0,5,119.48,5/5/2025,Good,7.959,0.0020,2.985,0.00077,17.91,1.990,0.016,3.979,0.0010,1.990,0.00051,19.27,0.633,0.00,0.00,0.00,0.00,0.00,0.00,0.00,0.00,0.00,0.00,0.00,0.00,0.033
-93.76313584,42.02195655,90,TaskName 5/5/2025 (GreenStar 4 Monitor),R-up/Sharpen,428,5/5/2025,1.005,On,1104.1,120.00,-0.625,8.299,12.23,5.444,270.05,19.99,19.84,0,5,120.64,5/5/2025,Good,7.935,0.0021,2.976,0.00078,17.85,1.984,0.017,3.968,0.0010,1.984,0.00052,19.21,0.647,0.00,0.00,0.00,0.00,0.00,0.00,0.00,0.00,0.00,0.00,0.00,0.00,0.034
-93.76318072,42.02195658,90,TaskName 5/5/2025 (GreenStar 4 Monitor),R-up/Sharpen,429,5/5/2025,0.995,On,1103.9,120.00,-0.625,8.300,12.11,5.253,270.05,19.99,19.86,0,5,120.67,5/5/2025,Good,7.945,0.0021,2.979,0.00078,17.88,1.986,0.017,3.972,0.0010,1.986,0.00052,19.24,0.642,0.00,0.00,0.00,0.00,0.00,0.00,0.00,0.00,0.00,0.00,0.00,0.00,0.033
-93.76322597,42.02195659,90,TaskName 5/5/2025 (GreenStar 4 Monitor),R-up/Sharpen,430,5/5/2025,0.995,On,1103.7,120.00,-0.625,8.338,12.16,4.771,269.92,19.99,19.97,0,5,121.23,5/5/2025,Good,7.986,0.0021,2.995,0.00078,17.97,1.997,0.017,3.993,0.0010,1.997,0.00052,19.34,0.648,0.00,0.00,0.00,0.00,0.00,0.00,0.00,0.00,0.00,0.00,0.00,0.00,0.034
-93.76327116,42.02195653,90,TaskName 5/5/2025 (GreenStar 4 Monitor),R-up/Sharpen,431,5/5/2025,1.005,On,1103.4,120.00,-0.625,8.377,12.34,4.443,270.16,19.99,19.93,0,5,121.77,5/5/2025,Good,7.973,0.0021,2.990,0.00079,17.94,1.993,0.017,3.987,0.0011,1.993,0.00053,19.31,0.656,0.00,0.00,0.00,0.00,0.00,0.00,0.00,0.00,0.00,0.00,0.00,0.00,0.034
-93.76331604,42.02195647,90,TaskName 5/5/2025 (GreenStar 4 Monitor),R-up/Sharpen,432,5/5/2025,1.000,On,1103.3,120.00,-0.625,8.338,12.23,4.562,270.33,19.99,19.95,0,5,121.28,5/5/2025,Good,7.980,0.0021,2.992,0.00079,17.95,1.995,0.017,3.990,0.0011,1.995,0.00053,19.32,0.651,0.00,0.00,0.00,0.00,0.00,0.00,0.00,0.00,0.00,0.00,0.00,0.00,0.034
-93.76336046,42.02195678,90,TaskName 5/5/2025 (GreenStar 4 Monitor),R-up/Sharpen,433,5/5/2025,1.000,On,1103.2,120.00,-0.625,8.269,12.12,4.876,269.95,19.99,19.96,0,5,120.20,5/5/2025,Good,7.985,0.0021,2.994,0.00078,17.97,1.996,0.017,3.992,0.0010,1.996,0.00052,19.33,0.646,0.00,0.00,0.00,0.00,0.00,0.00,0.00,0.00,0.00,0.00,0.00,0.00,0.033
-93.76340479,42.02195683,90,TaskName 5/5/2025 (GreenStar 4 Monitor),R-up/Sharpen,434,5/5/2025,1.005,On,1103.1,120.00,-0.625,8.235,12.13,5.019,269.91,19.99,19.95,0,5,119.70,5/5/2025,Good,7.982,0.0021,2.993,0.00078,17.96,1.995,0.017,3.991,0.0010,1.995,0.00052,19.33,0.646,0.00,0.00,0.00,0.00,0.00,0.00,0.00,0.00,0.00,0.00,0.00,0.00,0.033
-93.76344899,42.02195677,90,TaskName 5/5/2025 (GreenStar 4 Monitor),R-up/Sharpen,435,5/5/2025,0.995,On,1103.1,120.00,-0.625,8.200,11.96,5.110,270.07,19.99,20.01,0,5,119.17,5/5/2025,Good,8.004,0.0021,3.001,0.00077,18.01,2.001,0.016,4.002,0.0010,2.001,0.00051,19.38,0.638,0.00,0.00,0.00,0.00,0.00,0.00,0.00,0.00,0.00,0.00,0.00,0.00,0.033
-93.76349313,42.02195700,90,TaskName 5/5/2025 (GreenStar 4 Monitor),R-up/Sharpen,436,5/5/2025,1.001,On,1103.1,120.00,-0.625,8.198,12.03,5.159,269.89,19.99,19.96,0,5,119.17,5/5/2025,Good,7.985,0.0021,2.995,0.00078,17.97,1.996,0.017,3.993,0.0010,1.996,0.00052,19.33,0.641,0.00,0.00,0.00,0.00,0.00,0.00,0.00,0.00,0.00,0.00,0.00,0.00,0.033
-93.76353724,42.02195707,90,TaskName 5/5/2025 (GreenStar 4 Monitor),R-up/Sharpen,437,5/5/2025,0.999,On,1103.1,120.00,-0.625,8.163,11.95,5.105,269.82,19.99,19.94,0,5,118.66,5/5/2025,Good,7.978,0.0021,2.992,0.00077,17.95,1.994,0.016,3.989,0.0010,1.994,0.00051,19.32,0.636,0.00,0.00,0.00,0.00,0.00,0.00,0.00,0.00,0.00,0.00,0.00,0.00,0.033
-93.76358149,42.02195707,90,TaskName 5/5/2025 (GreenStar 4 Monitor),R-up/Sharpen,438,5/5/2025,1.000,On,1103.0,120.00,-0.625,8.186,12.00,4.571,269.80,19.99,19.89,0,5,119.00,5/5/2025,Good,7.957,0.0021,2.984,0.00077,17.90,1.989,0.016,3.979,0.0010,1.989,0.00051,19.27,0.637,0.00,0.00,0.00,0.00,0.00,0.00,0.00,0.00,0.00,0.00,0.00,0.00,0.033
-93.76362573,42.02195710,90,TaskName 5/5/2025 (GreenStar 4 Monitor),R-up/Sharpen,439,5/5/2025,0.996,On,1102.9,120.00,-0.625,8.208,11.99,5.016,269.77,19.99,19.92,0,5,119.34,5/5/2025,Good,7.969,0.0021,2.988,0.00077,17.93,1.992,0.016,3.985,0.0010,1.992,0.00051,19.30,0.637,0.00,0.00,0.00,0.00,0.00,0.00,0.00,0.00,0.00,0.00,0.00,0.00,0.033
-93.76366996,42.02195713,90,TaskName 5/5/2025 (GreenStar 4 Monitor),R-up/Sharpen,440,5/5/2025,1.004,On,1102.9,120.00,-0.625,8.190,12.06,5.147,269.84,19.99,19.93,0,5,119.11,5/5/2025,Good,7.970,0.0021,2.989,0.00078,17.93,1.993,0.017,3.985,0.0010,1.993,0.00052,19.30,0.641,0.00,0.00,0.00,0.00,0.00,0.00,0.00,0.00,0.00,0.00,0.00,0.00,0.033
-93.76371438,42.02195701,90,TaskName 5/5/2025 (GreenStar 4 Monitor),R-up/Sharpen,441,5/5/2025,1.001,On,1102.8,120.00,-0.625,8.221,12.05,4.860,270.07,19.99,19.96,0,5,119.40,5/5/2025,Good,7.985,0.0021,2.994,0.00078,17.97,1.996,0.017,3.992,0.0010,1.996,0.00052,19.33,0.642,0.00,0.00,0.00,0.00,0.00,0.00,0.00,0.00,0.00,0.00,0.00,0.00,0.033
-93.76375874,42.02195713,90,TaskName 5/5/2025 (GreenStar 4 Monitor),R-up/Sharpen,442,5/5/2025,1.000,On,1102.7,120.00,-0.625,8.221,12.06,4.654,270.05,19.99,19.92,0,5,119.65,5/5/2025,Good,7.967,0.0021,2.988,0.00078,17.93,1.992,0.017,3.984,0.0010,1.992,0.00052,19.29,0.641,0.00,0.00,0.00,0.00,0.00,0.00,0.00,0.00,0.00,0.00,0.00,0.00,0.033
-93.76380282,42.02195720,90,TaskName 5/5/2025 (GreenStar 4 Monitor),R-up/Sharpen,443,5/5/2025,0.995,On,1102.7,120.00,-0.625,8.188,11.94,4.920,269.84,19.99,19.91,0,5,119.01,5/5/2025,Good,7.964,0.0020,2.987,0.00077,17.92,1.991,0.016,3.982,0.0010,1.991,0.00051,19.28,0.634,0.00,0.00,0.00,0.00,0.00,0.00,0.00,0.00,0.00,0.00,0.00,0.00,0.033
-93.76384657,42.02195707,90,TaskName 5/5/2025 (GreenStar 4 Monitor),R-up/Sharpen,444,5/5/2025,1.005,On,1102.8,120.00,-0.625,8.137,11.97,5.581,269.95,19.99,19.96,0,5,118.11,5/5/2025,Good,7.986,0.0021,2.995,0.00077,17.97,1.996,0.016,3.993,0.0010,1.996,0.00051,19.34,0.638,0.00,0.00,0.00,0.00,0.00,0.00,0.00,0.00,0.00,0.00,0.00,0.00,0.033
-93.76389043,42.02195719,90,TaskName 5/5/2025 (GreenStar 4 Monitor),R-up/Sharpen,445,5/5/2025,0.994,On,1102.8,120.00,-0.625,8.109,11.83,5.688,269.76,19.99,19.94,0,5,118.01,5/5/2025,Good,7.974,0.0020,2.990,0.00076,17.94,1.994,0.016,3.987,0.0010,1.994,0.00051,19.31,0.629,0.00,0.00,0.00,0.00,0.00,0.00,0.00,0.00,0.00,0.00,0.00,0.00,0.033
-93.76393450,42.02195725,90,TaskName 5/5/2025 (GreenStar 4 Monitor),R-up/Sharpen,446,5/5/2025,1.000,On,1102.8,120.00,-0.625,8.142,11.94,4.954,269.66,19.99,19.89,0,5,118.38,5/5/2025,Good,7.957,0.0020,2.984,0.00077,17.90,1.989,0.016,3.979,0.0010,1.989,0.00051,19.27,0.634,0.00,0.00,0.00,0.00,0.00,0.00,0.00,0.00,0.00,0.00,0.00,0.00,0.033
-93.76397852,42.02195712,90,TaskName 5/5/2025 (GreenStar 4 Monitor),R-up/Sharpen,447,5/5/2025,1.000,On,1102.9,120.00,-0.625,8.173,11.98,5.344,269.88,19.99,19.88,0,5,118.84,5/5/2025,Good,7.952,0.0021,2.982,0.00077,17.89,1.988,0.016,3.976,0.0010,1.988,0.00051,19.25,0.636,0.00,0.00,0.00,0.00,0.00,0.00,0.00,0.00,0.00,0.00,0.00,0.00,0.033
-93.76402217,42.02195719,90,TaskName 5/5/2025 (GreenStar 4 Monitor),R-up/Sharpen,448,5/5/2025,1.000,On,1103.0,120.00,-0.625,8.126,11.91,5.990,269.94,19.99,19.99,0,5,118.12,5/5/2025,Good,7.994,0.0020,2.998,0.00077,17.99,1.999,0.016,3.997,0.0010,1.999,0.00051,19.36,0.635,0.00,0.00,0.00,0.00,0.00,0.00,0.00,0.00,0.00,0.00,0.00,0.00,0.033
-93.76406587,42.02195725,90,TaskName 5/5/2025 (GreenStar 4 Monitor),R-up/Sharpen,449,5/5/2025,1.000,On,1103.1,120.00,-0.625,8.073,11.83,6.284,270.00,19.99,19.98,0,5,117.37,5/5/2025,Good,7.991,0.0020,2.997,0.00076,17.98,1.998,0.016,3.996,0.0010,1.998,0.00051,19.35,0.631,0.00,0.00,0.00,0.00,0.00,0.00,0.00,0.00,0.00,0.00,0.00,0.00,0.033
-93.76410970,42.02195742,90,TaskName 5/5/2025 (GreenStar 4 Monitor),R-up/Sharpen,450,5/5/2025,1.000,On,1103.2,120.00,-0.625,8.113,11.89,6.003,269.69,19.99,19.91,0,5,117.89,5/5/2025,Good,7.964,0.0020,2.987,0.00076,17.92,1.991,0.016,3.982,0.0010,1.991,0.00051,19.28,0.631,0.00,0.00,0.00,0.00,0.00,0.00,0.00,0.00,0.00,0.00,0.00,0.00,0.033
-93.76415397,42.02195744,90,TaskName 5/5/2025 (GreenStar 4 Monitor),R-up/Sharpen,451,5/5/2025,1.005,On,1103.3,120.00,-0.625,8.175,12.04,5.548,269.56,19.99,19.90,0,5,118.86,5/5/2025,Good,7.959,0.0021,2.985,0.00077,17.91,1.990,0.017,3.979,0.0010,1.990,0.00052,19.27,0.639,0.00,0.00,0.00,0.00,0.00,0.00,0.00,0.00,0.00,0.00,0.00,0.00,0.033
-93.76419844,42.02195725,90,TaskName 5/5/2025 (GreenStar 4 Monitor),R-up/Sharpen,452,5/5/2025,1.000,On,1103.2,120.00,-0.625,8.227,12.06,5.289,269.77,19.99,19.91,0,5,119.62,5/5/2025,Good,7.966,0.0021,2.987,0.00078,17.92,1.991,0.017,3.983,0.0010,1.991,0.00052,19.29,0.641,0.00,0.00,0.00,0.00,0.00,0.00,0.00,0.00,0.00,0.00,0.00,0.00,0.033
-93.76424104,42.02195711,90,TaskName 5/5/2025 (GreenStar 4 Monitor),R-up/Sharpen,453,5/5/2025,0.996,On,1103.3,120.00,-0.625,8.097,11.82,3.856,270.02,19.99,19.88,0,5,117.71,5/5/2025,Good,7.950,0.0020,2.981,0.00076,17.89,1.988,0.016,3.975,0.0010,1.988,0.00051,19.25,0.627,0.00,0.00,0.00,0.00,0.00,0.00,0.00,0.00,0.00,0.00,0.00,0.00,0.033
-93.76428010,42.02195728,90,TaskName 5/5/2025 (GreenStar 4 Monitor),R-up/Sharpen,454,5/5/2025,0.999,On,1103.3,120.00,-0.625,7.526,11.01,5.200,269.81,19.99,20.02,0,5,109.35,5/5/2025,Good,8.007,0.0019,3.003,0.00071,18.02,2.002,0.015,4.004,0.00095,2.002,0.00047,19.39,0.588,0.00,0.00,0.00,0.00,0.00,0.00,0.00,0.00,0.00,0.00,0.00,0.00,0.030
-93.76431995,42.02195745,90,TaskName 5/5/2025 (GreenStar 4 Monitor),R-up/Sharpen,455,5/5/2025,1.001,On,1103.3,120.00,-0.625,7.337,10.77,5.022,269.64,19.99,20.12,0,5,106.72,5/5/2025,Good,8.047,0.0019,3.018,0.00070,18.11,2.012,0.015,4.024,0.00093,2.012,0.00047,19.48,0.578,0.00,0.00,0.00,0.00,0.00,0.00,0.00,0.00,0.00,0.00,0.00,0.00,0.030
-93.76435349,42.02195742,90,TaskName 5/5/2025 (GreenStar 4 Monitor),R-up/Sharpen,456,5/5/2025,1.000,On,1103.3,120.00,-0.625,6.966,10.17,1.798,269.60,19.99,19.95,0,5,100.90,5/5/2025,Good,7.980,0.0017,2.993,0.00066,17.96,1.995,0.014,3.990,0.00087,1.995,0.00044,19.32,0.542,0.00,0.00,0.00,0.00,0.00,0.00,0.00,0.00,0.00,0.00,0.00,0.00,0.028
-93.76434723,42.02163578,90,TaskName 5/5/2025 (GreenStar 4 Monitor),R-up/Sharpen,457,5/5/2025,0.200,On,1104.1,117.50,1.875,5.219,1.530,4.537,97.24,19.99,20.56,0,6,74.26,5/5/2025,Good,8.223,0.00027,3.084,9.940e-05,18.50,2.056,0.0021,4.112,0.00013,2.056,6.626e-05,19.91,0.082,0.00,0.00,0.00,0.00,0.00,0.00,0.00,0.00,0.00,0.00,0.00,0.00,0.0041
-93.76432088,42.02163181,90,TaskName 5/5/2025 (GreenStar 4 Monitor),R-up/Sharpen,458,5/5/2025,1.005,On,1104.1,118.75,1.250,5.162,7.602,3.686,93.74,19.99,20.66,0,6,74.24,5/5/2025,Good,8.265,0.0013,3.099,0.00050,18.60,2.066,0.011,4.132,0.00067,2.066,0.00033,20.01,0.415,0.00,0.00,0.00,0.00,0.00,0.00,0.00,0.00,0.00,0.00,0.00,0.00,0.021
-93.76435458,42.02163015,90,TaskName 5/5/2025 (GreenStar 4 Monitor),R-up/Sharpen,459,5/5/2025,0.396,On,1104.2,120.00,0.625,4.518,2.620,5.931,92.71,19.99,20.66,0,7,65.61,5/5/2025,Good,8.263,0.00047,3.098,0.00017,18.59,2.066,0.0037,4.131,0.00023,2.066,0.00012,20.01,0.144,0.00,0.00,0.00,0.00,0.00,0.00,0.00,0.00,0.00,0.00,0.00,0.00,0.0072
-93.76434852,42.02162955,90,TaskName 5/5/2025 (GreenStar 4 Monitor),R-up/Sharpen,460,5/5/2025,0.200,On,1104.1,55.00,-28.92,4.932,1.448,7.370,92.09,19.99,21.37,0,7,32.90,5/5/2025,Good,8.548,0.00012,3.206,4.578e-05,19.23,2.137,0.00098,4.274,6.104e-05,2.137,3.052e-05,20.70,0.038,0.00,0.00,0.00,0.00,0.00,0.00,0.00,0.00,0.00,0.00,0.00,0.00,0.0018
-93.76434229,42.02162893,90,TaskName 5/5/2025 (GreenStar 4 Monitor),R-up/Sharpen,461,5/5/2025,0.199,On,1104.2,40.00,-34.37,5.196,1.517,6.835,91.40,19.99,21.72,0,7,25.19,5/5/2025,Good,8.689,9.454e-05,3.259,3.545e-05,19.55,2.172,0.00076,4.345,4.727e-05,2.172,2.363e-05,21.04,0.029,0.00,0.00,0.00,0.00,0.00,0.00,0.00,0.00,0.00,0.00,0.00,0.00,0.0014
-93.76433567,42.02162837,90,TaskName 5/5/2025 (GreenStar 4 Monitor),R-up/Sharpen,462,5/5/2025,0.205,On,1104.2,42.50,-6.213,5.429,1.631,6.532,90.77,19.99,19.63,0,7,27.95,5/5/2025,Good,7.851,9.763e-05,2.944,3.661e-05,17.67,1.963,0.00078,3.926,4.882e-05,1.963,2.441e-05,19.01,0.030,0.00,0.00,0.00,0.00,0.00,0.00,0.00,0.00,0.00,0.00,0.00,0.00,0.0016
-93.76432890,42.02162796,90,TaskName 5/5/2025 (GreenStar 4 Monitor),R-up/Sharpen,463,5/5/2025,0.201,On,1104.1,67.50,16.18,5.684,1.674,6.571,90.24,19.99,20.38,0,7,46.46,5/5/2025,Good,8.151,0.00017,3.056,6.194e-05,18.34,2.038,0.0013,4.075,8.259e-05,2.038,4.130e-05,19.73,0.051,0.00,0.00,0.00,0.00,0.00,0.00,0.00,0.00,0.00,0.00,0.00,0.00,0.0026
-93.76432180,42.02162762,90,TaskName 5/5/2025 (GreenStar 4 Monitor),R-up/Sharpen,464,5/5/2025,0.200,On,1104.1,81.25,16.44,5.917,1.727,6.320,89.91,19.99,20.06,0,7,57.97,5/5/2025,Good,8.022,0.00020,3.008,7.569e-05,18.05,2.006,0.0016,4.011,0.00010,2.006,5.046e-05,19.42,0.063,0.00,0.00,0.00,0.00,0.00,0.00,0.00,0.00,0.00,0.00,0.00,0.00,0.0032
-93.76431440,42.02162744,90,TaskName 5/5/2025 (GreenStar 4 Monitor),R-up/Sharpen,465,5/5/2025,0.195,On,1104.1,100.00,9.140,6.161,1.769,5.310,89.70,19.99,19.50,0,7,74.98,5/5/2025,Good,7.800,0.00025,2.925,9.281e-05,17.55,1.950,0.0020,3.900,0.00012,1.950,6.187e-05,18.89,0.077,0.00,0.00,0.00,0.00,0.00,0.00,0.00,0.00,0.00,0.00,0.00,0.00,0.0041
-93.76430718,42.02162726,90,TaskName 5/5/2025 (GreenStar 4 Monitor),R-up/Sharpen,466,5/5/2025,0.200,On,1104.2,118.75,1.184,6.413,1.881,4.914,89.63,19.99,19.71,0,7,92.29,5/5/2025,Good,7.885,0.00032,2.957,0.00012,17.74,1.971,0.0025,3.943,0.00016,1.971,7.896e-05,19.09,0.098,0.00,0.00,0.00,0.00,0.00,0.00,0.00,0.00,0.00,0.00,0.00,0.00,0.0051
-93.76426983,42.02162768,90,TaskName 5/5/2025 (GreenStar 4 Monitor),R-up/Sharpen,467,5/5/2025,1.000,On,1104.1,120.00,0.625,6.697,9.814,6.036,90.33,19.99,19.58,0,7,97.33,5/5/2025,Good,7.832,0.0017,2.937,0.00062,17.62,1.958,0.013,3.916,0.00083,1.958,0.00041,18.96,0.513,0.00,0.00,0.00,0.00,0.00,0.00,0.00,0.00,0.00,0.00,0.00,0.00,0.027
-93.76422792,42.02162711,90,TaskName 5/5/2025 (GreenStar 4 Monitor),R-up/Sharpen,468,5/5/2025,1.009,On,1104.0,120.00,0.625,7.341,10.85,6.720,89.88,19.99,19.57,0,7,106.62,5/5/2025,Good,7.827,0.0018,2.935,0.00069,17.61,1.957,0.015,3.914,0.00091,1.957,0.00046,18.95,0.566,0.00,0.00,0.00,0.00,0.00,0.00,0.00,0.00,0.00,0.00,0.00,0.00,0.030
-93.76421924,42.02162691,90,TaskName 5/5/2025 (GreenStar 4 Monitor),R-up/Sharpen,469,5/5/2025,0.190,On,1104.0,120.00,0.625,7.807,2.176,4.808,89.58,19.99,19.39,0,7,113.58,5/5/2025,Good,7.757,0.00036,2.909,0.00014,17.45,1.939,0.0029,3.879,0.00018,1.939,9.082e-05,18.78,0.113,0.00,0.00,0.00,0.00,0.00,0.00,0.00,0.00,0.00,0.00,0.00,0.00,0.0060
-93.76417651,42.02162663,90,TaskName 5/5/2025 (GreenStar 4 Monitor),R-up/Sharpen,470,5/5/2025,0.996,On,1104.0,121.25,0.00,7.913,11.55,5.492,89.04,19.99,19.54,0,7,116.23,5/5/2025,Good,7.816,0.0020,2.931,0.00074,17.59,1.954,0.016,3.908,0.00098,1.954,0.00049,18.93,0.609,0.00,0.00,0.00,0.00,0.00,0.00,0.00,0.00,0.00,0.00,0.00,0.00,0.032
-93.76413314,42.02162717,90,TaskName 5/5/2025 (GreenStar 4 Monitor),R-up/Sharpen,471,5/5/2025,1.005,On,1104.0,121.25,0.00,7.948,11.71,6.023,89.81,19.99,19.79,0,7,116.76,5/5/2025,Good,7.914,0.0020,2.968,0.00076,17.81,1.979,0.016,3.957,0.0010,1.979,0.00050,19.16,0.625,0.00,0.00,0.00,0.00,0.00,0.00,0.00,0.00,0.00,0.00,0.00,0.00,0.033
-93.76408961,42.02162699,90,TaskName 5/5/2025 (GreenStar 4 Monitor),R-up/Sharpen,472,5/5/2025,1.004,On,1104.0,121.25,0.00,8.045,11.84,6.205,89.53,19.99,19.84,0,7,118.22,5/5/2025,Good,7.937,0.0020,2.976,0.00077,17.86,1.984,0.016,3.968,0.0010,1.984,0.00051,19.22,0.634,0.00,0.00,0.00,0.00,0.00,0.00,0.00,0.00,0.00,0.00,0.00,0.00,0.033
-93.76404524,42.02162689,90,TaskName 5/5/2025 (GreenStar 4 Monitor),R-up/Sharpen,473,5/5/2025,1.001,On,1104.0,121.25,0.00,8.162,11.97,5.534,89.29,19.99,19.83,0,7,119.85,5/5/2025,Good,7.931,0.0021,2.974,0.00077,17.84,1.983,0.017,3.965,0.0010,1.983,0.00052,19.20,0.640,0.00,0.00,0.00,0.00,0.00,0.00,0.00,0.00,0.00,0.00,0.00,0.00,0.033
-93.76402731,42.02162700,90,TaskName 5/5/2025 (GreenStar 4 Monitor),R-up/Sharpen,474,5/5/2025,0.405,On,1104.0,121.25,0.00,8.249,4.884,4.671,89.47,19.99,19.76,0,7,120.83,5/5/2025,Good,7.903,0.00084,2.963,0.00031,17.78,1.976,0.0067,3.951,0.00042,1.976,0.00021,19.13,0.260,0.00,0.00,0.00,0.00,0.00,0.00,0.00,0.00,0.00,0.00,0.00,0.00,0.014
-93.76398289,42.02162732,90,TaskName 5/5/2025 (GreenStar 4 Monitor),R-up/Sharpen,475,5/5/2025,1.000,On,1103.9,120.00,0.625,8.263,12.13,4.977,89.74,19.99,19.82,0,7,120.30,5/5/2025,Good,7.928,0.0021,2.973,0.00078,17.84,1.982,0.017,3.964,0.0010,1.982,0.00052,19.19,0.641,0.00,0.00,0.00,0.00,0.00,0.00,0.00,0.00,0.00,0.00,0.00,0.00,0.033
-93.76393879,42.02162716,90,TaskName 5/5/2025 (GreenStar 4 Monitor),R-up/Sharpen,476,5/5/2025,0.995,On,1103.9,120.00,0.625,8.163,11.91,5.868,89.59,19.99,20.04,0,7,118.71,5/5/2025,Good,8.015,0.0021,3.006,0.00077,18.03,2.004,0.016,4.007,0.0010,2.004,0.00051,19.41,0.637,0.00,0.00,0.00,0.00,0.00,0.00,0.00,0.00,0.00,0.00,0.00,0.00,0.033
-93.76389467,42.02162718,90,TaskName 5/5/2025 (GreenStar 4 Monitor),R-up/Sharpen,477,5/5/2025,1.000,On,1104.0,120.00,0.625,8.200,12.03,5.563,89.59,19.99,20.00,0,7,119.26,5/5/2025,Good,8.001,0.0021,3.000,0.00078,18.00,2.000,0.017,4.000,0.0010,2.000,0.00052,19.37,0.642,0.00,0.00,0.00,0.00,0.00,0.00,0.00,0.00,0.00,0.00,0.00,0.00,0.033
-93.76385054,42.02162727,90,TaskName 5/5/2025 (GreenStar 4 Monitor),R-up/Sharpen,478,5/5/2025,1.000,On,1104.0,120.00,0.625,8.167,11.97,5.291,89.68,19.99,20.02,0,7,118.74,5/5/2025,Good,8.007,0.0021,3.003,0.00077,18.02,2.002,0.017,4.003,0.0010,2.002,0.00052,19.39,0.639,0.00,0.00,0.00,0.00,0.00,0.00,0.00,0.00,0.00,0.00,0.00,0.00,0.033
-93.76380639,42.02162716,90,TaskName 5/5/2025 (GreenStar 4 Monitor),R-up/Sharpen,479,5/5/2025,1.000,On,1104.0,120.00,0.625,8.181,12.00,5.738,89.56,19.99,19.92,0,7,118.96,5/5/2025,Good,7.969,0.0021,2.988,0.00077,17.93,1.992,0.016,3.984,0.0010,1.992,0.00051,19.29,0.638,0.00,0.00,0.00,0.00,0.00,0.00,0.00,0.00,0.00,0.00,0.00,0.00,0.033
-93.76376219,42.02162721,90,TaskName 5/5/2025 (GreenStar 4 Monitor),R-up/Sharpen,480,5/5/2025,0.999,On,1104.0,120.00,0.625,8.183,11.99,5.488,89.55,19.99,19.90,0,7,119.02,5/5/2025,Good,7.958,0.0021,2.984,0.00077,17.91,1.990,0.016,3.979,0.0010,1.990,0.00051,19.27,0.636,0.00,0.00,0.00,0.00,0.00,0.00,0.00,0.00,0.00,0.00,0.00,0.00,0.033
-93.76371846,42.02162734,90,TaskName 5/5/2025 (GreenStar 4 Monitor),R-up/Sharpen,481,5/5/2025,1.001,On,1104.0,120.00,0.625,8.133,11.94,6.002,89.65,19.99,19.96,0,7,118.26,5/5/2025,Good,7.983,0.0021,2.994,0.00077,17.96,1.996,0.016,3.991,0.0010,1.996,0.00051,19.33,0.636,0.00,0.00,0.00,0.00,0.00,0.00,0.00,0.00,0.00,0.00,0.00,0.00,0.033
-93.76367433,42.02162738,90,TaskName 5/5/2025 (GreenStar 4 Monitor),R-up/Sharpen,482,5/5/2025,1.000,On,1104.1,120.00,0.625,8.135,11.94,5.853,89.75,19.99,19.98,0,7,118.39,5/5/2025,Good,7.991,0.0021,2.997,0.00077,17.98,1.998,0.016,3.996,0.0010,1.998,0.00051,19.35,0.636,0.00,0.00,0.00,0.00,0.00,0.00,0.00,0.00,0.00,0.00,0.00,0.00,0.033
-93.76363048,42.02162755,90,TaskName 5/5/2025 (GreenStar 4 Monitor),R-up/Sharpen,483,5/5/2025,0.995,On,1104.2,120.00,0.625,8.171,11.92,5.931,89.84,19.99,19.93,0,7,118.80,5/5/2025,Good,7.973,0.0020,2.990,0.00077,17.94,1.993,0.016,3.986,0.0010,1.993,0.00051,19.30,0.634,0.00,0.00,0.00,0.00,0.00,0.00,0.00,0.00,0.00,0.00,0.00,0.00,0.033
-93.76358643,42.02162748,90,TaskName 5/5/2025 (GreenStar 4 Monitor),R-up/Sharpen,484,5/5/2025,1.004,On,1104.3,120.00,0.625,8.134,11.99,6.024,89.66,19.99,19.95,0,7,118.48,5/5/2025,Good,7.980,0.0021,2.992,0.00077,17.95,1.995,0.016,3.990,0.0010,1.995,0.00051,19.32,0.638,0.00,0.00,0.00,0.00,0.00,0.00,0.00,0.00,0.00,0.00,0.00,0.00,0.033
-93.76354224,42.02162770,90,TaskName 5/5/2025 (GreenStar 4 Monitor),R-up/Sharpen,485,5/5/2025,0.996,On,1104.4,120.00,0.625,8.192,11.97,5.795,89.88,19.99,19.93,0,7,119.17,5/5/2025,Good,7.973,0.0021,2.990,0.00077,17.94,1.993,0.016,3.986,0.0010,1.993,0.00051,19.30,0.636,0.00,0.00,0.00,0.00,0.00,0.00,0.00,0.00,0.00,0.00,0.00,0.00,0.033
-93.76349817,42.02162806,90,TaskName 5/5/2025 (GreenStar 4 Monitor),R-up/Sharpen,486,5/5/2025,1.000,On,1104.5,120.00,0.625,8.172,11.98,5.333,90.23,19.99,19.85,0,7,118.79,5/5/2025,Good,7.941,0.0020,2.978,0.00077,17.87,1.985,0.016,3.970,0.0010,1.985,0.00051,19.23,0.634,0.00,0.00,0.00,0.00,0.00,0.00,0.00,0.00,0.00,0.00,0.00,0.00,0.033
-93.76345400,42.02162785,90,TaskName 5/5/2025 (GreenStar 4 Monitor),R-up/Sharpen,487,5/5/2025,1.004,On,1104.6,120.00,0.625,8.169,12.04,5.132,90.25,19.99,19.85,0,7,118.96,5/5/2025,Good,7.941,0.0021,2.978,0.00077,17.87,1.985,0.016,3.971,0.0010,1.985,0.00051,19.23,0.638,0.00,0.00,0.00,0.00,0.00,0.00,0.00,0.00,0.00,0.00,0.00,0.00,0.033
-93.76340997,42.02162754,90,TaskName 5/5/2025 (GreenStar 4 Monitor),R-up/Sharpen,488,5/5/2025,1.001,On,1104.7,120.00,0.625,8.173,12.00,5.442,89.87,19.99,19.87,0,7,118.90,5/5/2025,Good,7.948,0.0021,2.980,0.00077,17.88,1.987,0.016,3.974,0.0010,1.987,0.00051,19.24,0.636,0.00,0.00,0.00,0.00,0.00,0.00,0.00,0.00,0.00,0.00,0.00,0.00,0.033
-93.76336618,42.02162766,90,TaskName 5/5/2025 (GreenStar 4 Monitor),R-up/Sharpen,489,5/5/2025,0.999,On,1104.8,120.00,0.625,8.122,11.90,5.984,89.89,19.99,19.93,0,7,118.16,5/5/2025,Good,7.973,0.0020,2.990,0.00077,17.94,1.993,0.016,3.986,0.0010,1.993,0.00051,19.30,0.633,0.00,0.00,0.00,0.00,0.00,0.00,0.00,0.00,0.00,0.00,0.00,0.00,0.033
-93.76332204,42.02162769,90,TaskName 5/5/2025 (GreenStar 4 Monitor),R-up/Sharpen,490,5/5/2025,1.000,On,1104.8,120.00,0.625,8.142,11.94,5.485,90.09,19.99,19.93,0,7,118.43,5/5/2025,Good,7.972,0.0020,2.989,0.00077,17.94,1.993,0.016,3.986,0.0010,1.993,0.00051,19.30,0.635,0.00,0.00,0.00,0.00,0.00,0.00,0.00,0.00,0.00,0.00,0.00,0.00,0.033
-93.76327791,42.02162765,90,TaskName 5/5/2025 (GreenStar 4 Monitor),R-up/Sharpen,491,5/5/2025,1.000,On,1104.7,120.00,0.625,8.204,12.03,5.536,90.07,19.99,19.92,0,7,119.34,5/5/2025,Good,7.969,0.0021,2.988,0.00077,17.93,1.992,0.017,3.985,0.0010,1.992,0.00052,19.30,0.640,0.00,0.00,0.00,0.00,0.00,0.00,0.00,0.00,0.00,0.00,0.00,0.00,0.033
-93.76323367,42.02162759,90,TaskName 5/5/2025 (GreenStar 4 Monitor),R-up/Sharpen,492,5/5/2025,1.000,On,1104.5,120.00,0.625,8.181,12.00,5.464,89.94,19.99,19.93,0,7,119.05,5/5/2025,Good,7.974,0.0021,2.990,0.00077,17.94,1.993,0.016,3.987,0.0010,1.993,0.00052,19.31,0.638,0.00,0.00,0.00,0.00,0.00,0.00,0.00,0.00,0.00,0.00,0.00,0.00,0.033
-93.76318898,42.02162743,90,TaskName 5/5/2025 (GreenStar 4 Monitor),R-up/Sharpen,493,5/5/2025,1.000,On,1104.3,120.00,0.625,8.244,12.09,5.083,89.64,19.99,19.86,0,7,119.90,5/5/2025,Good,7.944,0.0021,2.979,0.00078,17.87,1.986,0.017,3.972,0.0010,1.986,0.00052,19.23,0.641,0.00,0.00,0.00,0.00,0.00,0.00,0.00,0.00,0.00,0.00,0.00,0.00,0.033
-93.76314413,42.02162777,90,TaskName 5/5/2025 (GreenStar 4 Monitor),R-up/Sharpen,494,5/5/2025,1.000,On,1103.9,120.00,0.625,8.302,12.18,4.691,89.94,19.99,19.89,0,7,120.77,5/5/2025,Good,7.957,0.0021,2.984,0.00078,17.90,1.989,0.017,3.979,0.0010,1.989,0.00052,19.27,0.646,0.00,0.00,0.00,0.00,0.00,0.00,0.00,0.00,0.00,0.00,0.00,0.00,0.034
-93.76309918,42.02162791,90,TaskName 5/5/2025 (GreenStar 4 Monitor),R-up/Sharpen,495,5/5/2025,1.000,On,1103.5,120.00,0.625,8.312,12.19,4.577,90.23,19.99,19.96,0,7,120.94,5/5/2025,Good,7.983,0.0021,2.994,0.00079,17.96,1.996,0.017,3.992,0.0010,1.996,0.00052,19.33,0.649,0.00,0.00,0.00,0.00,0.00,0.00,0.00,0.00,0.00,0.00,0.00,0.00,0.034
-93.76305420,42.02162766,90,TaskName 5/5/2025 (GreenStar 4 Monitor),R-up/Sharpen,496,5/5/2025,0.995,On,1103.1,120.00,0.625,8.334,12.17,4.394,89.94,19.99,19.99,0,7,121.28,5/5/2025,Good,7.995,0.0021,2.998,0.00079,17.99,1.999,0.017,3.997,0.0010,1.999,0.00052,19.36,0.649,0.00,0.00,0.00,0.00,0.00,0.00,0.00,0.00,0.00,0.00,0.00,0.00,0.034
-93.76300916,42.02162758,90,TaskName 5/5/2025 (GreenStar 4 Monitor),R-up/Sharpen,497,5/5/2025,1.001,On,1102.7,120.00,0.625,8.350,12.26,4.198,89.71,19.99,19.97,0,7,121.50,5/5/2025,Good,7.986,0.0021,2.995,0.00079,17.97,1.997,0.017,3.993,0.0011,1.997,0.00053,19.34,0.653,0.00,0.00,0.00,0.00,0.00,0.00,0.00,0.00,0.00,0.00,0.00,0.00,0.034
-93.76296432,42.02162774,90,TaskName 5/5/2025 (GreenStar 4 Monitor),R-up/Sharpen,498,5/5/2025,1.004,On,1102.3,120.00,0.625,8.313,12.24,4.464,90.07,19.99,19.89,0,7,120.94,5/5/2025,Good,7.956,0.0021,2.984,0.00079,17.90,1.989,0.017,3.978,0.0010,1.989,0.00052,19.26,0.650,0.00,0.00,0.00,0.00,0.00,0.00,0.00,0.00,0.00,0.00,0.00,0.00,0.034
-93.76291963,42.02162778,90,TaskName 5/5/2025 (GreenStar 4 Monitor),R-up/Sharpen,499,5/5/2025,1.000,On,1102.0,120.00,0.625,8.287,12.16,4.497,90.26,19.99,19.96,0,7,120.58,5/5/2025,Good,7.984,0.0021,2.994,0.00078,17.96,1.996,0.017,3.992,0.0010,1.996,0.00052,19.33,0.647,0.00,0.00,0.00,0.00,0.00,0.00,0.00,0.00,0.00,0.00,0.00,0.00,0.033
-93.76287500,42.02162730,90,TaskName 5/5/2025 (GreenStar 4 Monitor),R-up/Sharpen,500,5/5/2025,1.000,On,1101.7,120.00,0.625,8.300,12.18,4.562,89.70,19.99,19.95,0,7,120.77,5/5/2025,Good,7.980,0.0021,2.993,0.00078,17.96,1.995,0.017,3.990,0.0010,1.995,0.00052,19.32,0.648,0.00,0.00,0.00,0.00,0.00,0.00,0.00,0.00,0.00,0.00,0.00,0.00,0.034
-93.76283046,42.02162733,90,TaskName 5/5/2025 (GreenStar 4 Monitor),R-up/Sharpen,501,5/5/2025,1.000,On,1101.4,120.00,0.625,8.277,12.14,4.748,89.73,19.99,19.92,0,7,120.42,5/5/2025,Good,7.967,0.0021,2.988,0.00078,17.93,1.992,0.017,3.983,0.0010,1.992,0.00052,19.29,0.645,0.00,0.00,0.00,0.00,0.00,0.00,0.00,0.00,0.00,0.00,0.00,0.00,0.033
-93.76278592,42.02162767,90,TaskName 5/5/2025 (GreenStar 4 Monitor),R-up/Sharpen,502,5/5/2025,1.000,On,1101.1,120.00,0.625,8.254,12.11,4.788,90.19,19.99,19.92,0,7,120.09,5/5/2025,Good,7.968,0.0021,2.988,0.00078,17.93,1.992,0.017,3.984,0.0010,1.992,0.00052,19.29,0.644,0.00,0.00,0.00,0.00,0.00,0.00,0.00,0.00,0.00,0.00,0.00,0.00,0.033
-93.76274167,42.02162737,90,TaskName 5/5/2025 (GreenStar 4 Monitor),R-up/Sharpen,503,5/5/2025,1.000,On,1101.0,120.00,0.625,8.229,12.07,5.012,89.86,19.99,19.88,0,7,119.73,5/5/2025,Good,7.950,0.0021,2.981,0.00077,17.89,1.988,0.017,3.975,0.0010,1.988,0.00052,19.25,0.640,0.00,0.00,0.00,0.00,0.00,0.00,0.00,0.00,0.00,0.00,0.00,0.00,0.033
-93.76269738,42.02162731,90,TaskName 5/5/2025 (GreenStar 4 Monitor),R-up/Sharpen,504,5/5/2025,0.996,On,1100.8,120.00,0.625,8.204,11.99,5.191,89.69,19.99,19.94,0,7,119.40,5/5/2025,Good,7.975,0.0021,2.991,0.00077,17.94,1.994,0.016,3.988,0.0010,1.994,0.00051,19.31,0.638,0.00,0.00,0.00,0.00,0.00,0.00,0.00,0.00,0.00,0.00,0.00,0.00,0.033
-93.76265337,42.02162749,90,TaskName 5/5/2025 (GreenStar 4 Monitor),R-up/Sharpen,505,5/5/2025,1.004,On,1100.6,120.00,0.625,8.179,12.05,5.380,89.92,19.99,19.94,0,7,119.00,5/5/2025,Good,7.976,0.0021,2.991,0.00078,17.95,1.994,0.017,3.988,0.0010,1.994,0.00052,19.31,0.641,0.00,0.00,0.00,0.00,0.00,0.00,0.00,0.00,0.00,0.00,0.00,0.00,0.033
-93.76260926,42.02162743,90,TaskName 5/5/2025 (GreenStar 4 Monitor),R-up/Sharpen,506,5/5/2025,1.000,On,1100.5,120.00,0.625,8.165,11.98,5.417,89.87,19.99,19.90,0,7,118.82,5/5/2025,Good,7.960,0.0021,2.985,0.00077,17.91,1.990,0.016,3.980,0.0010,1.990,0.00051,19.27,0.636,0.00,0.00,0.00,0.00,0.00,0.00,0.00,0.00,0.00,0.00,0.00,0.00,0.033
-93.76257393,42.02162739,90,TaskName 5/5/2025 (GreenStar 4 Monitor),R-up/Sharpen,507,5/5/2025,0.795,On,1100.4,120.00,0.625,8.163,9.522,5.548,89.70,19.99,19.94,0,7,118.78,5/5/2025,Good,7.977,0.0016,2.991,0.00061,17.95,1.994,0.013,3.988,0.00082,1.994,0.00041,19.31,0.507,0.00,0.00,0.00,0.00,0.00,0.00,0.00,0.00,0.00,0.00,0.00,0.00,0.026
-93.76255656,42.02162743,90,TaskName 5/5/2025 (GreenStar 4 Monitor),R-up/Sharpen,508,5/5/2025,0.400,On,1100.4,121.25,0.00,8.158,4.787,5.798,89.70,19.99,19.87,0,7,119.93,5/5/2025,Good,7.947,0.00083,2.980,0.00031,17.88,1.987,0.0066,3.974,0.00041,1.987,0.00021,19.24,0.256,0.00,0.00,0.00,0.00,0.00,0.00,0.00,0.00,0.00,0.00,0.00,0.00,0.013
-93.76251249,42.02162772,90,TaskName 5/5/2025 (GreenStar 4 Monitor),R-up/Sharpen,509,5/5/2025,1.001,On,1100.4,120.00,0.625,8.130,11.93,5.677,90.12,19.99,19.92,0,7,118.15,5/5/2025,Good,7.969,0.0020,2.989,0.00077,17.93,1.992,0.016,3.985,0.0010,1.992,0.00051,19.30,0.634,0.00,0.00,0.00,0.00,0.00,0.00,0.00,0.00,0.00,0.00,0.00,0.00,0.033
-93.76248630,42.02162743,90,TaskName 5/5/2025 (GreenStar 4 Monitor),R-up/Sharpen,510,5/5/2025,0.599,On,1100.3,120.00,0.625,8.143,7.171,5.876,89.83,19.99,19.97,0,7,118.73,5/5/2025,Good,7.987,0.0012,2.995,0.00046,17.97,1.997,0.0099,3.993,0.00062,1.997,0.00031,19.34,0.382,0.00,0.00,0.00,0.00,0.00,0.00,0.00,0.00,0.00,0.00,0.00,0.00,0.020
-93.76244305,42.02162741,90,TaskName 5/5/2025 (GreenStar 4 Monitor),R-up/Sharpen,511,5/5/2025,1.000,On,1100.2,121.25,0.00,8.119,11.91,4.503,89.77,19.99,19.93,0,7,119.30,5/5/2025,Good,7.970,0.0021,2.989,0.00077,17.93,1.993,0.017,3.985,0.0010,1.993,0.00052,19.30,0.640,0.00,0.00,0.00,0.00,0.00,0.00,0.00,0.00,0.00,0.00,0.00,0.00,0.033
-93.76240280,42.02162734,90,TaskName 5/5/2025 (GreenStar 4 Monitor),R-up/Sharpen,512,5/5/2025,1.001,On,1100.1,121.25,0.00,7.674,11.25,5.417,89.90,19.99,20.04,0,7,112.65,5/5/2025,Good,8.015,0.0020,3.005,0.00074,18.03,2.004,0.016,4.007,0.00098,2.004,0.00049,19.41,0.608,0.00,0.00,0.00,0.00,0.00,0.00,0.00,0.00,0.00,0.00,0.00,0.00,0.031
-93.76236174,42.02162741,90,TaskName 5/5/2025 (GreenStar 4 Monitor),R-up/Sharpen,513,5/5/2025,1.000,On,1100.2,121.25,0.00,7.495,11.00,5.952,89.83,19.99,20.07,0,7,110.22,5/5/2025,Good,8.027,0.0019,3.010,0.00072,18.06,2.007,0.015,4.014,0.00096,2.007,0.00048,19.44,0.595,0.00,0.00,0.00,0.00,0.00,0.00,0.00,0.00,0.00,0.00,0.00,0.00,0.031
-93.76232216,42.02162735,90,TaskName 5/5/2025 (GreenStar 4 Monitor),R-up/Sharpen,514,5/5/2025,0.999,On,1100.2,121.25,0.00,7.597,11.13,4.557,89.80,19.99,19.98,0,7,111.62,5/5/2025,Good,7.993,0.0019,2.997,0.00073,17.98,1.998,0.015,3.997,0.00097,1.998,0.00048,19.35,0.599,0.00,0.00,0.00,0.00,0.00,0.00,0.00,0.00,0.00,0.00,0.00,0.00,0.031
-93.76228795,42.02162726,90,TaskName 5/5/2025 (GreenStar 4 Monitor),R-up/Sharpen,515,5/5/2025,1.000,On,1100.8,121.25,0.00,6.827,9.989,4.602,89.70,19.99,20.09,0,7,100.10,5/5/2025,Good,8.036,0.0017,3.014,0.00065,18.08,2.009,0.014,4.018,0.00087,2.009,0.00044,19.46,0.541,0.00,0.00,0.00,0.00,0.00,0.00,0.00,0.00,0.00,0.00,0.00,0.00,0.028
-93.76225445,42.02162715,90,TaskName 5/5/2025 (GreenStar 4 Monitor),R-up/Sharpen,516,5/5/2025,1.001,On,1100.6,121.25,0.00,6.297,9.241,6.614,89.51,19.99,20.44,0,7,92.51,5/5/2025,Good,8.176,0.0016,3.066,0.00062,18.40,2.044,0.013,4.088,0.00082,2.044,0.00041,19.80,0.509,0.00,0.00,0.00,0.00,0.00,0.00,0.00,0.00,0.00,0.00,0.00,0.00,0.026
-93.76222974,42.02162730,90,TaskName 5/5/2025 (GreenStar 4 Monitor),R-up/Sharpen,517,5/5/2025,0.805,On,1101.1,121.25,0.00,6.062,7.138,5.534,89.60,19.99,19.96,0,7,88.85,5/5/2025,Good,7.985,0.0012,2.994,0.00046,17.97,1.996,0.0099,3.992,0.00062,1.996,0.00031,19.33,0.384,0.00,0.00,0.00,0.00,0.00,0.00,0.00,0.00,0.00,0.00,0.00,0.00,0.020
-93.76222345,42.02162719,90,TaskName 5/5/2025 (GreenStar 4 Monitor),R-up/Sharpen,518,5/5/2025,0.194,On,1101.1,120.00,-0.625,5.812,1.661,4.656,89.56,19.99,20.23,0,7,84.89,5/5/2025,Good,8.091,0.00029,3.034,0.00011,18.20,2.023,0.0023,4.045,0.00014,2.023,7.229e-05,19.59,0.090,0.00,0.00,0.00,0.00,0.00,0.00,0.00,0.00,0.00,0.00,0.00,0.00,0.0046
-93.76221714,42.02162735,90,TaskName 5/5/2025 (GreenStar 4 Monitor),R-up/Sharpen,519,5/5/2025,0.200,On,1100.9,68.75,-26.25,5.798,1.700,4.293,89.79,19.99,20.14,0,7,48.29,5/5/2025,Good,8.057,0.00017,3.021,6.333e-05,18.13,2.014,0.0014,4.028,8.444e-05,2.014,4.222e-05,19.51,0.052,0.00,0.00,0.00,0.00,0.00,0.00,0.00,0.00,0.00,0.00,0.00,0.00,0.0027
-93.76221660,42.02129294,90,TaskName 5/5/2025 (GreenStar 4 Monitor),R-up/Sharpen,520,5/5/2025,0.205,On,1101.3,10.00,-10.62,5.434,1.631,5.422,274.20,19.99,20.85,0,8,6.576,5/5/2025,Good,8.339,2.439e-05,3.127,9.148e-06,18.76,2.085,0.00020,4.169,1.220e-05,2.085,6.098e-06,20.19,0.0076,0.00,0.00,0.00,0.00,0.00,0.00,0.00,0.00,0.00,0.00,0.00,0.00,0.00037
-93.76222248,42.02129323,90,TaskName 5/5/2025 (GreenStar 4 Monitor),R-up/Sharpen,521,5/5/2025,0.195,On,1101.2,11.25,-9.998,5.400,1.545,6.056,274.22,19.99,20.68,0,8,7.367,5/5/2025,Good,8.270,2.578e-05,3.101,9.669e-06,18.61,2.068,0.00021,4.135,1.289e-05,2.068,6.446e-06,20.02,0.0080,0.00,0.00,0.00,0.00,0.00,0.00,0.00,0.00,0.00,0.00,0.00,0.00,0.00040
-93.76222857,42.02129375,90,TaskName 5/5/2025 (GreenStar 4 Monitor),R-up/Sharpen,522,5/5/2025,0.196,On,1101.2,45.00,1.875,5.407,1.555,5.832,273.94,19.99,20.24,0,8,29.50,5/5/2025,Good,8.095,0.00010,3.036,3.810e-05,18.21,2.024,0.00081,4.048,5.079e-05,2.024,2.540e-05,19.60,0.031,0.00,0.00,0.00,0.00,0.00,0.00,0.00,0.00,0.00,0.00,0.00,0.00,0.0016
-93.76223494,42.02129435,90,TaskName 5/5/2025 (GreenStar 4 Monitor),R-up/Sharpen,523,5/5/2025,0.209,On,1101.2,71.25,12.50,5.483,1.683,5.416,273.46,19.99,20.48,0,8,47.41,5/5/2025,Good,8.193,0.00018,3.073,6.607e-05,18.44,2.048,0.0014,4.097,8.810e-05,2.048,4.405e-05,19.84,0.055,0.00,0.00,0.00,0.00,0.00,0.00,0.00,0.00,0.00,0.00,0.00,0.00,0.0028
-93.76224149,42.02129499,90,TaskName 5/5/2025 (GreenStar 4 Monitor),R-up/Sharpen,524,5/5/2025,0.196,On,1101.1,85.00,18.12,5.628,1.621,4.557,272.89,19.99,20.75,0,8,58.08,5/5/2025,Good,8.300,0.00021,3.113,7.690e-05,18.68,2.075,0.0016,4.150,0.00010,2.075,5.126e-05,20.10,0.064,0.00,0.00,0.00,0.00,0.00,0.00,0.00,0.00,0.00,0.00,0.00,0.00,0.0032
-93.76225475,42.02129623,90,TaskName 5/5/2025 (GreenStar 4 Monitor),R-up/Sharpen,525,5/5/2025,0.399,On,1101.1,86.25,17.50,5.880,3.441,3.471,271.85,19.99,20.51,0,8,61.48,5/5/2025,Good,8.205,0.00044,3.077,0.00016,18.46,2.051,0.0035,4.102,0.00022,2.051,0.00011,19.87,0.135,0.00,0.00,0.00,0.00,0.00,0.00,0.00,0.00,0.00,0.00,0.00,0.00,0.0068
-93.76226131,42.02129675,90,TaskName 5/5/2025 (GreenStar 4 Monitor),R-up/Sharpen,526,5/5/2025,0.206,On,1101.1,87.50,16.87,6.051,1.821,2.912,271.38,19.99,20.42,0,8,63.91,5/5/2025,Good,8.168,0.00023,3.063,8.751e-05,18.38,2.042,0.0019,4.084,0.00012,2.042,5.834e-05,19.78,0.072,0.00,0.00,0.00,0.00,0.00,0.00,0.00,0.00,0.00,0.00,0.00,0.00,0.0037
-93.76226776,42.02129725,90,TaskName 5/5/2025 (GreenStar 4 Monitor),R-up/Sharpen,527,5/5/2025,0.199,On,1101.1,88.75,16.25,6.084,1.788,4.682,270.88,19.99,20.38,0,8,65.90,5/5/2025,Good,8.151,0.00023,3.056,8.698e-05,18.34,2.038,0.0019,4.075,0.00012,2.038,5.799e-05,19.73,0.072,0.00,0.00,0.00,0.00,0.00,0.00,0.00,0.00,0.00,0.00,0.00,0.00,0.0036
-93.76228676,42.02129777,90,TaskName 5/5/2025 (GreenStar 4 Monitor),R-up/Sharpen,528,5/5/2025,0.601,On,1101.1,87.50,15.62,6.021,5.301,4.906,270.60,19.99,20.33,0,8,63.79,5/5/2025,Good,8.131,0.00068,3.049,0.00025,18.29,2.033,0.0054,4.065,0.00034,2.033,0.00017,19.69,0.210,0.00,0.00,0.00,0.00,0.00,0.00,0.00,0.00,0.00,0.00,0.00,0.00,0.011
-93.76231804,42.02129828,90,TaskName 5/5/2025 (GreenStar 4 Monitor),R-up/Sharpen,529,5/5/2025,0.999,On,1101.1,88.75,15.00,5.761,8.457,6.534,270.52,19.99,20.37,0,8,62.09,5/5/2025,Good,8.148,0.0011,3.055,0.00041,18.33,2.037,0.0088,4.074,0.00055,2.037,0.00027,19.73,0.340,0.00,0.00,0.00,0.00,0.00,0.00,0.00,0.00,0.00,0.00,0.00,0.00,0.017
-93.76234642,42.02129893,90,TaskName 5/5/2025 (GreenStar 4 Monitor),R-up/Sharpen,530,5/5/2025,0.801,On,1101.0,88.75,15.00,6.128,7.191,6.705,269.97,19.99,20.15,0,8,65.85,5/5/2025,Good,8.059,0.00092,3.022,0.00035,18.13,2.015,0.0074,4.030,0.00046,2.015,0.00023,19.51,0.286,0.00,0.00,0.00,0.00,0.00,0.00,0.00,0.00,0.00,0.00,0.00,0.00,0.015
-93.76238475,42.02129988,90,TaskName 5/5/2025 (GreenStar 4 Monitor),R-up/Sharpen,531,5/5/2025,1.000,On,1101.0,90.00,14.37,6.843,10.04,5.311,268.79,19.99,19.96,0,8,74.64,5/5/2025,Good,7.984,0.0013,2.994,0.00049,17.97,1.996,0.010,3.992,0.00065,1.996,0.00032,19.33,0.401,0.00,0.00,0.00,0.00,0.00,0.00,0.00,0.00,0.00,0.00,0.00,0.00,0.021
-93.76242622,42.02129936,90,TaskName 5/5/2025 (GreenStar 4 Monitor),R-up/Sharpen,532,5/5/2025,0.990,On,1101.0,90.00,14.37,7.276,10.58,7.366,269.32,19.99,20.00,0,8,79.49,5/5/2025,Good,8.001,0.0014,3.000,0.00051,18.00,2.000,0.011,4.000,0.00068,2.000,0.00034,19.37,0.423,0.00,0.00,0.00,0.00,0.00,0.00,0.00,0.00,0.00,0.00,0.00,0.00,0.022
-93.76247086,42.02129934,90,TaskName 5/5/2025 (GreenStar 4 Monitor),R-up/Sharpen,533,5/5/2025,1.004,On,1101.0,90.00,14.37,8.030,11.83,5.570,269.44,19.99,19.81,0,8,87.62,5/5/2025,Good,7.924,0.0015,2.972,0.00057,17.83,1.981,0.012,3.962,0.00076,1.981,0.00038,19.19,0.469,0.00,0.00,0.00,0.00,0.00,0.00,0.00,0.00,0.00,0.00,0.00,0.00,0.024
-93.76251524,42.02129945,90,TaskName 5/5/2025 (GreenStar 4 Monitor),R-up/Sharpen,534,5/5/2025,0.995,On,1101.0,90.00,14.37,8.242,12.04,5.300,269.12,19.99,19.82,0,8,90.00,5/5/2025,Good,7.927,0.0015,2.973,0.00058,17.84,1.982,0.012,3.964,0.00077,1.982,0.00039,19.19,0.477,0.00,0.00,0.00,0.00,0.00,0.00,0.00,0.00,0.00,0.00,0.00,0.00,0.025
-93.76255949,42.02129918,90,TaskName 5/5/2025 (GreenStar 4 Monitor),R-up/Sharpen,535,5/5/2025,1.001,On,1101.0,90.00,14.37,8.191,12.02,5.708,269.33,19.99,19.78,0,8,89.32,5/5/2025,Good,7.913,0.0015,2.967,0.00058,17.80,1.978,0.012,3.956,0.00077,1.978,0.00038,19.16,0.476,0.00,0.00,0.00,0.00,0.00,0.00,0.00,0.00,0.00,0.00,0.00,0.00,0.025
-93.76260347,42.02129885,90,TaskName 5/5/2025 (GreenStar 4 Monitor),R-up/Sharpen,536,5/5/2025,1.004,On,1101.1,90.00,14.37,8.173,12.06,6.154,269.50,19.99,20.07,0,8,89.32,5/5/2025,Good,8.028,0.0016,3.011,0.00059,18.06,2.007,0.012,4.014,0.00078,2.007,0.00039,19.44,0.484,0.00,0.00,0.00,0.00,0.00,0.00,0.00,0.00,0.00,0.00,0.00,0.00,0.025
-93.76264782,42.02129877,90,TaskName 5/5/2025 (GreenStar 4 Monitor),R-up/Sharpen,537,5/5/2025,0.995,On,1101.2,90.00,14.37,8.172,11.93,5.636,269.52,19.99,19.94,0,8,89.22,5/5/2025,Good,7.977,0.0015,2.991,0.00058,17.95,1.994,0.012,3.988,0.00077,1.994,0.00038,19.31,0.476,0.00,0.00,0.00,0.00,0.00,0.00,0.00,0.00,0.00,0.00,0.00,0.00,0.025
-93.76269182,42.02129868,90,TaskName 5/5/2025 (GreenStar 4 Monitor),R-up/Sharpen,538,5/5/2025,1.000,On,1101.4,91.25,13.75,8.194,12.03,5.864,269.51,19.99,19.90,0,8,90.70,5/5/2025,Good,7.959,0.0016,2.985,0.00059,17.91,1.990,0.013,3.980,0.00078,1.990,0.00039,19.27,0.486,0.00,0.00,0.00,0.00,0.00,0.00,0.00,0.00,0.00,0.00,0.00,0.00,0.025
-93.76273583,42.02129840,90,TaskName 5/5/2025 (GreenStar 4 Monitor),R-up/Sharpen,539,5/5/2025,1.000,On,1101.5,91.25,13.75,8.137,11.94,5.961,269.69,19.99,20.02,0,8,90.05,5/5/2025,Good,8.009,0.0016,3.003,0.00059,18.02,2.002,0.013,4.004,0.00078,2.002,0.00039,19.39,0.485,0.00,0.00,0.00,0.00,0.00,0.00,0.00,0.00,0.00,0.00,0.00,0.00,0.025
-93.76278004,42.02129813,90,TaskName 5/5/2025 (GreenStar 4 Monitor),R-up/Sharpen,540,5/5/2025,1.000,On,1101.8,91.25,13.75,8.172,11.99,5.494,269.89,19.99,19.83,0,8,90.45,5/5/2025,Good,7.934,0.0016,2.975,0.00058,17.85,1.983,0.012,3.967,0.00078,1.983,0.00039,19.21,0.483,0.00,0.00,0.00,0.00,0.00,0.00,0.00,0.00,0.00,0.00,0.00,0.00,0.025
-93.76282393,42.02129817,90,TaskName 5/5/2025 (GreenStar 4 Monitor),R-up/Sharpen,541,5/5/2025,1.001,On,1101.9,91.25,13.75,8.155,11.98,5.873,269.95,19.99,19.99,0,8,90.26,5/5/2025,Good,7.995,0.0016,2.998,0.00059,17.99,1.999,0.013,3.997,0.00078,1.999,0.00039,19.36,0.486,0.00,0.00,0.00,0.00,0.00,0.00,0.00,0.00,0.00,0.00,0.00,0.00,0.025
-93.76286766,42.02129814,90,TaskName 5/5/2025 (GreenStar 4 Monitor),R-up/Sharpen,542,5/5/2025,1.000,On,1102.1,91.25,13.75,8.105,11.88,6.249,270.03,19.99,20.02,0,8,89.61,5/5/2025,Good,8.006,0.0016,3.002,0.00058,18.01,2.002,0.012,4.003,0.00078,2.002,0.00039,19.39,0.483,0.00,0.00,0.00,0.00,0.00,0.00,0.00,0.00,0.00,0.00,0.00,0.00,0.025
-93.76291167,42.02129826,90,TaskName 5/5/2025 (GreenStar 4 Monitor),R-up/Sharpen,543,5/5/2025,1.004,On,1102.3,91.25,13.75,8.142,12.01,5.907,270.04,19.99,20.00,0,8,90.21,5/5/2025,Good,8.002,0.0016,3.001,0.00059,18.00,2.000,0.013,4.001,0.00079,2.000,0.00039,19.37,0.487,0.00,0.00,0.00,0.00,0.00,0.00,0.00,0.00,0.00,0.00,0.00,0.00,0.025
-93.76295550,42.02129844,90,TaskName 5/5/2025 (GreenStar 4 Monitor),R-up/Sharpen,544,5/5/2025,0.996,On,1102.6,91.25,13.75,8.137,11.88,6.017,269.81,19.99,19.97,0,8,89.94,5/5/2025,Good,7.988,0.0016,2.996,0.00058,17.97,1.997,0.012,3.994,0.00078,1.997,0.00039,19.34,0.481,0.00,0.00,0.00,0.00,0.00,0.00,0.00,0.00,0.00,0.00,0.00,0.00,0.025
-93.76296435,42.02129846,90,TaskName 5/5/2025 (GreenStar 4 Monitor),R-up/Sharpen,545,5/5/2025,0.200,On,1102.6,91.25,13.75,8.107,2.378,6.083,269.82,19.99,19.92,0,8,89.68,5/5/2025,Good,7.967,0.00031,2.988,0.00012,17.93,1.992,0.0025,3.983,0.00016,1.992,7.753e-05,19.29,0.096,0.00,0.00,0.00,0.00,0.00,0.00,0.00,0.00,0.00,0.00,0.00,0.00,0.0050
-93.76300832,42.02129838,90,TaskName 5/5/2025 (GreenStar 4 Monitor),R-up/Sharpen,546,5/5/2025,0.999,On,1102.9,92.50,13.12,8.137,11.94,6.104,269.93,19.99,19.91,0,8,91.40,5/5/2025,Good,7.965,0.0016,2.987,0.00059,17.92,1.991,0.013,3.983,0.00079,1.991,0.00039,19.29,0.489,0.00,0.00,0.00,0.00,0.00,0.00,0.00,0.00,0.00,0.00,0.00,0.00,0.025
-93.76305220,42.02129854,90,TaskName 5/5/2025 (GreenStar 4 Monitor),R-up/Sharpen,547,5/5/2025,1.000,On,1103.2,92.50,13.12,8.162,11.98,5.943,269.88,19.99,19.98,0,8,91.59,5/5/2025,Good,7.991,0.0016,2.997,0.00060,17.98,1.998,0.013,3.995,0.00079,1.998,0.00040,19.35,0.492,0.00,0.00,0.00,0.00,0.00,0.00,0.00,0.00,0.00,0.00,0.00,0.00,0.025
-93.76309596,42.02129854,90,TaskName 5/5/2025 (GreenStar 4 Monitor),R-up/Sharpen,548,5/5/2025,1.000,On,1103.4,92.50,13.12,8.110,11.91,6.391,269.70,19.99,19.96,0,8,91.01,5/5/2025,Good,7.983,0.0016,2.994,0.00059,17.96,1.996,0.013,3.992,0.00079,1.996,0.00039,19.33,0.489,0.00,0.00,0.00,0.00,0.00,0.00,0.00,0.00,0.00,0.00,0.00,0.00,0.025
-93.76313987,42.02129858,90,TaskName 5/5/2025 (GreenStar 4 Monitor),R-up/Sharpen,549,5/5/2025,1.000,On,1103.8,92.50,13.12,8.108,11.90,6.330,269.76,19.99,19.99,0,8,90.96,5/5/2025,Good,7.996,0.0016,2.998,0.00059,17.99,1.999,0.013,3.998,0.00079,1.999,0.00039,19.36,0.489,0.00,0.00,0.00,0.00,0.00,0.00,0.00,0.00,0.00,0.00,0.00,0.00,0.025
-93.76318379,42.02129848,90,TaskName 5/5/2025 (GreenStar 4 Monitor),R-up/Sharpen,550,5/5/2025,1.000,On,1104.1,92.50,13.12,8.142,11.95,6.088,269.93,19.99,19.92,0,8,91.39,5/5/2025,Good,7.969,0.0016,2.989,0.00059,17.93,1.992,0.013,3.985,0.00079,1.992,0.00040,19.30,0.490,0.00,0.00,0.00,0.00,0.00,0.00,0.00,0.00,0.00,0.00,0.00,0.00,0.025
-93.76322781,42.02129858,90,TaskName 5/5/2025 (GreenStar 4 Monitor),R-up/Sharpen,551,5/5/2025,1.001,On,1104.3,92.50,13.12,8.163,11.98,5.577,269.68,19.99,19.80,0,8,91.50,5/5/2025,Good,7.922,0.0016,2.971,0.00059,17.82,1.980,0.013,3.961,0.00079,1.980,0.00039,19.18,0.488,0.00,0.00,0.00,0.00,0.00,0.00,0.00,0.00,0.00,0.00,0.00,0.00,0.025
-93.76324547,42.02129857,90,TaskName 5/5/2025 (GreenStar 4 Monitor),R-up/Sharpen,552,5/5/2025,0.404,On,1104.4,92.50,13.12,8.146,4.842,5.410,269.67,19.99,19.77,0,8,91.62,5/5/2025,Good,7.907,0.00064,2.965,0.00024,17.79,1.977,0.0051,3.954,0.00032,1.977,0.00016,19.15,0.197,0.00,0.00,0.00,0.00,0.00,0.00,0.00,0.00,0.00,0.00,0.00,0.00,0.010
-93.76328958,42.02129828,90,TaskName 5/5/2025 (GreenStar 4 Monitor),R-up/Sharpen,553,5/5/2025,1.000,On,1104.6,93.75,12.50,8.159,11.97,5.656,270.09,19.99,19.85,0,8,92.77,5/5/2025,Good,7.939,0.0016,2.977,0.00060,17.86,1.985,0.013,3.969,0.00080,1.985,0.00040,19.22,0.495,0.00,0.00,0.00,0.00,0.00,0.00,0.00,0.00,0.00,0.00,0.00,0.00,0.026
-93.76333374,42.02129835,90,TaskName 5/5/2025 (GreenStar 4 Monitor),R-up/Sharpen,554,5/5/2025,1.000,On,1104.7,93.75,12.50,8.151,11.96,5.843,270.08,19.99,19.96,0,8,92.67,5/5/2025,Good,7.983,0.0016,2.994,0.00060,17.96,1.996,0.013,3.991,0.00080,1.996,0.00040,19.33,0.498,0.00,0.00,0.00,0.00,0.00,0.00,0.00,0.00,0.00,0.00,0.00,0.00,0.026
-93.76337810,42.02129857,90,TaskName 5/5/2025 (GreenStar 4 Monitor),R-up/Sharpen,555,5/5/2025,1.001,On,1104.8,93.75,12.50,8.205,12.04,5.186,269.70,19.99,19.90,0,8,93.19,5/5/2025,Good,7.960,0.0016,2.985,0.00060,17.91,1.990,0.013,3.980,0.00081,1.990,0.00040,19.27,0.499,0.00,0.00,0.00,0.00,0.00,0.00,0.00,0.00,0.00,0.00,0.00,0.00,0.026
-93.76342247,42.02129844,90,TaskName 5/5/2025 (GreenStar 4 Monitor),R-up/Sharpen,556,5/5/2025,1.000,On,1104.8,93.75,12.50,8.221,12.08,4.963,269.91,19.99,19.88,0,8,93.59,5/5/2025,Good,7.952,0.0016,2.982,0.00061,17.89,1.988,0.013,3.976,0.00081,1.988,0.00040,19.25,0.501,0.00,0.00,0.00,0.00,0.00,0.00,0.00,0.00,0.00,0.00,0.00,0.00,0.026
-93.76346672,42.02129829,90,TaskName 5/5/2025 (GreenStar 4 Monitor),R-up/Sharpen,557,5/5/2025,0.999,On,1104.8,93.75,12.50,8.196,12.02,4.932,270.00,19.99,19.85,0,8,93.20,5/5/2025,Good,7.939,0.0016,2.977,0.00060,17.86,1.985,0.013,3.970,0.00080,1.985,0.00040,19.22,0.497,0.00,0.00,0.00,0.00,0.00,0.00,0.00,0.00,0.00,0.00,0.00,0.00,0.026
-93.76351124,42.02129842,90,TaskName 5/5/2025 (GreenStar 4 Monitor),R-up/Sharpen,558,5/5/2025,1.001,On,1104.7,93.75,12.50,8.225,12.07,4.637,269.77,19.99,19.97,0,8,93.39,5/5/2025,Good,7.987,0.0016,2.995,0.00061,17.97,1.997,0.013,3.994,0.00081,1.997,0.00041,19.34,0.502,0.00,0.00,0.00,0.00,0.00,0.00,0.00,0.00,0.00,0.00,0.00,0.00,0.026
-93.76355539,42.02129832,90,TaskName 5/5/2025 (GreenStar 4 Monitor),R-up/Sharpen,559,5/5/2025,0.999,On,1104.6,93.75,12.50,8.191,12.01,5.222,269.91,19.99,20.00,0,8,93.14,5/5/2025,Good,7.999,0.0016,3.000,0.00061,18.00,2.000,0.013,4.000,0.00081,2.000,0.00040,19.37,0.501,0.00,0.00,0.00,0.00,0.00,0.00,0.00,0.00,0.00,0.00,0.00,0.00,0.026
-93.76359976,42.02129829,90,TaskName 5/5/2025 (GreenStar 4 Monitor),R-up/Sharpen,560,5/5/2025,1.000,On,1104.6,95.00,11.87,8.205,12.03,5.121,269.98,19.99,19.94,0,8,94.47,5/5/2025,Good,7.976,0.0016,2.991,0.00061,17.95,1.994,0.013,3.988,0.00082,1.994,0.00041,19.31,0.507,0.00,0.00,0.00,0.00,0.00,0.00,0.00,0.00,0.00,0.00,0.00,0.00,0.026
-93.76364406,42.02129843,90,TaskName 5/5/2025 (GreenStar 4 Monitor),R-up/Sharpen,561,5/5/2025,1.000,On,1104.6,95.00,11.87,8.218,12.05,4.820,269.84,19.99,19.96,0,8,94.60,5/5/2025,Good,7.983,0.0016,2.994,0.00061,17.96,1.996,0.013,3.992,0.00082,1.996,0.00041,19.33,0.508,0.00,0.00,0.00,0.00,0.00,0.00,0.00,0.00,0.00,0.00,0.00,0.00,0.026
-93.76368828,42.02129834,90,TaskName 5/5/2025 (GreenStar 4 Monitor),R-up/Sharpen,562,5/5/2025,1.001,On,1104.5,95.00,11.87,8.187,12.01,4.922,270.05,19.99,19.90,0,8,94.17,5/5/2025,Good,7.961,0.0016,2.986,0.00061,17.91,1.990,0.013,3.981,0.00081,1.990,0.00041,19.28,0.505,0.00,0.00,0.00,0.00,0.00,0.00,0.00,0.00,0.00,0.00,0.00,0.00,0.026
-93.76373243,42.02129838,90,TaskName 5/5/2025 (GreenStar 4 Monitor),R-up/Sharpen,563,5/5/2025,1.000,On,1104.5,95.00,11.87,8.195,12.01,5.056,270.01,19.99,19.98,0,8,94.31,5/5/2025,Good,7.991,0.0016,2.996,0.00061,17.98,1.998,0.013,3.995,0.00082,1.998,0.00041,19.35,0.507,0.00,0.00,0.00,0.00,0.00,0.00,0.00,0.00,0.00,0.00,0.00,0.00,0.026
-93.76377636,42.02129857,90,TaskName 5/5/2025 (GreenStar 4 Monitor),R-up/Sharpen,564,5/5/2025,0.995,On,1104.5,95.00,11.87,8.144,11.89,5.519,269.64,19.99,19.97,0,8,93.85,5/5/2025,Good,7.988,0.0016,2.996,0.00061,17.97,1.997,0.013,3.994,0.00081,1.997,0.00040,19.34,0.502,0.00,0.00,0.00,0.00,0.00,0.00,0.00,0.00,0.00,0.00,0.00,0.00,0.026
-93.76382029,42.02129835,90,TaskName 5/5/2025 (GreenStar 4 Monitor),R-up/Sharpen,565,5/5/2025,1.005,On,1104.6,95.00,11.87,8.141,12.00,5.101,269.98,19.99,19.91,0,8,93.71,5/5/2025,Good,7.964,0.0016,2.987,0.00061,17.92,1.991,0.013,3.982,0.00081,1.991,0.00041,19.28,0.504,0.00,0.00,0.00,0.00,0.00,0.00,0.00,0.00,0.00,0.00,0.00,0.00,0.026
-93.76386434,42.02129830,90,TaskName 5/5/2025 (GreenStar 4 Monitor),R-up/Sharpen,566,5/5/2025,0.999,On,1104.6,95.00,11.87,8.160,11.95,4.604,270.14,19.99,19.88,0,8,93.94,5/5/2025,Good,7.952,0.0016,2.982,0.00061,17.89,1.988,0.013,3.976,0.00081,1.988,0.00040,19.25,0.502,0.00,0.00,0.00,0.00,0.00,0.00,0.00,0.00,0.00,0.00,0.00,0.00,0.026
-93.76387309,42.02129830,90,TaskName 5/5/2025 (GreenStar 4 Monitor),R-up/Sharpen,567,5/5/2025,0.196,On,1104.6,95.00,11.87,8.149,2.330,4.649,270.03,19.99,19.77,0,8,93.35,5/5/2025,Good,7.907,0.00031,2.965,0.00012,17.79,1.977,0.0025,3.953,0.00016,1.977,7.848e-05,19.14,0.097,0.00,0.00,0.00,0.00,0.00,0.00,0.00,0.00,0.00,0.00,0.00,0.00,0.0051
-93.76391700,42.02129848,90,TaskName 5/5/2025 (GreenStar 4 Monitor),R-up/Sharpen,568,5/5/2025,1.000,On,1104.6,96.25,11.25,8.127,11.93,4.899,269.81,19.99,19.81,0,8,94.90,5/5/2025,Good,7.922,0.0016,2.971,0.00061,17.83,1.981,0.013,3.961,0.00082,1.981,0.00041,19.18,0.506,0.00,0.00,0.00,0.00,0.00,0.00,0.00,0.00,0.00,0.00,0.00,0.00,0.026
-93.76396077,42.02129832,90,TaskName 5/5/2025 (GreenStar 4 Monitor),R-up/Sharpen,569,5/5/2025,0.999,On,1104.8,96.25,11.25,8.112,11.88,4.840,270.03,19.99,19.94,0,8,94.63,5/5/2025,Good,7.974,0.0016,2.990,0.00061,17.94,1.994,0.013,3.987,0.00082,1.994,0.00041,19.31,0.507,0.00,0.00,0.00,0.00,0.00,0.00,0.00,0.00,0.00,0.00,0.00,0.00,0.026
-93.76400463,42.02129835,90,TaskName 5/5/2025 (GreenStar 4 Monitor),R-up/Sharpen,570,5/5/2025,1.000,On,1104.8,96.25,11.25,8.123,11.91,4.939,270.14,19.99,19.91,0,8,94.77,5/5/2025,Good,7.963,0.0016,2.986,0.00061,17.92,1.991,0.013,3.982,0.00082,1.991,0.00041,19.28,0.508,0.00,0.00,0.00,0.00,0.00,0.00,0.00,0.00,0.00,0.00,0.00,0.00,0.026
-93.76404853,42.02129868,90,TaskName 5/5/2025 (GreenStar 4 Monitor),R-up/Sharpen,571,5/5/2025,1.000,On,1104.8,96.25,11.25,8.113,11.89,5.777,269.80,19.99,20.04,0,8,94.61,5/5/2025,Good,8.015,0.0016,3.006,0.00062,18.03,2.004,0.013,4.007,0.00082,2.004,0.00041,19.41,0.510,0.00,0.00,0.00,0.00,0.00,0.00,0.00,0.00,0.00,0.00,0.00,0.00,0.026
-93.76409259,42.02129877,90,TaskName 5/5/2025 (GreenStar 4 Monitor),R-up/Sharpen,572,5/5/2025,1.000,On,1104.8,96.25,11.25,8.145,11.94,5.370,269.54,19.99,20.02,0,8,95.01,5/5/2025,Good,8.009,0.0017,3.003,0.00062,18.02,2.002,0.013,4.004,0.00083,2.002,0.00041,19.39,0.512,0.00,0.00,0.00,0.00,0.00,0.00,0.00,0.00,0.00,0.00,0.00,0.00,0.026
-93.76413669,42.02129841,90,TaskName 5/5/2025 (GreenStar 4 Monitor),R-up/Sharpen,573,5/5/2025,1.000,On,1104.9,96.25,11.25,8.171,11.98,5.298,269.74,19.99,19.99,0,8,95.32,5/5/2025,Good,7.996,0.0017,2.998,0.00062,17.99,1.999,0.013,3.998,0.00083,1.999,0.00041,19.36,0.513,0.00,0.00,0.00,0.00,0.00,0.00,0.00,0.00,0.00,0.00,0.00,0.00,0.026
-93.76418074,42.02129823,90,TaskName 5/5/2025 (GreenStar 4 Monitor),R-up/Sharpen,574,5/5/2025,1.000,On,1104.9,96.25,11.25,8.157,11.96,5.306,269.99,19.99,19.96,0,8,95.14,5/5/2025,Good,7.984,0.0016,2.994,0.00062,17.96,1.996,0.013,3.992,0.00082,1.996,0.00041,19.33,0.511,0.00,0.00,0.00,0.00,0.00,0.00,0.00,0.00,0.00,0.00,0.00,0.00,0.026
-93.76422334,42.02129819,90,TaskName 5/5/2025 (GreenStar 4 Monitor),R-up/Sharpen,575,5/5/2025,1.000,On,1104.9,96.25,11.25,8.098,11.87,3.793,270.09,19.99,19.88,0,8,94.43,5/5/2025,Good,7.951,0.0016,2.981,0.00061,17.89,1.988,0.013,3.975,0.00081,1.988,0.00041,19.25,0.505,0.00,0.00,0.00,0.00,0.00,0.00,0.00,0.00,0.00,0.00,0.00,0.00,0.026
-93.76426366,42.02129828,90,TaskName 5/5/2025 (GreenStar 4 Monitor),R-up/Sharpen,576,5/5/2025,1.000,On,1105.0,96.25,11.25,7.600,11.14,5.399,270.13,19.99,20.08,0,8,88.61,5/5/2025,Good,8.034,0.0015,3.013,0.00058,18.08,2.008,0.012,4.017,0.00077,2.008,0.00039,19.45,0.479,0.00,0.00,0.00,0.00,0.00,0.00,0.00,0.00,0.00,0.00,0.00,0.00,0.025
-93.76430369,42.02129838,90,TaskName 5/5/2025 (GreenStar 4 Monitor),R-up/Sharpen,577,5/5/2025,1.001,On,1104.9,96.25,11.25,7.496,10.99,4.017,269.97,19.99,20.10,0,8,87.35,5/5/2025,Good,8.041,0.0015,3.015,0.00057,18.09,2.010,0.012,4.021,0.00076,2.010,0.00038,19.47,0.473,0.00,0.00,0.00,0.00,0.00,0.00,0.00,0.00,0.00,0.00,0.00,0.00,0.024
-93.76433830,42.02129837,90,TaskName 5/5/2025 (GreenStar 4 Monitor),R-up/Sharpen,578,5/5/2025,1.004,On,1104.9,96.25,11.25,7.003,10.30,2.413,269.91,19.99,19.98,0,8,81.58,5/5/2025,Good,7.992,0.0014,2.997,0.00053,17.98,1.998,0.011,3.996,0.00071,1.998,0.00036,19.35,0.440,0.00,0.00,0.00,0.00,0.00,0.00,0.00,0.00,0.00,0.00,0.00,0.00,0.023
-93.76434438,42.02129843,90,TaskName 5/5/2025 (GreenStar 4 Monitor),R-up/Sharpen,579,5/5/2025,0.196,On,1104.9,97.50,11.87,6.290,1.809,1.704,269.84,19.99,19.97,0,8,74.36,5/5/2025,Good,7.988,0.00025,2.996,9.474e-05,17.97,1.997,0.0020,3.994,0.00013,1.997,6.316e-05,19.34,0.078,0.00,0.00,0.00,0.00,0.00,0.00,0.00,0.00,0.00,0.00,0.00,0.00,0.0040
