Longitude,Latitude,Field,Dataset,Product,Feature ID,Date / Time,Duration(s),Area Count,Elevation(ft),Swath Width(ft),Y Offset(ft),Speed(mph),Distance(ft),Fuel Consumption Rate (Time)(gal(US)/h),Track(deg),Target Rate (Liquid)(gal(US)/ac),Rate (Volume)(gal(US)/ac),Segment ID,Pass Number,Productivity(ac/h),Date,Rate Quality,Rate (Volume) (Tough 5EC)(floz(US)/ac),Product Amount Used/Needed (Tough 5EC),Rate (Volume) (Laudis Herbicide)(floz(US)/ac),Product Amount Used/Needed (Laudis Herbicide),Rate (Mass) (Ag saver)(oz/ac),Rate (Volume) (Warrant Herbicide)(qt(US)/ac),Product Amount Used/Needed (Warrant Herbicide),Rate (Volume) (Fulltec Oil)(floz(US)/ac),Product Amount Used/Needed (Fulltec Oil),Rate (Volume) (Fulltec Adjuvant)(floz(US)/ac),Product Amount Used/Needed (Fulltec Adjuvant),Rate (Volume) (Water)(gal(US)/ac),Product Amount Used/Needed (Water),Rate (Volume) (Callisto)(floz(US)/ac),Product Amount Used/Needed (Callisto),Rate (Volume) (Ag saver)(floz(US)/ac),Product Amount Used/Needed (Ag saver),Rate (Mass) (AAtrex 4L Herbicide)(lb/ac),Rate (Volume) (Smackdown)(pt(US)/ac),Product Amount Used/Needed (Smackdown),Rate (Volume) (Surpass NXT)(pt(US)/ac),Rate (Mass) (Atrazine 4L)(lb/ac),Rate (Volume) (Gro Centric)(floz(US)/ac),Rate (Volume) (Water (1)~9)(gal(US)/ac),Product Amount Used/Needed,Area (ac)
-93.77628600,42.02053880,A1/A2,TaskName 6/13/2025 (GreenStar 4 Monitor),Laudis/Tough,1,6/13/2025,0.194,On,1126.5,13.75,-53.75,2.835,0.804,5.079,181.15,19.99,21.94,0,1,4.708,6/13/2025,Good,8.775,1.739e-05,3.291,6.523e-06,0.00,0.00,0.00,4.387,8.697e-06,2.194,4.348e-06,21.79,0.0055,0.00,0.00,0.00,0.00,0.00,0.00,0.00,0.00,0.00,0.00,0.00,0.00,0.00025
-93.77628598,42.02053601,A1/A2,TaskName 6/13/2025 (GreenStar 4 Monitor),Laudis/Tough,2,6/13/2025,0.205,On,1126.4,42.50,-39.37,1.671,0.502,5.449,181.06,19.99,18.51,0,1,8.601,6/13/2025,Good,7.402,2.832e-05,2.776,1.062e-05,0.00,0.00,0.00,3.701,1.416e-05,1.851,7.081e-06,18.39,0.0090,0.00,0.00,0.00,0.00,0.00,0.00,0.00,0.00,0.00,0.00,0.00,0.00,0.00049
-93.77628605,42.02053311,A1/A2,TaskName 6/13/2025 (GreenStar 4 Monitor),Laudis/Tough,3,6/13/2025,0.200,On,1126.4,112.50,-3.458,2.088,0.610,4.914,180.87,19.99,16.73,0,1,28.37,6/13/2025,Under Target,6.692,8.240e-05,2.510,3.090e-05,0.00,0.00,0.00,3.346,4.120e-05,1.673,2.060e-05,16.62,0.026,0.00,0.00,0.00,0.00,0.00,0.00,0.00,0.00,0.00,0.00,0.00,0.00,0.0016
-93.77628625,42.02053013,A1/A2,TaskName 6/13/2025 (GreenStar 4 Monitor),Laudis/Tough,4,6/13/2025,0.200,On,1126.4,120.00,-0.625,2.510,0.735,4.398,180.57,19.99,23.69,0,1,36.44,6/13/2025,Over Target,9.476,0.00015,3.554,5.621e-05,0.00,0.00,0.00,4.738,7.494e-05,2.369,3.747e-05,23.54,0.048,0.00,0.00,0.00,0.00,0.00,0.00,0.00,0.00,0.00,0.00,0.00,0.00,0.0020
-93.77628721,42.02051368,A1/A2,TaskName 6/13/2025 (GreenStar 4 Monitor),Laudis/Tough,5,6/13/2025,0.996,On,1126.4,121.25,0.00,3.374,4.882,6.645,179.33,19.99,21.00,0,1,49.12,6/13/2025,Good,8.399,0.00089,3.150,0.00033,0.00,0.00,0.00,4.200,0.00045,2.100,0.00022,20.86,0.283,0.00,0.00,0.00,0.00,0.00,0.00,0.00,0.00,0.00,0.00,0.00,0.00,0.014
-93.77628660,42.02048898,A1/A2,TaskName 6/13/2025 (GreenStar 4 Monitor),Laudis/Tough,6,6/13/2025,1.000,On,1126.5,121.25,0.00,4.855,7.008,10.69,179.66,19.99,20.63,0,1,70.22,6/13/2025,Good,8.254,0.0013,3.095,0.00047,0.00,0.00,0.00,4.127,0.00063,2.063,0.00031,20.50,0.400,0.00,0.00,0.00,0.00,0.00,0.00,0.00,0.00,0.00,0.00,0.00,0.00,0.020
-93.77628600,42.02046097,A1/A2,TaskName 6/13/2025 (GreenStar 4 Monitor),Laudis/Tough,7,6/13/2025,1.000,On,1126.4,121.25,0.00,6.591,9.629,5.488,180.08,19.99,20.07,0,1,96.49,6/13/2025,Good,8.027,0.0017,3.010,0.00063,0.00,0.00,0.00,4.014,0.00084,2.007,0.00042,19.94,0.534,0.00,0.00,0.00,0.00,0.00,0.00,0.00,0.00,0.00,0.00,0.00,0.00,0.027
-93.77628558,42.02043201,A1/A2,TaskName 6/13/2025 (GreenStar 4 Monitor),Laudis/Tough,8,6/13/2025,1.000,On,1126.4,121.25,0.00,7.024,10.30,7.198,180.41,19.99,19.93,0,1,103.18,6/13/2025,Good,7.973,0.0018,2.990,0.00067,0.00,0.00,0.00,3.986,0.00089,1.993,0.00045,19.80,0.568,0.00,0.00,0.00,0.00,0.00,0.00,0.00,0.00,0.00,0.00,0.00,0.00,0.029
-93.77628576,42.02040147,A1/A2,TaskName 6/13/2025 (GreenStar 4 Monitor),Laudis/Tough,9,6/13/2025,1.000,On,1126.5,121.25,0.00,7.357,10.79,6.382,179.98,19.99,19.90,0,1,108.16,6/13/2025,Good,7.959,0.0019,2.985,0.00070,0.00,0.00,0.00,3.980,0.00093,1.990,0.00047,19.77,0.594,0.00,0.00,0.00,0.00,0.00,0.00,0.00,0.00,0.00,0.00,0.00,0.00,0.030
-93.77628556,42.02037129,A1/A2,TaskName 6/13/2025 (GreenStar 4 Monitor),Laudis/Tough,10,6/13/2025,1.000,On,1126.6,121.25,0.00,7.548,11.07,6.588,180.05,19.99,19.81,0,1,110.89,6/13/2025,Good,7.926,0.0019,2.972,0.00072,0.00,0.00,0.00,3.963,0.00095,1.981,0.00048,19.69,0.606,0.00,0.00,0.00,0.00,0.00,0.00,0.00,0.00,0.00,0.00,0.00,0.00,0.031
-93.77628507,42.02034081,A1/A2,TaskName 6/13/2025 (GreenStar 4 Monitor),Laudis/Tough,11,6/13/2025,1.000,On,1126.8,121.25,0.00,7.504,10.99,7.044,180.82,19.99,19.92,0,1,110.17,6/13/2025,Good,7.967,0.0019,2.988,0.00071,0.00,0.00,0.00,3.983,0.00095,1.992,0.00048,19.79,0.606,0.00,0.00,0.00,0.00,0.00,0.00,0.00,0.00,0.00,0.00,0.00,0.00,0.031
-93.77628516,42.02030981,A1/A2,TaskName 6/13/2025 (GreenStar 4 Monitor),Laudis/Tough,12,6/13/2025,0.995,On,1126.8,121.25,0.00,7.620,11.13,6.787,181.11,19.99,19.87,0,1,112.11,6/13/2025,Good,7.949,0.0019,2.981,0.00072,0.00,0.00,0.00,3.974,0.00096,1.987,0.00048,19.74,0.612,0.00,0.00,0.00,0.00,0.00,0.00,0.00,0.00,0.00,0.00,0.00,0.00,0.031
-93.77628610,42.02027859,A1/A2,TaskName 6/13/2025 (GreenStar 4 Monitor),Laudis/Tough,13,6/13/2025,1.004,On,1126.9,121.25,0.00,7.729,11.38,6.693,180.21,19.99,19.87,0,1,113.59,6/13/2025,Good,7.947,0.0020,2.980,0.00074,0.00,0.00,0.00,3.974,0.00098,1.987,0.00049,19.74,0.625,0.00,0.00,0.00,0.00,0.00,0.00,0.00,0.00,0.00,0.00,0.00,0.00,0.032
-93.77628673,42.02024733,A1/A2,TaskName 6/13/2025 (GreenStar 4 Monitor),Laudis/Tough,14,6/13/2025,1.001,On,1126.9,121.25,0.00,7.778,11.42,6.788,179.19,19.99,19.88,0,1,114.29,6/13/2025,Good,7.951,0.0020,2.982,0.00074,0.00,0.00,0.00,3.976,0.00099,1.988,0.00049,19.75,0.628,0.00,0.00,0.00,0.00,0.00,0.00,0.00,0.00,0.00,0.00,0.00,0.00,0.032
-93.77628566,42.02021574,A1/A2,TaskName 6/13/2025 (GreenStar 4 Monitor),Laudis/Tough,15,6/13/2025,0.999,On,1127.0,121.25,0.00,7.769,11.38,7.065,180.27,19.99,19.96,0,1,114.16,6/13/2025,Good,7.984,0.0020,2.994,0.00074,0.00,0.00,0.00,3.992,0.00099,1.996,0.00049,19.83,0.628,0.00,0.00,0.00,0.00,0.00,0.00,0.00,0.00,0.00,0.00,0.00,0.00,0.032
-93.77628515,42.02018382,A1/A2,TaskName 6/13/2025 (GreenStar 4 Monitor),Laudis/Tough,16,6/13/2025,1.001,On,1127.0,121.25,0.00,7.909,11.61,6.652,181.33,19.99,19.87,0,1,116.20,6/13/2025,Good,7.946,0.0020,2.980,0.00075,0.00,0.00,0.00,3.973,0.0010,1.987,0.00050,19.74,0.638,0.00,0.00,0.00,0.00,0.00,0.00,0.00,0.00,0.00,0.00,0.00,0.00,0.032
-93.77628641,42.02015188,A1/A2,TaskName 6/13/2025 (GreenStar 4 Monitor),Laudis/Tough,17,6/13/2025,1.004,On,1127.0,121.25,0.00,7.920,11.66,6.834,180.36,19.99,19.96,0,1,116.41,6/13/2025,Good,7.985,0.0020,2.995,0.00076,0.00,0.00,0.00,3.993,0.0010,1.996,0.00051,19.83,0.644,0.00,0.00,0.00,0.00,0.00,0.00,0.00,0.00,0.00,0.00,0.00,0.00,0.032
-93.77628704,42.02011996,A1/A2,TaskName 6/13/2025 (GreenStar 4 Monitor),Laudis/Tough,18,6/13/2025,0.996,On,1127.1,121.25,0.00,7.952,11.61,6.728,179.55,19.99,19.91,0,1,116.85,6/13/2025,Good,7.966,0.0020,2.987,0.00075,0.00,0.00,0.00,3.983,0.0010,1.991,0.00050,19.79,0.640,0.00,0.00,0.00,0.00,0.00,0.00,0.00,0.00,0.00,0.00,0.00,0.00,0.032
-93.77628641,42.02008795,A1/A2,TaskName 6/13/2025 (GreenStar 4 Monitor),Laudis/Tough,19,6/13/2025,0.995,On,1127.1,121.25,0.00,7.918,11.55,6.961,180.09,19.99,19.99,0,1,116.34,6/13/2025,Good,7.996,0.0020,2.998,0.00075,0.00,0.00,0.00,3.998,0.0010,1.999,0.00050,19.86,0.639,0.00,0.00,0.00,0.00,0.00,0.00,0.00,0.00,0.00,0.00,0.00,0.00,0.032
-93.77628631,42.02005596,A1/A2,TaskName 6/13/2025 (GreenStar 4 Monitor),Laudis/Tough,20,6/13/2025,1.004,On,1127.1,121.25,0.00,7.944,11.70,6.561,180.24,19.99,19.89,0,1,116.77,6/13/2025,Good,7.957,0.0020,2.984,0.00076,0.00,0.00,0.00,3.979,0.0010,1.989,0.00051,19.76,0.644,0.00,0.00,0.00,0.00,0.00,0.00,0.00,0.00,0.00,0.00,0.00,0.00,0.033
-93.77628648,42.02002371,A1/A2,TaskName 6/13/2025 (GreenStar 4 Monitor),Laudis/Tough,21,6/13/2025,1.000,On,1127.2,121.25,0.00,7.983,11.71,6.180,179.80,19.99,19.93,0,1,117.33,6/13/2025,Good,7.974,0.0020,2.990,0.00076,0.00,0.00,0.00,3.987,0.0010,1.993,0.00051,19.80,0.645,0.00,0.00,0.00,0.00,0.00,0.00,0.00,0.00,0.00,0.00,0.00,0.00,0.033
-93.77628629,42.01999181,A1/A2,TaskName 6/13/2025 (GreenStar 4 Monitor),Laudis/Tough,22,6/13/2025,0.996,On,1127.2,121.25,0.00,7.962,11.63,6.305,179.76,19.99,19.96,0,1,117.01,6/13/2025,Good,7.983,0.0020,2.994,0.00076,0.00,0.00,0.00,3.991,0.0010,1.996,0.00050,19.83,0.642,0.00,0.00,0.00,0.00,0.00,0.00,0.00,0.00,0.00,0.00,0.00,0.00,0.032
-93.77628541,42.01995994,A1/A2,TaskName 6/13/2025 (GreenStar 4 Monitor),Laudis/Tough,23,6/13/2025,1.005,On,1127.2,121.25,0.00,7.935,11.70,6.370,180.71,19.99,19.97,0,1,116.62,6/13/2025,Good,7.990,0.0020,2.996,0.00076,0.00,0.00,0.00,3.995,0.0010,1.997,0.00051,19.84,0.646,0.00,0.00,0.00,0.00,0.00,0.00,0.00,0.00,0.00,0.00,0.00,0.00,0.033
-93.77628554,42.01992799,A1/A2,TaskName 6/13/2025 (GreenStar 4 Monitor),Laudis/Tough,24,6/13/2025,0.999,On,1127.2,121.25,0.00,7.905,11.58,6.243,180.88,19.99,19.99,0,1,116.14,6/13/2025,Good,7.995,0.0020,2.998,0.00075,0.00,0.00,0.00,3.997,0.0010,1.999,0.00050,19.86,0.640,0.00,0.00,0.00,0.00,0.00,0.00,0.00,0.00,0.00,0.00,0.00,0.00,0.032
-93.77628630,42.01989608,A1/A2,TaskName 6/13/2025 (GreenStar 4 Monitor),Laudis/Tough,25,6/13/2025,0.996,On,1127.2,121.25,0.00,7.937,11.59,6.047,180.00,19.99,19.98,0,1,116.62,6/13/2025,Good,7.993,0.0020,2.998,0.00076,0.00,0.00,0.00,3.997,0.0010,1.998,0.00050,19.85,0.641,0.00,0.00,0.00,0.00,0.00,0.00,0.00,0.00,0.00,0.00,0.00,0.00,0.032
-93.77628657,42.01986444,A1/A2,TaskName 6/13/2025 (GreenStar 4 Monitor),Laudis/Tough,26,6/13/2025,1.004,On,1127.2,121.25,0.00,7.904,11.64,6.298,179.52,19.99,20.00,0,1,116.18,6/13/2025,Good,8.000,0.0020,3.000,0.00076,0.00,0.00,0.00,4.000,0.0010,2.000,0.00051,19.87,0.644,0.00,0.00,0.00,0.00,0.00,0.00,0.00,0.00,0.00,0.00,0.00,0.00,0.032
-93.77628623,42.01985165,A1/A2,TaskName 6/13/2025 (GreenStar 4 Monitor),Laudis/Tough,27,6/13/2025,0.396,On,1127.2,121.25,0.00,7.863,4.556,6.298,179.81,19.99,19.97,0,1,115.30,6/13/2025,Good,7.990,0.00079,2.996,0.00030,0.00,0.00,0.00,3.995,0.00040,1.997,0.00020,19.84,0.252,0.00,0.00,0.00,0.00,0.00,0.00,0.00,0.00,0.00,0.00,0.00,0.00,0.013
-93.77628532,42.01981991,A1/A2,TaskName 6/13/2025 (GreenStar 4 Monitor),Laudis/Tough,28,6/13/2025,1.005,On,1127.1,120.00,-0.625,7.910,11.67,6.195,180.89,19.99,20.00,0,1,115.16,6/13/2025,Good,8.002,0.0020,3.001,0.00075,0.00,0.00,0.00,4.001,0.0010,2.000,0.00050,19.87,0.639,0.00,0.00,0.00,0.00,0.00,0.00,0.00,0.00,0.00,0.00,0.00,0.00,0.032
-93.77628583,42.01978802,A1/A2,TaskName 6/13/2025 (GreenStar 4 Monitor),Laudis/Tough,29,6/13/2025,1.000,On,1127.1,120.00,-0.625,7.877,11.56,6.231,180.23,19.99,19.96,0,1,114.60,6/13/2025,Good,7.983,0.0020,2.994,0.00074,0.00,0.00,0.00,3.992,0.00099,1.996,0.00050,19.83,0.631,0.00,0.00,0.00,0.00,0.00,0.00,0.00,0.00,0.00,0.00,0.00,0.00,0.032
-93.77628659,42.01976258,A1/A2,TaskName 6/13/2025 (GreenStar 4 Monitor),Laudis/Tough,30,6/13/2025,0.799,On,1127.1,120.00,-0.625,7.960,9.329,5.919,178.97,19.99,19.98,0,1,115.80,6/13/2025,Good,7.991,0.0016,2.997,0.00060,0.00,0.00,0.00,3.996,0.00080,1.998,0.00040,19.85,0.510,0.00,0.00,0.00,0.00,0.00,0.00,0.00,0.00,0.00,0.00,0.00,0.00,0.026
-93.77628592,42.01973054,A1/A2,TaskName 6/13/2025 (GreenStar 4 Monitor),Laudis/Tough,31,6/13/2025,0.996,On,1127.0,118.75,-1.250,7.925,11.57,5.937,179.04,19.99,20.01,0,1,114.05,6/13/2025,Good,8.003,0.0020,3.001,0.00074,0.00,0.00,0.00,4.002,0.00099,2.001,0.00049,19.88,0.627,0.00,0.00,0.00,0.00,0.00,0.00,0.00,0.00,0.00,0.00,0.00,0.00,0.032
-93.77628466,42.01969877,A1/A2,TaskName 6/13/2025 (GreenStar 4 Monitor),Laudis/Tough,32,6/13/2025,1.004,On,1127.0,118.75,-1.250,7.916,11.66,5.930,180.30,19.99,19.99,0,1,113.94,6/13/2025,Good,7.997,0.0020,2.999,0.00074,0.00,0.00,0.00,3.999,0.00099,1.999,0.00050,19.86,0.631,0.00,0.00,0.00,0.00,0.00,0.00,0.00,0.00,0.00,0.00,0.00,0.00,0.032
-93.77628480,42.01966683,A1/A2,TaskName 6/13/2025 (GreenStar 4 Monitor),Laudis/Tough,33,6/13/2025,1.000,On,1126.9,118.75,-1.250,7.932,11.63,5.654,180.37,19.99,19.97,0,1,114.17,6/13/2025,Good,7.989,0.0020,2.996,0.00074,0.00,0.00,0.00,3.995,0.00099,1.997,0.00049,19.84,0.629,0.00,0.00,0.00,0.00,0.00,0.00,0.00,0.00,0.00,0.00,0.00,0.00,0.032
-93.77628502,42.01963510,A1/A2,TaskName 6/13/2025 (GreenStar 4 Monitor),Laudis/Tough,34,6/13/2025,1.001,On,1126.8,118.75,-1.250,7.900,11.59,6.072,180.09,19.99,19.99,0,1,113.67,6/13/2025,Good,7.996,0.0020,2.998,0.00074,0.00,0.00,0.00,3.998,0.00099,1.999,0.00049,19.86,0.628,0.00,0.00,0.00,0.00,0.00,0.00,0.00,0.00,0.00,0.00,0.00,0.00,0.032
-93.77628493,42.01960326,A1/A2,TaskName 6/13/2025 (GreenStar 4 Monitor),Laudis/Tough,35,6/13/2025,1.000,On,1126.7,118.75,-1.250,7.921,11.62,5.945,180.26,19.99,19.99,0,1,114.01,6/13/2025,Good,7.995,0.0020,2.998,0.00074,0.00,0.00,0.00,3.998,0.00099,1.999,0.00049,19.86,0.629,0.00,0.00,0.00,0.00,0.00,0.00,0.00,0.00,0.00,0.00,0.00,0.00,0.032
-93.77628500,42.01957169,A1/A2,TaskName 6/13/2025 (GreenStar 4 Monitor),Laudis/Tough,36,6/13/2025,1.000,On,1126.7,118.75,-1.250,7.858,11.53,6.213,180.40,19.99,19.98,0,1,113.11,6/13/2025,Good,7.991,0.0020,2.997,0.00074,0.00,0.00,0.00,3.996,0.00098,1.998,0.00049,19.85,0.624,0.00,0.00,0.00,0.00,0.00,0.00,0.00,0.00,0.00,0.00,0.00,0.00,0.031
-93.77628554,42.01953997,A1/A2,TaskName 6/13/2025 (GreenStar 4 Monitor),Laudis/Tough,37,6/13/2025,1.000,On,1126.6,118.75,-1.250,7.884,11.56,6.072,179.92,19.99,19.99,0,1,113.40,6/13/2025,Good,7.998,0.0020,2.999,0.00074,0.00,0.00,0.00,3.999,0.00098,1.999,0.00049,19.86,0.626,0.00,0.00,0.00,0.00,0.00,0.00,0.00,0.00,0.00,0.00,0.00,0.00,0.032
-93.77628574,42.01950830,A1/A2,TaskName 6/13/2025 (GreenStar 4 Monitor),Laudis/Tough,38,6/13/2025,1.000,On,1126.5,118.75,-1.250,7.850,11.53,6.344,179.47,19.99,20.03,0,1,113.11,6/13/2025,Good,8.010,0.0020,3.004,0.00074,0.00,0.00,0.00,4.005,0.00098,2.003,0.00049,19.90,0.625,0.00,0.00,0.00,0.00,0.00,0.00,0.00,0.00,0.00,0.00,0.00,0.00,0.031
-93.77628552,42.01949560,A1/A2,TaskName 6/13/2025 (GreenStar 4 Monitor),Laudis/Tough,39,6/13/2025,0.395,On,1126.5,118.75,-1.250,7.865,4.556,6.446,179.68,19.99,19.98,0,1,113.21,6/13/2025,Good,7.991,0.00078,2.996,0.00029,0.00,0.00,0.00,3.995,0.00039,1.998,0.00019,19.85,0.247,0.00,0.00,0.00,0.00,0.00,0.00,0.00,0.00,0.00,0.00,0.00,0.00,0.012
-93.77628534,42.01946383,A1/A2,TaskName 6/13/2025 (GreenStar 4 Monitor),Laudis/Tough,40,6/13/2025,1.004,On,1126.4,120.00,-0.625,7.884,11.61,6.101,179.80,19.99,19.96,0,1,114.67,6/13/2025,Good,7.983,0.0020,2.994,0.00075,0.00,0.00,0.00,3.991,0.00100,1.996,0.00050,19.83,0.634,0.00,0.00,0.00,0.00,0.00,0.00,0.00,0.00,0.00,0.00,0.00,0.00,0.032
-93.77628528,42.01945745,A1/A2,TaskName 6/13/2025 (GreenStar 4 Monitor),Laudis/Tough,41,6/13/2025,0.201,On,1126.4,120.00,-0.625,7.899,2.317,6.459,179.89,19.99,20.00,0,1,114.32,6/13/2025,Good,8.001,0.00040,3.000,0.00015,0.00,0.00,0.00,4.000,0.00020,2.000,9.974e-05,19.87,0.127,0.00,0.00,0.00,0.00,0.00,0.00,0.00,0.00,0.00,0.00,0.00,0.00,0.0064
-93.77628528,42.01945114,A1/A2,TaskName 6/13/2025 (GreenStar 4 Monitor),Laudis/Tough,42,6/13/2025,0.195,On,1126.4,118.75,-1.250,7.912,2.274,6.485,179.90,19.99,19.97,0,1,114.46,6/13/2025,Good,7.988,0.00039,2.996,0.00015,0.00,0.00,0.00,3.994,0.00019,1.997,9.673e-05,19.84,0.123,0.00,0.00,0.00,0.00,0.00,0.00,0.00,0.00,0.00,0.00,0.00,0.00,0.0062
-93.77628512,42.01941933,A1/A2,TaskName 6/13/2025 (GreenStar 4 Monitor),Laudis/Tough,43,6/13/2025,1.005,On,1126.2,117.50,-1.875,7.911,11.65,6.282,179.86,19.99,19.96,0,1,112.60,6/13/2025,Good,7.985,0.0020,2.995,0.00074,0.00,0.00,0.00,3.993,0.00098,1.996,0.00049,19.83,0.623,0.00,0.00,0.00,0.00,0.00,0.00,0.00,0.00,0.00,0.00,0.00,0.00,0.031
-93.77628492,42.01938749,A1/A2,TaskName 6/13/2025 (GreenStar 4 Monitor),Laudis/Tough,44,6/13/2025,0.995,On,1126.1,117.50,-1.875,7.890,11.51,6.418,180.35,19.99,20.02,0,1,112.33,6/13/2025,Good,8.007,0.0019,3.003,0.00073,0.00,0.00,0.00,4.004,0.00097,2.002,0.00049,19.89,0.617,0.00,0.00,0.00,0.00,0.00,0.00,0.00,0.00,0.00,0.00,0.00,0.00,0.031
-93.77628486,42.01936846,A1/A2,TaskName 6/13/2025 (GreenStar 4 Monitor),Laudis/Tough,45,6/13/2025,0.599,On,1126.1,118.75,-1.250,7.910,6.944,6.379,180.39,19.99,19.97,0,1,113.78,6/13/2025,Good,7.987,0.0012,2.995,0.00044,0.00,0.00,0.00,3.993,0.00059,1.997,0.00030,19.84,0.376,0.00,0.00,0.00,0.00,0.00,0.00,0.00,0.00,0.00,0.00,0.00,0.00,0.019
-93.77628545,42.01933669,A1/A2,TaskName 6/13/2025 (GreenStar 4 Monitor),Laudis/Tough,46,6/13/2025,1.005,On,1126.1,117.50,-1.875,7.886,11.62,6.481,179.78,19.99,20.02,0,1,112.29,6/13/2025,Good,8.009,0.0020,3.004,0.00074,0.00,0.00,0.00,4.005,0.00098,2.002,0.00049,19.89,0.624,0.00,0.00,0.00,0.00,0.00,0.00,0.00,0.00,0.00,0.00,0.00,0.00,0.031
-93.77628510,42.01930495,A1/A2,TaskName 6/13/2025 (GreenStar 4 Monitor),Laudis/Tough,47,6/13/2025,1.000,On,1126.0,117.50,-1.875,7.901,11.58,6.497,179.86,19.99,20.01,0,1,112.47,6/13/2025,Good,8.004,0.0020,3.002,0.00073,0.00,0.00,0.00,4.002,0.00098,2.001,0.00049,19.88,0.621,0.00,0.00,0.00,0.00,0.00,0.00,0.00,0.00,0.00,0.00,0.00,0.00,0.031
-93.77628478,42.01927939,A1/A2,TaskName 6/13/2025 (GreenStar 4 Monitor),Laudis/Tough,48,6/13/2025,0.796,On,1125.9,117.50,-1.875,7.899,9.219,6.350,180.20,19.99,19.98,0,1,112.46,6/13/2025,Good,7.993,0.0016,2.998,0.00058,0.00,0.00,0.00,3.997,0.00078,1.998,0.00039,19.85,0.494,0.00,0.00,0.00,0.00,0.00,0.00,0.00,0.00,0.00,0.00,0.00,0.00,0.025
-93.77628452,42.01924759,A1/A2,TaskName 6/13/2025 (GreenStar 4 Monitor),Laudis/Tough,49,6/13/2025,1.000,On,1125.8,116.25,-2.500,7.904,11.59,6.417,180.70,19.99,20.00,0,1,111.36,6/13/2025,Good,7.998,0.0019,2.999,0.00072,0.00,0.00,0.00,3.999,0.00097,2.000,0.00048,19.87,0.615,0.00,0.00,0.00,0.00,0.00,0.00,0.00,0.00,0.00,0.00,0.00,0.00,0.031
-93.77628515,42.01921554,A1/A2,TaskName 6/13/2025 (GreenStar 4 Monitor),Laudis/Tough,50,6/13/2025,1.000,On,1125.7,116.25,-2.500,7.933,11.63,6.069,180.08,19.99,20.01,0,1,111.74,6/13/2025,Good,8.003,0.0019,3.001,0.00073,0.00,0.00,0.00,4.002,0.00097,2.001,0.00049,19.88,0.617,0.00,0.00,0.00,0.00,0.00,0.00,0.00,0.00,0.00,0.00,0.00,0.00,0.031
-93.77628561,42.01918358,A1/A2,TaskName 6/13/2025 (GreenStar 4 Monitor),Laudis/Tough,51,6/13/2025,1.000,On,1125.6,116.25,-2.500,7.942,11.65,6.051,179.62,19.99,19.99,0,1,111.90,6/13/2025,Good,7.995,0.0019,2.998,0.00073,0.00,0.00,0.00,3.998,0.00097,1.999,0.00049,19.86,0.617,0.00,0.00,0.00,0.00,0.00,0.00,0.00,0.00,0.00,0.00,0.00,0.00,0.031
-93.77628568,42.01917716,A1/A2,TaskName 6/13/2025 (GreenStar 4 Monitor),Laudis/Tough,52,6/13/2025,0.200,On,1125.6,116.25,-2.500,7.955,2.333,5.950,179.58,19.99,19.87,0,1,112.09,6/13/2025,Good,7.950,0.00039,2.981,0.00015,0.00,0.00,0.00,3.975,0.00019,1.987,9.669e-05,19.74,0.123,0.00,0.00,0.00,0.00,0.00,0.00,0.00,0.00,0.00,0.00,0.00,0.00,0.0062
-93.77628537,42.01914520,A1/A2,TaskName 6/13/2025 (GreenStar 4 Monitor),Laudis/Tough,53,6/13/2025,1.000,On,1125.5,121.25,0.00,7.974,11.69,5.835,180.01,19.99,19.90,0,1,117.17,6/13/2025,Good,7.960,0.0020,2.985,0.00076,0.00,0.00,0.00,3.980,0.0010,1.990,0.00051,19.77,0.643,0.00,0.00,0.00,0.00,0.00,0.00,0.00,0.00,0.00,0.00,0.00,0.00,0.033
-93.77628541,42.01911322,A1/A2,TaskName 6/13/2025 (GreenStar 4 Monitor),Laudis/Tough,54,6/13/2025,1.000,On,1125.2,121.25,0.00,7.943,11.63,5.816,180.05,19.99,19.95,0,1,116.58,6/13/2025,Good,7.980,0.0020,2.992,0.00076,0.00,0.00,0.00,3.990,0.0010,1.995,0.00050,19.82,0.642,0.00,0.00,0.00,0.00,0.00,0.00,0.00,0.00,0.00,0.00,0.00,0.00,0.032
-93.77628576,42.01908122,A1/A2,TaskName 6/13/2025 (GreenStar 4 Monitor),Laudis/Tough,55,6/13/2025,1.004,On,1125.0,121.25,0.00,7.945,11.71,5.768,179.72,19.99,19.94,0,1,116.87,6/13/2025,Good,7.978,0.0020,2.992,0.00076,0.00,0.00,0.00,3.989,0.0010,1.994,0.00051,19.82,0.646,0.00,0.00,0.00,0.00,0.00,0.00,0.00,0.00,0.00,0.00,0.00,0.00,0.033
-93.77628556,42.01904908,A1/A2,TaskName 6/13/2025 (GreenStar 4 Monitor),Laudis/Tough,56,6/13/2025,0.995,On,1124.8,121.25,0.00,7.976,11.64,5.689,179.70,19.99,19.99,0,1,117.23,6/13/2025,Good,7.995,0.0020,2.998,0.00076,0.00,0.00,0.00,3.998,0.0010,1.999,0.00051,19.86,0.643,0.00,0.00,0.00,0.00,0.00,0.00,0.00,0.00,0.00,0.00,0.00,0.00,0.032
-93.77628527,42.01901712,A1/A2,TaskName 6/13/2025 (GreenStar 4 Monitor),Laudis/Tough,57,6/13/2025,1.001,On,1124.6,121.25,0.00,7.951,11.67,5.570,179.93,19.99,19.94,0,1,116.83,6/13/2025,Good,7.978,0.0020,2.992,0.00076,0.00,0.00,0.00,3.989,0.0010,1.994,0.00051,19.82,0.644,0.00,0.00,0.00,0.00,0.00,0.00,0.00,0.00,0.00,0.00,0.00,0.00,0.032
-93.77628506,42.01898507,A1/A2,TaskName 6/13/2025 (GreenStar 4 Monitor),Laudis/Tough,58,6/13/2025,1.000,On,1124.4,121.25,0.00,7.962,11.67,5.220,180.20,19.99,19.95,0,1,116.98,6/13/2025,Good,7.981,0.0020,2.993,0.00076,0.00,0.00,0.00,3.991,0.0010,1.995,0.00051,19.82,0.644,0.00,0.00,0.00,0.00,0.00,0.00,0.00,0.00,0.00,0.00,0.00,0.00,0.032
-93.77628554,42.01895341,A1/A2,TaskName 6/13/2025 (GreenStar 4 Monitor),Laudis/Tough,59,6/13/2025,0.999,On,1124.2,121.25,0.00,7.910,11.58,5.809,179.60,19.99,19.97,0,1,116.20,6/13/2025,Good,7.990,0.0020,2.996,0.00075,0.00,0.00,0.00,3.995,0.0010,1.997,0.00050,19.84,0.640,0.00,0.00,0.00,0.00,0.00,0.00,0.00,0.00,0.00,0.00,0.00,0.00,0.032
-93.77628548,42.01892154,A1/A2,TaskName 6/13/2025 (GreenStar 4 Monitor),Laudis/Tough,60,6/13/2025,1.001,On,1124.0,121.25,0.00,7.902,11.59,5.730,179.48,19.99,20.01,0,1,116.07,6/13/2025,Good,8.004,0.0020,3.001,0.00076,0.00,0.00,0.00,4.002,0.0010,2.001,0.00050,19.88,0.642,0.00,0.00,0.00,0.00,0.00,0.00,0.00,0.00,0.00,0.00,0.00,0.00,0.032
-93.77628494,42.01889003,A1/A2,TaskName 6/13/2025 (GreenStar 4 Monitor),Laudis/Tough,61,6/13/2025,1.000,On,1123.8,121.25,0.00,7.856,11.52,6.147,180.08,19.99,19.99,0,1,115.40,6/13/2025,Good,7.995,0.0020,2.998,0.00075,0.00,0.00,0.00,3.997,0.0010,1.999,0.00050,19.86,0.637,0.00,0.00,0.00,0.00,0.00,0.00,0.00,0.00,0.00,0.00,0.00,0.00,0.032
-93.77628473,42.01885840,A1/A2,TaskName 6/13/2025 (GreenStar 4 Monitor),Laudis/Tough,62,6/13/2025,1.000,On,1123.7,121.25,0.00,7.860,11.53,6.056,180.47,19.99,20.00,0,1,115.50,6/13/2025,Good,8.000,0.0020,3.000,0.00075,0.00,0.00,0.00,4.000,0.0010,2.000,0.00050,19.87,0.637,0.00,0.00,0.00,0.00,0.00,0.00,0.00,0.00,0.00,0.00,0.00,0.00,0.032
-93.77628510,42.01882670,A1/A2,TaskName 6/13/2025 (GreenStar 4 Monitor),Laudis/Tough,63,6/13/2025,1.004,On,1123.5,121.25,0.00,7.870,11.59,6.048,180.09,19.99,19.99,0,1,115.69,6/13/2025,Good,7.996,0.0020,2.999,0.00076,0.00,0.00,0.00,3.998,0.0010,1.999,0.00050,19.86,0.641,0.00,0.00,0.00,0.00,0.00,0.00,0.00,0.00,0.00,0.00,0.00,0.00,0.032
-93.77628545,42.01879503,A1/A2,TaskName 6/13/2025 (GreenStar 4 Monitor),Laudis/Tough,64,6/13/2025,0.995,On,1123.4,121.25,0.00,7.873,11.48,5.955,179.51,19.99,19.98,0,1,115.65,6/13/2025,Good,7.991,0.0020,2.996,0.00075,0.00,0.00,0.00,3.995,0.00100,1.998,0.00050,19.85,0.634,0.00,0.00,0.00,0.00,0.00,0.00,0.00,0.00,0.00,0.00,0.00,0.00,0.032
-93.77628491,42.01876322,A1/A2,TaskName 6/13/2025 (GreenStar 4 Monitor),Laudis/Tough,65,6/13/2025,1.001,On,1123.2,121.25,0.00,7.890,11.58,5.628,179.95,19.99,19.98,0,1,115.91,6/13/2025,Good,7.993,0.0020,2.997,0.00075,0.00,0.00,0.00,3.997,0.0010,1.998,0.00050,19.85,0.640,0.00,0.00,0.00,0.00,0.00,0.00,0.00,0.00,0.00,0.00,0.00,0.00,0.032
-93.77628446,42.01873157,A1/A2,TaskName 6/13/2025 (GreenStar 4 Monitor),Laudis/Tough,66,6/13/2025,0.999,On,1123.0,121.25,0.00,7.890,11.56,5.805,180.78,19.99,20.00,0,1,115.91,6/13/2025,Good,7.999,0.0020,3.000,0.00075,0.00,0.00,0.00,4.000,0.0010,2.000,0.00050,19.87,0.639,0.00,0.00,0.00,0.00,0.00,0.00,0.00,0.00,0.00,0.00,0.00,0.00,0.032
-93.77628487,42.01870005,A1/A2,TaskName 6/13/2025 (GreenStar 4 Monitor),Laudis/Tough,67,6/13/2025,1.001,On,1122.9,121.25,0.00,7.851,11.52,6.157,180.24,19.99,20.02,0,1,115.31,6/13/2025,Good,8.009,0.0020,3.004,0.00075,0.00,0.00,0.00,4.005,0.0010,2.002,0.00050,19.89,0.638,0.00,0.00,0.00,0.00,0.00,0.00,0.00,0.00,0.00,0.00,0.00,0.00,0.032
-93.77628560,42.01866843,A1/A2,TaskName 6/13/2025 (GreenStar 4 Monitor),Laudis/Tough,68,6/13/2025,0.995,On,1122.8,121.25,0.00,7.838,11.43,5.792,179.23,19.99,19.96,0,1,115.15,6/13/2025,Good,7.983,0.0020,2.994,0.00074,0.00,0.00,0.00,3.992,0.00099,1.996,0.00050,19.83,0.631,0.00,0.00,0.00,0.00,0.00,0.00,0.00,0.00,0.00,0.00,0.00,0.00,0.032
-93.77628474,42.01863677,A1/A2,TaskName 6/13/2025 (GreenStar 4 Monitor),Laudis/Tough,69,6/13/2025,1.004,On,1122.8,121.25,0.00,7.855,11.56,6.201,180.24,19.99,19.94,0,1,115.40,6/13/2025,Good,7.975,0.0020,2.991,0.00075,0.00,0.00,0.00,3.988,0.0010,1.994,0.00050,19.81,0.637,0.00,0.00,0.00,0.00,0.00,0.00,0.00,0.00,0.00,0.00,0.00,0.00,0.032
-93.77628440,42.01860527,A1/A2,TaskName 6/13/2025 (GreenStar 4 Monitor),Laudis/Tough,70,6/13/2025,1.000,On,1122.7,121.25,0.00,7.808,11.45,6.853,181.08,19.99,20.06,0,1,114.74,6/13/2025,Good,8.023,0.0020,3.009,0.00075,0.00,0.00,0.00,4.012,0.00100,2.006,0.00050,19.93,0.635,0.00,0.00,0.00,0.00,0.00,0.00,0.00,0.00,0.00,0.00,0.00,0.00,0.032
-93.77628577,42.01857356,A1/A2,TaskName 6/13/2025 (GreenStar 4 Monitor),Laudis/Tough,71,6/13/2025,1.001,On,1122.6,121.25,0.00,7.861,11.54,6.628,179.84,19.99,20.01,0,1,115.51,6/13/2025,Good,8.003,0.0020,3.001,0.00075,0.00,0.00,0.00,4.002,0.0010,2.001,0.00050,19.88,0.638,0.00,0.00,0.00,0.00,0.00,0.00,0.00,0.00,0.00,0.00,0.00,0.00,0.032
-93.77628637,42.01854200,A1/A2,TaskName 6/13/2025 (GreenStar 4 Monitor),Laudis/Tough,72,6/13/2025,0.995,On,1122.5,121.25,0.00,7.881,11.49,6.953,178.72,19.99,19.97,0,1,115.75,6/13/2025,Good,7.989,0.0020,2.996,0.00075,0.00,0.00,0.00,3.995,0.00100,1.997,0.00050,19.84,0.635,0.00,0.00,0.00,0.00,0.00,0.00,0.00,0.00,0.00,0.00,0.00,0.00,0.032
-93.77628499,42.01850997,A1/A2,TaskName 6/13/2025 (GreenStar 4 Monitor),Laudis/Tough,73,6/13/2025,1.005,On,1122.4,121.25,0.00,7.903,11.65,6.466,179.95,19.99,20.01,0,1,116.12,6/13/2025,Good,8.005,0.0020,3.002,0.00076,0.00,0.00,0.00,4.002,0.0010,2.001,0.00051,19.88,0.645,0.00,0.00,0.00,0.00,0.00,0.00,0.00,0.00,0.00,0.00,0.00,0.00,0.032
-93.77628435,42.01847785,A1/A2,TaskName 6/13/2025 (GreenStar 4 Monitor),Laudis/Tough,74,6/13/2025,0.995,On,1122.4,121.25,0.00,7.934,11.58,6.348,180.82,19.99,20.01,0,1,116.60,6/13/2025,Good,8.004,0.0020,3.002,0.00076,0.00,0.00,0.00,4.002,0.0010,2.001,0.00050,19.88,0.641,0.00,0.00,0.00,0.00,0.00,0.00,0.00,0.00,0.00,0.00,0.00,0.00,0.032
-93.77628535,42.01844608,A1/A2,TaskName 6/13/2025 (GreenStar 4 Monitor),Laudis/Tough,75,6/13/2025,1.000,On,1122.3,121.25,0.00,7.970,11.69,6.562,179.80,19.99,19.97,0,1,117.14,6/13/2025,Good,7.990,0.0020,2.996,0.00076,0.00,0.00,0.00,3.995,0.0010,1.997,0.00051,19.84,0.646,0.00,0.00,0.00,0.00,0.00,0.00,0.00,0.00,0.00,0.00,0.00,0.00,0.033
-93.77628551,42.01841429,A1/A2,TaskName 6/13/2025 (GreenStar 4 Monitor),Laudis/Tough,76,6/13/2025,1.005,On,1122.4,121.25,0.00,7.876,11.61,6.841,179.41,19.99,20.05,0,1,115.74,6/13/2025,Good,8.018,0.0020,3.007,0.00076,0.00,0.00,0.00,4.009,0.0010,2.005,0.00051,19.91,0.643,0.00,0.00,0.00,0.00,0.00,0.00,0.00,0.00,0.00,0.00,0.00,0.00,0.032
-93.77628475,42.01838232,A1/A2,TaskName 6/13/2025 (GreenStar 4 Monitor),Laudis/Tough,77,6/13/2025,0.994,On,1122.3,121.25,0.00,7.912,11.54,6.559,180.09,19.99,20.00,0,1,116.29,6/13/2025,Good,7.999,0.0020,3.000,0.00075,0.00,0.00,0.00,4.000,0.0010,2.000,0.00050,19.87,0.638,0.00,0.00,0.00,0.00,0.00,0.00,0.00,0.00,0.00,0.00,0.00,0.00,0.032
-93.77628401,42.01835051,A1/A2,TaskName 6/13/2025 (GreenStar 4 Monitor),Laudis/Tough,78,6/13/2025,1.006,On,1122.3,121.25,0.00,7.915,11.68,6.758,181.04,19.99,20.00,0,1,116.31,6/13/2025,Good,8.000,0.0020,3.000,0.00076,0.00,0.00,0.00,4.000,0.0010,2.000,0.00051,19.87,0.646,0.00,0.00,0.00,0.00,0.00,0.00,0.00,0.00,0.00,0.00,0.00,0.00,0.033
-93.77628478,42.01831864,A1/A2,TaskName 6/13/2025 (GreenStar 4 Monitor),Laudis/Tough,79,6/13/2025,1.000,On,1122.3,121.25,0.00,7.943,11.64,6.397,180.71,19.99,19.98,0,1,116.68,6/13/2025,Good,7.993,0.0020,2.997,0.00076,0.00,0.00,0.00,3.996,0.0010,1.998,0.00051,19.85,0.643,0.00,0.00,0.00,0.00,0.00,0.00,0.00,0.00,0.00,0.00,0.00,0.00,0.032
-93.77628599,42.01828681,A1/A2,TaskName 6/13/2025 (GreenStar 4 Monitor),Laudis/Tough,80,6/13/2025,0.995,On,1122.3,121.25,0.00,7.929,11.57,6.392,179.36,19.99,20.01,0,1,116.50,6/13/2025,Good,8.004,0.0020,3.001,0.00076,0.00,0.00,0.00,4.002,0.0010,2.001,0.00050,19.88,0.640,0.00,0.00,0.00,0.00,0.00,0.00,0.00,0.00,0.00,0.00,0.00,0.00,0.032
-93.77628569,42.01825500,A1/A2,TaskName 6/13/2025 (GreenStar 4 Monitor),Laudis/Tough,81,6/13/2025,1.000,On,1122.2,121.25,0.00,7.890,11.57,6.659,179.36,19.99,19.98,0,1,115.95,6/13/2025,Good,7.992,0.0020,2.997,0.00075,0.00,0.00,0.00,3.996,0.0010,1.998,0.00050,19.85,0.639,0.00,0.00,0.00,0.00,0.00,0.00,0.00,0.00,0.00,0.00,0.00,0.00,0.032
-93.77628472,42.01822321,A1/A2,TaskName 6/13/2025 (GreenStar 4 Monitor),Laudis/Tough,82,6/13/2025,1.005,On,1122.2,121.25,0.00,7.886,11.61,6.594,180.71,19.99,20.00,0,1,115.80,6/13/2025,Good,8.001,0.0020,3.000,0.00076,0.00,0.00,0.00,4.000,0.0010,2.000,0.00051,19.87,0.642,0.00,0.00,0.00,0.00,0.00,0.00,0.00,0.00,0.00,0.00,0.00,0.00,0.032
-93.77628514,42.01819129,A1/A2,TaskName 6/13/2025 (GreenStar 4 Monitor),Laudis/Tough,83,6/13/2025,1.000,On,1122.1,121.25,0.00,7.921,11.63,6.487,180.61,19.99,19.96,0,1,116.51,6/13/2025,Good,7.983,0.0020,2.994,0.00076,0.00,0.00,0.00,3.992,0.0010,1.996,0.00050,19.83,0.642,0.00,0.00,0.00,0.00,0.00,0.00,0.00,0.00,0.00,0.00,0.00,0.00,0.032
-93.77628650,42.01815968,A1/A2,TaskName 6/13/2025 (GreenStar 4 Monitor),Laudis/Tough,84,6/13/2025,1.000,On,1122.1,121.25,0.00,7.913,11.61,6.816,178.79,19.99,19.99,0,1,116.35,6/13/2025,Good,7.995,0.0020,2.998,0.00076,0.00,0.00,0.00,3.997,0.0010,1.999,0.00050,19.86,0.642,0.00,0.00,0.00,0.00,0.00,0.00,0.00,0.00,0.00,0.00,0.00,0.00,0.032
-93.77628596,42.01812798,A1/A2,TaskName 6/13/2025 (GreenStar 4 Monitor),Laudis/Tough,85,6/13/2025,0.999,On,1122.0,121.25,0.00,7.837,11.48,6.891,178.78,19.99,20.02,0,1,115.18,6/13/2025,Good,8.007,0.0020,3.003,0.00075,0.00,0.00,0.00,4.003,0.00100,2.002,0.00050,19.89,0.636,0.00,0.00,0.00,0.00,0.00,0.00,0.00,0.00,0.00,0.00,0.00,0.00,0.032
-93.77628470,42.01809601,A1/A2,TaskName 6/13/2025 (GreenStar 4 Monitor),Laudis/Tough,86,6/13/2025,0.996,On,1122.0,121.25,0.00,7.918,11.57,6.626,180.43,19.99,19.96,0,1,116.39,6/13/2025,Good,7.986,0.0020,2.995,0.00075,0.00,0.00,0.00,3.993,0.0010,1.996,0.00050,19.83,0.639,0.00,0.00,0.00,0.00,0.00,0.00,0.00,0.00,0.00,0.00,0.00,0.00,0.032
-93.77628488,42.01806423,A1/A2,TaskName 6/13/2025 (GreenStar 4 Monitor),Laudis/Tough,87,6/13/2025,1.004,On,1122.1,121.25,0.00,7.936,11.69,6.686,180.49,19.99,19.97,0,1,116.64,6/13/2025,Good,7.988,0.0020,2.995,0.00076,0.00,0.00,0.00,3.994,0.0010,1.997,0.00051,19.84,0.645,0.00,0.00,0.00,0.00,0.00,0.00,0.00,0.00,0.00,0.00,0.00,0.00,0.033
-93.77628569,42.01803246,A1/A2,TaskName 6/13/2025 (GreenStar 4 Monitor),Laudis/Tough,88,6/13/2025,0.996,On,1122.2,121.25,0.00,7.903,11.55,6.523,179.61,19.99,20.00,0,1,116.16,6/13/2025,Good,7.998,0.0020,2.999,0.00075,0.00,0.00,0.00,3.999,0.0010,2.000,0.00050,19.87,0.638,0.00,0.00,0.00,0.00,0.00,0.00,0.00,0.00,0.00,0.00,0.00,0.00,0.032
-93.77628565,42.01800081,A1/A2,TaskName 6/13/2025 (GreenStar 4 Monitor),Laudis/Tough,89,6/13/2025,1.005,On,1122.3,121.25,0.00,7.862,11.59,6.946,179.49,19.99,19.98,0,1,115.54,6/13/2025,Good,7.994,0.0020,2.998,0.00076,0.00,0.00,0.00,3.997,0.0010,1.998,0.00050,19.85,0.640,0.00,0.00,0.00,0.00,0.00,0.00,0.00,0.00,0.00,0.00,0.00,0.00,0.032
-93.77628503,42.01796925,A1/A2,TaskName 6/13/2025 (GreenStar 4 Monitor),Laudis/Tough,90,6/13/2025,0.995,On,1122.4,121.25,0.00,7.816,11.40,7.310,180.15,19.99,20.03,0,1,114.85,6/13/2025,Good,8.012,0.0020,3.005,0.00075,0.00,0.00,0.00,4.006,0.00099,2.003,0.00050,19.90,0.632,0.00,0.00,0.00,0.00,0.00,0.00,0.00,0.00,0.00,0.00,0.00,0.00,0.032
-93.77628507,42.01793788,A1/A2,TaskName 6/13/2025 (GreenStar 4 Monitor),Laudis/Tough,91,6/13/2025,1.000,On,1122.6,121.25,0.00,7.848,11.51,7.282,180.34,19.99,19.98,0,1,115.30,6/13/2025,Good,7.992,0.0020,2.997,0.00075,0.00,0.00,0.00,3.996,0.00100,1.998,0.00050,19.85,0.636,0.00,0.00,0.00,0.00,0.00,0.00,0.00,0.00,0.00,0.00,0.00,0.00,0.032
-93.77628594,42.01790627,A1/A2,TaskName 6/13/2025 (GreenStar 4 Monitor),Laudis/Tough,92,6/13/2025,1.000,On,1122.7,121.25,0.00,7.836,11.49,7.172,179.42,19.99,20.01,0,1,115.16,6/13/2025,Good,8.005,0.0020,3.002,0.00075,0.00,0.00,0.00,4.003,0.0010,2.001,0.00050,19.88,0.636,0.00,0.00,0.00,0.00,0.00,0.00,0.00,0.00,0.00,0.00,0.00,0.00,0.032
-93.77628576,42.01787466,A1/A2,TaskName 6/13/2025 (GreenStar 4 Monitor),Laudis/Tough,93,6/13/2025,1.000,On,1122.8,121.25,0.00,7.854,11.52,7.072,179.33,19.99,19.93,0,1,115.39,6/13/2025,Good,7.974,0.0020,2.990,0.00075,0.00,0.00,0.00,3.987,0.00100,1.993,0.00050,19.80,0.635,0.00,0.00,0.00,0.00,0.00,0.00,0.00,0.00,0.00,0.00,0.00,0.00,0.032
-93.77628493,42.01784291,A1/A2,TaskName 6/13/2025 (GreenStar 4 Monitor),Laudis/Tough,94,6/13/2025,1.000,On,1122.9,121.25,0.00,7.889,11.56,7.195,180.22,19.99,20.01,0,1,115.89,6/13/2025,Good,8.004,0.0020,3.002,0.00075,0.00,0.00,0.00,4.002,0.0010,2.001,0.00050,19.88,0.640,0.00,0.00,0.00,0.00,0.00,0.00,0.00,0.00,0.00,0.00,0.00,0.00,0.032
-93.77628459,42.01781099,A1/A2,TaskName 6/13/2025 (GreenStar 4 Monitor),Laudis/Tough,95,6/13/2025,1.005,On,1123.0,121.25,0.00,7.882,11.62,7.043,180.76,19.99,20.00,0,1,115.83,6/13/2025,Good,8.001,0.0020,3.000,0.00076,0.00,0.00,0.00,4.000,0.0010,2.000,0.00051,19.87,0.643,0.00,0.00,0.00,0.00,0.00,0.00,0.00,0.00,0.00,0.00,0.00,0.00,0.032
-93.77628600,42.01777907,A1/A2,TaskName 6/13/2025 (GreenStar 4 Monitor),Laudis/Tough,96,6/13/2025,0.995,On,1123.1,121.25,0.00,7.937,11.58,6.757,179.44,19.99,19.92,0,1,116.64,6/13/2025,Good,7.969,0.0020,2.988,0.00075,0.00,0.00,0.00,3.985,0.0010,1.992,0.00050,19.79,0.638,0.00,0.00,0.00,0.00,0.00,0.00,0.00,0.00,0.00,0.00,0.00,0.00,0.032
-93.77628607,42.01774724,A1/A2,TaskName 6/13/2025 (GreenStar 4 Monitor),Laudis/Tough,97,6/13/2025,1.000,On,1123.2,121.25,0.00,7.914,11.61,6.984,178.86,19.99,20.02,0,1,116.32,6/13/2025,Good,8.009,0.0020,3.003,0.00076,0.00,0.00,0.00,4.004,0.0010,2.002,0.00051,19.89,0.643,0.00,0.00,0.00,0.00,0.00,0.00,0.00,0.00,0.00,0.00,0.00,0.00,0.032
-93.77628488,42.01771531,A1/A2,TaskName 6/13/2025 (GreenStar 4 Monitor),Laudis/Tough,98,6/13/2025,1.000,On,1123.3,121.25,0.00,7.896,11.58,6.901,180.06,19.99,20.01,0,1,116.09,6/13/2025,Good,8.006,0.0020,3.002,0.00076,0.00,0.00,0.00,4.003,0.0010,2.001,0.00050,19.88,0.641,0.00,0.00,0.00,0.00,0.00,0.00,0.00,0.00,0.00,0.00,0.00,0.00,0.032
-93.77628421,42.01768327,A1/A2,TaskName 6/13/2025 (GreenStar 4 Monitor),Laudis/Tough,99,6/13/2025,1.005,On,1123.3,121.25,0.00,7.969,11.75,5.918,181.21,19.99,19.92,0,1,117.11,6/13/2025,Good,7.967,0.0020,2.988,0.00076,0.00,0.00,0.00,3.983,0.0010,1.992,0.00051,19.79,0.647,0.00,0.00,0.00,0.00,0.00,0.00,0.00,0.00,0.00,0.00,0.00,0.00,0.033
-93.77628530,42.01765188,A1/A2,TaskName 6/13/2025 (GreenStar 4 Monitor),Laudis/Tough,100,6/13/2025,0.995,On,1123.2,121.25,0.00,7.950,11.60,4.642,180.37,19.99,19.94,0,1,116.83,6/13/2025,Good,7.978,0.0020,2.992,0.00075,0.00,0.00,0.00,3.989,0.0010,1.994,0.00050,19.81,0.640,0.00,0.00,0.00,0.00,0.00,0.00,0.00,0.00,0.00,0.00,0.00,0.00,0.032
-93.77628560,42.01764626,A1/A2,TaskName 6/13/2025 (GreenStar 4 Monitor),Laudis/Tough,101,6/13/2025,0.200,On,1123.2,121.25,0.00,7.776,2.281,2.364,180.08,19.99,19.88,0,1,114.31,6/13/2025,Good,7.954,0.00039,2.983,0.00015,0.00,0.00,0.00,3.977,0.00020,1.988,9.866e-05,19.76,0.125,0.00,0.00,0.00,0.00,0.00,0.00,0.00,0.00,0.00,0.00,0.00,0.00,0.0064
-93.77638035,42.01772987,A1/A2,TaskName 6/13/2025 (GreenStar 4 Monitor),Laudis/Tough,102,6/13/2025,0.205,On,1123.2,6.250,41.25,6.221,1.872,6.875,129.22,19.99,23.53,0,2,4.718,6/13/2025,Over Target,9.412,1.976e-05,3.530,7.408e-06,0.00,0.00,0.00,4.706,9.878e-06,2.353,4.939e-06,23.38,0.0063,0.00,0.00,0.00,0.00,0.00,0.00,0.00,0.00,0.00,0.00,0.00,0.00,0.00027
-93.77637411,42.01772596,A1/A2,TaskName 6/13/2025 (GreenStar 4 Monitor),Laudis/Tough,103,6/13/2025,0.200,On,1123.1,11.25,41.25,6.720,1.971,5.752,129.23,19.99,21.53,0,2,9.162,6/13/2025,Good,8.612,3.425e-05,3.230,1.284e-05,0.00,0.00,0.00,4.306,1.712e-05,2.153,8.562e-06,21.39,0.011,0.00,0.00,0.00,0.00,0.00,0.00,0.00,0.00,0.00,0.00,0.00,0.00,0.00051
-93.77636784,42.01772225,A1/A2,TaskName 6/13/2025 (GreenStar 4 Monitor),Laudis/Tough,104,6/13/2025,0.200,On,1123.1,15.00,40.62,7.073,2.076,5.257,129.37,19.99,20.59,0,2,12.87,6/13/2025,Good,8.236,4.600e-05,3.089,1.725e-05,0.00,0.00,0.00,4.118,2.300e-05,2.059,1.150e-05,20.46,0.015,0.00,0.00,0.00,0.00,0.00,0.00,0.00,0.00,0.00,0.00,0.00,0.00,0.00071
-93.77636169,42.01771842,A1/A2,TaskName 6/13/2025 (GreenStar 4 Monitor),Laudis/Tough,105,6/13/2025,0.195,On,1123.1,16.25,40.00,7.259,2.076,5.085,129.34,19.99,21.95,0,2,14.30,6/13/2025,Good,8.779,5.311e-05,3.292,1.992e-05,0.00,0.00,0.00,4.390,2.656e-05,2.195,1.328e-05,21.81,0.017,0.00,0.00,0.00,0.00,0.00,0.00,0.00,0.00,0.00,0.00,0.00,0.00,0.00077
-93.77635564,42.01771452,A1/A2,TaskName 6/13/2025 (GreenStar 4 Monitor),Laudis/Tough,106,6/13/2025,0.205,On,1123.1,17.50,40.62,7.324,2.194,5.297,129.09,19.99,21.98,0,2,15.48,6/13/2025,Good,8.792,6.054e-05,3.297,2.270e-05,0.00,0.00,0.00,4.396,3.027e-05,2.198,1.514e-05,21.84,0.019,0.00,0.00,0.00,0.00,0.00,0.00,0.00,0.00,0.00,0.00,0.00,0.00,0.00088
-93.77634345,42.01770696,A1/A2,TaskName 6/13/2025 (GreenStar 4 Monitor),Laudis/Tough,107,6/13/2025,0.400,On,1123.2,18.75,40.00,7.363,4.332,5.387,128.96,19.99,21.31,0,2,16.78,6/13/2025,Good,8.523,0.00012,3.196,4.656e-05,0.00,0.00,0.00,4.262,6.208e-05,2.131,3.104e-05,21.17,0.039,0.00,0.00,0.00,0.00,0.00,0.00,0.00,0.00,0.00,0.00,0.00,0.00,0.0019
-93.77633728,42.01770331,A1/A2,TaskName 6/13/2025 (GreenStar 4 Monitor),Laudis/Tough,108,6/13/2025,0.200,On,1123.2,22.50,39.37,7.362,2.161,5.871,129.08,19.99,21.53,0,2,20.09,6/13/2025,Good,8.612,7.511e-05,3.230,2.817e-05,0.00,0.00,0.00,4.306,3.756e-05,2.153,1.878e-05,21.39,0.024,0.00,0.00,0.00,0.00,0.00,0.00,0.00,0.00,0.00,0.00,0.00,0.00,0.0011
-93.77633100,42.01769962,A1/A2,TaskName 6/13/2025 (GreenStar 4 Monitor),Laudis/Tough,109,6/13/2025,0.195,On,1123.2,23.75,38.75,7.337,2.099,6.188,129.12,19.99,21.20,0,2,21.13,6/13/2025,Good,8.480,7.581e-05,3.180,2.843e-05,0.00,0.00,0.00,4.240,3.791e-05,2.120,1.895e-05,21.06,0.024,0.00,0.00,0.00,0.00,0.00,0.00,0.00,0.00,0.00,0.00,0.00,0.00,0.0011
-93.77632494,42.01769581,A1/A2,TaskName 6/13/2025 (GreenStar 4 Monitor),Laudis/Tough,110,6/13/2025,0.200,On,1123.2,26.25,37.50,7.319,2.148,6.525,129.01,19.99,21.10,0,2,23.30,6/13/2025,Good,8.441,8.537e-05,3.166,3.201e-05,0.00,0.00,0.00,4.221,4.268e-05,2.110,2.134e-05,20.97,0.027,0.00,0.00,0.00,0.00,0.00,0.00,0.00,0.00,0.00,0.00,0.00,0.00,0.0013
-93.77631881,42.01769198,A1/A2,TaskName 6/13/2025 (GreenStar 4 Monitor),Laudis/Tough,111,6/13/2025,0.205,On,1123.2,27.50,36.87,7.317,2.191,6.485,129.03,19.99,21.23,0,2,24.29,6/13/2025,Good,8.493,9.176e-05,3.185,3.441e-05,0.00,0.00,0.00,4.246,4.588e-05,2.123,2.294e-05,21.09,0.029,0.00,0.00,0.00,0.00,0.00,0.00,0.00,0.00,0.00,0.00,0.00,0.00,0.0014
-93.77631264,42.01768828,A1/A2,TaskName 6/13/2025 (GreenStar 4 Monitor),Laudis/Tough,112,6/13/2025,0.195,On,1123.2,28.75,36.25,7.339,2.112,7.047,129.06,19.99,20.93,0,2,25.73,6/13/2025,Good,8.373,9.118e-05,3.140,3.419e-05,0.00,0.00,0.00,4.186,4.559e-05,2.093,2.280e-05,20.80,0.029,0.00,0.00,0.00,0.00,0.00,0.00,0.00,0.00,0.00,0.00,0.00,0.00,0.0014
-93.77630644,42.01768450,A1/A2,TaskName 6/13/2025 (GreenStar 4 Monitor),Laudis/Tough,113,6/13/2025,0.205,On,1123.2,31.25,35.00,7.353,2.210,6.928,129.08,19.99,20.78,0,2,27.85,6/13/2025,Good,8.313,0.00010,3.117,3.862e-05,0.00,0.00,0.00,4.157,5.149e-05,2.078,2.575e-05,20.65,0.033,0.00,0.00,0.00,0.00,0.00,0.00,0.00,0.00,0.00,0.00,0.00,0.00,0.0016
-93.77630028,42.01768060,A1/A2,TaskName 6/13/2025 (GreenStar 4 Monitor),Laudis/Tough,114,6/13/2025,0.195,On,1123.2,32.50,34.37,7.366,2.109,6.651,128.84,19.99,20.86,0,2,29.05,6/13/2025,Good,8.343,0.00010,3.129,3.845e-05,0.00,0.00,0.00,4.172,5.127e-05,2.086,2.564e-05,20.72,0.033,0.00,0.00,0.00,0.00,0.00,0.00,0.00,0.00,0.00,0.00,0.00,0.00,0.0016
-93.77629415,42.01767664,A1/A2,TaskName 6/13/2025 (GreenStar 4 Monitor),Laudis/Tough,115,6/13/2025,0.205,On,1123.2,35.00,33.12,7.386,2.220,6.155,128.69,19.99,20.86,0,2,31.33,6/13/2025,Good,8.343,0.00012,3.129,4.360e-05,0.00,0.00,0.00,4.172,5.814e-05,2.086,2.907e-05,20.72,0.037,0.00,0.00,0.00,0.00,0.00,0.00,0.00,0.00,0.00,0.00,0.00,0.00,0.0018
-93.77628756,42.01767295,A1/A2,TaskName 6/13/2025 (GreenStar 4 Monitor),Laudis/Tough,116,6/13/2025,0.195,On,1123.2,36.25,32.50,7.418,2.122,6.948,128.72,19.99,20.54,0,2,32.60,6/13/2025,Good,8.215,0.00011,3.081,4.250e-05,0.00,0.00,0.00,4.107,5.666e-05,2.054,2.833e-05,20.40,0.036,0.00,0.00,0.00,0.00,0.00,0.00,0.00,0.00,0.00,0.00,0.00,0.00,0.0018
-93.77628116,42.01766915,A1/A2,TaskName 6/13/2025 (GreenStar 4 Monitor),Laudis/Tough,117,6/13/2025,0.205,On,1123.2,38.75,31.25,7.476,2.237,6.472,128.76,19.99,20.68,0,2,34.94,6/13/2025,Good,8.270,0.00013,3.101,4.821e-05,0.00,0.00,0.00,4.135,6.428e-05,2.068,3.214e-05,20.54,0.041,0.00,0.00,0.00,0.00,0.00,0.00,0.00,0.00,0.00,0.00,0.00,0.00,0.0020
-93.77627475,42.01766539,A1/A2,TaskName 6/13/2025 (GreenStar 4 Monitor),Laudis/Tough,118,6/13/2025,0.195,On,1123.2,41.25,31.25,7.525,2.164,6.340,128.82,19.99,20.62,0,2,37.84,6/13/2025,Good,8.249,0.00013,3.093,4.953e-05,0.00,0.00,0.00,4.124,6.605e-05,2.062,3.302e-05,20.49,0.042,0.00,0.00,0.00,0.00,0.00,0.00,0.00,0.00,0.00,0.00,0.00,0.00,0.0020
-93.77626847,42.01766163,A1/A2,TaskName 6/13/2025 (GreenStar 4 Monitor),Laudis/Tough,119,6/13/2025,0.204,On,1123.2,43.75,30.00,7.545,2.260,6.287,128.77,19.99,20.60,0,2,40.05,6/13/2025,Good,8.240,0.00015,3.090,5.479e-05,0.00,0.00,0.00,4.120,7.305e-05,2.060,3.653e-05,20.47,0.046,0.00,0.00,0.00,0.00,0.00,0.00,0.00,0.00,0.00,0.00,0.00,0.00,0.0023
-93.77626198,42.01765767,A1/A2,TaskName 6/13/2025 (GreenStar 4 Monitor),Laudis/Tough,120,6/13/2025,0.200,On,1123.2,45.00,29.37,7.563,2.220,5.832,128.68,19.99,20.36,0,2,41.29,6/13/2025,Good,8.142,0.00015,3.053,5.471e-05,0.00,0.00,0.00,4.071,7.295e-05,2.036,3.647e-05,20.22,0.046,0.00,0.00,0.00,0.00,0.00,0.00,0.00,0.00,0.00,0.00,0.00,0.00,0.0023
-93.77624918,42.01764985,A1/A2,TaskName 6/13/2025 (GreenStar 4 Monitor),Laudis/Tough,121,6/13/2025,0.396,On,1123.2,47.50,26.87,7.647,4.440,5.974,128.43,19.99,20.40,0,2,44.02,6/13/2025,Good,8.159,0.00031,3.059,0.00012,0.00,0.00,0.00,4.079,0.00015,2.040,7.716e-05,20.26,0.098,0.00,0.00,0.00,0.00,0.00,0.00,0.00,0.00,0.00,0.00,0.00,0.00,0.0048
-93.77624285,42.01764603,A1/A2,TaskName 6/13/2025 (GreenStar 4 Monitor),Laudis/Tough,122,6/13/2025,0.204,On,1123.2,50.00,25.62,7.675,2.296,6.446,128.40,19.99,20.40,0,2,46.50,6/13/2025,Good,8.159,0.00017,3.060,6.299e-05,0.00,0.00,0.00,4.080,8.398e-05,2.040,4.199e-05,20.27,0.053,0.00,0.00,0.00,0.00,0.00,0.00,0.00,0.00,0.00,0.00,0.00,0.00,0.0026
-93.77623621,42.01764229,A1/A2,TaskName 6/13/2025 (GreenStar 4 Monitor),Laudis/Tough,123,6/13/2025,0.196,On,1123.2,51.25,25.00,7.630,2.194,6.102,128.51,19.99,20.09,0,2,47.41,6/13/2025,Good,8.035,0.00016,3.013,6.077e-05,0.00,0.00,0.00,4.018,8.102e-05,2.009,4.051e-05,19.96,0.052,0.00,0.00,0.00,0.00,0.00,0.00,0.00,0.00,0.00,0.00,0.00,0.00,0.0026
-93.77622981,42.01763844,A1/A2,TaskName 6/13/2025 (GreenStar 4 Monitor),Laudis/Tough,124,6/13/2025,0.200,On,1123.2,53.75,23.75,7.617,2.233,6.446,128.41,19.99,20.19,0,2,49.60,6/13/2025,Good,8.078,0.00017,3.029,6.522e-05,0.00,0.00,0.00,4.039,8.696e-05,2.019,4.348e-05,20.06,0.055,0.00,0.00,0.00,0.00,0.00,0.00,0.00,0.00,0.00,0.00,0.00,0.00,0.0028
-93.77622338,42.01763447,A1/A2,TaskName 6/13/2025 (GreenStar 4 Monitor),Laudis/Tough,125,6/13/2025,0.205,On,1123.2,55.00,23.12,7.621,2.292,6.281,128.33,19.99,20.29,0,2,50.83,6/13/2025,Good,8.116,0.00018,3.044,6.883e-05,0.00,0.00,0.00,4.058,9.177e-05,2.029,4.588e-05,20.16,0.058,0.00,0.00,0.00,0.00,0.00,0.00,0.00,0.00,0.00,0.00,0.00,0.00,0.0029
-93.77621697,42.01763055,A1/A2,TaskName 6/13/2025 (GreenStar 4 Monitor),Laudis/Tough,126,6/13/2025,0.200,On,1123.2,56.25,22.50,7.648,2.233,6.393,128.26,19.99,20.45,0,2,51.91,6/13/2025,Good,8.181,0.00018,3.068,6.912e-05,0.00,0.00,0.00,4.090,9.216e-05,2.045,4.608e-05,20.32,0.059,0.00,0.00,0.00,0.00,0.00,0.00,0.00,0.00,0.00,0.00,0.00,0.00,0.0029
-93.77621051,42.01762670,A1/A2,TaskName 6/13/2025 (GreenStar 4 Monitor),Laudis/Tough,127,6/13/2025,0.195,On,1123.1,58.75,21.25,7.668,2.204,6.327,128.28,19.99,20.08,0,2,54.87,6/13/2025,Good,8.031,0.00019,3.012,6.993e-05,0.00,0.00,0.00,4.015,9.324e-05,2.008,4.662e-05,19.95,0.059,0.00,0.00,0.00,0.00,0.00,0.00,0.00,0.00,0.00,0.00,0.00,0.00,0.0030
-93.77620376,42.01762285,A1/A2,TaskName 6/13/2025 (GreenStar 4 Monitor),Laudis/Tough,128,6/13/2025,0.200,On,1123.2,60.00,18.33,7.673,2.253,5.891,128.34,19.99,20.14,0,2,55.86,6/13/2025,Good,8.057,0.00020,3.021,7.325e-05,0.00,0.00,0.00,4.028,9.767e-05,2.014,4.883e-05,20.01,0.062,0.00,0.00,0.00,0.00,0.00,0.00,0.00,0.00,0.00,0.00,0.00,0.00,0.0031
-93.77619713,42.01761896,A1/A2,TaskName 6/13/2025 (GreenStar 4 Monitor),Laudis/Tough,129,6/13/2025,0.204,On,1123.1,65.00,14.28,7.704,2.306,5.719,128.40,19.99,19.98,0,2,60.71,6/13/2025,Good,7.992,0.00021,2.997,8.056e-05,0.00,0.00,0.00,3.996,0.00011,1.998,5.370e-05,19.85,0.068,0.00,0.00,0.00,0.00,0.00,0.00,0.00,0.00,0.00,0.00,0.00,0.00,0.0034
-93.77619052,42.01761494,A1/A2,TaskName 6/13/2025 (GreenStar 4 Monitor),Laudis/Tough,130,6/13/2025,0.195,On,1123.1,68.75,11.25,7.751,2.217,5.719,128.45,19.99,19.94,0,2,64.60,6/13/2025,Good,7.975,0.00022,2.991,8.175e-05,0.00,0.00,0.00,3.988,0.00011,1.994,5.450e-05,19.81,0.069,0.00,0.00,0.00,0.00,0.00,0.00,0.00,0.00,0.00,0.00,0.00,0.00,0.0035
-93.77618388,42.01761114,A1/A2,TaskName 6/13/2025 (GreenStar 4 Monitor),Laudis/Tough,131,6/13/2025,0.205,On,1123.1,75.00,7.208,7.798,2.345,5.739,128.52,19.99,19.81,0,2,70.90,6/13/2025,Good,7.924,0.00025,2.971,9.373e-05,0.00,0.00,0.00,3.962,0.00012,1.981,6.248e-05,19.68,0.079,0.00,0.00,0.00,0.00,0.00,0.00,0.00,0.00,0.00,0.00,0.00,0.00,0.0040
-93.77617723,42.01760732,A1/A2,TaskName 6/13/2025 (GreenStar 4 Monitor),Laudis/Tough,132,6/13/2025,0.201,On,1123.1,78.75,5.039,7.809,2.292,5.693,128.54,19.99,19.82,0,2,74.23,6/13/2025,Good,7.928,0.00026,2.973,9.626e-05,0.00,0.00,0.00,3.964,0.00013,1.982,6.417e-05,19.69,0.082,0.00,0.00,0.00,0.00,0.00,0.00,0.00,0.00,0.00,0.00,0.00,0.00,0.0041
-93.77617076,42.01760336,A1/A2,TaskName 6/13/2025 (GreenStar 4 Monitor),Laudis/Tough,133,6/13/2025,0.195,On,1123.2,83.75,2.798,7.802,2.243,5.772,128.49,19.99,19.67,0,2,79.62,6/13/2025,Good,7.868,0.00027,2.951,9.942e-05,0.00,0.00,0.00,3.934,0.00013,1.967,6.628e-05,19.54,0.084,0.00,0.00,0.00,0.00,0.00,0.00,0.00,0.00,0.00,0.00,0.00,0.00,0.0043
-93.77616422,42.01759945,A1/A2,TaskName 6/13/2025 (GreenStar 4 Monitor),Laudis/Tough,134,6/13/2025,0.205,On,1123.2,88.75,0.510,7.807,2.348,6.340,128.47,19.99,19.74,0,2,84.02,6/13/2025,Good,7.894,0.00030,2.960,0.00011,0.00,0.00,0.00,3.947,0.00015,1.974,7.376e-05,19.61,0.094,0.00,0.00,0.00,0.00,0.00,0.00,0.00,0.00,0.00,0.00,0.00,0.00,0.0048
-93.77615766,42.01759556,A1/A2,TaskName 6/13/2025 (GreenStar 4 Monitor),Laudis/Tough,135,6/13/2025,0.195,On,1123.2,93.75,-1.183,7.805,2.233,6.644,128.51,19.99,19.65,0,2,88.74,6/13/2025,Good,7.860,0.00030,2.947,0.00011,0.00,0.00,0.00,3.930,0.00015,1.965,7.379e-05,19.52,0.094,0.00,0.00,0.00,0.00,0.00,0.00,0.00,0.00,0.00,0.00,0.00,0.00,0.0048
-93.77615110,42.01759169,A1/A2,TaskName 6/13/2025 (GreenStar 4 Monitor),Laudis/Tough,136,6/13/2025,0.199,On,1123.1,97.50,-2.420,7.791,2.276,7.212,128.55,19.99,19.56,0,2,92.16,6/13/2025,Good,7.826,0.00031,2.935,0.00012,0.00,0.00,0.00,3.913,0.00016,1.956,7.786e-05,19.44,0.099,0.00,0.00,0.00,0.00,0.00,0.00,0.00,0.00,0.00,0.00,0.00,0.00,0.0051
-93.77614449,42.01758782,A1/A2,TaskName 6/13/2025 (GreenStar 4 Monitor),Laudis/Tough,137,6/13/2025,0.206,On,1123.2,103.75,-4.157,7.776,2.351,6.974,128.59,19.99,19.55,0,2,97.88,6/13/2025,Good,7.821,0.00034,2.933,0.00013,0.00,0.00,0.00,3.911,0.00017,1.955,8.556e-05,19.43,0.109,0.00,0.00,0.00,0.00,0.00,0.00,0.00,0.00,0.00,0.00,0.00,0.00,0.0056
-93.77613780,42.01758385,A1/A2,TaskName 6/13/2025 (GreenStar 4 Monitor),Laudis/Tough,138,6/13/2025,0.200,On,1123.2,107.50,-5.073,7.773,2.281,6.195,128.58,19.99,19.56,0,2,101.33,6/13/2025,Good,7.826,0.00034,2.935,0.00013,0.00,0.00,0.00,3.913,0.00017,1.956,8.604e-05,19.44,0.109,0.00,0.00,0.00,0.00,0.00,0.00,0.00,0.00,0.00,0.00,0.00,0.00,0.0056
-93.77610489,42.01756400,A1/A2,TaskName 6/13/2025 (GreenStar 4 Monitor),Laudis/Tough,139,6/13/2025,0.999,On,1123.1,110.00,-5.625,7.808,11.43,6.354,128.19,19.99,19.66,0,2,104.03,6/13/2025,Good,7.862,0.0018,2.948,0.00066,0.00,0.00,0.00,3.931,0.00089,1.966,0.00044,19.53,0.564,0.00,0.00,0.00,0.00,0.00,0.00,0.00,0.00,0.00,0.00,0.00,0.00,0.029
-93.77608485,42.01755223,A1/A2,TaskName 6/13/2025 (GreenStar 4 Monitor),Laudis/Tough,140,6/13/2025,0.601,On,1123.1,110.00,-5.625,7.859,6.925,6.271,128.40,19.99,19.76,0,2,104.75,6/13/2025,Good,7.905,0.0011,2.965,0.00041,0.00,0.00,0.00,3.953,0.00054,1.976,0.00027,19.63,0.343,0.00,0.00,0.00,0.00,0.00,0.00,0.00,0.00,0.00,0.00,0.00,0.00,0.017
-93.77605108,42.01753224,A1/A2,TaskName 6/13/2025 (GreenStar 4 Monitor),Laudis/Tough,141,6/13/2025,0.995,On,1123.1,108.75,-6.250,7.942,11.58,5.749,128.53,19.99,19.74,0,2,104.62,6/13/2025,Good,7.896,0.0018,2.961,0.00067,0.00,0.00,0.00,3.948,0.00089,1.974,0.00045,19.61,0.567,0.00,0.00,0.00,0.00,0.00,0.00,0.00,0.00,0.00,0.00,0.00,0.00,0.029
-93.77601741,42.01751236,A1/A2,TaskName 6/13/2025 (GreenStar 4 Monitor),Laudis/Tough,142,6/13/2025,1.005,On,1123.1,108.75,-6.250,7.965,11.72,5.434,128.57,19.99,19.80,0,2,104.84,6/13/2025,Good,7.922,0.0018,2.971,0.00068,0.00,0.00,0.00,3.961,0.00091,1.980,0.00045,19.68,0.576,0.00,0.00,0.00,0.00,0.00,0.00,0.00,0.00,0.00,0.00,0.00,0.00,0.029
-93.77598427,42.01749239,A1/A2,TaskName 6/13/2025 (GreenStar 4 Monitor),Laudis/Tough,143,6/13/2025,0.995,On,1123.1,108.75,-6.250,7.930,11.58,5.711,128.04,19.99,19.92,0,2,104.59,6/13/2025,Good,7.968,0.0018,2.988,0.00067,0.00,0.00,0.00,3.984,0.00090,1.992,0.00045,19.79,0.572,0.00,0.00,0.00,0.00,0.00,0.00,0.00,0.00,0.00,0.00,0.00,0.00,0.029
-93.77595103,42.01747266,A1/A2,TaskName 6/13/2025 (GreenStar 4 Monitor),Laudis/Tough,144,6/13/2025,1.004,On,1123.1,108.75,-6.250,7.874,11.59,5.994,127.90,19.99,19.92,0,2,103.74,6/13/2025,Good,7.969,0.0018,2.989,0.00068,0.00,0.00,0.00,3.985,0.00090,1.992,0.00045,19.79,0.573,0.00,0.00,0.00,0.00,0.00,0.00,0.00,0.00,0.00,0.00,0.00,0.00,0.029
-93.77591727,42.01745313,A1/A2,TaskName 6/13/2025 (GreenStar 4 Monitor),Laudis/Tough,145,6/13/2025,0.996,On,1123.1,108.75,-6.250,7.921,11.56,5.466,128.38,19.99,19.92,0,2,104.34,6/13/2025,Good,7.967,0.0018,2.988,0.00067,0.00,0.00,0.00,3.984,0.00090,1.992,0.00045,19.79,0.571,0.00,0.00,0.00,0.00,0.00,0.00,0.00,0.00,0.00,0.00,0.00,0.00,0.029
-93.77588393,42.01743352,A1/A2,TaskName 6/13/2025 (GreenStar 4 Monitor),Laudis/Tough,146,6/13/2025,1.005,On,1123.2,108.75,-6.250,7.892,11.61,5.861,128.41,19.99,19.96,0,2,103.84,6/13/2025,Good,7.984,0.0018,2.994,0.00068,0.00,0.00,0.00,3.992,0.00090,1.996,0.00045,19.83,0.575,0.00,0.00,0.00,0.00,0.00,0.00,0.00,0.00,0.00,0.00,0.00,0.00,0.029
-93.77585058,42.01741383,A1/A2,TaskName 6/13/2025 (GreenStar 4 Monitor),Laudis/Tough,147,6/13/2025,0.995,On,1123.2,108.75,-6.250,7.849,11.46,6.008,128.51,19.99,19.98,0,2,103.49,6/13/2025,Good,7.993,0.0018,2.997,0.00067,0.00,0.00,0.00,3.997,0.00089,1.998,0.00045,19.85,0.568,0.00,0.00,0.00,0.00,0.00,0.00,0.00,0.00,0.00,0.00,0.00,0.00,0.029
-93.77581757,42.01739406,A1/A2,TaskName 6/13/2025 (GreenStar 4 Monitor),Laudis/Tough,148,6/13/2025,1.000,On,1123.2,108.75,-6.250,7.874,11.54,5.858,128.68,19.99,19.97,0,2,103.74,6/13/2025,Good,7.990,0.0018,2.996,0.00067,0.00,0.00,0.00,3.995,0.00090,1.997,0.00045,19.84,0.572,0.00,0.00,0.00,0.00,0.00,0.00,0.00,0.00,0.00,0.00,0.00,0.00,0.029
-93.77579743,42.01738223,A1/A2,TaskName 6/13/2025 (GreenStar 4 Monitor),Laudis/Tough,149,6/13/2025,0.599,On,1123.2,108.75,-6.250,7.880,6.922,5.583,128.77,19.99,19.91,0,2,103.86,6/13/2025,Good,7.965,0.0011,2.987,0.00040,0.00,0.00,0.00,3.983,0.00054,1.991,0.00027,19.78,0.342,0.00,0.00,0.00,0.00,0.00,0.00,0.00,0.00,0.00,0.00,0.00,0.00,0.017
-93.77576446,42.01736237,A1/A2,TaskName 6/13/2025 (GreenStar 4 Monitor),Laudis/Tough,150,6/13/2025,1.000,On,1123.2,107.50,-6.875,7.889,11.56,5.732,128.79,19.99,19.95,0,2,102.73,6/13/2025,Good,7.980,0.0018,2.993,0.00067,0.00,0.00,0.00,3.990,0.00089,1.995,0.00044,19.82,0.566,0.00,0.00,0.00,0.00,0.00,0.00,0.00,0.00,0.00,0.00,0.00,0.00,0.029
-93.77573167,42.01734236,A1/A2,TaskName 6/13/2025 (GreenStar 4 Monitor),Laudis/Tough,151,6/13/2025,0.996,On,1123.2,107.50,-6.875,7.848,11.46,6.050,128.36,19.99,19.99,0,2,102.23,6/13/2025,Good,7.994,0.0018,2.998,0.00066,0.00,0.00,0.00,3.997,0.00088,1.999,0.00044,19.86,0.562,0.00,0.00,0.00,0.00,0.00,0.00,0.00,0.00,0.00,0.00,0.00,0.00,0.028
-93.77569845,42.01732247,A1/A2,TaskName 6/13/2025 (GreenStar 4 Monitor),Laudis/Tough,152,6/13/2025,1.005,On,1123.1,107.50,-6.875,7.878,11.59,5.843,128.02,19.99,19.97,0,2,102.48,6/13/2025,Good,7.988,0.0018,2.996,0.00067,0.00,0.00,0.00,3.994,0.00089,1.997,0.00045,19.84,0.568,0.00,0.00,0.00,0.00,0.00,0.00,0.00,0.00,0.00,0.00,0.00,0.00,0.029
-93.77566462,42.01730272,A1/A2,TaskName 6/13/2025 (GreenStar 4 Monitor),Laudis/Tough,153,6/13/2025,1.000,On,1122.9,107.50,-6.875,7.913,11.61,5.579,128.14,19.99,19.95,0,2,103.13,6/13/2025,Good,7.979,0.0018,2.992,0.00067,0.00,0.00,0.00,3.990,0.00089,1.995,0.00045,19.82,0.568,0.00,0.00,0.00,0.00,0.00,0.00,0.00,0.00,0.00,0.00,0.00,0.00,0.029
-93.77563093,42.01728264,A1/A2,TaskName 6/13/2025 (GreenStar 4 Monitor),Laudis/Tough,154,6/13/2025,1.000,On,1122.7,107.50,-6.875,7.980,11.70,5.220,127.96,19.99,19.92,0,2,103.95,6/13/2025,Good,7.968,0.0018,2.988,0.00067,0.00,0.00,0.00,3.984,0.00090,1.992,0.00045,19.79,0.571,0.00,0.00,0.00,0.00,0.00,0.00,0.00,0.00,0.00,0.00,0.00,0.00,0.029
-93.77559700,42.01726295,A1/A2,TaskName 6/13/2025 (GreenStar 4 Monitor),Laudis/Tough,155,6/13/2025,0.999,On,1122.4,106.25,-7.500,7.959,11.65,5.239,127.73,19.99,19.97,0,2,102.44,6/13/2025,Good,7.990,0.0018,2.996,0.00067,0.00,0.00,0.00,3.995,0.00089,1.997,0.00044,19.84,0.564,0.00,0.00,0.00,0.00,0.00,0.00,0.00,0.00,0.00,0.00,0.00,0.00,0.028
-93.77556322,42.01724308,A1/A2,TaskName 6/13/2025 (GreenStar 4 Monitor),Laudis/Tough,156,6/13/2025,1.000,On,1122.1,107.50,-6.875,7.984,11.70,5.030,127.65,19.99,19.93,0,2,103.95,6/13/2025,Good,7.974,0.0018,2.990,0.00067,0.00,0.00,0.00,3.987,0.00090,1.993,0.00045,19.80,0.572,0.00,0.00,0.00,0.00,0.00,0.00,0.00,0.00,0.00,0.00,0.00,0.00,0.029
-93.77552903,42.01722360,A1/A2,TaskName 6/13/2025 (GreenStar 4 Monitor),Laudis/Tough,157,6/13/2025,0.996,On,1121.9,107.50,-6.875,7.969,11.64,4.949,128.10,19.99,19.98,0,2,103.81,6/13/2025,Good,7.991,0.0018,2.996,0.00067,0.00,0.00,0.00,3.995,0.00090,1.998,0.00045,19.85,0.570,0.00,0.00,0.00,0.00,0.00,0.00,0.00,0.00,0.00,0.00,0.00,0.00,0.029
-93.77549520,42.01720394,A1/A2,TaskName 6/13/2025 (GreenStar 4 Monitor),Laudis/Tough,158,6/13/2025,1.005,On,1121.6,107.50,-6.875,7.976,11.75,4.838,128.51,19.99,19.97,0,2,103.87,6/13/2025,Good,7.988,0.0018,2.996,0.00068,0.00,0.00,0.00,3.994,0.00090,1.997,0.00045,19.84,0.575,0.00,0.00,0.00,0.00,0.00,0.00,0.00,0.00,0.00,0.00,0.00,0.00,0.029
-93.77546153,42.01718389,A1/A2,TaskName 6/13/2025 (GreenStar 4 Monitor),Laudis/Tough,159,6/13/2025,0.994,On,1121.3,107.50,-6.875,7.950,11.59,4.296,128.45,19.99,19.99,0,2,103.55,6/13/2025,Good,7.995,0.0018,2.998,0.00067,0.00,0.00,0.00,3.998,0.00089,1.999,0.00045,19.86,0.568,0.00,0.00,0.00,0.00,0.00,0.00,0.00,0.00,0.00,0.00,0.00,0.00,0.029
-93.77542828,42.01716383,A1/A2,TaskName 6/13/2025 (GreenStar 4 Monitor),Laudis/Tough,160,6/13/2025,1.005,On,1121.1,107.50,-6.875,7.975,11.75,4.360,128.19,19.99,19.83,0,2,103.87,6/13/2025,Good,7.934,0.0018,2.975,0.00067,0.00,0.00,0.00,3.967,0.00090,1.983,0.00045,19.71,0.571,0.00,0.00,0.00,0.00,0.00,0.00,0.00,0.00,0.00,0.00,0.00,0.00,0.029
-93.77539502,42.01714434,A1/A2,TaskName 6/13/2025 (GreenStar 4 Monitor),Laudis/Tough,161,6/13/2025,1.000,On,1120.9,106.25,-7.500,7.900,11.58,5.274,128.40,19.99,20.02,0,2,101.70,6/13/2025,Good,8.008,0.0018,3.003,0.00066,0.00,0.00,0.00,4.004,0.00088,2.002,0.00044,19.89,0.562,0.00,0.00,0.00,0.00,0.00,0.00,0.00,0.00,0.00,0.00,0.00,0.00,0.028
-93.77536181,42.01712474,A1/A2,TaskName 6/13/2025 (GreenStar 4 Monitor),Laudis/Tough,162,6/13/2025,1.000,On,1120.7,106.25,-7.500,7.820,11.46,5.667,128.61,19.99,20.12,0,2,100.64,6/13/2025,Good,8.049,0.0018,3.018,0.00066,0.00,0.00,0.00,4.024,0.00088,2.012,0.00044,19.99,0.559,0.00,0.00,0.00,0.00,0.00,0.00,0.00,0.00,0.00,0.00,0.00,0.00,0.028
-93.77532880,42.01710506,A1/A2,TaskName 6/13/2025 (GreenStar 4 Monitor),Laudis/Tough,163,6/13/2025,1.000,On,1120.5,106.25,-7.500,7.861,11.52,5.541,128.54,19.99,20.06,0,2,101.19,6/13/2025,Good,8.025,0.0018,3.009,0.00066,0.00,0.00,0.00,4.012,0.00088,2.006,0.00044,19.93,0.560,0.00,0.00,0.00,0.00,0.00,0.00,0.00,0.00,0.00,0.00,0.00,0.00,0.028
-93.77529585,42.01708510,A1/A2,TaskName 6/13/2025 (GreenStar 4 Monitor),Laudis/Tough,164,6/13/2025,1.000,On,1120.3,106.25,-7.500,7.877,11.54,5.418,127.99,19.99,20.08,0,2,101.36,6/13/2025,Good,8.032,0.0018,3.012,0.00066,0.00,0.00,0.00,4.016,0.00088,2.008,0.00044,19.95,0.562,0.00,0.00,0.00,0.00,0.00,0.00,0.00,0.00,0.00,0.00,0.00,0.00,0.028
-93.77526257,42.01706552,A1/A2,TaskName 6/13/2025 (GreenStar 4 Monitor),Laudis/Tough,165,6/13/2025,1.000,On,1120.2,106.25,-7.500,7.830,11.48,5.700,128.00,19.99,20.04,0,2,100.81,6/13/2025,Good,8.015,0.0018,3.006,0.00066,0.00,0.00,0.00,4.008,0.00088,2.004,0.00044,19.91,0.557,0.00,0.00,0.00,0.00,0.00,0.00,0.00,0.00,0.00,0.00,0.00,0.00,0.028
-93.77522935,42.01704613,A1/A2,TaskName 6/13/2025 (GreenStar 4 Monitor),Laudis/Tough,166,6/13/2025,1.000,On,1120.1,106.25,-7.500,7.819,11.46,5.337,128.04,19.99,20.02,0,2,100.64,6/13/2025,Good,8.008,0.0017,3.003,0.00066,0.00,0.00,0.00,4.004,0.00087,2.002,0.00044,19.89,0.556,0.00,0.00,0.00,0.00,0.00,0.00,0.00,0.00,0.00,0.00,0.00,0.00,0.028
-93.77519608,42.01702665,A1/A2,TaskName 6/13/2025 (GreenStar 4 Monitor),Laudis/Tough,167,6/13/2025,0.996,On,1120.1,106.25,-7.500,7.826,11.42,4.945,128.15,19.99,19.96,0,2,100.70,6/13/2025,Good,7.984,0.0017,2.994,0.00065,0.00,0.00,0.00,3.992,0.00087,1.996,0.00043,19.83,0.552,0.00,0.00,0.00,0.00,0.00,0.00,0.00,0.00,0.00,0.00,0.00,0.00,0.028
-93.77516322,42.01700722,A1/A2,TaskName 6/13/2025 (GreenStar 4 Monitor),Laudis/Tough,168,6/13/2025,1.004,On,1120.0,106.25,-7.500,7.825,11.52,5.754,128.06,19.99,20.06,0,2,100.73,6/13/2025,Good,8.024,0.0018,3.009,0.00066,0.00,0.00,0.00,4.012,0.00088,2.006,0.00044,19.93,0.560,0.00,0.00,0.00,0.00,0.00,0.00,0.00,0.00,0.00,0.00,0.00,0.00,0.028
-93.77513655,42.01699159,A1/A2,TaskName 6/13/2025 (GreenStar 4 Monitor),Laudis/Tough,169,6/13/2025,0.800,On,1120.1,107.50,-6.875,7.824,9.178,5.306,128.19,19.99,20.02,0,2,101.92,6/13/2025,Good,8.008,0.0014,3.003,0.00053,0.00,0.00,0.00,4.004,0.00071,2.002,0.00035,19.89,0.451,0.00,0.00,0.00,0.00,0.00,0.00,0.00,0.00,0.00,0.00,0.00,0.00,0.023
-93.77510351,42.01697211,A1/A2,TaskName 6/13/2025 (GreenStar 4 Monitor),Laudis/Tough,170,6/13/2025,1.000,On,1120.0,106.25,-7.500,7.820,11.47,5.978,128.15,19.99,20.01,0,2,100.72,6/13/2025,Good,8.006,0.0017,3.002,0.00066,0.00,0.00,0.00,4.003,0.00087,2.001,0.00044,19.88,0.556,0.00,0.00,0.00,0.00,0.00,0.00,0.00,0.00,0.00,0.00,0.00,0.00,0.028
-93.77507032,42.01695269,A1/A2,TaskName 6/13/2025 (GreenStar 4 Monitor),Laudis/Tough,171,6/13/2025,1.000,On,1120.0,106.25,-7.500,7.811,11.46,5.952,128.31,19.99,20.02,0,2,100.63,6/13/2025,Good,8.009,0.0017,3.003,0.00066,0.00,0.00,0.00,4.004,0.00087,2.002,0.00044,19.89,0.556,0.00,0.00,0.00,0.00,0.00,0.00,0.00,0.00,0.00,0.00,0.00,0.00,0.028
-93.77503703,42.01693313,A1/A2,TaskName 6/13/2025 (GreenStar 4 Monitor),Laudis/Tough,172,6/13/2025,0.995,On,1119.9,106.25,-7.500,7.848,11.45,5.777,128.63,19.99,20.03,0,2,101.08,6/13/2025,Good,8.012,0.0017,3.005,0.00066,0.00,0.00,0.00,4.006,0.00087,2.003,0.00044,19.90,0.556,0.00,0.00,0.00,0.00,0.00,0.00,0.00,0.00,0.00,0.00,0.00,0.00,0.028
-93.77500385,42.01691322,A1/A2,TaskName 6/13/2025 (GreenStar 4 Monitor),Laudis/Tough,173,6/13/2025,1.005,On,1119.9,106.25,-7.500,7.868,11.60,5.592,128.05,19.99,20.03,0,2,101.33,6/13/2025,Good,8.010,0.0018,3.004,0.00066,0.00,0.00,0.00,4.005,0.00089,2.003,0.00044,19.90,0.563,0.00,0.00,0.00,0.00,0.00,0.00,0.00,0.00,0.00,0.00,0.00,0.00,0.028
-93.77497086,42.01689343,A1/A2,TaskName 6/13/2025 (GreenStar 4 Monitor),Laudis/Tough,174,6/13/2025,0.996,On,1120.0,106.25,-7.500,7.871,11.50,5.673,126.98,19.99,20.02,0,2,101.41,6/13/2025,Good,8.010,0.0018,3.004,0.00066,0.00,0.00,0.00,4.005,0.00088,2.002,0.00044,19.89,0.558,0.00,0.00,0.00,0.00,0.00,0.00,0.00,0.00,0.00,0.00,0.00,0.00,0.028
-93.77493707,42.01687396,A1/A2,TaskName 6/13/2025 (GreenStar 4 Monitor),Laudis/Tough,175,6/13/2025,0.999,On,1120.0,106.25,-7.500,7.868,11.53,5.267,126.36,19.99,20.03,0,2,101.34,6/13/2025,Good,8.014,0.0018,3.005,0.00066,0.00,0.00,0.00,4.007,0.00088,2.003,0.00044,19.90,0.560,0.00,0.00,0.00,0.00,0.00,0.00,0.00,0.00,0.00,0.00,0.00,0.00,0.028
-93.77492352,42.01686645,A1/A2,TaskName 6/13/2025 (GreenStar 4 Monitor),Laudis/Tough,176,6/13/2025,0.401,On,1120.0,106.25,-7.500,7.883,4.636,4.955,126.51,19.99,19.93,0,2,101.53,6/13/2025,Good,7.971,0.00070,2.989,0.00026,0.00,0.00,0.00,3.985,0.00035,1.993,0.00018,19.80,0.224,0.00,0.00,0.00,0.00,0.00,0.00,0.00,0.00,0.00,0.00,0.00,0.00,0.011
-93.77488929,42.01684787,A1/A2,TaskName 6/13/2025 (GreenStar 4 Monitor),Laudis/Tough,177,6/13/2025,1.000,On,1120.2,107.50,-6.875,7.854,11.52,5.650,127.05,19.99,19.96,0,2,102.37,6/13/2025,Good,7.982,0.0018,2.993,0.00066,0.00,0.00,0.00,3.991,0.00089,1.996,0.00044,19.83,0.564,0.00,0.00,0.00,0.00,0.00,0.00,0.00,0.00,0.00,0.00,0.00,0.00,0.028
-93.77488260,42.01684404,A1/A2,TaskName 6/13/2025 (GreenStar 4 Monitor),Laudis/Tough,178,6/13/2025,0.205,On,1120.2,105.00,-5.625,7.832,2.354,5.858,127.07,19.99,20.03,0,2,99.66,6/13/2025,Good,8.014,0.00036,3.005,0.00013,0.00,0.00,0.00,4.007,0.00018,2.003,8.882e-05,19.90,0.113,0.00,0.00,0.00,0.00,0.00,0.00,0.00,0.00,0.00,0.00,0.00,0.00,0.0057
-93.77487575,42.01684035,A1/A2,TaskName 6/13/2025 (GreenStar 4 Monitor),Laudis/Tough,179,6/13/2025,0.199,On,1120.2,102.50,-4.375,7.827,2.285,5.931,127.19,19.99,20.17,0,2,97.29,6/13/2025,Good,8.069,0.00034,3.026,0.00013,0.00,0.00,0.00,4.035,0.00017,2.017,8.476e-05,20.04,0.108,0.00,0.00,0.00,0.00,0.00,0.00,0.00,0.00,0.00,0.00,0.00,0.00,0.0054
-93.77486903,42.01683661,A1/A2,TaskName 6/13/2025 (GreenStar 4 Monitor),Laudis/Tough,180,6/13/2025,0.195,On,1120.2,101.25,-3.750,7.825,2.240,6.135,127.29,19.99,20.13,0,2,96.10,6/13/2025,Good,8.052,0.00033,3.020,0.00012,0.00,0.00,0.00,4.026,0.00016,2.013,8.187e-05,20.00,0.104,0.00,0.00,0.00,0.00,0.00,0.00,0.00,0.00,0.00,0.00,0.00,0.00,0.0052
-93.77486238,42.01683276,A1/A2,TaskName 6/13/2025 (GreenStar 4 Monitor),Laudis/Tough,181,6/13/2025,0.206,On,1120.2,96.25,-1.250,7.809,2.348,6.307,127.29,19.99,20.11,0,2,90.66,6/13/2025,Good,8.044,0.00033,3.016,0.00012,0.00,0.00,0.00,4.022,0.00016,2.011,8.150e-05,19.98,0.104,0.00,0.00,0.00,0.00,0.00,0.00,0.00,0.00,0.00,0.00,0.00,0.00,0.0052
-93.77485575,42.01682904,A1/A2,TaskName 6/13/2025 (GreenStar 4 Monitor),Laudis/Tough,182,6/13/2025,0.195,On,1120.2,92.50,0.625,7.798,2.243,6.551,127.31,19.99,20.33,0,2,87.92,6/13/2025,Good,8.133,0.00030,3.050,0.00011,0.00,0.00,0.00,4.067,0.00015,2.033,7.566e-05,20.20,0.096,0.00,0.00,0.00,0.00,0.00,0.00,0.00,0.00,0.00,0.00,0.00,0.00,0.0048
-93.77484903,42.01682525,A1/A2,TaskName 6/13/2025 (GreenStar 4 Monitor),Laudis/Tough,183,6/13/2025,0.200,On,1120.2,90.00,1.875,7.769,2.279,6.102,127.30,19.99,20.22,0,2,84.75,6/13/2025,Good,8.086,0.00030,3.032,0.00011,0.00,0.00,0.00,4.043,0.00015,2.022,7.436e-05,20.08,0.095,0.00,0.00,0.00,0.00,0.00,0.00,0.00,0.00,0.00,0.00,0.00,0.00,0.0047
-93.77484225,42.01682135,A1/A2,TaskName 6/13/2025 (GreenStar 4 Monitor),Laudis/Tough,184,6/13/2025,0.204,On,1120.2,88.75,2.500,7.762,2.322,5.706,127.33,19.99,20.27,0,2,83.47,6/13/2025,Good,8.108,0.00030,3.040,0.00011,0.00,0.00,0.00,4.054,0.00015,2.027,7.490e-05,20.14,0.095,0.00,0.00,0.00,0.00,0.00,0.00,0.00,0.00,0.00,0.00,0.00,0.00,0.0047
-93.77483549,42.01681740,A1/A2,TaskName 6/13/2025 (GreenStar 4 Monitor),Laudis/Tough,185,6/13/2025,0.196,On,1120.1,81.25,6.250,7.800,2.243,5.204,127.37,19.99,20.29,0,2,76.84,6/13/2025,Good,8.116,0.00027,3.044,9.947e-05,0.00,0.00,0.00,4.058,0.00013,2.029,6.632e-05,20.16,0.084,0.00,0.00,0.00,0.00,0.00,0.00,0.00,0.00,0.00,0.00,0.00,0.00,0.0042
-93.77482861,42.01681358,A1/A2,TaskName 6/13/2025 (GreenStar 4 Monitor),Laudis/Tough,186,6/13/2025,0.204,On,1120.2,76.25,8.750,7.861,2.354,4.735,127.41,19.99,20.44,0,2,72.73,6/13/2025,Good,8.176,0.00026,3.066,9.872e-05,0.00,0.00,0.00,4.088,0.00013,2.044,6.581e-05,20.31,0.084,0.00,0.00,0.00,0.00,0.00,0.00,0.00,0.00,0.00,0.00,0.00,0.00,0.0041
-93.77482170,42.01680961,A1/A2,TaskName 6/13/2025 (GreenStar 4 Monitor),Laudis/Tough,187,6/13/2025,0.196,On,1120.3,67.50,11.87,7.908,2.272,4.220,127.42,19.99,20.56,0,2,64.67,6/13/2025,Good,8.223,0.00023,3.084,8.483e-05,0.00,0.00,0.00,4.112,0.00011,2.056,5.655e-05,20.42,0.072,0.00,0.00,0.00,0.00,0.00,0.00,0.00,0.00,0.00,0.00,0.00,0.00,0.0035
-93.77481483,42.01680563,A1/A2,TaskName 6/13/2025 (GreenStar 4 Monitor),Laudis/Tough,188,6/13/2025,0.205,On,1120.3,23.75,9.999,7.961,2.394,4.029,127.40,19.99,20.61,0,2,22.92,6/13/2025,Good,8.245,8.406e-05,3.092,3.152e-05,0.00,0.00,0.00,4.122,4.203e-05,2.061,2.102e-05,20.48,0.027,0.00,0.00,0.00,0.00,0.00,0.00,0.00,0.00,0.00,0.00,0.00,0.00,0.0013
-93.77495990,42.01698217,A1/A2,TaskName 6/13/2025 (GreenStar 4 Monitor),Laudis/Tough,189,6/13/2025,0.200,On,1120.1,2.500,54.37,7.760,2.274,6.756,359.72,19.99,21.42,0,3,2.349,6/13/2025,Good,8.570,8.739e-06,3.214,3.277e-06,0.00,0.00,0.00,4.285,4.369e-06,2.142,2.185e-06,21.28,0.0028,0.00,0.00,0.00,0.00,0.00,0.00,0.00,0.00,0.00,0.00,0.00,0.00,0.00013
-93.77496000,42.01698845,A1/A2,TaskName 6/13/2025 (GreenStar 4 Monitor),Laudis/Tough,190,6/13/2025,0.200,On,1120.1,6.250,52.50,7.760,2.264,6.776,359.88,19.99,19.98,0,3,5.848,6/13/2025,Good,7.992,2.029e-05,2.997,7.608e-06,0.00,0.00,0.00,3.996,1.014e-05,1.998,5.072e-06,19.85,0.0064,0.00,0.00,0.00,0.00,0.00,0.00,0.00,0.00,0.00,0.00,0.00,0.00,0.00032
-93.77496014,42.01699469,A1/A2,TaskName 6/13/2025 (GreenStar 4 Monitor),Laudis/Tough,191,6/13/2025,0.200,On,1120.1,10.00,50.62,7.762,2.287,6.987,0.0076,19.99,20.86,0,3,9.452,6/13/2025,Good,8.343,3.423e-05,3.129,1.284e-05,0.00,0.00,0.00,4.172,1.711e-05,2.086,8.557e-06,20.72,0.011,0.00,0.00,0.00,0.00,0.00,0.00,0.00,0.00,0.00,0.00,0.00,0.00,0.00053
-93.77496038,42.01700103,A1/A2,TaskName 6/13/2025 (GreenStar 4 Monitor),Laudis/Tough,192,6/13/2025,0.200,On,1120.1,12.50,49.37,7.764,2.278,6.855,0.188,19.99,21.69,0,3,11.76,6/13/2025,Good,8.677,4.430e-05,3.254,1.661e-05,0.00,0.00,0.00,4.338,2.215e-05,2.169,1.108e-05,21.55,0.014,0.00,0.00,0.00,0.00,0.00,0.00,0.00,0.00,0.00,0.00,0.00,0.00,0.00065
-93.77496048,42.01700740,A1/A2,TaskName 6/13/2025 (GreenStar 4 Monitor),Laudis/Tough,193,6/13/2025,0.201,On,1120.1,16.25,47.50,7.787,2.294,6.631,0.306,19.99,20.48,0,3,15.33,6/13/2025,Good,8.193,5.478e-05,3.073,2.054e-05,0.00,0.00,0.00,4.097,2.739e-05,2.048,1.369e-05,20.35,0.017,0.00,0.00,0.00,0.00,0.00,0.00,0.00,0.00,0.00,0.00,0.00,0.00,0.00086
-93.77496055,42.01701379,A1/A2,TaskName 6/13/2025 (GreenStar 4 Monitor),Laudis/Tough,194,6/13/2025,0.203,On,1120.1,18.75,46.25,7.836,2.333,6.294,0.337,19.99,20.27,0,3,17.81,6/13/2025,Good,8.108,6.362e-05,3.040,2.386e-05,0.00,0.00,0.00,4.054,3.181e-05,2.027,1.590e-05,20.14,0.020,0.00,0.00,0.00,0.00,0.00,0.00,0.00,0.00,0.00,0.00,0.00,0.00,0.0010
-93.77496043,42.01702013,A1/A2,TaskName 6/13/2025 (GreenStar 4 Monitor),Laudis/Tough,195,6/13/2025,0.196,On,1120.1,21.25,45.00,7.878,2.264,6.122,0.298,19.99,21.09,0,3,20.29,6/13/2025,Good,8.437,7.281e-05,3.164,2.731e-05,0.00,0.00,0.00,4.219,3.641e-05,2.109,1.820e-05,20.96,0.023,0.00,0.00,0.00,0.00,0.00,0.00,0.00,0.00,0.00,0.00,0.00,0.00,0.0011
-93.77496024,42.01702642,A1/A2,TaskName 6/13/2025 (GreenStar 4 Monitor),Laudis/Tough,196,6/13/2025,0.200,On,1120.1,23.75,43.75,7.894,2.314,6.360,0.219,19.99,20.75,0,3,22.71,6/13/2025,Good,8.300,8.180e-05,3.113,3.068e-05,0.00,0.00,0.00,4.150,4.090e-05,2.075,2.045e-05,20.62,0.026,0.00,0.00,0.00,0.00,0.00,0.00,0.00,0.00,0.00,0.00,0.00,0.00,0.0013
-93.77496016,42.01703280,A1/A2,TaskName 6/13/2025 (GreenStar 4 Monitor),Laudis/Tough,197,6/13/2025,0.200,On,1120.2,26.25,41.25,7.876,2.310,6.241,0.243,19.99,20.23,0,3,25.06,6/13/2025,Good,8.091,8.800e-05,3.034,3.300e-05,0.00,0.00,0.00,4.045,4.400e-05,2.023,2.200e-05,20.10,0.028,0.00,0.00,0.00,0.00,0.00,0.00,0.00,0.00,0.00,0.00,0.00,0.00,0.0014
-93.77496024,42.01703911,A1/A2,TaskName 6/13/2025 (GreenStar 4 Monitor),Laudis/Tough,198,6/13/2025,0.204,On,1120.1,28.75,40.00,7.874,2.356,6.261,0.329,19.99,20.67,0,3,27.44,6/13/2025,Good,8.266,0.00010,3.100,3.766e-05,0.00,0.00,0.00,4.133,5.022e-05,2.067,2.511e-05,20.53,0.032,0.00,0.00,0.00,0.00,0.00,0.00,0.00,0.00,0.00,0.00,0.00,0.00,0.0016
-93.77496022,42.01704542,A1/A2,TaskName 6/13/2025 (GreenStar 4 Monitor),Laudis/Tough,199,6/13/2025,0.196,On,1120.1,31.25,38.75,7.876,2.264,6.756,0.368,19.99,20.60,0,3,29.84,6/13/2025,Good,8.240,0.00010,3.090,3.922e-05,0.00,0.00,0.00,4.120,5.229e-05,2.060,2.615e-05,20.47,0.033,0.00,0.00,0.00,0.00,0.00,0.00,0.00,0.00,0.00,0.00,0.00,0.00,0.0016
-93.77496014,42.01705175,A1/A2,TaskName 6/13/2025 (GreenStar 4 Monitor),Laudis/Tough,200,6/13/2025,0.200,On,1120.2,35.00,36.87,7.865,2.307,6.717,0.290,19.99,20.29,0,3,33.37,6/13/2025,Good,8.116,0.00012,3.044,4.408e-05,0.00,0.00,0.00,4.058,5.877e-05,2.029,2.939e-05,20.16,0.037,0.00,0.00,0.00,0.00,0.00,0.00,0.00,0.00,0.00,0.00,0.00,0.00,0.0019
-93.77496007,42.01705818,A1/A2,TaskName 6/13/2025 (GreenStar 4 Monitor),Laudis/Tough,201,6/13/2025,0.200,On,1120.2,36.25,36.25,7.861,2.304,6.670,0.235,19.99,20.45,0,3,34.51,6/13/2025,Good,8.181,0.00012,3.068,4.595e-05,0.00,0.00,0.00,4.090,6.126e-05,2.045,3.063e-05,20.32,0.039,0.00,0.00,0.00,0.00,0.00,0.00,0.00,0.00,0.00,0.00,0.00,0.00,0.0019
-93.77495988,42.01706458,A1/A2,TaskName 6/13/2025 (GreenStar 4 Monitor),Laudis/Tough,202,6/13/2025,0.200,On,1120.2,40.00,34.37,7.883,2.310,6.578,0.149,19.99,20.45,0,3,38.19,6/13/2025,Good,8.181,0.00014,3.068,5.085e-05,0.00,0.00,0.00,4.090,6.779e-05,2.045,3.390e-05,20.32,0.043,0.00,0.00,0.00,0.00,0.00,0.00,0.00,0.00,0.00,0.00,0.00,0.00,0.0021
-93.77495990,42.01707112,A1/A2,TaskName 6/13/2025 (GreenStar 4 Monitor),Laudis/Tough,203,6/13/2025,0.195,On,1120.2,42.50,33.12,7.908,2.261,6.056,0.149,19.99,20.08,0,3,40.73,6/13/2025,Good,8.031,0.00014,3.012,5.191e-05,0.00,0.00,0.00,4.015,6.921e-05,2.008,3.460e-05,19.95,0.044,0.00,0.00,0.00,0.00,0.00,0.00,0.00,0.00,0.00,0.00,0.00,0.00,0.0022
-93.77495987,42.01707766,A1/A2,TaskName 6/13/2025 (GreenStar 4 Monitor),Laudis/Tough,204,6/13/2025,0.205,On,1120.2,46.25,31.25,7.955,2.389,5.673,0.133,19.99,20.19,0,3,44.55,6/13/2025,Good,8.078,0.00016,3.029,6.003e-05,0.00,0.00,0.00,4.039,8.004e-05,2.019,4.002e-05,20.06,0.051,0.00,0.00,0.00,0.00,0.00,0.00,0.00,0.00,0.00,0.00,0.00,0.00,0.0025
-93.77495975,42.01708401,A1/A2,TaskName 6/13/2025 (GreenStar 4 Monitor),Laudis/Tough,205,6/13/2025,0.200,On,1120.2,50.00,29.37,8.010,2.337,6.142,0.102,19.99,20.25,0,3,48.28,6/13/2025,Good,8.099,0.00017,3.037,6.364e-05,0.00,0.00,0.00,4.050,8.485e-05,2.025,4.243e-05,20.12,0.054,0.00,0.00,0.00,0.00,0.00,0.00,0.00,0.00,0.00,0.00,0.00,0.00,0.0027
-93.77495971,42.01709035,A1/A2,TaskName 6/13/2025 (GreenStar 4 Monitor),Laudis/Tough,206,6/13/2025,0.200,On,1120.3,51.25,27.50,8.010,2.360,6.274,0.055,19.99,19.99,0,3,49.97,6/13/2025,Good,7.997,0.00017,2.999,6.504e-05,0.00,0.00,0.00,3.998,8.672e-05,1.999,4.336e-05,19.86,0.055,0.00,0.00,0.00,0.00,0.00,0.00,0.00,0.00,0.00,0.00,0.00,0.00,0.0028
-93.77495968,42.01709663,A1/A2,TaskName 6/13/2025 (GreenStar 4 Monitor),Laudis/Tough,207,6/13/2025,0.200,On,1120.3,55.00,25.62,7.968,2.337,6.393,359.99,19.99,20.13,0,3,53.10,6/13/2025,Good,8.052,0.00019,3.020,6.960e-05,0.00,0.00,0.00,4.026,9.280e-05,2.013,4.640e-05,20.00,0.059,0.00,0.00,0.00,0.00,0.00,0.00,0.00,0.00,0.00,0.00,0.00,0.00,0.0030
-93.77495971,42.01710294,A1/A2,TaskName 6/13/2025 (GreenStar 4 Monitor),Laudis/Tough,208,6/13/2025,0.199,On,1120.3,56.25,25.00,7.912,2.310,6.677,0.157,19.99,20.03,0,3,53.97,6/13/2025,Good,8.014,0.00019,3.005,7.004e-05,0.00,0.00,0.00,4.007,9.339e-05,2.003,4.670e-05,19.90,0.059,0.00,0.00,0.00,0.00,0.00,0.00,0.00,0.00,0.00,0.00,0.00,0.00,0.0030
-93.77495983,42.01710925,A1/A2,TaskName 6/13/2025 (GreenStar 4 Monitor),Laudis/Tough,209,6/13/2025,0.196,On,1120.3,60.00,23.12,7.878,2.264,7.027,0.313,19.99,20.03,0,3,57.29,6/13/2025,Good,8.014,0.00020,3.005,7.323e-05,0.00,0.00,0.00,4.007,9.764e-05,2.003,4.882e-05,19.90,0.062,0.00,0.00,0.00,0.00,0.00,0.00,0.00,0.00,0.00,0.00,0.00,0.00,0.0031
-93.77495986,42.01711560,A1/A2,TaskName 6/13/2025 (GreenStar 4 Monitor),Laudis/Tough,210,6/13/2025,0.204,On,1120.3,63.75,21.25,7.861,2.350,6.730,0.447,19.99,20.05,0,3,60.69,6/13/2025,Good,8.018,0.00022,3.007,8.078e-05,0.00,0.00,0.00,4.009,0.00011,2.005,5.385e-05,19.91,0.068,0.00,0.00,0.00,0.00,0.00,0.00,0.00,0.00,0.00,0.00,0.00,0.00,0.0034
-93.77495986,42.01712206,A1/A2,TaskName 6/13/2025 (GreenStar 4 Monitor),Laudis/Tough,211,6/13/2025,0.201,On,1120.3,66.25,20.00,7.861,2.317,6.215,0.494,19.99,20.10,0,3,63.11,6/13/2025,Good,8.039,0.00022,3.015,8.300e-05,0.00,0.00,0.00,4.020,0.00011,2.010,5.533e-05,19.97,0.070,0.00,0.00,0.00,0.00,0.00,0.00,0.00,0.00,0.00,0.00,0.00,0.00,0.0035
-93.77495993,42.01712854,A1/A2,TaskName 6/13/2025 (GreenStar 4 Monitor),Laudis/Tough,212,6/13/2025,0.200,On,1120.3,68.75,18.75,7.901,2.317,6.459,0.533,19.99,19.88,0,3,65.82,6/13/2025,Good,7.954,0.00023,2.983,8.521e-05,0.00,0.00,0.00,3.977,0.00011,1.988,5.681e-05,19.76,0.072,0.00,0.00,0.00,0.00,0.00,0.00,0.00,0.00,0.00,0.00,0.00,0.00,0.0037
-93.77495999,42.01713495,A1/A2,TaskName 6/13/2025 (GreenStar 4 Monitor),Laudis/Tough,213,6/13/2025,0.201,On,1120.4,71.25,17.50,7.948,2.343,6.122,0.541,19.99,19.86,0,3,68.64,6/13/2025,Good,7.945,0.00024,2.979,8.921e-05,0.00,0.00,0.00,3.973,0.00012,1.986,5.948e-05,19.73,0.076,0.00,0.00,0.00,0.00,0.00,0.00,0.00,0.00,0.00,0.00,0.00,0.00,0.0038
-93.77496006,42.01714135,A1/A2,TaskName 6/13/2025 (GreenStar 4 Monitor),Laudis/Tough,214,6/13/2025,0.199,On,1120.4,75.00,15.62,7.975,2.327,6.096,0.627,19.99,19.82,0,3,72.47,6/13/2025,Good,7.928,0.00025,2.973,9.305e-05,0.00,0.00,0.00,3.964,0.00012,1.982,6.203e-05,19.69,0.079,0.00,0.00,0.00,0.00,0.00,0.00,0.00,0.00,0.00,0.00,0.00,0.00,0.0040
-93.77496001,42.01714770,A1/A2,TaskName 6/13/2025 (GreenStar 4 Monitor),Laudis/Tough,215,6/13/2025,0.200,On,1120.4,77.50,14.37,7.975,2.340,6.347,0.674,19.99,19.71,0,3,74.93,6/13/2025,Good,7.885,0.00026,2.957,9.617e-05,0.00,0.00,0.00,3.943,0.00013,1.971,6.412e-05,19.59,0.082,0.00,0.00,0.00,0.00,0.00,0.00,0.00,0.00,0.00,0.00,0.00,0.00,0.0042
-93.77496000,42.01715404,A1/A2,TaskName 6/13/2025 (GreenStar 4 Monitor),Laudis/Tough,216,6/13/2025,0.200,On,1120.4,81.25,12.50,7.955,2.333,6.386,0.729,19.99,19.66,0,3,78.34,6/13/2025,Good,7.864,0.00027,2.949,0.00010,0.00,0.00,0.00,3.932,0.00013,1.966,6.685e-05,19.53,0.085,0.00,0.00,0.00,0.00,0.00,0.00,0.00,0.00,0.00,0.00,0.00,0.00,0.0044
-93.77495985,42.01716038,A1/A2,TaskName 6/13/2025 (GreenStar 4 Monitor),Laudis/Tough,217,6/13/2025,0.200,On,1120.4,85.00,10.62,7.930,2.327,6.499,0.659,19.99,19.70,0,3,81.73,6/13/2025,Good,7.881,0.00028,2.955,0.00010,0.00,0.00,0.00,3.941,0.00014,1.970,6.989e-05,19.57,0.089,0.00,0.00,0.00,0.00,0.00,0.00,0.00,0.00,0.00,0.00,0.00,0.00,0.0045
-93.77495947,42.01716672,A1/A2,TaskName 6/13/2025 (GreenStar 4 Monitor),Laudis/Tough,218,6/13/2025,0.200,On,1120.4,87.50,9.375,7.908,2.320,6.769,0.400,19.99,19.70,0,3,83.89,6/13/2025,Good,7.881,0.00029,2.955,0.00011,0.00,0.00,0.00,3.941,0.00014,1.970,7.174e-05,19.57,0.091,0.00,0.00,0.00,0.00,0.00,0.00,0.00,0.00,0.00,0.00,0.00,0.00,0.0047
-93.77495930,42.01717292,A1/A2,TaskName 6/13/2025 (GreenStar 4 Monitor),Laudis/Tough,219,6/13/2025,0.200,On,1120.5,91.25,8.750,7.887,2.301,7.219,0.266,19.99,19.68,0,3,86.74,6/13/2025,Good,7.873,0.00030,2.952,0.00011,0.00,0.00,0.00,3.936,0.00015,1.968,7.410e-05,19.55,0.094,0.00,0.00,0.00,0.00,0.00,0.00,0.00,0.00,0.00,0.00,0.00,0.00,0.0048
-93.77495920,42.01717926,A1/A2,TaskName 6/13/2025 (GreenStar 4 Monitor),Laudis/Tough,220,6/13/2025,0.196,On,1120.5,93.75,7.500,7.836,2.264,6.915,0.188,19.99,19.70,0,3,89.51,6/13/2025,Good,7.881,0.00030,2.955,0.00011,0.00,0.00,0.00,3.941,0.00015,1.970,7.502e-05,19.57,0.095,0.00,0.00,0.00,0.00,0.00,0.00,0.00,0.00,0.00,0.00,0.00,0.00,0.0049
-93.77495909,42.01718563,A1/A2,TaskName 6/13/2025 (GreenStar 4 Monitor),Laudis/Tough,221,6/13/2025,0.204,On,1120.5,97.50,5.625,7.823,2.340,6.710,0.102,19.99,19.70,0,3,92.42,6/13/2025,Good,7.881,0.00032,2.955,0.00012,0.00,0.00,0.00,3.941,0.00016,1.970,8.062e-05,19.57,0.103,0.00,0.00,0.00,0.00,0.00,0.00,0.00,0.00,0.00,0.00,0.00,0.00,0.0052
-93.77495904,42.01719197,A1/A2,TaskName 6/13/2025 (GreenStar 4 Monitor),Laudis/Tough,222,6/13/2025,0.200,On,1120.6,100.00,4.375,7.840,2.301,6.664,360.00,19.99,19.71,0,3,95.06,6/13/2025,Good,7.885,0.00033,2.957,0.00012,0.00,0.00,0.00,3.943,0.00016,1.971,8.134e-05,19.59,0.103,0.00,0.00,0.00,0.00,0.00,0.00,0.00,0.00,0.00,0.00,0.00,0.00,0.0053
-93.77495890,42.01719833,A1/A2,TaskName 6/13/2025 (GreenStar 4 Monitor),Laudis/Tough,223,6/13/2025,0.200,On,1120.6,103.75,2.500,7.856,2.304,6.723,359.87,19.99,19.61,0,3,98.77,6/13/2025,Good,7.843,0.00034,2.941,0.00013,0.00,0.00,0.00,3.921,0.00017,1.961,8.405e-05,19.48,0.107,0.00,0.00,0.00,0.00,0.00,0.00,0.00,0.00,0.00,0.00,0.00,0.00,0.0055
-93.77495884,42.01720468,A1/A2,TaskName 6/13/2025 (GreenStar 4 Monitor),Laudis/Tough,224,6/13/2025,0.205,On,1120.6,106.25,1.250,7.872,2.366,6.677,359.80,19.99,19.62,0,3,101.35,6/13/2025,Good,7.847,0.00035,2.943,0.00013,0.00,0.00,0.00,3.923,0.00018,1.962,8.845e-05,19.49,0.112,0.00,0.00,0.00,0.00,0.00,0.00,0.00,0.00,0.00,0.00,0.00,0.00,0.0058
-93.77495885,42.01721101,A1/A2,TaskName 6/13/2025 (GreenStar 4 Monitor),Laudis/Tough,225,6/13/2025,0.195,On,1120.7,108.75,1.944e-06,7.881,2.251,6.717,359.72,19.99,19.47,0,3,103.76,6/13/2025,Good,7.787,0.00034,2.920,0.00013,0.00,0.00,0.00,3.894,0.00017,1.947,8.548e-05,19.34,0.109,0.00,0.00,0.00,0.00,0.00,0.00,0.00,0.00,0.00,0.00,0.00,0.00,0.0056
-93.77495877,42.01721727,A1/A2,TaskName 6/13/2025 (GreenStar 4 Monitor),Laudis/Tough,226,6/13/2025,0.199,On,1120.7,111.25,-1.250,7.883,2.301,7.047,359.63,19.99,19.49,0,3,106.29,6/13/2025,Good,7.796,0.00036,2.923,0.00013,0.00,0.00,0.00,3.898,0.00018,1.949,8.946e-05,19.36,0.114,0.00,0.00,0.00,0.00,0.00,0.00,0.00,0.00,0.00,0.00,0.00,0.00,0.0059
-93.77495872,42.01722360,A1/A2,TaskName 6/13/2025 (GreenStar 4 Monitor),Laudis/Tough,227,6/13/2025,0.201,On,1120.7,113.75,-2.500,7.861,2.317,6.855,359.60,19.99,19.61,0,3,108.36,6/13/2025,Good,7.843,0.00037,2.941,0.00014,0.00,0.00,0.00,3.921,0.00019,1.961,9.268e-05,19.48,0.118,0.00,0.00,0.00,0.00,0.00,0.00,0.00,0.00,0.00,0.00,0.00,0.00,0.0061
-93.77495909,42.01725534,A1/A2,TaskName 6/13/2025 (GreenStar 4 Monitor),Laudis/Tough,228,6/13/2025,1.000,On,1120.9,115.00,-3.125,7.866,11.53,6.879,359.95,19.99,19.69,0,3,109.60,6/13/2025,Good,7.877,0.0019,2.954,0.00070,0.00,0.00,0.00,3.938,0.00094,1.969,0.00047,19.56,0.596,0.00,0.00,0.00,0.00,0.00,0.00,0.00,0.00,0.00,0.00,0.00,0.00,0.030
-93.77495939,42.01728703,A1/A2,TaskName 6/13/2025 (GreenStar 4 Monitor),Laudis/Tough,229,6/13/2025,0.995,On,1121.0,115.00,-3.125,7.891,11.52,6.780,0.298,19.99,19.76,0,3,110.00,6/13/2025,Good,7.905,0.0019,2.964,0.00070,0.00,0.00,0.00,3.953,0.00094,1.976,0.00047,19.63,0.597,0.00,0.00,0.00,0.00,0.00,0.00,0.00,0.00,0.00,0.00,0.00,0.00,0.030
-93.77495897,42.01731862,A1/A2,TaskName 6/13/2025 (GreenStar 4 Monitor),Laudis/Tough,230,6/13/2025,1.005,On,1121.2,115.00,-3.125,7.841,11.56,7.127,359.98,19.99,19.85,0,3,109.30,6/13/2025,Good,7.938,0.0019,2.977,0.00071,0.00,0.00,0.00,3.969,0.00095,1.985,0.00047,19.72,0.602,0.00,0.00,0.00,0.00,0.00,0.00,0.00,0.00,0.00,0.00,0.00,0.00,0.031
-93.77495869,42.01735035,A1/A2,TaskName 6/13/2025 (GreenStar 4 Monitor),Laudis/Tough,231,6/13/2025,0.995,On,1121.4,115.00,-3.125,7.903,11.53,6.824,359.75,19.99,19.83,0,3,110.15,6/13/2025,Good,7.933,0.0019,2.975,0.00071,0.00,0.00,0.00,3.967,0.00094,1.983,0.00047,19.70,0.600,0.00,0.00,0.00,0.00,0.00,0.00,0.00,0.00,0.00,0.00,0.00,0.00,0.030
-93.77495871,42.01735669,A1/A2,TaskName 6/13/2025 (GreenStar 4 Monitor),Laudis/Tough,232,6/13/2025,0.205,On,1121.4,115.00,-3.125,7.861,2.363,6.829,359.73,19.99,19.85,0,3,109.57,6/13/2025,Good,7.941,0.00039,2.978,0.00015,0.00,0.00,0.00,3.971,0.00019,1.985,9.677e-05,19.72,0.123,0.00,0.00,0.00,0.00,0.00,0.00,0.00,0.00,0.00,0.00,0.00,0.00,0.0062
-93.77495873,42.01738842,A1/A2,TaskName 6/13/2025 (GreenStar 4 Monitor),Laudis/Tough,233,6/13/2025,1.000,On,1121.6,113.75,-3.750,7.869,11.54,7.002,359.65,19.99,19.95,0,3,108.53,6/13/2025,Good,7.980,0.0019,2.993,0.00070,0.00,0.00,0.00,3.990,0.00094,1.995,0.00047,19.82,0.598,0.00,0.00,0.00,0.00,0.00,0.00,0.00,0.00,0.00,0.00,0.00,0.00,0.030
-93.77495898,42.01742008,A1/A2,TaskName 6/13/2025 (GreenStar 4 Monitor),Laudis/Tough,234,6/13/2025,0.995,On,1121.7,113.75,-3.750,7.876,11.49,7.509,359.93,19.99,19.92,0,3,108.55,6/13/2025,Good,7.966,0.0019,2.987,0.00070,0.00,0.00,0.00,3.983,0.00093,1.992,0.00047,19.79,0.594,0.00,0.00,0.00,0.00,0.00,0.00,0.00,0.00,0.00,0.00,0.00,0.00,0.030
-93.77495896,42.01745191,A1/A2,TaskName 6/13/2025 (GreenStar 4 Monitor),Laudis/Tough,235,6/13/2025,1.005,On,1121.8,113.75,-3.750,7.912,11.66,6.979,359.92,19.99,19.95,0,3,109.06,6/13/2025,Good,7.980,0.0019,2.993,0.00071,0.00,0.00,0.00,3.990,0.00095,1.995,0.00047,19.82,0.603,0.00,0.00,0.00,0.00,0.00,0.00,0.00,0.00,0.00,0.00,0.00,0.00,0.030
-93.77495910,42.01748395,A1/A2,TaskName 6/13/2025 (GreenStar 4 Monitor),Laudis/Tough,236,6/13/2025,1.000,On,1122.0,113.75,-3.750,7.939,11.64,6.735,0.078,19.99,19.92,0,3,109.45,6/13/2025,Good,7.968,0.0019,2.988,0.00071,0.00,0.00,0.00,3.984,0.00095,1.992,0.00047,19.79,0.602,0.00,0.00,0.00,0.00,0.00,0.00,0.00,0.00,0.00,0.00,0.00,0.00,0.030
-93.77495895,42.01749669,A1/A2,TaskName 6/13/2025 (GreenStar 4 Monitor),Laudis/Tough,237,6/13/2025,0.400,On,1122.0,113.75,-3.750,7.939,4.658,6.934,359.96,19.99,19.92,0,3,109.47,6/13/2025,Good,7.969,0.00076,2.988,0.00028,0.00,0.00,0.00,3.984,0.00038,1.992,0.00019,19.79,0.241,0.00,0.00,0.00,0.00,0.00,0.00,0.00,0.00,0.00,0.00,0.00,0.00,0.012
-93.77495905,42.01752887,A1/A2,TaskName 6/13/2025 (GreenStar 4 Monitor),Laudis/Tough,238,6/13/2025,0.999,On,1122.1,112.50,-4.375,7.933,11.62,6.680,0.204,19.99,19.97,0,3,108.17,6/13/2025,Good,7.986,0.0019,2.995,0.00070,0.00,0.00,0.00,3.993,0.00094,1.997,0.00047,19.84,0.595,0.00,0.00,0.00,0.00,0.00,0.00,0.00,0.00,0.00,0.00,0.00,0.00,0.030
-93.77495900,42.01755440,A1/A2,TaskName 6/13/2025 (GreenStar 4 Monitor),Laudis/Tough,239,6/13/2025,0.796,On,1122.2,113.75,-3.750,7.967,9.299,6.566,359.99,19.99,19.89,0,3,109.82,6/13/2025,Good,7.956,0.0015,2.984,0.00057,0.00,0.00,0.00,3.978,0.00075,1.989,0.00038,19.76,0.480,0.00,0.00,0.00,0.00,0.00,0.00,0.00,0.00,0.00,0.00,0.00,0.00,0.024
-93.77495878,42.01758648,A1/A2,TaskName 6/13/2025 (GreenStar 4 Monitor),Laudis/Tough,240,6/13/2025,1.000,On,1122.3,112.50,-4.375,7.947,11.65,6.824,359.79,19.99,19.94,0,3,108.34,6/13/2025,Good,7.978,0.0019,2.992,0.00070,0.00,0.00,0.00,3.989,0.00094,1.994,0.00047,19.82,0.596,0.00,0.00,0.00,0.00,0.00,0.00,0.00,0.00,0.00,0.00,0.00,0.00,0.030
-93.77495888,42.01761844,A1/A2,TaskName 6/13/2025 (GreenStar 4 Monitor),Laudis/Tough,241,6/13/2025,1.000,On,1122.3,112.50,-4.375,7.940,11.63,6.746,359.83,19.99,19.99,0,3,108.16,6/13/2025,Good,7.995,0.0019,2.998,0.00070,0.00,0.00,0.00,3.997,0.00094,1.999,0.00047,19.86,0.597,0.00,0.00,0.00,0.00,0.00,0.00,0.00,0.00,0.00,0.00,0.00,0.00,0.030
-93.77495921,42.01764409,A1/A2,TaskName 6/13/2025 (GreenStar 4 Monitor),Laudis/Tough,242,6/13/2025,0.804,On,1122.3,111.25,-5.000,7.947,9.381,6.156,0.117,19.99,19.97,0,3,107.28,6/13/2025,Good,7.986,0.0015,2.995,0.00056,0.00,0.00,0.00,3.993,0.00075,1.997,0.00037,19.84,0.475,0.00,0.00,0.00,0.00,0.00,0.00,0.00,0.00,0.00,0.00,0.00,0.00,0.024
-93.77495922,42.01767599,A1/A2,TaskName 6/13/2025 (GreenStar 4 Monitor),Laudis/Tough,243,6/13/2025,1.001,On,1122.3,112.50,-4.375,7.964,11.69,6.458,0.243,19.99,19.97,0,3,108.60,6/13/2025,Good,7.987,0.0019,2.995,0.00071,0.00,0.00,0.00,3.994,0.00094,1.997,0.00047,19.84,0.599,0.00,0.00,0.00,0.00,0.00,0.00,0.00,0.00,0.00,0.00,0.00,0.00,0.030
-93.77495920,42.01768877,A1/A2,TaskName 6/13/2025 (GreenStar 4 Monitor),Laudis/Tough,244,6/13/2025,0.400,On,1122.3,112.50,-4.375,7.938,4.658,6.433,0.306,19.99,20.02,0,3,108.26,6/13/2025,Good,8.007,0.00075,3.003,0.00028,0.00,0.00,0.00,4.003,0.00038,2.002,0.00019,19.89,0.239,0.00,0.00,0.00,0.00,0.00,0.00,0.00,0.00,0.00,0.00,0.00,0.00,0.012
-93.77495883,42.01772089,A1/A2,TaskName 6/13/2025 (GreenStar 4 Monitor),Laudis/Tough,245,6/13/2025,0.995,On,1122.4,111.25,-5.000,7.965,11.62,6.276,359.79,19.99,19.99,0,3,107.37,6/13/2025,Good,7.996,0.0019,2.999,0.00070,0.00,0.00,0.00,3.998,0.00093,1.999,0.00046,19.86,0.589,0.00,0.00,0.00,0.00,0.00,0.00,0.00,0.00,0.00,0.00,0.00,0.00,0.030
-93.77495877,42.01775275,A1/A2,TaskName 6/13/2025 (GreenStar 4 Monitor),Laudis/Tough,246,6/13/2025,1.004,On,1122.4,111.25,-5.000,7.930,11.68,6.501,359.49,19.99,20.00,0,3,106.92,6/13/2025,Good,8.001,0.0019,3.000,0.00070,0.00,0.00,0.00,4.000,0.00093,2.000,0.00047,19.87,0.593,0.00,0.00,0.00,0.00,0.00,0.00,0.00,0.00,0.00,0.00,0.00,0.00,0.030
-93.77495899,42.01777185,A1/A2,TaskName 6/13/2025 (GreenStar 4 Monitor),Laudis/Tough,247,6/13/2025,0.596,On,1122.5,111.25,-5.000,7.926,6.916,6.366,359.69,19.99,19.99,0,3,106.69,6/13/2025,Good,7.996,0.0011,2.998,0.00041,0.00,0.00,0.00,3.998,0.00055,1.999,0.00028,19.86,0.351,0.00,0.00,0.00,0.00,0.00,0.00,0.00,0.00,0.00,0.00,0.00,0.00,0.018
-93.77495953,42.01780369,A1/A2,TaskName 6/13/2025 (GreenStar 4 Monitor),Laudis/Tough,248,6/13/2025,1.005,On,1122.5,110.00,-5.625,7.931,11.69,6.610,0.313,19.99,19.99,0,3,105.70,6/13/2025,Good,7.997,0.0018,2.999,0.00069,0.00,0.00,0.00,3.999,0.00092,1.999,0.00046,19.86,0.586,0.00,0.00,0.00,0.00,0.00,0.00,0.00,0.00,0.00,0.00,0.00,0.00,0.030
-93.77495918,42.01783568,A1/A2,TaskName 6/13/2025 (GreenStar 4 Monitor),Laudis/Tough,249,6/13/2025,0.999,On,1122.6,110.00,-5.625,7.927,11.63,6.426,0.204,19.99,19.99,0,3,105.80,6/13/2025,Good,7.994,0.0018,2.998,0.00069,0.00,0.00,0.00,3.997,0.00092,1.999,0.00046,19.86,0.583,0.00,0.00,0.00,0.00,0.00,0.00,0.00,0.00,0.00,0.00,0.00,0.00,0.029
-93.77495865,42.01786762,A1/A2,TaskName 6/13/2025 (GreenStar 4 Monitor),Laudis/Tough,250,6/13/2025,1.001,On,1122.7,110.00,-5.625,7.954,11.68,6.145,359.53,19.99,19.97,0,3,106.04,6/13/2025,Good,7.989,0.0018,2.996,0.00069,0.00,0.00,0.00,3.994,0.00092,1.997,0.00046,19.84,0.585,0.00,0.00,0.00,0.00,0.00,0.00,0.00,0.00,0.00,0.00,0.00,0.00,0.029
-93.77495874,42.01789295,A1/A2,TaskName 6/13/2025 (GreenStar 4 Monitor),Laudis/Tough,251,6/13/2025,0.801,On,1122.8,110.00,-5.625,7.886,9.250,6.671,359.55,19.99,20.04,0,3,104.98,6/13/2025,Good,8.016,0.0015,3.006,0.00055,0.00,0.00,0.00,4.008,0.00073,2.004,0.00037,19.91,0.465,0.00,0.00,0.00,0.00,0.00,0.00,0.00,0.00,0.00,0.00,0.00,0.00,0.023
-93.77495935,42.01792486,A1/A2,TaskName 6/13/2025 (GreenStar 4 Monitor),Laudis/Tough,252,6/13/2025,0.989,On,1122.9,108.75,-6.250,7.897,11.45,6.487,0.282,19.99,20.03,0,3,104.08,6/13/2025,Good,8.013,0.0018,3.005,0.00067,0.00,0.00,0.00,4.006,0.00089,2.003,0.00045,19.90,0.569,0.00,0.00,0.00,0.00,0.00,0.00,0.00,0.00,0.00,0.00,0.00,0.00,0.029
-93.77495934,42.01795026,A1/A2,TaskName 6/13/2025 (GreenStar 4 Monitor),Laudis/Tough,253,6/13/2025,0.805,On,1123.0,108.75,-6.250,7.914,9.358,6.588,0.392,19.99,20.03,0,3,104.48,6/13/2025,Good,8.012,0.0015,3.004,0.00055,0.00,0.00,0.00,4.006,0.00073,2.003,0.00037,19.90,0.465,0.00,0.00,0.00,0.00,0.00,0.00,0.00,0.00,0.00,0.00,0.00,0.00,0.023
-93.77495879,42.01798201,A1/A2,TaskName 6/13/2025 (GreenStar 4 Monitor),Laudis/Tough,254,6/13/2025,1.005,On,1123.1,107.50,-6.875,7.887,11.61,6.612,359.73,19.99,20.04,0,3,102.66,6/13/2025,Good,8.018,0.0018,3.007,0.00067,0.00,0.00,0.00,4.009,0.00090,2.004,0.00045,19.91,0.571,0.00,0.00,0.00,0.00,0.00,0.00,0.00,0.00,0.00,0.00,0.00,0.00,0.029
-93.77495896,42.01801363,A1/A2,TaskName 6/13/2025 (GreenStar 4 Monitor),Laudis/Tough,255,6/13/2025,0.995,On,1123.3,107.50,-6.875,7.879,11.51,6.809,359.77,19.99,20.03,0,3,102.73,6/13/2025,Good,8.013,0.0018,3.005,0.00067,0.00,0.00,0.00,4.006,0.00089,2.003,0.00044,19.90,0.565,0.00,0.00,0.00,0.00,0.00,0.00,0.00,0.00,0.00,0.00,0.00,0.00,0.028
-93.77495908,42.01802632,A1/A2,TaskName 6/13/2025 (GreenStar 4 Monitor),Laudis/Tough,256,6/13/2025,0.400,On,1123.3,107.50,-6.875,7.844,4.589,6.677,359.76,19.99,20.03,0,3,101.92,6/13/2025,Good,8.014,0.00071,3.005,0.00027,0.00,0.00,0.00,4.007,0.00035,2.003,0.00018,19.90,0.225,0.00,0.00,0.00,0.00,0.00,0.00,0.00,0.00,0.00,0.00,0.00,0.00,0.011
-93.77495934,42.01803918,A1/A2,TaskName 6/13/2025 (GreenStar 4 Monitor),Laudis/Tough,257,6/13/2025,0.400,On,1123.4,106.25,-7.500,7.892,4.641,6.469,0.133,19.99,20.07,0,3,101.89,6/13/2025,Good,8.029,0.00071,3.011,0.00027,0.00,0.00,0.00,4.014,0.00036,2.007,0.00018,19.94,0.226,0.00,0.00,0.00,0.00,0.00,0.00,0.00,0.00,0.00,0.00,0.00,0.00,0.011
-93.77495951,42.01807105,A1/A2,TaskName 6/13/2025 (GreenStar 4 Monitor),Laudis/Tough,258,6/13/2025,1.000,On,1123.5,107.50,-6.875,7.927,11.62,6.419,0.423,19.99,19.99,0,3,103.26,6/13/2025,Good,7.996,0.0018,2.998,0.00067,0.00,0.00,0.00,3.998,0.00090,1.999,0.00045,19.86,0.570,0.00,0.00,0.00,0.00,0.00,0.00,0.00,0.00,0.00,0.00,0.00,0.00,0.029
-93.77495911,42.01810300,A1/A2,TaskName 6/13/2025 (GreenStar 4 Monitor),Laudis/Tough,259,6/13/2025,1.000,On,1123.6,107.50,-6.875,7.951,11.65,6.168,359.97,19.99,20.01,0,3,103.50,6/13/2025,Good,8.004,0.0018,3.001,0.00067,0.00,0.00,0.00,4.002,0.00090,2.001,0.00045,19.88,0.572,0.00,0.00,0.00,0.00,0.00,0.00,0.00,0.00,0.00,0.00,0.00,0.00,0.029
-93.77495857,42.01812219,A1/A2,TaskName 6/13/2025 (GreenStar 4 Monitor),Laudis/Tough,260,6/13/2025,0.605,On,1123.7,107.50,-6.875,7.922,7.028,6.467,359.55,19.99,20.00,0,3,103.20,6/13/2025,Good,8.001,0.0011,3.000,0.00041,0.00,0.00,0.00,4.000,0.00054,2.000,0.00027,19.87,0.345,0.00,0.00,0.00,0.00,0.00,0.00,0.00,0.00,0.00,0.00,0.00,0.00,0.017
-93.77495884,42.01814760,A1/A2,TaskName 6/13/2025 (GreenStar 4 Monitor),Laudis/Tough,261,6/13/2025,0.795,On,1123.8,106.25,-7.500,7.916,9.240,6.569,359.57,19.99,19.98,0,3,102.06,6/13/2025,Good,7.993,0.0014,2.997,0.00053,0.00,0.00,0.00,3.996,0.00070,1.998,0.00035,19.85,0.447,0.00,0.00,0.00,0.00,0.00,0.00,0.00,0.00,0.00,0.00,0.00,0.00,0.023
-93.77495941,42.01817953,A1/A2,TaskName 6/13/2025 (GreenStar 4 Monitor),Laudis/Tough,262,6/13/2025,0.999,On,1123.9,107.50,-6.875,7.907,11.59,6.489,0.149,19.99,20.00,0,3,103.05,6/13/2025,Good,7.999,0.0018,3.000,0.00067,0.00,0.00,0.00,4.000,0.00089,2.000,0.00045,19.87,0.568,0.00,0.00,0.00,0.00,0.00,0.00,0.00,0.00,0.00,0.00,0.00,0.00,0.029
-93.77495961,42.01819864,A1/A2,TaskName 6/13/2025 (GreenStar 4 Monitor),Laudis/Tough,263,6/13/2025,0.601,On,1124.0,106.25,-7.500,7.943,7.001,6.373,0.447,19.99,19.99,0,3,102.30,6/13/2025,Good,7.998,0.0011,2.999,0.00040,0.00,0.00,0.00,3.999,0.00053,1.999,0.00027,19.86,0.339,0.00,0.00,0.00,0.00,0.00,0.00,0.00,0.00,0.00,0.00,0.00,0.00,0.017
-93.77495964,42.01820506,A1/A2,TaskName 6/13/2025 (GreenStar 4 Monitor),Laudis/Tough,264,6/13/2025,0.199,On,1124.0,107.50,-6.875,7.930,2.314,6.208,0.549,19.99,19.97,0,3,103.31,6/13/2025,Good,7.988,0.00036,2.996,0.00013,0.00,0.00,0.00,3.994,0.00018,1.997,8.910e-05,19.84,0.113,0.00,0.00,0.00,0.00,0.00,0.00,0.00,0.00,0.00,0.00,0.00,0.00,0.0057
-93.77495920,42.01823705,A1/A2,TaskName 6/13/2025 (GreenStar 4 Monitor),Laudis/Tough,265,6/13/2025,1.000,On,1124.1,106.25,-7.500,7.946,11.65,6.401,0.149,19.99,20.00,0,3,102.32,6/13/2025,Good,8.001,0.0018,3.000,0.00067,0.00,0.00,0.00,4.000,0.00089,2.000,0.00044,19.87,0.565,0.00,0.00,0.00,0.00,0.00,0.00,0.00,0.00,0.00,0.00,0.00,0.00,0.028
-93.77495901,42.01824347,A1/A2,TaskName 6/13/2025 (GreenStar 4 Monitor),Laudis/Tough,266,6/13/2025,0.201,On,1124.2,106.25,-7.500,7.939,2.340,6.347,359.92,19.99,20.06,0,3,102.24,6/13/2025,Good,8.022,0.00036,3.008,0.00013,0.00,0.00,0.00,4.011,0.00018,2.006,8.945e-05,19.93,0.114,0.00,0.00,0.00,0.00,0.00,0.00,0.00,0.00,0.00,0.00,0.00,0.00,0.0057
-93.77495851,42.01827533,A1/A2,TaskName 6/13/2025 (GreenStar 4 Monitor),Laudis/Tough,267,6/13/2025,1.004,On,1124.3,105.00,-8.125,7.931,11.68,6.401,359.21,19.99,20.00,0,3,100.94,6/13/2025,Good,8.001,0.0018,3.000,0.00066,0.00,0.00,0.00,4.000,0.00088,2.000,0.00044,19.87,0.559,0.00,0.00,0.00,0.00,0.00,0.00,0.00,0.00,0.00,0.00,0.00,0.00,0.028
-93.77495912,42.01830097,A1/A2,TaskName 6/13/2025 (GreenStar 4 Monitor),Laudis/Tough,268,6/13/2025,0.796,On,1124.4,105.00,-8.125,7.929,9.257,6.096,359.80,19.99,20.01,0,3,100.91,6/13/2025,Good,8.003,0.0014,3.001,0.00052,0.00,0.00,0.00,4.001,0.00070,2.001,0.00035,19.88,0.444,0.00,0.00,0.00,0.00,0.00,0.00,0.00,0.00,0.00,0.00,0.00,0.00,0.022
-93.77495993,42.01833286,A1/A2,TaskName 6/13/2025 (GreenStar 4 Monitor),Laudis/Tough,269,6/13/2025,1.000,On,1124.6,103.75,-8.750,7.939,11.64,5.955,0.815,19.99,20.00,0,3,99.80,6/13/2025,Good,8.002,0.0017,3.001,0.00065,0.00,0.00,0.00,4.001,0.00087,2.000,0.00043,19.87,0.551,0.00,0.00,0.00,0.00,0.00,0.00,0.00,0.00,0.00,0.00,0.00,0.00,0.028
-93.77495913,42.01836473,A1/A2,TaskName 6/13/2025 (GreenStar 4 Monitor),Laudis/Tough,270,6/13/2025,1.000,On,1124.7,103.75,-8.750,7.941,11.64,5.908,0.235,19.99,20.02,0,3,99.80,6/13/2025,Good,8.009,0.0017,3.003,0.00065,0.00,0.00,0.00,4.004,0.00087,2.002,0.00043,19.89,0.551,0.00,0.00,0.00,0.00,0.00,0.00,0.00,0.00,0.00,0.00,0.00,0.00,0.028
-93.77495837,42.01839653,A1/A2,TaskName 6/13/2025 (GreenStar 4 Monitor),Laudis/Tough,271,6/13/2025,0.999,On,1124.9,103.75,-8.750,7.907,11.58,6.033,359.33,19.99,20.03,0,3,99.39,6/13/2025,Good,8.013,0.0017,3.005,0.00065,0.00,0.00,0.00,4.006,0.00086,2.003,0.00043,19.90,0.549,0.00,0.00,0.00,0.00,0.00,0.00,0.00,0.00,0.00,0.00,0.00,0.00,0.028
-93.77495833,42.01841562,A1/A2,TaskName 6/13/2025 (GreenStar 4 Monitor),Laudis/Tough,272,6/13/2025,0.601,On,1125.0,102.50,-9.375,7.906,6.969,6.107,359.19,19.99,20.04,0,3,98.22,6/13/2025,Good,8.017,0.0010,3.006,0.00039,0.00,0.00,0.00,4.008,0.00051,2.004,0.00026,19.91,0.326,0.00,0.00,0.00,0.00,0.00,0.00,0.00,0.00,0.00,0.00,0.00,0.00,0.016
-93.77495906,42.01844100,A1/A2,TaskName 6/13/2025 (GreenStar 4 Monitor),Laudis/Tough,273,6/13/2025,0.795,On,1125.2,103.75,-8.750,7.885,9.194,6.390,359.67,19.99,19.99,0,3,99.16,6/13/2025,Good,7.997,0.0014,2.999,0.00051,0.00,0.00,0.00,3.998,0.00068,1.999,0.00034,19.86,0.435,0.00,0.00,0.00,0.00,0.00,0.00,0.00,0.00,0.00,0.00,0.00,0.00,0.022
-93.77495959,42.01847279,A1/A2,TaskName 6/13/2025 (GreenStar 4 Monitor),Laudis/Tough,274,6/13/2025,1.000,On,1125.4,102.50,-9.375,7.900,11.57,6.253,0.298,19.99,20.06,0,3,98.04,6/13/2025,Good,8.025,0.0017,3.009,0.00064,0.00,0.00,0.00,4.012,0.00085,2.006,0.00043,19.93,0.543,0.00,0.00,0.00,0.00,0.00,0.00,0.00,0.00,0.00,0.00,0.00,0.00,0.027
-93.77495933,42.01850444,A1/A2,TaskName 6/13/2025 (GreenStar 4 Monitor),Laudis/Tough,275,6/13/2025,1.005,On,1125.6,102.50,-9.375,7.892,11.64,6.147,0.329,19.99,20.05,0,3,98.14,6/13/2025,Good,8.019,0.0017,3.007,0.00064,0.00,0.00,0.00,4.009,0.00086,2.005,0.00043,19.92,0.546,0.00,0.00,0.00,0.00,0.00,0.00,0.00,0.00,0.00,0.00,0.00,0.00,0.027
-93.77495935,42.01851710,A1/A2,TaskName 6/13/2025 (GreenStar 4 Monitor),Laudis/Tough,276,6/13/2025,0.399,On,1125.7,102.50,-9.375,7.874,4.609,6.340,0.227,19.99,19.98,0,3,97.84,6/13/2025,Good,7.992,0.00068,2.997,0.00025,0.00,0.00,0.00,3.996,0.00034,1.998,0.00017,19.85,0.215,0.00,0.00,0.00,0.00,0.00,0.00,0.00,0.00,0.00,0.00,0.00,0.00,0.011
-93.77495883,42.01854881,A1/A2,TaskName 6/13/2025 (GreenStar 4 Monitor),Laudis/Tough,277,6/13/2025,1.000,On,1125.9,101.25,-10.000,7.871,11.54,6.221,359.73,19.99,20.05,0,3,96.57,6/13/2025,Good,8.018,0.0017,3.007,0.00063,0.00,0.00,0.00,4.009,0.00084,2.005,0.00042,19.92,0.534,0.00,0.00,0.00,0.00,0.00,0.00,0.00,0.00,0.00,0.00,0.00,0.00,0.027
-93.77495915,42.01858045,A1/A2,TaskName 6/13/2025 (GreenStar 4 Monitor),Laudis/Tough,278,6/13/2025,1.001,On,1126.1,102.50,-9.375,7.861,11.54,6.130,359.86,19.99,19.98,0,3,97.67,6/13/2025,Good,7.993,0.0017,2.998,0.00064,0.00,0.00,0.00,3.997,0.00085,1.998,0.00042,19.85,0.539,0.00,0.00,0.00,0.00,0.00,0.00,0.00,0.00,0.00,0.00,0.00,0.00,0.027
-93.77495957,42.01861214,A1/A2,TaskName 6/13/2025 (GreenStar 4 Monitor),Laudis/Tough,279,6/13/2025,1.000,On,1126.3,102.50,-9.375,7.881,11.54,5.895,0.416,19.99,19.96,0,3,97.79,6/13/2025,Good,7.984,0.0017,2.994,0.00064,0.00,0.00,0.00,3.992,0.00085,1.996,0.00042,19.83,0.539,0.00,0.00,0.00,0.00,0.00,0.00,0.00,0.00,0.00,0.00,0.00,0.00,0.027
-93.77495938,42.01863116,A1/A2,TaskName 6/13/2025 (GreenStar 4 Monitor),Laudis/Tough,280,6/13/2025,0.595,On,1126.4,102.50,-9.375,7.860,6.870,6.062,0.439,19.99,20.03,0,3,97.81,6/13/2025,Good,8.013,0.0010,3.005,0.00038,0.00,0.00,0.00,4.006,0.00051,2.003,0.00025,19.90,0.322,0.00,0.00,0.00,0.00,0.00,0.00,0.00,0.00,0.00,0.00,0.00,0.00,0.016
-93.77495891,42.01866288,A1/A2,TaskName 6/13/2025 (GreenStar 4 Monitor),Laudis/Tough,281,6/13/2025,1.000,On,1126.6,101.25,-10.000,7.871,11.53,5.888,359.90,19.99,20.00,0,3,96.49,6/13/2025,Good,7.998,0.0017,2.999,0.00063,0.00,0.00,0.00,3.999,0.00084,2.000,0.00042,19.87,0.532,0.00,0.00,0.00,0.00,0.00,0.00,0.00,0.00,0.00,0.00,0.00,0.00,0.027
-93.77495890,42.01869449,A1/A2,TaskName 6/13/2025 (GreenStar 4 Monitor),Laudis/Tough,282,6/13/2025,1.000,On,1126.9,101.25,-10.000,7.861,11.53,6.070,359.83,19.99,20.04,0,3,96.46,6/13/2025,Good,8.017,0.0017,3.006,0.00063,0.00,0.00,0.00,4.009,0.00084,2.004,0.00042,19.91,0.534,0.00,0.00,0.00,0.00,0.00,0.00,0.00,0.00,0.00,0.00,0.00,0.00,0.027
-93.77495914,42.01872615,A1/A2,TaskName 6/13/2025 (GreenStar 4 Monitor),Laudis/Tough,283,6/13/2025,1.000,On,1127.1,101.25,-10.000,7.867,11.55,5.840,359.97,19.99,20.00,0,3,96.63,6/13/2025,Good,7.998,0.0017,2.999,0.00063,0.00,0.00,0.00,3.999,0.00084,2.000,0.00042,19.87,0.533,0.00,0.00,0.00,0.00,0.00,0.00,0.00,0.00,0.00,0.00,0.00,0.00,0.027
-93.77495950,42.01875785,A1/A2,TaskName 6/13/2025 (GreenStar 4 Monitor),Laudis/Tough,284,6/13/2025,1.000,On,1127.3,101.25,-10.000,7.872,11.55,5.832,0.204,19.99,20.02,0,3,96.63,6/13/2025,Good,8.008,0.0017,3.003,0.00063,0.00,0.00,0.00,4.004,0.00084,2.002,0.00042,19.89,0.534,0.00,0.00,0.00,0.00,0.00,0.00,0.00,0.00,0.00,0.00,0.00,0.00,0.027
-93.77495949,42.01878928,A1/A2,TaskName 6/13/2025 (GreenStar 4 Monitor),Laudis/Tough,285,6/13/2025,1.000,On,1127.5,101.25,-10.000,7.851,11.51,6.922,0.306,19.99,19.97,0,3,96.33,6/13/2025,Good,7.989,0.0017,2.996,0.00063,0.00,0.00,0.00,3.995,0.00084,1.997,0.00042,19.84,0.531,0.00,0.00,0.00,0.00,0.00,0.00,0.00,0.00,0.00,0.00,0.00,0.00,0.027
-93.77495942,42.01880193,A1/A2,TaskName 6/13/2025 (GreenStar 4 Monitor),Laudis/Tough,286,6/13/2025,0.405,On,1127.5,101.25,-10.000,7.814,4.641,6.733,0.290,19.99,19.95,0,3,95.90,6/13/2025,Good,7.981,0.00067,2.993,0.00025,0.00,0.00,0.00,3.991,0.00034,1.995,0.00017,19.82,0.214,0.00,0.00,0.00,0.00,0.00,0.00,0.00,0.00,0.00,0.00,0.00,0.00,0.011
-93.77495927,42.01883359,A1/A2,TaskName 6/13/2025 (GreenStar 4 Monitor),Laudis/Tough,287,6/13/2025,0.999,On,1127.7,100.00,-10.62,7.863,11.52,6.095,0.149,19.99,19.96,0,3,95.29,6/13/2025,Good,7.984,0.0016,2.994,0.00062,0.00,0.00,0.00,3.992,0.00082,1.996,0.00041,19.83,0.524,0.00,0.00,0.00,0.00,0.00,0.00,0.00,0.00,0.00,0.00,0.00,0.00,0.026
-93.77495929,42.01886536,A1/A2,TaskName 6/13/2025 (GreenStar 4 Monitor),Laudis/Tough,288,6/13/2025,0.996,On,1127.9,100.00,-10.62,7.891,11.51,5.945,0.314,19.99,19.97,0,3,95.55,6/13/2025,Good,7.987,0.0016,2.995,0.00062,0.00,0.00,0.00,3.993,0.00082,1.997,0.00041,19.84,0.524,0.00,0.00,0.00,0.00,0.00,0.00,0.00,0.00,0.00,0.00,0.00,0.00,0.026
-93.77495907,42.01889709,A1/A2,TaskName 6/13/2025 (GreenStar 4 Monitor),Laudis/Tough,289,6/13/2025,1.000,On,1128.1,100.00,-10.62,7.872,11.55,5.866,0.251,19.99,19.94,0,3,95.49,6/13/2025,Good,7.978,0.0017,2.992,0.00062,0.00,0.00,0.00,3.989,0.00083,1.994,0.00041,19.82,0.526,0.00,0.00,0.00,0.00,0.00,0.00,0.00,0.00,0.00,0.00,0.00,0.00,0.027
-93.77495833,42.01892878,A1/A2,TaskName 6/13/2025 (GreenStar 4 Monitor),Laudis/Tough,290,6/13/2025,1.000,On,1128.2,100.00,-10.62,7.883,11.56,5.916,359.53,19.99,19.99,0,3,95.54,6/13/2025,Good,7.997,0.0017,2.999,0.00062,0.00,0.00,0.00,3.999,0.00083,1.999,0.00041,19.86,0.527,0.00,0.00,0.00,0.00,0.00,0.00,0.00,0.00,0.00,0.00,0.00,0.00,0.027
-93.77495841,42.01896068,A1/A2,TaskName 6/13/2025 (GreenStar 4 Monitor),Laudis/Tough,291,6/13/2025,1.000,On,1128.3,100.00,-10.62,7.896,11.58,5.726,359.37,19.99,20.00,0,3,95.68,6/13/2025,Good,7.998,0.0017,2.999,0.00062,0.00,0.00,0.00,3.999,0.00083,2.000,0.00042,19.87,0.528,0.00,0.00,0.00,0.00,0.00,0.00,0.00,0.00,0.00,0.00,0.00,0.00,0.027
-93.77495885,42.01898609,A1/A2,TaskName 6/13/2025 (GreenStar 4 Monitor),Laudis/Tough,292,6/13/2025,0.805,On,1128.4,100.00,-10.62,7.900,9.312,6.043,359.68,19.99,19.98,0,3,95.60,6/13/2025,Good,7.991,0.0013,2.997,0.00050,0.00,0.00,0.00,3.996,0.00067,1.998,0.00033,19.85,0.424,0.00,0.00,0.00,0.00,0.00,0.00,0.00,0.00,0.00,0.00,0.00,0.00,0.021
-93.77495914,42.01899881,A1/A2,TaskName 6/13/2025 (GreenStar 4 Monitor),Laudis/Tough,293,6/13/2025,0.395,On,1128.4,98.75,-11.25,7.898,4.586,6.112,359.94,19.99,20.08,0,3,94.74,6/13/2025,Good,8.033,0.00065,3.012,0.00024,0.00,0.00,0.00,4.016,0.00033,2.008,0.00016,19.95,0.207,0.00,0.00,0.00,0.00,0.00,0.00,0.00,0.00,0.00,0.00,0.00,0.00,0.010
-93.77495929,42.01903060,A1/A2,TaskName 6/13/2025 (GreenStar 4 Monitor),Laudis/Tough,294,6/13/2025,0.999,On,1128.5,100.00,-10.62,7.902,11.58,5.927,0.117,19.99,20.01,0,3,95.78,6/13/2025,Good,8.004,0.0017,3.002,0.00062,0.00,0.00,0.00,4.002,0.00083,2.001,0.00042,19.88,0.528,0.00,0.00,0.00,0.00,0.00,0.00,0.00,0.00,0.00,0.00,0.00,0.00,0.027
-93.77495904,42.01906235,A1/A2,TaskName 6/13/2025 (GreenStar 4 Monitor),Laudis/Tough,295,6/13/2025,1.006,On,1128.6,100.00,-10.62,7.889,11.62,5.955,359.84,19.99,20.00,0,3,95.49,6/13/2025,Good,7.998,0.0017,2.999,0.00063,0.00,0.00,0.00,3.999,0.00083,2.000,0.00042,19.87,0.530,0.00,0.00,0.00,0.00,0.00,0.00,0.00,0.00,0.00,0.00,0.00,0.00,0.027
-93.77495934,42.01909424,A1/A2,TaskName 6/13/2025 (GreenStar 4 Monitor),Laudis/Tough,296,6/13/2025,0.990,On,1128.6,98.75,-11.25,7.914,11.50,5.564,359.96,19.99,20.03,0,3,94.79,6/13/2025,Good,8.011,0.0016,3.004,0.00061,0.00,0.00,0.00,4.006,0.00082,2.003,0.00041,19.90,0.519,0.00,0.00,0.00,0.00,0.00,0.00,0.00,0.00,0.00,0.00,0.00,0.00,0.026
-93.77495957,42.01912599,A1/A2,TaskName 6/13/2025 (GreenStar 4 Monitor),Laudis/Tough,297,6/13/2025,1.004,On,1128.7,98.75,-11.25,7.910,11.65,5.802,0.220,19.99,20.00,0,3,94.67,6/13/2025,Good,7.999,0.0016,3.000,0.00062,0.00,0.00,0.00,4.000,0.00082,2.000,0.00041,19.87,0.525,0.00,0.00,0.00,0.00,0.00,0.00,0.00,0.00,0.00,0.00,0.00,0.00,0.026
-93.77495986,42.01915770,A1/A2,TaskName 6/13/2025 (GreenStar 4 Monitor),Laudis/Tough,298,6/13/2025,1.001,On,1128.7,98.75,-11.25,7.883,11.56,6.275,0.533,19.99,19.99,0,3,94.23,6/13/2025,Good,7.996,0.0016,2.998,0.00061,0.00,0.00,0.00,3.998,0.00082,1.999,0.00041,19.86,0.520,0.00,0.00,0.00,0.00,0.00,0.00,0.00,0.00,0.00,0.00,0.00,0.00,0.026
-93.77495956,42.01917035,A1/A2,TaskName 6/13/2025 (GreenStar 4 Monitor),Laudis/Tough,299,6/13/2025,0.400,On,1128.7,98.75,-11.25,7.858,4.622,6.289,0.376,19.99,20.01,0,3,94.30,6/13/2025,Good,8.005,0.00066,3.002,0.00025,0.00,0.00,0.00,4.003,0.00033,2.001,0.00016,19.88,0.208,0.00,0.00,0.00,0.00,0.00,0.00,0.00,0.00,0.00,0.00,0.00,0.00,0.010
-93.77495929,42.01920222,A1/A2,TaskName 6/13/2025 (GreenStar 4 Monitor),Laudis/Tough,300,6/13/2025,1.000,On,1128.8,97.50,-11.87,7.895,11.57,5.846,0.023,19.99,19.99,0,3,93.21,6/13/2025,Good,7.994,0.0016,2.998,0.00061,0.00,0.00,0.00,3.997,0.00081,1.999,0.00040,19.86,0.514,0.00,0.00,0.00,0.00,0.00,0.00,0.00,0.00,0.00,0.00,0.00,0.00,0.026
-93.77495934,42.01923393,A1/A2,TaskName 6/13/2025 (GreenStar 4 Monitor),Laudis/Tough,301,6/13/2025,1.000,On,1128.9,97.50,-11.87,7.885,11.57,5.904,0.055,19.99,19.99,0,3,93.26,6/13/2025,Good,7.997,0.0016,2.999,0.00061,0.00,0.00,0.00,3.998,0.00081,1.999,0.00040,19.86,0.515,0.00,0.00,0.00,0.00,0.00,0.00,0.00,0.00,0.00,0.00,0.00,0.00,0.026
-93.77495967,42.01926562,A1/A2,TaskName 6/13/2025 (GreenStar 4 Monitor),Laudis/Tough,302,6/13/2025,1.000,On,1129.1,97.50,-11.87,7.893,11.57,5.798,0.533,19.99,19.98,0,3,93.26,6/13/2025,Good,7.991,0.0016,2.997,0.00061,0.00,0.00,0.00,3.995,0.00081,1.998,0.00040,19.85,0.514,0.00,0.00,0.00,0.00,0.00,0.00,0.00,0.00,0.00,0.00,0.00,0.00,0.026
-93.77495968,42.01927197,A1/A2,TaskName 6/13/2025 (GreenStar 4 Monitor),Laudis/Tough,303,6/13/2025,0.199,On,1129.1,97.50,-11.87,7.878,2.298,5.653,0.572,19.99,19.99,0,3,93.04,6/13/2025,Good,7.997,0.00032,2.999,0.00012,0.00,0.00,0.00,3.998,0.00016,1.999,8.032e-05,19.86,0.102,0.00,0.00,0.00,0.00,0.00,0.00,0.00,0.00,0.00,0.00,0.00,0.00,0.0051
-93.77495893,42.01930385,A1/A2,TaskName 6/13/2025 (GreenStar 4 Monitor),Laudis/Tough,304,6/13/2025,0.996,On,1129.2,96.25,-12.50,7.900,11.54,5.448,360.00,19.99,20.00,0,3,92.15,6/13/2025,Good,8.001,0.0016,3.000,0.00060,0.00,0.00,0.00,4.000,0.00080,2.000,0.00040,19.87,0.507,0.00,0.00,0.00,0.00,0.00,0.00,0.00,0.00,0.00,0.00,0.00,0.00,0.025
-93.77495875,42.01931019,A1/A2,TaskName 6/13/2025 (GreenStar 4 Monitor),Laudis/Tough,305,6/13/2025,0.200,On,1129.2,96.25,-12.50,7.925,2.324,5.647,359.79,19.99,19.95,0,3,92.43,6/13/2025,Good,7.980,0.00032,2.992,0.00012,0.00,0.00,0.00,3.990,0.00016,1.995,8.003e-05,19.82,0.102,0.00,0.00,0.00,0.00,0.00,0.00,0.00,0.00,0.00,0.00,0.00,0.00,0.0051
-93.77495861,42.01934172,A1/A2,TaskName 6/13/2025 (GreenStar 4 Monitor),Laudis/Tough,306,6/13/2025,1.005,On,1129.4,97.50,-11.87,7.869,11.60,5.815,359.36,19.99,20.02,0,3,92.98,6/13/2025,Good,8.010,0.0016,3.004,0.00061,0.00,0.00,0.00,4.005,0.00081,2.002,0.00041,19.89,0.516,0.00,0.00,0.00,0.00,0.00,0.00,0.00,0.00,0.00,0.00,0.00,0.00,0.026
-93.77495940,42.01937341,A1/A2,TaskName 6/13/2025 (GreenStar 4 Monitor),Laudis/Tough,307,6/13/2025,1.000,On,1129.5,97.50,-11.87,7.839,11.50,5.251,359.97,19.99,19.98,0,3,92.65,6/13/2025,Good,7.993,0.0016,2.997,0.00060,0.00,0.00,0.00,3.996,0.00080,1.998,0.00040,19.85,0.511,0.00,0.00,0.00,0.00,0.00,0.00,0.00,0.00,0.00,0.00,0.00,0.00,0.026
-93.77495964,42.01940510,A1/A2,TaskName 6/13/2025 (GreenStar 4 Monitor),Laudis/Tough,308,6/13/2025,1.000,On,1129.6,97.50,-11.87,7.876,11.55,5.399,0.384,19.99,19.90,0,3,93.07,6/13/2025,Good,7.958,0.0016,2.984,0.00060,0.00,0.00,0.00,3.979,0.00080,1.990,0.00040,19.77,0.511,0.00,0.00,0.00,0.00,0.00,0.00,0.00,0.00,0.00,0.00,0.00,0.00,0.026
-93.77495974,42.01941771,A1/A2,TaskName 6/13/2025 (GreenStar 4 Monitor),Laudis/Tough,309,6/13/2025,0.400,On,1129.6,97.50,-11.87,7.870,4.615,5.198,0.439,19.99,19.94,0,3,92.97,6/13/2025,Good,7.977,0.00064,2.992,0.00024,0.00,0.00,0.00,3.989,0.00032,1.994,0.00016,19.81,0.205,0.00,0.00,0.00,0.00,0.00,0.00,0.00,0.00,0.00,0.00,0.00,0.00,0.010
-93.77495908,42.01944944,A1/A2,TaskName 6/13/2025 (GreenStar 4 Monitor),Laudis/Tough,310,6/13/2025,0.994,On,1129.8,96.25,-12.50,7.865,11.47,5.208,359.83,19.99,19.97,0,3,91.75,6/13/2025,Good,7.988,0.0016,2.996,0.00059,0.00,0.00,0.00,3.994,0.00079,1.997,0.00040,19.84,0.503,0.00,0.00,0.00,0.00,0.00,0.00,0.00,0.00,0.00,0.00,0.00,0.00,0.025
-93.77495911,42.01946208,A1/A2,TaskName 6/13/2025 (GreenStar 4 Monitor),Laudis/Tough,311,6/13/2025,0.406,On,1129.8,96.25,-12.50,7.874,4.687,5.105,359.77,19.99,19.91,0,3,91.84,6/13/2025,Good,7.963,0.00064,2.986,0.00024,0.00,0.00,0.00,3.981,0.00032,1.991,0.00016,19.78,0.205,0.00,0.00,0.00,0.00,0.00,0.00,0.00,0.00,0.00,0.00,0.00,0.00,0.010
-93.77495937,42.01949374,A1/A2,TaskName 6/13/2025 (GreenStar 4 Monitor),Laudis/Tough,312,6/13/2025,1.005,On,1129.8,95.00,-13.12,7.853,11.56,5.251,359.89,19.99,20.08,0,3,90.34,6/13/2025,Good,8.034,0.0016,3.013,0.00059,0.00,0.00,0.00,4.017,0.00079,2.008,0.00040,19.95,0.503,0.00,0.00,0.00,0.00,0.00,0.00,0.00,0.00,0.00,0.00,0.00,0.00,0.025
-93.77495973,42.01952539,A1/A2,TaskName 6/13/2025 (GreenStar 4 Monitor),Laudis/Tough,313,6/13/2025,0.995,On,1129.9,95.00,-13.12,7.854,11.47,5.568,0.408,19.99,20.03,0,3,90.52,6/13/2025,Good,8.012,0.0016,3.005,0.00059,0.00,0.00,0.00,4.006,0.00078,2.003,0.00039,19.90,0.498,0.00,0.00,0.00,0.00,0.00,0.00,0.00,0.00,0.00,0.00,0.00,0.00,0.025
-93.77495952,42.01955699,A1/A2,TaskName 6/13/2025 (GreenStar 4 Monitor),Laudis/Tough,314,6/13/2025,0.999,On,1129.9,95.00,-13.12,7.860,11.52,5.446,0.470,19.99,20.02,0,3,90.52,6/13/2025,Good,8.009,0.0016,3.003,0.00059,0.00,0.00,0.00,4.004,0.00079,2.002,0.00039,19.89,0.500,0.00,0.00,0.00,0.00,0.00,0.00,0.00,0.00,0.00,0.00,0.00,0.00,0.025
-93.77495887,42.01958877,A1/A2,TaskName 6/13/2025 (GreenStar 4 Monitor),Laudis/Tough,315,6/13/2025,0.996,On,1130.0,95.00,-13.12,7.869,11.49,5.286,359.93,19.99,20.04,0,3,90.59,6/13/2025,Good,8.015,0.0016,3.006,0.00059,0.00,0.00,0.00,4.007,0.00078,2.004,0.00039,19.91,0.499,0.00,0.00,0.00,0.00,0.00,0.00,0.00,0.00,0.00,0.00,0.00,0.00,0.025
-93.77495879,42.01962047,A1/A2,TaskName 6/13/2025 (GreenStar 4 Monitor),Laudis/Tough,316,6/13/2025,1.005,On,1130.0,95.00,-13.12,7.892,11.63,4.741,359.61,19.99,19.97,0,3,90.85,6/13/2025,Good,7.988,0.0016,2.996,0.00059,0.00,0.00,0.00,3.994,0.00079,1.997,0.00040,19.84,0.503,0.00,0.00,0.00,0.00,0.00,0.00,0.00,0.00,0.00,0.00,0.00,0.00,0.025
-93.77495909,42.01965188,A1/A2,TaskName 6/13/2025 (GreenStar 4 Monitor),Laudis/Tough,317,6/13/2025,1.000,On,1130.1,95.00,-13.12,7.835,11.48,5.643,359.75,19.99,19.92,0,3,90.15,6/13/2025,Good,7.969,0.0016,2.989,0.00058,0.00,0.00,0.00,3.985,0.00078,1.992,0.00039,19.79,0.496,0.00,0.00,0.00,0.00,0.00,0.00,0.00,0.00,0.00,0.00,0.00,0.00,0.025
-93.77495990,42.01968326,A1/A2,TaskName 6/13/2025 (GreenStar 4 Monitor),Laudis/Tough,318,6/13/2025,0.999,On,1130.2,95.00,-13.12,7.791,11.42,5.963,0.384,19.99,19.93,0,3,89.77,6/13/2025,Good,7.971,0.0016,2.989,0.00058,0.00,0.00,0.00,3.985,0.00078,1.993,0.00039,19.80,0.493,0.00,0.00,0.00,0.00,0.00,0.00,0.00,0.00,0.00,0.00,0.00,0.00,0.025
-93.77495996,42.01971479,A1/A2,TaskName 6/13/2025 (GreenStar 4 Monitor),Laudis/Tough,319,6/13/2025,1.000,On,1130.3,95.00,-13.12,7.817,11.46,5.903,0.706,19.99,20.01,0,3,89.99,6/13/2025,Good,8.003,0.0016,3.001,0.00059,0.00,0.00,0.00,4.002,0.00078,2.001,0.00039,19.88,0.497,0.00,0.00,0.00,0.00,0.00,0.00,0.00,0.00,0.00,0.00,0.00,0.00,0.025
-93.77495958,42.01974015,A1/A2,TaskName 6/13/2025 (GreenStar 4 Monitor),Laudis/Tough,320,6/13/2025,0.796,On,1130.3,95.00,-13.12,7.846,9.148,5.291,0.517,19.99,20.04,0,3,90.23,6/13/2025,Good,8.016,0.0012,3.006,0.00047,0.00,0.00,0.00,4.008,0.00062,2.004,0.00031,19.91,0.397,0.00,0.00,0.00,0.00,0.00,0.00,0.00,0.00,0.00,0.00,0.00,0.00,0.020
-93.77495920,42.01977182,A1/A2,TaskName 6/13/2025 (GreenStar 4 Monitor),Laudis/Tough,321,6/13/2025,1.004,On,1130.3,93.75,-13.75,7.886,11.62,4.990,0.282,19.99,19.92,0,3,89.67,6/13/2025,Good,7.969,0.0016,2.988,0.00058,0.00,0.00,0.00,3.984,0.00078,1.992,0.00039,19.79,0.495,0.00,0.00,0.00,0.00,0.00,0.00,0.00,0.00,0.00,0.00,0.00,0.00,0.025
-93.77495854,42.01980352,A1/A2,TaskName 6/13/2025 (GreenStar 4 Monitor),Laudis/Tough,322,6/13/2025,1.000,On,1130.3,93.75,-13.75,7.863,11.53,5.473,359.62,19.99,19.96,0,3,89.37,6/13/2025,Good,7.983,0.0015,2.994,0.00058,0.00,0.00,0.00,3.991,0.00077,1.996,0.00039,19.83,0.492,0.00,0.00,0.00,0.00,0.00,0.00,0.00,0.00,0.00,0.00,0.00,0.00,0.025
-93.77495845,42.01983521,A1/A2,TaskName 6/13/2025 (GreenStar 4 Monitor),Laudis/Tough,323,6/13/2025,0.995,On,1130.2,93.75,-13.75,7.856,11.46,5.732,359.12,19.99,20.09,0,3,89.26,6/13/2025,Good,8.036,0.0015,3.014,0.00058,0.00,0.00,0.00,4.018,0.00077,2.009,0.00039,19.96,0.492,0.00,0.00,0.00,0.00,0.00,0.00,0.00,0.00,0.00,0.00,0.00,0.00,0.025
-93.77495938,42.01986721,A1/A2,TaskName 6/13/2025 (GreenStar 4 Monitor),Laudis/Tough,324,6/13/2025,1.005,On,1130.1,93.75,-13.75,7.911,11.66,5.069,359.76,19.99,20.04,0,3,89.91,6/13/2025,Good,8.017,0.0016,3.006,0.00059,0.00,0.00,0.00,4.008,0.00079,2.004,0.00039,19.91,0.500,0.00,0.00,0.00,0.00,0.00,0.00,0.00,0.00,0.00,0.00,0.00,0.00,0.025
-93.77496009,42.01989919,A1/A2,TaskName 6/13/2025 (GreenStar 4 Monitor),Laudis/Tough,325,6/13/2025,1.005,On,1129.9,93.75,-13.75,7.959,11.73,5.150,0.729,19.99,20.02,0,3,90.44,6/13/2025,Good,8.009,0.0016,3.003,0.00059,0.00,0.00,0.00,4.004,0.00079,2.002,0.00039,19.89,0.502,0.00,0.00,0.00,0.00,0.00,0.00,0.00,0.00,0.00,0.00,0.00,0.00,0.025
-93.77495953,42.01993129,A1/A2,TaskName 6/13/2025 (GreenStar 4 Monitor),Laudis/Tough,326,6/13/2025,0.991,On,1129.7,93.75,-13.75,7.957,11.56,5.061,0.447,19.99,19.97,0,3,90.41,6/13/2025,Good,7.987,0.0016,2.995,0.00058,0.00,0.00,0.00,3.993,0.00078,1.997,0.00039,19.84,0.494,0.00,0.00,0.00,0.00,0.00,0.00,0.00,0.00,0.00,0.00,0.00,0.00,0.025
-93.77495885,42.01996332,A1/A2,TaskName 6/13/2025 (GreenStar 4 Monitor),Laudis/Tough,327,6/13/2025,1.005,On,1129.5,93.75,-13.75,7.968,11.74,4.961,359.79,19.99,20.03,0,3,90.52,6/13/2025,Good,8.012,0.0016,3.004,0.00059,0.00,0.00,0.00,4.006,0.00079,2.003,0.00040,19.90,0.503,0.00,0.00,0.00,0.00,0.00,0.00,0.00,0.00,0.00,0.00,0.00,0.00,0.025
-93.77495880,42.01999538,A1/A2,TaskName 6/13/2025 (GreenStar 4 Monitor),Laudis/Tough,328,6/13/2025,1.000,On,1129.4,93.75,-13.75,7.977,11.69,4.712,359.65,19.99,19.97,0,3,90.56,6/13/2025,Good,7.988,0.0016,2.995,0.00059,0.00,0.00,0.00,3.994,0.00078,1.997,0.00039,19.84,0.499,0.00,0.00,0.00,0.00,0.00,0.00,0.00,0.00,0.00,0.00,0.00,0.00,0.025
-93.77495900,42.02002749,A1/A2,TaskName 6/13/2025 (GreenStar 4 Monitor),Laudis/Tough,329,6/13/2025,0.995,On,1129.2,93.75,-13.75,7.949,11.61,4.691,359.87,19.99,20.00,0,3,90.43,6/13/2025,Good,8.000,0.0016,3.000,0.00059,0.00,0.00,0.00,4.000,0.00078,2.000,0.00039,19.87,0.497,0.00,0.00,0.00,0.00,0.00,0.00,0.00,0.00,0.00,0.00,0.00,0.00,0.025
-93.77495908,42.02005923,A1/A2,TaskName 6/13/2025 (GreenStar 4 Monitor),Laudis/Tough,330,6/13/2025,1.005,On,1129.1,93.75,-13.75,7.909,11.65,5.356,359.98,19.99,19.97,0,3,89.78,6/13/2025,Good,7.990,0.0016,2.996,0.00059,0.00,0.00,0.00,3.995,0.00078,1.997,0.00039,19.85,0.497,0.00,0.00,0.00,0.00,0.00,0.00,0.00,0.00,0.00,0.00,0.00,0.00,0.025
-93.77495908,42.02009125,A1/A2,TaskName 6/13/2025 (GreenStar 4 Monitor),Laudis/Tough,331,6/13/2025,0.995,On,1128.9,93.75,-13.75,7.939,11.59,4.647,359.87,19.99,20.00,0,3,90.28,6/13/2025,Good,7.999,0.0016,3.000,0.00058,0.00,0.00,0.00,4.000,0.00078,2.000,0.00039,19.87,0.496,0.00,0.00,0.00,0.00,0.00,0.00,0.00,0.00,0.00,0.00,0.00,0.00,0.025
-93.77495931,42.02012312,A1/A2,TaskName 6/13/2025 (GreenStar 4 Monitor),Laudis/Tough,332,6/13/2025,1.005,On,1128.8,93.75,-13.75,7.944,11.71,4.866,0.063,19.99,20.00,0,3,90.24,6/13/2025,Good,7.998,0.0016,2.999,0.00059,0.00,0.00,0.00,3.999,0.00079,2.000,0.00039,19.87,0.500,0.00,0.00,0.00,0.00,0.00,0.00,0.00,0.00,0.00,0.00,0.00,0.00,0.025
-93.77495908,42.02015484,A1/A2,TaskName 6/13/2025 (GreenStar 4 Monitor),Laudis/Tough,333,6/13/2025,0.995,On,1128.6,93.75,-13.75,7.892,11.52,5.172,0.180,19.99,19.97,0,3,89.67,6/13/2025,Good,7.986,0.0015,2.995,0.00058,0.00,0.00,0.00,3.993,0.00077,1.997,0.00039,19.84,0.492,0.00,0.00,0.00,0.00,0.00,0.00,0.00,0.00,0.00,0.00,0.00,0.00,0.025
-93.77495908,42.02016749,A1/A2,TaskName 6/13/2025 (GreenStar 4 Monitor),Laudis/Tough,334,6/13/2025,0.404,On,1128.6,93.75,-13.75,7.874,4.666,5.599,0.298,19.99,20.05,0,3,89.49,6/13/2025,Good,8.018,0.00063,3.007,0.00024,0.00,0.00,0.00,4.009,0.00031,2.005,0.00016,19.92,0.200,0.00,0.00,0.00,0.00,0.00,0.00,0.00,0.00,0.00,0.00,0.00,0.00,0.010
-93.77495861,42.02019920,A1/A2,TaskName 6/13/2025 (GreenStar 4 Monitor),Laudis/Tough,335,6/13/2025,1.000,On,1128.5,92.50,-14.37,7.875,11.55,5.419,359.67,19.99,20.00,0,3,88.32,6/13/2025,Good,8.002,0.0015,3.001,0.00058,0.00,0.00,0.00,4.001,0.00077,2.000,0.00038,19.87,0.488,0.00,0.00,0.00,0.00,0.00,0.00,0.00,0.00,0.00,0.00,0.00,0.00,0.025
-93.77495838,42.02021819,A1/A2,TaskName 6/13/2025 (GreenStar 4 Monitor),Laudis/Tough,336,6/13/2025,0.601,On,1128.4,92.50,-14.37,7.863,6.936,5.309,359.32,19.99,19.99,0,3,88.22,6/13/2025,Good,7.998,0.00092,2.999,0.00035,0.00,0.00,0.00,3.999,0.00046,1.999,0.00023,19.86,0.293,0.00,0.00,0.00,0.00,0.00,0.00,0.00,0.00,0.00,0.00,0.00,0.00,0.015
-93.77495875,42.02024970,A1/A2,TaskName 6/13/2025 (GreenStar 4 Monitor),Laudis/Tough,337,6/13/2025,0.994,On,1128.4,93.75,-13.75,7.841,11.43,5.549,359.41,19.99,20.01,0,3,89.11,6/13/2025,Good,8.004,0.0015,3.002,0.00058,0.00,0.00,0.00,4.002,0.00077,2.001,0.00038,19.88,0.489,0.00,0.00,0.00,0.00,0.00,0.00,0.00,0.00,0.00,0.00,0.00,0.00,0.025
-93.77495976,42.02028117,A1/A2,TaskName 6/13/2025 (GreenStar 4 Monitor),Laudis/Tough,338,6/13/2025,1.006,On,1128.3,93.75,-13.75,7.827,11.55,5.755,0.392,19.99,19.98,0,3,88.95,6/13/2025,Good,7.992,0.0016,2.997,0.00058,0.00,0.00,0.00,3.996,0.00078,1.998,0.00039,19.85,0.493,0.00,0.00,0.00,0.00,0.00,0.00,0.00,0.00,0.00,0.00,0.00,0.00,0.025
-93.77495948,42.02031272,A1/A2,TaskName 6/13/2025 (GreenStar 4 Monitor),Laudis/Tough,339,6/13/2025,0.990,On,1128.2,93.75,-13.75,7.834,11.37,5.650,0.470,19.99,19.96,0,3,88.98,6/13/2025,Good,7.986,0.0015,2.995,0.00057,0.00,0.00,0.00,3.993,0.00076,1.996,0.00038,19.83,0.485,0.00,0.00,0.00,0.00,0.00,0.00,0.00,0.00,0.00,0.00,0.00,0.00,0.024
-93.77495882,42.02034427,A1/A2,TaskName 6/13/2025 (GreenStar 4 Monitor),Laudis/Tough,340,6/13/2025,1.009,On,1128.2,93.75,-13.75,7.839,11.62,5.689,359.76,19.99,20.02,0,3,89.19,6/13/2025,Good,8.010,0.0016,3.004,0.00059,0.00,0.00,0.00,4.005,0.00078,2.002,0.00039,19.89,0.497,0.00,0.00,0.00,0.00,0.00,0.00,0.00,0.00,0.00,0.00,0.00,0.00,0.025
-93.77495873,42.02037581,A1/A2,TaskName 6/13/2025 (GreenStar 4 Monitor),Laudis/Tough,341,6/13/2025,0.995,On,1128.1,93.75,-13.75,7.852,11.46,5.382,359.51,19.99,20.00,0,3,89.25,6/13/2025,Good,8.002,0.0015,3.001,0.00058,0.00,0.00,0.00,4.001,0.00077,2.000,0.00039,19.87,0.490,0.00,0.00,0.00,0.00,0.00,0.00,0.00,0.00,0.00,0.00,0.00,0.00,0.025
-93.77495912,42.02040669,A1/A2,TaskName 6/13/2025 (GreenStar 4 Monitor),Laudis/Tough,342,6/13/2025,1.001,On,1128.0,93.75,-13.75,7.800,11.45,4.120,359.90,19.99,19.95,0,3,88.64,6/13/2025,Good,7.978,0.0015,2.992,0.00058,0.00,0.00,0.00,3.989,0.00077,1.995,0.00038,19.82,0.488,0.00,0.00,0.00,0.00,0.00,0.00,0.00,0.00,0.00,0.00,0.00,0.00,0.025
-93.77495928,42.02043418,A1/A2,TaskName 6/13/2025 (GreenStar 4 Monitor),Laudis/Tough,343,6/13/2025,0.999,On,1128.0,95.00,-13.12,7.261,10.63,4.299,0.062,19.99,20.02,0,3,83.53,6/13/2025,Good,8.008,0.0015,3.003,0.00054,0.00,0.00,0.00,4.004,0.00073,2.002,0.00036,19.89,0.461,0.00,0.00,0.00,0.00,0.00,0.00,0.00,0.00,0.00,0.00,0.00,0.00,0.023
-93.77495909,42.02046113,A1/A2,TaskName 6/13/2025 (GreenStar 4 Monitor),Laudis/Tough,344,6/13/2025,0.996,On,1128.1,95.00,-13.12,6.775,9.900,5.624,359.85,19.99,20.20,0,3,78.04,6/13/2025,Good,8.080,0.0014,3.030,0.00051,0.00,0.00,0.00,4.040,0.00068,2.020,0.00034,20.07,0.433,0.00,0.00,0.00,0.00,0.00,0.00,0.00,0.00,0.00,0.00,0.00,0.00,0.022
-93.77495914,42.02047708,A1/A2,TaskName 6/13/2025 (GreenStar 4 Monitor),Laudis/Tough,345,6/13/2025,0.605,On,1128.2,95.00,-13.12,6.684,5.922,5.373,359.88,19.99,20.17,0,3,76.85,6/13/2025,Good,8.067,0.00081,3.025,0.00031,0.00,0.00,0.00,4.034,0.00041,2.017,0.00020,20.04,0.259,0.00,0.00,0.00,0.00,0.00,0.00,0.00,0.00,0.00,0.00,0.00,0.00,0.013
-93.77495929,42.02049916,A1/A2,TaskName 6/13/2025 (GreenStar 4 Monitor),Laudis/Tough,346,6/13/2025,0.799,On,1128.5,93.75,-13.75,6.722,7.886,4.732,0.047,19.99,20.23,0,3,76.47,6/13/2025,Good,8.093,0.0011,3.035,0.00040,0.00,0.00,0.00,4.046,0.00054,2.023,0.00027,20.10,0.341,0.00,0.00,0.00,0.00,0.00,0.00,0.00,0.00,0.00,0.00,0.00,0.00,0.017
-93.77495911,42.02051469,A1/A2,TaskName 6/13/2025 (GreenStar 4 Monitor),Laudis/Tough,347,6/13/2025,0.605,On,1128.4,95.00,-13.12,6.758,5.997,3.616,359.81,19.99,19.92,0,3,77.83,6/13/2025,Good,7.966,0.00081,2.987,0.00031,0.00,0.00,0.00,3.983,0.00041,1.992,0.00020,19.79,0.259,0.00,0.00,0.00,0.00,0.00,0.00,0.00,0.00,0.00,0.00,0.00,0.00,0.013
-93.77495908,42.02051909,A1/A2,TaskName 6/13/2025 (GreenStar 4 Monitor),Laudis/Tough,348,6/13/2025,0.195,On,1128.6,93.75,-13.75,6.561,1.876,3.196,359.81,19.99,20.02,0,3,74.52,6/13/2025,Good,8.009,0.00025,3.004,9.472e-05,0.00,0.00,0.00,4.005,0.00013,2.002,6.315e-05,19.89,0.080,0.00,0.00,0.00,0.00,0.00,0.00,0.00,0.00,0.00,0.00,0.00,0.00,0.0040
-93.77495921,42.02052344,A1/A2,TaskName 6/13/2025 (GreenStar 4 Monitor),Laudis/Tough,349,6/13/2025,0.201,On,1128.7,91.25,-15.00,6.246,1.843,4.108,359.97,19.99,20.14,0,3,69.14,6/13/2025,Good,8.057,0.00024,3.021,9.111e-05,0.00,0.00,0.00,4.028,0.00012,2.014,6.074e-05,20.01,0.077,0.00,0.00,0.00,0.00,0.00,0.00,0.00,0.00,0.00,0.00,0.00,0.00,0.0039
-93.77495919,42.02052761,A1/A2,TaskName 6/13/2025 (GreenStar 4 Monitor),Laudis/Tough,350,6/13/2025,0.200,On,1128.8,88.75,-16.25,5.937,1.734,4.260,360.00,19.99,20.21,0,3,63.61,6/13/2025,Good,8.082,0.00022,3.031,8.368e-05,0.00,0.00,0.00,4.041,0.00011,2.021,5.578e-05,20.07,0.071,0.00,0.00,0.00,0.00,0.00,0.00,0.00,0.00,0.00,0.00,0.00,0.00,0.0035
-93.77495919,42.02053203,A1/A2,TaskName 6/13/2025 (GreenStar 4 Monitor),Laudis/Tough,351,6/13/2025,0.200,On,1128.8,86.25,-17.50,5.671,1.672,4.015,359.95,19.99,20.26,0,3,59.60,6/13/2025,Good,8.104,0.00021,3.039,7.860e-05,0.00,0.00,0.00,4.052,0.00010,2.026,5.240e-05,20.13,0.067,0.00,0.00,0.00,0.00,0.00,0.00,0.00,0.00,0.00,0.00,0.00,0.00,0.0033
-93.77495915,42.02053626,A1/A2,TaskName 6/13/2025 (GreenStar 4 Monitor),Laudis/Tough,352,6/13/2025,0.194,On,1128.8,18.75,11.42,5.545,1.577,3.084,359.91,19.99,20.32,0,3,12.60,6/13/2025,Good,8.129,4.311e-05,3.048,1.617e-05,0.00,0.00,0.00,4.065,2.156e-05,2.032,1.078e-05,20.19,0.014,0.00,0.00,0.00,0.00,0.00,0.00,0.00,0.00,0.00,0.00,0.00,0.00,0.00068
-93.77517640,42.02039858,A1/A2,TaskName 6/13/2025 (GreenStar 4 Monitor),Laudis/Tough,353,6/13/2025,0.200,On,1129.8,76.25,9.590,7.592,2.230,7.034,269.51,19.99,20.46,0,4,70.27,6/13/2025,Good,8.185,0.00025,3.069,9.361e-05,0.00,0.00,0.00,4.092,0.00012,2.046,6.241e-05,20.33,0.079,0.00,0.00,0.00,0.00,0.00,0.00,0.00,0.00,0.00,0.00,0.00,0.00,0.0039
-93.77518488,42.02039847,A1/A2,TaskName 6/13/2025 (GreenStar 4 Monitor),Laudis/Tough,354,6/13/2025,0.200,On,1129.8,110.00,-5.625,7.623,2.250,6.644,269.59,19.99,19.51,0,4,102.27,6/13/2025,Good,7.804,0.00035,2.927,0.00013,0.00,0.00,0.00,3.902,0.00017,1.951,8.660e-05,19.38,0.110,0.00,0.00,0.00,0.00,0.00,0.00,0.00,0.00,0.00,0.00,0.00,0.00,0.0057
-93.77522700,42.02039815,A1/A2,TaskName 6/13/2025 (GreenStar 4 Monitor),Laudis/Tough,355,6/13/2025,0.994,On,1130.1,111.25,-5.000,7.766,11.33,6.108,270.14,19.99,18.84,0,4,104.78,6/13/2025,Good,7.535,0.0017,2.826,0.00064,0.00,0.00,0.00,3.768,0.00085,1.884,0.00043,18.72,0.541,0.00,0.00,0.00,0.00,0.00,0.00,0.00,0.00,0.00,0.00,0.00,0.00,0.029
-93.77526913,42.02039804,A1/A2,TaskName 6/13/2025 (GreenStar 4 Monitor),Laudis/Tough,356,6/13/2025,1.006,On,1130.2,111.25,-5.000,7.800,11.52,6.283,270.26,19.99,19.05,0,4,105.24,6/13/2025,Good,7.620,0.0018,2.858,0.00066,0.00,0.00,0.00,3.810,0.00088,1.905,0.00044,18.93,0.557,0.00,0.00,0.00,0.00,0.00,0.00,0.00,0.00,0.00,0.00,0.00,0.00,0.029
-93.77531178,42.02039837,A1/A2,TaskName 6/13/2025 (GreenStar 4 Monitor),Laudis/Tough,357,6/13/2025,0.995,On,1130.2,111.25,-5.000,7.855,11.47,5.979,270.02,19.99,19.27,0,4,105.98,6/13/2025,Good,7.709,0.0018,2.891,0.00066,0.00,0.00,0.00,3.854,0.00088,1.927,0.00044,19.15,0.561,0.00,0.00,0.00,0.00,0.00,0.00,0.00,0.00,0.00,0.00,0.00,0.00,0.029
-93.77535457,42.02039820,A1/A2,TaskName 6/13/2025 (GreenStar 4 Monitor),Laudis/Tough,358,6/13/2025,1.000,On,1130.1,111.25,-5.000,7.909,11.61,5.845,270.24,19.99,19.41,0,4,106.72,6/13/2025,Good,7.765,0.0018,2.912,0.00067,0.00,0.00,0.00,3.882,0.00090,1.941,0.00045,19.29,0.572,0.00,0.00,0.00,0.00,0.00,0.00,0.00,0.00,0.00,0.00,0.00,0.00,0.030
-93.77539819,42.02039822,A1/A2,TaskName 6/13/2025 (GreenStar 4 Monitor),Laudis/Tough,359,6/13/2025,1.000,On,1129.9,111.25,-5.000,8.011,11.75,5.201,270.17,19.99,19.57,0,4,108.04,6/13/2025,Good,7.829,0.0018,2.936,0.00069,0.00,0.00,0.00,3.915,0.00092,1.957,0.00046,19.45,0.584,0.00,0.00,0.00,0.00,0.00,0.00,0.00,0.00,0.00,0.00,0.00,0.00,0.030
-93.77544121,42.02039836,A1/A2,TaskName 6/13/2025 (GreenStar 4 Monitor),Laudis/Tough,360,6/13/2025,1.005,On,1129.6,111.25,-5.000,8.024,11.83,5.113,269.91,19.99,19.66,0,4,108.23,6/13/2025,Good,7.865,0.0019,2.949,0.00070,0.00,0.00,0.00,3.933,0.00093,1.966,0.00046,19.53,0.590,0.00,0.00,0.00,0.00,0.00,0.00,0.00,0.00,0.00,0.00,0.00,0.00,0.030
-93.77548496,42.02039834,A1/A2,TaskName 6/13/2025 (GreenStar 4 Monitor),Laudis/Tough,361,6/13/2025,0.995,On,1129.4,111.25,-5.000,8.037,11.73,4.836,269.95,19.99,19.73,0,4,108.41,6/13/2025,Good,7.892,0.0018,2.960,0.00069,0.00,0.00,0.00,3.946,0.00092,1.973,0.00046,19.60,0.587,0.00,0.00,0.00,0.00,0.00,0.00,0.00,0.00,0.00,0.00,0.00,0.00,0.030
-93.77552853,42.02039828,A1/A2,TaskName 6/13/2025 (GreenStar 4 Monitor),Laudis/Tough,362,6/13/2025,0.999,On,1129.0,111.25,-5.000,8.104,11.88,4.633,269.91,19.99,19.79,0,4,109.33,6/13/2025,Good,7.914,0.0019,2.968,0.00070,0.00,0.00,0.00,3.957,0.00094,1.979,0.00047,19.66,0.596,0.00,0.00,0.00,0.00,0.00,0.00,0.00,0.00,0.00,0.00,0.00,0.00,0.030
-93.77557215,42.02039831,A1/A2,TaskName 6/13/2025 (GreenStar 4 Monitor),Laudis/Tough,363,6/13/2025,1.000,On,1128.6,111.25,-5.000,8.036,11.79,4.628,269.88,19.99,19.85,0,4,108.44,6/13/2025,Good,7.941,0.0019,2.978,0.00070,0.00,0.00,0.00,3.971,0.00093,1.985,0.00047,19.72,0.594,0.00,0.00,0.00,0.00,0.00,0.00,0.00,0.00,0.00,0.00,0.00,0.00,0.030
-93.77561593,42.02039824,A1/A2,TaskName 6/13/2025 (GreenStar 4 Monitor),Laudis/Tough,364,6/13/2025,1.000,On,1128.3,111.25,-5.000,8.100,11.88,3.724,269.79,19.99,19.87,0,4,109.25,6/13/2025,Good,7.948,0.0019,2.980,0.00071,0.00,0.00,0.00,3.974,0.00094,1.987,0.00047,19.74,0.599,0.00,0.00,0.00,0.00,0.00,0.00,0.00,0.00,0.00,0.00,0.00,0.00,0.030
-93.77565878,42.02039823,A1/A2,TaskName 6/13/2025 (GreenStar 4 Monitor),Laudis/Tough,365,6/13/2025,1.000,On,1127.9,111.25,-5.000,8.020,11.77,4.764,269.91,19.99,19.98,0,4,108.20,6/13/2025,Good,7.991,0.0019,2.997,0.00070,0.00,0.00,0.00,3.996,0.00094,1.998,0.00047,19.85,0.597,0.00,0.00,0.00,0.00,0.00,0.00,0.00,0.00,0.00,0.00,0.00,0.00,0.030
-93.77566729,42.02039811,A1/A2,TaskName 6/13/2025 (GreenStar 4 Monitor),Laudis/Tough,366,6/13/2025,0.200,On,1127.9,111.25,-5.000,7.946,2.332,5.356,269.95,19.99,20.01,0,4,107.20,6/13/2025,Good,8.005,0.00037,3.002,0.00014,0.00,0.00,0.00,4.003,0.00019,2.001,9.312e-05,19.88,0.118,0.00,0.00,0.00,0.00,0.00,0.00,0.00,0.00,0.00,0.00,0.00,0.00,0.0060
-93.77571040,42.02039810,A1/A2,TaskName 6/13/2025 (GreenStar 4 Monitor),Laudis/Tough,367,6/13/2025,1.000,On,1127.7,110.00,-5.625,7.959,11.67,4.760,269.98,19.99,20.01,0,4,106.12,6/13/2025,Good,8.002,0.0018,3.001,0.00069,0.00,0.00,0.00,4.001,0.00092,2.001,0.00046,19.88,0.586,0.00,0.00,0.00,0.00,0.00,0.00,0.00,0.00,0.00,0.00,0.00,0.00,0.029
-93.77575299,42.02039822,A1/A2,TaskName 6/13/2025 (GreenStar 4 Monitor),Laudis/Tough,368,6/13/2025,1.001,On,1127.5,110.00,-5.625,7.931,11.65,5.338,269.84,19.99,19.99,0,4,105.77,6/13/2025,Good,7.996,0.0018,2.998,0.00069,0.00,0.00,0.00,3.998,0.00092,1.999,0.00046,19.86,0.584,0.00,0.00,0.00,0.00,0.00,0.00,0.00,0.00,0.00,0.00,0.00,0.00,0.029
-93.77579566,42.02039820,A1/A2,TaskName 6/13/2025 (GreenStar 4 Monitor),Laudis/Tough,369,6/13/2025,0.999,On,1127.4,110.00,-5.625,7.879,11.55,5.291,270.03,19.99,19.98,0,4,105.12,6/13/2025,Good,7.992,0.0018,2.997,0.00068,0.00,0.00,0.00,3.996,0.00091,1.998,0.00046,19.85,0.579,0.00,0.00,0.00,0.00,0.00,0.00,0.00,0.00,0.00,0.00,0.00,0.00,0.029
-93.77583837,42.02039813,A1/A2,TaskName 6/13/2025 (GreenStar 4 Monitor),Laudis/Tough,370,6/13/2025,1.000,On,1127.2,110.00,-5.625,7.946,11.66,5.236,270.19,19.99,19.98,0,4,106.00,6/13/2025,Good,7.992,0.0018,2.997,0.00069,0.00,0.00,0.00,3.996,0.00092,1.998,0.00046,19.85,0.584,0.00,0.00,0.00,0.00,0.00,0.00,0.00,0.00,0.00,0.00,0.00,0.00,0.029
-93.77588084,42.02039829,A1/A2,TaskName 6/13/2025 (GreenStar 4 Monitor),Laudis/Tough,371,6/13/2025,1.000,On,1127.1,110.00,-5.625,7.870,11.55,5.547,269.89,19.99,20.00,0,4,105.01,6/13/2025,Good,8.001,0.0018,3.000,0.00068,0.00,0.00,0.00,4.000,0.00091,2.000,0.00046,19.87,0.580,0.00,0.00,0.00,0.00,0.00,0.00,0.00,0.00,0.00,0.00,0.00,0.00,0.029
-93.77592336,42.02039832,A1/A2,TaskName 6/13/2025 (GreenStar 4 Monitor),Laudis/Tough,372,6/13/2025,1.001,On,1126.9,110.00,-5.625,7.877,11.57,5.371,269.84,19.99,19.99,0,4,105.06,6/13/2025,Good,7.996,0.0018,2.999,0.00068,0.00,0.00,0.00,3.998,0.00091,1.999,0.00046,19.86,0.580,0.00,0.00,0.00,0.00,0.00,0.00,0.00,0.00,0.00,0.00,0.00,0.00,0.029
-93.77596583,42.02039827,A1/A2,TaskName 6/13/2025 (GreenStar 4 Monitor),Laudis/Tough,373,6/13/2025,0.994,On,1126.9,110.00,-5.625,7.888,11.51,5.420,270.01,19.99,19.98,0,4,105.23,6/13/2025,Good,7.992,0.0018,2.997,0.00068,0.00,0.00,0.00,3.996,0.00091,1.998,0.00045,19.85,0.577,0.00,0.00,0.00,0.00,0.00,0.00,0.00,0.00,0.00,0.00,0.00,0.00,0.029
-93.77600834,42.02039819,A1/A2,TaskName 6/13/2025 (GreenStar 4 Monitor),Laudis/Tough,374,6/13/2025,1.006,On,1126.7,110.00,-5.625,7.850,11.59,5.595,270.16,19.99,20.02,0,4,104.74,6/13/2025,Good,8.009,0.0018,3.003,0.00069,0.00,0.00,0.00,4.004,0.00092,2.002,0.00046,19.89,0.582,0.00,0.00,0.00,0.00,0.00,0.00,0.00,0.00,0.00,0.00,0.00,0.00,0.029
-93.77601675,42.02039824,A1/A2,TaskName 6/13/2025 (GreenStar 4 Monitor),Laudis/Tough,375,6/13/2025,0.199,On,1126.7,110.00,-5.625,7.876,2.299,5.442,270.09,19.99,19.93,0,4,105.03,6/13/2025,Good,7.971,0.00036,2.989,0.00014,0.00,0.00,0.00,3.985,0.00018,1.993,9.039e-05,19.80,0.115,0.00,0.00,0.00,0.00,0.00,0.00,0.00,0.00,0.00,0.00,0.00,0.00,0.0058
-93.77605098,42.02039817,A1/A2,TaskName 6/13/2025 (GreenStar 4 Monitor),Laudis/Tough,376,6/13/2025,0.801,On,1126.7,108.75,-6.250,7.882,9.252,5.167,269.98,19.99,19.99,0,4,103.81,6/13/2025,Good,7.997,0.0014,2.999,0.00054,0.00,0.00,0.00,3.999,0.00072,1.999,0.00036,19.86,0.459,0.00,0.00,0.00,0.00,0.00,0.00,0.00,0.00,0.00,0.00,0.00,0.00,0.023
-93.77605952,42.02039822,A1/A2,TaskName 6/13/2025 (GreenStar 4 Monitor),Laudis/Tough,377,6/13/2025,0.204,On,1126.6,110.00,-5.625,7.923,2.379,5.541,269.92,19.99,19.94,0,4,106.03,6/13/2025,Good,7.975,0.00037,2.991,0.00014,0.00,0.00,0.00,3.988,0.00019,1.994,9.359e-05,19.81,0.119,0.00,0.00,0.00,0.00,0.00,0.00,0.00,0.00,0.00,0.00,0.00,0.00,0.0060
-93.77606800,42.02039833,A1/A2,TaskName 6/13/2025 (GreenStar 4 Monitor),Laudis/Tough,378,6/13/2025,0.196,On,1126.6,1.250,48.75,7.914,2.261,5.330,269.79,19.99,19.94,0,4,1.192,6/13/2025,Good,7.975,4.043e-06,2.991,1.516e-06,0.00,0.00,0.00,3.988,2.021e-06,1.994,1.011e-06,19.81,0.0013,0.00,0.00,0.00,0.00,0.00,0.00,0.00,0.00,0.00,0.00,0.00,0.00,6.489e-05
-93.77584348,42.02024083,A1/A2,TaskName 6/13/2025 (GreenStar 4 Monitor),Laudis/Tough,379,6/13/2025,0.201,On,1128.6,22.50,49.37,7.972,2.337,6.584,178.82,19.99,18.18,0,5,21.62,6/13/2025,Good,7.274,6.861e-05,2.728,2.573e-05,0.00,0.00,0.00,3.637,3.430e-05,1.818,1.715e-05,18.07,0.022,0.00,0.00,0.00,0.00,0.00,0.00,0.00,0.00,0.00,0.00,0.00,0.00,0.0012
-93.77584341,42.02023447,A1/A2,TaskName 6/13/2025 (GreenStar 4 Monitor),Laudis/Tough,380,6/13/2025,0.195,On,1128.7,90.00,15.62,7.959,2.288,7.014,178.77,19.99,16.61,0,5,87.27,6/13/2025,Under Target,6.645,0.00025,2.492,9.203e-05,0.00,0.00,0.00,3.323,0.00012,1.661,6.136e-05,16.51,0.078,0.00,0.00,0.00,0.00,0.00,0.00,0.00,0.00,0.00,0.00,0.00,0.00,0.0047
-93.77584332,42.02022803,A1/A2,TaskName 6/13/2025 (GreenStar 4 Monitor),Laudis/Tough,381,6/13/2025,0.200,On,1128.7,121.25,0.00,7.943,2.331,6.789,178.75,19.99,16.55,0,5,116.77,6/13/2025,Under Target,6.620,0.00034,2.482,0.00013,0.00,0.00,0.00,3.310,0.00017,1.655,8.388e-05,16.44,0.107,0.00,0.00,0.00,0.00,0.00,0.00,0.00,0.00,0.00,0.00,0.00,0.00,0.0065
-93.77584246,42.02020884,A1/A2,TaskName 6/13/2025 (GreenStar 4 Monitor),Laudis/Tough,382,6/13/2025,0.604,On,1128.8,120.00,-0.625,7.938,7.031,6.830,179.40,19.99,17.63,0,5,115.45,6/13/2025,Good,7.052,0.0011,2.645,0.00040,0.00,0.00,0.00,3.526,0.00053,1.763,0.00027,17.52,0.339,0.00,0.00,0.00,0.00,0.00,0.00,0.00,0.00,0.00,0.00,0.00,0.00,0.019
-93.77584133,42.02017684,A1/A2,TaskName 6/13/2025 (GreenStar 4 Monitor),Laudis/Tough,383,6/13/2025,1.001,On,1128.9,121.25,0.00,7.950,11.67,6.578,180.93,19.99,17.89,0,5,116.82,6/13/2025,Good,7.154,0.0018,2.683,0.00068,0.00,0.00,0.00,3.577,0.00091,1.789,0.00045,17.77,0.577,0.00,0.00,0.00,0.00,0.00,0.00,0.00,0.00,0.00,0.00,0.00,0.00,0.032
-93.77584220,42.02014466,A1/A2,TaskName 6/13/2025 (GreenStar 4 Monitor),Laudis/Tough,384,6/13/2025,0.999,On,1129.0,121.25,0.00,7.981,11.70,6.735,180.41,19.99,18.45,0,5,117.32,6/13/2025,Good,7.378,0.0019,2.767,0.00070,0.00,0.00,0.00,3.689,0.00094,1.845,0.00047,18.33,0.597,0.00,0.00,0.00,0.00,0.00,0.00,0.00,0.00,0.00,0.00,0.00,0.00,0.033
-93.77584321,42.02011264,A1/A2,TaskName 6/13/2025 (GreenStar 4 Monitor),Laudis/Tough,385,6/13/2025,1.000,On,1129.0,121.25,0.00,7.985,11.71,6.506,178.99,19.99,18.89,0,5,117.33,6/13/2025,Good,7.556,0.0019,2.834,0.00072,0.00,0.00,0.00,3.778,0.00096,1.889,0.00048,18.77,0.612,0.00,0.00,0.00,0.00,0.00,0.00,0.00,0.00,0.00,0.00,0.00,0.00,0.033
-93.77584261,42.02008059,A1/A2,TaskName 6/13/2025 (GreenStar 4 Monitor),Laudis/Tough,386,6/13/2025,0.996,On,1129.1,121.25,0.00,7.944,11.61,6.412,179.26,19.99,19.22,0,5,116.78,6/13/2025,Good,7.686,0.0019,2.882,0.00073,0.00,0.00,0.00,3.843,0.00097,1.922,0.00049,19.09,0.617,0.00,0.00,0.00,0.00,0.00,0.00,0.00,0.00,0.00,0.00,0.00,0.00,0.032
-93.77584130,42.02004837,A1/A2,TaskName 6/13/2025 (GreenStar 4 Monitor),Laudis/Tough,387,6/13/2025,0.999,On,1129.0,121.25,0.00,7.987,11.70,6.660,180.85,19.99,19.42,0,5,117.38,6/13/2025,Good,7.766,0.0020,2.912,0.00074,0.00,0.00,0.00,3.883,0.00099,1.942,0.00049,19.29,0.628,0.00,0.00,0.00,0.00,0.00,0.00,0.00,0.00,0.00,0.00,0.00,0.00,0.033
-93.77584199,42.02001616,A1/A2,TaskName 6/13/2025 (GreenStar 4 Monitor),Laudis/Tough,388,6/13/2025,1.001,On,1129.0,121.25,0.00,8.015,11.77,6.081,180.51,19.99,19.61,0,5,117.81,6/13/2025,Good,7.846,0.0020,2.942,0.00075,0.00,0.00,0.00,3.923,0.0010,1.961,0.00050,19.49,0.638,0.00,0.00,0.00,0.00,0.00,0.00,0.00,0.00,0.00,0.00,0.00,0.00,0.033
-93.77584296,42.01998398,A1/A2,TaskName 6/13/2025 (GreenStar 4 Monitor),Laudis/Tough,389,6/13/2025,1.005,On,1129.0,121.25,0.00,7.994,11.77,6.133,179.37,19.99,19.77,0,5,117.34,6/13/2025,Good,7.907,0.0020,2.965,0.00076,0.00,0.00,0.00,3.953,0.0010,1.977,0.00051,19.64,0.643,0.00,0.00,0.00,0.00,0.00,0.00,0.00,0.00,0.00,0.00,0.00,0.00,0.033
-93.77584298,42.01997755,A1/A2,TaskName 6/13/2025 (GreenStar 4 Monitor),Laudis/Tough,390,6/13/2025,0.195,On,1129.0,121.25,0.00,7.995,2.298,6.102,179.19,19.99,19.79,0,5,118.08,6/13/2025,Good,7.915,0.00040,2.968,0.00015,0.00,0.00,0.00,3.958,0.00020,1.979,9.888e-05,19.66,0.126,0.00,0.00,0.00,0.00,0.00,0.00,0.00,0.00,0.00,0.00,0.00,0.00,0.0064
-93.77584243,42.01995182,A1/A2,TaskName 6/13/2025 (GreenStar 4 Monitor),Laudis/Tough,391,6/13/2025,0.800,On,1129.0,120.00,-0.625,7.987,9.356,5.971,179.63,19.99,19.87,0,5,115.98,6/13/2025,Good,7.946,0.0016,2.980,0.00060,0.00,0.00,0.00,3.973,0.00080,1.987,0.00040,19.74,0.509,0.00,0.00,0.00,0.00,0.00,0.00,0.00,0.00,0.00,0.00,0.00,0.00,0.026
-93.77584187,42.01991975,A1/A2,TaskName 6/13/2025 (GreenStar 4 Monitor),Laudis/Tough,392,6/13/2025,0.999,On,1128.9,121.25,0.00,7.977,11.70,5.967,180.49,19.99,19.86,0,5,117.38,6/13/2025,Good,7.944,0.0020,2.979,0.00076,0.00,0.00,0.00,3.972,0.0010,1.986,0.00051,19.73,0.643,0.00,0.00,0.00,0.00,0.00,0.00,0.00,0.00,0.00,0.00,0.00,0.00,0.033
-93.77584219,42.01988774,A1/A2,TaskName 6/13/2025 (GreenStar 4 Monitor),Laudis/Tough,393,6/13/2025,1.001,On,1128.8,121.25,0.00,7.972,11.70,5.893,180.22,19.99,19.87,0,5,117.15,6/13/2025,Good,7.947,0.0020,2.980,0.00076,0.00,0.00,0.00,3.973,0.0010,1.987,0.00051,19.74,0.643,0.00,0.00,0.00,0.00,0.00,0.00,0.00,0.00,0.00,0.00,0.00,0.00,0.033
-93.77584263,42.01985566,A1/A2,TaskName 6/13/2025 (GreenStar 4 Monitor),Laudis/Tough,394,6/13/2025,1.004,On,1128.7,121.25,0.00,7.975,11.74,5.658,179.39,19.99,19.93,0,5,117.19,6/13/2025,Good,7.970,0.0020,2.989,0.00076,0.00,0.00,0.00,3.985,0.0010,1.993,0.00051,19.80,0.647,0.00,0.00,0.00,0.00,0.00,0.00,0.00,0.00,0.00,0.00,0.00,0.00,0.033
-93.77584207,42.01982353,A1/A2,TaskName 6/13/2025 (GreenStar 4 Monitor),Laudis/Tough,395,6/13/2025,0.996,On,1128.6,121.25,0.00,7.972,11.63,5.414,179.56,19.99,19.94,0,5,117.05,6/13/2025,Good,7.977,0.0020,2.991,0.00076,0.00,0.00,0.00,3.988,0.0010,1.994,0.00050,19.81,0.642,0.00,0.00,0.00,0.00,0.00,0.00,0.00,0.00,0.00,0.00,0.00,0.00,0.032
-93.77584094,42.01979167,A1/A2,TaskName 6/13/2025 (GreenStar 4 Monitor),Laudis/Tough,396,6/13/2025,1.000,On,1128.5,121.25,0.00,7.945,11.66,6.021,181.10,19.99,19.93,0,5,116.87,6/13/2025,Good,7.971,0.0020,2.989,0.00076,0.00,0.00,0.00,3.986,0.0010,1.993,0.00051,19.80,0.643,0.00,0.00,0.00,0.00,0.00,0.00,0.00,0.00,0.00,0.00,0.00,0.00,0.032
-93.77584132,42.01975954,A1/A2,TaskName 6/13/2025 (GreenStar 4 Monitor),Laudis/Tough,397,6/13/2025,0.999,On,1128.3,121.25,0.00,7.941,11.64,5.749,181.42,19.99,19.90,0,5,116.73,6/13/2025,Good,7.958,0.0020,2.984,0.00076,0.00,0.00,0.00,3.979,0.0010,1.990,0.00050,19.77,0.640,0.00,0.00,0.00,0.00,0.00,0.00,0.00,0.00,0.00,0.00,0.00,0.00,0.032
-93.77584284,42.01973379,A1/A2,TaskName 6/13/2025 (GreenStar 4 Monitor),Laudis/Tough,398,6/13/2025,0.795,On,1128.2,121.25,0.00,7.999,9.329,5.572,180.23,19.99,19.93,0,5,117.59,6/13/2025,Good,7.971,0.0016,2.989,0.00061,0.00,0.00,0.00,3.985,0.00081,1.993,0.00040,19.80,0.514,0.00,0.00,0.00,0.00,0.00,0.00,0.00,0.00,0.00,0.00,0.00,0.00,0.026
-93.77584380,42.01970183,A1/A2,TaskName 6/13/2025 (GreenStar 4 Monitor),Laudis/Tough,399,6/13/2025,1.010,On,1128.0,120.00,-0.625,7.967,11.80,5.679,178.95,19.99,20.06,0,5,115.88,6/13/2025,Good,8.023,0.0020,3.009,0.00076,0.00,0.00,0.00,4.011,0.0010,2.006,0.00051,19.93,0.648,0.00,0.00,0.00,0.00,0.00,0.00,0.00,0.00,0.00,0.00,0.00,0.00,0.033
-93.77584301,42.01966987,A1/A2,TaskName 6/13/2025 (GreenStar 4 Monitor),Laudis/Tough,400,6/13/2025,0.991,On,1127.9,120.00,-0.625,7.947,11.55,5.757,179.33,19.99,20.07,0,5,115.60,6/13/2025,Good,8.028,0.0020,3.011,0.00075,0.00,0.00,0.00,4.014,0.00100,2.007,0.00050,19.94,0.635,0.00,0.00,0.00,0.00,0.00,0.00,0.00,0.00,0.00,0.00,0.00,0.00,0.032
-93.77584225,42.01963807,A1/A2,TaskName 6/13/2025 (GreenStar 4 Monitor),Laudis/Tough,401,6/13/2025,1.009,On,1127.9,120.00,-0.625,7.917,11.72,6.127,180.16,19.99,20.05,0,5,115.15,6/13/2025,Good,8.020,0.0020,3.007,0.00076,0.00,0.00,0.00,4.010,0.0010,2.005,0.00051,19.92,0.643,0.00,0.00,0.00,0.00,0.00,0.00,0.00,0.00,0.00,0.00,0.00,0.00,0.032
-93.77584234,42.01961886,A1/A2,TaskName 6/13/2025 (GreenStar 4 Monitor),Laudis/Tough,402,6/13/2025,0.595,On,1127.8,121.25,0.00,7.918,6.910,5.777,180.16,19.99,20.00,0,5,116.38,6/13/2025,Good,8.001,0.0012,3.000,0.00045,0.00,0.00,0.00,4.000,0.00060,2.000,0.00030,19.87,0.382,0.00,0.00,0.00,0.00,0.00,0.00,0.00,0.00,0.00,0.00,0.00,0.00,0.019
-93.77584245,42.01958716,A1/A2,TaskName 6/13/2025 (GreenStar 4 Monitor),Laudis/Tough,403,6/13/2025,1.001,On,1127.7,120.00,-0.625,7.917,11.62,5.974,180.13,19.99,20.04,0,5,115.16,6/13/2025,Good,8.016,0.0020,3.006,0.00075,0.00,0.00,0.00,4.008,0.0010,2.004,0.00050,19.91,0.638,0.00,0.00,0.00,0.00,0.00,0.00,0.00,0.00,0.00,0.00,0.00,0.00,0.032
-93.77584298,42.01955530,A1/A2,TaskName 6/13/2025 (GreenStar 4 Monitor),Laudis/Tough,404,6/13/2025,0.999,On,1127.7,120.00,-0.625,7.894,11.56,5.906,179.51,19.99,20.03,0,5,114.81,6/13/2025,Good,8.012,0.0020,3.004,0.00075,0.00,0.00,0.00,4.006,0.00100,2.003,0.00050,19.90,0.634,0.00,0.00,0.00,0.00,0.00,0.00,0.00,0.00,0.00,0.00,0.00,0.00,0.032
-93.77584283,42.01953620,A1/A2,TaskName 6/13/2025 (GreenStar 4 Monitor),Laudis/Tough,405,6/13/2025,0.601,On,1127.6,120.00,-0.625,7.916,6.979,5.772,179.56,19.99,19.99,0,5,115.16,6/13/2025,Good,7.995,0.0012,2.998,0.00045,0.00,0.00,0.00,3.997,0.00060,1.999,0.00030,19.86,0.382,0.00,0.00,0.00,0.00,0.00,0.00,0.00,0.00,0.00,0.00,0.00,0.00,0.019
-93.77584211,42.01950444,A1/A2,TaskName 6/13/2025 (GreenStar 4 Monitor),Laudis/Tough,406,6/13/2025,0.999,On,1127.4,121.25,0.00,7.918,11.60,5.749,180.14,19.99,19.98,0,5,116.33,6/13/2025,Good,7.991,0.0020,2.996,0.00076,0.00,0.00,0.00,3.995,0.0010,1.998,0.00050,19.85,0.641,0.00,0.00,0.00,0.00,0.00,0.00,0.00,0.00,0.00,0.00,0.00,0.00,0.032
-93.77584216,42.01947230,A1/A2,TaskName 6/13/2025 (GreenStar 4 Monitor),Laudis/Tough,407,6/13/2025,1.000,On,1127.3,121.25,0.00,7.927,11.62,5.509,180.22,19.99,19.98,0,5,116.48,6/13/2025,Good,7.993,0.0020,2.997,0.00076,0.00,0.00,0.00,3.997,0.0010,1.998,0.00051,19.85,0.642,0.00,0.00,0.00,0.00,0.00,0.00,0.00,0.00,0.00,0.00,0.00,0.00,0.032
-93.77584248,42.01944665,A1/A2,TaskName 6/13/2025 (GreenStar 4 Monitor),Laudis/Tough,408,6/13/2025,0.805,On,1127.1,121.25,0.00,7.965,9.405,5.377,179.91,19.99,19.99,0,5,117.07,6/13/2025,Good,7.995,0.0016,2.998,0.00061,0.00,0.00,0.00,3.997,0.00082,1.999,0.00041,19.86,0.520,0.00,0.00,0.00,0.00,0.00,0.00,0.00,0.00,0.00,0.00,0.00,0.00,0.026
-93.77584245,42.01942114,A1/A2,TaskName 6/13/2025 (GreenStar 4 Monitor),Laudis/Tough,409,6/13/2025,0.796,On,1127.0,120.00,-0.625,7.956,9.277,5.286,179.80,19.99,19.94,0,5,115.58,6/13/2025,Good,7.975,0.0016,2.991,0.00060,0.00,0.00,0.00,3.988,0.00080,1.994,0.00040,19.81,0.506,0.00,0.00,0.00,0.00,0.00,0.00,0.00,0.00,0.00,0.00,0.00,0.00,0.026
-93.77584247,42.01940824,A1/A2,TaskName 6/13/2025 (GreenStar 4 Monitor),Laudis/Tough,410,6/13/2025,0.400,On,1126.9,121.25,0.00,7.944,4.661,4.840,179.83,19.99,20.00,0,5,116.78,6/13/2025,Good,7.999,0.00081,3.000,0.00030,0.00,0.00,0.00,4.000,0.00041,2.000,0.00020,19.87,0.258,0.00,0.00,0.00,0.00,0.00,0.00,0.00,0.00,0.00,0.00,0.00,0.00,0.013
-93.77584194,42.01937649,A1/A2,TaskName 6/13/2025 (GreenStar 4 Monitor),Laudis/Tough,411,6/13/2025,0.995,On,1126.7,120.00,-0.625,7.926,11.56,5.523,180.37,19.99,20.02,0,5,115.24,6/13/2025,Good,8.010,0.0020,3.004,0.00075,0.00,0.00,0.00,4.005,0.00100,2.002,0.00050,19.89,0.634,0.00,0.00,0.00,0.00,0.00,0.00,0.00,0.00,0.00,0.00,0.00,0.00,0.032
-93.77584246,42.01934474,A1/A2,TaskName 6/13/2025 (GreenStar 4 Monitor),Laudis/Tough,412,6/13/2025,1.004,On,1126.6,121.25,0.00,7.878,11.61,5.890,179.94,19.99,19.93,0,5,115.88,6/13/2025,Good,7.973,0.0020,2.990,0.00075,0.00,0.00,0.00,3.986,0.0010,1.993,0.00050,19.80,0.640,0.00,0.00,0.00,0.00,0.00,0.00,0.00,0.00,0.00,0.00,0.00,0.00,0.032
-93.77584277,42.01931922,A1/A2,TaskName 6/13/2025 (GreenStar 4 Monitor),Laudis/Tough,413,6/13/2025,0.796,On,1126.5,121.25,0.00,7.924,9.251,5.474,179.55,19.99,19.97,0,5,116.45,6/13/2025,Good,7.987,0.0016,2.995,0.00060,0.00,0.00,0.00,3.994,0.00080,1.997,0.00040,19.84,0.511,0.00,0.00,0.00,0.00,0.00,0.00,0.00,0.00,0.00,0.00,0.00,0.00,0.026
-93.77584229,42.01928726,A1/A2,TaskName 6/13/2025 (GreenStar 4 Monitor),Laudis/Tough,414,6/13/2025,1.000,On,1126.4,120.00,-0.625,7.936,11.64,5.284,179.82,19.99,19.98,0,5,115.44,6/13/2025,Good,7.994,0.0020,2.998,0.00075,0.00,0.00,0.00,3.997,0.0010,1.998,0.00050,19.85,0.637,0.00,0.00,0.00,0.00,0.00,0.00,0.00,0.00,0.00,0.00,0.00,0.00,0.032
-93.77584174,42.01925557,A1/A2,TaskName 6/13/2025 (GreenStar 4 Monitor),Laudis/Tough,415,6/13/2025,1.000,On,1126.3,120.00,-0.625,7.906,11.59,5.567,180.57,19.99,19.99,0,5,114.95,6/13/2025,Good,7.995,0.0020,2.998,0.00075,0.00,0.00,0.00,3.998,0.00100,1.999,0.00050,19.86,0.634,0.00,0.00,0.00,0.00,0.00,0.00,0.00,0.00,0.00,0.00,0.00,0.00,0.032
-93.77584171,42.01924919,A1/A2,TaskName 6/13/2025 (GreenStar 4 Monitor),Laudis/Tough,416,6/13/2025,0.200,On,1126.3,120.00,-0.625,7.874,2.311,5.779,180.64,19.99,19.95,0,5,114.60,6/13/2025,Good,7.980,0.00040,2.992,0.00015,0.00,0.00,0.00,3.990,0.00020,1.995,9.922e-05,19.82,0.126,0.00,0.00,0.00,0.00,0.00,0.00,0.00,0.00,0.00,0.00,0.00,0.00,0.0064
-93.77584247,42.01921739,A1/A2,TaskName 6/13/2025 (GreenStar 4 Monitor),Laudis/Tough,417,6/13/2025,1.005,On,1126.2,121.25,0.00,7.898,11.63,5.522,180.09,19.99,19.99,0,5,115.97,6/13/2025,Good,7.997,0.0020,2.999,0.00076,0.00,0.00,0.00,3.998,0.0010,1.999,0.00051,19.86,0.643,0.00,0.00,0.00,0.00,0.00,0.00,0.00,0.00,0.00,0.00,0.00,0.00,0.032
-93.77584281,42.01918566,A1/A2,TaskName 6/13/2025 (GreenStar 4 Monitor),Laudis/Tough,418,6/13/2025,0.995,On,1126.1,120.00,-0.625,7.895,11.53,5.865,179.58,19.99,19.95,0,5,114.91,6/13/2025,Good,7.981,0.0020,2.993,0.00074,0.00,0.00,0.00,3.991,0.00099,1.995,0.00050,19.82,0.630,0.00,0.00,0.00,0.00,0.00,0.00,0.00,0.00,0.00,0.00,0.00,0.00,0.032
-93.77584284,42.01917935,A1/A2,TaskName 6/13/2025 (GreenStar 4 Monitor),Laudis/Tough,419,6/13/2025,0.205,On,1126.1,120.00,-0.625,7.865,2.354,6.135,179.52,19.99,20.00,0,5,113.86,6/13/2025,Good,8.001,0.00041,3.000,0.00015,0.00,0.00,0.00,4.000,0.00020,2.000,0.00010,19.87,0.129,0.00,0.00,0.00,0.00,0.00,0.00,0.00,0.00,0.00,0.00,0.00,0.00,0.0065
-93.77584243,42.01914774,A1/A2,TaskName 6/13/2025 (GreenStar 4 Monitor),Laudis/Tough,420,6/13/2025,1.000,On,1126.1,121.25,0.00,7.856,11.53,5.953,179.87,19.99,20.04,0,5,115.56,6/13/2025,Good,8.015,0.0020,3.005,0.00075,0.00,0.00,0.00,4.007,0.0010,2.004,0.00050,19.91,0.639,0.00,0.00,0.00,0.00,0.00,0.00,0.00,0.00,0.00,0.00,0.00,0.00,0.032
-93.77584213,42.01911595,A1/A2,TaskName 6/13/2025 (GreenStar 4 Monitor),Laudis/Tough,421,6/13/2025,1.000,On,1125.9,121.25,0.00,7.871,11.54,5.690,180.13,19.99,20.00,0,5,115.66,6/13/2025,Good,8.001,0.0020,3.000,0.00075,0.00,0.00,0.00,4.000,0.0010,2.000,0.00050,19.87,0.638,0.00,0.00,0.00,0.00,0.00,0.00,0.00,0.00,0.00,0.00,0.00,0.00,0.032
-93.77584231,42.01908404,A1/A2,TaskName 6/13/2025 (GreenStar 4 Monitor),Laudis/Tough,422,6/13/2025,0.999,On,1125.8,121.25,0.00,7.917,11.60,5.608,179.90,19.99,19.94,0,5,116.33,6/13/2025,Good,7.977,0.0020,2.991,0.00075,0.00,0.00,0.00,3.989,0.0010,1.994,0.00050,19.81,0.640,0.00,0.00,0.00,0.00,0.00,0.00,0.00,0.00,0.00,0.00,0.00,0.00,0.032
-93.77584234,42.01905222,A1/A2,TaskName 6/13/2025 (GreenStar 4 Monitor),Laudis/Tough,423,6/13/2025,1.001,On,1125.7,121.25,0.00,7.921,11.63,5.825,179.79,19.99,19.97,0,5,116.40,6/13/2025,Good,7.986,0.0020,2.995,0.00076,0.00,0.00,0.00,3.993,0.0010,1.997,0.00050,19.84,0.642,0.00,0.00,0.00,0.00,0.00,0.00,0.00,0.00,0.00,0.00,0.00,0.00,0.032
-93.77584203,42.01902028,A1/A2,TaskName 6/13/2025 (GreenStar 4 Monitor),Laudis/Tough,424,6/13/2025,0.994,On,1125.6,121.25,0.00,7.913,11.54,5.788,180.20,19.99,19.97,0,5,116.29,6/13/2025,Good,7.986,0.0020,2.995,0.00075,0.00,0.00,0.00,3.993,0.0010,1.997,0.00050,19.84,0.637,0.00,0.00,0.00,0.00,0.00,0.00,0.00,0.00,0.00,0.00,0.00,0.00,0.032
-93.77584189,42.01898841,A1/A2,TaskName 6/13/2025 (GreenStar 4 Monitor),Laudis/Tough,425,6/13/2025,1.005,On,1125.4,121.25,0.00,7.920,11.67,6.346,180.50,19.99,20.01,0,5,116.39,6/13/2025,Good,8.003,0.0020,3.001,0.00076,0.00,0.00,0.00,4.001,0.0010,2.001,0.00051,19.88,0.646,0.00,0.00,0.00,0.00,0.00,0.00,0.00,0.00,0.00,0.00,0.00,0.00,0.032
-93.77584221,42.01895646,A1/A2,TaskName 6/13/2025 (GreenStar 4 Monitor),Laudis/Tough,426,6/13/2025,0.996,On,1125.2,121.25,0.00,7.929,11.58,5.755,180.25,19.99,19.98,0,5,116.52,6/13/2025,Good,7.994,0.0020,2.998,0.00075,0.00,0.00,0.00,3.997,0.0010,1.998,0.00050,19.85,0.640,0.00,0.00,0.00,0.00,0.00,0.00,0.00,0.00,0.00,0.00,0.00,0.00,0.032
-93.77584291,42.01893703,A1/A2,TaskName 6/13/2025 (GreenStar 4 Monitor),Laudis/Tough,427,6/13/2025,0.600,On,1125.1,121.25,0.00,7.981,7.025,5.306,179.61,19.99,20.00,0,5,117.32,6/13/2025,Good,8.000,0.0012,3.000,0.00046,0.00,0.00,0.00,4.000,0.00061,2.000,0.00031,19.87,0.389,0.00,0.00,0.00,0.00,0.00,0.00,0.00,0.00,0.00,0.00,0.00,0.00,0.020
-93.77584289,42.01890511,A1/A2,TaskName 6/13/2025 (GreenStar 4 Monitor),Laudis/Tough,428,6/13/2025,0.999,On,1124.9,120.00,-0.625,7.990,11.71,5.307,179.38,19.99,20.00,0,5,116.21,6/13/2025,Good,8.001,0.0020,3.001,0.00076,0.00,0.00,0.00,4.001,0.0010,2.000,0.00050,19.87,0.641,0.00,0.00,0.00,0.00,0.00,0.00,0.00,0.00,0.00,0.00,0.00,0.00,0.032
-93.77584216,42.01887294,A1/A2,TaskName 6/13/2025 (GreenStar 4 Monitor),Laudis/Tough,429,6/13/2025,1.005,On,1124.7,120.00,-0.625,7.965,11.74,5.430,180.19,19.99,19.92,0,5,115.85,6/13/2025,Good,7.968,0.0020,2.988,0.00075,0.00,0.00,0.00,3.984,0.0010,1.992,0.00050,19.79,0.640,0.00,0.00,0.00,0.00,0.00,0.00,0.00,0.00,0.00,0.00,0.00,0.00,0.032
-93.77584222,42.01886649,A1/A2,TaskName 6/13/2025 (GreenStar 4 Monitor),Laudis/Tough,430,6/13/2025,0.195,On,1124.6,120.00,-0.625,8.002,2.289,5.204,180.24,19.99,19.93,0,5,116.40,6/13/2025,Good,7.971,0.00039,2.989,0.00015,0.00,0.00,0.00,3.985,0.00020,1.993,9.816e-05,19.80,0.125,0.00,0.00,0.00,0.00,0.00,0.00,0.00,0.00,0.00,0.00,0.00,0.00,0.0063
-93.77584215,42.01886014,A1/A2,TaskName 6/13/2025 (GreenStar 4 Monitor),Laudis/Tough,431,6/13/2025,0.205,On,1124.6,121.25,0.00,8.002,2.407,5.349,180.31,19.99,19.93,0,5,117.65,6/13/2025,Good,7.971,0.00042,2.989,0.00016,0.00,0.00,0.00,3.985,0.00021,1.993,0.00010,19.80,0.133,0.00,0.00,0.00,0.00,0.00,0.00,0.00,0.00,0.00,0.00,0.00,0.00,0.0067
-93.77584228,42.01883441,A1/A2,TaskName 6/13/2025 (GreenStar 4 Monitor),Laudis/Tough,432,6/13/2025,0.801,On,1124.4,120.00,-0.625,7.974,9.358,5.256,180.05,19.99,19.97,0,5,115.87,6/13/2025,Good,7.988,0.0016,2.996,0.00060,0.00,0.00,0.00,3.994,0.00080,1.997,0.00040,19.84,0.511,0.00,0.00,0.00,0.00,0.00,0.00,0.00,0.00,0.00,0.00,0.00,0.00,0.026
-93.77584256,42.01880255,A1/A2,TaskName 6/13/2025 (GreenStar 4 Monitor),Laudis/Tough,433,6/13/2025,0.995,On,1124.1,121.25,0.00,7.966,11.64,5.291,179.56,19.99,19.96,0,5,117.20,6/13/2025,Good,7.983,0.0020,2.994,0.00076,0.00,0.00,0.00,3.991,0.0010,1.996,0.00051,19.83,0.642,0.00,0.00,0.00,0.00,0.00,0.00,0.00,0.00,0.00,0.00,0.00,0.00,0.032
-93.77584260,42.01879608,A1/A2,TaskName 6/13/2025 (GreenStar 4 Monitor),Laudis/Tough,434,6/13/2025,0.204,On,1124.1,121.25,0.00,7.912,2.367,5.336,179.50,19.99,19.98,0,5,116.29,6/13/2025,Good,7.992,0.00041,2.997,0.00015,0.00,0.00,0.00,3.996,0.00021,1.998,0.00010,19.85,0.131,0.00,0.00,0.00,0.00,0.00,0.00,0.00,0.00,0.00,0.00,0.00,0.00,0.0066
-93.77584178,42.01877050,A1/A2,TaskName 6/13/2025 (GreenStar 4 Monitor),Laudis/Tough,435,6/13/2025,0.796,On,1123.9,120.00,-0.625,7.944,9.280,5.465,180.20,19.99,20.07,0,5,115.61,6/13/2025,Good,8.027,0.0016,3.010,0.00060,0.00,0.00,0.00,4.013,0.00080,2.007,0.00040,19.94,0.510,0.00,0.00,0.00,0.00,0.00,0.00,0.00,0.00,0.00,0.00,0.00,0.00,0.026
-93.77584155,42.01873871,A1/A2,TaskName 6/13/2025 (GreenStar 4 Monitor),Laudis/Tough,436,6/13/2025,0.999,On,1123.7,121.25,0.00,7.923,11.61,5.705,181.00,19.99,20.04,0,5,116.43,6/13/2025,Good,8.015,0.0020,3.006,0.00076,0.00,0.00,0.00,4.007,0.0010,2.004,0.00051,19.91,0.643,0.00,0.00,0.00,0.00,0.00,0.00,0.00,0.00,0.00,0.00,0.00,0.00,0.032
-93.77584169,42.01872598,A1/A2,TaskName 6/13/2025 (GreenStar 4 Monitor),Laudis/Tough,437,6/13/2025,0.401,On,1123.5,121.25,0.00,7.904,4.650,5.571,181.04,19.99,20.05,0,5,116.19,6/13/2025,Good,8.020,0.00081,3.008,0.00030,0.00,0.00,0.00,4.010,0.00041,2.005,0.00020,19.92,0.258,0.00,0.00,0.00,0.00,0.00,0.00,0.00,0.00,0.00,0.00,0.00,0.00,0.013
-93.77584291,42.01869424,A1/A2,TaskName 6/13/2025 (GreenStar 4 Monitor),Laudis/Tough,438,6/13/2025,1.005,On,1123.3,120.00,-0.625,7.908,11.65,5.965,179.77,19.99,19.99,0,5,114.93,6/13/2025,Good,7.996,0.0020,2.998,0.00075,0.00,0.00,0.00,3.998,0.0010,1.999,0.00050,19.86,0.637,0.00,0.00,0.00,0.00,0.00,0.00,0.00,0.00,0.00,0.00,0.00,0.00,0.032
-93.77584337,42.01866238,A1/A2,TaskName 6/13/2025 (GreenStar 4 Monitor),Laudis/Tough,439,6/13/2025,0.994,On,1123.1,120.00,-0.625,7.889,11.51,5.936,179.01,19.99,19.99,0,5,114.86,6/13/2025,Good,7.995,0.0020,2.998,0.00074,0.00,0.00,0.00,3.997,0.00099,1.999,0.00050,19.86,0.630,0.00,0.00,0.00,0.00,0.00,0.00,0.00,0.00,0.00,0.00,0.00,0.00,0.032
-93.77584227,42.01863062,A1/A2,TaskName 6/13/2025 (GreenStar 4 Monitor),Laudis/Tough,440,6/13/2025,1.001,On,1122.9,120.00,-0.625,7.886,11.57,6.341,180.14,19.99,20.04,0,5,114.61,6/13/2025,Good,8.016,0.0020,3.006,0.00075,0.00,0.00,0.00,4.008,0.00100,2.004,0.00050,19.91,0.634,0.00,0.00,0.00,0.00,0.00,0.00,0.00,0.00,0.00,0.00,0.00,0.00,0.032
-93.77584205,42.01859900,A1/A2,TaskName 6/13/2025 (GreenStar 4 Monitor),Laudis/Tough,441,6/13/2025,1.000,On,1122.8,120.00,-0.625,7.878,11.56,6.542,180.78,19.99,19.95,0,5,114.60,6/13/2025,Good,7.979,0.0020,2.992,0.00074,0.00,0.00,0.00,3.990,0.00099,1.995,0.00050,19.82,0.631,0.00,0.00,0.00,0.00,0.00,0.00,0.00,0.00,0.00,0.00,0.00,0.00,0.032
-93.77584327,42.01856720,A1/A2,TaskName 6/13/2025 (GreenStar 4 Monitor),Laudis/Tough,442,6/13/2025,1.000,On,1122.7,121.25,0.00,7.897,11.59,6.213,179.42,19.99,19.99,0,5,116.18,6/13/2025,Good,7.995,0.0020,2.998,0.00076,0.00,0.00,0.00,3.997,0.0010,1.999,0.00050,19.86,0.641,0.00,0.00,0.00,0.00,0.00,0.00,0.00,0.00,0.00,0.00,0.00,0.00,0.032
-93.77584385,42.01855433,A1/A2,TaskName 6/13/2025 (GreenStar 4 Monitor),Laudis/Tough,443,6/13/2025,0.404,On,1122.6,121.25,0.00,7.919,4.692,6.097,178.68,19.99,19.99,0,5,116.38,6/13/2025,Good,7.997,0.00082,2.999,0.00031,0.00,0.00,0.00,3.998,0.00041,1.999,0.00020,19.86,0.259,0.00,0.00,0.00,0.00,0.00,0.00,0.00,0.00,0.00,0.00,0.00,0.00,0.013
-93.77584300,42.01852243,A1/A2,TaskName 6/13/2025 (GreenStar 4 Monitor),Laudis/Tough,444,6/13/2025,0.996,On,1122.5,120.00,-0.625,7.941,11.59,5.992,178.92,19.99,19.97,0,5,115.45,6/13/2025,Good,7.987,0.0020,2.995,0.00075,0.00,0.00,0.00,3.993,0.00100,1.997,0.00050,19.84,0.634,0.00,0.00,0.00,0.00,0.00,0.00,0.00,0.00,0.00,0.00,0.00,0.00,0.032
-93.77584157,42.01849043,A1/A2,TaskName 6/13/2025 (GreenStar 4 Monitor),Laudis/Tough,445,6/13/2025,0.999,On,1122.4,120.00,-0.625,7.939,11.65,6.315,180.58,19.99,20.02,0,5,115.62,6/13/2025,Good,8.007,0.0020,3.003,0.00075,0.00,0.00,0.00,4.003,0.0010,2.002,0.00050,19.89,0.638,0.00,0.00,0.00,0.00,0.00,0.00,0.00,0.00,0.00,0.00,0.00,0.00,0.032
-93.77584156,42.01847772,A1/A2,TaskName 6/13/2025 (GreenStar 4 Monitor),Laudis/Tough,446,6/13/2025,0.400,On,1122.4,120.00,-0.625,7.937,4.659,6.439,180.89,19.99,19.92,0,5,115.52,6/13/2025,Good,7.967,0.00080,2.988,0.00030,0.00,0.00,0.00,3.983,0.00040,1.992,0.00020,19.79,0.254,0.00,0.00,0.00,0.00,0.00,0.00,0.00,0.00,0.00,0.00,0.00,0.00,0.013
-93.77584242,42.01844590,A1/A2,TaskName 6/13/2025 (GreenStar 4 Monitor),Laudis/Tough,447,6/13/2025,1.000,On,1122.4,121.25,0.00,7.912,11.60,6.423,180.16,19.99,19.98,0,5,116.28,6/13/2025,Good,7.993,0.0020,2.997,0.00076,0.00,0.00,0.00,3.997,0.0010,1.998,0.00050,19.85,0.641,0.00,0.00,0.00,0.00,0.00,0.00,0.00,0.00,0.00,0.00,0.00,0.00,0.032
-93.77584266,42.01843958,A1/A2,TaskName 6/13/2025 (GreenStar 4 Monitor),Laudis/Tough,448,6/13/2025,0.201,On,1122.4,121.25,0.00,7.903,2.331,6.637,179.91,19.99,19.97,0,5,116.23,6/13/2025,Good,7.988,0.00040,2.996,0.00015,0.00,0.00,0.00,3.994,0.00020,1.997,0.00010,19.84,0.129,0.00,0.00,0.00,0.00,0.00,0.00,0.00,0.00,0.00,0.00,0.00,0.00,0.0065
-93.77584288,42.01840799,A1/A2,TaskName 6/13/2025 (GreenStar 4 Monitor),Laudis/Tough,449,6/13/2025,0.999,On,1122.4,120.00,-0.625,7.859,11.52,6.824,179.46,19.99,20.01,0,5,114.35,6/13/2025,Good,8.004,0.0020,3.002,0.00074,0.00,0.00,0.00,4.002,0.00099,2.001,0.00050,19.88,0.631,0.00,0.00,0.00,0.00,0.00,0.00,0.00,0.00,0.00,0.00,0.00,0.00,0.032
-93.77584224,42.01837615,A1/A2,TaskName 6/13/2025 (GreenStar 4 Monitor),Laudis/Tough,450,6/13/2025,1.001,On,1122.3,120.00,-0.625,7.905,11.60,6.529,179.84,19.99,20.03,0,5,114.94,6/13/2025,Good,8.010,0.0020,3.004,0.00075,0.00,0.00,0.00,4.005,0.00100,2.003,0.00050,19.90,0.636,0.00,0.00,0.00,0.00,0.00,0.00,0.00,0.00,0.00,0.00,0.00,0.00,0.032
-93.77584170,42.01834435,A1/A2,TaskName 6/13/2025 (GreenStar 4 Monitor),Laudis/Tough,451,6/13/2025,1.000,On,1122.3,120.00,-0.625,7.900,11.60,6.691,180.42,19.99,20.00,0,5,115.05,6/13/2025,Good,7.998,0.0020,2.999,0.00075,0.00,0.00,0.00,3.999,0.00100,2.000,0.00050,19.87,0.635,0.00,0.00,0.00,0.00,0.00,0.00,0.00,0.00,0.00,0.00,0.00,0.00,0.032
-93.77584167,42.01833161,A1/A2,TaskName 6/13/2025 (GreenStar 4 Monitor),Laudis/Tough,452,6/13/2025,0.399,On,1122.3,120.00,-0.625,7.882,4.614,7.001,180.64,19.99,19.99,0,5,114.67,6/13/2025,Good,7.997,0.00079,2.999,0.00030,0.00,0.00,0.00,3.998,0.00040,1.999,0.00020,19.86,0.252,0.00,0.00,0.00,0.00,0.00,0.00,0.00,0.00,0.00,0.00,0.00,0.00,0.013
-93.77584214,42.01829987,A1/A2,TaskName 6/13/2025 (GreenStar 4 Monitor),Laudis/Tough,453,6/13/2025,1.000,On,1122.3,121.25,0.00,7.893,11.58,7.193,180.20,19.99,19.95,0,5,116.02,6/13/2025,Good,7.980,0.0020,2.993,0.00075,0.00,0.00,0.00,3.990,0.0010,1.995,0.00050,19.82,0.639,0.00,0.00,0.00,0.00,0.00,0.00,0.00,0.00,0.00,0.00,0.00,0.00,0.032
-93.77584271,42.01826769,A1/A2,TaskName 6/13/2025 (GreenStar 4 Monitor),Laudis/Tough,454,6/13/2025,0.995,On,1122.1,121.25,0.00,7.949,11.60,6.549,179.40,19.99,19.97,0,5,116.83,6/13/2025,Good,7.987,0.0020,2.995,0.00076,0.00,0.00,0.00,3.994,0.0010,1.997,0.00050,19.84,0.641,0.00,0.00,0.00,0.00,0.00,0.00,0.00,0.00,0.00,0.00,0.00,0.00,0.032
-93.77584204,42.01823560,A1/A2,TaskName 6/13/2025 (GreenStar 4 Monitor),Laudis/Tough,455,6/13/2025,1.006,On,1122.0,121.25,0.00,7.979,11.77,6.429,179.90,19.99,19.97,0,5,117.19,6/13/2025,Good,7.989,0.0020,2.996,0.00077,0.00,0.00,0.00,3.994,0.0010,1.997,0.00051,19.84,0.650,0.00,0.00,0.00,0.00,0.00,0.00,0.00,0.00,0.00,0.00,0.00,0.00,0.033
-93.77584142,42.01820342,A1/A2,TaskName 6/13/2025 (GreenStar 4 Monitor),Laudis/Tough,456,6/13/2025,0.999,On,1121.9,121.25,0.00,7.988,11.72,6.394,181.05,19.99,19.97,0,5,117.58,6/13/2025,Good,7.989,0.0020,2.996,0.00076,0.00,0.00,0.00,3.994,0.0010,1.997,0.00051,19.84,0.647,0.00,0.00,0.00,0.00,0.00,0.00,0.00,0.00,0.00,0.00,0.00,0.00,0.033
-93.77584249,42.01817122,A1/A2,TaskName 6/13/2025 (GreenStar 4 Monitor),Laudis/Tough,457,6/13/2025,1.000,On,1121.7,121.25,0.00,7.994,11.73,6.264,180.20,19.99,19.99,0,5,117.53,6/13/2025,Good,7.994,0.0020,2.998,0.00076,0.00,0.00,0.00,3.997,0.0010,1.999,0.00051,19.86,0.648,0.00,0.00,0.00,0.00,0.00,0.00,0.00,0.00,0.00,0.00,0.00,0.00,0.033
-93.77584306,42.01813925,A1/A2,TaskName 6/13/2025 (GreenStar 4 Monitor),Laudis/Tough,458,6/13/2025,0.995,On,1121.6,121.25,0.00,7.981,11.65,6.672,179.24,19.99,19.96,0,5,117.30,6/13/2025,Good,7.984,0.0020,2.994,0.00076,0.00,0.00,0.00,3.992,0.0010,1.996,0.00051,19.83,0.643,0.00,0.00,0.00,0.00,0.00,0.00,0.00,0.00,0.00,0.00,0.00,0.00,0.032
-93.77584309,42.01813276,A1/A2,TaskName 6/13/2025 (GreenStar 4 Monitor),Laudis/Tough,459,6/13/2025,0.205,On,1121.6,121.25,0.00,7.941,2.387,6.334,179.12,19.99,19.95,0,5,116.69,6/13/2025,Good,7.980,0.00041,2.992,0.00016,0.00,0.00,0.00,3.990,0.00021,1.995,0.00010,19.82,0.132,0.00,0.00,0.00,0.00,0.00,0.00,0.00,0.00,0.00,0.00,0.00,0.00,0.0066
-93.77584231,42.01810047,A1/A2,TaskName 6/13/2025 (GreenStar 4 Monitor),Laudis/Tough,460,6/13/2025,1.000,On,1121.5,120.00,-0.625,7.985,11.71,6.301,179.98,19.99,20.01,0,5,116.16,6/13/2025,Good,8.004,0.0020,3.002,0.00076,0.00,0.00,0.00,4.002,0.0010,2.001,0.00050,19.88,0.641,0.00,0.00,0.00,0.00,0.00,0.00,0.00,0.00,0.00,0.00,0.00,0.00,0.032
-93.77584194,42.01807487,A1/A2,TaskName 6/13/2025 (GreenStar 4 Monitor),Laudis/Tough,461,6/13/2025,0.800,On,1121.4,120.00,-0.625,7.984,9.371,6.416,180.40,19.99,20.01,0,5,116.17,6/13/2025,Good,8.004,0.0016,3.002,0.00061,0.00,0.00,0.00,4.002,0.00081,2.001,0.00040,19.88,0.513,0.00,0.00,0.00,0.00,0.00,0.00,0.00,0.00,0.00,0.00,0.00,0.00,0.026
-93.77584244,42.01804292,A1/A2,TaskName 6/13/2025 (GreenStar 4 Monitor),Laudis/Tough,462,6/13/2025,0.996,On,1121.5,121.25,0.00,7.936,11.59,6.378,179.96,19.99,20.00,0,5,116.62,6/13/2025,Good,8.000,0.0020,3.000,0.00076,0.00,0.00,0.00,4.000,0.0010,2.000,0.00050,19.87,0.641,0.00,0.00,0.00,0.00,0.00,0.00,0.00,0.00,0.00,0.00,0.00,0.00,0.032
-93.77584256,42.01801098,A1/A2,TaskName 6/13/2025 (GreenStar 4 Monitor),Laudis/Tough,463,6/13/2025,1.004,On,1121.4,121.25,0.00,7.964,11.73,6.479,179.59,19.99,19.98,0,5,117.06,6/13/2025,Good,7.992,0.0020,2.997,0.00076,0.00,0.00,0.00,3.996,0.0010,1.998,0.00051,19.85,0.648,0.00,0.00,0.00,0.00,0.00,0.00,0.00,0.00,0.00,0.00,0.00,0.00,0.033
-93.77584227,42.01797921,A1/A2,TaskName 6/13/2025 (GreenStar 4 Monitor),Laudis/Tough,464,6/13/2025,1.000,On,1121.5,121.25,0.00,7.895,11.58,6.716,179.87,19.99,19.98,0,5,116.02,6/13/2025,Good,7.993,0.0020,2.997,0.00075,0.00,0.00,0.00,3.997,0.0010,1.998,0.00050,19.85,0.640,0.00,0.00,0.00,0.00,0.00,0.00,0.00,0.00,0.00,0.00,0.00,0.00,0.032
-93.77584203,42.01794752,A1/A2,TaskName 6/13/2025 (GreenStar 4 Monitor),Laudis/Tough,465,6/13/2025,0.995,On,1121.6,121.25,0.00,7.898,11.53,6.801,180.28,19.99,19.99,0,5,116.07,6/13/2025,Good,7.995,0.0020,2.998,0.00075,0.00,0.00,0.00,3.998,0.0010,1.999,0.00050,19.86,0.637,0.00,0.00,0.00,0.00,0.00,0.00,0.00,0.00,0.00,0.00,0.00,0.00,0.032
-93.77584243,42.01791599,A1/A2,TaskName 6/13/2025 (GreenStar 4 Monitor),Laudis/Tough,466,6/13/2025,1.001,On,1121.7,121.25,0.00,7.873,11.56,6.994,180.01,19.99,19.99,0,5,115.74,6/13/2025,Good,7.997,0.0020,2.999,0.00075,0.00,0.00,0.00,3.998,0.0010,1.999,0.00050,19.86,0.639,0.00,0.00,0.00,0.00,0.00,0.00,0.00,0.00,0.00,0.00,0.00,0.00,0.032
-93.77584257,42.01788434,A1/A2,TaskName 6/13/2025 (GreenStar 4 Monitor),Laudis/Tough,467,6/13/2025,1.004,On,1121.7,121.25,0.00,7.849,11.56,6.972,179.80,19.99,19.97,0,5,115.37,6/13/2025,Good,7.990,0.0020,2.996,0.00075,0.00,0.00,0.00,3.995,0.0010,1.997,0.00050,19.84,0.639,0.00,0.00,0.00,0.00,0.00,0.00,0.00,0.00,0.00,0.00,0.00,0.00,0.032
-93.77584264,42.01786528,A1/A2,TaskName 6/13/2025 (GreenStar 4 Monitor),Laudis/Tough,468,6/13/2025,0.601,On,1121.8,121.25,0.00,7.885,6.950,6.789,179.76,19.99,20.03,0,5,115.88,6/13/2025,Good,8.012,0.0012,3.005,0.00045,0.00,0.00,0.00,4.006,0.00061,2.003,0.00030,19.90,0.385,0.00,0.00,0.00,0.00,0.00,0.00,0.00,0.00,0.00,0.00,0.00,0.00,0.019
-93.77584240,42.01783358,A1/A2,TaskName 6/13/2025 (GreenStar 4 Monitor),Laudis/Tough,469,6/13/2025,1.000,On,1121.9,120.00,-0.625,7.891,11.56,6.863,180.10,19.99,19.98,0,5,114.67,6/13/2025,Good,7.993,0.0020,2.997,0.00075,0.00,0.00,0.00,3.997,0.00099,1.998,0.00050,19.85,0.632,0.00,0.00,0.00,0.00,0.00,0.00,0.00,0.00,0.00,0.00,0.00,0.00,0.032
-93.77584258,42.01780184,A1/A2,TaskName 6/13/2025 (GreenStar 4 Monitor),Laudis/Tough,470,6/13/2025,1.000,On,1122.0,120.00,-0.625,7.871,11.55,7.021,180.02,19.99,19.99,0,5,114.54,6/13/2025,Good,7.995,0.0020,2.998,0.00075,0.00,0.00,0.00,3.997,0.00099,1.999,0.00050,19.86,0.632,0.00,0.00,0.00,0.00,0.00,0.00,0.00,0.00,0.00,0.00,0.00,0.00,0.032
-93.77584305,42.01777000,A1/A2,TaskName 6/13/2025 (GreenStar 4 Monitor),Laudis/Tough,471,6/13/2025,1.000,On,1122.1,121.25,0.00,7.886,11.56,6.957,179.51,19.99,19.96,0,5,115.80,6/13/2025,Good,7.982,0.0020,2.993,0.00075,0.00,0.00,0.00,3.991,0.0010,1.996,0.00050,19.83,0.638,0.00,0.00,0.00,0.00,0.00,0.00,0.00,0.00,0.00,0.00,0.00,0.00,0.032
-93.77584336,42.01775725,A1/A2,TaskName 6/13/2025 (GreenStar 4 Monitor),Laudis/Tough,472,6/13/2025,0.400,On,1122.1,121.25,0.00,7.921,4.659,6.971,179.20,19.99,20.00,0,5,116.71,6/13/2025,Good,8.001,0.00081,3.000,0.00030,0.00,0.00,0.00,4.001,0.00041,2.000,0.00020,19.87,0.258,0.00,0.00,0.00,0.00,0.00,0.00,0.00,0.00,0.00,0.00,0.00,0.00,0.013
-93.77584337,42.01775094,A1/A2,TaskName 6/13/2025 (GreenStar 4 Monitor),Laudis/Tough,473,6/13/2025,0.200,On,1122.1,118.75,-1.250,7.912,2.321,6.789,179.14,19.99,20.03,0,5,113.90,6/13/2025,Good,8.014,0.00040,3.005,0.00015,0.00,0.00,0.00,4.007,0.00020,2.003,9.904e-05,19.90,0.126,0.00,0.00,0.00,0.00,0.00,0.00,0.00,0.00,0.00,0.00,0.00,0.00,0.0063
-93.77584325,42.01774456,A1/A2,TaskName 6/13/2025 (GreenStar 4 Monitor),Laudis/Tough,474,6/13/2025,0.200,On,1122.2,116.25,-2.500,7.890,2.315,6.835,179.21,19.99,20.11,0,5,111.18,6/13/2025,Good,8.044,0.00039,3.016,0.00015,0.00,0.00,0.00,4.022,0.00019,2.011,9.704e-05,19.98,0.123,0.00,0.00,0.00,0.00,0.00,0.00,0.00,0.00,0.00,0.00,0.00,0.00,0.0062
-93.77584306,42.01773820,A1/A2,TaskName 6/13/2025 (GreenStar 4 Monitor),Laudis/Tough,475,6/13/2025,0.200,On,1122.2,113.75,-3.750,7.892,2.305,6.974,179.34,19.99,20.09,0,5,108.33,6/13/2025,Good,8.035,0.00038,3.013,0.00014,0.00,0.00,0.00,4.018,0.00019,2.009,9.445e-05,19.96,0.120,0.00,0.00,0.00,0.00,0.00,0.00,0.00,0.00,0.00,0.00,0.00,0.00,0.0060
-93.77584293,42.01773187,A1/A2,TaskName 6/13/2025 (GreenStar 4 Monitor),Laudis/Tough,476,6/13/2025,0.195,On,1122.2,110.00,-5.625,7.894,2.269,6.948,179.40,19.99,20.23,0,5,105.76,6/13/2025,Good,8.091,0.00036,3.034,0.00014,0.00,0.00,0.00,4.045,0.00018,2.023,9.053e-05,20.10,0.115,0.00,0.00,0.00,0.00,0.00,0.00,0.00,0.00,0.00,0.00,0.00,0.00,0.0057
-93.77584265,42.01772546,A1/A2,TaskName 6/13/2025 (GreenStar 4 Monitor),Laudis/Tough,477,6/13/2025,0.205,On,1122.2,107.50,-6.875,7.887,2.370,6.935,179.55,19.99,20.22,0,5,102.72,6/13/2025,Good,8.086,0.00037,3.032,0.00014,0.00,0.00,0.00,4.043,0.00018,2.022,9.239e-05,20.08,0.117,0.00,0.00,0.00,0.00,0.00,0.00,0.00,0.00,0.00,0.00,0.00,0.00,0.0058
-93.77584255,42.01771908,A1/A2,TaskName 6/13/2025 (GreenStar 4 Monitor),Laudis/Tough,478,6/13/2025,0.199,On,1122.2,105.00,-8.125,7.899,2.305,6.756,179.64,19.99,20.18,0,5,100.50,6/13/2025,Good,8.074,0.00035,3.028,0.00013,0.00,0.00,0.00,4.037,0.00018,2.018,8.760e-05,20.05,0.111,0.00,0.00,0.00,0.00,0.00,0.00,0.00,0.00,0.00,0.00,0.00,0.00,0.0056
-93.77584243,42.01771261,A1/A2,TaskName 6/13/2025 (GreenStar 4 Monitor),Laudis/Tough,479,6/13/2025,0.201,On,1122.2,102.50,-9.375,7.908,2.331,6.591,179.79,19.99,20.27,0,5,98.24,6/13/2025,Good,8.108,0.00035,3.040,0.00013,0.00,0.00,0.00,4.054,0.00017,2.027,8.686e-05,20.14,0.110,0.00,0.00,0.00,0.00,0.00,0.00,0.00,0.00,0.00,0.00,0.00,0.00,0.0055
-93.77584226,42.01770622,A1/A2,TaskName 6/13/2025 (GreenStar 4 Monitor),Laudis/Tough,480,6/13/2025,0.200,On,1122.3,100.00,-10.62,7.946,2.331,6.604,179.99,19.99,20.22,0,5,96.32,6/13/2025,Good,8.086,0.00034,3.032,0.00013,0.00,0.00,0.00,4.043,0.00017,2.022,8.451e-05,20.08,0.107,0.00,0.00,0.00,0.00,0.00,0.00,0.00,0.00,0.00,0.00,0.00,0.00,0.0054
-93.77584213,42.01769981,A1/A2,TaskName 6/13/2025 (GreenStar 4 Monitor),Laudis/Tough,481,6/13/2025,0.200,On,1122.2,96.25,-12.50,7.955,2.321,7.106,180.19,19.99,20.24,0,5,92.32,6/13/2025,Good,8.095,0.00032,3.036,0.00012,0.00,0.00,0.00,4.048,0.00016,2.024,8.109e-05,20.11,0.103,0.00,0.00,0.00,0.00,0.00,0.00,0.00,0.00,0.00,0.00,0.00,0.00,0.0051
-93.77584203,42.01769352,A1/A2,TaskName 6/13/2025 (GreenStar 4 Monitor),Laudis/Tough,482,6/13/2025,0.199,On,1122.3,93.75,-13.75,7.959,2.334,7.397,180.28,19.99,20.23,0,5,90.88,6/13/2025,Good,8.091,0.00032,3.034,0.00012,0.00,0.00,0.00,4.045,0.00016,2.023,7.939e-05,20.10,0.101,0.00,0.00,0.00,0.00,0.00,0.00,0.00,0.00,0.00,0.00,0.00,0.00,0.0050
-93.77584215,42.01768712,A1/A2,TaskName 6/13/2025 (GreenStar 4 Monitor),Laudis/Tough,483,6/13/2025,0.196,On,1122.3,91.25,-15.00,7.930,2.278,7.258,180.31,19.99,20.19,0,5,87.67,6/13/2025,Good,8.078,0.00030,3.029,0.00011,0.00,0.00,0.00,4.039,0.00015,2.019,7.530e-05,20.06,0.096,0.00,0.00,0.00,0.00,0.00,0.00,0.00,0.00,0.00,0.00,0.00,0.00,0.0048
-93.77584206,42.01768074,A1/A2,TaskName 6/13/2025 (GreenStar 4 Monitor),Laudis/Tough,484,6/13/2025,0.204,On,1122.3,88.75,-16.25,7.925,2.370,6.968,180.46,19.99,20.31,0,5,85.22,6/13/2025,Good,8.125,0.00031,3.047,0.00011,0.00,0.00,0.00,4.062,0.00015,2.031,7.664e-05,20.18,0.097,0.00,0.00,0.00,0.00,0.00,0.00,0.00,0.00,0.00,0.00,0.00,0.00,0.0048
-93.77584207,42.01767432,A1/A2,TaskName 6/13/2025 (GreenStar 4 Monitor),Laudis/Tough,485,6/13/2025,0.201,On,1122.3,85.00,-18.12,7.928,2.324,6.763,180.53,19.99,20.27,0,5,81.24,6/13/2025,Good,8.108,0.00029,3.040,0.00011,0.00,0.00,0.00,4.054,0.00014,2.027,7.182e-05,20.14,0.091,0.00,0.00,0.00,0.00,0.00,0.00,0.00,0.00,0.00,0.00,0.00,0.00,0.0045
-93.77584214,42.01766798,A1/A2,TaskName 6/13/2025 (GreenStar 4 Monitor),Laudis/Tough,486,6/13/2025,0.199,On,1122.3,82.50,-19.37,7.939,2.328,6.776,180.46,19.99,20.27,0,5,79.75,6/13/2025,Good,8.108,0.00028,3.040,0.00010,0.00,0.00,0.00,4.054,0.00014,2.027,6.981e-05,20.14,0.089,0.00,0.00,0.00,0.00,0.00,0.00,0.00,0.00,0.00,0.00,0.00,0.00,0.0044
-93.77584228,42.01766152,A1/A2,TaskName 6/13/2025 (GreenStar 4 Monitor),Laudis/Tough,487,6/13/2025,0.201,On,1122.3,80.00,-20.62,7.928,2.324,6.710,180.32,19.99,20.25,0,5,76.46,6/13/2025,Good,8.099,0.00027,3.037,0.00010,0.00,0.00,0.00,4.050,0.00014,2.025,6.753e-05,20.12,0.086,0.00,0.00,0.00,0.00,0.00,0.00,0.00,0.00,0.00,0.00,0.00,0.00,0.0043
-93.77584238,42.01765513,A1/A2,TaskName 6/13/2025 (GreenStar 4 Monitor),Laudis/Tough,488,6/13/2025,0.195,On,1122.3,76.25,-22.50,7.939,2.282,6.776,180.17,19.99,20.40,0,5,73.74,6/13/2025,Good,8.159,0.00025,3.060,9.547e-05,0.00,0.00,0.00,4.080,0.00013,2.040,6.365e-05,20.27,0.081,0.00,0.00,0.00,0.00,0.00,0.00,0.00,0.00,0.00,0.00,0.00,0.00,0.0040
-93.77584259,42.01764873,A1/A2,TaskName 6/13/2025 (GreenStar 4 Monitor),Laudis/Tough,489,6/13/2025,0.205,On,1122.3,73.75,-23.75,7.943,2.387,6.637,179.98,19.99,20.33,0,5,70.96,6/13/2025,Good,8.133,0.00026,3.050,9.629e-05,0.00,0.00,0.00,4.067,0.00013,2.033,6.419e-05,20.20,0.082,0.00,0.00,0.00,0.00,0.00,0.00,0.00,0.00,0.00,0.00,0.00,0.00,0.0040
-93.77584272,42.01764234,A1/A2,TaskName 6/13/2025 (GreenStar 4 Monitor),Laudis/Tough,490,6/13/2025,0.195,On,1122.3,70.00,-25.62,7.950,2.262,6.690,179.81,19.99,20.30,0,5,67.11,6/13/2025,Good,8.121,0.00023,3.045,8.648e-05,0.00,0.00,0.00,4.060,0.00012,2.030,5.765e-05,20.17,0.073,0.00,0.00,0.00,0.00,0.00,0.00,0.00,0.00,0.00,0.00,0.00,0.00,0.0036
-93.77584284,42.01763596,A1/A2,TaskName 6/13/2025 (GreenStar 4 Monitor),Laudis/Tough,491,6/13/2025,0.204,On,1122.3,67.50,-26.87,7.946,2.390,6.505,179.67,19.99,20.40,0,5,65.36,6/13/2025,Good,8.159,0.00024,3.060,8.853e-05,0.00,0.00,0.00,4.080,0.00012,2.040,5.902e-05,20.27,0.075,0.00,0.00,0.00,0.00,0.00,0.00,0.00,0.00,0.00,0.00,0.00,0.00,0.0037
-93.77584297,42.01762958,A1/A2,TaskName 6/13/2025 (GreenStar 4 Monitor),Laudis/Tough,492,6/13/2025,0.195,On,1122.3,65.00,-28.12,7.941,2.272,6.723,179.49,19.99,20.38,0,5,62.59,6/13/2025,Good,8.151,0.00022,3.056,8.095e-05,0.00,0.00,0.00,4.075,0.00011,2.038,5.397e-05,20.24,0.069,0.00,0.00,0.00,0.00,0.00,0.00,0.00,0.00,0.00,0.00,0.00,0.00,0.0034
-93.77584308,42.01762311,A1/A2,TaskName 6/13/2025 (GreenStar 4 Monitor),Laudis/Tough,493,6/13/2025,0.206,On,1122.4,61.25,-30.00,7.943,2.387,6.538,179.37,19.99,20.26,0,5,58.65,6/13/2025,Good,8.104,0.00021,3.039,7.967e-05,0.00,0.00,0.00,4.052,0.00011,2.026,5.312e-05,20.13,0.068,0.00,0.00,0.00,0.00,0.00,0.00,0.00,0.00,0.00,0.00,0.00,0.00,0.0034
-93.77584309,42.01761662,A1/A2,TaskName 6/13/2025 (GreenStar 4 Monitor),Laudis/Tough,494,6/13/2025,0.200,On,1122.4,58.75,-31.25,7.968,2.338,6.221,179.31,19.99,20.43,0,5,56.75,6/13/2025,Good,8.172,0.00020,3.064,7.548e-05,0.00,0.00,0.00,4.086,0.00010,2.043,5.032e-05,20.30,0.064,0.00,0.00,0.00,0.00,0.00,0.00,0.00,0.00,0.00,0.00,0.00,0.00,0.0032
-93.77584301,42.01761027,A1/A2,TaskName 6/13/2025 (GreenStar 4 Monitor),Laudis/Tough,495,6/13/2025,0.199,On,1122.4,56.25,-32.50,8.002,2.347,6.697,179.34,19.99,20.40,0,5,54.84,6/13/2025,Good,8.159,0.00019,3.060,7.246e-05,0.00,0.00,0.00,4.080,9.661e-05,2.040,4.830e-05,20.27,0.061,0.00,0.00,0.00,0.00,0.00,0.00,0.00,0.00,0.00,0.00,0.00,0.00,0.0030
-93.77584301,42.01760386,A1/A2,TaskName 6/13/2025 (GreenStar 4 Monitor),Laudis/Tough,496,6/13/2025,0.195,On,1122.4,52.50,-34.37,7.981,2.282,6.459,179.36,19.99,20.31,0,5,50.77,6/13/2025,Good,8.125,0.00017,3.047,6.546e-05,0.00,0.00,0.00,4.062,8.728e-05,2.031,4.364e-05,20.18,0.055,0.00,0.00,0.00,0.00,0.00,0.00,0.00,0.00,0.00,0.00,0.00,0.00,0.0028
-93.77584288,42.01759743,A1/A2,TaskName 6/13/2025 (GreenStar 4 Monitor),Laudis/Tough,497,6/13/2025,0.200,On,1122.4,50.00,-35.62,7.968,2.338,6.703,179.47,19.99,20.29,0,5,48.30,6/13/2025,Good,8.116,0.00017,3.044,6.380e-05,0.00,0.00,0.00,4.058,8.507e-05,2.029,4.253e-05,20.16,0.054,0.00,0.00,0.00,0.00,0.00,0.00,0.00,0.00,0.00,0.00,0.00,0.00,0.0027
-93.77584273,42.01759100,A1/A2,TaskName 6/13/2025 (GreenStar 4 Monitor),Laudis/Tough,498,6/13/2025,0.201,On,1122.4,46.25,-37.50,7.955,2.344,6.690,179.57,19.99,20.36,0,5,44.58,6/13/2025,Good,8.142,0.00016,3.053,5.937e-05,0.00,0.00,0.00,4.071,7.916e-05,2.036,3.958e-05,20.22,0.050,0.00,0.00,0.00,0.00,0.00,0.00,0.00,0.00,0.00,0.00,0.00,0.00,0.0025
-93.77584266,42.01758465,A1/A2,TaskName 6/13/2025 (GreenStar 4 Monitor),Laudis/Tough,499,6/13/2025,0.205,On,1122.4,43.75,-38.75,7.961,2.393,6.703,179.70,19.99,20.34,0,5,42.21,6/13/2025,Good,8.138,0.00015,3.052,5.731e-05,0.00,0.00,0.00,4.069,7.641e-05,2.034,3.820e-05,20.21,0.049,0.00,0.00,0.00,0.00,0.00,0.00,0.00,0.00,0.00,0.00,0.00,0.00,0.0024
-93.77584247,42.01757825,A1/A2,TaskName 6/13/2025 (GreenStar 4 Monitor),Laudis/Tough,500,6/13/2025,0.200,On,1122.4,41.25,-40.00,7.950,2.331,6.684,179.86,19.99,20.38,0,5,39.73,6/13/2025,Good,8.151,0.00014,3.056,5.271e-05,0.00,0.00,0.00,4.075,7.028e-05,2.038,3.514e-05,20.24,0.045,0.00,0.00,0.00,0.00,0.00,0.00,0.00,0.00,0.00,0.00,0.00,0.00,0.0022
-93.77584234,42.01757189,A1/A2,TaskName 6/13/2025 (GreenStar 4 Monitor),Laudis/Tough,501,6/13/2025,0.199,On,1122.4,37.50,-41.87,7.941,2.318,6.895,180.03,19.99,20.30,0,5,36.10,6/13/2025,Good,8.121,0.00013,3.045,4.747e-05,0.00,0.00,0.00,4.060,6.330e-05,2.030,3.165e-05,20.17,0.040,0.00,0.00,0.00,0.00,0.00,0.00,0.00,0.00,0.00,0.00,0.00,0.00,0.0020
-93.77584217,42.01756549,A1/A2,TaskName 6/13/2025 (GreenStar 4 Monitor),Laudis/Tough,502,6/13/2025,0.200,On,1122.5,35.00,-43.12,7.928,2.324,6.901,180.18,19.99,20.28,0,5,33.62,6/13/2025,Good,8.112,0.00012,3.042,4.439e-05,0.00,0.00,0.00,4.056,5.918e-05,2.028,2.959e-05,20.15,0.038,0.00,0.00,0.00,0.00,0.00,0.00,0.00,0.00,0.00,0.00,0.00,0.00,0.0019
-93.77584213,42.01755902,A1/A2,TaskName 6/13/2025 (GreenStar 4 Monitor),Laudis/Tough,503,6/13/2025,0.201,On,1122.5,32.50,-44.37,7.917,2.321,6.637,180.30,19.99,20.29,0,5,31.02,6/13/2025,Good,8.116,0.00011,3.044,4.118e-05,0.00,0.00,0.00,4.058,5.491e-05,2.029,2.745e-05,20.16,0.035,0.00,0.00,0.00,0.00,0.00,0.00,0.00,0.00,0.00,0.00,0.00,0.00,0.0017
-93.77584200,42.01755267,A1/A2,TaskName 6/13/2025 (GreenStar 4 Monitor),Laudis/Tough,504,6/13/2025,0.200,On,1122.5,28.75,-46.25,7.943,2.341,6.644,180.46,19.99,20.38,0,5,27.81,6/13/2025,Good,8.151,9.838e-05,3.056,3.689e-05,0.00,0.00,0.00,4.075,4.919e-05,2.038,2.459e-05,20.24,0.031,0.00,0.00,0.00,0.00,0.00,0.00,0.00,0.00,0.00,0.00,0.00,0.00,0.0015
-93.77584194,42.01754627,A1/A2,TaskName 6/13/2025 (GreenStar 4 Monitor),Laudis/Tough,505,6/13/2025,0.195,On,1122.5,26.25,-47.50,7.941,2.259,6.512,180.56,19.99,20.45,0,5,25.13,6/13/2025,Good,8.181,8.699e-05,3.068,3.262e-05,0.00,0.00,0.00,4.090,4.350e-05,2.045,2.175e-05,20.32,0.028,0.00,0.00,0.00,0.00,0.00,0.00,0.00,0.00,0.00,0.00,0.00,0.00,0.0014
-93.77584201,42.01753986,A1/A2,TaskName 6/13/2025 (GreenStar 4 Monitor),Laudis/Tough,506,6/13/2025,0.200,On,1122.6,22.50,-49.37,7.943,2.341,6.908,180.53,19.99,20.14,0,5,21.76,6/13/2025,Good,8.057,7.610e-05,3.021,2.854e-05,0.00,0.00,0.00,4.028,3.805e-05,2.014,1.903e-05,20.01,0.024,0.00,0.00,0.00,0.00,0.00,0.00,0.00,0.00,0.00,0.00,0.00,0.00,0.0012
-93.77584225,42.01753343,A1/A2,TaskName 6/13/2025 (GreenStar 4 Monitor),Laudis/Tough,507,6/13/2025,0.205,On,1122.6,20.00,-50.62,7.948,2.377,7.225,180.39,19.99,20.28,0,5,19.16,6/13/2025,Good,8.112,6.916e-05,3.042,2.594e-05,0.00,0.00,0.00,4.056,3.458e-05,2.028,1.729e-05,20.15,0.022,0.00,0.00,0.00,0.00,0.00,0.00,0.00,0.00,0.00,0.00,0.00,0.00,0.0011
-93.77584232,42.01752704,A1/A2,TaskName 6/13/2025 (GreenStar 4 Monitor),Laudis/Tough,508,6/13/2025,0.194,On,1122.6,17.50,-51.87,7.968,2.278,7.265,180.32,19.99,20.50,0,5,16.99,6/13/2025,Good,8.202,5.865e-05,3.076,2.200e-05,0.00,0.00,0.00,4.101,2.933e-05,2.050,1.466e-05,20.37,0.019,0.00,0.00,0.00,0.00,0.00,0.00,0.00,0.00,0.00,0.00,0.00,0.00,0.00092
-93.77584233,42.01752065,A1/A2,TaskName 6/13/2025 (GreenStar 4 Monitor),Laudis/Tough,509,6/13/2025,0.206,On,1122.6,13.75,-53.75,7.968,2.406,7.113,180.32,19.99,20.18,0,5,13.27,6/13/2025,Good,8.074,4.791e-05,3.028,1.797e-05,0.00,0.00,0.00,4.037,2.396e-05,2.018,1.198e-05,20.05,0.015,0.00,0.00,0.00,0.00,0.00,0.00,0.00,0.00,0.00,0.00,0.00,0.00,0.00076
-93.77584236,42.01751412,A1/A2,TaskName 6/13/2025 (GreenStar 4 Monitor),Laudis/Tough,510,6/13/2025,0.199,On,1122.6,11.25,-55.00,7.961,2.324,7.040,180.25,19.99,20.27,0,5,10.86,6/13/2025,Good,8.108,3.802e-05,3.040,1.426e-05,0.00,0.00,0.00,4.054,1.901e-05,2.027,9.506e-06,20.14,0.012,0.00,0.00,0.00,0.00,0.00,0.00,0.00,0.00,0.00,0.00,0.00,0.00,0.00060
-93.77584250,42.01750785,A1/A2,TaskName 6/13/2025 (GreenStar 4 Monitor),Laudis/Tough,511,6/13/2025,0.196,On,1122.6,8.750,-56.25,7.995,2.298,6.677,180.12,19.99,20.36,0,5,8.479,6/13/2025,Good,8.142,2.936e-05,3.053,1.101e-05,0.00,0.00,0.00,4.071,1.468e-05,2.036,7.341e-06,20.22,0.0093,0.00,0.00,0.00,0.00,0.00,0.00,0.00,0.00,0.00,0.00,0.00,0.00,0.00046
-93.77584274,42.01750152,A1/A2,TaskName 6/13/2025 (GreenStar 4 Monitor),Laudis/Tough,512,6/13/2025,0.205,On,1122.7,5.000,-58.12,7.955,2.380,6.789,179.89,19.99,20.11,0,5,4.798,6/13/2025,Good,8.044,1.717e-05,3.016,6.438e-06,0.00,0.00,0.00,4.022,8.584e-06,2.011,4.292e-06,19.98,0.0055,0.00,0.00,0.00,0.00,0.00,0.00,0.00,0.00,0.00,0.00,0.00,0.00,0.00027
-93.77584276,42.01749513,A1/A2,TaskName 6/13/2025 (GreenStar 4 Monitor),Laudis/Tough,513,6/13/2025,0.199,On,1122.7,2.500,-59.37,7.928,2.324,6.842,179.69,19.99,20.03,0,5,2.413,6/13/2025,Good,8.014,8.352e-06,3.005,3.132e-06,0.00,0.00,0.00,4.007,4.176e-06,2.003,2.088e-06,19.90,0.0027,0.00,0.00,0.00,0.00,0.00,0.00,0.00,0.00,0.00,0.00,0.00,0.00,0.00013
-93.77540002,42.01722711,A1/A2,TaskName 6/13/2025 (GreenStar 4 Monitor),Laudis/Tough,514,6/13/2025,0.205,On,1120.9,1.250,58.75,7.597,2.271,6.723,359.41,19.99,20.52,0,6,1.144,6/13/2025,Good,8.206,4.178e-06,3.077,1.567e-06,0.00,0.00,0.00,4.103,2.089e-06,2.052,1.045e-06,20.38,0.0013,0.00,0.00,0.00,0.00,0.00,0.00,0.00,0.00,0.00,0.00,0.00,0.00,6.517e-05
-93.77539997,42.01723332,A1/A2,TaskName 6/13/2025 (GreenStar 4 Monitor),Laudis/Tough,515,6/13/2025,0.199,On,1120.9,3.750,57.50,7.597,2.228,6.657,359.39,19.99,20.00,0,6,3.470,6/13/2025,Good,8.001,1.199e-05,3.000,4.497e-06,0.00,0.00,0.00,4.000,5.995e-06,2.000,2.998e-06,19.87,0.0038,0.00,0.00,0.00,0.00,0.00,0.00,0.00,0.00,0.00,0.00,0.00,0.00,0.00019
-93.77540013,42.01723955,A1/A2,TaskName 6/13/2025 (GreenStar 4 Monitor),Laudis/Tough,516,6/13/2025,0.196,On,1120.9,7.500,55.62,7.619,2.179,6.736,359.44,19.99,20.19,0,6,6.891,6/13/2025,Good,8.078,2.368e-05,3.029,8.879e-06,0.00,0.00,0.00,4.039,1.184e-05,2.019,5.919e-06,20.06,0.0075,0.00,0.00,0.00,0.00,0.00,0.00,0.00,0.00,0.00,0.00,0.00,0.00,0.00038
-93.77540010,42.01724573,A1/A2,TaskName 6/13/2025 (GreenStar 4 Monitor),Laudis/Tough,517,6/13/2025,0.200,On,1120.9,10.00,54.37,7.657,2.245,6.710,359.35,19.99,20.38,0,6,9.276,6/13/2025,Good,8.151,3.281e-05,3.056,1.231e-05,0.00,0.00,0.00,4.075,1.641e-05,2.038,8.203e-06,20.24,0.010,0.00,0.00,0.00,0.00,0.00,0.00,0.00,0.00,0.00,0.00,0.00,0.00,0.00052
-93.77540001,42.01725192,A1/A2,TaskName 6/13/2025 (GreenStar 4 Monitor),Laudis/Tough,518,6/13/2025,0.204,On,1120.9,12.50,53.12,7.673,2.307,6.604,359.17,19.99,20.08,0,6,11.68,6/13/2025,Good,8.031,4.154e-05,3.012,1.558e-05,0.00,0.00,0.00,4.015,2.077e-05,2.008,1.038e-05,19.95,0.013,0.00,0.00,0.00,0.00,0.00,0.00,0.00,0.00,0.00,0.00,0.00,0.00,0.00066
-93.77540002,42.01725818,A1/A2,TaskName 6/13/2025 (GreenStar 4 Monitor),Laudis/Tough,519,6/13/2025,0.196,On,1120.9,15.00,51.87,7.693,2.212,6.155,359.13,19.99,20.15,0,6,13.99,6/13/2025,Good,8.061,4.797e-05,3.023,1.799e-05,0.00,0.00,0.00,4.030,2.398e-05,2.015,1.199e-05,20.02,0.015,0.00,0.00,0.00,0.00,0.00,0.00,0.00,0.00,0.00,0.00,0.00,0.00,0.00076
-93.77540011,42.01726460,A1/A2,TaskName 6/13/2025 (GreenStar 4 Monitor),Laudis/Tough,520,6/13/2025,0.204,On,1120.9,18.75,50.00,7.720,2.310,5.838,359.19,19.99,20.16,0,6,17.55,6/13/2025,Good,8.065,6.266e-05,3.024,2.350e-05,0.00,0.00,0.00,4.033,3.133e-05,2.016,1.567e-05,20.03,0.020,0.00,0.00,0.00,0.00,0.00,0.00,0.00,0.00,0.00,0.00,0.00,0.00,0.00099
-93.77540030,42.01727095,A1/A2,TaskName 6/13/2025 (GreenStar 4 Monitor),Laudis/Tough,521,6/13/2025,0.200,On,1120.8,21.25,48.75,7.793,2.284,6.294,359.32,19.99,20.21,0,6,20.06,6/13/2025,Good,8.082,7.036e-05,3.031,2.638e-05,0.00,0.00,0.00,4.041,3.518e-05,2.021,1.759e-05,20.07,0.022,0.00,0.00,0.00,0.00,0.00,0.00,0.00,0.00,0.00,0.00,0.00,0.00,0.0011
-93.77540040,42.01727730,A1/A2,TaskName 6/13/2025 (GreenStar 4 Monitor),Laudis/Tough,522,6/13/2025,0.196,On,1120.8,23.75,47.50,7.840,2.241,5.911,359.42,19.99,20.08,0,6,22.45,6/13/2025,Good,8.031,7.668e-05,3.012,2.875e-05,0.00,0.00,0.00,4.015,3.834e-05,2.008,1.917e-05,19.95,0.024,0.00,0.00,0.00,0.00,0.00,0.00,0.00,0.00,0.00,0.00,0.00,0.00,0.0012
-93.77540047,42.01728359,A1/A2,TaskName 6/13/2025 (GreenStar 4 Monitor),Laudis/Tough,523,6/13/2025,0.204,On,1120.8,27.50,45.62,7.865,2.363,5.832,359.60,19.99,19.98,0,6,26.32,6/13/2025,Good,7.992,9.314e-05,2.997,3.493e-05,0.00,0.00,0.00,3.996,4.657e-05,1.998,2.329e-05,19.85,0.030,0.00,0.00,0.00,0.00,0.00,0.00,0.00,0.00,0.00,0.00,0.00,0.00,0.0015
-93.77540057,42.01728995,A1/A2,TaskName 6/13/2025 (GreenStar 4 Monitor),Laudis/Tough,524,6/13/2025,0.196,On,1120.8,30.00,44.37,7.861,2.258,6.208,359.66,19.99,20.03,0,6,28.56,6/13/2025,Good,8.014,9.735e-05,3.005,3.651e-05,0.00,0.00,0.00,4.007,4.868e-05,2.003,2.434e-05,19.90,0.031,0.00,0.00,0.00,0.00,0.00,0.00,0.00,0.00,0.00,0.00,0.00,0.00,0.0016
-93.77540059,42.01729625,A1/A2,TaskName 6/13/2025 (GreenStar 4 Monitor),Laudis/Tough,525,6/13/2025,0.205,On,1120.8,32.50,43.12,7.870,2.353,6.413,359.69,19.99,20.03,0,6,30.83,6/13/2025,Good,8.014,0.00011,3.005,4.122e-05,0.00,0.00,0.00,4.007,5.496e-05,2.003,2.748e-05,19.90,0.035,0.00,0.00,0.00,0.00,0.00,0.00,0.00,0.00,0.00,0.00,0.00,0.00,0.0018
-93.77540056,42.01730252,A1/A2,TaskName 6/13/2025 (GreenStar 4 Monitor),Laudis/Tough,526,6/13/2025,0.195,On,1120.8,35.00,41.87,7.861,2.258,6.710,359.70,19.99,19.92,0,6,33.49,6/13/2025,Good,7.967,0.00011,2.988,4.234e-05,0.00,0.00,0.00,3.983,5.646e-05,1.992,2.823e-05,19.79,0.036,0.00,0.00,0.00,0.00,0.00,0.00,0.00,0.00,0.00,0.00,0.00,0.00,0.0018
-93.77540066,42.01730883,A1/A2,TaskName 6/13/2025 (GreenStar 4 Monitor),Laudis/Tough,527,6/13/2025,0.199,On,1120.8,38.75,40.00,7.843,2.287,6.776,359.74,19.99,19.88,0,6,36.81,6/13/2025,Good,7.954,0.00013,2.983,4.742e-05,0.00,0.00,0.00,3.977,6.322e-05,1.988,3.161e-05,19.76,0.040,0.00,0.00,0.00,0.00,0.00,0.00,0.00,0.00,0.00,0.00,0.00,0.00,0.0020
-93.77540057,42.01731523,A1/A2,TaskName 6/13/2025 (GreenStar 4 Monitor),Laudis/Tough,528,6/13/2025,0.200,On,1120.8,41.25,38.75,7.836,2.297,6.459,359.69,19.99,20.09,0,6,39.16,6/13/2025,Good,8.035,0.00014,3.013,5.121e-05,0.00,0.00,0.00,4.018,6.828e-05,2.009,3.414e-05,19.96,0.043,0.00,0.00,0.00,0.00,0.00,0.00,0.00,0.00,0.00,0.00,0.00,0.00,0.0022
-93.77540047,42.01732157,A1/A2,TaskName 6/13/2025 (GreenStar 4 Monitor),Laudis/Tough,529,6/13/2025,0.206,On,1120.7,45.00,36.87,7.854,2.360,6.723,359.62,19.99,19.99,0,6,42.60,6/13/2025,Good,7.997,0.00015,2.999,5.711e-05,0.00,0.00,0.00,3.998,7.614e-05,1.999,3.807e-05,19.86,0.048,0.00,0.00,0.00,0.00,0.00,0.00,0.00,0.00,0.00,0.00,0.00,0.00,0.0024
-93.77540058,42.01732791,A1/A2,TaskName 6/13/2025 (GreenStar 4 Monitor),Laudis/Tough,530,6/13/2025,0.200,On,1120.7,46.25,36.25,7.861,2.317,6.400,359.74,19.99,19.83,0,6,44.28,6/13/2025,Good,7.933,0.00015,2.975,5.717e-05,0.00,0.00,0.00,3.966,7.623e-05,1.983,3.811e-05,19.70,0.048,0.00,0.00,0.00,0.00,0.00,0.00,0.00,0.00,0.00,0.00,0.00,0.00,0.0025
-93.77540080,42.01733439,A1/A2,TaskName 6/13/2025 (GreenStar 4 Monitor),Laudis/Tough,531,6/13/2025,0.195,On,1120.7,50.00,34.37,7.870,2.251,6.512,359.91,19.99,19.90,0,6,47.71,6/13/2025,Good,7.958,0.00016,2.984,6.025e-05,0.00,0.00,0.00,3.979,8.033e-05,1.990,4.017e-05,19.77,0.051,0.00,0.00,0.00,0.00,0.00,0.00,0.00,0.00,0.00,0.00,0.00,0.00,0.0026
-93.77540077,42.01734081,A1/A2,TaskName 6/13/2025 (GreenStar 4 Monitor),Laudis/Tough,532,6/13/2025,0.200,On,1120.7,52.50,33.12,7.912,2.307,6.281,359.90,19.99,19.90,0,6,50.05,6/13/2025,Good,7.958,0.00017,2.984,6.483e-05,0.00,0.00,0.00,3.979,8.644e-05,1.990,4.322e-05,19.77,0.055,0.00,0.00,0.00,0.00,0.00,0.00,0.00,0.00,0.00,0.00,0.00,0.00,0.0028
-93.77540083,42.01734708,A1/A2,TaskName 6/13/2025 (GreenStar 4 Monitor),Laudis/Tough,533,6/13/2025,0.200,On,1120.7,55.00,31.87,7.946,2.340,6.591,359.76,19.99,19.95,0,6,53.18,6/13/2025,Good,7.980,0.00018,2.992,6.907e-05,0.00,0.00,0.00,3.990,9.209e-05,1.995,4.604e-05,19.82,0.059,0.00,0.00,0.00,0.00,0.00,0.00,0.00,0.00,0.00,0.00,0.00,0.00,0.0030
-93.77540061,42.01735342,A1/A2,TaskName 6/13/2025 (GreenStar 4 Monitor),Laudis/Tough,534,6/13/2025,0.200,On,1120.7,58.75,30.00,7.925,2.323,6.413,359.47,19.99,19.79,0,6,56.41,6/13/2025,Good,7.915,0.00019,2.968,7.267e-05,0.00,0.00,0.00,3.958,9.689e-05,1.979,4.845e-05,19.66,0.062,0.00,0.00,0.00,0.00,0.00,0.00,0.00,0.00,0.00,0.00,0.00,0.00,0.0031
-93.77540046,42.01735989,A1/A2,TaskName 6/13/2025 (GreenStar 4 Monitor),Laudis/Tough,535,6/13/2025,0.204,On,1120.7,61.25,28.75,7.908,2.366,5.937,359.33,19.99,19.67,0,6,58.71,6/13/2025,Good,7.868,0.00020,2.951,7.669e-05,0.00,0.00,0.00,3.934,0.00010,1.967,5.113e-05,19.54,0.065,0.00,0.00,0.00,0.00,0.00,0.00,0.00,0.00,0.00,0.00,0.00,0.00,0.0033
-93.77540047,42.01736628,A1/A2,TaskName 6/13/2025 (GreenStar 4 Monitor),Laudis/Tough,536,6/13/2025,0.201,On,1120.7,65.00,26.87,7.939,2.340,5.739,359.34,19.99,19.85,0,6,62.54,6/13/2025,Good,7.941,0.00022,2.978,8.123e-05,0.00,0.00,0.00,3.971,0.00011,1.985,5.415e-05,19.72,0.069,0.00,0.00,0.00,0.00,0.00,0.00,0.00,0.00,0.00,0.00,0.00,0.00,0.0035
-93.77540056,42.01737271,A1/A2,TaskName 6/13/2025 (GreenStar 4 Monitor),Laudis/Tough,537,6/13/2025,0.194,On,1120.7,67.50,25.62,7.946,2.261,5.581,359.44,19.99,19.84,0,6,65.02,6/13/2025,Good,7.937,0.00022,2.976,8.147e-05,0.00,0.00,0.00,3.968,0.00011,1.984,5.431e-05,19.71,0.069,0.00,0.00,0.00,0.00,0.00,0.00,0.00,0.00,0.00,0.00,0.00,0.00,0.0035
-93.77540053,42.01737908,A1/A2,TaskName 6/13/2025 (GreenStar 4 Monitor),Laudis/Tough,538,6/13/2025,0.206,On,1120.7,70.00,24.37,7.955,2.389,5.455,359.53,19.99,19.71,0,6,67.09,6/13/2025,Good,7.885,0.00024,2.957,8.869e-05,0.00,0.00,0.00,3.943,0.00012,1.971,5.913e-05,19.59,0.075,0.00,0.00,0.00,0.00,0.00,0.00,0.00,0.00,0.00,0.00,0.00,0.00,0.0038
-93.77540059,42.01738546,A1/A2,TaskName 6/13/2025 (GreenStar 4 Monitor),Laudis/Tough,539,6/13/2025,0.194,On,1120.7,73.75,22.50,7.950,2.274,5.521,359.63,19.99,19.77,0,6,71.45,6/13/2025,Good,7.907,0.00024,2.965,8.920e-05,0.00,0.00,0.00,3.953,0.00012,1.977,5.946e-05,19.64,0.076,0.00,0.00,0.00,0.00,0.00,0.00,0.00,0.00,0.00,0.00,0.00,0.00,0.0039
-93.77540076,42.01739177,A1/A2,TaskName 6/13/2025 (GreenStar 4 Monitor),Laudis/Tough,540,6/13/2025,0.205,On,1120.6,76.25,21.25,7.946,2.389,5.719,359.73,19.99,19.76,0,6,73.44,6/13/2025,Good,7.903,0.00026,2.963,9.682e-05,0.00,0.00,0.00,3.951,0.00013,1.976,6.455e-05,19.63,0.082,0.00,0.00,0.00,0.00,0.00,0.00,0.00,0.00,0.00,0.00,0.00,0.00,0.0042
-93.77540087,42.01739815,A1/A2,TaskName 6/13/2025 (GreenStar 4 Monitor),Laudis/Tough,541,6/13/2025,0.196,On,1120.6,78.75,20.00,7.912,2.274,6.294,359.87,19.99,19.55,0,6,75.52,6/13/2025,Good,7.821,0.00025,2.933,9.421e-05,0.00,0.00,0.00,3.911,0.00013,1.955,6.281e-05,19.43,0.080,0.00,0.00,0.00,0.00,0.00,0.00,0.00,0.00,0.00,0.00,0.00,0.00,0.0041
-93.77540103,42.01740452,A1/A2,TaskName 6/13/2025 (GreenStar 4 Monitor),Laudis/Tough,542,6/13/2025,0.200,On,1120.6,82.50,18.12,7.905,2.317,6.221,0.063,19.99,19.80,0,6,78.99,6/13/2025,Good,7.920,0.00027,2.970,0.00010,0.00,0.00,0.00,3.960,0.00014,1.980,6.788e-05,19.67,0.086,0.00,0.00,0.00,0.00,0.00,0.00,0.00,0.00,0.00,0.00,0.00,0.00,0.0044
-93.77540113,42.01741103,A1/A2,TaskName 6/13/2025 (GreenStar 4 Monitor),Laudis/Tough,543,6/13/2025,0.200,On,1120.7,85.00,16.87,7.908,2.307,6.083,0.180,19.99,19.63,0,6,81.03,6/13/2025,Good,7.851,0.00028,2.944,0.00010,0.00,0.00,0.00,3.926,0.00014,1.963,6.903e-05,19.50,0.088,0.00,0.00,0.00,0.00,0.00,0.00,0.00,0.00,0.00,0.00,0.00,0.00,0.0045
-93.77540096,42.01741745,A1/A2,TaskName 6/13/2025 (GreenStar 4 Monitor),Laudis/Tough,544,6/13/2025,0.200,On,1120.7,87.50,15.62,7.934,2.337,6.076,0.110,19.99,19.47,0,6,84.48,6/13/2025,Good,7.787,0.00029,2.920,0.00011,0.00,0.00,0.00,3.894,0.00014,1.947,7.139e-05,19.34,0.091,0.00,0.00,0.00,0.00,0.00,0.00,0.00,0.00,0.00,0.00,0.00,0.00,0.0047
-93.77540078,42.01742380,A1/A2,TaskName 6/13/2025 (GreenStar 4 Monitor),Laudis/Tough,545,6/13/2025,0.204,On,1120.6,91.25,13.75,7.955,2.379,6.142,360.00,19.99,19.62,0,6,87.95,6/13/2025,Good,7.847,0.00031,2.943,0.00011,0.00,0.00,0.00,3.923,0.00015,1.962,7.639e-05,19.49,0.097,0.00,0.00,0.00,0.00,0.00,0.00,0.00,0.00,0.00,0.00,0.00,0.00,0.0050
-93.77540077,42.01743011,A1/A2,TaskName 6/13/2025 (GreenStar 4 Monitor),Laudis/Tough,546,6/13/2025,0.196,On,1120.6,93.75,12.50,7.946,2.284,6.406,359.96,19.99,19.64,0,6,90.29,6/13/2025,Good,7.856,0.00030,2.946,0.00011,0.00,0.00,0.00,3.928,0.00015,1.964,7.542e-05,19.51,0.096,0.00,0.00,0.00,0.00,0.00,0.00,0.00,0.00,0.00,0.00,0.00,0.00,0.0049
-93.77540075,42.01743645,A1/A2,TaskName 6/13/2025 (GreenStar 4 Monitor),Laudis/Tough,547,6/13/2025,0.200,On,1120.6,97.50,10.62,7.919,2.323,6.532,359.81,19.99,19.50,0,6,93.61,6/13/2025,Good,7.800,0.00032,2.925,0.00012,0.00,0.00,0.00,3.900,0.00016,1.950,7.923e-05,19.37,0.101,0.00,0.00,0.00,0.00,0.00,0.00,0.00,0.00,0.00,0.00,0.00,0.00,0.0052
-93.77540057,42.01744283,A1/A2,TaskName 6/13/2025 (GreenStar 4 Monitor),Laudis/Tough,548,6/13/2025,0.200,On,1120.6,100.00,9.375,7.899,2.317,6.532,359.73,19.99,19.66,0,6,95.74,6/13/2025,Good,7.864,0.00033,2.949,0.00012,0.00,0.00,0.00,3.932,0.00016,1.966,8.170e-05,19.53,0.104,0.00,0.00,0.00,0.00,0.00,0.00,0.00,0.00,0.00,0.00,0.00,0.00,0.0053
-93.77540059,42.01744910,A1/A2,TaskName 6/13/2025 (GreenStar 4 Monitor),Laudis/Tough,549,6/13/2025,0.199,On,1120.6,103.75,7.500,7.883,2.301,6.439,359.65,19.99,19.62,0,6,99.12,6/13/2025,Good,7.847,0.00034,2.943,0.00013,0.00,0.00,0.00,3.923,0.00017,1.962,8.398e-05,19.49,0.107,0.00,0.00,0.00,0.00,0.00,0.00,0.00,0.00,0.00,0.00,0.00,0.00,0.0055
-93.77540039,42.01745543,A1/A2,TaskName 6/13/2025 (GreenStar 4 Monitor),Laudis/Tough,550,6/13/2025,0.206,On,1120.6,106.25,6.250,7.861,2.373,7.166,359.47,19.99,19.64,0,6,101.14,6/13/2025,Good,7.856,0.00036,2.946,0.00013,0.00,0.00,0.00,3.928,0.00018,1.964,8.879e-05,19.51,0.113,0.00,0.00,0.00,0.00,0.00,0.00,0.00,0.00,0.00,0.00,0.00,0.00,0.0058
-93.77540024,42.01746184,A1/A2,TaskName 6/13/2025 (GreenStar 4 Monitor),Laudis/Tough,551,6/13/2025,0.195,On,1120.6,108.75,5.000,7.856,2.245,6.446,359.28,19.99,19.62,0,6,103.46,6/13/2025,Good,7.847,0.00034,2.943,0.00013,0.00,0.00,0.00,3.923,0.00017,1.962,8.589e-05,19.49,0.109,0.00,0.00,0.00,0.00,0.00,0.00,0.00,0.00,0.00,0.00,0.00,0.00,0.0056
-93.77540011,42.01746823,A1/A2,TaskName 6/13/2025 (GreenStar 4 Monitor),Laudis/Tough,552,6/13/2025,0.199,On,1120.6,111.25,3.750,7.883,2.301,6.459,359.18,19.99,19.65,0,6,106.29,6/13/2025,Good,7.860,0.00036,2.947,0.00014,0.00,0.00,0.00,3.930,0.00018,1.965,9.019e-05,19.52,0.115,0.00,0.00,0.00,0.00,0.00,0.00,0.00,0.00,0.00,0.00,0.00,0.00,0.0059
-93.77540033,42.01747455,A1/A2,TaskName 6/13/2025 (GreenStar 4 Monitor),Laudis/Tough,553,6/13/2025,0.200,On,1120.6,113.75,2.500,7.905,2.317,6.274,359.26,19.99,19.60,0,6,108.90,6/13/2025,Good,7.838,0.00037,2.939,0.00014,0.00,0.00,0.00,3.919,0.00019,1.960,9.263e-05,19.47,0.118,0.00,0.00,0.00,0.00,0.00,0.00,0.00,0.00,0.00,0.00,0.00,0.00,0.0061
-93.77540052,42.01748095,A1/A2,TaskName 6/13/2025 (GreenStar 4 Monitor),Laudis/Tough,554,6/13/2025,0.200,On,1120.6,116.25,1.250,7.912,2.320,6.254,359.50,19.99,19.50,0,6,111.46,6/13/2025,Good,7.800,0.00038,2.925,0.00014,0.00,0.00,0.00,3.900,0.00019,1.950,9.433e-05,19.37,0.120,0.00,0.00,0.00,0.00,0.00,0.00,0.00,0.00,0.00,0.00,0.00,0.00,0.0062
-93.77540131,42.01751298,A1/A2,TaskName 6/13/2025 (GreenStar 4 Monitor),Laudis/Tough,555,6/13/2025,1.000,On,1120.6,118.75,3.560e-07,7.933,11.63,5.985,0.517,19.99,19.73,0,6,114.17,6/13/2025,Good,7.892,0.0020,2.960,0.00073,0.00,0.00,0.00,3.946,0.00098,1.973,0.00049,19.60,0.622,0.00,0.00,0.00,0.00,0.00,0.00,0.00,0.00,0.00,0.00,0.00,0.00,0.032
-93.77540067,42.01754483,A1/A2,TaskName 6/13/2025 (GreenStar 4 Monitor),Laudis/Tough,556,6/13/2025,1.000,On,1120.6,118.75,3.560e-07,7.960,11.67,6.043,0.094,19.99,19.81,0,6,114.56,6/13/2025,Good,7.923,0.0020,2.971,0.00074,0.00,0.00,0.00,3.961,0.00098,1.981,0.00049,19.68,0.626,0.00,0.00,0.00,0.00,0.00,0.00,0.00,0.00,0.00,0.00,0.00,0.00,0.032
-93.77539990,42.01757669,A1/A2,TaskName 6/13/2025 (GreenStar 4 Monitor),Laudis/Tough,557,6/13/2025,1.000,On,1120.7,118.75,3.560e-07,7.901,11.59,6.162,359.09,19.99,19.92,0,6,113.71,6/13/2025,Good,7.966,0.0020,2.987,0.00074,0.00,0.00,0.00,3.983,0.00098,1.992,0.00049,19.79,0.625,0.00,0.00,0.00,0.00,0.00,0.00,0.00,0.00,0.00,0.00,0.00,0.00,0.032
-93.77540008,42.01758939,A1/A2,TaskName 6/13/2025 (GreenStar 4 Monitor),Laudis/Tough,558,6/13/2025,0.401,On,1120.7,118.75,3.560e-07,7.900,4.649,6.608,359.15,19.99,19.71,0,6,113.77,6/13/2025,Good,7.883,0.00078,2.956,0.00029,0.00,0.00,0.00,3.942,0.00039,1.971,0.00020,19.58,0.248,0.00,0.00,0.00,0.00,0.00,0.00,0.00,0.00,0.00,0.00,0.00,0.00,0.013
-93.77540060,42.01760195,A1/A2,TaskName 6/13/2025 (GreenStar 4 Monitor),Laudis/Tough,559,6/13/2025,0.399,On,1120.8,120.00,-0.625,7.870,4.606,6.796,359.62,19.99,19.82,0,6,114.49,6/13/2025,Good,7.926,0.00079,2.972,0.00029,0.00,0.00,0.00,3.963,0.00039,1.982,0.00020,19.69,0.250,0.00,0.00,0.00,0.00,0.00,0.00,0.00,0.00,0.00,0.00,0.00,0.00,0.013
-93.77540147,42.01763389,A1/A2,TaskName 6/13/2025 (GreenStar 4 Monitor),Laudis/Tough,560,6/13/2025,1.000,On,1120.8,118.75,3.560e-07,7.914,11.62,6.469,0.604,19.99,19.93,0,6,114.01,6/13/2025,Good,7.971,0.0020,2.989,0.00074,0.00,0.00,0.00,3.986,0.00099,1.993,0.00049,19.80,0.627,0.00,0.00,0.00,0.00,0.00,0.00,0.00,0.00,0.00,0.00,0.00,0.00,0.032
-93.77540111,42.01766582,A1/A2,TaskName 6/13/2025 (GreenStar 4 Monitor),Laudis/Tough,561,6/13/2025,1.000,On,1120.8,118.75,3.560e-07,7.916,11.62,6.472,0.455,19.99,19.95,0,6,114.04,6/13/2025,Good,7.980,0.0020,2.993,0.00074,0.00,0.00,0.00,3.990,0.00099,1.995,0.00049,19.82,0.628,0.00,0.00,0.00,0.00,0.00,0.00,0.00,0.00,0.00,0.00,0.00,0.00,0.032
-93.77540034,42.01769756,A1/A2,TaskName 6/13/2025 (GreenStar 4 Monitor),Laudis/Tough,562,6/13/2025,1.001,On,1121.0,118.75,3.560e-07,7.911,11.61,6.691,359.69,19.99,20.00,0,6,113.86,6/13/2025,Good,7.999,0.0020,3.000,0.00074,0.00,0.00,0.00,4.000,0.00099,2.000,0.00049,19.87,0.629,0.00,0.00,0.00,0.00,0.00,0.00,0.00,0.00,0.00,0.00,0.00,0.00,0.032
-93.77540028,42.01772940,A1/A2,TaskName 6/13/2025 (GreenStar 4 Monitor),Laudis/Tough,563,6/13/2025,0.999,On,1121.0,118.75,3.560e-07,7.906,11.60,6.731,359.35,19.99,20.00,0,6,113.99,6/13/2025,Good,8.002,0.0020,3.001,0.00074,0.00,0.00,0.00,4.001,0.00099,2.000,0.00049,19.87,0.629,0.00,0.00,0.00,0.00,0.00,0.00,0.00,0.00,0.00,0.00,0.00,0.00,0.032
-93.77540037,42.01773561,A1/A2,TaskName 6/13/2025 (GreenStar 4 Monitor),Laudis/Tough,564,6/13/2025,0.200,On,1121.0,118.75,3.560e-07,7.892,2.316,7.139,359.47,19.99,19.97,0,6,113.65,6/13/2025,Good,7.988,0.00039,2.996,0.00015,0.00,0.00,0.00,3.994,0.00020,1.997,9.851e-05,19.84,0.125,0.00,0.00,0.00,0.00,0.00,0.00,0.00,0.00,0.00,0.00,0.00,0.00,0.0063
-93.77540052,42.01774197,A1/A2,TaskName 6/13/2025 (GreenStar 4 Monitor),Laudis/Tough,565,6/13/2025,0.200,On,1121.0,120.00,-0.625,7.847,2.303,6.948,359.61,19.99,19.95,0,6,114.20,6/13/2025,Good,7.980,0.00040,2.992,0.00015,0.00,0.00,0.00,3.990,0.00020,1.995,9.888e-05,19.82,0.126,0.00,0.00,0.00,0.00,0.00,0.00,0.00,0.00,0.00,0.00,0.00,0.00,0.0063
-93.77540111,42.01777386,A1/A2,TaskName 6/13/2025 (GreenStar 4 Monitor),Laudis/Tough,566,6/13/2025,1.001,On,1121.1,118.75,3.560e-07,7.892,11.59,6.808,0.165,19.99,20.02,0,6,113.64,6/13/2025,Good,8.006,0.0020,3.002,0.00074,0.00,0.00,0.00,4.003,0.00099,2.002,0.00049,19.89,0.628,0.00,0.00,0.00,0.00,0.00,0.00,0.00,0.00,0.00,0.00,0.00,0.00,0.032
-93.77540116,42.01780568,A1/A2,TaskName 6/13/2025 (GreenStar 4 Monitor),Laudis/Tough,567,6/13/2025,0.999,On,1121.2,118.75,3.560e-07,7.921,11.61,7.080,0.541,19.99,19.96,0,6,114.09,6/13/2025,Good,7.984,0.0020,2.994,0.00074,0.00,0.00,0.00,3.992,0.00099,1.996,0.00049,19.83,0.628,0.00,0.00,0.00,0.00,0.00,0.00,0.00,0.00,0.00,0.00,0.00,0.00,0.032
-93.77540006,42.01783760,A1/A2,TaskName 6/13/2025 (GreenStar 4 Monitor),Laudis/Tough,568,6/13/2025,1.001,On,1121.3,118.75,3.560e-07,7.925,11.63,6.977,359.61,19.99,19.96,0,6,114.05,6/13/2025,Good,7.983,0.0020,2.994,0.00074,0.00,0.00,0.00,3.991,0.00099,1.996,0.00049,19.83,0.629,0.00,0.00,0.00,0.00,0.00,0.00,0.00,0.00,0.00,0.00,0.00,0.00,0.032
-93.77539980,42.01786951,A1/A2,TaskName 6/13/2025 (GreenStar 4 Monitor),Laudis/Tough,569,6/13/2025,0.999,On,1121.4,118.75,3.560e-07,7.905,11.60,6.987,359.00,19.99,19.96,0,6,113.96,6/13/2025,Good,7.984,0.0020,2.994,0.00074,0.00,0.00,0.00,3.992,0.00099,1.996,0.00049,19.83,0.627,0.00,0.00,0.00,0.00,0.00,0.00,0.00,0.00,0.00,0.00,0.00,0.00,0.032
-93.77540010,42.01788222,A1/A2,TaskName 6/13/2025 (GreenStar 4 Monitor),Laudis/Tough,570,6/13/2025,0.401,On,1121.4,120.00,-0.625,7.921,4.649,7.034,359.21,19.99,19.93,0,6,114.97,6/13/2025,Good,7.971,0.00080,2.989,0.00030,0.00,0.00,0.00,3.985,0.00040,1.993,0.00020,19.80,0.254,0.00,0.00,0.00,0.00,0.00,0.00,0.00,0.00,0.00,0.00,0.00,0.00,0.013
-93.77540103,42.01791418,A1/A2,TaskName 6/13/2025 (GreenStar 4 Monitor),Laudis/Tough,571,6/13/2025,1.000,On,1121.5,118.75,3.560e-07,7.932,11.65,6.891,0.196,19.99,19.96,0,6,114.36,6/13/2025,Good,7.985,0.0020,2.994,0.00074,0.00,0.00,0.00,3.992,0.00099,1.996,0.00050,19.83,0.630,0.00,0.00,0.00,0.00,0.00,0.00,0.00,0.00,0.00,0.00,0.00,0.00,0.032
-93.77540115,42.01794626,A1/A2,TaskName 6/13/2025 (GreenStar 4 Monitor),Laudis/Tough,572,6/13/2025,0.995,On,1121.6,118.75,3.560e-07,7.970,11.64,6.464,0.478,19.99,19.99,0,6,114.77,6/13/2025,Good,7.997,0.0020,2.999,0.00074,0.00,0.00,0.00,3.998,0.00099,1.999,0.00050,19.86,0.630,0.00,0.00,0.00,0.00,0.00,0.00,0.00,0.00,0.00,0.00,0.00,0.00,0.032
-93.77540070,42.01797789,A1/A2,TaskName 6/13/2025 (GreenStar 4 Monitor),Laudis/Tough,573,6/13/2025,1.004,On,1121.7,118.75,3.560e-07,7.898,11.64,7.144,0.055,19.99,19.98,0,6,113.78,6/13/2025,Good,7.992,0.0020,2.997,0.00074,0.00,0.00,0.00,3.996,0.00099,1.998,0.00050,19.85,0.630,0.00,0.00,0.00,0.00,0.00,0.00,0.00,0.00,0.00,0.00,0.00,0.00,0.032
-93.77540025,42.01800964,A1/A2,TaskName 6/13/2025 (GreenStar 4 Monitor),Laudis/Tough,574,6/13/2025,1.001,On,1121.8,118.75,3.560e-07,7.878,11.57,7.144,359.21,19.99,19.98,0,6,113.48,6/13/2025,Good,7.992,0.0020,2.997,0.00074,0.00,0.00,0.00,3.996,0.00099,1.998,0.00049,19.85,0.626,0.00,0.00,0.00,0.00,0.00,0.00,0.00,0.00,0.00,0.00,0.00,0.00,0.032
-93.77540080,42.01804165,A1/A2,TaskName 6/13/2025 (GreenStar 4 Monitor),Laudis/Tough,575,6/13/2025,1.000,On,1121.9,118.75,3.560e-07,7.915,11.61,6.804,359.65,19.99,20.01,0,6,113.91,6/13/2025,Good,8.004,0.0020,3.002,0.00074,0.00,0.00,0.00,4.002,0.00099,2.001,0.00049,19.88,0.629,0.00,0.00,0.00,0.00,0.00,0.00,0.00,0.00,0.00,0.00,0.00,0.00,0.032
-93.77540182,42.01807377,A1/A2,TaskName 6/13/2025 (GreenStar 4 Monitor),Laudis/Tough,576,6/13/2025,1.000,On,1122.0,118.75,3.560e-07,7.955,11.68,6.439,0.941,19.99,20.06,0,6,114.59,6/13/2025,Good,8.022,0.0020,3.008,0.00075,0.00,0.00,0.00,4.011,0.00100,2.006,0.00050,19.93,0.634,0.00,0.00,0.00,0.00,0.00,0.00,0.00,0.00,0.00,0.00,0.00,0.00,0.032
-93.77540125,42.01810575,A1/A2,TaskName 6/13/2025 (GreenStar 4 Monitor),Laudis/Tough,577,6/13/2025,0.995,On,1122.1,118.75,3.560e-07,7.966,11.64,6.535,0.502,19.99,19.94,0,6,114.84,6/13/2025,Good,7.975,0.0020,2.990,0.00074,0.00,0.00,0.00,3.987,0.00099,1.994,0.00049,19.81,0.629,0.00,0.00,0.00,0.00,0.00,0.00,0.00,0.00,0.00,0.00,0.00,0.00,0.032
-93.77540050,42.01812481,A1/A2,TaskName 6/13/2025 (GreenStar 4 Monitor),Laudis/Tough,578,6/13/2025,0.605,On,1122.1,118.75,3.560e-07,7.941,7.040,6.803,359.51,19.99,19.96,0,6,114.20,6/13/2025,Good,7.985,0.0012,2.994,0.00045,0.00,0.00,0.00,3.992,0.00060,1.996,0.00030,19.83,0.381,0.00,0.00,0.00,0.00,0.00,0.00,0.00,0.00,0.00,0.00,0.00,0.00,0.019
-93.77540032,42.01815663,A1/A2,TaskName 6/13/2025 (GreenStar 4 Monitor),Laudis/Tough,579,6/13/2025,0.999,On,1122.3,120.00,-0.625,7.899,11.59,6.872,359.00,19.99,19.95,0,6,115.09,6/13/2025,Good,7.980,0.0020,2.993,0.00075,0.00,0.00,0.00,3.990,0.00100,1.995,0.00050,19.82,0.633,0.00,0.00,0.00,0.00,0.00,0.00,0.00,0.00,0.00,0.00,0.00,0.00,0.032
-93.77540199,42.01818870,A1/A2,TaskName 6/13/2025 (GreenStar 4 Monitor),Laudis/Tough,580,6/13/2025,0.996,On,1122.3,118.75,3.560e-07,7.923,11.58,6.411,0.729,19.99,20.00,0,6,114.11,6/13/2025,Good,7.999,0.0020,3.000,0.00074,0.00,0.00,0.00,4.000,0.00099,2.000,0.00049,19.87,0.627,0.00,0.00,0.00,0.00,0.00,0.00,0.00,0.00,0.00,0.00,0.00,0.00,0.032
-93.77540192,42.01822060,A1/A2,TaskName 6/13/2025 (GreenStar 4 Monitor),Laudis/Tough,581,6/13/2025,1.004,On,1122.5,118.75,3.560e-07,7.978,11.75,6.911,1.294,19.99,19.95,0,6,114.90,6/13/2025,Good,7.980,0.0020,2.992,0.00075,0.00,0.00,0.00,3.990,0.00100,1.995,0.00050,19.82,0.635,0.00,0.00,0.00,0.00,0.00,0.00,0.00,0.00,0.00,0.00,0.00,0.00,0.032
-93.77540032,42.01825258,A1/A2,TaskName 6/13/2025 (GreenStar 4 Monitor),Laudis/Tough,582,6/13/2025,1.000,On,1122.6,118.75,3.560e-07,7.941,11.66,6.813,359.64,19.99,19.97,0,6,114.39,6/13/2025,Good,7.990,0.0020,2.996,0.00074,0.00,0.00,0.00,3.995,0.00099,1.997,0.00050,19.84,0.631,0.00,0.00,0.00,0.00,0.00,0.00,0.00,0.00,0.00,0.00,0.00,0.00,0.032
-93.77539983,42.01827164,A1/A2,TaskName 6/13/2025 (GreenStar 4 Monitor),Laudis/Tough,583,6/13/2025,0.596,On,1122.7,118.75,3.560e-07,7.924,6.932,6.856,358.81,19.99,19.95,0,6,114.15,6/13/2025,Good,7.981,0.0012,2.993,0.00044,0.00,0.00,0.00,3.991,0.00059,1.995,0.00029,19.82,0.375,0.00,0.00,0.00,0.00,0.00,0.00,0.00,0.00,0.00,0.00,0.00,0.00,0.019
-93.77540029,42.01829082,A1/A2,TaskName 6/13/2025 (GreenStar 4 Monitor),Laudis/Tough,584,6/13/2025,0.600,On,1122.8,120.00,-0.625,7.916,6.971,6.722,359.24,19.99,20.02,0,6,115.23,6/13/2025,Good,8.009,0.0012,3.003,0.00045,0.00,0.00,0.00,4.005,0.00060,2.002,0.00030,19.89,0.382,0.00,0.00,0.00,0.00,0.00,0.00,0.00,0.00,0.00,0.00,0.00,0.00,0.019
-93.77540163,42.01832294,A1/A2,TaskName 6/13/2025 (GreenStar 4 Monitor),Laudis/Tough,585,6/13/2025,1.005,On,1122.9,118.75,3.560e-07,7.955,11.73,6.837,0.870,19.99,20.01,0,6,114.59,6/13/2025,Good,8.004,0.0020,3.002,0.00075,0.00,0.00,0.00,4.002,0.0010,2.001,0.00050,19.88,0.636,0.00,0.00,0.00,0.00,0.00,0.00,0.00,0.00,0.00,0.00,0.00,0.00,0.032
-93.77540115,42.01835505,A1/A2,TaskName 6/13/2025 (GreenStar 4 Monitor),Laudis/Tough,586,6/13/2025,0.995,On,1123.0,118.75,3.560e-07,7.973,11.64,6.454,0.847,19.99,19.90,0,6,114.84,6/13/2025,Good,7.960,0.0020,2.985,0.00074,0.00,0.00,0.00,3.980,0.00099,1.990,0.00049,19.77,0.628,0.00,0.00,0.00,0.00,0.00,0.00,0.00,0.00,0.00,0.00,0.00,0.00,0.032
-93.77539998,42.01838712,A1/A2,TaskName 6/13/2025 (GreenStar 4 Monitor),Laudis/Tough,587,6/13/2025,1.000,On,1123.1,118.75,3.560e-07,7.998,11.74,6.532,359.47,19.99,19.95,0,6,115.20,6/13/2025,Good,7.979,0.0020,2.992,0.00075,0.00,0.00,0.00,3.989,0.00100,1.995,0.00050,19.82,0.634,0.00,0.00,0.00,0.00,0.00,0.00,0.00,0.00,0.00,0.00,0.00,0.00,0.032
-93.77539988,42.01841908,A1/A2,TaskName 6/13/2025 (GreenStar 4 Monitor),Laudis/Tough,588,6/13/2025,1.004,On,1123.3,120.00,-0.625,7.942,11.71,6.836,359.14,19.99,20.01,0,6,115.62,6/13/2025,Good,8.004,0.0020,3.002,0.00076,0.00,0.00,0.00,4.002,0.0010,2.001,0.00050,19.88,0.641,0.00,0.00,0.00,0.00,0.00,0.00,0.00,0.00,0.00,0.00,0.00,0.00,0.032
-93.77540006,42.01842546,A1/A2,TaskName 6/13/2025 (GreenStar 4 Monitor),Laudis/Tough,589,6/13/2025,0.196,On,1123.3,120.00,-0.625,7.925,2.280,6.816,359.31,19.99,20.06,0,6,115.37,6/13/2025,Good,8.022,0.00039,3.008,0.00015,0.00,0.00,0.00,4.011,0.00020,2.006,9.842e-05,19.93,0.125,0.00,0.00,0.00,0.00,0.00,0.00,0.00,0.00,0.00,0.00,0.00,0.00,0.0063
-93.77540112,42.01845758,A1/A2,TaskName 6/13/2025 (GreenStar 4 Monitor),Laudis/Tough,590,6/13/2025,0.999,On,1123.5,118.75,3.560e-07,7.963,11.68,6.621,0.329,19.99,20.05,0,6,114.70,6/13/2025,Good,8.022,0.0020,3.008,0.00075,0.00,0.00,0.00,4.011,0.00100,2.005,0.00050,19.92,0.634,0.00,0.00,0.00,0.00,0.00,0.00,0.00,0.00,0.00,0.00,0.00,0.00,0.032
-93.77540117,42.01848971,A1/A2,TaskName 6/13/2025 (GreenStar 4 Monitor),Laudis/Tough,591,6/13/2025,1.000,On,1123.6,118.75,3.560e-07,7.972,11.70,6.002,0.353,19.99,20.07,0,6,114.81,6/13/2025,Good,8.028,0.0020,3.011,0.00075,0.00,0.00,0.00,4.014,0.0010,2.007,0.00050,19.94,0.636,0.00,0.00,0.00,0.00,0.00,0.00,0.00,0.00,0.00,0.00,0.00,0.00,0.032
-93.77540072,42.01852152,A1/A2,TaskName 6/13/2025 (GreenStar 4 Monitor),Laudis/Tough,592,6/13/2025,1.000,On,1123.8,118.75,3.560e-07,7.958,11.68,6.569,359.69,19.99,19.98,0,6,114.62,6/13/2025,Good,7.993,0.0020,2.998,0.00075,0.00,0.00,0.00,3.997,0.00099,1.998,0.00050,19.85,0.632,0.00,0.00,0.00,0.00,0.00,0.00,0.00,0.00,0.00,0.00,0.00,0.00,0.032
-93.77540059,42.01852783,A1/A2,TaskName 6/13/2025 (GreenStar 4 Monitor),Laudis/Tough,593,6/13/2025,0.205,On,1123.9,118.75,3.560e-07,7.912,2.380,6.426,359.54,19.99,19.98,0,6,113.93,6/13/2025,Good,7.992,0.00041,2.997,0.00015,0.00,0.00,0.00,3.996,0.00020,1.998,0.00010,19.85,0.129,0.00,0.00,0.00,0.00,0.00,0.00,0.00,0.00,0.00,0.00,0.00,0.00,0.0065
-93.77540107,42.01855973,A1/A2,TaskName 6/13/2025 (GreenStar 4 Monitor),Laudis/Tough,594,6/13/2025,1.001,On,1124.0,120.00,-0.625,7.910,11.60,6.632,359.82,19.99,20.02,0,6,114.90,6/13/2025,Good,8.006,0.0020,3.002,0.00075,0.00,0.00,0.00,4.003,0.00100,2.002,0.00050,19.89,0.635,0.00,0.00,0.00,0.00,0.00,0.00,0.00,0.00,0.00,0.00,0.00,0.00,0.032
-93.77540197,42.01859155,A1/A2,TaskName 6/13/2025 (GreenStar 4 Monitor),Laudis/Tough,595,6/13/2025,0.999,On,1124.1,118.75,3.560e-07,7.904,11.59,6.800,1.090,19.99,19.94,0,6,113.87,6/13/2025,Good,7.974,0.0020,2.990,0.00074,0.00,0.00,0.00,3.987,0.00098,1.994,0.00049,19.81,0.626,0.00,0.00,0.00,0.00,0.00,0.00,0.00,0.00,0.00,0.00,0.00,0.00,0.032
-93.77540151,42.01862356,A1/A2,TaskName 6/13/2025 (GreenStar 4 Monitor),Laudis/Tough,596,6/13/2025,0.995,On,1124.3,118.75,3.560e-07,7.930,11.57,6.398,0.988,19.99,20.03,0,6,114.13,6/13/2025,Good,8.010,0.0020,3.004,0.00074,0.00,0.00,0.00,4.005,0.00099,2.003,0.00049,19.90,0.628,0.00,0.00,0.00,0.00,0.00,0.00,0.00,0.00,0.00,0.00,0.00,0.00,0.032
-93.77540029,42.01864905,A1/A2,TaskName 6/13/2025 (GreenStar 4 Monitor),Laudis/Tough,597,6/13/2025,0.806,On,1124.4,118.75,3.560e-07,7.964,9.402,6.674,359.69,19.99,20.00,0,6,114.48,6/13/2025,Good,7.999,0.0016,3.000,0.00060,0.00,0.00,0.00,3.999,0.00080,2.000,0.00040,19.87,0.509,0.00,0.00,0.00,0.00,0.00,0.00,0.00,0.00,0.00,0.00,0.00,0.00,0.026
-93.77539994,42.01868072,A1/A2,TaskName 6/13/2025 (GreenStar 4 Monitor),Laudis/Tough,598,6/13/2025,0.994,On,1124.5,120.00,-0.625,7.889,11.51,6.722,359.07,19.99,19.97,0,6,114.86,6/13/2025,Good,7.988,0.0020,2.995,0.00074,0.00,0.00,0.00,3.994,0.00099,1.997,0.00049,19.84,0.629,0.00,0.00,0.00,0.00,0.00,0.00,0.00,0.00,0.00,0.00,0.00,0.00,0.032
-93.77540048,42.01869368,A1/A2,TaskName 6/13/2025 (GreenStar 4 Monitor),Laudis/Tough,599,6/13/2025,0.400,On,1124.6,120.00,-0.625,7.914,4.642,6.291,359.66,19.99,20.00,0,6,115.08,6/13/2025,Good,7.999,0.00080,3.000,0.00030,0.00,0.00,0.00,3.999,0.00040,2.000,0.00020,19.87,0.254,0.00,0.00,0.00,0.00,0.00,0.00,0.00,0.00,0.00,0.00,0.00,0.00,0.013
-93.77540136,42.01872550,A1/A2,TaskName 6/13/2025 (GreenStar 4 Monitor),Laudis/Tough,600,6/13/2025,1.001,On,1124.8,118.75,3.560e-07,7.934,11.65,6.556,0.721,19.99,20.00,0,6,114.22,6/13/2025,Good,7.999,0.0020,3.000,0.00074,0.00,0.00,0.00,4.000,0.00099,2.000,0.00050,19.87,0.631,0.00,0.00,0.00,0.00,0.00,0.00,0.00,0.00,0.00,0.00,0.00,0.00,0.032
-93.77540087,42.01875733,A1/A2,TaskName 6/13/2025 (GreenStar 4 Monitor),Laudis/Tough,601,6/13/2025,0.999,On,1124.9,118.75,3.560e-07,7.913,11.60,6.517,0.313,19.99,20.01,0,6,113.93,6/13/2025,Good,8.003,0.0020,3.001,0.00074,0.00,0.00,0.00,4.001,0.00099,2.001,0.00049,19.88,0.628,0.00,0.00,0.00,0.00,0.00,0.00,0.00,0.00,0.00,0.00,0.00,0.00,0.032
-93.77540020,42.01878921,A1/A2,TaskName 6/13/2025 (GreenStar 4 Monitor),Laudis/Tough,602,6/13/2025,1.001,On,1125.1,118.75,3.560e-07,7.909,11.61,6.271,359.40,19.99,20.01,0,6,113.84,6/13/2025,Good,8.005,0.0020,3.002,0.00074,0.00,0.00,0.00,4.003,0.00099,2.001,0.00049,19.88,0.629,0.00,0.00,0.00,0.00,0.00,0.00,0.00,0.00,0.00,0.00,0.00,0.00,0.032
-93.77540087,42.01882114,A1/A2,TaskName 6/13/2025 (GreenStar 4 Monitor),Laudis/Tough,603,6/13/2025,0.999,On,1125.3,118.75,3.560e-07,7.933,11.62,5.513,359.90,19.99,20.05,0,6,114.19,6/13/2025,Good,8.020,0.0020,3.007,0.00074,0.00,0.00,0.00,4.010,0.00099,2.005,0.00050,19.92,0.631,0.00,0.00,0.00,0.00,0.00,0.00,0.00,0.00,0.00,0.00,0.00,0.00,0.032
-93.77540142,42.01885289,A1/A2,TaskName 6/13/2025 (GreenStar 4 Monitor),Laudis/Tough,604,6/13/2025,1.000,On,1125.4,118.75,3.560e-07,7.924,11.62,6.115,0.619,19.99,19.87,0,6,114.08,6/13/2025,Good,7.948,0.0020,2.980,0.00074,0.00,0.00,0.00,3.974,0.00098,1.987,0.00049,19.74,0.626,0.00,0.00,0.00,0.00,0.00,0.00,0.00,0.00,0.00,0.00,0.00,0.00,0.032
-93.77540064,42.01888474,A1/A2,TaskName 6/13/2025 (GreenStar 4 Monitor),Laudis/Tough,605,6/13/2025,1.000,On,1125.5,118.75,3.560e-07,7.899,11.58,5.799,0.023,19.99,20.08,0,6,113.69,6/13/2025,Good,8.033,0.0020,3.013,0.00074,0.00,0.00,0.00,4.017,0.00099,2.008,0.00050,19.95,0.630,0.00,0.00,0.00,0.00,0.00,0.00,0.00,0.00,0.00,0.00,0.00,0.00,0.032
-93.77540031,42.01890375,A1/A2,TaskName 6/13/2025 (GreenStar 4 Monitor),Laudis/Tough,606,6/13/2025,0.600,On,1125.6,118.75,3.560e-07,7.920,6.969,6.247,359.63,19.99,19.89,0,6,113.99,6/13/2025,Good,7.955,0.0012,2.983,0.00044,0.00,0.00,0.00,3.978,0.00059,1.989,0.00030,19.76,0.375,0.00,0.00,0.00,0.00,0.00,0.00,0.00,0.00,0.00,0.00,0.00,0.00,0.019
-93.77540024,42.01892265,A1/A2,TaskName 6/13/2025 (GreenStar 4 Monitor),Laudis/Tough,607,6/13/2025,0.596,On,1125.7,120.00,-0.625,7.863,6.874,6.510,359.50,19.99,19.89,0,6,114.38,6/13/2025,Good,7.957,0.0012,2.984,0.00044,0.00,0.00,0.00,3.978,0.00059,1.989,0.00029,19.76,0.374,0.00,0.00,0.00,0.00,0.00,0.00,0.00,0.00,0.00,0.00,0.00,0.00,0.019
-93.77540101,42.01895447,A1/A2,TaskName 6/13/2025 (GreenStar 4 Monitor),Laudis/Tough,608,6/13/2025,1.005,On,1125.9,118.75,3.560e-07,7.862,11.59,6.369,0.172,19.99,20.00,0,6,113.19,6/13/2025,Good,7.998,0.0020,2.999,0.00074,0.00,0.00,0.00,3.999,0.00099,2.000,0.00049,19.87,0.628,0.00,0.00,0.00,0.00,0.00,0.00,0.00,0.00,0.00,0.00,0.00,0.00,0.032
-93.77540106,42.01896079,A1/A2,TaskName 6/13/2025 (GreenStar 4 Monitor),Laudis/Tough,609,6/13/2025,0.194,On,1126.0,118.75,3.560e-07,7.896,2.245,6.353,0.267,19.99,20.00,0,6,113.59,6/13/2025,Good,8.001,0.00038,3.000,0.00014,0.00,0.00,0.00,4.000,0.00019,2.000,9.566e-05,19.87,0.122,0.00,0.00,0.00,0.00,0.00,0.00,0.00,0.00,0.00,0.00,0.00,0.00,0.0061
-93.77540129,42.01897964,A1/A2,TaskName 6/13/2025 (GreenStar 4 Monitor),Laudis/Tough,610,6/13/2025,0.605,On,1126.1,120.00,0.625,7.863,6.979,6.542,0.635,19.99,19.98,0,6,114.40,6/13/2025,Good,7.992,0.0012,2.997,0.00045,0.00,0.00,0.00,3.996,0.00060,1.998,0.00030,19.85,0.382,0.00,0.00,0.00,0.00,0.00,0.00,0.00,0.00,0.00,0.00,0.00,0.00,0.019
-93.77540044,42.01901133,A1/A2,TaskName 6/13/2025 (GreenStar 4 Monitor),Laudis/Tough,611,6/13/2025,1.000,On,1126.3,118.75,3.560e-07,7.847,11.51,6.581,359.91,19.99,20.03,0,6,112.95,6/13/2025,Good,8.010,0.0020,3.004,0.00074,0.00,0.00,0.00,4.005,0.00098,2.003,0.00049,19.90,0.624,0.00,0.00,0.00,0.00,0.00,0.00,0.00,0.00,0.00,0.00,0.00,0.00,0.031
-93.77540012,42.01904294,A1/A2,TaskName 6/13/2025 (GreenStar 4 Monitor),Laudis/Tough,612,6/13/2025,1.000,On,1126.4,118.75,3.560e-07,7.877,11.55,6.608,359.41,19.99,19.99,0,6,113.37,6/13/2025,Good,7.994,0.0020,2.998,0.00074,0.00,0.00,0.00,3.997,0.00098,1.999,0.00049,19.86,0.625,0.00,0.00,0.00,0.00,0.00,0.00,0.00,0.00,0.00,0.00,0.00,0.00,0.031
-93.77540054,42.01907466,A1/A2,TaskName 6/13/2025 (GreenStar 4 Monitor),Laudis/Tough,613,6/13/2025,1.001,On,1126.6,118.75,3.560e-07,7.861,11.54,6.512,359.65,19.99,20.00,0,6,113.16,6/13/2025,Good,8.002,0.0020,3.001,0.00074,0.00,0.00,0.00,4.001,0.00098,2.000,0.00049,19.87,0.625,0.00,0.00,0.00,0.00,0.00,0.00,0.00,0.00,0.00,0.00,0.00,0.00,0.031
-93.77540122,42.01910655,A1/A2,TaskName 6/13/2025 (GreenStar 4 Monitor),Laudis/Tough,614,6/13/2025,0.999,On,1126.8,118.75,3.560e-07,7.911,11.59,6.324,0.502,19.99,19.99,0,6,113.84,6/13/2025,Good,7.997,0.0020,2.999,0.00074,0.00,0.00,0.00,3.998,0.00099,1.999,0.00049,19.86,0.627,0.00,0.00,0.00,0.00,0.00,0.00,0.00,0.00,0.00,0.00,0.00,0.00,0.032
-93.77540092,42.01913838,A1/A2,TaskName 6/13/2025 (GreenStar 4 Monitor),Laudis/Tough,615,6/13/2025,1.000,On,1126.9,118.75,3.560e-07,7.911,11.60,6.341,0.321,19.99,20.00,0,6,113.85,6/13/2025,Good,7.999,0.0020,3.000,0.00074,0.00,0.00,0.00,4.000,0.00099,2.000,0.00049,19.87,0.628,0.00,0.00,0.00,0.00,0.00,0.00,0.00,0.00,0.00,0.00,0.00,0.00,0.032
-93.77540015,42.01917022,A1/A2,TaskName 6/13/2025 (GreenStar 4 Monitor),Laudis/Tough,616,6/13/2025,0.996,On,1127.1,118.75,3.560e-07,7.925,11.57,6.255,359.69,19.99,19.96,0,6,114.05,6/13/2025,Good,7.984,0.0020,2.994,0.00074,0.00,0.00,0.00,3.992,0.00098,1.996,0.00049,19.83,0.626,0.00,0.00,0.00,0.00,0.00,0.00,0.00,0.00,0.00,0.00,0.00,0.00,0.032
-93.77540025,42.01918302,A1/A2,TaskName 6/13/2025 (GreenStar 4 Monitor),Laudis/Tough,617,6/13/2025,0.404,On,1127.1,118.75,3.560e-07,7.906,4.684,6.315,359.66,19.99,19.95,0,6,113.79,6/13/2025,Good,7.982,0.00080,2.993,0.00030,0.00,0.00,0.00,3.991,0.00040,1.995,0.00020,19.82,0.253,0.00,0.00,0.00,0.00,0.00,0.00,0.00,0.00,0.00,0.00,0.00,0.00,0.013
-93.77540034,42.01919576,A1/A2,TaskName 6/13/2025 (GreenStar 4 Monitor),Laudis/Tough,618,6/13/2025,0.401,On,1127.2,120.00,-0.625,7.921,4.645,6.403,359.70,19.99,19.95,0,6,114.88,6/13/2025,Good,7.980,0.00080,2.992,0.00030,0.00,0.00,0.00,3.990,0.00040,1.995,0.00020,19.82,0.254,0.00,0.00,0.00,0.00,0.00,0.00,0.00,0.00,0.00,0.00,0.00,0.00,0.013
-93.77540083,42.01922757,A1/A2,TaskName 6/13/2025 (GreenStar 4 Monitor),Laudis/Tough,619,6/13/2025,1.000,On,1127.3,118.75,3.560e-07,7.911,11.61,6.268,359.98,19.99,19.99,0,6,113.95,6/13/2025,Good,7.997,0.0020,2.999,0.00074,0.00,0.00,0.00,3.998,0.00099,1.999,0.00049,19.86,0.629,0.00,0.00,0.00,0.00,0.00,0.00,0.00,0.00,0.00,0.00,0.00,0.00,0.032
-93.77540118,42.01925956,A1/A2,TaskName 6/13/2025 (GreenStar 4 Monitor),Laudis/Tough,620,6/13/2025,1.000,On,1127.5,118.75,3.560e-07,7.929,11.61,6.209,0.368,19.99,19.98,0,6,113.98,6/13/2025,Good,7.992,0.0020,2.997,0.00074,0.00,0.00,0.00,3.996,0.00099,1.998,0.00049,19.85,0.629,0.00,0.00,0.00,0.00,0.00,0.00,0.00,0.00,0.00,0.00,0.00,0.00,0.032
-93.77540073,42.01929126,A1/A2,TaskName 6/13/2025 (GreenStar 4 Monitor),Laudis/Tough,621,6/13/2025,0.994,On,1127.6,118.75,3.560e-07,7.905,11.54,6.274,0.070,19.99,20.00,0,6,113.89,6/13/2025,Good,8.002,0.0020,3.001,0.00074,0.00,0.00,0.00,4.001,0.00098,2.000,0.00049,19.87,0.625,0.00,0.00,0.00,0.00,0.00,0.00,0.00,0.00,0.00,0.00,0.00,0.00,0.031
-93.77540034,42.01932301,A1/A2,TaskName 6/13/2025 (GreenStar 4 Monitor),Laudis/Tough,622,6/13/2025,1.000,On,1127.8,118.75,3.560e-07,7.908,11.60,6.475,359.64,19.99,19.94,0,6,113.82,6/13/2025,Good,7.976,0.0020,2.991,0.00074,0.00,0.00,0.00,3.988,0.00099,1.994,0.00049,19.81,0.626,0.00,0.00,0.00,0.00,0.00,0.00,0.00,0.00,0.00,0.00,0.00,0.00,0.032
-93.77540096,42.01935484,A1/A2,TaskName 6/13/2025 (GreenStar 4 Monitor),Laudis/Tough,623,6/13/2025,1.005,On,1127.9,118.75,3.560e-07,7.872,11.60,6.594,0.055,19.99,19.95,0,6,113.29,6/13/2025,Good,7.979,0.0020,2.992,0.00074,0.00,0.00,0.00,3.989,0.00099,1.995,0.00049,19.82,0.627,0.00,0.00,0.00,0.00,0.00,0.00,0.00,0.00,0.00,0.00,0.00,0.00,0.032
-93.77540129,42.01938656,A1/A2,TaskName 6/13/2025 (GreenStar 4 Monitor),Laudis/Tough,624,6/13/2025,1.000,On,1128.1,118.75,3.560e-07,7.904,11.59,6.785,0.604,19.99,19.99,0,6,113.76,6/13/2025,Good,7.997,0.0020,2.999,0.00074,0.00,0.00,0.00,3.998,0.00099,1.999,0.00049,19.86,0.628,0.00,0.00,0.00,0.00,0.00,0.00,0.00,0.00,0.00,0.00,0.00,0.00,0.032
-93.77540061,42.01941835,A1/A2,TaskName 6/13/2025 (GreenStar 4 Monitor),Laudis/Tough,625,6/13/2025,1.001,On,1128.3,118.75,3.560e-07,7.902,11.59,6.585,360.00,19.99,19.97,0,6,113.64,6/13/2025,Good,7.989,0.0020,2.996,0.00074,0.00,0.00,0.00,3.994,0.00099,1.997,0.00049,19.84,0.627,0.00,0.00,0.00,0.00,0.00,0.00,0.00,0.00,0.00,0.00,0.00,0.00,0.032
-93.77540048,42.01945022,A1/A2,TaskName 6/13/2025 (GreenStar 4 Monitor),Laudis/Tough,626,6/13/2025,1.000,On,1128.4,118.75,3.560e-07,7.902,11.59,6.560,359.72,19.99,19.97,0,6,113.76,6/13/2025,Good,7.989,0.0020,2.996,0.00074,0.00,0.00,0.00,3.994,0.00099,1.997,0.00049,19.84,0.627,0.00,0.00,0.00,0.00,0.00,0.00,0.00,0.00,0.00,0.00,0.00,0.00,0.032
-93.77540089,42.01948229,A1/A2,TaskName 6/13/2025 (GreenStar 4 Monitor),Laudis/Tough,627,6/13/2025,0.999,On,1128.5,118.75,3.560e-07,7.940,11.65,6.246,0.227,19.99,19.93,0,6,114.43,6/13/2025,Good,7.972,0.0020,2.989,0.00074,0.00,0.00,0.00,3.986,0.00099,1.993,0.00049,19.80,0.629,0.00,0.00,0.00,0.00,0.00,0.00,0.00,0.00,0.00,0.00,0.00,0.00,0.032
-93.77540101,42.01951438,A1/A2,TaskName 6/13/2025 (GreenStar 4 Monitor),Laudis/Tough,628,6/13/2025,1.000,On,1128.6,118.75,3.560e-07,7.975,11.71,6.241,0.290,19.99,19.94,0,6,114.88,6/13/2025,Good,7.974,0.0020,2.990,0.00075,0.00,0.00,0.00,3.987,0.00099,1.994,0.00050,19.81,0.632,0.00,0.00,0.00,0.00,0.00,0.00,0.00,0.00,0.00,0.00,0.00,0.00,0.032
-93.77540063,42.01954648,A1/A2,TaskName 6/13/2025 (GreenStar 4 Monitor),Laudis/Tough,629,6/13/2025,0.996,On,1128.6,118.75,3.560e-07,7.975,11.65,6.250,359.80,19.99,19.96,0,6,114.75,6/13/2025,Good,7.982,0.0020,2.993,0.00074,0.00,0.00,0.00,3.991,0.00099,1.996,0.00049,19.83,0.629,0.00,0.00,0.00,0.00,0.00,0.00,0.00,0.00,0.00,0.00,0.00,0.00,0.032
-93.77540089,42.01957851,A1/A2,TaskName 6/13/2025 (GreenStar 4 Monitor),Laudis/Tough,630,6/13/2025,1.004,On,1128.7,118.75,3.560e-07,7.940,11.71,6.144,0.102,19.99,19.96,0,6,114.42,6/13/2025,Good,7.986,0.0020,2.995,0.00075,0.00,0.00,0.00,3.993,0.00100,1.996,0.00050,19.83,0.633,0.00,0.00,0.00,0.00,0.00,0.00,0.00,0.00,0.00,0.00,0.00,0.00,0.032
-93.77540100,42.01961050,A1/A2,TaskName 6/13/2025 (GreenStar 4 Monitor),Laudis/Tough,631,6/13/2025,1.000,On,1128.8,118.75,3.560e-07,7.972,11.70,5.960,0.313,19.99,20.00,0,6,114.78,6/13/2025,Good,8.002,0.0020,3.001,0.00075,0.00,0.00,0.00,4.001,0.00100,2.000,0.00050,19.87,0.634,0.00,0.00,0.00,0.00,0.00,0.00,0.00,0.00,0.00,0.00,0.00,0.00,0.032
-93.77540059,42.01964267,A1/A2,TaskName 6/13/2025 (GreenStar 4 Monitor),Laudis/Tough,632,6/13/2025,1.000,On,1128.8,118.75,3.560e-07,7.968,11.69,5.722,359.85,19.99,20.02,0,6,114.75,6/13/2025,Good,8.006,0.0020,3.002,0.00075,0.00,0.00,0.00,4.003,0.00100,2.002,0.00050,19.89,0.634,0.00,0.00,0.00,0.00,0.00,0.00,0.00,0.00,0.00,0.00,0.00,0.00,0.032
-93.77540031,42.01966803,A1/A2,TaskName 6/13/2025 (GreenStar 4 Monitor),Laudis/Tough,633,6/13/2025,0.801,On,1128.9,118.75,3.560e-07,7.937,9.327,6.082,359.50,19.99,19.95,0,6,114.28,6/13/2025,Good,7.982,0.0016,2.993,0.00059,0.00,0.00,0.00,3.991,0.00079,1.995,0.00040,19.82,0.504,0.00,0.00,0.00,0.00,0.00,0.00,0.00,0.00,0.00,0.00,0.00,0.00,0.025
-93.77540071,42.01969997,A1/A2,TaskName 6/13/2025 (GreenStar 4 Monitor),Laudis/Tough,634,6/13/2025,1.000,On,1129.0,120.00,-0.625,7.908,11.60,6.133,359.79,19.99,19.93,0,6,115.08,6/13/2025,Good,7.972,0.0020,2.989,0.00075,0.00,0.00,0.00,3.986,0.00100,1.993,0.00050,19.80,0.633,0.00,0.00,0.00,0.00,0.00,0.00,0.00,0.00,0.00,0.00,0.00,0.00,0.032
-93.77540081,42.01971274,A1/A2,TaskName 6/13/2025 (GreenStar 4 Monitor),Laudis/Tough,635,6/13/2025,0.399,On,1129.1,120.00,-0.625,7.919,4.634,5.892,359.85,19.99,20.00,0,6,115.18,6/13/2025,Good,8.001,0.00080,3.000,0.00030,0.00,0.00,0.00,4.000,0.00040,2.000,0.00020,19.87,0.254,0.00,0.00,0.00,0.00,0.00,0.00,0.00,0.00,0.00,0.00,0.00,0.00,0.013
-93.77540121,42.01974452,A1/A2,TaskName 6/13/2025 (GreenStar 4 Monitor),Laudis/Tough,636,6/13/2025,1.001,On,1129.2,118.75,3.560e-07,7.919,11.62,6.007,0.455,19.99,20.04,0,6,113.92,6/13/2025,Good,8.018,0.0020,3.007,0.00074,0.00,0.00,0.00,4.009,0.00099,2.004,0.00050,19.91,0.631,0.00,0.00,0.00,0.00,0.00,0.00,0.00,0.00,0.00,0.00,0.00,0.00,0.032
-93.77540088,42.01977639,A1/A2,TaskName 6/13/2025 (GreenStar 4 Monitor),Laudis/Tough,637,6/13/2025,0.995,On,1129.3,118.75,3.560e-07,7.911,11.56,5.657,0.447,19.99,20.01,0,6,114.00,6/13/2025,Good,8.002,0.0020,3.001,0.00074,0.00,0.00,0.00,4.001,0.00098,2.001,0.00049,19.88,0.626,0.00,0.00,0.00,0.00,0.00,0.00,0.00,0.00,0.00,0.00,0.00,0.00,0.032
-93.77539981,42.01980826,A1/A2,TaskName 6/13/2025 (GreenStar 4 Monitor),Laudis/Tough,638,6/13/2025,0.999,On,1129.3,118.75,3.560e-07,7.919,11.61,5.940,359.26,19.99,19.98,0,6,114.02,6/13/2025,Good,7.990,0.0020,2.996,0.00074,0.00,0.00,0.00,3.995,0.00099,1.998,0.00049,19.85,0.628,0.00,0.00,0.00,0.00,0.00,0.00,0.00,0.00,0.00,0.00,0.00,0.00,0.032
-93.77539990,42.01983994,A1/A2,TaskName 6/13/2025 (GreenStar 4 Monitor),Laudis/Tough,639,6/13/2025,1.000,On,1129.4,118.75,3.560e-07,7.889,11.58,6.069,358.97,19.99,20.02,0,6,113.62,6/13/2025,Good,8.007,0.0020,3.003,0.00074,0.00,0.00,0.00,4.003,0.00099,2.002,0.00049,19.89,0.628,0.00,0.00,0.00,0.00,0.00,0.00,0.00,0.00,0.00,0.00,0.00,0.00,0.032
-93.77540129,42.01987198,A1/A2,TaskName 6/13/2025 (GreenStar 4 Monitor),Laudis/Tough,640,6/13/2025,1.001,On,1129.5,118.75,3.560e-07,7.921,11.63,5.569,0.376,19.99,20.01,0,6,114.05,6/13/2025,Good,8.004,0.0020,3.002,0.00074,0.00,0.00,0.00,4.002,0.00099,2.001,0.00050,19.88,0.630,0.00,0.00,0.00,0.00,0.00,0.00,0.00,0.00,0.00,0.00,0.00,0.00,0.032
-93.77540159,42.01990382,A1/A2,TaskName 6/13/2025 (GreenStar 4 Monitor),Laudis/Tough,641,6/13/2025,1.000,On,1129.5,118.75,3.560e-07,7.934,11.64,5.663,0.996,19.99,19.99,0,6,114.26,6/13/2025,Good,7.994,0.0020,2.998,0.00074,0.00,0.00,0.00,3.997,0.00099,1.999,0.00050,19.86,0.630,0.00,0.00,0.00,0.00,0.00,0.00,0.00,0.00,0.00,0.00,0.00,0.00,0.032
-93.77540017,42.01993554,A1/A2,TaskName 6/13/2025 (GreenStar 4 Monitor),Laudis/Tough,642,6/13/2025,1.000,On,1129.4,118.75,3.560e-07,7.911,11.61,5.689,359.80,19.99,20.03,0,6,113.91,6/13/2025,Good,8.010,0.0020,3.004,0.00074,0.00,0.00,0.00,4.005,0.00099,2.003,0.00050,19.90,0.630,0.00,0.00,0.00,0.00,0.00,0.00,0.00,0.00,0.00,0.00,0.00,0.00,0.032
-93.77540001,42.01995462,A1/A2,TaskName 6/13/2025 (GreenStar 4 Monitor),Laudis/Tough,643,6/13/2025,0.600,On,1129.5,118.75,3.560e-07,7.873,6.920,5.827,359.44,19.99,19.98,0,6,113.19,6/13/2025,Good,7.994,0.0012,2.998,0.00044,0.00,0.00,0.00,3.997,0.00059,1.998,0.00029,19.85,0.375,0.00,0.00,0.00,0.00,0.00,0.00,0.00,0.00,0.00,0.00,0.00,0.00,0.019
-93.77540021,42.01998013,A1/A2,TaskName 6/13/2025 (GreenStar 4 Monitor),Laudis/Tough,644,6/13/2025,0.800,On,1129.5,120.00,-0.625,7.918,9.295,5.645,359.58,19.99,20.02,0,6,115.22,6/13/2025,Good,8.007,0.0016,3.003,0.00060,0.00,0.00,0.00,4.004,0.00080,2.002,0.00040,19.89,0.509,0.00,0.00,0.00,0.00,0.00,0.00,0.00,0.00,0.00,0.00,0.00,0.00,0.026
-93.77540077,42.02001207,A1/A2,TaskName 6/13/2025 (GreenStar 4 Monitor),Laudis/Tough,645,6/13/2025,1.000,On,1129.6,118.75,3.560e-07,7.910,11.62,5.854,0.227,19.99,20.00,0,6,114.01,6/13/2025,Good,8.001,0.0020,3.000,0.00074,0.00,0.00,0.00,4.000,0.00099,2.000,0.00049,19.87,0.629,0.00,0.00,0.00,0.00,0.00,0.00,0.00,0.00,0.00,0.00,0.00,0.00,0.032
-93.77540078,42.02004376,A1/A2,TaskName 6/13/2025 (GreenStar 4 Monitor),Laudis/Tough,646,6/13/2025,1.000,On,1129.5,118.75,3.560e-07,7.893,11.58,5.620,0.047,19.99,20.03,0,6,113.65,6/13/2025,Good,8.010,0.0020,3.004,0.00074,0.00,0.00,0.00,4.005,0.00099,2.003,0.00049,19.90,0.628,0.00,0.00,0.00,0.00,0.00,0.00,0.00,0.00,0.00,0.00,0.00,0.00,0.032
-93.77540036,42.02007557,A1/A2,TaskName 6/13/2025 (GreenStar 4 Monitor),Laudis/Tough,647,6/13/2025,0.999,On,1129.6,118.75,3.560e-07,7.904,11.59,5.692,359.64,19.99,19.91,0,6,113.83,6/13/2025,Good,7.964,0.0020,2.987,0.00074,0.00,0.00,0.00,3.982,0.00098,1.991,0.00049,19.78,0.625,0.00,0.00,0.00,0.00,0.00,0.00,0.00,0.00,0.00,0.00,0.00,0.00,0.032
-93.77540075,42.02010722,A1/A2,TaskName 6/13/2025 (GreenStar 4 Monitor),Laudis/Tough,648,6/13/2025,1.001,On,1129.7,118.75,3.560e-07,7.886,11.58,5.914,359.80,19.99,20.00,0,6,113.57,6/13/2025,Good,7.999,0.0020,3.000,0.00074,0.00,0.00,0.00,4.000,0.00099,2.000,0.00049,19.87,0.627,0.00,0.00,0.00,0.00,0.00,0.00,0.00,0.00,0.00,0.00,0.00,0.00,0.032
-93.77540116,42.02013902,A1/A2,TaskName 6/13/2025 (GreenStar 4 Monitor),Laudis/Tough,649,6/13/2025,1.000,On,1129.7,118.75,3.560e-07,7.872,11.55,5.851,0.321,19.99,20.00,0,6,113.33,6/13/2025,Good,7.998,0.0020,2.999,0.00074,0.00,0.00,0.00,3.999,0.00098,2.000,0.00049,19.87,0.625,0.00,0.00,0.00,0.00,0.00,0.00,0.00,0.00,0.00,0.00,0.00,0.00,0.031
-93.77540147,42.02017066,A1/A2,TaskName 6/13/2025 (GreenStar 4 Monitor),Laudis/Tough,650,6/13/2025,0.999,On,1129.8,118.75,3.560e-07,7.872,11.54,6.623,0.792,19.99,20.00,0,6,113.35,6/13/2025,Good,8.001,0.0020,3.000,0.00074,0.00,0.00,0.00,4.000,0.00098,2.000,0.00049,19.87,0.625,0.00,0.00,0.00,0.00,0.00,0.00,0.00,0.00,0.00,0.00,0.00,0.00,0.031
-93.77540035,42.02020238,A1/A2,TaskName 6/13/2025 (GreenStar 4 Monitor),Laudis/Tough,651,6/13/2025,1.000,On,1129.8,118.75,3.560e-07,7.886,11.57,6.142,359.76,19.99,19.96,0,6,113.55,6/13/2025,Good,7.982,0.0020,2.993,0.00074,0.00,0.00,0.00,3.991,0.00098,1.996,0.00049,19.83,0.625,0.00,0.00,0.00,0.00,0.00,0.00,0.00,0.00,0.00,0.00,0.00,0.00,0.032
-93.77540022,42.02020877,A1/A2,TaskName 6/13/2025 (GreenStar 4 Monitor),Laudis/Tough,652,6/13/2025,0.200,On,1129.8,118.75,3.560e-07,7.894,2.315,6.030,359.62,19.99,19.95,0,6,113.62,6/13/2025,Good,7.980,0.00039,2.992,0.00015,0.00,0.00,0.00,3.990,0.00020,1.995,9.838e-05,19.82,0.125,0.00,0.00,0.00,0.00,0.00,0.00,0.00,0.00,0.00,0.00,0.00,0.00,0.0063
-93.77539987,42.02022788,A1/A2,TaskName 6/13/2025 (GreenStar 4 Monitor),Laudis/Tough,653,6/13/2025,0.596,On,1129.9,120.00,-0.625,7.896,6.891,5.913,359.15,19.99,19.93,0,6,114.66,6/13/2025,Good,7.971,0.0012,2.989,0.00044,0.00,0.00,0.00,3.985,0.00059,1.993,0.00030,19.80,0.376,0.00,0.00,0.00,0.00,0.00,0.00,0.00,0.00,0.00,0.00,0.00,0.00,0.019
-93.77539999,42.02023429,A1/A2,TaskName 6/13/2025 (GreenStar 4 Monitor),Laudis/Tough,654,6/13/2025,0.204,On,1129.9,8.750,-56.25,7.912,2.381,5.812,359.17,19.99,20.03,0,6,8.440,6/13/2025,Good,8.014,2.994e-05,3.005,1.123e-05,0.00,0.00,0.00,4.007,1.497e-05,2.003,7.486e-06,19.90,0.0095,0.00,0.00,0.00,0.00,0.00,0.00,0.00,0.00,0.00,0.00,0.00,0.00,0.00048
-93.77481589,42.02039190,A1/A2,TaskName 5/7/2025 (GreenStar 4 Monitor),Zidua SC & Sharpen,1,5/7/2025,0.195,On,1128.9,3.750,45.00,5.040,1.449,4.431,268.16,19.99,19.50,0,1,2.303,5/7/2025,Good,7.800,7.600e-06,2.925,2.850e-06,0.00,0.00,0.00,3.900,3.800e-06,1.950,1.900e-06,19.37,0.0024,0.00,0.00,0.00,0.00,0.00,0.00,0.00,0.00,0.00,0.00,0.00,0.00,0.00012
-93.77482169,42.02039179,A1/A2,TaskName 5/7/2025 (GreenStar 4 Monitor),Zidua SC & Sharpen,2,5/7/2025,0.199,On,1128.8,46.25,24.73,5.248,1.531,5.072,268.00,19.99,16.74,0,1,29.40,5/7/2025,Under Target,6.697,8.504e-05,2.511,3.189e-05,0.00,0.00,0.00,3.348,4.252e-05,1.674,2.126e-05,16.63,0.027,0.00,0.00,0.00,0.00,0.00,0.00,0.00,0.00,0.00,0.00,0.00,0.00,0.0016
-93.77482762,42.02039201,A1/A2,TaskName 5/7/2025 (GreenStar 4 Monitor),Zidua SC & Sharpen,3,5/7/2025,0.205,On,1128.8,55.00,20.62,5.340,1.606,4.471,267.76,19.99,16.00,0,1,35.62,5/7/2025,Under Target,6.402,0.00010,2.401,3.804e-05,0.00,0.00,0.00,3.201,5.072e-05,1.600,2.536e-05,15.90,0.032,0.00,0.00,0.00,0.00,0.00,0.00,0.00,0.00,0.00,0.00,0.00,0.00,0.0020
-93.77483372,42.02039201,A1/A2,TaskName 5/7/2025 (GreenStar 4 Monitor),Zidua SC & Sharpen,4,5/7/2025,0.196,On,1128.8,58.75,18.75,5.398,1.551,4.154,267.65,19.99,22.38,0,1,38.41,5/7/2025,Good,8.950,0.00015,3.356,5.483e-05,0.00,0.00,0.00,4.475,7.311e-05,2.238,3.656e-05,22.23,0.046,0.00,0.00,0.00,0.00,0.00,0.00,0.00,0.00,0.00,0.00,0.00,0.00,0.0021
-93.77483958,42.02039179,A1/A2,TaskName 5/7/2025 (GreenStar 4 Monitor),Zidua SC & Sharpen,5,5/7/2025,0.200,On,1128.8,91.25,3.750,5.465,1.596,4.332,267.73,19.99,20.90,0,1,60.20,5/7/2025,Good,8.360,0.00022,3.135,8.191e-05,0.00,0.00,0.00,4.180,0.00011,2.090,5.461e-05,20.76,0.069,0.00,0.00,0.00,0.00,0.00,0.00,0.00,0.00,0.00,0.00,0.00,0.00,0.0033
-93.77484522,42.02039156,A1/A2,TaskName 5/7/2025 (GreenStar 4 Monitor),Zidua SC & Sharpen,6,5/7/2025,0.200,On,1128.8,103.75,-1.250,5.478,1.606,4.702,267.87,19.99,18.87,0,1,68.86,5/7/2025,Good,7.548,0.00023,2.830,8.460e-05,0.00,0.00,0.00,3.774,0.00011,1.887,5.640e-05,18.75,0.072,0.00,0.00,0.00,0.00,0.00,0.00,0.00,0.00,0.00,0.00,0.00,0.00,0.0038
-93.77485068,42.02039142,A1/A2,TaskName 5/7/2025 (GreenStar 4 Monitor),Zidua SC & Sharpen,7,5/7/2025,0.200,On,1128.9,112.50,-4.375,5.420,1.590,6.036,267.94,19.99,20.15,0,1,73.91,5/7/2025,Good,8.061,0.00026,3.023,9.697e-05,0.00,0.00,0.00,4.030,0.00013,2.015,6.465e-05,20.02,0.082,0.00,0.00,0.00,0.00,0.00,0.00,0.00,0.00,0.00,0.00,0.00,0.00,0.0041
-93.77486251,42.02039070,A1/A2,TaskName 5/7/2025 (GreenStar 4 Monitor),Zidua SC & Sharpen,8,5/7/2025,0.400,On,1128.9,113.75,-3.750,5.301,3.117,7.092,268.51,19.99,20.09,0,1,73.27,5/7/2025,Good,8.037,0.00051,3.014,0.00019,0.00,0.00,0.00,4.019,0.00026,2.009,0.00013,19.96,0.163,0.00,0.00,0.00,0.00,0.00,0.00,0.00,0.00,0.00,0.00,0.00,0.00,0.0081
-93.77489505,42.02038995,A1/A2,TaskName 5/7/2025 (GreenStar 4 Monitor),Zidua SC & Sharpen,9,5/7/2025,0.999,On,1129.1,115.00,-3.125,5.654,8.274,6.367,269.21,19.99,20.05,0,1,78.72,5/7/2025,Good,8.019,0.0014,3.007,0.00051,0.00,0.00,0.00,4.009,0.00068,2.005,0.00034,19.92,0.435,0.00,0.00,0.00,0.00,0.00,0.00,0.00,0.00,0.00,0.00,0.00,0.00,0.022
-93.77492980,42.02038977,A1/A2,TaskName 5/7/2025 (GreenStar 4 Monitor),Zidua SC & Sharpen,10,5/7/2025,1.005,On,1129.3,115.00,-3.125,6.212,9.154,6.020,269.39,19.99,19.85,0,1,86.56,5/7/2025,Good,7.942,0.0015,2.978,0.00056,0.00,0.00,0.00,3.971,0.00075,1.985,0.00037,19.73,0.477,0.00,0.00,0.00,0.00,0.00,0.00,0.00,0.00,0.00,0.00,0.00,0.00,0.024
-93.77496556,42.02038962,A1/A2,TaskName 5/7/2025 (GreenStar 4 Monitor),Zidua SC & Sharpen,11,5/7/2025,0.996,On,1129.4,113.75,-3.750,6.531,9.534,6.418,268.75,19.99,19.90,0,1,89.99,5/7/2025,Good,7.958,0.0015,2.984,0.00058,0.00,0.00,0.00,3.979,0.00077,1.990,0.00039,19.77,0.492,0.00,0.00,0.00,0.00,0.00,0.00,0.00,0.00,0.00,0.00,0.00,0.00,0.025
-93.77500384,42.02038924,A1/A2,TaskName 5/7/2025 (GreenStar 4 Monitor),Zidua SC & Sharpen,12,5/7/2025,1.000,On,1129.5,113.75,-3.750,6.821,10.01,6.605,268.66,19.99,20.00,0,1,94.13,5/7/2025,Good,7.998,0.0016,2.999,0.00061,0.00,0.00,0.00,3.999,0.00082,2.000,0.00041,19.87,0.519,0.00,0.00,0.00,0.00,0.00,0.00,0.00,0.00,0.00,0.00,0.00,0.00,0.026
-93.77504282,42.02038843,A1/A2,TaskName 5/7/2025 (GreenStar 4 Monitor),Zidua SC & Sharpen,13,5/7/2025,1.004,On,1129.8,113.75,-3.750,7.150,10.53,6.529,269.37,19.99,19.82,0,1,98.61,5/7/2025,Good,7.927,0.0017,2.973,0.00064,0.00,0.00,0.00,3.963,0.00085,1.982,0.00043,19.69,0.541,0.00,0.00,0.00,0.00,0.00,0.00,0.00,0.00,0.00,0.00,0.00,0.00,0.028
-93.77506676,42.02038791,A1/A2,TaskName 5/7/2025 (GreenStar 4 Monitor),Zidua SC & Sharpen,14,5/7/2025,0.596,On,1129.9,113.75,-3.750,7.277,6.354,6.527,269.69,19.99,19.91,0,1,100.23,5/7/2025,Good,7.962,0.0010,2.986,0.00039,0.00,0.00,0.00,3.981,0.00052,1.991,0.00026,19.78,0.328,0.00,0.00,0.00,0.00,0.00,0.00,0.00,0.00,0.00,0.00,0.00,0.00,0.017
-93.77510687,42.02038786,A1/A2,TaskName 5/7/2025 (GreenStar 4 Monitor),Zidua SC & Sharpen,15,5/7/2025,1.000,On,1130.1,115.00,-3.125,7.405,10.87,6.399,269.64,19.99,19.86,0,1,103.34,5/7/2025,Good,7.943,0.0018,2.979,0.00067,0.00,0.00,0.00,3.971,0.00089,1.986,0.00045,19.73,0.566,0.00,0.00,0.00,0.00,0.00,0.00,0.00,0.00,0.00,0.00,0.00,0.00,0.029
-93.77512324,42.02038816,A1/A2,TaskName 5/7/2025 (GreenStar 4 Monitor),Zidua SC & Sharpen,16,5/7/2025,0.399,On,1130.2,115.00,-3.125,7.430,4.351,6.386,269.50,19.99,19.95,0,1,103.64,5/7/2025,Good,7.980,0.00072,2.992,0.00027,0.00,0.00,0.00,3.990,0.00036,1.995,0.00018,19.82,0.228,0.00,0.00,0.00,0.00,0.00,0.00,0.00,0.00,0.00,0.00,0.00,0.00,0.011
-93.77516348,42.02038761,A1/A2,TaskName 5/7/2025 (GreenStar 4 Monitor),Zidua SC & Sharpen,17,5/7/2025,1.005,On,1130.5,113.75,-3.750,7.500,11.06,6.361,270.19,19.99,19.97,0,1,103.42,5/7/2025,Good,7.987,0.0018,2.995,0.00068,0.00,0.00,0.00,3.994,0.00090,1.997,0.00045,19.84,0.573,0.00,0.00,0.00,0.00,0.00,0.00,0.00,0.00,0.00,0.00,0.00,0.00,0.029
-93.77517996,42.02038751,A1/A2,TaskName 5/7/2025 (GreenStar 4 Monitor),Zidua SC & Sharpen,18,5/7/2025,0.396,On,1130.5,113.75,-3.750,7.473,4.331,6.083,270.66,19.99,19.99,0,1,102.82,5/7/2025,Good,7.995,0.00071,2.998,0.00026,0.00,0.00,0.00,3.997,0.00035,1.999,0.00018,19.86,0.225,0.00,0.00,0.00,0.00,0.00,0.00,0.00,0.00,0.00,0.00,0.00,0.00,0.011
-93.77522097,42.02038760,A1/A2,TaskName 5/7/2025 (GreenStar 4 Monitor),Zidua SC & Sharpen,19,5/7/2025,0.999,On,1130.8,115.00,-3.125,7.576,11.11,6.273,271.38,19.99,20.00,0,1,105.72,5/7/2025,Good,8.002,0.0018,3.001,0.00069,0.00,0.00,0.00,4.001,0.00092,2.000,0.00046,19.87,0.583,0.00,0.00,0.00,0.00,0.00,0.00,0.00,0.00,0.00,0.00,0.00,0.00,0.029
-93.77526202,42.02038829,A1/A2,TaskName 5/7/2025 (GreenStar 4 Monitor),Zidua SC & Sharpen,20,5/7/2025,1.000,On,1130.9,115.00,-3.125,7.632,11.20,6.153,271.04,19.99,19.73,0,1,106.42,5/7/2025,Good,7.892,0.0018,2.959,0.00068,0.00,0.00,0.00,3.946,0.00091,1.973,0.00046,19.60,0.579,0.00,0.00,0.00,0.00,0.00,0.00,0.00,0.00,0.00,0.00,0.00,0.00,0.030
-93.77530357,42.02038928,A1/A2,TaskName 5/7/2025 (GreenStar 4 Monitor),Zidua SC & Sharpen,21,5/7/2025,1.000,On,1131.1,115.00,-3.125,7.622,11.18,6.175,270.09,19.99,19.64,0,1,106.24,5/7/2025,Good,7.856,0.0018,2.946,0.00068,0.00,0.00,0.00,3.928,0.00091,1.964,0.00045,19.51,0.576,0.00,0.00,0.00,0.00,0.00,0.00,0.00,0.00,0.00,0.00,0.00,0.00,0.030
-93.77534494,42.02038927,A1/A2,TaskName 5/7/2025 (GreenStar 4 Monitor),Zidua SC & Sharpen,22,5/7/2025,1.000,On,1130.9,115.00,-3.125,7.700,11.30,5.308,270.14,19.99,18.87,0,1,107.36,5/7/2025,Good,7.550,0.0018,2.831,0.00066,0.00,0.00,0.00,3.775,0.00088,1.887,0.00044,18.75,0.559,0.00,0.00,0.00,0.00,0.00,0.00,0.00,0.00,0.00,0.00,0.00,0.00,0.030
-93.77538670,42.02038930,A1/A2,TaskName 5/7/2025 (GreenStar 4 Monitor),Zidua SC & Sharpen,23,5/7/2025,1.001,On,1130.8,115.00,-3.125,7.666,11.26,5.099,270.26,19.99,18.64,0,1,106.88,5/7/2025,Good,7.455,0.0017,2.796,0.00065,0.00,0.00,0.00,3.728,0.00087,1.864,0.00043,18.52,0.550,0.00,0.00,0.00,0.00,0.00,0.00,0.00,0.00,0.00,0.00,0.00,0.00,0.030
-93.77542762,42.02038958,A1/A2,TaskName 5/7/2025 (GreenStar 4 Monitor),Zidua SC & Sharpen,24,5/7/2025,0.999,On,1130.6,113.75,-3.750,7.699,11.29,5.169,269.81,19.99,18.69,0,1,106.20,5/7/2025,Good,7.476,0.0017,2.804,0.00065,0.00,0.00,0.00,3.738,0.00086,1.869,0.00043,18.57,0.547,0.00,0.00,0.00,0.00,0.00,0.00,0.00,0.00,0.00,0.00,0.00,0.00,0.029
-93.77546127,42.02038952,A1/A2,TaskName 5/7/2025 (GreenStar 4 Monitor),Zidua SC & Sharpen,25,5/7/2025,0.801,On,1130.4,113.75,-3.750,7.659,9.001,4.964,269.63,19.99,18.94,0,1,105.63,5/7/2025,Good,7.578,0.0014,2.842,0.00052,0.00,0.00,0.00,3.789,0.00070,1.894,0.00035,18.82,0.442,0.00,0.00,0.00,0.00,0.00,0.00,0.00,0.00,0.00,0.00,0.00,0.00,0.024
-93.77550297,42.02038930,A1/A2,TaskName 5/7/2025 (GreenStar 4 Monitor),Zidua SC & Sharpen,26,5/7/2025,0.999,On,1129.9,115.00,-3.125,7.766,11.38,4.276,269.38,19.99,19.02,0,1,108.25,5/7/2025,Good,7.608,0.0018,2.853,0.00067,0.00,0.00,0.00,3.804,0.00089,1.902,0.00045,18.90,0.568,0.00,0.00,0.00,0.00,0.00,0.00,0.00,0.00,0.00,0.00,0.00,0.00,0.030
-93.77553593,42.02038906,A1/A2,TaskName 5/7/2025 (GreenStar 4 Monitor),Zidua SC & Sharpen,27,5/7/2025,0.801,On,1129.8,115.00,-3.125,7.676,9.017,4.146,269.67,19.99,19.21,0,1,106.99,5/7/2025,Good,7.684,0.0014,2.882,0.00054,0.00,0.00,0.00,3.842,0.00071,1.921,0.00036,19.09,0.454,0.00,0.00,0.00,0.00,0.00,0.00,0.00,0.00,0.00,0.00,0.00,0.00,0.024
-93.77556944,42.02038889,A1/A2,TaskName 5/7/2025 (GreenStar 4 Monitor),Zidua SC & Sharpen,28,5/7/2025,0.805,On,1129.4,113.75,-3.750,7.689,9.083,3.973,270.28,19.99,19.32,0,1,106.07,5/7/2025,Good,7.727,0.0014,2.898,0.00054,0.00,0.00,0.00,3.864,0.00072,1.932,0.00036,19.19,0.455,0.00,0.00,0.00,0.00,0.00,0.00,0.00,0.00,0.00,0.00,0.00,0.00,0.024
-93.77561088,42.02038875,A1/A2,TaskName 5/7/2025 (GreenStar 4 Monitor),Zidua SC & Sharpen,29,5/7/2025,0.995,On,1129.0,115.00,-3.125,7.706,11.24,4.565,270.87,19.99,19.51,0,1,107.33,5/7/2025,Good,7.803,0.0018,2.926,0.00068,0.00,0.00,0.00,3.902,0.00090,1.951,0.00045,19.38,0.575,0.00,0.00,0.00,0.00,0.00,0.00,0.00,0.00,0.00,0.00,0.00,0.00,0.030
-93.77565211,42.02038937,A1/A2,TaskName 5/7/2025 (GreenStar 4 Monitor),Zidua SC & Sharpen,30,5/7/2025,1.004,On,1128.7,115.00,-3.125,7.685,11.33,4.817,270.97,19.99,19.66,0,1,107.24,5/7/2025,Good,7.863,0.0018,2.949,0.00069,0.00,0.00,0.00,3.932,0.00092,1.966,0.00046,19.53,0.584,0.00,0.00,0.00,0.00,0.00,0.00,0.00,0.00,0.00,0.00,0.00,0.00,0.030
-93.77568520,42.02039004,A1/A2,TaskName 5/7/2025 (GreenStar 4 Monitor),Zidua SC & Sharpen,31,5/7/2025,0.795,On,1128.6,113.75,-3.750,7.609,8.873,4.936,270.97,19.99,19.78,0,1,104.92,5/7/2025,Good,7.912,0.0014,2.967,0.00054,0.00,0.00,0.00,3.956,0.00072,1.978,0.00036,19.65,0.455,0.00,0.00,0.00,0.00,0.00,0.00,0.00,0.00,0.00,0.00,0.00,0.00,0.023
-93.77572627,42.02039059,A1/A2,TaskName 5/7/2025 (GreenStar 4 Monitor),Zidua SC & Sharpen,32,5/7/2025,1.001,On,1128.4,112.50,-4.375,7.679,11.27,4.644,271.60,19.99,19.81,0,1,104.64,5/7/2025,Good,7.926,0.0018,2.972,0.00068,0.00,0.00,0.00,3.963,0.00090,1.981,0.00045,19.69,0.573,0.00,0.00,0.00,0.00,0.00,0.00,0.00,0.00,0.00,0.00,0.00,0.00,0.029
-93.77576719,42.02039125,A1/A2,TaskName 5/7/2025 (GreenStar 4 Monitor),Zidua SC & Sharpen,33,5/7/2025,0.999,On,1128.2,112.50,-4.375,7.560,11.09,5.386,272.20,19.99,19.86,0,1,103.21,5/7/2025,Good,7.945,0.0018,2.979,0.00067,0.00,0.00,0.00,3.972,0.00089,1.986,0.00044,19.73,0.565,0.00,0.00,0.00,0.00,0.00,0.00,0.00,0.00,0.00,0.00,0.00,0.00,0.029
-93.77580841,42.02039250,A1/A2,TaskName 5/7/2025 (GreenStar 4 Monitor),Zidua SC & Sharpen,34,5/7/2025,1.001,On,1128.0,112.50,-4.375,7.616,11.17,4.702,271.95,19.99,19.88,0,1,103.75,5/7/2025,Good,7.951,0.0018,2.982,0.00067,0.00,0.00,0.00,3.976,0.00090,1.988,0.00045,19.75,0.570,0.00,0.00,0.00,0.00,0.00,0.00,0.00,0.00,0.00,0.00,0.00,0.00,0.029
-93.77584898,42.02039363,A1/A2,TaskName 5/7/2025 (GreenStar 4 Monitor),Zidua SC & Sharpen,35,5/7/2025,0.999,On,1128.0,112.50,-4.375,7.612,11.16,4.506,271.28,19.99,19.94,0,1,103.88,5/7/2025,Good,7.977,0.0018,2.991,0.00067,0.00,0.00,0.00,3.988,0.00090,1.994,0.00045,19.81,0.571,0.00,0.00,0.00,0.00,0.00,0.00,0.00,0.00,0.00,0.00,0.00,0.00,0.029
-93.77587366,42.02039418,A1/A2,TaskName 5/7/2025 (GreenStar 4 Monitor),Zidua SC & Sharpen,36,5/7/2025,0.596,On,1127.9,112.50,-4.375,7.558,6.603,4.595,271.27,19.99,19.76,0,1,103.01,5/7/2025,Good,7.904,0.0011,2.964,0.00039,0.00,0.00,0.00,3.952,0.00053,1.976,0.00026,19.63,0.335,0.00,0.00,0.00,0.00,0.00,0.00,0.00,0.00,0.00,0.00,0.00,0.00,0.017
-93.77591490,42.02039476,A1/A2,TaskName 5/7/2025 (GreenStar 4 Monitor),Zidua SC & Sharpen,37,5/7/2025,1.005,On,1127.7,111.25,-5.000,7.593,11.19,4.370,271.25,19.99,19.78,0,1,102.41,5/7/2025,Good,7.914,0.0018,2.968,0.00066,0.00,0.00,0.00,3.957,0.00088,1.978,0.00044,19.66,0.562,0.00,0.00,0.00,0.00,0.00,0.00,0.00,0.00,0.00,0.00,0.00,0.00,0.029
-93.77595536,42.02039549,A1/A2,TaskName 5/7/2025 (GreenStar 4 Monitor),Zidua SC & Sharpen,38,5/7/2025,1.000,On,1127.7,111.25,-5.000,7.622,11.16,4.440,270.89,19.99,19.86,0,1,102.62,5/7/2025,Good,7.945,0.0018,2.979,0.00066,0.00,0.00,0.00,3.973,0.00088,1.986,0.00044,19.73,0.563,0.00,0.00,0.00,0.00,0.00,0.00,0.00,0.00,0.00,0.00,0.00,0.00,0.029
-93.77599686,42.02039606,A1/A2,TaskName 5/7/2025 (GreenStar 4 Monitor),Zidua SC & Sharpen,39,5/7/2025,0.995,On,1127.4,111.25,-5.000,7.570,11.06,4.522,270.77,19.99,19.87,0,1,102.17,5/7/2025,Good,7.949,0.0018,2.981,0.00066,0.00,0.00,0.00,3.975,0.00088,1.987,0.00044,19.74,0.558,0.00,0.00,0.00,0.00,0.00,0.00,0.00,0.00,0.00,0.00,0.00,0.00,0.028
-93.77603782,42.02039629,A1/A2,TaskName 5/7/2025 (GreenStar 4 Monitor),Zidua SC & Sharpen,40,5/7/2025,1.004,On,1127.5,110.00,-5.625,7.631,11.23,4.426,271.21,19.99,19.86,0,1,101.72,5/7/2025,Good,7.944,0.0018,2.979,0.00066,0.00,0.00,0.00,3.972,0.00088,1.986,0.00044,19.73,0.560,0.00,0.00,0.00,0.00,0.00,0.00,0.00,0.00,0.00,0.00,0.00,0.00,0.028
-93.77607911,42.02039679,A1/A2,TaskName 5/7/2025 (GreenStar 4 Monitor),Zidua SC & Sharpen,41,5/7/2025,1.001,On,1127.2,110.00,-5.625,7.642,11.22,4.346,271.42,19.99,19.87,0,1,101.87,5/7/2025,Good,7.948,0.0018,2.980,0.00066,0.00,0.00,0.00,3.974,0.00088,1.987,0.00044,19.74,0.559,0.00,0.00,0.00,0.00,0.00,0.00,0.00,0.00,0.00,0.00,0.00,0.00,0.028
-93.77612003,42.02039759,A1/A2,TaskName 5/7/2025 (GreenStar 4 Monitor),Zidua SC & Sharpen,42,5/7/2025,0.999,On,1127.2,110.00,-5.625,7.568,11.09,4.637,271.62,19.99,19.91,0,1,100.88,5/7/2025,Good,7.965,0.0017,2.987,0.00065,0.00,0.00,0.00,3.982,0.00087,1.991,0.00044,19.78,0.554,0.00,0.00,0.00,0.00,0.00,0.00,0.00,0.00,0.00,0.00,0.00,0.00,0.028
-93.77616104,42.02039829,A1/A2,TaskName 5/7/2025 (GreenStar 4 Monitor),Zidua SC & Sharpen,43,5/7/2025,1.000,On,1127.0,110.00,-5.625,7.624,11.18,3.658,272.42,19.99,19.89,0,1,101.65,5/7/2025,Good,7.955,0.0018,2.983,0.00066,0.00,0.00,0.00,3.977,0.00088,1.989,0.00044,19.76,0.558,0.00,0.00,0.00,0.00,0.00,0.00,0.00,0.00,0.00,0.00,0.00,0.00,0.028
-93.77616897,42.02039846,A1/A2,TaskName 5/7/2025 (GreenStar 4 Monitor),Zidua SC & Sharpen,44,5/7/2025,0.201,On,1127.0,110.00,-5.625,7.581,2.235,3.850,272.57,19.99,19.92,0,1,101.08,5/7/2025,Good,7.967,0.00035,2.988,0.00013,0.00,0.00,0.00,3.983,0.00018,1.992,8.782e-05,19.79,0.112,0.00,0.00,0.00,0.00,0.00,0.00,0.00,0.00,0.00,0.00,0.00,0.00,0.0056
-93.77620837,42.02039975,A1/A2,TaskName 5/7/2025 (GreenStar 4 Monitor),Zidua SC & Sharpen,45,5/7/2025,0.999,On,1126.9,108.75,-6.250,7.427,10.87,4.066,272.51,19.99,20.01,0,1,97.82,5/7/2025,Good,8.003,0.0017,3.001,0.00064,0.00,0.00,0.00,4.001,0.00085,2.001,0.00042,19.88,0.540,0.00,0.00,0.00,0.00,0.00,0.00,0.00,0.00,0.00,0.00,0.00,0.00,0.027
-93.77624760,42.02040114,A1/A2,TaskName 5/7/2025 (GreenStar 4 Monitor),Zidua SC & Sharpen,46,5/7/2025,1.000,On,1126.7,108.75,-6.250,7.274,10.67,4.727,272.19,19.99,20.17,0,1,95.86,5/7/2025,Good,8.066,0.0017,3.025,0.00063,0.00,0.00,0.00,4.033,0.00084,2.017,0.00042,20.03,0.533,0.00,0.00,0.00,0.00,0.00,0.00,0.00,0.00,0.00,0.00,0.00,0.00,0.027
-93.77628578,42.02040218,A1/A2,TaskName 5/7/2025 (GreenStar 4 Monitor),Zidua SC & Sharpen,47,5/7/2025,0.995,On,1126.6,108.75,-6.250,7.199,10.50,4.150,271.91,19.99,20.06,0,1,94.83,5/7/2025,Good,8.026,0.0016,3.010,0.00062,0.00,0.00,0.00,4.013,0.00082,2.006,0.00041,19.93,0.522,0.00,0.00,0.00,0.00,0.00,0.00,0.00,0.00,0.00,0.00,0.00,0.00,0.026
-93.77630036,42.02040282,A1/A2,TaskName 5/7/2025 (GreenStar 4 Monitor),Zidua SC & Sharpen,48,5/7/2025,0.400,On,1126.4,108.75,-6.250,7.054,4.135,2.682,271.35,19.99,20.01,0,1,92.91,5/7/2025,Good,8.005,0.00065,3.002,0.00024,0.00,0.00,0.00,4.003,0.00032,2.001,0.00016,19.88,0.205,0.00,0.00,0.00,0.00,0.00,0.00,0.00,0.00,0.00,0.00,0.00,0.00,0.010
-93.77630719,42.02040315,A1/A2,TaskName 5/7/2025 (GreenStar 4 Monitor),Zidua SC & Sharpen,49,5/7/2025,0.206,On,1126.5,107.50,-6.875,6.908,2.077,2.186,271.18,19.99,19.91,0,1,89.59,5/7/2025,Good,7.962,0.00032,2.986,0.00012,0.00,0.00,0.00,3.981,0.00016,1.991,7.973e-05,19.78,0.101,0.00,0.00,0.00,0.00,0.00,0.00,0.00,0.00,0.00,0.00,0.00,0.00,0.0051
-93.77632575,42.02052573,A1/A2,TaskName 5/7/2025 (GreenStar 4 Monitor),Zidua SC & Sharpen,50,5/7/2025,0.405,On,1126.8,56.25,20.14,1.785,1.032,7.272,177.62,19.99,27.67,0,2,11.84,5/7/2025,Over Target,11.07,0.00012,4.151,4.321e-05,0.00,0.00,0.00,5.535,5.761e-05,2.767,2.881e-05,27.49,0.037,0.00,0.00,0.00,0.00,0.00,0.00,0.00,0.00,0.00,0.00,0.00,0.00,0.0013
-93.77632530,42.02052205,A1/A2,TaskName 5/7/2025 (GreenStar 4 Monitor),Zidua SC & Sharpen,51,5/7/2025,0.195,On,1126.8,60.00,22.08,2.657,0.760,5.356,177.93,19.99,23.55,0,2,19.33,5/7/2025,Over Target,9.421,7.708e-05,3.533,2.890e-05,0.00,0.00,0.00,4.710,3.854e-05,2.355,1.927e-05,23.40,0.025,0.00,0.00,0.00,0.00,0.00,0.00,0.00,0.00,0.00,0.00,0.00,0.00,0.0010
-93.77632503,42.02051467,A1/A2,TaskName 5/7/2025 (GreenStar 4 Monitor),Zidua SC & Sharpen,52,5/7/2025,0.401,On,1126.8,57.50,24.37,3.513,2.059,4.360,178.09,19.99,21.75,0,2,24.40,5/7/2025,Good,8.698,0.00018,3.262,6.925e-05,0.00,0.00,0.00,4.349,9.233e-05,2.175,4.617e-05,21.60,0.059,0.00,0.00,0.00,0.00,0.00,0.00,0.00,0.00,0.00,0.00,0.00,0.00,0.0027
-93.77632486,42.02051093,A1/A2,TaskName 5/7/2025 (GreenStar 4 Monitor),Zidua SC & Sharpen,53,5/7/2025,0.200,On,1126.7,58.75,25.00,4.069,1.193,4.114,178.13,19.99,20.41,0,2,28.97,5/7/2025,Good,8.163,0.00010,3.061,3.849e-05,0.00,0.00,0.00,4.082,5.133e-05,2.041,2.566e-05,20.28,0.033,0.00,0.00,0.00,0.00,0.00,0.00,0.00,0.00,0.00,0.00,0.00,0.00,0.0016
-93.77632428,42.02050323,A1/A2,TaskName 5/7/2025 (GreenStar 4 Monitor),Zidua SC & Sharpen,54,5/7/2025,0.404,On,1126.7,57.50,25.62,4.382,2.597,4.333,178.66,19.99,20.45,0,2,30.54,5/7/2025,Good,8.179,0.00022,3.067,8.214e-05,0.00,0.00,0.00,4.090,0.00011,2.045,5.476e-05,20.31,0.070,0.00,0.00,0.00,0.00,0.00,0.00,0.00,0.00,0.00,0.00,0.00,0.00,0.0034
-93.77632333,42.02048739,A1/A2,TaskName 5/7/2025 (GreenStar 4 Monitor),Zidua SC & Sharpen,55,5/7/2025,0.796,On,1126.8,58.75,26.25,4.761,5.558,4.712,179.64,19.99,20.39,0,2,33.90,5/7/2025,Good,8.156,0.00048,3.059,0.00018,0.00,0.00,0.00,4.078,0.00024,2.039,0.00012,20.26,0.152,0.00,0.00,0.00,0.00,0.00,0.00,0.00,0.00,0.00,0.00,0.00,0.00,0.0075
-93.77632288,42.02047019,A1/A2,TaskName 5/7/2025 (GreenStar 4 Monitor),Zidua SC & Sharpen,56,5/7/2025,0.800,On,1126.8,57.50,25.62,4.933,5.781,7.109,180.14,19.99,20.30,0,2,34.34,5/7/2025,Good,8.120,0.00048,3.045,0.00018,0.00,0.00,0.00,4.060,0.00024,2.030,0.00012,20.17,0.154,0.00,0.00,0.00,0.00,0.00,0.00,0.00,0.00,0.00,0.00,0.00,0.00,0.0076
-93.77632322,42.02044513,A1/A2,TaskName 5/7/2025 (GreenStar 4 Monitor),Zidua SC & Sharpen,57,5/7/2025,1.005,On,1126.8,56.25,25.00,5.768,8.487,5.690,179.65,19.99,20.06,0,2,39.26,5/7/2025,Good,8.024,0.00069,3.009,0.00026,0.00,0.00,0.00,4.012,0.00034,2.006,0.00017,19.93,0.218,0.00,0.00,0.00,0.00,0.00,0.00,0.00,0.00,0.00,0.00,0.00,0.00,0.011
-93.77632334,42.02043486,A1/A2,TaskName 5/7/2025 (GreenStar 4 Monitor),Zidua SC & Sharpen,58,5/7/2025,0.395,On,1126.8,56.25,25.00,6.219,3.614,6.064,179.47,19.99,19.94,0,2,42.53,5/7/2025,Good,7.975,0.00029,2.991,0.00011,0.00,0.00,0.00,3.988,0.00015,1.994,7.269e-05,19.81,0.092,0.00,0.00,0.00,0.00,0.00,0.00,0.00,0.00,0.00,0.00,0.00,0.00,0.0047
-93.77632300,42.02041358,A1/A2,TaskName 5/7/2025 (GreenStar 4 Monitor),Zidua SC & Sharpen,59,5/7/2025,0.799,On,1126.9,55.00,24.37,6.423,7.533,6.158,179.86,19.99,20.04,0,2,42.86,5/7/2025,Good,8.017,0.00060,3.006,0.00022,0.00,0.00,0.00,4.009,0.00030,2.004,0.00015,19.91,0.189,0.00,0.00,0.00,0.00,0.00,0.00,0.00,0.00,0.00,0.00,0.00,0.00,0.0095
-93.77632281,42.02038602,A1/A2,TaskName 5/7/2025 (GreenStar 4 Monitor),Zidua SC & Sharpen,60,5/7/2025,1.001,On,1127.0,53.75,25.00,6.729,9.878,5.512,180.13,19.99,19.93,0,2,43.84,5/7/2025,Good,7.973,0.00076,2.990,0.00028,0.00,0.00,0.00,3.986,0.00038,1.993,0.00019,19.80,0.241,0.00,0.00,0.00,0.00,0.00,0.00,0.00,0.00,0.00,0.00,0.00,0.00,0.012
-93.77632329,42.02035814,A1/A2,TaskName 5/7/2025 (GreenStar 4 Monitor),Zidua SC & Sharpen,61,5/7/2025,0.999,On,1127.1,53.75,25.00,6.853,10.05,6.265,179.62,19.99,19.96,0,2,44.68,5/7/2025,Good,7.983,0.00077,2.994,0.00029,0.00,0.00,0.00,3.991,0.00039,1.996,0.00019,19.83,0.246,0.00,0.00,0.00,0.00,0.00,0.00,0.00,0.00,0.00,0.00,0.00,0.00,0.012
-93.77632332,42.02032974,A1/A2,TaskName 5/7/2025 (GreenStar 4 Monitor),Zidua SC & Sharpen,62,5/7/2025,1.000,On,1127.1,53.75,25.00,7.017,10.29,5.647,179.39,19.99,19.94,0,2,45.73,5/7/2025,Good,7.974,0.00079,2.990,0.00030,0.00,0.00,0.00,3.987,0.00040,1.994,0.00020,19.81,0.252,0.00,0.00,0.00,0.00,0.00,0.00,0.00,0.00,0.00,0.00,0.00,0.00,0.013
-93.77632268,42.02030115,A1/A2,TaskName 5/7/2025 (GreenStar 4 Monitor),Zidua SC & Sharpen,63,5/7/2025,1.000,On,1127.2,53.75,25.00,7.042,10.34,5.923,179.98,19.99,19.98,0,2,45.92,5/7/2025,Good,7.991,0.00080,2.996,0.00030,0.00,0.00,0.00,3.995,0.00040,1.998,0.00020,19.85,0.253,0.00,0.00,0.00,0.00,0.00,0.00,0.00,0.00,0.00,0.00,0.00,0.00,0.013
-93.77632262,42.02027091,A1/A2,TaskName 5/7/2025 (GreenStar 4 Monitor),Zidua SC & Sharpen,64,5/7/2025,1.000,On,1127.2,53.75,25.00,7.259,10.65,7.356,179.89,19.99,20.02,0,2,47.32,5/7/2025,Good,8.007,0.00082,3.002,0.00031,0.00,0.00,0.00,4.003,0.00041,2.002,0.00021,19.89,0.261,0.00,0.00,0.00,0.00,0.00,0.00,0.00,0.00,0.00,0.00,0.00,0.00,0.013
-93.77632265,42.02024428,A1/A2,TaskName 5/7/2025 (GreenStar 4 Monitor),Zidua SC & Sharpen,65,5/7/2025,0.800,On,1127.3,53.75,25.00,7.768,9.111,9.525,179.79,19.99,19.91,0,2,50.59,5/7/2025,Good,7.963,0.00070,2.986,0.00026,0.00,0.00,0.00,3.982,0.00035,1.991,0.00017,19.78,0.222,0.00,0.00,0.00,0.00,0.00,0.00,0.00,0.00,0.00,0.00,0.00,0.00,0.011
-93.77632259,42.02023726,A1/A2,TaskName 5/7/2025 (GreenStar 4 Monitor),Zidua SC & Sharpen,66,5/7/2025,0.200,On,1127.3,73.75,15.00,8.248,2.421,8.909,179.77,19.99,18.99,0,2,73.77,5/7/2025,Good,7.595,0.00024,2.848,9.118e-05,0.00,0.00,0.00,3.797,0.00012,1.899,6.079e-05,18.86,0.077,0.00,0.00,0.00,0.00,0.00,0.00,0.00,0.00,0.00,0.00,0.00,0.00,0.0041
-93.77632219,42.02020785,A1/A2,TaskName 5/7/2025 (GreenStar 4 Monitor),Zidua SC & Sharpen,67,5/7/2025,0.800,On,1127.3,112.50,-4.375,8.713,10.22,7.461,180.09,19.99,19.38,0,2,118.78,5/7/2025,Good,7.752,0.0016,2.907,0.00060,0.00,0.00,0.00,3.876,0.00080,1.938,0.00040,19.25,0.508,0.00,0.00,0.00,0.00,0.00,0.00,0.00,0.00,0.00,0.00,0.00,0.00,0.026
-93.77632218,42.02017706,A1/A2,TaskName 5/7/2025 (GreenStar 4 Monitor),Zidua SC & Sharpen,68,5/7/2025,0.801,On,1127.3,113.75,-3.750,9.254,10.86,7.380,180.20,19.99,19.46,0,2,127.49,5/7/2025,Good,7.785,0.0017,2.919,0.00065,0.00,0.00,0.00,3.893,0.00086,1.946,0.00043,19.34,0.549,0.00,0.00,0.00,0.00,0.00,0.00,0.00,0.00,0.00,0.00,0.00,0.00,0.028
-93.77632238,42.02013770,A1/A2,TaskName 5/7/2025 (GreenStar 4 Monitor),Zidua SC & Sharpen,69,5/7/2025,1.000,On,1127.4,112.50,-4.375,9.652,14.18,6.527,180.20,19.99,19.50,0,2,131.80,5/7/2025,Good,7.798,0.0022,2.924,0.00084,0.00,0.00,0.00,3.899,0.0011,1.950,0.00056,19.37,0.709,0.00,0.00,0.00,0.00,0.00,0.00,0.00,0.00,0.00,0.00,0.00,0.00,0.037
-93.77632244,42.02012189,A1/A2,TaskName 5/7/2025 (GreenStar 4 Monitor),Zidua SC & Sharpen,70,5/7/2025,0.399,On,1127.4,112.50,-4.375,9.770,5.720,6.667,180.20,19.99,19.67,0,2,133.29,5/7/2025,Good,7.866,0.00091,2.950,0.00034,0.00,0.00,0.00,3.933,0.00045,1.967,0.00023,19.54,0.289,0.00,0.00,0.00,0.00,0.00,0.00,0.00,0.00,0.00,0.00,0.00,0.00,0.015
-93.77632254,42.02008163,A1/A2,TaskName 5/7/2025 (GreenStar 4 Monitor),Zidua SC & Sharpen,71,5/7/2025,1.000,On,1127.4,111.25,-5.000,9.851,14.46,7.132,180.07,19.99,19.84,0,2,132.93,5/7/2025,Good,7.935,0.0023,2.976,0.00086,0.00,0.00,0.00,3.968,0.0011,1.984,0.00057,19.71,0.728,0.00,0.00,0.00,0.00,0.00,0.00,0.00,0.00,0.00,0.00,0.00,0.00,0.037
-93.77632287,42.02004054,A1/A2,TaskName 5/7/2025 (GreenStar 4 Monitor),Zidua SC & Sharpen,72,5/7/2025,1.000,On,1127.4,111.25,-5.000,10.12,14.85,6.550,179.58,19.99,19.85,0,2,136.49,5/7/2025,Good,7.939,0.0024,2.977,0.00088,0.00,0.00,0.00,3.970,0.0012,1.985,0.00059,19.72,0.748,0.00,0.00,0.00,0.00,0.00,0.00,0.00,0.00,0.00,0.00,0.00,0.00,0.038
-93.77632268,42.02003219,A1/A2,TaskName 5/7/2025 (GreenStar 4 Monitor),Zidua SC & Sharpen,73,5/7/2025,0.200,On,1127.4,111.25,-5.000,10.22,2.998,6.281,179.61,19.99,19.65,0,2,137.82,5/7/2025,Good,7.860,0.00047,2.947,0.00018,0.00,0.00,0.00,3.930,0.00024,1.965,0.00012,19.52,0.149,0.00,0.00,0.00,0.00,0.00,0.00,0.00,0.00,0.00,0.00,0.00,0.00,0.0077
-93.77632198,42.01999126,A1/A2,TaskName 5/7/2025 (GreenStar 4 Monitor),Zidua SC & Sharpen,74,5/7/2025,1.000,On,1127.4,112.50,-4.375,10.24,15.03,6.560,180.05,19.99,19.60,0,2,139.73,5/7/2025,Good,7.838,0.0024,2.939,0.00089,0.00,0.00,0.00,3.919,0.0012,1.960,0.00059,19.47,0.756,0.00,0.00,0.00,0.00,0.00,0.00,0.00,0.00,0.00,0.00,0.00,0.00,0.039
-93.77632156,42.01995871,A1/A2,TaskName 5/7/2025 (GreenStar 4 Monitor),Zidua SC & Sharpen,75,5/7/2025,0.800,On,1127.4,112.50,-4.375,10.11,11.87,7.004,180.77,19.99,19.69,0,2,137.96,5/7/2025,Good,7.878,0.0019,2.954,0.00071,0.00,0.00,0.00,3.939,0.00094,1.969,0.00047,19.57,0.600,0.00,0.00,0.00,0.00,0.00,0.00,0.00,0.00,0.00,0.00,0.00,0.00,0.031
-93.77632215,42.01991792,A1/A2,TaskName 5/7/2025 (GreenStar 4 Monitor),Zidua SC & Sharpen,76,5/7/2025,1.000,On,1127.5,111.25,-5.000,10.13,14.87,7.244,180.56,19.99,19.85,0,2,136.70,5/7/2025,Good,7.939,0.0024,2.977,0.00088,0.00,0.00,0.00,3.970,0.0012,1.985,0.00059,19.72,0.749,0.00,0.00,0.00,0.00,0.00,0.00,0.00,0.00,0.00,0.00,0.00,0.00,0.038
-93.77632284,42.01987712,A1/A2,TaskName 5/7/2025 (GreenStar 4 Monitor),Zidua SC & Sharpen,77,5/7/2025,0.995,On,1127.5,111.25,-5.000,10.13,14.79,7.372,179.66,19.99,19.90,0,2,136.66,5/7/2025,Good,7.960,0.0023,2.985,0.00088,0.00,0.00,0.00,3.980,0.0012,1.990,0.00059,19.77,0.747,0.00,0.00,0.00,0.00,0.00,0.00,0.00,0.00,0.00,0.00,0.00,0.00,0.038
-93.77632241,42.01983532,A1/A2,TaskName 5/7/2025 (GreenStar 4 Monitor),Zidua SC & Sharpen,78,5/7/2025,1.005,On,1127.4,111.25,-5.000,10.22,15.07,7.489,180.05,19.99,19.94,0,2,137.82,5/7/2025,Good,7.975,0.0024,2.991,0.00090,0.00,0.00,0.00,3.987,0.0012,1.994,0.00060,19.81,0.762,0.00,0.00,0.00,0.00,0.00,0.00,0.00,0.00,0.00,0.00,0.00,0.00,0.038
-93.77632220,42.01981843,A1/A2,TaskName 5/7/2025 (GreenStar 4 Monitor),Zidua SC & Sharpen,79,5/7/2025,0.400,On,1127.5,111.25,-5.000,10.44,6.124,7.238,180.32,19.99,19.69,0,2,140.76,5/7/2025,Good,7.875,0.00096,2.953,0.00036,0.00,0.00,0.00,3.937,0.00048,1.969,0.00024,19.56,0.306,0.00,0.00,0.00,0.00,0.00,0.00,0.00,0.00,0.00,0.00,0.00,0.00,0.016
-93.77632224,42.01977594,A1/A2,TaskName 5/7/2025 (GreenStar 4 Monitor),Zidua SC & Sharpen,80,5/7/2025,0.995,On,1127.4,110.00,-5.625,10.52,15.35,6.603,180.49,19.99,19.82,0,2,140.28,5/7/2025,Good,7.926,0.0024,2.972,0.00090,0.00,0.00,0.00,3.963,0.0012,1.982,0.00060,19.69,0.763,0.00,0.00,0.00,0.00,0.00,0.00,0.00,0.00,0.00,0.00,0.00,0.00,0.039
-93.77632250,42.01975876,A1/A2,TaskName 5/7/2025 (GreenStar 4 Monitor),Zidua SC & Sharpen,81,5/7/2025,0.405,On,1127.4,110.00,-5.625,10.58,6.288,5.525,180.20,19.99,19.70,0,2,141.14,5/7/2025,Good,7.881,0.00098,2.955,0.00037,0.00,0.00,0.00,3.941,0.00049,1.970,0.00024,19.58,0.311,0.00,0.00,0.00,0.00,0.00,0.00,0.00,0.00,0.00,0.00,0.00,0.00,0.016
-93.77632262,42.01971633,A1/A2,TaskName 5/7/2025 (GreenStar 4 Monitor),Zidua SC & Sharpen,82,5/7/2025,1.000,On,1127.2,108.75,-6.250,10.57,15.51,5.329,180.05,19.99,19.72,0,2,139.44,5/7/2025,Good,7.888,0.0024,2.958,0.00090,0.00,0.00,0.00,3.944,0.0012,1.972,0.00060,19.59,0.759,0.00,0.00,0.00,0.00,0.00,0.00,0.00,0.00,0.00,0.00,0.00,0.00,0.039
-93.77632273,42.01967423,A1/A2,TaskName 5/7/2025 (GreenStar 4 Monitor),Zidua SC & Sharpen,83,5/7/2025,1.000,On,1127.2,108.75,-6.250,10.49,15.39,6.418,179.76,19.99,19.81,0,2,138.35,5/7/2025,Good,7.924,0.0024,2.972,0.00089,0.00,0.00,0.00,3.962,0.0012,1.981,0.00059,19.68,0.756,0.00,0.00,0.00,0.00,0.00,0.00,0.00,0.00,0.00,0.00,0.00,0.00,0.038
-93.77632225,42.01963239,A1/A2,TaskName 5/7/2025 (GreenStar 4 Monitor),Zidua SC & Sharpen,84,5/7/2025,0.995,On,1127.1,108.75,-6.250,10.42,15.21,7.019,180.31,19.99,19.84,0,2,137.35,5/7/2025,Good,7.935,0.0024,2.976,0.00088,0.00,0.00,0.00,3.967,0.0012,1.984,0.00059,19.71,0.748,0.00,0.00,0.00,0.00,0.00,0.00,0.00,0.00,0.00,0.00,0.00,0.00,0.038
-93.77632270,42.01959023,A1/A2,TaskName 5/7/2025 (GreenStar 4 Monitor),Zidua SC & Sharpen,85,5/7/2025,1.005,On,1126.9,108.75,-6.250,10.45,15.41,6.449,180.27,19.99,19.92,0,2,137.78,5/7/2025,Good,7.969,0.0024,2.988,0.00090,0.00,0.00,0.00,3.985,0.0012,1.992,0.00060,19.79,0.761,0.00,0.00,0.00,0.00,0.00,0.00,0.00,0.00,0.00,0.00,0.00,0.00,0.038
-93.77632332,42.01954779,A1/A2,TaskName 5/7/2025 (GreenStar 4 Monitor),Zidua SC & Sharpen,86,5/7/2025,1.000,On,1126.9,108.75,-6.250,10.55,15.48,6.084,179.26,19.99,19.80,0,2,139.14,5/7/2025,Good,7.919,0.0024,2.970,0.00090,0.00,0.00,0.00,3.959,0.0012,1.980,0.00060,19.67,0.760,0.00,0.00,0.00,0.00,0.00,0.00,0.00,0.00,0.00,0.00,0.00,0.00,0.039
-93.77632233,42.01950580,A1/A2,TaskName 5/7/2025 (GreenStar 4 Monitor),Zidua SC & Sharpen,87,5/7/2025,0.995,On,1126.8,108.75,-6.250,10.46,15.27,6.681,180.04,19.99,19.96,0,2,137.92,5/7/2025,Good,7.985,0.0024,2.994,0.00089,0.00,0.00,0.00,3.992,0.0012,1.996,0.00059,19.83,0.756,0.00,0.00,0.00,0.00,0.00,0.00,0.00,0.00,0.00,0.00,0.00,0.00,0.038
-93.77632234,42.01949747,A1/A2,TaskName 5/7/2025 (GreenStar 4 Monitor),Zidua SC & Sharpen,88,5/7/2025,0.205,On,1126.7,108.75,-6.250,10.44,3.139,6.769,180.25,19.99,19.87,0,2,137.62,5/7/2025,Good,7.950,0.00049,2.981,0.00018,0.00,0.00,0.00,3.975,0.00024,1.987,0.00012,19.74,0.155,0.00,0.00,0.00,0.00,0.00,0.00,0.00,0.00,0.00,0.00,0.00,0.00,0.0078
-93.77632224,42.01945524,A1/A2,TaskName 5/7/2025 (GreenStar 4 Monitor),Zidua SC & Sharpen,89,5/7/2025,1.000,On,1126.7,110.00,-5.625,10.44,15.32,6.391,180.73,19.99,19.94,0,2,139.25,5/7/2025,Good,7.978,0.0024,2.992,0.00090,0.00,0.00,0.00,3.989,0.0012,1.994,0.00060,19.82,0.766,0.00,0.00,0.00,0.00,0.00,0.00,0.00,0.00,0.00,0.00,0.00,0.00,0.039
-93.77632249,42.01944668,A1/A2,TaskName 5/7/2025 (GreenStar 4 Monitor),Zidua SC & Sharpen,90,5/7/2025,0.196,On,1126.6,108.75,-6.250,10.51,3.021,5.534,180.50,19.99,20.02,0,2,138.52,5/7/2025,Good,8.009,0.00047,3.004,0.00018,0.00,0.00,0.00,4.005,0.00024,2.002,0.00012,19.89,0.150,0.00,0.00,0.00,0.00,0.00,0.00,0.00,0.00,0.00,0.00,0.00,0.00,0.0075
-93.77632340,42.01940442,A1/A2,TaskName 5/7/2025 (GreenStar 4 Monitor),Zidua SC & Sharpen,91,5/7/2025,1.004,On,1126.6,107.50,-6.875,10.54,15.52,5.551,179.38,19.99,19.95,0,2,137.35,5/7/2025,Good,7.978,0.0024,2.992,0.00090,0.00,0.00,0.00,3.989,0.0012,1.995,0.00060,19.82,0.759,0.00,0.00,0.00,0.00,0.00,0.00,0.00,0.00,0.00,0.00,0.00,0.00,0.038
-93.77632264,42.01936229,A1/A2,TaskName 5/7/2025 (GreenStar 4 Monitor),Zidua SC & Sharpen,92,5/7/2025,1.005,On,1126.4,107.50,-6.875,10.49,15.45,5.868,179.86,19.99,20.08,0,2,136.61,5/7/2025,Good,8.032,0.0024,3.012,0.00090,0.00,0.00,0.00,4.016,0.0012,2.008,0.00060,19.95,0.761,0.00,0.00,0.00,0.00,0.00,0.00,0.00,0.00,0.00,0.00,0.00,0.00,0.038
-93.77632241,42.01932035,A1/A2,TaskName 5/7/2025 (GreenStar 4 Monitor),Zidua SC & Sharpen,93,5/7/2025,0.990,On,1126.3,107.50,-6.875,10.42,15.13,6.632,180.71,19.99,19.86,0,2,135.73,5/7/2025,Good,7.944,0.0023,2.979,0.00087,0.00,0.00,0.00,3.972,0.0012,1.986,0.00058,19.73,0.737,0.00,0.00,0.00,0.00,0.00,0.00,0.00,0.00,0.00,0.00,0.00,0.00,0.037
-93.77632260,42.01929503,A1/A2,TaskName 5/7/2025 (GreenStar 4 Monitor),Zidua SC & Sharpen,94,5/7/2025,0.600,On,1126.3,107.50,-6.875,10.44,9.182,6.476,180.51,19.99,20.07,0,2,135.96,5/7/2025,Good,8.030,0.0014,3.011,0.00053,0.00,0.00,0.00,4.015,0.00071,2.007,0.00036,19.94,0.452,0.00,0.00,0.00,0.00,0.00,0.00,0.00,0.00,0.00,0.00,0.00,0.00,0.023
-93.77632328,42.01925265,A1/A2,TaskName 5/7/2025 (GreenStar 4 Monitor),Zidua SC & Sharpen,95,5/7/2025,1.005,On,1126.2,106.25,-7.500,10.51,15.49,6.221,179.54,19.99,20.00,0,2,135.33,5/7/2025,Good,7.999,0.0024,3.000,0.00089,0.00,0.00,0.00,4.000,0.0012,2.000,0.00059,19.87,0.751,0.00,0.00,0.00,0.00,0.00,0.00,0.00,0.00,0.00,0.00,0.00,0.00,0.038
-93.77632261,42.01921024,A1/A2,TaskName 5/7/2025 (GreenStar 4 Monitor),Zidua SC & Sharpen,96,5/7/2025,1.000,On,1126.0,106.25,-7.500,10.52,15.43,5.474,179.94,19.99,20.05,0,2,135.46,5/7/2025,Good,8.020,0.0024,3.007,0.00088,0.00,0.00,0.00,4.010,0.0012,2.005,0.00059,19.92,0.750,0.00,0.00,0.00,0.00,0.00,0.00,0.00,0.00,0.00,0.00,0.00,0.00,0.038
-93.77632230,42.01918489,A1/A2,TaskName 5/7/2025 (GreenStar 4 Monitor),Zidua SC & Sharpen,97,5/7/2025,0.600,On,1125.9,106.25,-7.500,10.54,9.271,5.330,180.22,19.99,19.89,0,2,135.67,5/7/2025,Good,7.957,0.0014,2.984,0.00053,0.00,0.00,0.00,3.978,0.00070,1.989,0.00035,19.76,0.447,0.00,0.00,0.00,0.00,0.00,0.00,0.00,0.00,0.00,0.00,0.00,0.00,0.023
-93.77632229,42.01914268,A1/A2,TaskName 5/7/2025 (GreenStar 4 Monitor),Zidua SC & Sharpen,98,5/7/2025,0.996,On,1125.7,105.00,-8.125,10.53,15.36,5.987,180.34,19.99,19.90,0,2,133.86,5/7/2025,Good,7.961,0.0023,2.985,0.00086,0.00,0.00,0.00,3.980,0.0012,1.990,0.00058,19.77,0.732,0.00,0.00,0.00,0.00,0.00,0.00,0.00,0.00,0.00,0.00,0.00,0.00,0.037
-93.77632252,42.01912579,A1/A2,TaskName 5/7/2025 (GreenStar 4 Monitor),Zidua SC & Sharpen,99,5/7/2025,0.404,On,1125.6,105.00,-8.125,10.46,6.212,6.417,180.15,19.99,19.89,0,2,133.43,5/7/2025,Good,7.956,0.00093,2.984,0.00035,0.00,0.00,0.00,3.978,0.00047,1.989,0.00023,19.76,0.296,0.00,0.00,0.00,0.00,0.00,0.00,0.00,0.00,0.00,0.00,0.00,0.00,0.015
-93.77632297,42.01908340,A1/A2,TaskName 5/7/2025 (GreenStar 4 Monitor),Zidua SC & Sharpen,100,5/7/2025,0.995,On,1125.4,106.25,-7.500,10.49,15.31,6.294,179.57,19.99,19.91,0,2,135.13,5/7/2025,Good,7.964,0.0023,2.987,0.00087,0.00,0.00,0.00,3.982,0.0012,1.991,0.00058,19.78,0.739,0.00,0.00,0.00,0.00,0.00,0.00,0.00,0.00,0.00,0.00,0.00,0.00,0.037
-93.77632273,42.01905800,A1/A2,TaskName 5/7/2025 (GreenStar 4 Monitor),Zidua SC & Sharpen,101,5/7/2025,0.600,On,1125.2,106.25,-7.500,10.52,9.254,6.083,179.72,19.99,19.93,0,2,135.43,5/7/2025,Good,7.974,0.0014,2.990,0.00053,0.00,0.00,0.00,3.987,0.00070,1.993,0.00035,19.81,0.447,0.00,0.00,0.00,0.00,0.00,0.00,0.00,0.00,0.00,0.00,0.00,0.00,0.023
-93.77632218,42.01901569,A1/A2,TaskName 5/7/2025 (GreenStar 4 Monitor),Zidua SC & Sharpen,102,5/7/2025,1.000,On,1125.0,105.00,-8.125,10.53,15.45,5.760,180.40,19.99,19.83,0,2,134.07,5/7/2025,Good,7.932,0.0023,2.974,0.00087,0.00,0.00,0.00,3.966,0.0012,1.983,0.00058,19.70,0.734,0.00,0.00,0.00,0.00,0.00,0.00,0.00,0.00,0.00,0.00,0.00,0.00,0.037
-93.77632221,42.01897324,A1/A2,TaskName 5/7/2025 (GreenStar 4 Monitor),Zidua SC & Sharpen,103,5/7/2025,1.001,On,1124.6,105.00,-8.125,10.54,15.47,5.932,180.55,19.99,19.76,0,2,134.13,5/7/2025,Good,7.905,0.0023,2.964,0.00086,0.00,0.00,0.00,3.952,0.0012,1.976,0.00058,19.63,0.732,0.00,0.00,0.00,0.00,0.00,0.00,0.00,0.00,0.00,0.00,0.00,0.00,0.037
-93.77632284,42.01893082,A1/A2,TaskName 5/7/2025 (GreenStar 4 Monitor),Zidua SC & Sharpen,104,5/7/2025,0.999,On,1124.5,105.00,-8.125,10.54,15.44,5.705,179.88,19.99,19.89,0,2,134.15,5/7/2025,Good,7.955,0.0023,2.983,0.00087,0.00,0.00,0.00,3.977,0.0012,1.989,0.00058,19.76,0.735,0.00,0.00,0.00,0.00,0.00,0.00,0.00,0.00,0.00,0.00,0.00,0.00,0.037
-93.77632277,42.01888882,A1/A2,TaskName 5/7/2025 (GreenStar 4 Monitor),Zidua SC & Sharpen,105,5/7/2025,1.000,On,1124.2,105.00,-8.125,10.48,15.36,6.014,179.77,19.99,19.94,0,2,133.33,5/7/2025,Good,7.974,0.0023,2.990,0.00087,0.00,0.00,0.00,3.987,0.0012,1.994,0.00058,19.81,0.734,0.00,0.00,0.00,0.00,0.00,0.00,0.00,0.00,0.00,0.00,0.00,0.00,0.037
-93.77632228,42.01884660,A1/A2,TaskName 5/7/2025 (GreenStar 4 Monitor),Zidua SC & Sharpen,106,5/7/2025,1.001,On,1124.0,105.00,-8.125,10.43,15.29,6.052,180.04,19.99,20.02,0,2,132.57,5/7/2025,Good,8.009,0.0023,3.004,0.00086,0.00,0.00,0.00,4.005,0.0012,2.002,0.00058,19.89,0.733,0.00,0.00,0.00,0.00,0.00,0.00,0.00,0.00,0.00,0.00,0.00,0.00,0.037
-93.77632219,42.01880425,A1/A2,TaskName 5/7/2025 (GreenStar 4 Monitor),Zidua SC & Sharpen,107,5/7/2025,0.999,On,1123.8,105.00,-8.125,10.54,15.45,5.093,180.25,19.99,19.97,0,2,134.23,5/7/2025,Good,7.989,0.0023,2.996,0.00087,0.00,0.00,0.00,3.994,0.0012,1.997,0.00058,19.84,0.739,0.00,0.00,0.00,0.00,0.00,0.00,0.00,0.00,0.00,0.00,0.00,0.00,0.037
-93.77632241,42.01876224,A1/A2,TaskName 5/7/2025 (GreenStar 4 Monitor),Zidua SC & Sharpen,108,5/7/2025,1.000,On,1123.5,103.75,-8.750,10.48,15.37,5.126,180.27,19.99,19.90,0,2,131.77,5/7/2025,Good,7.959,0.0023,2.985,0.00085,0.00,0.00,0.00,3.980,0.0011,1.990,0.00057,19.77,0.724,0.00,0.00,0.00,0.00,0.00,0.00,0.00,0.00,0.00,0.00,0.00,0.00,0.037
-93.77632265,42.01872003,A1/A2,TaskName 5/7/2025 (GreenStar 4 Monitor),Zidua SC & Sharpen,109,5/7/2025,0.995,On,1123.4,103.75,-8.750,10.45,15.24,5.298,180.02,19.99,19.91,0,2,131.30,5/7/2025,Good,7.965,0.0023,2.987,0.00085,0.00,0.00,0.00,3.983,0.0011,1.991,0.00056,19.78,0.718,0.00,0.00,0.00,0.00,0.00,0.00,0.00,0.00,0.00,0.00,0.00,0.00,0.036
-93.77632279,42.01868664,A1/A2,TaskName 5/7/2025 (GreenStar 4 Monitor),Zidua SC & Sharpen,110,5/7/2025,0.806,On,1123.2,103.75,-8.750,10.45,12.34,6.115,179.91,19.99,19.93,0,2,131.26,5/7/2025,Good,7.974,0.0018,2.990,0.00069,0.00,0.00,0.00,3.987,0.00092,1.993,0.00046,19.80,0.582,0.00,0.00,0.00,0.00,0.00,0.00,0.00,0.00,0.00,0.00,0.00,0.00,0.029
-93.77632263,42.01864459,A1/A2,TaskName 5/7/2025 (GreenStar 4 Monitor),Zidua SC & Sharpen,111,5/7/2025,1.000,On,1123.3,102.50,-9.375,10.38,15.22,6.416,180.06,19.99,20.06,0,2,128.96,5/7/2025,Good,8.024,0.0022,3.009,0.00084,0.00,0.00,0.00,4.012,0.0011,2.006,0.00056,19.93,0.714,0.00,0.00,0.00,0.00,0.00,0.00,0.00,0.00,0.00,0.00,0.00,0.00,0.036
-93.77632282,42.01861103,A1/A2,TaskName 5/7/2025 (GreenStar 4 Monitor),Zidua SC & Sharpen,112,5/7/2025,0.799,On,1123.2,102.50,-9.375,10.46,12.25,6.520,180.01,19.99,20.00,0,2,129.91,5/7/2025,Good,8.000,0.0018,3.000,0.00068,0.00,0.00,0.00,4.000,0.00090,2.000,0.00045,19.87,0.573,0.00,0.00,0.00,0.00,0.00,0.00,0.00,0.00,0.00,0.00,0.00,0.00,0.029
-93.77632272,42.01856905,A1/A2,TaskName 5/7/2025 (GreenStar 4 Monitor),Zidua SC & Sharpen,113,5/7/2025,1.000,On,1123.0,101.25,-10.000,10.44,15.30,6.615,180.13,19.99,20.03,0,2,128.05,5/7/2025,Good,8.013,0.0022,3.005,0.00083,0.00,0.00,0.00,4.006,0.0011,2.003,0.00056,19.90,0.708,0.00,0.00,0.00,0.00,0.00,0.00,0.00,0.00,0.00,0.00,0.00,0.00,0.036
-93.77632302,42.01853517,A1/A2,TaskName 5/7/2025 (GreenStar 4 Monitor),Zidua SC & Sharpen,114,5/7/2025,0.800,On,1123.0,102.50,-9.375,10.48,12.29,6.156,179.88,19.99,19.95,0,2,130.17,5/7/2025,Good,7.980,0.0018,2.992,0.00068,0.00,0.00,0.00,3.990,0.00090,1.995,0.00045,19.82,0.573,0.00,0.00,0.00,0.00,0.00,0.00,0.00,0.00,0.00,0.00,0.00,0.00,0.029
-93.77632281,42.01849290,A1/A2,TaskName 5/7/2025 (GreenStar 4 Monitor),Zidua SC & Sharpen,115,5/7/2025,1.001,On,1122.8,101.25,-10.000,10.50,15.41,5.544,180.01,19.99,19.98,0,2,128.82,5/7/2025,Good,7.990,0.0022,2.996,0.00084,0.00,0.00,0.00,3.995,0.0011,1.998,0.00056,19.85,0.711,0.00,0.00,0.00,0.00,0.00,0.00,0.00,0.00,0.00,0.00,0.00,0.00,0.036
-93.77632266,42.01845083,A1/A2,TaskName 5/7/2025 (GreenStar 4 Monitor),Zidua SC & Sharpen,116,5/7/2025,0.994,On,1122.8,101.25,-10.000,10.49,15.29,6.192,180.31,19.99,19.82,0,2,128.71,5/7/2025,Good,7.928,0.0022,2.973,0.00083,0.00,0.00,0.00,3.964,0.0011,1.982,0.00055,19.69,0.700,0.00,0.00,0.00,0.00,0.00,0.00,0.00,0.00,0.00,0.00,0.00,0.00,0.036
-93.77632330,42.01840910,A1/A2,TaskName 5/7/2025 (GreenStar 4 Monitor),Zidua SC & Sharpen,117,5/7/2025,1.006,On,1122.8,101.25,-10.000,10.39,15.33,7.005,179.70,19.99,19.89,0,2,127.50,5/7/2025,Good,7.957,0.0022,2.984,0.00083,0.00,0.00,0.00,3.979,0.0011,1.989,0.00055,19.76,0.704,0.00,0.00,0.00,0.00,0.00,0.00,0.00,0.00,0.00,0.00,0.00,0.00,0.036
-93.77632310,42.01836684,A1/A2,TaskName 5/7/2025 (GreenStar 4 Monitor),Zidua SC & Sharpen,118,5/7/2025,0.999,On,1122.7,101.25,-10.000,10.46,15.32,6.223,179.25,19.99,20.00,0,2,128.34,5/7/2025,Good,7.998,0.0022,2.999,0.00083,0.00,0.00,0.00,3.999,0.0011,2.000,0.00056,19.87,0.708,0.00,0.00,0.00,0.00,0.00,0.00,0.00,0.00,0.00,0.00,0.00,0.00,0.036
-93.77632253,42.01833326,A1/A2,TaskName 5/7/2025 (GreenStar 4 Monitor),Zidua SC & Sharpen,119,5/7/2025,0.800,On,1122.7,101.25,-10.000,10.45,12.26,6.428,179.95,19.99,19.93,0,2,128.24,5/7/2025,Good,7.972,0.0018,2.990,0.00067,0.00,0.00,0.00,3.986,0.00089,1.993,0.00044,19.80,0.564,0.00,0.00,0.00,0.00,0.00,0.00,0.00,0.00,0.00,0.00,0.00,0.00,0.028
-93.77632182,42.01829973,A1/A2,TaskName 5/7/2025 (GreenStar 4 Monitor),Zidua SC & Sharpen,120,5/7/2025,0.801,On,1122.7,100.00,-10.62,10.43,12.25,6.682,180.76,19.99,19.98,0,2,126.43,5/7/2025,Good,7.991,0.0018,2.997,0.00066,0.00,0.00,0.00,3.996,0.00088,1.998,0.00044,19.85,0.558,0.00,0.00,0.00,0.00,0.00,0.00,0.00,0.00,0.00,0.00,0.00,0.00,0.028
-93.77632258,42.01825743,A1/A2,TaskName 5/7/2025 (GreenStar 4 Monitor),Zidua SC & Sharpen,121,5/7/2025,1.000,On,1122.7,101.25,-10.000,10.44,15.31,6.492,180.31,19.99,19.98,0,2,128.13,5/7/2025,Good,7.993,0.0022,2.997,0.00083,0.00,0.00,0.00,3.997,0.0011,1.998,0.00056,19.85,0.707,0.00,0.00,0.00,0.00,0.00,0.00,0.00,0.00,0.00,0.00,0.00,0.00,0.036
-93.77632296,42.01823224,A1/A2,TaskName 5/7/2025 (GreenStar 4 Monitor),Zidua SC & Sharpen,122,5/7/2025,0.600,On,1122.6,101.25,-10.000,10.50,9.221,6.389,179.84,19.99,20.01,0,2,128.60,5/7/2025,Good,8.004,0.0013,3.001,0.00050,0.00,0.00,0.00,4.002,0.00067,2.001,0.00034,19.88,0.426,0.00,0.00,0.00,0.00,0.00,0.00,0.00,0.00,0.00,0.00,0.00,0.00,0.021
-93.77632293,42.01818996,A1/A2,TaskName 5/7/2025 (GreenStar 4 Monitor),Zidua SC & Sharpen,123,5/7/2025,0.999,On,1122.5,100.00,-10.62,10.48,15.36,5.964,179.64,19.99,19.95,0,2,127.11,5/7/2025,Good,7.978,0.0022,2.992,0.00082,0.00,0.00,0.00,3.989,0.0011,1.995,0.00055,19.82,0.699,0.00,0.00,0.00,0.00,0.00,0.00,0.00,0.00,0.00,0.00,0.00,0.00,0.035
-93.77632244,42.01814798,A1/A2,TaskName 5/7/2025 (GreenStar 4 Monitor),Zidua SC & Sharpen,124,5/7/2025,1.000,On,1122.5,100.00,-10.62,10.47,15.35,5.756,180.25,19.99,20.00,0,2,126.87,5/7/2025,Good,7.999,0.0022,3.000,0.00083,0.00,0.00,0.00,4.000,0.0011,2.000,0.00055,19.87,0.700,0.00,0.00,0.00,0.00,0.00,0.00,0.00,0.00,0.00,0.00,0.00,0.00,0.035
-93.77632251,42.01812278,A1/A2,TaskName 5/7/2025 (GreenStar 4 Monitor),Zidua SC & Sharpen,125,5/7/2025,0.600,On,1122.4,100.00,-10.62,10.42,9.170,6.020,180.16,19.99,19.88,0,2,126.31,5/7/2025,Good,7.952,0.0013,2.982,0.00049,0.00,0.00,0.00,3.976,0.00065,1.988,0.00033,19.75,0.416,0.00,0.00,0.00,0.00,0.00,0.00,0.00,0.00,0.00,0.00,0.00,0.00,0.021
-93.77632273,42.01809761,A1/A2,TaskName 5/7/2025 (GreenStar 4 Monitor),Zidua SC & Sharpen,126,5/7/2025,0.596,On,1122.4,101.25,-10.000,10.43,9.104,5.979,179.90,19.99,19.86,0,2,127.82,5/7/2025,Good,7.944,0.0013,2.979,0.00049,0.00,0.00,0.00,3.972,0.00066,1.986,0.00033,19.73,0.418,0.00,0.00,0.00,0.00,0.00,0.00,0.00,0.00,0.00,0.00,0.00,0.00,0.021
-93.77632292,42.01805580,A1/A2,TaskName 5/7/2025 (GreenStar 4 Monitor),Zidua SC & Sharpen,127,5/7/2025,0.999,On,1122.5,100.00,-10.62,10.40,15.26,6.204,179.68,19.99,19.98,0,2,126.20,5/7/2025,Good,7.993,0.0022,2.997,0.00082,0.00,0.00,0.00,3.997,0.0011,1.998,0.00055,19.85,0.695,0.00,0.00,0.00,0.00,0.00,0.00,0.00,0.00,0.00,0.00,0.00,0.00,0.035
-93.77632226,42.01801411,A1/A2,TaskName 5/7/2025 (GreenStar 4 Monitor),Zidua SC & Sharpen,128,5/7/2025,1.000,On,1122.6,100.00,-10.62,10.39,15.25,6.784,180.46,19.99,19.93,0,2,126.02,5/7/2025,Good,7.970,0.0022,2.989,0.00082,0.00,0.00,0.00,3.985,0.0011,1.993,0.00054,19.80,0.693,0.00,0.00,0.00,0.00,0.00,0.00,0.00,0.00,0.00,0.00,0.00,0.00,0.035
-93.77632273,42.01798943,A1/A2,TaskName 5/7/2025 (GreenStar 4 Monitor),Zidua SC & Sharpen,129,5/7/2025,0.605,On,1122.7,100.00,-10.62,10.31,9.153,6.739,180.28,19.99,19.96,0,2,125.03,5/7/2025,Good,7.983,0.0013,2.994,0.00049,0.00,0.00,0.00,3.992,0.00066,1.996,0.00033,19.83,0.417,0.00,0.00,0.00,0.00,0.00,0.00,0.00,0.00,0.00,0.00,0.00,0.00,0.021
-93.77632333,42.01794876,A1/A2,TaskName 5/7/2025 (GreenStar 4 Monitor),Zidua SC & Sharpen,130,5/7/2025,0.995,On,1122.9,98.75,-11.25,10.17,14.85,6.967,179.51,19.99,20.14,0,2,121.81,5/7/2025,Good,8.057,0.0021,3.021,0.00079,0.00,0.00,0.00,4.028,0.0011,2.014,0.00053,20.01,0.674,0.00,0.00,0.00,0.00,0.00,0.00,0.00,0.00,0.00,0.00,0.00,0.00,0.034
-93.77632287,42.01790833,A1/A2,TaskName 5/7/2025 (GreenStar 4 Monitor),Zidua SC & Sharpen,131,5/7/2025,1.005,On,1123.1,98.75,-11.25,10.09,14.88,6.936,179.59,19.99,20.18,0,2,120.81,5/7/2025,Good,8.070,0.0021,3.026,0.00080,0.00,0.00,0.00,4.035,0.0011,2.018,0.00053,20.04,0.676,0.00,0.00,0.00,0.00,0.00,0.00,0.00,0.00,0.00,0.00,0.00,0.00,0.034
-93.77632227,42.01786883,A1/A2,TaskName 5/7/2025 (GreenStar 4 Monitor),Zidua SC & Sharpen,132,5/7/2025,1.000,On,1123.2,98.75,-11.25,10.01,14.68,4.682,180.31,19.99,20.15,0,2,119.79,5/7/2025,Good,8.060,0.0021,3.022,0.00079,0.00,0.00,0.00,4.030,0.0010,2.015,0.00052,20.02,0.666,0.00,0.00,0.00,0.00,0.00,0.00,0.00,0.00,0.00,0.00,0.00,0.00,0.033
-93.77632228,42.01785429,A1/A2,TaskName 5/7/2025 (GreenStar 4 Monitor),Zidua SC & Sharpen,133,5/7/2025,0.400,On,1123.3,98.75,-11.25,9.645,5.662,3.411,180.34,19.99,20.15,0,2,115.53,5/7/2025,Good,8.061,0.00081,3.023,0.00030,0.00,0.00,0.00,4.030,0.00040,2.015,0.00020,20.02,0.257,0.00,0.00,0.00,0.00,0.00,0.00,0.00,0.00,0.00,0.00,0.00,0.00,0.013
-93.77632282,42.01782047,A1/A2,TaskName 5/7/2025 (GreenStar 4 Monitor),Zidua SC & Sharpen,134,5/7/2025,0.995,On,1123.5,100.00,-10.62,8.900,12.98,5.152,179.80,19.99,20.27,0,2,107.82,5/7/2025,Good,8.107,0.0019,3.040,0.00071,0.00,0.00,0.00,4.054,0.00094,2.027,0.00047,20.14,0.600,0.00,0.00,0.00,0.00,0.00,0.00,0.00,0.00,0.00,0.00,0.00,0.00,0.030
-93.77632278,42.01778752,A1/A2,TaskName 5/7/2025 (GreenStar 4 Monitor),Zidua SC & Sharpen,135,5/7/2025,1.000,On,1123.6,100.00,-10.62,8.268,12.13,6.694,179.70,19.99,20.40,0,2,100.26,5/7/2025,Good,8.159,0.0018,3.060,0.00067,0.00,0.00,0.00,4.080,0.00089,2.040,0.00044,20.26,0.564,0.00,0.00,0.00,0.00,0.00,0.00,0.00,0.00,0.00,0.00,0.00,0.00,0.028
-93.77632210,42.01775612,A1/A2,TaskName 5/7/2025 (GreenStar 4 Monitor),Zidua SC & Sharpen,136,5/7/2025,1.005,On,1123.6,100.00,-10.62,8.128,11.98,3.704,178.57,19.99,20.22,0,2,98.55,5/7/2025,Good,8.088,0.0017,3.033,0.00065,0.00,0.00,0.00,4.044,0.00087,2.022,0.00043,20.09,0.553,0.00,0.00,0.00,0.00,0.00,0.00,0.00,0.00,0.00,0.00,0.00,0.00,0.028
-93.77632208,42.01772923,A1/A2,TaskName 5/7/2025 (GreenStar 4 Monitor),Zidua SC & Sharpen,137,5/7/2025,0.995,On,1123.6,100.00,-10.62,7.330,10.69,3.821,173.43,19.99,20.29,0,2,88.77,5/7/2025,Good,8.116,0.0016,3.043,0.00058,0.00,0.00,0.00,4.058,0.00078,2.029,0.00039,20.16,0.495,0.00,0.00,0.00,0.00,0.00,0.00,0.00,0.00,0.00,0.00,0.00,0.00,0.025
-93.77632149,42.01771495,A1/A2,TaskName 5/7/2025 (GreenStar 4 Monitor),Zidua SC & Sharpen,138,5/7/2025,0.601,On,1123.7,100.00,-10.62,6.502,5.734,4.570,168.39,19.99,20.45,0,2,78.85,5/7/2025,Good,8.179,0.00084,3.067,0.00032,0.00,0.00,0.00,4.090,0.00042,2.045,0.00021,20.32,0.267,0.00,0.00,0.00,0.00,0.00,0.00,0.00,0.00,0.00,0.00,0.00,0.00,0.013
-93.77632142,42.01771039,A1/A2,TaskName 5/7/2025 (GreenStar 4 Monitor),Zidua SC & Sharpen,139,5/7/2025,0.204,On,1123.7,88.75,-5.000,6.190,1.853,5.336,166.17,19.99,20.98,0,2,66.64,5/7/2025,Good,8.390,0.00025,3.146,9.282e-05,0.00,0.00,0.00,4.195,0.00012,2.098,6.188e-05,20.84,0.079,0.00,0.00,0.00,0.00,0.00,0.00,0.00,0.00,0.00,0.00,0.00,0.00,0.0038
-93.77632083,42.01770592,A1/A2,TaskName 5/7/2025 (GreenStar 4 Monitor),Zidua SC & Sharpen,140,5/7/2025,0.200,On,1123.7,87.50,-3.125,6.055,1.778,5.475,164.05,19.99,21.21,0,2,64.29,5/7/2025,Good,8.484,0.00024,3.182,8.877e-05,0.00,0.00,0.00,4.242,0.00012,2.121,5.918e-05,21.07,0.075,0.00,0.00,0.00,0.00,0.00,0.00,0.00,0.00,0.00,0.00,0.00,0.00,0.0036
-93.77632001,42.01770144,A1/A2,TaskName 5/7/2025 (GreenStar 4 Monitor),Zidua SC & Sharpen,141,5/7/2025,0.196,On,1123.7,88.75,-2.500,5.966,1.709,5.396,161.83,19.99,21.74,0,2,63.96,5/7/2025,Good,8.698,0.00024,3.262,8.873e-05,0.00,0.00,0.00,4.349,0.00012,2.174,5.916e-05,21.60,0.075,0.00,0.00,0.00,0.00,0.00,0.00,0.00,0.00,0.00,0.00,0.00,0.00,0.0035
-93.77631938,42.01769685,A1/A2,TaskName 5/7/2025 (GreenStar 4 Monitor),Zidua SC & Sharpen,142,5/7/2025,0.205,On,1123.7,87.50,-0.625,5.932,1.785,5.449,159.41,19.99,21.40,0,2,62.95,5/7/2025,Good,8.561,0.00024,3.210,8.991e-05,0.00,0.00,0.00,4.281,0.00012,2.140,5.994e-05,21.26,0.076,0.00,0.00,0.00,0.00,0.00,0.00,0.00,0.00,0.00,0.00,0.00,0.00,0.0036
-93.77631819,42.01769231,A1/A2,TaskName 5/7/2025 (GreenStar 4 Monitor),Zidua SC & Sharpen,143,5/7/2025,0.194,On,1123.7,86.25,1.250,5.921,1.696,5.944,157.03,19.99,21.08,0,2,62.32,5/7/2025,Good,8.433,0.00022,3.162,8.296e-05,0.00,0.00,0.00,4.216,0.00011,2.108,5.531e-05,20.95,0.070,0.00,0.00,0.00,0.00,0.00,0.00,0.00,0.00,0.00,0.00,0.00,0.00,0.0034
-93.77631695,42.01768786,A1/A2,TaskName 5/7/2025 (GreenStar 4 Monitor),Zidua SC & Sharpen,144,5/7/2025,0.205,On,1123.8,88.75,2.500,5.941,1.788,6.347,154.57,19.99,20.92,0,2,63.97,5/7/2025,Good,8.369,0.00024,3.138,8.931e-05,0.00,0.00,0.00,4.184,0.00012,2.092,5.954e-05,20.79,0.076,0.00,0.00,0.00,0.00,0.00,0.00,0.00,0.00,0.00,0.00,0.00,0.00,0.0036
-93.77630886,42.01766990,A1/A2,TaskName 5/7/2025 (GreenStar 4 Monitor),Zidua SC & Sharpen,145,5/7/2025,0.800,On,1123.8,87.50,3.125,5.996,7.040,6.158,144.71,19.99,20.34,0,2,63.64,5/7/2025,Good,8.134,0.00090,3.050,0.00034,0.00,0.00,0.00,4.067,0.00045,2.034,0.00022,20.20,0.286,0.00,0.00,0.00,0.00,0.00,0.00,0.00,0.00,0.00,0.00,0.00,0.00,0.014
-93.77630628,42.01766543,A1/A2,TaskName 5/7/2025 (GreenStar 4 Monitor),Zidua SC & Sharpen,146,5/7/2025,0.196,On,1123.8,88.75,2.500,6.152,1.762,5.521,142.27,19.99,19.90,0,2,65.92,5/7/2025,Good,7.958,0.00022,2.984,8.368e-05,0.00,0.00,0.00,3.979,0.00011,1.990,5.579e-05,19.77,0.071,0.00,0.00,0.00,0.00,0.00,0.00,0.00,0.00,0.00,0.00,0.00,0.00,0.0036
-93.77630311,42.01766099,A1/A2,TaskName 5/7/2025 (GreenStar 4 Monitor),Zidua SC & Sharpen,147,5/7/2025,0.200,On,1123.8,87.50,1.875,6.187,1.824,5.118,139.99,19.99,19.99,0,2,65.95,5/7/2025,Good,7.997,0.00023,2.999,8.584e-05,0.00,0.00,0.00,3.998,0.00011,1.999,5.722e-05,19.86,0.073,0.00,0.00,0.00,0.00,0.00,0.00,0.00,0.00,0.00,0.00,0.00,0.00,0.0037
-93.77629965,42.01765664,A1/A2,TaskName 5/7/2025 (GreenStar 4 Monitor),Zidua SC & Sharpen,148,5/7/2025,0.199,On,1123.8,86.25,1.250,6.259,1.827,4.815,137.81,19.99,20.26,0,2,65.45,5/7/2025,Good,8.104,0.00023,3.039,8.589e-05,0.00,0.00,0.00,4.052,0.00011,2.026,5.726e-05,20.13,0.073,0.00,0.00,0.00,0.00,0.00,0.00,0.00,0.00,0.00,0.00,0.00,0.00,0.0036
-93.77629192,42.01764846,A1/A2,TaskName 5/7/2025 (GreenStar 4 Monitor),Zidua SC & Sharpen,149,5/7/2025,0.400,On,1123.8,87.50,-0.625,6.358,3.733,5.696,133.90,19.99,20.32,0,2,67.49,5/7/2025,Good,8.128,0.00048,3.048,0.00018,0.00,0.00,0.00,4.064,0.00024,2.032,0.00012,20.19,0.151,0.00,0.00,0.00,0.00,0.00,0.00,0.00,0.00,0.00,0.00,0.00,0.00,0.0075
-93.77628761,42.01764450,A1/A2,TaskName 5/7/2025 (GreenStar 4 Monitor),Zidua SC & Sharpen,150,5/7/2025,0.201,On,1123.8,88.75,-1.250,6.369,1.880,5.376,132.39,19.99,20.78,0,2,68.59,5/7/2025,Good,8.313,0.00025,3.117,9.327e-05,0.00,0.00,0.00,4.157,0.00012,2.078,6.218e-05,20.65,0.079,0.00,0.00,0.00,0.00,0.00,0.00,0.00,0.00,0.00,0.00,0.00,0.00,0.0038
-93.77628303,42.01764050,A1/A2,TaskName 5/7/2025 (GreenStar 4 Monitor),Zidua SC & Sharpen,151,5/7/2025,0.199,On,1123.7,90.00,-1.875,6.369,1.860,5.032,131.01,19.99,20.47,0,2,69.52,5/7/2025,Good,8.189,0.00025,3.071,9.220e-05,0.00,0.00,0.00,4.095,0.00012,2.047,6.147e-05,20.34,0.078,0.00,0.00,0.00,0.00,0.00,0.00,0.00,0.00,0.00,0.00,0.00,0.00,0.0038
-93.77627834,42.01763664,A1/A2,TaskName 5/7/2025 (GreenStar 4 Monitor),Zidua SC & Sharpen,152,5/7/2025,0.201,On,1123.7,91.25,-2.500,6.413,1.893,5.726,129.80,19.99,20.09,0,2,71.02,5/7/2025,Good,8.035,0.00025,3.013,9.334e-05,0.00,0.00,0.00,4.018,0.00012,2.009,6.223e-05,19.96,0.079,0.00,0.00,0.00,0.00,0.00,0.00,0.00,0.00,0.00,0.00,0.00,0.00,0.0040
-93.77627329,42.01763293,A1/A2,TaskName 5/7/2025 (GreenStar 4 Monitor),Zidua SC & Sharpen,153,5/7/2025,0.200,On,1123.8,92.50,-4.375,6.449,1.893,5.858,128.83,19.99,19.63,0,2,72.35,5/7/2025,Good,7.851,0.00025,2.944,9.246e-05,0.00,0.00,0.00,3.926,0.00012,1.963,6.164e-05,19.50,0.078,0.00,0.00,0.00,0.00,0.00,0.00,0.00,0.00,0.00,0.00,0.00,0.00,0.0040
-93.77626788,42.01762960,A1/A2,TaskName 5/7/2025 (GreenStar 4 Monitor),Zidua SC & Sharpen,154,5/7/2025,0.199,On,1123.8,93.75,-5.000,6.489,1.896,6.228,128.15,19.99,19.49,0,2,73.82,5/7/2025,Good,7.796,0.00025,2.923,9.320e-05,0.00,0.00,0.00,3.898,0.00012,1.949,6.214e-05,19.36,0.079,0.00,0.00,0.00,0.00,0.00,0.00,0.00,0.00,0.00,0.00,0.00,0.00,0.0041
-93.77626235,42.01762629,A1/A2,TaskName 5/7/2025 (GreenStar 4 Monitor),Zidua SC & Sharpen,155,5/7/2025,0.206,On,1123.7,95.00,-5.625,6.514,1.958,6.789,127.74,19.99,19.10,0,2,74.64,5/7/2025,Good,7.642,0.00025,2.866,9.562e-05,0.00,0.00,0.00,3.821,0.00013,1.910,6.375e-05,18.98,0.081,0.00,0.00,0.00,0.00,0.00,0.00,0.00,0.00,0.00,0.00,0.00,0.00,0.0043
-93.77625648,42.01762280,A1/A2,TaskName 5/7/2025 (GreenStar 4 Monitor),Zidua SC & Sharpen,156,5/7/2025,0.194,On,1123.8,97.50,-6.875,6.541,1.873,6.895,127.21,19.99,19.06,0,2,77.80,5/7/2025,Good,7.625,0.00025,2.859,9.366e-05,0.00,0.00,0.00,3.812,0.00012,1.906,6.244e-05,18.94,0.079,0.00,0.00,0.00,0.00,0.00,0.00,0.00,0.00,0.00,0.00,0.00,0.00,0.0042
-93.77625058,42.01761909,A1/A2,TaskName 5/7/2025 (GreenStar 4 Monitor),Zidua SC & Sharpen,157,5/7/2025,0.200,On,1123.8,100.00,-8.125,6.662,1.955,7.351,126.59,19.99,19.16,0,2,80.79,5/7/2025,Good,7.663,0.00027,2.874,0.00010,0.00,0.00,0.00,3.832,0.00013,1.916,6.718e-05,19.03,0.085,0.00,0.00,0.00,0.00,0.00,0.00,0.00,0.00,0.00,0.00,0.00,0.00,0.0045
-93.77624453,42.01761547,A1/A2,TaskName 5/7/2025 (GreenStar 4 Monitor),Zidua SC & Sharpen,158,5/7/2025,0.201,On,1123.8,102.50,-9.375,6.825,2.004,7.496,126.02,19.99,19.33,0,2,84.47,5/7/2025,Good,7.732,0.00028,2.899,0.00011,0.00,0.00,0.00,3.866,0.00014,1.933,7.122e-05,19.20,0.091,0.00,0.00,0.00,0.00,0.00,0.00,0.00,0.00,0.00,0.00,0.00,0.00,0.0047
-93.77621154,42.01759725,A1/A2,TaskName 5/7/2025 (GreenStar 4 Monitor),Zidua SC & Sharpen,159,5/7/2025,1.004,On,1123.8,101.25,-10.000,7.298,10.76,6.357,123.68,19.99,19.24,0,2,89.65,5/7/2025,Good,7.697,0.0015,2.886,0.00056,0.00,0.00,0.00,3.848,0.00075,1.924,0.00038,19.12,0.478,0.00,0.00,0.00,0.00,0.00,0.00,0.00,0.00,0.00,0.00,0.00,0.00,0.025
-93.77620455,42.01759370,A1/A2,TaskName 5/7/2025 (GreenStar 4 Monitor),Zidua SC & Sharpen,160,5/7/2025,0.195,On,1123.7,101.25,-10.000,7.644,2.188,5.818,123.30,19.99,19.35,0,2,93.90,5/7/2025,Good,7.740,0.00031,2.903,0.00012,0.00,0.00,0.00,3.870,0.00015,1.935,7.689e-05,19.22,0.098,0.00,0.00,0.00,0.00,0.00,0.00,0.00,0.00,0.00,0.00,0.00,0.00,0.0051
-93.77616865,42.01757579,A1/A2,TaskName 5/7/2025 (GreenStar 4 Monitor),Zidua SC & Sharpen,161,5/7/2025,1.001,On,1123.7,102.50,-9.375,7.862,11.55,5.719,121.85,19.99,19.34,0,2,97.75,5/7/2025,Good,7.734,0.0016,2.900,0.00062,0.00,0.00,0.00,3.867,0.00082,1.934,0.00041,19.21,0.522,0.00,0.00,0.00,0.00,0.00,0.00,0.00,0.00,0.00,0.00,0.00,0.00,0.027
-93.77613098,42.01755828,A1/A2,TaskName 5/7/2025 (GreenStar 4 Monitor),Zidua SC & Sharpen,162,5/7/2025,1.000,On,1123.8,103.75,-8.750,8.114,11.91,6.029,121.82,19.99,19.54,0,2,102.11,5/7/2025,Good,7.816,0.0017,2.931,0.00065,0.00,0.00,0.00,3.908,0.00087,1.954,0.00043,19.41,0.551,0.00,0.00,0.00,0.00,0.00,0.00,0.00,0.00,0.00,0.00,0.00,0.00,0.028
-93.77612313,42.01755475,A1/A2,TaskName 5/7/2025 (GreenStar 4 Monitor),Zidua SC & Sharpen,163,5/7/2025,0.200,On,1123.7,103.75,-8.750,8.219,2.401,6.023,121.93,19.99,19.65,0,2,102.95,5/7/2025,Good,7.860,0.00035,2.947,0.00013,0.00,0.00,0.00,3.930,0.00018,1.965,8.780e-05,19.52,0.112,0.00,0.00,0.00,0.00,0.00,0.00,0.00,0.00,0.00,0.00,0.00,0.00,0.0057
-93.77608361,42.01753634,A1/A2,TaskName 5/7/2025 (GreenStar 4 Monitor),Zidua SC & Sharpen,164,5/7/2025,1.000,On,1123.7,105.00,-8.125,8.394,12.33,7.474,121.90,19.99,19.66,0,2,106.98,5/7/2025,Good,7.864,0.0018,2.949,0.00068,0.00,0.00,0.00,3.932,0.00091,1.966,0.00046,19.53,0.580,0.00,0.00,0.00,0.00,0.00,0.00,0.00,0.00,0.00,0.00,0.00,0.00,0.030
-93.77607511,42.01753238,A1/A2,TaskName 5/7/2025 (GreenStar 4 Monitor),Zidua SC & Sharpen,165,5/7/2025,0.200,On,1123.7,105.00,-8.125,8.722,2.546,7.166,121.92,19.99,19.76,0,2,110.46,5/7/2025,Good,7.903,0.00038,2.963,0.00014,0.00,0.00,0.00,3.951,0.00019,1.976,9.471e-05,19.63,0.120,0.00,0.00,0.00,0.00,0.00,0.00,0.00,0.00,0.00,0.00,0.00,0.00,0.0061
-93.77603252,42.01751238,A1/A2,TaskName 5/7/2025 (GreenStar 4 Monitor),Zidua SC & Sharpen,166,5/7/2025,0.999,On,1123.6,106.25,-7.500,9.137,13.40,5.705,121.78,19.99,19.58,0,2,117.82,5/7/2025,Good,7.831,0.0020,2.937,0.00075,0.00,0.00,0.00,3.916,0.0010,1.958,0.00050,19.45,0.636,0.00,0.00,0.00,0.00,0.00,0.00,0.00,0.00,0.00,0.00,0.00,0.00,0.033
-93.77600648,42.01750045,A1/A2,TaskName 5/7/2025 (GreenStar 4 Monitor),Zidua SC & Sharpen,167,5/7/2025,0.600,On,1123.6,107.50,-6.875,9.381,8.261,4.207,122.15,19.99,19.60,0,2,122.32,5/7/2025,Good,7.838,0.0012,2.939,0.00047,0.00,0.00,0.00,3.919,0.00062,1.960,0.00031,19.47,0.397,0.00,0.00,0.00,0.00,0.00,0.00,0.00,0.00,0.00,0.00,0.00,0.00,0.020
-93.77597300,42.01748466,A1/A2,TaskName 5/7/2025 (GreenStar 4 Monitor),Zidua SC & Sharpen,168,5/7/2025,0.801,On,1123.7,108.75,-6.250,9.320,10.94,4.884,122.11,19.99,19.55,0,2,122.76,5/7/2025,Good,7.821,0.0017,2.933,0.00063,0.00,0.00,0.00,3.911,0.00083,1.955,0.00042,19.43,0.531,0.00,0.00,0.00,0.00,0.00,0.00,0.00,0.00,0.00,0.00,0.00,0.00,0.027
-93.77593100,42.01746489,A1/A2,TaskName 5/7/2025 (GreenStar 4 Monitor),Zidua SC & Sharpen,169,5/7/2025,1.000,On,1123.7,110.00,-5.625,9.160,13.46,6.024,123.44,19.99,19.82,0,2,122.34,5/7/2025,Good,7.927,0.0021,2.972,0.00079,0.00,0.00,0.00,3.963,0.0011,1.982,0.00053,19.69,0.669,0.00,0.00,0.00,0.00,0.00,0.00,0.00,0.00,0.00,0.00,0.00,0.00,0.034
-93.77588892,42.01744449,A1/A2,TaskName 5/7/2025 (GreenStar 4 Monitor),Zidua SC & Sharpen,170,5/7/2025,1.000,On,1123.7,111.25,-5.000,9.272,13.59,5.279,125.51,19.99,19.96,0,2,124.96,5/7/2025,Good,7.985,0.0022,2.994,0.00081,0.00,0.00,0.00,3.992,0.0011,1.996,0.00054,19.83,0.688,0.00,0.00,0.00,0.00,0.00,0.00,0.00,0.00,0.00,0.00,0.00,0.00,0.035
-93.77584816,42.01742317,A1/A2,TaskName 5/7/2025 (GreenStar 4 Monitor),Zidua SC & Sharpen,171,5/7/2025,0.999,On,1123.8,111.25,-5.000,9.201,13.50,6.788,126.36,19.99,20.03,0,2,124.27,5/7/2025,Good,8.010,0.0022,3.004,0.00081,0.00,0.00,0.00,4.005,0.0011,2.003,0.00054,19.90,0.686,0.00,0.00,0.00,0.00,0.00,0.00,0.00,0.00,0.00,0.00,0.00,0.00,0.034
-93.77580712,42.01740045,A1/A2,TaskName 5/7/2025 (GreenStar 4 Monitor),Zidua SC & Sharpen,172,5/7/2025,1.001,On,1123.7,111.25,-5.000,9.375,13.77,6.128,126.23,19.99,19.99,0,2,126.47,5/7/2025,Good,7.997,0.0022,2.999,0.00082,0.00,0.00,0.00,3.999,0.0011,1.999,0.00055,19.86,0.698,0.00,0.00,0.00,0.00,0.00,0.00,0.00,0.00,0.00,0.00,0.00,0.00,0.035
-93.77579893,42.01739613,A1/A2,TaskName 5/7/2025 (GreenStar 4 Monitor),Zidua SC & Sharpen,173,5/7/2025,0.199,On,1123.7,111.25,-5.000,9.476,2.766,5.838,126.48,19.99,19.98,0,2,127.77,5/7/2025,Good,7.992,0.00044,2.997,0.00017,0.00,0.00,0.00,3.996,0.00022,1.998,0.00011,19.85,0.140,0.00,0.00,0.00,0.00,0.00,0.00,0.00,0.00,0.00,0.00,0.00,0.00,0.0071
-93.77575782,42.01737353,A1/A2,TaskName 5/7/2025 (GreenStar 4 Monitor),Zidua SC & Sharpen,174,5/7/2025,0.996,On,1123.7,112.50,-4.375,9.454,13.82,5.755,127.37,19.99,19.92,0,2,128.99,5/7/2025,Good,7.969,0.0022,2.988,0.00083,0.00,0.00,0.00,3.985,0.0011,1.992,0.00056,19.79,0.706,0.00,0.00,0.00,0.00,0.00,0.00,0.00,0.00,0.00,0.00,0.00,0.00,0.036
-93.77571750,42.01735088,A1/A2,TaskName 5/7/2025 (GreenStar 4 Monitor),Zidua SC & Sharpen,175,5/7/2025,1.005,On,1123.7,112.50,-4.375,9.384,13.82,6.435,128.22,19.99,19.95,0,2,127.89,5/7/2025,Good,7.981,0.0022,2.993,0.00083,0.00,0.00,0.00,3.991,0.0011,1.995,0.00056,19.82,0.708,0.00,0.00,0.00,0.00,0.00,0.00,0.00,0.00,0.00,0.00,0.00,0.00,0.036
-93.77567741,42.01732709,A1/A2,TaskName 5/7/2025 (GreenStar 4 Monitor),Zidua SC & Sharpen,176,5/7/2025,1.000,On,1123.5,112.50,-4.375,9.409,13.80,6.056,128.26,19.99,19.97,0,2,128.29,5/7/2025,Good,7.990,0.0022,2.996,0.00083,0.00,0.00,0.00,3.995,0.0011,1.997,0.00056,19.84,0.707,0.00,0.00,0.00,0.00,0.00,0.00,0.00,0.00,0.00,0.00,0.00,0.00,0.036
-93.77563718,42.01730308,A1/A2,TaskName 5/7/2025 (GreenStar 4 Monitor),Zidua SC & Sharpen,177,5/7/2025,0.994,On,1123.3,112.50,-4.375,9.538,13.91,5.085,128.19,19.99,19.87,0,2,130.15,5/7/2025,Good,7.950,0.0022,2.981,0.00084,0.00,0.00,0.00,3.975,0.0011,1.987,0.00056,19.74,0.710,0.00,0.00,0.00,0.00,0.00,0.00,0.00,0.00,0.00,0.00,0.00,0.00,0.036
-93.77562926,42.01729828,A1/A2,TaskName 5/7/2025 (GreenStar 4 Monitor),Zidua SC & Sharpen,178,5/7/2025,0.205,On,1123.2,112.50,-4.375,9.534,2.864,5.336,128.10,19.99,19.97,0,2,129.90,5/7/2025,Good,7.988,0.00046,2.996,0.00017,0.00,0.00,0.00,3.994,0.00023,1.997,0.00012,19.84,0.147,0.00,0.00,0.00,0.00,0.00,0.00,0.00,0.00,0.00,0.00,0.00,0.00,0.0074
-93.77558869,42.01727482,A1/A2,TaskName 5/7/2025 (GreenStar 4 Monitor),Zidua SC & Sharpen,179,5/7/2025,1.001,On,1122.9,111.25,-5.000,9.508,13.94,5.204,128.65,19.99,20.00,0,2,128.01,5/7/2025,Good,7.998,0.0022,2.999,0.00083,0.00,0.00,0.00,3.999,0.0011,2.000,0.00056,19.87,0.707,0.00,0.00,0.00,0.00,0.00,0.00,0.00,0.00,0.00,0.00,0.00,0.00,0.036
-93.77557273,42.01726509,A1/A2,TaskName 5/7/2025 (GreenStar 4 Monitor),Zidua SC & Sharpen,180,5/7/2025,0.399,On,1122.9,111.25,-5.000,9.492,5.568,5.128,128.52,19.99,19.94,0,2,128.29,5/7/2025,Good,7.977,0.00089,2.992,0.00033,0.00,0.00,0.00,3.989,0.00044,1.994,0.00022,19.81,0.282,0.00,0.00,0.00,0.00,0.00,0.00,0.00,0.00,0.00,0.00,0.00,0.00,0.014
-93.77553260,42.01724145,A1/A2,TaskName 5/7/2025 (GreenStar 4 Monitor),Zidua SC & Sharpen,181,5/7/2025,1.000,On,1122.5,112.50,-4.375,9.502,13.93,5.393,128.83,19.99,19.93,0,2,129.49,5/7/2025,Good,7.973,0.0022,2.990,0.00084,0.00,0.00,0.00,3.986,0.0011,1.993,0.00056,19.80,0.712,0.00,0.00,0.00,0.00,0.00,0.00,0.00,0.00,0.00,0.00,0.00,0.00,0.036
-93.77549260,42.01721721,A1/A2,TaskName 5/7/2025 (GreenStar 4 Monitor),Zidua SC & Sharpen,182,5/7/2025,1.000,On,1122.2,112.50,-4.375,9.537,13.98,4.777,128.72,19.99,19.96,0,2,129.98,5/7/2025,Good,7.983,0.0023,2.994,0.00084,0.00,0.00,0.00,3.991,0.0011,1.996,0.00056,19.83,0.716,0.00,0.00,0.00,0.00,0.00,0.00,0.00,0.00,0.00,0.00,0.00,0.00,0.036
-93.77545266,42.01719317,A1/A2,TaskName 5/7/2025 (GreenStar 4 Monitor),Zidua SC & Sharpen,183,5/7/2025,1.000,On,1121.9,111.25,-5.000,9.522,13.96,4.777,128.80,19.99,19.94,0,2,128.32,5/7/2025,Good,7.974,0.0022,2.990,0.00083,0.00,0.00,0.00,3.987,0.0011,1.994,0.00056,19.81,0.706,0.00,0.00,0.00,0.00,0.00,0.00,0.00,0.00,0.00,0.00,0.00,0.00,0.036
-93.77541266,42.01716914,A1/A2,TaskName 5/7/2025 (GreenStar 4 Monitor),Zidua SC & Sharpen,184,5/7/2025,1.001,On,1121.6,111.25,-5.000,9.506,13.95,5.145,129.00,19.99,19.92,0,2,128.13,5/7/2025,Good,7.967,0.0022,2.988,0.00083,0.00,0.00,0.00,3.983,0.0011,1.992,0.00055,19.79,0.705,0.00,0.00,0.00,0.00,0.00,0.00,0.00,0.00,0.00,0.00,0.00,0.00,0.036
-93.77538077,42.01715023,A1/A2,TaskName 5/7/2025 (GreenStar 4 Monitor),Zidua SC & Sharpen,185,5/7/2025,0.794,On,1121.4,111.25,-5.000,9.484,11.04,5.507,129.18,19.99,19.92,0,2,127.80,5/7/2025,Good,7.968,0.0018,2.988,0.00066,0.00,0.00,0.00,3.984,0.00088,1.992,0.00044,19.79,0.558,0.00,0.00,0.00,0.00,0.00,0.00,0.00,0.00,0.00,0.00,0.00,0.00,0.028
-93.77534148,42.01712593,A1/A2,TaskName 5/7/2025 (GreenStar 4 Monitor),Zidua SC & Sharpen,186,5/7/2025,1.005,On,1121.1,110.00,-5.625,9.433,13.89,5.349,128.15,19.99,19.96,0,2,125.68,5/7/2025,Good,7.985,0.0022,2.995,0.00082,0.00,0.00,0.00,3.993,0.0011,1.996,0.00055,19.83,0.696,0.00,0.00,0.00,0.00,0.00,0.00,0.00,0.00,0.00,0.00,0.00,0.00,0.035
-93.77530131,42.01710219,A1/A2,TaskName 5/7/2025 (GreenStar 4 Monitor),Zidua SC & Sharpen,187,5/7/2025,1.000,On,1120.9,110.00,-5.625,9.485,13.91,4.656,127.18,19.99,19.79,0,2,126.43,5/7/2025,Good,7.915,0.0022,2.968,0.00081,0.00,0.00,0.00,3.958,0.0011,1.979,0.00054,19.66,0.690,0.00,0.00,0.00,0.00,0.00,0.00,0.00,0.00,0.00,0.00,0.00,0.00,0.035
-93.77526066,42.01707913,A1/A2,TaskName 5/7/2025 (GreenStar 4 Monitor),Zidua SC & Sharpen,188,5/7/2025,1.000,On,1120.9,110.00,-5.625,9.483,13.90,4.799,127.25,19.99,19.85,0,2,126.37,5/7/2025,Good,7.938,0.0022,2.977,0.00082,0.00,0.00,0.00,3.969,0.0011,1.985,0.00054,19.72,0.692,0.00,0.00,0.00,0.00,0.00,0.00,0.00,0.00,0.00,0.00,0.00,0.00,0.035
-93.77525266,42.01707441,A1/A2,TaskName 5/7/2025 (GreenStar 4 Monitor),Zidua SC & Sharpen,189,5/7/2025,0.200,On,1120.8,110.00,-5.625,9.451,2.772,5.138,127.41,19.99,19.82,0,2,126.01,5/7/2025,Good,7.928,0.00043,2.973,0.00016,0.00,0.00,0.00,3.964,0.00022,1.982,0.00011,19.69,0.138,0.00,0.00,0.00,0.00,0.00,0.00,0.00,0.00,0.00,0.00,0.00,0.00,0.0070
-93.77521269,42.01705172,A1/A2,TaskName 5/7/2025 (GreenStar 4 Monitor),Zidua SC & Sharpen,190,5/7/2025,1.000,On,1120.6,111.25,-5.000,9.384,13.76,6.405,128.37,19.99,20.01,0,2,126.48,5/7/2025,Good,8.003,0.0022,3.001,0.00082,0.00,0.00,0.00,4.001,0.0011,2.001,0.00055,19.88,0.698,0.00,0.00,0.00,0.00,0.00,0.00,0.00,0.00,0.00,0.00,0.00,0.00,0.035
-93.77517259,42.01702811,A1/A2,TaskName 5/7/2025 (GreenStar 4 Monitor),Zidua SC & Sharpen,191,5/7/2025,0.996,On,1120.7,111.25,-5.000,9.388,13.71,6.287,129.35,19.99,19.97,0,2,126.53,5/7/2025,Good,7.990,0.0022,2.996,0.00082,0.00,0.00,0.00,3.995,0.0011,1.997,0.00055,19.84,0.695,0.00,0.00,0.00,0.00,0.00,0.00,0.00,0.00,0.00,0.00,0.00,0.00,0.035
-93.77513316,42.01700405,A1/A2,TaskName 5/7/2025 (GreenStar 4 Monitor),Zidua SC & Sharpen,192,5/7/2025,0.999,On,1120.6,111.25,-5.000,9.455,13.85,5.765,129.91,19.99,19.96,0,2,127.42,5/7/2025,Good,7.982,0.0022,2.993,0.00083,0.00,0.00,0.00,3.991,0.0011,1.996,0.00055,19.83,0.701,0.00,0.00,0.00,0.00,0.00,0.00,0.00,0.00,0.00,0.00,0.00,0.00,0.035
-93.77510955,42.01698929,A1/A2,TaskName 5/7/2025 (GreenStar 4 Monitor),Zidua SC & Sharpen,193,5/7/2025,0.605,On,1120.7,111.25,-5.000,9.459,8.389,4.996,130.11,19.99,19.92,0,2,127.49,5/7/2025,Good,7.970,0.0013,2.989,0.00050,0.00,0.00,0.00,3.985,0.00067,1.992,0.00033,19.79,0.424,0.00,0.00,0.00,0.00,0.00,0.00,0.00,0.00,0.00,0.00,0.00,0.00,0.021
-93.77507082,42.01696486,A1/A2,TaskName 5/7/2025 (GreenStar 4 Monitor),Zidua SC & Sharpen,194,5/7/2025,1.000,On,1120.6,110.00,-5.625,9.462,13.87,5.005,130.05,19.99,19.85,0,2,126.07,5/7/2025,Good,7.939,0.0022,2.977,0.00081,0.00,0.00,0.00,3.970,0.0011,1.985,0.00054,19.72,0.691,0.00,0.00,0.00,0.00,0.00,0.00,0.00,0.00,0.00,0.00,0.00,0.00,0.035
-93.77503216,42.01694046,A1/A2,TaskName 5/7/2025 (GreenStar 4 Monitor),Zidua SC & Sharpen,195,5/7/2025,1.001,On,1120.6,108.75,-6.250,9.401,13.80,5.860,128.96,19.99,20.11,0,2,123.87,5/7/2025,Good,8.043,0.0022,3.016,0.00081,0.00,0.00,0.00,4.021,0.0011,2.011,0.00054,19.98,0.688,0.00,0.00,0.00,0.00,0.00,0.00,0.00,0.00,0.00,0.00,0.00,0.00,0.034
-93.77499385,42.01691730,A1/A2,TaskName 5/7/2025 (GreenStar 4 Monitor),Zidua SC & Sharpen,196,5/7/2025,0.999,On,1120.6,108.75,-6.250,9.277,13.59,4.645,128.50,19.99,19.90,0,2,122.26,5/7/2025,Good,7.962,0.0021,2.986,0.00079,0.00,0.00,0.00,3.981,0.0011,1.990,0.00053,19.77,0.671,0.00,0.00,0.00,0.00,0.00,0.00,0.00,0.00,0.00,0.00,0.00,0.00,0.034
-93.77495641,42.01689525,A1/A2,TaskName 5/7/2025 (GreenStar 4 Monitor),Zidua SC & Sharpen,197,5/7/2025,1.000,On,1120.6,108.75,-6.250,8.974,13.15,5.320,128.59,19.99,20.01,0,2,118.21,5/7/2025,Good,8.004,0.0021,3.002,0.00077,0.00,0.00,0.00,4.002,0.0010,2.001,0.00051,19.88,0.653,0.00,0.00,0.00,0.00,0.00,0.00,0.00,0.00,0.00,0.00,0.00,0.00,0.033
-93.77491965,42.01687322,A1/A2,TaskName 5/7/2025 (GreenStar 4 Monitor),Zidua SC & Sharpen,198,5/7/2025,1.000,On,1120.7,108.75,-6.250,8.777,12.87,5.851,128.41,19.99,20.02,0,2,115.65,5/7/2025,Good,8.008,0.0020,3.003,0.00075,0.00,0.00,0.00,4.004,0.0010,2.002,0.00050,19.89,0.639,0.00,0.00,0.00,0.00,0.00,0.00,0.00,0.00,0.00,0.00,0.00,0.00,0.032
-93.77489745,42.01686015,A1/A2,TaskName 5/7/2025 (GreenStar 4 Monitor),Zidua SC & Sharpen,199,5/7/2025,0.601,On,1120.8,108.75,-6.250,8.746,7.694,5.515,128.33,19.99,20.02,0,2,115.05,5/7/2025,Good,8.008,0.0012,3.003,0.00045,0.00,0.00,0.00,4.004,0.00060,2.002,0.00030,19.89,0.382,0.00,0.00,0.00,0.00,0.00,0.00,0.00,0.00,0.00,0.00,0.00,0.00,0.019
-93.77489002,42.01685585,A1/A2,TaskName 5/7/2025 (GreenStar 4 Monitor),Zidua SC & Sharpen,200,5/7/2025,0.199,On,1120.8,107.50,-5.625,8.744,2.562,5.231,128.33,19.99,19.97,0,2,114.39,5/7/2025,Good,7.988,0.00039,2.996,0.00015,0.00,0.00,0.00,3.994,0.00020,1.997,9.866e-05,19.84,0.125,0.00,0.00,0.00,0.00,0.00,0.00,0.00,0.00,0.00,0.00,0.00,0.00,0.0063
-93.77487570,42.01684729,A1/A2,TaskName 5/7/2025 (GreenStar 4 Monitor),Zidua SC & Sharpen,201,5/7/2025,0.395,On,1120.8,103.75,-2.500,8.711,5.046,4.666,128.23,19.99,20.08,0,2,109.53,5/7/2025,Good,8.031,0.00075,3.012,0.00028,0.00,0.00,0.00,4.015,0.00038,2.008,0.00019,19.95,0.240,0.00,0.00,0.00,0.00,0.00,0.00,0.00,0.00,0.00,0.00,0.00,0.00,0.012
-93.77486841,42.01684303,A1/A2,TaskName 5/7/2025 (GreenStar 4 Monitor),Zidua SC & Sharpen,202,5/7/2025,0.205,On,1120.8,102.50,-1.875,8.614,2.589,4.114,128.17,19.99,20.11,0,2,106.97,5/7/2025,Good,8.044,0.00038,3.016,0.00014,0.00,0.00,0.00,4.022,0.00019,2.011,9.569e-05,19.98,0.122,0.00,0.00,0.00,0.00,0.00,0.00,0.00,0.00,0.00,0.00,0.00,0.00,0.0061
-93.77486160,42.01683882,A1/A2,TaskName 5/7/2025 (GreenStar 4 Monitor),Zidua SC & Sharpen,203,5/7/2025,0.200,On,1120.7,97.50,0.625,8.585,2.516,3.996,128.03,19.99,20.17,0,2,101.38,5/7/2025,Good,8.069,0.00036,3.026,0.00013,0.00,0.00,0.00,4.035,0.00018,2.017,8.877e-05,20.04,0.113,0.00,0.00,0.00,0.00,0.00,0.00,0.00,0.00,0.00,0.00,0.00,0.00,0.0056
-93.77485485,42.01683484,A1/A2,TaskName 5/7/2025 (GreenStar 4 Monitor),Zidua SC & Sharpen,204,5/7/2025,0.200,On,1120.8,93.75,2.500,8.476,2.484,3.745,127.92,19.99,20.30,0,2,96.21,5/7/2025,Good,8.121,0.00034,3.045,0.00013,0.00,0.00,0.00,4.060,0.00017,2.030,8.478e-05,20.17,0.108,0.00,0.00,0.00,0.00,0.00,0.00,0.00,0.00,0.00,0.00,0.00,0.00,0.0053
-93.77484814,42.01683102,A1/A2,TaskName 5/7/2025 (GreenStar 4 Monitor),Zidua SC & Sharpen,205,5/7/2025,0.196,On,1120.8,91.25,3.750,8.297,2.372,3.434,127.89,19.99,20.26,0,2,91.27,5/7/2025,Good,8.104,0.00031,3.039,0.00012,0.00,0.00,0.00,4.052,0.00016,2.026,7.865e-05,20.13,0.100,0.00,0.00,0.00,0.00,0.00,0.00,0.00,0.00,0.00,0.00,0.00,0.00,0.0050
-93.77483532,42.01682351,A1/A2,TaskName 5/7/2025 (GreenStar 4 Monitor),Zidua SC & Sharpen,206,5/7/2025,0.404,On,1120.8,88.75,5.000,8.024,4.760,4.065,127.67,19.99,20.34,0,2,86.43,5/7/2025,Good,8.136,0.00062,3.051,0.00023,0.00,0.00,0.00,4.068,0.00031,2.034,0.00015,20.21,0.196,0.00,0.00,0.00,0.00,0.00,0.00,0.00,0.00,0.00,0.00,0.00,0.00,0.0097
-93.77482893,42.01681969,A1/A2,TaskName 5/7/2025 (GreenStar 4 Monitor),Zidua SC & Sharpen,207,5/7/2025,0.200,On,1120.8,78.75,8.750,7.776,2.280,4.729,127.60,19.99,20.59,0,2,74.20,5/7/2025,Good,8.236,0.00027,3.089,9.947e-05,0.00,0.00,0.00,4.118,0.00013,2.059,6.631e-05,20.46,0.084,0.00,0.00,0.00,0.00,0.00,0.00,0.00,0.00,0.00,0.00,0.00,0.00,0.0041
-93.77482250,42.01681616,A1/A2,TaskName 5/7/2025 (GreenStar 4 Monitor),Zidua SC & Sharpen,208,5/7/2025,0.195,On,1120.9,70.00,13.12,7.682,2.195,4.854,127.59,19.99,20.84,0,2,65.12,5/7/2025,Good,8.334,0.00023,3.125,8.612e-05,0.00,0.00,0.00,4.167,0.00011,2.084,5.742e-05,20.70,0.073,0.00,0.00,0.00,0.00,0.00,0.00,0.00,0.00,0.00,0.00,0.00,0.00,0.0035
-93.77481612,42.01681244,A1/A2,TaskName 5/7/2025 (GreenStar 4 Monitor),Zidua SC & Sharpen,209,5/7/2025,0.201,On,1121.0,60.00,16.87,7.579,2.221,4.550,127.50,19.99,20.80,0,2,54.80,5/7/2025,Good,8.322,0.00020,3.121,7.459e-05,0.00,0.00,0.00,4.161,9.945e-05,2.080,4.972e-05,20.67,0.063,0.00,0.00,0.00,0.00,0.00,0.00,0.00,0.00,0.00,0.00,0.00,0.00,0.0031
-93.77480988,42.01680880,A1/A2,TaskName 5/7/2025 (GreenStar 4 Monitor),Zidua SC & Sharpen,210,5/7/2025,0.200,On,1121.0,7.500,13.12,7.530,2.208,4.491,127.32,19.99,20.98,0,2,6.843,5/7/2025,Good,8.390,2.492e-05,3.146,9.345e-06,0.00,0.00,0.00,4.195,1.246e-05,2.098,6.230e-06,20.84,0.0079,0.00,0.00,0.00,0.00,0.00,0.00,0.00,0.00,0.00,0.00,0.00,0.00,0.00038
-93.77497938,42.01674975,A1/A2,TaskName 5/7/2025 (GreenStar 4 Monitor),Zidua SC & Sharpen,211,5/7/2025,0.201,On,1120.5,1.250,-2.498,2.854,0.839,2.695,17.84,19.99,23.94,0,3,0.431,5/7/2025,Over Target,9.575,1.800e-06,3.590,6.750e-07,0.00,0.00,0.00,4.787,9.000e-07,2.394,4.500e-07,23.78,0.00057,0.00,0.00,0.00,0.00,0.00,0.00,0.00,0.00,0.00,0.00,0.00,0.00,2.406e-05
-93.77497961,42.01674456,A1/A2,TaskName 5/7/2025 (GreenStar 4 Monitor),Zidua SC & Sharpen,212,5/7/2025,0.800,On,1120.5,2.500,-3.123,1.863,1.960,2.869,14.89,19.99,25.01,0,3,0.506,5/7/2025,Over Target,10.01,8.793e-06,3.752,3.297e-06,0.00,0.00,0.00,5.003,4.396e-06,2.501,2.198e-06,24.85,0.0028,0.00,0.00,0.00,0.00,0.00,0.00,0.00,0.00,0.00,0.00,0.00,0.00,0.00011
-93.77497975,42.01674437,A1/A2,TaskName 5/7/2025 (GreenStar 4 Monitor),Zidua SC & Sharpen,213,5/7/2025,0.400,On,1120.5,1.250,-2.498,0.468,0.220,2.931,15.00,19.99,56.70,0,3,0.057,5/7/2025,Over Target,22.68,1.121e-06,8.505,4.204e-07,0.00,0.00,0.00,11.34,5.605e-07,5.670,2.802e-07,56.33,0.00036,0.00,0.00,0.00,0.00,0.00,0.00,0.00,0.00,0.00,0.00,0.00,0.00,6.327e-06
-93.77497714,42.01675285,A1/A2,TaskName 5/7/2025 (GreenStar 4 Monitor),Zidua SC & Sharpen,214,5/7/2025,0.399,On,1120.6,2.500,-11.87,2.003,1.172,5.936,14.21,19.99,25.53,0,4,0.607,5/7/2025,Over Target,10.21,5.367e-06,3.830,2.013e-06,0.00,0.00,0.00,5.107,2.683e-06,2.553,1.342e-06,25.37,0.0017,0.00,0.00,0.00,0.00,0.00,0.00,0.00,0.00,0.00,0.00,0.00,0.00,6.726e-05
-93.77497485,42.01675690,A1/A2,TaskName 5/7/2025 (GreenStar 4 Monitor),Zidua SC & Sharpen,215,5/7/2025,0.400,On,1120.5,3.750,-13.75,2.545,1.487,5.999,12.07,19.99,23.50,0,4,1.152,5/7/2025,Over Target,9.401,9.401e-06,3.525,3.525e-06,0.00,0.00,0.00,4.700,4.700e-06,2.350,2.350e-06,23.35,0.0030,0.00,0.00,0.00,0.00,0.00,0.00,0.00,0.00,0.00,0.00,0.00,0.00,0.00013
-93.77497339,42.01675934,A1/A2,TaskName 5/7/2025 (GreenStar 4 Monitor),Zidua SC & Sharpen,216,5/7/2025,0.196,On,1120.6,2.500,-14.37,2.143,0.615,5.997,10.65,19.99,23.23,0,4,0.649,5/7/2025,Over Target,9.292,2.564e-06,3.485,9.616e-07,0.00,0.00,0.00,4.646,1.282e-06,2.323,6.411e-07,23.08,0.00082,0.00,0.00,0.00,0.00,0.00,0.00,0.00,0.00,0.00,0.00,0.00,0.00,3.532e-05
-93.77499571,42.01699529,A1/A2,TaskName 5/7/2025 (GreenStar 4 Monitor),Zidua SC & Sharpen,217,5/7/2025,0.196,On,1120.7,1.250,60.00,8.753,2.515,7.668,359.08,19.99,20.06,0,5,1.326,5/7/2025,Good,8.022,4.523e-06,3.008,1.696e-06,0.00,0.00,0.00,4.011,2.262e-06,2.006,1.131e-06,19.93,0.0014,0.00,0.00,0.00,0.00,0.00,0.00,0.00,0.00,0.00,0.00,0.00,0.00,7.217e-05
-93.77499596,42.01700261,A1/A2,TaskName 5/7/2025 (GreenStar 4 Monitor),Zidua SC & Sharpen,218,5/7/2025,0.204,On,1120.7,3.750,58.75,8.831,2.643,9.015,359.17,19.99,18.56,0,5,4.015,5/7/2025,Good,7.424,1.320e-05,2.784,4.949e-06,0.00,0.00,0.00,3.712,6.598e-06,1.856,3.299e-06,18.44,0.0042,0.00,0.00,0.00,0.00,0.00,0.00,0.00,0.00,0.00,0.00,0.00,0.00,0.00023
-93.77499603,42.01701011,A1/A2,TaskName 5/7/2025 (GreenStar 4 Monitor),Zidua SC & Sharpen,219,5/7/2025,0.201,On,1120.7,7.500,56.87,8.923,2.630,9.372,359.18,19.99,17.78,0,5,8.110,5/7/2025,Good,7.111,2.516e-05,2.667,9.434e-06,0.00,0.00,0.00,3.556,1.258e-05,1.778,6.289e-06,17.66,0.0080,0.00,0.00,0.00,0.00,0.00,0.00,0.00,0.00,0.00,0.00,0.00,0.00,0.00045
-93.77499629,42.01701783,A1/A2,TaskName 5/7/2025 (GreenStar 4 Monitor),Zidua SC & Sharpen,220,5/7/2025,0.199,On,1120.8,11.25,55.00,9.051,2.643,8.777,359.21,19.99,19.10,0,5,12.35,5/7/2025,Good,7.642,4.075e-05,2.866,1.528e-05,0.00,0.00,0.00,3.821,2.038e-05,1.910,1.019e-05,18.98,0.013,0.00,0.00,0.00,0.00,0.00,0.00,0.00,0.00,0.00,0.00,0.00,0.00,0.00068
-93.77499644,42.01702564,A1/A2,TaskName 5/7/2025 (GreenStar 4 Monitor),Zidua SC & Sharpen,221,5/7/2025,0.200,On,1120.7,15.00,53.12,9.227,2.709,8.447,359.13,19.99,18.48,0,5,16.79,5/7/2025,Good,7.394,5.388e-05,2.773,2.020e-05,0.00,0.00,0.00,3.697,2.694e-05,1.848,1.347e-05,18.36,0.017,0.00,0.00,0.00,0.00,0.00,0.00,0.00,0.00,0.00,0.00,0.00,0.00,0.00093
-93.77499640,42.01703363,A1/A2,TaskName 5/7/2025 (GreenStar 4 Monitor),Zidua SC & Sharpen,222,5/7/2025,0.200,On,1120.8,18.75,51.25,9.413,2.761,8.196,358.84,19.99,18.30,0,5,21.39,5/7/2025,Good,7.321,6.798e-05,2.745,2.549e-05,0.00,0.00,0.00,3.660,3.399e-05,1.830,1.699e-05,18.18,0.022,0.00,0.00,0.00,0.00,0.00,0.00,0.00,0.00,0.00,0.00,0.00,0.00,0.0012
-93.77499635,42.01704177,A1/A2,TaskName 5/7/2025 (GreenStar 4 Monitor),Zidua SC & Sharpen,223,5/7/2025,0.200,On,1120.8,23.75,48.75,9.601,2.817,8.077,358.56,19.99,18.51,0,5,27.65,5/7/2025,Good,7.402,8.882e-05,2.776,3.331e-05,0.00,0.00,0.00,3.701,4.441e-05,1.851,2.220e-05,18.39,0.028,0.00,0.00,0.00,0.00,0.00,0.00,0.00,0.00,0.00,0.00,0.00,0.00,0.0015
-93.77499658,42.01704992,A1/A2,TaskName 5/7/2025 (GreenStar 4 Monitor),Zidua SC & Sharpen,224,5/7/2025,0.200,On,1120.8,28.75,46.25,9.787,2.873,7.602,358.48,19.99,18.23,0,5,34.13,5/7/2025,Good,7.291,0.00011,2.734,4.050e-05,0.00,0.00,0.00,3.646,5.400e-05,1.823,2.700e-05,18.11,0.034,0.00,0.00,0.00,0.00,0.00,0.00,0.00,0.00,0.00,0.00,0.00,0.00,0.0019
-93.77499692,42.01705810,A1/A2,TaskName 5/7/2025 (GreenStar 4 Monitor),Zidua SC & Sharpen,225,5/7/2025,0.201,On,1120.8,32.50,44.37,9.921,2.912,7.166,358.71,19.99,18.37,0,5,38.91,5/7/2025,Good,7.347,0.00012,2.755,4.676e-05,0.00,0.00,0.00,3.673,6.235e-05,1.837,3.118e-05,18.25,0.040,0.00,0.00,0.00,0.00,0.00,0.00,0.00,0.00,0.00,0.00,0.00,0.00,0.0022
-93.77499735,42.01706633,A1/A2,TaskName 5/7/2025 (GreenStar 4 Monitor),Zidua SC & Sharpen,226,5/7/2025,0.195,On,1120.9,36.25,42.50,10.02,2.866,7.073,359.01,19.99,18.33,0,5,44.03,5/7/2025,Good,7.334,0.00014,2.750,5.125e-05,0.00,0.00,0.00,3.667,6.833e-05,1.833,3.416e-05,18.22,0.043,0.00,0.00,0.00,0.00,0.00,0.00,0.00,0.00,0.00,0.00,0.00,0.00,0.0024
-93.77499777,42.01707459,A1/A2,TaskName 5/7/2025 (GreenStar 4 Monitor),Zidua SC & Sharpen,227,5/7/2025,0.205,On,1120.9,37.50,41.87,10.10,3.050,7.053,359.18,19.99,18.45,0,5,46.11,5/7/2025,Good,7.381,0.00015,2.768,5.677e-05,0.00,0.00,0.00,3.690,7.570e-05,1.845,3.785e-05,18.33,0.048,0.00,0.00,0.00,0.00,0.00,0.00,0.00,0.00,0.00,0.00,0.00,0.00,0.0026
-93.77499782,42.01708285,A1/A2,TaskName 5/7/2025 (GreenStar 4 Monitor),Zidua SC & Sharpen,228,5/7/2025,0.199,On,1120.9,40.00,40.62,10.16,2.968,7.384,359.32,19.99,18.45,0,5,49.30,5/7/2025,Good,7.381,0.00016,2.768,5.893e-05,0.00,0.00,0.00,3.690,7.857e-05,1.845,3.929e-05,18.33,0.050,0.00,0.00,0.00,0.00,0.00,0.00,0.00,0.00,0.00,0.00,0.00,0.00,0.0027
-93.77499805,42.01709119,A1/A2,TaskName 5/7/2025 (GreenStar 4 Monitor),Zidua SC & Sharpen,229,5/7/2025,0.196,On,1120.9,43.75,38.75,10.21,2.935,7.146,359.57,19.99,18.27,0,5,54.14,5/7/2025,Good,7.308,0.00017,2.741,6.311e-05,0.00,0.00,0.00,3.654,8.415e-05,1.827,4.208e-05,18.15,0.054,0.00,0.00,0.00,0.00,0.00,0.00,0.00,0.00,0.00,0.00,0.00,0.00,0.0029
-93.77499845,42.01709965,A1/A2,TaskName 5/7/2025 (GreenStar 4 Monitor),Zidua SC & Sharpen,230,5/7/2025,0.205,On,1121.0,47.50,36.87,10.26,3.070,6.631,359.94,19.99,18.35,0,5,58.78,5/7/2025,Good,7.338,0.00019,2.752,7.196e-05,0.00,0.00,0.00,3.669,9.595e-05,1.835,4.797e-05,18.23,0.061,0.00,0.00,0.00,0.00,0.00,0.00,0.00,0.00,0.00,0.00,0.00,0.00,0.0033
-93.77499870,42.01710813,A1/A2,TaskName 5/7/2025 (GreenStar 4 Monitor),Zidua SC & Sharpen,231,5/7/2025,0.199,On,1121.0,51.25,35.00,10.34,3.033,6.433,0.314,19.99,18.42,0,5,64.56,5/7/2025,Good,7.368,0.00021,2.763,7.704e-05,0.00,0.00,0.00,3.684,0.00010,1.842,5.136e-05,18.30,0.065,0.00,0.00,0.00,0.00,0.00,0.00,0.00,0.00,0.00,0.00,0.00,0.00,0.0036
-93.77499888,42.01711653,A1/A2,TaskName 5/7/2025 (GreenStar 4 Monitor),Zidua SC & Sharpen,232,5/7/2025,0.200,On,1121.0,55.00,33.12,10.40,3.053,6.353,0.557,19.99,18.13,0,5,69.39,5/7/2025,Good,7.253,0.00022,2.720,8.191e-05,0.00,0.00,0.00,3.626,0.00011,1.813,5.461e-05,18.01,0.069,0.00,0.00,0.00,0.00,0.00,0.00,0.00,0.00,0.00,0.00,0.00,0.00,0.0039
-93.77499888,42.01712494,A1/A2,TaskName 5/7/2025 (GreenStar 4 Monitor),Zidua SC & Sharpen,233,5/7/2025,0.200,On,1121.0,58.75,31.25,10.43,3.060,6.419,0.690,19.99,18.11,0,5,74.28,5/7/2025,Good,7.244,0.00023,2.717,8.758e-05,0.00,0.00,0.00,3.622,0.00012,1.811,5.839e-05,17.99,0.074,0.00,0.00,0.00,0.00,0.00,0.00,0.00,0.00,0.00,0.00,0.00,0.00,0.0041
-93.77499888,42.01713331,A1/A2,TaskName 5/7/2025 (GreenStar 4 Monitor),Zidua SC & Sharpen,234,5/7/2025,0.200,On,1121.0,62.50,29.37,10.44,3.063,6.743,0.659,19.99,18.08,0,5,79.11,5/7/2025,Good,7.231,0.00025,2.712,9.310e-05,0.00,0.00,0.00,3.616,0.00012,1.808,6.207e-05,17.96,0.079,0.00,0.00,0.00,0.00,0.00,0.00,0.00,0.00,0.00,0.00,0.00,0.00,0.0044
-93.77499868,42.01714174,A1/A2,TaskName 5/7/2025 (GreenStar 4 Monitor),Zidua SC & Sharpen,235,5/7/2025,0.200,On,1121.1,66.25,27.50,10.43,3.060,6.855,0.510,19.99,18.12,0,5,83.76,5/7/2025,Good,7.248,0.00026,2.718,9.882e-05,0.00,0.00,0.00,3.624,0.00013,1.812,6.588e-05,18.00,0.084,0.00,0.00,0.00,0.00,0.00,0.00,0.00,0.00,0.00,0.00,0.00,0.00,0.0047
-93.77499858,42.01715012,A1/A2,TaskName 5/7/2025 (GreenStar 4 Monitor),Zidua SC & Sharpen,236,5/7/2025,0.201,On,1121.1,70.00,25.62,10.44,3.076,6.908,0.408,19.99,18.41,0,5,88.54,5/7/2025,Good,7.364,0.00028,2.761,0.00011,0.00,0.00,0.00,3.682,0.00014,1.841,7.110e-05,18.29,0.090,0.00,0.00,0.00,0.00,0.00,0.00,0.00,0.00,0.00,0.00,0.00,0.00,0.0049
-93.77499867,42.01715842,A1/A2,TaskName 5/7/2025 (GreenStar 4 Monitor),Zidua SC & Sharpen,237,5/7/2025,0.200,On,1121.1,73.75,23.75,10.44,3.047,6.802,0.345,19.99,18.29,0,5,92.85,5/7/2025,Good,7.317,0.00029,2.744,0.00011,0.00,0.00,0.00,3.658,0.00015,1.829,7.371e-05,18.17,0.094,0.00,0.00,0.00,0.00,0.00,0.00,0.00,0.00,0.00,0.00,0.00,0.00,0.0052
-93.77499856,42.01716691,A1/A2,TaskName 5/7/2025 (GreenStar 4 Monitor),Zidua SC & Sharpen,238,5/7/2025,0.199,On,1121.2,77.50,21.87,10.41,3.053,6.657,0.196,19.99,18.40,0,5,98.27,5/7/2025,Good,7.359,0.00031,2.760,0.00012,0.00,0.00,0.00,3.680,0.00016,1.840,7.808e-05,18.28,0.099,0.00,0.00,0.00,0.00,0.00,0.00,0.00,0.00,0.00,0.00,0.00,0.00,0.0054
-93.77499841,42.01717530,A1/A2,TaskName 5/7/2025 (GreenStar 4 Monitor),Zidua SC & Sharpen,239,5/7/2025,0.196,On,1121.2,81.25,20.00,10.44,3.001,7.152,0.0078,19.99,18.21,0,5,102.80,5/7/2025,Good,7.283,0.00032,2.731,0.00012,0.00,0.00,0.00,3.641,0.00016,1.821,7.961e-05,18.09,0.101,0.00,0.00,0.00,0.00,0.00,0.00,0.00,0.00,0.00,0.00,0.00,0.00,0.0056
-93.77499841,42.01718375,A1/A2,TaskName 5/7/2025 (GreenStar 4 Monitor),Zidua SC & Sharpen,240,5/7/2025,0.200,On,1121.2,85.00,18.12,10.44,3.050,6.783,359.86,19.99,18.38,0,5,107.12,5/7/2025,Good,7.351,0.00034,2.757,0.00013,0.00,0.00,0.00,3.675,0.00017,1.838,8.544e-05,18.26,0.109,0.00,0.00,0.00,0.00,0.00,0.00,0.00,0.00,0.00,0.00,0.00,0.00,0.0060
-93.77499824,42.01719225,A1/A2,TaskName 5/7/2025 (GreenStar 4 Monitor),Zidua SC & Sharpen,241,5/7/2025,0.204,On,1121.2,90.00,15.62,10.46,3.145,6.802,359.84,19.99,18.44,0,5,114.67,5/7/2025,Good,7.377,0.00037,2.766,0.00014,0.00,0.00,0.00,3.688,0.00019,1.844,9.362e-05,18.32,0.119,0.00,0.00,0.00,0.00,0.00,0.00,0.00,0.00,0.00,0.00,0.00,0.00,0.0065
-93.77499829,42.01720058,A1/A2,TaskName 5/7/2025 (GreenStar 4 Monitor),Zidua SC & Sharpen,242,5/7/2025,0.196,On,1121.3,93.75,13.75,10.46,3.007,6.908,359.90,19.99,18.41,0,5,118.88,5/7/2025,Good,7.364,0.00037,2.761,0.00014,0.00,0.00,0.00,3.682,0.00019,1.841,9.308e-05,18.29,0.118,0.00,0.00,0.00,0.00,0.00,0.00,0.00,0.00,0.00,0.00,0.00,0.00,0.0065
-93.77499840,42.01720902,A1/A2,TaskName 5/7/2025 (GreenStar 4 Monitor),Zidua SC & Sharpen,243,5/7/2025,0.204,On,1121.3,97.50,11.87,10.44,3.122,6.763,0.0076,19.99,18.32,0,5,123.32,5/7/2025,Good,7.330,0.00040,2.749,0.00015,0.00,0.00,0.00,3.665,0.00020,1.832,0.00010,18.20,0.127,0.00,0.00,0.00,0.00,0.00,0.00,0.00,0.00,0.00,0.00,0.00,0.00,0.0070
-93.77499839,42.01721730,A1/A2,TaskName 5/7/2025 (GreenStar 4 Monitor),Zidua SC & Sharpen,244,5/7/2025,0.195,On,1121.3,101.25,10.000,10.44,2.988,6.822,0.133,19.99,18.43,0,5,128.20,5/7/2025,Good,7.372,0.00040,2.765,0.00015,0.00,0.00,0.00,3.686,0.00020,1.843,9.999e-05,18.31,0.127,0.00,0.00,0.00,0.00,0.00,0.00,0.00,0.00,0.00,0.00,0.00,0.00,0.0069
-93.77499851,42.01722570,A1/A2,TaskName 5/7/2025 (GreenStar 4 Monitor),Zidua SC & Sharpen,245,5/7/2025,0.206,On,1121.3,105.00,8.125,10.41,3.145,6.776,0.251,19.99,18.55,0,5,132.48,5/7/2025,Good,7.419,0.00044,2.782,0.00016,0.00,0.00,0.00,3.710,0.00022,1.855,0.00011,18.43,0.140,0.00,0.00,0.00,0.00,0.00,0.00,0.00,0.00,0.00,0.00,0.00,0.00,0.0076
-93.77499870,42.01723398,A1/A2,TaskName 5/7/2025 (GreenStar 4 Monitor),Zidua SC & Sharpen,246,5/7/2025,0.195,On,1121.4,110.00,5.625,10.40,2.961,7.139,0.337,19.99,18.55,0,5,138.05,5/7/2025,Good,7.419,0.00043,2.782,0.00016,0.00,0.00,0.00,3.710,0.00022,1.855,0.00011,18.43,0.138,0.00,0.00,0.00,0.00,0.00,0.00,0.00,0.00,0.00,0.00,0.00,0.00,0.0075
-93.77499860,42.01724230,A1/A2,TaskName 5/7/2025 (GreenStar 4 Monitor),Zidua SC & Sharpen,247,5/7/2025,0.204,On,1121.5,113.75,3.750,10.37,3.119,7.542,0.392,19.99,18.56,0,5,143.72,5/7/2025,Good,7.424,0.00047,2.784,0.00018,0.00,0.00,0.00,3.712,0.00024,1.856,0.00012,18.44,0.150,0.00,0.00,0.00,0.00,0.00,0.00,0.00,0.00,0.00,0.00,0.00,0.00,0.0081
-93.77499855,42.01725070,A1/A2,TaskName 5/7/2025 (GreenStar 4 Monitor),Zidua SC & Sharpen,248,5/7/2025,0.196,On,1121.5,117.50,1.875,10.36,2.978,7.720,0.502,19.99,18.74,0,5,147.53,5/7/2025,Good,7.496,0.00047,2.811,0.00018,0.00,0.00,0.00,3.748,0.00024,1.874,0.00012,18.62,0.150,0.00,0.00,0.00,0.00,0.00,0.00,0.00,0.00,0.00,0.00,0.00,0.00,0.0080
-93.77499808,42.01729259,A1/A2,TaskName 5/7/2025 (GreenStar 4 Monitor),Zidua SC & Sharpen,249,5/7/2025,1.000,On,1121.7,121.25,0.00,10.39,15.24,7.611,0.321,19.99,19.17,0,5,152.75,5/7/2025,Good,7.669,0.0025,2.876,0.00095,0.00,0.00,0.00,3.835,0.0013,1.917,0.00064,19.05,0.808,0.00,0.00,0.00,0.00,0.00,0.00,0.00,0.00,0.00,0.00,0.00,0.00,0.042
-93.77499782,42.01733441,A1/A2,TaskName 5/7/2025 (GreenStar 4 Monitor),Zidua SC & Sharpen,250,5/7/2025,1.000,On,1121.8,121.25,0.00,10.42,15.28,7.709,0.0077,19.99,19.59,0,5,153.12,5/7/2025,Good,7.836,0.0026,2.938,0.00098,0.00,0.00,0.00,3.918,0.0013,1.959,0.00065,19.46,0.828,0.00,0.00,0.00,0.00,0.00,0.00,0.00,0.00,0.00,0.00,0.00,0.00,0.043
-93.77499764,42.01737675,A1/A2,TaskName 5/7/2025 (GreenStar 4 Monitor),Zidua SC & Sharpen,251,5/7/2025,1.000,On,1122.0,121.25,0.00,10.46,15.33,7.403,359.93,19.99,19.81,0,5,153.64,5/7/2025,Good,7.925,0.0026,2.972,0.00099,0.00,0.00,0.00,3.963,0.0013,1.981,0.00066,19.68,0.840,0.00,0.00,0.00,0.00,0.00,0.00,0.00,0.00,0.00,0.00,0.00,0.00,0.043
-93.77499762,42.01741890,A1/A2,TaskName 5/7/2025 (GreenStar 4 Monitor),Zidua SC & Sharpen,252,5/7/2025,1.000,On,1122.2,121.25,0.00,10.51,15.42,7.373,359.83,19.99,19.89,0,5,154.56,5/7/2025,Good,7.955,0.0027,2.983,0.0010,0.00,0.00,0.00,3.977,0.0013,1.989,0.00067,19.76,0.848,0.00,0.00,0.00,0.00,0.00,0.00,0.00,0.00,0.00,0.00,0.00,0.00,0.043
-93.77499791,42.01746111,A1/A2,TaskName 5/7/2025 (GreenStar 4 Monitor),Zidua SC & Sharpen,253,5/7/2025,1.000,On,1122.3,121.25,0.00,10.48,15.37,7.382,359.91,19.99,20.03,0,5,154.00,5/7/2025,Good,8.010,0.0027,3.004,0.0010,0.00,0.00,0.00,4.005,0.0013,2.003,0.00067,19.90,0.851,0.00,0.00,0.00,0.00,0.00,0.00,0.00,0.00,0.00,0.00,0.00,0.00,0.043
-93.77499843,42.01750337,A1/A2,TaskName 5/7/2025 (GreenStar 4 Monitor),Zidua SC & Sharpen,254,5/7/2025,1.000,On,1122.5,121.25,0.00,10.51,15.42,6.864,0.439,19.99,19.88,0,5,154.53,5/7/2025,Good,7.952,0.0027,2.982,0.0010,0.00,0.00,0.00,3.976,0.0013,1.988,0.00067,19.75,0.848,0.00,0.00,0.00,0.00,0.00,0.00,0.00,0.00,0.00,0.00,0.00,0.00,0.043
-93.77499804,42.01754541,A1/A2,TaskName 5/7/2025 (GreenStar 4 Monitor),Zidua SC & Sharpen,255,5/7/2025,0.999,On,1122.6,121.25,0.00,10.46,15.33,7.313,0.549,19.99,20.00,0,5,153.80,5/7/2025,Good,7.998,0.0027,2.999,0.0010,0.00,0.00,0.00,3.999,0.0013,2.000,0.00067,19.87,0.848,0.00,0.00,0.00,0.00,0.00,0.00,0.00,0.00,0.00,0.00,0.00,0.00,0.043
-93.77499732,42.01758736,A1/A2,TaskName 5/7/2025 (GreenStar 4 Monitor),Zidua SC & Sharpen,256,5/7/2025,1.000,On,1122.7,121.25,0.00,10.45,15.33,7.274,359.75,19.99,19.97,0,5,153.61,5/7/2025,Good,7.987,0.0027,2.995,0.00100,0.00,0.00,0.00,3.994,0.0013,1.997,0.00067,19.84,0.846,0.00,0.00,0.00,0.00,0.00,0.00,0.00,0.00,0.00,0.00,0.00,0.00,0.043
-93.77499725,42.01762983,A1/A2,TaskName 5/7/2025 (GreenStar 4 Monitor),Zidua SC & Sharpen,257,5/7/2025,1.001,On,1122.7,121.25,0.00,10.45,15.35,7.014,359.47,19.99,20.09,0,5,153.62,5/7/2025,Good,8.035,0.0027,3.013,0.0010,0.00,0.00,0.00,4.018,0.0013,2.009,0.00067,19.96,0.852,0.00,0.00,0.00,0.00,0.00,0.00,0.00,0.00,0.00,0.00,0.00,0.00,0.043
-93.77499808,42.01767208,A1/A2,TaskName 5/7/2025 (GreenStar 4 Monitor),Zidua SC & Sharpen,258,5/7/2025,1.000,On,1122.8,121.25,0.00,10.54,15.44,6.004,0.149,19.99,19.85,0,5,154.76,5/7/2025,Good,7.940,0.0027,2.977,0.00100,0.00,0.00,0.00,3.970,0.0013,1.985,0.00067,19.72,0.848,0.00,0.00,0.00,0.00,0.00,0.00,0.00,0.00,0.00,0.00,0.00,0.00,0.043
-93.77499813,42.01771409,A1/A2,TaskName 5/7/2025 (GreenStar 4 Monitor),Zidua SC & Sharpen,259,5/7/2025,1.000,On,1122.9,121.25,0.00,10.47,15.38,6.289,0.314,19.99,19.89,0,5,154.07,5/7/2025,Good,7.956,0.0027,2.984,0.00100,0.00,0.00,0.00,3.978,0.0013,1.989,0.00067,19.76,0.846,0.00,0.00,0.00,0.00,0.00,0.00,0.00,0.00,0.00,0.00,0.00,0.00,0.043
-93.77499762,42.01775616,A1/A2,TaskName 5/7/2025 (GreenStar 4 Monitor),Zidua SC & Sharpen,260,5/7/2025,0.999,On,1123.0,121.25,0.00,10.43,15.29,6.487,359.81,19.99,19.92,0,5,153.37,5/7/2025,Good,7.968,0.0026,2.988,0.00099,0.00,0.00,0.00,3.984,0.0013,1.992,0.00066,19.79,0.842,0.00,0.00,0.00,0.00,0.00,0.00,0.00,0.00,0.00,0.00,0.00,0.00,0.043
-93.77499762,42.01779816,A1/A2,TaskName 5/7/2025 (GreenStar 4 Monitor),Zidua SC & Sharpen,261,5/7/2025,1.005,On,1123.1,121.25,0.00,10.44,15.39,7.123,359.69,19.99,19.96,0,5,153.40,5/7/2025,Good,7.986,0.0027,2.995,0.0010,0.00,0.00,0.00,3.993,0.0013,1.996,0.00067,19.83,0.849,0.00,0.00,0.00,0.00,0.00,0.00,0.00,0.00,0.00,0.00,0.00,0.00,0.043
-93.77499800,42.01782339,A1/A2,TaskName 5/7/2025 (GreenStar 4 Monitor),Zidua SC & Sharpen,262,5/7/2025,0.595,On,1123.1,121.25,0.00,10.48,9.144,6.917,0.039,19.99,19.93,0,5,153.99,5/7/2025,Good,7.974,0.0016,2.990,0.00059,0.00,0.00,0.00,3.987,0.00079,1.993,0.00040,19.80,0.504,0.00,0.00,0.00,0.00,0.00,0.00,0.00,0.00,0.00,0.00,0.00,0.00,0.025
-93.77499822,42.01786551,A1/A2,TaskName 5/7/2025 (GreenStar 4 Monitor),Zidua SC & Sharpen,263,5/7/2025,1.000,On,1123.2,120.00,-0.625,10.47,15.36,6.781,0.337,19.99,19.92,0,5,152.32,5/7/2025,Good,7.967,0.0026,2.987,0.00099,0.00,0.00,0.00,3.983,0.0013,1.992,0.00066,19.79,0.837,0.00,0.00,0.00,0.00,0.00,0.00,0.00,0.00,0.00,0.00,0.00,0.00,0.042
-93.77499779,42.01790757,A1/A2,TaskName 5/7/2025 (GreenStar 4 Monitor),Zidua SC & Sharpen,264,5/7/2025,1.000,On,1123.3,120.00,-0.625,10.45,15.34,6.970,359.92,19.99,19.89,0,5,152.09,5/7/2025,Good,7.955,0.0026,2.983,0.00098,0.00,0.00,0.00,3.977,0.0013,1.989,0.00066,19.76,0.835,0.00,0.00,0.00,0.00,0.00,0.00,0.00,0.00,0.00,0.00,0.00,0.00,0.042
-93.77499784,42.01794948,A1/A2,TaskName 5/7/2025 (GreenStar 4 Monitor),Zidua SC & Sharpen,265,5/7/2025,1.000,On,1123.5,118.75,-1.250,10.42,15.29,7.345,359.95,19.99,19.95,0,5,150.06,5/7/2025,Good,7.979,0.0026,2.992,0.00097,0.00,0.00,0.00,3.989,0.0013,1.995,0.00065,19.82,0.826,0.00,0.00,0.00,0.00,0.00,0.00,0.00,0.00,0.00,0.00,0.00,0.00,0.042
-93.77499792,42.01799148,A1/A2,TaskName 5/7/2025 (GreenStar 4 Monitor),Zidua SC & Sharpen,266,5/7/2025,1.000,On,1123.6,118.75,-1.250,10.42,15.29,7.520,0.0077,19.99,19.99,0,5,150.06,5/7/2025,Good,7.997,0.0026,2.999,0.00098,0.00,0.00,0.00,3.998,0.0013,1.999,0.00065,19.86,0.828,0.00,0.00,0.00,0.00,0.00,0.00,0.00,0.00,0.00,0.00,0.00,0.00,0.042
-93.77499814,42.01801683,A1/A2,TaskName 5/7/2025 (GreenStar 4 Monitor),Zidua SC & Sharpen,267,5/7/2025,0.601,On,1123.7,118.75,-1.250,10.44,9.190,7.142,0.086,19.99,19.94,0,5,150.06,5/7/2025,Good,7.975,0.0016,2.991,0.00059,0.00,0.00,0.00,3.988,0.00078,1.994,0.00039,19.81,0.496,0.00,0.00,0.00,0.00,0.00,0.00,0.00,0.00,0.00,0.00,0.00,0.00,0.025
-93.77499811,42.01805883,A1/A2,TaskName 5/7/2025 (GreenStar 4 Monitor),Zidua SC & Sharpen,268,5/7/2025,0.999,On,1123.9,117.50,-1.875,10.45,15.32,6.982,0.055,19.99,20.00,0,5,148.94,5/7/2025,Good,8.000,0.0026,3.000,0.00097,0.00,0.00,0.00,4.000,0.0013,2.000,0.00065,19.87,0.821,0.00,0.00,0.00,0.00,0.00,0.00,0.00,0.00,0.00,0.00,0.00,0.00,0.041
-93.77499820,42.01810073,A1/A2,TaskName 5/7/2025 (GreenStar 4 Monitor),Zidua SC & Sharpen,269,5/7/2025,1.000,On,1124.1,117.50,-1.875,10.46,15.34,6.910,0.274,19.99,19.86,0,5,148.99,5/7/2025,Good,7.945,0.0026,2.979,0.00096,0.00,0.00,0.00,3.973,0.0013,1.986,0.00064,19.73,0.817,0.00,0.00,0.00,0.00,0.00,0.00,0.00,0.00,0.00,0.00,0.00,0.00,0.041
-93.77499795,42.01814281,A1/A2,TaskName 5/7/2025 (GreenStar 4 Monitor),Zidua SC & Sharpen,270,5/7/2025,1.000,On,1124.2,117.50,-1.875,10.41,15.27,7.475,0.259,19.99,19.97,0,5,148.25,5/7/2025,Good,7.989,0.0026,2.996,0.00096,0.00,0.00,0.00,3.994,0.0013,1.997,0.00064,19.84,0.817,0.00,0.00,0.00,0.00,0.00,0.00,0.00,0.00,0.00,0.00,0.00,0.00,0.041
-93.77499774,42.01818488,A1/A2,TaskName 5/7/2025 (GreenStar 4 Monitor),Zidua SC & Sharpen,271,5/7/2025,1.000,On,1124.4,117.50,-1.875,10.46,15.35,7.146,0.031,19.99,19.96,0,5,149.02,5/7/2025,Good,7.986,0.0026,2.995,0.00097,0.00,0.00,0.00,3.993,0.0013,1.996,0.00065,19.83,0.821,0.00,0.00,0.00,0.00,0.00,0.00,0.00,0.00,0.00,0.00,0.00,0.00,0.041
-93.77499744,42.01821857,A1/A2,TaskName 5/7/2025 (GreenStar 4 Monitor),Zidua SC & Sharpen,272,5/7/2025,0.800,On,1124.5,117.50,-1.875,10.44,12.26,6.715,359.65,19.99,19.96,0,5,148.77,5/7/2025,Good,7.985,0.0021,2.994,0.00077,0.00,0.00,0.00,3.992,0.0010,1.996,0.00052,19.83,0.656,0.00,0.00,0.00,0.00,0.00,0.00,0.00,0.00,0.00,0.00,0.00,0.00,0.033
-93.77499804,42.01826071,A1/A2,TaskName 5/7/2025 (GreenStar 4 Monitor),Zidua SC & Sharpen,273,5/7/2025,1.000,On,1124.7,116.25,-2.500,10.48,15.38,6.423,0.235,19.99,19.92,0,5,147.75,5/7/2025,Good,7.968,0.0026,2.988,0.00096,0.00,0.00,0.00,3.984,0.0013,1.992,0.00064,19.79,0.812,0.00,0.00,0.00,0.00,0.00,0.00,0.00,0.00,0.00,0.00,0.00,0.00,0.041
-93.77499812,42.01829426,A1/A2,TaskName 5/7/2025 (GreenStar 4 Monitor),Zidua SC & Sharpen,274,5/7/2025,0.796,On,1124.8,116.25,-2.500,10.46,12.21,7.067,0.557,19.99,19.94,0,5,147.33,5/7/2025,Good,7.974,0.0020,2.990,0.00076,0.00,0.00,0.00,3.987,0.0010,1.994,0.00051,19.81,0.645,0.00,0.00,0.00,0.00,0.00,0.00,0.00,0.00,0.00,0.00,0.00,0.00,0.033
-93.77499783,42.01831099,A1/A2,TaskName 5/7/2025 (GreenStar 4 Monitor),Zidua SC & Sharpen,275,5/7/2025,0.404,On,1124.9,115.00,-3.125,10.42,6.172,7.347,0.337,19.99,19.98,0,5,145.21,5/7/2025,Good,7.992,0.0010,2.997,0.00038,0.00,0.00,0.00,3.996,0.00051,1.998,0.00025,19.85,0.323,0.00,0.00,0.00,0.00,0.00,0.00,0.00,0.00,0.00,0.00,0.00,0.00,0.016
-93.77499699,42.01835296,A1/A2,TaskName 5/7/2025 (GreenStar 4 Monitor),Zidua SC & Sharpen,276,5/7/2025,1.000,On,1125.1,113.75,-3.750,10.42,15.28,7.259,359.40,19.99,19.96,0,5,143.68,5/7/2025,Good,7.983,0.0025,2.994,0.00093,0.00,0.00,0.00,3.992,0.0012,1.996,0.00062,19.83,0.791,0.00,0.00,0.00,0.00,0.00,0.00,0.00,0.00,0.00,0.00,0.00,0.00,0.040
-93.77499743,42.01839516,A1/A2,TaskName 5/7/2025 (GreenStar 4 Monitor),Zidua SC & Sharpen,277,5/7/2025,1.000,On,1125.3,113.75,-3.750,10.46,15.35,6.889,359.64,19.99,19.92,0,5,144.26,5/7/2025,Good,7.969,0.0025,2.988,0.00094,0.00,0.00,0.00,3.984,0.0012,1.992,0.00062,19.79,0.793,0.00,0.00,0.00,0.00,0.00,0.00,0.00,0.00,0.00,0.00,0.00,0.00,0.040
-93.77499807,42.01843693,A1/A2,TaskName 5/7/2025 (GreenStar 4 Monitor),Zidua SC & Sharpen,278,5/7/2025,1.000,On,1125.6,113.75,-3.750,10.43,15.30,7.637,0.314,19.99,19.97,0,5,143.86,5/7/2025,Good,7.987,0.0025,2.995,0.00094,0.00,0.00,0.00,3.994,0.0012,1.997,0.00062,19.84,0.793,0.00,0.00,0.00,0.00,0.00,0.00,0.00,0.00,0.00,0.00,0.00,0.00,0.040
-93.77499801,42.01844525,A1/A2,TaskName 5/7/2025 (GreenStar 4 Monitor),Zidua SC & Sharpen,279,5/7/2025,0.201,On,1125.6,113.75,-3.750,10.36,3.040,7.846,0.274,19.99,19.97,0,5,142.19,5/7/2025,Good,7.988,0.00050,2.996,0.00019,0.00,0.00,0.00,3.994,0.00025,1.997,0.00012,19.84,0.158,0.00,0.00,0.00,0.00,0.00,0.00,0.00,0.00,0.00,0.00,0.00,0.00,0.0079
-93.77499769,42.01848739,A1/A2,TaskName 5/7/2025 (GreenStar 4 Monitor),Zidua SC & Sharpen,280,5/7/2025,1.000,On,1125.9,112.50,-4.375,10.39,15.24,7.573,359.78,19.99,20.04,0,5,141.70,5/7/2025,Good,8.016,0.0025,3.006,0.00092,0.00,0.00,0.00,4.008,0.0012,2.004,0.00062,19.91,0.784,0.00,0.00,0.00,0.00,0.00,0.00,0.00,0.00,0.00,0.00,0.00,0.00,0.039
-93.77499778,42.01852958,A1/A2,TaskName 5/7/2025 (GreenStar 4 Monitor),Zidua SC & Sharpen,281,5/7/2025,1.000,On,1126.2,112.50,-4.375,10.49,15.38,7.373,359.89,19.99,19.88,0,5,143.00,5/7/2025,Good,7.953,0.0025,2.982,0.00093,0.00,0.00,0.00,3.977,0.0012,1.988,0.00062,19.75,0.785,0.00,0.00,0.00,0.00,0.00,0.00,0.00,0.00,0.00,0.00,0.00,0.00,0.040
-93.77499794,42.01857171,A1/A2,TaskName 5/7/2025 (GreenStar 4 Monitor),Zidua SC & Sharpen,282,5/7/2025,0.999,On,1126.5,112.50,-4.375,10.48,15.36,6.950,0.102,19.99,19.84,0,5,142.96,5/7/2025,Good,7.936,0.0025,2.976,0.00092,0.00,0.00,0.00,3.968,0.0012,1.984,0.00061,19.71,0.782,0.00,0.00,0.00,0.00,0.00,0.00,0.00,0.00,0.00,0.00,0.00,0.00,0.040
-93.77499763,42.01861376,A1/A2,TaskName 5/7/2025 (GreenStar 4 Monitor),Zidua SC & Sharpen,283,5/7/2025,0.995,On,1126.7,112.50,-4.375,10.47,15.26,7.373,359.84,19.99,19.82,0,5,142.62,5/7/2025,Good,7.927,0.0024,2.973,0.00092,0.00,0.00,0.00,3.964,0.0012,1.982,0.00061,19.69,0.776,0.00,0.00,0.00,0.00,0.00,0.00,0.00,0.00,0.00,0.00,0.00,0.00,0.039
-93.77499774,42.01865589,A1/A2,TaskName 5/7/2025 (GreenStar 4 Monitor),Zidua SC & Sharpen,284,5/7/2025,1.000,On,1127.0,112.50,-4.375,10.48,15.37,7.249,359.73,19.99,19.90,0,5,142.88,5/7/2025,Good,7.962,0.0025,2.986,0.00093,0.00,0.00,0.00,3.981,0.0012,1.990,0.00062,19.77,0.785,0.00,0.00,0.00,0.00,0.00,0.00,0.00,0.00,0.00,0.00,0.00,0.00,0.040
-93.77499806,42.01868961,A1/A2,TaskName 5/7/2025 (GreenStar 4 Monitor),Zidua SC & Sharpen,285,5/7/2025,0.801,On,1127.3,112.50,-4.375,10.46,12.28,7.310,0.078,19.99,19.88,0,5,142.54,5/7/2025,Good,7.954,0.0020,2.983,0.00074,0.00,0.00,0.00,3.977,0.00099,1.988,0.00049,19.76,0.627,0.00,0.00,0.00,0.00,0.00,0.00,0.00,0.00,0.00,0.00,0.00,0.00,0.032
-93.77499808,42.01873163,A1/A2,TaskName 5/7/2025 (GreenStar 4 Monitor),Zidua SC & Sharpen,286,5/7/2025,0.999,On,1127.6,111.25,-5.000,10.45,15.31,7.099,0.353,19.99,20.00,0,5,140.92,5/7/2025,Good,8.001,0.0024,3.000,0.00092,0.00,0.00,0.00,4.000,0.0012,2.000,0.00061,19.87,0.777,0.00,0.00,0.00,0.00,0.00,0.00,0.00,0.00,0.00,0.00,0.00,0.00,0.039
-93.77499741,42.01877365,A1/A2,TaskName 5/7/2025 (GreenStar 4 Monitor),Zidua SC & Sharpen,287,5/7/2025,1.001,On,1127.8,111.25,-5.000,10.46,15.34,7.173,359.56,19.99,19.97,0,5,140.91,5/7/2025,Good,7.986,0.0024,2.995,0.00092,0.00,0.00,0.00,3.993,0.0012,1.997,0.00061,19.84,0.777,0.00,0.00,0.00,0.00,0.00,0.00,0.00,0.00,0.00,0.00,0.00,0.00,0.039
-93.77499784,42.01881573,A1/A2,TaskName 5/7/2025 (GreenStar 4 Monitor),Zidua SC & Sharpen,288,5/7/2025,1.004,On,1128.1,111.25,-5.000,10.44,15.36,7.197,359.84,19.99,20.03,0,5,140.70,5/7/2025,Good,8.013,0.0025,3.005,0.00092,0.00,0.00,0.00,4.006,0.0012,2.003,0.00061,19.90,0.781,0.00,0.00,0.00,0.00,0.00,0.00,0.00,0.00,0.00,0.00,0.00,0.00,0.039
-93.77499784,42.01883277,A1/A2,TaskName 5/7/2025 (GreenStar 4 Monitor),Zidua SC & Sharpen,289,5/7/2025,0.400,On,1128.2,111.25,-5.000,10.47,6.139,6.892,359.96,19.99,19.96,0,5,141.10,5/7/2025,Good,7.986,0.00098,2.995,0.00037,0.00,0.00,0.00,3.993,0.00049,1.996,0.00024,19.84,0.311,0.00,0.00,0.00,0.00,0.00,0.00,0.00,0.00,0.00,0.00,0.00,0.00,0.016
-93.77499789,42.01887469,A1/A2,TaskName 5/7/2025 (GreenStar 4 Monitor),Zidua SC & Sharpen,290,5/7/2025,0.996,On,1128.5,110.00,-5.625,10.48,15.29,6.867,0.188,19.99,19.91,0,5,139.58,5/7/2025,Good,7.963,0.0024,2.986,0.00090,0.00,0.00,0.00,3.981,0.0012,1.991,0.00060,19.78,0.764,0.00,0.00,0.00,0.00,0.00,0.00,0.00,0.00,0.00,0.00,0.00,0.00,0.039
-93.77499748,42.01891694,A1/A2,TaskName 5/7/2025 (GreenStar 4 Monitor),Zidua SC & Sharpen,291,5/7/2025,1.004,On,1128.6,110.00,-5.625,10.48,15.42,6.732,359.82,19.99,19.88,0,5,139.63,5/7/2025,Good,7.951,0.0024,2.981,0.00091,0.00,0.00,0.00,3.975,0.0012,1.988,0.00060,19.75,0.769,0.00,0.00,0.00,0.00,0.00,0.00,0.00,0.00,0.00,0.00,0.00,0.00,0.039
-93.77499753,42.01895906,A1/A2,TaskName 5/7/2025 (GreenStar 4 Monitor),Zidua SC & Sharpen,292,5/7/2025,1.000,On,1128.8,110.00,-5.625,10.47,15.34,7.050,359.70,19.99,19.87,0,5,139.47,5/7/2025,Good,7.949,0.0024,2.981,0.00090,0.00,0.00,0.00,3.974,0.0012,1.987,0.00060,19.74,0.765,0.00,0.00,0.00,0.00,0.00,0.00,0.00,0.00,0.00,0.00,0.00,0.00,0.039
-93.77499775,42.01900119,A1/A2,TaskName 5/7/2025 (GreenStar 4 Monitor),Zidua SC & Sharpen,293,5/7/2025,1.000,On,1129.0,110.00,-5.625,10.48,15.37,6.657,359.98,19.99,19.91,0,5,139.71,5/7/2025,Good,7.965,0.0024,2.987,0.00091,0.00,0.00,0.00,3.982,0.0012,1.991,0.00060,19.78,0.768,0.00,0.00,0.00,0.00,0.00,0.00,0.00,0.00,0.00,0.00,0.00,0.00,0.039
-93.77499795,42.01904360,A1/A2,TaskName 5/7/2025 (GreenStar 4 Monitor),Zidua SC & Sharpen,294,5/7/2025,1.000,On,1129.1,110.00,-5.625,10.50,15.40,5.804,359.99,19.99,19.89,0,5,139.98,5/7/2025,Good,7.957,0.0024,2.984,0.00091,0.00,0.00,0.00,3.979,0.0012,1.989,0.00060,19.76,0.768,0.00,0.00,0.00,0.00,0.00,0.00,0.00,0.00,0.00,0.00,0.00,0.00,0.039
-93.77499798,42.01908581,A1/A2,TaskName 5/7/2025 (GreenStar 4 Monitor),Zidua SC & Sharpen,295,5/7/2025,1.001,On,1129.2,110.00,-5.625,10.51,15.43,5.397,359.95,19.99,19.76,0,5,140.10,5/7/2025,Good,7.906,0.0024,2.965,0.00090,0.00,0.00,0.00,3.953,0.0012,1.976,0.00060,19.64,0.765,0.00,0.00,0.00,0.00,0.00,0.00,0.00,0.00,0.00,0.00,0.00,0.00,0.039
-93.77499843,42.01911942,A1/A2,TaskName 5/7/2025 (GreenStar 4 Monitor),Zidua SC & Sharpen,296,5/7/2025,0.794,On,1129.2,110.00,-5.625,10.48,12.19,5.528,0.353,19.99,19.80,0,5,139.59,5/7/2025,Good,7.920,0.0019,2.970,0.00071,0.00,0.00,0.00,3.960,0.00095,1.980,0.00048,19.67,0.606,0.00,0.00,0.00,0.00,0.00,0.00,0.00,0.00,0.00,0.00,0.00,0.00,0.031
-93.77499806,42.01916133,A1/A2,TaskName 5/7/2025 (GreenStar 4 Monitor),Zidua SC & Sharpen,297,5/7/2025,1.005,On,1129.3,108.75,-6.250,10.41,15.33,6.341,0.274,19.99,19.99,0,5,137.11,5/7/2025,Good,7.998,0.0024,2.999,0.00090,0.00,0.00,0.00,3.999,0.0012,1.999,0.00060,19.86,0.760,0.00,0.00,0.00,0.00,0.00,0.00,0.00,0.00,0.00,0.00,0.00,0.00,0.038
-93.77499776,42.01920327,A1/A2,TaskName 5/7/2025 (GreenStar 4 Monitor),Zidua SC & Sharpen,298,5/7/2025,0.996,On,1129.4,108.75,-6.250,10.40,15.17,6.809,359.80,19.99,20.09,0,5,136.90,5/7/2025,Good,8.037,0.0024,3.014,0.00089,0.00,0.00,0.00,4.019,0.0012,2.009,0.00059,19.96,0.756,0.00,0.00,0.00,0.00,0.00,0.00,0.00,0.00,0.00,0.00,0.00,0.00,0.038
-93.77499771,42.01924520,A1/A2,TaskName 5/7/2025 (GreenStar 4 Monitor),Zidua SC & Sharpen,299,5/7/2025,0.999,On,1129.6,108.75,-6.250,10.42,15.27,6.483,359.68,19.99,20.05,0,5,137.40,5/7/2025,Good,8.020,0.0024,3.007,0.00090,0.00,0.00,0.00,4.010,0.0012,2.005,0.00060,19.92,0.759,0.00,0.00,0.00,0.00,0.00,0.00,0.00,0.00,0.00,0.00,0.00,0.00,0.038
-93.77499790,42.01925365,A1/A2,TaskName 5/7/2025 (GreenStar 4 Monitor),Zidua SC & Sharpen,300,5/7/2025,0.201,On,1129.6,108.75,-6.250,10.44,3.074,6.083,359.77,19.99,20.01,0,5,137.46,5/7/2025,Good,8.005,0.00048,3.002,0.00018,0.00,0.00,0.00,4.003,0.00024,2.001,0.00012,19.88,0.153,0.00,0.00,0.00,0.00,0.00,0.00,0.00,0.00,0.00,0.00,0.00,0.00,0.0077
-93.77499828,42.01929556,A1/A2,TaskName 5/7/2025 (GreenStar 4 Monitor),Zidua SC & Sharpen,301,5/7/2025,0.999,On,1129.8,107.50,-6.875,10.45,15.30,6.834,0.369,19.99,20.00,0,5,136.09,5/7/2025,Good,8.000,0.0024,3.000,0.00089,0.00,0.00,0.00,4.000,0.0012,2.000,0.00059,19.87,0.750,0.00,0.00,0.00,0.00,0.00,0.00,0.00,0.00,0.00,0.00,0.00,0.00,0.038
-93.77499802,42.01933760,A1/A2,TaskName 5/7/2025 (GreenStar 4 Monitor),Zidua SC & Sharpen,302,5/7/2025,1.005,On,1130.0,107.50,-6.875,10.42,15.36,7.272,0.486,19.99,19.95,0,5,135.77,5/7/2025,Good,7.980,0.0024,2.992,0.00089,0.00,0.00,0.00,3.990,0.0012,1.995,0.00059,19.82,0.751,0.00,0.00,0.00,0.00,0.00,0.00,0.00,0.00,0.00,0.00,0.00,0.00,0.038
-93.77499727,42.01937959,A1/A2,TaskName 5/7/2025 (GreenStar 4 Monitor),Zidua SC & Sharpen,303,5/7/2025,1.000,On,1130.2,107.50,-6.875,10.43,15.29,7.306,359.58,19.99,20.01,0,5,135.83,5/7/2025,Good,8.004,0.0024,3.002,0.00088,0.00,0.00,0.00,4.002,0.0012,2.001,0.00059,19.88,0.750,0.00,0.00,0.00,0.00,0.00,0.00,0.00,0.00,0.00,0.00,0.00,0.00,0.038
-93.77499765,42.01942194,A1/A2,TaskName 5/7/2025 (GreenStar 4 Monitor),Zidua SC & Sharpen,304,5/7/2025,0.995,On,1130.3,107.50,-6.875,10.48,15.29,6.545,359.73,19.99,19.99,0,5,136.54,5/7/2025,Good,7.995,0.0024,2.998,0.00088,0.00,0.00,0.00,3.997,0.0012,1.999,0.00059,19.86,0.749,0.00,0.00,0.00,0.00,0.00,0.00,0.00,0.00,0.00,0.00,0.00,0.00,0.038
-93.77499780,42.01943040,A1/A2,TaskName 5/7/2025 (GreenStar 4 Monitor),Zidua SC & Sharpen,305,5/7/2025,0.200,On,1130.3,107.50,-6.875,10.52,3.084,5.931,359.97,19.99,19.78,0,5,137.00,5/7/2025,Good,7.911,0.00047,2.967,0.00018,0.00,0.00,0.00,3.956,0.00024,1.978,0.00012,19.65,0.150,0.00,0.00,0.00,0.00,0.00,0.00,0.00,0.00,0.00,0.00,0.00,0.00,0.0076
-93.77499815,42.01947264,A1/A2,TaskName 5/7/2025 (GreenStar 4 Monitor),Zidua SC & Sharpen,306,5/7/2025,1.001,On,1130.4,106.25,-7.500,10.50,15.40,6.237,0.486,19.99,19.89,0,5,135.13,5/7/2025,Good,7.955,0.0023,2.983,0.00088,0.00,0.00,0.00,3.977,0.0012,1.989,0.00058,19.76,0.742,0.00,0.00,0.00,0.00,0.00,0.00,0.00,0.00,0.00,0.00,0.00,0.00,0.038
-93.77499734,42.01951493,A1/A2,TaskName 5/7/2025 (GreenStar 4 Monitor),Zidua SC & Sharpen,307,5/7/2025,0.999,On,1130.5,106.25,-7.500,10.51,15.39,6.533,359.69,19.99,19.94,0,5,135.28,5/7/2025,Good,7.975,0.0023,2.991,0.00088,0.00,0.00,0.00,3.988,0.0012,1.994,0.00058,19.81,0.744,0.00,0.00,0.00,0.00,0.00,0.00,0.00,0.00,0.00,0.00,0.00,0.00,0.038
-93.77499733,42.01952335,A1/A2,TaskName 5/7/2025 (GreenStar 4 Monitor),Zidua SC & Sharpen,308,5/7/2025,0.201,On,1130.5,106.25,-7.500,10.50,3.094,6.400,359.59,19.99,19.94,0,5,135.16,5/7/2025,Good,7.975,0.00047,2.991,0.00018,0.00,0.00,0.00,3.988,0.00024,1.994,0.00012,19.81,0.149,0.00,0.00,0.00,0.00,0.00,0.00,0.00,0.00,0.00,0.00,0.00,0.00,0.0075
-93.77499772,42.01956536,A1/A2,TaskName 5/7/2025 (GreenStar 4 Monitor),Zidua SC & Sharpen,309,5/7/2025,0.999,On,1130.6,105.00,-8.125,10.46,15.33,6.901,359.84,19.99,19.98,0,5,133.12,5/7/2025,Good,7.992,0.0023,2.997,0.00086,0.00,0.00,0.00,3.996,0.0012,1.998,0.00058,19.85,0.733,0.00,0.00,0.00,0.00,0.00,0.00,0.00,0.00,0.00,0.00,0.00,0.00,0.037
-93.77499809,42.01960741,A1/A2,TaskName 5/7/2025 (GreenStar 4 Monitor),Zidua SC & Sharpen,310,5/7/2025,1.000,On,1130.6,106.25,-7.500,10.45,15.32,6.703,0.337,19.99,19.98,0,5,134.51,5/7/2025,Good,7.990,0.0023,2.996,0.00087,0.00,0.00,0.00,3.995,0.0012,1.998,0.00058,19.85,0.742,0.00,0.00,0.00,0.00,0.00,0.00,0.00,0.00,0.00,0.00,0.00,0.00,0.037
-93.77499815,42.01961588,A1/A2,TaskName 5/7/2025 (GreenStar 4 Monitor),Zidua SC & Sharpen,311,5/7/2025,0.200,On,1130.7,106.25,-7.500,10.46,3.068,6.102,0.408,19.99,19.95,0,5,134.69,5/7/2025,Good,7.980,0.00047,2.992,0.00017,0.00,0.00,0.00,3.990,0.00023,1.995,0.00012,19.82,0.148,0.00,0.00,0.00,0.00,0.00,0.00,0.00,0.00,0.00,0.00,0.00,0.00,0.0075
-93.77499766,42.01965795,A1/A2,TaskName 5/7/2025 (GreenStar 4 Monitor),Zidua SC & Sharpen,312,5/7/2025,1.000,On,1130.8,105.00,-8.125,10.48,15.36,6.130,359.67,19.99,19.91,0,5,133.33,5/7/2025,Good,7.964,0.0023,2.987,0.00086,0.00,0.00,0.00,3.982,0.0012,1.991,0.00058,19.78,0.733,0.00,0.00,0.00,0.00,0.00,0.00,0.00,0.00,0.00,0.00,0.00,0.00,0.037
-93.77499820,42.01970000,A1/A2,TaskName 5/7/2025 (GreenStar 4 Monitor),Zidua SC & Sharpen,313,5/7/2025,1.001,On,1130.9,105.00,-8.125,10.42,15.29,6.684,0.047,19.99,19.92,0,5,132.51,5/7/2025,Good,7.969,0.0023,2.989,0.00086,0.00,0.00,0.00,3.985,0.0011,1.992,0.00057,19.79,0.729,0.00,0.00,0.00,0.00,0.00,0.00,0.00,0.00,0.00,0.00,0.00,0.00,0.037
-93.77499850,42.01974203,A1/A2,TaskName 5/7/2025 (GreenStar 4 Monitor),Zidua SC & Sharpen,314,5/7/2025,1.000,On,1131.0,105.00,-8.125,10.44,15.31,7.050,0.800,19.99,19.97,0,5,132.84,5/7/2025,Good,7.989,0.0023,2.996,0.00086,0.00,0.00,0.00,3.995,0.0012,1.997,0.00058,19.84,0.732,0.00,0.00,0.00,0.00,0.00,0.00,0.00,0.00,0.00,0.00,0.00,0.00,0.037
-93.77499833,42.01975892,A1/A2,TaskName 5/7/2025 (GreenStar 4 Monitor),Zidua SC & Sharpen,315,5/7/2025,0.399,On,1131.0,105.00,-8.125,10.48,6.129,6.812,0.682,19.99,19.93,0,5,133.29,5/7/2025,Good,7.973,0.00092,2.990,0.00035,0.00,0.00,0.00,3.987,0.00046,1.993,0.00023,19.80,0.293,0.00,0.00,0.00,0.00,0.00,0.00,0.00,0.00,0.00,0.00,0.00,0.00,0.015
-93.77499734,42.01980131,A1/A2,TaskName 5/7/2025 (GreenStar 4 Monitor),Zidua SC & Sharpen,316,5/7/2025,0.995,On,1131.0,103.75,-8.750,10.52,15.35,6.345,359.59,19.99,19.93,0,5,132.24,5/7/2025,Good,7.972,0.0023,2.989,0.00085,0.00,0.00,0.00,3.986,0.0011,1.993,0.00057,19.80,0.724,0.00,0.00,0.00,0.00,0.00,0.00,0.00,0.00,0.00,0.00,0.00,0.00,0.037
-93.77499765,42.01984376,A1/A2,TaskName 5/7/2025 (GreenStar 4 Monitor),Zidua SC & Sharpen,317,5/7/2025,1.005,On,1130.9,103.75,-8.750,10.52,15.51,6.169,359.75,19.99,20.05,0,5,132.30,5/7/2025,Good,8.019,0.0023,3.007,0.00087,0.00,0.00,0.00,4.009,0.0012,2.005,0.00058,19.92,0.736,0.00,0.00,0.00,0.00,0.00,0.00,0.00,0.00,0.00,0.00,0.00,0.00,0.037
-93.77499823,42.01988625,A1/A2,TaskName 5/7/2025 (GreenStar 4 Monitor),Zidua SC & Sharpen,318,5/7/2025,1.000,On,1130.7,103.75,-8.750,10.56,15.48,5.557,0.564,19.99,19.87,0,5,132.76,5/7/2025,Good,7.950,0.0023,2.981,0.00086,0.00,0.00,0.00,3.975,0.0011,1.987,0.00057,19.75,0.728,0.00,0.00,0.00,0.00,0.00,0.00,0.00,0.00,0.00,0.00,0.00,0.00,0.037
-93.77499764,42.01992863,A1/A2,TaskName 5/7/2025 (GreenStar 4 Monitor),Zidua SC & Sharpen,319,5/7/2025,1.000,On,1130.5,103.75,-8.750,10.55,15.46,4.796,0.0077,19.99,19.87,0,5,132.57,5/7/2025,Good,7.949,0.0023,2.981,0.00086,0.00,0.00,0.00,3.974,0.0011,1.987,0.00057,19.74,0.727,0.00,0.00,0.00,0.00,0.00,0.00,0.00,0.00,0.00,0.00,0.00,0.00,0.037
-93.77499751,42.01997083,A1/A2,TaskName 5/7/2025 (GreenStar 4 Monitor),Zidua SC & Sharpen,320,5/7/2025,1.000,On,1130.3,103.75,-8.750,10.50,15.40,5.277,359.55,19.99,19.86,0,5,132.09,5/7/2025,Good,7.945,0.0023,2.979,0.00085,0.00,0.00,0.00,3.973,0.0011,1.986,0.00057,19.73,0.724,0.00,0.00,0.00,0.00,0.00,0.00,0.00,0.00,0.00,0.00,0.00,0.00,0.037
-93.77499815,42.02001297,A1/A2,TaskName 5/7/2025 (GreenStar 4 Monitor),Zidua SC & Sharpen,321,5/7/2025,1.000,On,1130.1,103.75,-8.750,10.49,15.38,5.764,0.204,19.99,19.98,0,5,131.83,5/7/2025,Good,7.992,0.0023,2.997,0.00086,0.00,0.00,0.00,3.996,0.0011,1.998,0.00057,19.85,0.727,0.00,0.00,0.00,0.00,0.00,0.00,0.00,0.00,0.00,0.00,0.00,0.00,0.037
-93.77499819,42.02005502,A1/A2,TaskName 5/7/2025 (GreenStar 4 Monitor),Zidua SC & Sharpen,322,5/7/2025,1.000,On,1129.9,103.75,-8.750,10.45,15.32,6.104,0.494,19.99,19.91,0,5,131.33,5/7/2025,Good,7.962,0.0023,2.986,0.00085,0.00,0.00,0.00,3.981,0.0011,1.991,0.00057,19.78,0.721,0.00,0.00,0.00,0.00,0.00,0.00,0.00,0.00,0.00,0.00,0.00,0.00,0.036
-93.77499725,42.02009722,A1/A2,TaskName 5/7/2025 (GreenStar 4 Monitor),Zidua SC & Sharpen,323,5/7/2025,1.000,On,1129.8,103.75,-8.750,10.49,15.38,6.098,359.51,19.99,19.99,0,5,131.89,5/7/2025,Good,7.994,0.0023,2.998,0.00086,0.00,0.00,0.00,3.997,0.0011,1.999,0.00057,19.86,0.727,0.00,0.00,0.00,0.00,0.00,0.00,0.00,0.00,0.00,0.00,0.00,0.00,0.037
-93.77499738,42.02013098,A1/A2,TaskName 5/7/2025 (GreenStar 4 Monitor),Zidua SC & Sharpen,324,5/7/2025,0.800,On,1129.6,105.00,-8.125,10.48,12.29,5.980,359.25,19.99,19.97,0,5,133.29,5/7/2025,Good,7.987,0.0018,2.995,0.00069,0.00,0.00,0.00,3.994,0.00092,1.997,0.00046,19.84,0.588,0.00,0.00,0.00,0.00,0.00,0.00,0.00,0.00,0.00,0.00,0.00,0.00,0.030
-93.77499831,42.02017313,A1/A2,TaskName 5/7/2025 (GreenStar 4 Monitor),Zidua SC & Sharpen,325,5/7/2025,1.000,On,1129.5,103.75,-8.750,10.49,15.39,5.074,0.353,19.99,19.83,0,5,131.92,5/7/2025,Good,7.933,0.0023,2.975,0.00085,0.00,0.00,0.00,3.967,0.0011,1.983,0.00057,19.70,0.722,0.00,0.00,0.00,0.00,0.00,0.00,0.00,0.00,0.00,0.00,0.00,0.00,0.037
-93.77499819,42.02021454,A1/A2,TaskName 5/7/2025 (GreenStar 4 Monitor),Zidua SC & Sharpen,326,5/7/2025,0.996,On,1129.3,103.75,-8.750,10.40,15.19,4.673,0.259,19.99,19.99,0,5,130.73,5/7/2025,Good,7.996,0.0023,2.999,0.00085,0.00,0.00,0.00,3.998,0.0011,1.999,0.00056,19.86,0.718,0.00,0.00,0.00,0.00,0.00,0.00,0.00,0.00,0.00,0.00,0.00,0.00,0.036
-93.77499794,42.02022269,A1/A2,TaskName 5/7/2025 (GreenStar 4 Monitor),Zidua SC & Sharpen,327,5/7/2025,0.204,On,1129.3,26.25,30.00,10.27,3.071,5.349,0.063,19.99,20.29,0,5,32.66,5/7/2025,Good,8.116,0.00012,3.044,4.401e-05,0.00,0.00,0.00,4.058,5.868e-05,2.029,2.934e-05,20.16,0.037,0.00,0.00,0.00,0.00,0.00,0.00,0.00,0.00,0.00,0.00,0.00,0.00,0.0019
-93.77499781,42.02026282,A1/A2,TaskName 5/7/2025 (GreenStar 4 Monitor),Zidua SC & Sharpen,328,5/7/2025,1.000,On,1129.2,1.250,42.50,10.11,14.83,4.491,359.65,19.99,22.35,0,5,1.532,5/7/2025,Good,8.938,2.971e-05,3.352,1.114e-05,0.00,0.00,0.00,4.469,1.486e-05,2.235,7.428e-06,22.20,0.0094,0.00,0.00,0.00,0.00,0.00,0.00,0.00,0.00,0.00,0.00,0.00,0.00,0.00043
-93.77499785,42.02027038,A1/A2,TaskName 5/7/2025 (GreenStar 4 Monitor),Zidua SC & Sharpen,329,5/7/2025,0.200,On,1129.1,1.250,42.50,9.941,2.914,2.120,359.66,19.99,21.00,0,5,1.505,5/7/2025,Good,8.399,5.486e-06,3.149,2.057e-06,0.00,0.00,0.00,4.199,2.743e-06,2.100,1.372e-06,20.86,0.0017,0.00,0.00,0.00,0.00,0.00,0.00,0.00,0.00,0.00,0.00,0.00,0.00,8.361e-05
-93.77543994,42.02023159,A1/A2,TaskName 5/7/2025 (GreenStar 4 Monitor),Zidua SC & Sharpen,330,5/7/2025,0.200,On,1130.8,56.25,32.50,5.516,1.620,5.904,179.53,19.99,19.20,0,6,37.66,5/7/2025,Good,7.680,0.00013,2.880,4.707e-05,0.00,0.00,0.00,3.840,6.277e-05,1.920,3.138e-05,19.08,0.040,0.00,0.00,0.00,0.00,0.00,0.00,0.00,0.00,0.00,0.00,0.00,0.00,0.0021
-93.77543960,42.02020413,A1/A2,TaskName 5/7/2025 (GreenStar 4 Monitor),Zidua SC & Sharpen,331,5/7/2025,1.001,On,1130.8,120.00,0.625,6.236,9.137,7.047,179.94,19.99,20.22,0,6,90.53,5/7/2025,Good,8.086,0.0016,3.032,0.00060,0.00,0.00,0.00,4.043,0.00080,2.022,0.00040,20.08,0.506,0.00,0.00,0.00,0.00,0.00,0.00,0.00,0.00,0.00,0.00,0.00,0.00,0.025
-93.77543960,42.02017282,A1/A2,TaskName 5/7/2025 (GreenStar 4 Monitor),Zidua SC & Sharpen,332,5/7/2025,0.995,On,1130.7,120.00,0.625,7.292,10.62,5.881,179.91,19.99,20.01,0,6,105.80,5/7/2025,Good,8.003,0.0018,3.001,0.00069,0.00,0.00,0.00,4.002,0.00091,2.001,0.00046,19.88,0.581,0.00,0.00,0.00,0.00,0.00,0.00,0.00,0.00,0.00,0.00,0.00,0.00,0.029
-93.77543977,42.02013790,A1/A2,TaskName 5/7/2025 (GreenStar 4 Monitor),Zidua SC & Sharpen,333,5/7/2025,1.004,On,1130.7,120.00,0.625,8.085,11.90,9.707,179.52,19.99,19.83,0,6,117.59,5/7/2025,Good,7.931,0.0020,2.974,0.00076,0.00,0.00,0.00,3.965,0.0010,1.983,0.00051,19.70,0.646,0.00,0.00,0.00,0.00,0.00,0.00,0.00,0.00,0.00,0.00,0.00,0.00,0.033
-93.77543943,42.02009727,A1/A2,TaskName 5/7/2025 (GreenStar 4 Monitor),Zidua SC & Sharpen,334,5/7/2025,1.000,On,1130.6,120.00,0.625,9.366,13.71,8.017,179.85,19.99,19.75,0,6,135.96,5/7/2025,Good,7.901,0.0023,2.963,0.00087,0.00,0.00,0.00,3.951,0.0012,1.975,0.00058,19.62,0.741,0.00,0.00,0.00,0.00,0.00,0.00,0.00,0.00,0.00,0.00,0.00,0.00,0.038
-93.77543919,42.02005537,A1/A2,TaskName 5/7/2025 (GreenStar 4 Monitor),Zidua SC & Sharpen,335,5/7/2025,0.996,On,1130.5,120.00,0.625,10.32,15.06,4.924,180.00,19.99,19.45,0,6,149.96,5/7/2025,Good,7.780,0.0025,2.917,0.00095,0.00,0.00,0.00,3.890,0.0013,1.945,0.00063,19.32,0.802,0.00,0.00,0.00,0.00,0.00,0.00,0.00,0.00,0.00,0.00,0.00,0.00,0.041
-93.77543915,42.02001443,A1/A2,TaskName 5/7/2025 (GreenStar 4 Monitor),Zidua SC & Sharpen,336,5/7/2025,1.000,On,1130.5,120.00,0.625,10.28,15.07,5.363,180.11,19.99,19.56,0,6,149.46,5/7/2025,Good,7.824,0.0025,2.934,0.00095,0.00,0.00,0.00,3.912,0.0013,1.956,0.00063,19.43,0.807,0.00,0.00,0.00,0.00,0.00,0.00,0.00,0.00,0.00,0.00,0.00,0.00,0.042
-93.77543917,42.01997338,A1/A2,TaskName 5/7/2025 (GreenStar 4 Monitor),Zidua SC & Sharpen,337,5/7/2025,1.004,On,1130.4,120.00,0.625,10.13,14.92,6.907,179.88,19.99,19.87,0,6,147.37,5/7/2025,Good,7.948,0.0026,2.981,0.00096,0.00,0.00,0.00,3.974,0.0013,1.987,0.00064,19.74,0.811,0.00,0.00,0.00,0.00,0.00,0.00,0.00,0.00,0.00,0.00,0.00,0.00,0.041
-93.77543900,42.01993170,A1/A2,TaskName 5/7/2025 (GreenStar 4 Monitor),Zidua SC & Sharpen,338,5/7/2025,1.001,On,1130.4,120.00,0.625,10.27,15.06,6.779,180.13,19.99,20.04,0,6,149.25,5/7/2025,Good,8.017,0.0026,3.006,0.00097,0.00,0.00,0.00,4.008,0.0013,2.004,0.00065,19.91,0.826,0.00,0.00,0.00,0.00,0.00,0.00,0.00,0.00,0.00,0.00,0.00,0.00,0.041
-93.77543900,42.01988999,A1/A2,TaskName 5/7/2025 (GreenStar 4 Monitor),Zidua SC & Sharpen,339,5/7/2025,0.995,On,1130.3,120.00,0.625,10.38,15.16,6.081,180.49,19.99,19.91,0,6,151.06,5/7/2025,Good,7.966,0.0026,2.987,0.00097,0.00,0.00,0.00,3.983,0.0013,1.991,0.00065,19.79,0.826,0.00,0.00,0.00,0.00,0.00,0.00,0.00,0.00,0.00,0.00,0.00,0.00,0.042
-93.77543986,42.01984784,A1/A2,TaskName 5/7/2025 (GreenStar 4 Monitor),Zidua SC & Sharpen,340,5/7/2025,1.000,On,1130.2,120.00,0.625,10.43,15.28,5.603,179.57,19.99,19.75,0,6,151.51,5/7/2025,Good,7.900,0.0026,2.962,0.00097,0.00,0.00,0.00,3.950,0.0013,1.975,0.00065,19.62,0.826,0.00,0.00,0.00,0.00,0.00,0.00,0.00,0.00,0.00,0.00,0.00,0.00,0.042
-93.77544006,42.01983939,A1/A2,TaskName 5/7/2025 (GreenStar 4 Monitor),Zidua SC & Sharpen,341,5/7/2025,0.204,On,1130.1,120.00,0.625,10.46,3.144,5.541,179.38,19.99,19.71,0,6,152.85,5/7/2025,Good,7.885,0.00053,2.957,0.00020,0.00,0.00,0.00,3.943,0.00027,1.971,0.00013,19.59,0.170,0.00,0.00,0.00,0.00,0.00,0.00,0.00,0.00,0.00,0.00,0.00,0.00,0.0087
-93.77543985,42.01982268,A1/A2,TaskName 5/7/2025 (GreenStar 4 Monitor),Zidua SC & Sharpen,342,5/7/2025,0.395,On,1130.1,121.25,0.00,10.45,6.052,5.626,179.43,19.99,19.76,0,6,153.53,5/7/2025,Good,7.905,0.0010,2.964,0.00039,0.00,0.00,0.00,3.952,0.00052,1.976,0.00026,19.63,0.331,0.00,0.00,0.00,0.00,0.00,0.00,0.00,0.00,0.00,0.00,0.00,0.00,0.017
-93.77543916,42.01978077,A1/A2,TaskName 5/7/2025 (GreenStar 4 Monitor),Zidua SC & Sharpen,343,5/7/2025,1.000,On,1130.0,120.00,0.625,10.41,15.27,6.262,180.22,19.99,19.93,0,6,151.41,5/7/2025,Good,7.970,0.0026,2.989,0.00098,0.00,0.00,0.00,3.985,0.0013,1.993,0.00065,19.80,0.833,0.00,0.00,0.00,0.00,0.00,0.00,0.00,0.00,0.00,0.00,0.00,0.00,0.042
-93.77543902,42.01973860,A1/A2,TaskName 5/7/2025 (GreenStar 4 Monitor),Zidua SC & Sharpen,344,5/7/2025,1.005,On,1129.9,120.00,0.625,10.42,15.35,6.543,180.75,19.99,19.98,0,6,151.47,5/7/2025,Good,7.993,0.0026,2.997,0.00099,0.00,0.00,0.00,3.996,0.0013,1.998,0.00066,19.85,0.839,0.00,0.00,0.00,0.00,0.00,0.00,0.00,0.00,0.00,0.00,0.00,0.00,0.042
-93.77544013,42.01969636,A1/A2,TaskName 5/7/2025 (GreenStar 4 Monitor),Zidua SC & Sharpen,345,5/7/2025,0.995,On,1129.7,120.00,0.625,10.50,15.32,6.031,179.41,19.99,19.87,0,6,152.66,5/7/2025,Good,7.946,0.0026,2.980,0.00098,0.00,0.00,0.00,3.973,0.0013,1.987,0.00065,19.74,0.833,0.00,0.00,0.00,0.00,0.00,0.00,0.00,0.00,0.00,0.00,0.00,0.00,0.042
-93.77543973,42.01965429,A1/A2,TaskName 5/7/2025 (GreenStar 4 Monitor),Zidua SC & Sharpen,346,5/7/2025,1.000,On,1129.7,120.00,0.625,10.48,15.37,5.870,179.61,19.99,19.93,0,6,152.42,5/7/2025,Good,7.973,0.0026,2.990,0.00099,0.00,0.00,0.00,3.987,0.0013,1.993,0.00066,19.80,0.838,0.00,0.00,0.00,0.00,0.00,0.00,0.00,0.00,0.00,0.00,0.00,0.00,0.042
-93.77543900,42.01961223,A1/A2,TaskName 5/7/2025 (GreenStar 4 Monitor),Zidua SC & Sharpen,347,5/7/2025,0.996,On,1129.5,120.00,0.625,10.44,15.25,5.962,180.82,19.99,19.91,0,6,151.89,5/7/2025,Good,7.965,0.0026,2.987,0.00098,0.00,0.00,0.00,3.982,0.0013,1.991,0.00065,19.78,0.831,0.00,0.00,0.00,0.00,0.00,0.00,0.00,0.00,0.00,0.00,0.00,0.00,0.042
-93.77544005,42.01956983,A1/A2,TaskName 5/7/2025 (GreenStar 4 Monitor),Zidua SC & Sharpen,348,5/7/2025,1.009,On,1129.4,120.00,0.625,10.51,15.55,5.539,179.56,19.99,19.88,0,6,152.87,5/7/2025,Good,7.951,0.0027,2.982,0.00100,0.00,0.00,0.00,3.975,0.0013,1.988,0.00067,19.75,0.846,0.00,0.00,0.00,0.00,0.00,0.00,0.00,0.00,0.00,0.00,0.00,0.00,0.043
-93.77544014,42.01955300,A1/A2,TaskName 5/7/2025 (GreenStar 4 Monitor),Zidua SC & Sharpen,349,5/7/2025,0.395,On,1129.3,120.00,0.625,10.52,6.091,6.042,179.15,19.99,19.71,0,6,152.93,5/7/2025,Good,7.884,0.0010,2.956,0.00039,0.00,0.00,0.00,3.942,0.00052,1.971,0.00026,19.58,0.329,0.00,0.00,0.00,0.00,0.00,0.00,0.00,0.00,0.00,0.00,0.00,0.00,0.017
-93.77544023,42.01953624,A1/A2,TaskName 5/7/2025 (GreenStar 4 Monitor),Zidua SC & Sharpen,350,5/7/2025,0.405,On,1129.3,121.25,0.00,10.46,6.209,6.326,178.79,19.99,20.01,0,6,153.63,5/7/2025,Good,8.003,0.0011,3.001,0.00041,0.00,0.00,0.00,4.002,0.00054,2.001,0.00027,19.88,0.344,0.00,0.00,0.00,0.00,0.00,0.00,0.00,0.00,0.00,0.00,0.00,0.00,0.017
-93.77543877,42.01949389,A1/A2,TaskName 5/7/2025 (GreenStar 4 Monitor),Zidua SC & Sharpen,351,5/7/2025,0.996,On,1129.0,120.00,0.625,10.48,15.29,6.047,180.29,19.99,20.07,0,6,152.22,5/7/2025,Good,8.027,0.0026,3.010,0.00099,0.00,0.00,0.00,4.013,0.0013,2.007,0.00066,19.94,0.840,0.00,0.00,0.00,0.00,0.00,0.00,0.00,0.00,0.00,0.00,0.00,0.00,0.042
-93.77543867,42.01945150,A1/A2,TaskName 5/7/2025 (GreenStar 4 Monitor),Zidua SC & Sharpen,352,5/7/2025,0.995,On,1128.9,120.00,0.625,10.51,15.35,6.012,180.96,19.99,20.00,0,6,152.99,5/7/2025,Good,8.002,0.0026,3.001,0.00099,0.00,0.00,0.00,4.001,0.0013,2.000,0.00066,19.87,0.840,0.00,0.00,0.00,0.00,0.00,0.00,0.00,0.00,0.00,0.00,0.00,0.00,0.042
-93.77543972,42.01942630,A1/A2,TaskName 5/7/2025 (GreenStar 4 Monitor),Zidua SC & Sharpen,353,5/7/2025,0.604,On,1128.8,120.00,0.625,10.51,9.308,6.131,180.02,19.99,19.88,0,6,152.82,5/7/2025,Good,7.954,0.0016,2.983,0.00060,0.00,0.00,0.00,3.977,0.00080,1.988,0.00040,19.75,0.507,0.00,0.00,0.00,0.00,0.00,0.00,0.00,0.00,0.00,0.00,0.00,0.00,0.026
-93.77544032,42.01938407,A1/A2,TaskName 5/7/2025 (GreenStar 4 Monitor),Zidua SC & Sharpen,354,5/7/2025,0.997,On,1128.5,121.25,0.00,10.51,15.36,5.844,179.20,19.99,19.92,0,6,154.37,5/7/2025,Good,7.967,0.0027,2.988,0.00100,0.00,0.00,0.00,3.983,0.0013,1.992,0.00067,19.79,0.846,0.00,0.00,0.00,0.00,0.00,0.00,0.00,0.00,0.00,0.00,0.00,0.00,0.043
-93.77543995,42.01937557,A1/A2,TaskName 5/7/2025 (GreenStar 4 Monitor),Zidua SC & Sharpen,355,5/7/2025,0.203,On,1128.5,121.25,0.00,10.46,3.115,5.904,179.36,19.99,20.09,0,6,153.74,5/7/2025,Good,8.035,0.00054,3.013,0.00020,0.00,0.00,0.00,4.018,0.00027,2.009,0.00014,19.96,0.173,0.00,0.00,0.00,0.00,0.00,0.00,0.00,0.00,0.00,0.00,0.00,0.00,0.0087
-93.77543943,42.01933336,A1/A2,TaskName 5/7/2025 (GreenStar 4 Monitor),Zidua SC & Sharpen,356,5/7/2025,1.005,On,1128.3,120.00,0.625,10.50,15.47,5.932,180.09,19.99,20.05,0,6,152.63,5/7/2025,Good,8.019,0.0027,3.007,0.0010,0.00,0.00,0.00,4.009,0.0013,2.005,0.00067,19.92,0.849,0.00,0.00,0.00,0.00,0.00,0.00,0.00,0.00,0.00,0.00,0.00,0.00,0.043
-93.77543955,42.01929124,A1/A2,TaskName 5/7/2025 (GreenStar 4 Monitor),Zidua SC & Sharpen,357,5/7/2025,0.995,On,1128.1,120.00,0.625,10.46,15.27,6.259,180.31,19.99,19.93,0,6,152.17,5/7/2025,Good,7.972,0.0026,2.989,0.00098,0.00,0.00,0.00,3.986,0.0013,1.993,0.00065,19.80,0.833,0.00,0.00,0.00,0.00,0.00,0.00,0.00,0.00,0.00,0.00,0.00,0.00,0.042
-93.77544020,42.01924913,A1/A2,TaskName 5/7/2025 (GreenStar 4 Monitor),Zidua SC & Sharpen,358,5/7/2025,1.001,On,1127.9,120.00,0.625,10.48,15.36,6.273,179.61,19.99,19.88,0,6,152.20,5/7/2025,Good,7.952,0.0026,2.982,0.00099,0.00,0.00,0.00,3.976,0.0013,1.988,0.00066,19.75,0.836,0.00,0.00,0.00,0.00,0.00,0.00,0.00,0.00,0.00,0.00,0.00,0.00,0.042
-93.77543985,42.01920669,A1/A2,TaskName 5/7/2025 (GreenStar 4 Monitor),Zidua SC & Sharpen,359,5/7/2025,0.995,On,1127.7,120.00,0.625,10.50,15.33,5.792,179.45,19.99,19.86,0,6,152.80,5/7/2025,Good,7.945,0.0026,2.979,0.00098,0.00,0.00,0.00,3.972,0.0013,1.986,0.00066,19.73,0.833,0.00,0.00,0.00,0.00,0.00,0.00,0.00,0.00,0.00,0.00,0.00,0.00,0.042
-93.77543906,42.01916460,A1/A2,TaskName 5/7/2025 (GreenStar 4 Monitor),Zidua SC & Sharpen,360,5/7/2025,1.009,On,1127.6,120.00,0.625,10.49,15.52,6.000,180.42,19.99,19.86,0,6,152.51,5/7/2025,Good,7.944,0.0027,2.979,0.00099,0.00,0.00,0.00,3.972,0.0013,1.986,0.00066,19.73,0.843,0.00,0.00,0.00,0.00,0.00,0.00,0.00,0.00,0.00,0.00,0.00,0.00,0.043
-93.77543948,42.01912256,A1/A2,TaskName 5/7/2025 (GreenStar 4 Monitor),Zidua SC & Sharpen,361,5/7/2025,0.995,On,1127.3,120.00,0.625,10.45,15.25,6.336,180.17,19.99,19.91,0,6,152.01,5/7/2025,Good,7.965,0.0026,2.987,0.00098,0.00,0.00,0.00,3.983,0.0013,1.991,0.00065,19.78,0.831,0.00,0.00,0.00,0.00,0.00,0.00,0.00,0.00,0.00,0.00,0.00,0.00,0.042
-93.77543985,42.01908030,A1/A2,TaskName 5/7/2025 (GreenStar 4 Monitor),Zidua SC & Sharpen,362,5/7/2025,1.001,On,1127.1,120.00,0.625,10.49,15.39,6.264,179.55,19.99,19.98,0,6,152.46,5/7/2025,Good,7.992,0.0026,2.997,0.00099,0.00,0.00,0.00,3.996,0.0013,1.998,0.00066,19.85,0.842,0.00,0.00,0.00,0.00,0.00,0.00,0.00,0.00,0.00,0.00,0.00,0.00,0.042
-93.77543911,42.01903782,A1/A2,TaskName 5/7/2025 (GreenStar 4 Monitor),Zidua SC & Sharpen,363,5/7/2025,0.999,On,1126.9,120.00,0.625,10.51,15.40,5.746,180.20,19.99,19.89,0,6,152.90,5/7/2025,Good,7.955,0.0026,2.983,0.00099,0.00,0.00,0.00,3.977,0.0013,1.989,0.00066,19.76,0.838,0.00,0.00,0.00,0.00,0.00,0.00,0.00,0.00,0.00,0.00,0.00,0.00,0.042
-93.77543909,42.01899560,A1/A2,TaskName 5/7/2025 (GreenStar 4 Monitor),Zidua SC & Sharpen,364,5/7/2025,1.000,On,1126.7,120.00,0.625,10.51,15.42,5.969,180.50,19.99,19.76,0,6,152.94,5/7/2025,Good,7.905,0.0026,2.964,0.00098,0.00,0.00,0.00,3.952,0.0013,1.976,0.00066,19.63,0.834,0.00,0.00,0.00,0.00,0.00,0.00,0.00,0.00,0.00,0.00,0.00,0.00,0.042
-93.77543965,42.01895354,A1/A2,TaskName 5/7/2025 (GreenStar 4 Monitor),Zidua SC & Sharpen,365,5/7/2025,0.996,On,1126.6,120.00,0.625,10.45,15.27,6.458,179.80,19.99,19.91,0,6,152.02,5/7/2025,Good,7.964,0.0026,2.986,0.00098,0.00,0.00,0.00,3.982,0.0013,1.991,0.00065,19.78,0.832,0.00,0.00,0.00,0.00,0.00,0.00,0.00,0.00,0.00,0.00,0.00,0.00,0.042
-93.77543932,42.01891122,A1/A2,TaskName 5/7/2025 (GreenStar 4 Monitor),Zidua SC & Sharpen,366,5/7/2025,1.004,On,1126.3,120.00,0.625,10.50,15.46,5.776,179.91,19.99,19.93,0,6,152.72,5/7/2025,Good,7.973,0.0027,2.990,0.00099,0.00,0.00,0.00,3.987,0.0013,1.993,0.00066,19.80,0.843,0.00,0.00,0.00,0.00,0.00,0.00,0.00,0.00,0.00,0.00,0.00,0.00,0.043
-93.77543902,42.01886867,A1/A2,TaskName 5/7/2025 (GreenStar 4 Monitor),Zidua SC & Sharpen,367,5/7/2025,1.000,On,1126.1,120.00,0.625,10.54,15.46,4.941,180.31,19.99,19.79,0,6,153.36,5/7/2025,Good,7.915,0.0026,2.968,0.00099,0.00,0.00,0.00,3.958,0.0013,1.979,0.00066,19.66,0.838,0.00,0.00,0.00,0.00,0.00,0.00,0.00,0.00,0.00,0.00,0.00,0.00,0.043
-93.77543949,42.01882665,A1/A2,TaskName 5/7/2025 (GreenStar 4 Monitor),Zidua SC & Sharpen,368,5/7/2025,1.001,On,1125.9,120.00,0.625,10.51,15.41,5.627,179.89,19.99,19.84,0,6,152.69,5/7/2025,Good,7.936,0.0026,2.976,0.00099,0.00,0.00,0.00,3.968,0.0013,1.984,0.00066,19.71,0.837,0.00,0.00,0.00,0.00,0.00,0.00,0.00,0.00,0.00,0.00,0.00,0.00,0.042
-93.77543910,42.01878424,A1/A2,TaskName 5/7/2025 (GreenStar 4 Monitor),Zidua SC & Sharpen,369,5/7/2025,0.999,On,1125.6,120.00,0.625,10.47,15.35,5.602,180.22,19.99,19.93,0,6,152.38,5/7/2025,Good,7.973,0.0026,2.990,0.00099,0.00,0.00,0.00,3.987,0.0013,1.993,0.00066,19.80,0.837,0.00,0.00,0.00,0.00,0.00,0.00,0.00,0.00,0.00,0.00,0.00,0.00,0.042
-93.77543912,42.01874195,A1/A2,TaskName 5/7/2025 (GreenStar 4 Monitor),Zidua SC & Sharpen,370,5/7/2025,1.000,On,1125.4,120.00,0.625,10.53,15.43,5.231,180.53,19.99,19.96,0,6,153.07,5/7/2025,Good,7.983,0.0027,2.994,0.00099,0.00,0.00,0.00,3.992,0.0013,1.996,0.00066,19.83,0.843,0.00,0.00,0.00,0.00,0.00,0.00,0.00,0.00,0.00,0.00,0.00,0.00,0.043
-93.77543994,42.01869993,A1/A2,TaskName 5/7/2025 (GreenStar 4 Monitor),Zidua SC & Sharpen,371,5/7/2025,1.000,On,1125.1,120.00,0.625,10.46,15.34,5.867,179.79,19.99,19.85,0,6,152.09,5/7/2025,Good,7.938,0.0026,2.977,0.00098,0.00,0.00,0.00,3.969,0.0013,1.985,0.00066,19.72,0.833,0.00,0.00,0.00,0.00,0.00,0.00,0.00,0.00,0.00,0.00,0.00,0.00,0.042
-93.77543965,42.01865785,A1/A2,TaskName 5/7/2025 (GreenStar 4 Monitor),Zidua SC & Sharpen,372,5/7/2025,1.000,On,1124.9,120.00,0.625,10.46,15.33,5.922,179.62,19.99,19.91,0,6,152.06,5/7/2025,Good,7.965,0.0026,2.987,0.00099,0.00,0.00,0.00,3.983,0.0013,1.991,0.00066,19.78,0.836,0.00,0.00,0.00,0.00,0.00,0.00,0.00,0.00,0.00,0.00,0.00,0.00,0.042
-93.77543922,42.01861557,A1/A2,TaskName 5/7/2025 (GreenStar 4 Monitor),Zidua SC & Sharpen,373,5/7/2025,0.996,On,1124.7,120.00,0.625,10.50,15.33,5.234,180.13,19.99,19.98,0,6,152.67,5/7/2025,Good,7.993,0.0026,2.997,0.00099,0.00,0.00,0.00,3.997,0.0013,1.998,0.00066,19.85,0.839,0.00,0.00,0.00,0.00,0.00,0.00,0.00,0.00,0.00,0.00,0.00,0.00,0.042
-93.77543924,42.01857373,A1/A2,TaskName 5/7/2025 (GreenStar 4 Monitor),Zidua SC & Sharpen,374,5/7/2025,1.005,On,1124.5,120.00,0.625,10.45,15.38,6.333,180.25,19.99,19.96,0,6,151.79,5/7/2025,Good,7.984,0.0026,2.994,0.00099,0.00,0.00,0.00,3.992,0.0013,1.996,0.00066,19.83,0.840,0.00,0.00,0.00,0.00,0.00,0.00,0.00,0.00,0.00,0.00,0.00,0.00,0.042
-93.77543970,42.01853150,A1/A2,TaskName 5/7/2025 (GreenStar 4 Monitor),Zidua SC & Sharpen,375,5/7/2025,0.994,On,1124.2,120.00,0.625,10.43,15.22,6.607,179.92,19.99,20.02,0,6,151.87,5/7/2025,Good,8.010,0.0026,3.004,0.00098,0.00,0.00,0.00,4.005,0.0013,2.002,0.00066,19.89,0.834,0.00,0.00,0.00,0.00,0.00,0.00,0.00,0.00,0.00,0.00,0.00,0.00,0.042
-93.77543970,42.01848890,A1/A2,TaskName 5/7/2025 (GreenStar 4 Monitor),Zidua SC & Sharpen,376,5/7/2025,1.001,On,1124.0,120.00,0.625,10.55,15.49,5.717,179.72,19.99,19.91,0,6,153.47,5/7/2025,Good,7.963,0.0027,2.986,0.00100,0.00,0.00,0.00,3.981,0.0013,1.991,0.00066,19.78,0.844,0.00,0.00,0.00,0.00,0.00,0.00,0.00,0.00,0.00,0.00,0.00,0.00,0.043
-93.77543938,42.01844659,A1/A2,TaskName 5/7/2025 (GreenStar 4 Monitor),Zidua SC & Sharpen,377,5/7/2025,0.999,On,1123.9,120.00,0.625,10.56,15.46,5.640,179.95,19.99,19.83,0,6,153.52,5/7/2025,Good,7.934,0.0026,2.975,0.00099,0.00,0.00,0.00,3.967,0.0013,1.983,0.00066,19.71,0.839,0.00,0.00,0.00,0.00,0.00,0.00,0.00,0.00,0.00,0.00,0.00,0.00,0.043
-93.77543956,42.01840456,A1/A2,TaskName 5/7/2025 (GreenStar 4 Monitor),Zidua SC & Sharpen,378,5/7/2025,1.005,On,1123.7,120.00,0.625,10.43,15.37,6.587,179.95,19.99,19.89,0,6,151.63,5/7/2025,Good,7.957,0.0026,2.984,0.00099,0.00,0.00,0.00,3.979,0.0013,1.989,0.00066,19.76,0.837,0.00,0.00,0.00,0.00,0.00,0.00,0.00,0.00,0.00,0.00,0.00,0.00,0.042
-93.77543956,42.01837909,A1/A2,TaskName 5/7/2025 (GreenStar 4 Monitor),Zidua SC & Sharpen,379,5/7/2025,0.595,On,1123.6,120.00,0.625,10.49,9.150,5.865,179.72,19.99,19.94,0,6,152.51,5/7/2025,Good,7.974,0.0016,2.990,0.00059,0.00,0.00,0.00,3.987,0.00079,1.994,0.00039,19.81,0.499,0.00,0.00,0.00,0.00,0.00,0.00,0.00,0.00,0.00,0.00,0.00,0.00,0.025
-93.77543943,42.01837055,A1/A2,TaskName 5/7/2025 (GreenStar 4 Monitor),Zidua SC & Sharpen,380,5/7/2025,0.205,On,1123.6,121.25,0.00,10.53,3.167,5.825,179.68,19.99,19.91,0,6,154.81,5/7/2025,Good,7.962,0.00055,2.986,0.00021,0.00,0.00,0.00,3.981,0.00027,1.991,0.00014,19.78,0.174,0.00,0.00,0.00,0.00,0.00,0.00,0.00,0.00,0.00,0.00,0.00,0.00,0.0088
-93.77543930,42.01832817,A1/A2,TaskName 5/7/2025 (GreenStar 4 Monitor),Zidua SC & Sharpen,381,5/7/2025,1.000,On,1123.4,120.00,0.625,10.55,15.47,5.494,179.76,19.99,19.87,0,6,153.46,5/7/2025,Good,7.949,0.0026,2.981,0.00099,0.00,0.00,0.00,3.974,0.0013,1.987,0.00066,19.74,0.842,0.00,0.00,0.00,0.00,0.00,0.00,0.00,0.00,0.00,0.00,0.00,0.00,0.043
-93.77543888,42.01828603,A1/A2,TaskName 5/7/2025 (GreenStar 4 Monitor),Zidua SC & Sharpen,382,5/7/2025,1.000,On,1123.3,120.00,0.625,10.51,15.42,5.843,180.56,19.99,19.81,0,6,152.88,5/7/2025,Good,7.923,0.0026,2.971,0.00099,0.00,0.00,0.00,3.962,0.0013,1.981,0.00066,19.68,0.836,0.00,0.00,0.00,0.00,0.00,0.00,0.00,0.00,0.00,0.00,0.00,0.00,0.042
-93.77543940,42.01824396,A1/A2,TaskName 5/7/2025 (GreenStar 4 Monitor),Zidua SC & Sharpen,383,5/7/2025,0.995,On,1123.1,120.00,0.625,10.44,15.23,6.045,180.04,19.99,20.00,0,6,151.81,5/7/2025,Good,8.001,0.0026,3.000,0.00098,0.00,0.00,0.00,4.000,0.0013,2.000,0.00066,19.87,0.834,0.00,0.00,0.00,0.00,0.00,0.00,0.00,0.00,0.00,0.00,0.00,0.00,0.042
-93.77543979,42.01820175,A1/A2,TaskName 5/7/2025 (GreenStar 4 Monitor),Zidua SC & Sharpen,384,5/7/2025,1.005,On,1123.0,120.00,0.625,10.48,15.44,5.486,179.55,19.99,20.00,0,6,152.41,5/7/2025,Good,7.999,0.0027,3.000,0.00100,0.00,0.00,0.00,4.000,0.0013,2.000,0.00066,19.87,0.845,0.00,0.00,0.00,0.00,0.00,0.00,0.00,0.00,0.00,0.00,0.00,0.00,0.043
-93.77543913,42.01815984,A1/A2,TaskName 5/7/2025 (GreenStar 4 Monitor),Zidua SC & Sharpen,385,5/7/2025,0.995,On,1122.9,120.00,0.625,10.46,15.26,5.794,180.31,19.99,19.89,0,6,152.11,5/7/2025,Good,7.956,0.0026,2.983,0.00098,0.00,0.00,0.00,3.978,0.0013,1.989,0.00065,19.76,0.831,0.00,0.00,0.00,0.00,0.00,0.00,0.00,0.00,0.00,0.00,0.00,0.00,0.042
-93.77543943,42.01811769,A1/A2,TaskName 5/7/2025 (GreenStar 4 Monitor),Zidua SC & Sharpen,386,5/7/2025,1.000,On,1122.7,120.00,0.625,10.43,15.29,5.946,180.26,19.99,20.02,0,6,151.61,5/7/2025,Good,8.007,0.0026,3.003,0.00099,0.00,0.00,0.00,4.003,0.0013,2.002,0.00066,19.89,0.837,0.00,0.00,0.00,0.00,0.00,0.00,0.00,0.00,0.00,0.00,0.00,0.00,0.042
-93.77543983,42.01807566,A1/A2,TaskName 5/7/2025 (GreenStar 4 Monitor),Zidua SC & Sharpen,387,5/7/2025,1.005,On,1122.6,120.00,0.625,10.47,15.42,6.213,179.38,19.99,19.89,0,6,152.21,5/7/2025,Good,7.957,0.0026,2.984,0.00099,0.00,0.00,0.00,3.979,0.0013,1.989,0.00066,19.76,0.840,0.00,0.00,0.00,0.00,0.00,0.00,0.00,0.00,0.00,0.00,0.00,0.00,0.042
-93.77543926,42.01803346,A1/A2,TaskName 5/7/2025 (GreenStar 4 Monitor),Zidua SC & Sharpen,388,5/7/2025,0.995,On,1122.5,120.00,0.625,10.44,15.23,6.406,179.84,19.99,20.07,0,6,151.81,5/7/2025,Good,8.027,0.0026,3.010,0.00099,0.00,0.00,0.00,4.013,0.0013,2.007,0.00066,19.94,0.837,0.00,0.00,0.00,0.00,0.00,0.00,0.00,0.00,0.00,0.00,0.00,0.00,0.042
-93.77543877,42.01799133,A1/A2,TaskName 5/7/2025 (GreenStar 4 Monitor),Zidua SC & Sharpen,389,5/7/2025,1.000,On,1122.4,120.00,0.625,10.51,15.42,6.205,180.97,19.99,19.93,0,6,152.91,5/7/2025,Good,7.971,0.0026,2.989,0.00099,0.00,0.00,0.00,3.986,0.0013,1.993,0.00066,19.80,0.841,0.00,0.00,0.00,0.00,0.00,0.00,0.00,0.00,0.00,0.00,0.00,0.00,0.042
-93.77543972,42.01794943,A1/A2,TaskName 5/7/2025 (GreenStar 4 Monitor),Zidua SC & Sharpen,390,5/7/2025,1.001,On,1122.3,120.00,0.625,10.42,15.28,6.837,180.17,19.99,20.10,0,6,151.42,5/7/2025,Good,8.041,0.0026,3.015,0.00099,0.00,0.00,0.00,4.020,0.0013,2.010,0.00066,19.97,0.841,0.00,0.00,0.00,0.00,0.00,0.00,0.00,0.00,0.00,0.00,0.00,0.00,0.042
-93.77544005,42.01793255,A1/A2,TaskName 5/7/2025 (GreenStar 4 Monitor),Zidua SC & Sharpen,391,5/7/2025,0.399,On,1122.3,120.00,0.625,10.42,6.108,6.961,179.69,19.99,19.88,0,6,151.81,5/7/2025,Good,7.952,0.0010,2.982,0.00039,0.00,0.00,0.00,3.976,0.00052,1.988,0.00026,19.75,0.332,0.00,0.00,0.00,0.00,0.00,0.00,0.00,0.00,0.00,0.00,0.00,0.00,0.017
-93.77544034,42.01791572,A1/A2,TaskName 5/7/2025 (GreenStar 4 Monitor),Zidua SC & Sharpen,392,5/7/2025,0.401,On,1122.2,121.25,0.00,10.46,6.137,6.805,179.18,19.99,19.97,0,6,153.36,5/7/2025,Good,7.988,0.0011,2.996,0.00040,0.00,0.00,0.00,3.994,0.00053,1.997,0.00027,19.84,0.339,0.00,0.00,0.00,0.00,0.00,0.00,0.00,0.00,0.00,0.00,0.00,0.00,0.017
-93.77543960,42.01787341,A1/A2,TaskName 5/7/2025 (GreenStar 4 Monitor),Zidua SC & Sharpen,393,5/7/2025,0.999,On,1122.1,120.00,0.625,10.50,15.40,6.228,179.50,19.99,20.09,0,6,152.87,5/7/2025,Good,8.038,0.0027,3.014,0.00100,0.00,0.00,0.00,4.019,0.0013,2.009,0.00067,19.96,0.847,0.00,0.00,0.00,0.00,0.00,0.00,0.00,0.00,0.00,0.00,0.00,0.00,0.042
-93.77543868,42.01783122,A1/A2,TaskName 5/7/2025 (GreenStar 4 Monitor),Zidua SC & Sharpen,394,5/7/2025,1.000,On,1122.0,120.00,0.625,10.49,15.39,5.802,180.53,19.99,19.92,0,6,152.58,5/7/2025,Good,7.968,0.0026,2.988,0.00099,0.00,0.00,0.00,3.984,0.0013,1.992,0.00066,19.79,0.839,0.00,0.00,0.00,0.00,0.00,0.00,0.00,0.00,0.00,0.00,0.00,0.00,0.042
-93.77543912,42.01778927,A1/A2,TaskName 5/7/2025 (GreenStar 4 Monitor),Zidua SC & Sharpen,395,5/7/2025,1.000,On,1121.9,120.00,0.625,10.45,15.32,6.847,180.16,19.99,19.99,0,6,151.96,5/7/2025,Good,7.994,0.0026,2.998,0.00099,0.00,0.00,0.00,3.997,0.0013,1.999,0.00066,19.86,0.838,0.00,0.00,0.00,0.00,0.00,0.00,0.00,0.00,0.00,0.00,0.00,0.00,0.042
-93.77543950,42.01774702,A1/A2,TaskName 5/7/2025 (GreenStar 4 Monitor),Zidua SC & Sharpen,396,5/7/2025,1.005,On,1121.9,120.00,0.625,10.44,15.39,6.572,179.80,19.99,19.96,0,6,151.89,5/7/2025,Good,7.985,0.0026,2.994,0.00099,0.00,0.00,0.00,3.992,0.0013,1.996,0.00066,19.83,0.841,0.00,0.00,0.00,0.00,0.00,0.00,0.00,0.00,0.00,0.00,0.00,0.00,0.042
-93.77543920,42.01770470,A1/A2,TaskName 5/7/2025 (GreenStar 4 Monitor),Zidua SC & Sharpen,397,5/7/2025,0.991,On,1121.8,120.00,0.625,10.54,15.32,5.442,180.32,19.99,19.79,0,6,153.28,5/7/2025,Good,7.915,0.0026,2.968,0.00098,0.00,0.00,0.00,3.957,0.0013,1.979,0.00065,19.66,0.829,0.00,0.00,0.00,0.00,0.00,0.00,0.00,0.00,0.00,0.00,0.00,0.00,0.042
-93.77543952,42.01766258,A1/A2,TaskName 5/7/2025 (GreenStar 4 Monitor),Zidua SC & Sharpen,398,5/7/2025,1.004,On,1121.8,120.00,0.625,10.49,15.44,5.757,180.23,19.99,19.76,0,6,152.51,5/7/2025,Good,7.905,0.0026,2.964,0.00099,0.00,0.00,0.00,3.953,0.0013,1.976,0.00066,19.63,0.835,0.00,0.00,0.00,0.00,0.00,0.00,0.00,0.00,0.00,0.00,0.00,0.00,0.043
-93.77544010,42.01763741,A1/A2,TaskName 5/7/2025 (GreenStar 4 Monitor),Zidua SC & Sharpen,399,5/7/2025,0.601,On,1121.8,120.00,0.625,10.44,9.203,6.672,179.62,19.99,19.86,0,6,151.87,5/7/2025,Good,7.944,0.0016,2.979,0.00059,0.00,0.00,0.00,3.972,0.00079,1.986,0.00039,19.73,0.500,0.00,0.00,0.00,0.00,0.00,0.00,0.00,0.00,0.00,0.00,0.00,0.00,0.025
-93.77543994,42.01761206,A1/A2,TaskName 5/7/2025 (GreenStar 4 Monitor),Zidua SC & Sharpen,400,5/7/2025,0.604,On,1121.8,121.25,0.00,10.44,9.246,6.669,179.58,19.99,19.91,0,6,153.40,5/7/2025,Good,7.964,0.0016,2.987,0.00060,0.00,0.00,0.00,3.982,0.00080,1.991,0.00040,19.78,0.509,0.00,0.00,0.00,0.00,0.00,0.00,0.00,0.00,0.00,0.00,0.00,0.00,0.026
-93.77543942,42.01757001,A1/A2,TaskName 5/7/2025 (GreenStar 4 Monitor),Zidua SC & Sharpen,401,5/7/2025,0.991,On,1121.9,120.00,0.625,10.46,15.20,6.856,180.16,19.99,19.96,0,6,152.08,5/7/2025,Good,7.986,0.0026,2.995,0.00098,0.00,0.00,0.00,3.993,0.0013,1.996,0.00065,19.83,0.830,0.00,0.00,0.00,0.00,0.00,0.00,0.00,0.00,0.00,0.00,0.00,0.00,0.042
-93.77543923,42.01752829,A1/A2,TaskName 5/7/2025 (GreenStar 4 Monitor),Zidua SC & Sharpen,402,5/7/2025,1.004,On,1122.0,120.00,0.625,10.41,15.33,7.277,180.46,19.99,19.98,0,6,151.44,5/7/2025,Good,7.993,0.0026,2.997,0.00099,0.00,0.00,0.00,3.996,0.0013,1.998,0.00066,19.85,0.838,0.00,0.00,0.00,0.00,0.00,0.00,0.00,0.00,0.00,0.00,0.00,0.00,0.042
-93.77543936,42.01751987,A1/A2,TaskName 5/7/2025 (GreenStar 4 Monitor),Zidua SC & Sharpen,403,5/7/2025,0.201,On,1122.0,116.25,-1.250,10.37,3.043,7.265,180.40,19.99,20.03,0,6,145.43,5/7/2025,Good,8.014,0.00051,3.005,0.00019,0.00,0.00,0.00,4.007,0.00025,2.003,0.00013,19.90,0.162,0.00,0.00,0.00,0.00,0.00,0.00,0.00,0.00,0.00,0.00,0.00,0.00,0.0081
-93.77543951,42.01751146,A1/A2,TaskName 5/7/2025 (GreenStar 4 Monitor),Zidua SC & Sharpen,404,5/7/2025,0.204,On,1122.0,112.50,-3.125,10.39,3.121,7.020,180.24,19.99,20.29,0,6,142.26,5/7/2025,Good,8.116,0.00051,3.044,0.00019,0.00,0.00,0.00,4.058,0.00026,2.029,0.00013,20.16,0.163,0.00,0.00,0.00,0.00,0.00,0.00,0.00,0.00,0.00,0.00,0.00,0.00,0.0081
-93.77543963,42.01750298,A1/A2,TaskName 5/7/2025 (GreenStar 4 Monitor),Zidua SC & Sharpen,405,5/7/2025,0.195,On,1122.0,108.75,-5.000,10.41,2.977,6.948,180.02,19.99,20.43,0,6,137.21,5/7/2025,Good,8.172,0.00047,3.064,0.00018,0.00,0.00,0.00,4.086,0.00024,2.043,0.00012,20.30,0.151,0.00,0.00,0.00,0.00,0.00,0.00,0.00,0.00,0.00,0.00,0.00,0.00,0.0074
-93.77543992,42.01749463,A1/A2,TaskName 5/7/2025 (GreenStar 4 Monitor),Zidua SC & Sharpen,406,5/7/2025,0.201,On,1122.0,103.75,-7.500,10.45,3.066,7.020,179.74,19.99,20.52,0,6,130.77,5/7/2025,Good,8.206,0.00047,3.077,0.00018,0.00,0.00,0.00,4.103,0.00023,2.052,0.00012,20.38,0.149,0.00,0.00,0.00,0.00,0.00,0.00,0.00,0.00,0.00,0.00,0.00,0.00,0.0073
-93.77543995,42.01748626,A1/A2,TaskName 5/7/2025 (GreenStar 4 Monitor),Zidua SC & Sharpen,407,5/7/2025,0.199,On,1122.1,98.75,-10.000,10.44,3.062,7.014,179.58,19.99,20.45,0,6,125.59,5/7/2025,Good,8.181,0.00044,3.068,0.00017,0.00,0.00,0.00,4.090,0.00022,2.045,0.00011,20.32,0.141,0.00,0.00,0.00,0.00,0.00,0.00,0.00,0.00,0.00,0.00,0.00,0.00,0.0069
-93.77544009,42.01747780,A1/A2,TaskName 5/7/2025 (GreenStar 4 Monitor),Zidua SC & Sharpen,408,5/7/2025,0.200,On,1122.1,95.00,-11.87,10.42,3.056,6.657,179.51,19.99,20.54,0,6,119.96,5/7/2025,Good,8.215,0.00043,3.081,0.00016,0.00,0.00,0.00,4.107,0.00021,2.054,0.00011,20.40,0.136,0.00,0.00,0.00,0.00,0.00,0.00,0.00,0.00,0.00,0.00,0.00,0.00,0.0067
-93.77544004,42.01746936,A1/A2,TaskName 5/7/2025 (GreenStar 4 Monitor),Zidua SC & Sharpen,409,5/7/2025,0.201,On,1122.2,91.25,-13.75,10.45,3.066,6.558,179.56,19.99,20.67,0,6,115.02,5/7/2025,Good,8.266,0.00041,3.100,0.00016,0.00,0.00,0.00,4.133,0.00021,2.067,0.00010,20.53,0.132,0.00,0.00,0.00,0.00,0.00,0.00,0.00,0.00,0.00,0.00,0.00,0.00,0.0064
-93.77543978,42.01746085,A1/A2,TaskName 5/7/2025 (GreenStar 4 Monitor),Zidua SC & Sharpen,410,5/7/2025,0.199,On,1122.2,87.50,-15.62,10.47,3.072,6.598,179.62,19.99,20.87,0,6,111.64,5/7/2025,Good,8.347,0.00040,3.130,0.00015,0.00,0.00,0.00,4.174,0.00020,2.087,0.00010,20.73,0.128,0.00,0.00,0.00,0.00,0.00,0.00,0.00,0.00,0.00,0.00,0.00,0.00,0.0062
-93.77543976,42.01745260,A1/A2,TaskName 5/7/2025 (GreenStar 4 Monitor),Zidua SC & Sharpen,411,5/7/2025,0.200,On,1122.2,83.75,-17.50,10.50,3.082,6.703,179.66,19.99,20.85,0,6,106.66,5/7/2025,Good,8.339,0.00039,3.127,0.00014,0.00,0.00,0.00,4.169,0.00019,2.085,9.651e-05,20.71,0.123,0.00,0.00,0.00,0.00,0.00,0.00,0.00,0.00,0.00,0.00,0.00,0.00,0.0059
-93.77543968,42.01744433,A1/A2,TaskName 5/7/2025 (GreenStar 4 Monitor),Zidua SC & Sharpen,412,5/7/2025,0.205,On,1122.2,80.00,-19.37,10.45,3.141,6.340,179.71,19.99,20.78,0,6,101.30,5/7/2025,Good,8.313,0.00037,3.117,0.00014,0.00,0.00,0.00,4.157,0.00019,2.078,9.366e-05,20.65,0.119,0.00,0.00,0.00,0.00,0.00,0.00,0.00,0.00,0.00,0.00,0.00,0.00,0.0058
-93.77543954,42.01743588,A1/A2,TaskName 5/7/2025 (GreenStar 4 Monitor),Zidua SC & Sharpen,413,5/7/2025,0.195,On,1122.3,76.25,-21.25,10.38,2.967,5.950,179.87,19.99,20.78,0,6,95.89,5/7/2025,Good,8.313,0.00034,3.117,0.00013,0.00,0.00,0.00,4.157,0.00017,2.078,8.433e-05,20.65,0.107,0.00,0.00,0.00,0.00,0.00,0.00,0.00,0.00,0.00,0.00,0.00,0.00,0.0052
-93.77543947,42.01742768,A1/A2,TaskName 5/7/2025 (GreenStar 4 Monitor),Zidua SC & Sharpen,414,5/7/2025,0.201,On,1122.2,72.50,-23.12,10.38,3.046,6.036,180.02,19.99,20.88,0,6,90.80,5/7/2025,Good,8.352,0.00033,3.132,0.00012,0.00,0.00,0.00,4.176,0.00017,2.088,8.269e-05,20.74,0.105,0.00,0.00,0.00,0.00,0.00,0.00,0.00,0.00,0.00,0.00,0.00,0.00,0.0051
-93.77543940,42.01741947,A1/A2,TaskName 5/7/2025 (GreenStar 4 Monitor),Zidua SC & Sharpen,415,5/7/2025,0.200,On,1122.3,68.75,-25.00,10.33,3.046,5.990,180.13,19.99,20.86,0,6,86.53,5/7/2025,Good,8.343,0.00031,3.129,0.00012,0.00,0.00,0.00,4.172,0.00016,2.086,7.834e-05,20.72,0.100,0.00,0.00,0.00,0.00,0.00,0.00,0.00,0.00,0.00,0.00,0.00,0.00,0.0048
-93.77543917,42.01741126,A1/A2,TaskName 5/7/2025 (GreenStar 4 Monitor),Zidua SC & Sharpen,416,5/7/2025,0.200,On,1122.3,65.00,-26.87,10.29,3.003,5.937,180.31,19.99,20.84,0,6,80.67,5/7/2025,Good,8.334,0.00029,3.125,0.00011,0.00,0.00,0.00,4.167,0.00015,2.084,7.295e-05,20.70,0.093,0.00,0.00,0.00,0.00,0.00,0.00,0.00,0.00,0.00,0.00,0.00,0.00,0.0045
-93.77543909,42.01740311,A1/A2,TaskName 5/7/2025 (GreenStar 4 Monitor),Zidua SC & Sharpen,417,5/7/2025,0.200,On,1122.3,61.25,-28.75,10.25,3.007,6.301,180.40,19.99,20.91,0,6,76.10,5/7/2025,Good,8.364,0.00028,3.137,0.00010,0.00,0.00,0.00,4.182,0.00014,2.091,6.906e-05,20.78,0.088,0.00,0.00,0.00,0.00,0.00,0.00,0.00,0.00,0.00,0.00,0.00,0.00,0.0042
-93.77543914,42.01739489,A1/A2,TaskName 5/7/2025 (GreenStar 4 Monitor),Zidua SC & Sharpen,418,5/7/2025,0.195,On,1122.3,57.50,-30.62,10.20,2.931,6.413,180.42,19.99,21.07,0,6,71.43,5/7/2025,Good,8.429,0.00025,3.161,9.554e-05,0.00,0.00,0.00,4.214,0.00013,2.107,6.369e-05,20.93,0.081,0.00,0.00,0.00,0.00,0.00,0.00,0.00,0.00,0.00,0.00,0.00,0.00,0.0039
-93.77543914,42.01738678,A1/A2,TaskName 5/7/2025 (GreenStar 4 Monitor),Zidua SC & Sharpen,419,5/7/2025,0.204,On,1122.3,53.75,-32.50,10.18,3.046,7.073,180.47,19.99,20.93,0,6,66.33,5/7/2025,Good,8.373,0.00025,3.140,9.220e-05,0.00,0.00,0.00,4.186,0.00012,2.093,6.146e-05,20.80,0.078,0.00,0.00,0.00,0.00,0.00,0.00,0.00,0.00,0.00,0.00,0.00,0.00,0.0038
-93.77543917,42.01737867,A1/A2,TaskName 5/7/2025 (GreenStar 4 Monitor),Zidua SC & Sharpen,420,5/7/2025,0.201,On,1122.4,50.00,-34.37,10.15,2.990,7.311,180.43,19.99,21.19,0,6,61.47,5/7/2025,Good,8.476,0.00023,3.178,8.522e-05,0.00,0.00,0.00,4.238,0.00011,2.119,5.682e-05,21.05,0.072,0.00,0.00,0.00,0.00,0.00,0.00,0.00,0.00,0.00,0.00,0.00,0.00,0.0034
-93.77543934,42.01737048,A1/A2,TaskName 5/7/2025 (GreenStar 4 Monitor),Zidua SC & Sharpen,421,5/7/2025,0.200,On,1122.4,46.25,-36.25,10.12,2.954,7.159,180.26,19.99,21.20,0,6,56.46,5/7/2025,Good,8.480,0.00021,3.180,7.792e-05,0.00,0.00,0.00,4.240,0.00010,2.120,5.195e-05,21.06,0.066,0.00,0.00,0.00,0.00,0.00,0.00,0.00,0.00,0.00,0.00,0.00,0.00,0.0031
-93.77543961,42.01736246,A1/A2,TaskName 5/7/2025 (GreenStar 4 Monitor),Zidua SC & Sharpen,422,5/7/2025,0.195,On,1122.4,42.50,-38.12,10.13,2.911,7.602,180.06,19.99,21.36,0,6,52.44,5/7/2025,Good,8.544,0.00019,3.204,7.110e-05,0.00,0.00,0.00,4.272,9.480e-05,2.136,4.740e-05,21.22,0.060,0.00,0.00,0.00,0.00,0.00,0.00,0.00,0.00,0.00,0.00,0.00,0.00,0.0028
-93.77543958,42.01735434,A1/A2,TaskName 5/7/2025 (GreenStar 4 Monitor),Zidua SC & Sharpen,423,5/7/2025,0.200,On,1122.4,38.75,-40.00,10.09,2.961,7.304,180.01,19.99,21.39,0,6,47.41,5/7/2025,Good,8.557,0.00018,3.209,6.602e-05,0.00,0.00,0.00,4.278,8.803e-05,2.139,4.402e-05,21.25,0.056,0.00,0.00,0.00,0.00,0.00,0.00,0.00,0.00,0.00,0.00,0.00,0.00,0.0026
-93.77543966,42.01734611,A1/A2,TaskName 5/7/2025 (GreenStar 4 Monitor),Zidua SC & Sharpen,424,5/7/2025,0.204,On,1122.4,35.00,-41.87,10.08,3.013,6.948,180.01,19.99,21.37,0,6,42.72,5/7/2025,Good,8.548,0.00016,3.206,6.063e-05,0.00,0.00,0.00,4.274,8.084e-05,2.137,4.042e-05,21.23,0.051,0.00,0.00,0.00,0.00,0.00,0.00,0.00,0.00,0.00,0.00,0.00,0.00,0.0024
-93.77543956,42.01733797,A1/A2,TaskName 5/7/2025 (GreenStar 4 Monitor),Zidua SC & Sharpen,425,5/7/2025,0.201,On,1122.5,31.25,-43.75,10.11,2.980,6.796,180.02,19.99,21.49,0,6,38.29,5/7/2025,Good,8.595,0.00014,3.223,5.384e-05,0.00,0.00,0.00,4.298,7.179e-05,2.149,3.589e-05,21.35,0.046,0.00,0.00,0.00,0.00,0.00,0.00,0.00,0.00,0.00,0.00,0.00,0.00,0.0021
-93.77543966,42.01732988,A1/A2,TaskName 5/7/2025 (GreenStar 4 Monitor),Zidua SC & Sharpen,426,5/7/2025,0.195,On,1122.4,28.75,-45.00,10.12,2.895,6.558,179.87,19.99,21.53,0,6,35.27,5/7/2025,Good,8.612,0.00013,3.230,4.821e-05,0.00,0.00,0.00,4.306,6.428e-05,2.153,3.214e-05,21.39,0.041,0.00,0.00,0.00,0.00,0.00,0.00,0.00,0.00,0.00,0.00,0.00,0.00,0.0019
-93.77543984,42.01732184,A1/A2,TaskName 5/7/2025 (GreenStar 4 Monitor),Zidua SC & Sharpen,427,5/7/2025,0.205,On,1122.4,25.00,-46.87,10.11,3.023,6.135,179.72,19.99,21.45,0,6,30.47,5/7/2025,Good,8.578,0.00012,3.217,4.360e-05,0.00,0.00,0.00,4.289,5.814e-05,2.145,2.907e-05,21.31,0.037,0.00,0.00,0.00,0.00,0.00,0.00,0.00,0.00,0.00,0.00,0.00,0.00,0.0017
-93.77543989,42.01731376,A1/A2,TaskName 5/7/2025 (GreenStar 4 Monitor),Zidua SC & Sharpen,428,5/7/2025,0.200,On,1122.5,21.25,-48.75,10.07,2.967,5.739,179.62,19.99,21.52,0,6,26.05,5/7/2025,Good,8.608,9.735e-05,3.228,3.650e-05,0.00,0.00,0.00,4.304,4.867e-05,2.152,2.434e-05,21.38,0.031,0.00,0.00,0.00,0.00,0.00,0.00,0.00,0.00,0.00,0.00,0.00,0.00,0.0014
-93.77543979,42.01730571,A1/A2,TaskName 5/7/2025 (GreenStar 4 Monitor),Zidua SC & Sharpen,429,5/7/2025,0.200,On,1122.5,17.50,-50.62,10.06,2.934,5.270,179.68,19.99,21.69,0,6,21.22,5/7/2025,Good,8.677,7.991e-05,3.254,2.997e-05,0.00,0.00,0.00,4.338,3.996e-05,2.169,1.998e-05,21.55,0.025,0.00,0.00,0.00,0.00,0.00,0.00,0.00,0.00,0.00,0.00,0.00,0.00,0.0012
-93.77543966,42.01729772,A1/A2,TaskName 5/7/2025 (GreenStar 4 Monitor),Zidua SC & Sharpen,430,5/7/2025,0.200,On,1122.5,13.75,-52.50,10.04,2.944,5.165,179.81,19.99,21.54,0,6,16.73,5/7/2025,Good,8.617,6.256e-05,3.231,2.346e-05,0.00,0.00,0.00,4.308,3.128e-05,2.154,1.564e-05,21.40,0.020,0.00,0.00,0.00,0.00,0.00,0.00,0.00,0.00,0.00,0.00,0.00,0.00,0.00093
-93.77543951,42.01728990,A1/A2,TaskName 5/7/2025 (GreenStar 4 Monitor),Zidua SC & Sharpen,431,5/7/2025,0.195,On,1122.4,10.00,-54.37,10.01,2.879,4.999,180.00,19.99,21.73,0,6,12.20,5/7/2025,Good,8.694,4.488e-05,3.260,1.683e-05,0.00,0.00,0.00,4.347,2.244e-05,2.173,1.122e-05,21.59,0.014,0.00,0.00,0.00,0.00,0.00,0.00,0.00,0.00,0.00,0.00,0.00,0.00,0.00066
-93.77543945,42.01728222,A1/A2,TaskName 5/7/2025 (GreenStar 4 Monitor),Zidua SC & Sharpen,432,5/7/2025,0.200,On,1122.5,6.250,-56.25,9.921,2.911,4.564,180.05,19.99,21.64,0,6,7.519,5/7/2025,Good,8.655,2.825e-05,3.246,1.059e-05,0.00,0.00,0.00,4.328,1.412e-05,2.164,7.062e-06,21.50,0.0090,0.00,0.00,0.00,0.00,0.00,0.00,0.00,0.00,0.00,0.00,0.00,0.00,0.00042
-93.77543952,42.01727433,A1/A2,TaskName 5/7/2025 (GreenStar 4 Monitor),Zidua SC & Sharpen,433,5/7/2025,0.200,On,1122.5,2.500,-58.12,9.796,2.872,3.163,180.04,19.99,21.68,0,6,2.967,5/7/2025,Good,8.672,1.117e-05,3.252,4.188e-06,0.00,0.00,0.00,4.336,5.584e-06,2.168,2.792e-06,21.54,0.0036,0.00,0.00,0.00,0.00,0.00,0.00,0.00,0.00,0.00,0.00,0.00,0.00,0.00016
-93.77587633,42.01752159,A1/A2,TaskName 5/7/2025 (GreenStar 4 Monitor),Zidua SC & Sharpen,434,5/7/2025,0.200,On,1123.4,2.500,56.87,8.415,2.469,7.073,357.26,19.99,20.81,0,7,2.550,5/7/2025,Good,8.326,9.215e-06,3.122,3.456e-06,0.00,0.00,0.00,4.163,4.608e-06,2.081,2.304e-06,20.68,0.0029,0.00,0.00,0.00,0.00,0.00,0.00,0.00,0.00,0.00,0.00,0.00,0.00,0.00014
-93.77587698,42.01752866,A1/A2,TaskName 5/7/2025 (GreenStar 4 Monitor),Zidua SC & Sharpen,435,5/7/2025,0.200,On,1123.4,6.250,56.25,8.514,2.498,6.743,357.59,19.99,21.35,0,7,6.452,5/7/2025,Good,8.540,2.391e-05,3.202,8.967e-06,0.00,0.00,0.00,4.270,1.196e-05,2.135,5.978e-06,21.21,0.0076,0.00,0.00,0.00,0.00,0.00,0.00,0.00,0.00,0.00,0.00,0.00,0.00,0.00036
-93.77587750,42.01753601,A1/A2,TaskName 5/7/2025 (GreenStar 4 Monitor),Zidua SC & Sharpen,436,5/7/2025,0.200,On,1123.4,10.00,54.37,8.619,2.515,6.195,357.98,19.99,20.91,0,7,10.39,5/7/2025,Good,8.364,3.772e-05,3.137,1.415e-05,0.00,0.00,0.00,4.182,1.886e-05,2.091,9.430e-06,20.78,0.012,0.00,0.00,0.00,0.00,0.00,0.00,0.00,0.00,0.00,0.00,0.00,0.00,0.00058
-93.77587811,42.01754335,A1/A2,TaskName 5/7/2025 (GreenStar 4 Monitor),Zidua SC & Sharpen,437,5/7/2025,0.199,On,1123.3,13.75,52.50,8.784,2.577,6.149,358.44,19.99,21.15,0,7,14.71,5/7/2025,Good,8.458,5.375e-05,3.172,2.016e-05,0.00,0.00,0.00,4.229,2.688e-05,2.115,1.344e-05,21.01,0.017,0.00,0.00,0.00,0.00,0.00,0.00,0.00,0.00,0.00,0.00,0.00,0.00,0.00081
-93.77587856,42.01755077,A1/A2,TaskName 5/7/2025 (GreenStar 4 Monitor),Zidua SC & Sharpen,438,5/7/2025,0.201,On,1123.3,15.00,51.87,8.928,2.633,5.911,358.82,19.99,21.27,0,7,16.24,5/7/2025,Good,8.510,6.027e-05,3.191,2.260e-05,0.00,0.00,0.00,4.255,3.013e-05,2.127,1.507e-05,21.14,0.019,0.00,0.00,0.00,0.00,0.00,0.00,0.00,0.00,0.00,0.00,0.00,0.00,0.00091
-93.77587886,42.01755841,A1/A2,TaskName 5/7/2025 (GreenStar 4 Monitor),Zidua SC & Sharpen,439,5/7/2025,0.204,On,1123.4,18.75,50.00,9.044,2.705,5.449,359.02,19.99,20.84,0,7,20.55,5/7/2025,Good,8.334,7.581e-05,3.125,2.843e-05,0.00,0.00,0.00,4.167,3.790e-05,2.084,1.895e-05,20.70,0.024,0.00,0.00,0.00,0.00,0.00,0.00,0.00,0.00,0.00,0.00,0.00,0.00,0.0012
-93.77587923,42.01756602,A1/A2,TaskName 5/7/2025 (GreenStar 4 Monitor),Zidua SC & Sharpen,440,5/7/2025,0.191,On,1123.3,22.50,48.12,9.187,2.574,5.561,359.22,19.99,20.80,0,7,25.06,5/7/2025,Good,8.322,8.642e-05,3.121,3.241e-05,0.00,0.00,0.00,4.161,4.321e-05,2.080,2.161e-05,20.67,0.027,0.00,0.00,0.00,0.00,0.00,0.00,0.00,0.00,0.00,0.00,0.00,0.00,0.0013
-93.77587949,42.01757353,A1/A2,TaskName 5/7/2025 (GreenStar 4 Monitor),Zidua SC & Sharpen,441,5/7/2025,0.205,On,1123.3,26.25,46.25,9.299,2.797,6.380,359.37,19.99,20.76,0,7,29.60,5/7/2025,Good,8.305,0.00011,3.114,4.100e-05,0.00,0.00,0.00,4.152,5.467e-05,2.076,2.734e-05,20.63,0.035,0.00,0.00,0.00,0.00,0.00,0.00,0.00,0.00,0.00,0.00,0.00,0.00,0.0017
-93.77587957,42.01758114,A1/A2,TaskName 5/7/2025 (GreenStar 4 Monitor),Zidua SC & Sharpen,442,5/7/2025,0.195,On,1123.3,31.25,43.75,9.339,2.672,5.746,359.44,19.99,20.34,0,7,35.39,5/7/2025,Good,8.138,0.00012,3.052,4.570e-05,0.00,0.00,0.00,4.069,6.093e-05,2.034,3.047e-05,20.21,0.039,0.00,0.00,0.00,0.00,0.00,0.00,0.00,0.00,0.00,0.00,0.00,0.00,0.0019
-93.77587974,42.01758883,A1/A2,TaskName 5/7/2025 (GreenStar 4 Monitor),Zidua SC & Sharpen,443,5/7/2025,0.209,On,1123.3,35.00,41.87,9.377,2.875,5.600,359.57,19.99,20.40,0,7,39.80,5/7/2025,Good,8.159,0.00015,3.060,5.523e-05,0.00,0.00,0.00,4.080,7.363e-05,2.040,3.682e-05,20.27,0.047,0.00,0.00,0.00,0.00,0.00,0.00,0.00,0.00,0.00,0.00,0.00,0.00,0.0023
-93.77587974,42.01759650,A1/A2,TaskName 5/7/2025 (GreenStar 4 Monitor),Zidua SC & Sharpen,444,5/7/2025,0.191,On,1123.3,40.00,39.37,9.433,2.642,5.964,359.61,19.99,20.41,0,7,45.73,5/7/2025,Good,8.163,0.00015,3.061,5.803e-05,0.00,0.00,0.00,4.082,7.738e-05,2.041,3.869e-05,20.28,0.049,0.00,0.00,0.00,0.00,0.00,0.00,0.00,0.00,0.00,0.00,0.00,0.00,0.0024
-93.77587975,42.01760422,A1/A2,TaskName 5/7/2025 (GreenStar 4 Monitor),Zidua SC & Sharpen,445,5/7/2025,0.205,On,1123.3,43.75,37.50,9.451,2.826,5.891,359.54,19.99,20.18,0,7,49.85,5/7/2025,Good,8.074,0.00018,3.028,6.714e-05,0.00,0.00,0.00,4.037,8.952e-05,2.018,4.476e-05,20.05,0.057,0.00,0.00,0.00,0.00,0.00,0.00,0.00,0.00,0.00,0.00,0.00,0.00,0.0028
-93.77587976,42.01761192,A1/A2,TaskName 5/7/2025 (GreenStar 4 Monitor),Zidua SC & Sharpen,446,5/7/2025,0.199,On,1123.2,47.50,35.62,9.489,2.784,6.175,359.42,19.99,20.23,0,7,54.91,5/7/2025,Good,8.091,0.00019,3.034,7.195e-05,0.00,0.00,0.00,4.045,9.593e-05,2.023,4.796e-05,20.10,0.061,0.00,0.00,0.00,0.00,0.00,0.00,0.00,0.00,0.00,0.00,0.00,0.00,0.0030
-93.77587979,42.01761953,A1/A2,TaskName 5/7/2025 (GreenStar 4 Monitor),Zidua SC & Sharpen,447,5/7/2025,0.201,On,1123.2,52.50,33.12,9.516,2.806,6.307,359.27,19.99,20.02,0,7,60.58,5/7/2025,Good,8.009,0.00021,3.004,7.937e-05,0.00,0.00,0.00,4.005,0.00011,2.002,5.291e-05,19.89,0.067,0.00,0.00,0.00,0.00,0.00,0.00,0.00,0.00,0.00,0.00,0.00,0.00,0.0034
-93.77587981,42.01762739,A1/A2,TaskName 5/7/2025 (GreenStar 4 Monitor),Zidua SC & Sharpen,448,5/7/2025,0.200,On,1123.3,57.50,30.62,9.507,2.790,6.102,359.13,19.99,20.00,0,7,66.29,5/7/2025,Good,8.001,0.00023,3.000,8.633e-05,0.00,0.00,0.00,4.000,0.00012,2.000,5.755e-05,19.87,0.073,0.00,0.00,0.00,0.00,0.00,0.00,0.00,0.00,0.00,0.00,0.00,0.00,0.0037
-93.77587974,42.01763528,A1/A2,TaskName 5/7/2025 (GreenStar 4 Monitor),Zidua SC & Sharpen,449,5/7/2025,0.200,On,1123.2,61.25,28.75,9.565,2.790,6.261,358.99,19.99,20.03,0,7,70.62,5/7/2025,Good,8.014,0.00025,3.005,9.211e-05,0.00,0.00,0.00,4.007,0.00012,2.003,6.140e-05,19.90,0.078,0.00,0.00,0.00,0.00,0.00,0.00,0.00,0.00,0.00,0.00,0.00,0.00,0.0039
-93.77587976,42.01764290,A1/A2,TaskName 5/7/2025 (GreenStar 4 Monitor),Zidua SC & Sharpen,450,5/7/2025,0.200,On,1123.2,66.25,26.25,9.623,2.836,6.433,358.86,19.99,19.91,0,7,77.64,5/7/2025,Good,7.962,0.00027,2.986,0.00010,0.00,0.00,0.00,3.981,0.00013,1.991,6.708e-05,19.78,0.085,0.00,0.00,0.00,0.00,0.00,0.00,0.00,0.00,0.00,0.00,0.00,0.00,0.0043
-93.77587992,42.01765084,A1/A2,TaskName 5/7/2025 (GreenStar 4 Monitor),Zidua SC & Sharpen,451,5/7/2025,0.200,On,1123.2,70.00,24.37,9.601,2.816,5.924,358.87,19.99,19.85,0,7,81.46,5/7/2025,Good,7.941,0.00028,2.978,0.00011,0.00,0.00,0.00,3.971,0.00014,1.985,7.019e-05,19.72,0.089,0.00,0.00,0.00,0.00,0.00,0.00,0.00,0.00,0.00,0.00,0.00,0.00,0.0045
-93.77588008,42.01765879,A1/A2,TaskName 5/7/2025 (GreenStar 4 Monitor),Zidua SC & Sharpen,452,5/7/2025,0.199,On,1123.1,75.00,21.87,9.659,2.820,5.917,358.96,19.99,19.68,0,7,87.82,5/7/2025,Good,7.873,0.00030,2.952,0.00011,0.00,0.00,0.00,3.936,0.00015,1.968,7.465e-05,19.55,0.095,0.00,0.00,0.00,0.00,0.00,0.00,0.00,0.00,0.00,0.00,0.00,0.00,0.0049
-93.77588035,42.01766672,A1/A2,TaskName 5/7/2025 (GreenStar 4 Monitor),Zidua SC & Sharpen,453,5/7/2025,0.201,On,1123.1,78.75,20.00,9.733,2.869,6.452,359.17,19.99,19.76,0,7,92.89,5/7/2025,Good,7.903,0.00032,2.963,0.00012,0.00,0.00,0.00,3.951,0.00016,1.976,8.005e-05,19.63,0.102,0.00,0.00,0.00,0.00,0.00,0.00,0.00,0.00,0.00,0.00,0.00,0.00,0.0052
-93.77588082,42.01767467,A1/A2,TaskName 5/7/2025 (GreenStar 4 Monitor),Zidua SC & Sharpen,454,5/7/2025,0.199,On,1123.1,83.75,17.50,9.787,2.856,6.089,359.46,19.99,19.65,0,7,99.33,5/7/2025,Good,7.860,0.00034,2.947,0.00013,0.00,0.00,0.00,3.930,0.00017,1.965,8.429e-05,19.52,0.107,0.00,0.00,0.00,0.00,0.00,0.00,0.00,0.00,0.00,0.00,0.00,0.00,0.0055
-93.77588107,42.01768265,A1/A2,TaskName 5/7/2025 (GreenStar 4 Monitor),Zidua SC & Sharpen,455,5/7/2025,0.201,On,1123.1,88.75,15.00,9.843,2.902,6.043,359.66,19.99,19.71,0,7,105.88,5/7/2025,Good,7.885,0.00036,2.957,0.00014,0.00,0.00,0.00,3.943,0.00018,1.971,9.105e-05,19.59,0.116,0.00,0.00,0.00,0.00,0.00,0.00,0.00,0.00,0.00,0.00,0.00,0.00,0.0059
-93.77588127,42.01769062,A1/A2,TaskName 5/7/2025 (GreenStar 4 Monitor),Zidua SC & Sharpen,456,5/7/2025,0.199,On,1123.1,92.50,13.12,9.874,2.882,6.056,359.86,19.99,19.61,0,7,110.71,5/7/2025,Good,7.843,0.00037,2.941,0.00014,0.00,0.00,0.00,3.921,0.00019,1.961,9.374e-05,19.48,0.119,0.00,0.00,0.00,0.00,0.00,0.00,0.00,0.00,0.00,0.00,0.00,0.00,0.0061
-93.77588133,42.01769872,A1/A2,TaskName 5/7/2025 (GreenStar 4 Monitor),Zidua SC & Sharpen,457,5/7/2025,0.201,On,1123.0,97.50,10.62,9.892,2.902,5.805,0.086,19.99,19.46,0,7,116.32,5/7/2025,Good,7.783,0.00039,2.919,0.00015,0.00,0.00,0.00,3.891,0.00020,1.946,9.872e-05,19.33,0.126,0.00,0.00,0.00,0.00,0.00,0.00,0.00,0.00,0.00,0.00,0.00,0.00,0.0065
-93.77588157,42.01770674,A1/A2,TaskName 5/7/2025 (GreenStar 4 Monitor),Zidua SC & Sharpen,458,5/7/2025,0.200,On,1123.0,102.50,8.125,9.939,2.931,5.832,0.361,19.99,19.40,0,7,124.15,5/7/2025,Good,7.761,0.00042,2.911,0.00016,0.00,0.00,0.00,3.881,0.00021,1.940,0.00010,19.28,0.133,0.00,0.00,0.00,0.00,0.00,0.00,0.00,0.00,0.00,0.00,0.00,0.00,0.0069
-93.77588188,42.01771481,A1/A2,TaskName 5/7/2025 (GreenStar 4 Monitor),Zidua SC & Sharpen,459,5/7/2025,0.200,On,1123.0,107.50,5.625,9.959,2.921,6.116,0.557,19.99,19.26,0,7,129.77,5/7/2025,Good,7.706,0.00043,2.890,0.00016,0.00,0.00,0.00,3.853,0.00022,1.926,0.00011,19.14,0.138,0.00,0.00,0.00,0.00,0.00,0.00,0.00,0.00,0.00,0.00,0.00,0.00,0.0072
-93.77588182,42.01772287,A1/A2,TaskName 5/7/2025 (GreenStar 4 Monitor),Zidua SC & Sharpen,460,5/7/2025,0.199,On,1123.0,112.50,3.125,9.979,2.911,5.884,0.674,19.99,19.18,0,7,136.03,5/7/2025,Good,7.672,0.00045,2.877,0.00017,0.00,0.00,0.00,3.836,0.00023,1.918,0.00011,19.05,0.143,0.00,0.00,0.00,0.00,0.00,0.00,0.00,0.00,0.00,0.00,0.00,0.00,0.0075
-93.77588181,42.01773089,A1/A2,TaskName 5/7/2025 (GreenStar 4 Monitor),Zidua SC & Sharpen,461,5/7/2025,0.200,On,1122.9,116.25,1.250,9.995,2.931,6.241,0.643,19.99,19.23,0,7,140.80,5/7/2025,Good,7.693,0.00047,2.885,0.00018,0.00,0.00,0.00,3.847,0.00024,1.923,0.00012,19.11,0.149,0.00,0.00,0.00,0.00,0.00,0.00,0.00,0.00,0.00,0.00,0.00,0.00,0.0078
-93.77588142,42.01774697,A1/A2,TaskName 5/7/2025 (GreenStar 4 Monitor),Zidua SC & Sharpen,462,5/7/2025,0.400,On,1122.8,120.00,-0.625,9.998,5.866,6.301,0.345,19.99,19.36,0,7,145.43,5/7/2025,Good,7.742,0.00098,2.903,0.00037,0.00,0.00,0.00,3.871,0.00049,1.936,0.00024,19.23,0.311,0.00,0.00,0.00,0.00,0.00,0.00,0.00,0.00,0.00,0.00,0.00,0.00,0.016
-93.77588071,42.01778769,A1/A2,TaskName 5/7/2025 (GreenStar 4 Monitor),Zidua SC & Sharpen,463,5/7/2025,1.001,On,1122.7,118.75,3.560e-07,10.05,14.73,5.503,359.57,19.99,19.60,0,7,144.46,5/7/2025,Good,7.842,0.0025,2.941,0.00092,0.00,0.00,0.00,3.921,0.0012,1.960,0.00062,19.48,0.782,0.00,0.00,0.00,0.00,0.00,0.00,0.00,0.00,0.00,0.00,0.00,0.00,0.040
-93.77588086,42.01782799,A1/A2,TaskName 5/7/2025 (GreenStar 4 Monitor),Zidua SC & Sharpen,464,5/7/2025,0.999,On,1122.7,118.75,3.560e-07,10.09,14.80,5.475,359.61,19.99,19.82,0,7,145.36,5/7/2025,Good,7.929,0.0025,2.973,0.00094,0.00,0.00,0.00,3.964,0.0012,1.982,0.00062,19.69,0.794,0.00,0.00,0.00,0.00,0.00,0.00,0.00,0.00,0.00,0.00,0.00,0.00,0.040
-93.77588139,42.01786835,A1/A2,TaskName 5/7/2025 (GreenStar 4 Monitor),Zidua SC & Sharpen,465,5/7/2025,1.001,On,1122.6,118.75,3.560e-07,9.961,14.62,6.296,0.416,19.99,19.92,0,7,143.37,5/7/2025,Good,7.968,0.0025,2.988,0.00093,0.00,0.00,0.00,3.984,0.0012,1.992,0.00062,19.79,0.789,0.00,0.00,0.00,0.00,0.00,0.00,0.00,0.00,0.00,0.00,0.00,0.00,0.040
-93.77588090,42.01790875,A1/A2,TaskName 5/7/2025 (GreenStar 4 Monitor),Zidua SC & Sharpen,466,5/7/2025,1.000,On,1122.5,118.75,3.560e-07,10.04,14.73,5.701,359.95,19.99,19.97,0,7,144.54,5/7/2025,Good,7.987,0.0025,2.995,0.00094,0.00,0.00,0.00,3.993,0.0013,1.997,0.00063,19.84,0.796,0.00,0.00,0.00,0.00,0.00,0.00,0.00,0.00,0.00,0.00,0.00,0.00,0.040
-93.77588071,42.01791681,A1/A2,TaskName 5/7/2025 (GreenStar 4 Monitor),Zidua SC & Sharpen,467,5/7/2025,0.199,On,1122.5,118.75,3.560e-07,10.06,2.934,6.056,359.71,19.99,19.94,0,7,144.72,5/7/2025,Good,7.975,0.00050,2.991,0.00019,0.00,0.00,0.00,3.988,0.00025,1.994,0.00012,19.81,0.158,0.00,0.00,0.00,0.00,0.00,0.00,0.00,0.00,0.00,0.00,0.00,0.00,0.0080
-93.77588057,42.01793284,A1/A2,TaskName 5/7/2025 (GreenStar 4 Monitor),Zidua SC & Sharpen,468,5/7/2025,0.400,On,1122.5,120.00,-0.625,10.04,5.892,6.162,359.37,19.99,20.03,0,7,146.08,5/7/2025,Good,8.012,0.0010,3.004,0.00038,0.00,0.00,0.00,4.006,0.00051,2.003,0.00025,19.90,0.323,0.00,0.00,0.00,0.00,0.00,0.00,0.00,0.00,0.00,0.00,0.00,0.00,0.016
-93.77588110,42.01797295,A1/A2,TaskName 5/7/2025 (GreenStar 4 Monitor),Zidua SC & Sharpen,469,5/7/2025,1.000,On,1122.5,118.75,3.560e-07,9.980,14.64,6.538,359.76,19.99,20.02,0,7,143.67,5/7/2025,Good,8.009,0.0025,3.004,0.00094,0.00,0.00,0.00,4.005,0.0012,2.002,0.00062,19.89,0.794,0.00,0.00,0.00,0.00,0.00,0.00,0.00,0.00,0.00,0.00,0.00,0.00,0.040
-93.77588141,42.01798110,A1/A2,TaskName 5/7/2025 (GreenStar 4 Monitor),Zidua SC & Sharpen,470,5/7/2025,0.201,On,1122.6,118.75,3.560e-07,9.950,2.918,6.551,0.039,19.99,19.94,0,7,142.48,5/7/2025,Good,7.975,0.00050,2.991,0.00019,0.00,0.00,0.00,3.988,0.00025,1.994,0.00012,19.81,0.158,0.00,0.00,0.00,0.00,0.00,0.00,0.00,0.00,0.00,0.00,0.00,0.00,0.0080
-93.77588186,42.01802123,A1/A2,TaskName 5/7/2025 (GreenStar 4 Monitor),Zidua SC & Sharpen,471,5/7/2025,0.999,On,1122.6,120.00,0.625,9.972,14.62,6.708,0.721,19.99,19.97,0,7,145.17,5/7/2025,Good,7.989,0.0025,2.996,0.00094,0.00,0.00,0.00,3.994,0.0013,1.997,0.00063,19.84,0.799,0.00,0.00,0.00,0.00,0.00,0.00,0.00,0.00,0.00,0.00,0.00,0.00,0.040
-93.77588110,42.01806144,A1/A2,TaskName 5/7/2025 (GreenStar 4 Monitor),Zidua SC & Sharpen,472,5/7/2025,1.000,On,1122.8,118.75,3.560e-07,9.984,14.65,6.275,359.81,19.99,19.94,0,7,143.74,5/7/2025,Good,7.977,0.0025,2.991,0.00093,0.00,0.00,0.00,3.988,0.0012,1.994,0.00062,19.81,0.791,0.00,0.00,0.00,0.00,0.00,0.00,0.00,0.00,0.00,0.00,0.00,0.00,0.040
-93.77588114,42.01810143,A1/A2,TaskName 5/7/2025 (GreenStar 4 Monitor),Zidua SC & Sharpen,473,5/7/2025,1.000,On,1122.9,118.75,3.560e-07,9.992,14.65,6.140,359.91,19.99,19.93,0,7,143.80,5/7/2025,Good,7.973,0.0025,2.990,0.00093,0.00,0.00,0.00,3.986,0.0012,1.993,0.00062,19.80,0.791,0.00,0.00,0.00,0.00,0.00,0.00,0.00,0.00,0.00,0.00,0.00,0.00,0.040
-93.77588151,42.01814169,A1/A2,TaskName 5/7/2025 (GreenStar 4 Monitor),Zidua SC & Sharpen,474,5/7/2025,0.996,On,1123.1,118.75,3.560e-07,9.948,14.53,6.912,0.612,19.99,20.03,0,7,143.17,5/7/2025,Good,8.012,0.0025,3.005,0.00093,0.00,0.00,0.00,4.006,0.0012,2.003,0.00062,19.90,0.788,0.00,0.00,0.00,0.00,0.00,0.00,0.00,0.00,0.00,0.00,0.00,0.00,0.040
-93.77588079,42.01818180,A1/A2,TaskName 5/7/2025 (GreenStar 4 Monitor),Zidua SC & Sharpen,475,5/7/2025,1.004,On,1123.2,118.75,3.560e-07,9.988,14.72,7.033,0.055,19.99,20.00,0,7,143.86,5/7/2025,Good,7.998,0.0025,2.999,0.00094,0.00,0.00,0.00,3.999,0.0013,2.000,0.00063,19.87,0.797,0.00,0.00,0.00,0.00,0.00,0.00,0.00,0.00,0.00,0.00,0.00,0.00,0.040
-93.77588053,42.01818974,A1/A2,TaskName 5/7/2025 (GreenStar 4 Monitor),Zidua SC & Sharpen,476,5/7/2025,0.196,On,1123.2,118.75,3.560e-07,9.968,2.867,7.106,359.77,19.99,19.97,0,7,143.58,5/7/2025,Good,7.988,0.00049,2.996,0.00018,0.00,0.00,0.00,3.994,0.00024,1.997,0.00012,19.84,0.155,0.00,0.00,0.00,0.00,0.00,0.00,0.00,0.00,0.00,0.00,0.00,0.00,0.0078
-93.77588041,42.01820586,A1/A2,TaskName 5/7/2025 (GreenStar 4 Monitor),Zidua SC & Sharpen,477,5/7/2025,0.400,On,1123.3,120.00,-0.625,9.942,5.833,6.700,359.54,19.99,19.88,0,7,144.62,5/7/2025,Good,7.952,0.00100,2.982,0.00037,0.00,0.00,0.00,3.976,0.00050,1.988,0.00025,19.75,0.317,0.00,0.00,0.00,0.00,0.00,0.00,0.00,0.00,0.00,0.00,0.00,0.00,0.016
-93.77588092,42.01824617,A1/A2,TaskName 5/7/2025 (GreenStar 4 Monitor),Zidua SC & Sharpen,478,5/7/2025,1.004,On,1123.3,118.75,3.560e-07,9.991,14.72,6.236,359.62,19.99,19.94,0,7,143.90,5/7/2025,Good,7.976,0.0025,2.991,0.00094,0.00,0.00,0.00,3.988,0.0013,1.994,0.00063,19.81,0.795,0.00,0.00,0.00,0.00,0.00,0.00,0.00,0.00,0.00,0.00,0.00,0.00,0.040
-93.77588143,42.01827044,A1/A2,TaskName 5/7/2025 (GreenStar 4 Monitor),Zidua SC & Sharpen,479,5/7/2025,0.600,On,1123.3,118.75,3.560e-07,10.04,8.835,5.728,0.345,19.99,19.87,0,7,144.51,5/7/2025,Good,7.948,0.0015,2.981,0.00056,0.00,0.00,0.00,3.974,0.00075,1.987,0.00037,19.74,0.475,0.00,0.00,0.00,0.00,0.00,0.00,0.00,0.00,0.00,0.00,0.00,0.00,0.024
-93.77588165,42.01830250,A1/A2,TaskName 5/7/2025 (GreenStar 4 Monitor),Zidua SC & Sharpen,480,5/7/2025,0.796,On,1123.4,120.00,0.625,10.04,11.73,6.353,0.823,19.99,19.95,0,7,146.17,5/7/2025,Good,7.979,0.0020,2.992,0.00076,0.00,0.00,0.00,3.990,0.0010,1.995,0.00050,19.82,0.641,0.00,0.00,0.00,0.00,0.00,0.00,0.00,0.00,0.00,0.00,0.00,0.00,0.032
-93.77588059,42.01834239,A1/A2,TaskName 5/7/2025 (GreenStar 4 Monitor),Zidua SC & Sharpen,481,5/7/2025,1.000,On,1123.5,118.75,3.560e-07,9.926,14.57,7.133,359.73,19.99,19.99,0,7,142.99,5/7/2025,Good,7.996,0.0025,2.998,0.00093,0.00,0.00,0.00,3.998,0.0012,1.999,0.00062,19.86,0.789,0.00,0.00,0.00,0.00,0.00,0.00,0.00,0.00,0.00,0.00,0.00,0.00,0.040
-93.77588065,42.01835047,A1/A2,TaskName 5/7/2025 (GreenStar 4 Monitor),Zidua SC & Sharpen,482,5/7/2025,0.199,On,1123.5,118.75,3.560e-07,9.892,2.887,7.001,359.66,19.99,19.99,0,7,142.38,5/7/2025,Good,7.997,0.00049,2.999,0.00018,0.00,0.00,0.00,3.998,0.00025,1.999,0.00012,19.86,0.156,0.00,0.00,0.00,0.00,0.00,0.00,0.00,0.00,0.00,0.00,0.00,0.00,0.0079
-93.77588042,42.01837457,A1/A2,TaskName 5/7/2025 (GreenStar 4 Monitor),Zidua SC & Sharpen,483,5/7/2025,0.605,On,1123.4,120.00,-0.625,9.957,8.842,6.835,359.18,19.99,19.99,0,7,144.94,5/7/2025,Good,7.997,0.0015,2.999,0.00057,0.00,0.00,0.00,3.998,0.00076,1.999,0.00038,19.86,0.484,0.00,0.00,0.00,0.00,0.00,0.00,0.00,0.00,0.00,0.00,0.00,0.00,0.024
-93.77588141,42.01841502,A1/A2,TaskName 5/7/2025 (GreenStar 4 Monitor),Zidua SC & Sharpen,484,5/7/2025,0.996,On,1123.5,118.75,3.560e-07,10.03,14.66,5.791,0.149,19.99,19.95,0,7,144.44,5/7/2025,Good,7.981,0.0025,2.993,0.00093,0.00,0.00,0.00,3.991,0.0012,1.995,0.00062,19.82,0.792,0.00,0.00,0.00,0.00,0.00,0.00,0.00,0.00,0.00,0.00,0.00,0.00,0.040
-93.77588141,42.01845491,A1/A2,TaskName 5/7/2025 (GreenStar 4 Monitor),Zidua SC & Sharpen,485,5/7/2025,1.004,On,1123.6,118.75,3.560e-07,10.03,14.77,5.886,0.525,19.99,19.88,0,7,144.34,5/7/2025,Good,7.952,0.0025,2.982,0.00094,0.00,0.00,0.00,3.976,0.0013,1.988,0.00063,19.75,0.795,0.00,0.00,0.00,0.00,0.00,0.00,0.00,0.00,0.00,0.00,0.00,0.00,0.040
-93.77588085,42.01849462,A1/A2,TaskName 5/7/2025 (GreenStar 4 Monitor),Zidua SC & Sharpen,486,5/7/2025,1.001,On,1123.8,118.75,3.560e-07,9.824,14.42,7.121,359.77,19.99,19.95,0,7,141.37,5/7/2025,Good,7.981,0.0025,2.993,0.00092,0.00,0.00,0.00,3.991,0.0012,1.995,0.00061,19.82,0.779,0.00,0.00,0.00,0.00,0.00,0.00,0.00,0.00,0.00,0.00,0.00,0.00,0.039
-93.77588113,42.01853472,A1/A2,TaskName 5/7/2025 (GreenStar 4 Monitor),Zidua SC & Sharpen,487,5/7/2025,1.000,On,1124.0,118.75,3.560e-07,9.942,14.59,6.449,359.98,19.99,19.96,0,7,143.18,5/7/2025,Good,7.985,0.0025,2.994,0.00093,0.00,0.00,0.00,3.993,0.0012,1.996,0.00062,19.83,0.789,0.00,0.00,0.00,0.00,0.00,0.00,0.00,0.00,0.00,0.00,0.00,0.00,0.040
-93.77588159,42.01857473,A1/A2,TaskName 5/7/2025 (GreenStar 4 Monitor),Zidua SC & Sharpen,488,5/7/2025,0.994,On,1124.3,118.75,3.560e-07,9.978,14.57,6.160,0.525,19.99,19.91,0,7,143.85,5/7/2025,Good,7.964,0.0025,2.987,0.00093,0.00,0.00,0.00,3.982,0.0012,1.991,0.00062,19.78,0.786,0.00,0.00,0.00,0.00,0.00,0.00,0.00,0.00,0.00,0.00,0.00,0.00,0.040
-93.77588107,42.01861440,A1/A2,TaskName 5/7/2025 (GreenStar 4 Monitor),Zidua SC & Sharpen,489,5/7/2025,1.006,On,1124.6,118.75,3.560e-07,9.886,14.60,7.236,0.071,19.99,19.99,0,7,142.39,5/7/2025,Good,7.998,0.0025,2.999,0.00093,0.00,0.00,0.00,3.999,0.0012,1.999,0.00062,19.86,0.790,0.00,0.00,0.00,0.00,0.00,0.00,0.00,0.00,0.00,0.00,0.00,0.00,0.040
-93.77588076,42.01865421,A1/A2,TaskName 5/7/2025 (GreenStar 4 Monitor),Zidua SC & Sharpen,490,5/7/2025,1.000,On,1124.9,118.75,3.560e-07,9.836,14.43,7.730,359.55,19.99,20.06,0,7,141.64,5/7/2025,Good,8.024,0.0025,3.009,0.00092,0.00,0.00,0.00,4.012,0.0012,2.006,0.00062,19.93,0.784,0.00,0.00,0.00,0.00,0.00,0.00,0.00,0.00,0.00,0.00,0.00,0.00,0.039
-93.77588129,42.01869438,A1/A2,TaskName 5/7/2025 (GreenStar 4 Monitor),Zidua SC & Sharpen,491,5/7/2025,0.995,On,1125.1,118.75,3.560e-07,9.989,14.58,6.837,0.290,19.99,19.94,0,7,143.84,5/7/2025,Good,7.976,0.0025,2.991,0.00093,0.00,0.00,0.00,3.988,0.0012,1.994,0.00062,19.81,0.788,0.00,0.00,0.00,0.00,0.00,0.00,0.00,0.00,0.00,0.00,0.00,0.00,0.040
-93.77588109,42.01873441,A1/A2,TaskName 5/7/2025 (GreenStar 4 Monitor),Zidua SC & Sharpen,492,5/7/2025,1.000,On,1125.4,118.75,3.560e-07,9.964,14.63,6.485,0.525,19.99,19.85,0,7,143.54,5/7/2025,Good,7.939,0.0025,2.977,0.00093,0.00,0.00,0.00,3.969,0.0012,1.985,0.00062,19.72,0.786,0.00,0.00,0.00,0.00,0.00,0.00,0.00,0.00,0.00,0.00,0.00,0.00,0.040
-93.77588014,42.01877431,A1/A2,TaskName 5/7/2025 (GreenStar 4 Monitor),Zidua SC & Sharpen,493,5/7/2025,1.005,On,1125.7,118.75,3.560e-07,9.928,14.64,7.211,359.29,19.99,19.93,0,7,142.95,5/7/2025,Good,7.972,0.0025,2.989,0.00093,0.00,0.00,0.00,3.986,0.0012,1.993,0.00062,19.80,0.790,0.00,0.00,0.00,0.00,0.00,0.00,0.00,0.00,0.00,0.00,0.00,0.00,0.040
-93.77588059,42.01881417,A1/A2,TaskName 5/7/2025 (GreenStar 4 Monitor),Zidua SC & Sharpen,494,5/7/2025,0.995,On,1126.0,118.75,3.560e-07,9.904,14.45,7.423,359.33,19.99,19.93,0,7,142.51,5/7/2025,Good,7.972,0.0025,2.990,0.00092,0.00,0.00,0.00,3.986,0.0012,1.993,0.00061,19.80,0.780,0.00,0.00,0.00,0.00,0.00,0.00,0.00,0.00,0.00,0.00,0.00,0.00,0.039
-93.77588153,42.01885407,A1/A2,TaskName 5/7/2025 (GreenStar 4 Monitor),Zidua SC & Sharpen,495,5/7/2025,1.000,On,1126.2,118.75,3.560e-07,9.935,14.59,7.318,0.345,19.99,19.87,0,7,143.18,5/7/2025,Good,7.949,0.0025,2.981,0.00093,0.00,0.00,0.00,3.974,0.0012,1.987,0.00062,19.74,0.785,0.00,0.00,0.00,0.00,0.00,0.00,0.00,0.00,0.00,0.00,0.00,0.00,0.040
-93.77588110,42.01889416,A1/A2,TaskName 5/7/2025 (GreenStar 4 Monitor),Zidua SC & Sharpen,496,5/7/2025,0.999,On,1126.5,118.75,3.560e-07,9.931,14.56,7.243,0.110,19.99,19.86,0,7,143.04,5/7/2025,Good,7.946,0.0025,2.980,0.00092,0.00,0.00,0.00,3.973,0.0012,1.986,0.00062,19.74,0.783,0.00,0.00,0.00,0.00,0.00,0.00,0.00,0.00,0.00,0.00,0.00,0.00,0.040
-93.77588075,42.01893411,A1/A2,TaskName 5/7/2025 (GreenStar 4 Monitor),Zidua SC & Sharpen,497,5/7/2025,1.000,On,1126.7,118.75,3.560e-07,9.943,14.59,7.616,359.75,19.99,19.92,0,7,143.18,5/7/2025,Good,7.967,0.0025,2.988,0.00093,0.00,0.00,0.00,3.983,0.0012,1.992,0.00062,19.79,0.787,0.00,0.00,0.00,0.00,0.00,0.00,0.00,0.00,0.00,0.00,0.00,0.00,0.040
-93.77588120,42.01897442,A1/A2,TaskName 5/7/2025 (GreenStar 4 Monitor),Zidua SC & Sharpen,498,5/7/2025,0.995,On,1126.9,118.75,3.560e-07,9.955,14.53,7.350,0.290,19.99,20.00,0,7,143.35,5/7/2025,Good,7.999,0.0025,3.000,0.00093,0.00,0.00,0.00,4.000,0.0012,2.000,0.00062,19.87,0.787,0.00,0.00,0.00,0.00,0.00,0.00,0.00,0.00,0.00,0.00,0.00,0.00,0.040
-93.77588087,42.01901454,A1/A2,TaskName 5/7/2025 (GreenStar 4 Monitor),Zidua SC & Sharpen,499,5/7/2025,1.006,On,1126.9,118.75,3.560e-07,10.000,14.76,6.905,0.196,19.99,19.95,0,7,143.99,5/7/2025,Good,7.980,0.0025,2.992,0.00094,0.00,0.00,0.00,3.990,0.0013,1.995,0.00063,19.82,0.797,0.00,0.00,0.00,0.00,0.00,0.00,0.00,0.00,0.00,0.00,0.00,0.00,0.040
-93.77588034,42.01905493,A1/A2,TaskName 5/7/2025 (GreenStar 4 Monitor),Zidua SC & Sharpen,500,5/7/2025,0.999,On,1127.0,118.75,3.560e-07,10.00,14.67,6.301,359.42,19.99,19.93,0,7,144.07,5/7/2025,Good,7.973,0.0025,2.990,0.00093,0.00,0.00,0.00,3.986,0.0012,1.993,0.00062,19.80,0.792,0.00,0.00,0.00,0.00,0.00,0.00,0.00,0.00,0.00,0.00,0.00,0.00,0.040
-93.77588106,42.01909508,A1/A2,TaskName 5/7/2025 (GreenStar 4 Monitor),Zidua SC & Sharpen,501,5/7/2025,1.001,On,1127.1,118.75,3.560e-07,9.993,14.66,6.206,359.65,19.99,19.89,0,7,143.75,5/7/2025,Good,7.955,0.0025,2.983,0.00093,0.00,0.00,0.00,3.977,0.0012,1.989,0.00062,19.76,0.790,0.00,0.00,0.00,0.00,0.00,0.00,0.00,0.00,0.00,0.00,0.00,0.00,0.040
-93.77588161,42.01913517,A1/A2,TaskName 5/7/2025 (GreenStar 4 Monitor),Zidua SC & Sharpen,502,5/7/2025,0.999,On,1127.2,118.75,3.560e-07,9.970,14.63,6.569,0.439,19.99,19.89,0,7,143.75,5/7/2025,Good,7.957,0.0025,2.984,0.00093,0.00,0.00,0.00,3.978,0.0012,1.989,0.00062,19.76,0.788,0.00,0.00,0.00,0.00,0.00,0.00,0.00,0.00,0.00,0.00,0.00,0.00,0.040
-93.77588151,42.01915122,A1/A2,TaskName 5/7/2025 (GreenStar 4 Monitor),Zidua SC & Sharpen,503,5/7/2025,0.401,On,1127.2,120.00,0.625,9.968,5.850,6.353,0.517,19.99,19.90,0,7,144.67,5/7/2025,Good,7.958,0.0010,2.984,0.00038,0.00,0.00,0.00,3.979,0.00050,1.990,0.00025,19.77,0.319,0.00,0.00,0.00,0.00,0.00,0.00,0.00,0.00,0.00,0.00,0.00,0.00,0.016
-93.77588061,42.01919117,A1/A2,TaskName 5/7/2025 (GreenStar 4 Monitor),Zidua SC & Sharpen,504,5/7/2025,1.000,On,1127.3,118.75,3.560e-07,9.955,14.61,6.732,359.73,19.99,19.91,0,7,143.38,5/7/2025,Good,7.966,0.0025,2.987,0.00093,0.00,0.00,0.00,3.983,0.0012,1.991,0.00062,19.78,0.788,0.00,0.00,0.00,0.00,0.00,0.00,0.00,0.00,0.00,0.00,0.00,0.00,0.040
-93.77588036,42.01923128,A1/A2,TaskName 5/7/2025 (GreenStar 4 Monitor),Zidua SC & Sharpen,505,5/7/2025,0.994,On,1127.5,118.75,3.560e-07,9.946,14.52,6.367,359.30,19.99,19.92,0,7,143.37,5/7/2025,Good,7.968,0.0025,2.988,0.00092,0.00,0.00,0.00,3.984,0.0012,1.992,0.00062,19.79,0.783,0.00,0.00,0.00,0.00,0.00,0.00,0.00,0.00,0.00,0.00,0.00,0.00,0.040
-93.77588063,42.01923932,A1/A2,TaskName 5/7/2025 (GreenStar 4 Monitor),Zidua SC & Sharpen,506,5/7/2025,0.201,On,1127.5,118.75,3.560e-07,9.966,2.940,5.858,359.45,19.99,20.03,0,7,143.53,5/7/2025,Good,8.014,0.00050,3.005,0.00019,0.00,0.00,0.00,4.007,0.00025,2.003,0.00013,19.90,0.160,0.00,0.00,0.00,0.00,0.00,0.00,0.00,0.00,0.00,0.00,0.00,0.00,0.0080
-93.77588078,42.01924736,A1/A2,TaskName 5/7/2025 (GreenStar 4 Monitor),Zidua SC & Sharpen,507,5/7/2025,0.204,On,1127.5,120.00,-0.625,9.977,2.986,5.970,359.65,19.99,19.86,0,7,145.14,5/7/2025,Good,7.945,0.00051,2.979,0.00019,0.00,0.00,0.00,3.973,0.00026,1.986,0.00013,19.73,0.162,0.00,0.00,0.00,0.00,0.00,0.00,0.00,0.00,0.00,0.00,0.00,0.00,0.0082
-93.77588116,42.01928722,A1/A2,TaskName 5/7/2025 (GreenStar 4 Monitor),Zidua SC & Sharpen,508,5/7/2025,1.001,On,1127.7,118.75,3.560e-07,9.948,14.60,6.371,0.157,19.99,19.87,0,7,143.14,5/7/2025,Good,7.948,0.0025,2.980,0.00093,0.00,0.00,0.00,3.974,0.0012,1.987,0.00062,19.74,0.786,0.00,0.00,0.00,0.00,0.00,0.00,0.00,0.00,0.00,0.00,0.00,0.00,0.040
-93.77588101,42.01932703,A1/A2,TaskName 5/7/2025 (GreenStar 4 Monitor),Zidua SC & Sharpen,509,5/7/2025,0.999,On,1128.0,118.75,3.560e-07,9.900,14.53,6.689,0.235,19.99,19.93,0,7,142.71,5/7/2025,Good,7.972,0.0025,2.990,0.00092,0.00,0.00,0.00,3.986,0.0012,1.993,0.00062,19.80,0.784,0.00,0.00,0.00,0.00,0.00,0.00,0.00,0.00,0.00,0.00,0.00,0.00,0.040
-93.77588053,42.01936693,A1/A2,TaskName 5/7/2025 (GreenStar 4 Monitor),Zidua SC & Sharpen,510,5/7/2025,0.995,On,1128.2,118.75,3.560e-07,9.902,14.45,6.739,359.62,19.99,19.99,0,7,142.51,5/7/2025,Good,7.996,0.0025,2.998,0.00092,0.00,0.00,0.00,3.998,0.0012,1.999,0.00062,19.86,0.782,0.00,0.00,0.00,0.00,0.00,0.00,0.00,0.00,0.00,0.00,0.00,0.00,0.039
-93.77588053,42.01939100,A1/A2,TaskName 5/7/2025 (GreenStar 4 Monitor),Zidua SC & Sharpen,511,5/7/2025,0.606,On,1128.3,118.75,3.560e-07,9.945,8.837,6.639,359.59,19.99,19.97,0,7,143.12,5/7/2025,Good,7.987,0.0015,2.995,0.00056,0.00,0.00,0.00,3.993,0.00075,1.997,0.00038,19.84,0.478,0.00,0.00,0.00,0.00,0.00,0.00,0.00,0.00,0.00,0.00,0.00,0.00,0.024
-93.77588079,42.01939898,A1/A2,TaskName 5/7/2025 (GreenStar 4 Monitor),Zidua SC & Sharpen,512,5/7/2025,0.195,On,1128.3,120.00,-0.625,9.963,2.848,6.756,359.67,19.99,19.95,0,7,144.87,5/7/2025,Good,7.980,0.00049,2.992,0.00018,0.00,0.00,0.00,3.990,0.00024,1.995,0.00012,19.82,0.156,0.00,0.00,0.00,0.00,0.00,0.00,0.00,0.00,0.00,0.00,0.00,0.00,0.0078
-93.77588132,42.01943910,A1/A2,TaskName 5/7/2025 (GreenStar 4 Monitor),Zidua SC & Sharpen,513,5/7/2025,1.000,On,1128.5,118.75,3.560e-07,9.961,14.61,6.788,0.439,19.99,20.07,0,7,143.35,5/7/2025,Good,8.026,0.0025,3.010,0.00094,0.00,0.00,0.00,4.013,0.0012,2.007,0.00062,19.94,0.794,0.00,0.00,0.00,0.00,0.00,0.00,0.00,0.00,0.00,0.00,0.00,0.00,0.040
-93.77588094,42.01947921,A1/A2,TaskName 5/7/2025 (GreenStar 4 Monitor),Zidua SC & Sharpen,514,5/7/2025,1.000,On,1128.6,118.75,3.560e-07,9.949,14.58,7.092,0.486,19.99,19.92,0,7,143.12,5/7/2025,Good,7.968,0.0025,2.988,0.00093,0.00,0.00,0.00,3.984,0.0012,1.992,0.00062,19.79,0.787,0.00,0.00,0.00,0.00,0.00,0.00,0.00,0.00,0.00,0.00,0.00,0.00,0.040
-93.77588004,42.01950343,A1/A2,TaskName 5/7/2025 (GreenStar 4 Monitor),Zidua SC & Sharpen,515,5/7/2025,0.604,On,1128.7,118.75,3.560e-07,10.01,8.867,6.765,359.53,19.99,19.88,0,7,144.07,5/7/2025,Good,7.951,0.0015,2.982,0.00056,0.00,0.00,0.00,3.975,0.00075,1.988,0.00038,19.75,0.477,0.00,0.00,0.00,0.00,0.00,0.00,0.00,0.00,0.00,0.00,0.00,0.00,0.024
-93.77587996,42.01954368,A1/A2,TaskName 5/7/2025 (GreenStar 4 Monitor),Zidua SC & Sharpen,516,5/7/2025,1.000,On,1128.8,120.00,-0.625,10.01,14.68,6.531,358.85,19.99,19.84,0,7,145.54,5/7/2025,Good,7.937,0.0025,2.976,0.00094,0.00,0.00,0.00,3.968,0.0013,1.984,0.00063,19.71,0.797,0.00,0.00,0.00,0.00,0.00,0.00,0.00,0.00,0.00,0.00,0.00,0.00,0.040
-93.77588025,42.01955173,A1/A2,TaskName 5/7/2025 (GreenStar 4 Monitor),Zidua SC & Sharpen,517,5/7/2025,0.200,On,1128.8,120.00,-0.625,9.995,2.930,5.917,359.02,19.99,19.87,0,7,145.31,5/7/2025,Good,7.950,0.00050,2.981,0.00019,0.00,0.00,0.00,3.975,0.00025,1.987,0.00013,19.74,0.159,0.00,0.00,0.00,0.00,0.00,0.00,0.00,0.00,0.00,0.00,0.00,0.00,0.0081
-93.77588141,42.01959192,A1/A2,TaskName 5/7/2025 (GreenStar 4 Monitor),Zidua SC & Sharpen,518,5/7/2025,1.000,On,1128.9,118.75,3.560e-07,10.00,14.67,5.949,0.494,19.99,19.80,0,7,143.93,5/7/2025,Good,7.920,0.0025,2.970,0.00093,0.00,0.00,0.00,3.960,0.0012,1.980,0.00062,19.67,0.786,0.00,0.00,0.00,0.00,0.00,0.00,0.00,0.00,0.00,0.00,0.00,0.00,0.040
-93.77588111,42.01963197,A1/A2,TaskName 5/7/2025 (GreenStar 4 Monitor),Zidua SC & Sharpen,519,5/7/2025,0.995,On,1129.0,118.75,3.560e-07,9.979,14.56,5.993,0.204,19.99,19.86,0,7,143.58,5/7/2025,Good,7.945,0.0025,2.979,0.00092,0.00,0.00,0.00,3.973,0.0012,1.986,0.00062,19.73,0.783,0.00,0.00,0.00,0.00,0.00,0.00,0.00,0.00,0.00,0.00,0.00,0.00,0.040
-93.77588040,42.01967178,A1/A2,TaskName 5/7/2025 (GreenStar 4 Monitor),Zidua SC & Sharpen,520,5/7/2025,1.006,On,1129.3,118.75,3.560e-07,9.927,14.64,6.447,359.16,19.99,19.91,0,7,142.81,5/7/2025,Good,7.963,0.0025,2.986,0.00093,0.00,0.00,0.00,3.982,0.0012,1.991,0.00062,19.78,0.789,0.00,0.00,0.00,0.00,0.00,0.00,0.00,0.00,0.00,0.00,0.00,0.00,0.040
-93.77588150,42.01971170,A1/A2,TaskName 5/7/2025 (GreenStar 4 Monitor),Zidua SC & Sharpen,521,5/7/2025,0.999,On,1129.4,118.75,3.560e-07,9.910,14.51,7.155,0.314,19.99,19.97,0,7,142.59,5/7/2025,Good,7.990,0.0025,2.996,0.00093,0.00,0.00,0.00,3.995,0.0012,1.997,0.00062,19.84,0.785,0.00,0.00,0.00,0.00,0.00,0.00,0.00,0.00,0.00,0.00,0.00,0.00,0.040
-93.77588169,42.01972759,A1/A2,TaskName 5/7/2025 (GreenStar 4 Monitor),Zidua SC & Sharpen,522,5/7/2025,0.396,On,1129.5,118.75,3.560e-07,9.901,5.733,7.614,0.721,19.99,20.01,0,7,142.08,5/7/2025,Good,8.005,0.00098,3.002,0.00037,0.00,0.00,0.00,4.003,0.00049,2.001,0.00024,19.88,0.311,0.00,0.00,0.00,0.00,0.00,0.00,0.00,0.00,0.00,0.00,0.00,0.00,0.016
-93.77588179,42.01974374,A1/A2,TaskName 5/7/2025 (GreenStar 4 Monitor),Zidua SC & Sharpen,523,5/7/2025,0.400,On,1129.5,120.00,0.625,9.919,5.831,7.277,1.035,19.99,19.93,0,7,144.58,5/7/2025,Good,7.973,0.0010,2.990,0.00038,0.00,0.00,0.00,3.986,0.00050,1.993,0.00025,19.80,0.318,0.00,0.00,0.00,0.00,0.00,0.00,0.00,0.00,0.00,0.00,0.00,0.00,0.016
-93.77588054,42.01978411,A1/A2,TaskName 5/7/2025 (GreenStar 4 Monitor),Zidua SC & Sharpen,524,5/7/2025,1.004,On,1129.7,118.75,3.560e-07,10.00,14.72,6.814,359.84,19.99,19.94,0,7,143.93,5/7/2025,Good,7.976,0.0025,2.991,0.00094,0.00,0.00,0.00,3.988,0.0013,1.994,0.00063,19.81,0.795,0.00,0.00,0.00,0.00,0.00,0.00,0.00,0.00,0.00,0.00,0.00,0.00,0.040
-93.77588007,42.01982437,A1/A2,TaskName 5/7/2025 (GreenStar 4 Monitor),Zidua SC & Sharpen,525,5/7/2025,0.996,On,1129.7,118.75,3.560e-07,10.02,14.63,6.578,358.89,19.99,19.89,0,7,144.15,5/7/2025,Good,7.957,0.0025,2.984,0.00093,0.00,0.00,0.00,3.979,0.0012,1.989,0.00062,19.76,0.788,0.00,0.00,0.00,0.00,0.00,0.00,0.00,0.00,0.00,0.00,0.00,0.00,0.040
-93.77588117,42.01986470,A1/A2,TaskName 5/7/2025 (GreenStar 4 Monitor),Zidua SC & Sharpen,526,5/7/2025,1.004,On,1129.8,118.75,3.560e-07,10.01,14.73,6.165,359.95,19.99,20.01,0,7,144.03,5/7/2025,Good,8.005,0.0025,3.002,0.00094,0.00,0.00,0.00,4.002,0.0013,2.001,0.00063,19.88,0.799,0.00,0.00,0.00,0.00,0.00,0.00,0.00,0.00,0.00,0.00,0.00,0.00,0.040
-93.77588135,42.01990488,A1/A2,TaskName 5/7/2025 (GreenStar 4 Monitor),Zidua SC & Sharpen,527,5/7/2025,0.996,On,1129.8,118.75,3.560e-07,10.01,14.62,5.580,0.525,19.99,19.91,0,7,144.05,5/7/2025,Good,7.966,0.0025,2.987,0.00093,0.00,0.00,0.00,3.983,0.0012,1.991,0.00062,19.79,0.789,0.00,0.00,0.00,0.00,0.00,0.00,0.00,0.00,0.00,0.00,0.00,0.00,0.040
-93.77588048,42.01994477,A1/A2,TaskName 5/7/2025 (GreenStar 4 Monitor),Zidua SC & Sharpen,528,5/7/2025,1.000,On,1129.9,118.75,3.560e-07,9.952,14.59,6.447,359.47,19.99,19.86,0,7,143.19,5/7/2025,Good,7.945,0.0025,2.979,0.00093,0.00,0.00,0.00,3.972,0.0012,1.986,0.00062,19.73,0.785,0.00,0.00,0.00,0.00,0.00,0.00,0.00,0.00,0.00,0.00,0.00,0.00,0.040
-93.77588036,42.01995277,A1/A2,TaskName 5/7/2025 (GreenStar 4 Monitor),Zidua SC & Sharpen,529,5/7/2025,0.204,On,1129.8,120.00,-0.625,9.898,2.960,6.670,359.31,19.99,19.90,0,7,143.90,5/7/2025,Good,7.958,0.00051,2.984,0.00019,0.00,0.00,0.00,3.979,0.00025,1.990,0.00013,19.77,0.161,0.00,0.00,0.00,0.00,0.00,0.00,0.00,0.00,0.00,0.00,0.00,0.00,0.0082
-93.77588079,42.01999278,A1/A2,TaskName 5/7/2025 (GreenStar 4 Monitor),Zidua SC & Sharpen,530,5/7/2025,1.001,On,1129.8,118.75,3.560e-07,9.926,14.57,6.357,359.26,19.99,19.93,0,7,142.85,5/7/2025,Good,7.973,0.0025,2.990,0.00093,0.00,0.00,0.00,3.987,0.0012,1.993,0.00062,19.80,0.787,0.00,0.00,0.00,0.00,0.00,0.00,0.00,0.00,0.00,0.00,0.00,0.00,0.040
-93.77588153,42.02001690,A1/A2,TaskName 5/7/2025 (GreenStar 4 Monitor),Zidua SC & Sharpen,531,5/7/2025,0.595,On,1129.8,118.75,3.560e-07,9.957,8.670,6.457,0.165,19.99,19.96,0,7,143.00,5/7/2025,Good,7.985,0.0015,2.994,0.00055,0.00,0.00,0.00,3.992,0.00074,1.996,0.00037,19.83,0.469,0.00,0.00,0.00,0.00,0.00,0.00,0.00,0.00,0.00,0.00,0.00,0.00,0.024
-93.77588193,42.02004111,A1/A2,TaskName 5/7/2025 (GreenStar 4 Monitor),Zidua SC & Sharpen,532,5/7/2025,0.600,On,1129.7,120.00,0.625,10.02,8.827,6.256,0.863,19.99,19.89,0,7,145.91,5/7/2025,Good,7.955,0.0015,2.983,0.00057,0.00,0.00,0.00,3.978,0.00076,1.989,0.00038,19.76,0.480,0.00,0.00,0.00,0.00,0.00,0.00,0.00,0.00,0.00,0.00,0.00,0.00,0.024
-93.77588099,42.02008143,A1/A2,TaskName 5/7/2025 (GreenStar 4 Monitor),Zidua SC & Sharpen,533,5/7/2025,1.000,On,1129.6,118.75,3.560e-07,10.02,14.69,6.227,0.212,19.99,19.98,0,7,144.22,5/7/2025,Good,7.991,0.0025,2.996,0.00094,0.00,0.00,0.00,3.995,0.0013,1.998,0.00063,19.85,0.795,0.00,0.00,0.00,0.00,0.00,0.00,0.00,0.00,0.00,0.00,0.00,0.00,0.040
-93.77588023,42.02012154,A1/A2,TaskName 5/7/2025 (GreenStar 4 Monitor),Zidua SC & Sharpen,534,5/7/2025,1.000,On,1129.5,118.75,3.560e-07,9.978,14.63,6.259,359.00,19.99,19.91,0,7,143.54,5/7/2025,Good,7.965,0.0025,2.987,0.00093,0.00,0.00,0.00,3.982,0.0012,1.991,0.00062,19.78,0.789,0.00,0.00,0.00,0.00,0.00,0.00,0.00,0.00,0.00,0.00,0.00,0.00,0.040
-93.77588136,42.02016129,A1/A2,TaskName 5/7/2025 (GreenStar 4 Monitor),Zidua SC & Sharpen,535,5/7/2025,1.000,On,1129.3,118.75,3.560e-07,9.963,14.61,4.400,0.039,19.99,19.92,0,7,143.38,5/7/2025,Good,7.969,0.0025,2.988,0.00093,0.00,0.00,0.00,3.984,0.0012,1.992,0.00062,19.79,0.788,0.00,0.00,0.00,0.00,0.00,0.00,0.00,0.00,0.00,0.00,0.00,0.00,0.040
-93.77588167,42.02020007,A1/A2,TaskName 5/7/2025 (GreenStar 4 Monitor),Zidua SC & Sharpen,536,5/7/2025,1.000,On,1129.0,118.75,3.560e-07,9.748,14.29,5.163,0.682,19.99,19.92,0,7,140.26,5/7/2025,Good,7.969,0.0024,2.988,0.00091,0.00,0.00,0.00,3.985,0.0012,1.992,0.00061,19.79,0.771,0.00,0.00,0.00,0.00,0.00,0.00,0.00,0.00,0.00,0.00,0.00,0.00,0.039
-93.77588115,42.02022302,A1/A2,TaskName 5/7/2025 (GreenStar 4 Monitor),Zidua SC & Sharpen,537,5/7/2025,0.600,On,1128.9,118.75,3.560e-07,9.600,8.430,5.100,0.173,19.99,20.09,0,7,137.89,5/7/2025,Good,8.035,0.0014,3.013,0.00054,0.00,0.00,0.00,4.017,0.00072,2.009,0.00036,19.96,0.459,0.00,0.00,0.00,0.00,0.00,0.00,0.00,0.00,0.00,0.00,0.00,0.00,0.023
-93.77494770,42.01769270,A1/A2,TaskName 5/7/2025 (GreenStar 4 Monitor),Zidua SC & Sharpen,538,5/7/2025,1.004,On,1122.9,1.250,-47.50,10.32,15.21,6.623,180.70,19.99,21.53,0,8,1.565,5/7/2025,Good,8.613,2.936e-05,3.230,1.101e-05,0.00,0.00,0.00,4.306,1.468e-05,2.153,7.341e-06,21.39,0.0093,0.00,0.00,0.00,0.00,0.00,0.00,0.00,0.00,0.00,0.00,0.00,0.00,0.00044
-93.77494835,42.01765058,A1/A2,TaskName 5/7/2025 (GreenStar 4 Monitor),Zidua SC & Sharpen,539,5/7/2025,0.996,On,1122.8,1.250,-47.50,10.40,15.18,6.127,180.82,19.99,20.89,0,8,1.575,5/7/2025,Good,8.354,2.844e-05,3.133,1.066e-05,0.00,0.00,0.00,4.177,1.422e-05,2.089,7.109e-06,20.75,0.0090,0.00,0.00,0.00,0.00,0.00,0.00,0.00,0.00,0.00,0.00,0.00,0.00,0.00044
-93.77494850,42.01763369,A1/A2,TaskName 5/7/2025 (GreenStar 4 Monitor),Zidua SC & Sharpen,540,5/7/2025,0.400,On,1122.8,1.250,-47.50,10.47,6.165,5.299,181.01,19.99,20.54,0,8,1.592,5/7/2025,Good,8.218,1.136e-05,3.082,4.259e-06,0.00,0.00,0.00,4.109,5.679e-06,2.054,2.839e-06,20.41,0.0036,0.00,0.00,0.00,0.00,0.00,0.00,0.00,0.00,0.00,0.00,0.00,0.00,0.00018
-93.77494952,42.01759169,A1/A2,TaskName 5/7/2025 (GreenStar 4 Monitor),Zidua SC & Sharpen,541,5/7/2025,1.000,On,1122.7,2.500,-48.12,10.46,15.35,5.680,180.87,19.99,20.31,0,8,3.171,5/7/2025,Good,8.122,5.589e-05,3.046,2.096e-05,0.00,0.00,0.00,4.061,2.795e-05,2.031,1.397e-05,20.17,0.018,0.00,0.00,0.00,0.00,0.00,0.00,0.00,0.00,0.00,0.00,0.00,0.00,0.00088
-93.77494970,42.01757497,A1/A2,TaskName 5/7/2025 (GreenStar 4 Monitor),Zidua SC & Sharpen,542,5/7/2025,0.405,On,1122.6,2.500,-48.12,10.43,6.201,5.881,180.87,19.99,20.27,0,8,3.163,5/7/2025,Good,8.109,2.255e-05,3.041,8.455e-06,0.00,0.00,0.00,4.055,1.127e-05,2.027,5.636e-06,20.14,0.0072,0.00,0.00,0.00,0.00,0.00,0.00,0.00,0.00,0.00,0.00,0.00,0.00,0.00036
-93.77495054,42.01753285,A1/A2,TaskName 5/7/2025 (GreenStar 4 Monitor),Zidua SC & Sharpen,543,5/7/2025,0.995,On,1122.5,3.750,-48.75,10.44,15.24,6.039,180.46,19.99,20.25,0,8,4.746,5/7/2025,Good,8.100,8.300e-05,3.038,3.113e-05,0.00,0.00,0.00,4.050,4.150e-05,2.025,2.075e-05,20.12,0.026,0.00,0.00,0.00,0.00,0.00,0.00,0.00,0.00,0.00,0.00,0.00,0.00,0.0013
-93.77495088,42.01749890,A1/A2,TaskName 5/7/2025 (GreenStar 4 Monitor),Zidua SC & Sharpen,544,5/7/2025,0.800,On,1122.3,3.750,-48.75,10.49,12.31,5.173,180.45,19.99,19.99,0,8,4.769,5/7/2025,Good,7.997,6.621e-05,2.999,2.483e-05,0.00,0.00,0.00,3.998,3.310e-05,1.999,1.655e-05,19.86,0.021,0.00,0.00,0.00,0.00,0.00,0.00,0.00,0.00,0.00,0.00,0.00,0.00,0.0011
-93.77495132,42.01745640,A1/A2,TaskName 5/7/2025 (GreenStar 4 Monitor),Zidua SC & Sharpen,545,5/7/2025,0.999,On,1122.1,2.500,-49.37,10.54,15.46,4.672,180.13,19.99,19.87,0,8,3.197,5/7/2025,Good,7.946,5.508e-05,2.980,2.066e-05,0.00,0.00,0.00,3.973,2.754e-05,1.987,1.377e-05,19.74,0.018,0.00,0.00,0.00,0.00,0.00,0.00,0.00,0.00,0.00,0.00,0.00,0.00,0.00089
-93.77495151,42.01741439,A1/A2,TaskName 5/7/2025 (GreenStar 4 Monitor),Zidua SC & Sharpen,546,5/7/2025,1.001,On,1122.0,2.500,-49.37,10.49,15.39,5.846,179.41,19.99,20.07,0,8,3.177,5/7/2025,Good,8.028,5.541e-05,3.010,2.078e-05,0.00,0.00,0.00,4.014,2.770e-05,2.007,1.385e-05,19.94,0.018,0.00,0.00,0.00,0.00,0.00,0.00,0.00,0.00,0.00,0.00,0.00,0.00,0.00088
-93.77495124,42.01738058,A1/A2,TaskName 5/7/2025 (GreenStar 4 Monitor),Zidua SC & Sharpen,547,5/7/2025,0.799,On,1121.8,2.500,-49.37,10.45,12.27,5.804,178.57,19.99,20.13,0,8,3.174,5/7/2025,Good,8.053,4.432e-05,3.020,1.662e-05,0.00,0.00,0.00,4.026,2.216e-05,2.013,1.108e-05,20.00,0.014,0.00,0.00,0.00,0.00,0.00,0.00,0.00,0.00,0.00,0.00,0.00,0.00,0.00070
-93.77495058,42.01735522,A1/A2,TaskName 5/7/2025 (GreenStar 4 Monitor),Zidua SC & Sharpen,548,5/7/2025,0.605,On,1121.7,3.750,-50.00,10.53,9.354,5.143,178.00,19.99,19.98,0,8,4.791,5/7/2025,Good,7.990,5.026e-05,2.996,1.885e-05,0.00,0.00,0.00,3.995,2.513e-05,1.998,1.257e-05,19.85,0.016,0.00,0.00,0.00,0.00,0.00,0.00,0.00,0.00,0.00,0.00,0.00,0.00,0.00081
-93.77494850,42.01731280,A1/A2,TaskName 5/7/2025 (GreenStar 4 Monitor),Zidua SC & Sharpen,549,5/7/2025,0.996,On,1121.4,5.000,-49.37,10.53,15.40,4.552,177.58,19.99,20.00,0,8,6.388,5/7/2025,Good,8.002,0.00011,3.001,4.143e-05,0.00,0.00,0.00,4.001,5.524e-05,2.000,2.762e-05,19.87,0.035,0.00,0.00,0.00,0.00,0.00,0.00,0.00,0.00,0.00,0.00,0.00,0.00,0.0018
-93.77494611,42.01727081,A1/A2,TaskName 5/7/2025 (GreenStar 4 Monitor),Zidua SC & Sharpen,550,5/7/2025,1.004,On,1121.3,5.000,-48.12,10.51,15.48,4.729,177.77,19.99,19.84,0,8,6.371,5/7/2025,Good,7.937,0.00011,2.976,4.131e-05,0.00,0.00,0.00,3.968,5.508e-05,1.984,2.754e-05,19.71,0.035,0.00,0.00,0.00,0.00,0.00,0.00,0.00,0.00,0.00,0.00,0.00,0.00,0.0018
-93.77494369,42.01722905,A1/A2,TaskName 5/7/2025 (GreenStar 4 Monitor),Zidua SC & Sharpen,551,5/7/2025,0.996,On,1121.1,5.000,-48.12,10.39,15.18,6.047,178.36,19.99,19.93,0,8,6.298,5/7/2025,Good,7.973,0.00011,2.990,4.070e-05,0.00,0.00,0.00,3.987,5.427e-05,1.993,2.714e-05,19.80,0.035,0.00,0.00,0.00,0.00,0.00,0.00,0.00,0.00,0.00,0.00,0.00,0.00,0.0017
-93.77494282,42.01721231,A1/A2,TaskName 5/7/2025 (GreenStar 4 Monitor),Zidua SC & Sharpen,552,5/7/2025,0.400,On,1121.1,5.000,-48.12,10.39,6.099,6.561,178.49,19.99,20.16,0,8,6.301,5/7/2025,Good,8.065,4.411e-05,3.024,1.654e-05,0.00,0.00,0.00,4.032,2.205e-05,2.016,1.103e-05,20.03,0.014,0.00,0.00,0.00,0.00,0.00,0.00,0.00,0.00,0.00,0.00,0.00,0.00,0.00070
-93.77494221,42.01719546,A1/A2,TaskName 5/7/2025 (GreenStar 4 Monitor),Zidua SC & Sharpen,553,5/7/2025,0.404,On,1121.0,3.750,-47.50,10.42,6.178,6.525,178.45,19.99,20.19,0,8,4.739,5/7/2025,Good,8.075,3.355e-05,3.028,1.258e-05,0.00,0.00,0.00,4.038,1.678e-05,2.019,8.388e-06,20.06,0.011,0.00,0.00,0.00,0.00,0.00,0.00,0.00,0.00,0.00,0.00,0.00,0.00,0.00053
-93.77494120,42.01717029,A1/A2,TaskName 5/7/2025 (GreenStar 4 Monitor),Zidua SC & Sharpen,554,5/7/2025,0.596,On,1121.0,5.000,-46.87,10.44,9.134,6.424,178.35,19.99,20.16,0,8,6.333,5/7/2025,Good,8.064,6.605e-05,3.024,2.477e-05,0.00,0.00,0.00,4.032,3.302e-05,2.016,1.651e-05,20.03,0.021,0.00,0.00,0.00,0.00,0.00,0.00,0.00,0.00,0.00,0.00,0.00,0.00,0.0010
-93.77493968,42.01712817,A1/A2,TaskName 5/7/2025 (GreenStar 4 Monitor),Zidua SC & Sharpen,555,5/7/2025,0.994,On,1120.9,3.750,-46.25,10.47,15.27,6.349,177.76,19.99,20.14,0,8,4.761,5/7/2025,Good,8.055,8.272e-05,3.021,3.102e-05,0.00,0.00,0.00,4.028,4.136e-05,2.014,2.068e-05,20.01,0.026,0.00,0.00,0.00,0.00,0.00,0.00,0.00,0.00,0.00,0.00,0.00,0.00,0.0013
-93.77493733,42.01708610,A1/A2,TaskName 5/7/2025 (GreenStar 4 Monitor),Zidua SC & Sharpen,556,5/7/2025,1.006,On,1120.8,3.750,-46.25,10.46,15.43,5.980,177.78,19.99,20.00,0,8,4.753,5/7/2025,Good,8.000,8.302e-05,3.000,3.113e-05,0.00,0.00,0.00,4.000,4.151e-05,2.000,2.075e-05,19.87,0.026,0.00,0.00,0.00,0.00,0.00,0.00,0.00,0.00,0.00,0.00,0.00,0.00,0.0013
-93.77493618,42.01706913,A1/A2,TaskName 5/7/2025 (GreenStar 4 Monitor),Zidua SC & Sharpen,557,5/7/2025,0.404,On,1120.8,3.750,-46.25,10.48,6.230,5.322,177.97,19.99,20.01,0,8,4.779,5/7/2025,Good,8.006,3.354e-05,3.002,1.258e-05,0.00,0.00,0.00,4.003,1.677e-05,2.001,8.386e-06,19.88,0.011,0.00,0.00,0.00,0.00,0.00,0.00,0.00,0.00,0.00,0.00,0.00,0.00,0.00054
-93.77493537,42.01705234,A1/A2,TaskName 5/7/2025 (GreenStar 4 Monitor),Zidua SC & Sharpen,558,5/7/2025,0.396,On,1120.8,5.000,-45.62,10.52,6.112,5.386,177.94,19.99,19.84,0,8,6.378,5/7/2025,Good,7.936,4.350e-05,2.976,1.631e-05,0.00,0.00,0.00,3.968,2.175e-05,1.984,1.087e-05,19.71,0.014,0.00,0.00,0.00,0.00,0.00,0.00,0.00,0.00,0.00,0.00,0.00,0.00,0.00070
-93.77493497,42.01704387,A1/A2,TaskName 5/7/2025 (GreenStar 4 Monitor),Zidua SC & Sharpen,559,5/7/2025,0.204,On,1120.8,7.500,-38.96,10.48,3.136,5.343,177.88,19.99,19.70,0,8,9.530,5/7/2025,Good,7.881,3.325e-05,2.955,1.247e-05,0.00,0.00,0.00,3.941,1.662e-05,1.970,8.312e-06,19.57,0.011,0.00,0.00,0.00,0.00,0.00,0.00,0.00,0.00,0.00,0.00,0.00,0.00,0.00054
-93.77493422,42.01702710,A1/A2,TaskName 5/7/2025 (GreenStar 4 Monitor),Zidua SC & Sharpen,560,5/7/2025,0.391,On,1120.7,10.00,-36.56,10.48,5.994,5.566,177.89,19.99,20.02,0,8,12.67,5/7/2025,Good,8.007,8.608e-05,3.003,3.228e-05,0.00,0.00,0.00,4.003,4.304e-05,2.002,2.152e-05,19.89,0.027,0.00,0.00,0.00,0.00,0.00,0.00,0.00,0.00,0.00,0.00,0.00,0.00,0.0014
-93.77493366,42.01701876,A1/A2,TaskName 5/7/2025 (GreenStar 4 Monitor),Zidua SC & Sharpen,561,5/7/2025,0.209,On,1120.8,8.750,-40.89,10.44,3.215,5.600,177.84,19.99,19.80,0,8,11.12,5/7/2025,Good,7.920,3.996e-05,2.970,1.498e-05,0.00,0.00,0.00,3.960,1.998e-05,1.980,9.990e-06,19.67,0.013,0.00,0.00,0.00,0.00,0.00,0.00,0.00,0.00,0.00,0.00,0.00,0.00,0.00065
-93.77493325,42.01701032,A1/A2,TaskName 5/7/2025 (GreenStar 4 Monitor),Zidua SC & Sharpen,562,5/7/2025,0.196,On,1120.8,10.00,-41.87,10.41,2.992,5.046,177.73,19.99,19.90,0,8,12.62,5/7/2025,Good,7.958,4.271e-05,2.984,1.601e-05,0.00,0.00,0.00,3.979,2.135e-05,1.990,1.068e-05,19.77,0.014,0.00,0.00,0.00,0.00,0.00,0.00,0.00,0.00,0.00,0.00,0.00,0.00,0.00069
-93.77493289,42.01700191,A1/A2,TaskName 5/7/2025 (GreenStar 4 Monitor),Zidua SC & Sharpen,563,5/7/2025,0.200,On,1120.7,11.25,-41.94,10.43,3.045,4.782,177.60,19.99,19.94,0,8,14.15,5/7/2025,Good,7.975,4.899e-05,2.991,1.837e-05,0.00,0.00,0.00,3.988,2.450e-05,1.994,1.225e-05,19.81,0.016,0.00,0.00,0.00,0.00,0.00,0.00,0.00,0.00,0.00,0.00,0.00,0.00,0.00079
-93.77493240,42.01699359,A1/A2,TaskName 5/7/2025 (GreenStar 4 Monitor),Zidua SC & Sharpen,564,5/7/2025,0.200,On,1120.7,5.000,-45.62,10.43,3.074,4.531,177.38,19.99,20.06,0,8,6.351,5/7/2025,Good,8.022,2.212e-05,3.008,8.293e-06,0.00,0.00,0.00,4.011,1.106e-05,2.006,5.529e-06,19.93,0.0070,0.00,0.00,0.00,0.00,0.00,0.00,0.00,0.00,0.00,0.00,0.00,0.00,0.00035
-93.77493198,42.01698530,A1/A2,TaskName 5/7/2025 (GreenStar 4 Monitor),Zidua SC & Sharpen,565,5/7/2025,0.199,On,1120.7,1.250,-47.50,10.40,3.038,4.385,177.10,19.99,19.99,0,8,1.577,5/7/2025,Good,7.997,5.446e-06,2.999,2.042e-06,0.00,0.00,0.00,3.998,2.723e-06,1.999,1.362e-06,19.86,0.0017,0.00,0.00,0.00,0.00,0.00,0.00,0.00,0.00,0.00,0.00,0.00,0.00,8.718e-05
