Longitude,Latitude,Field,Dataset,Product,Feature ID,Date / Time,Duration(s),Area Count,Elevation(ft),Swath Width(ft),Y Offset(ft),Speed(mph),Distance(ft),Fuel Consumption Rate (Time)(gal(US)/h),Track(deg),Target Rate (Liquid)(gal(US)/ac),Rate (Volume)(gal(US)/ac),Segment ID,Pass Number,Productivity(ac/h),Date,Rate Quality,Rate (Volume) (Tough 5EC)(floz(US)/ac),Product Amount Used/Needed (Tough 5EC),Rate (Volume) (Laudis Herbicide)(floz(US)/ac),Product Amount Used/Needed (Laudis Herbicide),Rate (Mass) (Ag saver)(oz/ac),Rate (Volume) (Warrant Herbicide)(qt(US)/ac),Product Amount Used/Needed (Warrant Herbicide),Rate (Volume) (Fulltec Oil)(floz(US)/ac),Product Amount Used/Needed (Fulltec Oil),Rate (Volume) (Fulltec Adjuvant)(floz(US)/ac),Product Amount Used/Needed (Fulltec Adjuvant),Rate (Volume) (Water)(gal(US)/ac),Product Amount Used/Needed (Water),Rate (Volume) (Callisto)(floz(US)/ac),Product Amount Used/Needed (Callisto),Rate (Volume) (Ag saver)(floz(US)/ac),Product Amount Used/Needed (Ag saver),Rate (Mass) (AAtrex 4L Herbicide)(lb/ac),Rate (Volume) (Smackdown)(pt(US)/ac),Product Amount Used/Needed (Smackdown),Rate (Volume) (Surpass NXT)(pt(US)/ac),Rate (Mass) (Atrazine 4L)(lb/ac),Rate (Volume) (Gro Centric)(floz(US)/ac),Rate (Volume) (Water (1)~9)(gal(US)/ac),Product Amount Used/Needed,Area (ac)
-93.77471558,42.01675050,A3,TaskName 6/13/2025 (GreenStar 4 Monitor),Laudis/Tough,1,6/13/2025,0.200,On,1120.5,3.750,-18.75,2.278,0.666,11.39,130.99,19.99,44.62,0,1,1.032,6/13/2025,Over Target,17.85,7.995e-06,6.693,2.998e-06,0.00,0.00,0.00,8.925,3.998e-06,4.462,1.999e-06,44.33,0.0025,0.00,0.00,0.00,0.00,0.00,0.00,0.00,0.00,0.00,0.00,0.00,0.00,5.734e-05
-93.77471123,42.01674725,A3,TaskName 6/13/2025 (GreenStar 4 Monitor),Laudis/Tough,2,6/13/2025,0.195,On,1120.5,7.500,-18.12,2.987,0.853,7.192,129.99,19.99,25.07,0,1,2.711,6/13/2025,Over Target,10.03,1.151e-05,3.760,4.315e-06,0.00,0.00,0.00,5.014,5.753e-06,2.507,2.877e-06,24.91,0.0037,0.00,0.00,0.00,0.00,0.00,0.00,0.00,0.00,0.00,0.00,0.00,0.00,0.00015
-93.77470658,42.01674395,A3,TaskName 6/13/2025 (GreenStar 4 Monitor),Laudis/Tough,3,6/13/2025,0.205,On,1120.5,12.50,-16.87,3.790,1.138,5.706,129.11,19.99,22.00,0,1,5.737,6/13/2025,Good,8.801,2.246e-05,3.300,8.423e-06,0.00,0.00,0.00,4.400,1.123e-05,2.200,5.615e-06,21.86,0.0071,0.00,0.00,0.00,0.00,0.00,0.00,0.00,0.00,0.00,0.00,0.00,0.00,0.00033
-93.77470237,42.01674067,A3,TaskName 6/13/2025 (GreenStar 4 Monitor),Laudis/Tough,4,6/13/2025,0.199,On,1120.4,20.00,-15.62,4.546,1.325,4.689,128.22,19.99,26.87,0,1,11.01,6/13/2025,Over Target,10.75,5.109e-05,4.030,1.916e-05,0.00,0.00,0.00,5.373,2.555e-05,2.687,1.277e-05,26.69,0.016,0.00,0.00,0.00,0.00,0.00,0.00,0.00,0.00,0.00,0.00,0.00,0.00,0.00061
-93.77469846,42.01673760,A3,TaskName 6/13/2025 (GreenStar 4 Monitor),Laudis/Tough,5,6/13/2025,0.206,On,1120.3,27.50,-14.37,5.045,1.522,4.015,127.44,19.99,23.24,0,1,16.80,6/13/2025,Over Target,9.297,6.980e-05,3.486,2.618e-05,0.00,0.00,0.00,4.648,3.490e-05,2.324,1.745e-05,23.09,0.022,0.00,0.00,0.00,0.00,0.00,0.00,0.00,0.00,0.00,0.00,0.00,0.00,0.00096
-93.77469016,42.01673185,A3,TaskName 6/13/2025 (GreenStar 4 Monitor),Laudis/Tough,6,6/13/2025,0.395,On,1120.4,28.75,-15.00,5.258,3.041,3.847,126.63,19.99,20.52,0,1,18.29,6/13/2025,Good,8.206,0.00013,3.077,4.826e-05,0.00,0.00,0.00,4.103,6.434e-05,2.052,3.217e-05,20.38,0.041,0.00,0.00,0.00,0.00,0.00,0.00,0.00,0.00,0.00,0.00,0.00,0.00,0.0020
-93.77468601,42.01672952,A3,TaskName 6/13/2025 (GreenStar 4 Monitor),Laudis/Tough,7,6/13/2025,0.200,On,1120.4,30.00,-15.62,5.233,1.532,3.936,126.80,19.99,22.11,0,1,18.99,6/13/2025,Good,8.843,7.290e-05,3.316,2.734e-05,0.00,0.00,0.00,4.422,3.645e-05,2.211,1.823e-05,21.96,0.023,0.00,0.00,0.00,0.00,0.00,0.00,0.00,0.00,0.00,0.00,0.00,0.00,0.0011
-93.77468217,42.01672731,A3,TaskName 6/13/2025 (GreenStar 4 Monitor),Laudis/Tough,8,6/13/2025,0.200,On,1120.4,31.25,-15.00,5.132,1.503,4.346,127.08,19.99,19.17,0,1,19.40,6/13/2025,Good,7.667,6.457e-05,2.875,2.421e-05,0.00,0.00,0.00,3.834,3.229e-05,1.917,1.614e-05,19.04,0.021,0.00,0.00,0.00,0.00,0.00,0.00,0.00,0.00,0.00,0.00,0.00,0.00,0.0011
-93.77467433,42.01672331,A3,TaskName 6/13/2025 (GreenStar 4 Monitor),Laudis/Tough,9,6/13/2025,0.400,On,1120.5,36.25,-15.00,4.880,2.851,6.268,128.18,19.99,20.86,0,1,21.35,6/13/2025,Good,8.345,0.00015,3.129,5.800e-05,0.00,0.00,0.00,4.172,7.734e-05,2.086,3.867e-05,20.73,0.049,0.00,0.00,0.00,0.00,0.00,0.00,0.00,0.00,0.00,0.00,0.00,0.00,0.0024
-93.77466999,42.01672113,A3,TaskName 6/13/2025 (GreenStar 4 Monitor),Laudis/Tough,10,6/13/2025,0.199,On,1120.5,37.50,-14.37,4.649,1.362,8.460,128.79,19.99,20.03,0,1,21.20,6/13/2025,Good,8.014,7.338e-05,3.005,2.752e-05,0.00,0.00,0.00,4.007,3.669e-05,2.003,1.835e-05,19.90,0.023,0.00,0.00,0.00,0.00,0.00,0.00,0.00,0.00,0.00,0.00,0.00,0.00,0.0012
-93.77466546,42.01671894,A3,TaskName 6/13/2025 (GreenStar 4 Monitor),Laudis/Tough,11,6/13/2025,0.201,On,1120.4,38.75,-15.00,4.615,1.358,8.354,129.45,19.99,20.69,0,1,21.64,6/13/2025,Good,8.275,7.811e-05,3.103,2.929e-05,0.00,0.00,0.00,4.137,3.905e-05,2.069,1.953e-05,20.55,0.025,0.00,0.00,0.00,0.00,0.00,0.00,0.00,0.00,0.00,0.00,0.00,0.00,0.0012
-93.77466087,42.01671636,A3,TaskName 6/13/2025 (GreenStar 4 Monitor),Laudis/Tough,12,6/13/2025,0.200,On,1120.4,46.25,-15.00,4.683,1.371,7.245,129.68,19.99,21.27,0,1,26.21,6/13/2025,Good,8.510,9.680e-05,3.191,3.630e-05,0.00,0.00,0.00,4.255,4.840e-05,2.127,2.420e-05,21.14,0.031,0.00,0.00,0.00,0.00,0.00,0.00,0.00,0.00,0.00,0.00,0.00,0.00,0.0015
-93.77465638,42.01671362,A3,TaskName 6/13/2025 (GreenStar 4 Monitor),Laudis/Tough,13,6/13/2025,0.200,On,1120.4,50.00,-14.37,4.837,1.417,5.977,129.70,19.99,19.98,0,1,29.28,6/13/2025,Good,7.992,0.00010,2.997,3.809e-05,0.00,0.00,0.00,3.996,5.079e-05,1.998,2.540e-05,19.85,0.032,0.00,0.00,0.00,0.00,0.00,0.00,0.00,0.00,0.00,0.00,0.00,0.00,0.0016
-93.77465176,42.01671078,A3,TaskName 6/13/2025 (GreenStar 4 Monitor),Laudis/Tough,14,6/13/2025,0.200,On,1120.4,52.50,-14.37,5.014,1.470,5.653,129.69,19.99,20.13,0,1,31.89,6/13/2025,Good,8.052,0.00011,3.020,4.179e-05,0.00,0.00,0.00,4.026,5.572e-05,2.013,2.786e-05,20.00,0.035,0.00,0.00,0.00,0.00,0.00,0.00,0.00,0.00,0.00,0.00,0.00,0.00,0.0018
-93.77464716,42.01670813,A3,TaskName 6/13/2025 (GreenStar 4 Monitor),Laudis/Tough,15,6/13/2025,0.200,On,1120.4,58.75,-13.75,5.186,1.519,5.633,129.77,19.99,20.62,0,1,36.88,6/13/2025,Good,8.249,0.00013,3.093,4.951e-05,0.00,0.00,0.00,4.124,6.602e-05,2.062,3.301e-05,20.49,0.042,0.00,0.00,0.00,0.00,0.00,0.00,0.00,0.00,0.00,0.00,0.00,0.00,0.0020
-93.77464260,42.01670512,A3,TaskName 6/13/2025 (GreenStar 4 Monitor),Laudis/Tough,16,6/13/2025,0.200,On,1120.4,63.75,-12.50,5.316,1.558,6.862,129.58,19.99,20.18,0,1,41.05,6/13/2025,Good,8.074,0.00014,3.028,5.395e-05,0.00,0.00,0.00,4.037,7.193e-05,2.018,3.596e-05,20.05,0.046,0.00,0.00,0.00,0.00,0.00,0.00,0.00,0.00,0.00,0.00,0.00,0.00,0.0023
-93.77463288,42.01669871,A3,TaskName 6/13/2025 (GreenStar 4 Monitor),Laudis/Tough,17,6/13/2025,0.400,On,1120.4,66.25,-12.50,5.494,3.212,11.26,129.26,19.99,20.48,0,1,43.96,6/13/2025,Good,8.194,0.00031,3.073,0.00012,0.00,0.00,0.00,4.097,0.00016,2.048,7.818e-05,20.35,0.099,0.00,0.00,0.00,0.00,0.00,0.00,0.00,0.00,0.00,0.00,0.00,0.00,0.0049
-93.77462736,42.01669516,A3,TaskName 6/13/2025 (GreenStar 4 Monitor),Laudis/Tough,18,6/13/2025,0.200,On,1120.5,70.00,-11.87,5.729,1.686,14.15,129.23,19.99,20.13,0,1,48.78,6/13/2025,Good,8.052,0.00017,3.020,6.393e-05,0.00,0.00,0.00,4.026,8.524e-05,2.013,4.262e-05,20.00,0.054,0.00,0.00,0.00,0.00,0.00,0.00,0.00,0.00,0.00,0.00,0.00,0.00,0.0027
-93.77462118,42.01669128,A3,TaskName 6/13/2025 (GreenStar 4 Monitor),Laudis/Tough,19,6/13/2025,0.195,On,1120.5,75.00,-11.87,6.011,1.716,15.08,129.19,19.99,20.22,0,1,54.54,6/13/2025,Good,8.086,0.00019,3.032,6.999e-05,0.00,0.00,0.00,4.043,9.332e-05,2.022,4.666e-05,20.08,0.059,0.00,0.00,0.00,0.00,0.00,0.00,0.00,0.00,0.00,0.00,0.00,0.00,0.0030
-93.77461451,42.01668720,A3,TaskName 6/13/2025 (GreenStar 4 Monitor),Laudis/Tough,20,6/13/2025,0.205,On,1120.5,81.25,-11.25,6.452,1.939,14.48,129.20,19.99,20.14,0,1,63.51,6/13/2025,Good,8.057,0.00023,3.021,8.536e-05,0.00,0.00,0.00,4.028,0.00011,2.014,5.691e-05,20.01,0.072,0.00,0.00,0.00,0.00,0.00,0.00,0.00,0.00,0.00,0.00,0.00,0.00,0.0036
-93.77460728,42.01668292,A3,TaskName 6/13/2025 (GreenStar 4 Monitor),Laudis/Tough,21,6/13/2025,0.200,On,1120.5,88.75,-10.000,6.962,2.041,14.25,129.23,19.99,19.87,0,1,74.84,6/13/2025,Good,7.950,0.00026,2.981,9.683e-05,0.00,0.00,0.00,3.975,0.00013,1.987,6.456e-05,19.74,0.082,0.00,0.00,0.00,0.00,0.00,0.00,0.00,0.00,0.00,0.00,0.00,0.00,0.0042
-93.77459985,42.01667829,A3,TaskName 6/13/2025 (GreenStar 4 Monitor),Laudis/Tough,22,6/13/2025,0.200,On,1120.5,97.50,-9.375,7.492,2.195,10.92,129.22,19.99,19.81,0,1,88.43,6/13/2025,Good,7.924,0.00030,2.971,0.00011,0.00,0.00,0.00,3.962,0.00015,1.981,7.603e-05,19.68,0.097,0.00,0.00,0.00,0.00,0.00,0.00,0.00,0.00,0.00,0.00,0.00,0.00,0.0049
-93.77459191,42.01667356,A3,TaskName 6/13/2025 (GreenStar 4 Monitor),Laudis/Tough,23,6/13/2025,0.200,On,1120.4,105.00,-8.125,8.007,2.346,7.714,129.35,19.99,19.76,0,1,101.78,6/13/2025,Good,7.903,0.00035,2.963,0.00013,0.00,0.00,0.00,3.951,0.00017,1.976,8.727e-05,19.63,0.111,0.00,0.00,0.00,0.00,0.00,0.00,0.00,0.00,0.00,0.00,0.00,0.00,0.0057
-93.77455485,42.01665037,A3,TaskName 6/13/2025 (GreenStar 4 Monitor),Laudis/Tough,24,6/13/2025,1.000,On,1120.3,108.75,-6.250,8.895,13.03,4.313,128.68,19.99,19.45,0,1,117.12,6/13/2025,Good,7.781,0.0020,2.918,0.00074,0.00,0.00,0.00,3.891,0.00099,1.945,0.00049,19.33,0.629,0.00,0.00,0.00,0.00,0.00,0.00,0.00,0.00,0.00,0.00,0.00,0.00,0.033
-93.77452253,42.01663043,A3,TaskName 6/13/2025 (GreenStar 4 Monitor),Laudis/Tough,25,6/13/2025,1.000,On,1120.5,108.75,-6.250,8.522,12.48,3.483,127.92,19.99,19.60,0,1,112.14,6/13/2025,Good,7.840,0.0019,2.940,0.00072,0.00,0.00,0.00,3.920,0.00095,1.960,0.00048,19.47,0.607,0.00,0.00,0.00,0.00,0.00,0.00,0.00,0.00,0.00,0.00,0.00,0.00,0.031
-93.77449448,42.01661431,A3,TaskName 6/13/2025 (GreenStar 4 Monitor),Laudis/Tough,26,6/13/2025,1.000,On,1120.6,108.75,-6.250,7.140,10.44,6.231,128.41,19.99,19.95,0,1,93.80,6/13/2025,Good,7.981,0.0016,2.993,0.00061,0.00,0.00,0.00,3.990,0.00081,1.995,0.00041,19.82,0.516,0.00,0.00,0.00,0.00,0.00,0.00,0.00,0.00,0.00,0.00,0.00,0.00,0.026
-93.77446388,42.01659617,A3,TaskName 6/13/2025 (GreenStar 4 Monitor),Laudis/Tough,27,6/13/2025,1.000,On,1120.7,108.75,-6.250,6.786,9.938,7.687,128.43,19.99,20.12,0,1,89.32,6/13/2025,Good,8.047,0.0016,3.018,0.00058,0.00,0.00,0.00,4.023,0.00078,2.012,0.00039,19.99,0.496,0.00,0.00,0.00,0.00,0.00,0.00,0.00,0.00,0.00,0.00,0.00,0.00,0.025
-93.77443211,42.01657740,A3,TaskName 6/13/2025 (GreenStar 4 Monitor),Laudis/Tough,28,6/13/2025,1.000,On,1120.8,108.75,-6.250,7.469,10.94,5.498,128.36,19.99,19.92,0,1,98.37,6/13/2025,Good,7.968,0.0017,2.988,0.00064,0.00,0.00,0.00,3.984,0.00085,1.992,0.00043,19.79,0.541,0.00,0.00,0.00,0.00,0.00,0.00,0.00,0.00,0.00,0.00,0.00,0.00,0.027
-93.77440043,42.01655847,A3,TaskName 6/13/2025 (GreenStar 4 Monitor),Laudis/Tough,29,6/13/2025,1.000,On,1121.0,108.75,-6.250,7.499,10.97,6.566,128.05,19.99,19.93,0,1,98.63,6/13/2025,Good,7.970,0.0017,2.989,0.00064,0.00,0.00,0.00,3.985,0.00085,1.993,0.00043,19.80,0.542,0.00,0.00,0.00,0.00,0.00,0.00,0.00,0.00,0.00,0.00,0.00,0.00,0.027
-93.77436811,42.01653950,A3,TaskName 6/13/2025 (GreenStar 4 Monitor),Laudis/Tough,30,6/13/2025,1.000,On,1121.1,108.75,-6.250,7.568,11.09,6.835,127.90,19.99,19.93,0,1,99.69,6/13/2025,Good,7.974,0.0017,2.990,0.00065,0.00,0.00,0.00,3.987,0.00086,1.993,0.00043,19.80,0.548,0.00,0.00,0.00,0.00,0.00,0.00,0.00,0.00,0.00,0.00,0.00,0.00,0.028
-93.77433514,42.01652023,A3,TaskName 6/13/2025 (GreenStar 4 Monitor),Laudis/Tough,31,6/13/2025,0.999,On,1121.3,108.75,-6.250,7.679,11.25,5.857,128.09,19.99,19.93,0,1,101.24,6/13/2025,Good,7.971,0.0017,2.989,0.00066,0.00,0.00,0.00,3.985,0.00087,1.993,0.00044,19.80,0.556,0.00,0.00,0.00,0.00,0.00,0.00,0.00,0.00,0.00,0.00,0.00,0.00,0.028
-93.77430291,42.01650172,A3,TaskName 6/13/2025 (GreenStar 4 Monitor),Laudis/Tough,32,6/13/2025,1.001,On,1121.6,108.75,-6.250,7.643,11.21,6.397,128.66,19.99,19.94,0,1,100.66,6/13/2025,Good,7.975,0.0017,2.991,0.00065,0.00,0.00,0.00,3.988,0.00087,1.994,0.00044,19.81,0.554,0.00,0.00,0.00,0.00,0.00,0.00,0.00,0.00,0.00,0.00,0.00,0.00,0.028
-93.77427035,42.01648200,A3,TaskName 6/13/2025 (GreenStar 4 Monitor),Laudis/Tough,33,6/13/2025,0.995,On,1121.7,108.75,-6.250,7.630,11.13,7.090,127.85,19.99,19.98,0,1,100.49,6/13/2025,Good,7.992,0.0017,2.997,0.00065,0.00,0.00,0.00,3.996,0.00087,1.998,0.00043,19.85,0.551,0.00,0.00,0.00,0.00,0.00,0.00,0.00,0.00,0.00,0.00,0.00,0.00,0.028
-93.77423658,42.01646189,A3,TaskName 6/13/2025 (GreenStar 4 Monitor),Laudis/Tough,34,6/13/2025,1.005,On,1121.9,107.50,-6.875,7.881,11.61,5.798,127.17,19.99,19.96,0,1,102.61,6/13/2025,Good,7.983,0.0018,2.994,0.00067,0.00,0.00,0.00,3.991,0.00089,1.996,0.00045,19.83,0.568,0.00,0.00,0.00,0.00,0.00,0.00,0.00,0.00,0.00,0.00,0.00,0.00,0.029
-93.77421632,42.01645047,A3,TaskName 6/13/2025 (GreenStar 4 Monitor),Laudis/Tough,35,6/13/2025,0.600,On,1122.0,107.50,-6.875,7.986,7.024,5.611,127.45,19.99,19.98,0,1,104.01,6/13/2025,Good,7.994,0.0011,2.998,0.00041,0.00,0.00,0.00,3.997,0.00054,1.998,0.00027,19.85,0.344,0.00,0.00,0.00,0.00,0.00,0.00,0.00,0.00,0.00,0.00,0.00,0.00,0.017
-93.77418254,42.01643122,A3,TaskName 6/13/2025 (GreenStar 4 Monitor),Laudis/Tough,36,6/13/2025,1.000,On,1122.1,108.75,-6.250,7.876,11.55,5.660,127.83,19.99,19.86,0,1,103.76,6/13/2025,Good,7.944,0.0018,2.979,0.00067,0.00,0.00,0.00,3.972,0.00089,1.986,0.00045,19.73,0.569,0.00,0.00,0.00,0.00,0.00,0.00,0.00,0.00,0.00,0.00,0.00,0.00,0.029
-93.77414908,42.01641151,A3,TaskName 6/13/2025 (GreenStar 4 Monitor),Laudis/Tough,37,6/13/2025,0.995,On,1122.3,108.75,-6.250,7.883,11.50,5.375,127.58,19.99,19.88,0,1,103.84,6/13/2025,Good,7.951,0.0018,2.982,0.00067,0.00,0.00,0.00,3.976,0.00089,1.988,0.00045,19.75,0.567,0.00,0.00,0.00,0.00,0.00,0.00,0.00,0.00,0.00,0.00,0.00,0.00,0.029
-93.77411530,42.01639209,A3,TaskName 6/13/2025 (GreenStar 4 Monitor),Laudis/Tough,38,6/13/2025,1.005,On,1122.6,108.75,-6.250,7.898,11.62,5.122,127.98,19.99,19.92,0,1,103.95,6/13/2025,Good,7.969,0.0018,2.988,0.00068,0.00,0.00,0.00,3.985,0.00090,1.992,0.00045,19.79,0.574,0.00,0.00,0.00,0.00,0.00,0.00,0.00,0.00,0.00,0.00,0.00,0.00,0.029
-93.77408234,42.01637275,A3,TaskName 6/13/2025 (GreenStar 4 Monitor),Laudis/Tough,39,6/13/2025,1.000,On,1122.8,108.75,-6.250,7.843,11.49,6.395,127.92,19.99,19.96,0,1,103.29,6/13/2025,Good,7.984,0.0018,2.994,0.00067,0.00,0.00,0.00,3.992,0.00089,1.996,0.00045,19.83,0.569,0.00,0.00,0.00,0.00,0.00,0.00,0.00,0.00,0.00,0.00,0.00,0.00,0.029
-93.77404906,42.01635327,A3,TaskName 6/13/2025 (GreenStar 4 Monitor),Laudis/Tough,40,6/13/2025,0.999,On,1123.1,108.75,-6.250,7.793,11.42,6.281,127.58,19.99,20.01,0,1,102.78,6/13/2025,Good,8.005,0.0018,3.002,0.00067,0.00,0.00,0.00,4.003,0.00089,2.001,0.00045,19.88,0.567,0.00,0.00,0.00,0.00,0.00,0.00,0.00,0.00,0.00,0.00,0.00,0.00,0.029
-93.77401570,42.01633417,A3,TaskName 6/13/2025 (GreenStar 4 Monitor),Laudis/Tough,41,6/13/2025,1.000,On,1123.3,108.75,-6.250,7.847,11.50,6.326,127.97,19.99,20.00,0,1,103.35,6/13/2025,Good,8.002,0.0018,3.001,0.00067,0.00,0.00,0.00,4.001,0.00090,2.000,0.00045,19.87,0.571,0.00,0.00,0.00,0.00,0.00,0.00,0.00,0.00,0.00,0.00,0.00,0.00,0.029
-93.77398248,42.01631514,A3,TaskName 6/13/2025 (GreenStar 4 Monitor),Laudis/Tough,42,6/13/2025,1.001,On,1123.6,108.75,-6.250,7.772,11.41,6.692,128.76,19.99,20.03,0,1,102.41,6/13/2025,Good,8.014,0.0018,3.005,0.00067,0.00,0.00,0.00,4.007,0.00089,2.003,0.00045,19.90,0.567,0.00,0.00,0.00,0.00,0.00,0.00,0.00,0.00,0.00,0.00,0.00,0.00,0.028
-93.77394957,42.01629550,A3,TaskName 6/13/2025 (GreenStar 4 Monitor),Laudis/Tough,43,6/13/2025,1.000,On,1123.9,108.75,-6.250,7.787,11.41,6.234,128.36,19.99,19.96,0,1,102.55,6/13/2025,Good,7.983,0.0018,2.994,0.00067,0.00,0.00,0.00,3.992,0.00089,1.996,0.00044,19.83,0.565,0.00,0.00,0.00,0.00,0.00,0.00,0.00,0.00,0.00,0.00,0.00,0.00,0.028
-93.77391662,42.01627583,A3,TaskName 6/13/2025 (GreenStar 4 Monitor),Laudis/Tough,44,6/13/2025,0.999,On,1124.3,108.75,-6.250,7.813,11.46,6.478,127.61,19.99,20.04,0,1,103.12,6/13/2025,Good,8.016,0.0018,3.006,0.00067,0.00,0.00,0.00,4.008,0.00090,2.004,0.00045,19.91,0.570,0.00,0.00,0.00,0.00,0.00,0.00,0.00,0.00,0.00,0.00,0.00,0.00,0.029
-93.77388348,42.01625664,A3,TaskName 6/13/2025 (GreenStar 4 Monitor),Laudis/Tough,45,6/13/2025,1.000,On,1124.6,108.75,-6.250,7.792,11.43,6.530,127.42,19.99,19.91,0,1,102.69,6/13/2025,Good,7.964,0.0018,2.986,0.00067,0.00,0.00,0.00,3.982,0.00089,1.991,0.00044,19.78,0.564,0.00,0.00,0.00,0.00,0.00,0.00,0.00,0.00,0.00,0.00,0.00,0.00,0.029
-93.77384981,42.01623781,A3,TaskName 6/13/2025 (GreenStar 4 Monitor),Laudis/Tough,46,6/13/2025,0.996,On,1125.0,108.75,-6.250,7.798,11.39,6.989,127.91,19.99,19.96,0,1,102.81,6/13/2025,Good,7.984,0.0018,2.994,0.00067,0.00,0.00,0.00,3.992,0.00089,1.996,0.00044,19.83,0.564,0.00,0.00,0.00,0.00,0.00,0.00,0.00,0.00,0.00,0.00,0.00,0.00,0.028
-93.77381664,42.01621848,A3,TaskName 6/13/2025 (GreenStar 4 Monitor),Laudis/Tough,47,6/13/2025,1.004,On,1125.3,108.75,-6.250,7.815,11.51,6.993,127.98,19.99,20.03,0,1,103.05,6/13/2025,Good,8.013,0.0018,3.005,0.00067,0.00,0.00,0.00,4.006,0.00090,2.003,0.00045,19.90,0.572,0.00,0.00,0.00,0.00,0.00,0.00,0.00,0.00,0.00,0.00,0.00,0.00,0.029
-93.77378336,42.01619894,A3,TaskName 6/13/2025 (GreenStar 4 Monitor),Laudis/Tough,48,6/13/2025,0.995,On,1125.7,108.75,-6.250,7.833,11.43,6.619,127.74,19.99,20.03,0,1,103.24,6/13/2025,Good,8.013,0.0018,3.005,0.00067,0.00,0.00,0.00,4.006,0.00089,2.003,0.00045,19.90,0.568,0.00,0.00,0.00,0.00,0.00,0.00,0.00,0.00,0.00,0.00,0.00,0.00,0.029
-93.77374993,42.01617935,A3,TaskName 6/13/2025 (GreenStar 4 Monitor),Laudis/Tough,49,6/13/2025,1.005,On,1125.9,108.75,-6.250,7.875,11.61,6.639,127.81,19.99,19.87,0,1,103.82,6/13/2025,Good,7.949,0.0018,2.981,0.00067,0.00,0.00,0.00,3.974,0.00090,1.987,0.00045,19.74,0.572,0.00,0.00,0.00,0.00,0.00,0.00,0.00,0.00,0.00,0.00,0.00,0.00,0.029
-93.77371619,42.01615997,A3,TaskName 6/13/2025 (GreenStar 4 Monitor),Laudis/Tough,50,6/13/2025,0.995,On,1126.2,108.75,-6.250,7.873,11.49,6.468,128.22,19.99,19.96,0,1,103.77,6/13/2025,Good,7.982,0.0018,2.993,0.00067,0.00,0.00,0.00,3.991,0.00089,1.996,0.00045,19.83,0.569,0.00,0.00,0.00,0.00,0.00,0.00,0.00,0.00,0.00,0.00,0.00,0.00,0.029
-93.77368254,42.01614040,A3,TaskName 6/13/2025 (GreenStar 4 Monitor),Laudis/Tough,51,6/13/2025,1.005,On,1126.4,108.75,-6.250,7.897,11.64,6.612,128.86,19.99,20.03,0,1,104.12,6/13/2025,Good,8.010,0.0018,3.004,0.00068,0.00,0.00,0.00,4.005,0.00091,2.003,0.00045,19.90,0.578,0.00,0.00,0.00,0.00,0.00,0.00,0.00,0.00,0.00,0.00,0.00,0.00,0.029
-93.77364935,42.01612046,A3,TaskName 6/13/2025 (GreenStar 4 Monitor),Laudis/Tough,52,6/13/2025,1.001,On,1126.6,108.75,-6.250,7.895,11.59,6.401,128.56,19.99,20.01,0,1,104.06,6/13/2025,Good,8.004,0.0018,3.001,0.00068,0.00,0.00,0.00,4.002,0.00090,2.001,0.00045,19.88,0.575,0.00,0.00,0.00,0.00,0.00,0.00,0.00,0.00,0.00,0.00,0.00,0.00,0.029
-93.77361643,42.01610025,A3,TaskName 6/13/2025 (GreenStar 4 Monitor),Laudis/Tough,53,6/13/2025,0.995,On,1126.8,108.75,-6.250,7.901,11.53,6.391,127.51,19.99,20.03,0,1,104.16,6/13/2025,Good,8.013,0.0018,3.005,0.00068,0.00,0.00,0.00,4.007,0.00090,2.003,0.00045,19.90,0.573,0.00,0.00,0.00,0.00,0.00,0.00,0.00,0.00,0.00,0.00,0.00,0.00,0.029
-93.77358252,42.01608076,A3,TaskName 6/13/2025 (GreenStar 4 Monitor),Laudis/Tough,54,6/13/2025,1.005,On,1127.0,108.75,-6.250,7.906,11.66,6.127,127.54,19.99,20.02,0,1,104.24,6/13/2025,Good,8.007,0.0018,3.003,0.00068,0.00,0.00,0.00,4.003,0.00091,2.002,0.00046,19.89,0.579,0.00,0.00,0.00,0.00,0.00,0.00,0.00,0.00,0.00,0.00,0.00,0.00,0.029
-93.77354868,42.01606162,A3,TaskName 6/13/2025 (GreenStar 4 Monitor),Laudis/Tough,55,6/13/2025,0.995,On,1127.3,108.75,-6.250,7.887,11.51,5.765,127.92,19.99,20.02,0,1,103.98,6/13/2025,Good,8.009,0.0018,3.003,0.00067,0.00,0.00,0.00,4.004,0.00090,2.002,0.00045,19.89,0.572,0.00,0.00,0.00,0.00,0.00,0.00,0.00,0.00,0.00,0.00,0.00,0.00,0.029
-93.77351537,42.01604198,A3,TaskName 6/13/2025 (GreenStar 4 Monitor),Laudis/Tough,56,6/13/2025,0.999,On,1127.5,108.75,-6.250,7.872,11.53,5.694,127.70,19.99,19.94,0,1,103.77,6/13/2025,Good,7.977,0.0018,2.991,0.00067,0.00,0.00,0.00,3.988,0.00090,1.994,0.00045,19.81,0.571,0.00,0.00,0.00,0.00,0.00,0.00,0.00,0.00,0.00,0.00,0.00,0.00,0.029
-93.77348185,42.01602247,A3,TaskName 6/13/2025 (GreenStar 4 Monitor),Laudis/Tough,57,6/13/2025,1.001,On,1127.8,108.75,-6.250,7.896,11.59,5.778,127.58,19.99,19.96,0,1,104.09,6/13/2025,Good,7.984,0.0018,2.994,0.00068,0.00,0.00,0.00,3.992,0.00090,1.996,0.00045,19.83,0.574,0.00,0.00,0.00,0.00,0.00,0.00,0.00,0.00,0.00,0.00,0.00,0.00,0.029
-93.77344838,42.01600320,A3,TaskName 6/13/2025 (GreenStar 4 Monitor),Laudis/Tough,58,6/13/2025,0.999,On,1128.0,108.75,-6.250,7.849,11.50,6.115,127.88,19.99,19.97,0,1,103.47,6/13/2025,Good,7.987,0.0018,2.995,0.00067,0.00,0.00,0.00,3.994,0.00090,1.997,0.00045,19.84,0.570,0.00,0.00,0.00,0.00,0.00,0.00,0.00,0.00,0.00,0.00,0.00,0.00,0.029
-93.77341475,42.01598391,A3,TaskName 6/13/2025 (GreenStar 4 Monitor),Laudis/Tough,59,6/13/2025,1.000,On,1128.1,108.75,-6.250,7.829,11.49,6.052,128.52,19.99,20.00,0,1,103.22,6/13/2025,Good,8.000,0.0018,3.000,0.00067,0.00,0.00,0.00,4.000,0.00090,2.000,0.00045,19.87,0.570,0.00,0.00,0.00,0.00,0.00,0.00,0.00,0.00,0.00,0.00,0.00,0.00,0.029
-93.77338154,42.01596411,A3,TaskName 6/13/2025 (GreenStar 4 Monitor),Laudis/Tough,60,6/13/2025,1.000,On,1128.3,108.75,-6.250,7.889,11.57,5.723,128.05,19.99,20.00,0,1,103.99,6/13/2025,Good,8.001,0.0018,3.000,0.00068,0.00,0.00,0.00,4.000,0.00090,2.000,0.00045,19.87,0.574,0.00,0.00,0.00,0.00,0.00,0.00,0.00,0.00,0.00,0.00,0.00,0.00,0.029
-93.77334854,42.01594444,A3,TaskName 6/13/2025 (GreenStar 4 Monitor),Laudis/Tough,61,6/13/2025,1.001,On,1128.6,108.75,-6.250,7.844,11.50,5.986,127.51,19.99,20.00,0,1,103.30,6/13/2025,Good,8.002,0.0018,3.001,0.00067,0.00,0.00,0.00,4.001,0.00090,2.000,0.00045,19.87,0.571,0.00,0.00,0.00,0.00,0.00,0.00,0.00,0.00,0.00,0.00,0.00,0.00,0.029
-93.77331520,42.01592519,A3,TaskName 6/13/2025 (GreenStar 4 Monitor),Laudis/Tough,62,6/13/2025,0.999,On,1128.7,108.75,-6.250,7.827,11.48,5.840,127.70,19.99,20.01,0,1,103.30,6/13/2025,Good,8.004,0.0018,3.001,0.00067,0.00,0.00,0.00,4.002,0.00090,2.001,0.00045,19.88,0.570,0.00,0.00,0.00,0.00,0.00,0.00,0.00,0.00,0.00,0.00,0.00,0.00,0.029
-93.77328150,42.01590585,A3,TaskName 6/13/2025 (GreenStar 4 Monitor),Laudis/Tough,63,6/13/2025,0.996,On,1128.9,108.75,-6.250,7.842,11.46,5.783,127.81,19.99,20.01,0,1,103.40,6/13/2025,Good,8.003,0.0018,3.001,0.00067,0.00,0.00,0.00,4.001,0.00089,2.001,0.00045,19.88,0.569,0.00,0.00,0.00,0.00,0.00,0.00,0.00,0.00,0.00,0.00,0.00,0.00,0.029
-93.77324822,42.01588639,A3,TaskName 6/13/2025 (GreenStar 4 Monitor),Laudis/Tough,64,6/13/2025,1.000,On,1129.1,108.75,-6.250,7.855,11.52,5.524,127.65,19.99,20.00,0,1,103.58,6/13/2025,Good,8.002,0.0018,3.001,0.00067,0.00,0.00,0.00,4.001,0.00090,2.000,0.00045,19.87,0.572,0.00,0.00,0.00,0.00,0.00,0.00,0.00,0.00,0.00,0.00,0.00,0.00,0.029
-93.77321457,42.01586698,A3,TaskName 6/13/2025 (GreenStar 4 Monitor),Laudis/Tough,65,6/13/2025,1.005,On,1129.2,108.75,-6.250,7.863,11.58,4.864,127.90,19.99,19.88,0,1,103.56,6/13/2025,Good,7.953,0.0018,2.982,0.00067,0.00,0.00,0.00,3.977,0.00090,1.988,0.00045,19.75,0.571,0.00,0.00,0.00,0.00,0.00,0.00,0.00,0.00,0.00,0.00,0.00,0.00,0.029
-93.77318118,42.01584750,A3,TaskName 6/13/2025 (GreenStar 4 Monitor),Laudis/Tough,66,6/13/2025,0.999,On,1129.3,108.75,-6.250,7.873,11.55,4.939,127.94,19.99,19.91,0,1,103.92,6/13/2025,Good,7.964,0.0018,2.987,0.00067,0.00,0.00,0.00,3.982,0.00090,1.991,0.00045,19.78,0.570,0.00,0.00,0.00,0.00,0.00,0.00,0.00,0.00,0.00,0.00,0.00,0.00,0.029
-93.77314813,42.01582806,A3,TaskName 6/13/2025 (GreenStar 4 Monitor),Laudis/Tough,67,6/13/2025,0.996,On,1129.3,108.75,-6.250,7.837,11.45,5.105,127.71,19.99,19.95,0,1,103.31,6/13/2025,Good,7.979,0.0018,2.992,0.00067,0.00,0.00,0.00,3.989,0.00089,1.995,0.00045,19.82,0.566,0.00,0.00,0.00,0.00,0.00,0.00,0.00,0.00,0.00,0.00,0.00,0.00,0.029
-93.77311449,42.01580869,A3,TaskName 6/13/2025 (GreenStar 4 Monitor),Laudis/Tough,68,6/13/2025,1.000,On,1129.3,108.75,-6.250,7.825,11.48,5.151,127.80,19.99,20.03,0,1,103.19,6/13/2025,Good,8.014,0.0018,3.005,0.00067,0.00,0.00,0.00,4.007,0.00090,2.003,0.00045,19.90,0.571,0.00,0.00,0.00,0.00,0.00,0.00,0.00,0.00,0.00,0.00,0.00,0.00,0.029
-93.77308072,42.01578929,A3,TaskName 6/13/2025 (GreenStar 4 Monitor),Laudis/Tough,69,6/13/2025,1.000,On,1129.4,108.75,-6.250,7.886,11.57,4.952,128.01,19.99,19.95,0,1,103.96,6/13/2025,Good,7.981,0.0018,2.993,0.00068,0.00,0.00,0.00,3.990,0.00090,1.995,0.00045,19.82,0.572,0.00,0.00,0.00,0.00,0.00,0.00,0.00,0.00,0.00,0.00,0.00,0.00,0.029
-93.77304724,42.01576984,A3,TaskName 6/13/2025 (GreenStar 4 Monitor),Laudis/Tough,70,6/13/2025,1.000,On,1129.2,108.75,-6.250,7.888,11.57,4.647,127.90,19.99,19.90,0,1,103.99,6/13/2025,Good,7.961,0.0018,2.986,0.00067,0.00,0.00,0.00,3.981,0.00090,1.990,0.00045,19.77,0.571,0.00,0.00,0.00,0.00,0.00,0.00,0.00,0.00,0.00,0.00,0.00,0.00,0.029
-93.77301376,42.01575001,A3,TaskName 6/13/2025 (GreenStar 4 Monitor),Laudis/Tough,71,6/13/2025,1.000,On,1129.1,108.75,-6.250,7.881,11.56,5.070,127.55,19.99,19.95,0,1,103.90,6/13/2025,Good,7.979,0.0018,2.992,0.00067,0.00,0.00,0.00,3.990,0.00090,1.995,0.00045,19.82,0.572,0.00,0.00,0.00,0.00,0.00,0.00,0.00,0.00,0.00,0.00,0.00,0.00,0.029
-93.77297994,42.01573061,A3,TaskName 6/13/2025 (GreenStar 4 Monitor),Laudis/Tough,72,6/13/2025,1.000,On,1129.0,108.75,-6.250,7.918,11.61,4.970,127.65,19.99,19.99,0,1,104.39,6/13/2025,Good,7.998,0.0018,2.999,0.00068,0.00,0.00,0.00,3.999,0.00091,1.999,0.00045,19.86,0.576,0.00,0.00,0.00,0.00,0.00,0.00,0.00,0.00,0.00,0.00,0.00,0.00,0.029
-93.77294638,42.01571128,A3,TaskName 6/13/2025 (GreenStar 4 Monitor),Laudis/Tough,73,6/13/2025,1.000,On,1128.9,108.75,-6.250,7.873,11.54,5.272,128.05,19.99,20.10,0,1,103.76,6/13/2025,Good,8.039,0.0018,3.015,0.00068,0.00,0.00,0.00,4.020,0.00091,2.010,0.00045,19.97,0.575,0.00,0.00,0.00,0.00,0.00,0.00,0.00,0.00,0.00,0.00,0.00,0.00,0.029
-93.77291268,42.01569162,A3,TaskName 6/13/2025 (GreenStar 4 Monitor),Laudis/Tough,74,6/13/2025,1.000,On,1128.8,108.75,-6.250,7.868,11.54,4.898,128.23,19.99,20.02,0,1,103.73,6/13/2025,Good,8.007,0.0018,3.003,0.00068,0.00,0.00,0.00,4.003,0.00090,2.002,0.00045,19.89,0.573,0.00,0.00,0.00,0.00,0.00,0.00,0.00,0.00,0.00,0.00,0.00,0.00,0.029
-93.77287938,42.01567187,A3,TaskName 6/13/2025 (GreenStar 4 Monitor),Laudis/Tough,75,6/13/2025,1.000,On,1128.7,108.75,-6.250,7.930,11.63,4.770,128.09,19.99,20.03,0,1,104.52,6/13/2025,Good,8.011,0.0018,3.004,0.00068,0.00,0.00,0.00,4.006,0.00091,2.003,0.00045,19.90,0.578,0.00,0.00,0.00,0.00,0.00,0.00,0.00,0.00,0.00,0.00,0.00,0.00,0.029
-93.77284602,42.01565199,A3,TaskName 6/13/2025 (GreenStar 4 Monitor),Laudis/Tough,76,6/13/2025,1.000,On,1128.5,108.75,-6.250,7.912,11.60,4.913,128.18,19.99,19.97,0,1,104.26,6/13/2025,Good,7.988,0.0018,2.996,0.00068,0.00,0.00,0.00,3.994,0.00090,1.997,0.00045,19.84,0.575,0.00,0.00,0.00,0.00,0.00,0.00,0.00,0.00,0.00,0.00,0.00,0.00,0.029
-93.77281233,42.01563243,A3,TaskName 6/13/2025 (GreenStar 4 Monitor),Laudis/Tough,77,6/13/2025,1.000,On,1128.4,108.75,-6.250,7.902,11.59,4.951,128.36,19.99,19.96,0,1,104.14,6/13/2025,Good,7.984,0.0018,2.994,0.00068,0.00,0.00,0.00,3.992,0.00090,1.996,0.00045,19.83,0.574,0.00,0.00,0.00,0.00,0.00,0.00,0.00,0.00,0.00,0.00,0.00,0.00,0.029
-93.77277921,42.01561255,A3,TaskName 6/13/2025 (GreenStar 4 Monitor),Laudis/Tough,78,6/13/2025,1.000,On,1128.3,108.75,-6.250,7.916,11.61,4.927,128.04,19.99,20.04,0,1,104.37,6/13/2025,Good,8.015,0.0018,3.006,0.00068,0.00,0.00,0.00,4.008,0.00091,2.004,0.00045,19.91,0.577,0.00,0.00,0.00,0.00,0.00,0.00,0.00,0.00,0.00,0.00,0.00,0.00,0.029
-93.77274566,42.01559265,A3,TaskName 6/13/2025 (GreenStar 4 Monitor),Laudis/Tough,79,6/13/2025,1.000,On,1128.0,108.75,-6.250,7.896,11.58,4.469,127.56,19.99,19.98,0,1,104.08,6/13/2025,Good,7.992,0.0018,2.997,0.00068,0.00,0.00,0.00,3.996,0.00090,1.998,0.00045,19.85,0.574,0.00,0.00,0.00,0.00,0.00,0.00,0.00,0.00,0.00,0.00,0.00,0.00,0.029
-93.77271174,42.01557324,A3,TaskName 6/13/2025 (GreenStar 4 Monitor),Laudis/Tough,80,6/13/2025,1.000,On,1127.9,108.75,-6.250,7.938,11.64,4.241,127.85,19.99,19.93,0,1,104.61,6/13/2025,Good,7.972,0.0018,2.989,0.00068,0.00,0.00,0.00,3.986,0.00090,1.993,0.00045,19.80,0.575,0.00,0.00,0.00,0.00,0.00,0.00,0.00,0.00,0.00,0.00,0.00,0.00,0.029
-93.77267829,42.01555371,A3,TaskName 6/13/2025 (GreenStar 4 Monitor),Laudis/Tough,81,6/13/2025,1.000,On,1127.8,108.75,-6.250,7.906,11.59,5.321,127.39,19.99,19.90,0,1,104.17,6/13/2025,Good,7.958,0.0018,2.984,0.00067,0.00,0.00,0.00,3.979,0.00090,1.990,0.00045,19.77,0.572,0.00,0.00,0.00,0.00,0.00,0.00,0.00,0.00,0.00,0.00,0.00,0.00,0.029
-93.77264456,42.01553429,A3,TaskName 6/13/2025 (GreenStar 4 Monitor),Laudis/Tough,82,6/13/2025,0.999,On,1127.7,108.75,-6.250,7.874,11.53,5.173,127.12,19.99,20.04,0,1,103.77,6/13/2025,Good,8.017,0.0018,3.006,0.00068,0.00,0.00,0.00,4.009,0.00090,2.004,0.00045,19.91,0.573,0.00,0.00,0.00,0.00,0.00,0.00,0.00,0.00,0.00,0.00,0.00,0.00,0.029
-93.77261059,42.01551519,A3,TaskName 6/13/2025 (GreenStar 4 Monitor),Laudis/Tough,83,6/13/2025,1.001,On,1127.6,108.75,-6.250,7.892,11.59,4.884,127.42,19.99,20.08,0,1,104.03,6/13/2025,Good,8.033,0.0018,3.012,0.00068,0.00,0.00,0.00,4.016,0.00091,2.008,0.00045,19.95,0.577,0.00,0.00,0.00,0.00,0.00,0.00,0.00,0.00,0.00,0.00,0.00,0.00,0.029
-93.77259711,42.01550753,A3,TaskName 6/13/2025 (GreenStar 4 Monitor),Laudis/Tough,84,6/13/2025,0.404,On,1127.6,108.75,-6.250,7.889,4.674,5.202,127.73,19.99,20.02,0,1,103.98,6/13/2025,Good,8.010,0.00073,3.004,0.00027,0.00,0.00,0.00,4.005,0.00037,2.002,0.00018,19.89,0.232,0.00,0.00,0.00,0.00,0.00,0.00,0.00,0.00,0.00,0.00,0.00,0.00,0.012
-93.77256315,42.01548840,A3,TaskName 6/13/2025 (GreenStar 4 Monitor),Laudis/Tough,85,6/13/2025,1.001,On,1127.5,110.00,-5.625,7.874,11.56,5.079,128.38,19.99,19.99,0,1,104.99,6/13/2025,Good,7.997,0.0018,2.999,0.00068,0.00,0.00,0.00,3.998,0.00091,1.999,0.00046,19.86,0.580,0.00,0.00,0.00,0.00,0.00,0.00,0.00,0.00,0.00,0.00,0.00,0.00,0.029
-93.77253005,42.01546872,A3,TaskName 6/13/2025 (GreenStar 4 Monitor),Laudis/Tough,86,6/13/2025,0.995,On,1127.6,110.00,-5.625,7.861,11.47,5.394,128.24,19.99,20.02,0,1,104.82,6/13/2025,Good,8.008,0.0018,3.003,0.00068,0.00,0.00,0.00,4.004,0.00091,2.002,0.00045,19.89,0.576,0.00,0.00,0.00,0.00,0.00,0.00,0.00,0.00,0.00,0.00,0.00,0.00,0.029
-93.77249719,42.01544916,A3,TaskName 6/13/2025 (GreenStar 4 Monitor),Laudis/Tough,87,6/13/2025,1.000,On,1127.5,108.75,-6.250,7.790,11.41,5.704,128.07,19.99,20.02,0,1,102.58,6/13/2025,Good,8.006,0.0018,3.002,0.00067,0.00,0.00,0.00,4.003,0.00089,2.002,0.00045,19.89,0.567,0.00,0.00,0.00,0.00,0.00,0.00,0.00,0.00,0.00,0.00,0.00,0.00,0.028
-93.77246368,42.01542964,A3,TaskName 6/13/2025 (GreenStar 4 Monitor),Laudis/Tough,88,6/13/2025,1.005,On,1127.5,108.75,-6.250,7.845,11.56,5.154,128.21,19.99,20.00,0,1,103.42,6/13/2025,Good,8.001,0.0018,3.001,0.00068,0.00,0.00,0.00,4.001,0.00090,2.000,0.00045,19.87,0.574,0.00,0.00,0.00,0.00,0.00,0.00,0.00,0.00,0.00,0.00,0.00,0.00,0.029
-93.77243034,42.01541002,A3,TaskName 6/13/2025 (GreenStar 4 Monitor),Laudis/Tough,89,6/13/2025,0.995,On,1127.4,108.75,-6.250,7.870,11.49,5.245,128.41,19.99,19.96,0,1,103.80,6/13/2025,Good,7.986,0.0018,2.995,0.00067,0.00,0.00,0.00,3.993,0.00089,1.996,0.00045,19.83,0.569,0.00,0.00,0.00,0.00,0.00,0.00,0.00,0.00,0.00,0.00,0.00,0.00,0.029
-93.77239714,42.01539032,A3,TaskName 6/13/2025 (GreenStar 4 Monitor),Laudis/Tough,90,6/13/2025,0.999,On,1127.4,108.75,-6.250,7.858,11.51,4.922,128.26,19.99,19.99,0,1,103.56,6/13/2025,Good,7.998,0.0018,2.999,0.00067,0.00,0.00,0.00,3.999,0.00090,1.999,0.00045,19.86,0.571,0.00,0.00,0.00,0.00,0.00,0.00,0.00,0.00,0.00,0.00,0.00,0.00,0.029
-93.77236379,42.01537054,A3,TaskName 6/13/2025 (GreenStar 4 Monitor),Laudis/Tough,91,6/13/2025,1.001,On,1127.4,108.75,-6.250,7.869,11.54,5.088,127.99,19.99,19.99,0,1,103.59,6/13/2025,Good,7.995,0.0018,2.998,0.00067,0.00,0.00,0.00,3.997,0.00090,1.999,0.00045,19.86,0.572,0.00,0.00,0.00,0.00,0.00,0.00,0.00,0.00,0.00,0.00,0.00,0.00,0.029
-93.77233092,42.01535113,A3,TaskName 6/13/2025 (GreenStar 4 Monitor),Laudis/Tough,92,6/13/2025,0.999,On,1127.4,108.75,-6.250,7.826,11.48,5.930,127.48,19.99,20.01,0,1,103.27,6/13/2025,Good,8.006,0.0018,3.002,0.00067,0.00,0.00,0.00,4.003,0.00090,2.001,0.00045,19.88,0.570,0.00,0.00,0.00,0.00,0.00,0.00,0.00,0.00,0.00,0.00,0.00,0.00,0.029
-93.77229746,42.01533171,A3,TaskName 6/13/2025 (GreenStar 4 Monitor),Laudis/Tough,93,6/13/2025,1.000,On,1127.4,108.75,-6.250,7.812,11.46,5.232,127.29,19.99,19.99,0,1,102.96,6/13/2025,Good,7.996,0.0018,2.999,0.00067,0.00,0.00,0.00,3.998,0.00089,1.999,0.00045,19.86,0.568,0.00,0.00,0.00,0.00,0.00,0.00,0.00,0.00,0.00,0.00,0.00,0.00,0.029
-93.77226363,42.01531249,A3,TaskName 6/13/2025 (GreenStar 4 Monitor),Laudis/Tough,94,6/13/2025,1.006,On,1127.4,108.75,-6.250,7.858,11.58,4.847,127.47,19.99,19.91,0,1,103.43,6/13/2025,Good,7.962,0.0018,2.986,0.00067,0.00,0.00,0.00,3.981,0.00090,1.991,0.00045,19.78,0.572,0.00,0.00,0.00,0.00,0.00,0.00,0.00,0.00,0.00,0.00,0.00,0.00,0.029
-93.77223030,42.01529301,A3,TaskName 6/13/2025 (GreenStar 4 Monitor),Laudis/Tough,95,6/13/2025,0.995,On,1127.4,108.75,-6.250,7.878,11.49,5.548,127.30,19.99,19.97,0,1,103.80,6/13/2025,Good,7.988,0.0018,2.995,0.00067,0.00,0.00,0.00,3.994,0.00090,1.997,0.00045,19.84,0.569,0.00,0.00,0.00,0.00,0.00,0.00,0.00,0.00,0.00,0.00,0.00,0.00,0.029
-93.77220987,42.01528163,A3,TaskName 6/13/2025 (GreenStar 4 Monitor),Laudis/Tough,96,6/13/2025,0.600,On,1127.4,108.75,-6.250,7.849,6.906,5.641,127.35,19.99,19.99,0,1,103.45,6/13/2025,Good,7.998,0.0011,2.999,0.00040,0.00,0.00,0.00,3.999,0.00054,1.999,0.00027,19.86,0.342,0.00,0.00,0.00,0.00,0.00,0.00,0.00,0.00,0.00,0.00,0.00,0.00,0.017
-93.77217622,42.01526228,A3,TaskName 6/13/2025 (GreenStar 4 Monitor),Laudis/Tough,97,6/13/2025,0.999,On,1127.4,110.00,-5.625,7.853,11.51,5.277,127.02,19.99,20.00,0,1,104.75,6/13/2025,Good,8.000,0.0018,3.000,0.00068,0.00,0.00,0.00,4.000,0.00091,2.000,0.00045,19.87,0.578,0.00,0.00,0.00,0.00,0.00,0.00,0.00,0.00,0.00,0.00,0.00,0.00,0.029
-93.77214246,42.01524321,A3,TaskName 6/13/2025 (GreenStar 4 Monitor),Laudis/Tough,98,6/13/2025,1.000,On,1127.4,110.00,-5.625,7.860,11.53,5.674,127.83,19.99,19.88,0,1,104.80,6/13/2025,Good,7.953,0.0018,2.982,0.00068,0.00,0.00,0.00,3.977,0.00090,1.988,0.00045,19.75,0.575,0.00,0.00,0.00,0.00,0.00,0.00,0.00,0.00,0.00,0.00,0.00,0.00,0.029
-93.77210879,42.01522406,A3,TaskName 6/13/2025 (GreenStar 4 Monitor),Laudis/Tough,99,6/13/2025,1.001,On,1127.4,110.00,-5.625,7.848,11.51,5.689,128.57,19.99,19.97,0,1,104.55,6/13/2025,Good,7.989,0.0018,2.996,0.00068,0.00,0.00,0.00,3.994,0.00091,1.997,0.00045,19.84,0.577,0.00,0.00,0.00,0.00,0.00,0.00,0.00,0.00,0.00,0.00,0.00,0.00,0.029
-93.77207596,42.01520422,A3,TaskName 6/13/2025 (GreenStar 4 Monitor),Laudis/Tough,100,6/13/2025,1.000,On,1127.3,110.00,-5.625,7.831,11.50,5.923,128.01,19.99,20.01,0,1,104.53,6/13/2025,Good,8.005,0.0018,3.002,0.00068,0.00,0.00,0.00,4.003,0.00091,2.001,0.00045,19.88,0.577,0.00,0.00,0.00,0.00,0.00,0.00,0.00,0.00,0.00,0.00,0.00,0.00,0.029
-93.77204261,42.01518446,A3,TaskName 6/13/2025 (GreenStar 4 Monitor),Laudis/Tough,101,6/13/2025,1.000,On,1127.2,110.00,-5.625,7.852,11.51,5.542,127.80,19.99,20.07,0,1,104.65,6/13/2025,Good,8.028,0.0018,3.010,0.00068,0.00,0.00,0.00,4.014,0.00091,2.007,0.00046,19.94,0.580,0.00,0.00,0.00,0.00,0.00,0.00,0.00,0.00,0.00,0.00,0.00,0.00,0.029
-93.77200866,42.01516502,A3,TaskName 6/13/2025 (GreenStar 4 Monitor),Laudis/Tough,102,6/13/2025,0.999,On,1127.3,110.00,-5.625,7.927,11.61,5.284,127.94,19.99,20.00,0,1,105.68,6/13/2025,Good,7.998,0.0018,2.999,0.00069,0.00,0.00,0.00,3.999,0.00092,2.000,0.00046,19.87,0.583,0.00,0.00,0.00,0.00,0.00,0.00,0.00,0.00,0.00,0.00,0.00,0.00,0.029
-93.77197501,42.01514558,A3,TaskName 6/13/2025 (GreenStar 4 Monitor),Laudis/Tough,103,6/13/2025,1.001,On,1127.1,110.00,-5.625,7.920,11.62,5.436,128.27,19.99,19.99,0,1,105.58,6/13/2025,Good,7.996,0.0018,2.998,0.00069,0.00,0.00,0.00,3.998,0.00092,1.999,0.00046,19.86,0.583,0.00,0.00,0.00,0.00,0.00,0.00,0.00,0.00,0.00,0.00,0.00,0.00,0.029
-93.77194162,42.01512580,A3,TaskName 6/13/2025 (GreenStar 4 Monitor),Laudis/Tough,104,6/13/2025,0.999,On,1127.1,110.00,-5.625,7.866,11.52,5.073,128.16,19.99,20.00,0,1,104.85,6/13/2025,Good,7.998,0.0018,2.999,0.00068,0.00,0.00,0.00,3.999,0.00091,2.000,0.00045,19.87,0.578,0.00,0.00,0.00,0.00,0.00,0.00,0.00,0.00,0.00,0.00,0.00,0.00,0.029
-93.77190828,42.01510602,A3,TaskName 6/13/2025 (GreenStar 4 Monitor),Laudis/Tough,105,6/13/2025,1.001,On,1127.0,110.00,-5.625,7.931,11.64,5.128,127.85,19.99,19.91,0,1,105.69,6/13/2025,Good,7.965,0.0018,2.987,0.00069,0.00,0.00,0.00,3.983,0.00091,1.991,0.00046,19.78,0.581,0.00,0.00,0.00,0.00,0.00,0.00,0.00,0.00,0.00,0.00,0.00,0.00,0.029
-93.77187449,42.01508642,A3,TaskName 6/13/2025 (GreenStar 4 Monitor),Laudis/Tough,106,6/13/2025,1.000,On,1126.9,110.00,-5.625,7.902,11.58,5.063,128.03,19.99,19.98,0,1,105.31,6/13/2025,Good,7.993,0.0018,2.997,0.00069,0.00,0.00,0.00,3.997,0.00091,1.998,0.00046,19.85,0.581,0.00,0.00,0.00,0.00,0.00,0.00,0.00,0.00,0.00,0.00,0.00,0.00,0.029
-93.77184068,42.01506668,A3,TaskName 6/13/2025 (GreenStar 4 Monitor),Laudis/Tough,107,6/13/2025,1.000,On,1126.7,110.00,-5.625,7.927,11.61,4.874,128.30,19.99,20.00,0,1,105.55,6/13/2025,Good,7.998,0.0018,2.999,0.00069,0.00,0.00,0.00,3.999,0.00092,2.000,0.00046,19.87,0.582,0.00,0.00,0.00,0.00,0.00,0.00,0.00,0.00,0.00,0.00,0.00,0.00,0.029
-93.77180699,42.01504676,A3,TaskName 6/13/2025 (GreenStar 4 Monitor),Laudis/Tough,108,6/13/2025,1.000,On,1126.6,110.00,-5.625,7.934,11.63,4.370,127.76,19.99,19.99,0,1,105.76,6/13/2025,Good,7.995,0.0018,2.998,0.00069,0.00,0.00,0.00,3.998,0.00092,1.999,0.00046,19.86,0.583,0.00,0.00,0.00,0.00,0.00,0.00,0.00,0.00,0.00,0.00,0.00,0.00,0.029
-93.77177340,42.01502701,A3,TaskName 6/13/2025 (GreenStar 4 Monitor),Laudis/Tough,109,6/13/2025,1.000,On,1126.3,110.00,-5.625,7.946,11.66,4.336,127.33,19.99,20.01,0,1,106.03,6/13/2025,Good,8.002,0.0018,3.001,0.00069,0.00,0.00,0.00,4.001,0.00092,2.001,0.00046,19.88,0.585,0.00,0.00,0.00,0.00,0.00,0.00,0.00,0.00,0.00,0.00,0.00,0.00,0.029
-93.77173929,42.01500771,A3,TaskName 6/13/2025 (GreenStar 4 Monitor),Laudis/Tough,110,6/13/2025,1.000,On,1126.2,110.00,-5.625,7.928,11.62,4.466,127.45,19.99,19.95,0,1,105.67,6/13/2025,Good,7.981,0.0018,2.993,0.00069,0.00,0.00,0.00,3.991,0.00092,1.995,0.00046,19.82,0.582,0.00,0.00,0.00,0.00,0.00,0.00,0.00,0.00,0.00,0.00,0.00,0.00,0.029
-93.77170528,42.01498821,A3,TaskName 6/13/2025 (GreenStar 4 Monitor),Laudis/Tough,111,6/13/2025,1.000,On,1126.0,110.00,-5.625,7.944,11.65,4.777,127.56,19.99,19.87,0,1,105.88,6/13/2025,Good,7.948,0.0018,2.980,0.00068,0.00,0.00,0.00,3.974,0.00091,1.987,0.00046,19.74,0.581,0.00,0.00,0.00,0.00,0.00,0.00,0.00,0.00,0.00,0.00,0.00,0.00,0.029
-93.77167141,42.01496874,A3,TaskName 6/13/2025 (GreenStar 4 Monitor),Laudis/Tough,112,6/13/2025,1.000,On,1125.8,110.00,-5.625,7.917,11.61,4.341,127.82,19.99,19.99,0,1,105.52,6/13/2025,Good,7.994,0.0018,2.998,0.00069,0.00,0.00,0.00,3.997,0.00092,1.999,0.00046,19.86,0.582,0.00,0.00,0.00,0.00,0.00,0.00,0.00,0.00,0.00,0.00,0.00,0.00,0.029
-93.77163753,42.01494919,A3,TaskName 6/13/2025 (GreenStar 4 Monitor),Laudis/Tough,113,6/13/2025,1.000,On,1125.6,110.00,-5.625,7.945,11.65,4.739,128.23,19.99,19.96,0,1,105.91,6/13/2025,Good,7.985,0.0018,2.994,0.00069,0.00,0.00,0.00,3.992,0.00092,1.996,0.00046,19.83,0.583,0.00,0.00,0.00,0.00,0.00,0.00,0.00,0.00,0.00,0.00,0.00,0.00,0.029
-93.77160368,42.01492956,A3,TaskName 6/13/2025 (GreenStar 4 Monitor),Laudis/Tough,114,6/13/2025,1.000,On,1125.4,110.00,-5.625,7.948,11.65,5.002,128.62,19.99,19.98,0,1,105.94,6/13/2025,Good,7.993,0.0018,2.997,0.00069,0.00,0.00,0.00,3.997,0.00092,1.998,0.00046,19.85,0.584,0.00,0.00,0.00,0.00,0.00,0.00,0.00,0.00,0.00,0.00,0.00,0.00,0.029
-93.77157027,42.01490947,A3,TaskName 6/13/2025 (GreenStar 4 Monitor),Laudis/Tough,115,6/13/2025,0.995,On,1125.1,110.00,-5.625,7.944,11.59,4.896,128.85,19.99,20.01,0,1,105.90,6/13/2025,Good,8.004,0.0018,3.001,0.00069,0.00,0.00,0.00,4.002,0.00092,2.001,0.00046,19.88,0.582,0.00,0.00,0.00,0.00,0.00,0.00,0.00,0.00,0.00,0.00,0.00,0.00,0.029
-93.77153676,42.01488944,A3,TaskName 6/13/2025 (GreenStar 4 Monitor),Laudis/Tough,116,6/13/2025,1.005,On,1124.8,110.00,-5.625,7.944,11.70,4.853,128.38,19.99,19.98,0,1,105.86,6/13/2025,Good,7.992,0.0018,2.997,0.00069,0.00,0.00,0.00,3.996,0.00092,1.998,0.00046,19.85,0.587,0.00,0.00,0.00,0.00,0.00,0.00,0.00,0.00,0.00,0.00,0.00,0.00,0.030
-93.77150353,42.01486911,A3,TaskName 6/13/2025 (GreenStar 4 Monitor),Laudis/Tough,117,6/13/2025,1.000,On,1124.5,110.00,-5.625,7.958,11.65,4.716,127.23,19.99,20.01,0,1,105.91,6/13/2025,Good,8.003,0.0018,3.001,0.00069,0.00,0.00,0.00,4.001,0.00092,2.001,0.00046,19.88,0.585,0.00,0.00,0.00,0.00,0.00,0.00,0.00,0.00,0.00,0.00,0.00,0.00,0.029
-93.77146951,42.01484953,A3,TaskName 6/13/2025 (GreenStar 4 Monitor),Laudis/Tough,118,6/13/2025,1.000,On,1124.3,110.00,-5.625,7.972,11.70,4.816,127.33,19.99,20.00,0,1,106.33,6/13/2025,Good,7.999,0.0018,3.000,0.00069,0.00,0.00,0.00,4.000,0.00092,2.000,0.00046,19.87,0.587,0.00,0.00,0.00,0.00,0.00,0.00,0.00,0.00,0.00,0.00,0.00,0.00,0.030
-93.77143552,42.01482996,A3,TaskName 6/13/2025 (GreenStar 4 Monitor),Laudis/Tough,119,6/13/2025,0.995,On,1123.9,110.00,-5.625,7.940,11.58,4.708,127.46,19.99,20.01,0,1,105.84,6/13/2025,Good,8.005,0.0018,3.002,0.00069,0.00,0.00,0.00,4.003,0.00091,2.001,0.00046,19.88,0.582,0.00,0.00,0.00,0.00,0.00,0.00,0.00,0.00,0.00,0.00,0.00,0.00,0.029
-93.77140153,42.01481017,A3,TaskName 6/13/2025 (GreenStar 4 Monitor),Laudis/Tough,120,6/13/2025,1.005,On,1123.6,110.00,-5.625,7.986,11.76,4.345,127.12,19.99,19.96,0,1,106.36,6/13/2025,Good,7.986,0.0019,2.995,0.00069,0.00,0.00,0.00,3.993,0.00093,1.996,0.00046,19.83,0.589,0.00,0.00,0.00,0.00,0.00,0.00,0.00,0.00,0.00,0.00,0.00,0.00,0.030
-93.77136732,42.01479071,A3,TaskName 6/13/2025 (GreenStar 4 Monitor),Laudis/Tough,121,6/13/2025,0.995,On,1123.3,110.00,-5.625,7.970,11.64,4.787,127.37,19.99,19.89,0,1,106.35,6/13/2025,Good,7.955,0.0018,2.983,0.00069,0.00,0.00,0.00,3.977,0.00091,1.989,0.00046,19.76,0.581,0.00,0.00,0.00,0.00,0.00,0.00,0.00,0.00,0.00,0.00,0.00,0.00,0.029
-93.77133323,42.01477125,A3,TaskName 6/13/2025 (GreenStar 4 Monitor),Laudis/Tough,122,6/13/2025,1.000,On,1122.9,110.00,-5.625,7.983,11.70,4.797,127.80,19.99,19.90,0,1,106.36,6/13/2025,Good,7.961,0.0018,2.986,0.00069,0.00,0.00,0.00,3.981,0.00092,1.990,0.00046,19.77,0.584,0.00,0.00,0.00,0.00,0.00,0.00,0.00,0.00,0.00,0.00,0.00,0.00,0.030
-93.77129936,42.01475137,A3,TaskName 6/13/2025 (GreenStar 4 Monitor),Laudis/Tough,123,6/13/2025,1.000,On,1122.6,110.00,-5.625,7.971,11.69,4.621,127.94,19.99,19.94,0,1,106.24,6/13/2025,Good,7.974,0.0018,2.990,0.00069,0.00,0.00,0.00,3.987,0.00092,1.994,0.00046,19.81,0.585,0.00,0.00,0.00,0.00,0.00,0.00,0.00,0.00,0.00,0.00,0.00,0.00,0.030
-93.77126543,42.01473133,A3,TaskName 6/13/2025 (GreenStar 4 Monitor),Laudis/Tough,124,6/13/2025,0.995,On,1122.2,110.00,-5.625,8.005,11.68,4.498,127.89,19.99,20.08,0,1,106.71,6/13/2025,Good,8.033,0.0019,3.012,0.00069,0.00,0.00,0.00,4.016,0.00093,2.008,0.00046,19.95,0.588,0.00,0.00,0.00,0.00,0.00,0.00,0.00,0.00,0.00,0.00,0.00,0.00,0.029
-93.77123149,42.01471161,A3,TaskName 6/13/2025 (GreenStar 4 Monitor),Laudis/Tough,125,6/13/2025,1.005,On,1121.9,110.00,-5.625,7.996,11.78,4.464,128.15,19.99,20.03,0,1,106.60,6/13/2025,Good,8.013,0.0019,3.005,0.00070,0.00,0.00,0.00,4.006,0.00093,2.003,0.00047,19.90,0.592,0.00,0.00,0.00,0.00,0.00,0.00,0.00,0.00,0.00,0.00,0.00,0.00,0.030
-93.77119763,42.01469176,A3,TaskName 6/13/2025 (GreenStar 4 Monitor),Laudis/Tough,126,6/13/2025,1.000,On,1121.6,110.00,-5.625,7.968,11.69,4.312,128.40,19.99,20.02,0,1,106.24,6/13/2025,Good,8.007,0.0018,3.003,0.00069,0.00,0.00,0.00,4.003,0.00092,2.002,0.00046,19.89,0.587,0.00,0.00,0.00,0.00,0.00,0.00,0.00,0.00,0.00,0.00,0.00,0.00,0.030
-93.77116436,42.01467172,A3,TaskName 6/13/2025 (GreenStar 4 Monitor),Laudis/Tough,127,6/13/2025,1.000,On,1121.3,110.00,-5.625,7.967,11.67,4.939,128.01,19.99,19.99,0,1,106.09,6/13/2025,Good,7.996,0.0018,2.998,0.00069,0.00,0.00,0.00,3.998,0.00092,1.999,0.00046,19.86,0.585,0.00,0.00,0.00,0.00,0.00,0.00,0.00,0.00,0.00,0.00,0.00,0.00,0.029
-93.77113068,42.01465188,A3,TaskName 6/13/2025 (GreenStar 4 Monitor),Laudis/Tough,128,6/13/2025,1.000,On,1121.1,110.00,-5.625,7.951,11.67,4.690,127.76,19.99,20.03,0,1,106.06,6/13/2025,Good,8.013,0.0018,3.005,0.00069,0.00,0.00,0.00,4.007,0.00092,2.003,0.00046,19.90,0.586,0.00,0.00,0.00,0.00,0.00,0.00,0.00,0.00,0.00,0.00,0.00,0.00,0.029
-93.77109696,42.01463213,A3,TaskName 6/13/2025 (GreenStar 4 Monitor),Laudis/Tough,129,6/13/2025,1.000,On,1120.9,110.00,-5.625,7.961,11.67,4.697,127.83,19.99,19.95,0,1,106.09,6/13/2025,Good,7.980,0.0018,2.992,0.00069,0.00,0.00,0.00,3.990,0.00092,1.995,0.00046,19.82,0.584,0.00,0.00,0.00,0.00,0.00,0.00,0.00,0.00,0.00,0.00,0.00,0.00,0.029
-93.77106296,42.01461265,A3,TaskName 6/13/2025 (GreenStar 4 Monitor),Laudis/Tough,130,6/13/2025,1.000,On,1120.7,110.00,-5.625,7.932,11.63,4.620,127.97,19.99,19.97,0,1,105.73,6/13/2025,Good,7.989,0.0018,2.996,0.00069,0.00,0.00,0.00,3.994,0.00092,1.997,0.00046,19.84,0.583,0.00,0.00,0.00,0.00,0.00,0.00,0.00,0.00,0.00,0.00,0.00,0.00,0.029
-93.77102932,42.01459291,A3,TaskName 6/13/2025 (GreenStar 4 Monitor),Laudis/Tough,131,6/13/2025,1.000,On,1120.6,110.00,-5.625,7.948,11.65,4.707,127.86,19.99,20.05,0,1,105.91,6/13/2025,Good,8.021,0.0018,3.008,0.00069,0.00,0.00,0.00,4.011,0.00092,2.005,0.00046,19.92,0.586,0.00,0.00,0.00,0.00,0.00,0.00,0.00,0.00,0.00,0.00,0.00,0.00,0.029
-93.77101583,42.01458505,A3,TaskName 6/13/2025 (GreenStar 4 Monitor),Laudis/Tough,132,6/13/2025,0.400,On,1120.6,110.00,-5.625,7.930,4.654,4.600,127.88,19.99,20.01,0,1,105.76,6/13/2025,Good,8.003,0.00073,3.001,0.00028,0.00,0.00,0.00,4.002,0.00037,2.001,0.00018,19.88,0.234,0.00,0.00,0.00,0.00,0.00,0.00,0.00,0.00,0.00,0.00,0.00,0.00,0.012
-93.77100898,42.01458116,A3,TaskName 6/13/2025 (GreenStar 4 Monitor),Laudis/Tough,133,6/13/2025,0.200,On,1120.6,108.75,-5.000,7.917,2.320,4.590,127.91,19.99,20.01,0,1,104.27,6/13/2025,Good,8.005,0.00036,3.002,0.00014,0.00,0.00,0.00,4.003,0.00018,2.001,9.057e-05,19.88,0.115,0.00,0.00,0.00,0.00,0.00,0.00,0.00,0.00,0.00,0.00,0.00,0.00,0.0058
-93.77100234,42.01457720,A3,TaskName 6/13/2025 (GreenStar 4 Monitor),Laudis/Tough,134,6/13/2025,0.200,On,1120.6,106.25,-3.750,7.912,2.320,4.524,127.89,19.99,20.23,0,1,101.87,6/13/2025,Good,8.091,0.00036,3.034,0.00013,0.00,0.00,0.00,4.045,0.00018,2.023,8.943e-05,20.10,0.114,0.00,0.00,0.00,0.00,0.00,0.00,0.00,0.00,0.00,0.00,0.00,0.00,0.0057
-93.77099560,42.01457336,A3,TaskName 6/13/2025 (GreenStar 4 Monitor),Laudis/Tough,135,6/13/2025,0.200,On,1120.5,102.50,-1.875,7.905,2.317,5.297,127.95,19.99,20.13,0,1,98.13,6/13/2025,Good,8.052,0.00034,3.020,0.00013,0.00,0.00,0.00,4.026,0.00017,2.013,8.574e-05,20.00,0.109,0.00,0.00,0.00,0.00,0.00,0.00,0.00,0.00,0.00,0.00,0.00,0.00,0.0055
-93.77098885,42.01456946,A3,TaskName 6/13/2025 (GreenStar 4 Monitor),Laudis/Tough,136,6/13/2025,0.195,On,1120.5,100.00,-0.625,7.892,2.255,5.237,128.01,19.99,20.23,0,1,95.55,6/13/2025,Good,8.091,0.00033,3.034,0.00012,0.00,0.00,0.00,4.045,0.00016,2.023,8.179e-05,20.10,0.104,0.00,0.00,0.00,0.00,0.00,0.00,0.00,0.00,0.00,0.00,0.00,0.00,0.0052
-93.77098230,42.01456550,A3,TaskName 6/13/2025 (GreenStar 4 Monitor),Laudis/Tough,137,6/13/2025,0.205,On,1120.5,96.25,1.250,7.892,2.373,5.349,127.94,19.99,20.08,0,1,92.07,6/13/2025,Good,8.031,0.00033,3.012,0.00012,0.00,0.00,0.00,4.015,0.00016,2.008,8.223e-05,19.95,0.105,0.00,0.00,0.00,0.00,0.00,0.00,0.00,0.00,0.00,0.00,0.00,0.00,0.0052
-93.77097577,42.01456167,A3,TaskName 6/13/2025 (GreenStar 4 Monitor),Laudis/Tough,138,6/13/2025,0.200,On,1120.6,93.75,2.500,7.878,2.310,4.940,127.90,19.99,20.00,0,1,89.51,6/13/2025,Good,8.001,0.00031,3.000,0.00012,0.00,0.00,0.00,4.000,0.00016,2.000,7.771e-05,19.87,0.099,0.00,0.00,0.00,0.00,0.00,0.00,0.00,0.00,0.00,0.00,0.00,0.00,0.0050
-93.77096909,42.01455784,A3,TaskName 6/13/2025 (GreenStar 4 Monitor),Laudis/Tough,139,6/13/2025,0.200,On,1120.5,91.25,3.750,7.843,2.301,4.471,127.88,19.99,20.06,0,1,86.75,6/13/2025,Good,8.022,0.00030,3.008,0.00011,0.00,0.00,0.00,4.011,0.00015,2.006,7.551e-05,19.93,0.096,0.00,0.00,0.00,0.00,0.00,0.00,0.00,0.00,0.00,0.00,0.00,0.00,0.0048
-93.77096241,42.01455400,A3,TaskName 6/13/2025 (GreenStar 4 Monitor),Laudis/Tough,140,6/13/2025,0.200,On,1120.5,88.75,5.000,7.816,2.291,4.544,127.87,19.99,20.17,0,1,84.01,6/13/2025,Good,8.069,0.00029,3.026,0.00011,0.00,0.00,0.00,4.035,0.00015,2.017,7.356e-05,20.04,0.094,0.00,0.00,0.00,0.00,0.00,0.00,0.00,0.00,0.00,0.00,0.00,0.00,0.0047
-93.77095588,42.01455010,A3,TaskName 6/13/2025 (GreenStar 4 Monitor),Laudis/Tough,141,6/13/2025,0.200,On,1120.5,85.00,6.875,7.807,2.291,3.996,127.76,19.99,20.27,0,1,80.46,6/13/2025,Good,8.108,0.00028,3.040,0.00011,0.00,0.00,0.00,4.054,0.00014,2.027,7.079e-05,20.14,0.090,0.00,0.00,0.00,0.00,0.00,0.00,0.00,0.00,0.00,0.00,0.00,0.00,0.0045
-93.77094948,42.01454637,A3,TaskName 6/13/2025 (GreenStar 4 Monitor),Laudis/Tough,142,6/13/2025,0.195,On,1120.4,82.50,8.125,7.798,2.228,3.381,127.72,19.99,20.27,0,1,77.92,6/13/2025,Good,8.108,0.00027,3.040,0.00010,0.00,0.00,0.00,4.054,0.00013,2.027,6.684e-05,20.14,0.085,0.00,0.00,0.00,0.00,0.00,0.00,0.00,0.00,0.00,0.00,0.00,0.00,0.0042
-93.77094321,42.01454271,A3,TaskName 6/13/2025 (GreenStar 4 Monitor),Laudis/Tough,143,6/13/2025,0.205,On,1120.4,80.00,9.375,7.735,2.324,3.071,127.73,19.99,20.18,0,1,74.94,6/13/2025,Good,8.074,0.00027,3.028,0.00010,0.00,0.00,0.00,4.037,0.00013,2.018,6.729e-05,20.05,0.086,0.00,0.00,0.00,0.00,0.00,0.00,0.00,0.00,0.00,0.00,0.00,0.00,0.0043
-93.77093700,42.01453913,A3,TaskName 6/13/2025 (GreenStar 4 Monitor),Laudis/Tough,144,6/13/2025,0.200,On,1120.4,77.50,10.62,7.626,2.235,3.335,127.69,19.99,20.34,0,1,71.58,6/13/2025,Good,8.138,0.00025,3.052,9.480e-05,0.00,0.00,0.00,4.069,0.00013,2.034,6.320e-05,20.21,0.080,0.00,0.00,0.00,0.00,0.00,0.00,0.00,0.00,0.00,0.00,0.00,0.00,0.0040
-93.77093085,42.01453546,A3,TaskName 6/13/2025 (GreenStar 4 Monitor),Laudis/Tough,145,6/13/2025,0.200,On,1120.3,75.00,11.87,7.512,2.202,4.167,127.67,19.99,20.53,0,1,68.25,6/13/2025,Good,8.210,0.00024,3.079,9.121e-05,0.00,0.00,0.00,4.105,0.00012,2.053,6.080e-05,20.39,0.077,0.00,0.00,0.00,0.00,0.00,0.00,0.00,0.00,0.00,0.00,0.00,0.00,0.0038
-93.77092476,42.01453194,A3,TaskName 6/13/2025 (GreenStar 4 Monitor),Laudis/Tough,146,6/13/2025,0.200,On,1120.2,71.25,12.50,7.427,2.179,4.742,127.65,19.99,20.43,0,1,64.16,6/13/2025,Good,8.172,0.00023,3.064,8.534e-05,0.00,0.00,0.00,4.086,0.00011,2.043,5.689e-05,20.30,0.072,0.00,0.00,0.00,0.00,0.00,0.00,0.00,0.00,0.00,0.00,0.00,0.00,0.0036
-93.77091873,42.01452834,A3,TaskName 6/13/2025 (GreenStar 4 Monitor),Laudis/Tough,147,6/13/2025,0.200,On,1120.2,67.50,14.37,7.342,2.153,4.544,127.65,19.99,20.45,0,1,60.05,6/13/2025,Good,8.181,0.00021,3.068,7.996e-05,0.00,0.00,0.00,4.090,0.00011,2.045,5.331e-05,20.32,0.068,0.00,0.00,0.00,0.00,0.00,0.00,0.00,0.00,0.00,0.00,0.00,0.00,0.0033
-93.77091214,42.01452468,A3,TaskName 6/13/2025 (GreenStar 4 Monitor),Laudis/Tough,148,6/13/2025,0.200,On,1120.2,65.00,15.62,7.266,2.130,4.623,127.60,19.99,20.33,0,1,57.21,6/13/2025,Good,8.133,0.00020,3.050,7.574e-05,0.00,0.00,0.00,4.067,0.00010,2.033,5.049e-05,20.20,0.064,0.00,0.00,0.00,0.00,0.00,0.00,0.00,0.00,0.00,0.00,0.00,0.00,0.0032
-93.77090590,42.01452108,A3,TaskName 6/13/2025 (GreenStar 4 Monitor),Laudis/Tough,149,6/13/2025,0.200,On,1120.1,62.50,16.87,7.297,2.140,5.039,127.50,19.99,20.36,0,1,55.27,6/13/2025,Good,8.142,0.00020,3.053,7.324e-05,0.00,0.00,0.00,4.071,9.765e-05,2.036,4.883e-05,20.22,0.062,0.00,0.00,0.00,0.00,0.00,0.00,0.00,0.00,0.00,0.00,0.00,0.00,0.0031
-93.77089988,42.01451747,A3,TaskName 6/13/2025 (GreenStar 4 Monitor),Laudis/Tough,150,6/13/2025,0.200,On,1120.0,58.75,17.50,7.333,2.150,4.801,127.37,19.99,20.34,0,1,52.19,6/13/2025,Good,8.138,0.00018,3.052,6.912e-05,0.00,0.00,0.00,4.069,9.217e-05,2.034,4.608e-05,20.21,0.059,0.00,0.00,0.00,0.00,0.00,0.00,0.00,0.00,0.00,0.00,0.00,0.00,0.0029
-93.77089349,42.01451392,A3,TaskName 6/13/2025 (GreenStar 4 Monitor),Laudis/Tough,151,6/13/2025,0.200,On,1120.1,55.00,18.12,7.301,2.130,3.811,127.50,19.99,20.39,0,1,48.41,6/13/2025,Good,8.155,0.00017,3.058,6.425e-05,0.00,0.00,0.00,4.077,8.567e-05,2.039,4.284e-05,20.25,0.054,0.00,0.00,0.00,0.00,0.00,0.00,0.00,0.00,0.00,0.00,0.00,0.00,0.0027
-93.77088672,42.01451028,A3,TaskName 6/13/2025 (GreenStar 4 Monitor),Laudis/Tough,152,6/13/2025,0.200,On,1120.1,50.00,19.37,7.297,2.150,2.761,127.73,19.99,20.27,0,1,44.42,6/13/2025,Good,8.108,0.00016,3.040,5.861e-05,0.00,0.00,0.00,4.054,7.815e-05,2.027,3.908e-05,20.14,0.050,0.00,0.00,0.00,0.00,0.00,0.00,0.00,0.00,0.00,0.00,0.00,0.00,0.0025
-93.77088027,42.01450680,A3,TaskName 6/13/2025 (GreenStar 4 Monitor),Laudis/Tough,153,6/13/2025,0.200,On,1120.0,46.25,20.00,7.393,2.169,3.051,127.81,19.99,20.40,0,1,41.46,6/13/2025,Good,8.159,0.00015,3.060,5.506e-05,0.00,0.00,0.00,4.080,7.341e-05,2.040,3.671e-05,20.27,0.047,0.00,0.00,0.00,0.00,0.00,0.00,0.00,0.00,0.00,0.00,0.00,0.00,0.0023
-93.77087435,42.01450331,A3,TaskName 6/13/2025 (GreenStar 4 Monitor),Laudis/Tough,154,6/13/2025,0.205,On,1120.0,41.25,21.25,7.445,2.238,2.629,127.69,19.99,20.29,0,1,37.22,6/13/2025,Good,8.116,0.00013,3.044,5.040e-05,0.00,0.00,0.00,4.058,6.720e-05,2.029,3.360e-05,20.16,0.043,0.00,0.00,0.00,0.00,0.00,0.00,0.00,0.00,0.00,0.00,0.00,0.00,0.0021
-93.77086823,42.01449954,A3,TaskName 6/13/2025 (GreenStar 4 Monitor),Laudis/Tough,155,6/13/2025,0.195,On,1120.0,35.00,21.87,7.357,2.104,2.193,127.33,19.99,20.26,0,1,31.21,6/13/2025,Good,8.104,0.00011,3.039,4.013e-05,0.00,0.00,0.00,4.052,5.351e-05,2.026,2.675e-05,20.13,0.034,0.00,0.00,0.00,0.00,0.00,0.00,0.00,0.00,0.00,0.00,0.00,0.00,0.0017
-93.77086241,42.01449611,A3,TaskName 6/13/2025 (GreenStar 4 Monitor),Laudis/Tough,156,6/13/2025,0.205,On,1119.9,22.50,23.12,7.297,2.192,2.648,127.17,19.99,20.48,0,1,19.89,6/13/2025,Good,8.193,7.249e-05,3.073,2.718e-05,0.00,0.00,0.00,4.097,3.624e-05,2.048,1.812e-05,20.35,0.023,0.00,0.00,0.00,0.00,0.00,0.00,0.00,0.00,0.00,0.00,0.00,0.00,0.0011
-93.77108058,42.01445247,A3,TaskName 6/13/2025 (GreenStar 4 Monitor),Laudis/Tough,157,6/13/2025,1.000,On,1120.6,41.25,40.00,1.780,2.411,3.942,37.96,19.99,32.09,0,2,8.221,6/13/2025,Over Target,12.84,0.00023,4.813,8.587e-05,0.00,0.00,0.00,6.418,0.00011,3.209,5.724e-05,31.88,0.073,0.00,0.00,0.00,0.00,0.00,0.00,0.00,0.00,0.00,0.00,0.00,0.00,0.0023
-93.77106992,42.01446213,A3,TaskName 6/13/2025 (GreenStar 4 Monitor),Laudis/Tough,158,6/13/2025,1.000,On,1120.6,41.25,40.00,2.692,3.927,4.927,37.03,19.99,20.19,0,2,13.39,6/13/2025,Good,8.076,0.00023,3.028,8.799e-05,0.00,0.00,0.00,4.038,0.00012,2.019,5.866e-05,20.06,0.075,0.00,0.00,0.00,0.00,0.00,0.00,0.00,0.00,0.00,0.00,0.00,0.00,0.0037
-93.77105697,42.01447464,A3,TaskName 6/13/2025 (GreenStar 4 Monitor),Laudis/Tough,159,6/13/2025,0.996,On,1120.5,41.25,40.00,3.351,4.859,4.566,36.08,19.99,20.06,0,2,16.63,6/13/2025,Good,8.023,0.00029,3.009,0.00011,0.00,0.00,0.00,4.012,0.00014,2.006,7.210e-05,19.93,0.092,0.00,0.00,0.00,0.00,0.00,0.00,0.00,0.00,0.00,0.00,0.00,0.00,0.0046
-93.77104256,42.01448858,A3,TaskName 6/13/2025 (GreenStar 4 Monitor),Laudis/Tough,160,6/13/2025,1.005,On,1120.6,41.25,40.00,4.009,5.900,4.761,34.76,19.99,20.02,0,2,20.01,6/13/2025,Good,8.009,0.00035,3.003,0.00013,0.00,0.00,0.00,4.004,0.00017,2.002,8.740e-05,19.89,0.111,0.00,0.00,0.00,0.00,0.00,0.00,0.00,0.00,0.00,0.00,0.00,0.00,0.0056
-93.77102873,42.01450265,A3,TaskName 6/13/2025 (GreenStar 4 Monitor),Laudis/Tough,161,6/13/2025,0.995,On,1120.6,41.25,40.00,4.414,6.434,3.922,33.65,19.99,19.95,0,2,22.05,6/13/2025,Good,7.982,0.00038,2.993,0.00014,0.00,0.00,0.00,3.991,0.00019,1.995,9.499e-05,19.82,0.121,0.00,0.00,0.00,0.00,0.00,0.00,0.00,0.00,0.00,0.00,0.00,0.00,0.0061
-93.77102164,42.01451040,A3,TaskName 6/13/2025 (GreenStar 4 Monitor),Laudis/Tough,162,6/13/2025,0.605,On,1120.6,41.25,40.00,4.257,3.767,2.951,33.49,19.99,20.08,0,2,21.23,6/13/2025,Good,8.032,0.00022,3.012,8.395e-05,0.00,0.00,0.00,4.016,0.00011,2.008,5.597e-05,19.95,0.071,0.00,0.00,0.00,0.00,0.00,0.00,0.00,0.00,0.00,0.00,0.00,0.00,0.0036
-93.77108645,42.01470642,A3,TaskName 6/13/2025 (GreenStar 4 Monitor),Laudis/Tough,163,6/13/2025,0.200,On,1122.4,1.250,57.50,4.405,1.289,11.49,359.81,19.99,20.68,0,3,0.666,6/13/2025,Good,8.270,2.391e-06,3.101,8.965e-07,0.00,0.00,0.00,4.135,1.195e-06,2.068,5.977e-07,20.54,0.00076,0.00,0.00,0.00,0.00,0.00,0.00,0.00,0.00,0.00,0.00,0.00,0.00,3.700e-05
-93.77108648,42.01471157,A3,TaskName 6/13/2025 (GreenStar 4 Monitor),Laudis/Tough,164,6/13/2025,0.195,On,1122.5,3.750,56.25,4.870,1.385,11.31,359.86,19.99,20.36,0,3,2.200,6/13/2025,Good,8.142,7.582e-06,3.053,2.843e-06,0.00,0.00,0.00,4.071,3.791e-06,2.036,1.895e-06,20.22,0.0024,0.00,0.00,0.00,0.00,0.00,0.00,0.00,0.00,0.00,0.00,0.00,0.00,0.00012
-93.77108658,42.01471715,A3,TaskName 6/13/2025 (GreenStar 4 Monitor),Laudis/Tough,165,6/13/2025,0.200,On,1122.5,6.250,55.00,5.364,1.578,10.78,359.95,19.99,20.55,0,3,4.076,6/13/2025,Good,8.219,1.454e-05,3.082,5.452e-06,0.00,0.00,0.00,4.110,7.269e-06,2.055,3.635e-06,20.41,0.0046,0.00,0.00,0.00,0.00,0.00,0.00,0.00,0.00,0.00,0.00,0.00,0.00,0.00023
-93.77108673,42.01472295,A3,TaskName 6/13/2025 (GreenStar 4 Monitor),Laudis/Tough,166,6/13/2025,0.205,On,1122.6,10.00,53.12,5.874,1.755,9.121,359.99,19.99,20.22,0,3,7.076,6/13/2025,Good,8.086,2.546e-05,3.032,9.546e-06,0.00,0.00,0.00,4.043,1.273e-05,2.022,6.364e-06,20.08,0.0081,0.00,0.00,0.00,0.00,0.00,0.00,0.00,0.00,0.00,0.00,0.00,0.00,0.00040
-93.77108652,42.01472893,A3,TaskName 6/13/2025 (GreenStar 4 Monitor),Laudis/Tough,167,6/13/2025,0.194,On,1122.6,12.50,51.87,6.351,1.814,7.311,359.85,19.99,20.19,0,3,9.661,6/13/2025,Good,8.078,3.286e-05,3.029,1.232e-05,0.00,0.00,0.00,4.039,1.643e-05,2.019,8.214e-06,20.06,0.010,0.00,0.00,0.00,0.00,0.00,0.00,0.00,0.00,0.00,0.00,0.00,0.00,0.00052
-93.77108652,42.01473501,A3,TaskName 6/13/2025 (GreenStar 4 Monitor),Laudis/Tough,168,6/13/2025,0.201,On,1122.6,16.25,50.00,6.751,1.988,6.109,359.80,19.99,20.15,0,3,13.28,6/13/2025,Good,8.061,4.671e-05,3.023,1.752e-05,0.00,0.00,0.00,4.030,2.335e-05,2.015,1.168e-05,20.02,0.015,0.00,0.00,0.00,0.00,0.00,0.00,0.00,0.00,0.00,0.00,0.00,0.00,0.00074
-93.77108649,42.01474092,A3,TaskName 6/13/2025 (GreenStar 4 Monitor),Laudis/Tough,169,6/13/2025,0.199,On,1122.6,18.75,48.75,7.060,2.060,5.713,359.79,19.99,20.03,0,3,16.04,6/13/2025,Good,8.014,5.552e-05,3.005,2.082e-05,0.00,0.00,0.00,4.007,2.776e-05,2.003,1.388e-05,19.90,0.018,0.00,0.00,0.00,0.00,0.00,0.00,0.00,0.00,0.00,0.00,0.00,0.00,0.00089
-93.77108662,42.01474687,A3,TaskName 6/13/2025 (GreenStar 4 Monitor),Laudis/Tough,170,6/13/2025,0.201,On,1122.6,22.50,46.87,7.230,2.129,5.442,359.95,19.99,20.11,0,3,19.70,6/13/2025,Good,8.044,6.911e-05,3.016,2.592e-05,0.00,0.00,0.00,4.022,3.456e-05,2.011,1.728e-05,19.98,0.022,0.00,0.00,0.00,0.00,0.00,0.00,0.00,0.00,0.00,0.00,0.00,0.00,0.0011
-93.77108671,42.01475863,A3,TaskName 6/13/2025 (GreenStar 4 Monitor),Laudis/Tough,171,6/13/2025,0.405,On,1122.7,23.75,46.25,7.301,4.324,5.814,0.117,19.99,20.08,0,3,20.96,6/13/2025,Good,8.031,0.00015,3.012,5.547e-05,0.00,0.00,0.00,4.016,7.396e-05,2.008,3.698e-05,19.95,0.047,0.00,0.00,0.00,0.00,0.00,0.00,0.00,0.00,0.00,0.00,0.00,0.00,0.0024
-93.77108672,42.01476443,A3,TaskName 6/13/2025 (GreenStar 4 Monitor),Laudis/Tough,172,6/13/2025,0.195,On,1122.7,26.25,45.00,7.308,2.090,6.347,0.149,19.99,19.97,0,3,23.25,6/13/2025,Good,7.988,7.860e-05,2.996,2.947e-05,0.00,0.00,0.00,3.994,3.930e-05,1.997,1.965e-05,19.84,0.025,0.00,0.00,0.00,0.00,0.00,0.00,0.00,0.00,0.00,0.00,0.00,0.00,0.0013
-93.77108674,42.01477017,A3,TaskName 6/13/2025 (GreenStar 4 Monitor),Laudis/Tough,173,6/13/2025,0.200,On,1122.8,28.75,43.75,7.286,2.146,6.723,0.227,19.99,19.95,0,3,25.49,6/13/2025,Good,7.980,8.828e-05,2.992,3.311e-05,0.00,0.00,0.00,3.990,4.414e-05,1.995,2.207e-05,19.82,0.028,0.00,0.00,0.00,0.00,0.00,0.00,0.00,0.00,0.00,0.00,0.00,0.00,0.0014
-93.77108691,42.01477610,A3,TaskName 6/13/2025 (GreenStar 4 Monitor),Laudis/Tough,174,6/13/2025,0.200,On,1122.9,32.50,41.87,7.243,2.113,6.809,0.314,19.99,19.97,0,3,28.38,6/13/2025,Good,7.988,9.838e-05,2.996,3.689e-05,0.00,0.00,0.00,3.994,4.919e-05,1.997,2.459e-05,19.84,0.031,0.00,0.00,0.00,0.00,0.00,0.00,0.00,0.00,0.00,0.00,0.00,0.00,0.0016
-93.77108690,42.01478193,A3,TaskName 6/13/2025 (GreenStar 4 Monitor),Laudis/Tough,175,6/13/2025,0.199,On,1122.9,35.00,40.62,7.228,2.119,7.139,0.337,19.99,19.96,0,3,30.81,6/13/2025,Good,7.984,0.00011,2.994,3.983e-05,0.00,0.00,0.00,3.992,5.311e-05,1.996,2.655e-05,19.83,0.034,0.00,0.00,0.00,0.00,0.00,0.00,0.00,0.00,0.00,0.00,0.00,0.00,0.0017
-93.77108693,42.01478783,A3,TaskName 6/13/2025 (GreenStar 4 Monitor),Laudis/Tough,176,6/13/2025,0.200,On,1123.0,37.50,39.37,7.230,2.119,7.238,0.353,19.99,20.08,0,3,32.84,6/13/2025,Good,8.031,0.00011,3.012,4.293e-05,0.00,0.00,0.00,4.015,5.724e-05,2.008,2.862e-05,19.95,0.036,0.00,0.00,0.00,0.00,0.00,0.00,0.00,0.00,0.00,0.00,0.00,0.00,0.0018
-93.77108709,42.01479379,A3,TaskName 6/13/2025 (GreenStar 4 Monitor),Laudis/Tough,177,6/13/2025,0.206,On,1123.0,40.00,38.12,7.252,2.178,7.053,0.470,19.99,19.88,0,3,34.96,6/13/2025,Good,7.954,0.00012,2.983,4.661e-05,0.00,0.00,0.00,3.977,6.215e-05,1.988,3.108e-05,19.76,0.040,0.00,0.00,0.00,0.00,0.00,0.00,0.00,0.00,0.00,0.00,0.00,0.00,0.0020
-93.77108707,42.01479973,A3,TaskName 6/13/2025 (GreenStar 4 Monitor),Laudis/Tough,178,6/13/2025,0.199,On,1123.0,42.50,36.87,7.288,2.136,7.080,0.447,19.99,19.97,0,3,37.70,6/13/2025,Good,7.988,0.00013,2.996,4.877e-05,0.00,0.00,0.00,3.994,6.502e-05,1.997,3.251e-05,19.84,0.041,0.00,0.00,0.00,0.00,0.00,0.00,0.00,0.00,0.00,0.00,0.00,0.00,0.0021
-93.77108688,42.01480572,A3,TaskName 6/13/2025 (GreenStar 4 Monitor),Laudis/Tough,179,6/13/2025,0.196,On,1123.1,45.00,35.62,7.319,2.103,6.928,0.306,19.99,19.87,0,3,39.90,6/13/2025,Good,7.950,0.00013,2.981,5.060e-05,0.00,0.00,0.00,3.975,6.746e-05,1.987,3.373e-05,19.74,0.043,0.00,0.00,0.00,0.00,0.00,0.00,0.00,0.00,0.00,0.00,0.00,0.00,0.0022
-93.77108676,42.01481169,A3,TaskName 6/13/2025 (GreenStar 4 Monitor),Laudis/Tough,180,6/13/2025,0.200,On,1123.1,47.50,34.37,7.366,2.159,6.961,0.172,19.99,19.83,0,3,42.37,6/13/2025,Good,7.933,0.00015,2.975,5.471e-05,0.00,0.00,0.00,3.966,7.294e-05,1.983,3.647e-05,19.70,0.046,0.00,0.00,0.00,0.00,0.00,0.00,0.00,0.00,0.00,0.00,0.00,0.00,0.0024
-93.77108655,42.01481770,A3,TaskName 6/13/2025 (GreenStar 4 Monitor),Laudis/Tough,181,6/13/2025,0.200,On,1123.2,51.25,32.50,7.398,2.169,6.974,359.91,19.99,19.80,0,3,45.93,6/13/2025,Good,7.920,0.00016,2.970,5.920e-05,0.00,0.00,0.00,3.960,7.893e-05,1.980,3.947e-05,19.67,0.050,0.00,0.00,0.00,0.00,0.00,0.00,0.00,0.00,0.00,0.00,0.00,0.00,0.0026
-93.77108635,42.01482377,A3,TaskName 6/13/2025 (GreenStar 4 Monitor),Laudis/Tough,182,6/13/2025,0.199,On,1123.2,53.75,31.25,7.422,2.165,6.822,359.66,19.99,19.87,0,3,48.34,6/13/2025,Good,7.950,0.00017,2.981,6.223e-05,0.00,0.00,0.00,3.975,8.297e-05,1.987,4.149e-05,19.74,0.053,0.00,0.00,0.00,0.00,0.00,0.00,0.00,0.00,0.00,0.00,0.00,0.00,0.0027
-93.77108632,42.01482983,A3,TaskName 6/13/2025 (GreenStar 4 Monitor),Laudis/Tough,183,6/13/2025,0.201,On,1123.3,56.25,30.00,7.456,2.195,6.868,359.50,19.99,19.86,0,3,50.76,6/13/2025,Good,7.945,0.00018,2.979,6.597e-05,0.00,0.00,0.00,3.973,8.797e-05,1.986,4.398e-05,19.73,0.056,0.00,0.00,0.00,0.00,0.00,0.00,0.00,0.00,0.00,0.00,0.00,0.00,0.0028
-93.77108617,42.01483592,A3,TaskName 6/13/2025 (GreenStar 4 Monitor),Laudis/Tough,184,6/13/2025,0.200,On,1123.3,60.00,28.12,7.487,2.185,6.450,359.38,19.99,19.82,0,3,54.17,6/13/2025,Good,7.928,0.00019,2.973,6.991e-05,0.00,0.00,0.00,3.964,9.321e-05,1.982,4.660e-05,19.69,0.059,0.00,0.00,0.00,0.00,0.00,0.00,0.00,0.00,0.00,0.00,0.00,0.00,0.0030
-93.77108617,42.01484200,A3,TaskName 6/13/2025 (GreenStar 4 Monitor),Laudis/Tough,185,6/13/2025,0.205,On,1123.3,62.50,26.87,7.527,2.274,6.340,359.32,19.99,19.84,0,3,57.29,6/13/2025,Good,7.937,0.00020,2.976,7.585e-05,0.00,0.00,0.00,3.968,0.00010,1.984,5.057e-05,19.71,0.064,0.00,0.00,0.00,0.00,0.00,0.00,0.00,0.00,0.00,0.00,0.00,0.00,0.0033
-93.77108627,42.01484810,A3,TaskName 6/13/2025 (GreenStar 4 Monitor),Laudis/Tough,186,6/13/2025,0.200,On,1123.4,65.00,25.62,7.550,2.201,6.116,359.37,19.99,19.82,0,3,59.13,6/13/2025,Good,7.928,0.00020,2.973,7.630e-05,0.00,0.00,0.00,3.964,0.00010,1.982,5.087e-05,19.69,0.065,0.00,0.00,0.00,0.00,0.00,0.00,0.00,0.00,0.00,0.00,0.00,0.00,0.0033
-93.77108636,42.01485422,A3,TaskName 6/13/2025 (GreenStar 4 Monitor),Laudis/Tough,187,6/13/2025,0.195,On,1123.4,67.50,24.37,7.563,2.162,6.135,359.47,19.99,19.87,0,3,61.85,6/13/2025,Good,7.950,0.00021,2.981,7.803e-05,0.00,0.00,0.00,3.975,0.00010,1.987,5.202e-05,19.74,0.066,0.00,0.00,0.00,0.00,0.00,0.00,0.00,0.00,0.00,0.00,0.00,0.00,0.0034
-93.77108656,42.01486041,A3,TaskName 6/13/2025 (GreenStar 4 Monitor),Laudis/Tough,188,6/13/2025,0.199,On,1123.5,71.25,22.50,7.572,2.218,5.812,359.64,19.99,19.90,0,3,65.63,6/13/2025,Good,7.958,0.00023,2.984,8.458e-05,0.00,0.00,0.00,3.979,0.00011,1.990,5.639e-05,19.77,0.072,0.00,0.00,0.00,0.00,0.00,0.00,0.00,0.00,0.00,0.00,0.00,0.00,0.0036
-93.77108680,42.01486657,A3,TaskName 6/13/2025 (GreenStar 4 Monitor),Laudis/Tough,189,6/13/2025,0.206,On,1123.5,73.75,21.25,7.601,2.283,5.741,359.86,19.99,19.92,0,3,67.56,6/13/2025,Good,7.967,0.00024,2.988,9.023e-05,0.00,0.00,0.00,3.983,0.00012,1.992,6.016e-05,19.79,0.076,0.00,0.00,0.00,0.00,0.00,0.00,0.00,0.00,0.00,0.00,0.00,0.00,0.0039
-93.77108704,42.01487271,A3,TaskName 6/13/2025 (GreenStar 4 Monitor),Laudis/Tough,190,6/13/2025,0.200,On,1123.5,76.25,20.00,7.632,2.247,5.904,0.055,19.99,19.90,0,3,70.81,6/13/2025,Good,7.958,0.00024,2.984,9.172e-05,0.00,0.00,0.00,3.979,0.00012,1.990,6.115e-05,19.77,0.078,0.00,0.00,0.00,0.00,0.00,0.00,0.00,0.00,0.00,0.00,0.00,0.00,0.0039
-93.77108722,42.01487887,A3,TaskName 6/13/2025 (GreenStar 4 Monitor),Laudis/Tough,191,6/13/2025,0.195,On,1123.6,78.75,18.75,7.639,2.172,6.637,0.243,19.99,19.59,0,3,72.49,6/13/2025,Good,7.834,0.00024,2.938,9.012e-05,0.00,0.00,0.00,3.917,0.00012,1.959,6.008e-05,19.46,0.076,0.00,0.00,0.00,0.00,0.00,0.00,0.00,0.00,0.00,0.00,0.00,0.00,0.0039
-93.77108731,42.01488498,A3,TaskName 6/13/2025 (GreenStar 4 Monitor),Laudis/Tough,192,6/13/2025,0.204,On,1123.6,82.50,16.87,7.648,2.297,6.736,0.329,19.99,19.53,0,3,76.76,6/13/2025,Good,7.813,0.00027,2.930,9.956e-05,0.00,0.00,0.00,3.906,0.00013,1.953,6.637e-05,19.40,0.084,0.00,0.00,0.00,0.00,0.00,0.00,0.00,0.00,0.00,0.00,0.00,0.00,0.0043
-93.77108718,42.01489114,A3,TaskName 6/13/2025 (GreenStar 4 Monitor),Laudis/Tough,193,6/13/2025,0.196,On,1123.6,85.00,15.62,7.639,2.195,6.822,0.321,19.99,19.76,0,3,78.67,6/13/2025,Good,7.903,0.00026,2.963,9.916e-05,0.00,0.00,0.00,3.951,0.00013,1.976,6.611e-05,19.63,0.084,0.00,0.00,0.00,0.00,0.00,0.00,0.00,0.00,0.00,0.00,0.00,0.00,0.0043
-93.77108717,42.01489724,A3,TaskName 6/13/2025 (GreenStar 4 Monitor),Laudis/Tough,194,6/13/2025,0.200,On,1123.7,87.50,14.37,7.635,2.228,6.741,0.447,19.99,19.63,0,3,80.55,6/13/2025,Good,7.851,0.00027,2.944,0.00010,0.00,0.00,0.00,3.926,0.00014,1.963,6.862e-05,19.50,0.087,0.00,0.00,0.00,0.00,0.00,0.00,0.00,0.00,0.00,0.00,0.00,0.00,0.0045
-93.77108726,42.01490346,A3,TaskName 6/13/2025 (GreenStar 4 Monitor),Laudis/Tough,195,6/13/2025,0.205,On,1123.6,91.25,12.50,7.639,2.297,6.842,0.580,19.99,19.63,0,3,84.48,6/13/2025,Good,7.851,0.00030,2.944,0.00011,0.00,0.00,0.00,3.926,0.00015,1.963,7.377e-05,19.50,0.094,0.00,0.00,0.00,0.00,0.00,0.00,0.00,0.00,0.00,0.00,0.00,0.00,0.0048
-93.77108725,42.01490975,A3,TaskName 6/13/2025 (GreenStar 4 Monitor),Laudis/Tough,196,6/13/2025,0.200,On,1123.7,93.75,11.25,7.655,2.254,6.532,0.643,19.99,19.67,0,3,87.32,6/13/2025,Good,7.868,0.00030,2.951,0.00011,0.00,0.00,0.00,3.934,0.00015,1.967,7.455e-05,19.54,0.095,0.00,0.00,0.00,0.00,0.00,0.00,0.00,0.00,0.00,0.00,0.00,0.00,0.0049
-93.77108736,42.01491606,A3,TaskName 6/13/2025 (GreenStar 4 Monitor),Laudis/Tough,197,6/13/2025,0.199,On,1123.7,97.50,9.375,7.697,2.244,6.565,0.690,19.99,19.67,0,3,90.87,6/13/2025,Good,7.868,0.00031,2.951,0.00012,0.00,0.00,0.00,3.934,0.00015,1.967,7.719e-05,19.54,0.098,0.00,0.00,0.00,0.00,0.00,0.00,0.00,0.00,0.00,0.00,0.00,0.00,0.0050
-93.77108715,42.01492234,A3,TaskName 6/13/2025 (GreenStar 4 Monitor),Laudis/Tough,198,6/13/2025,0.196,On,1123.7,100.00,8.125,7.747,2.215,6.446,0.572,19.99,19.64,0,3,93.38,6/13/2025,Good,7.856,0.00031,2.946,0.00012,0.00,0.00,0.00,3.928,0.00016,1.964,7.800e-05,19.51,0.099,0.00,0.00,0.00,0.00,0.00,0.00,0.00,0.00,0.00,0.00,0.00,0.00,0.0051
-93.77108709,42.01492860,A3,TaskName 6/13/2025 (GreenStar 4 Monitor),Laudis/Tough,199,6/13/2025,0.200,On,1123.7,103.75,6.250,7.780,2.293,6.142,0.376,19.99,19.50,0,3,98.32,6/13/2025,Good,7.800,0.00033,2.925,0.00012,0.00,0.00,0.00,3.900,0.00017,1.950,8.321e-05,19.37,0.106,0.00,0.00,0.00,0.00,0.00,0.00,0.00,0.00,0.00,0.00,0.00,0.00,0.0055
-93.77108682,42.01493489,A3,TaskName 6/13/2025 (GreenStar 4 Monitor),Laudis/Tough,200,6/13/2025,0.200,On,1123.7,106.25,5.000,7.796,2.287,6.186,0.157,19.99,19.50,0,3,100.40,6/13/2025,Good,7.800,0.00034,2.925,0.00013,0.00,0.00,0.00,3.900,0.00017,1.950,8.497e-05,19.37,0.108,0.00,0.00,0.00,0.00,0.00,0.00,0.00,0.00,0.00,0.00,0.00,0.00,0.0056
-93.77108670,42.01494129,A3,TaskName 6/13/2025 (GreenStar 4 Monitor),Laudis/Tough,201,6/13/2025,0.200,On,1123.7,110.00,3.125,7.807,2.290,5.970,359.98,19.99,19.54,0,3,104.09,6/13/2025,Good,7.817,0.00035,2.931,0.00013,0.00,0.00,0.00,3.909,0.00018,1.954,8.829e-05,19.42,0.112,0.00,0.00,0.00,0.00,0.00,0.00,0.00,0.00,0.00,0.00,0.00,0.00,0.0058
-93.77108661,42.01494761,A3,TaskName 6/13/2025 (GreenStar 4 Monitor),Laudis/Tough,202,6/13/2025,0.200,On,1123.8,112.50,1.875,7.838,2.297,6.043,359.92,19.99,19.53,0,3,106.76,6/13/2025,Good,7.813,0.00036,2.930,0.00014,0.00,0.00,0.00,3.906,0.00018,1.953,9.051e-05,19.40,0.115,0.00,0.00,0.00,0.00,0.00,0.00,0.00,0.00,0.00,0.00,0.00,0.00,0.0059
-93.77108661,42.01495396,A3,TaskName 6/13/2025 (GreenStar 4 Monitor),Laudis/Tough,203,6/13/2025,0.199,On,1123.8,115.00,0.625,7.858,2.293,5.904,359.85,19.99,19.48,0,3,109.53,6/13/2025,Good,7.791,0.00037,2.922,0.00014,0.00,0.00,0.00,3.896,0.00018,1.948,9.213e-05,19.35,0.117,0.00,0.00,0.00,0.00,0.00,0.00,0.00,0.00,0.00,0.00,0.00,0.00,0.0061
-93.77108643,42.01496038,A3,TaskName 6/13/2025 (GreenStar 4 Monitor),Laudis/Tough,204,6/13/2025,0.206,On,1123.8,117.50,-0.625,7.865,2.362,5.618,359.76,19.99,19.49,0,3,111.35,6/13/2025,Good,7.796,0.00039,2.923,0.00015,0.00,0.00,0.00,3.898,0.00019,1.949,9.702e-05,19.36,0.123,0.00,0.00,0.00,0.00,0.00,0.00,0.00,0.00,0.00,0.00,0.00,0.00,0.0064
-93.77108673,42.01499199,A3,TaskName 6/13/2025 (GreenStar 4 Monitor),Laudis/Tough,205,6/13/2025,0.995,On,1123.8,118.75,-1.250,7.883,11.50,6.073,359.91,19.99,19.65,0,3,113.42,6/13/2025,Good,7.860,0.0019,2.947,0.00072,0.00,0.00,0.00,3.930,0.00096,1.965,0.00048,19.52,0.612,0.00,0.00,0.00,0.00,0.00,0.00,0.00,0.00,0.00,0.00,0.00,0.00,0.031
-93.77108716,42.01502400,A3,TaskName 6/13/2025 (GreenStar 4 Monitor),Laudis/Tough,206,6/13/2025,1.000,On,1123.9,118.75,-1.250,7.897,11.58,5.980,0.400,19.99,19.85,0,3,113.67,6/13/2025,Good,7.939,0.0020,2.977,0.00073,0.00,0.00,0.00,3.970,0.00098,1.985,0.00049,19.72,0.623,0.00,0.00,0.00,0.00,0.00,0.00,0.00,0.00,0.00,0.00,0.00,0.00,0.032
-93.77108683,42.01505579,A3,TaskName 6/13/2025 (GreenStar 4 Monitor),Laudis/Tough,207,6/13/2025,0.999,On,1123.9,118.75,-1.250,7.930,11.63,5.754,0.313,19.99,19.87,0,3,114.27,6/13/2025,Good,7.948,0.0020,2.980,0.00074,0.00,0.00,0.00,3.974,0.00098,1.987,0.00049,19.74,0.626,0.00,0.00,0.00,0.00,0.00,0.00,0.00,0.00,0.00,0.00,0.00,0.00,0.032
-93.77108675,42.01506215,A3,TaskName 6/13/2025 (GreenStar 4 Monitor),Laudis/Tough,208,6/13/2025,0.196,On,1123.9,118.75,-1.250,7.925,2.280,5.686,0.180,19.99,19.88,0,3,114.15,6/13/2025,Good,7.954,0.00039,2.983,0.00014,0.00,0.00,0.00,3.977,0.00019,1.988,9.655e-05,19.76,0.123,0.00,0.00,0.00,0.00,0.00,0.00,0.00,0.00,0.00,0.00,0.00,0.00,0.0062
-93.77108644,42.01509408,A3,TaskName 6/13/2025 (GreenStar 4 Monitor),Laudis/Tough,209,6/13/2025,1.004,On,1123.9,117.50,-1.875,7.914,11.66,5.515,359.87,19.99,19.92,0,3,112.79,6/13/2025,Good,7.969,0.0020,2.988,0.00073,0.00,0.00,0.00,3.985,0.00098,1.992,0.00049,19.79,0.623,0.00,0.00,0.00,0.00,0.00,0.00,0.00,0.00,0.00,0.00,0.00,0.00,0.031
-93.77108694,42.01512584,A3,TaskName 6/13/2025 (GreenStar 4 Monitor),Laudis/Tough,210,6/13/2025,1.006,On,1123.9,117.50,-1.875,7.928,11.70,5.691,359.99,19.99,19.90,0,3,112.95,6/13/2025,Good,7.958,0.0020,2.984,0.00074,0.00,0.00,0.00,3.979,0.00098,1.990,0.00049,19.77,0.624,0.00,0.00,0.00,0.00,0.00,0.00,0.00,0.00,0.00,0.00,0.00,0.00,0.032
-93.77108711,42.01515779,A3,TaskName 6/13/2025 (GreenStar 4 Monitor),Laudis/Tough,211,6/13/2025,0.994,On,1123.8,117.50,-1.875,7.893,11.51,5.506,0.321,19.99,19.92,0,3,112.45,6/13/2025,Good,7.969,0.0019,2.988,0.00072,0.00,0.00,0.00,3.984,0.00097,1.992,0.00048,19.79,0.615,0.00,0.00,0.00,0.00,0.00,0.00,0.00,0.00,0.00,0.00,0.00,0.00,0.031
-93.77108709,42.01518949,A3,TaskName 6/13/2025 (GreenStar 4 Monitor),Laudis/Tough,212,6/13/2025,1.001,On,1123.8,117.50,-1.875,7.930,11.64,5.486,0.423,19.99,19.96,0,3,112.87,6/13/2025,Good,7.985,0.0020,2.994,0.00073,0.00,0.00,0.00,3.992,0.00098,1.996,0.00049,19.83,0.622,0.00,0.00,0.00,0.00,0.00,0.00,0.00,0.00,0.00,0.00,0.00,0.00,0.031
-93.77108657,42.01522124,A3,TaskName 6/13/2025 (GreenStar 4 Monitor),Laudis/Tough,213,6/13/2025,0.999,On,1123.8,117.50,-1.875,7.887,11.57,5.103,0.188,19.99,20.01,0,3,112.49,6/13/2025,Good,8.004,0.0020,3.001,0.00073,0.00,0.00,0.00,4.002,0.00098,2.001,0.00049,19.88,0.621,0.00,0.00,0.00,0.00,0.00,0.00,0.00,0.00,0.00,0.00,0.00,0.00,0.031
-93.77108616,42.01525286,A3,TaskName 6/13/2025 (GreenStar 4 Monitor),Laudis/Tough,214,6/13/2025,1.000,On,1123.9,117.50,-1.875,7.878,11.56,4.832,359.94,19.99,19.89,0,3,112.22,6/13/2025,Good,7.955,0.0019,2.983,0.00073,0.00,0.00,0.00,3.977,0.00097,1.989,0.00048,19.76,0.616,0.00,0.00,0.00,0.00,0.00,0.00,0.00,0.00,0.00,0.00,0.00,0.00,0.031
-93.77108614,42.01528442,A3,TaskName 6/13/2025 (GreenStar 4 Monitor),Laudis/Tough,215,6/13/2025,1.001,On,1123.9,117.50,-1.875,7.867,11.54,5.609,359.90,19.99,19.92,0,3,111.95,6/13/2025,Good,7.967,0.0019,2.988,0.00073,0.00,0.00,0.00,3.984,0.00097,1.992,0.00048,19.79,0.616,0.00,0.00,0.00,0.00,0.00,0.00,0.00,0.00,0.00,0.00,0.00,0.00,0.031
-93.77108603,42.01531586,A3,TaskName 6/13/2025 (GreenStar 4 Monitor),Laudis/Tough,216,6/13/2025,0.999,On,1124.0,117.50,-1.875,7.810,11.45,6.033,359.77,19.99,19.98,0,3,111.35,6/13/2025,Good,7.991,0.0019,2.997,0.00072,0.00,0.00,0.00,3.996,0.00096,1.998,0.00048,19.85,0.613,0.00,0.00,0.00,0.00,0.00,0.00,0.00,0.00,0.00,0.00,0.00,0.00,0.031
-93.77108612,42.01534723,A3,TaskName 6/13/2025 (GreenStar 4 Monitor),Laudis/Tough,217,6/13/2025,0.996,On,1124.1,117.50,-1.875,7.808,11.41,5.783,359.73,19.99,20.07,0,3,111.26,6/13/2025,Good,8.028,0.0019,3.010,0.00072,0.00,0.00,0.00,4.014,0.00097,2.007,0.00048,19.94,0.614,0.00,0.00,0.00,0.00,0.00,0.00,0.00,0.00,0.00,0.00,0.00,0.00,0.031
-93.77108659,42.01537872,A3,TaskName 6/13/2025 (GreenStar 4 Monitor),Laudis/Tough,218,6/13/2025,1.005,On,1124.2,117.50,-1.875,7.829,11.54,6.132,359.90,19.99,19.97,0,3,111.50,6/13/2025,Good,7.989,0.0019,2.996,0.00073,0.00,0.00,0.00,3.995,0.00097,1.997,0.00049,19.84,0.618,0.00,0.00,0.00,0.00,0.00,0.00,0.00,0.00,0.00,0.00,0.00,0.00,0.031
-93.77108678,42.01541026,A3,TaskName 6/13/2025 (GreenStar 4 Monitor),Laudis/Tough,219,6/13/2025,1.000,On,1124.3,117.50,-1.875,7.833,11.50,6.110,0.322,19.99,20.00,0,3,111.65,6/13/2025,Good,8.002,0.0019,3.001,0.00073,0.00,0.00,0.00,4.001,0.00097,2.000,0.00048,19.87,0.616,0.00,0.00,0.00,0.00,0.00,0.00,0.00,0.00,0.00,0.00,0.00,0.00,0.031
-93.77108681,42.01544179,A3,TaskName 6/13/2025 (GreenStar 4 Monitor),Laudis/Tough,220,6/13/2025,0.999,On,1124.3,117.50,-1.875,7.816,11.45,6.317,0.361,19.99,20.02,0,3,111.35,6/13/2025,Good,8.008,0.0019,3.003,0.00072,0.00,0.00,0.00,4.004,0.00097,2.002,0.00048,19.89,0.615,0.00,0.00,0.00,0.00,0.00,0.00,0.00,0.00,0.00,0.00,0.00,0.00,0.031
-93.77108627,42.01547347,A3,TaskName 6/13/2025 (GreenStar 4 Monitor),Laudis/Tough,221,6/13/2025,1.001,On,1124.3,117.50,-1.875,7.853,11.53,6.078,359.78,19.99,20.01,0,3,111.89,6/13/2025,Good,8.005,0.0019,3.002,0.00073,0.00,0.00,0.00,4.003,0.00097,2.001,0.00049,19.88,0.619,0.00,0.00,0.00,0.00,0.00,0.00,0.00,0.00,0.00,0.00,0.00,0.00,0.031
-93.77108636,42.01550529,A3,TaskName 6/13/2025 (GreenStar 4 Monitor),Laudis/Tough,222,6/13/2025,0.999,On,1124.2,117.50,-1.875,7.908,11.60,5.899,359.53,19.99,20.02,0,3,112.72,6/13/2025,Good,8.006,0.0020,3.002,0.00073,0.00,0.00,0.00,4.003,0.00098,2.002,0.00049,19.89,0.622,0.00,0.00,0.00,0.00,0.00,0.00,0.00,0.00,0.00,0.00,0.00,0.00,0.031
-93.77108689,42.01553708,A3,TaskName 6/13/2025 (GreenStar 4 Monitor),Laudis/Tough,223,6/13/2025,1.000,On,1124.1,117.50,-1.875,7.899,11.59,5.904,0.110,19.99,20.00,0,3,112.57,6/13/2025,Good,7.998,0.0020,2.999,0.00073,0.00,0.00,0.00,3.999,0.00098,2.000,0.00049,19.87,0.621,0.00,0.00,0.00,0.00,0.00,0.00,0.00,0.00,0.00,0.00,0.00,0.00,0.031
-93.77108727,42.01556901,A3,TaskName 6/13/2025 (GreenStar 4 Monitor),Laudis/Tough,224,6/13/2025,1.001,On,1123.9,117.50,-1.875,7.913,11.62,5.766,0.588,19.99,19.99,0,3,112.68,6/13/2025,Good,7.997,0.0020,2.999,0.00073,0.00,0.00,0.00,3.999,0.00098,1.999,0.00049,19.86,0.622,0.00,0.00,0.00,0.00,0.00,0.00,0.00,0.00,0.00,0.00,0.00,0.00,0.031
-93.77108662,42.01560093,A3,TaskName 6/13/2025 (GreenStar 4 Monitor),Laudis/Tough,225,6/13/2025,0.999,On,1123.8,117.50,-1.875,7.938,11.64,5.678,0.157,19.99,19.96,0,3,113.10,6/13/2025,Good,7.983,0.0020,2.994,0.00073,0.00,0.00,0.00,3.991,0.00098,1.996,0.00049,19.83,0.622,0.00,0.00,0.00,0.00,0.00,0.00,0.00,0.00,0.00,0.00,0.00,0.00,0.031
-93.77108627,42.01563295,A3,TaskName 6/13/2025 (GreenStar 4 Monitor),Laudis/Tough,226,6/13/2025,1.000,On,1123.6,117.50,-1.875,7.947,11.66,5.528,359.86,19.99,19.93,0,3,113.24,6/13/2025,Good,7.973,0.0020,2.990,0.00073,0.00,0.00,0.00,3.986,0.00098,1.993,0.00049,19.80,0.623,0.00,0.00,0.00,0.00,0.00,0.00,0.00,0.00,0.00,0.00,0.00,0.00,0.031
-93.77108644,42.01566464,A3,TaskName 6/13/2025 (GreenStar 4 Monitor),Laudis/Tough,227,6/13/2025,0.995,On,1123.5,117.50,-1.875,7.910,11.55,5.805,0.078,19.99,19.94,0,3,112.72,6/13/2025,Good,7.975,0.0019,2.991,0.00073,0.00,0.00,0.00,3.988,0.00097,1.994,0.00049,19.81,0.617,0.00,0.00,0.00,0.00,0.00,0.00,0.00,0.00,0.00,0.00,0.00,0.00,0.031
-93.77108628,42.01569622,A3,TaskName 6/13/2025 (GreenStar 4 Monitor),Laudis/Tough,228,6/13/2025,1.005,On,1123.3,117.50,-1.875,7.877,11.61,5.455,359.85,19.99,20.01,0,3,112.20,6/13/2025,Good,8.004,0.0020,3.001,0.00073,0.00,0.00,0.00,4.002,0.00098,2.001,0.00049,19.88,0.623,0.00,0.00,0.00,0.00,0.00,0.00,0.00,0.00,0.00,0.00,0.00,0.00,0.031
-93.77108610,42.01572773,A3,TaskName 6/13/2025 (GreenStar 4 Monitor),Laudis/Tough,229,6/13/2025,1.000,On,1123.2,117.50,-1.875,7.852,11.52,6.126,359.71,19.99,19.92,0,3,111.87,6/13/2025,Good,7.969,0.0019,2.989,0.00073,0.00,0.00,0.00,3.985,0.00097,1.992,0.00048,19.79,0.615,0.00,0.00,0.00,0.00,0.00,0.00,0.00,0.00,0.00,0.00,0.00,0.00,0.031
-93.77108637,42.01575913,A3,TaskName 6/13/2025 (GreenStar 4 Monitor),Laudis/Tough,230,6/13/2025,1.001,On,1123.2,117.50,-1.875,7.845,11.51,6.235,359.73,19.99,20.02,0,3,111.66,6/13/2025,Good,8.006,0.0019,3.002,0.00073,0.00,0.00,0.00,4.003,0.00097,2.002,0.00049,19.89,0.617,0.00,0.00,0.00,0.00,0.00,0.00,0.00,0.00,0.00,0.00,0.00,0.00,0.031
-93.77108670,42.01579063,A3,TaskName 6/13/2025 (GreenStar 4 Monitor),Laudis/Tough,231,6/13/2025,0.999,On,1123.2,117.50,-1.875,7.801,11.45,6.374,0.110,19.99,20.07,0,3,111.28,6/13/2025,Good,8.030,0.0019,3.011,0.00073,0.00,0.00,0.00,4.015,0.00097,2.007,0.00048,19.94,0.616,0.00,0.00,0.00,0.00,0.00,0.00,0.00,0.00,0.00,0.00,0.00,0.00,0.031
-93.77108680,42.01582201,A3,TaskName 6/13/2025 (GreenStar 4 Monitor),Laudis/Tough,232,6/13/2025,0.996,On,1123.2,117.50,-1.875,7.804,11.40,6.485,0.267,19.99,19.95,0,3,111.10,6/13/2025,Good,7.980,0.0019,2.993,0.00072,0.00,0.00,0.00,3.990,0.00096,1.995,0.00048,19.82,0.609,0.00,0.00,0.00,0.00,0.00,0.00,0.00,0.00,0.00,0.00,0.00,0.00,0.031
-93.77108620,42.01585357,A3,TaskName 6/13/2025 (GreenStar 4 Monitor),Laudis/Tough,233,6/13/2025,1.004,On,1123.2,117.50,-1.875,7.822,11.53,6.315,359.78,19.99,19.99,0,3,111.52,6/13/2025,Good,7.996,0.0019,2.999,0.00073,0.00,0.00,0.00,3.998,0.00097,1.999,0.00049,19.86,0.618,0.00,0.00,0.00,0.00,0.00,0.00,0.00,0.00,0.00,0.00,0.00,0.00,0.031
-93.77108624,42.01588511,A3,TaskName 6/13/2025 (GreenStar 4 Monitor),Laudis/Tough,234,6/13/2025,1.001,On,1123.2,117.50,-1.875,7.847,11.51,6.100,359.65,19.99,20.03,0,3,111.70,6/13/2025,Good,8.011,0.0019,3.004,0.00073,0.00,0.00,0.00,4.005,0.00097,2.003,0.00049,19.90,0.618,0.00,0.00,0.00,0.00,0.00,0.00,0.00,0.00,0.00,0.00,0.00,0.00,0.031
-93.77108662,42.01591673,A3,TaskName 6/13/2025 (GreenStar 4 Monitor),Laudis/Tough,235,6/13/2025,0.995,On,1123.3,117.50,-1.875,7.850,11.47,6.099,359.97,19.99,20.00,0,3,111.92,6/13/2025,Good,7.998,0.0019,2.999,0.00072,0.00,0.00,0.00,3.999,0.00097,2.000,0.00048,19.87,0.615,0.00,0.00,0.00,0.00,0.00,0.00,0.00,0.00,0.00,0.00,0.00,0.00,0.031
-93.77108681,42.01594830,A3,TaskName 6/13/2025 (GreenStar 4 Monitor),Laudis/Tough,236,6/13/2025,1.004,On,1123.3,117.50,-1.875,7.854,11.57,5.926,0.227,19.99,20.04,0,3,111.86,6/13/2025,Good,8.014,0.0020,3.005,0.00073,0.00,0.00,0.00,4.007,0.00098,2.004,0.00049,19.91,0.621,0.00,0.00,0.00,0.00,0.00,0.00,0.00,0.00,0.00,0.00,0.00,0.00,0.031
-93.77108668,42.01597363,A3,TaskName 6/13/2025 (GreenStar 4 Monitor),Laudis/Tough,237,6/13/2025,0.796,On,1123.3,117.50,-1.875,7.848,9.167,5.415,0.251,19.99,20.07,0,3,111.84,6/13/2025,Good,8.027,0.0016,3.010,0.00058,0.00,0.00,0.00,4.014,0.00078,2.007,0.00039,19.94,0.493,0.00,0.00,0.00,0.00,0.00,0.00,0.00,0.00,0.00,0.00,0.00,0.00,0.025
-93.77108634,42.01600504,A3,TaskName 6/13/2025 (GreenStar 4 Monitor),Laudis/Tough,238,6/13/2025,0.999,On,1123.4,116.25,-2.500,7.851,11.51,5.429,359.96,19.99,19.89,0,3,110.72,6/13/2025,Good,7.956,0.0019,2.983,0.00072,0.00,0.00,0.00,3.978,0.00095,1.989,0.00048,19.76,0.607,0.00,0.00,0.00,0.00,0.00,0.00,0.00,0.00,0.00,0.00,0.00,0.00,0.031
-93.77108624,42.01603655,A3,TaskName 6/13/2025 (GreenStar 4 Monitor),Laudis/Tough,239,6/13/2025,1.001,On,1123.4,116.25,-2.500,7.812,11.48,5.730,359.70,19.99,20.02,0,3,110.15,6/13/2025,Good,8.007,0.0019,3.003,0.00072,0.00,0.00,0.00,4.004,0.00096,2.002,0.00048,19.89,0.609,0.00,0.00,0.00,0.00,0.00,0.00,0.00,0.00,0.00,0.00,0.00,0.00,0.031
-93.77108644,42.01606787,A3,TaskName 6/13/2025 (GreenStar 4 Monitor),Laudis/Tough,240,6/13/2025,1.000,On,1123.5,116.25,-2.500,7.786,11.43,6.446,359.83,19.99,19.88,0,3,109.79,6/13/2025,Good,7.950,0.0019,2.981,0.00071,0.00,0.00,0.00,3.975,0.00095,1.988,0.00047,19.75,0.602,0.00,0.00,0.00,0.00,0.00,0.00,0.00,0.00,0.00,0.00,0.00,0.00,0.030
-93.77108679,42.01609941,A3,TaskName 6/13/2025 (GreenStar 4 Monitor),Laudis/Tough,241,6/13/2025,0.999,On,1123.6,116.25,-2.500,7.832,11.48,6.135,0.243,19.99,20.00,0,3,110.40,6/13/2025,Good,8.000,0.0019,3.000,0.00072,0.00,0.00,0.00,4.000,0.00096,2.000,0.00048,19.87,0.609,0.00,0.00,0.00,0.00,0.00,0.00,0.00,0.00,0.00,0.00,0.00,0.00,0.031
-93.77108660,42.01613101,A3,TaskName 6/13/2025 (GreenStar 4 Monitor),Laudis/Tough,242,6/13/2025,1.001,On,1123.7,116.25,-2.500,7.841,11.52,5.719,0.078,19.99,20.03,0,3,110.59,6/13/2025,Good,8.010,0.0019,3.004,0.00072,0.00,0.00,0.00,4.005,0.00096,2.003,0.00048,19.90,0.612,0.00,0.00,0.00,0.00,0.00,0.00,0.00,0.00,0.00,0.00,0.00,0.00,0.031
-93.77108623,42.01616238,A3,TaskName 6/13/2025 (GreenStar 4 Monitor),Laudis/Tough,243,6/13/2025,0.999,On,1123.8,116.25,-2.500,7.828,11.47,6.025,359.70,19.99,20.03,0,3,110.34,6/13/2025,Good,8.011,0.0019,3.004,0.00072,0.00,0.00,0.00,4.006,0.00096,2.003,0.00048,19.90,0.609,0.00,0.00,0.00,0.00,0.00,0.00,0.00,0.00,0.00,0.00,0.00,0.00,0.031
-93.77108655,42.01619389,A3,TaskName 6/13/2025 (GreenStar 4 Monitor),Laudis/Tough,244,6/13/2025,1.000,On,1123.9,116.25,-2.500,7.811,11.46,6.145,359.91,19.99,20.01,0,3,110.10,6/13/2025,Good,8.002,0.0019,3.001,0.00072,0.00,0.00,0.00,4.001,0.00096,2.001,0.00048,19.88,0.608,0.00,0.00,0.00,0.00,0.00,0.00,0.00,0.00,0.00,0.00,0.00,0.00,0.031
-93.77108660,42.01622527,A3,TaskName 6/13/2025 (GreenStar 4 Monitor),Laudis/Tough,245,6/13/2025,1.000,On,1124.0,116.25,-2.500,7.809,11.46,6.422,0.110,19.99,19.98,0,3,110.07,6/13/2025,Good,7.992,0.0019,2.997,0.00072,0.00,0.00,0.00,3.996,0.00095,1.998,0.00048,19.85,0.607,0.00,0.00,0.00,0.00,0.00,0.00,0.00,0.00,0.00,0.00,0.00,0.00,0.031
-93.77108629,42.01625657,A3,TaskName 6/13/2025 (GreenStar 4 Monitor),Laudis/Tough,246,6/13/2025,0.996,On,1124.1,116.25,-2.500,7.798,11.38,6.443,359.80,19.99,19.92,0,3,109.81,6/13/2025,Good,7.968,0.0019,2.988,0.00071,0.00,0.00,0.00,3.984,0.00095,1.992,0.00047,19.79,0.601,0.00,0.00,0.00,0.00,0.00,0.00,0.00,0.00,0.00,0.00,0.00,0.00,0.030
-93.77108635,42.01628813,A3,TaskName 6/13/2025 (GreenStar 4 Monitor),Laudis/Tough,247,6/13/2025,1.005,On,1124.3,116.25,-2.500,7.811,11.52,6.395,359.69,19.99,19.91,0,3,110.09,6/13/2025,Good,7.966,0.0019,2.987,0.00072,0.00,0.00,0.00,3.983,0.00096,1.991,0.00048,19.79,0.608,0.00,0.00,0.00,0.00,0.00,0.00,0.00,0.00,0.00,0.00,0.00,0.00,0.031
-93.77108657,42.01631969,A3,TaskName 6/13/2025 (GreenStar 4 Monitor),Laudis/Tough,248,6/13/2025,1.000,On,1124.4,116.25,-2.500,7.829,11.50,6.303,359.82,19.99,20.05,0,3,110.48,6/13/2025,Good,8.020,0.0019,3.007,0.00072,0.00,0.00,0.00,4.010,0.00096,2.005,0.00048,19.92,0.611,0.00,0.00,0.00,0.00,0.00,0.00,0.00,0.00,0.00,0.00,0.00,0.00,0.031
-93.77108708,42.01635109,A3,TaskName 6/13/2025 (GreenStar 4 Monitor),Laudis/Tough,249,6/13/2025,0.999,On,1124.5,116.25,-2.500,7.831,11.48,6.529,0.368,19.99,19.97,0,3,110.40,6/13/2025,Good,7.989,0.0019,2.996,0.00072,0.00,0.00,0.00,3.994,0.00096,1.997,0.00048,19.84,0.608,0.00,0.00,0.00,0.00,0.00,0.00,0.00,0.00,0.00,0.00,0.00,0.00,0.031
-93.77108700,42.01638253,A3,TaskName 6/13/2025 (GreenStar 4 Monitor),Laudis/Tough,250,6/13/2025,1.001,On,1124.7,116.25,-2.500,7.804,11.46,6.616,0.533,19.99,20.04,0,3,109.99,6/13/2025,Good,8.016,0.0019,3.006,0.00072,0.00,0.00,0.00,4.008,0.00096,2.004,0.00048,19.91,0.609,0.00,0.00,0.00,0.00,0.00,0.00,0.00,0.00,0.00,0.00,0.00,0.00,0.031
-93.77108624,42.01641393,A3,TaskName 6/13/2025 (GreenStar 4 Monitor),Laudis/Tough,251,6/13/2025,0.999,On,1124.8,116.25,-2.500,7.815,11.45,6.561,359.79,19.99,20.07,0,3,110.15,6/13/2025,Good,8.030,0.0019,3.011,0.00072,0.00,0.00,0.00,4.015,0.00096,2.007,0.00048,19.94,0.610,0.00,0.00,0.00,0.00,0.00,0.00,0.00,0.00,0.00,0.00,0.00,0.00,0.031
-93.77108620,42.01644557,A3,TaskName 6/13/2025 (GreenStar 4 Monitor),Laudis/Tough,252,6/13/2025,1.001,On,1125.0,116.25,-2.500,7.838,11.50,6.516,359.53,19.99,20.04,0,3,110.37,6/13/2025,Good,8.017,0.0019,3.006,0.00072,0.00,0.00,0.00,4.009,0.00096,2.004,0.00048,19.91,0.611,0.00,0.00,0.00,0.00,0.00,0.00,0.00,0.00,0.00,0.00,0.00,0.00,0.031
-93.77108675,42.01647725,A3,TaskName 6/13/2025 (GreenStar 4 Monitor),Laudis/Tough,253,6/13/2025,1.000,On,1125.2,116.25,-2.500,7.862,11.54,6.295,0.016,19.99,20.04,0,3,110.83,6/13/2025,Good,8.017,0.0019,3.006,0.00072,0.00,0.00,0.00,4.009,0.00096,2.004,0.00048,19.91,0.613,0.00,0.00,0.00,0.00,0.00,0.00,0.00,0.00,0.00,0.00,0.00,0.00,0.031
-93.77108713,42.01650889,A3,TaskName 6/13/2025 (GreenStar 4 Monitor),Laudis/Tough,254,6/13/2025,0.995,On,1125.3,116.25,-2.500,7.862,11.49,6.518,0.494,19.99,20.00,0,3,110.97,6/13/2025,Good,8.001,0.0019,3.000,0.00072,0.00,0.00,0.00,4.000,0.00096,2.000,0.00048,19.87,0.610,0.00,0.00,0.00,0.00,0.00,0.00,0.00,0.00,0.00,0.00,0.00,0.00,0.031
-93.77108639,42.01654058,A3,TaskName 6/13/2025 (GreenStar 4 Monitor),Laudis/Tough,255,6/13/2025,1.000,On,1125.5,116.25,-2.500,7.877,11.56,6.229,359.95,19.99,20.02,0,3,111.05,6/13/2025,Good,8.006,0.0019,3.002,0.00072,0.00,0.00,0.00,4.003,0.00096,2.002,0.00048,19.89,0.613,0.00,0.00,0.00,0.00,0.00,0.00,0.00,0.00,0.00,0.00,0.00,0.00,0.031
-93.77108602,42.01657221,A3,TaskName 6/13/2025 (GreenStar 4 Monitor),Laudis/Tough,256,6/13/2025,0.999,On,1125.6,116.25,-2.500,7.875,11.54,6.493,359.44,19.99,19.94,0,3,111.00,6/13/2025,Good,7.978,0.0019,2.992,0.00072,0.00,0.00,0.00,3.989,0.00096,1.994,0.00048,19.81,0.610,0.00,0.00,0.00,0.00,0.00,0.00,0.00,0.00,0.00,0.00,0.00,0.00,0.031
-93.77108655,42.01660375,A3,TaskName 6/13/2025 (GreenStar 4 Monitor),Laudis/Tough,257,6/13/2025,1.006,On,1125.8,116.25,-2.500,7.857,11.60,6.022,359.91,19.99,19.96,0,3,110.79,6/13/2025,Good,7.984,0.0019,2.994,0.00072,0.00,0.00,0.00,3.992,0.00097,1.996,0.00048,19.83,0.614,0.00,0.00,0.00,0.00,0.00,0.00,0.00,0.00,0.00,0.00,0.00,0.00,0.031
-93.77108676,42.01663529,A3,TaskName 6/13/2025 (GreenStar 4 Monitor),Laudis/Tough,258,6/13/2025,1.000,On,1125.8,116.25,-2.500,7.819,11.46,6.174,0.259,19.99,20.00,0,3,110.13,6/13/2025,Good,7.999,0.0019,3.000,0.00072,0.00,0.00,0.00,4.000,0.00096,2.000,0.00048,19.87,0.608,0.00,0.00,0.00,0.00,0.00,0.00,0.00,0.00,0.00,0.00,0.00,0.00,0.031
-93.77108635,42.01666601,A3,TaskName 6/13/2025 (GreenStar 4 Monitor),Laudis/Tough,259,6/13/2025,0.995,On,1125.8,116.25,-2.500,7.775,11.36,4.836,359.87,19.99,19.98,0,3,109.74,6/13/2025,Good,7.993,0.0019,2.997,0.00071,0.00,0.00,0.00,3.996,0.00095,1.998,0.00047,19.85,0.602,0.00,0.00,0.00,0.00,0.00,0.00,0.00,0.00,0.00,0.00,0.00,0.00,0.030
-93.77108648,42.01669598,A3,TaskName 6/13/2025 (GreenStar 4 Monitor),Laudis/Tough,260,6/13/2025,1.005,On,1125.9,116.25,-2.500,7.556,11.14,5.053,359.87,19.99,19.99,0,3,106.51,6/13/2025,Good,7.996,0.0019,2.998,0.00070,0.00,0.00,0.00,3.998,0.00093,1.999,0.00046,19.86,0.591,0.00,0.00,0.00,0.00,0.00,0.00,0.00,0.00,0.00,0.00,0.00,0.00,0.030
-93.77108665,42.01672524,A3,TaskName 6/13/2025 (GreenStar 4 Monitor),Laudis/Tough,261,6/13/2025,0.994,On,1125.9,116.25,-2.500,7.372,10.75,5.052,360.00,19.99,20.06,0,3,103.88,6/13/2025,Good,8.024,0.0018,3.009,0.00067,0.00,0.00,0.00,4.012,0.00090,2.006,0.00045,19.93,0.572,0.00,0.00,0.00,0.00,0.00,0.00,0.00,0.00,0.00,0.00,0.00,0.00,0.029
-93.77108661,42.01675254,A3,TaskName 6/13/2025 (GreenStar 4 Monitor),Laudis/Tough,262,6/13/2025,1.006,On,1126.2,116.25,-2.500,7.105,10.48,4.310,359.99,19.99,20.01,0,3,100.11,6/13/2025,Good,8.005,0.0017,3.002,0.00066,0.00,0.00,0.00,4.003,0.00087,2.001,0.00044,19.88,0.556,0.00,0.00,0.00,0.00,0.00,0.00,0.00,0.00,0.00,0.00,0.00,0.00,0.028
-93.77108672,42.01677897,A3,TaskName 6/13/2025 (GreenStar 4 Monitor),Laudis/Tough,263,6/13/2025,0.995,On,1126.6,116.25,-2.500,6.687,9.754,6.062,0.102,19.99,20.15,0,3,94.18,6/13/2025,Good,8.059,0.0016,3.022,0.00061,0.00,0.00,0.00,4.029,0.00082,2.015,0.00041,20.02,0.521,0.00,0.00,0.00,0.00,0.00,0.00,0.00,0.00,0.00,0.00,0.00,0.00,0.026
-93.77108666,42.01678915,A3,TaskName 6/13/2025 (GreenStar 4 Monitor),Laudis/Tough,264,6/13/2025,0.405,On,1126.6,116.25,-2.500,6.543,3.900,4.084,359.98,19.99,20.15,0,3,92.51,6/13/2025,Good,8.059,0.00066,3.022,0.00025,0.00,0.00,0.00,4.030,0.00033,2.015,0.00016,20.02,0.208,0.00,0.00,0.00,0.00,0.00,0.00,0.00,0.00,0.00,0.00,0.00,0.00,0.010
-93.77108664,42.01679835,A3,TaskName 6/13/2025 (GreenStar 4 Monitor),Laudis/Tough,265,6/13/2025,0.395,On,1126.4,115.00,-3.125,6.375,3.686,2.761,359.89,19.99,20.16,0,3,88.70,6/13/2025,Good,8.065,0.00061,3.024,0.00023,0.00,0.00,0.00,4.033,0.00031,2.016,0.00015,20.03,0.195,0.00,0.00,0.00,0.00,0.00,0.00,0.00,0.00,0.00,0.00,0.00,0.00,0.0097
-93.77108663,42.01680637,A3,TaskName 6/13/2025 (GreenStar 4 Monitor),Laudis/Tough,266,6/13/2025,0.399,On,1126.5,113.75,-3.750,5.924,3.473,2.418,359.95,19.99,20.12,0,3,81.83,6/13/2025,Good,8.049,0.00057,3.018,0.00021,0.00,0.00,0.00,4.024,0.00029,2.012,0.00014,19.99,0.181,0.00,0.00,0.00,0.00,0.00,0.00,0.00,0.00,0.00,0.00,0.00,0.00,0.0091
-93.77108662,42.01681042,A3,TaskName 6/13/2025 (GreenStar 4 Monitor),Laudis/Tough,267,6/13/2025,0.206,On,1126.4,111.25,-5.000,5.451,1.650,1.294,359.91,19.99,20.24,0,3,73.63,6/13/2025,Good,8.095,0.00027,3.036,9.991e-05,0.00,0.00,0.00,4.048,0.00013,2.024,6.661e-05,20.11,0.085,0.00,0.00,0.00,0.00,0.00,0.00,0.00,0.00,0.00,0.00,0.00,0.00,0.0042
-93.77108655,42.01681379,A3,TaskName 6/13/2025 (GreenStar 4 Monitor),Laudis/Tough,268,6/13/2025,0.200,On,1126.2,108.75,-6.250,5.270,1.548,1.664,359.85,19.99,20.29,0,3,69.56,6/13/2025,Good,8.116,0.00025,3.044,9.189e-05,0.00,0.00,0.00,4.058,0.00012,2.029,6.126e-05,20.16,0.078,0.00,0.00,0.00,0.00,0.00,0.00,0.00,0.00,0.00,0.00,0.00,0.00,0.0039
-93.77134170,42.01668035,A3,TaskName 6/13/2025 (GreenStar 4 Monitor),Laudis/Tough,269,6/13/2025,1.000,On,1126.9,110.00,-5.625,7.718,11.33,5.757,269.53,19.99,19.00,0,4,102.98,6/13/2025,Good,7.601,0.0017,2.850,0.00064,0.00,0.00,0.00,3.800,0.00085,1.900,0.00042,18.88,0.540,0.00,0.00,0.00,0.00,0.00,0.00,0.00,0.00,0.00,0.00,0.00,0.00,0.029
-93.77138399,42.01668012,A3,TaskName 6/13/2025 (GreenStar 4 Monitor),Laudis/Tough,270,6/13/2025,1.000,On,1127.0,110.00,-5.625,7.882,11.57,5.571,269.70,19.99,19.26,0,4,105.19,6/13/2025,Good,7.705,0.0018,2.889,0.00066,0.00,0.00,0.00,3.852,0.00088,1.926,0.00044,19.14,0.559,0.00,0.00,0.00,0.00,0.00,0.00,0.00,0.00,0.00,0.00,0.00,0.00,0.029
-93.77142663,42.01667985,A3,TaskName 6/13/2025 (GreenStar 4 Monitor),Laudis/Tough,271,6/13/2025,1.000,On,1127.1,110.00,-5.625,7.852,11.52,5.783,270.04,19.99,19.46,0,4,104.74,6/13/2025,Good,7.782,0.0018,2.918,0.00066,0.00,0.00,0.00,3.891,0.00088,1.946,0.00044,19.33,0.562,0.00,0.00,0.00,0.00,0.00,0.00,0.00,0.00,0.00,0.00,0.00,0.00,0.029
-93.77146969,42.01667971,A3,TaskName 6/13/2025 (GreenStar 4 Monitor),Laudis/Tough,272,6/13/2025,1.000,On,1127.1,110.00,-5.625,7.890,11.58,5.258,270.05,19.99,19.62,0,4,105.28,6/13/2025,Good,7.846,0.0018,2.942,0.00067,0.00,0.00,0.00,3.923,0.00090,1.962,0.00045,19.49,0.570,0.00,0.00,0.00,0.00,0.00,0.00,0.00,0.00,0.00,0.00,0.00,0.00,0.029
-93.77151241,42.01667978,A3,TaskName 6/13/2025 (GreenStar 4 Monitor),Laudis/Tough,273,6/13/2025,1.000,On,1127.2,110.00,-5.625,7.981,11.72,5.348,270.15,19.99,19.65,0,4,106.53,6/13/2025,Good,7.859,0.0018,2.947,0.00068,0.00,0.00,0.00,3.929,0.00091,1.965,0.00045,19.52,0.578,0.00,0.00,0.00,0.00,0.00,0.00,0.00,0.00,0.00,0.00,0.00,0.00,0.030
-93.77155516,42.01667982,A3,TaskName 6/13/2025 (GreenStar 4 Monitor),Laudis/Tough,274,6/13/2025,1.000,On,1127.1,110.00,-5.625,7.884,11.57,5.579,269.98,19.99,19.79,0,4,105.19,6/13/2025,Good,7.917,0.0018,2.969,0.00068,0.00,0.00,0.00,3.959,0.00090,1.979,0.00045,19.66,0.575,0.00,0.00,0.00,0.00,0.00,0.00,0.00,0.00,0.00,0.00,0.00,0.00,0.029
-93.77159802,42.01667998,A3,TaskName 6/13/2025 (GreenStar 4 Monitor),Laudis/Tough,275,6/13/2025,1.000,On,1127.2,110.00,-5.625,7.940,11.63,4.968,269.57,19.99,19.89,0,4,105.77,6/13/2025,Good,7.956,0.0018,2.983,0.00068,0.00,0.00,0.00,3.978,0.00091,1.989,0.00046,19.76,0.581,0.00,0.00,0.00,0.00,0.00,0.00,0.00,0.00,0.00,0.00,0.00,0.00,0.029
-93.77164048,42.01667969,A3,TaskName 6/13/2025 (GreenStar 4 Monitor),Laudis/Tough,276,6/13/2025,1.000,On,1127.1,108.75,-6.250,7.935,11.63,5.539,269.50,19.99,19.87,0,4,104.51,6/13/2025,Good,7.947,0.0018,2.980,0.00068,0.00,0.00,0.00,3.974,0.00090,1.987,0.00045,19.74,0.573,0.00,0.00,0.00,0.00,0.00,0.00,0.00,0.00,0.00,0.00,0.00,0.00,0.029
-93.77168325,42.01667958,A3,TaskName 6/13/2025 (GreenStar 4 Monitor),Laudis/Tough,277,6/13/2025,1.000,On,1127.1,108.75,-6.250,7.868,11.53,5.456,269.40,19.99,19.90,0,4,103.66,6/13/2025,Good,7.962,0.0018,2.986,0.00067,0.00,0.00,0.00,3.981,0.00090,1.990,0.00045,19.77,0.569,0.00,0.00,0.00,0.00,0.00,0.00,0.00,0.00,0.00,0.00,0.00,0.00,0.029
-93.77172626,42.01667921,A3,TaskName 6/13/2025 (GreenStar 4 Monitor),Laudis/Tough,278,6/13/2025,0.995,On,1127.1,108.75,-6.250,7.952,11.60,4.781,269.51,19.99,19.93,0,4,104.74,6/13/2025,Good,7.971,0.0018,2.989,0.00068,0.00,0.00,0.00,3.986,0.00090,1.993,0.00045,19.80,0.573,0.00,0.00,0.00,0.00,0.00,0.00,0.00,0.00,0.00,0.00,0.00,0.00,0.029
-93.77176869,42.01667893,A3,TaskName 6/13/2025 (GreenStar 4 Monitor),Laudis/Tough,279,6/13/2025,1.005,On,1126.9,108.75,-6.250,7.916,11.66,5.547,269.60,19.99,19.90,0,4,104.28,6/13/2025,Good,7.961,0.0018,2.985,0.00068,0.00,0.00,0.00,3.981,0.00091,1.990,0.00045,19.77,0.576,0.00,0.00,0.00,0.00,0.00,0.00,0.00,0.00,0.00,0.00,0.00,0.00,0.029
-93.77181168,42.01667880,A3,TaskName 6/13/2025 (GreenStar 4 Monitor),Laudis/Tough,280,6/13/2025,0.996,On,1126.8,108.75,-6.250,7.905,11.54,5.299,269.46,19.99,19.93,0,4,104.10,6/13/2025,Good,7.970,0.0018,2.989,0.00067,0.00,0.00,0.00,3.985,0.00090,1.993,0.00045,19.80,0.570,0.00,0.00,0.00,0.00,0.00,0.00,0.00,0.00,0.00,0.00,0.00,0.00,0.029
-93.77185470,42.01667865,A3,TaskName 6/13/2025 (GreenStar 4 Monitor),Laudis/Tough,281,6/13/2025,1.005,On,1126.7,108.75,-6.250,7.986,11.77,5.058,269.43,19.99,19.96,0,4,105.22,6/13/2025,Good,7.985,0.0018,2.994,0.00069,0.00,0.00,0.00,3.992,0.00092,1.996,0.00046,19.83,0.583,0.00,0.00,0.00,0.00,0.00,0.00,0.00,0.00,0.00,0.00,0.00,0.00,0.029
-93.77189728,42.01667829,A3,TaskName 6/13/2025 (GreenStar 4 Monitor),Laudis/Tough,282,6/13/2025,0.994,On,1126.6,108.75,-6.250,7.929,11.55,5.657,269.71,19.99,19.97,0,4,104.43,6/13/2025,Good,7.987,0.0018,2.995,0.00067,0.00,0.00,0.00,3.994,0.00090,1.997,0.00045,19.84,0.572,0.00,0.00,0.00,0.00,0.00,0.00,0.00,0.00,0.00,0.00,0.00,0.00,0.029
-93.77194025,42.01667807,A3,TaskName 6/13/2025 (GreenStar 4 Monitor),Laudis/Tough,283,6/13/2025,1.005,On,1126.6,108.75,-6.250,7.943,11.70,5.175,269.60,19.99,19.99,0,4,104.61,6/13/2025,Good,7.998,0.0018,2.999,0.00068,0.00,0.00,0.00,3.999,0.00091,1.999,0.00046,19.86,0.580,0.00,0.00,0.00,0.00,0.00,0.00,0.00,0.00,0.00,0.00,0.00,0.00,0.029
-93.77198278,42.01667803,A3,TaskName 6/13/2025 (GreenStar 4 Monitor),Laudis/Tough,284,6/13/2025,1.000,On,1126.6,108.75,-6.250,7.895,11.57,5.571,269.63,19.99,20.00,0,4,104.01,6/13/2025,Good,8.002,0.0018,3.001,0.00068,0.00,0.00,0.00,4.001,0.00090,2.000,0.00045,19.87,0.574,0.00,0.00,0.00,0.00,0.00,0.00,0.00,0.00,0.00,0.00,0.00,0.00,0.029
-93.77202523,42.01667774,A3,TaskName 6/13/2025 (GreenStar 4 Monitor),Laudis/Tough,285,6/13/2025,1.001,On,1126.5,108.75,-6.250,7.852,11.51,5.439,269.98,19.99,20.04,0,4,103.32,6/13/2025,Good,8.015,0.0018,3.006,0.00067,0.00,0.00,0.00,4.008,0.00090,2.004,0.00045,19.91,0.572,0.00,0.00,0.00,0.00,0.00,0.00,0.00,0.00,0.00,0.00,0.00,0.00,0.029
-93.77206762,42.01667769,A3,TaskName 6/13/2025 (GreenStar 4 Monitor),Laudis/Tough,286,6/13/2025,0.995,On,1126.5,108.75,-6.250,7.911,11.55,5.578,270.12,19.99,20.03,0,4,104.32,6/13/2025,Good,8.010,0.0018,3.004,0.00068,0.00,0.00,0.00,4.005,0.00090,2.003,0.00045,19.89,0.574,0.00,0.00,0.00,0.00,0.00,0.00,0.00,0.00,0.00,0.00,0.00,0.00,0.029
-93.77211025,42.01667782,A3,TaskName 6/13/2025 (GreenStar 4 Monitor),Laudis/Tough,287,6/13/2025,1.000,On,1126.5,108.75,-6.250,7.884,11.55,5.674,270.16,19.99,20.02,0,4,103.83,6/13/2025,Good,8.008,0.0018,3.003,0.00068,0.00,0.00,0.00,4.004,0.00090,2.002,0.00045,19.89,0.574,0.00,0.00,0.00,0.00,0.00,0.00,0.00,0.00,0.00,0.00,0.00,0.00,0.029
-93.77215284,42.01667789,A3,TaskName 6/13/2025 (GreenStar 4 Monitor),Laudis/Tough,288,6/13/2025,0.999,On,1126.5,108.75,-6.250,7.875,11.53,5.334,269.90,19.99,20.02,0,4,103.70,6/13/2025,Good,8.008,0.0018,3.003,0.00068,0.00,0.00,0.00,4.004,0.00090,2.002,0.00045,19.89,0.572,0.00,0.00,0.00,0.00,0.00,0.00,0.00,0.00,0.00,0.00,0.00,0.00,0.029
-93.77219520,42.01667782,A3,TaskName 6/13/2025 (GreenStar 4 Monitor),Laudis/Tough,289,6/13/2025,1.005,On,1126.5,108.75,-6.250,7.882,11.61,5.247,269.93,19.99,19.99,0,4,103.81,6/13/2025,Good,7.995,0.0018,2.998,0.00068,0.00,0.00,0.00,3.997,0.00091,1.999,0.00045,19.86,0.575,0.00,0.00,0.00,0.00,0.00,0.00,0.00,0.00,0.00,0.00,0.00,0.00,0.029
-93.77223779,42.01667767,A3,TaskName 6/13/2025 (GreenStar 4 Monitor),Laudis/Tough,290,6/13/2025,0.995,On,1126.5,108.75,-6.250,7.852,11.45,4.871,270.09,19.99,19.93,0,4,103.41,6/13/2025,Good,7.974,0.0018,2.990,0.00067,0.00,0.00,0.00,3.987,0.00089,1.993,0.00045,19.80,0.566,0.00,0.00,0.00,0.00,0.00,0.00,0.00,0.00,0.00,0.00,0.00,0.00,0.029
-93.77228041,42.01667761,A3,TaskName 6/13/2025 (GreenStar 4 Monitor),Laudis/Tough,291,6/13/2025,1.000,On,1126.5,108.75,-6.250,7.929,11.62,5.088,269.92,19.99,19.84,0,4,104.45,6/13/2025,Good,7.938,0.0018,2.977,0.00067,0.00,0.00,0.00,3.969,0.00090,1.984,0.00045,19.72,0.572,0.00,0.00,0.00,0.00,0.00,0.00,0.00,0.00,0.00,0.00,0.00,0.00,0.029
-93.77232283,42.01667770,A3,TaskName 6/13/2025 (GreenStar 4 Monitor),Laudis/Tough,292,6/13/2025,1.001,On,1126.4,108.75,-6.250,7.847,11.51,5.410,269.59,19.99,20.02,0,4,103.35,6/13/2025,Good,8.007,0.0018,3.003,0.00067,0.00,0.00,0.00,4.004,0.00090,2.002,0.00045,19.89,0.571,0.00,0.00,0.00,0.00,0.00,0.00,0.00,0.00,0.00,0.00,0.00,0.00,0.029
-93.77236539,42.01667759,A3,TaskName 6/13/2025 (GreenStar 4 Monitor),Laudis/Tough,293,6/13/2025,0.999,On,1126.3,108.75,-6.250,7.886,11.54,5.083,269.82,19.99,19.98,0,4,103.85,6/13/2025,Good,7.993,0.0018,2.997,0.00067,0.00,0.00,0.00,3.997,0.00090,1.998,0.00045,19.85,0.572,0.00,0.00,0.00,0.00,0.00,0.00,0.00,0.00,0.00,0.00,0.00,0.00,0.029
-93.77240808,42.01667737,A3,TaskName 6/13/2025 (GreenStar 4 Monitor),Laudis/Tough,294,6/13/2025,1.001,On,1126.2,108.75,-6.250,7.904,11.60,4.986,270.21,19.99,19.95,0,4,104.17,6/13/2025,Good,7.980,0.0018,2.993,0.00068,0.00,0.00,0.00,3.990,0.00090,1.995,0.00045,19.82,0.574,0.00,0.00,0.00,0.00,0.00,0.00,0.00,0.00,0.00,0.00,0.00,0.00,0.029
-93.77245066,42.01667734,A3,TaskName 6/13/2025 (GreenStar 4 Monitor),Laudis/Tough,295,6/13/2025,1.000,On,1126.1,108.75,-6.250,7.875,11.54,5.076,269.93,19.99,19.99,0,4,103.71,6/13/2025,Good,7.994,0.0018,2.998,0.00067,0.00,0.00,0.00,3.997,0.00090,1.999,0.00045,19.86,0.572,0.00,0.00,0.00,0.00,0.00,0.00,0.00,0.00,0.00,0.00,0.00,0.00,0.029
-93.77249319,42.01667743,A3,TaskName 6/13/2025 (GreenStar 4 Monitor),Laudis/Tough,296,6/13/2025,1.000,On,1125.9,108.75,-6.250,7.924,11.60,4.933,269.56,19.99,19.97,0,4,104.27,6/13/2025,Good,7.990,0.0018,2.996,0.00068,0.00,0.00,0.00,3.995,0.00090,1.997,0.00045,19.84,0.575,0.00,0.00,0.00,0.00,0.00,0.00,0.00,0.00,0.00,0.00,0.00,0.00,0.029
-93.77251021,42.01667742,A3,TaskName 6/13/2025 (GreenStar 4 Monitor),Laudis/Tough,297,6/13/2025,0.399,On,1125.9,108.75,-6.250,7.872,4.613,5.149,269.56,19.99,19.92,0,4,103.91,6/13/2025,Good,7.967,0.00072,2.988,0.00027,0.00,0.00,0.00,3.983,0.00036,1.992,0.00018,19.79,0.228,0.00,0.00,0.00,0.00,0.00,0.00,0.00,0.00,0.00,0.00,0.00,0.00,0.012
-93.77252713,42.01667719,A3,TaskName 6/13/2025 (GreenStar 4 Monitor),Laudis/Tough,298,6/13/2025,0.400,On,1125.9,107.50,-6.875,7.855,4.603,4.927,269.74,19.99,20.00,0,4,102.25,6/13/2025,Good,7.999,0.00071,3.000,0.00027,0.00,0.00,0.00,3.999,0.00035,2.000,0.00018,19.87,0.226,0.00,0.00,0.00,0.00,0.00,0.00,0.00,0.00,0.00,0.00,0.00,0.00,0.011
-93.77253572,42.01667721,A3,TaskName 6/13/2025 (GreenStar 4 Monitor),Laudis/Tough,299,6/13/2025,0.200,On,1125.8,108.75,-6.250,7.854,2.303,4.557,269.74,19.99,20.06,0,4,103.51,6/13/2025,Good,8.022,0.00036,3.008,0.00014,0.00,0.00,0.00,4.011,0.00018,2.006,9.010e-05,19.93,0.115,0.00,0.00,0.00,0.00,0.00,0.00,0.00,0.00,0.00,0.00,0.00,0.00,0.0058
-93.77257805,42.01667696,A3,TaskName 6/13/2025 (GreenStar 4 Monitor),Laudis/Tough,300,6/13/2025,1.001,On,1125.8,107.50,-6.875,7.881,11.56,5.043,269.67,19.99,19.94,0,4,102.59,6/13/2025,Good,7.977,0.0018,2.992,0.00067,0.00,0.00,0.00,3.989,0.00089,1.994,0.00044,19.81,0.565,0.00,0.00,0.00,0.00,0.00,0.00,0.00,0.00,0.00,0.00,0.00,0.00,0.029
-93.77262015,42.01667688,A3,TaskName 6/13/2025 (GreenStar 4 Monitor),Laudis/Tough,301,6/13/2025,0.999,On,1125.8,107.50,-6.875,7.803,11.42,5.821,269.59,19.99,19.94,0,4,101.60,6/13/2025,Good,7.974,0.0018,2.990,0.00066,0.00,0.00,0.00,3.987,0.00088,1.994,0.00044,19.81,0.558,0.00,0.00,0.00,0.00,0.00,0.00,0.00,0.00,0.00,0.00,0.00,0.00,0.028
-93.77266242,42.01667658,A3,TaskName 6/13/2025 (GreenStar 4 Monitor),Laudis/Tough,302,6/13/2025,1.000,On,1125.7,107.50,-6.875,7.812,11.45,5.705,269.40,19.99,20.01,0,4,101.71,6/13/2025,Good,8.003,0.0018,3.001,0.00066,0.00,0.00,0.00,4.001,0.00088,2.001,0.00044,19.88,0.562,0.00,0.00,0.00,0.00,0.00,0.00,0.00,0.00,0.00,0.00,0.00,0.00,0.028
-93.77270509,42.01667638,A3,TaskName 6/13/2025 (GreenStar 4 Monitor),Laudis/Tough,303,6/13/2025,0.996,On,1125.7,107.50,-6.875,7.876,11.49,5.330,269.17,19.99,20.03,0,4,102.52,6/13/2025,Good,8.011,0.0018,3.004,0.00067,0.00,0.00,0.00,4.006,0.00089,2.003,0.00044,19.90,0.564,0.00,0.00,0.00,0.00,0.00,0.00,0.00,0.00,0.00,0.00,0.00,0.00,0.028
-93.77274736,42.01667585,A3,TaskName 6/13/2025 (GreenStar 4 Monitor),Laudis/Tough,304,6/13/2025,1.004,On,1125.6,107.50,-6.875,7.876,11.59,5.656,269.61,19.99,19.99,0,4,102.55,6/13/2025,Good,7.997,0.0018,2.999,0.00067,0.00,0.00,0.00,3.998,0.00089,1.999,0.00045,19.86,0.568,0.00,0.00,0.00,0.00,0.00,0.00,0.00,0.00,0.00,0.00,0.00,0.00,0.029
-93.77275593,42.01667567,A3,TaskName 6/13/2025 (GreenStar 4 Monitor),Laudis/Tough,305,6/13/2025,0.201,On,1125.6,107.50,-6.875,7.838,2.310,5.799,269.73,19.99,20.02,0,4,102.10,6/13/2025,Good,8.009,0.00036,3.004,0.00013,0.00,0.00,0.00,4.005,0.00018,2.002,8.918e-05,19.89,0.113,0.00,0.00,0.00,0.00,0.00,0.00,0.00,0.00,0.00,0.00,0.00,0.00,0.0057
-93.77276434,42.01667568,A3,TaskName 6/13/2025 (GreenStar 4 Monitor),Laudis/Tough,306,6/13/2025,0.199,On,1125.6,108.75,-6.250,7.867,2.294,5.746,269.77,19.99,19.95,0,4,103.58,6/13/2025,Good,7.980,0.00036,2.992,0.00013,0.00,0.00,0.00,3.990,0.00018,1.995,8.924e-05,19.82,0.113,0.00,0.00,0.00,0.00,0.00,0.00,0.00,0.00,0.00,0.00,0.00,0.00,0.0057
-93.77280699,42.01667543,A3,TaskName 6/13/2025 (GreenStar 4 Monitor),Laudis/Tough,307,6/13/2025,1.001,On,1125.6,107.50,-6.875,7.883,11.56,5.377,269.83,19.99,20.04,0,4,102.59,6/13/2025,Good,8.017,0.0018,3.006,0.00067,0.00,0.00,0.00,4.009,0.00089,2.004,0.00045,19.91,0.568,0.00,0.00,0.00,0.00,0.00,0.00,0.00,0.00,0.00,0.00,0.00,0.00,0.029
-93.77284976,42.01667558,A3,TaskName 6/13/2025 (GreenStar 4 Monitor),Laudis/Tough,308,6/13/2025,0.999,On,1125.5,107.50,-6.875,7.916,11.59,4.742,269.58,19.99,20.07,0,4,103.11,6/13/2025,Good,8.028,0.0018,3.010,0.00067,0.00,0.00,0.00,4.014,0.00090,2.007,0.00045,19.94,0.571,0.00,0.00,0.00,0.00,0.00,0.00,0.00,0.00,0.00,0.00,0.00,0.00,0.029
-93.77289212,42.01667526,A3,TaskName 6/13/2025 (GreenStar 4 Monitor),Laudis/Tough,309,6/13/2025,1.000,On,1125.5,107.50,-6.875,7.897,11.58,5.551,269.73,19.99,19.90,0,4,102.89,6/13/2025,Good,7.959,0.0018,2.985,0.00067,0.00,0.00,0.00,3.980,0.00089,1.990,0.00044,19.77,0.565,0.00,0.00,0.00,0.00,0.00,0.00,0.00,0.00,0.00,0.00,0.00,0.00,0.029
-93.77293504,42.01667508,A3,TaskName 6/13/2025 (GreenStar 4 Monitor),Laudis/Tough,310,6/13/2025,1.001,On,1125.4,107.50,-6.875,7.895,11.59,5.466,269.61,19.99,20.00,0,4,102.88,6/13/2025,Good,8.001,0.0018,3.000,0.00067,0.00,0.00,0.00,4.000,0.00089,2.000,0.00045,19.87,0.568,0.00,0.00,0.00,0.00,0.00,0.00,0.00,0.00,0.00,0.00,0.00,0.00,0.029
-93.77297777,42.01667493,A3,TaskName 6/13/2025 (GreenStar 4 Monitor),Laudis/Tough,311,6/13/2025,0.999,On,1125.3,107.50,-6.875,7.912,11.59,5.089,269.51,19.99,20.01,0,4,103.11,6/13/2025,Good,8.005,0.0018,3.002,0.00067,0.00,0.00,0.00,4.003,0.00089,2.001,0.00045,19.88,0.569,0.00,0.00,0.00,0.00,0.00,0.00,0.00,0.00,0.00,0.00,0.00,0.00,0.029
-93.77302046,42.01667466,A3,TaskName 6/13/2025 (GreenStar 4 Monitor),Laudis/Tough,312,6/13/2025,0.995,On,1125.2,107.50,-6.875,7.933,11.58,4.998,269.62,19.99,19.97,0,4,103.38,6/13/2025,Good,7.989,0.0018,2.996,0.00067,0.00,0.00,0.00,3.994,0.00089,1.997,0.00045,19.84,0.567,0.00,0.00,0.00,0.00,0.00,0.00,0.00,0.00,0.00,0.00,0.00,0.00,0.029
-93.77306307,42.01667450,A3,TaskName 6/13/2025 (GreenStar 4 Monitor),Laudis/Tough,313,6/13/2025,1.006,On,1125.2,107.50,-6.875,7.901,11.65,5.255,269.92,19.99,19.96,0,4,102.92,6/13/2025,Good,7.984,0.0018,2.994,0.00067,0.00,0.00,0.00,3.992,0.00090,1.996,0.00045,19.83,0.570,0.00,0.00,0.00,0.00,0.00,0.00,0.00,0.00,0.00,0.00,0.00,0.00,0.029
-93.77310548,42.01667436,A3,TaskName 6/13/2025 (GreenStar 4 Monitor),Laudis/Tough,314,6/13/2025,0.994,On,1125.1,107.50,-6.875,7.857,11.46,5.562,269.96,19.99,19.93,0,4,102.40,6/13/2025,Good,7.972,0.0018,2.989,0.00066,0.00,0.00,0.00,3.986,0.00088,1.993,0.00044,19.80,0.560,0.00,0.00,0.00,0.00,0.00,0.00,0.00,0.00,0.00,0.00,0.00,0.00,0.028
-93.77314832,42.01667455,A3,TaskName 6/13/2025 (GreenStar 4 Monitor),Laudis/Tough,315,6/13/2025,1.005,On,1125.1,107.50,-6.875,7.918,11.67,5.165,269.59,19.99,19.98,0,4,103.16,6/13/2025,Good,7.993,0.0018,2.997,0.00067,0.00,0.00,0.00,3.996,0.00090,1.998,0.00045,19.85,0.572,0.00,0.00,0.00,0.00,0.00,0.00,0.00,0.00,0.00,0.00,0.00,0.00,0.029
-93.77319084,42.01667434,A3,TaskName 6/13/2025 (GreenStar 4 Monitor),Laudis/Tough,316,6/13/2025,1.000,On,1125.0,107.50,-6.875,7.910,11.60,5.385,269.71,19.99,19.94,0,4,103.07,6/13/2025,Good,7.978,0.0018,2.992,0.00067,0.00,0.00,0.00,3.989,0.00089,1.994,0.00045,19.81,0.567,0.00,0.00,0.00,0.00,0.00,0.00,0.00,0.00,0.00,0.00,0.00,0.00,0.029
-93.77323361,42.01667400,A3,TaskName 6/13/2025 (GreenStar 4 Monitor),Laudis/Tough,317,6/13/2025,1.000,On,1124.9,107.50,-6.875,7.882,11.56,5.126,269.87,19.99,19.96,0,4,102.72,6/13/2025,Good,7.985,0.0018,2.994,0.00067,0.00,0.00,0.00,3.992,0.00089,1.996,0.00044,19.83,0.566,0.00,0.00,0.00,0.00,0.00,0.00,0.00,0.00,0.00,0.00,0.00,0.00,0.029
-93.77327645,42.01667394,A3,TaskName 6/13/2025 (GreenStar 4 Monitor),Laudis/Tough,318,6/13/2025,1.001,On,1124.9,107.50,-6.875,7.936,11.65,4.879,269.98,19.99,20.02,0,4,103.40,6/13/2025,Good,8.008,0.0018,3.003,0.00067,0.00,0.00,0.00,4.004,0.00090,2.002,0.00045,19.89,0.572,0.00,0.00,0.00,0.00,0.00,0.00,0.00,0.00,0.00,0.00,0.00,0.00,0.029
-93.77331893,42.01667394,A3,TaskName 6/13/2025 (GreenStar 4 Monitor),Laudis/Tough,319,6/13/2025,0.994,On,1124.7,107.50,-6.875,7.899,11.52,5.190,269.95,19.99,20.01,0,4,102.93,6/13/2025,Good,8.003,0.0018,3.001,0.00067,0.00,0.00,0.00,4.002,0.00089,2.001,0.00044,19.88,0.565,0.00,0.00,0.00,0.00,0.00,0.00,0.00,0.00,0.00,0.00,0.00,0.00,0.028
-93.77336154,42.01667405,A3,TaskName 6/13/2025 (GreenStar 4 Monitor),Laudis/Tough,320,6/13/2025,1.001,On,1124.7,107.50,-6.875,7.891,11.58,5.222,269.63,19.99,19.95,0,4,102.82,6/13/2025,Good,7.979,0.0018,2.992,0.00067,0.00,0.00,0.00,3.989,0.00089,1.995,0.00045,19.82,0.567,0.00,0.00,0.00,0.00,0.00,0.00,0.00,0.00,0.00,0.00,0.00,0.00,0.029
-93.77340434,42.01667388,A3,TaskName 6/13/2025 (GreenStar 4 Monitor),Laudis/Tough,321,6/13/2025,1.004,On,1124.5,107.50,-6.875,7.922,11.66,5.119,269.74,19.99,19.98,0,4,103.21,6/13/2025,Good,7.991,0.0018,2.997,0.00067,0.00,0.00,0.00,3.995,0.00090,1.998,0.00045,19.85,0.571,0.00,0.00,0.00,0.00,0.00,0.00,0.00,0.00,0.00,0.00,0.00,0.00,0.029
-93.77344664,42.01667373,A3,TaskName 6/13/2025 (GreenStar 4 Monitor),Laudis/Tough,322,6/13/2025,0.996,On,1124.4,107.50,-6.875,7.890,11.52,5.209,269.70,19.99,19.99,0,4,102.72,6/13/2025,Good,7.997,0.0018,2.999,0.00067,0.00,0.00,0.00,3.998,0.00089,1.999,0.00044,19.86,0.564,0.00,0.00,0.00,0.00,0.00,0.00,0.00,0.00,0.00,0.00,0.00,0.00,0.028
-93.77348971,42.01667358,A3,TaskName 6/13/2025 (GreenStar 4 Monitor),Laudis/Tough,323,6/13/2025,1.004,On,1124.3,107.50,-6.875,7.915,11.67,4.498,269.86,19.99,20.03,0,4,103.24,6/13/2025,Good,8.014,0.0018,3.005,0.00068,0.00,0.00,0.00,4.007,0.00090,2.003,0.00045,19.90,0.573,0.00,0.00,0.00,0.00,0.00,0.00,0.00,0.00,0.00,0.00,0.00,0.00,0.029
-93.77353205,42.01667335,A3,TaskName 6/13/2025 (GreenStar 4 Monitor),Laudis/Tough,324,6/13/2025,0.996,On,1124.1,107.50,-6.875,7.883,11.51,4.950,270.30,19.99,19.99,0,4,102.69,6/13/2025,Good,7.995,0.0018,2.998,0.00067,0.00,0.00,0.00,3.997,0.00089,1.999,0.00044,19.86,0.564,0.00,0.00,0.00,0.00,0.00,0.00,0.00,0.00,0.00,0.00,0.00,0.00,0.028
-93.77357488,42.01667341,A3,TaskName 6/13/2025 (GreenStar 4 Monitor),Laudis/Tough,325,6/13/2025,1.005,On,1124.0,107.50,-6.875,7.878,11.61,4.903,270.19,19.99,19.90,0,4,102.64,6/13/2025,Good,7.960,0.0018,2.985,0.00067,0.00,0.00,0.00,3.980,0.00089,1.990,0.00045,19.77,0.566,0.00,0.00,0.00,0.00,0.00,0.00,0.00,0.00,0.00,0.00,0.00,0.00,0.029
-93.77361769,42.01667356,A3,TaskName 6/13/2025 (GreenStar 4 Monitor),Laudis/Tough,326,6/13/2025,0.994,On,1123.9,107.50,-6.875,7.969,11.62,4.046,270.07,19.99,19.95,0,4,103.84,6/13/2025,Good,7.981,0.0018,2.993,0.00067,0.00,0.00,0.00,3.990,0.00089,1.995,0.00045,19.82,0.568,0.00,0.00,0.00,0.00,0.00,0.00,0.00,0.00,0.00,0.00,0.00,0.00,0.029
-93.77366018,42.01667371,A3,TaskName 6/13/2025 (GreenStar 4 Monitor),Laudis/Tough,327,6/13/2025,1.001,On,1123.6,106.25,-7.500,7.889,11.57,5.022,269.86,19.99,19.92,0,4,101.48,6/13/2025,Good,7.970,0.0018,2.989,0.00066,0.00,0.00,0.00,3.985,0.00088,1.992,0.00044,19.80,0.559,0.00,0.00,0.00,0.00,0.00,0.00,0.00,0.00,0.00,0.00,0.00,0.00,0.028
-93.77370347,42.01667362,A3,TaskName 6/13/2025 (GreenStar 4 Monitor),Laudis/Tough,328,6/13/2025,1.000,On,1123.4,106.25,-7.500,7.948,11.65,4.542,269.71,19.99,19.96,0,4,102.33,6/13/2025,Good,7.984,0.0018,2.994,0.00066,0.00,0.00,0.00,3.992,0.00089,1.996,0.00044,19.83,0.564,0.00,0.00,0.00,0.00,0.00,0.00,0.00,0.00,0.00,0.00,0.00,0.00,0.028
-93.77374591,42.01667371,A3,TaskName 6/13/2025 (GreenStar 4 Monitor),Laudis/Tough,329,6/13/2025,1.000,On,1123.2,106.25,-7.500,7.935,11.65,4.770,269.13,19.99,20.04,0,4,102.30,6/13/2025,Good,8.015,0.0018,3.006,0.00067,0.00,0.00,0.00,4.008,0.00089,2.004,0.00044,19.91,0.566,0.00,0.00,0.00,0.00,0.00,0.00,0.00,0.00,0.00,0.00,0.00,0.00,0.028
-93.77378882,42.01667341,A3,TaskName 6/13/2025 (GreenStar 4 Monitor),Laudis/Tough,330,6/13/2025,0.999,On,1123.0,106.25,-7.500,7.915,11.59,4.656,268.96,19.99,20.03,0,4,101.91,6/13/2025,Good,8.014,0.0018,3.005,0.00066,0.00,0.00,0.00,4.007,0.00089,2.003,0.00044,19.90,0.563,0.00,0.00,0.00,0.00,0.00,0.00,0.00,0.00,0.00,0.00,0.00,0.00,0.028
-93.77383184,42.01667261,A3,TaskName 6/13/2025 (GreenStar 4 Monitor),Laudis/Tough,331,6/13/2025,1.006,On,1122.9,106.25,-7.500,7.971,11.75,5.016,269.53,19.99,20.01,0,4,102.55,6/13/2025,Good,8.005,0.0018,3.002,0.00067,0.00,0.00,0.00,4.003,0.00090,2.001,0.00045,19.88,0.570,0.00,0.00,0.00,0.00,0.00,0.00,0.00,0.00,0.00,0.00,0.00,0.00,0.029
-93.77387439,42.01667244,A3,TaskName 6/13/2025 (GreenStar 4 Monitor),Laudis/Tough,332,6/13/2025,0.999,On,1122.6,106.25,-7.500,7.913,11.60,4.792,269.42,19.99,20.02,0,4,102.00,6/13/2025,Good,8.008,0.0018,3.003,0.00066,0.00,0.00,0.00,4.004,0.00089,2.002,0.00044,19.89,0.563,0.00,0.00,0.00,0.00,0.00,0.00,0.00,0.00,0.00,0.00,0.00,0.00,0.028
-93.77391743,42.01667226,A3,TaskName 6/13/2025 (GreenStar 4 Monitor),Laudis/Tough,333,6/13/2025,0.995,On,1122.4,106.25,-7.500,7.950,11.60,4.707,269.35,19.99,19.90,0,4,102.38,6/13/2025,Good,7.960,0.0018,2.985,0.00066,0.00,0.00,0.00,3.980,0.00088,1.990,0.00044,19.77,0.559,0.00,0.00,0.00,0.00,0.00,0.00,0.00,0.00,0.00,0.00,0.00,0.00,0.028
-93.77395132,42.01667190,A3,TaskName 6/13/2025 (GreenStar 4 Monitor),Laudis/Tough,334,6/13/2025,0.806,On,1122.2,106.25,-7.500,7.955,9.402,5.348,269.82,19.99,19.99,0,4,102.43,6/13/2025,Good,7.995,0.0014,2.998,0.00054,0.00,0.00,0.00,3.998,0.00072,1.999,0.00036,19.86,0.455,0.00,0.00,0.00,0.00,0.00,0.00,0.00,0.00,0.00,0.00,0.00,0.00,0.023
-93.77396000,42.01667184,A3,TaskName 6/13/2025 (GreenStar 4 Monitor),Laudis/Tough,335,6/13/2025,0.195,On,1122.1,103.75,-6.250,7.849,2.245,5.204,269.87,19.99,19.96,0,4,98.73,6/13/2025,Good,7.984,0.00033,2.994,0.00013,0.00,0.00,0.00,3.992,0.00017,1.996,8.339e-05,19.83,0.106,0.00,0.00,0.00,0.00,0.00,0.00,0.00,0.00,0.00,0.00,0.00,0.00,0.0053
-93.77396843,42.01667183,A3,TaskName 6/13/2025 (GreenStar 4 Monitor),Laudis/Tough,336,6/13/2025,0.205,On,1122.0,102.50,-5.625,7.861,2.364,5.402,269.88,19.99,20.13,0,4,97.67,6/13/2025,Good,8.052,0.00035,3.020,0.00013,0.00,0.00,0.00,4.026,0.00017,2.013,8.747e-05,20.00,0.111,0.00,0.00,0.00,0.00,0.00,0.00,0.00,0.00,0.00,0.00,0.00,0.00,0.0056
-93.77397697,42.01667181,A3,TaskName 6/13/2025 (GreenStar 4 Monitor),Laudis/Tough,337,6/13/2025,0.200,On,1122.0,100.00,-4.375,7.876,2.298,5.614,269.93,19.99,20.08,0,4,94.95,6/13/2025,Good,8.031,0.00033,3.012,0.00012,0.00,0.00,0.00,4.015,0.00017,2.008,8.274e-05,19.95,0.105,0.00,0.00,0.00,0.00,0.00,0.00,0.00,0.00,0.00,0.00,0.00,0.00,0.0053
-93.77398554,42.01667173,A3,TaskName 6/13/2025 (GreenStar 4 Monitor),Laudis/Tough,338,6/13/2025,0.200,On,1121.9,98.75,-3.750,7.881,2.324,5.046,269.98,19.99,20.14,0,4,94.84,6/13/2025,Good,8.057,0.00033,3.021,0.00012,0.00,0.00,0.00,4.028,0.00017,2.014,8.291e-05,20.01,0.105,0.00,0.00,0.00,0.00,0.00,0.00,0.00,0.00,0.00,0.00,0.00,0.00,0.0053
-93.77399427,42.01667169,A3,TaskName 6/13/2025 (GreenStar 4 Monitor),Laudis/Tough,339,6/13/2025,0.194,On,1121.9,96.25,-2.500,7.899,2.249,4.491,270.02,19.99,20.07,0,4,92.20,6/13/2025,Good,8.027,0.00031,3.010,0.00012,0.00,0.00,0.00,4.013,0.00016,2.007,7.789e-05,19.94,0.099,0.00,0.00,0.00,0.00,0.00,0.00,0.00,0.00,0.00,0.00,0.00,0.00,0.0050
-93.77400308,42.01667174,A3,TaskName 6/13/2025 (GreenStar 4 Monitor),Laudis/Tough,340,6/13/2025,0.205,On,1121.9,95.00,-1.875,7.950,2.390,4.200,270.01,19.99,20.09,0,4,91.52,6/13/2025,Good,8.035,0.00033,3.013,0.00012,0.00,0.00,0.00,4.018,0.00016,2.009,8.179e-05,19.96,0.104,0.00,0.00,0.00,0.00,0.00,0.00,0.00,0.00,0.00,0.00,0.00,0.00,0.0052
-93.77401179,42.01667177,A3,TaskName 6/13/2025 (GreenStar 4 Monitor),Laudis/Tough,341,6/13/2025,0.200,On,1121.8,92.50,-0.625,8.019,2.354,4.570,270.02,19.99,20.22,0,4,89.96,6/13/2025,Good,8.086,0.00032,3.032,0.00012,0.00,0.00,0.00,4.043,0.00016,2.022,7.894e-05,20.08,0.100,0.00,0.00,0.00,0.00,0.00,0.00,0.00,0.00,0.00,0.00,0.00,0.00,0.0050
-93.77402036,42.01667174,A3,TaskName 6/13/2025 (GreenStar 4 Monitor),Laudis/Tough,342,6/13/2025,0.196,On,1121.8,91.25,5.560e-06,8.055,2.314,4.702,270.01,19.99,20.06,0,4,89.05,6/13/2025,Good,8.022,0.00030,3.008,0.00011,0.00,0.00,0.00,4.011,0.00015,2.006,7.596e-05,19.93,0.097,0.00,0.00,0.00,0.00,0.00,0.00,0.00,0.00,0.00,0.00,0.00,0.00,0.0048
-93.77402892,42.01667181,A3,TaskName 6/13/2025 (GreenStar 4 Monitor),Laudis/Tough,343,6/13/2025,0.204,On,1121.8,88.75,1.250,8.035,2.403,4.782,269.91,19.99,19.98,0,4,86.39,6/13/2025,Good,7.992,0.00031,2.997,0.00011,0.00,0.00,0.00,3.996,0.00015,1.998,7.642e-05,19.85,0.097,0.00,0.00,0.00,0.00,0.00,0.00,0.00,0.00,0.00,0.00,0.00,0.00,0.0049
-93.77403736,42.01667191,A3,TaskName 6/13/2025 (GreenStar 4 Monitor),Laudis/Tough,344,6/13/2025,0.195,On,1121.7,87.50,1.875,7.997,2.288,5.072,269.81,19.99,20.14,0,4,84.85,6/13/2025,Good,8.057,0.00029,3.021,0.00011,0.00,0.00,0.00,4.028,0.00014,2.014,7.232e-05,20.01,0.092,0.00,0.00,0.00,0.00,0.00,0.00,0.00,0.00,0.00,0.00,0.00,0.00,0.0046
-93.77404574,42.01667188,A3,TaskName 6/13/2025 (GreenStar 4 Monitor),Laudis/Tough,345,6/13/2025,0.206,On,1121.6,86.25,2.500,7.937,2.386,5.726,269.79,19.99,20.22,0,4,82.58,6/13/2025,Good,8.086,0.00030,3.032,0.00011,0.00,0.00,0.00,4.043,0.00015,2.022,7.463e-05,20.08,0.095,0.00,0.00,0.00,0.00,0.00,0.00,0.00,0.00,0.00,0.00,0.00,0.00,0.0047
-93.77405434,42.01667188,A3,TaskName 6/13/2025 (GreenStar 4 Monitor),Laudis/Tough,346,6/13/2025,0.200,On,1121.6,83.75,3.750,7.870,2.308,5.468,269.81,19.99,20.17,0,4,79.86,6/13/2025,Good,8.069,0.00028,3.026,0.00010,0.00,0.00,0.00,4.035,0.00014,2.017,6.993e-05,20.04,0.089,0.00,0.00,0.00,0.00,0.00,0.00,0.00,0.00,0.00,0.00,0.00,0.00,0.0044
-93.77406290,42.01667185,A3,TaskName 6/13/2025 (GreenStar 4 Monitor),Laudis/Tough,347,6/13/2025,0.194,On,1121.5,82.50,4.375,7.865,2.249,5.085,269.79,19.99,20.16,0,4,79.03,6/13/2025,Good,8.065,0.00027,3.024,0.00010,0.00,0.00,0.00,4.033,0.00013,2.016,6.709e-05,20.03,0.085,0.00,0.00,0.00,0.00,0.00,0.00,0.00,0.00,0.00,0.00,0.00,0.00,0.0043
-93.77407125,42.01667189,A3,TaskName 6/13/2025 (GreenStar 4 Monitor),Laudis/Tough,348,6/13/2025,0.200,On,1121.5,81.25,5.000,7.892,2.314,5.112,269.71,19.99,20.11,0,4,77.70,6/13/2025,Good,8.044,0.00027,3.016,0.00010,0.00,0.00,0.00,4.022,0.00014,2.011,6.782e-05,19.98,0.086,0.00,0.00,0.00,0.00,0.00,0.00,0.00,0.00,0.00,0.00,0.00,0.00,0.0043
-93.77407978,42.01667189,A3,TaskName 6/13/2025 (GreenStar 4 Monitor),Laudis/Tough,349,6/13/2025,0.201,On,1121.5,78.75,6.250,7.874,2.311,5.277,269.70,19.99,20.09,0,4,74.83,6/13/2025,Good,8.035,0.00026,3.013,9.835e-05,0.00,0.00,0.00,4.018,0.00013,2.009,6.557e-05,19.96,0.083,0.00,0.00,0.00,0.00,0.00,0.00,0.00,0.00,0.00,0.00,0.00,0.00,0.0042
-93.77408845,42.01667183,A3,TaskName 6/13/2025 (GreenStar 4 Monitor),Laudis/Tough,350,6/13/2025,0.200,On,1121.5,77.50,6.875,7.881,2.311,4.788,269.77,19.99,20.16,0,4,74.01,6/13/2025,Good,8.065,0.00026,3.024,9.715e-05,0.00,0.00,0.00,4.033,0.00013,2.016,6.477e-05,20.03,0.082,0.00,0.00,0.00,0.00,0.00,0.00,0.00,0.00,0.00,0.00,0.00,0.00,0.0041
-93.77409697,42.01667178,A3,TaskName 6/13/2025 (GreenStar 4 Monitor),Laudis/Tough,351,6/13/2025,0.200,On,1121.4,75.00,8.125,7.921,2.334,4.735,269.75,19.99,20.14,0,4,72.33,6/13/2025,Good,8.057,0.00025,3.021,9.485e-05,0.00,0.00,0.00,4.028,0.00013,2.014,6.323e-05,20.01,0.080,0.00,0.00,0.00,0.00,0.00,0.00,0.00,0.00,0.00,0.00,0.00,0.00,0.0040
-93.77410559,42.01667185,A3,TaskName 6/13/2025 (GreenStar 4 Monitor),Laudis/Tough,352,6/13/2025,0.204,On,1121.4,73.75,8.750,7.934,2.373,4.465,269.65,19.99,20.28,0,4,70.91,6/13/2025,Good,8.112,0.00025,3.042,9.550e-05,0.00,0.00,0.00,4.056,0.00013,2.028,6.366e-05,20.15,0.081,0.00,0.00,0.00,0.00,0.00,0.00,0.00,0.00,0.00,0.00,0.00,0.00,0.0040
-93.77411428,42.01667178,A3,TaskName 6/13/2025 (GreenStar 4 Monitor),Laudis/Tough,353,6/13/2025,0.196,On,1121.3,71.25,10.000,7.941,2.281,4.233,269.72,19.99,20.21,0,4,68.54,6/13/2025,Good,8.082,0.00024,3.031,8.836e-05,0.00,0.00,0.00,4.041,0.00012,2.021,5.891e-05,20.07,0.075,0.00,0.00,0.00,0.00,0.00,0.00,0.00,0.00,0.00,0.00,0.00,0.00,0.0037
-93.77412298,42.01667166,A3,TaskName 6/13/2025 (GreenStar 4 Monitor),Laudis/Tough,354,6/13/2025,0.205,On,1121.3,70.00,10.62,7.968,2.398,4.081,269.84,19.99,20.19,0,4,67.66,6/13/2025,Good,8.078,0.00024,3.029,9.118e-05,0.00,0.00,0.00,4.039,0.00012,2.019,6.079e-05,20.06,0.077,0.00,0.00,0.00,0.00,0.00,0.00,0.00,0.00,0.00,0.00,0.00,0.00,0.0039
-93.77413142,42.01667168,A3,TaskName 6/13/2025 (GreenStar 4 Monitor),Laudis/Tough,355,6/13/2025,0.199,On,1121.3,67.50,11.87,7.990,2.332,4.332,269.81,19.99,20.13,0,4,65.37,6/13/2025,Good,8.052,0.00023,3.020,8.525e-05,0.00,0.00,0.00,4.026,0.00011,2.013,5.683e-05,20.00,0.072,0.00,0.00,0.00,0.00,0.00,0.00,0.00,0.00,0.00,0.00,0.00,0.00,0.0036
-93.77413995,42.01667159,A3,TaskName 6/13/2025 (GreenStar 4 Monitor),Laudis/Tough,356,6/13/2025,0.200,On,1121.3,66.25,12.50,7.963,2.339,4.372,269.84,19.99,20.14,0,4,64.02,6/13/2025,Good,8.057,0.00022,3.021,8.395e-05,0.00,0.00,0.00,4.028,0.00011,2.014,5.597e-05,20.01,0.071,0.00,0.00,0.00,0.00,0.00,0.00,0.00,0.00,0.00,0.00,0.00,0.00,0.0036
-93.77414848,42.01667154,A3,TaskName 6/13/2025 (GreenStar 4 Monitor),Laudis/Tough,357,6/13/2025,0.196,On,1121.2,63.75,13.75,7.934,2.270,4.484,269.91,19.99,20.14,0,4,61.01,6/13/2025,Good,8.057,0.00021,3.021,7.840e-05,0.00,0.00,0.00,4.028,0.00010,2.014,5.227e-05,20.01,0.066,0.00,0.00,0.00,0.00,0.00,0.00,0.00,0.00,0.00,0.00,0.00,0.00,0.0033
-93.77415704,42.01667156,A3,TaskName 6/13/2025 (GreenStar 4 Monitor),Laudis/Tough,358,6/13/2025,0.199,On,1121.2,62.50,14.37,7.919,2.325,4.438,269.92,19.99,20.24,0,4,60.36,6/13/2025,Good,8.095,0.00021,3.036,7.913e-05,0.00,0.00,0.00,4.048,0.00011,2.024,5.275e-05,20.11,0.067,0.00,0.00,0.00,0.00,0.00,0.00,0.00,0.00,0.00,0.00,0.00,0.00,0.0033
-93.77416556,42.01667154,A3,TaskName 6/13/2025 (GreenStar 4 Monitor),Laudis/Tough,359,6/13/2025,0.201,On,1121.1,60.00,15.62,7.919,2.335,5.501,269.95,19.99,20.18,0,4,57.61,6/13/2025,Good,8.074,0.00020,3.028,7.608e-05,0.00,0.00,0.00,4.037,0.00010,2.018,5.072e-05,20.05,0.065,0.00,0.00,0.00,0.00,0.00,0.00,0.00,0.00,0.00,0.00,0.00,0.00,0.0032
-93.77417401,42.01667159,A3,TaskName 6/13/2025 (GreenStar 4 Monitor),Laudis/Tough,360,6/13/2025,0.199,On,1121.1,58.75,16.25,7.912,2.309,5.422,270.01,19.99,20.27,0,4,56.34,6/13/2025,Good,8.108,0.00020,3.040,7.397e-05,0.00,0.00,0.00,4.054,9.863e-05,2.027,4.932e-05,20.14,0.063,0.00,0.00,0.00,0.00,0.00,0.00,0.00,0.00,0.00,0.00,0.00,0.00,0.0031
-93.77418250,42.01667152,A3,TaskName 6/13/2025 (GreenStar 4 Monitor),Laudis/Tough,361,6/13/2025,0.206,On,1121.1,56.25,17.50,7.894,2.385,5.468,270.05,19.99,19.94,0,4,53.81,6/13/2025,Good,7.975,0.00019,2.991,7.194e-05,0.00,0.00,0.00,3.988,9.593e-05,1.994,4.796e-05,19.81,0.061,0.00,0.00,0.00,0.00,0.00,0.00,0.00,0.00,0.00,0.00,0.00,0.00,0.0031
-93.77419081,42.01667147,A3,TaskName 6/13/2025 (GreenStar 4 Monitor),Laudis/Tough,362,6/13/2025,0.194,On,1121.1,55.00,18.12,7.876,2.243,5.805,270.09,19.99,20.18,0,4,52.56,6/13/2025,Good,8.074,0.00018,3.028,6.700e-05,0.00,0.00,0.00,4.037,8.933e-05,2.018,4.467e-05,20.05,0.057,0.00,0.00,0.00,0.00,0.00,0.00,0.00,0.00,0.00,0.00,0.00,0.00,0.0028
-93.77419943,42.01667141,A3,TaskName 6/13/2025 (GreenStar 4 Monitor),Laudis/Tough,363,6/13/2025,0.201,On,1121.0,52.50,19.37,7.836,2.299,5.429,270.18,19.99,20.41,0,4,49.63,6/13/2025,Good,8.163,0.00018,3.061,6.627e-05,0.00,0.00,0.00,4.082,8.837e-05,2.041,4.418e-05,20.28,0.056,0.00,0.00,0.00,0.00,0.00,0.00,0.00,0.00,0.00,0.00,0.00,0.00,0.0028
-93.77420792,42.01667141,A3,TaskName 6/13/2025 (GreenStar 4 Monitor),Laudis/Tough,364,6/13/2025,0.200,On,1121.0,51.25,20.00,7.843,2.312,4.986,270.26,19.99,20.10,0,4,48.97,6/13/2025,Good,8.039,0.00017,3.015,6.408e-05,0.00,0.00,0.00,4.020,8.544e-05,2.010,4.272e-05,19.97,0.054,0.00,0.00,0.00,0.00,0.00,0.00,0.00,0.00,0.00,0.00,0.00,0.00,0.0027
-93.77421666,42.01667141,A3,TaskName 6/13/2025 (GreenStar 4 Monitor),Laudis/Tough,365,6/13/2025,0.199,On,1120.9,48.75,21.25,7.881,2.302,5.046,270.36,19.99,20.40,0,4,46.62,6/13/2025,Good,8.159,0.00016,3.060,6.160e-05,0.00,0.00,0.00,4.080,8.213e-05,2.040,4.106e-05,20.27,0.052,0.00,0.00,0.00,0.00,0.00,0.00,0.00,0.00,0.00,0.00,0.00,0.00,0.0026
-93.77422519,42.01667146,A3,TaskName 6/13/2025 (GreenStar 4 Monitor),Laudis/Tough,366,6/13/2025,0.206,On,1121.0,47.50,21.87,7.941,2.401,5.184,270.40,19.99,20.24,0,4,45.75,6/13/2025,Good,8.095,0.00017,3.036,6.209e-05,0.00,0.00,0.00,4.048,8.279e-05,2.024,4.139e-05,20.11,0.053,0.00,0.00,0.00,0.00,0.00,0.00,0.00,0.00,0.00,0.00,0.00,0.00,0.0026
-93.77423379,42.01667143,A3,TaskName 6/13/2025 (GreenStar 4 Monitor),Laudis/Tough,367,6/13/2025,0.195,On,1121.0,46.25,22.50,7.961,2.280,4.907,270.37,19.99,20.14,0,4,44.68,6/13/2025,Good,8.057,0.00015,3.021,5.713e-05,0.00,0.00,0.00,4.028,7.617e-05,2.014,3.808e-05,20.01,0.048,0.00,0.00,0.00,0.00,0.00,0.00,0.00,0.00,0.00,0.00,0.00,0.00,0.0024
-93.77424224,42.01667147,A3,TaskName 6/13/2025 (GreenStar 4 Monitor),Laudis/Tough,368,6/13/2025,0.199,On,1121.0,43.75,23.75,7.966,2.325,4.953,270.19,19.99,20.28,0,4,42.25,6/13/2025,Good,8.112,0.00015,3.042,5.551e-05,0.00,0.00,0.00,4.056,7.401e-05,2.028,3.701e-05,20.15,0.047,0.00,0.00,0.00,0.00,0.00,0.00,0.00,0.00,0.00,0.00,0.00,0.00,0.0023
-93.77425084,42.01667165,A3,TaskName 6/13/2025 (GreenStar 4 Monitor),Laudis/Tough,369,6/13/2025,0.201,On,1120.9,42.50,24.37,7.939,2.329,4.914,269.95,19.99,20.30,0,4,40.69,6/13/2025,Good,8.121,0.00014,3.045,5.405e-05,0.00,0.00,0.00,4.060,7.207e-05,2.030,3.604e-05,20.17,0.046,0.00,0.00,0.00,0.00,0.00,0.00,0.00,0.00,0.00,0.00,0.00,0.00,0.0023
-93.77425942,42.01667171,A3,TaskName 6/13/2025 (GreenStar 4 Monitor),Laudis/Tough,370,6/13/2025,0.199,On,1120.9,40.00,25.62,7.925,2.325,5.396,269.77,19.99,20.19,0,4,38.63,6/13/2025,Good,8.078,0.00013,3.029,5.054e-05,0.00,0.00,0.00,4.039,6.738e-05,2.019,3.369e-05,20.06,0.043,0.00,0.00,0.00,0.00,0.00,0.00,0.00,0.00,0.00,0.00,0.00,0.00,0.0021
-93.77426800,42.01667180,A3,TaskName 6/13/2025 (GreenStar 4 Monitor),Laudis/Tough,371,6/13/2025,0.205,On,1120.8,38.75,26.25,7.930,2.385,5.283,269.67,19.99,20.19,0,4,37.25,6/13/2025,Good,8.078,0.00013,3.029,5.020e-05,0.00,0.00,0.00,4.039,6.693e-05,2.019,3.347e-05,20.06,0.043,0.00,0.00,0.00,0.00,0.00,0.00,0.00,0.00,0.00,0.00,0.00,0.00,0.0021
-93.77427633,42.01667180,A3,TaskName 6/13/2025 (GreenStar 4 Monitor),Laudis/Tough,372,6/13/2025,0.196,On,1120.9,36.25,27.50,7.939,2.283,5.587,269.58,19.99,20.27,0,4,34.89,6/13/2025,Good,8.108,0.00012,3.040,4.512e-05,0.00,0.00,0.00,4.054,6.017e-05,2.027,3.008e-05,20.14,0.038,0.00,0.00,0.00,0.00,0.00,0.00,0.00,0.00,0.00,0.00,0.00,0.00,0.0019
-93.77428471,42.01667180,A3,TaskName 6/13/2025 (GreenStar 4 Monitor),Laudis/Tough,373,6/13/2025,0.199,On,1120.9,35.00,28.12,7.899,2.306,5.468,269.48,19.99,20.19,0,4,33.52,6/13/2025,Good,8.078,0.00012,3.029,4.384e-05,0.00,0.00,0.00,4.039,5.846e-05,2.019,2.923e-05,20.06,0.037,0.00,0.00,0.00,0.00,0.00,0.00,0.00,0.00,0.00,0.00,0.00,0.00,0.0019
-93.77429329,42.01667186,A3,TaskName 6/13/2025 (GreenStar 4 Monitor),Laudis/Tough,374,6/13/2025,0.200,On,1120.8,32.50,29.37,7.847,2.302,5.224,269.40,19.99,20.31,0,4,30.92,6/13/2025,Good,8.125,0.00011,3.047,4.089e-05,0.00,0.00,0.00,4.062,5.452e-05,2.031,2.726e-05,20.18,0.035,0.00,0.00,0.00,0.00,0.00,0.00,0.00,0.00,0.00,0.00,0.00,0.00,0.0017
-93.77430180,42.01667198,A3,TaskName 6/13/2025 (GreenStar 4 Monitor),Laudis/Tough,375,6/13/2025,0.200,On,1120.8,31.25,30.00,7.845,2.302,5.501,269.27,19.99,20.18,0,4,29.73,6/13/2025,Good,8.074,0.00010,3.028,3.907e-05,0.00,0.00,0.00,4.037,5.209e-05,2.018,2.605e-05,20.05,0.033,0.00,0.00,0.00,0.00,0.00,0.00,0.00,0.00,0.00,0.00,0.00,0.00,0.0017
-93.77431052,42.01667194,A3,TaskName 6/13/2025 (GreenStar 4 Monitor),Laudis/Tough,376,6/13/2025,0.205,On,1120.7,28.75,31.25,7.861,2.365,5.046,269.21,19.99,20.25,0,4,27.41,6/13/2025,Good,8.099,9.876e-05,3.037,3.704e-05,0.00,0.00,0.00,4.050,4.938e-05,2.025,2.469e-05,20.12,0.031,0.00,0.00,0.00,0.00,0.00,0.00,0.00,0.00,0.00,0.00,0.00,0.00,0.0016
-93.77431908,42.01667186,A3,TaskName 6/13/2025 (GreenStar 4 Monitor),Laudis/Tough,377,6/13/2025,0.196,On,1120.7,27.50,31.87,7.908,2.276,4.828,269.24,19.99,20.32,0,4,26.39,6/13/2025,Good,8.129,9.126e-05,3.048,3.422e-05,0.00,0.00,0.00,4.065,4.563e-05,2.032,2.282e-05,20.19,0.029,0.00,0.00,0.00,0.00,0.00,0.00,0.00,0.00,0.00,0.00,0.00,0.00,0.0014
-93.77432757,42.01667170,A3,TaskName 6/13/2025 (GreenStar 4 Monitor),Laudis/Tough,378,6/13/2025,0.200,On,1120.7,25.00,33.12,7.941,2.332,4.808,269.35,19.99,20.09,0,4,24.09,6/13/2025,Good,8.035,8.402e-05,3.013,3.151e-05,0.00,0.00,0.00,4.018,4.201e-05,2.009,2.100e-05,19.96,0.027,0.00,0.00,0.00,0.00,0.00,0.00,0.00,0.00,0.00,0.00,0.00,0.00,0.0013
-93.77433602,42.01667154,A3,TaskName 6/13/2025 (GreenStar 4 Monitor),Laudis/Tough,379,6/13/2025,0.205,On,1120.8,23.75,33.75,7.930,2.375,4.973,269.42,19.99,20.21,0,4,22.74,6/13/2025,Good,8.082,8.175e-05,3.031,3.066e-05,0.00,0.00,0.00,4.041,4.088e-05,2.021,2.044e-05,20.07,0.026,0.00,0.00,0.00,0.00,0.00,0.00,0.00,0.00,0.00,0.00,0.00,0.00,0.0013
-93.77434483,42.01667138,A3,TaskName 6/13/2025 (GreenStar 4 Monitor),Laudis/Tough,380,6/13/2025,0.194,On,1120.7,21.25,35.00,7.912,2.263,4.504,269.52,19.99,20.24,0,4,20.49,6/13/2025,Good,8.095,6.982e-05,3.036,2.618e-05,0.00,0.00,0.00,4.048,3.491e-05,2.024,1.746e-05,20.11,0.022,0.00,0.00,0.00,0.00,0.00,0.00,0.00,0.00,0.00,0.00,0.00,0.00,0.0011
-93.77435340,42.01667126,A3,TaskName 6/13/2025 (GreenStar 4 Monitor),Laudis/Tough,381,6/13/2025,0.200,On,1120.6,20.00,35.62,7.955,2.335,4.960,269.60,19.99,20.17,0,4,19.30,6/13/2025,Good,8.069,6.759e-05,3.026,2.535e-05,0.00,0.00,0.00,4.035,3.380e-05,2.017,1.690e-05,20.04,0.021,0.00,0.00,0.00,0.00,0.00,0.00,0.00,0.00,0.00,0.00,0.00,0.00,0.0011
-93.77436186,42.01667127,A3,TaskName 6/13/2025 (GreenStar 4 Monitor),Laudis/Tough,382,6/13/2025,0.201,On,1120.6,17.50,36.87,7.981,2.355,5.006,269.58,19.99,20.22,0,4,16.95,6/13/2025,Good,8.086,5.977e-05,3.032,2.241e-05,0.00,0.00,0.00,4.043,2.989e-05,2.022,1.494e-05,20.08,0.019,0.00,0.00,0.00,0.00,0.00,0.00,0.00,0.00,0.00,0.00,0.00,0.00,0.00095
-93.77437040,42.01667126,A3,TaskName 6/13/2025 (GreenStar 4 Monitor),Laudis/Tough,383,6/13/2025,0.200,On,1120.6,16.25,37.50,7.959,2.335,4.782,269.60,19.99,20.16,0,4,15.68,6/13/2025,Good,8.065,5.489e-05,3.024,2.058e-05,0.00,0.00,0.00,4.033,2.745e-05,2.016,1.372e-05,20.03,0.017,0.00,0.00,0.00,0.00,0.00,0.00,0.00,0.00,0.00,0.00,0.00,0.00,0.00087
-93.77437900,42.01667107,A3,TaskName 6/13/2025 (GreenStar 4 Monitor),Laudis/Tough,384,6/13/2025,0.200,On,1120.6,15.00,38.12,7.934,2.329,4.947,269.67,19.99,20.13,0,4,14.43,6/13/2025,Good,8.052,5.045e-05,3.020,1.892e-05,0.00,0.00,0.00,4.026,2.522e-05,2.013,1.261e-05,20.00,0.016,0.00,0.00,0.00,0.00,0.00,0.00,0.00,0.00,0.00,0.00,0.00,0.00,0.00080
-93.77438731,42.01667099,A3,TaskName 6/13/2025 (GreenStar 4 Monitor),Laudis/Tough,385,6/13/2025,0.199,On,1120.7,12.50,39.37,7.919,2.312,5.184,269.67,19.99,20.23,0,4,12.00,6/13/2025,Good,8.091,4.194e-05,3.034,1.573e-05,0.00,0.00,0.00,4.045,2.097e-05,2.023,1.049e-05,20.10,0.013,0.00,0.00,0.00,0.00,0.00,0.00,0.00,0.00,0.00,0.00,0.00,0.00,0.00066
-93.77439595,42.01667099,A3,TaskName 6/13/2025 (GreenStar 4 Monitor),Laudis/Tough,386,6/13/2025,0.200,On,1120.6,11.25,40.00,7.865,2.309,5.204,269.64,19.99,20.19,0,4,10.73,6/13/2025,Good,8.078,3.763e-05,3.029,1.411e-05,0.00,0.00,0.00,4.039,1.882e-05,2.019,9.409e-06,20.06,0.012,0.00,0.00,0.00,0.00,0.00,0.00,0.00,0.00,0.00,0.00,0.00,0.00,0.00060
-93.77440447,42.01667096,A3,TaskName 6/13/2025 (GreenStar 4 Monitor),Laudis/Tough,387,6/13/2025,0.201,On,1120.4,8.750,41.25,7.861,2.309,5.151,269.67,19.99,20.22,0,4,8.307,6/13/2025,Good,8.086,2.930e-05,3.032,1.099e-05,0.00,0.00,0.00,4.043,1.465e-05,2.022,7.326e-06,20.08,0.0093,0.00,0.00,0.00,0.00,0.00,0.00,0.00,0.00,0.00,0.00,0.00,0.00,0.00046
-93.77441286,42.01667097,A3,TaskName 6/13/2025 (GreenStar 4 Monitor),Laudis/Tough,388,6/13/2025,0.199,On,1120.4,6.250,42.50,7.885,2.316,5.105,269.64,19.99,20.29,0,4,6.010,6/13/2025,Good,8.116,2.107e-05,3.044,7.900e-06,0.00,0.00,0.00,4.058,1.053e-05,2.029,5.267e-06,20.16,0.0067,0.00,0.00,0.00,0.00,0.00,0.00,0.00,0.00,0.00,0.00,0.00,0.00,0.00033
-93.77442151,42.01667089,A3,TaskName 6/13/2025 (GreenStar 4 Monitor),Laudis/Tough,389,6/13/2025,0.196,On,1120.5,5.000,43.12,7.872,2.263,4.385,269.70,19.99,20.05,0,4,4.771,6/13/2025,Good,8.018,1.627e-05,3.007,6.102e-06,0.00,0.00,0.00,4.009,8.136e-06,2.005,4.068e-06,19.91,0.0052,0.00,0.00,0.00,0.00,0.00,0.00,0.00,0.00,0.00,0.00,0.00,0.00,0.00026
-93.77442994,42.01667072,A3,TaskName 6/13/2025 (GreenStar 4 Monitor),Laudis/Tough,390,6/13/2025,0.205,On,1120.5,2.500,44.37,7.892,2.362,4.722,269.76,19.99,20.16,0,4,2.380,6/13/2025,Good,8.065,8.540e-06,3.024,3.202e-06,0.00,0.00,0.00,4.033,4.270e-06,2.016,2.135e-06,20.03,0.0027,0.00,0.00,0.00,0.00,0.00,0.00,0.00,0.00,0.00,0.00,0.00,0.00,0.00014
-93.77329573,42.01648347,A3,TaskName 6/13/2025 (GreenStar 4 Monitor),Laudis/Tough,391,6/13/2025,1.005,On,1126.0,121.25,0.00,8.074,11.91,6.181,178.96,19.99,18.75,0,5,118.71,6/13/2025,Good,7.500,0.0019,2.813,0.00073,0.00,0.00,0.00,3.750,0.00097,1.875,0.00049,18.63,0.617,0.00,0.00,0.00,0.00,0.00,0.00,0.00,0.00,0.00,0.00,0.00,0.00,0.033
-93.77329504,42.01645079,A3,TaskName 6/13/2025 (GreenStar 4 Monitor),Laudis/Tough,392,6/13/2025,0.995,On,1126.1,121.25,0.00,8.134,11.87,5.697,179.62,19.99,19.06,0,5,119.54,6/13/2025,Good,7.622,0.0020,2.858,0.00074,0.00,0.00,0.00,3.811,0.00098,1.906,0.00049,18.93,0.625,0.00,0.00,0.00,0.00,0.00,0.00,0.00,0.00,0.00,0.00,0.00,0.00,0.033
-93.77329427,42.01641830,A3,TaskName 6/13/2025 (GreenStar 4 Monitor),Laudis/Tough,393,6/13/2025,1.005,On,1126.2,121.25,0.00,8.087,11.92,6.068,180.20,19.99,19.18,0,5,118.81,6/13/2025,Good,7.671,0.0020,2.877,0.00075,0.00,0.00,0.00,3.836,0.00099,1.918,0.00050,19.05,0.632,0.00,0.00,0.00,0.00,0.00,0.00,0.00,0.00,0.00,0.00,0.00,0.00,0.033
-93.77329440,42.01638606,A3,TaskName 6/13/2025 (GreenStar 4 Monitor),Laudis/Tough,394,6/13/2025,1.000,On,1126.3,121.25,0.00,8.031,11.77,6.459,180.03,19.99,19.49,0,5,117.89,6/13/2025,Good,7.796,0.0020,2.923,0.00075,0.00,0.00,0.00,3.898,0.00100,1.949,0.00050,19.36,0.634,0.00,0.00,0.00,0.00,0.00,0.00,0.00,0.00,0.00,0.00,0.00,0.00,0.033
-93.77329455,42.01635409,A3,TaskName 6/13/2025 (GreenStar 4 Monitor),Laudis/Tough,395,6/13/2025,1.000,On,1126.4,121.25,0.00,7.990,11.72,6.585,179.86,19.99,19.65,0,5,117.40,6/13/2025,Good,7.859,0.0020,2.947,0.00075,0.00,0.00,0.00,3.929,0.0010,1.965,0.00050,19.52,0.637,0.00,0.00,0.00,0.00,0.00,0.00,0.00,0.00,0.00,0.00,0.00,0.00,0.033
-93.77329454,42.01632215,A3,TaskName 6/13/2025 (GreenStar 4 Monitor),Laudis/Tough,396,6/13/2025,0.995,On,1126.6,121.25,0.00,7.945,11.61,6.646,179.81,19.99,19.81,0,5,116.90,6/13/2025,Good,7.923,0.0020,2.971,0.00075,0.00,0.00,0.00,3.962,0.00100,1.981,0.00050,19.68,0.636,0.00,0.00,0.00,0.00,0.00,0.00,0.00,0.00,0.00,0.00,0.00,0.00,0.032
-93.77329432,42.01629041,A3,TaskName 6/13/2025 (GreenStar 4 Monitor),Laudis/Tough,397,6/13/2025,1.005,On,1126.8,121.25,0.00,7.908,11.66,7.326,179.91,19.99,19.86,0,5,116.23,6/13/2025,Good,7.945,0.0020,2.979,0.00076,0.00,0.00,0.00,3.973,0.0010,1.986,0.00050,19.73,0.640,0.00,0.00,0.00,0.00,0.00,0.00,0.00,0.00,0.00,0.00,0.00,0.00,0.032
-93.77329439,42.01625860,A3,TaskName 6/13/2025 (GreenStar 4 Monitor),Laudis/Tough,398,6/13/2025,1.000,On,1127.0,121.25,0.00,7.894,11.56,7.511,180.02,19.99,19.87,0,5,115.89,6/13/2025,Good,7.946,0.0020,2.980,0.00075,0.00,0.00,0.00,3.973,0.00100,1.987,0.00050,19.74,0.635,0.00,0.00,0.00,0.00,0.00,0.00,0.00,0.00,0.00,0.00,0.00,0.00,0.032
-93.77329428,42.01625225,A3,TaskName 6/13/2025 (GreenStar 4 Monitor),Laudis/Tough,399,6/13/2025,0.194,On,1127.1,121.25,0.00,7.905,2.262,6.981,180.05,19.99,19.88,0,5,116.83,6/13/2025,Good,7.954,0.00039,2.983,0.00015,0.00,0.00,0.00,3.977,0.00020,1.988,9.780e-05,19.76,0.124,0.00,0.00,0.00,0.00,0.00,0.00,0.00,0.00,0.00,0.00,0.00,0.00,0.0063
-93.77329418,42.01624587,A3,TaskName 6/13/2025 (GreenStar 4 Monitor),Laudis/Tough,400,6/13/2025,0.201,On,1127.1,117.50,-1.875,7.919,2.324,7.073,180.11,19.99,19.92,0,5,112.28,6/13/2025,Good,7.967,0.00039,2.988,0.00015,0.00,0.00,0.00,3.983,0.00020,1.992,9.755e-05,19.79,0.124,0.00,0.00,0.00,0.00,0.00,0.00,0.00,0.00,0.00,0.00,0.00,0.00,0.0063
-93.77329412,42.01623945,A3,TaskName 6/13/2025 (GreenStar 4 Monitor),Laudis/Tough,401,6/13/2025,0.204,On,1127.1,115.00,-3.125,7.928,2.383,6.981,180.16,19.99,20.02,0,5,111.03,6/13/2025,Good,8.009,0.00039,3.004,0.00015,0.00,0.00,0.00,4.005,0.00020,2.002,9.842e-05,19.89,0.125,0.00,0.00,0.00,0.00,0.00,0.00,0.00,0.00,0.00,0.00,0.00,0.00,0.0063
-93.77329398,42.01623312,A3,TaskName 6/13/2025 (GreenStar 4 Monitor),Laudis/Tough,402,6/13/2025,0.196,On,1127.2,112.50,-4.375,7.943,2.281,6.987,180.21,19.99,19.98,0,5,108.23,6/13/2025,Good,7.992,0.00037,2.997,0.00014,0.00,0.00,0.00,3.996,0.00018,1.998,9.198e-05,19.85,0.117,0.00,0.00,0.00,0.00,0.00,0.00,0.00,0.00,0.00,0.00,0.00,0.00,0.0059
-93.77329413,42.01622673,A3,TaskName 6/13/2025 (GreenStar 4 Monitor),Laudis/Tough,403,6/13/2025,0.204,On,1127.2,108.75,-6.250,7.932,2.373,7.073,180.16,19.99,19.97,0,5,104.56,6/13/2025,Good,7.988,0.00037,2.996,0.00014,0.00,0.00,0.00,3.994,0.00018,1.997,9.244e-05,19.84,0.118,0.00,0.00,0.00,0.00,0.00,0.00,0.00,0.00,0.00,0.00,0.00,0.00,0.0059
-93.77329423,42.01622032,A3,TaskName 6/13/2025 (GreenStar 4 Monitor),Laudis/Tough,404,6/13/2025,0.196,On,1127.3,106.25,-7.500,7.932,2.268,6.835,180.09,19.99,20.10,0,5,101.62,6/13/2025,Good,8.039,0.00035,3.015,0.00013,0.00,0.00,0.00,4.020,0.00017,2.010,8.688e-05,19.97,0.110,0.00,0.00,0.00,0.00,0.00,0.00,0.00,0.00,0.00,0.00,0.00,0.00,0.0055
-93.77329433,42.01621396,A3,TaskName 6/13/2025 (GreenStar 4 Monitor),Laudis/Tough,405,6/13/2025,0.200,On,1127.3,103.75,-8.750,7.941,2.331,6.915,180.02,19.99,20.16,0,5,99.92,6/13/2025,Good,8.065,0.00035,3.024,0.00013,0.00,0.00,0.00,4.033,0.00017,2.016,8.744e-05,20.03,0.111,0.00,0.00,0.00,0.00,0.00,0.00,0.00,0.00,0.00,0.00,0.00,0.00,0.0056
-93.77329434,42.01620752,A3,TaskName 6/13/2025 (GreenStar 4 Monitor),Laudis/Tough,406,6/13/2025,0.200,On,1127.4,100.00,-10.62,7.934,2.337,6.868,180.04,19.99,20.24,0,5,96.58,6/13/2025,Good,8.095,0.00034,3.036,0.00013,0.00,0.00,0.00,4.048,0.00017,2.024,8.483e-05,20.11,0.108,0.00,0.00,0.00,0.00,0.00,0.00,0.00,0.00,0.00,0.00,0.00,0.00,0.0054
-93.77329428,42.01620112,A3,TaskName 6/13/2025 (GreenStar 4 Monitor),Laudis/Tough,407,6/13/2025,0.205,On,1127.4,97.50,-11.87,7.950,2.390,6.802,180.06,19.99,20.27,0,5,93.93,6/13/2025,Good,8.108,0.00034,3.040,0.00013,0.00,0.00,0.00,4.054,0.00017,2.027,8.470e-05,20.14,0.108,0.00,0.00,0.00,0.00,0.00,0.00,0.00,0.00,0.00,0.00,0.00,0.00,0.0053
-93.77329430,42.01619473,A3,TaskName 6/13/2025 (GreenStar 4 Monitor),Laudis/Tough,408,6/13/2025,0.195,On,1127.4,93.75,-13.75,7.950,2.262,6.829,180.05,19.99,20.29,0,5,89.87,6/13/2025,Good,8.116,0.00031,3.044,0.00012,0.00,0.00,0.00,4.058,0.00015,2.029,7.717e-05,20.16,0.098,0.00,0.00,0.00,0.00,0.00,0.00,0.00,0.00,0.00,0.00,0.00,0.00,0.0049
-93.77329435,42.01618830,A3,TaskName 6/13/2025 (GreenStar 4 Monitor),Laudis/Tough,409,6/13/2025,0.200,On,1127.5,90.00,-15.62,7.946,2.341,6.776,180.07,19.99,20.22,0,5,87.04,6/13/2025,Good,8.086,0.00031,3.032,0.00011,0.00,0.00,0.00,4.043,0.00015,2.022,7.638e-05,20.08,0.097,0.00,0.00,0.00,0.00,0.00,0.00,0.00,0.00,0.00,0.00,0.00,0.00,0.0048
-93.77329441,42.01618191,A3,TaskName 6/13/2025 (GreenStar 4 Monitor),Laudis/Tough,410,6/13/2025,0.204,On,1127.5,88.75,-16.25,7.948,2.377,6.816,180.02,19.99,20.30,0,5,85.45,6/13/2025,Good,8.121,0.00031,3.045,0.00012,0.00,0.00,0.00,4.060,0.00015,2.030,7.680e-05,20.17,0.098,0.00,0.00,0.00,0.00,0.00,0.00,0.00,0.00,0.00,0.00,0.00,0.00,0.0048
-93.77329449,42.01617553,A3,TaskName 6/13/2025 (GreenStar 4 Monitor),Laudis/Tough,411,6/13/2025,0.200,On,1127.6,85.00,-18.12,7.950,2.331,6.948,180.02,19.99,20.42,0,5,81.86,6/13/2025,Good,8.168,0.00029,3.063,0.00011,0.00,0.00,0.00,4.084,0.00015,2.042,7.255e-05,20.29,0.092,0.00,0.00,0.00,0.00,0.00,0.00,0.00,0.00,0.00,0.00,0.00,0.00,0.0045
-93.77329450,42.01616924,A3,TaskName 6/13/2025 (GreenStar 4 Monitor),Laudis/Tough,412,6/13/2025,0.196,On,1127.7,82.50,-19.37,7.946,2.285,6.968,180.08,19.99,20.40,0,5,79.48,6/13/2025,Good,8.159,0.00028,3.060,0.00010,0.00,0.00,0.00,4.080,0.00014,2.040,6.896e-05,20.27,0.088,0.00,0.00,0.00,0.00,0.00,0.00,0.00,0.00,0.00,0.00,0.00,0.00,0.0043
-93.77329452,42.01616282,A3,TaskName 6/13/2025 (GreenStar 4 Monitor),Laudis/Tough,413,6/13/2025,0.204,On,1127.7,78.75,-21.25,7.912,2.367,6.941,180.13,19.99,20.39,0,5,75.51,6/13/2025,Good,8.155,0.00027,3.058,0.00010,0.00,0.00,0.00,4.077,0.00014,2.039,6.815e-05,20.25,0.087,0.00,0.00,0.00,0.00,0.00,0.00,0.00,0.00,0.00,0.00,0.00,0.00,0.0043
-93.77329449,42.01615641,A3,TaskName 6/13/2025 (GreenStar 4 Monitor),Laudis/Tough,414,6/13/2025,0.196,On,1127.8,76.25,-22.50,7.919,2.265,7.509,180.16,19.99,20.32,0,5,72.83,6/13/2025,Good,8.129,0.00025,3.048,9.443e-05,0.00,0.00,0.00,4.065,0.00013,2.032,6.295e-05,20.19,0.080,0.00,0.00,0.00,0.00,0.00,0.00,0.00,0.00,0.00,0.00,0.00,0.00,0.0040
-93.77329458,42.01615007,A3,TaskName 6/13/2025 (GreenStar 4 Monitor),Laudis/Tough,415,6/13/2025,0.200,On,1127.8,73.75,-23.75,7.923,2.334,7.628,180.10,19.99,20.48,0,5,71.13,6/13/2025,Good,8.193,0.00025,3.073,9.485e-05,0.00,0.00,0.00,4.097,0.00013,2.048,6.324e-05,20.35,0.080,0.00,0.00,0.00,0.00,0.00,0.00,0.00,0.00,0.00,0.00,0.00,0.00,0.0040
-93.77329460,42.01614372,A3,TaskName 6/13/2025 (GreenStar 4 Monitor),Laudis/Tough,416,6/13/2025,0.200,On,1127.9,70.00,-25.62,7.912,2.311,7.661,180.10,19.99,20.41,0,5,66.85,6/13/2025,Good,8.163,0.00024,3.061,8.882e-05,0.00,0.00,0.00,4.082,0.00012,2.041,5.921e-05,20.28,0.075,0.00,0.00,0.00,0.00,0.00,0.00,0.00,0.00,0.00,0.00,0.00,0.00,0.0037
-93.77329469,42.01613732,A3,TaskName 6/13/2025 (GreenStar 4 Monitor),Laudis/Tough,417,6/13/2025,0.205,On,1127.9,67.50,-26.87,7.903,2.386,7.073,180.02,19.99,20.45,0,5,64.94,6/13/2025,Good,8.181,0.00024,3.068,8.863e-05,0.00,0.00,0.00,4.090,0.00012,2.045,5.909e-05,20.32,0.075,0.00,0.00,0.00,0.00,0.00,0.00,0.00,0.00,0.00,0.00,0.00,0.00,0.0037
-93.77329483,42.01613097,A3,TaskName 6/13/2025 (GreenStar 4 Monitor),Laudis/Tough,418,6/13/2025,0.199,On,1127.9,63.75,-28.75,7.912,2.308,7.152,179.90,19.99,20.39,0,5,61.10,6/13/2025,Good,8.155,0.00022,3.058,8.069e-05,0.00,0.00,0.00,4.077,0.00011,2.039,5.379e-05,20.25,0.068,0.00,0.00,0.00,0.00,0.00,0.00,0.00,0.00,0.00,0.00,0.00,0.00,0.0034
-93.77329499,42.01612457,A3,TaskName 6/13/2025 (GreenStar 4 Monitor),Laudis/Tough,419,6/13/2025,0.196,On,1128.0,61.25,-30.00,7.912,2.275,6.862,179.72,19.99,20.34,0,5,58.75,6/13/2025,Good,8.138,0.00020,3.052,7.626e-05,0.00,0.00,0.00,4.069,0.00010,2.034,5.084e-05,20.21,0.065,0.00,0.00,0.00,0.00,0.00,0.00,0.00,0.00,0.00,0.00,0.00,0.00,0.0032
-93.77329511,42.01611817,A3,TaskName 6/13/2025 (GreenStar 4 Monitor),Laudis/Tough,420,6/13/2025,0.204,On,1128.0,58.75,-31.25,7.934,2.373,6.855,179.59,19.99,20.41,0,5,56.49,6/13/2025,Good,8.163,0.00020,3.061,7.656e-05,0.00,0.00,0.00,4.082,0.00010,2.041,5.104e-05,20.28,0.065,0.00,0.00,0.00,0.00,0.00,0.00,0.00,0.00,0.00,0.00,0.00,0.00,0.0032
-93.77329494,42.01611180,A3,TaskName 6/13/2025 (GreenStar 4 Monitor),Laudis/Tough,421,6/13/2025,0.200,On,1128.0,55.00,-33.12,7.946,2.331,6.743,179.61,19.99,20.39,0,5,52.97,6/13/2025,Good,8.155,0.00019,3.058,7.031e-05,0.00,0.00,0.00,4.077,9.374e-05,2.039,4.687e-05,20.25,0.060,0.00,0.00,0.00,0.00,0.00,0.00,0.00,0.00,0.00,0.00,0.00,0.00,0.0029
-93.77329498,42.01610535,A3,TaskName 6/13/2025 (GreenStar 4 Monitor),Laudis/Tough,422,6/13/2025,0.201,On,1128.1,52.50,-34.37,7.939,2.341,6.684,179.50,19.99,20.31,0,5,50.52,6/13/2025,Good,8.125,0.00018,3.047,6.715e-05,0.00,0.00,0.00,4.062,8.953e-05,2.031,4.476e-05,20.18,0.057,0.00,0.00,0.00,0.00,0.00,0.00,0.00,0.00,0.00,0.00,0.00,0.00,0.0028
-93.77329507,42.01609885,A3,TaskName 6/13/2025 (GreenStar 4 Monitor),Laudis/Tough,423,6/13/2025,0.194,On,1128.1,50.00,-35.62,7.950,2.262,6.505,179.41,19.99,20.32,0,5,48.18,6/13/2025,Good,8.129,0.00016,3.048,6.183e-05,0.00,0.00,0.00,4.065,8.244e-05,2.032,4.122e-05,20.19,0.052,0.00,0.00,0.00,0.00,0.00,0.00,0.00,0.00,0.00,0.00,0.00,0.00,0.0026
-93.77329486,42.01609248,A3,TaskName 6/13/2025 (GreenStar 4 Monitor),Laudis/Tough,424,6/13/2025,0.201,On,1128.1,46.25,-37.50,7.988,2.354,6.591,179.49,19.99,20.41,0,5,44.76,6/13/2025,Good,8.163,0.00016,3.061,5.977e-05,0.00,0.00,0.00,4.082,7.969e-05,2.041,3.984e-05,20.28,0.051,0.00,0.00,0.00,0.00,0.00,0.00,0.00,0.00,0.00,0.00,0.00,0.00,0.0025
-93.77329480,42.01608593,A3,TaskName 6/13/2025 (GreenStar 4 Monitor),Laudis/Tough,425,6/13/2025,0.204,On,1128.1,43.75,-38.75,7.984,2.390,6.314,179.55,19.99,20.36,0,5,42.36,6/13/2025,Good,8.142,0.00015,3.053,5.725e-05,0.00,0.00,0.00,4.071,7.634e-05,2.036,3.817e-05,20.22,0.049,0.00,0.00,0.00,0.00,0.00,0.00,0.00,0.00,0.00,0.00,0.00,0.00,0.0024
-93.77329466,42.01607940,A3,TaskName 6/13/2025 (GreenStar 4 Monitor),Laudis/Tough,426,6/13/2025,0.196,On,1128.2,40.00,-40.62,8.024,2.308,6.162,179.62,19.99,20.30,0,5,38.92,6/13/2025,Good,8.121,0.00013,3.045,5.042e-05,0.00,0.00,0.00,4.060,6.722e-05,2.030,3.361e-05,20.17,0.043,0.00,0.00,0.00,0.00,0.00,0.00,0.00,0.00,0.00,0.00,0.00,0.00,0.0021
-93.77329462,42.01607295,A3,TaskName 6/13/2025 (GreenStar 4 Monitor),Laudis/Tough,427,6/13/2025,0.205,On,1128.2,37.50,-41.87,8.057,2.423,6.228,179.61,19.99,20.34,0,5,36.62,6/13/2025,Good,8.138,0.00013,3.052,4.972e-05,0.00,0.00,0.00,4.069,6.630e-05,2.034,3.315e-05,20.21,0.042,0.00,0.00,0.00,0.00,0.00,0.00,0.00,0.00,0.00,0.00,0.00,0.00,0.0021
-93.77329460,42.01606656,A3,TaskName 6/13/2025 (GreenStar 4 Monitor),Laudis/Tough,428,6/13/2025,0.199,On,1128.2,35.00,-43.12,8.055,2.350,6.750,179.63,19.99,20.41,0,5,34.16,6/13/2025,Good,8.163,0.00012,3.061,4.517e-05,0.00,0.00,0.00,4.082,6.022e-05,2.041,3.011e-05,20.28,0.038,0.00,0.00,0.00,0.00,0.00,0.00,0.00,0.00,0.00,0.00,0.00,0.00,0.0019
-93.77329421,42.01606011,A3,TaskName 6/13/2025 (GreenStar 4 Monitor),Laudis/Tough,429,6/13/2025,0.195,On,1128.2,31.25,-45.00,8.022,2.295,6.499,179.91,19.99,20.44,0,5,30.39,6/13/2025,Good,8.176,0.00011,3.066,3.943e-05,0.00,0.00,0.00,4.088,5.258e-05,2.044,2.629e-05,20.31,0.033,0.00,0.00,0.00,0.00,0.00,0.00,0.00,0.00,0.00,0.00,0.00,0.00,0.0016
-93.77329400,42.01605366,A3,TaskName 6/13/2025 (GreenStar 4 Monitor),Laudis/Tough,430,6/13/2025,0.201,On,1128.2,27.50,-46.87,8.002,2.347,6.439,180.16,19.99,20.40,0,5,26.54,6/13/2025,Good,8.159,9.445e-05,3.060,3.542e-05,0.00,0.00,0.00,4.080,4.723e-05,2.040,2.361e-05,20.27,0.030,0.00,0.00,0.00,0.00,0.00,0.00,0.00,0.00,0.00,0.00,0.00,0.00,0.0015
-93.77329395,42.01604727,A3,TaskName 6/13/2025 (GreenStar 4 Monitor),Laudis/Tough,431,6/13/2025,0.204,On,1128.2,25.00,-48.12,7.997,2.406,6.571,180.27,19.99,20.25,0,5,24.37,6/13/2025,Good,8.099,8.738e-05,3.037,3.277e-05,0.00,0.00,0.00,4.050,4.369e-05,2.025,2.185e-05,20.12,0.028,0.00,0.00,0.00,0.00,0.00,0.00,0.00,0.00,0.00,0.00,0.00,0.00,0.0014
-93.77329391,42.01604083,A3,TaskName 6/13/2025 (GreenStar 4 Monitor),Laudis/Tough,432,6/13/2025,0.196,On,1128.3,21.25,-50.00,7.981,2.295,6.314,180.27,19.99,20.25,0,5,20.56,6/13/2025,Good,8.099,7.083e-05,3.037,2.656e-05,0.00,0.00,0.00,4.050,3.541e-05,2.025,1.771e-05,20.12,0.023,0.00,0.00,0.00,0.00,0.00,0.00,0.00,0.00,0.00,0.00,0.00,0.00,0.0011
-93.77329403,42.01603436,A3,TaskName 6/13/2025 (GreenStar 4 Monitor),Laudis/Tough,433,6/13/2025,0.204,On,1128.3,18.75,-51.25,7.977,2.386,6.155,180.17,19.99,20.36,0,5,18.13,6/13/2025,Good,8.142,6.534e-05,3.053,2.450e-05,0.00,0.00,0.00,4.071,3.267e-05,2.036,1.634e-05,20.22,0.021,0.00,0.00,0.00,0.00,0.00,0.00,0.00,0.00,0.00,0.00,0.00,0.00,0.0010
-93.77329418,42.01602779,A3,TaskName 6/13/2025 (GreenStar 4 Monitor),Laudis/Tough,434,6/13/2025,0.196,On,1128.3,16.25,-52.50,7.995,2.285,5.964,180.11,19.99,20.41,0,5,15.66,6/13/2025,Good,8.163,5.436e-05,3.061,2.038e-05,0.00,0.00,0.00,4.082,2.718e-05,2.041,1.359e-05,20.28,0.017,0.00,0.00,0.00,0.00,0.00,0.00,0.00,0.00,0.00,0.00,0.00,0.00,0.00085
-93.77329417,42.01602136,A3,TaskName 6/13/2025 (GreenStar 4 Monitor),Laudis/Tough,435,6/13/2025,0.205,On,1128.3,13.75,-53.75,8.035,2.416,5.713,180.13,19.99,20.30,0,5,13.39,6/13/2025,Good,8.121,4.838e-05,3.045,1.814e-05,0.00,0.00,0.00,4.060,2.419e-05,2.030,1.210e-05,20.17,0.015,0.00,0.00,0.00,0.00,0.00,0.00,0.00,0.00,0.00,0.00,0.00,0.00,0.00076
-93.77329402,42.01601487,A3,TaskName 6/13/2025 (GreenStar 4 Monitor),Laudis/Tough,436,6/13/2025,0.199,On,1128.3,10.00,-55.62,8.040,2.357,5.812,180.19,19.99,20.40,0,5,9.788,6/13/2025,Good,8.159,3.449e-05,3.060,1.293e-05,0.00,0.00,0.00,4.080,1.725e-05,2.040,8.623e-06,20.27,0.011,0.00,0.00,0.00,0.00,0.00,0.00,0.00,0.00,0.00,0.00,0.00,0.00,0.00054
-93.77329398,42.01600846,A3,TaskName 6/13/2025 (GreenStar 4 Monitor),Laudis/Tough,437,6/13/2025,0.196,On,1128.3,6.250,-57.50,8.044,2.301,5.614,180.14,19.99,20.13,0,5,6.064,6/13/2025,Good,8.052,2.077e-05,3.020,7.789e-06,0.00,0.00,0.00,4.026,1.039e-05,2.013,5.193e-06,20.00,0.0066,0.00,0.00,0.00,0.00,0.00,0.00,0.00,0.00,0.00,0.00,0.00,0.00,0.00033
-93.77329416,42.01600194,A3,TaskName 6/13/2025 (GreenStar 4 Monitor),Laudis/Tough,438,6/13/2025,0.200,On,1128.3,3.750,-58.75,8.026,2.367,5.343,179.97,19.99,20.17,0,5,3.668,6/13/2025,Good,8.069,1.284e-05,3.026,4.817e-06,0.00,0.00,0.00,4.035,6.422e-06,2.017,3.211e-06,20.04,0.0041,0.00,0.00,0.00,0.00,0.00,0.00,0.00,0.00,0.00,0.00,0.00,0.00,0.00020
-93.77373495,42.01626089,A3,TaskName 6/13/2025 (GreenStar 4 Monitor),Laudis/Tough,439,6/13/2025,0.200,On,1124.7,5.000,56.87,7.735,2.280,5.693,0.141,19.99,19.90,0,6,4.711,6/13/2025,Good,7.958,1.627e-05,2.984,6.102e-06,0.00,0.00,0.00,3.979,8.136e-06,1.990,4.068e-06,19.77,0.0052,0.00,0.00,0.00,0.00,0.00,0.00,0.00,0.00,0.00,0.00,0.00,0.00,0.00026
-93.77373501,42.01626724,A3,TaskName 6/13/2025 (GreenStar 4 Monitor),Laudis/Tough,440,6/13/2025,0.205,On,1124.7,7.500,55.62,7.780,2.336,5.772,0.078,19.99,19.98,0,6,7.063,6/13/2025,Good,7.992,2.511e-05,2.997,9.417e-06,0.00,0.00,0.00,3.996,1.256e-05,1.998,6.278e-06,19.85,0.0080,0.00,0.00,0.00,0.00,0.00,0.00,0.00,0.00,0.00,0.00,0.00,0.00,0.00040
-93.77373487,42.01627346,A3,TaskName 6/13/2025 (GreenStar 4 Monitor),Laudis/Tough,441,6/13/2025,0.199,On,1124.6,11.25,53.75,7.825,2.283,5.772,359.84,19.99,20.34,0,6,10.67,6/13/2025,Good,8.138,3.749e-05,3.052,1.406e-05,0.00,0.00,0.00,4.069,1.875e-05,2.034,9.373e-06,20.21,0.012,0.00,0.00,0.00,0.00,0.00,0.00,0.00,0.00,0.00,0.00,0.00,0.00,0.00059
-93.77373470,42.01627966,A3,TaskName 6/13/2025 (GreenStar 4 Monitor),Laudis/Tough,442,6/13/2025,0.200,On,1124.6,13.75,52.50,7.814,2.290,5.957,359.70,19.99,19.95,0,6,13.01,6/13/2025,Good,7.980,4.506e-05,2.992,1.690e-05,0.00,0.00,0.00,3.990,2.253e-05,1.995,1.127e-05,19.82,0.014,0.00,0.00,0.00,0.00,0.00,0.00,0.00,0.00,0.00,0.00,0.00,0.00,0.00072
-93.77373467,42.01628599,A3,TaskName 6/13/2025 (GreenStar 4 Monitor),Laudis/Tough,443,6/13/2025,0.196,On,1124.6,17.50,50.62,7.776,2.234,5.574,359.68,19.99,20.13,0,6,16.49,6/13/2025,Good,8.052,5.647e-05,3.020,2.117e-05,0.00,0.00,0.00,4.026,2.823e-05,2.013,1.412e-05,20.00,0.018,0.00,0.00,0.00,0.00,0.00,0.00,0.00,0.00,0.00,0.00,0.00,0.00,0.00090
-93.77373468,42.01629238,A3,TaskName 6/13/2025 (GreenStar 4 Monitor),Laudis/Tough,444,6/13/2025,0.204,On,1124.6,20.00,49.37,7.787,2.329,5.541,359.61,19.99,20.12,0,6,18.87,6/13/2025,Good,8.048,6.724e-05,3.018,2.522e-05,0.00,0.00,0.00,4.024,3.362e-05,2.012,1.681e-05,19.99,0.021,0.00,0.00,0.00,0.00,0.00,0.00,0.00,0.00,0.00,0.00,0.00,0.00,0.0011
-93.77373469,42.01629875,A3,TaskName 6/13/2025 (GreenStar 4 Monitor),Laudis/Tough,445,6/13/2025,0.196,On,1124.6,23.75,47.50,7.823,2.247,5.746,359.66,19.99,20.02,0,6,22.51,6/13/2025,Good,8.009,7.667e-05,3.004,2.875e-05,0.00,0.00,0.00,4.005,3.834e-05,2.002,1.917e-05,19.89,0.024,0.00,0.00,0.00,0.00,0.00,0.00,0.00,0.00,0.00,0.00,0.00,0.00,0.0012
-93.77373488,42.01630504,A3,TaskName 6/13/2025 (GreenStar 4 Monitor),Laudis/Tough,446,6/13/2025,0.205,On,1124.5,26.25,46.25,7.856,2.349,5.660,359.78,19.99,20.00,0,6,24.86,6/13/2025,Good,8.001,8.848e-05,3.000,3.318e-05,0.00,0.00,0.00,4.000,4.424e-05,2.000,2.212e-05,19.87,0.028,0.00,0.00,0.00,0.00,0.00,0.00,0.00,0.00,0.00,0.00,0.00,0.00,0.0014
-93.77373500,42.01631132,A3,TaskName 6/13/2025 (GreenStar 4 Monitor),Laudis/Tough,447,6/13/2025,0.200,On,1124.5,28.75,45.00,7.856,2.313,5.898,359.89,19.99,19.95,0,6,27.48,6/13/2025,Good,7.980,9.517e-05,2.992,3.569e-05,0.00,0.00,0.00,3.990,4.758e-05,1.995,2.379e-05,19.82,0.030,0.00,0.00,0.00,0.00,0.00,0.00,0.00,0.00,0.00,0.00,0.00,0.00,0.0015
-93.77373503,42.01631760,A3,TaskName 6/13/2025 (GreenStar 4 Monitor),Laudis/Tough,448,6/13/2025,0.194,On,1124.6,32.50,43.12,7.838,2.228,5.614,359.86,19.99,19.98,0,6,30.84,6/13/2025,Good,7.992,0.00010,2.997,3.892e-05,0.00,0.00,0.00,3.996,5.189e-05,1.998,2.595e-05,19.85,0.033,0.00,0.00,0.00,0.00,0.00,0.00,0.00,0.00,0.00,0.00,0.00,0.00,0.0017
-93.77373509,42.01632395,A3,TaskName 6/13/2025 (GreenStar 4 Monitor),Laudis/Tough,449,6/13/2025,0.205,On,1124.5,35.00,41.87,7.825,2.352,5.713,359.80,19.99,19.97,0,6,33.19,6/13/2025,Good,7.988,0.00012,2.996,4.423e-05,0.00,0.00,0.00,3.994,5.898e-05,1.997,2.949e-05,19.84,0.038,0.00,0.00,0.00,0.00,0.00,0.00,0.00,0.00,0.00,0.00,0.00,0.00,0.0019
-93.77373513,42.01633028,A3,TaskName 6/13/2025 (GreenStar 4 Monitor),Laudis/Tough,450,6/13/2025,0.200,On,1124.5,37.50,40.62,7.836,2.297,5.944,359.80,19.99,19.90,0,6,35.59,6/13/2025,Good,7.958,0.00012,2.984,4.610e-05,0.00,0.00,0.00,3.979,6.146e-05,1.990,3.073e-05,19.77,0.039,0.00,0.00,0.00,0.00,0.00,0.00,0.00,0.00,0.00,0.00,0.00,0.00,0.0020
-93.77373524,42.01633661,A3,TaskName 6/13/2025 (GreenStar 4 Monitor),Laudis/Tough,451,6/13/2025,0.195,On,1124.5,41.25,38.75,7.852,2.244,5.924,359.85,19.99,19.98,0,6,39.23,6/13/2025,Good,7.992,0.00013,2.997,4.976e-05,0.00,0.00,0.00,3.996,6.635e-05,1.998,3.317e-05,19.85,0.042,0.00,0.00,0.00,0.00,0.00,0.00,0.00,0.00,0.00,0.00,0.00,0.00,0.0021
-93.77373520,42.01634295,A3,TaskName 6/13/2025 (GreenStar 4 Monitor),Laudis/Tough,452,6/13/2025,0.206,On,1124.5,43.75,37.50,7.861,2.362,5.567,359.89,19.99,19.86,0,6,41.46,6/13/2025,Good,7.945,0.00015,2.979,5.523e-05,0.00,0.00,0.00,3.973,7.363e-05,1.986,3.682e-05,19.73,0.047,0.00,0.00,0.00,0.00,0.00,0.00,0.00,0.00,0.00,0.00,0.00,0.00,0.0024
-93.77373524,42.01634928,A3,TaskName 6/13/2025 (GreenStar 4 Monitor),Laudis/Tough,453,6/13/2025,0.199,On,1124.6,46.25,36.25,7.865,2.306,5.931,359.90,19.99,19.79,0,6,44.30,6/13/2025,Good,7.915,0.00015,2.968,5.679e-05,0.00,0.00,0.00,3.958,7.572e-05,1.979,3.786e-05,19.66,0.048,0.00,0.00,0.00,0.00,0.00,0.00,0.00,0.00,0.00,0.00,0.00,0.00,0.0024
-93.77373516,42.01635565,A3,TaskName 6/13/2025 (GreenStar 4 Monitor),Laudis/Tough,454,6/13/2025,0.196,On,1124.6,50.00,34.37,7.865,2.248,6.010,359.88,19.99,19.90,0,6,47.39,6/13/2025,Good,7.958,0.00016,2.984,6.016e-05,0.00,0.00,0.00,3.979,8.022e-05,1.990,4.011e-05,19.77,0.051,0.00,0.00,0.00,0.00,0.00,0.00,0.00,0.00,0.00,0.00,0.00,0.00,0.0026
-93.77373528,42.01636195,A3,TaskName 6/13/2025 (GreenStar 4 Monitor),Laudis/Tough,455,6/13/2025,0.204,On,1124.6,52.50,33.12,7.881,2.369,6.162,359.93,19.99,19.82,0,6,50.39,6/13/2025,Good,7.928,0.00018,2.973,6.633e-05,0.00,0.00,0.00,3.964,8.844e-05,1.982,4.422e-05,19.69,0.056,0.00,0.00,0.00,0.00,0.00,0.00,0.00,0.00,0.00,0.00,0.00,0.00,0.0029
-93.77373537,42.01636824,A3,TaskName 6/13/2025 (GreenStar 4 Monitor),Laudis/Tough,456,6/13/2025,0.200,On,1124.6,56.25,31.25,7.872,2.307,6.168,359.93,19.99,19.70,0,6,53.63,6/13/2025,Good,7.881,0.00018,2.955,6.879e-05,0.00,0.00,0.00,3.941,9.172e-05,1.970,4.586e-05,19.57,0.058,0.00,0.00,0.00,0.00,0.00,0.00,0.00,0.00,0.00,0.00,0.00,0.00,0.0030
-93.77373527,42.01637450,A3,TaskName 6/13/2025 (GreenStar 4 Monitor),Laudis/Tough,457,6/13/2025,0.195,On,1124.6,58.75,30.00,7.849,2.245,6.314,359.90,19.99,19.87,0,6,55.89,6/13/2025,Good,7.950,0.00019,2.981,7.051e-05,0.00,0.00,0.00,3.975,9.401e-05,1.987,4.701e-05,19.74,0.060,0.00,0.00,0.00,0.00,0.00,0.00,0.00,0.00,0.00,0.00,0.00,0.00,0.0030
-93.77373544,42.01638089,A3,TaskName 6/13/2025 (GreenStar 4 Monitor),Laudis/Tough,458,6/13/2025,0.205,On,1124.7,61.25,28.75,7.825,2.353,6.393,359.96,19.99,19.82,0,6,58.10,6/13/2025,Good,7.928,0.00020,2.973,7.685e-05,0.00,0.00,0.00,3.964,0.00010,1.982,5.123e-05,19.69,0.065,0.00,0.00,0.00,0.00,0.00,0.00,0.00,0.00,0.00,0.00,0.00,0.00,0.0033
-93.77373543,42.01638727,A3,TaskName 6/13/2025 (GreenStar 4 Monitor),Laudis/Tough,459,6/13/2025,0.195,On,1124.7,65.00,26.87,7.845,2.241,6.512,359.94,19.99,19.79,0,6,61.75,6/13/2025,Good,7.915,0.00021,2.968,7.756e-05,0.00,0.00,0.00,3.958,0.00010,1.979,5.171e-05,19.66,0.066,0.00,0.00,0.00,0.00,0.00,0.00,0.00,0.00,0.00,0.00,0.00,0.00,0.0033
-93.77373534,42.01639360,A3,TaskName 6/13/2025 (GreenStar 4 Monitor),Laudis/Tough,460,6/13/2025,0.200,On,1124.7,67.50,25.62,7.865,2.307,6.340,359.84,19.99,19.81,0,6,64.35,6/13/2025,Good,7.924,0.00022,2.971,8.299e-05,0.00,0.00,0.00,3.962,0.00011,1.981,5.533e-05,19.68,0.070,0.00,0.00,0.00,0.00,0.00,0.00,0.00,0.00,0.00,0.00,0.00,0.00,0.0036
-93.77373521,42.01639989,A3,TaskName 6/13/2025 (GreenStar 4 Monitor),Laudis/Tough,461,6/13/2025,0.200,On,1124.7,70.00,24.37,7.872,2.307,6.301,359.69,19.99,19.78,0,6,66.73,6/13/2025,Good,7.911,0.00023,2.967,8.593e-05,0.00,0.00,0.00,3.956,0.00011,1.978,5.728e-05,19.65,0.073,0.00,0.00,0.00,0.00,0.00,0.00,0.00,0.00,0.00,0.00,0.00,0.00,0.0037
-93.77373520,42.01640619,A3,TaskName 6/13/2025 (GreenStar 4 Monitor),Laudis/Tough,462,6/13/2025,0.201,On,1124.8,73.75,22.50,7.861,2.317,6.479,359.66,19.99,19.79,0,6,70.26,6/13/2025,Good,7.915,0.00024,2.968,9.097e-05,0.00,0.00,0.00,3.958,0.00012,1.979,6.064e-05,19.66,0.077,0.00,0.00,0.00,0.00,0.00,0.00,0.00,0.00,0.00,0.00,0.00,0.00,0.0039
-93.77373522,42.01641254,A3,TaskName 6/13/2025 (GreenStar 4 Monitor),Laudis/Tough,463,6/13/2025,0.199,On,1124.8,76.25,21.25,7.845,2.287,6.499,359.73,19.99,19.81,0,6,72.43,6/13/2025,Good,7.924,0.00025,2.971,9.295e-05,0.00,0.00,0.00,3.962,0.00012,1.981,6.197e-05,19.68,0.079,0.00,0.00,0.00,0.00,0.00,0.00,0.00,0.00,0.00,0.00,0.00,0.00,0.0040
-93.77373521,42.01641884,A3,TaskName 6/13/2025 (GreenStar 4 Monitor),Laudis/Tough,464,6/13/2025,0.200,On,1124.8,78.75,20.00,7.854,2.304,6.446,359.68,19.99,19.77,0,6,74.97,6/13/2025,Good,7.907,0.00026,2.965,9.648e-05,0.00,0.00,0.00,3.953,0.00013,1.977,6.432e-05,19.64,0.082,0.00,0.00,0.00,0.00,0.00,0.00,0.00,0.00,0.00,0.00,0.00,0.00,0.0042
-93.77373503,42.01642517,A3,TaskName 6/13/2025 (GreenStar 4 Monitor),Laudis/Tough,465,6/13/2025,0.201,On,1124.8,82.50,18.12,7.876,2.310,6.301,359.51,19.99,19.84,0,6,78.37,6/13/2025,Good,7.937,0.00027,2.976,0.00010,0.00,0.00,0.00,3.968,0.00014,1.984,6.783e-05,19.71,0.086,0.00,0.00,0.00,0.00,0.00,0.00,0.00,0.00,0.00,0.00,0.00,0.00,0.0044
-93.77373498,42.01643150,A3,TaskName 6/13/2025 (GreenStar 4 Monitor),Laudis/Tough,466,6/13/2025,0.199,On,1124.8,85.00,16.87,7.878,2.310,6.439,359.40,19.99,19.70,0,6,81.56,6/13/2025,Good,7.881,0.00028,2.955,0.00010,0.00,0.00,0.00,3.941,0.00014,1.970,6.940e-05,19.57,0.088,0.00,0.00,0.00,0.00,0.00,0.00,0.00,0.00,0.00,0.00,0.00,0.00,0.0045
-93.77373504,42.01643791,A3,TaskName 6/13/2025 (GreenStar 4 Monitor),Laudis/Tough,467,6/13/2025,0.206,On,1124.8,87.50,15.62,7.874,2.366,5.970,359.39,19.99,19.69,0,6,83.06,6/13/2025,Good,7.877,0.00029,2.954,0.00011,0.00,0.00,0.00,3.938,0.00015,1.969,7.312e-05,19.56,0.093,0.00,0.00,0.00,0.00,0.00,0.00,0.00,0.00,0.00,0.00,0.00,0.00,0.0048
-93.77373509,42.01644433,A3,TaskName 6/13/2025 (GreenStar 4 Monitor),Laudis/Tough,468,6/13/2025,0.199,On,1124.8,91.25,13.75,7.894,2.314,5.911,359.41,19.99,19.67,0,6,87.68,6/13/2025,Good,7.868,0.00030,2.951,0.00011,0.00,0.00,0.00,3.934,0.00015,1.967,7.448e-05,19.54,0.095,0.00,0.00,0.00,0.00,0.00,0.00,0.00,0.00,0.00,0.00,0.00,0.00,0.0048
-93.77373528,42.01645065,A3,TaskName 6/13/2025 (GreenStar 4 Monitor),Laudis/Tough,469,6/13/2025,0.195,On,1124.8,93.75,12.50,7.919,2.264,6.175,359.46,19.99,19.70,0,6,89.97,6/13/2025,Good,7.881,0.00030,2.955,0.00011,0.00,0.00,0.00,3.941,0.00015,1.970,7.502e-05,19.57,0.095,0.00,0.00,0.00,0.00,0.00,0.00,0.00,0.00,0.00,0.00,0.00,0.00,0.0049
-93.77373538,42.01645707,A3,TaskName 6/13/2025 (GreenStar 4 Monitor),Laudis/Tough,470,6/13/2025,0.200,On,1124.8,96.25,11.25,7.912,2.320,5.937,359.48,19.99,19.60,0,6,92.28,6/13/2025,Good,7.838,0.00031,2.939,0.00012,0.00,0.00,0.00,3.919,0.00016,1.960,7.849e-05,19.47,0.100,0.00,0.00,0.00,0.00,0.00,0.00,0.00,0.00,0.00,0.00,0.00,0.00,0.0051
-93.77373545,42.01646343,A3,TaskName 6/13/2025 (GreenStar 4 Monitor),Laudis/Tough,471,6/13/2025,0.205,On,1124.8,100.00,9.375,7.925,2.383,5.931,359.60,19.99,19.65,0,6,96.05,6/13/2025,Good,7.860,0.00034,2.947,0.00013,0.00,0.00,0.00,3.930,0.00017,1.965,8.396e-05,19.52,0.107,0.00,0.00,0.00,0.00,0.00,0.00,0.00,0.00,0.00,0.00,0.00,0.00,0.0055
-93.77373561,42.01646982,A3,TaskName 6/13/2025 (GreenStar 4 Monitor),Laudis/Tough,472,6/13/2025,0.201,On,1124.8,102.50,8.125,7.925,2.323,6.135,359.65,19.99,19.52,0,6,97.92,6/13/2025,Good,7.808,0.00033,2.928,0.00013,0.00,0.00,0.00,3.904,0.00017,1.952,8.338e-05,19.39,0.106,0.00,0.00,0.00,0.00,0.00,0.00,0.00,0.00,0.00,0.00,0.00,0.00,0.0055
-93.77373565,42.01647624,A3,TaskName 6/13/2025 (GreenStar 4 Monitor),Laudis/Tough,473,6/13/2025,0.195,On,1124.8,105.00,6.875,7.932,2.268,5.865,359.64,19.99,19.61,0,6,100.92,6/13/2025,Good,7.843,0.00033,2.941,0.00013,0.00,0.00,0.00,3.921,0.00017,1.961,8.373e-05,19.48,0.106,0.00,0.00,0.00,0.00,0.00,0.00,0.00,0.00,0.00,0.00,0.00,0.00,0.0055
-93.77373585,42.01648263,A3,TaskName 6/13/2025 (GreenStar 4 Monitor),Laudis/Tough,474,6/13/2025,0.204,On,1124.8,108.75,5.000,7.946,2.389,5.871,359.67,19.99,19.62,0,6,105.26,6/13/2025,Good,7.847,0.00037,2.943,0.00014,0.00,0.00,0.00,3.923,0.00018,1.962,9.141e-05,19.49,0.116,0.00,0.00,0.00,0.00,0.00,0.00,0.00,0.00,0.00,0.00,0.00,0.00,0.0060
-93.77373592,42.01648908,A3,TaskName 6/13/2025 (GreenStar 4 Monitor),Laudis/Tough,475,6/13/2025,0.196,On,1124.7,111.25,3.750,7.937,2.268,5.581,359.73,19.99,19.56,0,6,106.38,6/13/2025,Good,7.826,0.00035,2.935,0.00013,0.00,0.00,0.00,3.913,0.00018,1.956,8.852e-05,19.44,0.113,0.00,0.00,0.00,0.00,0.00,0.00,0.00,0.00,0.00,0.00,0.00,0.00,0.0058
-93.77373611,42.01649558,A3,TaskName 6/13/2025 (GreenStar 4 Monitor),Laudis/Tough,476,6/13/2025,0.204,On,1124.7,115.00,1.875,7.948,2.389,5.389,359.80,19.99,19.59,0,6,111.31,6/13/2025,Good,7.834,0.00039,2.938,0.00014,0.00,0.00,0.00,3.917,0.00019,1.959,9.651e-05,19.46,0.123,0.00,0.00,0.00,0.00,0.00,0.00,0.00,0.00,0.00,0.00,0.00,0.00,0.0063
-93.77373614,42.01650204,A3,TaskName 6/13/2025 (GreenStar 4 Monitor),Laudis/Tough,477,6/13/2025,0.201,On,1124.7,116.25,1.250,7.984,2.353,5.587,359.78,19.99,19.57,0,6,112.47,6/13/2025,Good,7.830,0.00038,2.936,0.00014,0.00,0.00,0.00,3.915,0.00019,1.957,9.603e-05,19.45,0.122,0.00,0.00,0.00,0.00,0.00,0.00,0.00,0.00,0.00,0.00,0.00,0.00,0.0063
-93.77373620,42.01650847,A3,TaskName 6/13/2025 (GreenStar 4 Monitor),Laudis/Tough,478,6/13/2025,0.200,On,1124.6,53.75,3.721,8.006,2.346,5.574,359.72,19.99,19.57,0,6,52.12,6/13/2025,Good,7.830,0.00018,2.936,6.642e-05,0.00,0.00,0.00,3.915,8.856e-05,1.957,4.428e-05,19.45,0.056,0.00,0.00,0.00,0.00,0.00,0.00,0.00,0.00,0.00,0.00,0.00,0.00,0.0029
-93.77241196,42.01648858,A3,TaskName 6/13/2025 (GreenStar 4 Monitor),Laudis/Tough,479,6/13/2025,1.000,On,1126.6,121.25,0.00,7.859,11.53,6.163,179.86,19.99,18.57,0,7,115.53,6/13/2025,Good,7.428,0.0019,2.785,0.00070,0.00,0.00,0.00,3.714,0.00093,1.857,0.00047,18.45,0.592,0.00,0.00,0.00,0.00,0.00,0.00,0.00,0.00,0.00,0.00,0.00,0.00,0.032
-93.77241146,42.01645694,A3,TaskName 6/13/2025 (GreenStar 4 Monitor),Laudis/Tough,480,6/13/2025,0.995,On,1126.7,121.25,0.00,7.856,11.46,6.279,180.33,19.99,18.92,0,7,115.38,6/13/2025,Good,7.567,0.0019,2.838,0.00071,0.00,0.00,0.00,3.784,0.00094,1.892,0.00047,18.80,0.599,0.00,0.00,0.00,0.00,0.00,0.00,0.00,0.00,0.00,0.00,0.00,0.00,0.032
-93.77241164,42.01642535,A3,TaskName 6/13/2025 (GreenStar 4 Monitor),Laudis/Tough,481,6/13/2025,1.005,On,1126.7,121.25,0.00,7.860,11.59,6.306,180.04,19.99,19.23,0,7,115.54,6/13/2025,Good,7.691,0.0019,2.884,0.00073,0.00,0.00,0.00,3.845,0.00097,1.923,0.00048,19.10,0.616,0.00,0.00,0.00,0.00,0.00,0.00,0.00,0.00,0.00,0.00,0.00,0.00,0.032
-93.77241202,42.01639370,A3,TaskName 6/13/2025 (GreenStar 4 Monitor),Laudis/Tough,482,6/13/2025,0.999,On,1126.9,121.25,0.00,7.853,11.52,6.351,179.76,19.99,19.41,0,7,115.54,6/13/2025,Good,7.763,0.0019,2.911,0.00073,0.00,0.00,0.00,3.882,0.00097,1.941,0.00049,19.28,0.618,0.00,0.00,0.00,0.00,0.00,0.00,0.00,0.00,0.00,0.00,0.00,0.00,0.032
-93.77241163,42.01636202,A3,TaskName 6/13/2025 (GreenStar 4 Monitor),Laudis/Tough,483,6/13/2025,1.001,On,1126.9,121.25,0.00,7.877,11.57,6.228,179.91,19.99,19.62,0,7,115.81,6/13/2025,Good,7.849,0.0020,2.943,0.00074,0.00,0.00,0.00,3.924,0.00099,1.962,0.00049,19.49,0.628,0.00,0.00,0.00,0.00,0.00,0.00,0.00,0.00,0.00,0.00,0.00,0.00,0.032
-93.77241151,42.01633032,A3,TaskName 6/13/2025 (GreenStar 4 Monitor),Laudis/Tough,484,6/13/2025,0.999,On,1127.0,121.25,0.00,7.869,11.53,6.254,179.74,19.99,19.76,0,7,115.68,6/13/2025,Good,7.905,0.0020,2.964,0.00074,0.00,0.00,0.00,3.953,0.00099,1.976,0.00050,19.63,0.630,0.00,0.00,0.00,0.00,0.00,0.00,0.00,0.00,0.00,0.00,0.00,0.00,0.032
-93.77241166,42.01629870,A3,TaskName 6/13/2025 (GreenStar 4 Monitor),Laudis/Tough,485,6/13/2025,1.000,On,1127.1,121.25,0.00,7.856,11.52,6.508,179.24,19.99,19.82,0,7,115.46,6/13/2025,Good,7.929,0.0020,2.974,0.00075,0.00,0.00,0.00,3.965,0.00099,1.982,0.00050,19.69,0.632,0.00,0.00,0.00,0.00,0.00,0.00,0.00,0.00,0.00,0.00,0.00,0.00,0.032
-93.77241076,42.01626686,A3,TaskName 6/13/2025 (GreenStar 4 Monitor),Laudis/Tough,486,6/13/2025,1.000,On,1127.1,121.25,0.00,7.877,11.55,6.742,180.05,19.99,19.83,0,7,115.76,6/13/2025,Good,7.932,0.0020,2.975,0.00075,0.00,0.00,0.00,3.966,0.00100,1.983,0.00050,19.70,0.634,0.00,0.00,0.00,0.00,0.00,0.00,0.00,0.00,0.00,0.00,0.00,0.00,0.032
-93.77241062,42.01623487,A3,TaskName 6/13/2025 (GreenStar 4 Monitor),Laudis/Tough,487,6/13/2025,1.000,On,1127.1,121.25,0.00,7.930,11.63,6.108,180.34,19.99,19.88,0,7,116.58,6/13/2025,Good,7.952,0.0020,2.982,0.00075,0.00,0.00,0.00,3.976,0.0010,1.988,0.00050,19.75,0.640,0.00,0.00,0.00,0.00,0.00,0.00,0.00,0.00,0.00,0.00,0.00,0.00,0.032
-93.77241130,42.01620276,A3,TaskName 6/13/2025 (GreenStar 4 Monitor),Laudis/Tough,488,6/13/2025,0.995,On,1127.0,121.25,0.00,7.959,11.62,5.778,179.88,19.99,19.97,0,7,117.00,6/13/2025,Good,7.987,0.0020,2.995,0.00076,0.00,0.00,0.00,3.993,0.0010,1.997,0.00050,19.84,0.641,0.00,0.00,0.00,0.00,0.00,0.00,0.00,0.00,0.00,0.00,0.00,0.00,0.032
-93.77241149,42.01617070,A3,TaskName 6/13/2025 (GreenStar 4 Monitor),Laudis/Tough,489,6/13/2025,1.000,On,1126.9,121.25,0.00,7.966,11.69,5.708,179.74,19.99,19.95,0,7,117.10,6/13/2025,Good,7.979,0.0020,2.992,0.00076,0.00,0.00,0.00,3.989,0.0010,1.995,0.00051,19.82,0.645,0.00,0.00,0.00,0.00,0.00,0.00,0.00,0.00,0.00,0.00,0.00,0.00,0.033
-93.77241131,42.01613844,A3,TaskName 6/13/2025 (GreenStar 4 Monitor),Laudis/Tough,490,6/13/2025,1.005,On,1126.7,121.25,0.00,7.993,11.78,4.771,180.07,19.99,19.95,0,7,117.50,6/13/2025,Good,7.980,0.0020,2.992,0.00077,0.00,0.00,0.00,3.990,0.0010,1.995,0.00051,19.82,0.650,0.00,0.00,0.00,0.00,0.00,0.00,0.00,0.00,0.00,0.00,0.00,0.00,0.033
-93.77241131,42.01610635,A3,TaskName 6/13/2025 (GreenStar 4 Monitor),Laudis/Tough,491,6/13/2025,1.000,On,1126.5,121.25,0.00,7.978,11.71,5.395,180.00,19.99,19.89,0,7,117.30,6/13/2025,Good,7.956,0.0020,2.984,0.00076,0.00,0.00,0.00,3.978,0.0010,1.989,0.00051,19.76,0.644,0.00,0.00,0.00,0.00,0.00,0.00,0.00,0.00,0.00,0.00,0.00,0.00,0.033
-93.77241159,42.01607428,A3,TaskName 6/13/2025 (GreenStar 4 Monitor),Laudis/Tough,492,6/13/2025,1.000,On,1126.4,121.25,0.00,7.948,11.66,4.988,179.78,19.99,20.00,0,7,116.84,6/13/2025,Good,8.002,0.0020,3.001,0.00076,0.00,0.00,0.00,4.001,0.0010,2.000,0.00051,19.87,0.645,0.00,0.00,0.00,0.00,0.00,0.00,0.00,0.00,0.00,0.00,0.00,0.00,0.032
-93.77241126,42.01604250,A3,TaskName 6/13/2025 (GreenStar 4 Monitor),Laudis/Tough,493,6/13/2025,0.996,On,1126.4,121.25,0.00,7.954,11.61,5.025,179.98,19.99,19.93,0,7,116.78,6/13/2025,Good,7.972,0.0020,2.989,0.00075,0.00,0.00,0.00,3.986,0.0010,1.993,0.00050,19.80,0.640,0.00,0.00,0.00,0.00,0.00,0.00,0.00,0.00,0.00,0.00,0.00,0.00,0.032
-93.77241122,42.01601108,A3,TaskName 6/13/2025 (GreenStar 4 Monitor),Laudis/Tough,494,6/13/2025,0.999,On,1126.3,121.25,0.00,7.853,11.52,6.064,179.98,19.99,19.93,0,7,115.54,6/13/2025,Good,7.973,0.0020,2.990,0.00075,0.00,0.00,0.00,3.987,0.00100,1.993,0.00050,19.80,0.635,0.00,0.00,0.00,0.00,0.00,0.00,0.00,0.00,0.00,0.00,0.00,0.00,0.032
-93.77241143,42.01597959,A3,TaskName 6/13/2025 (GreenStar 4 Monitor),Laudis/Tough,495,6/13/2025,1.000,On,1126.4,121.25,0.00,7.803,11.44,6.495,180.09,19.99,20.00,0,7,114.61,6/13/2025,Good,7.998,0.0020,2.999,0.00075,0.00,0.00,0.00,3.999,0.00099,2.000,0.00050,19.87,0.632,0.00,0.00,0.00,0.00,0.00,0.00,0.00,0.00,0.00,0.00,0.00,0.00,0.032
-93.77241131,42.01594813,A3,TaskName 6/13/2025 (GreenStar 4 Monitor),Laudis/Tough,496,6/13/2025,1.000,On,1126.4,121.25,0.00,7.827,11.48,6.327,180.20,19.99,20.03,0,7,115.00,6/13/2025,Good,8.010,0.0020,3.004,0.00075,0.00,0.00,0.00,4.005,0.00100,2.003,0.00050,19.90,0.636,0.00,0.00,0.00,0.00,0.00,0.00,0.00,0.00,0.00,0.00,0.00,0.00,0.032
-93.77241134,42.01591653,A3,TaskName 6/13/2025 (GreenStar 4 Monitor),Laudis/Tough,497,6/13/2025,1.000,On,1126.4,121.25,0.00,7.845,11.50,6.297,180.15,19.99,20.02,0,7,115.23,6/13/2025,Good,8.010,0.0020,3.004,0.00075,0.00,0.00,0.00,4.005,0.0010,2.002,0.00050,19.89,0.637,0.00,0.00,0.00,0.00,0.00,0.00,0.00,0.00,0.00,0.00,0.00,0.00,0.032
-93.77241167,42.01588493,A3,TaskName 6/13/2025 (GreenStar 4 Monitor),Laudis/Tough,498,6/13/2025,1.006,On,1126.5,121.25,0.00,7.842,11.56,6.416,179.81,19.99,20.04,0,7,115.10,6/13/2025,Good,8.016,0.0020,3.006,0.00076,0.00,0.00,0.00,4.008,0.0010,2.004,0.00050,19.91,0.640,0.00,0.00,0.00,0.00,0.00,0.00,0.00,0.00,0.00,0.00,0.00,0.00,0.032
-93.77241157,42.01585331,A3,TaskName 6/13/2025 (GreenStar 4 Monitor),Laudis/Tough,499,6/13/2025,0.994,On,1126.6,121.25,0.00,7.849,11.45,6.635,179.94,19.99,20.03,0,7,115.46,6/13/2025,Good,8.013,0.0020,3.005,0.00075,0.00,0.00,0.00,4.006,0.00100,2.003,0.00050,19.90,0.634,0.00,0.00,0.00,0.00,0.00,0.00,0.00,0.00,0.00,0.00,0.00,0.00,0.032
-93.77241110,42.01582174,A3,TaskName 6/13/2025 (GreenStar 4 Monitor),Laudis/Tough,500,6/13/2025,1.000,On,1126.6,121.25,0.00,7.854,11.52,7.030,180.42,19.99,20.01,0,7,115.43,6/13/2025,Good,8.004,0.0020,3.002,0.00075,0.00,0.00,0.00,4.002,0.0010,2.001,0.00050,19.88,0.637,0.00,0.00,0.00,0.00,0.00,0.00,0.00,0.00,0.00,0.00,0.00,0.00,0.032
-93.77241171,42.01578980,A3,TaskName 6/13/2025 (GreenStar 4 Monitor),Laudis/Tough,501,6/13/2025,1.000,On,1126.6,121.25,0.00,7.883,11.56,6.428,179.64,19.99,19.99,0,7,115.82,6/13/2025,Good,7.995,0.0020,2.998,0.00075,0.00,0.00,0.00,3.997,0.0010,1.999,0.00050,19.86,0.639,0.00,0.00,0.00,0.00,0.00,0.00,0.00,0.00,0.00,0.00,0.00,0.00,0.032
-93.77241163,42.01575790,A3,TaskName 6/13/2025 (GreenStar 4 Monitor),Laudis/Tough,502,6/13/2025,1.001,On,1126.6,121.25,0.00,7.930,11.64,6.289,179.80,19.99,19.97,0,7,116.53,6/13/2025,Good,7.990,0.0020,2.996,0.00076,0.00,0.00,0.00,3.995,0.0010,1.997,0.00051,19.84,0.643,0.00,0.00,0.00,0.00,0.00,0.00,0.00,0.00,0.00,0.00,0.00,0.00,0.032
-93.77241141,42.01573875,A3,TaskName 6/13/2025 (GreenStar 4 Monitor),Laudis/Tough,503,6/13/2025,0.600,On,1126.7,121.25,0.00,7.915,6.954,5.996,180.13,19.99,20.00,0,7,116.14,6/13/2025,Good,8.001,0.0012,3.000,0.00045,0.00,0.00,0.00,4.000,0.00060,2.000,0.00030,19.87,0.385,0.00,0.00,0.00,0.00,0.00,0.00,0.00,0.00,0.00,0.00,0.00,0.00,0.019
-93.77241131,42.01573237,A3,TaskName 6/13/2025 (GreenStar 4 Monitor),Laudis/Tough,504,6/13/2025,0.199,On,1126.7,118.75,-1.250,7.921,2.323,6.386,180.27,19.99,20.59,0,7,114.59,6/13/2025,Good,8.236,0.00041,3.089,0.00015,0.00,0.00,0.00,4.118,0.00020,2.059,0.00010,20.46,0.130,0.00,0.00,0.00,0.00,0.00,0.00,0.00,0.00,0.00,0.00,0.00,0.00,0.0063
-93.77241131,42.01572596,A3,TaskName 6/13/2025 (GreenStar 4 Monitor),Laudis/Tough,505,6/13/2025,0.201,On,1126.7,116.25,-2.500,7.923,2.333,6.030,180.31,19.99,20.56,0,7,111.53,6/13/2025,Good,8.223,0.00040,3.084,0.00015,0.00,0.00,0.00,4.112,0.00020,2.056,0.00010,20.42,0.127,0.00,0.00,0.00,0.00,0.00,0.00,0.00,0.00,0.00,0.00,0.00,0.00,0.0062
-93.77241140,42.01571960,A3,TaskName 6/13/2025 (GreenStar 4 Monitor),Laudis/Tough,506,6/13/2025,0.200,On,1126.7,113.75,-3.750,7.937,2.327,6.221,180.26,19.99,20.22,0,7,109.37,6/13/2025,Good,8.086,0.00038,3.032,0.00014,0.00,0.00,0.00,4.043,0.00019,2.022,9.596e-05,20.08,0.122,0.00,0.00,0.00,0.00,0.00,0.00,0.00,0.00,0.00,0.00,0.00,0.00,0.0061
-93.77241146,42.01571318,A3,TaskName 6/13/2025 (GreenStar 4 Monitor),Laudis/Tough,507,6/13/2025,0.199,On,1126.7,110.00,-5.625,7.930,2.314,6.162,180.09,19.99,20.36,0,7,105.69,6/13/2025,Good,8.142,0.00037,3.053,0.00014,0.00,0.00,0.00,4.071,0.00019,2.036,9.291e-05,20.22,0.118,0.00,0.00,0.00,0.00,0.00,0.00,0.00,0.00,0.00,0.00,0.00,0.00,0.0058
-93.77241172,42.01570679,A3,TaskName 6/13/2025 (GreenStar 4 Monitor),Laudis/Tough,508,6/13/2025,0.201,On,1126.7,107.50,-6.875,7.937,2.340,5.957,179.87,19.99,20.43,0,7,103.42,6/13/2025,Good,8.172,0.00037,3.064,0.00014,0.00,0.00,0.00,4.086,0.00018,2.043,9.217e-05,20.30,0.117,0.00,0.00,0.00,0.00,0.00,0.00,0.00,0.00,0.00,0.00,0.00,0.00,0.0058
-93.77241171,42.01570038,A3,TaskName 6/13/2025 (GreenStar 4 Monitor),Laudis/Tough,509,6/13/2025,0.200,On,1126.7,102.50,-9.375,7.932,2.327,5.779,179.74,19.99,20.39,0,7,98.55,6/13/2025,Good,8.155,0.00035,3.058,0.00013,0.00,0.00,0.00,4.077,0.00017,2.039,8.720e-05,20.25,0.111,0.00,0.00,0.00,0.00,0.00,0.00,0.00,0.00,0.00,0.00,0.00,0.00,0.0055
-93.77241173,42.01569400,A3,TaskName 6/13/2025 (GreenStar 4 Monitor),Laudis/Tough,510,6/13/2025,0.200,On,1126.7,101.25,-10.000,7.939,2.327,5.640,179.62,19.99,20.43,0,7,97.35,6/13/2025,Good,8.172,0.00035,3.064,0.00013,0.00,0.00,0.00,4.086,0.00017,2.043,8.632e-05,20.30,0.110,0.00,0.00,0.00,0.00,0.00,0.00,0.00,0.00,0.00,0.00,0.00,0.00,0.0054
-93.77241179,42.01568759,A3,TaskName 6/13/2025 (GreenStar 4 Monitor),Laudis/Tough,511,6/13/2025,0.199,On,1126.7,97.50,-11.87,7.941,2.317,5.462,179.50,19.99,20.40,0,7,93.82,6/13/2025,Good,8.159,0.00033,3.060,0.00012,0.00,0.00,0.00,4.080,0.00017,2.040,8.264e-05,20.27,0.105,0.00,0.00,0.00,0.00,0.00,0.00,0.00,0.00,0.00,0.00,0.00,0.00,0.0052
-93.77241197,42.01568126,A3,TaskName 6/13/2025 (GreenStar 4 Monitor),Laudis/Tough,512,6/13/2025,0.201,On,1126.7,93.75,-13.75,7.946,2.340,5.482,179.36,19.99,20.34,0,7,90.20,6/13/2025,Good,8.138,0.00032,3.052,0.00012,0.00,0.00,0.00,4.069,0.00016,2.034,8.004e-05,20.21,0.102,0.00,0.00,0.00,0.00,0.00,0.00,0.00,0.00,0.00,0.00,0.00,0.00,0.0050
-93.77241188,42.01567496,A3,TaskName 6/13/2025 (GreenStar 4 Monitor),Laudis/Tough,513,6/13/2025,0.195,On,1126.8,91.25,-15.00,7.925,2.264,5.482,179.39,19.99,20.50,0,7,87.57,6/13/2025,Good,8.202,0.00030,3.076,0.00011,0.00,0.00,0.00,4.101,0.00015,2.050,7.599e-05,20.37,0.097,0.00,0.00,0.00,0.00,0.00,0.00,0.00,0.00,0.00,0.00,0.00,0.00,0.0047
-93.77241179,42.01566857,A3,TaskName 6/13/2025 (GreenStar 4 Monitor),Laudis/Tough,514,6/13/2025,0.205,On,1126.7,87.50,-16.87,7.896,2.373,5.323,179.47,19.99,20.41,0,7,83.70,6/13/2025,Good,8.163,0.00030,3.061,0.00011,0.00,0.00,0.00,4.082,0.00015,2.041,7.599e-05,20.28,0.097,0.00,0.00,0.00,0.00,0.00,0.00,0.00,0.00,0.00,0.00,0.00,0.00,0.0048
-93.77241169,42.01566217,A3,TaskName 6/13/2025 (GreenStar 4 Monitor),Laudis/Tough,515,6/13/2025,0.199,On,1126.8,85.00,-18.12,7.899,2.304,5.198,179.47,19.99,20.26,0,7,81.33,6/13/2025,Good,8.104,0.00028,3.039,0.00011,0.00,0.00,0.00,4.052,0.00014,2.026,7.115e-05,20.13,0.090,0.00,0.00,0.00,0.00,0.00,0.00,0.00,0.00,0.00,0.00,0.00,0.00,0.0045
-93.77241161,42.01565572,A3,TaskName 6/13/2025 (GreenStar 4 Monitor),Laudis/Tough,516,6/13/2025,0.200,On,1126.8,82.50,-19.37,7.912,2.320,5.614,179.47,19.99,20.34,0,7,79.10,6/13/2025,Good,8.138,0.00028,3.052,0.00010,0.00,0.00,0.00,4.069,0.00014,2.034,6.984e-05,20.21,0.089,0.00,0.00,0.00,0.00,0.00,0.00,0.00,0.00,0.00,0.00,0.00,0.00,0.0044
-93.77241151,42.01564938,A3,TaskName 6/13/2025 (GreenStar 4 Monitor),Laudis/Tough,517,6/13/2025,0.201,On,1126.8,80.00,-20.62,7.943,2.340,6.096,179.48,19.99,20.54,0,7,76.97,6/13/2025,Good,8.215,0.00028,3.081,0.00010,0.00,0.00,0.00,4.107,0.00014,2.054,6.895e-05,20.40,0.088,0.00,0.00,0.00,0.00,0.00,0.00,0.00,0.00,0.00,0.00,0.00,0.00,0.0043
-93.77241139,42.01564307,A3,TaskName 6/13/2025 (GreenStar 4 Monitor),Laudis/Tough,518,6/13/2025,0.195,On,1126.8,76.25,-22.50,7.930,2.268,6.182,179.45,19.99,20.23,0,7,73.28,6/13/2025,Good,8.091,0.00025,3.034,9.409e-05,0.00,0.00,0.00,4.045,0.00013,2.023,6.273e-05,20.10,0.080,0.00,0.00,0.00,0.00,0.00,0.00,0.00,0.00,0.00,0.00,0.00,0.00,0.0040
-93.77241127,42.01563677,A3,TaskName 6/13/2025 (GreenStar 4 Monitor),Laudis/Tough,519,6/13/2025,0.205,On,1126.8,73.75,-23.75,7.901,2.376,6.393,179.57,19.99,20.25,0,7,70.64,6/13/2025,Good,8.099,0.00025,3.037,9.545e-05,0.00,0.00,0.00,4.050,0.00013,2.025,6.363e-05,20.12,0.081,0.00,0.00,0.00,0.00,0.00,0.00,0.00,0.00,0.00,0.00,0.00,0.00,0.0040
-93.77241098,42.01563047,A3,TaskName 6/13/2025 (GreenStar 4 Monitor),Laudis/Tough,520,6/13/2025,0.200,On,1126.8,70.00,-25.62,7.870,2.307,6.657,179.78,19.99,20.53,0,7,66.73,6/13/2025,Good,8.210,0.00024,3.079,8.918e-05,0.00,0.00,0.00,4.105,0.00012,2.053,5.945e-05,20.39,0.076,0.00,0.00,0.00,0.00,0.00,0.00,0.00,0.00,0.00,0.00,0.00,0.00,0.0037
-93.77241080,42.01562420,A3,TaskName 6/13/2025 (GreenStar 4 Monitor),Laudis/Tough,521,6/13/2025,0.200,On,1126.9,67.50,-26.87,7.847,2.301,6.618,179.93,19.99,20.30,0,7,64.17,6/13/2025,Good,8.121,0.00023,3.045,8.481e-05,0.00,0.00,0.00,4.060,0.00011,2.030,5.654e-05,20.17,0.072,0.00,0.00,0.00,0.00,0.00,0.00,0.00,0.00,0.00,0.00,0.00,0.00,0.0036
-93.77241064,42.01561788,A3,TaskName 6/13/2025 (GreenStar 4 Monitor),Laudis/Tough,522,6/13/2025,0.200,On,1126.8,63.75,-28.75,7.829,2.284,6.472,180.06,19.99,20.19,0,7,60.17,6/13/2025,Good,8.078,0.00021,3.029,7.911e-05,0.00,0.00,0.00,4.039,0.00011,2.019,5.274e-05,20.06,0.067,0.00,0.00,0.00,0.00,0.00,0.00,0.00,0.00,0.00,0.00,0.00,0.00,0.0033
-93.77241061,42.01561156,A3,TaskName 6/13/2025 (GreenStar 4 Monitor),Laudis/Tough,523,6/13/2025,0.200,On,1126.9,62.50,-29.37,7.827,2.294,6.267,180.08,19.99,20.30,0,7,59.24,6/13/2025,Good,8.121,0.00021,3.045,7.831e-05,0.00,0.00,0.00,4.060,0.00010,2.030,5.220e-05,20.17,0.066,0.00,0.00,0.00,0.00,0.00,0.00,0.00,0.00,0.00,0.00,0.00,0.00,0.0033
-93.77241047,42.01560519,A3,TaskName 6/13/2025 (GreenStar 4 Monitor),Laudis/Tough,524,6/13/2025,0.195,On,1126.9,58.75,-31.25,7.834,2.251,6.525,180.15,19.99,20.39,0,7,56.06,6/13/2025,Good,8.155,0.00019,3.058,7.254e-05,0.00,0.00,0.00,4.077,9.672e-05,2.039,4.836e-05,20.25,0.062,0.00,0.00,0.00,0.00,0.00,0.00,0.00,0.00,0.00,0.00,0.00,0.00,0.0030
-93.77241042,42.01559880,A3,TaskName 6/13/2025 (GreenStar 4 Monitor),Laudis/Tough,525,6/13/2025,0.205,On,1126.9,55.00,-33.12,7.852,2.350,6.023,180.17,19.99,20.32,0,7,52.10,6/13/2025,Good,8.129,0.00019,3.048,7.066e-05,0.00,0.00,0.00,4.065,9.421e-05,2.032,4.711e-05,20.19,0.060,0.00,0.00,0.00,0.00,0.00,0.00,0.00,0.00,0.00,0.00,0.00,0.00,0.0030
-93.77241048,42.01559245,A3,TaskName 6/13/2025 (GreenStar 4 Monitor),Laudis/Tough,526,6/13/2025,0.200,On,1126.9,53.75,-33.75,7.887,2.323,5.633,180.17,19.99,20.18,0,7,51.61,6/13/2025,Good,8.074,0.00018,3.028,6.781e-05,0.00,0.00,0.00,4.037,9.042e-05,2.018,4.521e-05,20.05,0.057,0.00,0.00,0.00,0.00,0.00,0.00,0.00,0.00,0.00,0.00,0.00,0.00,0.0029
-93.77241041,42.01558612,A3,TaskName 6/13/2025 (GreenStar 4 Monitor),Laudis/Tough,527,6/13/2025,0.200,On,1126.9,50.00,-35.62,7.899,2.317,5.501,180.19,19.99,20.22,0,7,47.87,6/13/2025,Good,8.086,0.00017,3.032,6.300e-05,0.00,0.00,0.00,4.043,8.401e-05,2.022,4.200e-05,20.08,0.053,0.00,0.00,0.00,0.00,0.00,0.00,0.00,0.00,0.00,0.00,0.00,0.00,0.0027
-93.77241044,42.01557984,A3,TaskName 6/13/2025 (GreenStar 4 Monitor),Laudis/Tough,528,6/13/2025,0.200,On,1127.0,46.25,-37.50,7.892,2.314,4.999,180.20,19.99,20.33,0,7,44.22,6/13/2025,Good,8.133,0.00016,3.050,5.854e-05,0.00,0.00,0.00,4.067,7.805e-05,2.033,3.902e-05,20.20,0.050,0.00,0.00,0.00,0.00,0.00,0.00,0.00,0.00,0.00,0.00,0.00,0.00,0.0025
-93.77241052,42.01557370,A3,TaskName 6/13/2025 (GreenStar 4 Monitor),Laudis/Tough,529,6/13/2025,0.200,On,1127.0,45.00,-38.12,7.870,2.307,4.682,180.13,19.99,20.19,0,7,42.90,6/13/2025,Good,8.078,0.00015,3.029,5.640e-05,0.00,0.00,0.00,4.039,7.520e-05,2.019,3.760e-05,20.06,0.048,0.00,0.00,0.00,0.00,0.00,0.00,0.00,0.00,0.00,0.00,0.00,0.00,0.0024
-93.77241057,42.01556767,A3,TaskName 6/13/2025 (GreenStar 4 Monitor),Laudis/Tough,530,6/13/2025,0.200,On,1127.0,41.25,-40.00,7.800,2.287,5.151,180.05,19.99,20.17,0,7,38.99,6/13/2025,Good,8.069,0.00014,3.026,5.121e-05,0.00,0.00,0.00,4.035,6.828e-05,2.017,3.414e-05,20.04,0.043,0.00,0.00,0.00,0.00,0.00,0.00,0.00,0.00,0.00,0.00,0.00,0.00,0.0022
-93.77241055,42.01556182,A3,TaskName 6/13/2025 (GreenStar 4 Monitor),Laudis/Tough,531,6/13/2025,0.200,On,1127.0,38.75,-41.25,7.697,2.258,5.290,180.02,19.99,20.11,0,7,36.15,6/13/2025,Good,8.044,0.00013,3.016,4.733e-05,0.00,0.00,0.00,4.022,6.311e-05,2.011,3.155e-05,19.98,0.040,0.00,0.00,0.00,0.00,0.00,0.00,0.00,0.00,0.00,0.00,0.00,0.00,0.0020
-93.77241068,42.01555601,A3,TaskName 6/13/2025 (GreenStar 4 Monitor),Laudis/Tough,532,6/13/2025,0.199,On,1127.0,35.00,-43.12,7.554,2.205,6.241,179.91,19.99,20.34,0,7,32.06,6/13/2025,Good,8.138,0.00011,3.052,4.225e-05,0.00,0.00,0.00,4.069,5.633e-05,2.034,2.816e-05,20.21,0.036,0.00,0.00,0.00,0.00,0.00,0.00,0.00,0.00,0.00,0.00,0.00,0.00,0.0018
-93.77241081,42.01555016,A3,TaskName 6/13/2025 (GreenStar 4 Monitor),Laudis/Tough,533,6/13/2025,0.195,On,1127.1,33.75,-43.75,7.427,2.123,7.509,179.84,19.99,20.19,0,7,30.37,6/13/2025,Good,8.078,0.00010,3.029,3.893e-05,0.00,0.00,0.00,4.039,5.191e-05,2.019,2.596e-05,20.06,0.033,0.00,0.00,0.00,0.00,0.00,0.00,0.00,0.00,0.00,0.00,0.00,0.00,0.0016
-93.77241089,42.01554417,A3,TaskName 6/13/2025 (GreenStar 4 Monitor),Laudis/Tough,534,6/13/2025,0.206,On,1127.1,30.00,-45.62,7.337,2.215,7.483,179.66,19.99,20.14,0,7,26.66,6/13/2025,Good,8.057,9.603e-05,3.021,3.601e-05,0.00,0.00,0.00,4.028,4.801e-05,2.014,2.401e-05,20.01,0.031,0.00,0.00,0.00,0.00,0.00,0.00,0.00,0.00,0.00,0.00,0.00,0.00,0.0015
-93.77241099,42.01553817,A3,TaskName 6/13/2025 (GreenStar 4 Monitor),Laudis/Tough,535,6/13/2025,0.200,On,1127.2,28.75,-46.25,7.337,2.153,7.529,179.59,19.99,20.42,0,7,25.58,6/13/2025,Good,8.168,9.067e-05,3.063,3.400e-05,0.00,0.00,0.00,4.084,4.533e-05,2.042,2.267e-05,20.29,0.029,0.00,0.00,0.00,0.00,0.00,0.00,0.00,0.00,0.00,0.00,0.00,0.00,0.0014
-93.77241097,42.01553212,A3,TaskName 6/13/2025 (GreenStar 4 Monitor),Laudis/Tough,536,6/13/2025,0.200,On,1127.2,26.25,-47.50,7.371,2.163,7.443,179.64,19.99,20.19,0,7,23.46,6/13/2025,Good,8.078,8.225e-05,3.029,3.084e-05,0.00,0.00,0.00,4.039,4.112e-05,2.019,2.056e-05,20.06,0.026,0.00,0.00,0.00,0.00,0.00,0.00,0.00,0.00,0.00,0.00,0.00,0.00,0.0013
-93.77241086,42.01552607,A3,TaskName 6/13/2025 (GreenStar 4 Monitor),Laudis/Tough,537,6/13/2025,0.200,On,1127.2,22.50,-49.37,7.420,2.176,7.285,179.69,19.99,20.08,0,7,20.23,6/13/2025,Good,8.031,7.051e-05,3.012,2.644e-05,0.00,0.00,0.00,4.015,3.526e-05,2.008,1.763e-05,19.95,0.022,0.00,0.00,0.00,0.00,0.00,0.00,0.00,0.00,0.00,0.00,0.00,0.00,0.0011
-93.77241077,42.01551997,A3,TaskName 6/13/2025 (GreenStar 4 Monitor),Laudis/Tough,538,6/13/2025,0.200,On,1127.3,20.00,-50.62,7.456,2.186,7.469,179.80,19.99,20.29,0,7,18.06,6/13/2025,Good,8.116,6.363e-05,3.044,2.386e-05,0.00,0.00,0.00,4.058,3.182e-05,2.029,1.591e-05,20.16,0.020,0.00,0.00,0.00,0.00,0.00,0.00,0.00,0.00,0.00,0.00,0.00,0.00,0.0010
-93.77241050,42.01551373,A3,TaskName 6/13/2025 (GreenStar 4 Monitor),Laudis/Tough,539,6/13/2025,0.200,On,1127.3,17.50,-51.87,7.512,2.202,7.014,180.13,19.99,20.11,0,7,15.92,6/13/2025,Good,8.044,5.559e-05,3.016,2.085e-05,0.00,0.00,0.00,4.022,2.780e-05,2.011,1.390e-05,19.98,0.018,0.00,0.00,0.00,0.00,0.00,0.00,0.00,0.00,0.00,0.00,0.00,0.00,0.00088
-93.77241037,42.01550759,A3,TaskName 6/13/2025 (GreenStar 4 Monitor),Laudis/Tough,540,6/13/2025,0.200,On,1127.3,12.50,-54.37,7.590,2.225,6.611,180.41,19.99,20.16,0,7,11.49,6/13/2025,Good,8.065,4.023e-05,3.024,1.509e-05,0.00,0.00,0.00,4.033,2.012e-05,2.016,1.006e-05,20.03,0.013,0.00,0.00,0.00,0.00,0.00,0.00,0.00,0.00,0.00,0.00,0.00,0.00,0.00064
-93.77241044,42.01550129,A3,TaskName 6/13/2025 (GreenStar 4 Monitor),Laudis/Tough,541,6/13/2025,0.200,On,1127.4,10.00,-55.62,7.628,2.225,6.710,180.46,19.99,20.27,0,7,9.194,6/13/2025,Good,8.108,3.236e-05,3.040,1.213e-05,0.00,0.00,0.00,4.054,1.618e-05,2.027,8.089e-06,20.14,0.010,0.00,0.00,0.00,0.00,0.00,0.00,0.00,0.00,0.00,0.00,0.00,0.00,0.00051
-93.77241046,42.01549514,A3,TaskName 6/13/2025 (GreenStar 4 Monitor),Laudis/Tough,542,6/13/2025,0.200,On,1127.4,7.500,-56.87,7.686,2.264,6.763,180.50,19.99,19.95,0,7,7.018,6/13/2025,Good,7.980,2.431e-05,2.992,9.114e-06,0.00,0.00,0.00,3.990,1.215e-05,1.995,6.076e-06,19.82,0.0077,0.00,0.00,0.00,0.00,0.00,0.00,0.00,0.00,0.00,0.00,0.00,0.00,0.00039
-93.77241043,42.01548890,A3,TaskName 6/13/2025 (GreenStar 4 Monitor),Laudis/Tough,543,6/13/2025,0.199,On,1127.4,5.000,-58.12,7.697,2.245,6.664,180.62,19.99,19.93,0,7,4.661,6/13/2025,Good,7.971,1.605e-05,2.989,6.017e-06,0.00,0.00,0.00,3.985,8.023e-06,1.993,4.011e-06,19.80,0.0051,0.00,0.00,0.00,0.00,0.00,0.00,0.00,0.00,0.00,0.00,0.00,0.00,0.00026
-93.77241022,42.01548274,A3,TaskName 6/13/2025 (GreenStar 4 Monitor),Laudis/Tough,544,6/13/2025,0.201,On,1127.5,2.500,-59.37,7.722,2.274,6.565,180.85,19.99,19.90,0,7,2.338,6/13/2025,Good,7.958,8.115e-06,2.984,3.043e-06,0.00,0.00,0.00,3.979,4.058e-06,1.990,2.029e-06,19.77,0.0026,0.00,0.00,0.00,0.00,0.00,0.00,0.00,0.00,0.00,0.00,0.00,0.00,0.00013
-93.77284869,42.01573311,A3,TaskName 6/13/2025 (GreenStar 4 Monitor),Laudis/Tough,545,6/13/2025,0.196,On,1129.1,2.500,56.87,6.541,1.882,9.642,357.07,19.99,20.10,0,8,1.983,6/13/2025,Good,8.039,6.783e-06,3.015,2.543e-06,0.00,0.00,0.00,4.020,3.391e-06,2.010,1.696e-06,19.97,0.0022,0.00,0.00,0.00,0.00,0.00,0.00,0.00,0.00,0.00,0.00,0.00,0.00,0.00011
-93.77284882,42.01573919,A3,TaskName 6/13/2025 (GreenStar 4 Monitor),Laudis/Tough,546,6/13/2025,0.205,On,1129.1,7.500,55.62,6.854,2.052,7.899,357.33,19.99,19.98,0,8,6.205,6/13/2025,Good,7.992,2.206e-05,2.997,8.274e-06,0.00,0.00,0.00,3.996,1.103e-05,1.998,5.516e-06,19.85,0.0070,0.00,0.00,0.00,0.00,0.00,0.00,0.00,0.00,0.00,0.00,0.00,0.00,0.00035
-93.77284932,42.01574548,A3,TaskName 6/13/2025 (GreenStar 4 Monitor),Laudis/Tough,547,6/13/2025,0.200,On,1129.1,10.00,54.37,7.127,2.101,7.648,357.92,19.99,20.54,0,8,8.684,6/13/2025,Good,8.215,3.096e-05,3.081,1.161e-05,0.00,0.00,0.00,4.107,1.548e-05,2.054,7.740e-06,20.40,0.0098,0.00,0.00,0.00,0.00,0.00,0.00,0.00,0.00,0.00,0.00,0.00,0.00,0.00048
-93.77285010,42.01575200,A3,TaskName 6/13/2025 (GreenStar 4 Monitor),Laudis/Tough,548,6/13/2025,0.199,On,1129.1,13.75,52.50,7.386,2.157,6.657,358.64,19.99,20.31,0,8,12.32,6/13/2025,Good,8.125,4.322e-05,3.047,1.621e-05,0.00,0.00,0.00,4.062,2.161e-05,2.031,1.081e-05,20.18,0.014,0.00,0.00,0.00,0.00,0.00,0.00,0.00,0.00,0.00,0.00,0.00,0.00,0.00068
-93.77285076,42.01575859,A3,TaskName 6/13/2025 (GreenStar 4 Monitor),Laudis/Tough,549,6/13/2025,0.195,On,1129.0,15.00,51.87,7.650,2.187,5.633,359.15,19.99,20.15,0,8,13.90,6/13/2025,Good,8.061,4.742e-05,3.023,1.778e-05,0.00,0.00,0.00,4.030,2.371e-05,2.015,1.186e-05,20.02,0.015,0.00,0.00,0.00,0.00,0.00,0.00,0.00,0.00,0.00,0.00,0.00,0.00,0.00075
-93.77285122,42.01576512,A3,TaskName 6/13/2025 (GreenStar 4 Monitor),Laudis/Tough,550,6/13/2025,0.201,On,1129.0,16.25,51.25,7.861,2.308,5.217,359.38,19.99,20.32,0,8,15.42,6/13/2025,Good,8.129,5.468e-05,3.048,2.051e-05,0.00,0.00,0.00,4.065,2.734e-05,2.032,1.367e-05,20.19,0.017,0.00,0.00,0.00,0.00,0.00,0.00,0.00,0.00,0.00,0.00,0.00,0.00,0.00086
-93.77285177,42.01577171,A3,TaskName 6/13/2025 (GreenStar 4 Monitor),Laudis/Tough,551,6/13/2025,0.204,On,1129.0,17.50,50.62,7.988,2.403,5.099,359.64,19.99,19.84,0,8,17.04,6/13/2025,Good,7.937,5.987e-05,2.976,2.245e-05,0.00,0.00,0.00,3.968,2.993e-05,1.984,1.497e-05,19.71,0.019,0.00,0.00,0.00,0.00,0.00,0.00,0.00,0.00,0.00,0.00,0.00,0.00,0.00097
-93.77285217,42.01577832,A3,TaskName 6/13/2025 (GreenStar 4 Monitor),Laudis/Tough,552,6/13/2025,0.200,On,1129.0,22.50,48.12,8.066,2.367,4.960,359.89,19.99,19.88,0,8,22.01,6/13/2025,Good,7.954,7.598e-05,2.983,2.849e-05,0.00,0.00,0.00,3.977,3.799e-05,1.988,1.899e-05,19.76,0.024,0.00,0.00,0.00,0.00,0.00,0.00,0.00,0.00,0.00,0.00,0.00,0.00,0.0012
-93.77285222,42.01578479,A3,TaskName 6/13/2025 (GreenStar 4 Monitor),Laudis/Tough,553,6/13/2025,0.201,On,1129.0,23.75,47.50,8.125,2.397,4.966,359.94,19.99,20.19,0,8,23.40,6/13/2025,Good,8.078,8.247e-05,3.029,3.092e-05,0.00,0.00,0.00,4.039,4.123e-05,2.019,2.062e-05,20.06,0.026,0.00,0.00,0.00,0.00,0.00,0.00,0.00,0.00,0.00,0.00,0.00,0.00,0.0013
-93.77285222,42.01579118,A3,TaskName 6/13/2025 (GreenStar 4 Monitor),Laudis/Tough,554,6/13/2025,0.199,On,1129.0,27.50,45.62,8.122,2.370,5.429,359.88,19.99,20.01,0,8,27.07,6/13/2025,Good,8.005,9.359e-05,3.002,3.510e-05,0.00,0.00,0.00,4.003,4.680e-05,2.001,2.340e-05,19.88,0.030,0.00,0.00,0.00,0.00,0.00,0.00,0.00,0.00,0.00,0.00,0.00,0.00,0.0015
-93.77285195,42.01579773,A3,TaskName 6/13/2025 (GreenStar 4 Monitor),Laudis/Tough,555,6/13/2025,0.201,On,1128.9,30.00,44.37,8.071,2.367,5.422,359.57,19.99,19.86,0,8,29.20,6/13/2025,Good,7.945,0.00010,2.979,3.795e-05,0.00,0.00,0.00,3.973,5.060e-05,1.986,2.530e-05,19.73,0.032,0.00,0.00,0.00,0.00,0.00,0.00,0.00,0.00,0.00,0.00,0.00,0.00,0.0016
-93.77285187,42.01580410,A3,TaskName 6/13/2025 (GreenStar 4 Monitor),Laudis/Tough,556,6/13/2025,0.199,On,1128.9,32.50,43.12,8.048,2.361,5.600,359.31,19.99,20.06,0,8,31.86,6/13/2025,Good,8.022,0.00011,3.008,4.139e-05,0.00,0.00,0.00,4.011,5.519e-05,2.006,2.760e-05,19.93,0.035,0.00,0.00,0.00,0.00,0.00,0.00,0.00,0.00,0.00,0.00,0.00,0.00,0.0018
-93.77285169,42.01581061,A3,TaskName 6/13/2025 (GreenStar 4 Monitor),Laudis/Tough,557,6/13/2025,0.200,On,1128.9,36.25,41.25,8.010,2.351,5.581,359.04,19.99,20.06,0,8,35.21,6/13/2025,Good,8.022,0.00012,3.008,4.598e-05,0.00,0.00,0.00,4.011,6.130e-05,2.006,3.065e-05,19.93,0.039,0.00,0.00,0.00,0.00,0.00,0.00,0.00,0.00,0.00,0.00,0.00,0.00,0.0020
-93.77285163,42.01581717,A3,TaskName 6/13/2025 (GreenStar 4 Monitor),Laudis/Tough,558,6/13/2025,0.201,On,1128.9,38.75,40.00,8.017,2.351,5.719,359.00,19.99,19.96,0,8,37.45,6/13/2025,Good,7.984,0.00013,2.994,4.891e-05,0.00,0.00,0.00,3.992,6.522e-05,1.996,3.261e-05,19.83,0.041,0.00,0.00,0.00,0.00,0.00,0.00,0.00,0.00,0.00,0.00,0.00,0.00,0.0021
-93.77285169,42.01582365,A3,TaskName 6/13/2025 (GreenStar 4 Monitor),Laudis/Tough,559,6/13/2025,0.199,On,1128.9,42.50,38.12,8.053,2.364,5.680,359.04,19.99,20.23,0,8,41.72,6/13/2025,Good,8.091,0.00015,3.034,5.467e-05,0.00,0.00,0.00,4.045,7.289e-05,2.023,3.645e-05,20.10,0.046,0.00,0.00,0.00,0.00,0.00,0.00,0.00,0.00,0.00,0.00,0.00,0.00,0.0023
-93.77285171,42.01583019,A3,TaskName 6/13/2025 (GreenStar 4 Monitor),Laudis/Tough,560,6/13/2025,0.200,On,1128.8,45.00,36.87,8.064,2.367,5.548,359.00,19.99,19.99,0,8,44.02,6/13/2025,Good,7.997,0.00015,2.999,5.729e-05,0.00,0.00,0.00,3.998,7.639e-05,1.999,3.819e-05,19.86,0.049,0.00,0.00,0.00,0.00,0.00,0.00,0.00,0.00,0.00,0.00,0.00,0.00,0.0024
-93.77285154,42.01583669,A3,TaskName 6/13/2025 (GreenStar 4 Monitor),Laudis/Tough,561,6/13/2025,0.200,On,1128.8,47.50,35.62,8.075,2.370,5.323,358.82,19.99,19.90,0,8,46.53,6/13/2025,Good,7.958,0.00016,2.984,6.027e-05,0.00,0.00,0.00,3.979,8.035e-05,1.990,4.018e-05,19.77,0.051,0.00,0.00,0.00,0.00,0.00,0.00,0.00,0.00,0.00,0.00,0.00,0.00,0.0026
-93.77285162,42.01584321,A3,TaskName 6/13/2025 (GreenStar 4 Monitor),Laudis/Tough,562,6/13/2025,0.200,On,1128.8,51.25,33.75,8.075,2.370,5.264,358.87,19.99,19.98,0,8,50.20,6/13/2025,Good,7.992,0.00017,2.997,6.530e-05,0.00,0.00,0.00,3.996,8.707e-05,1.998,4.354e-05,19.85,0.055,0.00,0.00,0.00,0.00,0.00,0.00,0.00,0.00,0.00,0.00,0.00,0.00,0.0028
-93.77285197,42.01584972,A3,TaskName 6/13/2025 (GreenStar 4 Monitor),Laudis/Tough,563,6/13/2025,0.201,On,1128.8,53.75,32.50,8.078,2.370,5.257,359.18,19.99,19.87,0,8,52.39,6/13/2025,Good,7.950,0.00018,2.981,6.812e-05,0.00,0.00,0.00,3.975,9.083e-05,1.987,4.541e-05,19.74,0.058,0.00,0.00,0.00,0.00,0.00,0.00,0.00,0.00,0.00,0.00,0.00,0.00,0.0029
-93.77285231,42.01585624,A3,TaskName 6/13/2025 (GreenStar 4 Monitor),Laudis/Tough,564,6/13/2025,0.199,On,1128.8,57.50,30.62,8.080,2.370,5.600,359.51,19.99,19.95,0,8,56.61,6/13/2025,Good,7.980,0.00020,2.992,7.315e-05,0.00,0.00,0.00,3.990,9.753e-05,1.995,4.877e-05,19.82,0.062,0.00,0.00,0.00,0.00,0.00,0.00,0.00,0.00,0.00,0.00,0.00,0.00,0.0031
-93.77285261,42.01586278,A3,TaskName 6/13/2025 (GreenStar 4 Monitor),Laudis/Tough,565,6/13/2025,0.200,On,1128.7,60.00,29.37,8.091,2.374,5.310,359.79,19.99,20.13,0,8,58.85,6/13/2025,Good,8.052,0.00021,3.020,7.713e-05,0.00,0.00,0.00,4.026,0.00010,2.013,5.142e-05,20.00,0.065,0.00,0.00,0.00,0.00,0.00,0.00,0.00,0.00,0.00,0.00,0.00,0.00,0.0033
-93.77285270,42.01586931,A3,TaskName 6/13/2025 (GreenStar 4 Monitor),Laudis/Tough,566,6/13/2025,0.200,On,1128.7,62.50,28.12,8.098,2.377,5.376,359.91,19.99,19.98,0,8,61.39,6/13/2025,Good,7.992,0.00021,2.997,7.986e-05,0.00,0.00,0.00,3.996,0.00011,1.998,5.324e-05,19.85,0.068,0.00,0.00,0.00,0.00,0.00,0.00,0.00,0.00,0.00,0.00,0.00,0.00,0.0034
-93.77285280,42.01587578,A3,TaskName 6/13/2025 (GreenStar 4 Monitor),Laudis/Tough,567,6/13/2025,0.200,On,1128.7,66.25,26.25,8.102,2.377,5.462,359.98,19.99,19.84,0,8,65.07,6/13/2025,Good,7.937,0.00022,2.976,8.406e-05,0.00,0.00,0.00,3.968,0.00011,1.984,5.604e-05,19.71,0.071,0.00,0.00,0.00,0.00,0.00,0.00,0.00,0.00,0.00,0.00,0.00,0.00,0.0036
-93.77285283,42.01588233,A3,TaskName 6/13/2025 (GreenStar 4 Monitor),Laudis/Tough,568,6/13/2025,0.200,On,1128.6,68.75,25.00,8.087,2.374,5.217,359.99,19.99,19.86,0,8,67.44,6/13/2025,Good,7.945,0.00023,2.979,8.721e-05,0.00,0.00,0.00,3.973,0.00012,1.986,5.814e-05,19.73,0.074,0.00,0.00,0.00,0.00,0.00,0.00,0.00,0.00,0.00,0.00,0.00,0.00,0.0037
-93.77285279,42.01588879,A3,TaskName 6/13/2025 (GreenStar 4 Monitor),Laudis/Tough,569,6/13/2025,0.196,On,1128.6,72.50,23.12,8.091,2.328,5.244,359.89,19.99,19.81,0,8,71.16,6/13/2025,Good,7.924,0.00024,2.971,8.994e-05,0.00,0.00,0.00,3.962,0.00012,1.981,5.996e-05,19.68,0.076,0.00,0.00,0.00,0.00,0.00,0.00,0.00,0.00,0.00,0.00,0.00,0.00,0.0039
-93.77285254,42.01589523,A3,TaskName 6/13/2025 (GreenStar 4 Monitor),Laudis/Tough,570,6/13/2025,0.199,On,1128.6,75.00,21.87,8.082,2.357,4.986,359.77,19.99,19.87,0,8,73.42,6/13/2025,Good,7.950,0.00025,2.981,9.453e-05,0.00,0.00,0.00,3.975,0.00013,1.987,6.302e-05,19.74,0.080,0.00,0.00,0.00,0.00,0.00,0.00,0.00,0.00,0.00,0.00,0.00,0.00,0.0041
-93.77285257,42.01590172,A3,TaskName 6/13/2025 (GreenStar 4 Monitor),Laudis/Tough,571,6/13/2025,0.206,On,1128.6,77.50,20.62,8.064,2.426,4.709,359.85,19.99,19.90,0,8,75.44,6/13/2025,Good,7.958,0.00027,2.984,0.00010,0.00,0.00,0.00,3.979,0.00013,1.990,6.709e-05,19.77,0.085,0.00,0.00,0.00,0.00,0.00,0.00,0.00,0.00,0.00,0.00,0.00,0.00,0.0043
-93.77285257,42.01590826,A3,TaskName 6/13/2025 (GreenStar 4 Monitor),Laudis/Tough,572,6/13/2025,0.199,On,1128.6,81.25,18.75,8.057,2.364,4.782,359.96,19.99,19.88,0,8,79.77,6/13/2025,Good,7.954,0.00027,2.983,0.00010,0.00,0.00,0.00,3.977,0.00014,1.988,6.850e-05,19.76,0.087,0.00,0.00,0.00,0.00,0.00,0.00,0.00,0.00,0.00,0.00,0.00,0.00,0.0044
-93.77285259,42.01591476,A3,TaskName 6/13/2025 (GreenStar 4 Monitor),Laudis/Tough,573,6/13/2025,0.201,On,1128.5,83.75,17.50,8.069,2.380,4.828,0.031,19.99,20.00,0,8,81.97,6/13/2025,Good,8.001,0.00029,3.000,0.00011,0.00,0.00,0.00,4.000,0.00014,2.000,7.152e-05,19.87,0.091,0.00,0.00,0.00,0.00,0.00,0.00,0.00,0.00,0.00,0.00,0.00,0.00,0.0046
-93.77285226,42.01592127,A3,TaskName 6/13/2025 (GreenStar 4 Monitor),Laudis/Tough,574,6/13/2025,0.200,On,1128.5,87.50,15.62,8.071,2.367,4.663,359.91,19.99,19.87,0,8,85.59,6/13/2025,Good,7.950,0.00030,2.981,0.00011,0.00,0.00,0.00,3.975,0.00015,1.987,7.383e-05,19.74,0.094,0.00,0.00,0.00,0.00,0.00,0.00,0.00,0.00,0.00,0.00,0.00,0.00,0.0048
-93.77285206,42.01592779,A3,TaskName 6/13/2025 (GreenStar 4 Monitor),Laudis/Tough,575,6/13/2025,0.199,On,1128.5,90.00,14.37,8.073,2.357,4.643,359.77,19.99,19.71,0,8,88.11,6/13/2025,Good,7.885,0.00030,2.957,0.00011,0.00,0.00,0.00,3.943,0.00015,1.971,7.501e-05,19.59,0.095,0.00,0.00,0.00,0.00,0.00,0.00,0.00,0.00,0.00,0.00,0.00,0.00,0.0049
-93.77285216,42.01593424,A3,TaskName 6/13/2025 (GreenStar 4 Monitor),Laudis/Tough,576,6/13/2025,0.196,On,1128.5,93.75,12.50,8.084,2.311,4.458,359.76,19.99,19.82,0,8,91.37,6/13/2025,Good,7.928,0.00031,2.973,0.00012,0.00,0.00,0.00,3.964,0.00015,1.982,7.703e-05,19.69,0.098,0.00,0.00,0.00,0.00,0.00,0.00,0.00,0.00,0.00,0.00,0.00,0.00,0.0050
-93.77285213,42.01594072,A3,TaskName 6/13/2025 (GreenStar 4 Monitor),Laudis/Tough,577,6/13/2025,0.204,On,1128.5,96.25,11.25,8.069,2.426,4.537,359.80,19.99,19.68,0,8,94.61,6/13/2025,Good,7.873,0.00033,2.952,0.00012,0.00,0.00,0.00,3.936,0.00016,1.968,8.243e-05,19.55,0.105,0.00,0.00,0.00,0.00,0.00,0.00,0.00,0.00,0.00,0.00,0.00,0.00,0.0054
-93.77285227,42.01594721,A3,TaskName 6/13/2025 (GreenStar 4 Monitor),Laudis/Tough,578,6/13/2025,0.201,On,1128.4,100.00,9.375,8.057,2.377,4.993,359.89,19.99,19.82,0,8,97.74,6/13/2025,Good,7.928,0.00034,2.973,0.00013,0.00,0.00,0.00,3.964,0.00017,1.982,8.450e-05,19.69,0.107,0.00,0.00,0.00,0.00,0.00,0.00,0.00,0.00,0.00,0.00,0.00,0.00,0.0055
-93.77285230,42.01595365,A3,TaskName 6/13/2025 (GreenStar 4 Monitor),Laudis/Tough,579,6/13/2025,0.199,On,1128.4,102.50,8.125,8.057,2.351,5.336,359.90,19.99,19.79,0,8,100.07,6/13/2025,Good,7.915,0.00034,2.968,0.00013,0.00,0.00,0.00,3.958,0.00017,1.979,8.552e-05,19.66,0.109,0.00,0.00,0.00,0.00,0.00,0.00,0.00,0.00,0.00,0.00,0.00,0.00,0.0055
-93.77285217,42.01596003,A3,TaskName 6/13/2025 (GreenStar 4 Monitor),Laudis/Tough,580,6/13/2025,0.200,On,1128.4,105.00,6.875,8.040,2.361,5.270,359.91,19.99,19.60,0,8,102.42,6/13/2025,Good,7.838,0.00035,2.939,0.00013,0.00,0.00,0.00,3.919,0.00017,1.960,8.711e-05,19.47,0.111,0.00,0.00,0.00,0.00,0.00,0.00,0.00,0.00,0.00,0.00,0.00,0.00,0.0057
-93.77285214,42.01596645,A3,TaskName 6/13/2025 (GreenStar 4 Monitor),Laudis/Tough,581,6/13/2025,0.201,On,1128.4,108.75,5.000,8.017,2.364,5.389,359.98,19.99,19.65,0,8,105.70,6/13/2025,Good,7.860,0.00036,2.947,0.00014,0.00,0.00,0.00,3.930,0.00018,1.965,9.060e-05,19.52,0.115,0.00,0.00,0.00,0.00,0.00,0.00,0.00,0.00,0.00,0.00,0.00,0.00,0.0059
-93.77285218,42.01597281,A3,TaskName 6/13/2025 (GreenStar 4 Monitor),Laudis/Tough,582,6/13/2025,0.199,On,1128.4,111.25,3.750,8.002,2.334,5.746,359.97,19.99,19.74,0,8,107.85,6/13/2025,Good,7.894,0.00037,2.960,0.00014,0.00,0.00,0.00,3.947,0.00018,1.974,9.192e-05,19.61,0.117,0.00,0.00,0.00,0.00,0.00,0.00,0.00,0.00,0.00,0.00,0.00,0.00,0.0060
-93.77285201,42.01597924,A3,TaskName 6/13/2025 (GreenStar 4 Monitor),Laudis/Tough,583,6/13/2025,0.201,On,1128.4,113.75,2.500,7.975,2.341,5.534,359.94,19.99,19.70,0,8,109.49,6/13/2025,Good,7.881,0.00038,2.955,0.00014,0.00,0.00,0.00,3.941,0.00019,1.970,9.410e-05,19.57,0.120,0.00,0.00,0.00,0.00,0.00,0.00,0.00,0.00,0.00,0.00,0.00,0.00,0.0061
-93.77285213,42.01598573,A3,TaskName 6/13/2025 (GreenStar 4 Monitor),Laudis/Tough,584,6/13/2025,0.199,On,1128.3,117.50,0.625,7.968,2.338,5.118,359.97,19.99,19.71,0,8,114.07,6/13/2025,Good,7.885,0.00039,2.957,0.00015,0.00,0.00,0.00,3.943,0.00019,1.971,9.712e-05,19.59,0.123,0.00,0.00,0.00,0.00,0.00,0.00,0.00,0.00,0.00,0.00,0.00,0.00,0.0063
-93.77285196,42.01601795,A3,TaskName 6/13/2025 (GreenStar 4 Monitor),Laudis/Tough,585,6/13/2025,1.000,On,1128.2,118.75,3.560e-07,7.995,11.73,5.117,0.016,19.99,19.78,0,8,115.10,6/13/2025,Good,7.913,0.0020,2.968,0.00074,0.00,0.00,0.00,3.957,0.00099,1.978,0.00049,19.65,0.628,0.00,0.00,0.00,0.00,0.00,0.00,0.00,0.00,0.00,0.00,0.00,0.00,0.032
-93.77285158,42.01605012,A3,TaskName 6/13/2025 (GreenStar 4 Monitor),Laudis/Tough,586,6/13/2025,1.000,On,1128.1,118.75,3.560e-07,8.003,11.74,4.531,359.20,19.99,19.91,0,8,115.26,6/13/2025,Good,7.962,0.0020,2.986,0.00075,0.00,0.00,0.00,3.981,0.00100,1.991,0.00050,19.78,0.633,0.00,0.00,0.00,0.00,0.00,0.00,0.00,0.00,0.00,0.00,0.00,0.00,0.032
-93.77285153,42.01605648,A3,TaskName 6/13/2025 (GreenStar 4 Monitor),Laudis/Tough,587,6/13/2025,0.201,On,1128.1,118.75,3.560e-07,7.995,2.357,4.412,359.19,19.99,19.74,0,8,115.10,6/13/2025,Good,7.894,0.00040,2.960,0.00015,0.00,0.00,0.00,3.947,0.00020,1.974,9.908e-05,19.61,0.126,0.00,0.00,0.00,0.00,0.00,0.00,0.00,0.00,0.00,0.00,0.00,0.00,0.0064
-93.77285209,42.01608867,A3,TaskName 6/13/2025 (GreenStar 4 Monitor),Laudis/Tough,588,6/13/2025,0.999,On,1127.9,120.00,-0.625,7.989,11.71,5.101,359.26,19.99,19.82,0,8,116.23,6/13/2025,Good,7.927,0.0020,2.973,0.00075,0.00,0.00,0.00,3.964,0.00100,1.982,0.00050,19.69,0.635,0.00,0.00,0.00,0.00,0.00,0.00,0.00,0.00,0.00,0.00,0.00,0.00,0.032
-93.77285245,42.01611416,A3,TaskName 6/13/2025 (GreenStar 4 Monitor),Laudis/Tough,589,6/13/2025,0.796,On,1127.8,118.75,3.560e-07,7.962,9.298,5.667,359.70,19.99,19.95,0,8,114.64,6/13/2025,Good,7.979,0.0016,2.992,0.00059,0.00,0.00,0.00,3.990,0.00079,1.995,0.00040,19.82,0.502,0.00,0.00,0.00,0.00,0.00,0.00,0.00,0.00,0.00,0.00,0.00,0.00,0.025
-93.77285260,42.01612707,A3,TaskName 6/13/2025 (GreenStar 4 Monitor),Laudis/Tough,590,6/13/2025,0.400,On,1127.7,120.00,-0.625,7.940,4.659,5.572,359.73,19.99,19.86,0,8,115.51,6/13/2025,Good,7.945,0.00080,2.979,0.00030,0.00,0.00,0.00,3.973,0.00040,1.986,0.00020,19.73,0.253,0.00,0.00,0.00,0.00,0.00,0.00,0.00,0.00,0.00,0.00,0.00,0.00,0.013
-93.77285255,42.01615921,A3,TaskName 6/13/2025 (GreenStar 4 Monitor),Laudis/Tough,591,6/13/2025,1.005,On,1127.5,118.75,3.560e-07,7.993,11.78,5.319,359.79,19.99,19.94,0,8,115.07,6/13/2025,Good,7.974,0.0020,2.990,0.00075,0.00,0.00,0.00,3.987,0.0010,1.994,0.00050,19.81,0.636,0.00,0.00,0.00,0.00,0.00,0.00,0.00,0.00,0.00,0.00,0.00,0.00,0.032
-93.77285282,42.01619139,A3,TaskName 6/13/2025 (GreenStar 4 Monitor),Laudis/Tough,592,6/13/2025,0.995,On,1127.3,118.75,3.560e-07,7.988,11.66,5.410,359.95,19.99,19.97,0,8,114.99,6/13/2025,Good,7.989,0.0020,2.996,0.00074,0.00,0.00,0.00,3.994,0.00099,1.997,0.00050,19.84,0.631,0.00,0.00,0.00,0.00,0.00,0.00,0.00,0.00,0.00,0.00,0.00,0.00,0.032
-93.77285260,42.01622368,A3,TaskName 6/13/2025 (GreenStar 4 Monitor),Laudis/Tough,593,6/13/2025,1.005,On,1127.1,118.75,3.560e-07,8.020,11.83,4.874,359.87,19.99,19.95,0,8,115.52,6/13/2025,Good,7.980,0.0020,2.992,0.00075,0.00,0.00,0.00,3.990,0.0010,1.995,0.00050,19.82,0.639,0.00,0.00,0.00,0.00,0.00,0.00,0.00,0.00,0.00,0.00,0.00,0.00,0.032
-93.77285264,42.01625603,A3,TaskName 6/13/2025 (GreenStar 4 Monitor),Laudis/Tough,594,6/13/2025,0.994,On,1126.9,118.75,3.560e-07,8.022,11.70,4.998,359.79,19.99,20.00,0,8,115.50,6/13/2025,Good,8.001,0.0020,3.000,0.00075,0.00,0.00,0.00,4.001,0.00100,2.000,0.00050,19.87,0.634,0.00,0.00,0.00,0.00,0.00,0.00,0.00,0.00,0.00,0.00,0.00,0.00,0.032
-93.77285256,42.01628805,A3,TaskName 6/13/2025 (GreenStar 4 Monitor),Laudis/Tough,595,6/13/2025,1.001,On,1126.8,118.75,3.560e-07,7.985,11.71,5.374,359.84,19.99,19.96,0,8,114.85,6/13/2025,Good,7.982,0.0020,2.993,0.00075,0.00,0.00,0.00,3.991,0.00100,1.996,0.00050,19.83,0.633,0.00,0.00,0.00,0.00,0.00,0.00,0.00,0.00,0.00,0.00,0.00,0.00,0.032
-93.77285264,42.01632014,A3,TaskName 6/13/2025 (GreenStar 4 Monitor),Laudis/Tough,596,6/13/2025,0.999,On,1126.7,118.75,3.560e-07,7.969,11.69,5.439,359.81,19.99,19.98,0,8,114.86,6/13/2025,Good,7.992,0.0020,2.997,0.00075,0.00,0.00,0.00,3.996,0.00099,1.998,0.00050,19.85,0.633,0.00,0.00,0.00,0.00,0.00,0.00,0.00,0.00,0.00,0.00,0.00,0.00,0.032
-93.77285288,42.01635218,A3,TaskName 6/13/2025 (GreenStar 4 Monitor),Laudis/Tough,597,6/13/2025,1.001,On,1126.5,118.75,3.560e-07,7.953,11.67,5.586,359.88,19.99,19.99,0,8,114.40,6/13/2025,Good,7.998,0.0020,2.999,0.00075,0.00,0.00,0.00,3.999,0.00099,1.999,0.00050,19.86,0.632,0.00,0.00,0.00,0.00,0.00,0.00,0.00,0.00,0.00,0.00,0.00,0.00,0.032
-93.77285271,42.01638406,A3,TaskName 6/13/2025 (GreenStar 4 Monitor),Laudis/Tough,598,6/13/2025,0.999,On,1126.4,118.75,3.560e-07,7.945,11.66,5.679,359.94,19.99,20.00,0,8,114.50,6/13/2025,Good,8.001,0.0020,3.000,0.00074,0.00,0.00,0.00,4.001,0.00099,2.000,0.00050,19.87,0.631,0.00,0.00,0.00,0.00,0.00,0.00,0.00,0.00,0.00,0.00,0.00,0.00,0.032
-93.77285287,42.01641618,A3,TaskName 6/13/2025 (GreenStar 4 Monitor),Laudis/Tough,599,6/13/2025,1.005,On,1126.3,118.75,3.560e-07,7.951,11.72,5.676,0.157,19.99,19.98,0,8,114.46,6/13/2025,Good,7.991,0.0020,2.997,0.00075,0.00,0.00,0.00,3.995,0.00100,1.998,0.00050,19.85,0.634,0.00,0.00,0.00,0.00,0.00,0.00,0.00,0.00,0.00,0.00,0.00,0.00,0.032
-93.77285243,42.01644812,A3,TaskName 6/13/2025 (GreenStar 4 Monitor),Laudis/Tough,600,6/13/2025,0.995,On,1126.2,118.75,3.560e-07,7.970,11.63,5.639,359.86,19.99,19.99,0,8,114.73,6/13/2025,Good,7.996,0.0020,2.998,0.00074,0.00,0.00,0.00,3.998,0.00099,1.999,0.00050,19.86,0.630,0.00,0.00,0.00,0.00,0.00,0.00,0.00,0.00,0.00,0.00,0.00,0.00,0.032
-93.77285229,42.01645453,A3,TaskName 6/13/2025 (GreenStar 4 Monitor),Laudis/Tough,601,6/13/2025,0.205,On,1126.2,118.75,3.560e-07,7.948,2.390,5.640,359.68,19.99,19.96,0,8,114.41,6/13/2025,Good,7.984,0.00041,2.994,0.00015,0.00,0.00,0.00,3.992,0.00020,1.996,0.00010,19.83,0.129,0.00,0.00,0.00,0.00,0.00,0.00,0.00,0.00,0.00,0.00,0.00,0.00,0.0065
-93.77285242,42.01648653,A3,TaskName 6/13/2025 (GreenStar 4 Monitor),Laudis/Tough,602,6/13/2025,1.000,On,1126.1,120.00,-0.625,7.949,11.65,5.591,359.64,19.99,19.98,0,8,115.57,6/13/2025,Good,7.991,0.0020,2.997,0.00075,0.00,0.00,0.00,3.996,0.0010,1.998,0.00050,19.85,0.637,0.00,0.00,0.00,0.00,0.00,0.00,0.00,0.00,0.00,0.00,0.00,0.00,0.032
-93.77285289,42.01650563,A3,TaskName 6/13/2025 (GreenStar 4 Monitor),Laudis/Tough,603,6/13/2025,0.600,On,1126.1,120.00,-0.625,7.952,6.995,5.772,0.063,19.99,19.99,0,8,115.63,6/13/2025,Good,7.995,0.0012,2.998,0.00045,0.00,0.00,0.00,3.998,0.00060,1.999,0.00030,19.86,0.383,0.00,0.00,0.00,0.00,0.00,0.00,0.00,0.00,0.00,0.00,0.00,0.00,0.019
-93.77152798,42.01651903,A3,TaskName 6/13/2025 (GreenStar 4 Monitor),Laudis/Tough,604,6/13/2025,0.200,On,1125.9,1.250,-56.25,7.890,2.314,5.224,180.09,19.99,18.57,0,9,1.195,6/13/2025,Good,7.428,3.854e-06,2.785,1.445e-06,0.00,0.00,0.00,3.714,1.927e-06,1.857,9.635e-07,18.45,0.0012,0.00,0.00,0.00,0.00,0.00,0.00,0.00,0.00,0.00,0.00,0.00,0.00,6.641e-05
-93.77152806,42.01648719,A3,TaskName 6/13/2025 (GreenStar 4 Monitor),Laudis/Tough,605,6/13/2025,1.001,On,1125.7,120.00,0.625,7.874,11.55,5.197,179.96,19.99,18.84,0,9,114.38,6/13/2025,Good,7.537,0.0019,2.826,0.00070,0.00,0.00,0.00,3.768,0.00094,1.884,0.00047,18.72,0.595,0.00,0.00,0.00,0.00,0.00,0.00,0.00,0.00,0.00,0.00,0.00,0.00,0.032
-93.77152791,42.01645534,A3,TaskName 6/13/2025 (GreenStar 4 Monitor),Laudis/Tough,606,6/13/2025,0.999,On,1125.6,120.00,0.625,7.947,11.66,5.538,180.08,19.99,19.10,0,9,115.72,6/13/2025,Good,7.639,0.0019,2.865,0.00072,0.00,0.00,0.00,3.820,0.00096,1.910,0.00048,18.97,0.609,0.00,0.00,0.00,0.00,0.00,0.00,0.00,0.00,0.00,0.00,0.00,0.00,0.032
-93.77152767,42.01642327,A3,TaskName 6/13/2025 (GreenStar 4 Monitor),Laudis/Tough,607,6/13/2025,1.001,On,1125.4,120.00,0.625,7.943,11.66,5.759,180.37,19.99,19.35,0,9,115.49,6/13/2025,Good,7.739,0.0019,2.902,0.00073,0.00,0.00,0.00,3.870,0.00097,1.935,0.00049,19.22,0.617,0.00,0.00,0.00,0.00,0.00,0.00,0.00,0.00,0.00,0.00,0.00,0.00,0.032
-93.77152774,42.01639131,A3,TaskName 6/13/2025 (GreenStar 4 Monitor),Laudis/Tough,608,6/13/2025,0.999,On,1125.3,120.00,0.625,7.937,11.63,5.685,180.56,19.99,19.50,0,9,115.43,6/13/2025,Good,7.801,0.0020,2.925,0.00073,0.00,0.00,0.00,3.900,0.00098,1.950,0.00049,19.38,0.621,0.00,0.00,0.00,0.00,0.00,0.00,0.00,0.00,0.00,0.00,0.00,0.00,0.032
-93.77152848,42.01635952,A3,TaskName 6/13/2025 (GreenStar 4 Monitor),Laudis/Tough,609,6/13/2025,1.000,On,1125.2,120.00,0.625,7.931,11.63,5.879,179.94,19.99,19.66,0,9,115.34,6/13/2025,Good,7.866,0.0020,2.950,0.00074,0.00,0.00,0.00,3.933,0.00098,1.966,0.00049,19.54,0.626,0.00,0.00,0.00,0.00,0.00,0.00,0.00,0.00,0.00,0.00,0.00,0.00,0.032
-93.77152852,42.01632766,A3,TaskName 6/13/2025 (GreenStar 4 Monitor),Laudis/Tough,610,6/13/2025,1.001,On,1125.0,120.00,0.625,7.896,11.59,5.949,179.46,19.99,19.75,0,9,114.84,6/13/2025,Good,7.898,0.0020,2.962,0.00074,0.00,0.00,0.00,3.949,0.00099,1.975,0.00049,19.62,0.626,0.00,0.00,0.00,0.00,0.00,0.00,0.00,0.00,0.00,0.00,0.00,0.00,0.032
-93.77152795,42.01629572,A3,TaskName 6/13/2025 (GreenStar 4 Monitor),Laudis/Tough,611,6/13/2025,0.999,On,1124.9,120.00,0.625,7.942,11.63,5.593,179.73,19.99,19.83,0,9,115.49,6/13/2025,Good,7.932,0.0020,2.975,0.00074,0.00,0.00,0.00,3.966,0.00099,1.983,0.00050,19.70,0.631,0.00,0.00,0.00,0.00,0.00,0.00,0.00,0.00,0.00,0.00,0.00,0.00,0.032
-93.77152757,42.01626393,A3,TaskName 6/13/2025 (GreenStar 4 Monitor),Laudis/Tough,612,6/13/2025,1.000,On,1124.8,120.00,0.625,7.922,11.61,5.990,180.34,19.99,19.89,0,9,115.18,6/13/2025,Good,7.956,0.0020,2.984,0.00075,0.00,0.00,0.00,3.978,0.00099,1.989,0.00050,19.76,0.632,0.00,0.00,0.00,0.00,0.00,0.00,0.00,0.00,0.00,0.00,0.00,0.00,0.032
-93.77152765,42.01623216,A3,TaskName 6/13/2025 (GreenStar 4 Monitor),Laudis/Tough,613,6/13/2025,1.001,On,1124.7,120.00,0.625,7.878,11.56,6.264,180.54,19.99,19.90,0,9,114.48,6/13/2025,Good,7.960,0.0020,2.985,0.00074,0.00,0.00,0.00,3.980,0.00099,1.990,0.00049,19.77,0.629,0.00,0.00,0.00,0.00,0.00,0.00,0.00,0.00,0.00,0.00,0.00,0.00,0.032
-93.77152844,42.01620029,A3,TaskName 6/13/2025 (GreenStar 4 Monitor),Laudis/Tough,614,6/13/2025,1.000,On,1124.6,120.00,0.625,7.918,11.62,6.157,179.97,19.99,19.93,0,9,115.25,6/13/2025,Good,7.970,0.0020,2.989,0.00075,0.00,0.00,0.00,3.985,0.00100,1.993,0.00050,19.80,0.634,0.00,0.00,0.00,0.00,0.00,0.00,0.00,0.00,0.00,0.00,0.00,0.00,0.032
-93.77152877,42.01616837,A3,TaskName 6/13/2025 (GreenStar 4 Monitor),Laudis/Tough,615,6/13/2025,1.000,On,1124.5,120.00,0.625,7.927,11.61,5.984,179.54,19.99,19.95,0,9,115.18,6/13/2025,Good,7.979,0.0020,2.992,0.00075,0.00,0.00,0.00,3.989,0.00100,1.995,0.00050,19.82,0.634,0.00,0.00,0.00,0.00,0.00,0.00,0.00,0.00,0.00,0.00,0.00,0.00,0.032
-93.77152833,42.01613649,A3,TaskName 6/13/2025 (GreenStar 4 Monitor),Laudis/Tough,616,6/13/2025,1.000,On,1124.4,120.00,0.625,7.919,11.62,6.075,179.95,19.99,19.96,0,9,115.28,6/13/2025,Good,7.985,0.0020,2.994,0.00075,0.00,0.00,0.00,3.992,0.00100,1.996,0.00050,19.83,0.635,0.00,0.00,0.00,0.00,0.00,0.00,0.00,0.00,0.00,0.00,0.00,0.00,0.032
-93.77152804,42.01610463,A3,TaskName 6/13/2025 (GreenStar 4 Monitor),Laudis/Tough,617,6/13/2025,0.995,On,1124.4,120.00,0.625,7.927,11.56,5.923,180.28,19.99,19.96,0,9,115.27,6/13/2025,Good,7.985,0.0020,2.994,0.00075,0.00,0.00,0.00,3.992,0.00099,1.996,0.00050,19.83,0.632,0.00,0.00,0.00,0.00,0.00,0.00,0.00,0.00,0.00,0.00,0.00,0.00,0.032
-93.77152836,42.01607279,A3,TaskName 6/13/2025 (GreenStar 4 Monitor),Laudis/Tough,618,6/13/2025,1.005,On,1124.3,120.00,0.625,7.929,11.67,5.969,180.09,19.99,19.97,0,9,115.16,6/13/2025,Good,7.987,0.0020,2.995,0.00075,0.00,0.00,0.00,3.994,0.0010,1.997,0.00050,19.84,0.638,0.00,0.00,0.00,0.00,0.00,0.00,0.00,0.00,0.00,0.00,0.00,0.00,0.032
-93.77152880,42.01604108,A3,TaskName 6/13/2025 (GreenStar 4 Monitor),Laudis/Tough,619,6/13/2025,0.995,On,1124.3,120.00,0.625,7.867,11.49,6.503,179.62,19.99,20.00,0,9,114.48,6/13/2025,Good,8.001,0.0020,3.000,0.00074,0.00,0.00,0.00,4.001,0.00099,2.000,0.00049,19.87,0.629,0.00,0.00,0.00,0.00,0.00,0.00,0.00,0.00,0.00,0.00,0.00,0.00,0.032
-93.77152843,42.01600945,A3,TaskName 6/13/2025 (GreenStar 4 Monitor),Laudis/Tough,620,6/13/2025,1.000,On,1124.2,120.00,0.625,7.888,11.56,6.343,179.73,19.99,19.98,0,9,114.69,6/13/2025,Good,7.993,0.0020,2.997,0.00075,0.00,0.00,0.00,3.997,0.00099,1.998,0.00050,19.85,0.633,0.00,0.00,0.00,0.00,0.00,0.00,0.00,0.00,0.00,0.00,0.00,0.00,0.032
-93.77152808,42.01597787,A3,TaskName 6/13/2025 (GreenStar 4 Monitor),Laudis/Tough,621,6/13/2025,1.005,On,1124.2,120.00,0.625,7.843,11.56,6.496,180.20,19.99,20.04,0,9,114.06,6/13/2025,Good,8.016,0.0020,3.006,0.00075,0.00,0.00,0.00,4.008,0.00100,2.004,0.00050,19.91,0.634,0.00,0.00,0.00,0.00,0.00,0.00,0.00,0.00,0.00,0.00,0.00,0.00,0.032
-93.77152844,42.01594639,A3,TaskName 6/13/2025 (GreenStar 4 Monitor),Laudis/Tough,622,6/13/2025,0.995,On,1124.3,120.00,0.625,7.839,11.42,7.339,179.96,19.99,19.95,0,9,113.84,6/13/2025,Good,7.981,0.0020,2.993,0.00074,0.00,0.00,0.00,3.991,0.00098,1.995,0.00049,19.82,0.624,0.00,0.00,0.00,0.00,0.00,0.00,0.00,0.00,0.00,0.00,0.00,0.00,0.031
-93.77152846,42.01591455,A3,TaskName 6/13/2025 (GreenStar 4 Monitor),Laudis/Tough,623,6/13/2025,1.000,On,1124.3,120.00,0.625,7.874,11.55,6.891,179.82,19.99,19.96,0,9,114.57,6/13/2025,Good,7.984,0.0020,2.994,0.00074,0.00,0.00,0.00,3.992,0.00099,1.996,0.00050,19.83,0.631,0.00,0.00,0.00,0.00,0.00,0.00,0.00,0.00,0.00,0.00,0.00,0.00,0.032
-93.77152831,42.01588258,A3,TaskName 6/13/2025 (GreenStar 4 Monitor),Laudis/Tough,624,6/13/2025,1.000,On,1124.3,120.00,0.625,7.915,11.59,6.622,179.80,19.99,19.99,0,9,114.96,6/13/2025,Good,7.996,0.0020,2.998,0.00075,0.00,0.00,0.00,3.998,0.00100,1.999,0.00050,19.86,0.634,0.00,0.00,0.00,0.00,0.00,0.00,0.00,0.00,0.00,0.00,0.00,0.00,0.032
-93.77152819,42.01585074,A3,TaskName 6/13/2025 (GreenStar 4 Monitor),Laudis/Tough,625,6/13/2025,1.000,On,1124.4,120.00,0.625,7.917,11.61,6.980,179.89,19.99,19.98,0,9,115.09,6/13/2025,Good,7.991,0.0020,2.997,0.00075,0.00,0.00,0.00,3.996,0.00100,1.998,0.00050,19.85,0.635,0.00,0.00,0.00,0.00,0.00,0.00,0.00,0.00,0.00,0.00,0.00,0.00,0.032
-93.77152810,42.01581891,A3,TaskName 6/13/2025 (GreenStar 4 Monitor),Laudis/Tough,626,6/13/2025,1.000,On,1124.4,120.00,0.625,7.910,11.60,7.182,180.02,19.99,19.97,0,9,115.03,6/13/2025,Good,7.990,0.0020,2.996,0.00075,0.00,0.00,0.00,3.995,0.00100,1.997,0.00050,19.84,0.634,0.00,0.00,0.00,0.00,0.00,0.00,0.00,0.00,0.00,0.00,0.00,0.00,0.032
-93.77152811,42.01578684,A3,TaskName 6/13/2025 (GreenStar 4 Monitor),Laudis/Tough,627,6/13/2025,1.004,On,1124.5,120.00,0.625,7.936,11.69,6.832,180.02,19.99,19.98,0,9,115.48,6/13/2025,Good,7.992,0.0020,2.997,0.00075,0.00,0.00,0.00,3.996,0.0010,1.998,0.00050,19.85,0.639,0.00,0.00,0.00,0.00,0.00,0.00,0.00,0.00,0.00,0.00,0.00,0.00,0.032
-93.77152824,42.01575490,A3,TaskName 6/13/2025 (GreenStar 4 Monitor),Laudis/Tough,628,6/13/2025,0.996,On,1124.6,120.00,0.625,7.967,11.63,6.816,179.98,19.99,19.97,0,9,115.82,6/13/2025,Good,7.988,0.0020,2.995,0.00075,0.00,0.00,0.00,3.994,0.00100,1.997,0.00050,19.84,0.636,0.00,0.00,0.00,0.00,0.00,0.00,0.00,0.00,0.00,0.00,0.00,0.00,0.032
-93.77152830,42.01572310,A3,TaskName 6/13/2025 (GreenStar 4 Monitor),Laudis/Tough,629,6/13/2025,1.000,On,1124.8,120.00,0.625,7.898,11.58,7.203,179.84,19.99,20.02,0,9,114.80,6/13/2025,Good,8.006,0.0020,3.002,0.00075,0.00,0.00,0.00,4.003,0.00100,2.002,0.00050,19.89,0.634,0.00,0.00,0.00,0.00,0.00,0.00,0.00,0.00,0.00,0.00,0.00,0.00,0.032
-93.77152832,42.01569112,A3,TaskName 6/13/2025 (GreenStar 4 Monitor),Laudis/Tough,630,6/13/2025,1.000,On,1124.9,120.00,0.625,7.921,11.62,6.894,179.81,19.99,19.99,0,9,115.19,6/13/2025,Good,7.997,0.0020,2.999,0.00075,0.00,0.00,0.00,3.999,0.00100,1.999,0.00050,19.86,0.636,0.00,0.00,0.00,0.00,0.00,0.00,0.00,0.00,0.00,0.00,0.00,0.00,0.032
-93.77152828,42.01565918,A3,TaskName 6/13/2025 (GreenStar 4 Monitor),Laudis/Tough,631,6/13/2025,1.000,On,1125.1,120.00,0.625,7.938,11.63,6.869,179.84,19.99,20.00,0,9,115.35,6/13/2025,Good,8.001,0.0020,3.000,0.00075,0.00,0.00,0.00,4.000,0.0010,2.000,0.00050,19.87,0.637,0.00,0.00,0.00,0.00,0.00,0.00,0.00,0.00,0.00,0.00,0.00,0.00,0.032
-93.77152818,42.01562729,A3,TaskName 6/13/2025 (GreenStar 4 Monitor),Laudis/Tough,632,6/13/2025,0.995,On,1125.2,120.00,0.625,7.947,11.59,6.900,180.01,19.99,19.99,0,9,115.54,6/13/2025,Good,7.995,0.0020,2.998,0.00075,0.00,0.00,0.00,3.997,0.00100,1.999,0.00050,19.86,0.634,0.00,0.00,0.00,0.00,0.00,0.00,0.00,0.00,0.00,0.00,0.00,0.00,0.032
-93.77152829,42.01559515,A3,TaskName 6/13/2025 (GreenStar 4 Monitor),Laudis/Tough,633,6/13/2025,1.004,On,1125.3,120.00,0.625,7.940,11.69,6.756,179.95,19.99,19.98,0,9,115.45,6/13/2025,Good,7.992,0.0020,2.997,0.00075,0.00,0.00,0.00,3.996,0.0010,1.998,0.00050,19.85,0.639,0.00,0.00,0.00,0.00,0.00,0.00,0.00,0.00,0.00,0.00,0.00,0.00,0.032
-93.77152841,42.01556307,A3,TaskName 6/13/2025 (GreenStar 4 Monitor),Laudis/Tough,634,6/13/2025,1.001,On,1125.4,120.00,0.625,7.985,11.71,6.633,179.60,19.99,19.97,0,9,116.05,6/13/2025,Good,7.990,0.0020,2.996,0.00076,0.00,0.00,0.00,3.995,0.0010,1.997,0.00050,19.84,0.640,0.00,0.00,0.00,0.00,0.00,0.00,0.00,0.00,0.00,0.00,0.00,0.00,0.032
-93.77152793,42.01553072,A3,TaskName 6/13/2025 (GreenStar 4 Monitor),Laudis/Tough,635,6/13/2025,1.000,On,1125.4,120.00,0.625,7.996,11.72,6.438,179.89,19.99,19.95,0,9,116.23,6/13/2025,Good,7.982,0.0020,2.993,0.00075,0.00,0.00,0.00,3.991,0.0010,1.995,0.00050,19.82,0.640,0.00,0.00,0.00,0.00,0.00,0.00,0.00,0.00,0.00,0.00,0.00,0.00,0.032
-93.77152740,42.01549846,A3,TaskName 6/13/2025 (GreenStar 4 Monitor),Laudis/Tough,636,6/13/2025,1.000,On,1125.3,120.00,0.625,8.013,11.75,6.840,180.46,19.99,19.97,0,9,116.49,6/13/2025,Good,7.986,0.0020,2.995,0.00076,0.00,0.00,0.00,3.993,0.0010,1.997,0.00050,19.84,0.642,0.00,0.00,0.00,0.00,0.00,0.00,0.00,0.00,0.00,0.00,0.00,0.00,0.032
-93.77152758,42.01546618,A3,TaskName 6/13/2025 (GreenStar 4 Monitor),Laudis/Tough,637,6/13/2025,1.000,On,1125.3,120.00,0.625,8.019,11.76,6.262,180.57,19.99,19.95,0,9,116.59,6/13/2025,Good,7.979,0.0020,2.992,0.00076,0.00,0.00,0.00,3.989,0.0010,1.995,0.00050,19.82,0.642,0.00,0.00,0.00,0.00,0.00,0.00,0.00,0.00,0.00,0.00,0.00,0.00,0.032
-93.77152812,42.01543366,A3,TaskName 6/13/2025 (GreenStar 4 Monitor),Laudis/Tough,638,6/13/2025,1.000,On,1125.2,120.00,0.625,8.069,11.82,5.880,180.20,19.99,19.94,0,9,117.21,6/13/2025,Good,7.975,0.0020,2.991,0.00076,0.00,0.00,0.00,3.988,0.0010,1.994,0.00051,19.81,0.645,0.00,0.00,0.00,0.00,0.00,0.00,0.00,0.00,0.00,0.00,0.00,0.00,0.033
-93.77152862,42.01540142,A3,TaskName 6/13/2025 (GreenStar 4 Monitor),Laudis/Tough,639,6/13/2025,1.000,On,1125.2,120.00,0.625,8.041,11.79,6.085,179.71,19.99,19.96,0,9,116.92,6/13/2025,Good,7.983,0.0020,2.994,0.00076,0.00,0.00,0.00,3.991,0.0010,1.996,0.00051,19.83,0.644,0.00,0.00,0.00,0.00,0.00,0.00,0.00,0.00,0.00,0.00,0.00,0.00,0.032
-93.77152824,42.01536915,A3,TaskName 6/13/2025 (GreenStar 4 Monitor),Laudis/Tough,640,6/13/2025,1.000,On,1125.1,120.00,0.625,8.005,11.74,6.128,179.93,19.99,20.02,0,9,116.46,6/13/2025,Good,8.006,0.0020,3.002,0.00076,0.00,0.00,0.00,4.003,0.0010,2.002,0.00051,19.89,0.643,0.00,0.00,0.00,0.00,0.00,0.00,0.00,0.00,0.00,0.00,0.00,0.00,0.032
-93.77152796,42.01533701,A3,TaskName 6/13/2025 (GreenStar 4 Monitor),Laudis/Tough,641,6/13/2025,1.000,On,1125.0,120.00,0.625,7.997,11.72,5.964,180.17,19.99,19.98,0,9,116.26,6/13/2025,Good,7.993,0.0020,2.997,0.00076,0.00,0.00,0.00,3.997,0.0010,1.998,0.00050,19.85,0.641,0.00,0.00,0.00,0.00,0.00,0.00,0.00,0.00,0.00,0.00,0.00,0.00,0.032
-93.77152788,42.01530497,A3,TaskName 6/13/2025 (GreenStar 4 Monitor),Laudis/Tough,642,6/13/2025,0.999,On,1125.0,120.00,0.625,7.971,11.67,6.051,180.23,19.99,20.01,0,9,115.89,6/13/2025,Good,8.003,0.0020,3.001,0.00075,0.00,0.00,0.00,4.001,0.0010,2.001,0.00050,19.88,0.639,0.00,0.00,0.00,0.00,0.00,0.00,0.00,0.00,0.00,0.00,0.00,0.00,0.032
-93.77152822,42.01527283,A3,TaskName 6/13/2025 (GreenStar 4 Monitor),Laudis/Tough,643,6/13/2025,1.001,On,1125.1,120.00,0.625,7.981,11.70,6.298,179.91,19.99,19.99,0,9,115.92,6/13/2025,Good,7.998,0.0020,2.999,0.00076,0.00,0.00,0.00,3.999,0.0010,1.999,0.00050,19.86,0.640,0.00,0.00,0.00,0.00,0.00,0.00,0.00,0.00,0.00,0.00,0.00,0.00,0.032
-93.77152808,42.01524081,A3,TaskName 6/13/2025 (GreenStar 4 Monitor),Laudis/Tough,644,6/13/2025,1.000,On,1125.1,120.00,0.625,7.954,11.66,6.228,180.09,19.99,20.01,0,9,115.61,6/13/2025,Good,8.003,0.0020,3.001,0.00075,0.00,0.00,0.00,4.001,0.0010,2.001,0.00050,19.88,0.638,0.00,0.00,0.00,0.00,0.00,0.00,0.00,0.00,0.00,0.00,0.00,0.00,0.032
-93.77152809,42.01522799,A3,TaskName 6/13/2025 (GreenStar 4 Monitor),Laudis/Tough,645,6/13/2025,0.400,On,1125.2,120.00,0.625,7.946,4.669,6.142,180.22,19.99,19.99,0,9,115.76,6/13/2025,Good,7.995,0.00080,2.998,0.00030,0.00,0.00,0.00,3.997,0.00040,1.999,0.00020,19.86,0.255,0.00,0.00,0.00,0.00,0.00,0.00,0.00,0.00,0.00,0.00,0.00,0.00,0.013
-93.77152817,42.01522167,A3,TaskName 6/13/2025 (GreenStar 4 Monitor),Laudis/Tough,646,6/13/2025,0.199,On,1125.2,118.75,3.560e-07,7.955,2.320,6.175,180.28,19.99,19.98,0,9,114.40,6/13/2025,Good,7.992,0.00039,2.997,0.00015,0.00,0.00,0.00,3.996,0.00020,1.998,9.872e-05,19.85,0.126,0.00,0.00,0.00,0.00,0.00,0.00,0.00,0.00,0.00,0.00,0.00,0.00,0.0063
-93.77152809,42.01521521,A3,TaskName 6/13/2025 (GreenStar 4 Monitor),Laudis/Tough,647,6/13/2025,0.201,On,1125.2,116.25,-1.250,7.934,2.336,5.957,180.42,19.99,20.00,0,9,111.66,6/13/2025,Good,8.001,0.00039,3.000,0.00015,0.00,0.00,0.00,4.000,0.00019,2.000,9.743e-05,19.87,0.124,0.00,0.00,0.00,0.00,0.00,0.00,0.00,0.00,0.00,0.00,0.00,0.00,0.0062
-93.77152793,42.01520890,A3,TaskName 6/13/2025 (GreenStar 4 Monitor),Laudis/Tough,648,6/13/2025,0.200,On,1125.2,112.50,-3.125,7.948,2.330,6.466,180.45,19.99,20.16,0,9,108.30,6/13/2025,Good,8.065,0.00038,3.024,0.00014,0.00,0.00,0.00,4.033,0.00019,2.016,9.477e-05,20.03,0.121,0.00,0.00,0.00,0.00,0.00,0.00,0.00,0.00,0.00,0.00,0.00,0.00,0.0060
-93.77152809,42.01520250,A3,TaskName 6/13/2025 (GreenStar 4 Monitor),Laudis/Tough,649,6/13/2025,0.195,On,1125.2,110.00,-4.375,7.928,2.267,6.433,180.31,19.99,20.09,0,9,105.70,6/13/2025,Good,8.035,0.00036,3.013,0.00013,0.00,0.00,0.00,4.018,0.00018,2.009,8.985e-05,19.96,0.114,0.00,0.00,0.00,0.00,0.00,0.00,0.00,0.00,0.00,0.00,0.00,0.00,0.0057
-93.77152820,42.01519623,A3,TaskName 6/13/2025 (GreenStar 4 Monitor),Laudis/Tough,650,6/13/2025,0.205,On,1125.3,106.25,-6.250,7.925,2.369,6.598,180.17,19.99,20.16,0,9,101.47,6/13/2025,Good,8.065,0.00036,3.024,0.00014,0.00,0.00,0.00,4.033,0.00018,2.016,9.102e-05,20.03,0.116,0.00,0.00,0.00,0.00,0.00,0.00,0.00,0.00,0.00,0.00,0.00,0.00,0.0058
-93.77152841,42.01518983,A3,TaskName 6/13/2025 (GreenStar 4 Monitor),Laudis/Tough,651,6/13/2025,0.199,On,1125.3,103.75,-7.500,7.896,2.316,6.135,180.06,19.99,20.22,0,9,99.81,6/13/2025,Good,8.086,0.00035,3.032,0.00013,0.00,0.00,0.00,4.043,0.00017,2.022,8.714e-05,20.08,0.111,0.00,0.00,0.00,0.00,0.00,0.00,0.00,0.00,0.00,0.00,0.00,0.00,0.0055
-93.77152844,42.01518340,A3,TaskName 6/13/2025 (GreenStar 4 Monitor),Laudis/Tough,652,6/13/2025,0.201,On,1125.3,100.00,-9.375,7.899,2.326,5.944,180.02,19.99,20.19,0,9,95.65,6/13/2025,Good,8.078,0.00034,3.029,0.00013,0.00,0.00,0.00,4.039,0.00017,2.019,8.426e-05,20.06,0.107,0.00,0.00,0.00,0.00,0.00,0.00,0.00,0.00,0.00,0.00,0.00,0.00,0.0053
-93.77152853,42.01517705,A3,TaskName 6/13/2025 (GreenStar 4 Monitor),Laudis/Tough,653,6/13/2025,0.199,On,1125.3,97.50,-10.62,7.923,2.310,6.228,179.95,19.99,20.22,0,9,93.53,6/13/2025,Good,8.086,0.00033,3.032,0.00012,0.00,0.00,0.00,4.043,0.00016,2.022,8.166e-05,20.08,0.104,0.00,0.00,0.00,0.00,0.00,0.00,0.00,0.00,0.00,0.00,0.00,0.00,0.0052
-93.77152857,42.01517057,A3,TaskName 6/13/2025 (GreenStar 4 Monitor),Laudis/Tough,654,6/13/2025,0.201,On,1125.3,95.00,-11.87,7.939,2.339,5.997,179.81,19.99,20.27,0,9,91.38,6/13/2025,Good,8.108,0.00032,3.040,0.00012,0.00,0.00,0.00,4.054,0.00016,2.027,8.079e-05,20.14,0.103,0.00,0.00,0.00,0.00,0.00,0.00,0.00,0.00,0.00,0.00,0.00,0.00,0.0051
-93.77152872,42.01516420,A3,TaskName 6/13/2025 (GreenStar 4 Monitor),Laudis/Tough,655,6/13/2025,0.200,On,1125.4,91.25,-13.75,7.968,2.336,6.129,179.60,19.99,20.23,0,9,88.09,6/13/2025,Good,8.091,0.00031,3.034,0.00012,0.00,0.00,0.00,4.045,0.00015,2.023,7.733e-05,20.10,0.098,0.00,0.00,0.00,0.00,0.00,0.00,0.00,0.00,0.00,0.00,0.00,0.00,0.0049
-93.77152877,42.01515775,A3,TaskName 6/13/2025 (GreenStar 4 Monitor),Laudis/Tough,656,6/13/2025,0.200,On,1125.4,88.75,-15.00,7.966,2.336,6.241,179.45,19.99,20.24,0,9,85.67,6/13/2025,Good,8.095,0.00030,3.036,0.00011,0.00,0.00,0.00,4.048,0.00015,2.024,7.525e-05,20.11,0.096,0.00,0.00,0.00,0.00,0.00,0.00,0.00,0.00,0.00,0.00,0.00,0.00,0.0048
-93.77152862,42.01515145,A3,TaskName 6/13/2025 (GreenStar 4 Monitor),Laudis/Tough,657,6/13/2025,0.200,On,1125.4,85.00,-16.87,7.970,2.336,6.505,179.54,19.99,20.33,0,9,82.05,6/13/2025,Good,8.133,0.00029,3.050,0.00011,0.00,0.00,0.00,4.067,0.00014,2.033,7.242e-05,20.20,0.092,0.00,0.00,0.00,0.00,0.00,0.00,0.00,0.00,0.00,0.00,0.00,0.00,0.0046
-93.77152852,42.01514501,A3,TaskName 6/13/2025 (GreenStar 4 Monitor),Laudis/Tough,658,6/13/2025,0.195,On,1125.4,82.50,-18.12,7.934,2.267,6.320,179.67,19.99,20.27,0,9,79.27,6/13/2025,Good,8.108,0.00027,3.040,0.00010,0.00,0.00,0.00,4.054,0.00014,2.027,6.800e-05,20.14,0.086,0.00,0.00,0.00,0.00,0.00,0.00,0.00,0.00,0.00,0.00,0.00,0.00,0.0043
-93.77152836,42.01513867,A3,TaskName 6/13/2025 (GreenStar 4 Monitor),Laudis/Tough,659,6/13/2025,0.200,On,1125.4,78.75,-20.00,7.937,2.326,6.485,179.77,19.99,20.13,0,9,75.70,6/13/2025,Good,8.052,0.00026,3.020,9.921e-05,0.00,0.00,0.00,4.026,0.00013,2.013,6.614e-05,20.00,0.084,0.00,0.00,0.00,0.00,0.00,0.00,0.00,0.00,0.00,0.00,0.00,0.00,0.0042
-93.77152842,42.01513224,A3,TaskName 6/13/2025 (GreenStar 4 Monitor),Laudis/Tough,660,6/13/2025,0.205,On,1125.4,76.25,-21.25,7.930,2.382,6.267,179.73,19.99,20.23,0,9,73.22,6/13/2025,Good,8.091,0.00026,3.034,9.884e-05,0.00,0.00,0.00,4.045,0.00013,2.023,6.589e-05,20.10,0.084,0.00,0.00,0.00,0.00,0.00,0.00,0.00,0.00,0.00,0.00,0.00,0.00,0.0042
-93.77152833,42.01512586,A3,TaskName 6/13/2025 (GreenStar 4 Monitor),Laudis/Tough,661,6/13/2025,0.200,On,1125.4,73.75,-22.50,7.943,2.330,6.578,179.72,19.99,20.29,0,9,70.99,6/13/2025,Good,8.116,0.00025,3.044,9.379e-05,0.00,0.00,0.00,4.058,0.00013,2.029,6.252e-05,20.16,0.080,0.00,0.00,0.00,0.00,0.00,0.00,0.00,0.00,0.00,0.00,0.00,0.00,0.0039
-93.77152838,42.01511952,A3,TaskName 6/13/2025 (GreenStar 4 Monitor),Laudis/Tough,662,6/13/2025,0.200,On,1125.5,70.00,-24.37,7.941,2.330,6.479,179.74,19.99,20.25,0,9,67.38,6/13/2025,Good,8.099,0.00024,3.037,8.883e-05,0.00,0.00,0.00,4.050,0.00012,2.025,5.922e-05,20.12,0.075,0.00,0.00,0.00,0.00,0.00,0.00,0.00,0.00,0.00,0.00,0.00,0.00,0.0037
-93.77152820,42.01511303,A3,TaskName 6/13/2025 (GreenStar 4 Monitor),Laudis/Tough,663,6/13/2025,0.200,On,1125.5,67.50,-25.62,7.923,2.310,6.505,179.83,19.99,20.34,0,9,64.43,6/13/2025,Good,8.138,0.00023,3.052,8.534e-05,0.00,0.00,0.00,4.069,0.00011,2.034,5.689e-05,20.21,0.072,0.00,0.00,0.00,0.00,0.00,0.00,0.00,0.00,0.00,0.00,0.00,0.00,0.0036
-93.77152806,42.01510669,A3,TaskName 6/13/2025 (GreenStar 4 Monitor),Laudis/Tough,664,6/13/2025,0.200,On,1125.5,63.75,-27.50,7.921,2.333,6.485,179.98,19.99,20.13,0,9,61.45,6/13/2025,Good,8.052,0.00021,3.020,8.054e-05,0.00,0.00,0.00,4.026,0.00011,2.013,5.369e-05,20.00,0.068,0.00,0.00,0.00,0.00,0.00,0.00,0.00,0.00,0.00,0.00,0.00,0.00,0.0034
-93.77152799,42.01510023,A3,TaskName 6/13/2025 (GreenStar 4 Monitor),Laudis/Tough,665,6/13/2025,0.199,On,1125.5,61.25,-28.75,7.912,2.310,6.393,180.15,19.99,20.18,0,9,58.76,6/13/2025,Good,8.074,0.00020,3.028,7.682e-05,0.00,0.00,0.00,4.037,0.00010,2.018,5.122e-05,20.05,0.065,0.00,0.00,0.00,0.00,0.00,0.00,0.00,0.00,0.00,0.00,0.00,0.00,0.0032
-93.77152791,42.01509387,A3,TaskName 6/13/2025 (GreenStar 4 Monitor),Laudis/Tough,666,6/13/2025,0.201,On,1125.5,58.75,-30.00,7.941,2.339,6.360,180.23,19.99,20.28,0,9,56.51,6/13/2025,Good,8.112,0.00020,3.042,7.499e-05,0.00,0.00,0.00,4.056,9.998e-05,2.028,4.999e-05,20.15,0.064,0.00,0.00,0.00,0.00,0.00,0.00,0.00,0.00,0.00,0.00,0.00,0.00,0.0032
-93.77152790,42.01508751,A3,TaskName 6/13/2025 (GreenStar 4 Monitor),Laudis/Tough,667,6/13/2025,0.199,On,1125.6,56.25,-31.25,7.941,2.316,6.334,180.16,19.99,20.24,0,9,54.11,6/13/2025,Good,8.095,0.00019,3.036,7.094e-05,0.00,0.00,0.00,4.048,9.459e-05,2.024,4.729e-05,20.11,0.060,0.00,0.00,0.00,0.00,0.00,0.00,0.00,0.00,0.00,0.00,0.00,0.00,0.0030
-93.77152796,42.01508111,A3,TaskName 6/13/2025 (GreenStar 4 Monitor),Laudis/Tough,668,6/13/2025,0.201,On,1125.6,52.50,-33.12,7.928,2.323,6.360,180.09,19.99,20.19,0,9,50.15,6/13/2025,Good,8.078,0.00018,3.029,6.626e-05,0.00,0.00,0.00,4.039,8.835e-05,2.019,4.417e-05,20.06,0.056,0.00,0.00,0.00,0.00,0.00,0.00,0.00,0.00,0.00,0.00,0.00,0.00,0.0028
-93.77152796,42.01507471,A3,TaskName 6/13/2025 (GreenStar 4 Monitor),Laudis/Tough,669,6/13/2025,0.194,On,1125.6,50.00,-34.37,7.939,2.271,6.334,180.07,19.99,20.37,0,9,48.36,6/13/2025,Good,8.146,0.00017,3.055,6.220e-05,0.00,0.00,0.00,4.073,8.293e-05,2.037,4.147e-05,20.23,0.053,0.00,0.00,0.00,0.00,0.00,0.00,0.00,0.00,0.00,0.00,0.00,0.00,0.0026
-93.77152801,42.01506830,A3,TaskName 6/13/2025 (GreenStar 4 Monitor),Laudis/Tough,670,6/13/2025,0.206,On,1125.6,46.25,-36.25,7.950,2.402,6.294,179.99,19.99,20.25,0,9,44.56,6/13/2025,Good,8.099,0.00016,3.037,6.051e-05,0.00,0.00,0.00,4.050,8.068e-05,2.025,4.034e-05,20.12,0.051,0.00,0.00,0.00,0.00,0.00,0.00,0.00,0.00,0.00,0.00,0.00,0.00,0.0026
-93.77152810,42.01506184,A3,TaskName 6/13/2025 (GreenStar 4 Monitor),Laudis/Tough,671,6/13/2025,0.200,On,1125.7,43.75,-37.50,7.955,2.333,6.003,179.95,19.99,20.17,0,9,42.17,6/13/2025,Good,8.069,0.00015,3.026,5.539e-05,0.00,0.00,0.00,4.035,7.385e-05,2.017,3.693e-05,20.04,0.047,0.00,0.00,0.00,0.00,0.00,0.00,0.00,0.00,0.00,0.00,0.00,0.00,0.0023
-93.77152802,42.01505548,A3,TaskName 6/13/2025 (GreenStar 4 Monitor),Laudis/Tough,672,6/13/2025,0.200,On,1125.6,40.00,-39.37,7.972,2.336,6.155,179.94,19.99,20.26,0,9,38.61,6/13/2025,Good,8.104,0.00014,3.039,5.093e-05,0.00,0.00,0.00,4.052,6.791e-05,2.026,3.395e-05,20.13,0.043,0.00,0.00,0.00,0.00,0.00,0.00,0.00,0.00,0.00,0.00,0.00,0.00,0.0021
-93.77152809,42.01504916,A3,TaskName 6/13/2025 (GreenStar 4 Monitor),Laudis/Tough,673,6/13/2025,0.200,On,1125.6,38.75,-40.00,7.959,2.333,6.228,180.01,19.99,20.21,0,9,37.35,6/13/2025,Good,8.082,0.00013,3.031,4.914e-05,0.00,0.00,0.00,4.041,6.552e-05,2.021,3.276e-05,20.07,0.042,0.00,0.00,0.00,0.00,0.00,0.00,0.00,0.00,0.00,0.00,0.00,0.00,0.0021
-93.77152801,42.01504286,A3,TaskName 6/13/2025 (GreenStar 4 Monitor),Laudis/Tough,674,6/13/2025,0.200,On,1125.6,35.00,-41.87,7.928,2.323,6.248,180.05,19.99,20.18,0,9,33.60,6/13/2025,Good,8.074,0.00012,3.028,4.415e-05,0.00,0.00,0.00,4.037,5.887e-05,2.018,2.943e-05,20.05,0.037,0.00,0.00,0.00,0.00,0.00,0.00,0.00,0.00,0.00,0.00,0.00,0.00,0.0019
-93.77152805,42.01503658,A3,TaskName 6/13/2025 (GreenStar 4 Monitor),Laudis/Tough,675,6/13/2025,0.200,On,1125.6,32.50,-43.12,7.894,2.313,6.069,180.00,19.99,20.11,0,9,31.07,6/13/2025,Good,8.044,0.00011,3.016,4.067e-05,0.00,0.00,0.00,4.022,5.423e-05,2.011,2.711e-05,19.98,0.034,0.00,0.00,0.00,0.00,0.00,0.00,0.00,0.00,0.00,0.00,0.00,0.00,0.0017
-93.77152813,42.01503026,A3,TaskName 6/13/2025 (GreenStar 4 Monitor),Laudis/Tough,676,6/13/2025,0.200,On,1125.7,28.75,-45.00,7.861,2.303,6.076,179.91,19.99,20.27,0,9,27.36,6/13/2025,Good,8.108,9.629e-05,3.040,3.611e-05,0.00,0.00,0.00,4.054,4.815e-05,2.027,2.407e-05,20.14,0.031,0.00,0.00,0.00,0.00,0.00,0.00,0.00,0.00,0.00,0.00,0.00,0.00,0.0015
-93.77152801,42.01502399,A3,TaskName 6/13/2025 (GreenStar 4 Monitor),Laudis/Tough,677,6/13/2025,0.195,On,1125.7,26.25,-46.25,7.849,2.244,6.314,179.95,19.99,20.16,0,9,24.97,6/13/2025,Good,8.065,8.522e-05,3.024,3.196e-05,0.00,0.00,0.00,4.033,4.261e-05,2.016,2.130e-05,20.03,0.027,0.00,0.00,0.00,0.00,0.00,0.00,0.00,0.00,0.00,0.00,0.00,0.00,0.0014
-93.77152809,42.01501770,A3,TaskName 6/13/2025 (GreenStar 4 Monitor),Laudis/Tough,678,6/13/2025,0.200,On,1125.7,23.75,-47.50,7.829,2.297,6.050,179.98,19.99,20.29,0,9,22.54,6/13/2025,Good,8.116,7.940e-05,3.044,2.978e-05,0.00,0.00,0.00,4.058,3.970e-05,2.029,1.985e-05,20.16,0.025,0.00,0.00,0.00,0.00,0.00,0.00,0.00,0.00,0.00,0.00,0.00,0.00,0.0013
-93.77152801,42.01501145,A3,TaskName 6/13/2025 (GreenStar 4 Monitor),Laudis/Tough,679,6/13/2025,0.204,On,1125.7,20.00,-49.37,7.805,2.333,5.475,180.05,19.99,20.10,0,9,18.90,6/13/2025,Good,8.039,6.727e-05,3.015,2.523e-05,0.00,0.00,0.00,4.020,3.363e-05,2.010,1.682e-05,19.97,0.021,0.00,0.00,0.00,0.00,0.00,0.00,0.00,0.00,0.00,0.00,0.00,0.00,0.0011
-93.77152806,42.01500524,A3,TaskName 6/13/2025 (GreenStar 4 Monitor),Laudis/Tough,680,6/13/2025,0.201,On,1125.7,17.50,-50.62,7.785,2.293,5.039,180.06,19.99,20.05,0,9,16.50,6/13/2025,Good,8.018,5.771e-05,3.007,2.164e-05,0.00,0.00,0.00,4.009,2.886e-05,2.005,1.443e-05,19.91,0.018,0.00,0.00,0.00,0.00,0.00,0.00,0.00,0.00,0.00,0.00,0.00,0.00,0.00092
-93.77152806,42.01499914,A3,TaskName 6/13/2025 (GreenStar 4 Monitor),Laudis/Tough,681,6/13/2025,0.200,On,1125.7,15.00,-51.87,7.762,2.264,5.072,180.13,19.99,20.26,0,9,14.03,6/13/2025,Good,8.104,4.935e-05,3.039,1.851e-05,0.00,0.00,0.00,4.052,2.468e-05,2.026,1.234e-05,20.13,0.016,0.00,0.00,0.00,0.00,0.00,0.00,0.00,0.00,0.00,0.00,0.00,0.00,0.00078
-93.77152784,42.01499323,A3,TaskName 6/13/2025 (GreenStar 4 Monitor),Laudis/Tough,682,6/13/2025,0.200,On,1125.7,12.50,-53.12,7.708,2.270,5.191,180.35,19.99,20.07,0,9,11.73,6/13/2025,Good,8.027,4.085e-05,3.010,1.532e-05,0.00,0.00,0.00,4.013,2.043e-05,2.007,1.021e-05,19.94,0.013,0.00,0.00,0.00,0.00,0.00,0.00,0.00,0.00,0.00,0.00,0.00,0.00,0.00065
-93.77152767,42.01498737,A3,TaskName 6/13/2025 (GreenStar 4 Monitor),Laudis/Tough,683,6/13/2025,0.200,On,1125.7,8.750,-55.00,7.601,2.228,5.376,180.45,19.99,20.05,0,9,8.055,6/13/2025,Good,8.018,2.803e-05,3.007,1.051e-05,0.00,0.00,0.00,4.009,1.402e-05,2.005,7.008e-06,19.91,0.0089,0.00,0.00,0.00,0.00,0.00,0.00,0.00,0.00,0.00,0.00,0.00,0.00,0.00045
-93.77152775,42.01498157,A3,TaskName 6/13/2025 (GreenStar 4 Monitor),Laudis/Tough,684,6/13/2025,0.200,On,1125.7,6.250,-56.25,7.478,2.192,5.303,180.36,19.99,20.31,0,9,5.660,6/13/2025,Good,8.125,1.996e-05,3.047,7.485e-06,0.00,0.00,0.00,4.062,9.980e-06,2.031,4.990e-06,20.18,0.0063,0.00,0.00,0.00,0.00,0.00,0.00,0.00,0.00,0.00,0.00,0.00,0.00,0.00031
-93.77152784,42.01497582,A3,TaskName 6/13/2025 (GreenStar 4 Monitor),Laudis/Tough,685,6/13/2025,0.200,On,1125.7,3.750,-57.50,7.375,2.162,5.145,180.30,19.99,20.30,0,9,3.350,6/13/2025,Good,8.121,1.181e-05,3.045,4.428e-06,0.00,0.00,0.00,4.060,5.904e-06,2.030,2.952e-06,20.17,0.0038,0.00,0.00,0.00,0.00,0.00,0.00,0.00,0.00,0.00,0.00,0.00,0.00,0.00019
-93.77152786,42.01497009,A3,TaskName 6/13/2025 (GreenStar 4 Monitor),Laudis/Tough,686,6/13/2025,0.200,On,1125.6,1.250,-58.75,7.288,2.126,4.577,180.24,19.99,20.40,0,9,1.098,6/13/2025,Good,8.159,3.889e-06,3.060,1.458e-06,0.00,0.00,0.00,4.080,1.944e-06,2.040,9.722e-07,20.27,0.0012,0.00,0.00,0.00,0.00,0.00,0.00,0.00,0.00,0.00,0.00,0.00,0.00,6.101e-05
-93.77196781,42.01522142,A3,TaskName 6/13/2025 (GreenStar 4 Monitor),Laudis/Tough,687,6/13/2025,0.196,On,1127.3,1.250,58.75,8.156,2.332,5.521,359.58,19.99,20.57,0,10,1.229,6/13/2025,Good,8.228,4.301e-06,3.085,1.613e-06,0.00,0.00,0.00,4.114,2.151e-06,2.057,1.075e-06,20.44,0.0014,0.00,0.00,0.00,0.00,0.00,0.00,0.00,0.00,0.00,0.00,0.00,0.00,6.692e-05
-93.77196765,42.01522791,A3,TaskName 6/13/2025 (GreenStar 4 Monitor),Laudis/Tough,688,6/13/2025,0.200,On,1127.3,5.000,56.87,8.145,2.391,5.666,359.36,19.99,20.00,0,10,4.940,6/13/2025,Good,8.001,1.716e-05,3.000,6.433e-06,0.00,0.00,0.00,4.000,8.578e-06,2.000,4.289e-06,19.87,0.0055,0.00,0.00,0.00,0.00,0.00,0.00,0.00,0.00,0.00,0.00,0.00,0.00,0.00027
-93.77196760,42.01523441,A3,TaskName 6/13/2025 (GreenStar 4 Monitor),Laudis/Tough,689,6/13/2025,0.205,On,1127.2,7.500,55.62,8.109,2.437,5.726,359.36,19.99,19.68,0,10,7.368,6/13/2025,Good,7.873,2.581e-05,2.952,9.678e-06,0.00,0.00,0.00,3.936,1.290e-05,1.968,6.452e-06,19.55,0.0082,0.00,0.00,0.00,0.00,0.00,0.00,0.00,0.00,0.00,0.00,0.00,0.00,0.00042
-93.77196765,42.01524089,A3,TaskName 6/13/2025 (GreenStar 4 Monitor),Laudis/Tough,690,6/13/2025,0.199,On,1127.2,12.50,53.12,8.089,2.375,5.812,359.39,19.99,20.06,0,10,12.33,6/13/2025,Good,8.022,4.271e-05,3.008,1.602e-05,0.00,0.00,0.00,4.011,2.135e-05,2.006,1.068e-05,19.93,0.014,0.00,0.00,0.00,0.00,0.00,0.00,0.00,0.00,0.00,0.00,0.00,0.00,0.00068
-93.77196765,42.01524745,A3,TaskName 6/13/2025 (GreenStar 4 Monitor),Laudis/Tough,691,6/13/2025,0.201,On,1127.2,13.75,52.50,8.075,2.381,5.752,359.40,19.99,20.21,0,10,13.46,6/13/2025,Good,8.082,4.746e-05,3.031,1.780e-05,0.00,0.00,0.00,4.041,2.373e-05,2.021,1.187e-05,20.07,0.015,0.00,0.00,0.00,0.00,0.00,0.00,0.00,0.00,0.00,0.00,0.00,0.00,0.00075
-93.77196779,42.01525400,A3,TaskName 6/13/2025 (GreenStar 4 Monitor),Laudis/Tough,692,6/13/2025,0.200,On,1127.2,16.25,51.25,8.089,2.375,5.772,359.52,19.99,19.98,0,10,15.95,6/13/2025,Good,7.992,5.531e-05,2.997,2.074e-05,0.00,0.00,0.00,3.996,2.766e-05,1.998,1.383e-05,19.85,0.018,0.00,0.00,0.00,0.00,0.00,0.00,0.00,0.00,0.00,0.00,0.00,0.00,0.00089
-93.77196799,42.01526064,A3,TaskName 6/13/2025 (GreenStar 4 Monitor),Laudis/Tough,693,6/13/2025,0.195,On,1127.1,20.00,49.37,8.104,2.319,5.653,359.65,19.99,20.13,0,10,19.66,6/13/2025,Good,8.052,6.698e-05,3.020,2.512e-05,0.00,0.00,0.00,4.026,3.349e-05,2.013,1.674e-05,20.00,0.021,0.00,0.00,0.00,0.00,0.00,0.00,0.00,0.00,0.00,0.00,0.00,0.00,0.0011
-93.77196811,42.01526719,A3,TaskName 6/13/2025 (GreenStar 4 Monitor),Laudis/Tough,694,6/13/2025,0.205,On,1127.1,22.50,48.12,8.127,2.430,5.739,359.73,19.99,20.23,0,10,22.05,6/13/2025,Good,8.091,7.935e-05,3.034,2.976e-05,0.00,0.00,0.00,4.045,3.968e-05,2.023,1.984e-05,20.10,0.025,0.00,0.00,0.00,0.00,0.00,0.00,0.00,0.00,0.00,0.00,0.00,0.00,0.0013
-93.77196830,42.01527376,A3,TaskName 6/13/2025 (GreenStar 4 Monitor),Laudis/Tough,695,6/13/2025,0.199,On,1127.0,26.25,46.25,8.134,2.388,5.449,359.81,19.99,20.00,0,10,26.03,6/13/2025,Good,8.001,8.994e-05,3.000,3.373e-05,0.00,0.00,0.00,4.000,4.497e-05,2.000,2.249e-05,19.87,0.029,0.00,0.00,0.00,0.00,0.00,0.00,0.00,0.00,0.00,0.00,0.00,0.00,0.0014
-93.77196834,42.01528032,A3,TaskName 6/13/2025 (GreenStar 4 Monitor),Laudis/Tough,696,6/13/2025,0.201,On,1127.0,28.75,45.00,8.145,2.391,5.422,359.72,19.99,19.98,0,10,28.26,6/13/2025,Good,7.992,9.854e-05,2.997,3.695e-05,0.00,0.00,0.00,3.996,4.927e-05,1.998,2.463e-05,19.85,0.031,0.00,0.00,0.00,0.00,0.00,0.00,0.00,0.00,0.00,0.00,0.00,0.00,0.0016
-93.77196833,42.01528683,A3,TaskName 6/13/2025 (GreenStar 4 Monitor),Laudis/Tough,697,6/13/2025,0.195,On,1126.9,31.25,43.75,8.149,2.342,5.158,359.61,19.99,20.03,0,10,31.02,6/13/2025,Good,8.014,0.00011,3.005,3.944e-05,0.00,0.00,0.00,4.007,5.259e-05,2.003,2.630e-05,19.90,0.033,0.00,0.00,0.00,0.00,0.00,0.00,0.00,0.00,0.00,0.00,0.00,0.00,0.0017
-93.77196835,42.01529332,A3,TaskName 6/13/2025 (GreenStar 4 Monitor),Laudis/Tough,698,6/13/2025,0.200,On,1126.9,35.00,41.87,8.136,2.388,5.039,359.48,19.99,19.93,0,10,34.53,6/13/2025,Good,7.971,0.00012,2.989,4.480e-05,0.00,0.00,0.00,3.985,5.974e-05,1.993,2.987e-05,19.80,0.038,0.00,0.00,0.00,0.00,0.00,0.00,0.00,0.00,0.00,0.00,0.00,0.00,0.0019
-93.77196826,42.01529988,A3,TaskName 6/13/2025 (GreenStar 4 Monitor),Laudis/Tough,699,6/13/2025,0.200,On,1126.9,37.50,40.62,8.134,2.375,4.682,359.31,19.99,19.90,0,10,36.80,6/13/2025,Good,7.958,0.00013,2.984,4.766e-05,0.00,0.00,0.00,3.979,6.355e-05,1.990,3.178e-05,19.77,0.040,0.00,0.00,0.00,0.00,0.00,0.00,0.00,0.00,0.00,0.00,0.00,0.00,0.0020
-93.77196821,42.01530652,A3,TaskName 6/13/2025 (GreenStar 4 Monitor),Laudis/Tough,700,6/13/2025,0.204,On,1126.8,41.25,38.75,8.136,2.447,5.158,359.19,19.99,20.13,0,10,40.89,6/13/2025,Good,8.052,0.00015,3.020,5.466e-05,0.00,0.00,0.00,4.026,7.288e-05,2.013,3.644e-05,20.00,0.046,0.00,0.00,0.00,0.00,0.00,0.00,0.00,0.00,0.00,0.00,0.00,0.00,0.0023
-93.77196827,42.01531306,A3,TaskName 6/13/2025 (GreenStar 4 Monitor),Laudis/Tough,701,6/13/2025,0.201,On,1126.8,43.75,37.50,8.165,2.407,5.211,359.22,19.99,20.07,0,10,43.31,6/13/2025,Good,8.027,0.00015,3.010,5.686e-05,0.00,0.00,0.00,4.013,7.581e-05,2.007,3.791e-05,19.94,0.048,0.00,0.00,0.00,0.00,0.00,0.00,0.00,0.00,0.00,0.00,0.00,0.00,0.0024
-93.77196835,42.01531968,A3,TaskName 6/13/2025 (GreenStar 4 Monitor),Laudis/Tough,702,6/13/2025,0.199,On,1126.7,47.50,35.62,8.165,2.385,5.171,359.22,19.99,19.76,0,10,47.04,6/13/2025,Good,7.903,0.00016,2.963,6.020e-05,0.00,0.00,0.00,3.951,8.027e-05,1.976,4.013e-05,19.63,0.051,0.00,0.00,0.00,0.00,0.00,0.00,0.00,0.00,0.00,0.00,0.00,0.00,0.0026
-93.77196830,42.01532627,A3,TaskName 6/13/2025 (GreenStar 4 Monitor),Laudis/Tough,703,6/13/2025,0.195,On,1126.7,50.00,34.37,8.178,2.339,5.369,359.15,19.99,19.97,0,10,49.56,6/13/2025,Good,7.988,0.00017,2.996,6.282e-05,0.00,0.00,0.00,3.994,8.376e-05,1.997,4.188e-05,19.84,0.053,0.00,0.00,0.00,0.00,0.00,0.00,0.00,0.00,0.00,0.00,0.00,0.00,0.0027
-93.77196834,42.01533282,A3,TaskName 6/13/2025 (GreenStar 4 Monitor),Laudis/Tough,704,6/13/2025,0.205,On,1126.7,52.50,33.12,8.176,2.460,5.237,359.15,19.99,20.06,0,10,52.07,6/13/2025,Good,8.022,0.00019,3.008,6.968e-05,0.00,0.00,0.00,4.011,9.291e-05,2.006,4.645e-05,19.93,0.059,0.00,0.00,0.00,0.00,0.00,0.00,0.00,0.00,0.00,0.00,0.00,0.00,0.0030
-93.77196852,42.01533932,A3,TaskName 6/13/2025 (GreenStar 4 Monitor),Laudis/Tough,705,6/13/2025,0.201,On,1126.6,56.25,31.25,8.160,2.394,5.085,359.26,19.99,19.79,0,10,55.38,6/13/2025,Good,7.915,0.00019,2.968,7.170e-05,0.00,0.00,0.00,3.958,9.560e-05,1.979,4.780e-05,19.66,0.061,0.00,0.00,0.00,0.00,0.00,0.00,0.00,0.00,0.00,0.00,0.00,0.00,0.0031
-93.77196870,42.01534579,A3,TaskName 6/13/2025 (GreenStar 4 Monitor),Laudis/Tough,706,6/13/2025,0.200,On,1126.6,58.75,30.00,8.134,2.398,5.257,359.30,19.99,19.83,0,10,58.21,6/13/2025,Good,7.933,0.00020,2.975,7.515e-05,0.00,0.00,0.00,3.966,0.00010,1.983,5.010e-05,19.70,0.064,0.00,0.00,0.00,0.00,0.00,0.00,0.00,0.00,0.00,0.00,0.00,0.00,0.0032
-93.77196868,42.01535239,A3,TaskName 6/13/2025 (GreenStar 4 Monitor),Laudis/Tough,707,6/13/2025,0.199,On,1126.6,61.25,28.75,8.102,2.365,5.217,359.26,19.99,20.03,0,10,60.15,6/13/2025,Good,8.014,0.00021,3.005,7.807e-05,0.00,0.00,0.00,4.007,0.00010,2.003,5.205e-05,19.90,0.066,0.00,0.00,0.00,0.00,0.00,0.00,0.00,0.00,0.00,0.00,0.00,0.00,0.0033
-93.77196877,42.01535895,A3,TaskName 6/13/2025 (GreenStar 4 Monitor),Laudis/Tough,708,6/13/2025,0.196,On,1126.5,65.00,26.87,8.118,2.322,5.297,359.32,19.99,19.95,0,10,63.65,6/13/2025,Good,7.980,0.00022,2.992,8.101e-05,0.00,0.00,0.00,3.990,0.00011,1.995,5.400e-05,19.82,0.069,0.00,0.00,0.00,0.00,0.00,0.00,0.00,0.00,0.00,0.00,0.00,0.00,0.0035
-93.77196890,42.01536545,A3,TaskName 6/13/2025 (GreenStar 4 Monitor),Laudis/Tough,709,6/13/2025,0.199,On,1126.5,67.50,25.62,8.129,2.385,5.191,359.44,19.99,19.81,0,10,66.84,6/13/2025,Good,7.924,0.00023,2.971,8.578e-05,0.00,0.00,0.00,3.962,0.00011,1.981,5.719e-05,19.68,0.073,0.00,0.00,0.00,0.00,0.00,0.00,0.00,0.00,0.00,0.00,0.00,0.00,0.0037
-93.77196901,42.01537191,A3,TaskName 6/13/2025 (GreenStar 4 Monitor),Laudis/Tough,710,6/13/2025,0.205,On,1126.5,71.25,23.75,8.118,2.440,5.416,359.55,19.99,19.98,0,10,70.09,6/13/2025,Good,7.992,0.00025,2.997,9.346e-05,0.00,0.00,0.00,3.996,0.00012,1.998,6.231e-05,19.85,0.079,0.00,0.00,0.00,0.00,0.00,0.00,0.00,0.00,0.00,0.00,0.00,0.00,0.0040
-93.77196918,42.01537848,A3,TaskName 6/13/2025 (GreenStar 4 Monitor),Laudis/Tough,711,6/13/2025,0.201,On,1126.5,73.75,22.50,8.089,2.375,5.409,359.72,19.99,19.85,0,10,72.01,6/13/2025,Good,7.941,0.00025,2.978,9.354e-05,0.00,0.00,0.00,3.971,0.00012,1.985,6.236e-05,19.72,0.079,0.00,0.00,0.00,0.00,0.00,0.00,0.00,0.00,0.00,0.00,0.00,0.00,0.0040
-93.77196931,42.01538500,A3,TaskName 6/13/2025 (GreenStar 4 Monitor),Laudis/Tough,712,6/13/2025,0.200,On,1126.4,77.50,20.62,8.102,2.378,5.231,359.78,19.99,19.77,0,10,76.15,6/13/2025,Good,7.907,0.00026,2.965,9.800e-05,0.00,0.00,0.00,3.953,0.00013,1.977,6.534e-05,19.64,0.083,0.00,0.00,0.00,0.00,0.00,0.00,0.00,0.00,0.00,0.00,0.00,0.00,0.0042
-93.77196943,42.01539148,A3,TaskName 6/13/2025 (GreenStar 4 Monitor),Laudis/Tough,713,6/13/2025,0.194,On,1126.4,80.00,19.37,8.116,2.322,5.349,359.77,19.99,19.86,0,10,79.14,6/13/2025,Good,7.945,0.00026,2.979,9.927e-05,0.00,0.00,0.00,3.973,0.00013,1.986,6.618e-05,19.73,0.084,0.00,0.00,0.00,0.00,0.00,0.00,0.00,0.00,0.00,0.00,0.00,0.00,0.0043
-93.77196953,42.01539796,A3,TaskName 6/13/2025 (GreenStar 4 Monitor),Laudis/Tough,714,6/13/2025,0.201,On,1126.4,83.75,17.50,8.098,2.375,5.178,359.84,19.99,19.82,0,10,81.77,6/13/2025,Good,7.928,0.00028,2.973,0.00011,0.00,0.00,0.00,3.964,0.00014,1.982,7.070e-05,19.69,0.090,0.00,0.00,0.00,0.00,0.00,0.00,0.00,0.00,0.00,0.00,0.00,0.00,0.0046
-93.77196962,42.01540443,A3,TaskName 6/13/2025 (GreenStar 4 Monitor),Laudis/Tough,715,6/13/2025,0.204,On,1126.3,86.25,16.25,8.080,2.430,5.151,359.93,19.99,19.74,0,10,84.92,6/13/2025,Good,7.894,0.00030,2.960,0.00011,0.00,0.00,0.00,3.947,0.00015,1.974,7.420e-05,19.61,0.094,0.00,0.00,0.00,0.00,0.00,0.00,0.00,0.00,0.00,0.00,0.00,0.00,0.0048
-93.77196967,42.01541091,A3,TaskName 6/13/2025 (GreenStar 4 Monitor),Laudis/Tough,716,6/13/2025,0.201,On,1126.3,90.00,14.37,8.069,2.368,5.700,359.95,19.99,19.82,0,10,87.63,6/13/2025,Good,7.928,0.00030,2.973,0.00011,0.00,0.00,0.00,3.964,0.00015,1.982,7.576e-05,19.69,0.096,0.00,0.00,0.00,0.00,0.00,0.00,0.00,0.00,0.00,0.00,0.00,0.00,0.0049
-93.77196969,42.01541739,A3,TaskName 6/13/2025 (GreenStar 4 Monitor),Laudis/Tough,717,6/13/2025,0.199,On,1126.3,92.50,13.12,8.062,2.365,5.330,359.95,19.99,19.92,0,10,90.85,6/13/2025,Good,7.967,0.00031,2.988,0.00012,0.00,0.00,0.00,3.983,0.00016,1.992,7.814e-05,19.79,0.099,0.00,0.00,0.00,0.00,0.00,0.00,0.00,0.00,0.00,0.00,0.00,0.00,0.0050
-93.77196967,42.01542388,A3,TaskName 6/13/2025 (GreenStar 4 Monitor),Laudis/Tough,718,6/13/2025,0.195,On,1126.2,95.00,11.87,8.057,2.306,5.257,359.94,19.99,19.81,0,10,92.84,6/13/2025,Good,7.924,0.00031,2.971,0.00012,0.00,0.00,0.00,3.962,0.00016,1.981,7.783e-05,19.68,0.099,0.00,0.00,0.00,0.00,0.00,0.00,0.00,0.00,0.00,0.00,0.00,0.00,0.0050
-93.77196966,42.01543035,A3,TaskName 6/13/2025 (GreenStar 4 Monitor),Laudis/Tough,719,6/13/2025,0.205,On,1126.2,98.75,10.000,8.062,2.424,5.515,359.87,19.99,19.69,0,10,96.50,6/13/2025,Good,7.877,0.00034,2.954,0.00013,0.00,0.00,0.00,3.938,0.00017,1.969,8.454e-05,19.56,0.108,0.00,0.00,0.00,0.00,0.00,0.00,0.00,0.00,0.00,0.00,0.00,0.00,0.0055
-93.77196953,42.01543680,A3,TaskName 6/13/2025 (GreenStar 4 Monitor),Laudis/Tough,720,6/13/2025,0.200,On,1126.2,101.25,8.750,8.057,2.365,5.468,359.69,19.99,19.70,0,10,98.94,6/13/2025,Good,7.881,0.00034,2.955,0.00013,0.00,0.00,0.00,3.941,0.00017,1.970,8.461e-05,19.57,0.108,0.00,0.00,0.00,0.00,0.00,0.00,0.00,0.00,0.00,0.00,0.00,0.00,0.0055
-93.77196943,42.01544331,A3,TaskName 6/13/2025 (GreenStar 4 Monitor),Laudis/Tough,721,6/13/2025,0.196,On,1126.1,105.00,6.875,8.046,2.312,5.283,359.51,19.99,19.70,0,10,102.38,6/13/2025,Good,7.881,0.00034,2.955,0.00013,0.00,0.00,0.00,3.941,0.00017,1.970,8.580e-05,19.57,0.109,0.00,0.00,0.00,0.00,0.00,0.00,0.00,0.00,0.00,0.00,0.00,0.00,0.0056
-93.77196948,42.01544974,A3,TaskName 6/13/2025 (GreenStar 4 Monitor),Laudis/Tough,722,6/13/2025,0.199,On,1126.1,107.50,5.625,8.051,2.352,5.600,359.33,19.99,19.72,0,10,104.99,6/13/2025,Good,7.890,0.00036,2.959,0.00013,0.00,0.00,0.00,3.945,0.00018,1.972,8.943e-05,19.60,0.114,0.00,0.00,0.00,0.00,0.00,0.00,0.00,0.00,0.00,0.00,0.00,0.00,0.0058
-93.77196918,42.01545619,A3,TaskName 6/13/2025 (GreenStar 4 Monitor),Laudis/Tough,723,6/13/2025,0.201,On,1126.1,111.25,3.750,8.042,2.358,5.475,359.10,19.99,19.70,0,10,107.87,6/13/2025,Good,7.881,0.00037,2.955,0.00014,0.00,0.00,0.00,3.941,0.00019,1.970,9.271e-05,19.57,0.118,0.00,0.00,0.00,0.00,0.00,0.00,0.00,0.00,0.00,0.00,0.00,0.00,0.0060
-93.77196906,42.01546268,A3,TaskName 6/13/2025 (GreenStar 4 Monitor),Laudis/Tough,724,6/13/2025,0.200,On,1126.1,113.75,2.500,8.042,2.371,5.567,358.99,19.99,19.74,0,10,111.46,6/13/2025,Good,7.894,0.00038,2.960,0.00014,0.00,0.00,0.00,3.947,0.00019,1.974,9.548e-05,19.61,0.121,0.00,0.00,0.00,0.00,0.00,0.00,0.00,0.00,0.00,0.00,0.00,0.00,0.0062
-93.77196900,42.01546914,A3,TaskName 6/13/2025 (GreenStar 4 Monitor),Laudis/Tough,725,6/13/2025,0.205,On,1126.0,116.25,1.250,8.051,2.421,5.343,358.95,19.99,19.70,0,10,113.44,6/13/2025,Good,7.881,0.00040,2.955,0.00015,0.00,0.00,0.00,3.941,0.00020,1.970,9.944e-05,19.57,0.126,0.00,0.00,0.00,0.00,0.00,0.00,0.00,0.00,0.00,0.00,0.00,0.00,0.0065
-93.77196970,42.01550151,A3,TaskName 6/13/2025 (GreenStar 4 Monitor),Laudis/Tough,726,6/13/2025,1.000,On,1125.9,118.75,3.560e-07,8.057,11.82,4.959,359.54,19.99,19.81,0,10,115.98,6/13/2025,Good,7.923,0.0020,2.971,0.00075,0.00,0.00,0.00,3.961,0.00100,1.981,0.00050,19.68,0.634,0.00,0.00,0.00,0.00,0.00,0.00,0.00,0.00,0.00,0.00,0.00,0.00,0.032
-93.77197058,42.01553380,A3,TaskName 6/13/2025 (GreenStar 4 Monitor),Laudis/Tough,727,6/13/2025,1.000,On,1125.8,118.75,3.560e-07,8.027,11.77,5.664,0.549,19.99,19.85,0,10,115.56,6/13/2025,Good,7.940,0.0020,2.978,0.00075,0.00,0.00,0.00,3.970,0.00100,1.985,0.00050,19.72,0.633,0.00,0.00,0.00,0.00,0.00,0.00,0.00,0.00,0.00,0.00,0.00,0.00,0.032
-93.77197004,42.01556568,A3,TaskName 6/13/2025 (GreenStar 4 Monitor),Laudis/Tough,728,6/13/2025,0.995,On,1125.7,118.75,3.560e-07,7.954,11.61,6.118,0.251,19.99,19.87,0,10,114.52,6/13/2025,Good,7.950,0.0020,2.981,0.00074,0.00,0.00,0.00,3.975,0.00098,1.987,0.00049,19.75,0.625,0.00,0.00,0.00,0.00,0.00,0.00,0.00,0.00,0.00,0.00,0.00,0.00,0.032
-93.77196963,42.01559779,A3,TaskName 6/13/2025 (GreenStar 4 Monitor),Laudis/Tough,729,6/13/2025,1.000,On,1125.6,118.75,3.560e-07,7.974,11.70,6.003,359.85,19.99,19.90,0,10,114.79,6/13/2025,Good,7.958,0.0020,2.984,0.00074,0.00,0.00,0.00,3.979,0.00099,1.990,0.00050,19.77,0.630,0.00,0.00,0.00,0.00,0.00,0.00,0.00,0.00,0.00,0.00,0.00,0.00,0.032
-93.77196952,42.01562989,A3,TaskName 6/13/2025 (GreenStar 4 Monitor),Laudis/Tough,730,6/13/2025,1.000,On,1125.5,118.75,3.560e-07,7.986,11.72,5.733,0.0076,19.99,19.93,0,10,114.98,6/13/2025,Good,7.970,0.0020,2.989,0.00075,0.00,0.00,0.00,3.985,0.00099,1.993,0.00050,19.80,0.632,0.00,0.00,0.00,0.00,0.00,0.00,0.00,0.00,0.00,0.00,0.00,0.00,0.032
-93.77196977,42.01566215,A3,TaskName 6/13/2025 (GreenStar 4 Monitor),Laudis/Tough,731,6/13/2025,1.000,On,1125.5,118.75,3.560e-07,7.982,11.70,5.627,0.259,19.99,19.97,0,10,114.79,6/13/2025,Good,7.987,0.0020,2.995,0.00075,0.00,0.00,0.00,3.994,0.00099,1.997,0.00050,19.84,0.633,0.00,0.00,0.00,0.00,0.00,0.00,0.00,0.00,0.00,0.00,0.00,0.00,0.032
-93.77196926,42.01569424,A3,TaskName 6/13/2025 (GreenStar 4 Monitor),Laudis/Tough,732,6/13/2025,1.000,On,1125.5,118.75,3.560e-07,8.004,11.74,5.485,359.89,19.99,20.03,0,10,115.24,6/13/2025,Good,8.014,0.0020,3.005,0.00075,0.00,0.00,0.00,4.007,0.0010,2.003,0.00050,19.90,0.637,0.00,0.00,0.00,0.00,0.00,0.00,0.00,0.00,0.00,0.00,0.00,0.00,0.032
-93.77196907,42.01572623,A3,TaskName 6/13/2025 (GreenStar 4 Monitor),Laudis/Tough,733,6/13/2025,1.000,On,1125.4,118.75,3.560e-07,7.955,11.68,6.128,359.81,19.99,19.96,0,10,114.66,6/13/2025,Good,7.982,0.0020,2.993,0.00074,0.00,0.00,0.00,3.991,0.00099,1.996,0.00050,19.83,0.631,0.00,0.00,0.00,0.00,0.00,0.00,0.00,0.00,0.00,0.00,0.00,0.00,0.032
-93.77196928,42.01575812,A3,TaskName 6/13/2025 (GreenStar 4 Monitor),Laudis/Tough,734,6/13/2025,1.000,On,1125.4,118.75,3.560e-07,7.938,11.65,6.226,0.149,19.99,19.96,0,10,114.34,6/13/2025,Good,7.984,0.0020,2.994,0.00074,0.00,0.00,0.00,3.992,0.00099,1.996,0.00050,19.83,0.630,0.00,0.00,0.00,0.00,0.00,0.00,0.00,0.00,0.00,0.00,0.00,0.00,0.032
-93.77196893,42.01579010,A3,TaskName 6/13/2025 (GreenStar 4 Monitor),Laudis/Tough,735,6/13/2025,1.000,On,1125.4,118.75,3.560e-07,7.957,11.66,6.380,359.73,19.99,19.96,0,10,114.46,6/13/2025,Good,7.983,0.0020,2.994,0.00074,0.00,0.00,0.00,3.992,0.00099,1.996,0.00050,19.83,0.630,0.00,0.00,0.00,0.00,0.00,0.00,0.00,0.00,0.00,0.00,0.00,0.00,0.032
-93.77196892,42.01582208,A3,TaskName 6/13/2025 (GreenStar 4 Monitor),Laudis/Tough,736,6/13/2025,1.000,On,1125.4,118.75,3.560e-07,7.937,11.65,6.447,359.64,19.99,19.96,0,10,114.37,6/13/2025,Good,7.985,0.0020,2.994,0.00074,0.00,0.00,0.00,3.992,0.00099,1.996,0.00050,19.83,0.630,0.00,0.00,0.00,0.00,0.00,0.00,0.00,0.00,0.00,0.00,0.00,0.00,0.032
-93.77196905,42.01585403,A3,TaskName 6/13/2025 (GreenStar 4 Monitor),Laudis/Tough,737,6/13/2025,1.000,On,1125.4,118.75,3.560e-07,7.950,11.66,6.410,359.51,19.99,20.00,0,10,114.43,6/13/2025,Good,7.998,0.0020,2.999,0.00074,0.00,0.00,0.00,3.999,0.00099,2.000,0.00050,19.87,0.631,0.00,0.00,0.00,0.00,0.00,0.00,0.00,0.00,0.00,0.00,0.00,0.00,0.032
-93.77196927,42.01588607,A3,TaskName 6/13/2025 (GreenStar 4 Monitor),Laudis/Tough,738,6/13/2025,1.000,On,1125.4,118.75,3.560e-07,7.952,11.67,6.348,359.63,19.99,19.99,0,10,114.53,6/13/2025,Good,7.995,0.0020,2.998,0.00075,0.00,0.00,0.00,3.997,0.00099,1.999,0.00050,19.86,0.632,0.00,0.00,0.00,0.00,0.00,0.00,0.00,0.00,0.00,0.00,0.00,0.00,0.032
-93.77196985,42.01591806,A3,TaskName 6/13/2025 (GreenStar 4 Monitor),Laudis/Tough,739,6/13/2025,1.000,On,1125.5,118.75,3.560e-07,7.952,11.66,6.298,359.99,19.99,19.98,0,10,114.40,6/13/2025,Good,7.992,0.0020,2.997,0.00074,0.00,0.00,0.00,3.996,0.00099,1.998,0.00050,19.85,0.631,0.00,0.00,0.00,0.00,0.00,0.00,0.00,0.00,0.00,0.00,0.00,0.00,0.032
-93.77196965,42.01595010,A3,TaskName 6/13/2025 (GreenStar 4 Monitor),Laudis/Tough,740,6/13/2025,0.999,On,1125.5,118.75,3.560e-07,7.951,11.66,6.176,359.86,19.99,19.98,0,10,114.58,6/13/2025,Good,7.992,0.0020,2.997,0.00074,0.00,0.00,0.00,3.996,0.00099,1.998,0.00050,19.85,0.631,0.00,0.00,0.00,0.00,0.00,0.00,0.00,0.00,0.00,0.00,0.00,0.00,0.032
-93.77196980,42.01598221,A3,TaskName 6/13/2025 (GreenStar 4 Monitor),Laudis/Tough,741,6/13/2025,1.000,On,1125.5,118.75,3.560e-07,7.968,11.69,6.037,359.94,19.99,19.98,0,10,114.71,6/13/2025,Good,7.992,0.0020,2.997,0.00075,0.00,0.00,0.00,3.996,0.00099,1.998,0.00050,19.85,0.632,0.00,0.00,0.00,0.00,0.00,0.00,0.00,0.00,0.00,0.00,0.00,0.00,0.032
-93.77196991,42.01601429,A3,TaskName 6/13/2025 (GreenStar 4 Monitor),Laudis/Tough,742,6/13/2025,1.001,On,1125.7,118.75,3.560e-07,7.959,11.69,5.392,0.117,19.99,20.05,0,10,114.61,6/13/2025,Good,8.020,0.0020,3.007,0.00075,0.00,0.00,0.00,4.010,0.00100,2.005,0.00050,19.92,0.635,0.00,0.00,0.00,0.00,0.00,0.00,0.00,0.00,0.00,0.00,0.00,0.00,0.032
-93.77196980,42.01604626,A3,TaskName 6/13/2025 (GreenStar 4 Monitor),Laudis/Tough,743,6/13/2025,0.999,On,1125.7,118.75,3.560e-07,7.974,11.69,5.812,0.188,19.99,19.98,0,10,114.80,6/13/2025,Good,7.992,0.0020,2.997,0.00075,0.00,0.00,0.00,3.996,0.00099,1.998,0.00050,19.85,0.632,0.00,0.00,0.00,0.00,0.00,0.00,0.00,0.00,0.00,0.00,0.00,0.00,0.032
-93.77196963,42.01607830,A3,TaskName 6/13/2025 (GreenStar 4 Monitor),Laudis/Tough,744,6/13/2025,1.001,On,1125.8,118.75,3.560e-07,7.950,11.66,5.768,359.99,19.99,20.05,0,10,114.35,6/13/2025,Good,8.019,0.0020,3.007,0.00075,0.00,0.00,0.00,4.009,0.00100,2.005,0.00050,19.92,0.633,0.00,0.00,0.00,0.00,0.00,0.00,0.00,0.00,0.00,0.00,0.00,0.00,0.032
-93.77196949,42.01611016,A3,TaskName 6/13/2025 (GreenStar 4 Monitor),Laudis/Tough,745,6/13/2025,1.000,On,1125.8,118.75,3.560e-07,7.934,11.65,6.303,359.98,19.99,19.91,0,10,114.30,6/13/2025,Good,7.962,0.0020,2.986,0.00074,0.00,0.00,0.00,3.981,0.00099,1.991,0.00049,19.78,0.628,0.00,0.00,0.00,0.00,0.00,0.00,0.00,0.00,0.00,0.00,0.00,0.00,0.032
-93.77196961,42.01614227,A3,TaskName 6/13/2025 (GreenStar 4 Monitor),Laudis/Tough,746,6/13/2025,1.000,On,1125.8,118.75,3.560e-07,7.948,11.66,5.902,0.086,19.99,20.00,0,10,114.46,6/13/2025,Good,7.998,0.0020,2.999,0.00075,0.00,0.00,0.00,3.999,0.00099,2.000,0.00050,19.87,0.632,0.00,0.00,0.00,0.00,0.00,0.00,0.00,0.00,0.00,0.00,0.00,0.00,0.032
-93.77196984,42.01617431,A3,TaskName 6/13/2025 (GreenStar 4 Monitor),Laudis/Tough,747,6/13/2025,1.000,On,1125.8,118.75,3.560e-07,7.957,11.67,5.348,0.368,19.99,20.00,0,10,114.56,6/13/2025,Good,7.999,0.0020,3.000,0.00075,0.00,0.00,0.00,4.000,0.00099,2.000,0.00050,19.87,0.632,0.00,0.00,0.00,0.00,0.00,0.00,0.00,0.00,0.00,0.00,0.00,0.00,0.032
-93.77196945,42.01620639,A3,TaskName 6/13/2025 (GreenStar 4 Monitor),Laudis/Tough,748,6/13/2025,0.999,On,1125.9,118.75,3.560e-07,7.977,11.69,5.928,0.290,19.99,19.96,0,10,114.87,6/13/2025,Good,7.986,0.0020,2.995,0.00075,0.00,0.00,0.00,3.993,0.00099,1.996,0.00050,19.83,0.632,0.00,0.00,0.00,0.00,0.00,0.00,0.00,0.00,0.00,0.00,0.00,0.00,0.032
-93.77196912,42.01623849,A3,TaskName 6/13/2025 (GreenStar 4 Monitor),Laudis/Tough,749,6/13/2025,1.001,On,1125.9,118.75,3.560e-07,7.951,11.67,5.771,359.94,19.99,19.98,0,10,114.45,6/13/2025,Good,7.992,0.0020,2.997,0.00075,0.00,0.00,0.00,3.996,0.00099,1.998,0.00050,19.85,0.632,0.00,0.00,0.00,0.00,0.00,0.00,0.00,0.00,0.00,0.00,0.00,0.00,0.032
-93.77196882,42.01627049,A3,TaskName 6/13/2025 (GreenStar 4 Monitor),Laudis/Tough,750,6/13/2025,1.000,On,1126.0,118.75,3.560e-07,7.971,11.69,5.834,359.86,19.99,19.94,0,10,114.72,6/13/2025,Good,7.978,0.0020,2.992,0.00074,0.00,0.00,0.00,3.989,0.00099,1.994,0.00050,19.81,0.631,0.00,0.00,0.00,0.00,0.00,0.00,0.00,0.00,0.00,0.00,0.00,0.00,0.032
-93.77196895,42.01629607,A3,TaskName 6/13/2025 (GreenStar 4 Monitor),Laudis/Tough,751,6/13/2025,0.800,On,1126.0,118.75,3.560e-07,7.958,9.339,6.226,0.102,19.99,20.02,0,10,114.56,6/13/2025,Good,8.009,0.0016,3.003,0.00060,0.00,0.00,0.00,4.004,0.00080,2.002,0.00040,19.89,0.506,0.00,0.00,0.00,0.00,0.00,0.00,0.00,0.00,0.00,0.00,0.00,0.00,0.025
-93.77196893,42.01632807,A3,TaskName 6/13/2025 (GreenStar 4 Monitor),Laudis/Tough,752,6/13/2025,0.995,On,1126.1,120.00,-0.625,7.938,11.59,6.153,359.87,19.99,19.99,0,10,115.53,6/13/2025,Good,7.996,0.0020,2.998,0.00075,0.00,0.00,0.00,3.998,0.00100,1.999,0.00050,19.86,0.634,0.00,0.00,0.00,0.00,0.00,0.00,0.00,0.00,0.00,0.00,0.00,0.00,0.032
-93.77196886,42.01634723,A3,TaskName 6/13/2025 (GreenStar 4 Monitor),Laudis/Tough,753,6/13/2025,0.599,On,1126.2,118.75,3.560e-07,7.952,6.987,6.128,359.82,19.99,20.01,0,10,114.48,6/13/2025,Good,8.004,0.0012,3.001,0.00045,0.00,0.00,0.00,4.002,0.00060,2.001,0.00030,19.88,0.379,0.00,0.00,0.00,0.00,0.00,0.00,0.00,0.00,0.00,0.00,0.00,0.00,0.019
-93.77196902,42.01636636,A3,TaskName 6/13/2025 (GreenStar 4 Monitor),Laudis/Tough,754,6/13/2025,0.606,On,1126.2,120.00,-0.625,7.945,7.053,6.123,359.99,19.99,19.95,0,10,115.43,6/13/2025,Good,7.980,0.0012,2.992,0.00045,0.00,0.00,0.00,3.990,0.00061,1.995,0.00030,19.82,0.385,0.00,0.00,0.00,0.00,0.00,0.00,0.00,0.00,0.00,0.00,0.00,0.00,0.019
-93.77196891,42.01637923,A3,TaskName 6/13/2025 (GreenStar 4 Monitor),Laudis/Tough,755,6/13/2025,0.395,On,1126.3,118.75,3.560e-07,7.930,4.597,6.082,359.83,19.99,20.03,0,10,114.22,6/13/2025,Good,8.011,0.00078,3.004,0.00029,0.00,0.00,0.00,4.006,0.00039,2.003,0.00020,19.90,0.249,0.00,0.00,0.00,0.00,0.00,0.00,0.00,0.00,0.00,0.00,0.00,0.00,0.013
-93.77196882,42.01641112,A3,TaskName 6/13/2025 (GreenStar 4 Monitor),Laudis/Tough,756,6/13/2025,1.004,On,1126.4,120.00,-0.625,7.938,11.71,6.437,359.73,19.99,19.96,0,10,115.63,6/13/2025,Good,7.986,0.0020,2.995,0.00075,0.00,0.00,0.00,3.993,0.0010,1.996,0.00050,19.83,0.640,0.00,0.00,0.00,0.00,0.00,0.00,0.00,0.00,0.00,0.00,0.00,0.00,0.032
-93.77196872,42.01643023,A3,TaskName 6/13/2025 (GreenStar 4 Monitor),Laudis/Tough,757,6/13/2025,0.600,On,1126.5,120.00,-0.625,7.927,6.978,6.310,359.46,19.99,19.96,0,10,115.33,6/13/2025,Good,7.984,0.0012,2.994,0.00045,0.00,0.00,0.00,3.992,0.00060,1.996,0.00030,19.83,0.381,0.00,0.00,0.00,0.00,0.00,0.00,0.00,0.00,0.00,0.00,0.00,0.00,0.019
-93.77196891,42.01646237,A3,TaskName 6/13/2025 (GreenStar 4 Monitor),Laudis/Tough,758,6/13/2025,1.001,On,1126.6,118.75,3.560e-07,7.965,11.69,6.034,359.42,19.99,20.00,0,10,114.64,6/13/2025,Good,8.001,0.0020,3.000,0.00075,0.00,0.00,0.00,4.000,0.00100,2.000,0.00050,19.87,0.633,0.00,0.00,0.00,0.00,0.00,0.00,0.00,0.00,0.00,0.00,0.00,0.00,0.032
-93.77196964,42.01649434,A3,TaskName 6/13/2025 (GreenStar 4 Monitor),Laudis/Tough,759,6/13/2025,1.000,On,1126.7,118.75,3.560e-07,7.955,11.67,6.217,359.86,19.99,19.99,0,10,114.53,6/13/2025,Good,7.996,0.0020,2.998,0.00075,0.00,0.00,0.00,3.998,0.00099,1.999,0.00050,19.86,0.632,0.00,0.00,0.00,0.00,0.00,0.00,0.00,0.00,0.00,0.00,0.00,0.00,0.032
-93.77196978,42.01650717,A3,TaskName 6/13/2025 (GreenStar 4 Monitor),Laudis/Tough,760,6/13/2025,0.394,On,1126.8,118.75,3.560e-07,7.955,4.597,6.169,0.016,19.99,19.98,0,10,114.51,6/13/2025,Good,7.990,0.00078,2.996,0.00029,0.00,0.00,0.00,3.995,0.00039,1.998,0.00020,19.85,0.249,0.00,0.00,0.00,0.00,0.00,0.00,0.00,0.00,0.00,0.00,0.00,0.00,0.013
-93.77474212,42.01672344,A3,TaskName 5/7/2025 (GreenStar 4 Monitor),Zidua SC & Sharpen,1,5/7/2025,0.196,On,1122.0,2.500,-30.62,4.927,1.414,5.132,122.74,19.99,20.00,0,1,1.491,5/7/2025,Good,8.001,5.074e-06,3.000,1.903e-06,0.00,0.00,0.00,4.000,2.537e-06,2.000,1.268e-06,19.87,0.0016,0.00,0.00,0.00,0.00,0.00,0.00,0.00,0.00,0.00,0.00,0.00,0.00,8.117e-05
-93.77473712,42.01672102,A3,TaskName 5/7/2025 (GreenStar 4 Monitor),Zidua SC & Sharpen,2,5/7/2025,0.204,On,1122.0,3.750,-30.00,5.092,1.523,5.442,122.93,19.99,20.43,0,1,2.313,5/7/2025,Good,8.172,8.368e-06,3.064,3.138e-06,0.00,0.00,0.00,4.086,4.184e-06,2.043,2.092e-06,20.30,0.0027,0.00,0.00,0.00,0.00,0.00,0.00,0.00,0.00,0.00,0.00,0.00,0.00,0.00013
-93.77473210,42.01671860,A3,TaskName 5/7/2025 (GreenStar 4 Monitor),Zidua SC & Sharpen,3,5/7/2025,0.200,On,1122.0,7.500,-29.37,5.254,1.539,5.633,123.11,19.99,20.30,0,1,4.769,5/7/2025,Good,8.121,1.681e-05,3.045,6.304e-06,0.00,0.00,0.00,4.060,8.405e-06,2.030,4.203e-06,20.17,0.0053,0.00,0.00,0.00,0.00,0.00,0.00,0.00,0.00,0.00,0.00,0.00,0.00,0.00026
-93.77472692,42.01671626,A3,TaskName 5/7/2025 (GreenStar 4 Monitor),Zidua SC & Sharpen,4,5/7/2025,0.200,On,1122.0,11.25,-28.75,5.368,1.572,6.010,123.27,19.99,20.13,0,1,7.307,5/7/2025,Good,8.052,2.554e-05,3.020,9.576e-06,0.00,0.00,0.00,4.026,1.277e-05,2.013,6.384e-06,20.00,0.0081,0.00,0.00,0.00,0.00,0.00,0.00,0.00,0.00,0.00,0.00,0.00,0.00,0.00041
-93.77472194,42.01671369,A3,TaskName 5/7/2025 (GreenStar 4 Monitor),Zidua SC & Sharpen,5,5/7/2025,0.200,On,1121.9,18.75,-27.50,5.457,1.598,6.195,123.25,19.99,20.14,0,1,12.38,5/7/2025,Good,8.057,4.329e-05,3.021,1.624e-05,0.00,0.00,0.00,4.028,2.165e-05,2.014,1.082e-05,20.01,0.014,0.00,0.00,0.00,0.00,0.00,0.00,0.00,0.00,0.00,0.00,0.00,0.00,0.00069
-93.77471663,42.01671130,A3,TaskName 5/7/2025 (GreenStar 4 Monitor),Zidua SC & Sharpen,6,5/7/2025,0.200,On,1121.9,20.00,-26.87,5.522,1.618,5.838,123.48,19.99,20.22,0,1,13.37,5/7/2025,Good,8.086,4.692e-05,3.032,1.760e-05,0.00,0.00,0.00,4.043,2.346e-05,2.022,1.173e-05,20.08,0.015,0.00,0.00,0.00,0.00,0.00,0.00,0.00,0.00,0.00,0.00,0.00,0.00,0.00074
-93.77471118,42.01670870,A3,TaskName 5/7/2025 (GreenStar 4 Monitor),Zidua SC & Sharpen,7,5/7/2025,0.196,On,1121.9,23.75,-26.25,5.596,1.608,5.310,123.71,19.99,19.98,0,1,16.10,5/7/2025,Good,7.992,5.474e-05,2.997,2.053e-05,0.00,0.00,0.00,3.996,2.737e-05,1.998,1.368e-05,19.85,0.017,0.00,0.00,0.00,0.00,0.00,0.00,0.00,0.00,0.00,0.00,0.00,0.00,0.00088
-93.77470559,42.01670616,A3,TaskName 5/7/2025 (GreenStar 4 Monitor),Zidua SC & Sharpen,8,5/7/2025,0.200,On,1122.0,27.50,-25.62,5.728,1.680,5.521,123.96,19.99,19.92,0,1,19.09,5/7/2025,Good,7.967,6.601e-05,2.988,2.475e-05,0.00,0.00,0.00,3.983,3.301e-05,1.992,1.650e-05,19.79,0.021,0.00,0.00,0.00,0.00,0.00,0.00,0.00,0.00,0.00,0.00,0.00,0.00,0.0011
-93.77470012,42.01670339,A3,TaskName 5/7/2025 (GreenStar 4 Monitor),Zidua SC & Sharpen,9,5/7/2025,0.200,On,1122.0,31.25,-25.00,5.857,1.716,5.898,124.17,19.99,19.91,0,1,22.16,5/7/2025,Good,7.962,7.658e-05,2.986,2.872e-05,0.00,0.00,0.00,3.981,3.829e-05,1.991,1.915e-05,19.78,0.024,0.00,0.00,0.00,0.00,0.00,0.00,0.00,0.00,0.00,0.00,0.00,0.00,0.0012
-93.77469459,42.01670058,A3,TaskName 5/7/2025 (GreenStar 4 Monitor),Zidua SC & Sharpen,10,5/7/2025,0.204,On,1122.0,36.25,-23.75,5.963,1.782,6.129,124.34,19.99,20.16,0,1,26.17,5/7/2025,Good,8.065,9.342e-05,3.024,3.503e-05,0.00,0.00,0.00,4.033,4.671e-05,2.016,2.336e-05,20.03,0.030,0.00,0.00,0.00,0.00,0.00,0.00,0.00,0.00,0.00,0.00,0.00,0.00,0.0015
-93.77468910,42.01669763,A3,TaskName 5/7/2025 (GreenStar 4 Monitor),Zidua SC & Sharpen,11,5/7/2025,0.196,On,1121.9,40.00,-23.12,6.059,1.739,5.977,124.50,19.99,20.14,0,1,29.33,5/7/2025,Good,8.057,0.00010,3.021,3.769e-05,0.00,0.00,0.00,4.028,5.026e-05,2.014,2.513e-05,20.01,0.032,0.00,0.00,0.00,0.00,0.00,0.00,0.00,0.00,0.00,0.00,0.00,0.00,0.0016
-93.77468318,42.01669458,A3,TaskName 5/7/2025 (GreenStar 4 Monitor),Zidua SC & Sharpen,12,5/7/2025,0.199,On,1121.9,43.75,-22.50,6.146,1.792,4.782,124.62,19.99,19.95,0,1,32.55,5/7/2025,Good,7.980,0.00011,2.992,4.206e-05,0.00,0.00,0.00,3.990,5.609e-05,1.995,2.804e-05,19.82,0.036,0.00,0.00,0.00,0.00,0.00,0.00,0.00,0.00,0.00,0.00,0.00,0.00,0.0018
-93.77467712,42.01669138,A3,TaskName 5/7/2025 (GreenStar 4 Monitor),Zidua SC & Sharpen,13,5/7/2025,0.200,On,1122.0,47.50,-21.87,6.318,1.851,4.101,124.85,19.99,19.88,0,1,36.32,5/7/2025,Good,7.954,0.00013,2.983,4.702e-05,0.00,0.00,0.00,3.977,6.270e-05,1.988,3.135e-05,19.76,0.040,0.00,0.00,0.00,0.00,0.00,0.00,0.00,0.00,0.00,0.00,0.00,0.00,0.0020
-93.77467082,42.01668849,A3,TaskName 5/7/2025 (GreenStar 4 Monitor),Zidua SC & Sharpen,14,5/7/2025,0.201,On,1121.9,52.50,-20.62,6.526,1.923,4.431,125.20,19.99,19.87,0,1,41.51,5/7/2025,Good,7.950,0.00014,2.981,5.397e-05,0.00,0.00,0.00,3.975,7.196e-05,1.987,3.598e-05,19.74,0.046,0.00,0.00,0.00,0.00,0.00,0.00,0.00,0.00,0.00,0.00,0.00,0.00,0.0023
-93.77466505,42.01668564,A3,TaskName 5/7/2025 (GreenStar 4 Monitor),Zidua SC & Sharpen,15,5/7/2025,0.200,On,1121.9,57.50,-20.62,6.658,1.952,4.782,125.42,19.99,19.83,0,1,46.39,5/7/2025,Good,7.933,0.00016,2.975,5.989e-05,0.00,0.00,0.00,3.966,7.985e-05,1.983,3.993e-05,19.70,0.051,0.00,0.00,0.00,0.00,0.00,0.00,0.00,0.00,0.00,0.00,0.00,0.00,0.0026
-93.77465932,42.01668252,A3,TaskName 5/7/2025 (GreenStar 4 Monitor),Zidua SC & Sharpen,16,5/7/2025,0.204,On,1121.9,67.50,-19.37,6.611,1.975,5.257,125.48,19.99,19.77,0,1,54.02,5/7/2025,Good,7.907,0.00019,2.965,7.090e-05,0.00,0.00,0.00,3.953,9.454e-05,1.977,4.727e-05,19.64,0.060,0.00,0.00,0.00,0.00,0.00,0.00,0.00,0.00,0.00,0.00,0.00,0.00,0.0031
-93.77465353,42.01667953,A3,TaskName 5/7/2025 (GreenStar 4 Monitor),Zidua SC & Sharpen,17,5/7/2025,0.196,On,1121.9,70.00,-18.12,6.580,1.890,5.356,125.57,19.99,19.95,0,1,55.78,5/7/2025,Good,7.980,0.00019,2.992,7.100e-05,0.00,0.00,0.00,3.990,9.467e-05,1.995,4.733e-05,19.82,0.060,0.00,0.00,0.00,0.00,0.00,0.00,0.00,0.00,0.00,0.00,0.00,0.00,0.0030
-93.77464746,42.01667644,A3,TaskName 5/7/2025 (GreenStar 4 Monitor),Zidua SC & Sharpen,18,5/7/2025,0.205,On,1121.9,72.50,-18.12,6.560,1.962,5.825,125.74,19.99,19.81,0,1,57.35,5/7/2025,Good,7.924,0.00020,2.971,7.581e-05,0.00,0.00,0.00,3.962,0.00010,1.981,5.054e-05,19.68,0.064,0.00,0.00,0.00,0.00,0.00,0.00,0.00,0.00,0.00,0.00,0.00,0.00,0.0033
-93.77464132,42.01667314,A3,TaskName 5/7/2025 (GreenStar 4 Monitor),Zidua SC & Sharpen,19,5/7/2025,0.195,On,1121.9,75.00,-18.12,6.627,1.903,5.917,125.74,19.99,19.82,0,1,60.49,5/7/2025,Good,7.928,0.00020,2.973,7.611e-05,0.00,0.00,0.00,3.964,0.00010,1.982,5.074e-05,19.69,0.065,0.00,0.00,0.00,0.00,0.00,0.00,0.00,0.00,0.00,0.00,0.00,0.00,0.0033
-93.77463547,42.01666996,A3,TaskName 5/7/2025 (GreenStar 4 Monitor),Zidua SC & Sharpen,20,5/7/2025,0.200,On,1121.9,78.75,-17.50,6.754,1.969,6.796,125.62,19.99,20.00,0,1,64.06,5/7/2025,Good,8.001,0.00022,3.000,8.343e-05,0.00,0.00,0.00,4.000,0.00011,2.000,5.562e-05,19.87,0.071,0.00,0.00,0.00,0.00,0.00,0.00,0.00,0.00,0.00,0.00,0.00,0.00,0.0036
-93.77462964,42.01666651,A3,TaskName 5/7/2025 (GreenStar 4 Monitor),Zidua SC & Sharpen,21,5/7/2025,0.195,On,1121.9,82.50,-16.87,6.768,1.942,6.419,125.42,19.99,19.84,0,1,67.92,5/7/2025,Good,7.937,0.00023,2.976,8.554e-05,0.00,0.00,0.00,3.968,0.00011,1.984,5.703e-05,19.71,0.073,0.00,0.00,0.00,0.00,0.00,0.00,0.00,0.00,0.00,0.00,0.00,0.00,0.0037
-93.77462347,42.01666306,A3,TaskName 5/7/2025 (GreenStar 4 Monitor),Zidua SC & Sharpen,22,5/7/2025,0.205,On,1121.9,88.75,-16.25,6.799,2.041,5.693,125.27,19.99,19.72,0,1,73.02,5/7/2025,Good,7.890,0.00026,2.959,9.611e-05,0.00,0.00,0.00,3.945,0.00013,1.972,6.408e-05,19.60,0.081,0.00,0.00,0.00,0.00,0.00,0.00,0.00,0.00,0.00,0.00,0.00,0.00,0.0042
-93.77461705,42.01665961,A3,TaskName 5/7/2025 (GreenStar 4 Monitor),Zidua SC & Sharpen,23,5/7/2025,0.199,On,1121.9,92.50,-14.37,6.911,2.015,5.541,125.36,19.99,19.78,0,1,77.39,5/7/2025,Good,7.911,0.00026,2.967,9.915e-05,0.00,0.00,0.00,3.956,0.00013,1.978,6.610e-05,19.65,0.084,0.00,0.00,0.00,0.00,0.00,0.00,0.00,0.00,0.00,0.00,0.00,0.00,0.0043
-93.77461065,42.01665632,A3,TaskName 5/7/2025 (GreenStar 4 Monitor),Zidua SC & Sharpen,24,5/7/2025,0.201,On,1121.9,95.00,-13.12,7.056,2.077,5.845,125.59,19.99,19.81,0,1,81.13,5/7/2025,Good,7.924,0.00028,2.971,0.00011,0.00,0.00,0.00,3.962,0.00014,1.981,7.010e-05,19.68,0.089,0.00,0.00,0.00,0.00,0.00,0.00,0.00,0.00,0.00,0.00,0.00,0.00,0.0045
-93.77460428,42.01665299,A3,TaskName 5/7/2025 (GreenStar 4 Monitor),Zidua SC & Sharpen,25,5/7/2025,0.204,On,1122.0,98.75,-11.25,7.127,2.132,5.468,125.73,19.99,19.57,0,1,85.31,5/7/2025,Good,7.830,0.00030,2.936,0.00011,0.00,0.00,0.00,3.915,0.00015,1.957,7.393e-05,19.45,0.094,0.00,0.00,0.00,0.00,0.00,0.00,0.00,0.00,0.00,0.00,0.00,0.00,0.0048
-93.77459764,42.01664947,A3,TaskName 5/7/2025 (GreenStar 4 Monitor),Zidua SC & Sharpen,26,5/7/2025,0.196,On,1121.9,100.00,-10.62,7.169,2.063,5.059,125.83,19.99,19.77,0,1,87.01,5/7/2025,Good,7.907,0.00029,2.965,0.00011,0.00,0.00,0.00,3.953,0.00015,1.977,7.316e-05,19.64,0.093,0.00,0.00,0.00,0.00,0.00,0.00,0.00,0.00,0.00,0.00,0.00,0.00,0.0047
-93.77456505,42.01663193,A3,TaskName 5/7/2025 (GreenStar 4 Monitor),Zidua SC & Sharpen,27,5/7/2025,1.000,On,1121.9,101.25,-10.000,7.376,10.81,4.913,126.61,19.99,19.67,0,1,90.48,5/7/2025,Good,7.869,0.0015,2.951,0.00058,0.00,0.00,0.00,3.935,0.00077,1.967,0.00039,19.54,0.491,0.00,0.00,0.00,0.00,0.00,0.00,0.00,0.00,0.00,0.00,0.00,0.00,0.025
-93.77455869,42.01662838,A3,TaskName 5/7/2025 (GreenStar 4 Monitor),Zidua SC & Sharpen,28,5/7/2025,0.204,On,1122.0,101.25,-10.000,7.456,2.244,6.142,126.58,19.99,19.71,0,1,92.04,5/7/2025,Good,7.885,0.00032,2.957,0.00012,0.00,0.00,0.00,3.943,0.00016,1.971,8.033e-05,19.59,0.102,0.00,0.00,0.00,0.00,0.00,0.00,0.00,0.00,0.00,0.00,0.00,0.00,0.0052
-93.77452547,42.01660964,A3,TaskName 5/7/2025 (GreenStar 4 Monitor),Zidua SC & Sharpen,29,5/7/2025,0.996,On,1122.1,102.50,-9.375,7.526,10.99,6.521,125.38,19.99,19.89,0,1,93.44,5/7/2025,Good,7.958,0.0016,2.984,0.00060,0.00,0.00,0.00,3.979,0.00080,1.989,0.00040,19.76,0.511,0.00,0.00,0.00,0.00,0.00,0.00,0.00,0.00,0.00,0.00,0.00,0.00,0.026
-93.77449126,42.01659110,A3,TaskName 5/7/2025 (GreenStar 4 Monitor),Zidua SC & Sharpen,30,5/7/2025,1.004,On,1122.1,102.50,-9.375,7.823,11.53,5.848,124.29,19.99,19.95,0,1,97.32,5/7/2025,Good,7.980,0.0017,2.992,0.00063,0.00,0.00,0.00,3.990,0.00085,1.995,0.00042,19.82,0.538,0.00,0.00,0.00,0.00,0.00,0.00,0.00,0.00,0.00,0.00,0.00,0.00,0.027
-93.77446351,42.01657673,A3,TaskName 5/7/2025 (GreenStar 4 Monitor),Zidua SC & Sharpen,31,5/7/2025,0.800,On,1122.3,102.50,-9.375,7.811,9.169,6.186,123.85,19.99,19.98,0,1,97.09,5/7/2025,Good,7.991,0.0013,2.997,0.00051,0.00,0.00,0.00,3.996,0.00067,1.998,0.00034,19.85,0.428,0.00,0.00,0.00,0.00,0.00,0.00,0.00,0.00,0.00,0.00,0.00,0.00,0.022
-93.77442776,42.01655907,A3,TaskName 5/7/2025 (GreenStar 4 Monitor),Zidua SC & Sharpen,32,5/7/2025,0.995,On,1122.5,103.75,-8.750,7.870,11.49,6.731,123.39,19.99,19.89,0,1,99.03,5/7/2025,Good,7.957,0.0017,2.984,0.00064,0.00,0.00,0.00,3.979,0.00085,1.989,0.00043,19.76,0.541,0.00,0.00,0.00,0.00,0.00,0.00,0.00,0.00,0.00,0.00,0.00,0.00,0.027
-93.77441355,42.01655147,A3,TaskName 5/7/2025 (GreenStar 4 Monitor),Zidua SC & Sharpen,33,5/7/2025,0.400,On,1122.5,103.75,-8.750,7.984,4.688,7.602,122.22,19.99,20.02,0,1,100.49,5/7/2025,Good,8.007,0.00070,3.003,0.00026,0.00,0.00,0.00,4.004,0.00035,2.002,0.00017,19.89,0.222,0.00,0.00,0.00,0.00,0.00,0.00,0.00,0.00,0.00,0.00,0.00,0.00,0.011
-93.77438321,42.01653672,A3,TaskName 5/7/2025 (GreenStar 4 Monitor),Zidua SC & Sharpen,34,5/7/2025,0.801,On,1122.7,105.00,-8.125,8.177,9.599,8.220,120.51,19.99,19.96,0,1,103.99,5/7/2025,Good,7.984,0.0014,2.994,0.00054,0.00,0.00,0.00,3.992,0.00072,1.996,0.00036,19.83,0.459,0.00,0.00,0.00,0.00,0.00,0.00,0.00,0.00,0.00,0.00,0.00,0.00,0.023
-93.77435906,42.01652530,A3,TaskName 5/7/2025 (GreenStar 4 Monitor),Zidua SC & Sharpen,35,5/7/2025,0.600,On,1122.8,106.25,-7.500,8.538,7.513,6.871,119.28,19.99,19.96,0,1,109.95,5/7/2025,Good,7.982,0.0011,2.993,0.00043,0.00,0.00,0.00,3.991,0.00057,1.996,0.00029,19.83,0.363,0.00,0.00,0.00,0.00,0.00,0.00,0.00,0.00,0.00,0.00,0.00,0.00,0.018
-93.77433404,42.01651483,A3,TaskName 5/7/2025 (GreenStar 4 Monitor),Zidua SC & Sharpen,36,5/7/2025,0.600,On,1123.0,107.50,-6.875,8.773,7.739,6.073,119.57,19.99,19.75,0,1,114.59,5/7/2025,Good,7.900,0.0012,2.963,0.00044,0.00,0.00,0.00,3.950,0.00059,1.975,0.00029,19.62,0.375,0.00,0.00,0.00,0.00,0.00,0.00,0.00,0.00,0.00,0.00,0.00,0.00,0.019
-93.77429289,42.01649762,A3,TaskName 5/7/2025 (GreenStar 4 Monitor),Zidua SC & Sharpen,37,5/7/2025,0.999,On,1123.1,108.75,-6.250,8.794,12.89,6.845,121.41,19.99,19.74,0,1,115.99,5/7/2025,Good,7.897,0.0020,2.961,0.00074,0.00,0.00,0.00,3.948,0.00099,1.974,0.00050,19.61,0.631,0.00,0.00,0.00,0.00,0.00,0.00,0.00,0.00,0.00,0.00,0.00,0.00,0.032
-93.77425999,42.01648306,A3,TaskName 5/7/2025 (GreenStar 4 Monitor),Zidua SC & Sharpen,38,5/7/2025,0.800,On,1123.4,110.00,-5.625,8.768,10.30,7.465,122.82,19.99,19.88,0,1,117.02,5/7/2025,Good,7.952,0.0016,2.982,0.00061,0.00,0.00,0.00,3.976,0.00081,1.988,0.00040,19.75,0.514,0.00,0.00,0.00,0.00,0.00,0.00,0.00,0.00,0.00,0.00,0.00,0.00,0.026
-93.77421896,42.01646320,A3,TaskName 5/7/2025 (GreenStar 4 Monitor),Zidua SC & Sharpen,39,5/7/2025,1.001,On,1123.5,111.25,-5.000,8.976,13.18,6.789,124.07,19.99,19.95,0,1,121.10,5/7/2025,Good,7.981,0.0021,2.993,0.00079,0.00,0.00,0.00,3.990,0.0010,1.995,0.00052,19.82,0.667,0.00,0.00,0.00,0.00,0.00,0.00,0.00,0.00,0.00,0.00,0.00,0.00,0.034
-93.77417877,42.01644282,A3,TaskName 5/7/2025 (GreenStar 4 Monitor),Zidua SC & Sharpen,40,5/7/2025,1.000,On,1123.7,112.50,-4.375,9.019,13.24,7.111,125.22,19.99,19.86,0,1,123.07,5/7/2025,Good,7.945,0.0021,2.979,0.00080,0.00,0.00,0.00,3.972,0.0011,1.986,0.00053,19.73,0.675,0.00,0.00,0.00,0.00,0.00,0.00,0.00,0.00,0.00,0.00,0.00,0.00,0.034
-93.77414665,42.01642613,A3,TaskName 5/7/2025 (GreenStar 4 Monitor),Zidua SC & Sharpen,41,5/7/2025,0.800,On,1123.9,112.50,-4.375,9.035,10.60,7.258,125.45,19.99,19.98,0,1,123.15,5/7/2025,Good,7.992,0.0017,2.997,0.00064,0.00,0.00,0.00,3.996,0.00085,1.998,0.00043,19.85,0.543,0.00,0.00,0.00,0.00,0.00,0.00,0.00,0.00,0.00,0.00,0.00,0.00,0.027
-93.77410648,42.01640428,A3,TaskName 5/7/2025 (GreenStar 4 Monitor),Zidua SC & Sharpen,42,5/7/2025,1.000,On,1124.1,113.75,-3.750,9.100,13.37,6.814,124.85,19.99,19.99,0,1,125.68,5/7/2025,Good,7.995,0.0022,2.998,0.00082,0.00,0.00,0.00,3.997,0.0011,1.999,0.00055,19.86,0.693,0.00,0.00,0.00,0.00,0.00,0.00,0.00,0.00,0.00,0.00,0.00,0.00,0.035
-93.77406636,42.01638349,A3,TaskName 5/7/2025 (GreenStar 4 Monitor),Zidua SC & Sharpen,43,5/7/2025,1.000,On,1124.4,113.75,-3.750,9.134,13.40,6.882,125.00,19.99,20.00,0,1,126.02,5/7/2025,Good,7.999,0.0022,3.000,0.00082,0.00,0.00,0.00,4.000,0.0011,2.000,0.00055,19.87,0.695,0.00,0.00,0.00,0.00,0.00,0.00,0.00,0.00,0.00,0.00,0.00,0.00,0.035
-93.77402622,42.01636260,A3,TaskName 5/7/2025 (GreenStar 4 Monitor),Zidua SC & Sharpen,44,5/7/2025,0.995,On,1124.6,115.00,-3.125,9.103,13.30,7.097,125.66,19.99,19.98,0,1,127.01,5/7/2025,Good,7.992,0.0022,2.997,0.00082,0.00,0.00,0.00,3.996,0.0011,1.998,0.00055,19.85,0.697,0.00,0.00,0.00,0.00,0.00,0.00,0.00,0.00,0.00,0.00,0.00,0.00,0.035
-93.77398643,42.01634106,A3,TaskName 5/7/2025 (GreenStar 4 Monitor),Zidua SC & Sharpen,45,5/7/2025,1.004,On,1124.9,115.00,-3.125,9.060,13.35,7.484,125.54,19.99,19.96,0,1,126.36,5/7/2025,Good,7.984,0.0022,2.994,0.00082,0.00,0.00,0.00,3.992,0.0011,1.996,0.00055,19.83,0.699,0.00,0.00,0.00,0.00,0.00,0.00,0.00,0.00,0.00,0.00,0.00,0.00,0.035
-93.77397057,42.01633251,A3,TaskName 5/7/2025 (GreenStar 4 Monitor),Zidua SC & Sharpen,46,5/7/2025,0.401,On,1125.1,115.00,-3.125,9.055,5.328,7.412,125.34,19.99,19.93,0,1,126.27,5/7/2025,Good,7.973,0.00088,2.990,0.00033,0.00,0.00,0.00,3.987,0.00044,1.993,0.00022,19.80,0.279,0.00,0.00,0.00,0.00,0.00,0.00,0.00,0.00,0.00,0.00,0.00,0.00,0.014
-93.77393081,42.01631117,A3,TaskName 5/7/2025 (GreenStar 4 Monitor),Zidua SC & Sharpen,47,5/7/2025,0.999,On,1125.5,116.25,-2.500,9.111,13.36,7.286,124.11,19.99,19.94,0,1,128.44,5/7/2025,Good,7.974,0.0022,2.990,0.00083,0.00,0.00,0.00,3.987,0.0011,1.994,0.00056,19.81,0.706,0.00,0.00,0.00,0.00,0.00,0.00,0.00,0.00,0.00,0.00,0.00,0.00,0.036
-93.77390664,42.01629874,A3,TaskName 5/7/2025 (GreenStar 4 Monitor),Zidua SC & Sharpen,48,5/7/2025,0.600,On,1125.8,116.25,-2.500,9.105,8.018,7.456,123.57,19.99,19.93,0,1,128.39,5/7/2025,Good,7.974,0.0013,2.990,0.00050,0.00,0.00,0.00,3.987,0.00067,1.993,0.00033,19.81,0.424,0.00,0.00,0.00,0.00,0.00,0.00,0.00,0.00,0.00,0.00,0.00,0.00,0.021
-93.77386607,42.01627840,A3,TaskName 5/7/2025 (GreenStar 4 Monitor),Zidua SC & Sharpen,49,5/7/2025,1.001,On,1126.1,117.50,-1.875,9.030,13.25,7.712,123.93,19.99,19.99,0,1,128.58,5/7/2025,Good,7.995,0.0022,2.998,0.00084,0.00,0.00,0.00,3.998,0.0011,1.999,0.00056,19.86,0.710,0.00,0.00,0.00,0.00,0.00,0.00,0.00,0.00,0.00,0.00,0.00,0.00,0.036
-93.77385807,42.01627449,A3,TaskName 5/7/2025 (GreenStar 4 Monitor),Zidua SC & Sharpen,50,5/7/2025,0.200,On,1126.2,117.50,-1.875,9.042,2.667,7.958,124.19,19.99,19.88,0,1,129.50,5/7/2025,Good,7.954,0.00045,2.983,0.00017,0.00,0.00,0.00,3.977,0.00022,1.988,0.00011,19.76,0.142,0.00,0.00,0.00,0.00,0.00,0.00,0.00,0.00,0.00,0.00,0.00,0.00,0.0072
-93.77381710,42.01625396,A3,TaskName 5/7/2025 (GreenStar 4 Monitor),Zidua SC & Sharpen,51,5/7/2025,1.000,On,1126.6,118.75,-1.250,9.078,13.32,7.425,125.77,19.99,19.97,0,1,130.75,5/7/2025,Good,7.987,0.0023,2.995,0.00085,0.00,0.00,0.00,3.993,0.0011,1.997,0.00057,19.84,0.720,0.00,0.00,0.00,0.00,0.00,0.00,0.00,0.00,0.00,0.00,0.00,0.00,0.036
-93.77377752,42.01623265,A3,TaskName 5/7/2025 (GreenStar 4 Monitor),Zidua SC & Sharpen,52,5/7/2025,0.999,On,1127.0,118.75,-1.250,9.095,13.34,7.383,127.69,19.99,19.88,0,1,131.01,5/7/2025,Good,7.952,0.0023,2.982,0.00085,0.00,0.00,0.00,3.976,0.0011,1.988,0.00056,19.75,0.718,0.00,0.00,0.00,0.00,0.00,0.00,0.00,0.00,0.00,0.00,0.00,0.00,0.036
-93.77376954,42.01622831,A3,TaskName 5/7/2025 (GreenStar 4 Monitor),Zidua SC & Sharpen,53,5/7/2025,0.200,On,1127.0,118.75,-1.250,9.055,2.657,7.265,128.08,19.99,19.87,0,1,130.40,5/7/2025,Good,7.950,0.00045,2.981,0.00017,0.00,0.00,0.00,3.975,0.00022,1.987,0.00011,19.74,0.143,0.00,0.00,0.00,0.00,0.00,0.00,0.00,0.00,0.00,0.00,0.00,0.00,0.0072
-93.77373081,42.01620601,A3,TaskName 5/7/2025 (GreenStar 4 Monitor),Zidua SC & Sharpen,54,5/7/2025,0.996,On,1127.4,120.00,-0.625,9.042,13.21,7.130,129.87,19.99,19.88,0,1,131.58,5/7/2025,Good,7.951,0.0023,2.982,0.00085,0.00,0.00,0.00,3.976,0.0011,1.988,0.00057,19.75,0.719,0.00,0.00,0.00,0.00,0.00,0.00,0.00,0.00,0.00,0.00,0.00,0.00,0.036
-93.77372317,42.01620127,A3,TaskName 5/7/2025 (GreenStar 4 Monitor),Zidua SC & Sharpen,55,5/7/2025,0.204,On,1127.4,120.00,-0.625,9.104,2.726,6.961,130.17,19.99,19.88,0,1,132.53,5/7/2025,Good,7.954,0.00047,2.983,0.00018,0.00,0.00,0.00,3.977,0.00023,1.988,0.00012,19.76,0.148,0.00,0.00,0.00,0.00,0.00,0.00,0.00,0.00,0.00,0.00,0.00,0.00,0.0075
-93.77368591,42.01617774,A3,TaskName 5/7/2025 (GreenStar 4 Monitor),Zidua SC & Sharpen,56,5/7/2025,1.000,On,1127.7,118.75,-1.250,9.113,13.38,7.130,130.04,19.99,19.88,0,1,131.26,5/7/2025,Good,7.953,0.0023,2.982,0.00085,0.00,0.00,0.00,3.977,0.0011,1.988,0.00057,19.75,0.720,0.00,0.00,0.00,0.00,0.00,0.00,0.00,0.00,0.00,0.00,0.00,0.00,0.036
-93.77364845,42.01615370,A3,TaskName 5/7/2025 (GreenStar 4 Monitor),Zidua SC & Sharpen,57,5/7/2025,1.000,On,1128.0,118.75,-1.250,9.103,13.36,7.169,128.63,19.99,19.97,0,1,131.14,5/7/2025,Good,7.986,0.0023,2.995,0.00085,0.00,0.00,0.00,3.993,0.0011,1.997,0.00057,19.84,0.723,0.00,0.00,0.00,0.00,0.00,0.00,0.00,0.00,0.00,0.00,0.00,0.00,0.036
-93.77363341,42.01614436,A3,TaskName 5/7/2025 (GreenStar 4 Monitor),Zidua SC & Sharpen,58,5/7/2025,0.396,On,1128.1,118.75,-1.250,9.134,5.308,7.061,128.19,19.99,19.87,0,1,131.55,5/7/2025,Good,7.950,0.00090,2.981,0.00034,0.00,0.00,0.00,3.975,0.00045,1.987,0.00022,19.74,0.286,0.00,0.00,0.00,0.00,0.00,0.00,0.00,0.00,0.00,0.00,0.00,0.00,0.014
-93.77359448,42.01612172,A3,TaskName 5/7/2025 (GreenStar 4 Monitor),Zidua SC & Sharpen,59,5/7/2025,1.005,On,1128.4,117.50,-1.875,9.124,13.45,6.694,128.79,19.99,19.99,0,1,129.93,5/7/2025,Good,7.996,0.0023,2.998,0.00085,0.00,0.00,0.00,3.998,0.0011,1.999,0.00057,19.86,0.720,0.00,0.00,0.00,0.00,0.00,0.00,0.00,0.00,0.00,0.00,0.00,0.00,0.036
-93.77355615,42.01609874,A3,TaskName 5/7/2025 (GreenStar 4 Monitor),Zidua SC & Sharpen,60,5/7/2025,0.999,On,1128.7,117.50,-1.875,9.120,13.39,6.862,128.25,19.99,19.91,0,1,130.11,5/7/2025,Good,7.965,0.0022,2.987,0.00084,0.00,0.00,0.00,3.982,0.0011,1.991,0.00056,19.78,0.714,0.00,0.00,0.00,0.00,0.00,0.00,0.00,0.00,0.00,0.00,0.00,0.00,0.036
-93.77351797,42.01607547,A3,TaskName 5/7/2025 (GreenStar 4 Monitor),Zidua SC & Sharpen,61,5/7/2025,1.000,On,1129.0,117.50,-1.875,9.087,13.34,7.412,127.36,19.99,19.95,0,1,129.53,5/7/2025,Good,7.979,0.0022,2.992,0.00084,0.00,0.00,0.00,3.989,0.0011,1.995,0.00056,19.82,0.713,0.00,0.00,0.00,0.00,0.00,0.00,0.00,0.00,0.00,0.00,0.00,0.00,0.036
-93.77347842,42.01605341,A3,TaskName 5/7/2025 (GreenStar 4 Monitor),Zidua SC & Sharpen,62,5/7/2025,0.995,On,1129.2,117.50,-1.875,9.189,13.42,6.432,128.27,19.99,19.95,0,1,130.95,5/7/2025,Good,7.981,0.0023,2.993,0.00085,0.00,0.00,0.00,3.991,0.0011,1.995,0.00056,19.82,0.717,0.00,0.00,0.00,0.00,0.00,0.00,0.00,0.00,0.00,0.00,0.00,0.00,0.036
-93.77343952,42.01603056,A3,TaskName 5/7/2025 (GreenStar 4 Monitor),Zidua SC & Sharpen,63,5/7/2025,1.005,On,1129.4,117.50,-1.875,9.149,13.49,6.864,128.26,19.99,19.92,0,1,130.37,5/7/2025,Good,7.969,0.0023,2.988,0.00085,0.00,0.00,0.00,3.984,0.0011,1.992,0.00057,19.79,0.720,0.00,0.00,0.00,0.00,0.00,0.00,0.00,0.00,0.00,0.00,0.00,0.00,0.036
-93.77340114,42.01600777,A3,TaskName 5/7/2025 (GreenStar 4 Monitor),Zidua SC & Sharpen,64,5/7/2025,0.995,On,1129.7,117.50,-1.875,9.093,13.27,7.239,127.34,19.99,19.97,0,1,129.55,5/7/2025,Good,7.987,0.0022,2.995,0.00084,0.00,0.00,0.00,3.994,0.0011,1.997,0.00056,19.84,0.710,0.00,0.00,0.00,0.00,0.00,0.00,0.00,0.00,0.00,0.00,0.00,0.00,0.036
-93.77336151,42.01598492,A3,TaskName 5/7/2025 (GreenStar 4 Monitor),Zidua SC & Sharpen,65,5/7/2025,1.006,On,1129.9,117.50,-1.875,9.218,13.60,5.748,127.22,19.99,19.91,0,1,131.24,5/7/2025,Good,7.962,0.0023,2.986,0.00086,0.00,0.00,0.00,3.981,0.0011,1.991,0.00057,19.78,0.725,0.00,0.00,0.00,0.00,0.00,0.00,0.00,0.00,0.00,0.00,0.00,0.00,0.037
-93.77333797,42.01597181,A3,TaskName 5/7/2025 (GreenStar 4 Monitor),Zidua SC & Sharpen,66,5/7/2025,0.595,On,1130.0,117.50,-1.875,9.219,8.062,5.632,127.69,19.99,19.80,0,1,131.58,5/7/2025,Good,7.921,0.0013,2.970,0.00050,0.00,0.00,0.00,3.961,0.00067,1.980,0.00034,19.67,0.428,0.00,0.00,0.00,0.00,0.00,0.00,0.00,0.00,0.00,0.00,0.00,0.00,0.022
-93.77329912,42.01594930,A3,TaskName 5/7/2025 (GreenStar 4 Monitor),Zidua SC & Sharpen,67,5/7/2025,1.004,On,1130.2,118.75,-1.250,9.097,13.40,6.781,128.14,19.99,20.03,0,1,131.01,5/7/2025,Good,8.010,0.0023,3.004,0.00086,0.00,0.00,0.00,4.005,0.0011,2.003,0.00057,19.90,0.727,0.00,0.00,0.00,0.00,0.00,0.00,0.00,0.00,0.00,0.00,0.00,0.00,0.037
-93.77326053,42.01592665,A3,TaskName 5/7/2025 (GreenStar 4 Monitor),Zidua SC & Sharpen,68,5/7/2025,0.996,On,1130.4,118.75,-1.250,9.104,13.30,6.824,128.33,19.99,20.04,0,1,131.09,5/7/2025,Good,8.014,0.0023,3.005,0.00085,0.00,0.00,0.00,4.007,0.0011,2.004,0.00057,19.91,0.722,0.00,0.00,0.00,0.00,0.00,0.00,0.00,0.00,0.00,0.00,0.00,0.00,0.036
-93.77322935,42.01590825,A3,TaskName 5/7/2025 (GreenStar 4 Monitor),Zidua SC & Sharpen,69,5/7/2025,0.799,On,1130.5,118.75,-1.250,9.150,10.73,6.449,128.27,19.99,19.97,0,1,131.74,5/7/2025,Good,7.987,0.0018,2.995,0.00068,0.00,0.00,0.00,3.994,0.00091,1.997,0.00046,19.84,0.580,0.00,0.00,0.00,0.00,0.00,0.00,0.00,0.00,0.00,0.00,0.00,0.00,0.029
-93.77319093,42.01588542,A3,TaskName 5/7/2025 (GreenStar 4 Monitor),Zidua SC & Sharpen,70,5/7/2025,1.005,On,1130.6,117.50,-1.875,9.159,13.51,6.559,127.74,19.99,19.98,0,1,130.51,5/7/2025,Good,7.993,0.0023,2.997,0.00085,0.00,0.00,0.00,3.997,0.0011,1.998,0.00057,19.85,0.723,0.00,0.00,0.00,0.00,0.00,0.00,0.00,0.00,0.00,0.00,0.00,0.00,0.036
-93.77315196,42.01586265,A3,TaskName 5/7/2025 (GreenStar 4 Monitor),Zidua SC & Sharpen,71,5/7/2025,0.991,On,1130.7,117.50,-1.875,9.143,13.30,6.268,126.94,19.99,19.94,0,1,130.33,5/7/2025,Good,7.976,0.0022,2.991,0.00084,0.00,0.00,0.00,3.988,0.0011,1.994,0.00056,19.81,0.711,0.00,0.00,0.00,0.00,0.00,0.00,0.00,0.00,0.00,0.00,0.00,0.00,0.036
-93.77314418,42.01585812,A3,TaskName 5/7/2025 (GreenStar 4 Monitor),Zidua SC & Sharpen,72,5/7/2025,0.209,On,1130.8,117.50,-1.875,9.156,2.808,5.950,126.80,19.99,19.78,0,1,130.46,5/7/2025,Good,7.911,0.00047,2.967,0.00018,0.00,0.00,0.00,3.956,0.00023,1.978,0.00012,19.65,0.149,0.00,0.00,0.00,0.00,0.00,0.00,0.00,0.00,0.00,0.00,0.00,0.00,0.0076
-93.77310442,42.01583610,A3,TaskName 5/7/2025 (GreenStar 4 Monitor),Zidua SC & Sharpen,73,5/7/2025,0.996,On,1130.7,118.75,-1.250,9.164,13.39,6.196,126.86,19.99,19.93,0,1,131.93,5/7/2025,Good,7.973,0.0023,2.990,0.00085,0.00,0.00,0.00,3.987,0.0011,1.993,0.00057,19.80,0.723,0.00,0.00,0.00,0.00,0.00,0.00,0.00,0.00,0.00,0.00,0.00,0.00,0.037
-93.77306483,42.01581391,A3,TaskName 5/7/2025 (GreenStar 4 Monitor),Zidua SC & Sharpen,74,5/7/2025,1.004,On,1130.8,118.75,-1.250,9.154,13.49,5.943,127.34,19.99,19.91,0,1,131.84,5/7/2025,Good,7.964,0.0023,2.987,0.00086,0.00,0.00,0.00,3.982,0.0011,1.991,0.00057,19.78,0.727,0.00,0.00,0.00,0.00,0.00,0.00,0.00,0.00,0.00,0.00,0.00,0.00,0.037
-93.77302547,42.01579161,A3,TaskName 5/7/2025 (GreenStar 4 Monitor),Zidua SC & Sharpen,75,5/7/2025,0.996,On,1130.7,118.75,-1.250,9.185,13.41,5.239,127.86,19.99,19.89,0,1,132.09,5/7/2025,Good,7.957,0.0023,2.984,0.00085,0.00,0.00,0.00,3.979,0.0011,1.989,0.00057,19.76,0.722,0.00,0.00,0.00,0.00,0.00,0.00,0.00,0.00,0.00,0.00,0.00,0.00,0.037
-93.77298614,42.01576872,A3,TaskName 5/7/2025 (GreenStar 4 Monitor),Zidua SC & Sharpen,76,5/7/2025,1.004,On,1130.5,118.75,-1.250,9.237,13.62,4.638,128.01,19.99,19.75,0,1,133.12,5/7/2025,Good,7.900,0.0023,2.963,0.00086,0.00,0.00,0.00,3.950,0.0011,1.975,0.00057,19.62,0.728,0.00,0.00,0.00,0.00,0.00,0.00,0.00,0.00,0.00,0.00,0.00,0.00,0.037
-93.77294720,42.01574604,A3,TaskName 5/7/2025 (GreenStar 4 Monitor),Zidua SC & Sharpen,77,5/7/2025,1.000,On,1130.5,118.75,-1.250,9.176,13.46,5.541,128.12,19.99,19.94,0,1,132.14,5/7/2025,Good,7.977,0.0023,2.991,0.00086,0.00,0.00,0.00,3.988,0.0011,1.994,0.00057,19.81,0.727,0.00,0.00,0.00,0.00,0.00,0.00,0.00,0.00,0.00,0.00,0.00,0.00,0.037
-93.77290871,42.01572333,A3,TaskName 5/7/2025 (GreenStar 4 Monitor),Zidua SC & Sharpen,78,5/7/2025,1.000,On,1130.4,118.75,-1.250,9.110,13.37,5.771,128.39,19.99,20.01,0,1,131.21,5/7/2025,Good,8.005,0.0023,3.002,0.00085,0.00,0.00,0.00,4.003,0.0011,2.001,0.00057,19.88,0.725,0.00,0.00,0.00,0.00,0.00,0.00,0.00,0.00,0.00,0.00,0.00,0.00,0.036
-93.77286960,42.01570025,A3,TaskName 5/7/2025 (GreenStar 4 Monitor),Zidua SC & Sharpen,79,5/7/2025,0.996,On,1130.1,118.75,-1.250,9.207,13.45,4.610,129.16,19.99,19.90,0,1,132.58,5/7/2025,Good,7.961,0.0023,2.986,0.00086,0.00,0.00,0.00,3.981,0.0011,1.990,0.00057,19.77,0.725,0.00,0.00,0.00,0.00,0.00,0.00,0.00,0.00,0.00,0.00,0.00,0.00,0.037
-93.77283104,42.01567705,A3,TaskName 5/7/2025 (GreenStar 4 Monitor),Zidua SC & Sharpen,80,5/7/2025,1.000,On,1130.1,118.75,-1.250,9.203,13.50,5.284,129.32,19.99,20.01,0,1,132.50,5/7/2025,Good,8.006,0.0023,3.002,0.00086,0.00,0.00,0.00,4.003,0.0012,2.001,0.00058,19.88,0.732,0.00,0.00,0.00,0.00,0.00,0.00,0.00,0.00,0.00,0.00,0.00,0.00,0.037
-93.77279318,42.01565351,A3,TaskName 5/7/2025 (GreenStar 4 Monitor),Zidua SC & Sharpen,81,5/7/2025,1.000,On,1129.8,118.75,-1.250,9.161,13.44,5.842,128.30,19.99,20.03,0,1,131.95,5/7/2025,Good,8.014,0.0023,3.005,0.00086,0.00,0.00,0.00,4.007,0.0011,2.003,0.00057,19.90,0.730,0.00,0.00,0.00,0.00,0.00,0.00,0.00,0.00,0.00,0.00,0.00,0.00,0.037
-93.77276986,42.01563947,A3,TaskName 5/7/2025 (GreenStar 4 Monitor),Zidua SC & Sharpen,82,5/7/2025,0.605,On,1129.7,118.75,-1.250,9.188,8.141,4.832,128.10,19.99,19.94,0,1,132.06,5/7/2025,Good,7.976,0.0014,2.991,0.00052,0.00,0.00,0.00,3.988,0.00069,1.994,0.00035,19.81,0.440,0.00,0.00,0.00,0.00,0.00,0.00,0.00,0.00,0.00,0.00,0.00,0.00,0.022
-93.77273068,42.01561641,A3,TaskName 5/7/2025 (GreenStar 4 Monitor),Zidua SC & Sharpen,83,5/7/2025,0.995,On,1129.5,117.50,-1.875,9.225,13.48,4.767,127.89,19.99,19.93,0,1,131.57,5/7/2025,Good,7.970,0.0023,2.989,0.00085,0.00,0.00,0.00,3.985,0.0011,1.993,0.00057,19.80,0.720,0.00,0.00,0.00,0.00,0.00,0.00,0.00,0.00,0.00,0.00,0.00,0.00,0.036
-93.77271497,42.01560742,A3,TaskName 5/7/2025 (GreenStar 4 Monitor),Zidua SC & Sharpen,84,5/7/2025,0.400,On,1129.5,117.50,-1.875,9.231,5.402,5.501,127.80,19.99,19.90,0,1,131.15,5/7/2025,Good,7.958,0.00091,2.984,0.00034,0.00,0.00,0.00,3.979,0.00045,1.990,0.00023,19.77,0.288,0.00,0.00,0.00,0.00,0.00,0.00,0.00,0.00,0.00,0.00,0.00,0.00,0.015
-93.77270736,42.01560269,A3,TaskName 5/7/2025 (GreenStar 4 Monitor),Zidua SC & Sharpen,85,5/7/2025,0.199,On,1129.4,118.75,-1.250,9.212,2.703,5.330,127.67,19.99,19.98,0,1,133.29,5/7/2025,Good,7.992,0.00046,2.997,0.00017,0.00,0.00,0.00,3.996,0.00023,1.998,0.00012,19.85,0.146,0.00,0.00,0.00,0.00,0.00,0.00,0.00,0.00,0.00,0.00,0.00,0.00,0.0074
-93.77268369,42.01558913,A3,TaskName 5/7/2025 (GreenStar 4 Monitor),Zidua SC & Sharpen,86,5/7/2025,0.596,On,1129.3,117.50,-1.875,9.191,8.039,5.399,127.53,19.99,19.94,0,1,130.99,5/7/2025,Good,7.977,0.0014,2.991,0.00051,0.00,0.00,0.00,3.988,0.00068,1.994,0.00034,19.81,0.430,0.00,0.00,0.00,0.00,0.00,0.00,0.00,0.00,0.00,0.00,0.00,0.00,0.022
-93.77264452,42.01556626,A3,TaskName 5/7/2025 (GreenStar 4 Monitor),Zidua SC & Sharpen,87,5/7/2025,1.004,On,1129.2,118.75,-1.250,9.206,13.57,5.233,126.94,19.99,19.95,0,1,132.61,5/7/2025,Good,7.980,0.0023,2.993,0.00086,0.00,0.00,0.00,3.990,0.0012,1.995,0.00058,19.82,0.733,0.00,0.00,0.00,0.00,0.00,0.00,0.00,0.00,0.00,0.00,0.00,0.00,0.037
-93.77260515,42.01554416,A3,TaskName 5/7/2025 (GreenStar 4 Monitor),Zidua SC & Sharpen,88,5/7/2025,1.000,On,1129.1,118.75,-1.250,9.201,13.50,4.665,127.51,19.99,19.98,0,1,132.50,5/7/2025,Good,7.991,0.0023,2.997,0.00086,0.00,0.00,0.00,3.996,0.0011,1.998,0.00057,19.85,0.731,0.00,0.00,0.00,0.00,0.00,0.00,0.00,0.00,0.00,0.00,0.00,0.00,0.037
-93.77256585,42.01552171,A3,TaskName 5/7/2025 (GreenStar 4 Monitor),Zidua SC & Sharpen,89,5/7/2025,1.000,On,1129.0,118.75,-1.250,9.157,13.44,4.953,128.74,19.99,19.92,0,1,131.88,5/7/2025,Good,7.967,0.0023,2.988,0.00086,0.00,0.00,0.00,3.983,0.0011,1.992,0.00057,19.79,0.725,0.00,0.00,0.00,0.00,0.00,0.00,0.00,0.00,0.00,0.00,0.00,0.00,0.037
-93.77252746,42.01549874,A3,TaskName 5/7/2025 (GreenStar 4 Monitor),Zidua SC & Sharpen,90,5/7/2025,1.000,On,1128.9,118.75,-1.250,9.126,13.39,5.993,129.01,19.99,19.99,0,1,131.43,5/7/2025,Good,7.995,0.0023,2.998,0.00086,0.00,0.00,0.00,3.997,0.0011,1.999,0.00057,19.86,0.725,0.00,0.00,0.00,0.00,0.00,0.00,0.00,0.00,0.00,0.00,0.00,0.00,0.037
-93.77249699,42.01547989,A3,TaskName 5/7/2025 (GreenStar 4 Monitor),Zidua SC & Sharpen,91,5/7/2025,0.801,On,1128.9,118.75,-1.250,9.161,10.77,5.795,128.23,19.99,19.97,0,1,131.94,5/7/2025,Good,7.988,0.0018,2.996,0.00069,0.00,0.00,0.00,3.994,0.00092,1.997,0.00046,19.84,0.582,0.00,0.00,0.00,0.00,0.00,0.00,0.00,0.00,0.00,0.00,0.00,0.00,0.029
-93.77245843,42.01545705,A3,TaskName 5/7/2025 (GreenStar 4 Monitor),Zidua SC & Sharpen,92,5/7/2025,1.000,On,1128.8,117.50,-1.875,9.153,13.42,5.764,127.34,19.99,19.95,0,1,130.30,5/7/2025,Good,7.979,0.0023,2.992,0.00085,0.00,0.00,0.00,3.990,0.0011,1.995,0.00056,19.82,0.717,0.00,0.00,0.00,0.00,0.00,0.00,0.00,0.00,0.00,0.00,0.00,0.00,0.036
-93.77244266,42.01544786,A3,TaskName 5/7/2025 (GreenStar 4 Monitor),Zidua SC & Sharpen,93,5/7/2025,0.400,On,1128.8,117.50,-1.875,9.142,5.379,5.454,127.24,19.99,19.94,0,1,130.59,5/7/2025,Good,7.976,0.00090,2.991,0.00034,0.00,0.00,0.00,3.988,0.00045,1.994,0.00023,19.81,0.287,0.00,0.00,0.00,0.00,0.00,0.00,0.00,0.00,0.00,0.00,0.00,0.00,0.015
-93.77240318,42.01542567,A3,TaskName 5/7/2025 (GreenStar 4 Monitor),Zidua SC & Sharpen,94,5/7/2025,0.999,On,1128.8,118.75,-1.250,9.168,13.44,5.630,127.57,19.99,19.95,0,1,131.98,5/7/2025,Good,7.980,0.0023,2.993,0.00086,0.00,0.00,0.00,3.990,0.0011,1.995,0.00057,19.82,0.726,0.00,0.00,0.00,0.00,0.00,0.00,0.00,0.00,0.00,0.00,0.00,0.00,0.037
-93.77236428,42.01540335,A3,TaskName 5/7/2025 (GreenStar 4 Monitor),Zidua SC & Sharpen,95,5/7/2025,1.000,On,1128.8,118.75,-1.250,9.126,13.39,6.109,127.17,19.99,19.96,0,1,131.43,5/7/2025,Good,7.984,0.0023,2.994,0.00085,0.00,0.00,0.00,3.992,0.0011,1.996,0.00057,19.83,0.724,0.00,0.00,0.00,0.00,0.00,0.00,0.00,0.00,0.00,0.00,0.00,0.00,0.037
-93.77232513,42.01538080,A3,TaskName 5/7/2025 (GreenStar 4 Monitor),Zidua SC & Sharpen,96,5/7/2025,1.000,On,1128.8,118.75,-1.250,9.142,13.42,5.887,126.91,19.99,19.99,0,1,131.66,5/7/2025,Good,7.996,0.0023,2.998,0.00086,0.00,0.00,0.00,3.998,0.0011,1.999,0.00057,19.86,0.726,0.00,0.00,0.00,0.00,0.00,0.00,0.00,0.00,0.00,0.00,0.00,0.00,0.037
-93.77228560,42.01535867,A3,TaskName 5/7/2025 (GreenStar 4 Monitor),Zidua SC & Sharpen,97,5/7/2025,1.000,On,1128.8,118.75,-1.250,9.138,13.41,5.782,126.87,19.99,19.98,0,1,131.56,5/7/2025,Good,7.992,0.0023,2.997,0.00086,0.00,0.00,0.00,3.996,0.0011,1.998,0.00057,19.85,0.725,0.00,0.00,0.00,0.00,0.00,0.00,0.00,0.00,0.00,0.00,0.00,0.00,0.037
-93.77224641,42.01533675,A3,TaskName 5/7/2025 (GreenStar 4 Monitor),Zidua SC & Sharpen,98,5/7/2025,1.000,On,1128.8,118.75,-1.250,9.122,13.38,5.890,126.93,19.99,20.00,0,1,131.34,5/7/2025,Good,8.000,0.0023,3.000,0.00086,0.00,0.00,0.00,4.000,0.0011,2.000,0.00057,19.87,0.725,0.00,0.00,0.00,0.00,0.00,0.00,0.00,0.00,0.00,0.00,0.00,0.00,0.036
-93.77221503,42.01531879,A3,TaskName 5/7/2025 (GreenStar 4 Monitor),Zidua SC & Sharpen,99,5/7/2025,0.800,On,1128.8,118.75,-1.250,9.151,10.74,5.640,127.10,19.99,19.94,0,1,131.75,5/7/2025,Good,7.974,0.0018,2.990,0.00068,0.00,0.00,0.00,3.987,0.00091,1.994,0.00046,19.81,0.580,0.00,0.00,0.00,0.00,0.00,0.00,0.00,0.00,0.00,0.00,0.00,0.00,0.029
-93.77217580,42.01529671,A3,TaskName 5/7/2025 (GreenStar 4 Monitor),Zidua SC & Sharpen,100,5/7/2025,1.001,On,1128.8,120.00,-0.625,9.125,13.39,5.763,127.60,19.99,19.90,0,1,132.62,5/7/2025,Good,7.961,0.0023,2.985,0.00086,0.00,0.00,0.00,3.980,0.0011,1.990,0.00057,19.77,0.729,0.00,0.00,0.00,0.00,0.00,0.00,0.00,0.00,0.00,0.00,0.00,0.00,0.037
-93.77213666,42.01527419,A3,TaskName 5/7/2025 (GreenStar 4 Monitor),Zidua SC & Sharpen,101,5/7/2025,0.999,On,1128.8,120.00,-0.625,9.112,13.37,5.861,127.68,19.99,19.88,0,1,132.72,5/7/2025,Good,7.950,0.0023,2.981,0.00086,0.00,0.00,0.00,3.975,0.0011,1.988,0.00057,19.75,0.727,0.00,0.00,0.00,0.00,0.00,0.00,0.00,0.00,0.00,0.00,0.00,0.00,0.037
-93.77209787,42.01525134,A3,TaskName 5/7/2025 (GreenStar 4 Monitor),Zidua SC & Sharpen,102,5/7/2025,0.996,On,1128.8,120.00,-0.625,9.142,13.36,5.908,127.28,19.99,19.94,0,1,133.02,5/7/2025,Good,7.978,0.0023,2.992,0.00086,0.00,0.00,0.00,3.989,0.0011,1.994,0.00057,19.82,0.729,0.00,0.00,0.00,0.00,0.00,0.00,0.00,0.00,0.00,0.00,0.00,0.00,0.037
-93.77205855,42.01522885,A3,TaskName 5/7/2025 (GreenStar 4 Monitor),Zidua SC & Sharpen,103,5/7/2025,1.000,On,1128.8,120.00,-0.625,9.193,13.49,5.862,127.33,19.99,19.97,0,1,133.76,5/7/2025,Good,7.988,0.0023,2.996,0.00087,0.00,0.00,0.00,3.994,0.0012,1.997,0.00058,19.84,0.737,0.00,0.00,0.00,0.00,0.00,0.00,0.00,0.00,0.00,0.00,0.00,0.00,0.037
-93.77201914,42.01520604,A3,TaskName 5/7/2025 (GreenStar 4 Monitor),Zidua SC & Sharpen,104,5/7/2025,1.004,On,1128.7,120.00,-0.625,9.178,13.51,6.043,127.12,19.99,19.95,0,1,133.49,5/7/2025,Good,7.978,0.0023,2.992,0.00087,0.00,0.00,0.00,3.989,0.0012,1.995,0.00058,19.82,0.738,0.00,0.00,0.00,0.00,0.00,0.00,0.00,0.00,0.00,0.00,0.00,0.00,0.037
-93.77197972,42.01518369,A3,TaskName 5/7/2025 (GreenStar 4 Monitor),Zidua SC & Sharpen,105,5/7/2025,0.996,On,1128.8,120.00,-0.625,9.196,13.44,5.747,127.42,19.99,19.93,0,1,133.77,5/7/2025,Good,7.972,0.0023,2.990,0.00086,0.00,0.00,0.00,3.986,0.0012,1.993,0.00058,19.80,0.733,0.00,0.00,0.00,0.00,0.00,0.00,0.00,0.00,0.00,0.00,0.00,0.00,0.037
-93.77194049,42.01516134,A3,TaskName 5/7/2025 (GreenStar 4 Monitor),Zidua SC & Sharpen,106,5/7/2025,1.000,On,1128.6,120.00,-0.625,9.194,13.49,5.756,128.22,19.99,19.89,0,1,133.79,5/7/2025,Good,7.955,0.0023,2.983,0.00087,0.00,0.00,0.00,3.977,0.0012,1.989,0.00058,19.76,0.734,0.00,0.00,0.00,0.00,0.00,0.00,0.00,0.00,0.00,0.00,0.00,0.00,0.037
-93.77190134,42.01513824,A3,TaskName 5/7/2025 (GreenStar 4 Monitor),Zidua SC & Sharpen,107,5/7/2025,1.004,On,1128.5,120.00,-0.625,9.188,13.53,5.579,129.29,19.99,19.96,0,1,133.65,5/7/2025,Good,7.983,0.0023,2.994,0.00087,0.00,0.00,0.00,3.991,0.0012,1.996,0.00058,19.83,0.739,0.00,0.00,0.00,0.00,0.00,0.00,0.00,0.00,0.00,0.00,0.00,0.00,0.037
-93.77186308,42.01511511,A3,TaskName 5/7/2025 (GreenStar 4 Monitor),Zidua SC & Sharpen,108,5/7/2025,0.996,On,1128.4,120.00,-0.625,9.205,13.45,5.505,130.99,19.99,19.94,0,1,133.91,5/7/2025,Good,7.974,0.0023,2.990,0.00087,0.00,0.00,0.00,3.987,0.0012,1.994,0.00058,19.81,0.734,0.00,0.00,0.00,0.00,0.00,0.00,0.00,0.00,0.00,0.00,0.00,0.00,0.037
-93.77182534,42.01509120,A3,TaskName 5/7/2025 (GreenStar 4 Monitor),Zidua SC & Sharpen,109,5/7/2025,1.000,On,1128.0,120.00,-0.625,9.150,13.41,5.286,132.07,19.99,19.93,0,1,132.98,5/7/2025,Good,7.971,0.0023,2.989,0.00086,0.00,0.00,0.00,3.985,0.0012,1.993,0.00058,19.80,0.731,0.00,0.00,0.00,0.00,0.00,0.00,0.00,0.00,0.00,0.00,0.00,0.00,0.037
-93.77178867,42.01506623,A3,TaskName 5/7/2025 (GreenStar 4 Monitor),Zidua SC & Sharpen,110,5/7/2025,1.000,On,1128.0,118.75,-1.250,9.162,13.45,5.608,131.06,19.99,19.95,0,1,132.01,5/7/2025,Good,7.978,0.0023,2.992,0.00086,0.00,0.00,0.00,3.989,0.0011,1.995,0.00057,19.82,0.727,0.00,0.00,0.00,0.00,0.00,0.00,0.00,0.00,0.00,0.00,0.00,0.00,0.037
-93.77178127,42.01506121,A3,TaskName 5/7/2025 (GreenStar 4 Monitor),Zidua SC & Sharpen,111,5/7/2025,0.200,On,1127.9,118.75,-1.250,9.209,2.702,5.217,130.75,19.99,20.08,0,1,132.59,5/7/2025,Good,8.031,0.00046,3.012,0.00017,0.00,0.00,0.00,4.015,0.00023,2.008,0.00012,19.95,0.147,0.00,0.00,0.00,0.00,0.00,0.00,0.00,0.00,0.00,0.00,0.00,0.00,0.0074
-93.77174391,42.01503698,A3,TaskName 5/7/2025 (GreenStar 4 Monitor),Zidua SC & Sharpen,112,5/7/2025,1.004,On,1127.8,117.50,-1.875,9.200,13.55,4.933,129.53,19.99,19.97,0,1,131.05,5/7/2025,Good,7.987,0.0023,2.995,0.00086,0.00,0.00,0.00,3.994,0.0011,1.997,0.00057,19.84,0.725,0.00,0.00,0.00,0.00,0.00,0.00,0.00,0.00,0.00,0.00,0.00,0.00,0.037
-93.77170565,42.01501346,A3,TaskName 5/7/2025 (GreenStar 4 Monitor),Zidua SC & Sharpen,113,5/7/2025,0.996,On,1127.5,117.50,-1.875,9.195,13.42,4.817,129.13,19.99,20.01,0,1,130.83,5/7/2025,Good,8.004,0.0023,3.002,0.00085,0.00,0.00,0.00,4.002,0.0011,2.001,0.00057,19.88,0.720,0.00,0.00,0.00,0.00,0.00,0.00,0.00,0.00,0.00,0.00,0.00,0.00,0.036
-93.77166719,42.01499007,A3,TaskName 5/7/2025 (GreenStar 4 Monitor),Zidua SC & Sharpen,114,5/7/2025,1.000,On,1127.4,117.50,-1.875,9.147,13.43,5.449,129.09,19.99,19.94,0,1,130.43,5/7/2025,Good,7.976,0.0023,2.991,0.00085,0.00,0.00,0.00,3.988,0.0011,1.994,0.00056,19.81,0.718,0.00,0.00,0.00,0.00,0.00,0.00,0.00,0.00,0.00,0.00,0.00,0.00,0.036
-93.77162888,42.01496681,A3,TaskName 5/7/2025 (GreenStar 4 Monitor),Zidua SC & Sharpen,115,5/7/2025,1.004,On,1127.2,116.25,-2.500,9.197,13.55,4.992,129.34,19.99,19.96,0,1,129.63,5/7/2025,Good,7.985,0.0023,2.994,0.00085,0.00,0.00,0.00,3.993,0.0011,1.996,0.00056,19.83,0.717,0.00,0.00,0.00,0.00,0.00,0.00,0.00,0.00,0.00,0.00,0.00,0.00,0.036
-93.77159003,42.01494318,A3,TaskName 5/7/2025 (GreenStar 4 Monitor),Zidua SC & Sharpen,116,5/7/2025,1.000,On,1126.9,116.25,-2.500,9.241,13.56,4.970,129.57,19.99,19.94,0,1,130.27,5/7/2025,Good,7.978,0.0023,2.992,0.00085,0.00,0.00,0.00,3.989,0.0011,1.994,0.00056,19.81,0.717,0.00,0.00,0.00,0.00,0.00,0.00,0.00,0.00,0.00,0.00,0.00,0.00,0.036
-93.77155167,42.01491947,A3,TaskName 5/7/2025 (GreenStar 4 Monitor),Zidua SC & Sharpen,117,5/7/2025,0.996,On,1126.6,116.25,-2.500,9.222,13.47,5.216,129.24,19.99,19.96,0,1,129.97,5/7/2025,Good,7.984,0.0022,2.994,0.00084,0.00,0.00,0.00,3.992,0.0011,1.996,0.00056,19.83,0.713,0.00,0.00,0.00,0.00,0.00,0.00,0.00,0.00,0.00,0.00,0.00,0.00,0.036
-93.77151322,42.01489588,A3,TaskName 5/7/2025 (GreenStar 4 Monitor),Zidua SC & Sharpen,118,5/7/2025,1.000,On,1126.3,116.25,-2.500,9.285,13.62,4.807,128.30,19.99,19.94,0,1,130.81,5/7/2025,Good,7.976,0.0023,2.991,0.00085,0.00,0.00,0.00,3.988,0.0011,1.994,0.00057,19.81,0.720,0.00,0.00,0.00,0.00,0.00,0.00,0.00,0.00,0.00,0.00,0.00,0.00,0.036
-93.77147391,42.01487231,A3,TaskName 5/7/2025 (GreenStar 4 Monitor),Zidua SC & Sharpen,119,5/7/2025,0.999,On,1126.0,115.00,-3.125,9.293,13.62,4.312,127.69,19.99,19.89,0,1,129.56,5/7/2025,Good,7.957,0.0022,2.984,0.00084,0.00,0.00,0.00,3.978,0.0011,1.989,0.00056,19.76,0.711,0.00,0.00,0.00,0.00,0.00,0.00,0.00,0.00,0.00,0.00,0.00,0.00,0.036
-93.77143454,42.01484970,A3,TaskName 5/7/2025 (GreenStar 4 Monitor),Zidua SC & Sharpen,120,5/7/2025,1.000,On,1125.7,115.00,-3.125,9.235,13.55,4.470,128.40,19.99,19.93,0,1,128.75,5/7/2025,Good,7.972,0.0022,2.989,0.00084,0.00,0.00,0.00,3.986,0.0011,1.993,0.00056,19.80,0.708,0.00,0.00,0.00,0.00,0.00,0.00,0.00,0.00,0.00,0.00,0.00,0.00,0.036
-93.77139576,42.01482676,A3,TaskName 5/7/2025 (GreenStar 4 Monitor),Zidua SC & Sharpen,121,5/7/2025,1.000,On,1125.3,115.00,-3.125,9.197,13.49,4.946,128.70,19.99,20.02,0,1,128.19,5/7/2025,Good,8.006,0.0022,3.002,0.00084,0.00,0.00,0.00,4.003,0.0011,2.002,0.00056,19.88,0.708,0.00,0.00,0.00,0.00,0.00,0.00,0.00,0.00,0.00,0.00,0.00,0.00,0.036
-93.77135657,42.01480331,A3,TaskName 5/7/2025 (GreenStar 4 Monitor),Zidua SC & Sharpen,122,5/7/2025,1.001,On,1124.9,115.00,-3.125,9.255,13.59,3.758,128.95,19.99,19.92,0,1,129.02,5/7/2025,Good,7.967,0.0022,2.988,0.00084,0.00,0.00,0.00,3.983,0.0011,1.992,0.00056,19.79,0.710,0.00,0.00,0.00,0.00,0.00,0.00,0.00,0.00,0.00,0.00,0.00,0.00,0.036
-93.77131827,42.01477992,A3,TaskName 5/7/2025 (GreenStar 4 Monitor),Zidua SC & Sharpen,123,5/7/2025,1.000,On,1124.6,115.00,-3.125,9.241,13.56,4.530,129.31,19.99,19.92,0,1,128.84,5/7/2025,Good,7.966,0.0022,2.987,0.00084,0.00,0.00,0.00,3.983,0.0011,1.992,0.00056,19.79,0.708,0.00,0.00,0.00,0.00,0.00,0.00,0.00,0.00,0.00,0.00,0.00,0.00,0.036
-93.77127970,42.01475658,A3,TaskName 5/7/2025 (GreenStar 4 Monitor),Zidua SC & Sharpen,124,5/7/2025,1.000,On,1124.1,115.00,-3.125,9.200,13.50,4.684,130.32,19.99,20.03,0,1,128.28,5/7/2025,Good,8.012,0.0022,3.005,0.00084,0.00,0.00,0.00,4.006,0.0011,2.003,0.00056,19.90,0.709,0.00,0.00,0.00,0.00,0.00,0.00,0.00,0.00,0.00,0.00,0.00,0.00,0.036
-93.77124928,42.01473725,A3,TaskName 5/7/2025 (GreenStar 4 Monitor),Zidua SC & Sharpen,125,5/7/2025,0.800,On,1123.8,115.00,-3.125,9.236,10.82,4.133,130.78,19.99,19.95,0,1,128.60,5/7/2025,Good,7.978,0.0018,2.992,0.00067,0.00,0.00,0.00,3.989,0.00089,1.995,0.00045,19.82,0.566,0.00,0.00,0.00,0.00,0.00,0.00,0.00,0.00,0.00,0.00,0.00,0.00,0.029
-93.77121182,42.01471279,A3,TaskName 5/7/2025 (GreenStar 4 Monitor),Zidua SC & Sharpen,126,5/7/2025,1.000,On,1123.4,113.75,-3.750,9.232,13.55,3.712,131.04,19.99,19.88,0,1,127.41,5/7/2025,Good,7.954,0.0022,2.983,0.00082,0.00,0.00,0.00,3.977,0.0011,1.988,0.00055,19.76,0.699,0.00,0.00,0.00,0.00,0.00,0.00,0.00,0.00,0.00,0.00,0.00,0.00,0.035
-93.77117477,42.01468886,A3,TaskName 5/7/2025 (GreenStar 4 Monitor),Zidua SC & Sharpen,127,5/7/2025,1.000,On,1123.1,113.75,-3.750,9.147,13.42,4.647,131.45,19.99,19.98,0,1,126.15,5/7/2025,Good,7.993,0.0022,2.997,0.00082,0.00,0.00,0.00,3.997,0.0011,1.998,0.00055,19.85,0.696,0.00,0.00,0.00,0.00,0.00,0.00,0.00,0.00,0.00,0.00,0.00,0.00,0.035
-93.77113884,42.01466509,A3,TaskName 5/7/2025 (GreenStar 4 Monitor),Zidua SC & Sharpen,128,5/7/2025,0.995,On,1122.8,112.50,-4.375,9.026,13.18,4.172,131.65,19.99,20.11,0,1,123.12,5/7/2025,Good,8.044,0.0021,3.016,0.00080,0.00,0.00,0.00,4.022,0.0011,2.011,0.00053,19.98,0.680,0.00,0.00,0.00,0.00,0.00,0.00,0.00,0.00,0.00,0.00,0.00,0.00,0.034
-93.77112469,42.01465575,A3,TaskName 5/7/2025 (GreenStar 4 Monitor),Zidua SC & Sharpen,129,5/7/2025,0.405,On,1122.7,112.50,-4.375,8.843,5.253,3.771,131.67,19.99,20.00,0,1,120.60,5/7/2025,Good,8.001,0.00085,3.000,0.00032,0.00,0.00,0.00,4.000,0.00042,2.000,0.00021,19.87,0.270,0.00,0.00,0.00,0.00,0.00,0.00,0.00,0.00,0.00,0.00,0.00,0.00,0.014
-93.77109111,42.01463328,A3,TaskName 5/7/2025 (GreenStar 4 Monitor),Zidua SC & Sharpen,130,5/7/2025,1.000,On,1122.5,111.25,-5.000,8.584,12.59,5.013,132.03,19.99,20.04,0,1,115.74,5/7/2025,Good,8.017,0.0020,3.006,0.00076,0.00,0.00,0.00,4.008,0.0010,2.004,0.00050,19.91,0.640,0.00,0.00,0.00,0.00,0.00,0.00,0.00,0.00,0.00,0.00,0.00,0.00,0.032
-93.77106389,42.01461533,A3,TaskName 5/7/2025 (GreenStar 4 Monitor),Zidua SC & Sharpen,131,5/7/2025,0.800,On,1122.4,111.25,-5.000,8.396,9.850,4.976,132.62,19.99,20.12,0,1,113.21,5/7/2025,Good,8.047,0.0016,3.018,0.00059,0.00,0.00,0.00,4.023,0.00079,2.012,0.00040,19.99,0.503,0.00,0.00,0.00,0.00,0.00,0.00,0.00,0.00,0.00,0.00,0.00,0.00,0.025
-93.77103138,42.01459299,A3,TaskName 5/7/2025 (GreenStar 4 Monitor),Zidua SC & Sharpen,132,5/7/2025,1.000,On,1122.1,110.00,-5.625,8.338,12.23,3.764,132.11,19.99,20.01,0,1,111.19,5/7/2025,Good,8.004,0.0019,3.001,0.00072,0.00,0.00,0.00,4.002,0.00097,2.001,0.00048,19.88,0.614,0.00,0.00,0.00,0.00,0.00,0.00,0.00,0.00,0.00,0.00,0.00,0.00,0.031
-93.77102577,42.01458871,A3,TaskName 5/7/2025 (GreenStar 4 Monitor),Zidua SC & Sharpen,133,5/7/2025,0.204,On,1122.1,110.00,-5.625,8.154,2.440,3.144,131.64,19.99,19.93,0,1,108.72,5/7/2025,Good,7.971,0.00038,2.989,0.00014,0.00,0.00,0.00,3.985,0.00019,1.993,9.591e-05,19.80,0.122,0.00,0.00,0.00,0.00,0.00,0.00,0.00,0.00,0.00,0.00,0.00,0.00,0.0062
-93.77101967,42.01458437,A3,TaskName 5/7/2025 (GreenStar 4 Monitor),Zidua SC & Sharpen,134,5/7/2025,0.195,On,1122.2,107.50,-5.625,7.914,2.262,3.190,131.46,19.99,20.00,0,1,103.08,5/7/2025,Good,8.001,0.00035,3.000,0.00013,0.00,0.00,0.00,4.000,0.00017,2.000,8.725e-05,19.87,0.111,0.00,0.00,0.00,0.00,0.00,0.00,0.00,0.00,0.00,0.00,0.00,0.00,0.0056
-93.77101343,42.01458038,A3,TaskName 5/7/2025 (GreenStar 4 Monitor),Zidua SC & Sharpen,135,5/7/2025,0.201,On,1122.1,105.00,-4.375,7.809,2.302,3.817,131.41,19.99,20.25,0,1,99.38,5/7/2025,Good,8.099,0.00035,3.037,0.00013,0.00,0.00,0.00,4.050,0.00018,2.025,8.777e-05,20.12,0.112,0.00,0.00,0.00,0.00,0.00,0.00,0.00,0.00,0.00,0.00,0.00,0.00,0.0055
-93.77100753,42.01457647,A3,TaskName 5/7/2025 (GreenStar 4 Monitor),Zidua SC & Sharpen,136,5/7/2025,0.200,On,1122.0,102.50,-3.125,7.731,2.256,4.392,131.29,19.99,20.34,0,1,95.55,5/7/2025,Good,8.138,0.00034,3.052,0.00013,0.00,0.00,0.00,4.069,0.00017,2.034,8.437e-05,20.21,0.107,0.00,0.00,0.00,0.00,0.00,0.00,0.00,0.00,0.00,0.00,0.00,0.00,0.0053
-93.77100194,42.01457264,A3,TaskName 5/7/2025 (GreenStar 4 Monitor),Zidua SC & Sharpen,137,5/7/2025,0.200,On,1122.1,100.00,-1.875,7.588,2.236,4.524,131.09,19.99,20.25,0,1,92.40,5/7/2025,Good,8.099,0.00032,3.037,0.00012,0.00,0.00,0.00,4.050,0.00016,2.025,8.121e-05,20.12,0.103,0.00,0.00,0.00,0.00,0.00,0.00,0.00,0.00,0.00,0.00,0.00,0.00,0.0051
-93.77099629,42.01456883,A3,TaskName 5/7/2025 (GreenStar 4 Monitor),Zidua SC & Sharpen,138,5/7/2025,0.200,On,1122.1,98.75,-1.250,7.393,2.167,4.313,130.94,19.99,20.38,0,1,88.44,5/7/2025,Good,8.151,0.00031,3.056,0.00012,0.00,0.00,0.00,4.075,0.00016,2.038,7.821e-05,20.24,0.099,0.00,0.00,0.00,0.00,0.00,0.00,0.00,0.00,0.00,0.00,0.00,0.00,0.0049
-93.77099058,42.01456524,A3,TaskName 5/7/2025 (GreenStar 4 Monitor),Zidua SC & Sharpen,139,5/7/2025,0.200,On,1122.0,96.25,4.393e-06,7.250,2.128,3.791,131.11,19.99,20.38,0,1,84.63,5/7/2025,Good,8.151,0.00030,3.056,0.00011,0.00,0.00,0.00,4.075,0.00015,2.038,7.485e-05,20.24,0.095,0.00,0.00,0.00,0.00,0.00,0.00,0.00,0.00,0.00,0.00,0.00,0.00,0.0047
-93.77098502,42.01456179,A3,TaskName 5/7/2025 (GreenStar 4 Monitor),Zidua SC & Sharpen,140,5/7/2025,0.200,On,1122.0,93.75,1.250,7.125,2.089,4.200,131.20,19.99,20.45,0,1,80.91,5/7/2025,Good,8.181,0.00029,3.068,0.00011,0.00,0.00,0.00,4.090,0.00014,2.045,7.182e-05,20.32,0.091,0.00,0.00,0.00,0.00,0.00,0.00,0.00,0.00,0.00,0.00,0.00,0.00,0.0045
-93.77097982,42.01455824,A3,TaskName 5/7/2025 (GreenStar 4 Monitor),Zidua SC & Sharpen,141,5/7/2025,0.200,On,1122.0,91.25,2.500,6.973,2.046,4.762,131.09,19.99,20.48,0,1,77.14,5/7/2025,Good,8.193,0.00027,3.073,0.00010,0.00,0.00,0.00,4.097,0.00014,2.048,6.858e-05,20.35,0.087,0.00,0.00,0.00,0.00,0.00,0.00,0.00,0.00,0.00,0.00,0.00,0.00,0.0043
-93.77097464,42.01455476,A3,TaskName 5/7/2025 (GreenStar 4 Monitor),Zidua SC & Sharpen,142,5/7/2025,0.200,On,1122.0,90.00,3.125,6.811,1.997,4.815,131.02,19.99,20.57,0,1,74.26,5/7/2025,Good,8.228,0.00027,3.085,9.944e-05,0.00,0.00,0.00,4.114,0.00013,2.057,6.629e-05,20.44,0.084,0.00,0.00,0.00,0.00,0.00,0.00,0.00,0.00,0.00,0.00,0.00,0.00,0.0041
-93.77096930,42.01455132,A3,TaskName 5/7/2025 (GreenStar 4 Monitor),Zidua SC & Sharpen,143,5/7/2025,0.200,On,1122.0,86.25,3.750,6.671,1.957,4.352,131.05,19.99,20.53,0,1,69.76,5/7/2025,Good,8.210,0.00025,3.079,9.322e-05,0.00,0.00,0.00,4.105,0.00012,2.053,6.215e-05,20.39,0.079,0.00,0.00,0.00,0.00,0.00,0.00,0.00,0.00,0.00,0.00,0.00,0.00,0.0039
-93.77096384,42.01454788,A3,TaskName 5/7/2025 (GreenStar 4 Monitor),Zidua SC & Sharpen,144,5/7/2025,0.199,On,1122.0,83.75,5.000,6.601,1.928,3.850,131.12,19.99,20.57,0,1,67.05,5/7/2025,Good,8.228,0.00024,3.085,8.934e-05,0.00,0.00,0.00,4.114,0.00012,2.057,5.956e-05,20.44,0.076,0.00,0.00,0.00,0.00,0.00,0.00,0.00,0.00,0.00,0.00,0.00,0.00,0.0037
-93.77095845,42.01454438,A3,TaskName 5/7/2025 (GreenStar 4 Monitor),Zidua SC & Sharpen,145,5/7/2025,0.205,On,1122.0,81.25,6.250,6.603,1.984,3.639,131.14,19.99,20.72,0,1,64.97,5/7/2025,Good,8.287,0.00024,3.108,8.983e-05,0.00,0.00,0.00,4.144,0.00012,2.072,5.989e-05,20.58,0.076,0.00,0.00,0.00,0.00,0.00,0.00,0.00,0.00,0.00,0.00,0.00,0.00,0.0037
-93.77095334,42.01454105,A3,TaskName 5/7/2025 (GreenStar 4 Monitor),Zidua SC & Sharpen,146,5/7/2025,0.195,On,1121.9,80.00,6.875,6.608,1.888,3.738,130.99,19.99,20.64,0,1,64.03,5/7/2025,Good,8.258,0.00022,3.097,8.390e-05,0.00,0.00,0.00,4.129,0.00011,2.064,5.593e-05,20.51,0.071,0.00,0.00,0.00,0.00,0.00,0.00,0.00,0.00,0.00,0.00,0.00,0.00,0.0035
-93.77094833,42.01453762,A3,TaskName 5/7/2025 (GreenStar 4 Monitor),Zidua SC & Sharpen,147,5/7/2025,0.196,On,1121.9,77.50,8.125,6.514,1.872,3.454,130.79,19.99,20.73,0,1,61.17,5/7/2025,Good,8.292,0.00022,3.109,8.091e-05,0.00,0.00,0.00,4.146,0.00011,2.073,5.394e-05,20.59,0.069,0.00,0.00,0.00,0.00,0.00,0.00,0.00,0.00,0.00,0.00,0.00,0.00,0.0033
-93.77094315,42.01453427,A3,TaskName 5/7/2025 (GreenStar 4 Monitor),Zidua SC & Sharpen,148,5/7/2025,0.209,On,1121.9,75.00,9.375,6.431,1.970,3.315,130.68,19.99,20.41,0,1,58.44,5/7/2025,Good,8.163,0.00022,3.061,8.114e-05,0.00,0.00,0.00,4.082,0.00011,2.041,5.409e-05,20.28,0.069,0.00,0.00,0.00,0.00,0.00,0.00,0.00,0.00,0.00,0.00,0.00,0.00,0.0034
-93.77093779,42.01453094,A3,TaskName 5/7/2025 (GreenStar 4 Monitor),Zidua SC & Sharpen,149,5/7/2025,0.196,On,1121.9,73.75,10.000,6.389,1.836,3.811,130.64,19.99,20.46,0,1,57.09,5/7/2025,Good,8.185,0.00020,3.069,7.454e-05,0.00,0.00,0.00,4.092,9.938e-05,2.046,4.969e-05,20.33,0.063,0.00,0.00,0.00,0.00,0.00,0.00,0.00,0.00,0.00,0.00,0.00,0.00,0.0031
-93.77093278,42.01452756,A3,TaskName 5/7/2025 (GreenStar 4 Monitor),Zidua SC & Sharpen,150,5/7/2025,0.200,On,1121.8,71.25,11.25,6.409,1.879,4.352,130.47,19.99,20.69,0,1,55.31,5/7/2025,Good,8.275,0.00020,3.103,7.449e-05,0.00,0.00,0.00,4.137,9.932e-05,2.069,4.966e-05,20.55,0.063,0.00,0.00,0.00,0.00,0.00,0.00,0.00,0.00,0.00,0.00,0.00,0.00,0.0031
-93.77092798,42.01452427,A3,TaskName 5/7/2025 (GreenStar 4 Monitor),Zidua SC & Sharpen,151,5/7/2025,0.200,On,1121.7,68.75,11.25,6.369,1.869,4.808,130.23,19.99,20.47,0,1,53.09,5/7/2025,Good,8.189,0.00019,3.071,7.076e-05,0.00,0.00,0.00,4.095,9.435e-05,2.047,4.717e-05,20.34,0.060,0.00,0.00,0.00,0.00,0.00,0.00,0.00,0.00,0.00,0.00,0.00,0.00,0.0029
-93.77092290,42.01452103,A3,TaskName 5/7/2025 (GreenStar 4 Monitor),Zidua SC & Sharpen,152,5/7/2025,0.200,On,1121.7,66.25,12.50,6.263,1.836,4.491,129.95,19.99,20.74,0,1,50.26,5/7/2025,Good,8.296,0.00018,3.111,6.786e-05,0.00,0.00,0.00,4.148,9.049e-05,2.074,4.524e-05,20.61,0.058,0.00,0.00,0.00,0.00,0.00,0.00,0.00,0.00,0.00,0.00,0.00,0.00,0.0028
-93.77091791,42.01451776,A3,TaskName 5/7/2025 (GreenStar 4 Monitor),Zidua SC & Sharpen,153,5/7/2025,0.204,On,1121.6,65.00,13.12,6.219,1.859,3.494,129.75,19.99,20.48,0,1,48.95,5/7/2025,Good,8.193,0.00018,3.073,6.658e-05,0.00,0.00,0.00,4.097,8.878e-05,2.048,4.439e-05,20.35,0.056,0.00,0.00,0.00,0.00,0.00,0.00,0.00,0.00,0.00,0.00,0.00,0.00,0.0028
-93.77091289,42.01451463,A3,TaskName 5/7/2025 (GreenStar 4 Monitor),Zidua SC & Sharpen,154,5/7/2025,0.196,On,1121.7,62.50,14.37,6.192,1.770,2.688,129.28,19.99,20.41,0,1,46.65,5/7/2025,Good,8.163,0.00016,3.061,6.075e-05,0.00,0.00,0.00,4.082,8.100e-05,2.041,4.050e-05,20.28,0.052,0.00,0.00,0.00,0.00,0.00,0.00,0.00,0.00,0.00,0.00,0.00,0.00,0.0025
-93.77090791,42.01451154,A3,TaskName 5/7/2025 (GreenStar 4 Monitor),Zidua SC & Sharpen,155,5/7/2025,0.200,On,1121.6,58.75,15.00,6.176,1.820,2.965,128.59,19.99,20.55,0,1,44.17,5/7/2025,Good,8.219,0.00016,3.082,5.909e-05,0.00,0.00,0.00,4.110,7.879e-05,2.055,3.939e-05,20.41,0.050,0.00,0.00,0.00,0.00,0.00,0.00,0.00,0.00,0.00,0.00,0.00,0.00,0.0025
-93.77090356,42.01450864,A3,TaskName 5/7/2025 (GreenStar 4 Monitor),Zidua SC & Sharpen,156,5/7/2025,0.199,On,1121.5,56.25,15.00,6.136,1.790,3.580,127.95,19.99,20.61,0,1,41.82,5/7/2025,Good,8.245,0.00015,3.092,5.583e-05,0.00,0.00,0.00,4.122,7.444e-05,2.061,3.722e-05,20.48,0.047,0.00,0.00,0.00,0.00,0.00,0.00,0.00,0.00,0.00,0.00,0.00,0.00,0.0023
-93.77089917,42.01450579,A3,TaskName 5/7/2025 (GreenStar 4 Monitor),Zidua SC & Sharpen,157,5/7/2025,0.205,On,1121.5,53.75,15.00,5.926,1.780,3.375,127.19,19.99,20.63,0,1,38.57,5/7/2025,Good,8.253,0.00014,3.095,5.311e-05,0.00,0.00,0.00,4.127,7.082e-05,2.063,3.541e-05,20.50,0.045,0.00,0.00,0.00,0.00,0.00,0.00,0.00,0.00,0.00,0.00,0.00,0.00,0.0022
-93.77089459,42.01450302,A3,TaskName 5/7/2025 (GreenStar 4 Monitor),Zidua SC & Sharpen,158,5/7/2025,0.195,On,1121.5,50.00,15.62,5.738,1.639,3.144,126.58,19.99,20.50,0,1,34.73,5/7/2025,Good,8.202,0.00012,3.076,4.521e-05,0.00,0.00,0.00,4.101,6.028e-05,2.050,3.014e-05,20.37,0.038,0.00,0.00,0.00,0.00,0.00,0.00,0.00,0.00,0.00,0.00,0.00,0.00,0.0019
-93.77089009,42.01450015,A3,TaskName 5/7/2025 (GreenStar 4 Monitor),Zidua SC & Sharpen,159,5/7/2025,0.201,On,1121.5,47.50,15.62,5.626,1.659,3.210,125.78,19.99,20.61,0,1,32.40,5/7/2025,Good,8.245,0.00012,3.092,4.369e-05,0.00,0.00,0.00,4.122,5.825e-05,2.061,2.913e-05,20.48,0.037,0.00,0.00,0.00,0.00,0.00,0.00,0.00,0.00,0.00,0.00,0.00,0.00,0.0018
-93.77088559,42.01449714,A3,TaskName 5/7/2025 (GreenStar 4 Monitor),Zidua SC & Sharpen,160,5/7/2025,0.199,On,1121.5,43.75,16.25,5.559,1.623,3.348,124.71,19.99,20.59,0,1,29.48,5/7/2025,Good,8.236,0.00010,3.089,3.932e-05,0.00,0.00,0.00,4.118,5.243e-05,2.059,2.622e-05,20.46,0.033,0.00,0.00,0.00,0.00,0.00,0.00,0.00,0.00,0.00,0.00,0.00,0.00,0.0016
-93.77088139,42.01449428,A3,TaskName 5/7/2025 (GreenStar 4 Monitor),Zidua SC & Sharpen,161,5/7/2025,0.201,On,1121.5,37.50,15.62,5.561,1.639,3.494,123.71,19.99,20.94,0,1,25.27,5/7/2025,Good,8.377,9.235e-05,3.141,3.463e-05,0.00,0.00,0.00,4.189,4.617e-05,2.094,2.309e-05,20.81,0.029,0.00,0.00,0.00,0.00,0.00,0.00,0.00,0.00,0.00,0.00,0.00,0.00,0.0014
-93.77087705,42.01449169,A3,TaskName 5/7/2025 (GreenStar 4 Monitor),Zidua SC & Sharpen,162,5/7/2025,0.199,On,1121.5,30.00,15.62,5.476,1.596,3.408,122.93,19.99,20.96,0,1,19.89,5/7/2025,Good,8.386,7.203e-05,3.145,2.701e-05,0.00,0.00,0.00,4.193,3.602e-05,2.096,1.801e-05,20.83,0.023,0.00,0.00,0.00,0.00,0.00,0.00,0.00,0.00,0.00,0.00,0.00,0.00,0.0011
-93.77087263,42.01448927,A3,TaskName 5/7/2025 (GreenStar 4 Monitor),Zidua SC & Sharpen,163,5/7/2025,0.200,On,1121.4,13.75,15.00,5.369,1.573,3.104,122.16,19.99,20.91,0,1,8.940,5/7/2025,Good,8.364,3.246e-05,3.137,1.217e-05,0.00,0.00,0.00,4.182,1.623e-05,2.091,8.114e-06,20.78,0.010,0.00,0.00,0.00,0.00,0.00,0.00,0.00,0.00,0.00,0.00,0.00,0.00,0.00050
-93.77105040,42.01443749,A3,TaskName 5/7/2025 (GreenStar 4 Monitor),Zidua SC & Sharpen,164,5/7/2025,0.205,On,1122.0,1.250,-28.75,2.528,0.757,3.844,35.33,19.99,36.95,0,2,0.381,5/7/2025,Over Target,14.78,2.507e-06,5.542,9.400e-07,0.00,0.00,0.00,7.389,1.253e-06,3.695,6.267e-07,36.71,0.00080,0.00,0.00,0.00,0.00,0.00,0.00,0.00,0.00,0.00,0.00,0.00,0.00,2.171e-05
-93.77104372,42.01444181,A3,TaskName 5/7/2025 (GreenStar 4 Monitor),Zidua SC & Sharpen,165,5/7/2025,0.594,On,1122.1,2.500,-28.75,2.649,2.309,5.224,30.93,19.99,60.55,0,2,0.803,5/7/2025,Over Target,24.22,2.508e-05,9.083,9.403e-06,0.00,0.00,0.00,12.11,1.254e-05,6.055,6.269e-06,60.16,0.0080,0.00,0.00,0.00,0.00,0.00,0.00,0.00,0.00,0.00,0.00,0.00,0.00,0.00013
-93.77102855,42.01445655,A3,TaskName 5/7/2025 (GreenStar 4 Monitor),Zidua SC & Sharpen,166,5/7/2025,0.399,On,1122.1,1.250,-31.25,3.653,2.136,5.278,22.50,19.99,45.61,0,3,0.553,5/7/2025,Over Target,18.24,8.738e-06,6.841,3.277e-06,0.00,0.00,0.00,9.121,4.369e-06,4.561,2.184e-06,45.31,0.0028,0.00,0.00,0.00,0.00,0.00,0.00,0.00,0.00,0.00,0.00,0.00,0.00,6.131e-05
-93.77101969,42.01446972,A3,TaskName 5/7/2025 (GreenStar 4 Monitor),Zidua SC & Sharpen,167,5/7/2025,0.196,On,1122.2,1.250,-45.00,4.557,1.309,4.676,17.37,19.99,41.31,0,4,0.690,5/7/2025,Over Target,16.52,4.851e-06,6.196,1.819e-06,0.00,0.00,0.00,8.262,2.425e-06,4.131,1.213e-06,41.04,0.0015,0.00,0.00,0.00,0.00,0.00,0.00,0.00,0.00,0.00,0.00,0.00,0.00,3.758e-05
-93.77101557,42.01447674,A3,TaskName 5/7/2025 (GreenStar 4 Monitor),Zidua SC & Sharpen,168,5/7/2025,0.200,On,1122.2,1.250,-46.25,4.740,1.382,4.643,14.20,19.99,57.01,0,5,0.714,5/7/2025,Over Target,22.81,7.064e-06,8.552,2.649e-06,0.00,0.00,0.00,11.40,3.532e-06,5.701,1.766e-06,56.64,0.0022,0.00,0.00,0.00,0.00,0.00,0.00,0.00,0.00,0.00,0.00,0.00,0.00,3.965e-05
-93.77108860,42.01471247,A3,TaskName 5/7/2025 (GreenStar 4 Monitor),Zidua SC & Sharpen,169,5/7/2025,0.200,On,1124.0,2.500,56.87,2.235,0.650,9.807,0.823,19.99,22.94,0,6,0.671,5/7/2025,Good,9.177,2.673e-06,3.441,1.002e-06,0.00,0.00,0.00,4.588,1.337e-06,2.294,6.683e-07,22.79,0.00085,0.00,0.00,0.00,0.00,0.00,0.00,0.00,0.00,0.00,0.00,0.00,0.00,3.728e-05
-93.77108849,42.01471659,A3,TaskName 5/7/2025 (GreenStar 4 Monitor),Zidua SC & Sharpen,170,5/7/2025,0.200,On,1124.0,3.750,56.25,2.939,0.866,7.905,0.800,19.99,21.23,0,6,1.342,5/7/2025,Good,8.493,4.948e-06,3.185,1.855e-06,0.00,0.00,0.00,4.246,2.474e-06,2.123,1.237e-06,21.09,0.0016,0.00,0.00,0.00,0.00,0.00,0.00,0.00,0.00,0.00,0.00,0.00,0.00,7.457e-05
-93.77108841,42.01472096,A3,TaskName 5/7/2025 (GreenStar 4 Monitor),Zidua SC & Sharpen,171,5/7/2025,0.200,On,1124.0,7.500,54.37,3.648,1.070,7.469,0.690,19.99,20.25,0,6,3.315,5/7/2025,Good,8.099,1.165e-05,3.037,4.370e-06,0.00,0.00,0.00,4.050,5.826e-06,2.025,2.913e-06,20.12,0.0037,0.00,0.00,0.00,0.00,0.00,0.00,0.00,0.00,0.00,0.00,0.00,0.00,0.00018
-93.77108820,42.01472547,A3,TaskName 5/7/2025 (GreenStar 4 Monitor),Zidua SC & Sharpen,172,5/7/2025,0.199,On,1124.1,10.00,53.12,4.281,1.247,6.690,0.517,19.99,20.00,0,6,5.178,5/7/2025,Good,8.001,1.789e-05,3.000,6.709e-06,0.00,0.00,0.00,4.000,8.945e-06,2.000,4.473e-06,19.87,0.0057,0.00,0.00,0.00,0.00,0.00,0.00,0.00,0.00,0.00,0.00,0.00,0.00,0.00029
-93.77108793,42.01473024,A3,TaskName 5/7/2025 (GreenStar 4 Monitor),Zidua SC & Sharpen,173,5/7/2025,0.196,On,1124.1,12.50,51.87,4.789,1.375,5.700,0.290,19.99,19.43,0,6,7.246,5/7/2025,Good,7.770,2.395e-05,2.914,8.980e-06,0.00,0.00,0.00,3.885,1.197e-05,1.943,5.987e-06,19.30,0.0076,0.00,0.00,0.00,0.00,0.00,0.00,0.00,0.00,0.00,0.00,0.00,0.00,0.00039
-93.77108752,42.01473497,A3,TaskName 5/7/2025 (GreenStar 4 Monitor),Zidua SC & Sharpen,174,5/7/2025,0.204,On,1124.1,15.00,50.62,5.219,1.558,5.059,359.95,19.99,19.47,0,6,9.470,5/7/2025,Good,7.787,3.265e-05,2.920,1.224e-05,0.00,0.00,0.00,3.894,1.632e-05,1.947,8.162e-06,19.34,0.010,0.00,0.00,0.00,0.00,0.00,0.00,0.00,0.00,0.00,0.00,0.00,0.00,0.00054
-93.77108724,42.01473969,A3,TaskName 5/7/2025 (GreenStar 4 Monitor),Zidua SC & Sharpen,175,5/7/2025,0.201,On,1124.2,16.25,50.00,5.496,1.617,5.508,359.76,19.99,19.38,0,6,10.81,5/7/2025,Good,7.753,3.655e-05,2.907,1.371e-05,0.00,0.00,0.00,3.876,1.827e-05,1.938,9.137e-06,19.26,0.012,0.00,0.00,0.00,0.00,0.00,0.00,0.00,0.00,0.00,0.00,0.00,0.00,0.00060
-93.77108725,42.01474941,A3,TaskName 5/7/2025 (GreenStar 4 Monitor),Zidua SC & Sharpen,176,5/7/2025,0.400,On,1124.2,20.00,48.12,5.733,3.350,6.542,359.76,19.99,19.55,0,6,13.84,5/7/2025,Good,7.820,9.396e-05,2.933,3.524e-05,0.00,0.00,0.00,3.910,4.698e-05,1.955,2.349e-05,19.42,0.030,0.00,0.00,0.00,0.00,0.00,0.00,0.00,0.00,0.00,0.00,0.00,0.00,0.0015
-93.77108721,42.01475971,A3,TaskName 5/7/2025 (GreenStar 4 Monitor),Zidua SC & Sharpen,177,5/7/2025,0.400,On,1124.3,21.25,47.50,5.952,3.497,7.878,359.66,19.99,19.66,0,6,15.36,5/7/2025,Good,7.865,0.00010,2.949,3.931e-05,0.00,0.00,0.00,3.932,5.242e-05,1.966,2.621e-05,19.53,0.033,0.00,0.00,0.00,0.00,0.00,0.00,0.00,0.00,0.00,0.00,0.00,0.00,0.0017
-93.77108725,42.01476522,A3,TaskName 5/7/2025 (GreenStar 4 Monitor),Zidua SC & Sharpen,178,5/7/2025,0.200,On,1124.4,23.75,46.25,6.169,1.808,7.034,359.68,19.99,19.66,0,6,17.74,5/7/2025,Good,7.864,6.056e-05,2.949,2.271e-05,0.00,0.00,0.00,3.932,3.028e-05,1.966,1.514e-05,19.53,0.019,0.00,0.00,0.00,0.00,0.00,0.00,0.00,0.00,0.00,0.00,0.00,0.00,0.00099
-93.77108733,42.01477079,A3,TaskName 5/7/2025 (GreenStar 4 Monitor),Zidua SC & Sharpen,179,5/7/2025,0.199,On,1124.4,25.00,45.62,6.404,1.867,7.185,359.77,19.99,19.59,0,6,19.38,5/7/2025,Good,7.834,6.558e-05,2.938,2.459e-05,0.00,0.00,0.00,3.917,3.279e-05,1.959,1.639e-05,19.46,0.021,0.00,0.00,0.00,0.00,0.00,0.00,0.00,0.00,0.00,0.00,0.00,0.00,0.0011
-93.77108750,42.01477641,A3,TaskName 5/7/2025 (GreenStar 4 Monitor),Zidua SC & Sharpen,180,5/7/2025,0.201,On,1124.4,27.50,44.37,6.610,1.939,6.862,359.84,19.99,19.77,0,6,21.92,5/7/2025,Good,7.907,7.562e-05,2.965,2.836e-05,0.00,0.00,0.00,3.953,3.781e-05,1.977,1.890e-05,19.64,0.024,0.00,0.00,0.00,0.00,0.00,0.00,0.00,0.00,0.00,0.00,0.00,0.00,0.0012
-93.77108757,42.01478208,A3,TaskName 5/7/2025 (GreenStar 4 Monitor),Zidua SC & Sharpen,181,5/7/2025,0.200,On,1124.5,32.50,41.87,6.762,1.992,6.327,359.87,19.99,19.76,0,6,26.75,5/7/2025,Good,7.903,9.174e-05,2.963,3.440e-05,0.00,0.00,0.00,3.951,4.587e-05,1.976,2.293e-05,19.63,0.029,0.00,0.00,0.00,0.00,0.00,0.00,0.00,0.00,0.00,0.00,0.00,0.00,0.0015
-93.77108744,42.01478777,A3,TaskName 5/7/2025 (GreenStar 4 Monitor),Zidua SC & Sharpen,182,5/7/2025,0.199,On,1124.5,35.00,40.62,6.879,2.005,6.413,359.77,19.99,19.86,0,6,29.14,5/7/2025,Good,7.945,9.998e-05,2.979,3.749e-05,0.00,0.00,0.00,3.973,4.999e-05,1.986,2.500e-05,19.73,0.032,0.00,0.00,0.00,0.00,0.00,0.00,0.00,0.00,0.00,0.00,0.00,0.00,0.0016
-93.77108737,42.01479943,A3,TaskName 5/7/2025 (GreenStar 4 Monitor),Zidua SC & Sharpen,183,5/7/2025,0.401,On,1124.6,37.50,39.37,6.990,4.098,6.614,359.71,19.99,19.70,0,6,31.67,5/7/2025,Good,7.879,0.00022,2.955,8.143e-05,0.00,0.00,0.00,3.940,0.00011,1.970,5.429e-05,19.57,0.069,0.00,0.00,0.00,0.00,0.00,0.00,0.00,0.00,0.00,0.00,0.00,0.00,0.0035
-93.77108741,42.01480529,A3,TaskName 5/7/2025 (GreenStar 4 Monitor),Zidua SC & Sharpen,184,5/7/2025,0.200,On,1124.6,40.00,38.12,7.127,2.090,7.093,359.66,19.99,19.98,0,6,34.54,5/7/2025,Good,7.992,0.00012,2.997,4.494e-05,0.00,0.00,0.00,3.996,5.992e-05,1.998,2.996e-05,19.85,0.038,0.00,0.00,0.00,0.00,0.00,0.00,0.00,0.00,0.00,0.00,0.00,0.00,0.0019
-93.77108733,42.01481119,A3,TaskName 5/7/2025 (GreenStar 4 Monitor),Zidua SC & Sharpen,185,5/7/2025,0.195,On,1124.6,42.50,36.87,7.198,2.057,7.047,359.58,19.99,20.09,0,6,37.05,5/7/2025,Good,8.035,0.00013,3.013,4.725e-05,0.00,0.00,0.00,4.018,6.300e-05,2.009,3.150e-05,19.96,0.040,0.00,0.00,0.00,0.00,0.00,0.00,0.00,0.00,0.00,0.00,0.00,0.00,0.0020
-93.77108719,42.01481728,A3,TaskName 5/7/2025 (GreenStar 4 Monitor),Zidua SC & Sharpen,186,5/7/2025,0.200,On,1124.7,45.00,35.62,7.252,2.136,6.261,359.42,19.99,19.76,0,6,39.72,5/7/2025,Good,7.903,0.00014,2.963,5.108e-05,0.00,0.00,0.00,3.951,6.811e-05,1.976,3.406e-05,19.63,0.043,0.00,0.00,0.00,0.00,0.00,0.00,0.00,0.00,0.00,0.00,0.00,0.00,0.0022
-93.77108711,42.01482346,A3,TaskName 5/7/2025 (GreenStar 4 Monitor),Zidua SC & Sharpen,187,5/7/2025,0.200,On,1124.7,47.50,34.37,7.344,2.142,6.234,359.31,19.99,19.68,0,6,42.05,5/7/2025,Good,7.873,0.00014,2.952,5.388e-05,0.00,0.00,0.00,3.936,7.184e-05,1.968,3.592e-05,19.55,0.046,0.00,0.00,0.00,0.00,0.00,0.00,0.00,0.00,0.00,0.00,0.00,0.00,0.0023
-93.77108728,42.01482953,A3,TaskName 5/7/2025 (GreenStar 4 Monitor),Zidua SC & Sharpen,188,5/7/2025,0.204,On,1124.8,50.00,33.12,7.460,2.241,6.835,359.42,19.99,19.86,0,6,45.39,5/7/2025,Good,7.945,0.00016,2.979,5.987e-05,0.00,0.00,0.00,3.973,7.983e-05,1.986,3.992e-05,19.73,0.051,0.00,0.00,0.00,0.00,0.00,0.00,0.00,0.00,0.00,0.00,0.00,0.00,0.0026
-93.77108744,42.01483564,A3,TaskName 5/7/2025 (GreenStar 4 Monitor),Zidua SC & Sharpen,189,5/7/2025,0.196,On,1124.9,53.75,31.25,7.509,2.156,6.591,359.56,19.99,19.84,0,6,48.85,5/7/2025,Good,7.937,0.00016,2.976,6.185e-05,0.00,0.00,0.00,3.968,8.246e-05,1.984,4.123e-05,19.71,0.052,0.00,0.00,0.00,0.00,0.00,0.00,0.00,0.00,0.00,0.00,0.00,0.00,0.0027
-93.77108776,42.01484180,A3,TaskName 5/7/2025 (GreenStar 4 Monitor),Zidua SC & Sharpen,190,5/7/2025,0.205,On,1124.9,55.00,30.62,7.543,2.267,6.466,359.75,19.99,19.96,0,6,50.27,5/7/2025,Good,7.984,0.00018,2.994,6.695e-05,0.00,0.00,0.00,3.992,8.927e-05,1.996,4.464e-05,19.83,0.057,0.00,0.00,0.00,0.00,0.00,0.00,0.00,0.00,0.00,0.00,0.00,0.00,0.0029
-93.77108772,42.01484800,A3,TaskName 5/7/2025 (GreenStar 4 Monitor),Zidua SC & Sharpen,191,5/7/2025,0.199,On,1124.9,58.75,28.75,7.583,2.211,6.234,359.80,19.99,19.95,0,6,53.95,5/7/2025,Good,7.980,0.00019,2.992,6.972e-05,0.00,0.00,0.00,3.990,9.296e-05,1.995,4.648e-05,19.82,0.059,0.00,0.00,0.00,0.00,0.00,0.00,0.00,0.00,0.00,0.00,0.00,0.00,0.0030
-93.77108765,42.01485419,A3,TaskName 5/7/2025 (GreenStar 4 Monitor),Zidua SC & Sharpen,192,5/7/2025,0.201,On,1125.0,61.25,27.50,7.632,2.247,6.452,359.88,19.99,19.62,0,6,56.60,5/7/2025,Good,7.847,0.00019,2.943,7.265e-05,0.00,0.00,0.00,3.923,9.686e-05,1.962,4.843e-05,19.49,0.062,0.00,0.00,0.00,0.00,0.00,0.00,0.00,0.00,0.00,0.00,0.00,0.00,0.0032
-93.77108788,42.01486051,A3,TaskName 5/7/2025 (GreenStar 4 Monitor),Zidua SC & Sharpen,193,5/7/2025,0.200,On,1125.0,63.75,26.25,7.662,2.234,6.472,0.102,19.99,19.70,0,6,58.86,5/7/2025,Good,7.881,0.00020,2.955,7.550e-05,0.00,0.00,0.00,3.941,0.00010,1.970,5.033e-05,19.57,0.064,0.00,0.00,0.00,0.00,0.00,0.00,0.00,0.00,0.00,0.00,0.00,0.00,0.0033
-93.77108790,42.01486667,A3,TaskName 5/7/2025 (GreenStar 4 Monitor),Zidua SC & Sharpen,194,5/7/2025,0.195,On,1125.0,66.25,25.00,7.724,2.218,6.915,0.290,19.99,19.92,0,6,62.27,5/7/2025,Good,7.967,0.00021,2.988,7.873e-05,0.00,0.00,0.00,3.983,0.00010,1.992,5.249e-05,19.79,0.067,0.00,0.00,0.00,0.00,0.00,0.00,0.00,0.00,0.00,0.00,0.00,0.00,0.0034
-93.77108797,42.01487292,A3,TaskName 5/7/2025 (GreenStar 4 Monitor),Zidua SC & Sharpen,195,5/7/2025,0.204,On,1125.0,68.75,23.75,7.715,2.309,6.670,0.369,19.99,19.75,0,6,64.31,5/7/2025,Good,7.898,0.00022,2.962,8.433e-05,0.00,0.00,0.00,3.949,0.00011,1.975,5.622e-05,19.62,0.071,0.00,0.00,0.00,0.00,0.00,0.00,0.00,0.00,0.00,0.00,0.00,0.00,0.0036
-93.77108807,42.01487930,A3,TaskName 5/7/2025 (GreenStar 4 Monitor),Zidua SC & Sharpen,196,5/7/2025,0.201,On,1125.1,71.25,22.50,7.724,2.279,6.327,0.455,19.99,19.70,0,6,66.78,5/7/2025,Good,7.881,0.00023,2.955,8.609e-05,0.00,0.00,0.00,3.941,0.00011,1.970,5.739e-05,19.57,0.073,0.00,0.00,0.00,0.00,0.00,0.00,0.00,0.00,0.00,0.00,0.00,0.00,0.0037
-93.77108807,42.01488576,A3,TaskName 5/7/2025 (GreenStar 4 Monitor),Zidua SC & Sharpen,197,5/7/2025,0.199,On,1125.1,75.00,20.62,7.796,2.276,6.228,0.439,19.99,19.70,0,6,70.90,5/7/2025,Good,7.881,0.00024,2.955,9.049e-05,0.00,0.00,0.00,3.941,0.00012,1.970,6.033e-05,19.57,0.077,0.00,0.00,0.00,0.00,0.00,0.00,0.00,0.00,0.00,0.00,0.00,0.00,0.0039
-93.77108789,42.01489223,A3,TaskName 5/7/2025 (GreenStar 4 Monitor),Zidua SC & Sharpen,198,5/7/2025,0.196,On,1125.1,77.50,19.37,7.881,2.266,6.287,0.313,19.99,19.75,0,6,74.06,5/7/2025,Good,7.898,0.00025,2.962,9.330e-05,0.00,0.00,0.00,3.949,0.00012,1.975,6.220e-05,19.62,0.079,0.00,0.00,0.00,0.00,0.00,0.00,0.00,0.00,0.00,0.00,0.00,0.00,0.0040
-93.77108764,42.01489873,A3,TaskName 5/7/2025 (GreenStar 4 Monitor),Zidua SC & Sharpen,199,5/7/2025,0.199,On,1125.1,80.00,18.12,7.941,2.319,5.917,0.133,19.99,19.60,0,6,77.04,5/7/2025,Good,7.838,0.00026,2.939,9.780e-05,0.00,0.00,0.00,3.919,0.00013,1.960,6.520e-05,19.47,0.083,0.00,0.00,0.00,0.00,0.00,0.00,0.00,0.00,0.00,0.00,0.00,0.00,0.0043
-93.77108744,42.01490541,A3,TaskName 5/7/2025 (GreenStar 4 Monitor),Zidua SC & Sharpen,200,5/7/2025,0.206,On,1125.2,83.75,16.25,7.997,2.407,6.241,359.96,19.99,19.49,0,6,80.89,5/7/2025,Good,7.796,0.00028,2.923,0.00011,0.00,0.00,0.00,3.898,0.00014,1.949,7.047e-05,19.36,0.090,0.00,0.00,0.00,0.00,0.00,0.00,0.00,0.00,0.00,0.00,0.00,0.00,0.0046
-93.77108720,42.01491202,A3,TaskName 5/7/2025 (GreenStar 4 Monitor),Zidua SC & Sharpen,201,5/7/2025,0.199,On,1125.2,86.25,15.00,8.102,2.378,6.393,359.80,19.99,19.66,0,6,85.18,5/7/2025,Good,7.864,0.00029,2.949,0.00011,0.00,0.00,0.00,3.932,0.00014,1.966,7.232e-05,19.53,0.092,0.00,0.00,0.00,0.00,0.00,0.00,0.00,0.00,0.00,0.00,0.00,0.00,0.0047
-93.77108729,42.01491864,A3,TaskName 5/7/2025 (GreenStar 4 Monitor),Zidua SC & Sharpen,202,5/7/2025,0.201,On,1125.2,90.00,13.12,8.165,2.407,6.611,359.70,19.99,19.59,0,6,89.09,5/7/2025,Good,7.834,0.00030,2.938,0.00011,0.00,0.00,0.00,3.917,0.00015,1.959,7.611e-05,19.46,0.097,0.00,0.00,0.00,0.00,0.00,0.00,0.00,0.00,0.00,0.00,0.00,0.00,0.0050
-93.77108707,42.01492524,A3,TaskName 5/7/2025 (GreenStar 4 Monitor),Zidua SC & Sharpen,203,5/7/2025,0.200,On,1125.2,92.50,11.87,8.194,2.391,6.935,359.51,19.99,19.76,0,6,91.39,5/7/2025,Good,7.903,0.00031,2.963,0.00012,0.00,0.00,0.00,3.951,0.00016,1.976,7.837e-05,19.63,0.100,0.00,0.00,0.00,0.00,0.00,0.00,0.00,0.00,0.00,0.00,0.00,0.00,0.0051
-93.77108697,42.01493180,A3,TaskName 5/7/2025 (GreenStar 4 Monitor),Zidua SC & Sharpen,204,5/7/2025,0.195,On,1125.2,95.00,10.62,8.201,2.358,6.789,359.30,19.99,19.65,0,6,94.95,5/7/2025,Good,7.860,0.00032,2.947,0.00012,0.00,0.00,0.00,3.930,0.00016,1.965,7.895e-05,19.52,0.100,0.00,0.00,0.00,0.00,0.00,0.00,0.00,0.00,0.00,0.00,0.00,0.00,0.0051
-93.77108692,42.01493843,A3,TaskName 5/7/2025 (GreenStar 4 Monitor),Zidua SC & Sharpen,205,5/7/2025,0.205,On,1125.3,97.50,9.375,8.185,2.450,6.822,359.22,19.99,19.53,0,6,96.30,5/7/2025,Good,7.813,0.00033,2.930,0.00013,0.00,0.00,0.00,3.906,0.00017,1.953,8.368e-05,19.40,0.106,0.00,0.00,0.00,0.00,0.00,0.00,0.00,0.00,0.00,0.00,0.00,0.00,0.0055
-93.77108700,42.01494530,A3,TaskName 5/7/2025 (GreenStar 4 Monitor),Zidua SC & Sharpen,206,5/7/2025,0.195,On,1125.3,101.25,7.500,8.196,2.358,6.618,359.26,19.99,19.61,0,6,101.20,5/7/2025,Good,7.843,0.00034,2.941,0.00013,0.00,0.00,0.00,3.921,0.00017,1.961,8.396e-05,19.48,0.107,0.00,0.00,0.00,0.00,0.00,0.00,0.00,0.00,0.00,0.00,0.00,0.00,0.0055
-93.77108709,42.01495192,A3,TaskName 5/7/2025 (GreenStar 4 Monitor),Zidua SC & Sharpen,207,5/7/2025,0.205,On,1125.2,103.75,6.250,8.281,2.480,6.888,359.36,19.99,19.75,0,6,103.71,5/7/2025,Good,7.898,0.00036,2.962,0.00014,0.00,0.00,0.00,3.949,0.00018,1.975,9.111e-05,19.62,0.116,0.00,0.00,0.00,0.00,0.00,0.00,0.00,0.00,0.00,0.00,0.00,0.00,0.0059
-93.77108706,42.01495860,A3,TaskName 5/7/2025 (GreenStar 4 Monitor),Zidua SC & Sharpen,208,5/7/2025,0.195,On,1125.3,106.25,5.000,8.279,2.381,6.294,359.39,19.99,19.63,0,6,107.23,5/7/2025,Good,7.851,0.00036,2.944,0.00013,0.00,0.00,0.00,3.926,0.00018,1.963,8.906e-05,19.50,0.113,0.00,0.00,0.00,0.00,0.00,0.00,0.00,0.00,0.00,0.00,0.00,0.00,0.0058
-93.77108726,42.01496551,A3,TaskName 5/7/2025 (GreenStar 4 Monitor),Zidua SC & Sharpen,209,5/7/2025,0.200,On,1125.3,110.00,3.125,8.281,2.430,5.851,359.48,19.99,19.54,0,6,110.47,5/7/2025,Good,7.817,0.00037,2.931,0.00014,0.00,0.00,0.00,3.909,0.00019,1.954,9.370e-05,19.42,0.119,0.00,0.00,0.00,0.00,0.00,0.00,0.00,0.00,0.00,0.00,0.00,0.00,0.0061
-93.77108740,42.01497235,A3,TaskName 5/7/2025 (GreenStar 4 Monitor),Zidua SC & Sharpen,210,5/7/2025,0.204,On,1125.3,112.50,1.875,8.371,2.506,5.402,359.61,19.99,19.59,0,6,114.21,5/7/2025,Good,7.834,0.00040,2.938,0.00015,0.00,0.00,0.00,3.917,0.00020,1.959,9.902e-05,19.46,0.126,0.00,0.00,0.00,0.00,0.00,0.00,0.00,0.00,0.00,0.00,0.00,0.00,0.0065
-93.77108756,42.01497913,A3,TaskName 5/7/2025 (GreenStar 4 Monitor),Zidua SC & Sharpen,211,5/7/2025,0.196,On,1125.3,115.00,0.625,8.433,2.424,5.316,359.71,19.99,19.50,0,6,117.53,5/7/2025,Good,7.800,0.00039,2.925,0.00015,0.00,0.00,0.00,3.900,0.00019,1.950,9.748e-05,19.37,0.124,0.00,0.00,0.00,0.00,0.00,0.00,0.00,0.00,0.00,0.00,0.00,0.00,0.0064
-93.77108785,42.01501354,A3,TaskName 5/7/2025 (GreenStar 4 Monitor),Zidua SC & Sharpen,212,5/7/2025,1.005,On,1125.3,118.75,-1.250,8.491,12.52,5.501,0.290,19.99,19.66,0,6,122.29,5/7/2025,Good,7.862,0.0021,2.948,0.00079,0.00,0.00,0.00,3.931,0.0010,1.966,0.00052,19.53,0.667,0.00,0.00,0.00,0.00,0.00,0.00,0.00,0.00,0.00,0.00,0.00,0.00,0.034
-93.77108750,42.01504940,A3,TaskName 5/7/2025 (GreenStar 4 Monitor),Zidua SC & Sharpen,213,5/7/2025,0.999,On,1125.4,118.75,-1.250,8.664,12.70,9.797,359.98,19.99,19.75,0,6,124.73,5/7/2025,Good,7.901,0.0021,2.963,0.00080,0.00,0.00,0.00,3.951,0.0011,1.975,0.00053,19.62,0.679,0.00,0.00,0.00,0.00,0.00,0.00,0.00,0.00,0.00,0.00,0.00,0.00,0.035
-93.77108723,42.01509093,A3,TaskName 5/7/2025 (GreenStar 4 Monitor),Zidua SC & Sharpen,214,5/7/2025,1.000,On,1125.4,118.75,-1.250,9.634,14.11,8.116,359.58,19.99,19.78,0,6,138.48,5/7/2025,Good,7.911,0.0024,2.967,0.00089,0.00,0.00,0.00,3.955,0.0012,1.978,0.00059,19.65,0.756,0.00,0.00,0.00,0.00,0.00,0.00,0.00,0.00,0.00,0.00,0.00,0.00,0.038
-93.77108740,42.01513344,A3,TaskName 5/7/2025 (GreenStar 4 Monitor),Zidua SC & Sharpen,215,5/7/2025,0.996,On,1125.3,118.75,-1.250,10.52,15.38,4.809,359.48,19.99,19.55,0,6,151.52,5/7/2025,Good,7.819,0.0026,2.932,0.00096,0.00,0.00,0.00,3.909,0.0013,1.955,0.00064,19.42,0.814,0.00,0.00,0.00,0.00,0.00,0.00,0.00,0.00,0.00,0.00,0.00,0.00,0.042
-93.77108810,42.01517494,A3,TaskName 5/7/2025 (GreenStar 4 Monitor),Zidua SC & Sharpen,216,5/7/2025,1.000,On,1125.4,118.75,-1.250,10.41,15.28,5.945,0.329,19.99,19.71,0,6,149.95,5/7/2025,Good,7.886,0.0026,2.957,0.00096,0.00,0.00,0.00,3.943,0.0013,1.971,0.00064,19.59,0.816,0.00,0.00,0.00,0.00,0.00,0.00,0.00,0.00,0.00,0.00,0.00,0.00,0.042
-93.77108785,42.01521626,A3,TaskName 5/7/2025 (GreenStar 4 Monitor),Zidua SC & Sharpen,217,5/7/2025,1.004,On,1125.4,118.75,-1.250,10.25,15.10,6.724,0.533,19.99,19.99,0,6,147.62,5/7/2025,Good,7.996,0.0026,2.998,0.00096,0.00,0.00,0.00,3.998,0.0013,1.999,0.00064,19.86,0.818,0.00,0.00,0.00,0.00,0.00,0.00,0.00,0.00,0.00,0.00,0.00,0.00,0.041
-93.77108757,42.01522459,A3,TaskName 5/7/2025 (GreenStar 4 Monitor),Zidua SC & Sharpen,218,5/7/2025,0.196,On,1125.4,118.75,-1.250,10.27,2.955,6.545,0.306,19.99,20.00,0,6,147.98,5/7/2025,Good,8.001,0.00050,3.000,0.00019,0.00,0.00,0.00,4.000,0.00025,2.000,0.00013,19.87,0.160,0.00,0.00,0.00,0.00,0.00,0.00,0.00,0.00,0.00,0.00,0.00,0.00,0.0081
-93.77108687,42.01526649,A3,TaskName 5/7/2025 (GreenStar 4 Monitor),Zidua SC & Sharpen,219,5/7/2025,1.004,On,1125.4,117.50,-1.875,10.35,15.25,6.486,359.30,19.99,19.97,0,6,147.46,5/7/2025,Good,7.988,0.0026,2.995,0.00096,0.00,0.00,0.00,3.994,0.0013,1.997,0.00064,19.84,0.816,0.00,0.00,0.00,0.00,0.00,0.00,0.00,0.00,0.00,0.00,0.00,0.00,0.041
-93.77108758,42.01530837,A3,TaskName 5/7/2025 (GreenStar 4 Monitor),Zidua SC & Sharpen,220,5/7/2025,1.001,On,1125.5,117.50,-1.875,10.43,15.31,6.680,359.68,19.99,19.88,0,6,148.57,5/7/2025,Good,7.952,0.0026,2.982,0.00096,0.00,0.00,0.00,3.976,0.0013,1.988,0.00064,19.75,0.816,0.00,0.00,0.00,0.00,0.00,0.00,0.00,0.00,0.00,0.00,0.00,0.00,0.041
-93.77108832,42.01535012,A3,TaskName 5/7/2025 (GreenStar 4 Monitor),Zidua SC & Sharpen,221,5/7/2025,0.995,On,1125.6,117.50,-1.875,10.36,15.11,7.263,0.737,19.99,19.87,0,6,147.48,5/7/2025,Good,7.950,0.0025,2.981,0.00095,0.00,0.00,0.00,3.975,0.0013,1.987,0.00063,19.74,0.805,0.00,0.00,0.00,0.00,0.00,0.00,0.00,0.00,0.00,0.00,0.00,0.00,0.041
-93.77108758,42.01539204,A3,TaskName 5/7/2025 (GreenStar 4 Monitor),Zidua SC & Sharpen,222,5/7/2025,1.000,On,1125.7,117.50,-1.875,10.41,15.28,7.220,0.102,19.99,20.02,0,6,148.40,5/7/2025,Good,8.006,0.0026,3.002,0.00097,0.00,0.00,0.00,4.003,0.0013,2.002,0.00064,19.89,0.820,0.00,0.00,0.00,0.00,0.00,0.00,0.00,0.00,0.00,0.00,0.00,0.00,0.041
-93.77108713,42.01543411,A3,TaskName 5/7/2025 (GreenStar 4 Monitor),Zidua SC & Sharpen,223,5/7/2025,1.000,On,1125.8,117.50,-1.875,10.46,15.35,6.810,359.38,19.99,19.94,0,6,149.04,5/7/2025,Good,7.977,0.0026,2.991,0.00097,0.00,0.00,0.00,3.988,0.0013,1.994,0.00064,19.81,0.820,0.00,0.00,0.00,0.00,0.00,0.00,0.00,0.00,0.00,0.00,0.00,0.00,0.041
-93.77108790,42.01547623,A3,TaskName 5/7/2025 (GreenStar 4 Monitor),Zidua SC & Sharpen,224,5/7/2025,0.999,On,1125.8,117.50,-1.875,10.46,15.32,6.998,0.031,19.99,19.89,0,6,148.96,5/7/2025,Good,7.956,0.0026,2.983,0.00096,0.00,0.00,0.00,3.978,0.0013,1.989,0.00064,19.76,0.817,0.00,0.00,0.00,0.00,0.00,0.00,0.00,0.00,0.00,0.00,0.00,0.00,0.041
-93.77108812,42.01551864,A3,TaskName 5/7/2025 (GreenStar 4 Monitor),Zidua SC & Sharpen,225,5/7/2025,1.001,On,1125.7,117.50,-1.875,10.50,15.42,6.155,0.353,19.99,19.90,0,6,149.59,5/7/2025,Good,7.960,0.0026,2.985,0.00097,0.00,0.00,0.00,3.980,0.0013,1.990,0.00065,19.77,0.822,0.00,0.00,0.00,0.00,0.00,0.00,0.00,0.00,0.00,0.00,0.00,0.00,0.042
-93.77108769,42.01556112,A3,TaskName 5/7/2025 (GreenStar 4 Monitor),Zidua SC & Sharpen,226,5/7/2025,1.000,On,1125.5,117.50,-1.875,10.54,15.46,5.584,359.84,19.99,19.74,0,6,150.15,5/7/2025,Good,7.895,0.0026,2.961,0.00096,0.00,0.00,0.00,3.947,0.0013,1.974,0.00064,19.61,0.818,0.00,0.00,0.00,0.00,0.00,0.00,0.00,0.00,0.00,0.00,0.00,0.00,0.042
-93.77108786,42.01560345,A3,TaskName 5/7/2025 (GreenStar 4 Monitor),Zidua SC & Sharpen,227,5/7/2025,1.000,On,1125.3,117.50,-1.875,10.53,15.44,5.947,359.96,19.99,19.84,0,6,149.90,5/7/2025,Good,7.936,0.0026,2.976,0.00097,0.00,0.00,0.00,3.968,0.0013,1.984,0.00065,19.71,0.821,0.00,0.00,0.00,0.00,0.00,0.00,0.00,0.00,0.00,0.00,0.00,0.00,0.042
-93.77108824,42.01564587,A3,TaskName 5/7/2025 (GreenStar 4 Monitor),Zidua SC & Sharpen,228,5/7/2025,0.999,On,1125.1,117.50,-1.875,10.54,15.46,5.796,0.494,19.99,19.81,0,6,150.24,5/7/2025,Good,7.925,0.0026,2.972,0.00097,0.00,0.00,0.00,3.962,0.0013,1.981,0.00065,19.68,0.821,0.00,0.00,0.00,0.00,0.00,0.00,0.00,0.00,0.00,0.00,0.00,0.00,0.042
-93.77108751,42.01568778,A3,TaskName 5/7/2025 (GreenStar 4 Monitor),Zidua SC & Sharpen,229,5/7/2025,0.995,On,1124.9,117.50,-1.875,10.47,15.29,6.321,359.84,19.99,19.84,0,6,149.21,5/7/2025,Good,7.937,0.0026,2.976,0.00096,0.00,0.00,0.00,3.968,0.0013,1.984,0.00064,19.71,0.813,0.00,0.00,0.00,0.00,0.00,0.00,0.00,0.00,0.00,0.00,0.00,0.00,0.041
-93.77108746,42.01573000,A3,TaskName 5/7/2025 (GreenStar 4 Monitor),Zidua SC & Sharpen,230,5/7/2025,1.006,On,1124.8,117.50,-1.875,10.42,15.37,6.217,359.52,19.99,19.99,0,6,148.37,5/7/2025,Good,7.996,0.0026,2.999,0.00097,0.00,0.00,0.00,3.998,0.0013,1.999,0.00065,19.86,0.823,0.00,0.00,0.00,0.00,0.00,0.00,0.00,0.00,0.00,0.00,0.00,0.00,0.041
-93.77108830,42.01577216,A3,TaskName 5/7/2025 (GreenStar 4 Monitor),Zidua SC & Sharpen,231,5/7/2025,1.000,On,1124.8,117.50,-1.875,10.53,15.45,5.825,0.478,19.99,19.86,0,6,149.99,5/7/2025,Good,7.943,0.0026,2.979,0.00097,0.00,0.00,0.00,3.971,0.0013,1.986,0.00065,19.73,0.822,0.00,0.00,0.00,0.00,0.00,0.00,0.00,0.00,0.00,0.00,0.00,0.00,0.042
-93.77108800,42.01581407,A3,TaskName 5/7/2025 (GreenStar 4 Monitor),Zidua SC & Sharpen,232,5/7/2025,1.000,On,1124.8,117.50,-1.875,10.44,15.31,6.785,0.627,19.99,19.97,0,6,148.65,5/7/2025,Good,7.986,0.0026,2.995,0.00097,0.00,0.00,0.00,3.993,0.0013,1.997,0.00064,19.84,0.819,0.00,0.00,0.00,0.00,0.00,0.00,0.00,0.00,0.00,0.00,0.00,0.00,0.041
-93.77108732,42.01585603,A3,TaskName 5/7/2025 (GreenStar 4 Monitor),Zidua SC & Sharpen,233,5/7/2025,1.000,On,1124.7,117.50,-1.875,10.40,15.28,7.244,359.69,19.99,20.09,0,6,148.40,5/7/2025,Good,8.034,0.0026,3.013,0.00097,0.00,0.00,0.00,4.017,0.0013,2.009,0.00065,19.96,0.823,0.00,0.00,0.00,0.00,0.00,0.00,0.00,0.00,0.00,0.00,0.00,0.00,0.041
-93.77108733,42.01589827,A3,TaskName 5/7/2025 (GreenStar 4 Monitor),Zidua SC & Sharpen,234,5/7/2025,1.000,On,1124.7,117.50,-1.875,10.48,15.37,6.380,359.56,19.99,20.09,0,6,149.29,5/7/2025,Good,8.036,0.0026,3.013,0.00098,0.00,0.00,0.00,4.018,0.0013,2.009,0.00065,19.96,0.828,0.00,0.00,0.00,0.00,0.00,0.00,0.00,0.00,0.00,0.00,0.00,0.00,0.041
-93.77108812,42.01594037,A3,TaskName 5/7/2025 (GreenStar 4 Monitor),Zidua SC & Sharpen,235,5/7/2025,0.999,On,1124.8,117.50,-1.875,10.49,15.37,6.223,0.321,19.99,19.82,0,6,149.41,5/7/2025,Good,7.928,0.0026,2.973,0.00096,0.00,0.00,0.00,3.964,0.0013,1.982,0.00064,19.69,0.816,0.00,0.00,0.00,0.00,0.00,0.00,0.00,0.00,0.00,0.00,0.00,0.00,0.041
-93.77108802,42.01598222,A3,TaskName 5/7/2025 (GreenStar 4 Monitor),Zidua SC & Sharpen,236,5/7/2025,1.001,On,1124.8,117.50,-1.875,10.40,15.26,7.081,0.227,19.99,19.98,0,6,148.00,5/7/2025,Good,7.993,0.0026,2.998,0.00096,0.00,0.00,0.00,3.997,0.0013,1.998,0.00064,19.85,0.817,0.00,0.00,0.00,0.00,0.00,0.00,0.00,0.00,0.00,0.00,0.00,0.00,0.041
-93.77108779,42.01602412,A3,TaskName 5/7/2025 (GreenStar 4 Monitor),Zidua SC & Sharpen,237,5/7/2025,0.994,On,1125.0,117.50,-1.875,10.43,15.22,6.626,359.71,19.99,20.07,0,6,148.65,5/7/2025,Good,8.028,0.0026,3.011,0.00097,0.00,0.00,0.00,4.014,0.0013,2.007,0.00064,19.94,0.818,0.00,0.00,0.00,0.00,0.00,0.00,0.00,0.00,0.00,0.00,0.00,0.00,0.041
-93.77108823,42.01606616,A3,TaskName 5/7/2025 (GreenStar 4 Monitor),Zidua SC & Sharpen,238,5/7/2025,1.001,On,1125.0,117.50,-1.875,10.44,15.33,6.339,0.157,19.99,19.85,0,6,148.76,5/7/2025,Good,7.939,0.0026,2.977,0.00096,0.00,0.00,0.00,3.970,0.0013,1.985,0.00064,19.72,0.816,0.00,0.00,0.00,0.00,0.00,0.00,0.00,0.00,0.00,0.00,0.00,0.00,0.041
-93.77108840,42.01610835,A3,TaskName 5/7/2025 (GreenStar 4 Monitor),Zidua SC & Sharpen,239,5/7/2025,1.005,On,1125.1,117.50,-1.875,10.49,15.46,6.218,0.596,19.99,19.81,0,6,149.40,5/7/2025,Good,7.924,0.0026,2.971,0.00097,0.00,0.00,0.00,3.962,0.0013,1.981,0.00065,19.68,0.821,0.00,0.00,0.00,0.00,0.00,0.00,0.00,0.00,0.00,0.00,0.00,0.00,0.042
-93.77108778,42.01615013,A3,TaskName 5/7/2025 (GreenStar 4 Monitor),Zidua SC & Sharpen,240,5/7/2025,0.999,On,1125.3,117.50,-1.875,10.41,15.24,7.115,0.188,19.99,19.99,0,6,148.15,5/7/2025,Good,7.996,0.0026,2.998,0.00096,0.00,0.00,0.00,3.998,0.0013,1.999,0.00064,19.86,0.816,0.00,0.00,0.00,0.00,0.00,0.00,0.00,0.00,0.00,0.00,0.00,0.00,0.041
-93.77108746,42.01616680,A3,TaskName 5/7/2025 (GreenStar 4 Monitor),Zidua SC & Sharpen,241,5/7/2025,0.400,On,1125.3,117.50,-1.875,10.37,6.080,7.450,359.94,19.99,20.04,0,6,147.60,5/7/2025,Good,8.016,0.0010,3.006,0.00039,0.00,0.00,0.00,4.008,0.00051,2.004,0.00026,19.91,0.327,0.00,0.00,0.00,0.00,0.00,0.00,0.00,0.00,0.00,0.00,0.00,0.00,0.016
-93.77108742,42.01620916,A3,TaskName 5/7/2025 (GreenStar 4 Monitor),Zidua SC & Sharpen,242,5/7/2025,0.995,On,1125.5,116.25,-2.500,10.44,15.23,6.649,359.86,19.99,20.07,0,6,147.04,5/7/2025,Good,8.030,0.0025,3.011,0.00096,0.00,0.00,0.00,4.015,0.0013,2.007,0.00064,19.94,0.811,0.00,0.00,0.00,0.00,0.00,0.00,0.00,0.00,0.00,0.00,0.00,0.00,0.041
-93.77108742,42.01625098,A3,TaskName 5/7/2025 (GreenStar 4 Monitor),Zidua SC & Sharpen,243,5/7/2025,1.005,On,1125.6,116.25,-2.500,10.48,15.45,6.906,359.71,19.99,19.80,0,6,147.67,5/7/2025,Good,7.919,0.0026,2.970,0.00096,0.00,0.00,0.00,3.960,0.0013,1.980,0.00064,19.67,0.811,0.00,0.00,0.00,0.00,0.00,0.00,0.00,0.00,0.00,0.00,0.00,0.00,0.041
-93.77108751,42.01629313,A3,TaskName 5/7/2025 (GreenStar 4 Monitor),Zidua SC & Sharpen,244,5/7/2025,1.000,On,1125.8,116.25,-2.500,10.43,15.29,7.101,359.72,19.99,19.89,0,6,146.87,5/7/2025,Good,7.957,0.0025,2.984,0.00095,0.00,0.00,0.00,3.979,0.0013,1.989,0.00063,19.76,0.806,0.00,0.00,0.00,0.00,0.00,0.00,0.00,0.00,0.00,0.00,0.00,0.00,0.041
-93.77108809,42.01633516,A3,TaskName 5/7/2025 (GreenStar 4 Monitor),Zidua SC & Sharpen,245,5/7/2025,0.996,On,1125.9,116.25,-2.500,10.46,15.27,7.013,0.290,19.99,19.91,0,6,147.30,5/7/2025,Good,7.964,0.0025,2.987,0.00095,0.00,0.00,0.00,3.982,0.0013,1.991,0.00063,19.78,0.806,0.00,0.00,0.00,0.00,0.00,0.00,0.00,0.00,0.00,0.00,0.00,0.00,0.041
-93.77108805,42.01637687,A3,TaskName 5/7/2025 (GreenStar 4 Monitor),Zidua SC & Sharpen,246,5/7/2025,0.999,On,1126.1,116.25,-2.500,10.39,15.22,7.169,0.486,19.99,20.00,0,6,146.35,5/7/2025,Good,8.001,0.0025,3.000,0.00095,0.00,0.00,0.00,4.001,0.0013,2.000,0.00063,19.87,0.807,0.00,0.00,0.00,0.00,0.00,0.00,0.00,0.00,0.00,0.00,0.00,0.00,0.041
-93.77108730,42.01641870,A3,TaskName 5/7/2025 (GreenStar 4 Monitor),Zidua SC & Sharpen,247,5/7/2025,1.006,On,1126.4,116.25,-2.500,10.39,15.31,7.452,359.45,19.99,19.94,0,6,146.24,5/7/2025,Good,7.977,0.0025,2.991,0.00096,0.00,0.00,0.00,3.989,0.0013,1.994,0.00064,19.81,0.810,0.00,0.00,0.00,0.00,0.00,0.00,0.00,0.00,0.00,0.00,0.00,0.00,0.041
-93.77108755,42.01646077,A3,TaskName 5/7/2025 (GreenStar 4 Monitor),Zidua SC & Sharpen,248,5/7/2025,1.000,On,1126.6,116.25,-2.500,10.42,15.26,6.931,359.38,19.99,20.04,0,6,146.58,5/7/2025,Good,8.015,0.0025,3.005,0.00096,0.00,0.00,0.00,4.007,0.0013,2.004,0.00064,19.91,0.811,0.00,0.00,0.00,0.00,0.00,0.00,0.00,0.00,0.00,0.00,0.00,0.00,0.041
-93.77108856,42.01650201,A3,TaskName 5/7/2025 (GreenStar 4 Monitor),Zidua SC & Sharpen,249,5/7/2025,0.995,On,1126.8,116.25,-2.500,10.39,15.18,5.664,0.800,19.99,19.89,0,6,146.56,5/7/2025,Good,7.955,0.0025,2.983,0.00094,0.00,0.00,0.00,3.977,0.0013,1.989,0.00063,19.76,0.800,0.00,0.00,0.00,0.00,0.00,0.00,0.00,0.00,0.00,0.00,0.00,0.00,0.041
-93.77108790,42.01654260,A3,TaskName 5/7/2025 (GreenStar 4 Monitor),Zidua SC & Sharpen,250,5/7/2025,1.004,On,1127.0,116.25,-2.500,10.16,14.95,6.410,0.509,19.99,20.08,0,6,143.02,5/7/2025,Good,8.033,0.0025,3.012,0.00094,0.00,0.00,0.00,4.017,0.0013,2.008,0.00063,19.95,0.796,0.00,0.00,0.00,0.00,0.00,0.00,0.00,0.00,0.00,0.00,0.00,0.00,0.040
-93.77108710,42.01658307,A3,TaskName 5/7/2025 (GreenStar 4 Monitor),Zidua SC & Sharpen,251,5/7/2025,1.001,On,1127.2,116.25,-2.500,10.05,14.74,6.627,359.15,19.99,20.17,0,6,141.46,5/7/2025,Good,8.067,0.0025,3.025,0.00093,0.00,0.00,0.00,4.033,0.0012,2.017,0.00062,20.04,0.788,0.00,0.00,0.00,0.00,0.00,0.00,0.00,0.00,0.00,0.00,0.00,0.00,0.039
-93.77108788,42.01662264,A3,TaskName 5/7/2025 (GreenStar 4 Monitor),Zidua SC & Sharpen,252,5/7/2025,0.994,On,1127.3,116.25,-2.500,10.03,14.64,3.779,359.98,19.99,20.04,0,6,141.51,5/7/2025,Good,8.016,0.0024,3.006,0.00092,0.00,0.00,0.00,4.008,0.0012,2.004,0.00061,19.91,0.778,0.00,0.00,0.00,0.00,0.00,0.00,0.00,0.00,0.00,0.00,0.00,0.00,0.039
-93.77108823,42.01665773,A3,TaskName 5/7/2025 (GreenStar 4 Monitor),Zidua SC & Sharpen,253,5/7/2025,1.005,On,1127.4,116.25,-2.500,9.316,13.71,2.944,0.776,19.99,20.12,0,6,131.02,5/7/2025,Good,8.048,0.0023,3.018,0.00086,0.00,0.00,0.00,4.024,0.0011,2.012,0.00057,19.99,0.731,0.00,0.00,0.00,0.00,0.00,0.00,0.00,0.00,0.00,0.00,0.00,0.00,0.037
-93.77108747,42.01668988,A3,TaskName 5/7/2025 (GreenStar 4 Monitor),Zidua SC & Sharpen,254,5/7/2025,0.996,On,1127.4,116.25,-2.500,8.339,12.16,4.680,359.94,19.99,20.42,0,6,117.27,5/7/2025,Good,8.166,0.0021,3.062,0.00078,0.00,0.00,0.00,4.083,0.0010,2.042,0.00052,20.28,0.658,0.00,0.00,0.00,0.00,0.00,0.00,0.00,0.00,0.00,0.00,0.00,0.00,0.032
-93.77085966,42.01668104,A3,TaskName 5/7/2025 (GreenStar 4 Monitor),Zidua SC & Sharpen,255,5/7/2025,0.195,On,1127.2,5.000,40.62,2.255,0.644,3.487,266.69,19.99,26.94,0,7,1.364,5/7/2025,Over Target,10.78,6.219e-06,4.041,2.332e-06,0.00,0.00,0.00,5.388,3.110e-06,2.694,1.555e-06,26.77,0.0020,0.00,0.00,0.00,0.00,0.00,0.00,0.00,0.00,0.00,0.00,0.00,0.00,7.388e-05
-93.77086423,42.01668062,A3,TaskName 5/7/2025 (GreenStar 4 Monitor),Zidua SC & Sharpen,256,5/7/2025,0.205,On,1127.1,35.00,30.62,3.302,0.991,3.322,266.62,19.99,29.11,0,7,13.99,5/7/2025,Over Target,11.64,7.246e-05,4.367,2.717e-05,0.00,0.00,0.00,5.822,3.623e-05,2.911,1.812e-05,28.92,0.023,0.00,0.00,0.00,0.00,0.00,0.00,0.00,0.00,0.00,0.00,0.00,0.00,0.00080
-93.77086874,42.01668062,A3,TaskName 5/7/2025 (GreenStar 4 Monitor),Zidua SC & Sharpen,257,5/7/2025,0.200,On,1127.1,43.75,27.50,3.501,1.021,3.593,266.34,19.99,25.63,0,7,18.46,5/7/2025,Over Target,10.25,8.211e-05,3.844,3.079e-05,0.00,0.00,0.00,5.125,4.105e-05,2.563,2.053e-05,25.46,0.026,0.00,0.00,0.00,0.00,0.00,0.00,0.00,0.00,0.00,0.00,0.00,0.00,0.0010
-93.77088181,42.01668047,A3,TaskName 5/7/2025 (GreenStar 4 Monitor),Zidua SC & Sharpen,258,5/7/2025,0.600,On,1127.2,42.50,28.12,3.990,3.512,4.573,265.56,19.99,22.14,0,7,20.56,5/7/2025,Good,8.855,0.00024,3.321,8.889e-05,0.00,0.00,0.00,4.427,0.00012,2.214,5.926e-05,21.99,0.075,0.00,0.00,0.00,0.00,0.00,0.00,0.00,0.00,0.00,0.00,0.00,0.00,0.0034
-93.77088594,42.01668002,A3,TaskName 5/7/2025 (GreenStar 4 Monitor),Zidua SC & Sharpen,259,5/7/2025,0.199,On,1127.2,43.75,27.50,4.024,1.175,5.270,265.75,19.99,21.34,0,7,21.35,5/7/2025,Good,8.535,7.870e-05,3.201,2.951e-05,0.00,0.00,0.00,4.268,3.935e-05,2.134,1.968e-05,21.20,0.025,0.00,0.00,0.00,0.00,0.00,0.00,0.00,0.00,0.00,0.00,0.00,0.00,0.0012
-93.77089468,42.01667965,A3,TaskName 5/7/2025 (GreenStar 4 Monitor),Zidua SC & Sharpen,260,5/7/2025,0.400,On,1127.1,42.50,28.12,3.985,2.337,6.151,265.68,19.99,21.20,0,7,20.52,5/7/2025,Good,8.480,0.00015,3.180,5.665e-05,0.00,0.00,0.00,4.240,7.553e-05,2.120,3.777e-05,21.06,0.048,0.00,0.00,0.00,0.00,0.00,0.00,0.00,0.00,0.00,0.00,0.00,0.00,0.0023
-93.77092089,42.01667763,A3,TaskName 5/7/2025 (GreenStar 4 Monitor),Zidua SC & Sharpen,261,5/7/2025,1.000,On,1127.2,43.75,28.75,4.277,6.250,6.355,266.70,19.99,20.73,0,7,22.60,5/7/2025,Good,8.290,0.00041,3.109,0.00015,0.00,0.00,0.00,4.145,0.00020,2.073,0.00010,20.59,0.129,0.00,0.00,0.00,0.00,0.00,0.00,0.00,0.00,0.00,0.00,0.00,0.00,0.0063
-93.77093907,42.01667667,A3,TaskName 5/7/2025 (GreenStar 4 Monitor),Zidua SC & Sharpen,262,5/7/2025,0.600,On,1127.3,45.00,29.37,5.076,4.464,6.579,266.33,19.99,20.25,0,7,27.67,5/7/2025,Good,8.099,0.00029,3.037,0.00011,0.00,0.00,0.00,4.049,0.00015,2.025,7.294e-05,20.12,0.093,0.00,0.00,0.00,0.00,0.00,0.00,0.00,0.00,0.00,0.00,0.00,0.00,0.0046
-93.77097408,42.01667541,A3,TaskName 5/7/2025 (GreenStar 4 Monitor),Zidua SC & Sharpen,263,5/7/2025,1.000,On,1127.4,43.75,30.00,5.822,8.507,6.760,265.19,19.99,20.20,0,7,30.76,5/7/2025,Good,8.079,0.00054,3.030,0.00020,0.00,0.00,0.00,4.040,0.00027,2.020,0.00013,20.07,0.171,0.00,0.00,0.00,0.00,0.00,0.00,0.00,0.00,0.00,0.00,0.00,0.00,0.0085
-93.77098886,42.01667470,A3,TaskName 5/7/2025 (GreenStar 4 Monitor),Zidua SC & Sharpen,264,5/7/2025,0.401,On,1127.4,43.75,30.00,6.567,3.859,6.493,264.99,19.99,19.96,0,7,34.80,5/7/2025,Good,7.986,0.00024,2.995,9.069e-05,0.00,0.00,0.00,3.993,0.00012,1.996,6.046e-05,19.84,0.077,0.00,0.00,0.00,0.00,0.00,0.00,0.00,0.00,0.00,0.00,0.00,0.00,0.0039
-93.77101255,42.01667286,A3,TaskName 5/7/2025 (GreenStar 4 Monitor),Zidua SC & Sharpen,265,5/7/2025,0.595,On,1127.5,45.00,30.62,6.870,5.979,8.020,265.85,19.99,20.10,0,7,37.37,5/7/2025,Good,8.038,0.00039,3.014,0.00015,0.00,0.00,0.00,4.019,0.00019,2.010,9.698e-05,19.96,0.123,0.00,0.00,0.00,0.00,0.00,0.00,0.00,0.00,0.00,0.00,0.00,0.00,0.0062
-93.77104728,42.01667031,A3,TaskName 5/7/2025 (GreenStar 4 Monitor),Zidua SC & Sharpen,266,5/7/2025,0.805,On,1127.6,43.75,31.25,7.506,8.851,7.469,266.94,19.99,20.00,0,7,39.75,5/7/2025,Good,8.001,0.00056,3.000,0.00021,0.00,0.00,0.00,4.000,0.00028,2.000,0.00014,19.87,0.177,0.00,0.00,0.00,0.00,0.00,0.00,0.00,0.00,0.00,0.00,0.00,0.00,0.0089
-93.77106525,42.01666952,A3,TaskName 5/7/2025 (GreenStar 4 Monitor),Zidua SC & Sharpen,267,5/7/2025,0.395,On,1127.7,45.00,31.87,8.095,4.699,7.113,267.23,19.99,19.93,0,7,44.24,5/7/2025,Good,7.973,0.00030,2.990,0.00011,0.00,0.00,0.00,3.986,0.00015,1.993,7.559e-05,19.80,0.096,0.00,0.00,0.00,0.00,0.00,0.00,0.00,0.00,0.00,0.00,0.00,0.00,0.0049
-93.77111352,42.01666786,A3,TaskName 5/7/2025 (GreenStar 4 Monitor),Zidua SC & Sharpen,268,5/7/2025,1.005,On,1127.7,43.75,32.50,8.528,12.55,8.330,267.28,19.99,19.97,0,7,45.13,5/7/2025,Good,7.987,0.00079,2.995,0.00029,0.00,0.00,0.00,3.994,0.00039,1.997,0.00020,19.84,0.250,0.00,0.00,0.00,0.00,0.00,0.00,0.00,0.00,0.00,0.00,0.00,0.00,0.013
-93.77116393,42.01666591,A3,TaskName 5/7/2025 (GreenStar 4 Monitor),Zidua SC & Sharpen,269,5/7/2025,0.999,On,1128.0,43.75,32.50,9.153,13.42,6.348,268.47,19.99,19.93,0,7,48.58,5/7/2025,Good,7.970,0.00084,2.989,0.00031,0.00,0.00,0.00,3.985,0.00042,1.993,0.00021,19.80,0.267,0.00,0.00,0.00,0.00,0.00,0.00,0.00,0.00,0.00,0.00,0.00,0.00,0.013
-93.77121394,42.01666454,A3,TaskName 5/7/2025 (GreenStar 4 Monitor),Zidua SC & Sharpen,270,5/7/2025,1.000,On,1128.1,43.75,33.75,9.252,13.56,7.235,269.40,19.99,19.96,0,7,49.04,5/7/2025,Good,7.983,0.00085,2.994,0.00032,0.00,0.00,0.00,3.991,0.00042,1.996,0.00021,19.83,0.270,0.00,0.00,0.00,0.00,0.00,0.00,0.00,0.00,0.00,0.00,0.00,0.00,0.014
-93.77126551,42.01666422,A3,TaskName 5/7/2025 (GreenStar 4 Monitor),Zidua SC & Sharpen,271,5/7/2025,0.995,On,1128.3,43.75,33.75,9.389,13.70,6.935,268.90,19.99,19.96,0,7,49.77,5/7/2025,Good,7.985,0.00086,2.994,0.00032,0.00,0.00,0.00,3.992,0.00043,1.996,0.00021,19.83,0.273,0.00,0.00,0.00,0.00,0.00,0.00,0.00,0.00,0.00,0.00,0.00,0.00,0.014
-93.77129647,42.01666390,A3,TaskName 5/7/2025 (GreenStar 4 Monitor),Zidua SC & Sharpen,272,5/7/2025,0.601,On,1128.3,43.75,33.75,9.548,8.401,6.303,268.72,19.99,19.59,0,7,50.54,5/7/2025,Good,7.837,0.00052,2.939,0.00019,0.00,0.00,0.00,3.919,0.00026,1.959,0.00013,19.47,0.164,0.00,0.00,0.00,0.00,0.00,0.00,0.00,0.00,0.00,0.00,0.00,0.00,0.0084
-93.77130653,42.01666366,A3,TaskName 5/7/2025 (GreenStar 4 Monitor),Zidua SC & Sharpen,273,5/7/2025,0.199,On,1128.4,101.25,5.000,9.556,2.802,6.611,268.82,19.99,17.84,0,7,117.84,5/7/2025,Good,7.137,0.00036,2.676,0.00014,0.00,0.00,0.00,3.569,0.00018,1.784,9.080e-05,17.73,0.115,0.00,0.00,0.00,0.00,0.00,0.00,0.00,0.00,0.00,0.00,0.00,0.00,0.0065
-93.77135843,42.01666275,A3,TaskName 5/7/2025 (GreenStar 4 Monitor),Zidua SC & Sharpen,274,5/7/2025,1.001,On,1128.5,116.25,-2.500,9.537,13.98,6.818,269.32,19.99,19.29,0,7,134.17,5/7/2025,Good,7.717,0.0022,2.894,0.00084,0.00,0.00,0.00,3.859,0.0011,1.929,0.00056,19.17,0.715,0.00,0.00,0.00,0.00,0.00,0.00,0.00,0.00,0.00,0.00,0.00,0.00,0.037
-93.77141074,42.01666202,A3,TaskName 5/7/2025 (GreenStar 4 Monitor),Zidua SC & Sharpen,275,5/7/2025,0.999,On,1128.6,116.25,-2.500,9.638,14.13,6.371,269.46,19.99,19.53,0,7,135.92,5/7/2025,Good,7.814,0.0023,2.930,0.00086,0.00,0.00,0.00,3.907,0.0012,1.953,0.00058,19.41,0.732,0.00,0.00,0.00,0.00,0.00,0.00,0.00,0.00,0.00,0.00,0.00,0.00,0.038
-93.77146263,42.01666192,A3,TaskName 5/7/2025 (GreenStar 4 Monitor),Zidua SC & Sharpen,276,5/7/2025,1.000,On,1128.6,116.25,-2.500,9.666,14.18,6.418,269.01,19.99,19.74,0,7,136.19,5/7/2025,Good,7.897,0.0023,2.961,0.00088,0.00,0.00,0.00,3.948,0.0012,1.974,0.00058,19.61,0.742,0.00,0.00,0.00,0.00,0.00,0.00,0.00,0.00,0.00,0.00,0.00,0.00,0.038
-93.77151502,42.01666129,A3,TaskName 5/7/2025 (GreenStar 4 Monitor),Zidua SC & Sharpen,277,5/7/2025,1.005,On,1128.6,116.25,-2.500,9.688,14.27,5.980,269.10,19.99,19.94,0,7,136.46,5/7/2025,Good,7.976,0.0024,2.991,0.00089,0.00,0.00,0.00,3.988,0.0012,1.994,0.00059,19.81,0.755,0.00,0.00,0.00,0.00,0.00,0.00,0.00,0.00,0.00,0.00,0.00,0.00,0.038
-93.77156721,42.01666058,A3,TaskName 5/7/2025 (GreenStar 4 Monitor),Zidua SC & Sharpen,278,5/7/2025,0.996,On,1128.6,116.25,-2.500,9.692,14.15,6.143,269.43,19.99,20.05,0,7,136.52,5/7/2025,Good,8.020,0.0024,3.007,0.00089,0.00,0.00,0.00,4.010,0.0012,2.005,0.00059,19.92,0.752,0.00,0.00,0.00,0.00,0.00,0.00,0.00,0.00,0.00,0.00,0.00,0.00,0.038
-93.77161960,42.01666006,A3,TaskName 5/7/2025 (GreenStar 4 Monitor),Zidua SC & Sharpen,279,5/7/2025,1.000,On,1128.7,116.25,-2.500,9.671,14.17,5.895,269.68,19.99,20.00,0,7,136.13,5/7/2025,Good,7.999,0.0024,3.000,0.00089,0.00,0.00,0.00,4.000,0.0012,2.000,0.00059,19.87,0.751,0.00,0.00,0.00,0.00,0.00,0.00,0.00,0.00,0.00,0.00,0.00,0.00,0.038
-93.77167176,42.01665981,A3,TaskName 5/7/2025 (GreenStar 4 Monitor),Zidua SC & Sharpen,280,5/7/2025,1.000,On,1128.6,116.25,-2.500,9.631,14.13,5.834,269.89,19.99,19.98,0,7,135.75,5/7/2025,Good,7.991,0.0024,2.996,0.00088,0.00,0.00,0.00,3.995,0.0012,1.998,0.00059,19.85,0.748,0.00,0.00,0.00,0.00,0.00,0.00,0.00,0.00,0.00,0.00,0.00,0.00,0.038
-93.77172420,42.01665967,A3,TaskName 5/7/2025 (GreenStar 4 Monitor),Zidua SC & Sharpen,281,5/7/2025,0.999,On,1128.7,116.25,-2.500,9.713,14.23,4.776,269.66,19.99,19.87,0,7,136.80,5/7/2025,Good,7.947,0.0024,2.980,0.00088,0.00,0.00,0.00,3.974,0.0012,1.987,0.00059,19.74,0.749,0.00,0.00,0.00,0.00,0.00,0.00,0.00,0.00,0.00,0.00,0.00,0.00,0.038
-93.77177628,42.01665959,A3,TaskName 5/7/2025 (GreenStar 4 Monitor),Zidua SC & Sharpen,282,5/7/2025,0.996,On,1128.5,116.25,-2.500,9.681,14.14,5.026,269.30,19.99,19.92,0,7,136.36,5/7/2025,Good,7.968,0.0023,2.988,0.00088,0.00,0.00,0.00,3.984,0.0012,1.992,0.00059,19.79,0.747,0.00,0.00,0.00,0.00,0.00,0.00,0.00,0.00,0.00,0.00,0.00,0.00,0.038
-93.77182899,42.01665919,A3,TaskName 5/7/2025 (GreenStar 4 Monitor),Zidua SC & Sharpen,283,5/7/2025,1.004,On,1128.3,116.25,-2.500,9.692,14.27,5.034,269.17,19.99,19.98,0,7,136.53,5/7/2025,Good,7.991,0.0024,2.997,0.00089,0.00,0.00,0.00,3.996,0.0012,1.998,0.00059,19.85,0.756,0.00,0.00,0.00,0.00,0.00,0.00,0.00,0.00,0.00,0.00,0.00,0.00,0.038
-93.77188138,42.01665857,A3,TaskName 5/7/2025 (GreenStar 4 Monitor),Zidua SC & Sharpen,284,5/7/2025,1.006,On,1128.2,116.25,-2.500,9.734,14.36,5.438,269.43,19.99,19.90,0,7,137.11,5/7/2025,Good,7.958,0.0024,2.984,0.00089,0.00,0.00,0.00,3.979,0.0012,1.990,0.00060,19.77,0.757,0.00,0.00,0.00,0.00,0.00,0.00,0.00,0.00,0.00,0.00,0.00,0.00,0.038
-93.77193364,42.01665809,A3,TaskName 5/7/2025 (GreenStar 4 Monitor),Zidua SC & Sharpen,285,5/7/2025,0.989,On,1128.2,116.25,-2.500,9.663,14.02,5.814,270.01,19.99,20.05,0,7,136.16,5/7/2025,Good,8.022,0.0023,3.008,0.00088,0.00,0.00,0.00,4.011,0.0012,2.005,0.00059,19.92,0.745,0.00,0.00,0.00,0.00,0.00,0.00,0.00,0.00,0.00,0.00,0.00,0.00,0.037
-93.77198570,42.01665802,A3,TaskName 5/7/2025 (GreenStar 4 Monitor),Zidua SC & Sharpen,286,5/7/2025,1.006,On,1128.2,116.25,-2.500,9.683,14.29,5.448,270.47,19.99,20.01,0,7,136.42,5/7/2025,Good,8.003,0.0024,3.001,0.00089,0.00,0.00,0.00,4.001,0.0012,2.001,0.00060,19.88,0.758,0.00,0.00,0.00,0.00,0.00,0.00,0.00,0.00,0.00,0.00,0.00,0.00,0.038
-93.77203769,42.01665825,A3,TaskName 5/7/2025 (GreenStar 4 Monitor),Zidua SC & Sharpen,287,5/7/2025,1.000,On,1128.0,116.25,-2.500,9.648,14.14,5.357,270.05,19.99,19.85,0,7,135.82,5/7/2025,Good,7.941,0.0023,2.978,0.00088,0.00,0.00,0.00,3.970,0.0012,1.985,0.00059,19.72,0.744,0.00,0.00,0.00,0.00,0.00,0.00,0.00,0.00,0.00,0.00,0.00,0.00,0.038
-93.77209016,42.01665851,A3,TaskName 5/7/2025 (GreenStar 4 Monitor),Zidua SC & Sharpen,288,5/7/2025,0.999,On,1128.1,116.25,-2.500,9.682,14.20,5.233,269.50,19.99,19.87,0,7,136.59,5/7/2025,Good,7.947,0.0024,2.980,0.00088,0.00,0.00,0.00,3.973,0.0012,1.987,0.00059,19.74,0.748,0.00,0.00,0.00,0.00,0.00,0.00,0.00,0.00,0.00,0.00,0.00,0.00,0.038
-93.77214240,42.01665804,A3,TaskName 5/7/2025 (GreenStar 4 Monitor),Zidua SC & Sharpen,289,5/7/2025,1.001,On,1128.1,116.25,-2.500,9.675,14.19,6.167,269.63,19.99,20.06,0,7,136.19,5/7/2025,Good,8.023,0.0024,3.009,0.00089,0.00,0.00,0.00,4.012,0.0012,2.006,0.00059,19.93,0.755,0.00,0.00,0.00,0.00,0.00,0.00,0.00,0.00,0.00,0.00,0.00,0.00,0.038
-93.77219457,42.01665760,A3,TaskName 5/7/2025 (GreenStar 4 Monitor),Zidua SC & Sharpen,290,5/7/2025,1.000,On,1128.1,116.25,-2.500,9.695,14.22,6.330,269.63,19.99,20.05,0,7,136.64,5/7/2025,Good,8.019,0.0024,3.007,0.00089,0.00,0.00,0.00,4.009,0.0012,2.005,0.00059,19.92,0.756,0.00,0.00,0.00,0.00,0.00,0.00,0.00,0.00,0.00,0.00,0.00,0.00,0.038
-93.77224708,42.01665751,A3,TaskName 5/7/2025 (GreenStar 4 Monitor),Zidua SC & Sharpen,291,5/7/2025,0.999,On,1128.2,116.25,-2.500,9.644,14.14,6.241,269.24,19.99,19.98,0,7,135.99,5/7/2025,Good,7.991,0.0024,2.997,0.00088,0.00,0.00,0.00,3.995,0.0012,1.998,0.00059,19.85,0.749,0.00,0.00,0.00,0.00,0.00,0.00,0.00,0.00,0.00,0.00,0.00,0.00,0.038
-93.77229973,42.01665710,A3,TaskName 5/7/2025 (GreenStar 4 Monitor),Zidua SC & Sharpen,292,5/7/2025,1.000,On,1128.1,116.25,-2.500,9.789,14.36,5.244,269.23,19.99,19.94,0,7,137.97,5/7/2025,Good,7.976,0.0024,2.991,0.00090,0.00,0.00,0.00,3.988,0.0012,1.994,0.00060,19.81,0.759,0.00,0.00,0.00,0.00,0.00,0.00,0.00,0.00,0.00,0.00,0.00,0.00,0.038
-93.77235215,42.01665649,A3,TaskName 5/7/2025 (GreenStar 4 Monitor),Zidua SC & Sharpen,293,5/7/2025,1.000,On,1128.0,116.25,-2.500,9.726,14.26,5.043,269.74,19.99,19.77,0,7,136.99,5/7/2025,Good,7.908,0.0024,2.965,0.00088,0.00,0.00,0.00,3.954,0.0012,1.977,0.00059,19.64,0.747,0.00,0.00,0.00,0.00,0.00,0.00,0.00,0.00,0.00,0.00,0.00,0.00,0.038
-93.77240448,42.01665611,A3,TaskName 5/7/2025 (GreenStar 4 Monitor),Zidua SC & Sharpen,294,5/7/2025,1.001,On,1127.9,116.25,-2.500,9.701,14.23,5.851,270.23,19.99,19.89,0,7,136.54,5/7/2025,Good,7.955,0.0024,2.983,0.00088,0.00,0.00,0.00,3.977,0.0012,1.989,0.00059,19.76,0.750,0.00,0.00,0.00,0.00,0.00,0.00,0.00,0.00,0.00,0.00,0.00,0.00,0.038
-93.77245691,42.01665627,A3,TaskName 5/7/2025 (GreenStar 4 Monitor),Zidua SC & Sharpen,295,5/7/2025,0.999,On,1127.7,116.25,-2.500,9.672,14.19,5.758,269.60,19.99,19.93,0,7,136.43,5/7/2025,Good,7.973,0.0024,2.990,0.00088,0.00,0.00,0.00,3.986,0.0012,1.993,0.00059,19.80,0.750,0.00,0.00,0.00,0.00,0.00,0.00,0.00,0.00,0.00,0.00,0.00,0.00,0.038
-93.77250961,42.01665632,A3,TaskName 5/7/2025 (GreenStar 4 Monitor),Zidua SC & Sharpen,296,5/7/2025,1.000,On,1127.6,116.25,-2.500,9.756,14.31,5.430,269.38,19.99,19.91,0,7,137.46,5/7/2025,Good,7.965,0.0024,2.987,0.00089,0.00,0.00,0.00,3.983,0.0012,1.991,0.00059,19.78,0.755,0.00,0.00,0.00,0.00,0.00,0.00,0.00,0.00,0.00,0.00,0.00,0.00,0.038
-93.77256200,42.01665599,A3,TaskName 5/7/2025 (GreenStar 4 Monitor),Zidua SC & Sharpen,297,5/7/2025,0.995,On,1127.4,116.25,-2.500,9.728,14.20,5.221,269.72,19.99,19.96,0,7,137.08,5/7/2025,Good,7.985,0.0024,2.994,0.00089,0.00,0.00,0.00,3.992,0.0012,1.996,0.00059,19.83,0.751,0.00,0.00,0.00,0.00,0.00,0.00,0.00,0.00,0.00,0.00,0.00,0.00,0.038
-93.77261444,42.01665557,A3,TaskName 5/7/2025 (GreenStar 4 Monitor),Zidua SC & Sharpen,298,5/7/2025,1.005,On,1127.4,116.25,-2.500,9.719,14.32,5.232,270.14,19.99,19.90,0,7,136.90,5/7/2025,Good,7.960,0.0024,2.985,0.00089,0.00,0.00,0.00,3.980,0.0012,1.990,0.00059,19.77,0.756,0.00,0.00,0.00,0.00,0.00,0.00,0.00,0.00,0.00,0.00,0.00,0.00,0.038
-93.77266668,42.01665572,A3,TaskName 5/7/2025 (GreenStar 4 Monitor),Zidua SC & Sharpen,299,5/7/2025,1.000,On,1127.3,116.25,-2.500,9.654,14.16,5.712,270.22,19.99,19.94,0,7,136.01,5/7/2025,Good,7.975,0.0024,2.991,0.00088,0.00,0.00,0.00,3.988,0.0012,1.994,0.00059,19.81,0.748,0.00,0.00,0.00,0.00,0.00,0.00,0.00,0.00,0.00,0.00,0.00,0.00,0.038
-93.77271918,42.01665605,A3,TaskName 5/7/2025 (GreenStar 4 Monitor),Zidua SC & Sharpen,300,5/7/2025,0.996,On,1127.3,115.00,-3.125,9.712,14.19,4.929,269.88,19.99,19.98,0,7,135.37,5/7/2025,Good,7.992,0.0023,2.997,0.00088,0.00,0.00,0.00,3.996,0.0012,1.998,0.00058,19.85,0.743,0.00,0.00,0.00,0.00,0.00,0.00,0.00,0.00,0.00,0.00,0.00,0.00,0.037
-93.77277140,42.01665596,A3,TaskName 5/7/2025 (GreenStar 4 Monitor),Zidua SC & Sharpen,301,5/7/2025,1.004,On,1127.2,115.00,-3.125,9.702,14.29,5.297,270.08,19.99,19.91,0,7,135.26,5/7/2025,Good,7.964,0.0023,2.987,0.00088,0.00,0.00,0.00,3.982,0.0012,1.991,0.00059,19.78,0.746,0.00,0.00,0.00,0.00,0.00,0.00,0.00,0.00,0.00,0.00,0.00,0.00,0.038
-93.77282378,42.01665593,A3,TaskName 5/7/2025 (GreenStar 4 Monitor),Zidua SC & Sharpen,302,5/7/2025,1.000,On,1127.3,115.00,-3.125,9.690,14.21,4.815,270.12,19.99,19.95,0,7,135.05,5/7/2025,Good,7.979,0.0023,2.992,0.00088,0.00,0.00,0.00,3.989,0.0012,1.995,0.00058,19.82,0.743,0.00,0.00,0.00,0.00,0.00,0.00,0.00,0.00,0.00,0.00,0.00,0.00,0.038
-93.77287589,42.01665603,A3,TaskName 5/7/2025 (GreenStar 4 Monitor),Zidua SC & Sharpen,303,5/7/2025,1.000,On,1127.1,115.00,-3.125,9.673,14.19,5.184,269.97,19.99,19.93,0,7,134.83,5/7/2025,Good,7.972,0.0023,2.989,0.00087,0.00,0.00,0.00,3.986,0.0012,1.993,0.00058,19.80,0.742,0.00,0.00,0.00,0.00,0.00,0.00,0.00,0.00,0.00,0.00,0.00,0.00,0.037
-93.77292822,42.01665598,A3,TaskName 5/7/2025 (GreenStar 4 Monitor),Zidua SC & Sharpen,304,5/7/2025,0.996,On,1127.1,115.00,-3.125,9.672,14.13,5.381,269.87,19.99,19.97,0,7,134.81,5/7/2025,Good,7.987,0.0023,2.995,0.00087,0.00,0.00,0.00,3.994,0.0012,1.997,0.00058,19.84,0.740,0.00,0.00,0.00,0.00,0.00,0.00,0.00,0.00,0.00,0.00,0.00,0.00,0.037
-93.77298024,42.01665584,A3,TaskName 5/7/2025 (GreenStar 4 Monitor),Zidua SC & Sharpen,305,5/7/2025,0.999,On,1127.0,115.00,-3.125,9.673,14.17,5.793,270.19,19.99,20.01,0,7,134.81,5/7/2025,Good,8.004,0.0023,3.001,0.00088,0.00,0.00,0.00,4.002,0.0012,2.001,0.00058,19.88,0.744,0.00,0.00,0.00,0.00,0.00,0.00,0.00,0.00,0.00,0.00,0.00,0.00,0.037
-93.77303258,42.01665592,A3,TaskName 5/7/2025 (GreenStar 4 Monitor),Zidua SC & Sharpen,306,5/7/2025,1.001,On,1127.0,115.00,-3.125,9.664,14.19,5.300,270.61,19.99,20.05,0,7,134.70,5/7/2025,Good,8.019,0.0023,3.007,0.00088,0.00,0.00,0.00,4.010,0.0012,2.005,0.00059,19.92,0.746,0.00,0.00,0.00,0.00,0.00,0.00,0.00,0.00,0.00,0.00,0.00,0.00,0.037
-93.77308479,42.01665608,A3,TaskName 5/7/2025 (GreenStar 4 Monitor),Zidua SC & Sharpen,307,5/7/2025,1.005,On,1126.8,115.00,-3.125,9.693,14.27,4.996,270.76,19.99,19.88,0,7,134.97,5/7/2025,Good,7.951,0.0023,2.982,0.00088,0.00,0.00,0.00,3.975,0.0012,1.988,0.00059,19.75,0.744,0.00,0.00,0.00,0.00,0.00,0.00,0.00,0.00,0.00,0.00,0.00,0.00,0.038
-93.77310583,42.01665632,A3,TaskName 5/7/2025 (GreenStar 4 Monitor),Zidua SC & Sharpen,308,5/7/2025,0.395,On,1126.9,115.00,-3.125,9.693,5.629,4.804,270.51,19.99,19.85,0,7,135.45,5/7/2025,Good,7.941,0.00092,2.978,0.00035,0.00,0.00,0.00,3.971,0.00046,1.985,0.00023,19.72,0.293,0.00,0.00,0.00,0.00,0.00,0.00,0.00,0.00,0.00,0.00,0.00,0.00,0.015
-93.77315816,42.01665677,A3,TaskName 5/7/2025 (GreenStar 4 Monitor),Zidua SC & Sharpen,309,5/7/2025,1.005,On,1126.8,113.75,-3.750,9.730,14.33,4.874,269.68,19.99,19.89,0,7,134.02,5/7/2025,Good,7.955,0.0023,2.983,0.00087,0.00,0.00,0.00,3.977,0.0012,1.989,0.00058,19.76,0.739,0.00,0.00,0.00,0.00,0.00,0.00,0.00,0.00,0.00,0.00,0.00,0.00,0.037
-93.77321076,42.01665657,A3,TaskName 5/7/2025 (GreenStar 4 Monitor),Zidua SC & Sharpen,310,5/7/2025,0.994,On,1126.7,113.75,-3.750,9.710,14.17,4.984,268.69,19.99,19.85,0,7,134.02,5/7/2025,Good,7.939,0.0023,2.977,0.00086,0.00,0.00,0.00,3.970,0.0011,1.985,0.00057,19.72,0.730,0.00,0.00,0.00,0.00,0.00,0.00,0.00,0.00,0.00,0.00,0.00,0.00,0.037
-93.77326296,42.01665584,A3,TaskName 5/7/2025 (GreenStar 4 Monitor),Zidua SC & Sharpen,311,5/7/2025,1.001,On,1126.6,113.75,-3.750,9.715,14.26,5.596,268.08,19.99,19.94,0,7,133.94,5/7/2025,Good,7.977,0.0023,2.991,0.00087,0.00,0.00,0.00,3.988,0.0012,1.994,0.00058,19.81,0.738,0.00,0.00,0.00,0.00,0.00,0.00,0.00,0.00,0.00,0.00,0.00,0.00,0.037
-93.77328384,42.01665529,A3,TaskName 5/7/2025 (GreenStar 4 Monitor),Zidua SC & Sharpen,312,5/7/2025,0.400,On,1126.6,113.75,-3.750,9.687,5.682,5.419,268.26,19.99,19.93,0,7,133.54,5/7/2025,Good,7.973,0.00092,2.990,0.00035,0.00,0.00,0.00,3.987,0.00046,1.993,0.00023,19.80,0.294,0.00,0.00,0.00,0.00,0.00,0.00,0.00,0.00,0.00,0.00,0.00,0.00,0.015
-93.77333581,42.01665399,A3,TaskName 5/7/2025 (GreenStar 4 Monitor),Zidua SC & Sharpen,313,5/7/2025,0.999,On,1126.5,115.00,-3.125,9.652,14.14,5.732,269.03,19.99,19.88,0,7,134.53,5/7/2025,Good,7.951,0.0023,2.982,0.00087,0.00,0.00,0.00,3.976,0.0012,1.988,0.00058,19.75,0.737,0.00,0.00,0.00,0.00,0.00,0.00,0.00,0.00,0.00,0.00,0.00,0.00,0.037
-93.77338868,42.01665300,A3,TaskName 5/7/2025 (GreenStar 4 Monitor),Zidua SC & Sharpen,314,5/7/2025,1.001,On,1126.4,115.00,-3.125,9.707,14.24,5.303,268.79,19.99,19.90,0,7,135.16,5/7/2025,Good,7.962,0.0023,2.986,0.00088,0.00,0.00,0.00,3.981,0.0012,1.990,0.00058,19.77,0.743,0.00,0.00,0.00,0.00,0.00,0.00,0.00,0.00,0.00,0.00,0.00,0.00,0.038
-93.77344110,42.01665234,A3,TaskName 5/7/2025 (GreenStar 4 Monitor),Zidua SC & Sharpen,315,5/7/2025,1.000,On,1126.2,115.00,-3.125,9.746,14.31,5.092,267.74,19.99,19.88,0,7,135.99,5/7/2025,Good,7.953,0.0023,2.982,0.00088,0.00,0.00,0.00,3.977,0.0012,1.988,0.00059,19.75,0.746,0.00,0.00,0.00,0.00,0.00,0.00,0.00,0.00,0.00,0.00,0.00,0.00,0.038
-93.77349348,42.01665071,A3,TaskName 5/7/2025 (GreenStar 4 Monitor),Zidua SC & Sharpen,316,5/7/2025,0.999,On,1126.1,115.00,-3.125,9.735,14.27,5.131,268.27,19.99,19.91,0,7,135.71,5/7/2025,Good,7.964,0.0023,2.987,0.00088,0.00,0.00,0.00,3.982,0.0012,1.991,0.00059,19.78,0.745,0.00,0.00,0.00,0.00,0.00,0.00,0.00,0.00,0.00,0.00,0.00,0.00,0.038
-93.77354544,42.01664943,A3,TaskName 5/7/2025 (GreenStar 4 Monitor),Zidua SC & Sharpen,317,5/7/2025,1.001,On,1126.0,116.25,-2.500,9.663,14.18,5.695,269.76,19.99,19.86,0,7,136.07,5/7/2025,Good,7.945,0.0023,2.979,0.00088,0.00,0.00,0.00,3.972,0.0012,1.986,0.00059,19.73,0.747,0.00,0.00,0.00,0.00,0.00,0.00,0.00,0.00,0.00,0.00,0.00,0.00,0.038
-93.77359800,42.01664913,A3,TaskName 5/7/2025 (GreenStar 4 Monitor),Zidua SC & Sharpen,318,5/7/2025,1.000,On,1125.7,116.25,-2.500,9.697,14.22,5.033,271.00,19.99,19.87,0,7,136.65,5/7/2025,Good,7.946,0.0024,2.980,0.00088,0.00,0.00,0.00,3.973,0.0012,1.987,0.00059,19.74,0.749,0.00,0.00,0.00,0.00,0.00,0.00,0.00,0.00,0.00,0.00,0.00,0.00,0.038
-93.77362963,42.01664948,A3,TaskName 5/7/2025 (GreenStar 4 Monitor),Zidua SC & Sharpen,319,5/7/2025,0.600,On,1125.6,116.25,-2.500,9.730,8.579,4.718,271.21,19.99,19.83,0,7,137.37,5/7/2025,Good,7.933,0.0014,2.975,0.00053,0.00,0.00,0.00,3.966,0.00071,1.983,0.00035,19.70,0.451,0.00,0.00,0.00,0.00,0.00,0.00,0.00,0.00,0.00,0.00,0.00,0.00,0.023
-93.77368225,42.01665057,A3,TaskName 5/7/2025 (GreenStar 4 Monitor),Zidua SC & Sharpen,320,5/7/2025,1.000,On,1125.5,115.00,-3.125,9.716,14.25,5.026,270.87,19.99,19.94,0,7,135.43,5/7/2025,Good,7.975,0.0023,2.991,0.00088,0.00,0.00,0.00,3.988,0.0012,1.994,0.00059,19.81,0.745,0.00,0.00,0.00,0.00,0.00,0.00,0.00,0.00,0.00,0.00,0.00,0.00,0.038
-93.77373431,42.01665127,A3,TaskName 5/7/2025 (GreenStar 4 Monitor),Zidua SC & Sharpen,321,5/7/2025,0.999,On,1125.1,115.00,-3.125,9.727,14.25,5.212,270.66,19.99,19.98,0,7,135.60,5/7/2025,Good,7.993,0.0023,2.997,0.00088,0.00,0.00,0.00,3.996,0.0012,1.998,0.00059,19.85,0.747,0.00,0.00,0.00,0.00,0.00,0.00,0.00,0.00,0.00,0.00,0.00,0.00,0.038
-93.77378668,42.01665177,A3,TaskName 5/7/2025 (GreenStar 4 Monitor),Zidua SC & Sharpen,322,5/7/2025,1.000,On,1124.8,115.00,-3.125,9.653,14.16,5.242,271.51,19.99,20.01,0,7,134.59,5/7/2025,Good,8.005,0.0023,3.002,0.00088,0.00,0.00,0.00,4.003,0.0012,2.001,0.00058,19.88,0.743,0.00,0.00,0.00,0.00,0.00,0.00,0.00,0.00,0.00,0.00,0.00,0.00,0.037
-93.77379726,42.01665188,A3,TaskName 5/7/2025 (GreenStar 4 Monitor),Zidua SC & Sharpen,323,5/7/2025,0.200,On,1124.8,115.00,-3.125,9.686,2.843,4.550,271.82,19.99,19.94,0,7,135.12,5/7/2025,Good,7.975,0.00047,2.991,0.00018,0.00,0.00,0.00,3.988,0.00023,1.994,0.00012,19.81,0.149,0.00,0.00,0.00,0.00,0.00,0.00,0.00,0.00,0.00,0.00,0.00,0.00,0.0075
-93.77384990,42.01665286,A3,TaskName 5/7/2025 (GreenStar 4 Monitor),Zidua SC & Sharpen,324,5/7/2025,0.995,On,1124.4,113.75,-3.750,9.772,14.27,4.261,272.09,19.99,19.88,0,7,134.78,5/7/2025,Good,7.952,0.0023,2.982,0.00087,0.00,0.00,0.00,3.976,0.0012,1.988,0.00058,19.75,0.736,0.00,0.00,0.00,0.00,0.00,0.00,0.00,0.00,0.00,0.00,0.00,0.00,0.037
-93.77387084,42.01665342,A3,TaskName 5/7/2025 (GreenStar 4 Monitor),Zidua SC & Sharpen,325,5/7/2025,0.401,On,1124.3,113.75,-3.750,9.723,5.703,4.721,271.78,19.99,19.88,0,7,133.70,5/7/2025,Good,7.953,0.00093,2.983,0.00035,0.00,0.00,0.00,3.977,0.00046,1.988,0.00023,19.75,0.294,0.00,0.00,0.00,0.00,0.00,0.00,0.00,0.00,0.00,0.00,0.00,0.00,0.015
-93.77388110,42.01665369,A3,TaskName 5/7/2025 (GreenStar 4 Monitor),Zidua SC & Sharpen,326,5/7/2025,0.205,On,1124.3,111.25,-2.500,9.686,2.925,4.610,271.57,19.99,19.92,0,7,131.20,5/7/2025,Good,7.967,0.00047,2.988,0.00017,0.00,0.00,0.00,3.983,0.00023,1.992,0.00012,19.79,0.148,0.00,0.00,0.00,0.00,0.00,0.00,0.00,0.00,0.00,0.00,0.00,0.00,0.0075
-93.77389154,42.01665420,A3,TaskName 5/7/2025 (GreenStar 4 Monitor),Zidua SC & Sharpen,327,5/7/2025,0.200,On,1124.2,110.00,-1.875,9.666,2.837,4.511,271.32,19.99,19.86,0,7,128.94,5/7/2025,Good,7.945,0.00044,2.979,0.00017,0.00,0.00,0.00,3.973,0.00022,1.986,0.00011,19.73,0.141,0.00,0.00,0.00,0.00,0.00,0.00,0.00,0.00,0.00,0.00,0.00,0.00,0.0072
-93.77390225,42.01665442,A3,TaskName 5/7/2025 (GreenStar 4 Monitor),Zidua SC & Sharpen,328,5/7/2025,0.199,On,1124.2,108.75,-1.250,9.648,2.817,4.108,271.13,19.99,19.94,0,7,127.23,5/7/2025,Good,7.975,0.00044,2.991,0.00016,0.00,0.00,0.00,3.988,0.00022,1.994,0.00011,19.81,0.139,0.00,0.00,0.00,0.00,0.00,0.00,0.00,0.00,0.00,0.00,0.00,0.00,0.0070
-93.77391304,42.01665464,A3,TaskName 5/7/2025 (GreenStar 4 Monitor),Zidua SC & Sharpen,329,5/7/2025,0.201,On,1124.1,105.00,-0.625,9.695,2.843,3.916,270.91,19.99,20.08,0,7,122.75,5/7/2025,Good,8.031,0.00043,3.012,0.00016,0.00,0.00,0.00,4.015,0.00022,2.008,0.00011,19.95,0.137,0.00,0.00,0.00,0.00,0.00,0.00,0.00,0.00,0.00,0.00,0.00,0.00,0.0069
-93.77392351,42.01665480,A3,TaskName 5/7/2025 (GreenStar 4 Monitor),Zidua SC & Sharpen,330,5/7/2025,0.200,On,1124.1,103.75,2.853e-06,9.784,2.886,4.220,270.76,19.99,20.18,0,7,123.73,5/7/2025,Good,8.074,0.00043,3.028,0.00016,0.00,0.00,0.00,4.037,0.00022,2.018,0.00011,20.05,0.138,0.00,0.00,0.00,0.00,0.00,0.00,0.00,0.00,0.00,0.00,0.00,0.00,0.0069
-93.77393386,42.01665499,A3,TaskName 5/7/2025 (GreenStar 4 Monitor),Zidua SC & Sharpen,331,5/7/2025,0.199,On,1124.1,101.25,1.250,9.827,2.870,4.227,270.56,19.99,20.13,0,7,120.66,5/7/2025,Good,8.052,0.00042,3.020,0.00016,0.00,0.00,0.00,4.026,0.00021,2.013,0.00010,20.00,0.133,0.00,0.00,0.00,0.00,0.00,0.00,0.00,0.00,0.00,0.00,0.00,0.00,0.0067
-93.77394452,42.01665517,A3,TaskName 5/7/2025 (GreenStar 4 Monitor),Zidua SC & Sharpen,332,5/7/2025,0.201,On,1123.9,100.00,1.875,9.782,2.870,4.953,270.51,19.99,20.14,0,7,117.99,5/7/2025,Good,8.057,0.00041,3.021,0.00016,0.00,0.00,0.00,4.028,0.00021,2.014,0.00010,20.01,0.132,0.00,0.00,0.00,0.00,0.00,0.00,0.00,0.00,0.00,0.00,0.00,0.00,0.0066
-93.77395447,42.01665523,A3,TaskName 5/7/2025 (GreenStar 4 Monitor),Zidua SC & Sharpen,333,5/7/2025,0.199,On,1123.8,98.75,2.500,9.746,2.860,5.217,270.59,19.99,20.29,0,7,117.28,5/7/2025,Good,8.116,0.00041,3.044,0.00015,0.00,0.00,0.00,4.058,0.00021,2.029,0.00010,20.16,0.131,0.00,0.00,0.00,0.00,0.00,0.00,0.00,0.00,0.00,0.00,0.00,0.00,0.0065
-93.77396499,42.01665528,A3,TaskName 5/7/2025 (GreenStar 4 Monitor),Zidua SC & Sharpen,334,5/7/2025,0.201,On,1123.8,96.25,3.750,9.679,2.840,4.676,270.65,19.99,20.18,0,7,112.39,5/7/2025,Good,8.074,0.00040,3.028,0.00015,0.00,0.00,0.00,4.037,0.00020,2.018,9.895e-05,20.05,0.126,0.00,0.00,0.00,0.00,0.00,0.00,0.00,0.00,0.00,0.00,0.00,0.00,0.0063
-93.77397557,42.01665533,A3,TaskName 5/7/2025 (GreenStar 4 Monitor),Zidua SC & Sharpen,335,5/7/2025,0.200,On,1123.7,93.75,5.000,9.608,2.833,4.689,270.68,19.99,20.24,0,7,109.77,5/7/2025,Good,8.095,0.00039,3.036,0.00014,0.00,0.00,0.00,4.048,0.00019,2.024,9.642e-05,20.11,0.123,0.00,0.00,0.00,0.00,0.00,0.00,0.00,0.00,0.00,0.00,0.00,0.00,0.0061
-93.77398605,42.01665567,A3,TaskName 5/7/2025 (GreenStar 4 Monitor),Zidua SC & Sharpen,336,5/7/2025,0.199,On,1123.7,92.50,5.625,9.646,2.817,4.597,270.61,19.99,20.32,0,7,108.22,5/7/2025,Good,8.129,0.00038,3.048,0.00014,0.00,0.00,0.00,4.065,0.00019,2.032,9.498e-05,20.19,0.121,0.00,0.00,0.00,0.00,0.00,0.00,0.00,0.00,0.00,0.00,0.00,0.00,0.0060
-93.77399652,42.01665562,A3,TaskName 5/7/2025 (GreenStar 4 Monitor),Zidua SC & Sharpen,337,5/7/2025,0.200,On,1123.6,90.00,6.875,9.693,2.843,4.465,270.70,19.99,20.31,0,7,105.74,5/7/2025,Good,8.125,0.00037,3.047,0.00014,0.00,0.00,0.00,4.062,0.00019,2.031,9.322e-05,20.18,0.119,0.00,0.00,0.00,0.00,0.00,0.00,0.00,0.00,0.00,0.00,0.00,0.00,0.0059
-93.77400711,42.01665557,A3,TaskName 5/7/2025 (GreenStar 4 Monitor),Zidua SC & Sharpen,338,5/7/2025,0.196,On,1123.5,87.50,8.125,9.717,2.781,3.956,270.94,19.99,20.27,0,7,102.60,5/7/2025,Good,8.108,0.00035,3.040,0.00013,0.00,0.00,0.00,4.054,0.00018,2.027,8.846e-05,20.14,0.112,0.00,0.00,0.00,0.00,0.00,0.00,0.00,0.00,0.00,0.00,0.00,0.00,0.0056
-93.77401793,42.01665563,A3,TaskName 5/7/2025 (GreenStar 4 Monitor),Zidua SC & Sharpen,339,5/7/2025,0.205,On,1123.5,86.25,8.750,9.744,2.929,3.712,271.17,19.99,20.41,0,7,101.83,5/7/2025,Good,8.163,0.00037,3.061,0.00014,0.00,0.00,0.00,4.082,0.00018,2.041,9.246e-05,20.28,0.118,0.00,0.00,0.00,0.00,0.00,0.00,0.00,0.00,0.00,0.00,0.00,0.00,0.0058
-93.77402830,42.01665561,A3,TaskName 5/7/2025 (GreenStar 4 Monitor),Zidua SC & Sharpen,340,5/7/2025,0.199,On,1123.5,83.75,10.000,9.800,2.876,4.484,271.31,19.99,20.49,0,7,100.04,5/7/2025,Good,8.198,0.00035,3.074,0.00013,0.00,0.00,0.00,4.099,0.00018,2.049,8.854e-05,20.36,0.113,0.00,0.00,0.00,0.00,0.00,0.00,0.00,0.00,0.00,0.00,0.00,0.00,0.0055
-93.77403863,42.01665584,A3,TaskName 5/7/2025 (GreenStar 4 Monitor),Zidua SC & Sharpen,341,5/7/2025,0.201,On,1123.4,81.25,11.25,9.818,2.879,5.779,271.44,19.99,20.64,0,7,96.19,5/7/2025,Good,8.258,0.00035,3.097,0.00013,0.00,0.00,0.00,4.129,0.00017,2.064,8.662e-05,20.51,0.110,0.00,0.00,0.00,0.00,0.00,0.00,0.00,0.00,0.00,0.00,0.00,0.00,0.0054
-93.77404911,42.01665613,A3,TaskName 5/7/2025 (GreenStar 4 Monitor),Zidua SC & Sharpen,342,5/7/2025,0.199,On,1123.3,80.00,11.87,9.751,2.860,5.204,271.69,19.99,20.61,0,7,95.01,5/7/2025,Good,8.245,0.00034,3.092,0.00013,0.00,0.00,0.00,4.122,0.00017,2.061,8.457e-05,20.48,0.108,0.00,0.00,0.00,0.00,0.00,0.00,0.00,0.00,0.00,0.00,0.00,0.00,0.0053
-93.77405938,42.01665621,A3,TaskName 5/7/2025 (GreenStar 4 Monitor),Zidua SC & Sharpen,343,5/7/2025,0.200,On,1123.2,77.50,13.12,9.699,2.847,5.449,271.95,19.99,20.53,0,7,91.16,5/7/2025,Good,8.210,0.00032,3.079,0.00012,0.00,0.00,0.00,4.105,0.00016,2.053,8.122e-05,20.39,0.103,0.00,0.00,0.00,0.00,0.00,0.00,0.00,0.00,0.00,0.00,0.00,0.00,0.0051
-93.77406992,42.01665645,A3,TaskName 5/7/2025 (GreenStar 4 Monitor),Zidua SC & Sharpen,344,5/7/2025,0.200,On,1123.2,76.25,13.75,9.661,2.833,4.966,272.30,19.99,20.61,0,7,89.28,5/7/2025,Good,8.245,0.00032,3.092,0.00012,0.00,0.00,0.00,4.122,0.00016,2.061,7.987e-05,20.48,0.102,0.00,0.00,0.00,0.00,0.00,0.00,0.00,0.00,0.00,0.00,0.00,0.00,0.0050
-93.77408033,42.01665656,A3,TaskName 5/7/2025 (GreenStar 4 Monitor),Zidua SC & Sharpen,345,5/7/2025,0.201,On,1123.2,73.75,15.00,9.646,2.843,5.026,272.66,19.99,20.55,0,7,86.22,5/7/2025,Good,8.219,0.00031,3.082,0.00012,0.00,0.00,0.00,4.110,0.00015,2.055,7.728e-05,20.41,0.098,0.00,0.00,0.00,0.00,0.00,0.00,0.00,0.00,0.00,0.00,0.00,0.00,0.0048
-93.77409063,42.01665688,A3,TaskName 5/7/2025 (GreenStar 4 Monitor),Zidua SC & Sharpen,346,5/7/2025,0.199,On,1123.1,72.50,15.62,9.659,2.820,4.966,273.02,19.99,20.61,0,7,84.92,5/7/2025,Good,8.245,0.00030,3.092,0.00011,0.00,0.00,0.00,4.122,0.00015,2.061,7.559e-05,20.48,0.096,0.00,0.00,0.00,0.00,0.00,0.00,0.00,0.00,0.00,0.00,0.00,0.00,0.0047
-93.77410122,42.01665716,A3,TaskName 5/7/2025 (GreenStar 4 Monitor),Zidua SC & Sharpen,347,5/7/2025,0.201,On,1123.0,68.75,16.25,9.639,2.843,4.973,273.38,19.99,20.64,0,7,80.37,5/7/2025,Good,8.258,0.00029,3.097,0.00011,0.00,0.00,0.00,4.129,0.00014,2.064,7.238e-05,20.51,0.092,0.00,0.00,0.00,0.00,0.00,0.00,0.00,0.00,0.00,0.00,0.00,0.00,0.0045
-93.77411146,42.01665729,A3,TaskName 5/7/2025 (GreenStar 4 Monitor),Zidua SC & Sharpen,348,5/7/2025,0.199,On,1123.0,67.50,16.87,9.646,2.817,4.643,273.71,19.99,20.67,0,7,78.97,5/7/2025,Good,8.266,0.00028,3.100,0.00011,0.00,0.00,0.00,4.133,0.00014,2.067,7.048e-05,20.53,0.090,0.00,0.00,0.00,0.00,0.00,0.00,0.00,0.00,0.00,0.00,0.00,0.00,0.0044
-93.77412233,42.01665788,A3,TaskName 5/7/2025 (GreenStar 4 Monitor),Zidua SC & Sharpen,349,5/7/2025,0.201,On,1123.0,66.25,17.50,9.648,2.843,4.319,274.04,19.99,20.84,0,7,77.45,5/7/2025,Good,8.334,0.00028,3.125,0.00011,0.00,0.00,0.00,4.167,0.00014,2.084,7.039e-05,20.70,0.090,0.00,0.00,0.00,0.00,0.00,0.00,0.00,0.00,0.00,0.00,0.00,0.00,0.0043
-93.77413254,42.01665821,A3,TaskName 5/7/2025 (GreenStar 4 Monitor),Zidua SC & Sharpen,350,5/7/2025,0.200,On,1123.0,63.75,18.75,9.686,2.843,4.445,274.37,19.99,20.74,0,7,74.90,5/7/2025,Good,8.296,0.00027,3.111,0.00010,0.00,0.00,0.00,4.148,0.00013,2.074,6.742e-05,20.61,0.086,0.00,0.00,0.00,0.00,0.00,0.00,0.00,0.00,0.00,0.00,0.00,0.00,0.0042
-93.77414303,42.01665854,A3,TaskName 5/7/2025 (GreenStar 4 Monitor),Zidua SC & Sharpen,351,5/7/2025,0.195,On,1123.0,62.50,19.37,9.728,2.768,4.649,274.67,19.99,20.54,0,7,73.32,5/7/2025,Good,8.215,0.00025,3.081,9.558e-05,0.00,0.00,0.00,4.107,0.00013,2.054,6.372e-05,20.40,0.081,0.00,0.00,0.00,0.00,0.00,0.00,0.00,0.00,0.00,0.00,0.00,0.00,0.0040
-93.77415355,42.01665916,A3,TaskName 5/7/2025 (GreenStar 4 Monitor),Zidua SC & Sharpen,352,5/7/2025,0.205,On,1122.8,61.25,20.00,9.702,2.919,4.960,274.90,19.99,20.94,0,7,72.07,5/7/2025,Good,8.377,0.00027,3.141,0.00010,0.00,0.00,0.00,4.189,0.00013,2.094,6.715e-05,20.81,0.085,0.00,0.00,0.00,0.00,0.00,0.00,0.00,0.00,0.00,0.00,0.00,0.00,0.0041
-93.77416358,42.01665982,A3,TaskName 5/7/2025 (GreenStar 4 Monitor),Zidua SC & Sharpen,353,5/7/2025,0.199,On,1122.8,60.00,20.62,9.711,2.850,5.409,275.04,19.99,20.67,0,7,71.01,5/7/2025,Good,8.266,0.00025,3.100,9.506e-05,0.00,0.00,0.00,4.133,0.00013,2.067,6.338e-05,20.53,0.081,0.00,0.00,0.00,0.00,0.00,0.00,0.00,0.00,0.00,0.00,0.00,0.00,0.0039
-93.77417421,42.01666051,A3,TaskName 5/7/2025 (GreenStar 4 Monitor),Zidua SC & Sharpen,354,5/7/2025,0.200,On,1122.8,57.50,20.62,9.668,2.837,5.250,275.14,19.99,20.60,0,7,67.40,5/7/2025,Good,8.240,0.00024,3.090,9.040e-05,0.00,0.00,0.00,4.120,0.00012,2.060,6.027e-05,20.47,0.077,0.00,0.00,0.00,0.00,0.00,0.00,0.00,0.00,0.00,0.00,0.00,0.00,0.0037
-93.77418446,42.01666106,A3,TaskName 5/7/2025 (GreenStar 4 Monitor),Zidua SC & Sharpen,355,5/7/2025,0.201,On,1122.8,56.25,21.25,9.639,2.827,5.759,275.22,19.99,20.67,0,7,65.38,5/7/2025,Good,8.266,0.00024,3.100,8.840e-05,0.00,0.00,0.00,4.133,0.00012,2.067,5.894e-05,20.53,0.075,0.00,0.00,0.00,0.00,0.00,0.00,0.00,0.00,0.00,0.00,0.00,0.00,0.0037
-93.77419452,42.01666172,A3,TaskName 5/7/2025 (GreenStar 4 Monitor),Zidua SC & Sharpen,356,5/7/2025,0.200,On,1122.7,55.00,21.87,9.655,2.833,6.109,275.26,19.99,20.61,0,7,64.40,5/7/2025,Good,8.245,0.00023,3.092,8.642e-05,0.00,0.00,0.00,4.122,0.00012,2.061,5.761e-05,20.48,0.073,0.00,0.00,0.00,0.00,0.00,0.00,0.00,0.00,0.00,0.00,0.00,0.00,0.0036
-93.77420484,42.01666252,A3,TaskName 5/7/2025 (GreenStar 4 Monitor),Zidua SC & Sharpen,357,5/7/2025,0.199,On,1122.7,53.75,22.50,9.599,2.817,5.673,275.28,19.99,20.52,0,7,62.88,5/7/2025,Good,8.206,0.00022,3.077,8.357e-05,0.00,0.00,0.00,4.103,0.00011,2.052,5.571e-05,20.38,0.071,0.00,0.00,0.00,0.00,0.00,0.00,0.00,0.00,0.00,0.00,0.00,0.00,0.0035
-93.77421548,42.01666319,A3,TaskName 5/7/2025 (GreenStar 4 Monitor),Zidua SC & Sharpen,358,5/7/2025,0.200,On,1122.7,52.50,23.12,9.563,2.807,5.145,275.39,19.99,20.59,0,7,60.90,5/7/2025,Good,8.236,0.00022,3.089,8.164e-05,0.00,0.00,0.00,4.118,0.00011,2.059,5.443e-05,20.46,0.069,0.00,0.00,0.00,0.00,0.00,0.00,0.00,0.00,0.00,0.00,0.00,0.00,0.0034
-93.77422596,42.01666379,A3,TaskName 5/7/2025 (GreenStar 4 Monitor),Zidua SC & Sharpen,359,5/7/2025,0.201,On,1122.6,50.00,23.12,9.621,2.824,5.515,275.31,19.99,20.70,0,7,58.05,5/7/2025,Good,8.279,0.00021,3.105,7.861e-05,0.00,0.00,0.00,4.139,0.00010,2.070,5.241e-05,20.56,0.067,0.00,0.00,0.00,0.00,0.00,0.00,0.00,0.00,0.00,0.00,0.00,0.00,0.0032
-93.77423622,42.01666453,A3,TaskName 5/7/2025 (GreenStar 4 Monitor),Zidua SC & Sharpen,360,5/7/2025,0.199,On,1122.7,48.75,23.75,9.695,2.843,5.363,275.04,19.99,20.70,0,7,57.57,5/7/2025,Good,8.279,0.00021,3.105,7.718e-05,0.00,0.00,0.00,4.139,0.00010,2.070,5.145e-05,20.56,0.065,0.00,0.00,0.00,0.00,0.00,0.00,0.00,0.00,0.00,0.00,0.00,0.00,0.0032
-93.77424678,42.01666530,A3,TaskName 5/7/2025 (GreenStar 4 Monitor),Zidua SC & Sharpen,361,5/7/2025,0.201,On,1122.7,47.50,24.37,9.699,2.847,4.986,274.82,19.99,20.57,0,7,55.60,5/7/2025,Good,8.228,0.00020,3.085,7.482e-05,0.00,0.00,0.00,4.114,9.976e-05,2.057,4.988e-05,20.44,0.063,0.00,0.00,0.00,0.00,0.00,0.00,0.00,0.00,0.00,0.00,0.00,0.00,0.0031
-93.77425712,42.01666618,A3,TaskName 5/7/2025 (GreenStar 4 Monitor),Zidua SC & Sharpen,362,5/7/2025,0.199,On,1122.5,46.25,25.00,9.697,2.847,5.356,274.57,19.99,20.58,0,7,54.68,5/7/2025,Good,8.232,0.00019,3.087,7.289e-05,0.00,0.00,0.00,4.116,9.719e-05,2.058,4.859e-05,20.45,0.062,0.00,0.00,0.00,0.00,0.00,0.00,0.00,0.00,0.00,0.00,0.00,0.00,0.0030
-93.77426742,42.01666683,A3,TaskName 5/7/2025 (GreenStar 4 Monitor),Zidua SC & Sharpen,363,5/7/2025,0.200,On,1122.5,42.50,25.62,9.702,2.847,5.184,274.29,19.99,20.56,0,7,49.99,5/7/2025,Good,8.223,0.00018,3.084,6.691e-05,0.00,0.00,0.00,4.112,8.921e-05,2.056,4.461e-05,20.42,0.057,0.00,0.00,0.00,0.00,0.00,0.00,0.00,0.00,0.00,0.00,0.00,0.00,0.0028
-93.77427794,42.01666750,A3,TaskName 5/7/2025 (GreenStar 4 Monitor),Zidua SC & Sharpen,364,5/7/2025,0.200,On,1122.5,41.25,26.25,9.670,2.837,4.821,273.96,19.99,20.55,0,7,48.35,5/7/2025,Good,8.219,0.00017,3.082,6.468e-05,0.00,0.00,0.00,4.110,8.625e-05,2.055,4.312e-05,20.41,0.055,0.00,0.00,0.00,0.00,0.00,0.00,0.00,0.00,0.00,0.00,0.00,0.00,0.0027
-93.77428818,42.01666815,A3,TaskName 5/7/2025 (GreenStar 4 Monitor),Zidua SC & Sharpen,365,5/7/2025,0.201,On,1122.5,40.00,26.87,9.666,2.850,5.303,273.64,19.99,20.55,0,7,46.87,5/7/2025,Good,8.219,0.00017,3.082,6.301e-05,0.00,0.00,0.00,4.110,8.402e-05,2.055,4.201e-05,20.41,0.053,0.00,0.00,0.00,0.00,0.00,0.00,0.00,0.00,0.00,0.00,0.00,0.00,0.0026
-93.77429830,42.01666882,A3,TaskName 5/7/2025 (GreenStar 4 Monitor),Zidua SC & Sharpen,366,5/7/2025,0.200,On,1122.3,37.50,28.12,9.661,2.833,5.620,273.22,19.99,20.70,0,7,43.91,5/7/2025,Good,8.279,0.00016,3.105,5.916e-05,0.00,0.00,0.00,4.139,7.889e-05,2.070,3.944e-05,20.56,0.050,0.00,0.00,0.00,0.00,0.00,0.00,0.00,0.00,0.00,0.00,0.00,0.00,0.0024
-93.77430842,42.01666943,A3,TaskName 5/7/2025 (GreenStar 4 Monitor),Zidua SC & Sharpen,367,5/7/2025,0.199,On,1122.4,35.00,28.12,9.601,2.804,5.686,272.85,19.99,20.37,0,7,40.76,5/7/2025,Good,8.146,0.00014,3.055,5.377e-05,0.00,0.00,0.00,4.073,7.169e-05,2.037,3.585e-05,20.23,0.046,0.00,0.00,0.00,0.00,0.00,0.00,0.00,0.00,0.00,0.00,0.00,0.00,0.0023
-93.77431884,42.01666983,A3,TaskName 5/7/2025 (GreenStar 4 Monitor),Zidua SC & Sharpen,368,5/7/2025,0.201,On,1122.4,33.75,28.75,9.534,2.797,5.680,272.54,19.99,20.36,0,7,38.82,5/7/2025,Good,8.142,0.00014,3.053,5.170e-05,0.00,0.00,0.00,4.071,6.893e-05,2.036,3.447e-05,20.22,0.044,0.00,0.00,0.00,0.00,0.00,0.00,0.00,0.00,0.00,0.00,0.00,0.00,0.0022
-93.77432920,42.01667040,A3,TaskName 5/7/2025 (GreenStar 4 Monitor),Zidua SC & Sharpen,369,5/7/2025,0.200,On,1122.3,31.25,30.00,9.523,2.794,6.122,272.14,19.99,20.70,0,7,36.08,5/7/2025,Good,8.279,0.00013,3.105,4.862e-05,0.00,0.00,0.00,4.139,6.482e-05,2.070,3.241e-05,20.56,0.041,0.00,0.00,0.00,0.00,0.00,0.00,0.00,0.00,0.00,0.00,0.00,0.00,0.0020
-93.77433916,42.01667083,A3,TaskName 5/7/2025 (GreenStar 4 Monitor),Zidua SC & Sharpen,370,5/7/2025,0.200,On,1122.5,30.00,30.62,9.558,2.817,5.250,271.77,19.99,20.47,0,7,34.92,5/7/2025,Good,8.189,0.00012,3.071,4.655e-05,0.00,0.00,0.00,4.095,6.206e-05,2.047,3.103e-05,20.34,0.039,0.00,0.00,0.00,0.00,0.00,0.00,0.00,0.00,0.00,0.00,0.00,0.00,0.0019
-93.77434981,42.01667105,A3,TaskName 5/7/2025 (GreenStar 4 Monitor),Zidua SC & Sharpen,371,5/7/2025,0.199,On,1122.4,28.75,31.25,9.532,2.781,4.431,271.42,19.99,20.52,0,7,33.20,5/7/2025,Good,8.206,0.00012,3.077,4.413e-05,0.00,0.00,0.00,4.103,5.884e-05,2.052,2.942e-05,20.38,0.037,0.00,0.00,0.00,0.00,0.00,0.00,0.00,0.00,0.00,0.00,0.00,0.00,0.0018
-93.77435976,42.01667129,A3,TaskName 5/7/2025 (GreenStar 4 Monitor),Zidua SC & Sharpen,372,5/7/2025,0.201,On,1122.2,26.25,32.50,9.534,2.797,4.438,271.15,19.99,20.59,0,7,30.19,5/7/2025,Good,8.236,0.00011,3.089,4.068e-05,0.00,0.00,0.00,4.118,5.423e-05,2.059,2.712e-05,20.46,0.034,0.00,0.00,0.00,0.00,0.00,0.00,0.00,0.00,0.00,0.00,0.00,0.00,0.0017
-93.77436961,42.01667163,A3,TaskName 5/7/2025 (GreenStar 4 Monitor),Zidua SC & Sharpen,373,5/7/2025,0.200,On,1122.2,25.00,33.12,9.532,2.811,4.293,270.77,19.99,20.39,0,7,29.03,5/7/2025,Good,8.155,0.00010,3.058,3.854e-05,0.00,0.00,0.00,4.077,5.138e-05,2.039,2.569e-05,20.25,0.033,0.00,0.00,0.00,0.00,0.00,0.00,0.00,0.00,0.00,0.00,0.00,0.00,0.0016
-93.77437981,42.01667184,A3,TaskName 5/7/2025 (GreenStar 4 Monitor),Zidua SC & Sharpen,374,5/7/2025,0.200,On,1122.3,22.50,34.37,9.420,2.748,3.910,270.45,19.99,20.46,0,7,25.55,5/7/2025,Good,8.185,9.077e-05,3.069,3.404e-05,0.00,0.00,0.00,4.092,4.538e-05,2.046,2.269e-05,20.33,0.029,0.00,0.00,0.00,0.00,0.00,0.00,0.00,0.00,0.00,0.00,0.00,0.00,0.0014
-93.77438930,42.01667186,A3,TaskName 5/7/2025 (GreenStar 4 Monitor),Zidua SC & Sharpen,375,5/7/2025,0.200,On,1122.3,21.25,35.00,9.362,2.761,4.834,270.23,19.99,20.58,0,7,24.25,5/7/2025,Good,8.232,8.663e-05,3.087,3.249e-05,0.00,0.00,0.00,4.116,4.332e-05,2.058,2.166e-05,20.45,0.028,0.00,0.00,0.00,0.00,0.00,0.00,0.00,0.00,0.00,0.00,0.00,0.00,0.0013
-93.77439907,42.01667203,A3,TaskName 5/7/2025 (GreenStar 4 Monitor),Zidua SC & Sharpen,376,5/7/2025,0.199,On,1122.1,17.50,35.62,9.288,2.712,4.953,269.88,19.99,20.60,0,7,19.71,5/7/2025,Good,8.240,7.014e-05,3.090,2.630e-05,0.00,0.00,0.00,4.120,3.507e-05,2.060,1.754e-05,20.47,0.022,0.00,0.00,0.00,0.00,0.00,0.00,0.00,0.00,0.00,0.00,0.00,0.00,0.0011
-93.77440871,42.01667212,A3,TaskName 5/7/2025 (GreenStar 4 Monitor),Zidua SC & Sharpen,377,5/7/2025,0.201,On,1122.0,15.00,36.87,9.167,2.702,5.416,269.61,19.99,20.70,0,7,16.67,5/7/2025,Good,8.279,6.019e-05,3.105,2.257e-05,0.00,0.00,0.00,4.139,3.009e-05,2.070,1.505e-05,20.56,0.019,0.00,0.00,0.00,0.00,0.00,0.00,0.00,0.00,0.00,0.00,0.00,0.00,0.00093
-93.77441851,42.01667215,A3,TaskName 5/7/2025 (GreenStar 4 Monitor),Zidua SC & Sharpen,378,5/7/2025,0.200,On,1122.2,13.75,37.50,9.086,2.653,4.867,269.36,19.99,20.61,0,7,15.07,5/7/2025,Good,8.245,5.394e-05,3.092,2.023e-05,0.00,0.00,0.00,4.122,2.697e-05,2.061,1.349e-05,20.48,0.017,0.00,0.00,0.00,0.00,0.00,0.00,0.00,0.00,0.00,0.00,0.00,0.00,0.00084
-93.77442844,42.01667214,A3,TaskName 5/7/2025 (GreenStar 4 Monitor),Zidua SC & Sharpen,379,5/7/2025,0.199,On,1122.2,11.25,38.75,9.042,2.653,4.828,269.28,19.99,20.78,0,7,12.40,5/7/2025,Good,8.313,4.450e-05,3.117,1.669e-05,0.00,0.00,0.00,4.157,2.225e-05,2.078,1.113e-05,20.65,0.014,0.00,0.00,0.00,0.00,0.00,0.00,0.00,0.00,0.00,0.00,0.00,0.00,0.00069
-93.77443775,42.01667207,A3,TaskName 5/7/2025 (GreenStar 4 Monitor),Zidua SC & Sharpen,380,5/7/2025,0.201,On,1122.1,8.750,40.00,9.060,2.673,5.706,269.25,19.99,20.93,0,7,9.616,5/7/2025,Good,8.373,3.512e-05,3.140,1.317e-05,0.00,0.00,0.00,4.186,1.756e-05,2.093,8.780e-06,20.80,0.011,0.00,0.00,0.00,0.00,0.00,0.00,0.00,0.00,0.00,0.00,0.00,0.00,0.00054
-93.77444711,42.01667189,A3,TaskName 5/7/2025 (GreenStar 4 Monitor),Zidua SC & Sharpen,381,5/7/2025,0.200,On,1122.1,7.500,40.62,9.019,2.633,5.158,269.10,19.99,20.26,0,7,8.161,5/7/2025,Good,8.104,2.870e-05,3.039,1.076e-05,0.00,0.00,0.00,4.052,1.435e-05,2.026,7.176e-06,20.13,0.0091,0.00,0.00,0.00,0.00,0.00,0.00,0.00,0.00,0.00,0.00,0.00,0.00,0.00045
-93.77445710,42.01667182,A3,TaskName 5/7/2025 (GreenStar 4 Monitor),Zidua SC & Sharpen,382,5/7/2025,0.199,On,1122.0,5.000,41.87,8.901,2.610,4.253,269.03,19.99,20.86,0,7,5.420,5/7/2025,Good,8.343,1.953e-05,3.129,7.324e-06,0.00,0.00,0.00,4.172,9.765e-06,2.086,4.882e-06,20.72,0.0062,0.00,0.00,0.00,0.00,0.00,0.00,0.00,0.00,0.00,0.00,0.00,0.00,0.00030
-93.77446622,42.01667170,A3,TaskName 5/7/2025 (GreenStar 4 Monitor),Zidua SC & Sharpen,383,5/7/2025,0.206,On,1122.0,2.500,43.12,8.887,2.686,3.910,269.00,19.99,20.85,0,7,2.694,5/7/2025,Good,8.339,1.004e-05,3.127,3.766e-06,0.00,0.00,0.00,4.169,5.021e-06,2.085,2.511e-06,20.71,0.0032,0.00,0.00,0.00,0.00,0.00,0.00,0.00,0.00,0.00,0.00,0.00,0.00,0.00015
-93.77447564,42.01667160,A3,TaskName 5/7/2025 (GreenStar 4 Monitor),Zidua SC & Sharpen,384,5/7/2025,0.194,On,1122.1,1.250,43.75,8.874,2.525,2.490,268.96,19.99,20.46,0,7,1.345,5/7/2025,Good,8.185,4.633e-06,3.069,1.738e-06,0.00,0.00,0.00,4.092,2.317e-06,2.046,1.158e-06,20.33,0.0015,0.00,0.00,0.00,0.00,0.00,0.00,0.00,0.00,0.00,0.00,0.00,0.00,7.246e-05
-93.77152925,42.01646146,A3,TaskName 5/7/2025 (GreenStar 4 Monitor),Zidua SC & Sharpen,385,5/7/2025,1.005,On,1126.9,120.00,0.625,9.014,13.29,5.399,179.65,19.99,19.00,0,8,131.12,5/7/2025,Good,7.601,0.0022,2.850,0.00082,0.00,0.00,0.00,3.801,0.0011,1.900,0.00054,18.88,0.691,0.00,0.00,0.00,0.00,0.00,0.00,0.00,0.00,0.00,0.00,0.00,0.00,0.037
-93.77152873,42.01642348,A3,TaskName 5/7/2025 (GreenStar 4 Monitor),Zidua SC & Sharpen,386,5/7/2025,0.995,On,1126.7,120.00,0.625,9.432,13.77,4.511,180.13,19.99,19.06,0,8,137.21,5/7/2025,Good,7.622,0.0023,2.858,0.00085,0.00,0.00,0.00,3.811,0.0011,1.906,0.00056,18.93,0.718,0.00,0.00,0.00,0.00,0.00,0.00,0.00,0.00,0.00,0.00,0.00,0.00,0.038
-93.77152849,42.01638575,A3,TaskName 5/7/2025 (GreenStar 4 Monitor),Zidua SC & Sharpen,387,5/7/2025,1.000,On,1126.5,120.00,0.625,9.327,13.68,6.665,180.61,19.99,19.62,0,8,135.71,5/7/2025,Good,7.849,0.0023,2.943,0.00087,0.00,0.00,0.00,3.924,0.0012,1.962,0.00058,19.49,0.735,0.00,0.00,0.00,0.00,0.00,0.00,0.00,0.00,0.00,0.00,0.00,0.00,0.038
-93.77152916,42.01634725,A3,TaskName 5/7/2025 (GreenStar 4 Monitor),Zidua SC & Sharpen,388,5/7/2025,1.001,On,1126.4,120.00,0.625,9.428,13.85,6.526,179.98,19.99,19.76,0,8,137.20,5/7/2025,Good,7.903,0.0024,2.964,0.00088,0.00,0.00,0.00,3.952,0.0012,1.976,0.00059,19.63,0.749,0.00,0.00,0.00,0.00,0.00,0.00,0.00,0.00,0.00,0.00,0.00,0.00,0.038
-93.77152965,42.01630879,A3,TaskName 5/7/2025 (GreenStar 4 Monitor),Zidua SC & Sharpen,389,5/7/2025,1.000,On,1126.2,120.00,0.625,9.565,14.04,6.187,179.40,19.99,19.85,0,8,139.19,5/7/2025,Good,7.940,0.0024,2.978,0.00090,0.00,0.00,0.00,3.970,0.0012,1.985,0.00060,19.72,0.763,0.00,0.00,0.00,0.00,0.00,0.00,0.00,0.00,0.00,0.00,0.00,0.00,0.039
-93.77152914,42.01627026,A3,TaskName 5/7/2025 (GreenStar 4 Monitor),Zidua SC & Sharpen,390,5/7/2025,0.999,On,1126.2,120.00,0.625,9.575,14.03,5.899,179.84,19.99,19.89,0,8,139.30,5/7/2025,Good,7.955,0.0024,2.983,0.00090,0.00,0.00,0.00,3.977,0.0012,1.989,0.00060,19.76,0.764,0.00,0.00,0.00,0.00,0.00,0.00,0.00,0.00,0.00,0.00,0.00,0.00,0.039
-93.77152861,42.01623187,A3,TaskName 5/7/2025 (GreenStar 4 Monitor),Zidua SC & Sharpen,391,5/7/2025,1.000,On,1126.0,120.00,0.625,9.534,13.99,5.821,180.43,19.99,19.87,0,8,138.74,5/7/2025,Good,7.947,0.0024,2.980,0.00090,0.00,0.00,0.00,3.974,0.0012,1.987,0.00060,19.74,0.761,0.00,0.00,0.00,0.00,0.00,0.00,0.00,0.00,0.00,0.00,0.00,0.00,0.039
-93.77152891,42.01619351,A3,TaskName 5/7/2025 (GreenStar 4 Monitor),Zidua SC & Sharpen,392,5/7/2025,1.000,On,1125.9,120.00,0.625,9.538,14.00,5.372,180.46,19.99,19.95,0,8,138.80,5/7/2025,Good,7.979,0.0024,2.992,0.00090,0.00,0.00,0.00,3.989,0.0012,1.995,0.00060,19.82,0.764,0.00,0.00,0.00,0.00,0.00,0.00,0.00,0.00,0.00,0.00,0.00,0.00,0.039
-93.77152950,42.01615532,A3,TaskName 5/7/2025 (GreenStar 4 Monitor),Zidua SC & Sharpen,393,5/7/2025,1.000,On,1125.9,120.00,0.625,9.545,14.01,5.270,179.84,19.99,19.96,0,8,138.90,5/7/2025,Good,7.986,0.0024,2.995,0.00090,0.00,0.00,0.00,3.993,0.0012,1.996,0.00060,19.83,0.765,0.00,0.00,0.00,0.00,0.00,0.00,0.00,0.00,0.00,0.00,0.00,0.00,0.039
-93.77152959,42.01611718,A3,TaskName 5/7/2025 (GreenStar 4 Monitor),Zidua SC & Sharpen,394,5/7/2025,1.000,On,1125.7,120.00,0.625,9.473,13.90,6.131,179.70,19.99,20.02,0,8,137.83,5/7/2025,Good,8.006,0.0024,3.002,0.00090,0.00,0.00,0.00,4.003,0.0012,2.002,0.00060,19.89,0.761,0.00,0.00,0.00,0.00,0.00,0.00,0.00,0.00,0.00,0.00,0.00,0.00,0.038
-93.77152931,42.01607892,A3,TaskName 5/7/2025 (GreenStar 4 Monitor),Zidua SC & Sharpen,395,5/7/2025,1.000,On,1125.7,120.00,0.625,9.469,13.89,6.426,179.98,19.99,19.99,0,8,137.76,5/7/2025,Good,7.996,0.0024,2.998,0.00090,0.00,0.00,0.00,3.998,0.0012,1.999,0.00060,19.86,0.760,0.00,0.00,0.00,0.00,0.00,0.00,0.00,0.00,0.00,0.00,0.00,0.00,0.038
-93.77152938,42.01604056,A3,TaskName 5/7/2025 (GreenStar 4 Monitor),Zidua SC & Sharpen,396,5/7/2025,0.996,On,1125.6,120.00,0.625,9.492,13.87,6.249,179.75,19.99,19.94,0,8,138.12,5/7/2025,Good,7.978,0.0024,2.992,0.00089,0.00,0.00,0.00,3.989,0.0012,1.994,0.00060,19.81,0.757,0.00,0.00,0.00,0.00,0.00,0.00,0.00,0.00,0.00,0.00,0.00,0.00,0.038
-93.77152918,42.01600240,A3,TaskName 5/7/2025 (GreenStar 4 Monitor),Zidua SC & Sharpen,397,5/7/2025,1.000,On,1125.5,120.00,0.625,9.558,14.01,6.325,179.80,19.99,19.97,0,8,138.97,5/7/2025,Good,7.988,0.0024,2.995,0.00090,0.00,0.00,0.00,3.994,0.0012,1.997,0.00060,19.84,0.766,0.00,0.00,0.00,0.00,0.00,0.00,0.00,0.00,0.00,0.00,0.00,0.00,0.039
-93.77152885,42.01596399,A3,TaskName 5/7/2025 (GreenStar 4 Monitor),Zidua SC & Sharpen,398,5/7/2025,1.005,On,1125.6,120.00,0.625,9.510,14.02,6.189,180.29,19.99,19.85,0,8,138.37,5/7/2025,Good,7.942,0.0024,2.978,0.00090,0.00,0.00,0.00,3.971,0.0012,1.985,0.00060,19.73,0.762,0.00,0.00,0.00,0.00,0.00,0.00,0.00,0.00,0.00,0.00,0.00,0.00,0.039
-93.77152924,42.01592601,A3,TaskName 5/7/2025 (GreenStar 4 Monitor),Zidua SC & Sharpen,399,5/7/2025,1.000,On,1125.5,120.00,0.625,9.463,13.88,6.840,180.17,19.99,19.91,0,8,137.70,5/7/2025,Good,7.964,0.0024,2.987,0.00089,0.00,0.00,0.00,3.982,0.0012,1.991,0.00059,19.78,0.757,0.00,0.00,0.00,0.00,0.00,0.00,0.00,0.00,0.00,0.00,0.00,0.00,0.038
-93.77152949,42.01588766,A3,TaskName 5/7/2025 (GreenStar 4 Monitor),Zidua SC & Sharpen,400,5/7/2025,0.999,On,1125.6,120.00,0.625,9.493,13.93,6.153,179.58,19.99,19.87,0,8,138.26,5/7/2025,Good,7.948,0.0024,2.980,0.00089,0.00,0.00,0.00,3.974,0.0012,1.987,0.00060,19.74,0.757,0.00,0.00,0.00,0.00,0.00,0.00,0.00,0.00,0.00,0.00,0.00,0.00,0.038
-93.77152916,42.01584955,A3,TaskName 5/7/2025 (GreenStar 4 Monitor),Zidua SC & Sharpen,401,5/7/2025,0.995,On,1125.6,120.00,0.625,9.505,13.87,6.061,179.97,19.99,19.88,0,8,138.28,5/7/2025,Good,7.953,0.0024,2.982,0.00089,0.00,0.00,0.00,3.977,0.0012,1.988,0.00059,19.75,0.755,0.00,0.00,0.00,0.00,0.00,0.00,0.00,0.00,0.00,0.00,0.00,0.00,0.038
-93.77152875,42.01581168,A3,TaskName 5/7/2025 (GreenStar 4 Monitor),Zidua SC & Sharpen,402,5/7/2025,1.000,On,1125.7,120.00,0.625,9.444,13.85,7.270,180.45,19.99,20.00,0,8,137.39,5/7/2025,Good,8.000,0.0024,3.000,0.00089,0.00,0.00,0.00,4.000,0.0012,2.000,0.00060,19.87,0.758,0.00,0.00,0.00,0.00,0.00,0.00,0.00,0.00,0.00,0.00,0.00,0.00,0.038
-93.77152911,42.01577334,A3,TaskName 5/7/2025 (GreenStar 4 Monitor),Zidua SC & Sharpen,403,5/7/2025,1.000,On,1125.9,120.00,0.625,9.437,13.85,7.136,180.14,19.99,19.96,0,8,137.33,5/7/2025,Good,7.984,0.0024,2.994,0.00089,0.00,0.00,0.00,3.992,0.0012,1.996,0.00059,19.83,0.756,0.00,0.00,0.00,0.00,0.00,0.00,0.00,0.00,0.00,0.00,0.00,0.00,0.038
-93.77152941,42.01573514,A3,TaskName 5/7/2025 (GreenStar 4 Monitor),Zidua SC & Sharpen,404,5/7/2025,1.001,On,1126.0,120.00,0.625,9.525,13.97,6.702,179.91,19.99,19.91,0,8,138.42,5/7/2025,Good,7.966,0.0024,2.987,0.00090,0.00,0.00,0.00,3.983,0.0012,1.991,0.00060,19.79,0.762,0.00,0.00,0.00,0.00,0.00,0.00,0.00,0.00,0.00,0.00,0.00,0.00,0.038
-93.77152942,42.01569688,A3,TaskName 5/7/2025 (GreenStar 4 Monitor),Zidua SC & Sharpen,405,5/7/2025,0.999,On,1126.2,120.00,0.625,9.499,13.94,6.662,179.84,19.99,19.93,0,8,138.38,5/7/2025,Good,7.972,0.0024,2.990,0.00090,0.00,0.00,0.00,3.986,0.0012,1.993,0.00060,19.80,0.760,0.00,0.00,0.00,0.00,0.00,0.00,0.00,0.00,0.00,0.00,0.00,0.00,0.038
-93.77152917,42.01565876,A3,TaskName 5/7/2025 (GreenStar 4 Monitor),Zidua SC & Sharpen,406,5/7/2025,1.006,On,1126.4,120.00,0.625,9.464,13.95,7.084,180.19,19.99,19.98,0,8,137.51,5/7/2025,Good,7.990,0.0024,2.996,0.00090,0.00,0.00,0.00,3.995,0.0012,1.998,0.00060,19.85,0.763,0.00,0.00,0.00,0.00,0.00,0.00,0.00,0.00,0.00,0.00,0.00,0.00,0.038
-93.77152923,42.01562058,A3,TaskName 5/7/2025 (GreenStar 4 Monitor),Zidua SC & Sharpen,407,5/7/2025,0.994,On,1126.6,120.00,0.625,9.499,13.87,6.836,180.20,19.99,19.93,0,8,138.39,5/7/2025,Good,7.973,0.0024,2.990,0.00089,0.00,0.00,0.00,3.986,0.0012,1.993,0.00059,19.80,0.757,0.00,0.00,0.00,0.00,0.00,0.00,0.00,0.00,0.00,0.00,0.00,0.00,0.038
-93.77152961,42.01558223,A3,TaskName 5/7/2025 (GreenStar 4 Monitor),Zidua SC & Sharpen,408,5/7/2025,1.000,On,1126.7,120.00,0.625,9.489,13.92,6.330,179.79,19.99,19.92,0,8,138.04,5/7/2025,Good,7.968,0.0024,2.988,0.00090,0.00,0.00,0.00,3.984,0.0012,1.992,0.00060,19.79,0.759,0.00,0.00,0.00,0.00,0.00,0.00,0.00,0.00,0.00,0.00,0.00,0.00,0.038
-93.77152966,42.01554378,A3,TaskName 5/7/2025 (GreenStar 4 Monitor),Zidua SC & Sharpen,409,5/7/2025,1.000,On,1126.7,120.00,0.625,9.529,13.98,5.895,179.55,19.99,19.88,0,8,138.66,5/7/2025,Good,7.953,0.0024,2.982,0.00090,0.00,0.00,0.00,3.976,0.0012,1.988,0.00060,19.75,0.761,0.00,0.00,0.00,0.00,0.00,0.00,0.00,0.00,0.00,0.00,0.00,0.00,0.039
-93.77152919,42.01550539,A3,TaskName 5/7/2025 (GreenStar 4 Monitor),Zidua SC & Sharpen,410,5/7/2025,1.000,On,1126.6,120.00,0.625,9.567,14.03,5.605,179.91,19.99,19.86,0,8,139.18,5/7/2025,Good,7.944,0.0024,2.979,0.00090,0.00,0.00,0.00,3.972,0.0012,1.986,0.00060,19.73,0.763,0.00,0.00,0.00,0.00,0.00,0.00,0.00,0.00,0.00,0.00,0.00,0.00,0.039
-93.77152883,42.01546693,A3,TaskName 5/7/2025 (GreenStar 4 Monitor),Zidua SC & Sharpen,411,5/7/2025,1.006,On,1126.6,120.00,0.625,9.543,14.09,5.957,180.49,19.99,19.90,0,8,138.87,5/7/2025,Good,7.958,0.0024,2.984,0.00090,0.00,0.00,0.00,3.979,0.0012,1.990,0.00060,19.77,0.767,0.00,0.00,0.00,0.00,0.00,0.00,0.00,0.00,0.00,0.00,0.00,0.00,0.039
-93.77152930,42.01542830,A3,TaskName 5/7/2025 (GreenStar 4 Monitor),Zidua SC & Sharpen,412,5/7/2025,0.995,On,1126.5,120.00,0.625,9.555,13.94,6.266,180.02,19.99,19.88,0,8,138.90,5/7/2025,Good,7.951,0.0024,2.982,0.00089,0.00,0.00,0.00,3.975,0.0012,1.988,0.00060,19.75,0.758,0.00,0.00,0.00,0.00,0.00,0.00,0.00,0.00,0.00,0.00,0.00,0.00,0.038
-93.77152969,42.01538960,A3,TaskName 5/7/2025 (GreenStar 4 Monitor),Zidua SC & Sharpen,413,5/7/2025,1.004,On,1126.4,120.00,0.625,9.619,14.19,5.826,179.55,19.99,19.85,0,8,140.12,5/7/2025,Good,7.942,0.0024,2.978,0.00091,0.00,0.00,0.00,3.971,0.0012,1.985,0.00061,19.73,0.771,0.00,0.00,0.00,0.00,0.00,0.00,0.00,0.00,0.00,0.00,0.00,0.00,0.039
-93.77152943,42.01535113,A3,TaskName 5/7/2025 (GreenStar 4 Monitor),Zidua SC & Sharpen,414,5/7/2025,0.996,On,1126.5,120.00,0.625,9.580,14.00,6.472,180.00,19.99,19.88,0,8,139.38,5/7/2025,Good,7.951,0.0024,2.981,0.00090,0.00,0.00,0.00,3.975,0.0012,1.988,0.00060,19.75,0.761,0.00,0.00,0.00,0.00,0.00,0.00,0.00,0.00,0.00,0.00,0.00,0.00,0.039
-93.77152927,42.01531263,A3,TaskName 5/7/2025 (GreenStar 4 Monitor),Zidua SC & Sharpen,415,5/7/2025,0.999,On,1126.3,120.00,0.625,9.554,14.00,6.598,180.08,19.99,19.92,0,8,139.00,5/7/2025,Good,7.967,0.0024,2.988,0.00090,0.00,0.00,0.00,3.984,0.0012,1.992,0.00060,19.79,0.763,0.00,0.00,0.00,0.00,0.00,0.00,0.00,0.00,0.00,0.00,0.00,0.00,0.039
-93.77152942,42.01528166,A3,TaskName 5/7/2025 (GreenStar 4 Monitor),Zidua SC & Sharpen,416,5/7/2025,0.801,On,1126.3,120.00,0.625,9.581,11.26,6.239,179.62,19.99,19.90,0,8,139.41,5/7/2025,Good,7.961,0.0019,2.986,0.00072,0.00,0.00,0.00,3.981,0.00096,1.990,0.00048,19.77,0.613,0.00,0.00,0.00,0.00,0.00,0.00,0.00,0.00,0.00,0.00,0.00,0.00,0.031
-93.77152945,42.01527394,A3,TaskName 5/7/2025 (GreenStar 4 Monitor),Zidua SC & Sharpen,417,5/7/2025,0.204,On,1126.4,121.25,0.00,9.621,2.880,6.122,179.57,19.99,19.90,0,8,141.45,5/7/2025,Good,7.958,0.00050,2.984,0.00019,0.00,0.00,0.00,3.979,0.00025,1.990,0.00012,19.77,0.158,0.00,0.00,0.00,0.00,0.00,0.00,0.00,0.00,0.00,0.00,0.00,0.00,0.0080
-93.77152936,42.01526617,A3,TaskName 5/7/2025 (GreenStar 4 Monitor),Zidua SC & Sharpen,418,5/7/2025,0.195,On,1126.4,120.00,0.625,9.612,2.748,5.865,179.66,19.99,19.86,0,8,139.78,5/7/2025,Good,7.945,0.00047,2.979,0.00018,0.00,0.00,0.00,3.973,0.00023,1.986,0.00012,19.73,0.149,0.00,0.00,0.00,0.00,0.00,0.00,0.00,0.00,0.00,0.00,0.00,0.00,0.0076
-93.77152927,42.01525853,A3,TaskName 5/7/2025 (GreenStar 4 Monitor),Zidua SC & Sharpen,419,5/7/2025,0.206,On,1126.3,117.50,-0.625,9.614,2.893,6.030,179.80,19.99,20.00,0,8,136.36,5/7/2025,Good,8.001,0.00049,3.000,0.00018,0.00,0.00,0.00,4.000,0.00024,2.000,0.00012,19.87,0.155,0.00,0.00,0.00,0.00,0.00,0.00,0.00,0.00,0.00,0.00,0.00,0.00,0.0078
-93.77152910,42.01525087,A3,TaskName 5/7/2025 (GreenStar 4 Monitor),Zidua SC & Sharpen,420,5/7/2025,0.194,On,1126.3,115.00,-1.875,9.603,2.748,5.713,179.95,19.99,20.14,0,8,134.65,5/7/2025,Good,8.057,0.00046,3.021,0.00017,0.00,0.00,0.00,4.028,0.00023,2.014,0.00011,20.01,0.145,0.00,0.00,0.00,0.00,0.00,0.00,0.00,0.00,0.00,0.00,0.00,0.00,0.0073
-93.77152895,42.01524313,A3,TaskName 5/7/2025 (GreenStar 4 Monitor),Zidua SC & Sharpen,421,5/7/2025,0.200,On,1126.4,111.25,-3.750,9.572,2.807,5.508,180.10,19.99,20.09,0,8,129.06,5/7/2025,Good,8.035,0.00045,3.013,0.00017,0.00,0.00,0.00,4.018,0.00023,2.009,0.00011,19.96,0.143,0.00,0.00,0.00,0.00,0.00,0.00,0.00,0.00,0.00,0.00,0.00,0.00,0.0072
-93.77152898,42.01523538,A3,TaskName 5/7/2025 (GreenStar 4 Monitor),Zidua SC & Sharpen,422,5/7/2025,0.205,On,1126.4,108.75,-5.000,9.565,2.876,5.383,180.28,19.99,20.09,0,8,126.11,5/7/2025,Good,8.035,0.00045,3.013,0.00017,0.00,0.00,0.00,4.018,0.00023,2.009,0.00011,19.96,0.143,0.00,0.00,0.00,0.00,0.00,0.00,0.00,0.00,0.00,0.00,0.00,0.00,0.0072
-93.77152875,42.01522756,A3,TaskName 5/7/2025 (GreenStar 4 Monitor),Zidua SC & Sharpen,423,5/7/2025,0.196,On,1126.4,105.00,-6.875,9.581,2.742,5.581,180.46,19.99,20.42,0,8,121.39,5/7/2025,Good,8.168,0.00042,3.063,0.00016,0.00,0.00,0.00,4.084,0.00021,2.042,0.00011,20.29,0.134,0.00,0.00,0.00,0.00,0.00,0.00,0.00,0.00,0.00,0.00,0.00,0.00,0.0066
-93.77152869,42.01521989,A3,TaskName 5/7/2025 (GreenStar 4 Monitor),Zidua SC & Sharpen,424,5/7/2025,0.204,On,1126.4,102.50,-8.125,9.603,2.890,5.567,180.62,19.99,20.38,0,8,119.99,5/7/2025,Good,8.151,0.00043,3.056,0.00016,0.00,0.00,0.00,4.075,0.00022,2.038,0.00011,20.24,0.138,0.00,0.00,0.00,0.00,0.00,0.00,0.00,0.00,0.00,0.00,0.00,0.00,0.0068
-93.77152861,42.01521226,A3,TaskName 5/7/2025 (GreenStar 4 Monitor),Zidua SC & Sharpen,425,5/7/2025,0.195,On,1126.5,98.75,-10.000,9.605,2.748,5.614,180.79,19.99,20.31,0,8,115.03,5/7/2025,Good,8.125,0.00040,3.047,0.00015,0.00,0.00,0.00,4.062,0.00020,2.031,9.887e-05,20.18,0.126,0.00,0.00,0.00,0.00,0.00,0.00,0.00,0.00,0.00,0.00,0.00,0.00,0.0062
-93.77152863,42.01520451,A3,TaskName 5/7/2025 (GreenStar 4 Monitor),Zidua SC & Sharpen,426,5/7/2025,0.200,On,1126.5,96.25,-11.25,9.574,2.811,5.719,180.85,19.99,20.43,0,8,111.79,5/7/2025,Good,8.172,0.00040,3.064,0.00015,0.00,0.00,0.00,4.086,0.00020,2.043,9.913e-05,20.30,0.126,0.00,0.00,0.00,0.00,0.00,0.00,0.00,0.00,0.00,0.00,0.00,0.00,0.0062
-93.77152892,42.01519688,A3,TaskName 5/7/2025 (GreenStar 4 Monitor),Zidua SC & Sharpen,427,5/7/2025,0.205,On,1126.5,92.50,-13.12,9.561,2.876,6.201,180.74,19.99,20.47,0,8,107.26,5/7/2025,Good,8.189,0.00039,3.071,0.00015,0.00,0.00,0.00,4.095,0.00020,2.047,9.769e-05,20.34,0.124,0.00,0.00,0.00,0.00,0.00,0.00,0.00,0.00,0.00,0.00,0.00,0.00,0.0061
-93.77152917,42.01518936,A3,TaskName 5/7/2025 (GreenStar 4 Monitor),Zidua SC & Sharpen,428,5/7/2025,0.195,On,1126.5,90.00,-14.37,9.556,2.735,6.472,180.58,19.99,20.57,0,8,104.33,5/7/2025,Good,8.228,0.00036,3.085,0.00014,0.00,0.00,0.00,4.114,0.00018,2.057,9.082e-05,20.44,0.115,0.00,0.00,0.00,0.00,0.00,0.00,0.00,0.00,0.00,0.00,0.00,0.00,0.0057
-93.77152942,42.01518171,A3,TaskName 5/7/2025 (GreenStar 4 Monitor),Zidua SC & Sharpen,429,5/7/2025,0.200,On,1126.6,86.25,-16.25,9.514,2.791,6.386,180.39,19.99,20.50,0,8,99.48,5/7/2025,Good,8.202,0.00035,3.076,0.00013,0.00,0.00,0.00,4.101,0.00018,2.050,8.853e-05,20.37,0.113,0.00,0.00,0.00,0.00,0.00,0.00,0.00,0.00,0.00,0.00,0.00,0.00,0.0055
-93.77152961,42.01517396,A3,TaskName 5/7/2025 (GreenStar 4 Monitor),Zidua SC & Sharpen,430,5/7/2025,0.200,On,1126.6,82.50,-18.12,9.478,2.781,5.983,180.16,19.99,20.59,0,8,94.81,5/7/2025,Good,8.236,0.00034,3.089,0.00013,0.00,0.00,0.00,4.118,0.00017,2.059,8.473e-05,20.46,0.108,0.00,0.00,0.00,0.00,0.00,0.00,0.00,0.00,0.00,0.00,0.00,0.00,0.0053
-93.77152983,42.01516625,A3,TaskName 5/7/2025 (GreenStar 4 Monitor),Zidua SC & Sharpen,431,5/7/2025,0.200,On,1126.6,80.00,-19.37,9.498,2.788,6.234,179.90,19.99,20.73,0,8,92.16,5/7/2025,Good,8.292,0.00033,3.109,0.00012,0.00,0.00,0.00,4.146,0.00017,2.073,8.292e-05,20.59,0.105,0.00,0.00,0.00,0.00,0.00,0.00,0.00,0.00,0.00,0.00,0.00,0.00,0.0051
-93.77152992,42.01515859,A3,TaskName 5/7/2025 (GreenStar 4 Monitor),Zidua SC & Sharpen,432,5/7/2025,0.200,On,1126.6,76.25,-21.25,9.536,2.798,6.083,179.61,19.99,20.84,0,8,88.15,5/7/2025,Good,8.334,0.00032,3.125,0.00012,0.00,0.00,0.00,4.167,0.00016,2.084,7.972e-05,20.70,0.101,0.00,0.00,0.00,0.00,0.00,0.00,0.00,0.00,0.00,0.00,0.00,0.00,0.0049
-93.77153022,42.01515091,A3,TaskName 5/7/2025 (GreenStar 4 Monitor),Zidua SC & Sharpen,433,5/7/2025,0.201,On,1126.7,72.50,-23.12,9.549,2.801,5.812,179.33,19.99,20.76,0,8,83.49,5/7/2025,Good,8.305,0.00030,3.114,0.00011,0.00,0.00,0.00,4.152,0.00015,2.076,7.561e-05,20.63,0.096,0.00,0.00,0.00,0.00,0.00,0.00,0.00,0.00,0.00,0.00,0.00,0.00,0.0047
-93.77153030,42.01514313,A3,TaskName 5/7/2025 (GreenStar 4 Monitor),Zidua SC & Sharpen,434,5/7/2025,0.200,On,1126.7,68.75,-25.00,9.549,2.817,5.587,179.16,19.99,20.80,0,8,80.04,5/7/2025,Good,8.322,0.00029,3.121,0.00011,0.00,0.00,0.00,4.161,0.00014,2.080,7.227e-05,20.67,0.092,0.00,0.00,0.00,0.00,0.00,0.00,0.00,0.00,0.00,0.00,0.00,0.00,0.0044
-93.77153023,42.01513547,A3,TaskName 5/7/2025 (GreenStar 4 Monitor),Zidua SC & Sharpen,435,5/7/2025,0.200,On,1126.7,66.25,-27.50,9.570,2.794,5.686,179.14,19.99,20.75,0,8,76.50,5/7/2025,Good,8.300,0.00028,3.113,0.00010,0.00,0.00,0.00,4.150,0.00014,2.075,6.890e-05,20.62,0.088,0.00,0.00,0.00,0.00,0.00,0.00,0.00,0.00,0.00,0.00,0.00,0.00,0.0042
-93.77153005,42.01512789,A3,TaskName 5/7/2025 (GreenStar 4 Monitor),Zidua SC & Sharpen,436,5/7/2025,0.200,On,1126.7,62.50,-28.12,9.576,2.811,5.633,179.17,19.99,20.89,0,8,72.59,5/7/2025,Good,8.356,0.00026,3.133,9.873e-05,0.00,0.00,0.00,4.178,0.00013,2.089,6.582e-05,20.75,0.084,0.00,0.00,0.00,0.00,0.00,0.00,0.00,0.00,0.00,0.00,0.00,0.00,0.0040
-93.77152989,42.01512029,A3,TaskName 5/7/2025 (GreenStar 4 Monitor),Zidua SC & Sharpen,437,5/7/2025,0.200,On,1126.8,58.75,-30.00,9.543,2.814,5.845,179.26,19.99,20.86,0,8,68.32,5/7/2025,Good,8.343,0.00025,3.129,9.277e-05,0.00,0.00,0.00,4.172,0.00012,2.086,6.185e-05,20.72,0.079,0.00,0.00,0.00,0.00,0.00,0.00,0.00,0.00,0.00,0.00,0.00,0.00,0.0038
-93.77152976,42.01511264,A3,TaskName 5/7/2025 (GreenStar 4 Monitor),Zidua SC & Sharpen,438,5/7/2025,0.200,On,1126.8,56.25,-31.25,9.503,2.775,5.719,179.41,19.99,20.94,0,8,64.49,5/7/2025,Good,8.377,0.00023,3.141,8.794e-05,0.00,0.00,0.00,4.189,0.00012,2.094,5.862e-05,20.81,0.075,0.00,0.00,0.00,0.00,0.00,0.00,0.00,0.00,0.00,0.00,0.00,0.00,0.0036
-93.77152942,42.01510515,A3,TaskName 5/7/2025 (GreenStar 4 Monitor),Zidua SC & Sharpen,439,5/7/2025,0.200,On,1126.8,52.50,-33.12,9.480,2.794,4.808,179.63,19.99,20.89,0,8,60.62,5/7/2025,Good,8.356,0.00022,3.133,8.245e-05,0.00,0.00,0.00,4.178,0.00011,2.089,5.496e-05,20.75,0.070,0.00,0.00,0.00,0.00,0.00,0.00,0.00,0.00,0.00,0.00,0.00,0.00,0.0034
-93.77152927,42.01509760,A3,TaskName 5/7/2025 (GreenStar 4 Monitor),Zidua SC & Sharpen,440,5/7/2025,0.200,On,1126.8,48.75,-35.00,9.444,2.758,4.286,179.89,19.99,21.09,0,8,55.56,5/7/2025,Good,8.437,0.00020,3.164,7.630e-05,0.00,0.00,0.00,4.219,0.00010,2.109,5.087e-05,20.96,0.065,0.00,0.00,0.00,0.00,0.00,0.00,0.00,0.00,0.00,0.00,0.00,0.00,0.0031
-93.77152912,42.01509017,A3,TaskName 5/7/2025 (GreenStar 4 Monitor),Zidua SC & Sharpen,441,5/7/2025,0.200,On,1126.8,45.00,-36.87,9.406,2.762,4.253,180.13,19.99,20.96,0,8,51.35,5/7/2025,Good,8.386,0.00019,3.145,7.009e-05,0.00,0.00,0.00,4.193,9.345e-05,2.096,4.673e-05,20.83,0.059,0.00,0.00,0.00,0.00,0.00,0.00,0.00,0.00,0.00,0.00,0.00,0.00,0.0029
-93.77152899,42.01508297,A3,TaskName 5/7/2025 (GreenStar 4 Monitor),Zidua SC & Sharpen,442,5/7/2025,0.205,On,1126.9,42.50,-38.12,9.371,2.830,4.537,180.32,19.99,20.94,0,8,48.50,5/7/2025,Good,8.377,0.00018,3.141,6.778e-05,0.00,0.00,0.00,4.189,9.037e-05,2.094,4.518e-05,20.81,0.057,0.00,0.00,0.00,0.00,0.00,0.00,0.00,0.00,0.00,0.00,0.00,0.00,0.0028
-93.77152883,42.01507572,A3,TaskName 5/7/2025 (GreenStar 4 Monitor),Zidua SC & Sharpen,443,5/7/2025,0.195,On,1126.9,38.75,-40.00,9.281,2.640,5.151,180.48,19.99,21.00,0,8,43.36,5/7/2025,Good,8.399,0.00015,3.149,5.779e-05,0.00,0.00,0.00,4.199,7.705e-05,2.100,3.853e-05,20.86,0.049,0.00,0.00,0.00,0.00,0.00,0.00,0.00,0.00,0.00,0.00,0.00,0.00,0.0023
-93.77152878,42.01506861,A3,TaskName 5/7/2025 (GreenStar 4 Monitor),Zidua SC & Sharpen,444,5/7/2025,0.205,On,1126.9,36.25,-41.25,9.158,2.755,6.334,180.53,19.99,21.06,0,8,40.26,5/7/2025,Good,8.424,0.00015,3.159,5.658e-05,0.00,0.00,0.00,4.212,7.545e-05,2.106,3.772e-05,20.92,0.048,0.00,0.00,0.00,0.00,0.00,0.00,0.00,0.00,0.00,0.00,0.00,0.00,0.0023
-93.77152899,42.01506141,A3,TaskName 5/7/2025 (GreenStar 4 Monitor),Zidua SC & Sharpen,445,5/7/2025,0.194,On,1127.0,32.50,-43.12,9.057,2.591,6.433,180.56,19.99,21.19,0,8,35.87,5/7/2025,Good,8.476,0.00013,3.178,4.800e-05,0.00,0.00,0.00,4.238,6.400e-05,2.119,3.200e-05,21.05,0.041,0.00,0.00,0.00,0.00,0.00,0.00,0.00,0.00,0.00,0.00,0.00,0.00,0.0019
-93.77152888,42.01505421,A3,TaskName 5/7/2025 (GreenStar 4 Monitor),Zidua SC & Sharpen,446,5/7/2025,0.201,On,1127.0,30.00,-44.37,8.990,2.650,6.274,180.59,19.99,21.04,0,8,32.69,5/7/2025,Good,8.416,0.00012,3.156,4.500e-05,0.00,0.00,0.00,4.208,6.000e-05,2.104,3.000e-05,20.90,0.038,0.00,0.00,0.00,0.00,0.00,0.00,0.00,0.00,0.00,0.00,0.00,0.00,0.0018
-93.77152909,42.01504705,A3,TaskName 5/7/2025 (GreenStar 4 Monitor),Zidua SC & Sharpen,447,5/7/2025,0.200,On,1127.0,26.25,-46.25,8.961,2.617,6.565,180.43,19.99,21.05,0,8,28.39,5/7/2025,Good,8.420,0.00010,3.158,3.891e-05,0.00,0.00,0.00,4.210,5.187e-05,2.105,2.594e-05,20.91,0.033,0.00,0.00,0.00,0.00,0.00,0.00,0.00,0.00,0.00,0.00,0.00,0.00,0.0016
-93.77152925,42.01504000,A3,TaskName 5/7/2025 (GreenStar 4 Monitor),Zidua SC & Sharpen,448,5/7/2025,0.200,On,1127.0,22.50,-48.12,8.943,2.637,6.254,180.22,19.99,21.21,0,8,24.52,5/7/2025,Good,8.484,9.028e-05,3.182,3.385e-05,0.00,0.00,0.00,4.242,4.514e-05,2.121,2.257e-05,21.07,0.029,0.00,0.00,0.00,0.00,0.00,0.00,0.00,0.00,0.00,0.00,0.00,0.00,0.0014
-93.77152940,42.01503289,A3,TaskName 5/7/2025 (GreenStar 4 Monitor),Zidua SC & Sharpen,449,5/7/2025,0.205,On,1127.0,20.00,-49.37,8.907,2.666,5.759,180.01,19.99,20.90,0,8,21.50,5/7/2025,Good,8.360,7.996e-05,3.135,2.998e-05,0.00,0.00,0.00,4.180,3.998e-05,2.090,1.999e-05,20.76,0.025,0.00,0.00,0.00,0.00,0.00,0.00,0.00,0.00,0.00,0.00,0.00,0.00,0.0012
-93.77152955,42.01502583,A3,TaskName 5/7/2025 (GreenStar 4 Monitor),Zidua SC & Sharpen,450,5/7/2025,0.195,On,1127.0,17.50,-50.62,8.865,2.535,5.567,179.74,19.99,21.32,0,8,18.80,5/7/2025,Good,8.527,6.785e-05,3.198,2.544e-05,0.00,0.00,0.00,4.263,3.392e-05,2.132,1.696e-05,21.18,0.022,0.00,0.00,0.00,0.00,0.00,0.00,0.00,0.00,0.00,0.00,0.00,0.00,0.0010
-93.77152975,42.01501892,A3,TaskName 5/7/2025 (GreenStar 4 Monitor),Zidua SC & Sharpen,451,5/7/2025,0.199,On,1127.0,13.75,-52.50,8.838,2.594,5.105,179.51,19.99,21.19,0,8,14.81,5/7/2025,Good,8.476,5.422e-05,3.178,2.033e-05,0.00,0.00,0.00,4.238,2.711e-05,2.119,1.356e-05,21.05,0.017,0.00,0.00,0.00,0.00,0.00,0.00,0.00,0.00,0.00,0.00,0.00,0.00,0.00082
-93.77152977,42.01501208,A3,TaskName 5/7/2025 (GreenStar 4 Monitor),Zidua SC & Sharpen,452,5/7/2025,0.200,On,1127.1,11.25,-53.75,8.787,2.578,4.068,179.40,19.99,21.16,0,8,11.98,5/7/2025,Good,8.463,4.402e-05,3.174,1.651e-05,0.00,0.00,0.00,4.231,2.201e-05,2.116,1.100e-05,21.02,0.014,0.00,0.00,0.00,0.00,0.00,0.00,0.00,0.00,0.00,0.00,0.00,0.00,0.00067
-93.77152971,42.01500536,A3,TaskName 5/7/2025 (GreenStar 4 Monitor),Zidua SC & Sharpen,453,5/7/2025,0.200,On,1127.0,8.750,-55.00,8.699,2.552,3.263,179.48,19.99,21.40,0,8,9.226,5/7/2025,Good,8.561,3.428e-05,3.210,1.286e-05,0.00,0.00,0.00,4.281,1.714e-05,2.140,8.570e-06,21.26,0.011,0.00,0.00,0.00,0.00,0.00,0.00,0.00,0.00,0.00,0.00,0.00,0.00,0.00051
-93.77152950,42.01499893,A3,TaskName 5/7/2025 (GreenStar 4 Monitor),Zidua SC & Sharpen,454,5/7/2025,0.206,On,1127.0,5.000,-56.87,8.597,2.584,2.946,179.53,19.99,21.23,0,8,5.184,5/7/2025,Good,8.493,1.968e-05,3.185,7.381e-06,0.00,0.00,0.00,4.246,9.841e-06,2.123,4.921e-06,21.09,0.0063,0.00,0.00,0.00,0.00,0.00,0.00,0.00,0.00,0.00,0.00,0.00,0.00,0.00030
-93.77152956,42.01499282,A3,TaskName 5/7/2025 (GreenStar 4 Monitor),Zidua SC & Sharpen,455,5/7/2025,0.194,On,1127.0,2.500,-58.12,8.444,2.417,2.635,179.58,19.99,21.18,0,8,2.574,5/7/2025,Good,8.471,9.181e-06,3.177,3.443e-06,0.00,0.00,0.00,4.236,4.590e-06,2.118,2.295e-06,21.04,0.0029,0.00,0.00,0.00,0.00,0.00,0.00,0.00,0.00,0.00,0.00,0.00,0.00,0.00014
-93.77196798,42.01525711,A3,TaskName 5/7/2025 (GreenStar 4 Monitor),Zidua SC & Sharpen,456,5/7/2025,0.199,On,1128.4,3.750,57.50,8.389,2.448,5.660,358.41,19.99,20.45,0,9,3.812,5/7/2025,Good,8.181,1.347e-05,3.068,5.051e-06,0.00,0.00,0.00,4.090,6.734e-06,2.045,3.367e-06,20.32,0.0043,0.00,0.00,0.00,0.00,0.00,0.00,0.00,0.00,0.00,0.00,0.00,0.00,0.00021
-93.77196850,42.01526387,A3,TaskName 5/7/2025 (GreenStar 4 Monitor),Zidua SC & Sharpen,457,5/7/2025,0.201,On,1128.4,6.250,56.25,8.424,2.481,5.838,358.63,19.99,20.91,0,9,6.375,5/7/2025,Good,8.364,2.326e-05,3.137,8.722e-06,0.00,0.00,0.00,4.182,1.163e-05,2.091,5.815e-06,20.78,0.0074,0.00,0.00,0.00,0.00,0.00,0.00,0.00,0.00,0.00,0.00,0.00,0.00,0.00036
-93.77196880,42.01527075,A3,TaskName 5/7/2025 (GreenStar 4 Monitor),Zidua SC & Sharpen,458,5/7/2025,0.200,On,1128.4,8.750,55.00,8.442,2.474,5.653,358.74,19.99,20.46,0,9,8.946,5/7/2025,Good,8.185,3.178e-05,3.069,1.192e-05,0.00,0.00,0.00,4.092,1.589e-05,2.046,7.945e-06,20.33,0.010,0.00,0.00,0.00,0.00,0.00,0.00,0.00,0.00,0.00,0.00,0.00,0.00,0.00050
-93.77196898,42.01527784,A3,TaskName 5/7/2025 (GreenStar 4 Monitor),Zidua SC & Sharpen,459,5/7/2025,0.200,On,1128.3,11.25,53.75,8.453,2.477,5.799,358.77,19.99,20.80,0,9,11.52,5/7/2025,Good,8.322,4.160e-05,3.121,1.560e-05,0.00,0.00,0.00,4.161,2.080e-05,2.080,1.040e-05,20.67,0.013,0.00,0.00,0.00,0.00,0.00,0.00,0.00,0.00,0.00,0.00,0.00,0.00,0.00064
-93.77196907,42.01528481,A3,TaskName 5/7/2025 (GreenStar 4 Monitor),Zidua SC & Sharpen,460,5/7/2025,0.200,On,1128.2,15.00,51.87,8.525,2.487,6.017,358.74,19.99,20.68,0,9,15.42,5/7/2025,Good,8.270,5.534e-05,3.101,2.075e-05,0.00,0.00,0.00,4.135,2.767e-05,2.068,1.383e-05,20.54,0.018,0.00,0.00,0.00,0.00,0.00,0.00,0.00,0.00,0.00,0.00,0.00,0.00,0.00086
-93.77196920,42.01529181,A3,TaskName 5/7/2025 (GreenStar 4 Monitor),Zidua SC & Sharpen,461,5/7/2025,0.199,On,1128.2,17.50,50.62,8.594,2.520,5.924,358.77,19.99,20.43,0,9,18.32,5/7/2025,Good,8.172,6.464e-05,3.064,2.424e-05,0.00,0.00,0.00,4.086,3.232e-05,2.043,1.616e-05,20.30,0.021,0.00,0.00,0.00,0.00,0.00,0.00,0.00,0.00,0.00,0.00,0.00,0.00,0.0010
-93.77196960,42.01529889,A3,TaskName 5/7/2025 (GreenStar 4 Monitor),Zidua SC & Sharpen,462,5/7/2025,0.201,On,1128.1,21.25,48.75,8.628,2.543,5.396,358.96,19.99,20.50,0,9,22.22,5/7/2025,Good,8.202,7.949e-05,3.076,2.981e-05,0.00,0.00,0.00,4.101,3.975e-05,2.050,1.987e-05,20.37,0.025,0.00,0.00,0.00,0.00,0.00,0.00,0.00,0.00,0.00,0.00,0.00,0.00,0.0012
-93.77196984,42.01530609,A3,TaskName 5/7/2025 (GreenStar 4 Monitor),Zidua SC & Sharpen,463,5/7/2025,0.199,On,1128.1,23.75,47.50,8.670,2.530,5.145,359.15,19.99,20.29,0,9,24.95,5/7/2025,Good,8.116,8.747e-05,3.044,3.280e-05,0.00,0.00,0.00,4.058,4.373e-05,2.029,2.187e-05,20.16,0.028,0.00,0.00,0.00,0.00,0.00,0.00,0.00,0.00,0.00,0.00,0.00,0.00,0.0014
-93.77197009,42.01531326,A3,TaskName 5/7/2025 (GreenStar 4 Monitor),Zidua SC & Sharpen,464,5/7/2025,0.200,On,1128.0,27.50,45.62,8.737,2.563,5.297,359.32,19.99,20.30,0,9,29.12,5/7/2025,Good,8.121,0.00010,3.045,3.849e-05,0.00,0.00,0.00,4.060,5.132e-05,2.030,2.566e-05,20.17,0.033,0.00,0.00,0.00,0.00,0.00,0.00,0.00,0.00,0.00,0.00,0.00,0.00,0.0016
-93.77197029,42.01532045,A3,TaskName 5/7/2025 (GreenStar 4 Monitor),Zidua SC & Sharpen,465,5/7/2025,0.205,On,1128.0,30.00,44.37,8.811,2.648,5.191,359.40,19.99,20.40,0,9,32.03,5/7/2025,Good,8.159,0.00012,3.060,4.359e-05,0.00,0.00,0.00,4.080,5.812e-05,2.040,2.906e-05,20.27,0.037,0.00,0.00,0.00,0.00,0.00,0.00,0.00,0.00,0.00,0.00,0.00,0.00,0.0018
-93.77197041,42.01532759,A3,TaskName 5/7/2025 (GreenStar 4 Monitor),Zidua SC & Sharpen,466,5/7/2025,0.196,On,1127.9,33.75,42.50,8.858,2.533,4.940,359.42,19.99,20.18,0,9,36.05,5/7/2025,Good,8.074,0.00012,3.028,4.642e-05,0.00,0.00,0.00,4.037,6.190e-05,2.018,3.095e-05,20.05,0.039,0.00,0.00,0.00,0.00,0.00,0.00,0.00,0.00,0.00,0.00,0.00,0.00,0.0020
-93.77197058,42.01533497,A3,TaskName 5/7/2025 (GreenStar 4 Monitor),Zidua SC & Sharpen,467,5/7/2025,0.195,On,1127.9,37.50,40.62,8.881,2.540,4.630,359.55,19.99,20.12,0,9,40.36,5/7/2025,Good,8.048,0.00014,3.018,5.155e-05,0.00,0.00,0.00,4.024,6.874e-05,2.012,3.437e-05,19.99,0.044,0.00,0.00,0.00,0.00,0.00,0.00,0.00,0.00,0.00,0.00,0.00,0.00,0.0022
-93.77197080,42.01534225,A3,TaskName 5/7/2025 (GreenStar 4 Monitor),Zidua SC & Sharpen,468,5/7/2025,0.205,On,1127.9,40.00,39.37,8.925,2.681,4.848,359.79,19.99,20.18,0,9,43.23,5/7/2025,Good,8.074,0.00016,3.028,5.823e-05,0.00,0.00,0.00,4.037,7.764e-05,2.018,3.882e-05,20.05,0.049,0.00,0.00,0.00,0.00,0.00,0.00,0.00,0.00,0.00,0.00,0.00,0.00,0.0025
-93.77197115,42.01534949,A3,TaskName 5/7/2025 (GreenStar 4 Monitor),Zidua SC & Sharpen,469,5/7/2025,0.204,On,1127.9,43.75,37.50,8.988,2.701,4.834,0.031,19.99,19.98,0,9,47.86,5/7/2025,Good,7.992,0.00017,2.997,6.351e-05,0.00,0.00,0.00,3.996,8.468e-05,1.998,4.234e-05,19.85,0.054,0.00,0.00,0.00,0.00,0.00,0.00,0.00,0.00,0.00,0.00,0.00,0.00,0.0027
-93.77197126,42.01535683,A3,TaskName 5/7/2025 (GreenStar 4 Monitor),Zidua SC & Sharpen,470,5/7/2025,0.195,On,1127.8,47.50,35.62,9.015,2.576,5.297,0.165,19.99,19.93,0,9,51.86,5/7/2025,Good,7.971,0.00017,2.989,6.559e-05,0.00,0.00,0.00,3.985,8.746e-05,1.993,4.373e-05,19.80,0.056,0.00,0.00,0.00,0.00,0.00,0.00,0.00,0.00,0.00,0.00,0.00,0.00,0.0028
-93.77197134,42.01536416,A3,TaskName 5/7/2025 (GreenStar 4 Monitor),Zidua SC & Sharpen,471,5/7/2025,0.206,On,1127.8,51.25,33.75,9.033,2.727,5.442,0.266,19.99,19.95,0,9,56.06,5/7/2025,Good,7.980,0.00020,2.992,7.500e-05,0.00,0.00,0.00,3.990,1.000e-04,1.995,5.000e-05,19.82,0.064,0.00,0.00,0.00,0.00,0.00,0.00,0.00,0.00,0.00,0.00,0.00,0.00,0.0032
-93.77197136,42.01537150,A3,TaskName 5/7/2025 (GreenStar 4 Monitor),Zidua SC & Sharpen,472,5/7/2025,0.194,On,1127.8,53.75,32.50,9.057,2.576,5.356,0.274,19.99,19.98,0,9,58.98,5/7/2025,Good,7.992,0.00020,2.997,7.442e-05,0.00,0.00,0.00,3.996,9.923e-05,1.998,4.962e-05,19.85,0.063,0.00,0.00,0.00,0.00,0.00,0.00,0.00,0.00,0.00,0.00,0.00,0.00,0.0032
-93.77197137,42.01537876,A3,TaskName 5/7/2025 (GreenStar 4 Monitor),Zidua SC & Sharpen,473,5/7/2025,0.200,On,1127.7,56.25,31.25,9.080,2.661,5.759,0.298,19.99,20.09,0,9,61.86,5/7/2025,Good,8.035,0.00022,3.013,8.089e-05,0.00,0.00,0.00,4.018,0.00011,2.009,5.393e-05,19.96,0.069,0.00,0.00,0.00,0.00,0.00,0.00,0.00,0.00,0.00,0.00,0.00,0.00,0.0034
-93.77197152,42.01538599,A3,TaskName 5/7/2025 (GreenStar 4 Monitor),Zidua SC & Sharpen,474,5/7/2025,0.201,On,1127.7,61.25,28.75,9.084,2.678,5.666,0.455,19.99,20.05,0,9,67.43,5/7/2025,Good,8.018,0.00024,3.007,8.844e-05,0.00,0.00,0.00,4.009,0.00012,2.005,5.896e-05,19.91,0.075,0.00,0.00,0.00,0.00,0.00,0.00,0.00,0.00,0.00,0.00,0.00,0.00,0.0038
-93.77197169,42.01539341,A3,TaskName 5/7/2025 (GreenStar 4 Monitor),Zidua SC & Sharpen,475,5/7/2025,0.200,On,1127.7,65.00,26.87,9.062,2.658,5.627,0.572,19.99,19.88,0,9,71.39,5/7/2025,Good,7.954,0.00025,2.983,9.242e-05,0.00,0.00,0.00,3.977,0.00012,1.988,6.161e-05,19.76,0.078,0.00,0.00,0.00,0.00,0.00,0.00,0.00,0.00,0.00,0.00,0.00,0.00,0.0040
-93.77197157,42.01540085,A3,TaskName 5/7/2025 (GreenStar 4 Monitor),Zidua SC & Sharpen,476,5/7/2025,0.199,On,1127.6,67.50,25.62,9.060,2.641,5.673,0.470,19.99,19.77,0,9,74.05,5/7/2025,Good,7.907,0.00025,2.965,9.482e-05,0.00,0.00,0.00,3.953,0.00013,1.977,6.321e-05,19.64,0.080,0.00,0.00,0.00,0.00,0.00,0.00,0.00,0.00,0.00,0.00,0.00,0.00,0.0041
-93.77197145,42.01540820,A3,TaskName 5/7/2025 (GreenStar 4 Monitor),Zidua SC & Sharpen,477,5/7/2025,0.200,On,1127.5,71.25,23.75,9.102,2.668,6.023,0.369,19.99,19.79,0,9,78.54,5/7/2025,Good,7.915,0.00027,2.968,0.00010,0.00,0.00,0.00,3.958,0.00013,1.979,6.746e-05,19.66,0.086,0.00,0.00,0.00,0.00,0.00,0.00,0.00,0.00,0.00,0.00,0.00,0.00,0.0044
-93.77197140,42.01541555,A3,TaskName 5/7/2025 (GreenStar 4 Monitor),Zidua SC & Sharpen,478,5/7/2025,0.200,On,1127.5,73.75,22.50,9.133,2.678,5.865,0.259,19.99,19.71,0,9,81.60,5/7/2025,Good,7.885,0.00028,2.957,0.00010,0.00,0.00,0.00,3.943,0.00014,1.971,6.982e-05,19.59,0.089,0.00,0.00,0.00,0.00,0.00,0.00,0.00,0.00,0.00,0.00,0.00,0.00,0.0045
-93.77197125,42.01542305,A3,TaskName 5/7/2025 (GreenStar 4 Monitor),Zidua SC & Sharpen,479,5/7/2025,0.200,On,1127.5,78.75,20.00,9.140,2.681,5.594,0.102,19.99,19.70,0,9,87.24,5/7/2025,Good,7.881,0.00030,2.955,0.00011,0.00,0.00,0.00,3.941,0.00015,1.970,7.460e-05,19.57,0.095,0.00,0.00,0.00,0.00,0.00,0.00,0.00,0.00,0.00,0.00,0.00,0.00,0.0048
-93.77197102,42.01543039,A3,TaskName 5/7/2025 (GreenStar 4 Monitor),Zidua SC & Sharpen,480,5/7/2025,0.200,On,1127.4,82.50,18.12,9.169,2.687,5.805,359.98,19.99,19.69,0,9,91.62,5/7/2025,Good,7.877,0.00031,2.954,0.00012,0.00,0.00,0.00,3.938,0.00016,1.969,7.830e-05,19.56,0.100,0.00,0.00,0.00,0.00,0.00,0.00,0.00,0.00,0.00,0.00,0.00,0.00,0.0051
-93.77197098,42.01543790,A3,TaskName 5/7/2025 (GreenStar 4 Monitor),Zidua SC & Sharpen,481,5/7/2025,0.201,On,1127.4,85.00,16.87,9.207,2.714,5.198,359.99,19.99,19.63,0,9,94.84,5/7/2025,Good,7.851,0.00032,2.944,0.00012,0.00,0.00,0.00,3.926,0.00016,1.963,8.120e-05,19.50,0.103,0.00,0.00,0.00,0.00,0.00,0.00,0.00,0.00,0.00,0.00,0.00,0.00,0.0053
-93.77197117,42.01544550,A3,TaskName 5/7/2025 (GreenStar 4 Monitor),Zidua SC & Sharpen,482,5/7/2025,0.199,On,1127.4,88.75,15.00,9.232,2.694,5.132,0.133,19.99,19.57,0,9,99.29,5/7/2025,Good,7.830,0.00034,2.936,0.00013,0.00,0.00,0.00,3.915,0.00017,1.957,8.394e-05,19.45,0.107,0.00,0.00,0.00,0.00,0.00,0.00,0.00,0.00,0.00,0.00,0.00,0.00,0.0055
-93.77197112,42.01545306,A3,TaskName 5/7/2025 (GreenStar 4 Monitor),Zidua SC & Sharpen,483,5/7/2025,0.196,On,1127.4,92.50,13.12,9.279,2.668,5.006,0.094,19.99,19.54,0,9,104.05,5/7/2025,Good,7.817,0.00035,2.931,0.00013,0.00,0.00,0.00,3.909,0.00017,1.954,8.649e-05,19.42,0.110,0.00,0.00,0.00,0.00,0.00,0.00,0.00,0.00,0.00,0.00,0.00,0.00,0.0057
-93.77197095,42.01546060,A3,TaskName 5/7/2025 (GreenStar 4 Monitor),Zidua SC & Sharpen,484,5/7/2025,0.204,On,1127.3,96.25,11.25,9.328,2.789,4.966,0.031,19.99,19.60,0,9,108.76,5/7/2025,Good,7.838,0.00038,2.939,0.00014,0.00,0.00,0.00,3.919,0.00019,1.960,9.435e-05,19.47,0.120,0.00,0.00,0.00,0.00,0.00,0.00,0.00,0.00,0.00,0.00,0.00,0.00,0.0062
-93.77197120,42.01546807,A3,TaskName 5/7/2025 (GreenStar 4 Monitor),Zidua SC & Sharpen,485,5/7/2025,0.201,On,1127.3,100.00,9.375,9.353,2.756,4.966,0.047,19.99,19.49,0,9,113.33,5/7/2025,Good,7.796,0.00039,2.923,0.00014,0.00,0.00,0.00,3.898,0.00019,1.949,9.634e-05,19.36,0.123,0.00,0.00,0.00,0.00,0.00,0.00,0.00,0.00,0.00,0.00,0.00,0.00,0.0063
-93.77197110,42.01547555,A3,TaskName 5/7/2025 (GreenStar 4 Monitor),Zidua SC & Sharpen,486,5/7/2025,0.199,On,1127.2,103.75,7.500,9.350,2.727,5.145,359.98,19.99,19.55,0,9,117.49,5/7/2025,Good,7.821,0.00040,2.933,0.00015,0.00,0.00,0.00,3.911,0.00020,1.955,9.921e-05,19.43,0.126,0.00,0.00,0.00,0.00,0.00,0.00,0.00,0.00,0.00,0.00,0.00,0.00,0.0065
-93.77197100,42.01548296,A3,TaskName 5/7/2025 (GreenStar 4 Monitor),Zidua SC & Sharpen,487,5/7/2025,0.201,On,1127.2,106.25,6.250,9.332,2.750,5.515,359.87,19.99,19.57,0,9,120.13,5/7/2025,Good,7.830,0.00041,2.936,0.00015,0.00,0.00,0.00,3.915,0.00021,1.957,0.00010,19.45,0.130,0.00,0.00,0.00,0.00,0.00,0.00,0.00,0.00,0.00,0.00,0.00,0.00,0.0067
-93.77197089,42.01549040,A3,TaskName 5/7/2025 (GreenStar 4 Monitor),Zidua SC & Sharpen,488,5/7/2025,0.199,On,1127.2,110.00,4.375,9.306,2.714,5.726,359.87,19.99,19.45,0,9,123.97,5/7/2025,Good,7.779,0.00042,2.917,0.00016,0.00,0.00,0.00,3.889,0.00021,1.945,0.00010,19.32,0.132,0.00,0.00,0.00,0.00,0.00,0.00,0.00,0.00,0.00,0.00,0.00,0.00,0.0069
-93.77197119,42.01549787,A3,TaskName 5/7/2025 (GreenStar 4 Monitor),Zidua SC & Sharpen,489,5/7/2025,0.201,On,1127.1,113.75,2.500,9.277,2.733,5.455,0.110,19.99,19.45,0,9,127.84,5/7/2025,Good,7.779,0.00043,2.917,0.00016,0.00,0.00,0.00,3.889,0.00022,1.945,0.00011,19.32,0.138,0.00,0.00,0.00,0.00,0.00,0.00,0.00,0.00,0.00,0.00,0.00,0.00,0.0071
-93.77197136,42.01550545,A3,TaskName 5/7/2025 (GreenStar 4 Monitor),Zidua SC & Sharpen,490,5/7/2025,0.199,On,1127.1,117.50,0.625,9.265,2.704,5.449,0.329,19.99,19.50,0,9,131.94,5/7/2025,Good,7.800,0.00044,2.925,0.00017,0.00,0.00,0.00,3.900,0.00022,1.950,0.00011,19.37,0.141,0.00,0.00,0.00,0.00,0.00,0.00,0.00,0.00,0.00,0.00,0.00,0.00,0.0073
-93.77197129,42.01554302,A3,TaskName 5/7/2025 (GreenStar 4 Monitor),Zidua SC & Sharpen,491,5/7/2025,1.000,On,1127.0,120.00,-0.625,9.312,13.65,5.312,0.220,19.99,19.66,0,9,135.37,5/7/2025,Good,7.866,0.0023,2.950,0.00087,0.00,0.00,0.00,3.933,0.0012,1.966,0.00058,19.54,0.735,0.00,0.00,0.00,0.00,0.00,0.00,0.00,0.00,0.00,0.00,0.00,0.00,0.038
-93.77197141,42.01558062,A3,TaskName 5/7/2025 (GreenStar 4 Monitor),Zidua SC & Sharpen,492,5/7/2025,1.000,On,1126.9,120.00,-0.625,9.328,13.68,5.961,0.102,19.99,19.78,0,9,135.63,5/7/2025,Good,7.912,0.0023,2.967,0.00087,0.00,0.00,0.00,3.956,0.0012,1.978,0.00058,19.65,0.740,0.00,0.00,0.00,0.00,0.00,0.00,0.00,0.00,0.00,0.00,0.00,0.00,0.038
-93.77197136,42.01561830,A3,TaskName 5/7/2025 (GreenStar 4 Monitor),Zidua SC & Sharpen,493,5/7/2025,1.001,On,1126.8,120.00,-0.625,9.354,13.73,5.983,0.086,19.99,19.93,0,9,135.99,5/7/2025,Good,7.971,0.0024,2.989,0.00088,0.00,0.00,0.00,3.985,0.0012,1.993,0.00059,19.80,0.749,0.00,0.00,0.00,0.00,0.00,0.00,0.00,0.00,0.00,0.00,0.00,0.00,0.038
-93.77197166,42.01565614,A3,TaskName 5/7/2025 (GreenStar 4 Monitor),Zidua SC & Sharpen,494,5/7/2025,0.999,On,1126.7,120.00,-0.625,9.387,13.75,5.341,0.635,19.99,19.93,0,9,136.49,5/7/2025,Good,7.973,0.0024,2.990,0.00088,0.00,0.00,0.00,3.986,0.0012,1.993,0.00059,19.80,0.750,0.00,0.00,0.00,0.00,0.00,0.00,0.00,0.00,0.00,0.00,0.00,0.00,0.038
-93.77197088,42.01569379,A3,TaskName 5/7/2025 (GreenStar 4 Monitor),Zidua SC & Sharpen,495,5/7/2025,1.000,On,1126.7,120.00,-0.625,9.380,13.75,5.352,360.00,19.99,19.91,0,9,136.38,5/7/2025,Good,7.963,0.0024,2.986,0.00088,0.00,0.00,0.00,3.982,0.0012,1.991,0.00059,19.78,0.749,0.00,0.00,0.00,0.00,0.00,0.00,0.00,0.00,0.00,0.00,0.00,0.00,0.038
-93.77197065,42.01573117,A3,TaskName 5/7/2025 (GreenStar 4 Monitor),Zidua SC & Sharpen,496,5/7/2025,1.000,On,1126.6,120.00,-0.625,9.320,13.66,5.866,359.62,19.99,20.02,0,9,135.50,5/7/2025,Good,8.010,0.0024,3.004,0.00088,0.00,0.00,0.00,4.005,0.0012,2.002,0.00059,19.89,0.749,0.00,0.00,0.00,0.00,0.00,0.00,0.00,0.00,0.00,0.00,0.00,0.00,0.038
-93.77197129,42.01576897,A3,TaskName 5/7/2025 (GreenStar 4 Monitor),Zidua SC & Sharpen,497,5/7/2025,1.000,On,1126.6,120.00,-0.625,9.338,13.69,5.549,0.486,19.99,19.96,0,9,135.73,5/7/2025,Good,7.983,0.0024,2.994,0.00088,0.00,0.00,0.00,3.992,0.0012,1.996,0.00059,19.83,0.748,0.00,0.00,0.00,0.00,0.00,0.00,0.00,0.00,0.00,0.00,0.00,0.00,0.038
-93.77197106,42.01580640,A3,TaskName 5/7/2025 (GreenStar 4 Monitor),Zidua SC & Sharpen,498,5/7/2025,1.000,On,1126.6,120.00,-0.625,9.376,13.75,6.214,0.486,19.99,19.97,0,9,136.32,5/7/2025,Good,7.990,0.0024,2.996,0.00089,0.00,0.00,0.00,3.995,0.0012,1.997,0.00059,19.84,0.751,0.00,0.00,0.00,0.00,0.00,0.00,0.00,0.00,0.00,0.00,0.00,0.00,0.038
-93.77197030,42.01584392,A3,TaskName 5/7/2025 (GreenStar 4 Monitor),Zidua SC & Sharpen,499,5/7/2025,1.001,On,1126.6,120.00,-0.625,9.310,13.65,6.297,359.73,19.99,20.02,0,9,135.21,5/7/2025,Good,8.009,0.0024,3.003,0.00088,0.00,0.00,0.00,4.005,0.0012,2.002,0.00059,19.89,0.748,0.00,0.00,0.00,0.00,0.00,0.00,0.00,0.00,0.00,0.00,0.00,0.00,0.038
-93.77197054,42.01588132,A3,TaskName 5/7/2025 (GreenStar 4 Monitor),Zidua SC & Sharpen,500,5/7/2025,0.994,On,1126.7,120.00,-0.625,9.306,13.57,5.809,359.33,19.99,19.99,0,9,135.44,5/7/2025,Good,7.994,0.0023,2.998,0.00088,0.00,0.00,0.00,3.997,0.0012,1.999,0.00058,19.86,0.743,0.00,0.00,0.00,0.00,0.00,0.00,0.00,0.00,0.00,0.00,0.00,0.00,0.037
-93.77197155,42.01591893,A3,TaskName 5/7/2025 (GreenStar 4 Monitor),Zidua SC & Sharpen,501,5/7/2025,1.005,On,1126.7,120.00,-0.625,9.306,13.71,5.647,0.470,19.99,19.88,0,9,135.28,5/7/2025,Good,7.950,0.0023,2.981,0.00088,0.00,0.00,0.00,3.975,0.0012,1.988,0.00059,19.75,0.746,0.00,0.00,0.00,0.00,0.00,0.00,0.00,0.00,0.00,0.00,0.00,0.00,0.038
-93.77197168,42.01593398,A3,TaskName 5/7/2025 (GreenStar 4 Monitor),Zidua SC & Sharpen,502,5/7/2025,0.400,On,1126.7,120.00,-0.625,9.364,5.490,5.323,0.847,19.99,19.85,0,9,136.11,5/7/2025,Good,7.941,0.00094,2.978,0.00035,0.00,0.00,0.00,3.971,0.00047,1.985,0.00023,19.72,0.298,0.00,0.00,0.00,0.00,0.00,0.00,0.00,0.00,0.00,0.00,0.00,0.00,0.015
-93.77197163,42.01594152,A3,TaskName 5/7/2025 (GreenStar 4 Monitor),Zidua SC & Sharpen,503,5/7/2025,0.201,On,1126.7,121.25,0.00,9.359,2.743,5.396,0.949,19.99,19.86,0,9,136.76,5/7/2025,Good,7.945,0.00047,2.979,0.00018,0.00,0.00,0.00,3.973,0.00024,1.986,0.00012,19.73,0.151,0.00,0.00,0.00,0.00,0.00,0.00,0.00,0.00,0.00,0.00,0.00,0.00,0.0076
-93.77197057,42.01597894,A3,TaskName 5/7/2025 (GreenStar 4 Monitor),Zidua SC & Sharpen,504,5/7/2025,0.995,On,1126.8,120.00,-0.625,9.326,13.62,5.714,359.95,19.99,19.94,0,9,135.76,5/7/2025,Good,7.977,0.0023,2.991,0.00088,0.00,0.00,0.00,3.989,0.0012,1.994,0.00058,19.81,0.743,0.00,0.00,0.00,0.00,0.00,0.00,0.00,0.00,0.00,0.00,0.00,0.00,0.038
-93.77197013,42.01601641,A3,TaskName 5/7/2025 (GreenStar 4 Monitor),Zidua SC & Sharpen,505,5/7/2025,1.000,On,1126.9,120.00,-0.625,9.301,13.64,5.772,359.06,19.99,19.91,0,9,135.24,5/7/2025,Good,7.963,0.0023,2.986,0.00088,0.00,0.00,0.00,3.982,0.0012,1.991,0.00058,19.78,0.743,0.00,0.00,0.00,0.00,0.00,0.00,0.00,0.00,0.00,0.00,0.00,0.00,0.038
-93.77197143,42.01605390,A3,TaskName 5/7/2025 (GreenStar 4 Monitor),Zidua SC & Sharpen,506,5/7/2025,1.004,On,1127.0,120.00,-0.625,9.339,13.75,5.395,0.345,19.99,19.87,0,9,135.81,5/7/2025,Good,7.946,0.0024,2.980,0.00088,0.00,0.00,0.00,3.973,0.0012,1.987,0.00059,19.74,0.748,0.00,0.00,0.00,0.00,0.00,0.00,0.00,0.00,0.00,0.00,0.00,0.00,0.038
-93.77197165,42.01609158,A3,TaskName 5/7/2025 (GreenStar 4 Monitor),Zidua SC & Sharpen,507,5/7/2025,0.996,On,1127.0,120.00,-0.625,9.332,13.61,6.070,1.019,19.99,19.83,0,9,135.49,5/7/2025,Good,7.933,0.0023,2.975,0.00087,0.00,0.00,0.00,3.967,0.0012,1.983,0.00058,19.70,0.739,0.00,0.00,0.00,0.00,0.00,0.00,0.00,0.00,0.00,0.00,0.00,0.00,0.037
-93.77197036,42.01612917,A3,TaskName 5/7/2025 (GreenStar 4 Monitor),Zidua SC & Sharpen,508,5/7/2025,1.000,On,1127.0,120.00,-0.625,9.328,13.68,6.388,359.67,19.99,19.95,0,9,135.63,5/7/2025,Good,7.980,0.0023,2.993,0.00088,0.00,0.00,0.00,3.990,0.0012,1.995,0.00059,19.82,0.747,0.00,0.00,0.00,0.00,0.00,0.00,0.00,0.00,0.00,0.00,0.00,0.00,0.038
-93.77197060,42.01616649,A3,TaskName 5/7/2025 (GreenStar 4 Monitor),Zidua SC & Sharpen,509,5/7/2025,1.000,On,1127.0,120.00,-0.625,9.366,13.75,5.667,359.46,19.99,19.95,0,9,136.32,5/7/2025,Good,7.980,0.0024,2.992,0.00089,0.00,0.00,0.00,3.990,0.0012,1.995,0.00059,19.82,0.750,0.00,0.00,0.00,0.00,0.00,0.00,0.00,0.00,0.00,0.00,0.00,0.00,0.038
-93.77197167,42.01620408,A3,TaskName 5/7/2025 (GreenStar 4 Monitor),Zidua SC & Sharpen,510,5/7/2025,0.999,On,1127.1,120.00,-0.625,9.269,13.57,6.541,0.666,19.99,19.95,0,9,134.76,5/7/2025,Good,7.980,0.0023,2.992,0.00087,0.00,0.00,0.00,3.990,0.0012,1.995,0.00058,19.82,0.741,0.00,0.00,0.00,0.00,0.00,0.00,0.00,0.00,0.00,0.00,0.00,0.00,0.037
-93.77197149,42.01621911,A3,TaskName 5/7/2025 (GreenStar 4 Monitor),Zidua SC & Sharpen,511,5/7/2025,0.405,On,1127.0,121.25,0.00,9.327,5.539,6.787,0.596,19.99,20.02,0,9,137.04,5/7/2025,Good,8.007,0.00096,3.003,0.00036,0.00,0.00,0.00,4.004,0.00048,2.002,0.00024,19.89,0.307,0.00,0.00,0.00,0.00,0.00,0.00,0.00,0.00,0.00,0.00,0.00,0.00,0.015
-93.77197076,42.01625689,A3,TaskName 5/7/2025 (GreenStar 4 Monitor),Zidua SC & Sharpen,512,5/7/2025,0.995,On,1127.1,120.00,-0.625,9.377,13.68,6.519,359.90,19.99,20.01,0,9,136.32,5/7/2025,Good,8.003,0.0024,3.001,0.00088,0.00,0.00,0.00,4.001,0.0012,2.001,0.00059,19.88,0.749,0.00,0.00,0.00,0.00,0.00,0.00,0.00,0.00,0.00,0.00,0.00,0.00,0.038
-93.77197067,42.01629489,A3,TaskName 5/7/2025 (GreenStar 4 Monitor),Zidua SC & Sharpen,513,5/7/2025,1.000,On,1127.2,120.00,-0.625,9.404,13.78,6.341,359.80,19.99,19.99,0,9,136.71,5/7/2025,Good,7.996,0.0024,2.999,0.00089,0.00,0.00,0.00,3.998,0.0012,1.999,0.00059,19.86,0.754,0.00,0.00,0.00,0.00,0.00,0.00,0.00,0.00,0.00,0.00,0.00,0.00,0.038
-93.77197102,42.01633262,A3,TaskName 5/7/2025 (GreenStar 4 Monitor),Zidua SC & Sharpen,514,5/7/2025,1.000,On,1127.3,120.00,-0.625,9.429,13.82,5.813,0.063,19.99,19.93,0,9,137.07,5/7/2025,Good,7.973,0.0024,2.990,0.00089,0.00,0.00,0.00,3.986,0.0012,1.993,0.00059,19.80,0.754,0.00,0.00,0.00,0.00,0.00,0.00,0.00,0.00,0.00,0.00,0.00,0.00,0.038
-93.77197124,42.01637001,A3,TaskName 5/7/2025 (GreenStar 4 Monitor),Zidua SC & Sharpen,515,5/7/2025,1.000,On,1127.5,120.00,-0.625,9.326,13.67,6.730,0.368,19.99,20.03,0,9,135.59,5/7/2025,Good,8.010,0.0024,3.004,0.00088,0.00,0.00,0.00,4.005,0.0012,2.003,0.00059,19.90,0.749,0.00,0.00,0.00,0.00,0.00,0.00,0.00,0.00,0.00,0.00,0.00,0.00,0.038
-93.77197063,42.01640746,A3,TaskName 5/7/2025 (GreenStar 4 Monitor),Zidua SC & Sharpen,516,5/7/2025,1.000,On,1127.6,120.00,-0.625,9.306,13.64,6.237,359.98,19.99,19.97,0,9,135.29,5/7/2025,Good,7.988,0.0023,2.996,0.00088,0.00,0.00,0.00,3.994,0.0012,1.997,0.00059,19.84,0.746,0.00,0.00,0.00,0.00,0.00,0.00,0.00,0.00,0.00,0.00,0.00,0.00,0.038
-93.77197021,42.01644490,A3,TaskName 5/7/2025 (GreenStar 4 Monitor),Zidua SC & Sharpen,517,5/7/2025,1.001,On,1127.8,120.00,-0.625,9.327,13.67,5.573,359.52,19.99,19.94,0,9,135.48,5/7/2025,Good,7.976,0.0023,2.991,0.00088,0.00,0.00,0.00,3.988,0.0012,1.994,0.00059,19.81,0.746,0.00,0.00,0.00,0.00,0.00,0.00,0.00,0.00,0.00,0.00,0.00,0.00,0.038
-93.77197084,42.01648188,A3,TaskName 5/7/2025 (GreenStar 4 Monitor),Zidua SC & Sharpen,518,5/7/2025,0.999,On,1127.9,120.00,-0.625,9.249,13.55,6.716,359.83,19.99,20.03,0,9,134.55,5/7/2025,Good,8.011,0.0023,3.004,0.00088,0.00,0.00,0.00,4.006,0.0012,2.003,0.00058,19.90,0.743,0.00,0.00,0.00,0.00,0.00,0.00,0.00,0.00,0.00,0.00,0.00,0.00,0.037
-93.77197078,42.01648946,A3,TaskName 5/7/2025 (GreenStar 4 Monitor),Zidua SC & Sharpen,519,5/7/2025,0.201,On,1127.9,120.00,-0.625,9.189,2.694,6.961,359.80,19.99,19.92,0,9,132.90,5/7/2025,Good,7.967,0.00046,2.988,0.00017,0.00,0.00,0.00,3.983,0.00023,1.992,0.00012,19.79,0.147,0.00,0.00,0.00,0.00,0.00,0.00,0.00,0.00,0.00,0.00,0.00,0.00,0.0074
-93.77241240,42.01646226,A3,TaskName 5/7/2025 (GreenStar 4 Monitor),Zidua SC & Sharpen,520,5/7/2025,1.001,On,1128.2,120.00,0.625,9.622,14.10,5.212,180.14,19.99,18.65,0,10,139.74,5/7/2025,Good,7.462,0.0023,2.798,0.00085,0.00,0.00,0.00,3.731,0.0011,1.865,0.00057,18.53,0.720,0.00,0.00,0.00,0.00,0.00,0.00,0.00,0.00,0.00,0.00,0.00,0.00,0.039
-93.77241221,42.01642449,A3,TaskName 5/7/2025 (GreenStar 4 Monitor),Zidua SC & Sharpen,521,5/7/2025,1.005,On,1128.2,120.00,0.625,9.412,13.86,6.984,180.51,19.99,19.39,0,10,136.82,5/7/2025,Good,7.755,0.0023,2.908,0.00087,0.00,0.00,0.00,3.877,0.0012,1.939,0.00058,19.26,0.736,0.00,0.00,0.00,0.00,0.00,0.00,0.00,0.00,0.00,0.00,0.00,0.00,0.038
-93.77241257,42.01638602,A3,TaskName 5/7/2025 (GreenStar 4 Monitor),Zidua SC & Sharpen,522,5/7/2025,0.994,On,1128.3,120.00,0.625,9.470,13.82,6.368,179.83,19.99,19.72,0,10,137.84,5/7/2025,Good,7.889,0.0023,2.958,0.00088,0.00,0.00,0.00,3.944,0.0012,1.972,0.00059,19.59,0.746,0.00,0.00,0.00,0.00,0.00,0.00,0.00,0.00,0.00,0.00,0.00,0.00,0.038
-93.77241257,42.01634778,A3,TaskName 5/7/2025 (GreenStar 4 Monitor),Zidua SC & Sharpen,523,5/7/2025,1.000,On,1128.4,120.00,0.625,9.523,13.96,5.789,179.65,19.99,19.79,0,10,138.41,5/7/2025,Good,7.917,0.0024,2.969,0.00089,0.00,0.00,0.00,3.959,0.0012,1.979,0.00059,19.66,0.756,0.00,0.00,0.00,0.00,0.00,0.00,0.00,0.00,0.00,0.00,0.00,0.00,0.038
-93.77241190,42.01630948,A3,TaskName 5/7/2025 (GreenStar 4 Monitor),Zidua SC & Sharpen,524,5/7/2025,1.001,On,1128.6,120.00,0.625,9.487,13.93,5.827,180.38,19.99,19.89,0,10,137.98,5/7/2025,Good,7.956,0.0024,2.983,0.00089,0.00,0.00,0.00,3.978,0.0012,1.989,0.00060,19.76,0.758,0.00,0.00,0.00,0.00,0.00,0.00,0.00,0.00,0.00,0.00,0.00,0.00,0.038
-93.77241219,42.01627119,A3,TaskName 5/7/2025 (GreenStar 4 Monitor),Zidua SC & Sharpen,525,5/7/2025,0.999,On,1128.6,120.00,0.625,9.495,13.91,6.353,180.24,19.99,19.94,0,10,138.13,5/7/2025,Good,7.976,0.0024,2.991,0.00090,0.00,0.00,0.00,3.988,0.0012,1.994,0.00060,19.81,0.759,0.00,0.00,0.00,0.00,0.00,0.00,0.00,0.00,0.00,0.00,0.00,0.00,0.038
-93.77241262,42.01623280,A3,TaskName 5/7/2025 (GreenStar 4 Monitor),Zidua SC & Sharpen,526,5/7/2025,1.001,On,1128.6,120.00,0.625,9.516,13.96,6.213,179.84,19.99,20.01,0,10,138.27,5/7/2025,Good,8.005,0.0024,3.002,0.00090,0.00,0.00,0.00,4.003,0.0012,2.001,0.00060,19.88,0.764,0.00,0.00,0.00,0.00,0.00,0.00,0.00,0.00,0.00,0.00,0.00,0.00,0.038
-93.77241256,42.01619437,A3,TaskName 5/7/2025 (GreenStar 4 Monitor),Zidua SC & Sharpen,527,5/7/2025,0.995,On,1128.5,120.00,0.625,9.529,13.92,6.095,180.09,19.99,20.00,0,10,138.72,5/7/2025,Good,8.001,0.0024,3.000,0.00090,0.00,0.00,0.00,4.001,0.0012,2.000,0.00060,19.87,0.762,0.00,0.00,0.00,0.00,0.00,0.00,0.00,0.00,0.00,0.00,0.00,0.00,0.038
-93.77241257,42.01615574,A3,TaskName 5/7/2025 (GreenStar 4 Monitor),Zidua SC & Sharpen,528,5/7/2025,1.004,On,1128.3,120.00,0.625,9.584,14.11,5.144,179.92,19.99,19.90,0,10,139.38,5/7/2025,Good,7.962,0.0024,2.986,0.00091,0.00,0.00,0.00,3.981,0.0012,1.990,0.00060,19.78,0.769,0.00,0.00,0.00,0.00,0.00,0.00,0.00,0.00,0.00,0.00,0.00,0.00,0.039
-93.77241265,42.01611742,A3,TaskName 5/7/2025 (GreenStar 4 Monitor),Zidua SC & Sharpen,529,5/7/2025,1.000,On,1128.1,120.00,0.625,9.593,14.07,5.698,179.91,19.99,19.98,0,10,139.52,5/7/2025,Good,7.992,0.0024,2.997,0.00091,0.00,0.00,0.00,3.996,0.0012,1.998,0.00060,19.85,0.769,0.00,0.00,0.00,0.00,0.00,0.00,0.00,0.00,0.00,0.00,0.00,0.00,0.039
-93.77241229,42.01607907,A3,TaskName 5/7/2025 (GreenStar 4 Monitor),Zidua SC & Sharpen,530,5/7/2025,1.000,On,1128.0,120.00,0.625,9.507,13.94,6.194,180.24,19.99,20.04,0,10,138.28,5/7/2025,Good,8.015,0.0024,3.005,0.00090,0.00,0.00,0.00,4.007,0.0012,2.004,0.00060,19.91,0.765,0.00,0.00,0.00,0.00,0.00,0.00,0.00,0.00,0.00,0.00,0.00,0.00,0.038
-93.77241272,42.01604076,A3,TaskName 5/7/2025 (GreenStar 4 Monitor),Zidua SC & Sharpen,531,5/7/2025,0.995,On,1127.9,120.00,0.625,9.504,13.87,5.801,179.67,19.99,19.92,0,10,138.26,5/7/2025,Good,7.968,0.0024,2.988,0.00089,0.00,0.00,0.00,3.984,0.0012,1.992,0.00059,19.79,0.756,0.00,0.00,0.00,0.00,0.00,0.00,0.00,0.00,0.00,0.00,0.00,0.00,0.038
-93.77241260,42.01600256,A3,TaskName 5/7/2025 (GreenStar 4 Monitor),Zidua SC & Sharpen,532,5/7/2025,1.005,On,1127.9,120.00,0.625,9.540,14.06,5.390,179.69,19.99,19.90,0,10,138.76,5/7/2025,Good,7.962,0.0024,2.986,0.00090,0.00,0.00,0.00,3.981,0.0012,1.990,0.00060,19.78,0.766,0.00,0.00,0.00,0.00,0.00,0.00,0.00,0.00,0.00,0.00,0.00,0.00,0.039
-93.77241185,42.01596460,A3,TaskName 5/7/2025 (GreenStar 4 Monitor),Zidua SC & Sharpen,533,5/7/2025,1.000,On,1127.9,120.00,0.625,9.462,13.87,6.180,180.46,19.99,19.92,0,10,137.60,5/7/2025,Good,7.967,0.0024,2.988,0.00089,0.00,0.00,0.00,3.983,0.0012,1.992,0.00059,19.79,0.756,0.00,0.00,0.00,0.00,0.00,0.00,0.00,0.00,0.00,0.00,0.00,0.00,0.038
-93.77241230,42.01592660,A3,TaskName 5/7/2025 (GreenStar 4 Monitor),Zidua SC & Sharpen,534,5/7/2025,0.996,On,1127.9,120.00,0.625,9.400,13.71,6.898,180.16,19.99,20.01,0,10,136.55,5/7/2025,Good,8.003,0.0024,3.001,0.00089,0.00,0.00,0.00,4.001,0.0012,2.001,0.00059,19.88,0.751,0.00,0.00,0.00,0.00,0.00,0.00,0.00,0.00,0.00,0.00,0.00,0.00,0.038
-93.77241266,42.01588832,A3,TaskName 5/7/2025 (GreenStar 4 Monitor),Zidua SC & Sharpen,535,5/7/2025,1.004,On,1127.9,120.00,0.625,9.490,13.99,5.957,179.62,19.99,19.87,0,10,138.19,5/7/2025,Good,7.946,0.0024,2.980,0.00090,0.00,0.00,0.00,3.973,0.0012,1.987,0.00060,19.74,0.761,0.00,0.00,0.00,0.00,0.00,0.00,0.00,0.00,0.00,0.00,0.00,0.00,0.039
-93.77241209,42.01585002,A3,TaskName 5/7/2025 (GreenStar 4 Monitor),Zidua SC & Sharpen,536,5/7/2025,0.996,On,1128.0,120.00,0.625,9.528,13.90,5.661,180.36,19.99,19.87,0,10,138.41,5/7/2025,Good,7.946,0.0024,2.980,0.00089,0.00,0.00,0.00,3.973,0.0012,1.987,0.00059,19.74,0.756,0.00,0.00,0.00,0.00,0.00,0.00,0.00,0.00,0.00,0.00,0.00,0.00,0.038
-93.77241229,42.01581219,A3,TaskName 5/7/2025 (GreenStar 4 Monitor),Zidua SC & Sharpen,537,5/7/2025,1.004,On,1128.0,120.00,0.625,9.456,13.94,6.643,180.43,19.99,20.04,0,10,137.70,5/7/2025,Good,8.016,0.0024,3.006,0.00090,0.00,0.00,0.00,4.008,0.0012,2.004,0.00060,19.91,0.765,0.00,0.00,0.00,0.00,0.00,0.00,0.00,0.00,0.00,0.00,0.00,0.00,0.038
-93.77241303,42.01577372,A3,TaskName 5/7/2025 (GreenStar 4 Monitor),Zidua SC & Sharpen,538,5/7/2025,1.000,On,1128.1,120.00,0.625,9.481,13.91,5.918,179.73,19.99,20.01,0,10,137.92,5/7/2025,Good,8.003,0.0024,3.001,0.00090,0.00,0.00,0.00,4.002,0.0012,2.001,0.00060,19.88,0.762,0.00,0.00,0.00,0.00,0.00,0.00,0.00,0.00,0.00,0.00,0.00,0.00,0.038
-93.77241303,42.01576608,A3,TaskName 5/7/2025 (GreenStar 4 Monitor),Zidua SC & Sharpen,539,5/7/2025,0.201,On,1128.1,116.25,-1.250,9.523,2.806,6.367,179.62,19.99,19.86,0,10,134.14,5/7/2025,Good,7.945,0.00046,2.979,0.00017,0.00,0.00,0.00,3.973,0.00023,1.986,0.00012,19.73,0.148,0.00,0.00,0.00,0.00,0.00,0.00,0.00,0.00,0.00,0.00,0.00,0.00,0.0075
-93.77241313,42.01575854,A3,TaskName 5/7/2025 (GreenStar 4 Monitor),Zidua SC & Sharpen,540,5/7/2025,0.199,On,1128.1,112.50,-3.125,9.520,2.777,6.459,179.49,19.99,20.03,0,10,129.74,5/7/2025,Good,8.014,0.00045,3.005,0.00017,0.00,0.00,0.00,4.007,0.00022,2.003,0.00011,19.90,0.143,0.00,0.00,0.00,0.00,0.00,0.00,0.00,0.00,0.00,0.00,0.00,0.00,0.0072
-93.77241316,42.01575096,A3,TaskName 5/7/2025 (GreenStar 4 Monitor),Zidua SC & Sharpen,541,5/7/2025,0.201,On,1128.1,108.75,-5.000,9.498,2.787,6.677,179.38,19.99,20.22,0,10,124.61,5/7/2025,Good,8.086,0.00044,3.032,0.00016,0.00,0.00,0.00,4.043,0.00022,2.022,0.00011,20.08,0.140,0.00,0.00,0.00,0.00,0.00,0.00,0.00,0.00,0.00,0.00,0.00,0.00,0.0070
-93.77241311,42.01574341,A3,TaskName 5/7/2025 (GreenStar 4 Monitor),Zidua SC & Sharpen,542,5/7/2025,0.199,On,1128.1,106.25,-6.250,9.469,2.777,6.710,179.32,19.99,20.30,0,10,122.53,5/7/2025,Good,8.121,0.00043,3.045,0.00016,0.00,0.00,0.00,4.060,0.00021,2.030,0.00011,20.17,0.137,0.00,0.00,0.00,0.00,0.00,0.00,0.00,0.00,0.00,0.00,0.00,0.00,0.0068
-93.77241303,42.01573569,A3,TaskName 5/7/2025 (GreenStar 4 Monitor),Zidua SC & Sharpen,543,5/7/2025,0.201,On,1128.2,102.50,-8.125,9.438,2.767,6.175,179.29,19.99,20.37,0,10,116.62,5/7/2025,Good,8.146,0.00041,3.055,0.00016,0.00,0.00,0.00,4.073,0.00021,2.037,0.00010,20.23,0.132,0.00,0.00,0.00,0.00,0.00,0.00,0.00,0.00,0.00,0.00,0.00,0.00,0.0065
-93.77241295,42.01572797,A3,TaskName 5/7/2025 (GreenStar 4 Monitor),Zidua SC & Sharpen,544,5/7/2025,0.200,On,1128.1,98.75,-10.000,9.458,2.774,6.565,179.35,19.99,20.41,0,10,113.18,5/7/2025,Good,8.163,0.00040,3.061,0.00015,0.00,0.00,0.00,4.082,0.00020,2.041,0.00010,20.28,0.127,0.00,0.00,0.00,0.00,0.00,0.00,0.00,0.00,0.00,0.00,0.00,0.00,0.0063
-93.77241289,42.01572040,A3,TaskName 5/7/2025 (GreenStar 4 Monitor),Zidua SC & Sharpen,545,5/7/2025,0.200,On,1128.1,95.00,-11.87,9.500,2.800,6.380,179.43,19.99,20.55,0,10,109.91,5/7/2025,Good,8.219,0.00039,3.082,0.00015,0.00,0.00,0.00,4.110,0.00020,2.055,9.802e-05,20.41,0.125,0.00,0.00,0.00,0.00,0.00,0.00,0.00,0.00,0.00,0.00,0.00,0.00,0.0061
-93.77241277,42.01571275,A3,TaskName 5/7/2025 (GreenStar 4 Monitor),Zidua SC & Sharpen,546,5/7/2025,0.194,On,1128.2,91.25,-13.75,9.498,2.701,6.155,179.57,19.99,20.61,0,10,105.01,5/7/2025,Good,8.245,0.00036,3.092,0.00014,0.00,0.00,0.00,4.122,0.00018,2.061,9.113e-05,20.48,0.116,0.00,0.00,0.00,0.00,0.00,0.00,0.00,0.00,0.00,0.00,0.00,0.00,0.0057
-93.77241242,42.01570513,A3,TaskName 5/7/2025 (GreenStar 4 Monitor),Zidua SC & Sharpen,547,5/7/2025,0.205,On,1128.2,88.75,-15.00,9.489,2.852,6.367,179.80,19.99,20.57,0,10,102.05,5/7/2025,Good,8.228,0.00037,3.085,0.00014,0.00,0.00,0.00,4.114,0.00019,2.057,9.339e-05,20.44,0.119,0.00,0.00,0.00,0.00,0.00,0.00,0.00,0.00,0.00,0.00,0.00,0.00,0.0058
-93.77241231,42.01569749,A3,TaskName 5/7/2025 (GreenStar 4 Monitor),Zidua SC & Sharpen,548,5/7/2025,0.201,On,1128.2,85.00,-16.87,9.482,2.780,6.142,179.99,19.99,20.62,0,10,97.16,5/7/2025,Good,8.249,0.00035,3.093,0.00013,0.00,0.00,0.00,4.124,0.00017,2.062,8.740e-05,20.49,0.111,0.00,0.00,0.00,0.00,0.00,0.00,0.00,0.00,0.00,0.00,0.00,0.00,0.0054
-93.77241227,42.01568986,A3,TaskName 5/7/2025 (GreenStar 4 Monitor),Zidua SC & Sharpen,549,5/7/2025,0.199,On,1128.2,81.25,-18.75,9.480,2.780,5.917,180.10,19.99,20.71,0,10,93.81,5/7/2025,Good,8.283,0.00034,3.106,0.00013,0.00,0.00,0.00,4.142,0.00017,2.071,8.389e-05,20.57,0.107,0.00,0.00,0.00,0.00,0.00,0.00,0.00,0.00,0.00,0.00,0.00,0.00,0.0052
-93.77241207,42.01568216,A3,TaskName 5/7/2025 (GreenStar 4 Monitor),Zidua SC & Sharpen,550,5/7/2025,0.200,On,1128.2,77.50,-20.62,9.480,2.780,5.805,180.24,19.99,20.68,0,10,89.03,5/7/2025,Good,8.270,0.00032,3.101,0.00012,0.00,0.00,0.00,4.135,0.00016,2.068,7.990e-05,20.54,0.102,0.00,0.00,0.00,0.00,0.00,0.00,0.00,0.00,0.00,0.00,0.00,0.00,0.0049
-93.77241204,42.01567457,A3,TaskName 5/7/2025 (GreenStar 4 Monitor),Zidua SC & Sharpen,551,5/7/2025,0.200,On,1128.2,73.75,-22.50,9.491,2.783,5.818,180.34,19.99,20.70,0,10,84.83,5/7/2025,Good,8.279,0.00030,3.105,0.00011,0.00,0.00,0.00,4.139,0.00015,2.070,7.620e-05,20.56,0.097,0.00,0.00,0.00,0.00,0.00,0.00,0.00,0.00,0.00,0.00,0.00,0.00,0.0047
-93.77241200,42.01566695,A3,TaskName 5/7/2025 (GreenStar 4 Monitor),Zidua SC & Sharpen,552,5/7/2025,0.200,On,1128.3,71.25,-23.75,9.485,2.783,5.792,180.46,19.99,20.54,0,10,81.95,5/7/2025,Good,8.215,0.00029,3.081,0.00011,0.00,0.00,0.00,4.107,0.00015,2.054,7.305e-05,20.40,0.093,0.00,0.00,0.00,0.00,0.00,0.00,0.00,0.00,0.00,0.00,0.00,0.00,0.0046
-93.77241192,42.01565933,A3,TaskName 5/7/2025 (GreenStar 4 Monitor),Zidua SC & Sharpen,553,5/7/2025,0.200,On,1128.3,67.50,-25.62,9.476,2.780,5.759,180.59,19.99,20.91,0,10,77.55,5/7/2025,Good,8.364,0.00028,3.137,0.00011,0.00,0.00,0.00,4.182,0.00014,2.091,7.038e-05,20.78,0.090,0.00,0.00,0.00,0.00,0.00,0.00,0.00,0.00,0.00,0.00,0.00,0.00,0.0043
-93.77241193,42.01565169,A3,TaskName 5/7/2025 (GreenStar 4 Monitor),Zidua SC & Sharpen,554,5/7/2025,0.201,On,1128.3,63.75,-27.50,9.476,2.780,5.587,180.57,19.99,20.93,0,10,72.87,5/7/2025,Good,8.373,0.00027,3.140,9.981e-05,0.00,0.00,0.00,4.186,0.00013,2.093,6.654e-05,20.80,0.085,0.00,0.00,0.00,0.00,0.00,0.00,0.00,0.00,0.00,0.00,0.00,0.00,0.0041
-93.77241225,42.01564409,A3,TaskName 5/7/2025 (GreenStar 4 Monitor),Zidua SC & Sharpen,555,5/7/2025,0.199,On,1128.3,60.00,-29.37,9.480,2.780,5.389,180.32,19.99,20.80,0,10,69.28,5/7/2025,Good,8.322,0.00025,3.121,9.336e-05,0.00,0.00,0.00,4.161,0.00012,2.080,6.224e-05,20.67,0.079,0.00,0.00,0.00,0.00,0.00,0.00,0.00,0.00,0.00,0.00,0.00,0.00,0.0038
-93.77241255,42.01563655,A3,TaskName 5/7/2025 (GreenStar 4 Monitor),Zidua SC & Sharpen,556,5/7/2025,0.200,On,1128.3,56.25,-31.25,9.482,2.780,4.458,180.04,19.99,20.84,0,10,64.62,5/7/2025,Good,8.334,0.00023,3.125,8.766e-05,0.00,0.00,0.00,4.167,0.00012,2.084,5.844e-05,20.70,0.074,0.00,0.00,0.00,0.00,0.00,0.00,0.00,0.00,0.00,0.00,0.00,0.00,0.0036
-93.77241259,42.01562901,A3,TaskName 5/7/2025 (GreenStar 4 Monitor),Zidua SC & Sharpen,557,5/7/2025,0.196,On,1128.4,52.50,-33.12,9.460,2.705,3.877,179.86,19.99,21.14,0,10,59.87,5/7/2025,Good,8.454,0.00022,3.170,8.074e-05,0.00,0.00,0.00,4.227,0.00011,2.114,5.383e-05,21.00,0.068,0.00,0.00,0.00,0.00,0.00,0.00,0.00,0.00,0.00,0.00,0.00,0.00,0.0033
-93.77241268,42.01562166,A3,TaskName 5/7/2025 (GreenStar 4 Monitor),Zidua SC & Sharpen,558,5/7/2025,0.204,On,1128.3,50.00,-34.37,9.431,2.836,3.857,179.79,19.99,21.05,0,10,57.45,5/7/2025,Good,8.420,0.00021,3.158,8.030e-05,0.00,0.00,0.00,4.210,0.00011,2.105,5.353e-05,20.91,0.068,0.00,0.00,0.00,0.00,0.00,0.00,0.00,0.00,0.00,0.00,0.00,0.00,0.0033
-93.77241264,42.01561452,A3,TaskName 5/7/2025 (GreenStar 4 Monitor),Zidua SC & Sharpen,559,5/7/2025,0.200,On,1128.3,46.25,-36.25,9.357,2.744,3.936,179.77,19.99,20.92,0,10,52.44,5/7/2025,Good,8.369,0.00019,3.138,7.143e-05,0.00,0.00,0.00,4.184,9.524e-05,2.092,4.762e-05,20.79,0.061,0.00,0.00,0.00,0.00,0.00,0.00,0.00,0.00,0.00,0.00,0.00,0.00,0.0029
-93.77241263,42.01560733,A3,TaskName 5/7/2025 (GreenStar 4 Monitor),Zidua SC & Sharpen,560,5/7/2025,0.201,On,1128.4,43.75,-37.50,9.218,2.705,4.280,179.74,19.99,21.09,0,10,48.65,5/7/2025,Good,8.437,0.00018,3.164,6.715e-05,0.00,0.00,0.00,4.219,8.953e-05,2.109,4.476e-05,20.96,0.057,0.00,0.00,0.00,0.00,0.00,0.00,0.00,0.00,0.00,0.00,0.00,0.00,0.0027
-93.77241277,42.01560025,A3,TaskName 5/7/2025 (GreenStar 4 Monitor),Zidua SC & Sharpen,561,5/7/2025,0.199,On,1128.4,40.00,-39.37,9.080,2.665,4.590,179.62,19.99,20.86,0,10,44.28,5/7/2025,Good,8.343,0.00016,3.129,5.982e-05,0.00,0.00,0.00,4.172,7.976e-05,2.086,3.988e-05,20.72,0.051,0.00,0.00,0.00,0.00,0.00,0.00,0.00,0.00,0.00,0.00,0.00,0.00,0.0024
-93.77241274,42.01559330,A3,TaskName 5/7/2025 (GreenStar 4 Monitor),Zidua SC & Sharpen,562,5/7/2025,0.200,On,1128.4,37.50,-40.62,8.972,2.633,5.158,179.54,19.99,21.02,0,10,40.79,5/7/2025,Good,8.407,0.00015,3.153,5.582e-05,0.00,0.00,0.00,4.204,7.443e-05,2.102,3.721e-05,20.88,0.047,0.00,0.00,0.00,0.00,0.00,0.00,0.00,0.00,0.00,0.00,0.00,0.00,0.0023
-93.77241266,42.01558640,A3,TaskName 5/7/2025 (GreenStar 4 Monitor),Zidua SC & Sharpen,563,5/7/2025,0.201,On,1128.4,33.75,-42.50,8.867,2.613,5.640,179.59,19.99,21.17,0,10,36.26,5/7/2025,Good,8.467,0.00013,3.175,5.022e-05,0.00,0.00,0.00,4.234,6.696e-05,2.117,3.348e-05,21.03,0.043,0.00,0.00,0.00,0.00,0.00,0.00,0.00,0.00,0.00,0.00,0.00,0.00,0.0020
-93.77241262,42.01557943,A3,TaskName 5/7/2025 (GreenStar 4 Monitor),Zidua SC & Sharpen,564,5/7/2025,0.199,On,1128.5,31.25,-43.75,8.764,2.557,6.710,179.66,19.99,21.31,0,10,33.19,5/7/2025,Good,8.523,0.00012,3.196,4.580e-05,0.00,0.00,0.00,4.261,6.107e-05,2.131,3.054e-05,21.17,0.039,0.00,0.00,0.00,0.00,0.00,0.00,0.00,0.00,0.00,0.00,0.00,0.00,0.0018
-93.77241242,42.01557244,A3,TaskName 5/7/2025 (GreenStar 4 Monitor),Zidua SC & Sharpen,565,5/7/2025,0.200,On,1128.5,27.50,-45.62,8.704,2.554,6.855,179.78,19.99,20.89,0,10,29.02,5/7/2025,Good,8.356,0.00011,3.133,3.947e-05,0.00,0.00,0.00,4.178,5.262e-05,2.089,2.631e-05,20.75,0.033,0.00,0.00,0.00,0.00,0.00,0.00,0.00,0.00,0.00,0.00,0.00,0.00,0.0016
-93.77241237,42.01556544,A3,TaskName 5/7/2025 (GreenStar 4 Monitor),Zidua SC & Sharpen,566,5/7/2025,0.200,On,1128.6,23.75,-47.50,8.675,2.544,7.007,179.87,19.99,21.09,0,10,24.97,5/7/2025,Good,8.437,9.143e-05,3.164,3.428e-05,0.00,0.00,0.00,4.219,4.571e-05,2.109,2.286e-05,20.96,0.029,0.00,0.00,0.00,0.00,0.00,0.00,0.00,0.00,0.00,0.00,0.00,0.00,0.0014
-93.77241236,42.01555845,A3,TaskName 5/7/2025 (GreenStar 4 Monitor),Zidua SC & Sharpen,567,5/7/2025,0.200,On,1128.6,20.00,-49.37,8.673,2.544,7.199,179.92,19.99,21.56,0,10,21.02,5/7/2025,Good,8.625,7.871e-05,3.234,2.952e-05,0.00,0.00,0.00,4.313,3.935e-05,2.156,1.968e-05,21.42,0.025,0.00,0.00,0.00,0.00,0.00,0.00,0.00,0.00,0.00,0.00,0.00,0.00,0.0012
-93.77241226,42.01555152,A3,TaskName 5/7/2025 (GreenStar 4 Monitor),Zidua SC & Sharpen,568,5/7/2025,0.196,On,1128.6,17.50,-50.62,8.675,2.495,6.776,179.97,19.99,21.22,0,10,18.41,5/7/2025,Good,8.488,6.646e-05,3.183,2.492e-05,0.00,0.00,0.00,4.244,3.323e-05,2.122,1.662e-05,21.08,0.021,0.00,0.00,0.00,0.00,0.00,0.00,0.00,0.00,0.00,0.00,0.00,0.00,0.0010
-93.77241226,42.01554440,A3,TaskName 5/7/2025 (GreenStar 4 Monitor),Zidua SC & Sharpen,569,5/7/2025,0.204,On,1128.7,13.75,-52.50,8.666,2.593,6.393,180.00,19.99,21.32,0,10,14.44,5/7/2025,Good,8.527,5.453e-05,3.198,2.045e-05,0.00,0.00,0.00,4.263,2.726e-05,2.132,1.363e-05,21.18,0.017,0.00,0.00,0.00,0.00,0.00,0.00,0.00,0.00,0.00,0.00,0.00,0.00,0.00082
-93.77241221,42.01553735,A3,TaskName 5/7/2025 (GreenStar 4 Monitor),Zidua SC & Sharpen,570,5/7/2025,0.200,On,1128.7,10.00,-54.37,8.695,2.551,6.373,180.09,19.99,21.57,0,10,10.54,5/7/2025,Good,8.630,3.947e-05,3.236,1.480e-05,0.00,0.00,0.00,4.315,1.974e-05,2.157,9.869e-06,21.43,0.013,0.00,0.00,0.00,0.00,0.00,0.00,0.00,0.00,0.00,0.00,0.00,0.00,0.00059
-93.77241216,42.01553040,A3,TaskName 5/7/2025 (GreenStar 4 Monitor),Zidua SC & Sharpen,571,5/7/2025,0.201,On,1128.7,7.500,-55.62,8.746,2.567,6.102,180.08,19.99,21.36,0,10,7.916,5/7/2025,Good,8.544,2.950e-05,3.204,1.106e-05,0.00,0.00,0.00,4.272,1.475e-05,2.136,7.375e-06,21.22,0.0094,0.00,0.00,0.00,0.00,0.00,0.00,0.00,0.00,0.00,0.00,0.00,0.00,0.00044
-93.77241225,42.01552342,A3,TaskName 5/7/2025 (GreenStar 4 Monitor),Zidua SC & Sharpen,572,5/7/2025,0.199,On,1128.8,3.750,-57.50,8.742,2.564,5.548,180.03,19.99,21.38,0,10,3.993,5/7/2025,Good,8.553,1.475e-05,3.207,5.530e-06,0.00,0.00,0.00,4.276,7.373e-06,2.138,3.687e-06,21.24,0.0047,0.00,0.00,0.00,0.00,0.00,0.00,0.00,0.00,0.00,0.00,0.00,0.00,0.00022
-93.77285131,42.01576743,A3,TaskName 5/7/2025 (GreenStar 4 Monitor),Zidua SC & Sharpen,573,5/7/2025,0.200,On,1130.4,2.500,58.12,8.080,2.370,5.719,358.24,19.99,20.24,0,11,2.449,5/7/2025,Good,8.095,8.604e-06,3.036,3.226e-06,0.00,0.00,0.00,4.048,4.302e-06,2.024,2.151e-06,20.11,0.0027,0.00,0.00,0.00,0.00,0.00,0.00,0.00,0.00,0.00,0.00,0.00,0.00,0.00014
-93.77285169,42.01577404,A3,TaskName 5/7/2025 (GreenStar 4 Monitor),Zidua SC & Sharpen,574,5/7/2025,0.194,On,1130.4,6.250,56.25,8.091,2.302,5.495,358.54,19.99,20.91,0,11,6.128,5/7/2025,Good,8.364,2.158e-05,3.137,8.092e-06,0.00,0.00,0.00,4.182,1.079e-05,2.091,5.395e-06,20.78,0.0069,0.00,0.00,0.00,0.00,0.00,0.00,0.00,0.00,0.00,0.00,0.00,0.00,0.00033
-93.77285208,42.01578057,A3,TaskName 5/7/2025 (GreenStar 4 Monitor),Zidua SC & Sharpen,575,5/7/2025,0.205,On,1130.4,7.500,55.62,8.095,2.433,5.790,358.83,19.99,20.77,0,11,7.356,5/7/2025,Good,8.309,2.719e-05,3.116,1.020e-05,0.00,0.00,0.00,4.154,1.359e-05,2.077,6.797e-06,20.64,0.0086,0.00,0.00,0.00,0.00,0.00,0.00,0.00,0.00,0.00,0.00,0.00,0.00,0.00042
-93.77285230,42.01578717,A3,TaskName 5/7/2025 (GreenStar 4 Monitor),Zidua SC & Sharpen,576,5/7/2025,0.200,On,1130.4,10.00,54.37,8.102,2.377,5.904,358.98,19.99,20.43,0,11,9.822,5/7/2025,Good,8.172,3.484e-05,3.064,1.306e-05,0.00,0.00,0.00,4.086,1.742e-05,2.043,8.710e-06,20.30,0.011,0.00,0.00,0.00,0.00,0.00,0.00,0.00,0.00,0.00,0.00,0.00,0.00,0.00055
-93.77285238,42.01579375,A3,TaskName 5/7/2025 (GreenStar 4 Monitor),Zidua SC & Sharpen,577,5/7/2025,0.195,On,1130.4,12.50,53.12,8.125,2.324,5.931,359.14,19.99,20.87,0,11,12.31,5/7/2025,Good,8.347,4.350e-05,3.130,1.631e-05,0.00,0.00,0.00,4.174,2.175e-05,2.087,1.087e-05,20.73,0.014,0.00,0.00,0.00,0.00,0.00,0.00,0.00,0.00,0.00,0.00,0.00,0.00,0.00067
-93.77285266,42.01580030,A3,TaskName 5/7/2025 (GreenStar 4 Monitor),Zidua SC & Sharpen,578,5/7/2025,0.206,On,1130.4,15.00,51.87,8.145,2.462,5.983,359.24,19.99,20.41,0,11,14.82,5/7/2025,Good,8.163,5.408e-05,3.061,2.028e-05,0.00,0.00,0.00,4.082,2.704e-05,2.041,1.352e-05,20.28,0.017,0.00,0.00,0.00,0.00,0.00,0.00,0.00,0.00,0.00,0.00,0.00,0.00,0.00085
-93.77285266,42.01580696,A3,TaskName 5/7/2025 (GreenStar 4 Monitor),Zidua SC & Sharpen,579,5/7/2025,0.194,On,1130.3,18.75,50.00,8.149,2.318,5.805,359.32,19.99,20.41,0,11,18.51,5/7/2025,Good,8.163,6.363e-05,3.061,2.386e-05,0.00,0.00,0.00,4.082,3.182e-05,2.041,1.591e-05,20.28,0.020,0.00,0.00,0.00,0.00,0.00,0.00,0.00,0.00,0.00,0.00,0.00,0.00,0.00100
-93.77285293,42.01581366,A3,TaskName 5/7/2025 (GreenStar 4 Monitor),Zidua SC & Sharpen,580,5/7/2025,0.205,On,1130.3,21.25,48.75,8.165,2.456,5.358,359.46,19.99,20.48,0,11,21.04,5/7/2025,Good,8.193,7.668e-05,3.073,2.876e-05,0.00,0.00,0.00,4.097,3.834e-05,2.048,1.917e-05,20.35,0.024,0.00,0.00,0.00,0.00,0.00,0.00,0.00,0.00,0.00,0.00,0.00,0.00,0.0012
-93.77285294,42.01582044,A3,TaskName 5/7/2025 (GreenStar 4 Monitor),Zidua SC & Sharpen,581,5/7/2025,0.200,On,1130.3,25.00,46.87,8.203,2.407,5.085,359.46,19.99,20.30,0,11,24.86,5/7/2025,Good,8.121,8.762e-05,3.045,3.286e-05,0.00,0.00,0.00,4.060,4.381e-05,2.030,2.191e-05,20.17,0.028,0.00,0.00,0.00,0.00,0.00,0.00,0.00,0.00,0.00,0.00,0.00,0.00,0.0014
-93.77285303,42.01582712,A3,TaskName 5/7/2025 (GreenStar 4 Monitor),Zidua SC & Sharpen,582,5/7/2025,0.196,On,1130.3,27.50,45.62,8.265,2.377,5.099,359.36,19.99,20.16,0,11,27.56,5/7/2025,Good,8.065,9.455e-05,3.024,3.546e-05,0.00,0.00,0.00,4.033,4.728e-05,2.016,2.364e-05,20.03,0.030,0.00,0.00,0.00,0.00,0.00,0.00,0.00,0.00,0.00,0.00,0.00,0.00,0.0015
-93.77285278,42.01583385,A3,TaskName 5/7/2025 (GreenStar 4 Monitor),Zidua SC & Sharpen,583,5/7/2025,0.205,On,1130.2,30.00,44.37,8.306,2.498,5.125,359.18,19.99,20.14,0,11,30.22,5/7/2025,Good,8.057,0.00011,3.021,4.061e-05,0.00,0.00,0.00,4.028,5.415e-05,2.014,2.707e-05,20.01,0.034,0.00,0.00,0.00,0.00,0.00,0.00,0.00,0.00,0.00,0.00,0.00,0.00,0.0017
-93.77285278,42.01584059,A3,TaskName 5/7/2025 (GreenStar 4 Monitor),Zidua SC & Sharpen,584,5/7/2025,0.199,On,1130.3,33.75,42.50,8.324,2.429,4.768,359.10,19.99,20.00,0,11,34.05,5/7/2025,Good,8.001,0.00012,3.000,4.412e-05,0.00,0.00,0.00,4.000,5.883e-05,2.000,2.941e-05,19.87,0.037,0.00,0.00,0.00,0.00,0.00,0.00,0.00,0.00,0.00,0.00,0.00,0.00,0.0019
-93.77285284,42.01584754,A3,TaskName 5/7/2025 (GreenStar 4 Monitor),Zidua SC & Sharpen,585,5/7/2025,0.200,On,1130.2,37.50,40.62,8.346,2.449,4.566,359.12,19.99,19.99,0,11,37.95,5/7/2025,Good,7.997,0.00013,2.999,4.940e-05,0.00,0.00,0.00,3.998,6.586e-05,1.999,3.293e-05,19.86,0.042,0.00,0.00,0.00,0.00,0.00,0.00,0.00,0.00,0.00,0.00,0.00,0.00,0.0021
-93.77285296,42.01585430,A3,TaskName 5/7/2025 (GreenStar 4 Monitor),Zidua SC & Sharpen,586,5/7/2025,0.201,On,1130.1,40.00,39.37,8.411,2.479,5.376,359.16,19.99,20.16,0,11,40.77,5/7/2025,Good,8.065,0.00014,3.024,5.378e-05,0.00,0.00,0.00,4.033,7.171e-05,2.016,3.585e-05,20.03,0.046,0.00,0.00,0.00,0.00,0.00,0.00,0.00,0.00,0.00,0.00,0.00,0.00,0.0023
-93.77285329,42.01586107,A3,TaskName 5/7/2025 (GreenStar 4 Monitor),Zidua SC & Sharpen,587,5/7/2025,0.194,On,1130.2,43.75,37.50,8.438,2.400,5.792,359.26,19.99,19.99,0,11,44.73,5/7/2025,Good,7.997,0.00015,2.999,5.647e-05,0.00,0.00,0.00,3.998,7.529e-05,1.999,3.765e-05,19.86,0.048,0.00,0.00,0.00,0.00,0.00,0.00,0.00,0.00,0.00,0.00,0.00,0.00,0.0024
-93.77285329,42.01586793,A3,TaskName 5/7/2025 (GreenStar 4 Monitor),Zidua SC & Sharpen,588,5/7/2025,0.205,On,1130.1,46.25,36.25,8.431,2.534,5.495,359.22,19.99,20.07,0,11,47.26,5/7/2025,Good,8.027,0.00017,3.010,6.328e-05,0.00,0.00,0.00,4.013,8.437e-05,2.007,4.219e-05,19.94,0.054,0.00,0.00,0.00,0.00,0.00,0.00,0.00,0.00,0.00,0.00,0.00,0.00,0.0027
-93.77285338,42.01587474,A3,TaskName 5/7/2025 (GreenStar 4 Monitor),Zidua SC & Sharpen,589,5/7/2025,0.195,On,1130.0,48.75,35.00,8.444,2.416,5.719,359.22,19.99,20.09,0,11,49.92,5/7/2025,Good,8.035,0.00017,3.013,6.366e-05,0.00,0.00,0.00,4.018,8.488e-05,2.009,4.244e-05,19.96,0.054,0.00,0.00,0.00,0.00,0.00,0.00,0.00,0.00,0.00,0.00,0.00,0.00,0.0027
-93.77285348,42.01588162,A3,TaskName 5/7/2025 (GreenStar 4 Monitor),Zidua SC & Sharpen,590,5/7/2025,0.200,On,1130.1,52.50,33.12,8.449,2.479,5.455,359.30,19.99,19.93,0,11,53.77,5/7/2025,Good,7.971,0.00019,2.989,6.976e-05,0.00,0.00,0.00,3.985,9.302e-05,1.993,4.651e-05,19.80,0.059,0.00,0.00,0.00,0.00,0.00,0.00,0.00,0.00,0.00,0.00,0.00,0.00,0.0030
-93.77285354,42.01588865,A3,TaskName 5/7/2025 (GreenStar 4 Monitor),Zidua SC & Sharpen,591,5/7/2025,0.200,On,1130.0,55.00,31.87,8.465,2.482,5.292,359.42,19.99,20.02,0,11,56.41,5/7/2025,Good,8.009,0.00020,3.004,7.354e-05,0.00,0.00,0.00,4.005,9.805e-05,2.002,4.902e-05,19.89,0.062,0.00,0.00,0.00,0.00,0.00,0.00,0.00,0.00,0.00,0.00,0.00,0.00,0.0031
-93.77285370,42.01589561,A3,TaskName 5/7/2025 (GreenStar 4 Monitor),Zidua SC & Sharpen,592,5/7/2025,0.205,On,1130.0,58.75,30.00,8.527,2.564,5.581,359.58,19.99,19.92,0,11,60.73,5/7/2025,Good,7.967,0.00022,2.988,8.071e-05,0.00,0.00,0.00,3.983,0.00011,1.992,5.381e-05,19.79,0.068,0.00,0.00,0.00,0.00,0.00,0.00,0.00,0.00,0.00,0.00,0.00,0.00,0.0035
-93.77285392,42.01590260,A3,TaskName 5/7/2025 (GreenStar 4 Monitor),Zidua SC & Sharpen,593,5/7/2025,0.201,On,1130.0,61.25,28.75,8.585,2.518,5.264,359.73,19.99,19.71,0,11,63.41,5/7/2025,Good,7.885,0.00022,2.957,8.179e-05,0.00,0.00,0.00,3.943,0.00011,1.971,5.453e-05,19.59,0.069,0.00,0.00,0.00,0.00,0.00,0.00,0.00,0.00,0.00,0.00,0.00,0.00,0.0035
-93.77285412,42.01590974,A3,TaskName 5/7/2025 (GreenStar 4 Monitor),Zidua SC & Sharpen,594,5/7/2025,0.200,On,1129.9,65.00,26.87,8.626,2.544,4.709,359.86,19.99,19.88,0,11,68.33,5/7/2025,Good,7.954,0.00024,2.983,8.846e-05,0.00,0.00,0.00,3.977,0.00012,1.988,5.898e-05,19.76,0.075,0.00,0.00,0.00,0.00,0.00,0.00,0.00,0.00,0.00,0.00,0.00,0.00,0.0038
-93.77285431,42.01591691,A3,TaskName 5/7/2025 (GreenStar 4 Monitor),Zidua SC & Sharpen,595,5/7/2025,0.199,On,1129.9,68.75,25.00,8.699,2.538,4.590,359.97,19.99,20.01,0,11,72.45,5/7/2025,Good,8.005,0.00025,3.002,9.393e-05,0.00,0.00,0.00,4.003,0.00013,2.001,6.262e-05,19.88,0.080,0.00,0.00,0.00,0.00,0.00,0.00,0.00,0.00,0.00,0.00,0.00,0.00,0.0040
-93.77285434,42.01592398,A3,TaskName 5/7/2025 (GreenStar 4 Monitor),Zidua SC & Sharpen,596,5/7/2025,0.200,On,1129.9,71.25,23.75,8.780,2.577,4.623,0.023,19.99,19.68,0,11,75.87,5/7/2025,Good,7.873,0.00026,2.952,9.722e-05,0.00,0.00,0.00,3.936,0.00013,1.968,6.481e-05,19.55,0.082,0.00,0.00,0.00,0.00,0.00,0.00,0.00,0.00,0.00,0.00,0.00,0.00,0.0042
-93.77285433,42.01593119,A3,TaskName 5/7/2025 (GreenStar 4 Monitor),Zidua SC & Sharpen,597,5/7/2025,0.195,On,1129.9,75.00,21.87,8.807,2.518,4.597,0.102,19.99,19.83,0,11,80.04,5/7/2025,Good,7.933,0.00027,2.975,0.00010,0.00,0.00,0.00,3.966,0.00013,1.983,6.717e-05,19.70,0.085,0.00,0.00,0.00,0.00,0.00,0.00,0.00,0.00,0.00,0.00,0.00,0.00,0.0043
-93.77285441,42.01593827,A3,TaskName 5/7/2025 (GreenStar 4 Monitor),Zidua SC & Sharpen,598,5/7/2025,0.205,On,1129.8,78.75,20.00,8.840,2.659,4.821,0.243,19.99,19.60,0,11,84.42,5/7/2025,Good,7.838,0.00029,2.939,0.00011,0.00,0.00,0.00,3.919,0.00015,1.960,7.359e-05,19.47,0.094,0.00,0.00,0.00,0.00,0.00,0.00,0.00,0.00,0.00,0.00,0.00,0.00,0.0048
-93.77285432,42.01594547,A3,TaskName 5/7/2025 (GreenStar 4 Monitor),Zidua SC & Sharpen,599,5/7/2025,0.195,On,1129.8,82.50,18.12,8.849,2.531,4.815,0.321,19.99,19.59,0,11,88.50,5/7/2025,Good,7.834,0.00029,2.938,0.00011,0.00,0.00,0.00,3.917,0.00015,1.959,7.335e-05,19.46,0.093,0.00,0.00,0.00,0.00,0.00,0.00,0.00,0.00,0.00,0.00,0.00,0.00,0.0048
-93.77285433,42.01595271,A3,TaskName 5/7/2025 (GreenStar 4 Monitor),Zidua SC & Sharpen,600,5/7/2025,0.206,On,1129.8,86.25,16.25,8.872,2.669,4.843,0.282,19.99,19.70,0,11,92.35,5/7/2025,Good,7.881,0.00033,2.955,0.00012,0.00,0.00,0.00,3.941,0.00016,1.970,8.134e-05,19.57,0.103,0.00,0.00,0.00,0.00,0.00,0.00,0.00,0.00,0.00,0.00,0.00,0.00,0.0053
-93.77285426,42.01595986,A3,TaskName 5/7/2025 (GreenStar 4 Monitor),Zidua SC & Sharpen,601,5/7/2025,0.199,On,1129.8,90.00,14.37,8.912,2.613,4.801,0.212,19.99,19.50,0,11,97.67,5/7/2025,Good,7.800,0.00033,2.925,0.00012,0.00,0.00,0.00,3.900,0.00016,1.950,8.225e-05,19.37,0.105,0.00,0.00,0.00,0.00,0.00,0.00,0.00,0.00,0.00,0.00,0.00,0.00,0.0054
-93.77285417,42.01596719,A3,TaskName 5/7/2025 (GreenStar 4 Monitor),Zidua SC & Sharpen,602,5/7/2025,0.196,On,1129.8,93.75,12.50,8.921,2.551,4.702,0.172,19.99,19.49,0,11,100.83,5/7/2025,Good,7.796,0.00033,2.923,0.00013,0.00,0.00,0.00,3.898,0.00017,1.949,8.358e-05,19.36,0.106,0.00,0.00,0.00,0.00,0.00,0.00,0.00,0.00,0.00,0.00,0.00,0.00,0.0055
-93.77285418,42.01597453,A3,TaskName 5/7/2025 (GreenStar 4 Monitor),Zidua SC & Sharpen,603,5/7/2025,0.205,On,1129.7,97.50,10.62,8.954,2.705,4.927,0.141,19.99,19.60,0,11,106.32,5/7/2025,Good,7.838,0.00037,2.939,0.00014,0.00,0.00,0.00,3.919,0.00019,1.960,9.269e-05,19.47,0.118,0.00,0.00,0.00,0.00,0.00,0.00,0.00,0.00,0.00,0.00,0.00,0.00,0.0061
-93.77285393,42.01598176,A3,TaskName 5/7/2025 (GreenStar 4 Monitor),Zidua SC & Sharpen,604,5/7/2025,0.199,On,1129.7,100.00,9.375,9.008,2.629,5.132,0.0077,19.99,19.53,0,11,109.20,5/7/2025,Good,7.813,0.00037,2.930,0.00014,0.00,0.00,0.00,3.906,0.00018,1.953,9.211e-05,19.40,0.117,0.00,0.00,0.00,0.00,0.00,0.00,0.00,0.00,0.00,0.00,0.00,0.00,0.0060
-93.77285377,42.01598919,A3,TaskName 5/7/2025 (GreenStar 4 Monitor),Zidua SC & Sharpen,605,5/7/2025,0.195,On,1129.7,103.75,7.500,9.026,2.580,4.795,359.92,19.99,19.52,0,11,113.46,5/7/2025,Good,7.808,0.00037,2.928,0.00014,0.00,0.00,0.00,3.904,0.00019,1.952,9.373e-05,19.39,0.119,0.00,0.00,0.00,0.00,0.00,0.00,0.00,0.00,0.00,0.00,0.00,0.00,0.0061
-93.77285385,42.01599658,A3,TaskName 5/7/2025 (GreenStar 4 Monitor),Zidua SC & Sharpen,606,5/7/2025,0.206,On,1129.7,107.50,5.625,9.069,2.741,4.914,359.85,19.99,19.50,0,11,118.21,5/7/2025,Good,7.800,0.00041,2.925,0.00015,0.00,0.00,0.00,3.900,0.00021,1.950,0.00010,19.37,0.131,0.00,0.00,0.00,0.00,0.00,0.00,0.00,0.00,0.00,0.00,0.00,0.00,0.0068
-93.77285368,42.01600387,A3,TaskName 5/7/2025 (GreenStar 4 Monitor),Zidua SC & Sharpen,607,5/7/2025,0.194,On,1129.7,111.25,3.750,9.116,2.593,5.772,359.71,19.99,19.52,0,11,122.91,5/7/2025,Good,7.808,0.00040,2.928,0.00015,0.00,0.00,0.00,3.904,0.00020,1.952,0.00010,19.39,0.128,0.00,0.00,0.00,0.00,0.00,0.00,0.00,0.00,0.00,0.00,0.00,0.00,0.0066
-93.77285364,42.01601123,A3,TaskName 5/7/2025 (GreenStar 4 Monitor),Zidua SC & Sharpen,608,5/7/2025,0.206,On,1129.7,113.75,2.500,9.116,2.741,6.135,359.62,19.99,19.56,0,11,125.09,5/7/2025,Good,7.826,0.00044,2.935,0.00016,0.00,0.00,0.00,3.913,0.00022,1.956,0.00011,19.44,0.139,0.00,0.00,0.00,0.00,0.00,0.00,0.00,0.00,0.00,0.00,0.00,0.00,0.0072
-93.77285374,42.01601864,A3,TaskName 5/7/2025 (GreenStar 4 Monitor),Zidua SC & Sharpen,609,5/7/2025,0.194,On,1129.6,117.50,0.625,9.116,2.606,5.803,359.59,19.99,19.45,0,11,130.47,5/7/2025,Good,7.779,0.00043,2.917,0.00016,0.00,0.00,0.00,3.889,0.00021,1.945,0.00011,19.32,0.136,0.00,0.00,0.00,0.00,0.00,0.00,0.00,0.00,0.00,0.00,0.00,0.00,0.0070
-93.77285398,42.01605626,A3,TaskName 5/7/2025 (GreenStar 4 Monitor),Zidua SC & Sharpen,610,5/7/2025,1.005,On,1129.4,120.00,-0.625,9.228,13.60,5.896,359.69,19.99,19.80,0,11,134.24,5/7/2025,Good,7.919,0.0023,2.969,0.00087,0.00,0.00,0.00,3.959,0.0012,1.980,0.00058,19.67,0.737,0.00,0.00,0.00,0.00,0.00,0.00,0.00,0.00,0.00,0.00,0.00,0.00,0.037
-93.77285455,42.01609473,A3,TaskName 5/7/2025 (GreenStar 4 Monitor),Zidua SC & Sharpen,611,5/7/2025,0.996,On,1129.2,120.00,-0.625,9.460,13.82,5.510,0.400,19.99,19.81,0,11,137.57,5/7/2025,Good,7.923,0.0024,2.971,0.00088,0.00,0.00,0.00,3.962,0.0012,1.981,0.00059,19.68,0.749,0.00,0.00,0.00,0.00,0.00,0.00,0.00,0.00,0.00,0.00,0.00,0.00,0.038
-93.77285414,42.01613393,A3,TaskName 5/7/2025 (GreenStar 4 Monitor),Zidua SC & Sharpen,612,5/7/2025,1.000,On,1129.1,120.00,-0.625,9.637,14.13,5.000,0.157,19.99,19.83,0,11,140.15,5/7/2025,Good,7.932,0.0024,2.975,0.00090,0.00,0.00,0.00,3.966,0.0012,1.983,0.00060,19.70,0.767,0.00,0.00,0.00,0.00,0.00,0.00,0.00,0.00,0.00,0.00,0.00,0.00,0.039
-93.77285382,42.01617347,A3,TaskName 5/7/2025 (GreenStar 4 Monitor),Zidua SC & Sharpen,613,5/7/2025,0.999,On,1128.8,120.00,-0.625,9.764,14.31,4.658,359.71,19.99,19.83,0,11,142.05,5/7/2025,Good,7.931,0.0024,2.974,0.00092,0.00,0.00,0.00,3.965,0.0012,1.983,0.00061,19.70,0.776,0.00,0.00,0.00,0.00,0.00,0.00,0.00,0.00,0.00,0.00,0.00,0.00,0.039
-93.77285428,42.01621296,A3,TaskName 5/7/2025 (GreenStar 4 Monitor),Zidua SC & Sharpen,614,5/7/2025,1.000,On,1128.6,120.00,-0.625,9.818,14.40,5.188,0.039,19.99,19.93,0,11,142.82,5/7/2025,Good,7.972,0.0025,2.989,0.00093,0.00,0.00,0.00,3.986,0.0012,1.993,0.00062,19.80,0.785,0.00,0.00,0.00,0.00,0.00,0.00,0.00,0.00,0.00,0.00,0.00,0.00,0.040
-93.77285438,42.01625266,A3,TaskName 5/7/2025 (GreenStar 4 Monitor),Zidua SC & Sharpen,615,5/7/2025,1.000,On,1128.3,120.00,-0.625,9.844,14.44,5.566,0.329,19.99,20.00,0,11,143.17,5/7/2025,Good,8.001,0.0025,3.000,0.00093,0.00,0.00,0.00,4.001,0.0012,2.000,0.00062,19.87,0.790,0.00,0.00,0.00,0.00,0.00,0.00,0.00,0.00,0.00,0.00,0.00,0.00,0.040
-93.77285413,42.01629244,A3,TaskName 5/7/2025 (GreenStar 4 Monitor),Zidua SC & Sharpen,616,5/7/2025,1.001,On,1128.2,120.00,-0.625,9.881,14.49,5.340,0.282,19.99,19.91,0,11,143.58,5/7/2025,Good,7.966,0.0025,2.987,0.00093,0.00,0.00,0.00,3.983,0.0012,1.991,0.00062,19.79,0.790,0.00,0.00,0.00,0.00,0.00,0.00,0.00,0.00,0.00,0.00,0.00,0.00,0.040
-93.77285360,42.01633228,A3,TaskName 5/7/2025 (GreenStar 4 Monitor),Zidua SC & Sharpen,617,5/7/2025,0.999,On,1128.0,120.00,-0.625,9.898,14.52,4.851,359.73,19.99,19.92,0,11,144.10,5/7/2025,Good,7.967,0.0025,2.988,0.00093,0.00,0.00,0.00,3.984,0.0012,1.992,0.00062,19.79,0.791,0.00,0.00,0.00,0.00,0.00,0.00,0.00,0.00,0.00,0.00,0.00,0.00,0.040
-93.77285371,42.01637206,A3,TaskName 5/7/2025 (GreenStar 4 Monitor),Zidua SC & Sharpen,618,5/7/2025,1.000,On,1127.8,120.00,-0.625,9.893,14.51,5.017,359.72,19.99,19.89,0,11,143.89,5/7/2025,Good,7.954,0.0025,2.983,0.00093,0.00,0.00,0.00,3.977,0.0012,1.989,0.00062,19.76,0.790,0.00,0.00,0.00,0.00,0.00,0.00,0.00,0.00,0.00,0.00,0.00,0.00,0.040
-93.77285406,42.01641167,A3,TaskName 5/7/2025 (GreenStar 4 Monitor),Zidua SC & Sharpen,619,5/7/2025,1.000,On,1127.7,120.00,-0.625,9.862,14.47,5.551,0.227,19.99,19.94,0,11,143.50,5/7/2025,Good,7.974,0.0025,2.990,0.00093,0.00,0.00,0.00,3.987,0.0012,1.994,0.00062,19.81,0.789,0.00,0.00,0.00,0.00,0.00,0.00,0.00,0.00,0.00,0.00,0.00,0.00,0.040
-93.77285393,42.01645138,A3,TaskName 5/7/2025 (GreenStar 4 Monitor),Zidua SC & Sharpen,620,5/7/2025,1.000,On,1127.6,120.00,-0.625,9.865,14.47,4.920,0.118,19.99,19.93,0,11,143.50,5/7/2025,Good,7.972,0.0025,2.989,0.00093,0.00,0.00,0.00,3.986,0.0012,1.993,0.00062,19.80,0.789,0.00,0.00,0.00,0.00,0.00,0.00,0.00,0.00,0.00,0.00,0.00,0.00,0.040
-93.77285362,42.01648312,A3,TaskName 5/7/2025 (GreenStar 4 Monitor),Zidua SC & Sharpen,621,5/7/2025,0.801,On,1127.5,120.00,-0.625,9.854,11.56,4.567,359.64,19.99,19.91,0,11,143.14,5/7/2025,Good,7.964,0.0020,2.987,0.00074,0.00,0.00,0.00,3.982,0.00099,1.991,0.00050,19.78,0.630,0.00,0.00,0.00,0.00,0.00,0.00,0.00,0.00,0.00,0.00,0.00,0.00,0.032
-93.77329491,42.01645984,A3,TaskName 5/7/2025 (GreenStar 4 Monitor),Zidua SC & Sharpen,622,5/7/2025,0.995,On,1127.7,120.00,0.625,8.889,12.98,6.087,180.74,19.99,19.04,0,12,129.36,5/7/2025,Good,7.614,0.0021,2.855,0.00080,0.00,0.00,0.00,3.807,0.0011,1.904,0.00053,18.91,0.676,0.00,0.00,0.00,0.00,0.00,0.00,0.00,0.00,0.00,0.00,0.00,0.00,0.036
-93.77329586,42.01642408,A3,TaskName 5/7/2025 (GreenStar 4 Monitor),Zidua SC & Sharpen,623,5/7/2025,1.005,On,1127.8,120.00,0.625,8.843,13.04,6.355,179.65,19.99,19.29,0,12,128.66,5/7/2025,Good,7.718,0.0022,2.894,0.00081,0.00,0.00,0.00,3.859,0.0011,1.929,0.00054,19.17,0.688,0.00,0.00,0.00,0.00,0.00,0.00,0.00,0.00,0.00,0.00,0.00,0.00,0.036
-93.77329585,42.01638820,A3,TaskName 5/7/2025 (GreenStar 4 Monitor),Zidua SC & Sharpen,624,5/7/2025,1.000,On,1127.9,120.00,0.625,8.926,13.10,6.342,179.31,19.99,19.64,0,12,129.89,5/7/2025,Good,7.857,0.0022,2.946,0.00083,0.00,0.00,0.00,3.928,0.0011,1.964,0.00055,19.51,0.704,0.00,0.00,0.00,0.00,0.00,0.00,0.00,0.00,0.00,0.00,0.00,0.00,0.036
-93.77329488,42.01635225,A3,TaskName 5/7/2025 (GreenStar 4 Monitor),Zidua SC & Sharpen,625,5/7/2025,0.995,On,1128.1,120.00,0.625,8.903,13.00,6.676,180.20,19.99,19.85,0,12,129.53,5/7/2025,Good,7.941,0.0022,2.978,0.00083,0.00,0.00,0.00,3.971,0.0011,1.985,0.00056,19.72,0.706,0.00,0.00,0.00,0.00,0.00,0.00,0.00,0.00,0.00,0.00,0.00,0.00,0.036
-93.77329490,42.01631654,A3,TaskName 5/7/2025 (GreenStar 4 Monitor),Zidua SC & Sharpen,626,5/7/2025,1.005,On,1128.3,120.00,0.625,8.894,13.12,6.909,180.22,19.99,19.96,0,12,129.47,5/7/2025,Good,7.983,0.0023,2.994,0.00085,0.00,0.00,0.00,3.991,0.0011,1.996,0.00056,19.83,0.717,0.00,0.00,0.00,0.00,0.00,0.00,0.00,0.00,0.00,0.00,0.00,0.00,0.036
-93.77329526,42.01629491,A3,TaskName 5/7/2025 (GreenStar 4 Monitor),Zidua SC & Sharpen,627,5/7/2025,0.601,On,1128.5,120.00,0.625,8.893,7.831,6.923,179.87,19.99,19.95,0,12,129.23,5/7/2025,Good,7.981,0.0013,2.993,0.00050,0.00,0.00,0.00,3.990,0.00067,1.995,0.00034,19.82,0.428,0.00,0.00,0.00,0.00,0.00,0.00,0.00,0.00,0.00,0.00,0.00,0.00,0.022
-93.77329514,42.01628779,A3,TaskName 5/7/2025 (GreenStar 4 Monitor),Zidua SC & Sharpen,628,5/7/2025,0.194,On,1128.5,118.75,3.560e-07,8.934,2.556,6.783,179.80,19.99,19.95,0,12,129.29,5/7/2025,Good,7.980,0.00043,2.992,0.00016,0.00,0.00,0.00,3.990,0.00022,1.995,0.00011,19.82,0.138,0.00,0.00,0.00,0.00,0.00,0.00,0.00,0.00,0.00,0.00,0.00,0.00,0.0070
-93.77329513,42.01628069,A3,TaskName 5/7/2025 (GreenStar 4 Monitor),Zidua SC & Sharpen,629,5/7/2025,0.205,On,1128.5,116.25,-1.250,8.925,2.684,6.703,179.80,19.99,20.03,0,12,125.77,5/7/2025,Good,8.014,0.00045,3.005,0.00017,0.00,0.00,0.00,4.007,0.00022,2.003,0.00011,19.90,0.143,0.00,0.00,0.00,0.00,0.00,0.00,0.00,0.00,0.00,0.00,0.00,0.00,0.0072
-93.77329508,42.01627350,A3,TaskName 5/7/2025 (GreenStar 4 Monitor),Zidua SC & Sharpen,630,5/7/2025,0.195,On,1128.6,112.50,-3.125,8.894,2.546,6.485,179.90,19.99,20.10,0,12,121.39,5/7/2025,Good,8.039,0.00041,3.015,0.00015,0.00,0.00,0.00,4.020,0.00021,2.010,0.00010,19.97,0.131,0.00,0.00,0.00,0.00,0.00,0.00,0.00,0.00,0.00,0.00,0.00,0.00,0.0066
-93.77329503,42.01626628,A3,TaskName 5/7/2025 (GreenStar 4 Monitor),Zidua SC & Sharpen,631,5/7/2025,0.200,On,1128.6,110.00,-4.375,8.887,2.608,6.452,180.06,19.99,20.23,0,12,118.56,5/7/2025,Good,8.091,0.00042,3.034,0.00016,0.00,0.00,0.00,4.045,0.00021,2.023,0.00010,20.10,0.132,0.00,0.00,0.00,0.00,0.00,0.00,0.00,0.00,0.00,0.00,0.00,0.00,0.0066
-93.77329492,42.01625911,A3,TaskName 5/7/2025 (GreenStar 4 Monitor),Zidua SC & Sharpen,632,5/7/2025,0.205,On,1128.6,106.25,-6.250,8.907,2.680,6.428,180.21,19.99,20.32,0,12,114.81,5/7/2025,Good,8.129,0.00042,3.048,0.00016,0.00,0.00,0.00,4.065,0.00021,2.032,0.00010,20.19,0.132,0.00,0.00,0.00,0.00,0.00,0.00,0.00,0.00,0.00,0.00,0.00,0.00,0.0065
-93.77329465,42.01625195,A3,TaskName 5/7/2025 (GreenStar 4 Monitor),Zidua SC & Sharpen,633,5/7/2025,0.200,On,1128.7,103.75,-7.500,8.921,2.618,6.987,180.31,19.99,20.11,0,12,112.24,5/7/2025,Good,8.044,0.00039,3.016,0.00015,0.00,0.00,0.00,4.022,0.00020,2.011,9.796e-05,19.98,0.125,0.00,0.00,0.00,0.00,0.00,0.00,0.00,0.00,0.00,0.00,0.00,0.00,0.0062
-93.77329476,42.01624476,A3,TaskName 5/7/2025 (GreenStar 4 Monitor),Zidua SC & Sharpen,634,5/7/2025,0.200,On,1128.8,100.00,-9.375,8.919,2.618,7.159,180.32,19.99,20.24,0,12,108.19,5/7/2025,Good,8.095,0.00038,3.036,0.00014,0.00,0.00,0.00,4.048,0.00019,2.024,9.503e-05,20.11,0.121,0.00,0.00,0.00,0.00,0.00,0.00,0.00,0.00,0.00,0.00,0.00,0.00,0.0060
-93.77329473,42.01623758,A3,TaskName 5/7/2025 (GreenStar 4 Monitor),Zidua SC & Sharpen,635,5/7/2025,0.201,On,1128.8,97.50,-10.62,8.916,2.618,6.890,180.38,19.99,20.21,0,12,104.96,5/7/2025,Good,8.082,0.00037,3.031,0.00014,0.00,0.00,0.00,4.041,0.00019,2.021,9.250e-05,20.07,0.118,0.00,0.00,0.00,0.00,0.00,0.00,0.00,0.00,0.00,0.00,0.00,0.00,0.0059
-93.77329474,42.01623036,A3,TaskName 5/7/2025 (GreenStar 4 Monitor),Zidua SC & Sharpen,636,5/7/2025,0.199,On,1128.8,93.75,-12.50,8.921,2.618,7.020,180.46,19.99,20.34,0,12,101.93,5/7/2025,Good,8.138,0.00036,3.052,0.00013,0.00,0.00,0.00,4.069,0.00018,2.034,8.956e-05,20.21,0.114,0.00,0.00,0.00,0.00,0.00,0.00,0.00,0.00,0.00,0.00,0.00,0.00,0.0056
-93.77329475,42.01622325,A3,TaskName 5/7/2025 (GreenStar 4 Monitor),Zidua SC & Sharpen,637,5/7/2025,0.205,On,1128.9,90.00,-14.37,8.930,2.687,7.007,180.53,19.99,20.36,0,12,97.49,5/7/2025,Good,8.142,0.00035,3.053,0.00013,0.00,0.00,0.00,4.071,0.00018,2.036,8.828e-05,20.22,0.112,0.00,0.00,0.00,0.00,0.00,0.00,0.00,0.00,0.00,0.00,0.00,0.00,0.0056
-93.77329470,42.01621608,A3,TaskName 5/7/2025 (GreenStar 4 Monitor),Zidua SC & Sharpen,638,5/7/2025,0.190,On,1129.0,87.50,-15.62,8.916,2.487,6.882,180.48,19.99,20.32,0,12,94.65,5/7/2025,Good,8.129,0.00032,3.048,0.00012,0.00,0.00,0.00,4.065,0.00016,2.032,7.931e-05,20.19,0.101,0.00,0.00,0.00,0.00,0.00,0.00,0.00,0.00,0.00,0.00,0.00,0.00,0.0050
-93.77329485,42.01620887,A3,TaskName 5/7/2025 (GreenStar 4 Monitor),Zidua SC & Sharpen,639,5/7/2025,0.200,On,1129.0,83.75,-17.50,8.896,2.612,6.901,180.29,19.99,20.29,0,12,90.38,5/7/2025,Good,8.116,0.00032,3.044,0.00012,0.00,0.00,0.00,4.058,0.00016,2.029,7.959e-05,20.16,0.101,0.00,0.00,0.00,0.00,0.00,0.00,0.00,0.00,0.00,0.00,0.00,0.00,0.0050
-93.77329508,42.01620169,A3,TaskName 5/7/2025 (GreenStar 4 Monitor),Zidua SC & Sharpen,640,5/7/2025,0.200,On,1129.0,80.00,-19.37,8.903,2.612,7.225,180.06,19.99,20.44,0,12,86.33,5/7/2025,Good,8.176,0.00031,3.066,0.00011,0.00,0.00,0.00,4.088,0.00015,2.044,7.659e-05,20.31,0.097,0.00,0.00,0.00,0.00,0.00,0.00,0.00,0.00,0.00,0.00,0.00,0.00,0.0048
-93.77329516,42.01619453,A3,TaskName 5/7/2025 (GreenStar 4 Monitor),Zidua SC & Sharpen,641,5/7/2025,0.206,On,1129.1,76.25,-21.25,8.912,2.694,7.060,179.86,19.99,20.48,0,12,82.40,5/7/2025,Good,8.193,0.00030,3.073,0.00011,0.00,0.00,0.00,4.097,0.00015,2.048,7.545e-05,20.35,0.096,0.00,0.00,0.00,0.00,0.00,0.00,0.00,0.00,0.00,0.00,0.00,0.00,0.0047
-93.77329527,42.01618735,A3,TaskName 5/7/2025 (GreenStar 4 Monitor),Zidua SC & Sharpen,642,5/7/2025,0.199,On,1129.1,73.75,-22.50,8.914,2.602,7.001,179.79,19.99,20.43,0,12,79.69,5/7/2025,Good,8.172,0.00028,3.064,0.00011,0.00,0.00,0.00,4.086,0.00014,2.043,7.030e-05,20.30,0.089,0.00,0.00,0.00,0.00,0.00,0.00,0.00,0.00,0.00,0.00,0.00,0.00,0.0044
-93.77329520,42.01618019,A3,TaskName 5/7/2025 (GreenStar 4 Monitor),Zidua SC & Sharpen,643,5/7/2025,0.195,On,1129.2,70.00,-24.37,8.916,2.552,6.877,179.84,19.99,20.31,0,12,75.72,5/7/2025,Good,8.125,0.00026,3.047,9.764e-05,0.00,0.00,0.00,4.062,0.00013,2.031,6.509e-05,20.18,0.083,0.00,0.00,0.00,0.00,0.00,0.00,0.00,0.00,0.00,0.00,0.00,0.00,0.0041
-93.77329527,42.01617294,A3,TaskName 5/7/2025 (GreenStar 4 Monitor),Zidua SC & Sharpen,644,5/7/2025,0.206,On,1129.3,66.25,-26.25,8.907,2.694,6.796,179.85,19.99,20.39,0,12,71.59,5/7/2025,Good,8.155,0.00026,3.058,9.787e-05,0.00,0.00,0.00,4.077,0.00013,2.039,6.525e-05,20.25,0.083,0.00,0.00,0.00,0.00,0.00,0.00,0.00,0.00,0.00,0.00,0.00,0.00,0.0041
-93.77329522,42.01616574,A3,TaskName 5/7/2025 (GreenStar 4 Monitor),Zidua SC & Sharpen,645,5/7/2025,0.200,On,1129.3,63.75,-27.50,8.925,2.605,6.763,179.92,19.99,20.31,0,12,68.62,5/7/2025,Good,8.125,0.00024,3.047,9.075e-05,0.00,0.00,0.00,4.062,0.00012,2.031,6.050e-05,20.18,0.077,0.00,0.00,0.00,0.00,0.00,0.00,0.00,0.00,0.00,0.00,0.00,0.00,0.0038
-93.77329518,42.01615859,A3,TaskName 5/7/2025 (GreenStar 4 Monitor),Zidua SC & Sharpen,646,5/7/2025,0.194,On,1129.4,60.00,-29.37,8.941,2.559,6.545,180.02,19.99,20.49,0,12,65.41,5/7/2025,Good,8.198,0.00023,3.074,8.465e-05,0.00,0.00,0.00,4.099,0.00011,2.049,5.644e-05,20.36,0.072,0.00,0.00,0.00,0.00,0.00,0.00,0.00,0.00,0.00,0.00,0.00,0.00,0.0035
-93.77329503,42.01615144,A3,TaskName 5/7/2025 (GreenStar 4 Monitor),Zidua SC & Sharpen,647,5/7/2025,0.205,On,1129.4,56.25,-31.25,8.937,2.687,6.164,180.21,19.99,20.55,0,12,60.93,5/7/2025,Good,8.219,0.00022,3.082,8.355e-05,0.00,0.00,0.00,4.110,0.00011,2.055,5.570e-05,20.41,0.071,0.00,0.00,0.00,0.00,0.00,0.00,0.00,0.00,0.00,0.00,0.00,0.00,0.0035
-93.77329497,42.01614426,A3,TaskName 5/7/2025 (GreenStar 4 Monitor),Zidua SC & Sharpen,648,5/7/2025,0.201,On,1129.5,53.75,-32.50,8.921,2.631,5.805,180.43,19.99,20.50,0,12,58.15,5/7/2025,Good,8.202,0.00021,3.076,7.802e-05,0.00,0.00,0.00,4.101,0.00010,2.050,5.201e-05,20.37,0.066,0.00,0.00,0.00,0.00,0.00,0.00,0.00,0.00,0.00,0.00,0.00,0.00,0.0032
-93.77329493,42.01613718,A3,TaskName 5/7/2025 (GreenStar 4 Monitor),Zidua SC & Sharpen,649,5/7/2025,0.200,On,1129.6,50.00,-34.37,8.896,2.598,5.825,180.60,19.99,20.56,0,12,53.69,5/7/2025,Good,8.223,0.00019,3.084,7.185e-05,0.00,0.00,0.00,4.112,9.581e-05,2.056,4.790e-05,20.42,0.061,0.00,0.00,0.00,0.00,0.00,0.00,0.00,0.00,0.00,0.00,0.00,0.00,0.0030
-93.77329473,42.01613015,A3,TaskName 5/7/2025 (GreenStar 4 Monitor),Zidua SC & Sharpen,650,5/7/2025,0.195,On,1129.6,46.25,-36.25,8.867,2.536,6.710,180.79,19.99,20.67,0,12,49.71,5/7/2025,Good,8.266,0.00017,3.100,6.521e-05,0.00,0.00,0.00,4.133,8.694e-05,2.067,4.347e-05,20.53,0.055,0.00,0.00,0.00,0.00,0.00,0.00,0.00,0.00,0.00,0.00,0.00,0.00,0.0027
-93.77329478,42.01612321,A3,TaskName 5/7/2025 (GreenStar 4 Monitor),Zidua SC & Sharpen,651,5/7/2025,0.200,On,1129.6,43.75,-37.50,8.827,2.602,6.888,180.89,19.99,20.54,0,12,47.03,5/7/2025,Good,8.215,0.00017,3.081,6.289e-05,0.00,0.00,0.00,4.107,8.385e-05,2.054,4.192e-05,20.40,0.053,0.00,0.00,0.00,0.00,0.00,0.00,0.00,0.00,0.00,0.00,0.00,0.00,0.0026
-93.77329485,42.01611618,A3,TaskName 5/7/2025 (GreenStar 4 Monitor),Zidua SC & Sharpen,652,5/7/2025,0.204,On,1129.6,40.00,-39.37,8.771,2.625,7.199,180.91,19.99,20.72,0,12,42.53,5/7/2025,Good,8.287,0.00016,3.108,5.852e-05,0.00,0.00,0.00,4.144,7.802e-05,2.072,3.901e-05,20.58,0.050,0.00,0.00,0.00,0.00,0.00,0.00,0.00,0.00,0.00,0.00,0.00,0.00,0.0024
-93.77329504,42.01610926,A3,TaskName 5/7/2025 (GreenStar 4 Monitor),Zidua SC & Sharpen,653,5/7/2025,0.195,On,1129.7,36.25,-41.25,8.737,2.500,7.311,180.76,19.99,20.86,0,12,38.41,5/7/2025,Good,8.343,0.00014,3.129,5.085e-05,0.00,0.00,0.00,4.172,6.780e-05,2.086,3.390e-05,20.72,0.043,0.00,0.00,0.00,0.00,0.00,0.00,0.00,0.00,0.00,0.00,0.00,0.00,0.0021
-93.77329529,42.01610220,A3,TaskName 5/7/2025 (GreenStar 4 Monitor),Zidua SC & Sharpen,654,5/7/2025,0.205,On,1129.7,32.50,-43.12,8.706,2.618,6.921,180.52,19.99,20.91,0,12,34.30,5/7/2025,Good,8.364,0.00013,3.137,4.787e-05,0.00,0.00,0.00,4.182,6.382e-05,2.091,3.191e-05,20.78,0.041,0.00,0.00,0.00,0.00,0.00,0.00,0.00,0.00,0.00,0.00,0.00,0.00,0.0020
-93.77329549,42.01609509,A3,TaskName 5/7/2025 (GreenStar 4 Monitor),Zidua SC & Sharpen,655,5/7/2025,0.201,On,1129.7,30.00,-44.37,8.708,2.569,6.644,180.26,19.99,21.00,0,12,31.69,5/7/2025,Good,8.399,0.00012,3.149,4.353e-05,0.00,0.00,0.00,4.199,5.804e-05,2.100,2.902e-05,20.86,0.037,0.00,0.00,0.00,0.00,0.00,0.00,0.00,0.00,0.00,0.00,0.00,0.00,0.0018
-93.77329570,42.01608809,A3,TaskName 5/7/2025 (GreenStar 4 Monitor),Zidua SC & Sharpen,656,5/7/2025,0.195,On,1129.8,26.25,-46.25,8.740,2.487,6.373,179.95,19.99,20.91,0,12,27.67,5/7/2025,Good,8.364,9.793e-05,3.137,3.672e-05,0.00,0.00,0.00,4.182,4.897e-05,2.091,2.448e-05,20.78,0.031,0.00,0.00,0.00,0.00,0.00,0.00,0.00,0.00,0.00,0.00,0.00,0.00,0.0015
-93.77329591,42.01608104,A3,TaskName 5/7/2025 (GreenStar 4 Monitor),Zidua SC & Sharpen,657,5/7/2025,0.204,On,1129.8,23.75,-47.50,8.751,2.631,5.752,179.61,19.99,20.93,0,12,25.32,5/7/2025,Good,8.373,9.384e-05,3.140,3.519e-05,0.00,0.00,0.00,4.186,4.692e-05,2.093,2.346e-05,20.80,0.030,0.00,0.00,0.00,0.00,0.00,0.00,0.00,0.00,0.00,0.00,0.00,0.00,0.0014
-93.77329630,42.01607404,A3,TaskName 5/7/2025 (GreenStar 4 Monitor),Zidua SC & Sharpen,658,5/7/2025,0.196,On,1129.8,21.25,-48.75,8.753,2.516,5.442,179.18,19.99,20.98,0,12,22.55,5/7/2025,Good,8.390,8.046e-05,3.146,3.017e-05,0.00,0.00,0.00,4.195,4.023e-05,2.098,2.012e-05,20.84,0.026,0.00,0.00,0.00,0.00,0.00,0.00,0.00,0.00,0.00,0.00,0.00,0.00,0.0012
-93.77329638,42.01606724,A3,TaskName 5/7/2025 (GreenStar 4 Monitor),Zidua SC & Sharpen,659,5/7/2025,0.200,On,1129.8,17.50,-50.62,8.753,2.569,6.076,178.86,19.99,21.09,0,12,18.58,5/7/2025,Good,8.437,6.803e-05,3.164,2.551e-05,0.00,0.00,0.00,4.219,3.401e-05,2.109,1.701e-05,20.96,0.022,0.00,0.00,0.00,0.00,0.00,0.00,0.00,0.00,0.00,0.00,0.00,0.00,0.0010
-93.77329646,42.01606046,A3,TaskName 5/7/2025 (GreenStar 4 Monitor),Zidua SC & Sharpen,660,5/7/2025,0.199,On,1129.9,15.00,-51.87,8.688,2.536,5.739,178.69,19.99,21.09,0,12,15.80,5/7/2025,Good,8.437,5.756e-05,3.164,2.159e-05,0.00,0.00,0.00,4.219,2.878e-05,2.109,1.439e-05,20.96,0.018,0.00,0.00,0.00,0.00,0.00,0.00,0.00,0.00,0.00,0.00,0.00,0.00,0.00087
-93.77329631,42.01605364,A3,TaskName 5/7/2025 (GreenStar 4 Monitor),Zidua SC & Sharpen,661,5/7/2025,0.201,On,1129.9,11.25,-53.75,8.599,2.536,5.336,178.84,19.99,21.07,0,12,11.73,5/7/2025,Good,8.429,4.313e-05,3.161,1.617e-05,0.00,0.00,0.00,4.214,2.156e-05,2.107,1.078e-05,20.93,0.014,0.00,0.00,0.00,0.00,0.00,0.00,0.00,0.00,0.00,0.00,0.00,0.00,0.00065
-93.77329602,42.01604697,A3,TaskName 5/7/2025 (GreenStar 4 Monitor),Zidua SC & Sharpen,662,5/7/2025,0.199,On,1129.9,8.750,-55.00,8.538,2.493,5.158,179.00,19.99,21.19,0,12,9.061,5/7/2025,Good,8.476,3.316e-05,3.178,1.244e-05,0.00,0.00,0.00,4.238,1.658e-05,2.119,8.291e-06,21.05,0.011,0.00,0.00,0.00,0.00,0.00,0.00,0.00,0.00,0.00,0.00,0.00,0.00,0.00050
-93.77329584,42.01604026,A3,TaskName 5/7/2025 (GreenStar 4 Monitor),Zidua SC & Sharpen,663,5/7/2025,0.205,On,1129.9,5.000,-56.87,8.471,2.549,4.999,179.11,19.99,21.22,0,12,5.138,5/7/2025,Good,8.488,1.940e-05,3.183,7.277e-06,0.00,0.00,0.00,4.244,9.702e-06,2.122,4.851e-06,21.08,0.0062,0.00,0.00,0.00,0.00,0.00,0.00,0.00,0.00,0.00,0.00,0.00,0.00,0.00029
-93.77329568,42.01603354,A3,TaskName 5/7/2025 (GreenStar 4 Monitor),Zidua SC & Sharpen,664,5/7/2025,0.196,On,1129.9,2.500,-58.12,8.404,2.418,4.729,179.31,19.99,21.25,0,12,2.549,5/7/2025,Good,8.501,9.217e-06,3.188,3.456e-06,0.00,0.00,0.00,4.251,4.608e-06,2.125,2.304e-06,21.11,0.0029,0.00,0.00,0.00,0.00,0.00,0.00,0.00,0.00,0.00,0.00,0.00,0.00,0.00014
-93.77373683,42.01629742,A3,TaskName 5/7/2025 (GreenStar 4 Monitor),Zidua SC & Sharpen,665,5/7/2025,0.205,On,1126.2,2.500,58.12,7.682,2.321,5.217,0.745,19.99,20.40,0,13,2.339,5/7/2025,Good,8.159,8.491e-06,3.060,3.184e-06,0.00,0.00,0.00,4.080,4.246e-06,2.040,2.123e-06,20.27,0.0027,0.00,0.00,0.00,0.00,0.00,0.00,0.00,0.00,0.00,0.00,0.00,0.00,0.00013
-93.77373631,42.01630376,A3,TaskName 5/7/2025 (GreenStar 4 Monitor),Zidua SC & Sharpen,666,5/7/2025,0.199,On,1126.2,5.000,56.87,7.635,2.229,5.666,0.298,19.99,20.60,0,13,4.629,5/7/2025,Good,8.240,1.647e-05,3.090,6.177e-06,0.00,0.00,0.00,4.120,8.237e-06,2.060,4.118e-06,20.47,0.0052,0.00,0.00,0.00,0.00,0.00,0.00,0.00,0.00,0.00,0.00,0.00,0.00,0.00026
-93.77373598,42.01630997,A3,TaskName 5/7/2025 (GreenStar 4 Monitor),Zidua SC & Sharpen,667,5/7/2025,0.196,On,1126.1,10.00,54.37,7.635,2.183,5.435,359.82,19.99,20.40,0,13,9.206,5/7/2025,Good,8.159,3.195e-05,3.060,1.198e-05,0.00,0.00,0.00,4.080,1.597e-05,2.040,7.987e-06,20.27,0.010,0.00,0.00,0.00,0.00,0.00,0.00,0.00,0.00,0.00,0.00,0.00,0.00,0.00050
-93.77373579,42.01631615,A3,TaskName 5/7/2025 (GreenStar 4 Monitor),Zidua SC & Sharpen,668,5/7/2025,0.200,On,1126.1,13.75,52.50,7.666,2.259,5.627,359.36,19.99,20.59,0,13,12.83,5/7/2025,Good,8.236,4.588e-05,3.089,1.720e-05,0.00,0.00,0.00,4.118,2.294e-05,2.059,1.147e-05,20.46,0.015,0.00,0.00,0.00,0.00,0.00,0.00,0.00,0.00,0.00,0.00,0.00,0.00,0.00071
-93.77373533,42.01632225,A3,TaskName 5/7/2025 (GreenStar 4 Monitor),Zidua SC & Sharpen,669,5/7/2025,0.199,On,1126.1,17.50,50.62,7.682,2.242,5.799,358.90,19.99,20.59,0,13,16.30,5/7/2025,Good,8.236,5.797e-05,3.089,2.174e-05,0.00,0.00,0.00,4.118,2.898e-05,2.059,1.449e-05,20.46,0.018,0.00,0.00,0.00,0.00,0.00,0.00,0.00,0.00,0.00,0.00,0.00,0.00,0.00090
-93.77373530,42.01632839,A3,TaskName 5/7/2025 (GreenStar 4 Monitor),Zidua SC & Sharpen,670,5/7/2025,0.205,On,1126.1,21.25,48.75,7.664,2.305,5.983,358.49,19.99,20.44,0,13,19.74,5/7/2025,Good,8.176,7.182e-05,3.066,2.693e-05,0.00,0.00,0.00,4.088,3.591e-05,2.044,1.795e-05,20.31,0.023,0.00,0.00,0.00,0.00,0.00,0.00,0.00,0.00,0.00,0.00,0.00,0.00,0.0011
-93.77373512,42.01633458,A3,TaskName 5/7/2025 (GreenStar 4 Monitor),Zidua SC & Sharpen,671,5/7/2025,0.200,On,1126.1,23.75,47.50,7.644,2.242,5.777,358.20,19.99,20.57,0,13,22.01,5/7/2025,Good,8.228,7.859e-05,3.085,2.947e-05,0.00,0.00,0.00,4.114,3.929e-05,2.057,1.965e-05,20.44,0.025,0.00,0.00,0.00,0.00,0.00,0.00,0.00,0.00,0.00,0.00,0.00,0.00,0.0012
-93.77373522,42.01634079,A3,TaskName 5/7/2025 (GreenStar 4 Monitor),Zidua SC & Sharpen,672,5/7/2025,0.200,On,1126.1,27.50,45.62,7.635,2.239,5.046,358.15,19.99,20.46,0,13,25.44,5/7/2025,Good,8.185,9.039e-05,3.069,3.390e-05,0.00,0.00,0.00,4.092,4.519e-05,2.046,2.260e-05,20.33,0.029,0.00,0.00,0.00,0.00,0.00,0.00,0.00,0.00,0.00,0.00,0.00,0.00,0.0014
-93.77373545,42.01634705,A3,TaskName 5/7/2025 (GreenStar 4 Monitor),Zidua SC & Sharpen,673,5/7/2025,0.200,On,1126.2,30.00,44.37,7.653,2.246,4.953,358.28,19.99,20.46,0,13,27.84,5/7/2025,Good,8.185,9.889e-05,3.069,3.709e-05,0.00,0.00,0.00,4.092,4.945e-05,2.046,2.472e-05,20.33,0.031,0.00,0.00,0.00,0.00,0.00,0.00,0.00,0.00,0.00,0.00,0.00,0.00,0.0015
-93.77373584,42.01635314,A3,TaskName 5/7/2025 (GreenStar 4 Monitor),Zidua SC & Sharpen,674,5/7/2025,0.201,On,1126.1,32.50,43.12,7.686,2.265,5.277,358.51,19.99,20.44,0,13,30.27,5/7/2025,Good,8.176,0.00011,3.066,4.049e-05,0.00,0.00,0.00,4.088,5.398e-05,2.044,2.699e-05,20.31,0.034,0.00,0.00,0.00,0.00,0.00,0.00,0.00,0.00,0.00,0.00,0.00,0.00,0.0017
-93.77373612,42.01635918,A3,TaskName 5/7/2025 (GreenStar 4 Monitor),Zidua SC & Sharpen,675,5/7/2025,0.200,On,1126.2,35.00,41.87,7.677,2.239,5.600,358.81,19.99,20.19,0,13,32.38,5/7/2025,Good,8.078,0.00011,3.029,4.258e-05,0.00,0.00,0.00,4.039,5.677e-05,2.019,2.838e-05,20.06,0.036,0.00,0.00,0.00,0.00,0.00,0.00,0.00,0.00,0.00,0.00,0.00,0.00,0.0018
-93.77373669,42.01636544,A3,TaskName 5/7/2025 (GreenStar 4 Monitor),Zidua SC & Sharpen,676,5/7/2025,0.199,On,1126.2,37.50,40.62,7.632,2.239,5.369,359.22,19.99,20.19,0,13,34.87,5/7/2025,Good,8.078,0.00012,3.029,4.562e-05,0.00,0.00,0.00,4.039,6.082e-05,2.019,3.041e-05,20.06,0.039,0.00,0.00,0.00,0.00,0.00,0.00,0.00,0.00,0.00,0.00,0.00,0.00,0.0019
-93.77373697,42.01637157,A3,TaskName 5/7/2025 (GreenStar 4 Monitor),Zidua SC & Sharpen,677,5/7/2025,0.201,On,1126.2,40.00,39.37,7.623,2.236,5.554,359.62,19.99,20.30,0,13,36.77,5/7/2025,Good,8.121,0.00013,3.045,4.884e-05,0.00,0.00,0.00,4.060,6.513e-05,2.030,3.256e-05,20.17,0.041,0.00,0.00,0.00,0.00,0.00,0.00,0.00,0.00,0.00,0.00,0.00,0.00,0.0021
-93.77373740,42.01637770,A3,TaskName 5/7/2025 (GreenStar 4 Monitor),Zidua SC & Sharpen,678,5/7/2025,0.200,On,1126.3,42.50,38.12,7.626,2.249,5.567,0.078,19.99,20.27,0,13,39.50,5/7/2025,Good,8.108,0.00014,3.040,5.212e-05,0.00,0.00,0.00,4.054,6.949e-05,2.027,3.475e-05,20.14,0.044,0.00,0.00,0.00,0.00,0.00,0.00,0.00,0.00,0.00,0.00,0.00,0.00,0.0022
-93.77373771,42.01638383,A3,TaskName 5/7/2025 (GreenStar 4 Monitor),Zidua SC & Sharpen,679,5/7/2025,0.195,On,1126.3,45.00,36.87,7.626,2.170,5.614,0.494,19.99,20.11,0,13,41.39,5/7/2025,Good,8.044,0.00014,3.016,5.283e-05,0.00,0.00,0.00,4.022,7.044e-05,2.011,3.522e-05,19.98,0.045,0.00,0.00,0.00,0.00,0.00,0.00,0.00,0.00,0.00,0.00,0.00,0.00,0.0022
-93.77373784,42.01638996,A3,TaskName 5/7/2025 (GreenStar 4 Monitor),Zidua SC & Sharpen,680,5/7/2025,0.204,On,1126.3,48.75,35.00,7.623,2.292,5.435,0.635,19.99,20.01,0,13,45.26,5/7/2025,Good,8.005,0.00016,3.002,6.015e-05,0.00,0.00,0.00,4.003,8.020e-05,2.001,4.010e-05,19.88,0.051,0.00,0.00,0.00,0.00,0.00,0.00,0.00,0.00,0.00,0.00,0.00,0.00,0.0026
-93.77373778,42.01639612,A3,TaskName 5/7/2025 (GreenStar 4 Monitor),Zidua SC & Sharpen,681,5/7/2025,0.201,On,1126.3,52.50,33.12,7.621,2.236,5.554,0.651,19.99,19.95,0,13,48.26,5/7/2025,Good,7.980,0.00017,2.992,6.299e-05,0.00,0.00,0.00,3.990,8.399e-05,1.995,4.200e-05,19.82,0.053,0.00,0.00,0.00,0.00,0.00,0.00,0.00,0.00,0.00,0.00,0.00,0.00,0.0027
-93.77373782,42.01640226,A3,TaskName 5/7/2025 (GreenStar 4 Monitor),Zidua SC & Sharpen,682,5/7/2025,0.199,On,1126.4,55.00,31.87,7.617,2.233,5.600,0.635,19.99,19.88,0,13,50.99,5/7/2025,Good,7.954,0.00018,2.983,6.569e-05,0.00,0.00,0.00,3.977,8.758e-05,1.988,4.379e-05,19.76,0.056,0.00,0.00,0.00,0.00,0.00,0.00,0.00,0.00,0.00,0.00,0.00,0.00,0.0028
-93.77373764,42.01640841,A3,TaskName 5/7/2025 (GreenStar 4 Monitor),Zidua SC & Sharpen,683,5/7/2025,0.200,On,1126.4,58.75,30.00,7.619,2.236,5.627,0.572,19.99,20.02,0,13,54.28,5/7/2025,Good,8.009,0.00019,3.004,7.076e-05,0.00,0.00,0.00,4.005,9.434e-05,2.002,4.717e-05,19.89,0.060,0.00,0.00,0.00,0.00,0.00,0.00,0.00,0.00,0.00,0.00,0.00,0.00,0.0030
-93.77373759,42.01641441,A3,TaskName 5/7/2025 (GreenStar 4 Monitor),Zidua SC & Sharpen,684,5/7/2025,0.200,On,1126.4,62.50,28.12,7.628,2.239,5.548,0.455,19.99,19.98,0,13,57.83,5/7/2025,Good,7.992,0.00020,2.997,7.522e-05,0.00,0.00,0.00,3.996,0.00010,1.998,5.015e-05,19.85,0.064,0.00,0.00,0.00,0.00,0.00,0.00,0.00,0.00,0.00,0.00,0.00,0.00,0.0032
-93.77373739,42.01642059,A3,TaskName 5/7/2025 (GreenStar 4 Monitor),Zidua SC & Sharpen,685,5/7/2025,0.201,On,1126.4,66.25,26.25,7.597,2.229,5.449,0.314,19.99,19.78,0,13,60.72,5/7/2025,Good,7.911,0.00021,2.967,7.858e-05,0.00,0.00,0.00,3.956,0.00010,1.978,5.239e-05,19.65,0.067,0.00,0.00,0.00,0.00,0.00,0.00,0.00,0.00,0.00,0.00,0.00,0.00,0.0034
-93.77373711,42.01642665,A3,TaskName 5/7/2025 (GreenStar 4 Monitor),Zidua SC & Sharpen,686,5/7/2025,0.199,On,1126.5,70.00,24.37,7.592,2.229,5.627,0.172,19.99,19.85,0,13,64.81,5/7/2025,Good,7.941,0.00022,2.978,8.334e-05,0.00,0.00,0.00,3.971,0.00011,1.985,5.556e-05,19.72,0.071,0.00,0.00,0.00,0.00,0.00,0.00,0.00,0.00,0.00,0.00,0.00,0.00,0.0036
-93.77373700,42.01643277,A3,TaskName 5/7/2025 (GreenStar 4 Monitor),Zidua SC & Sharpen,687,5/7/2025,0.195,On,1126.5,72.50,23.12,7.619,2.180,5.693,0.055,19.99,19.90,0,13,66.99,5/7/2025,Good,7.958,0.00023,2.984,8.459e-05,0.00,0.00,0.00,3.979,0.00011,1.990,5.640e-05,19.77,0.072,0.00,0.00,0.00,0.00,0.00,0.00,0.00,0.00,0.00,0.00,0.00,0.00,0.0036
-93.77373693,42.01643890,A3,TaskName 5/7/2025 (GreenStar 4 Monitor),Zidua SC & Sharpen,688,5/7/2025,0.201,On,1126.5,76.25,21.25,7.630,2.239,5.581,359.93,19.99,19.90,0,13,70.20,5/7/2025,Good,7.958,0.00024,2.984,9.138e-05,0.00,0.00,0.00,3.979,0.00012,1.990,6.092e-05,19.77,0.077,0.00,0.00,0.00,0.00,0.00,0.00,0.00,0.00,0.00,0.00,0.00,0.00,0.0039
-93.77373692,42.01644500,A3,TaskName 5/7/2025 (GreenStar 4 Monitor),Zidua SC & Sharpen,689,5/7/2025,0.204,On,1126.4,78.75,20.00,7.626,2.292,5.416,359.86,19.99,19.76,0,13,73.11,5/7/2025,Good,7.903,0.00026,2.963,9.591e-05,0.00,0.00,0.00,3.951,0.00013,1.976,6.394e-05,19.63,0.081,0.00,0.00,0.00,0.00,0.00,0.00,0.00,0.00,0.00,0.00,0.00,0.00,0.0041
-93.77373686,42.01645119,A3,TaskName 5/7/2025 (GreenStar 4 Monitor),Zidua SC & Sharpen,690,5/7/2025,0.195,On,1126.4,82.50,18.12,7.615,2.177,5.125,359.82,19.99,19.67,0,13,76.11,5/7/2025,Good,7.868,0.00025,2.951,9.503e-05,0.00,0.00,0.00,3.934,0.00013,1.967,6.336e-05,19.54,0.081,0.00,0.00,0.00,0.00,0.00,0.00,0.00,0.00,0.00,0.00,0.00,0.00,0.0041
-93.77373713,42.01645739,A3,TaskName 5/7/2025 (GreenStar 4 Monitor),Zidua SC & Sharpen,691,5/7/2025,0.201,On,1126.5,85.00,16.87,7.619,2.236,5.191,359.90,19.99,19.71,0,13,78.14,5/7/2025,Good,7.885,0.00027,2.957,0.00010,0.00,0.00,0.00,3.943,0.00013,1.971,6.719e-05,19.59,0.085,0.00,0.00,0.00,0.00,0.00,0.00,0.00,0.00,0.00,0.00,0.00,0.00,0.0044
-93.77373702,42.01646360,A3,TaskName 5/7/2025 (GreenStar 4 Monitor),Zidua SC & Sharpen,692,5/7/2025,0.204,On,1126.4,87.50,15.62,7.653,2.301,5.250,359.89,19.99,19.68,0,13,81.58,5/7/2025,Good,7.873,0.00028,2.952,0.00011,0.00,0.00,0.00,3.936,0.00014,1.968,7.108e-05,19.55,0.090,0.00,0.00,0.00,0.00,0.00,0.00,0.00,0.00,0.00,0.00,0.00,0.00,0.0046
-93.77373724,42.01646972,A3,TaskName 5/7/2025 (GreenStar 4 Monitor),Zidua SC & Sharpen,693,5/7/2025,0.195,On,1126.4,91.25,13.75,7.682,2.196,5.125,359.98,19.99,19.69,0,13,84.94,5/7/2025,Good,7.877,0.00028,2.954,0.00011,0.00,0.00,0.00,3.938,0.00014,1.969,7.079e-05,19.56,0.090,0.00,0.00,0.00,0.00,0.00,0.00,0.00,0.00,0.00,0.00,0.00,0.00,0.0046
-93.77373716,42.01647588,A3,TaskName 5/7/2025 (GreenStar 4 Monitor),Zidua SC & Sharpen,694,5/7/2025,0.205,On,1126.4,93.75,12.50,7.673,2.308,4.907,359.96,19.99,19.66,0,13,87.23,5/7/2025,Good,7.864,0.00031,2.949,0.00011,0.00,0.00,0.00,3.932,0.00015,1.966,7.629e-05,19.53,0.097,0.00,0.00,0.00,0.00,0.00,0.00,0.00,0.00,0.00,0.00,0.00,0.00,0.0050
-93.77373722,42.01648216,A3,TaskName 5/7/2025 (GreenStar 4 Monitor),Zidua SC & Sharpen,695,5/7/2025,0.200,On,1126.4,97.50,10.62,7.662,2.248,4.504,359.94,19.99,19.61,0,13,90.56,5/7/2025,Good,7.843,0.00031,2.941,0.00012,0.00,0.00,0.00,3.921,0.00015,1.961,7.707e-05,19.48,0.098,0.00,0.00,0.00,0.00,0.00,0.00,0.00,0.00,0.00,0.00,0.00,0.00,0.0050
-93.77373726,42.01648834,A3,TaskName 5/7/2025 (GreenStar 4 Monitor),Zidua SC & Sharpen,696,5/7/2025,0.196,On,1126.3,1.250,-37.50,7.686,2.208,4.907,359.93,19.99,20.62,0,13,1.164,5/7/2025,Good,8.249,4.084e-06,3.093,1.532e-06,0.00,0.00,0.00,4.124,2.042e-06,2.062,1.021e-06,20.49,0.0013,0.00,0.00,0.00,0.00,0.00,0.00,0.00,0.00,0.00,0.00,0.00,0.00,6.337e-05
