Longitude,Latitude,Field,Dataset,Product,Feature ID,Date / Time,Duration(s),Area Count,Elevation(ft),Swath Width(ft),Y Offset(ft),Speed(mph),Distance(ft),Fuel Consumption Rate (Time)(gal(US)/h),Track(deg),Target Rate (Liquid)(gal(US)/ac),Rate (Volume)(gal(US)/ac),Segment ID,Pass Number,Productivity(ac/h),Date,Rate Quality,Rate (Volume) (Tough 5EC)(floz(US)/ac),Product Amount Used/Needed (Tough 5EC),Rate (Volume) (Laudis Herbicide)(floz(US)/ac),Product Amount Used/Needed (Laudis Herbicide),Rate (Mass) (Ag saver)(oz/ac),Rate (Volume) (Warrant Herbicide)(qt(US)/ac),Product Amount Used/Needed (Warrant Herbicide),Rate (Volume) (Fulltec Oil)(floz(US)/ac),Product Amount Used/Needed (Fulltec Oil),Rate (Volume) (Fulltec Adjuvant)(floz(US)/ac),Product Amount Used/Needed (Fulltec Adjuvant),Rate (Volume) (Water)(gal(US)/ac),Product Amount Used/Needed (Water),Rate (Volume) (Callisto)(floz(US)/ac),Product Amount Used/Needed (Callisto),Rate (Volume) (Ag saver)(floz(US)/ac),Product Amount Used/Needed (Ag saver),Rate (Mass) (AAtrex 4L Herbicide)(lb/ac),Rate (Volume) (Smackdown)(pt(US)/ac),Product Amount Used/Needed (Smackdown),Rate (Volume) (Surpass NXT)(pt(US)/ac),Rate (Mass) (Atrazine 4L)(lb/ac),Rate (Volume) (Gro Centric)(floz(US)/ac),Rate (Volume) (Water (1)~9)(gal(US)/ac),Product Amount Used/Needed,Area (ac)
-93.78097252,42.02024221,F Fields (F1-F5),TaskName 6/2/2025 (GreenStar 4 Monitor),32%zidua/sharpen,1,6/2/2025,0.204,On,1120.1,15.00,51.87,3.657,1.101,6.644,359.56,41.99,68.52,0,1,6.691,6/2/2025,Over Target,27.41,8.118e-05,10.28,3.044e-05,0.00,0.00,0.00,13.70,4.059e-05,6.852,2.030e-05,68.07,0.026,0.00,0.00,82.22,0.00024,0.00,0.00,0.00,0.00,0.00,9.592,0.00,0.00,0.00038
-93.78097224,42.02024583,F Fields (F1-F5),TaskName 6/2/2025 (GreenStar 4 Monitor),32%zidua/sharpen,2,6/2/2025,0.200,On,1120.0,27.50,45.62,3.948,1.160,5.660,359.37,41.99,63.93,0,1,13.18,6/2/2025,Over Target,25.57,0.00015,9.590,5.487e-05,0.00,0.00,0.00,12.79,7.316e-05,6.393,3.658e-05,63.51,0.047,0.00,0.00,76.72,0.00044,0.00,0.00,0.00,0.00,0.00,8.950,0.00,0.00,0.00073
-93.78097269,42.02024933,F Fields (F1-F5),TaskName 6/2/2025 (GreenStar 4 Monitor),32%zidua/sharpen,3,6/2/2025,0.200,On,1120.0,28.75,45.00,4.161,1.222,4.398,359.68,41.99,56.58,0,1,14.52,6/2/2025,Over Target,22.63,0.00014,8.486,5.349e-05,0.00,0.00,0.00,11.32,7.132e-05,5.658,3.566e-05,56.21,0.045,0.00,0.00,67.89,0.00043,0.00,0.00,0.00,0.00,0.00,7.921,0.00,0.00,0.00081
-93.78097295,42.02025272,F Fields (F1-F5),TaskName 6/2/2025 (GreenStar 4 Monitor),32%zidua/sharpen,4,6/2/2025,0.195,On,1119.9,40.00,28.12,4.304,1.232,3.824,359.84,41.99,57.36,0,1,20.89,6/2/2025,Over Target,22.94,0.00020,8.603,7.606e-05,0.00,0.00,0.00,11.47,0.00010,5.736,5.070e-05,56.98,0.064,0.00,0.00,68.83,0.00061,0.00,0.00,0.00,0.00,0.00,8.030,0.00,0.00,0.0011
-93.78097304,42.02025611,F Fields (F1-F5),TaskName 6/2/2025 (GreenStar 4 Monitor),32%zidua/sharpen,5,6/2/2025,0.205,On,1120.0,53.75,14.48,4.315,1.298,3.104,359.89,41.99,54.55,0,1,28.12,6/2/2025,Over Target,21.82,0.00027,8.183,0.00010,0.00,0.00,0.00,10.91,0.00014,5.455,6.826e-05,54.20,0.087,0.00,0.00,65.47,0.00082,0.00,0.00,0.00,0.00,0.00,7.638,0.00,0.00,0.0016
-93.78097314,42.02025954,F Fields (F1-F5),TaskName 6/2/2025 (GreenStar 4 Monitor),32%zidua/sharpen,6,6/2/2025,0.200,On,1119.9,66.25,4.316,4.295,1.262,2.906,359.94,41.99,51.21,0,1,34.54,6/2/2025,Over Target,20.48,0.00031,7.681,0.00012,0.00,0.00,0.00,10.24,0.00015,5.121,7.678e-05,50.88,0.098,0.00,0.00,61.45,0.00092,0.00,0.00,0.00,0.00,0.00,7.169,0.00,0.00,0.0019
-93.78097323,42.02026284,F Fields (F1-F5),TaskName 6/2/2025 (GreenStar 4 Monitor),32%zidua/sharpen,7,6/2/2025,0.201,On,1119.9,65.00,3.798,4.279,1.255,2.714,359.98,41.99,50.52,0,1,33.55,6/2/2025,Over Target,20.21,0.00030,7.579,0.00011,0.00,0.00,0.00,10.10,0.00015,5.052,7.393e-05,50.20,0.094,0.00,0.00,60.63,0.00089,0.00,0.00,0.00,0.00,0.00,7.073,0.00,0.00,0.0019
-93.78097291,42.02026592,F Fields (F1-F5),TaskName 6/2/2025 (GreenStar 4 Monitor),32%zidua/sharpen,8,6/2/2025,0.194,On,1119.9,67.50,1.181,4.235,1.213,2.860,359.75,41.99,49.75,0,1,34.87,6/2/2025,Over Target,19.90,0.00029,7.463,0.00011,0.00,0.00,0.00,9.951,0.00015,4.975,7.304e-05,49.43,0.093,0.00,0.00,59.71,0.00088,0.00,0.00,0.00,0.00,0.00,6.966,0.00,0.00,0.0019
-93.78097279,42.02026858,F Fields (F1-F5),TaskName 6/2/2025 (GreenStar 4 Monitor),32%zidua/sharpen,9,6/2/2025,0.200,On,1119.9,76.25,-5.635,4.116,1.209,3.315,359.64,41.99,46.29,0,1,38.10,6/2/2025,Good,18.52,0.00031,6.944,0.00011,0.00,0.00,0.00,9.258,0.00015,4.629,7.656e-05,45.99,0.097,0.00,0.00,55.55,0.00092,0.00,0.00,0.00,0.00,0.00,6.481,0.00,0.00,0.0021
-93.78097270,42.02027090,F Fields (F1-F5),TaskName 6/2/2025 (GreenStar 4 Monitor),32%zidua/sharpen,10,6/2/2025,0.205,On,1119.9,80.00,-8.749,3.895,1.170,3.434,359.60,41.99,45.61,0,1,37.73,6/2/2025,Good,18.24,0.00031,6.841,0.00011,0.00,0.00,0.00,9.121,0.00015,4.561,7.656e-05,45.31,0.097,0.00,0.00,54.73,0.00092,0.00,0.00,0.00,0.00,0.00,6.385,0.00,0.00,0.0021
-93.78097289,42.02027506,F Fields (F1-F5),TaskName 6/2/2025 (GreenStar 4 Monitor),32%zidua/sharpen,11,6/2/2025,0.401,On,1120.0,78.75,-9.464,2.680,1.572,3.908,359.91,41.99,46.60,0,1,25.52,6/2/2025,Good,18.64,0.00041,6.990,0.00016,0.00,0.00,0.00,9.320,0.00021,4.660,0.00010,46.30,0.132,0.00,0.00,55.92,0.0012,0.00,0.00,0.00,0.00,0.00,6.524,0.00,0.00,0.0028
-93.78097331,42.02028384,F Fields (F1-F5),TaskName 6/2/2025 (GreenStar 4 Monitor),32%zidua/sharpen,12,6/2/2025,0.799,On,1120.0,77.50,-11.59,2.632,3.085,4.046,0.345,41.99,45.73,0,1,24.73,6/2/2025,Good,18.29,0.00078,6.860,0.00029,0.00,0.00,0.00,9.146,0.00039,4.573,0.00020,45.43,0.249,0.00,0.00,54.88,0.0024,0.00,0.00,0.00,0.00,0.00,6.402,0.00,0.00,0.0055
-93.78097349,42.02029244,F Fields (F1-F5),TaskName 6/2/2025 (GreenStar 4 Monitor),32%zidua/sharpen,13,6/2/2025,0.795,On,1120.1,78.75,-13.39,2.701,3.148,4.823,0.611,41.99,43.66,0,1,25.77,6/2/2025,Good,17.46,0.00078,6.549,0.00029,0.00,0.00,0.00,8.732,0.00039,4.366,0.00019,43.38,0.247,0.00,0.00,52.39,0.0023,0.00,0.00,0.00,0.00,0.00,6.113,0.00,0.00,0.0057
-93.78097297,42.02030392,F Fields (F1-F5),TaskName 6/2/2025 (GreenStar 4 Monitor),32%zidua/sharpen,14,6/2/2025,0.801,On,1120.1,77.50,-16.39,2.952,3.453,6.036,0.125,41.99,43.36,0,1,27.61,6/2/2025,Good,17.34,0.00083,6.504,0.00031,0.00,0.00,0.00,8.671,0.00042,4.336,0.00021,43.08,0.265,0.00,0.00,52.03,0.0025,0.00,0.00,0.00,0.00,0.00,6.070,0.00,0.00,0.0061
-93.78097294,42.02030719,F Fields (F1-F5),TaskName 6/2/2025 (GreenStar 4 Monitor),32%zidua/sharpen,15,6/2/2025,0.204,On,1120.1,78.75,-16.67,3.425,1.026,4.854,0.102,41.99,42.17,0,1,32.72,6/2/2025,Good,16.87,0.00024,6.326,9.164e-05,0.00,0.00,0.00,8.435,0.00012,4.217,6.109e-05,41.90,0.078,0.00,0.00,50.61,0.00073,0.00,0.00,0.00,0.00,0.00,5.904,0.00,0.00,0.0019
-93.78097313,42.02031048,F Fields (F1-F5),TaskName 6/2/2025 (GreenStar 4 Monitor),32%zidua/sharpen,16,6/2/2025,0.195,On,1120.1,77.50,-18.45,3.626,1.039,5.026,0.259,41.99,41.46,0,1,34.12,6/2/2025,Good,16.58,0.00024,6.219,8.978e-05,0.00,0.00,0.00,8.292,0.00012,4.146,5.986e-05,41.19,0.076,0.00,0.00,49.75,0.00072,0.00,0.00,0.00,0.00,0.00,5.804,0.00,0.00,0.0018
-93.78097350,42.02031735,F Fields (F1-F5),TaskName 6/2/2025 (GreenStar 4 Monitor),32%zidua/sharpen,17,6/2/2025,0.401,On,1120.1,78.75,-18.63,3.855,2.264,5.414,0.510,41.99,41.60,0,1,36.75,6/2/2025,Good,16.64,0.00053,6.240,0.00020,0.00,0.00,0.00,8.320,0.00027,4.160,0.00013,41.33,0.169,0.00,0.00,49.92,0.0016,0.00,0.00,0.00,0.00,0.00,5.824,0.00,0.00,0.0041
-93.78097330,42.02032100,F Fields (F1-F5),TaskName 6/2/2025 (GreenStar 4 Monitor),32%zidua/sharpen,18,6/2/2025,0.200,On,1120.1,77.50,-20.50,4.060,1.196,5.871,0.361,41.99,40.82,0,1,38.31,6/2/2025,Good,16.33,0.00027,6.123,0.00010,0.00,0.00,0.00,8.163,0.00014,4.082,6.787e-05,40.55,0.086,0.00,0.00,48.98,0.00081,0.00,0.00,0.00,0.00,0.00,5.714,0.00,0.00,0.0021
-93.78097328,42.02032478,F Fields (F1-F5),TaskName 6/2/2025 (GreenStar 4 Monitor),32%zidua/sharpen,19,6/2/2025,0.204,On,1120.1,76.25,-21.78,4.214,1.262,6.241,0.353,41.99,41.12,0,1,38.98,6/2/2025,Good,16.45,0.00028,6.167,0.00011,0.00,0.00,0.00,8.223,0.00014,4.112,7.095e-05,40.85,0.090,0.00,0.00,49.34,0.00085,0.00,0.00,0.00,0.00,0.00,5.756,0.00,0.00,0.0022
-93.78097332,42.02032872,F Fields (F1-F5),TaskName 6/2/2025 (GreenStar 4 Monitor),32%zidua/sharpen,20,6/2/2025,0.196,On,1120.2,77.50,-21.87,4.373,1.259,6.485,0.486,41.99,42.24,0,1,41.13,6/2/2025,Good,16.90,0.00030,6.336,0.00011,0.00,0.00,0.00,8.448,0.00015,4.224,7.389e-05,41.96,0.094,0.00,0.00,50.69,0.00089,0.00,0.00,0.00,0.00,0.00,5.913,0.00,0.00,0.0022
-93.78097350,42.02033283,F Fields (F1-F5),TaskName 6/2/2025 (GreenStar 4 Monitor),32%zidua/sharpen,21,6/2/2025,0.199,On,1120.2,78.75,-21.25,4.548,1.327,6.373,0.666,41.99,41.47,0,1,43.41,6/2/2025,Good,16.59,0.00031,6.220,0.00012,0.00,0.00,0.00,8.294,0.00016,4.147,7.775e-05,41.20,0.099,0.00,0.00,49.76,0.00093,0.00,0.00,0.00,0.00,0.00,5.806,0.00,0.00,0.0024
-93.78097340,42.02033713,F Fields (F1-F5),TaskName 6/2/2025 (GreenStar 4 Monitor),32%zidua/sharpen,22,6/2/2025,0.200,On,1120.2,81.25,-20.00,4.736,1.390,6.162,0.651,41.99,39.83,0,1,46.66,6/2/2025,Good,15.93,0.00032,5.975,0.00012,0.00,0.00,0.00,7.967,0.00016,3.983,8.067e-05,39.57,0.103,0.00,0.00,47.80,0.00097,0.00,0.00,0.00,0.00,0.00,5.577,0.00,0.00,0.0026
-93.78097334,42.02034148,F Fields (F1-F5),TaskName 6/2/2025 (GreenStar 4 Monitor),32%zidua/sharpen,23,6/2/2025,0.201,On,1120.3,83.75,-18.75,4.935,1.455,5.805,0.604,41.99,39.97,0,1,50.12,6/2/2025,Good,15.99,0.00035,5.996,0.00013,0.00,0.00,0.00,7.995,0.00017,3.997,8.738e-05,39.71,0.111,0.00,0.00,47.97,0.0010,0.00,0.00,0.00,0.00,0.00,5.596,0.00,0.00,0.0028
-93.78097330,42.02034587,F Fields (F1-F5),TaskName 6/2/2025 (GreenStar 4 Monitor),32%zidua/sharpen,24,6/2/2025,0.200,On,1120.3,85.00,-18.12,5.109,1.491,6.406,0.572,41.99,39.89,0,1,52.39,6/2/2025,Good,15.95,0.00036,5.983,0.00014,0.00,0.00,0.00,7.977,0.00018,3.989,9.069e-05,39.63,0.115,0.00,0.00,47.86,0.0011,0.00,0.00,0.00,0.00,0.00,5.584,0.00,0.00,0.0029
-93.78097326,42.02035036,F Fields (F1-F5),TaskName 6/2/2025 (GreenStar 4 Monitor),32%zidua/sharpen,25,6/2/2025,0.200,On,1120.3,87.50,-16.87,5.246,1.547,6.393,0.564,41.99,39.63,0,1,55.94,6/2/2025,Good,15.85,0.00038,5.945,0.00014,0.00,0.00,0.00,7.926,0.00019,3.963,9.623e-05,39.37,0.122,0.00,0.00,47.56,0.0012,0.00,0.00,0.00,0.00,0.00,5.548,0.00,0.00,0.0031
-93.78097321,42.02035965,F Fields (F1-F5),TaskName 6/2/2025 (GreenStar 4 Monitor),32%zidua/sharpen,26,6/2/2025,0.399,On,1120.3,88.75,-16.25,5.434,3.180,6.033,0.486,41.99,40.26,0,1,58.45,6/2/2025,Good,16.11,0.00082,6.040,0.00031,0.00,0.00,0.00,8.053,0.00041,4.026,0.00020,40.00,0.259,0.00,0.00,48.32,0.0024,0.00,0.00,0.00,0.00,0.00,5.637,0.00,0.00,0.0065
-93.78097322,42.02036433,F Fields (F1-F5),TaskName 6/2/2025 (GreenStar 4 Monitor),32%zidua/sharpen,27,6/2/2025,0.200,On,1120.3,91.25,-15.00,5.612,1.646,5.640,0.462,41.99,39.51,0,1,62.05,6/2/2025,Good,15.81,0.00043,5.927,0.00016,0.00,0.00,0.00,7.903,0.00021,3.951,0.00011,39.26,0.135,0.00,0.00,47.42,0.0013,0.00,0.00,0.00,0.00,0.00,5.532,0.00,0.00,0.0034
-93.78097317,42.02036901,F Fields (F1-F5),TaskName 6/2/2025 (GreenStar 4 Monitor),32%zidua/sharpen,28,6/2/2025,0.201,On,1120.4,92.50,-14.37,5.693,1.678,5.528,0.423,41.99,39.01,0,1,63.84,6/2/2025,Good,15.60,0.00043,5.852,0.00016,0.00,0.00,0.00,7.802,0.00022,3.901,0.00011,38.76,0.138,0.00,0.00,46.81,0.0013,0.00,0.00,0.00,0.00,0.00,5.461,0.00,0.00,0.0036
-93.78097335,42.02037370,F Fields (F1-F5),TaskName 6/2/2025 (GreenStar 4 Monitor),32%zidua/sharpen,29,6/2/2025,0.200,On,1120.4,95.00,-13.12,5.744,1.685,5.548,0.541,41.99,38.88,0,1,66.15,6/2/2025,Good,15.55,0.00045,5.832,0.00017,0.00,0.00,0.00,7.776,0.00022,3.888,0.00011,38.63,0.142,0.00,0.00,46.66,0.0013,0.00,0.00,0.00,0.00,0.00,5.443,0.00,0.00,0.0037
-93.78097318,42.02037832,F Fields (F1-F5),TaskName 6/2/2025 (GreenStar 4 Monitor),32%zidua/sharpen,30,6/2/2025,0.199,On,1120.4,96.25,-12.50,5.774,1.685,6.248,0.478,41.99,38.81,0,1,67.36,6/2/2025,Good,15.52,0.00045,5.821,0.00017,0.00,0.00,0.00,7.761,0.00023,3.881,0.00011,38.56,0.144,0.00,0.00,46.57,0.0014,0.00,0.00,0.00,0.00,0.00,5.433,0.00,0.00,0.0037
-93.78097325,42.02038305,F Fields (F1-F5),TaskName 6/2/2025 (GreenStar 4 Monitor),32%zidua/sharpen,31,6/2/2025,0.200,On,1120.5,98.75,-11.25,5.767,1.692,6.063,0.502,41.99,38.81,0,1,69.03,6/2/2025,Good,15.52,0.00047,5.821,0.00017,0.00,0.00,0.00,7.761,0.00023,3.881,0.00012,38.56,0.148,0.00,0.00,46.57,0.0014,0.00,0.00,0.00,0.00,0.00,5.433,0.00,0.00,0.0038
-93.78097327,42.02038776,F Fields (F1-F5),TaskName 6/2/2025 (GreenStar 4 Monitor),32%zidua/sharpen,32,6/2/2025,0.201,On,1120.5,100.00,-10.62,5.780,1.705,5.977,0.494,41.99,39.17,0,1,70.09,6/2/2025,Good,15.67,0.00048,5.876,0.00018,0.00,0.00,0.00,7.834,0.00024,3.917,0.00012,38.92,0.152,0.00,0.00,47.00,0.0014,0.00,0.00,0.00,0.00,0.00,5.484,0.00,0.00,0.0039
-93.78097320,42.02039239,F Fields (F1-F5),TaskName 6/2/2025 (GreenStar 4 Monitor),32%zidua/sharpen,33,6/2/2025,0.204,On,1120.5,101.25,-10.000,5.807,1.738,6.129,0.439,41.99,39.21,0,1,71.27,6/2/2025,Good,15.69,0.00049,5.882,0.00019,0.00,0.00,0.00,7.843,0.00025,3.921,0.00012,38.96,0.157,0.00,0.00,47.06,0.0015,0.00,0.00,0.00,0.00,0.00,5.490,0.00,0.00,0.0040
-93.78097315,42.02039715,F Fields (F1-F5),TaskName 6/2/2025 (GreenStar 4 Monitor),32%zidua/sharpen,34,6/2/2025,0.196,On,1120.6,103.75,-8.750,5.798,1.669,5.792,0.337,41.99,39.19,0,1,73.00,6/2/2025,Good,15.68,0.00049,5.879,0.00018,0.00,0.00,0.00,7.838,0.00024,3.919,0.00012,38.94,0.155,0.00,0.00,47.03,0.0015,0.00,0.00,0.00,0.00,0.00,5.487,0.00,0.00,0.0040
-93.78097303,42.02040190,F Fields (F1-F5),TaskName 6/2/2025 (GreenStar 4 Monitor),32%zidua/sharpen,35,6/2/2025,0.200,On,1120.6,105.00,-8.125,5.832,1.711,5.931,0.243,41.99,39.09,0,1,74.25,6/2/2025,Good,15.63,0.00050,5.863,0.00019,0.00,0.00,0.00,7.817,0.00025,3.909,0.00013,38.83,0.160,0.00,0.00,46.90,0.0015,0.00,0.00,0.00,0.00,0.00,5.472,0.00,0.00,0.0041
-93.78097294,42.02040668,F Fields (F1-F5),TaskName 6/2/2025 (GreenStar 4 Monitor),32%zidua/sharpen,36,6/2/2025,0.194,On,1120.6,107.50,-6.875,5.859,1.669,5.812,0.219,41.99,39.01,0,1,76.42,6/2/2025,Good,15.60,0.00050,5.852,0.00019,0.00,0.00,0.00,7.802,0.00025,3.901,0.00013,38.76,0.160,0.00,0.00,46.81,0.0015,0.00,0.00,0.00,0.00,0.00,5.461,0.00,0.00,0.0041
-93.78097303,42.02041141,F Fields (F1-F5),TaskName 6/2/2025 (GreenStar 4 Monitor),32%zidua/sharpen,37,6/2/2025,0.205,On,1120.7,108.75,-6.250,5.874,1.767,5.779,0.219,41.99,39.19,0,1,77.47,6/2/2025,Good,15.68,0.00054,5.879,0.00020,0.00,0.00,0.00,7.838,0.00027,3.919,0.00014,38.94,0.172,0.00,0.00,47.03,0.0016,0.00,0.00,0.00,0.00,0.00,5.487,0.00,0.00,0.0044
-93.78097301,42.02041614,F Fields (F1-F5),TaskName 6/2/2025 (GreenStar 4 Monitor),32%zidua/sharpen,38,6/2/2025,0.205,On,1120.7,111.25,-5.000,5.876,1.767,5.752,0.251,41.99,39.00,0,1,79.25,6/2/2025,Good,15.60,0.00055,5.850,0.00021,0.00,0.00,0.00,7.800,0.00028,3.900,0.00014,38.75,0.175,0.00,0.00,46.80,0.0017,0.00,0.00,0.00,0.00,0.00,5.460,0.00,0.00,0.0045
-93.78097307,42.02042085,F Fields (F1-F5),TaskName 6/2/2025 (GreenStar 4 Monitor),32%zidua/sharpen,39,6/2/2025,0.196,On,1120.7,112.50,-4.375,5.874,1.688,6.162,0.274,41.99,38.71,0,1,80.09,6/2/2025,Good,15.48,0.00053,5.807,0.00020,0.00,0.00,0.00,7.742,0.00026,3.871,0.00013,38.46,0.168,0.00,0.00,46.45,0.0016,0.00,0.00,0.00,0.00,0.00,5.420,0.00,0.00,0.0044
-93.78097311,42.02042559,F Fields (F1-F5),TaskName 6/2/2025 (GreenStar 4 Monitor),32%zidua/sharpen,40,6/2/2025,0.200,On,1120.8,115.00,-3.125,5.870,1.721,6.307,0.306,41.99,39.11,0,1,81.79,6/2/2025,Good,15.64,0.00056,5.866,0.00021,0.00,0.00,0.00,7.821,0.00028,3.911,0.00014,38.85,0.177,0.00,0.00,46.93,0.0017,0.00,0.00,0.00,0.00,0.00,5.475,0.00,0.00,0.0045
-93.78097321,42.02043033,F Fields (F1-F5),TaskName 6/2/2025 (GreenStar 4 Monitor),32%zidua/sharpen,41,6/2/2025,0.199,On,1120.8,116.25,-2.500,5.872,1.715,6.050,0.306,41.99,39.35,0,1,82.78,6/2/2025,Good,15.74,0.00056,5.903,0.00021,0.00,0.00,0.00,7.870,0.00028,3.935,0.00014,39.10,0.179,0.00,0.00,47.22,0.0017,0.00,0.00,0.00,0.00,0.00,5.509,0.00,0.00,0.0046
-93.78097316,42.02043502,F Fields (F1-F5),TaskName 6/2/2025 (GreenStar 4 Monitor),32%zidua/sharpen,42,6/2/2025,0.200,On,1120.9,117.50,-1.875,5.883,1.728,6.532,0.266,41.99,39.46,0,1,83.89,6/2/2025,Good,15.78,0.00057,5.919,0.00022,0.00,0.00,0.00,7.892,0.00029,3.946,0.00014,39.20,0.183,0.00,0.00,47.35,0.0017,0.00,0.00,0.00,0.00,0.00,5.524,0.00,0.00,0.0047
-93.78097301,42.02045896,F Fields (F1-F5),TaskName 6/2/2025 (GreenStar 4 Monitor),32%zidua/sharpen,43,6/2/2025,1.001,On,1121.1,120.00,-0.625,5.887,8.645,6.456,0.212,41.99,40.42,0,1,85.65,6/2/2025,Good,16.17,0.0030,6.063,0.0011,0.00,0.00,0.00,8.084,0.0015,4.042,0.00075,40.16,0.956,0.00,0.00,48.50,0.0090,0.00,0.00,0.00,0.00,0.00,5.659,0.00,0.00,0.024
-93.78097299,42.02048286,F Fields (F1-F5),TaskName 6/2/2025 (GreenStar 4 Monitor),32%zidua/sharpen,44,6/2/2025,0.999,On,1121.4,120.00,-0.625,5.972,8.753,5.997,0.055,41.99,40.84,0,1,86.90,6/2/2025,Good,16.34,0.0031,6.127,0.0012,0.00,0.00,0.00,8.169,0.0015,4.084,0.00077,40.58,0.978,0.00,0.00,49.01,0.0092,0.00,0.00,0.00,0.00,0.00,5.718,0.00,0.00,0.024
-93.78097293,42.02050714,F Fields (F1-F5),TaskName 6/2/2025 (GreenStar 4 Monitor),32%zidua/sharpen,45,6/2/2025,1.000,On,1121.6,120.00,-0.625,5.994,8.789,6.203,0.047,41.99,40.99,0,1,87.17,6/2/2025,Good,16.40,0.0031,6.149,0.0012,0.00,0.00,0.00,8.198,0.0016,4.099,0.00078,40.72,0.986,0.00,0.00,49.19,0.0093,0.00,0.00,0.00,0.00,0.00,5.739,0.00,0.00,0.024
-93.78097301,42.02053138,F Fields (F1-F5),TaskName 6/2/2025 (GreenStar 4 Monitor),32%zidua/sharpen,46,6/2/2025,1.000,On,1121.8,120.00,-0.625,6.006,8.809,6.696,0.204,41.99,40.60,0,1,87.36,6/2/2025,Good,16.24,0.0031,6.090,0.0012,0.00,0.00,0.00,8.120,0.0015,4.060,0.00077,40.34,0.979,0.00,0.00,48.72,0.0092,0.00,0.00,0.00,0.00,0.00,5.684,0.00,0.00,0.024
-93.78097296,42.02054566,F Fields (F1-F5),TaskName 6/2/2025 (GreenStar 4 Monitor),32%zidua/sharpen,47,6/2/2025,0.600,On,1121.9,120.00,-0.625,6.045,5.321,5.273,0.110,41.99,40.98,0,1,87.95,6/2/2025,Good,16.39,0.0019,6.147,0.00070,0.00,0.00,0.00,8.196,0.00094,4.098,0.00047,40.71,0.597,0.00,0.00,49.17,0.0056,0.00,0.00,0.00,0.00,0.00,5.737,0.00,0.00,0.015
-93.78097290,42.02055016,F Fields (F1-F5),TaskName 6/2/2025 (GreenStar 4 Monitor),32%zidua/sharpen,48,6/2/2025,0.201,On,1122.0,121.25,0.00,5.935,1.741,3.923,0.031,41.99,40.48,0,1,86.79,6/2/2025,Good,16.19,0.00061,6.071,0.00023,0.00,0.00,0.00,8.095,0.00031,4.048,0.00015,40.21,0.195,0.00,0.00,48.57,0.0018,0.00,0.00,0.00,0.00,0.00,5.667,0.00,0.00,0.0048
-93.78097260,42.02057027,F Fields (F1-F5),TaskName 6/2/2025 (GreenStar 4 Monitor),32%zidua/sharpen,49,6/2/2025,1.000,On,1122.0,120.00,-0.625,5.477,8.015,4.235,359.68,41.99,42.28,0,1,79.49,6/2/2025,Good,16.91,0.0029,6.342,0.0011,0.00,0.00,0.00,8.457,0.0015,4.228,0.00073,42.01,0.928,0.00,0.00,50.74,0.0088,0.00,0.00,0.00,0.00,0.00,5.920,0.00,0.00,0.022
-93.78097315,42.02058954,F Fields (F1-F5),TaskName 6/2/2025 (GreenStar 4 Monitor),32%zidua/sharpen,50,6/2/2025,1.000,On,1122.1,120.00,-0.625,4.834,7.103,5.998,0.180,41.99,44.29,0,1,70.44,6/2/2025,Good,17.72,0.0027,6.644,0.0010,0.00,0.00,0.00,8.859,0.0014,4.429,0.00068,44.01,0.861,0.00,0.00,53.15,0.0081,0.00,0.00,0.00,0.00,0.00,6.201,0.00,0.00,0.020
-93.78097347,42.02060962,F Fields (F1-F5),TaskName 6/2/2025 (GreenStar 4 Monitor),32%zidua/sharpen,51,6/2/2025,0.999,On,1122.2,120.00,-0.625,4.928,7.221,4.676,0.533,41.99,43.71,0,1,71.69,6/2/2025,Good,17.49,0.0027,6.557,0.0010,0.00,0.00,0.00,8.743,0.0014,4.371,0.00068,43.43,0.864,0.00,0.00,52.46,0.0082,0.00,0.00,0.00,0.00,0.00,6.120,0.00,0.00,0.020
-93.78097308,42.02062938,F Fields (F1-F5),TaskName 6/2/2025 (GreenStar 4 Monitor),32%zidua/sharpen,52,6/2/2025,1.000,On,1122.4,120.00,-0.625,4.935,7.244,4.735,0.266,41.99,43.27,0,1,71.84,6/2/2025,Good,17.31,0.0027,6.490,0.0010,0.00,0.00,0.00,8.654,0.0013,4.327,0.00067,42.99,0.858,0.00,0.00,51.92,0.0081,0.00,0.00,0.00,0.00,0.00,6.058,0.00,0.00,0.020
-93.78097280,42.02064911,F Fields (F1-F5),TaskName 6/2/2025 (GreenStar 4 Monitor),32%zidua/sharpen,53,6/2/2025,1.000,On,1122.5,120.00,-0.625,4.889,7.172,5.219,359.98,41.99,42.88,0,1,71.13,6/2/2025,Good,17.15,0.0026,6.432,0.00099,0.00,0.00,0.00,8.575,0.0013,4.288,0.00066,42.60,0.842,0.00,0.00,51.45,0.0079,0.00,0.00,0.00,0.00,0.00,6.003,0.00,0.00,0.020
-93.78097270,42.02066887,F Fields (F1-F5),TaskName 6/2/2025 (GreenStar 4 Monitor),32%zidua/sharpen,54,6/2/2025,1.000,On,1122.7,120.00,-0.625,4.933,7.233,4.435,359.84,41.99,42.14,0,1,71.73,6/2/2025,Good,16.86,0.0026,6.321,0.00098,0.00,0.00,0.00,8.428,0.0013,4.214,0.00066,41.86,0.834,0.00,0.00,50.57,0.0079,0.00,0.00,0.00,0.00,0.00,5.899,0.00,0.00,0.020
-93.78097267,42.02068866,F Fields (F1-F5),TaskName 6/2/2025 (GreenStar 4 Monitor),32%zidua/sharpen,55,6/2/2025,1.000,On,1122.8,120.00,-0.625,4.888,7.162,4.778,359.78,41.99,42.37,0,1,71.03,6/2/2025,Good,16.95,0.0026,6.355,0.00098,0.00,0.00,0.00,8.473,0.0013,4.237,0.00065,42.09,0.830,0.00,0.00,50.84,0.0078,0.00,0.00,0.00,0.00,0.00,5.931,0.00,0.00,0.020
-93.78097310,42.02070807,F Fields (F1-F5),TaskName 6/2/2025 (GreenStar 4 Monitor),32%zidua/sharpen,56,6/2/2025,1.000,On,1123.0,120.00,-0.625,4.886,7.162,5.426,0.172,41.99,42.10,0,1,71.03,6/2/2025,Good,16.84,0.0026,6.315,0.00097,0.00,0.00,0.00,8.421,0.0013,4.210,0.00065,41.83,0.825,0.00,0.00,50.52,0.0078,0.00,0.00,0.00,0.00,0.00,5.894,0.00,0.00,0.020
-93.78097290,42.02072769,F Fields (F1-F5),TaskName 6/2/2025 (GreenStar 4 Monitor),32%zidua/sharpen,57,6/2/2025,1.000,On,1123.2,120.00,-0.625,4.850,7.106,5.445,0.235,41.99,42.08,0,1,70.48,6/2/2025,Good,16.83,0.0026,6.312,0.00097,0.00,0.00,0.00,8.416,0.0013,4.208,0.00064,41.81,0.818,0.00,0.00,50.50,0.0077,0.00,0.00,0.00,0.00,0.00,5.891,0.00,0.00,0.020
-93.78097258,42.02074717,F Fields (F1-F5),TaskName 6/2/2025 (GreenStar 4 Monitor),32%zidua/sharpen,58,6/2/2025,1.000,On,1123.4,120.00,-0.625,4.855,7.113,5.490,359.90,41.99,42.05,0,1,70.54,6/2/2025,Good,16.82,0.0026,6.308,0.00097,0.00,0.00,0.00,8.411,0.0013,4.205,0.00064,41.78,0.819,0.00,0.00,50.46,0.0077,0.00,0.00,0.00,0.00,0.00,5.887,0.00,0.00,0.020
-93.78097242,42.02076646,F Fields (F1-F5),TaskName 6/2/2025 (GreenStar 4 Monitor),32%zidua/sharpen,59,6/2/2025,1.000,On,1123.6,120.00,-0.625,4.823,7.064,5.485,359.63,41.99,42.06,0,1,70.05,6/2/2025,Good,16.82,0.0026,6.309,0.00096,0.00,0.00,0.00,8.412,0.0013,4.206,0.00064,41.79,0.813,0.00,0.00,50.47,0.0077,0.00,0.00,0.00,0.00,0.00,5.889,0.00,0.00,0.019
-93.78097248,42.02078591,F Fields (F1-F5),TaskName 6/2/2025 (GreenStar 4 Monitor),32%zidua/sharpen,60,6/2/2025,1.000,On,1123.8,120.00,-0.625,4.834,7.087,4.885,359.67,41.99,42.12,0,1,70.28,6/2/2025,Good,16.85,0.0026,6.318,0.00096,0.00,0.00,0.00,8.424,0.0013,4.212,0.00064,41.84,0.817,0.00,0.00,50.54,0.0077,0.00,0.00,0.00,0.00,0.00,5.897,0.00,0.00,0.020
-93.78097267,42.02080517,F Fields (F1-F5),TaskName 6/2/2025 (GreenStar 4 Monitor),32%zidua/sharpen,61,6/2/2025,1.000,On,1124.0,120.00,-0.625,4.817,7.057,5.434,359.86,41.99,41.91,0,1,69.99,6/2/2025,Good,16.76,0.0025,6.287,0.00095,0.00,0.00,0.00,8.382,0.0013,4.191,0.00064,41.64,0.809,0.00,0.00,50.29,0.0076,0.00,0.00,0.00,0.00,0.00,5.867,0.00,0.00,0.019
-93.78097298,42.02082445,F Fields (F1-F5),TaskName 6/2/2025 (GreenStar 4 Monitor),32%zidua/sharpen,62,6/2/2025,0.996,On,1124.1,120.00,-0.625,4.777,6.972,5.765,0.055,41.99,41.84,0,1,69.42,6/2/2025,Good,16.74,0.0025,6.276,0.00094,0.00,0.00,0.00,8.368,0.0013,4.184,0.00063,41.57,0.798,0.00,0.00,50.21,0.0075,0.00,0.00,0.00,0.00,0.00,5.857,0.00,0.00,0.019
-93.78097273,42.02084382,F Fields (F1-F5),TaskName 6/2/2025 (GreenStar 4 Monitor),32%zidua/sharpen,63,6/2/2025,1.004,On,1124.3,120.00,-0.625,4.791,7.051,5.208,359.82,41.99,41.77,0,1,69.64,6/2/2025,Good,16.71,0.0025,6.266,0.00095,0.00,0.00,0.00,8.355,0.0013,4.177,0.00063,41.50,0.806,0.00,0.00,50.13,0.0076,0.00,0.00,0.00,0.00,0.00,5.848,0.00,0.00,0.019
-93.78097251,42.02086298,F Fields (F1-F5),TaskName 6/2/2025 (GreenStar 4 Monitor),32%zidua/sharpen,64,6/2/2025,0.996,On,1124.5,120.00,-0.625,4.794,6.995,5.197,359.50,41.99,41.82,0,1,69.65,6/2/2025,Good,16.73,0.0025,6.273,0.00094,0.00,0.00,0.00,8.363,0.0013,4.182,0.00063,41.55,0.801,0.00,0.00,50.18,0.0076,0.00,0.00,0.00,0.00,0.00,5.854,0.00,0.00,0.019
-93.78097257,42.02088216,F Fields (F1-F5),TaskName 6/2/2025 (GreenStar 4 Monitor),32%zidua/sharpen,65,6/2/2025,0.999,On,1124.8,120.00,-0.625,4.733,6.929,5.398,359.55,41.99,41.93,0,1,68.79,6/2/2025,Good,16.77,0.0025,6.290,0.00094,0.00,0.00,0.00,8.387,0.0013,4.193,0.00063,41.66,0.795,0.00,0.00,50.32,0.0075,0.00,0.00,0.00,0.00,0.00,5.871,0.00,0.00,0.019
-93.78097300,42.02090131,F Fields (F1-F5),TaskName 6/2/2025 (GreenStar 4 Monitor),32%zidua/sharpen,66,6/2/2025,1.005,On,1125.0,120.00,-0.625,4.810,7.080,5.002,359.91,41.99,41.68,0,1,69.87,6/2/2025,Good,16.67,0.0025,6.252,0.00095,0.00,0.00,0.00,8.336,0.0013,4.168,0.00064,41.41,0.808,0.00,0.00,50.02,0.0076,0.00,0.00,0.00,0.00,0.00,5.835,0.00,0.00,0.020
-93.78097304,42.02092049,F Fields (F1-F5),TaskName 6/2/2025 (GreenStar 4 Monitor),32%zidua/sharpen,67,6/2/2025,1.000,On,1125.2,120.00,-0.625,4.749,6.959,5.886,0.031,41.99,41.88,0,1,69.01,6/2/2025,Good,16.75,0.0025,6.282,0.00094,0.00,0.00,0.00,8.376,0.0013,4.188,0.00063,41.61,0.798,0.00,0.00,50.25,0.0075,0.00,0.00,0.00,0.00,0.00,5.863,0.00,0.00,0.019
-93.78097270,42.02093992,F Fields (F1-F5),TaskName 6/2/2025 (GreenStar 4 Monitor),32%zidua/sharpen,68,6/2/2025,1.000,On,1125.3,120.00,-0.625,4.782,7.008,5.698,359.73,41.99,41.84,0,1,69.50,6/2/2025,Good,16.74,0.0025,6.277,0.00095,0.00,0.00,0.00,8.369,0.0013,4.184,0.00063,41.57,0.803,0.00,0.00,50.21,0.0076,0.00,0.00,0.00,0.00,0.00,5.858,0.00,0.00,0.019
-93.78097265,42.02095922,F Fields (F1-F5),TaskName 6/2/2025 (GreenStar 4 Monitor),32%zidua/sharpen,69,6/2/2025,1.000,On,1125.5,120.00,-0.625,4.831,7.080,5.514,359.36,41.99,41.65,0,1,70.22,6/2/2025,Good,16.66,0.0025,6.248,0.00095,0.00,0.00,0.00,8.330,0.0013,4.165,0.00063,41.38,0.807,0.00,0.00,49.98,0.0076,0.00,0.00,0.00,0.00,0.00,5.831,0.00,0.00,0.020
-93.78097316,42.02097872,F Fields (F1-F5),TaskName 6/2/2025 (GreenStar 4 Monitor),32%zidua/sharpen,70,6/2/2025,0.995,On,1125.7,120.00,-0.625,4.786,6.978,5.553,359.52,41.99,41.90,0,1,69.55,6/2/2025,Good,16.76,0.0025,6.285,0.00094,0.00,0.00,0.00,8.379,0.0013,4.190,0.00063,41.62,0.800,0.00,0.00,50.28,0.0076,0.00,0.00,0.00,0.00,0.00,5.866,0.00,0.00,0.019
-93.78097408,42.02099782,F Fields (F1-F5),TaskName 6/2/2025 (GreenStar 4 Monitor),32%zidua/sharpen,71,6/2/2025,1.000,On,1125.9,120.00,-0.625,4.840,7.093,5.698,0.266,41.99,41.75,0,1,70.35,6/2/2025,Good,16.70,0.0025,6.262,0.00096,0.00,0.00,0.00,8.350,0.0013,4.175,0.00064,41.48,0.810,0.00,0.00,50.10,0.0076,0.00,0.00,0.00,0.00,0.00,5.845,0.00,0.00,0.020
-93.78097455,42.02101680,F Fields (F1-F5),TaskName 6/2/2025 (GreenStar 4 Monitor),32%zidua/sharpen,72,6/2/2025,1.001,On,1126.1,120.00,-0.625,4.721,6.919,6.241,0.917,41.99,41.99,0,1,68.55,6/2/2025,Good,16.80,0.0025,6.298,0.00094,0.00,0.00,0.00,8.398,0.0013,4.199,0.00063,41.71,0.795,0.00,0.00,50.39,0.0075,0.00,0.00,0.00,0.00,0.00,5.878,0.00,0.00,0.019
-93.78097441,42.02102846,F Fields (F1-F5),TaskName 6/2/2025 (GreenStar 4 Monitor),32%zidua/sharpen,73,6/2/2025,0.604,On,1126.2,120.00,-0.625,4.746,4.209,5.982,0.949,41.99,42.18,0,1,69.11,6/2/2025,Good,16.87,0.0015,6.326,0.00057,0.00,0.00,0.00,8.435,0.00076,4.218,0.00038,41.90,0.486,0.00,0.00,50.61,0.0046,0.00,0.00,0.00,0.00,0.00,5.905,0.00,0.00,0.012
-93.78097434,42.02103230,F Fields (F1-F5),TaskName 6/2/2025 (GreenStar 4 Monitor),32%zidua/sharpen,74,6/2/2025,0.200,On,1126.2,121.25,0.00,4.805,1.407,5.442,0.925,41.99,41.64,0,1,70.52,6/2/2025,Good,16.66,0.00051,6.246,0.00019,0.00,0.00,0.00,8.328,0.00025,4.164,0.00013,41.37,0.162,0.00,0.00,49.97,0.0015,0.00,0.00,0.00,0.00,0.00,5.830,0.00,0.00,0.0039
-93.78097364,42.02105144,F Fields (F1-F5),TaskName 6/2/2025 (GreenStar 4 Monitor),32%zidua/sharpen,75,6/2/2025,1.000,On,1126.4,120.00,-0.625,4.792,7.021,5.832,0.470,41.99,41.78,0,1,69.63,6/2/2025,Good,16.71,0.0025,6.266,0.00095,0.00,0.00,0.00,8.355,0.0013,4.178,0.00063,41.50,0.803,0.00,0.00,50.13,0.0076,0.00,0.00,0.00,0.00,0.00,5.849,0.00,0.00,0.019
-93.78097311,42.02107065,F Fields (F1-F5),TaskName 6/2/2025 (GreenStar 4 Monitor),32%zidua/sharpen,76,6/2/2025,0.995,On,1126.6,120.00,-0.625,4.770,6.955,5.960,0.023,41.99,41.84,0,1,69.33,6/2/2025,Good,16.74,0.0025,6.277,0.00094,0.00,0.00,0.00,8.369,0.0013,4.184,0.00063,41.57,0.797,0.00,0.00,50.21,0.0075,0.00,0.00,0.00,0.00,0.00,5.858,0.00,0.00,0.019
-93.78097312,42.02108996,F Fields (F1-F5),TaskName 6/2/2025 (GreenStar 4 Monitor),32%zidua/sharpen,77,6/2/2025,1.005,On,1126.8,120.00,-0.625,4.792,7.054,5.433,359.84,41.99,41.80,0,1,69.61,6/2/2025,Good,16.72,0.0025,6.270,0.00095,0.00,0.00,0.00,8.360,0.0013,4.180,0.00063,41.53,0.807,0.00,0.00,50.16,0.0076,0.00,0.00,0.00,0.00,0.00,5.852,0.00,0.00,0.019
-93.78097336,42.02110921,F Fields (F1-F5),TaskName 6/2/2025 (GreenStar 4 Monitor),32%zidua/sharpen,78,6/2/2025,0.995,On,1127.0,120.00,-0.625,4.798,6.991,5.714,359.84,41.99,41.88,0,1,69.69,6/2/2025,Good,16.75,0.0025,6.282,0.00095,0.00,0.00,0.00,8.377,0.0013,4.188,0.00063,41.61,0.801,0.00,0.00,50.26,0.0076,0.00,0.00,0.00,0.00,0.00,5.864,0.00,0.00,0.019
-93.78097379,42.02112869,F Fields (F1-F5),TaskName 6/2/2025 (GreenStar 4 Monitor),32%zidua/sharpen,79,6/2/2025,1.001,On,1127.1,120.00,-0.625,4.794,7.034,5.454,0.368,41.99,41.91,0,1,69.69,6/2/2025,Good,16.77,0.0025,6.287,0.00095,0.00,0.00,0.00,8.383,0.0013,4.191,0.00063,41.64,0.807,0.00,0.00,50.30,0.0076,0.00,0.00,0.00,0.00,0.00,5.868,0.00,0.00,0.019
-93.78097407,42.02114779,F Fields (F1-F5),TaskName 6/2/2025 (GreenStar 4 Monitor),32%zidua/sharpen,80,6/2/2025,0.999,On,1127.3,120.00,-0.625,4.798,7.021,5.799,0.847,41.99,42.10,0,1,69.70,6/2/2025,Good,16.84,0.0025,6.315,0.00095,0.00,0.00,0.00,8.420,0.0013,4.210,0.00064,41.83,0.809,0.00,0.00,50.52,0.0076,0.00,0.00,0.00,0.00,0.00,5.894,0.00,0.00,0.019
-93.78097335,42.02116707,F Fields (F1-F5),TaskName 6/2/2025 (GreenStar 4 Monitor),32%zidua/sharpen,81,6/2/2025,1.000,On,1127.4,120.00,-0.625,4.749,6.959,5.902,0.454,41.99,41.97,0,1,69.01,6/2/2025,Good,16.79,0.0025,6.295,0.00094,0.00,0.00,0.00,8.394,0.0013,4.197,0.00063,41.70,0.799,0.00,0.00,50.36,0.0075,0.00,0.00,0.00,0.00,0.00,5.876,0.00,0.00,0.019
-93.78097253,42.02118630,F Fields (F1-F5),TaskName 6/2/2025 (GreenStar 4 Monitor),32%zidua/sharpen,82,6/2/2025,1.000,On,1127.7,120.00,-0.625,4.782,7.005,5.767,359.63,41.99,41.92,0,1,69.47,6/2/2025,Good,16.77,0.0025,6.288,0.00095,0.00,0.00,0.00,8.384,0.0013,4.192,0.00063,41.65,0.804,0.00,0.00,50.30,0.0076,0.00,0.00,0.00,0.00,0.00,5.869,0.00,0.00,0.019
-93.78097220,42.02120554,F Fields (F1-F5),TaskName 6/2/2025 (GreenStar 4 Monitor),32%zidua/sharpen,83,6/2/2025,1.005,On,1127.8,120.00,-0.625,4.780,7.041,5.728,359.13,41.99,41.93,0,1,69.48,6/2/2025,Good,16.77,0.0025,6.290,0.00095,0.00,0.00,0.00,8.386,0.0013,4.193,0.00064,41.66,0.808,0.00,0.00,50.32,0.0076,0.00,0.00,0.00,0.00,0.00,5.870,0.00,0.00,0.019
-93.78097283,42.02122494,F Fields (F1-F5),TaskName 6/2/2025 (GreenStar 4 Monitor),32%zidua/sharpen,84,6/2/2025,0.995,On,1128.0,120.00,-0.625,4.809,7.011,5.268,359.44,41.99,41.85,0,1,69.88,6/2/2025,Good,16.74,0.0025,6.278,0.00095,0.00,0.00,0.00,8.370,0.0013,4.185,0.00063,41.58,0.803,0.00,0.00,50.22,0.0076,0.00,0.00,0.00,0.00,0.00,5.859,0.00,0.00,0.019
-93.78097350,42.02124421,F Fields (F1-F5),TaskName 6/2/2025 (GreenStar 4 Monitor),32%zidua/sharpen,85,6/2/2025,1.000,On,1128.2,120.00,-0.625,4.833,7.085,4.779,0.063,41.99,41.91,0,1,70.26,6/2/2025,Good,16.76,0.0026,6.286,0.00096,0.00,0.00,0.00,8.381,0.0013,4.191,0.00064,41.63,0.813,0.00,0.00,50.29,0.0077,0.00,0.00,0.00,0.00,0.00,5.867,0.00,0.00,0.020
-93.78097375,42.02126332,F Fields (F1-F5),TaskName 6/2/2025 (GreenStar 4 Monitor),32%zidua/sharpen,86,6/2/2025,1.000,On,1128.3,120.00,-0.625,4.757,6.982,5.362,0.408,41.99,42.15,0,1,69.25,6/2/2025,Good,16.86,0.0025,6.322,0.00095,0.00,0.00,0.00,8.429,0.0013,4.215,0.00063,41.87,0.805,0.00,0.00,50.58,0.0076,0.00,0.00,0.00,0.00,0.00,5.901,0.00,0.00,0.019
-93.78097342,42.02128254,F Fields (F1-F5),TaskName 6/2/2025 (GreenStar 4 Monitor),32%zidua/sharpen,87,6/2/2025,1.001,On,1128.4,120.00,-0.625,4.764,7.005,5.295,0.290,41.99,42.08,0,1,69.40,6/2/2025,Good,16.83,0.0025,6.312,0.00095,0.00,0.00,0.00,8.417,0.0013,4.208,0.00063,41.81,0.807,0.00,0.00,50.50,0.0076,0.00,0.00,0.00,0.00,0.00,5.892,0.00,0.00,0.019
-93.78097267,42.02130168,F Fields (F1-F5),TaskName 6/2/2025 (GreenStar 4 Monitor),32%zidua/sharpen,88,6/2/2025,0.999,On,1128.6,120.00,-0.625,4.770,6.995,5.374,359.73,41.99,41.98,0,1,69.45,6/2/2025,Good,16.79,0.0025,6.298,0.00095,0.00,0.00,0.00,8.397,0.0013,4.198,0.00063,41.71,0.804,0.00,0.00,50.38,0.0076,0.00,0.00,0.00,0.00,0.00,5.878,0.00,0.00,0.019
-93.78097247,42.02132090,F Fields (F1-F5),TaskName 6/2/2025 (GreenStar 4 Monitor),32%zidua/sharpen,89,6/2/2025,1.000,On,1128.8,120.00,-0.625,4.776,7.012,5.864,359.25,41.99,41.83,0,1,69.54,6/2/2025,Good,16.73,0.0025,6.275,0.00095,0.00,0.00,0.00,8.367,0.0013,4.183,0.00063,41.56,0.803,0.00,0.00,50.20,0.0076,0.00,0.00,0.00,0.00,0.00,5.857,0.00,0.00,0.019
-93.78097297,42.02134011,F Fields (F1-F5),TaskName 6/2/2025 (GreenStar 4 Monitor),32%zidua/sharpen,90,6/2/2025,1.000,On,1128.9,120.00,-0.625,4.769,6.999,5.927,359.36,41.99,41.80,0,1,69.41,6/2/2025,Good,16.72,0.0025,6.270,0.00094,0.00,0.00,0.00,8.360,0.0013,4.180,0.00063,41.53,0.801,0.00,0.00,50.16,0.0076,0.00,0.00,0.00,0.00,0.00,5.852,0.00,0.00,0.019
-93.78097356,42.02135945,F Fields (F1-F5),TaskName 6/2/2025 (GreenStar 4 Monitor),32%zidua/sharpen,91,6/2/2025,1.000,On,1129.0,120.00,-0.625,4.792,7.035,5.673,359.79,41.99,41.90,0,1,69.77,6/2/2025,Good,16.76,0.0025,6.285,0.00095,0.00,0.00,0.00,8.379,0.0013,4.190,0.00063,41.62,0.807,0.00,0.00,50.28,0.0076,0.00,0.00,0.00,0.00,0.00,5.866,0.00,0.00,0.019
-93.78097415,42.02137870,F Fields (F1-F5),TaskName 6/2/2025 (GreenStar 4 Monitor),32%zidua/sharpen,92,6/2/2025,1.000,On,1129.2,120.00,-0.625,4.788,7.028,5.923,0.384,41.99,41.96,0,1,69.70,6/2/2025,Good,16.78,0.0025,6.294,0.00095,0.00,0.00,0.00,8.391,0.0013,4.196,0.00063,41.68,0.807,0.00,0.00,50.35,0.0076,0.00,0.00,0.00,0.00,0.00,5.874,0.00,0.00,0.019
-93.78097423,42.02138256,F Fields (F1-F5),TaskName 6/2/2025 (GreenStar 4 Monitor),32%zidua/sharpen,93,6/2/2025,0.200,On,1129.2,120.00,-0.625,4.792,1.407,6.063,0.518,41.99,42.00,0,1,69.77,6/2/2025,Good,16.80,0.00051,6.301,0.00019,0.00,0.00,0.00,8.401,0.00025,4.200,0.00013,41.73,0.162,0.00,0.00,50.40,0.0015,0.00,0.00,0.00,0.00,0.00,5.881,0.00,0.00,0.0039
-93.78097433,42.02138641,F Fields (F1-F5),TaskName 6/2/2025 (GreenStar 4 Monitor),32%zidua/sharpen,94,6/2/2025,0.200,On,1129.2,108.75,5.000,4.774,1.400,5.746,0.651,41.99,41.80,0,1,62.93,6/2/2025,Good,16.72,0.00046,6.270,0.00017,0.00,0.00,0.00,8.360,0.00023,4.180,0.00011,41.53,0.145,0.00,0.00,50.16,0.0014,0.00,0.00,0.00,0.00,0.00,5.852,0.00,0.00,0.0035
-93.78097431,42.02139029,F Fields (F1-F5),TaskName 6/2/2025 (GreenStar 4 Monitor),32%zidua/sharpen,95,6/2/2025,0.195,On,1129.3,62.50,28.12,4.774,1.368,5.792,0.698,41.99,43.55,0,1,36.23,6/2/2025,Good,17.42,0.00027,6.533,0.00010,0.00,0.00,0.00,8.711,0.00013,4.355,6.677e-05,43.27,0.085,0.00,0.00,52.26,0.00080,0.00,0.00,0.00,0.00,0.00,6.098,0.00,0.00,0.0020
-93.78097423,42.02139411,F Fields (F1-F5),TaskName 6/2/2025 (GreenStar 4 Monitor),32%zidua/sharpen,96,6/2/2025,0.201,On,1129.3,30.00,44.37,4.780,1.410,5.964,0.674,41.99,50.63,0,1,17.40,6/2/2025,Over Target,20.25,0.00015,7.595,5.763e-05,0.00,0.00,0.00,10.13,7.684e-05,5.063,3.842e-05,50.30,0.049,0.00,0.00,60.76,0.00046,0.00,0.00,0.00,0.00,0.00,7.088,0.00,0.00,0.00097
-93.78141602,42.02139726,F Fields (F1-F5),TaskName 6/2/2025 (GreenStar 4 Monitor),32%zidua/sharpen,97,6/2/2025,0.200,On,1127.0,22.50,26.87,5.069,1.487,4.874,179.16,41.99,42.60,0,2,13.82,6/2/2025,Good,17.04,0.00010,6.390,3.834e-05,0.00,0.00,0.00,8.520,5.112e-05,4.260,2.556e-05,42.33,0.033,0.00,0.00,51.12,0.00031,0.00,0.00,0.00,0.00,0.00,5.964,0.00,0.00,0.00077
-93.78141604,42.02139321,F Fields (F1-F5),TaskName 6/2/2025 (GreenStar 4 Monitor),32%zidua/sharpen,98,6/2/2025,0.200,On,1126.9,77.50,21.87,5.071,1.487,4.953,179.07,41.99,40.35,0,2,47.62,6/2/2025,Good,16.14,0.00033,6.052,0.00013,0.00,0.00,0.00,8.069,0.00017,4.035,8.338e-05,40.08,0.106,0.00,0.00,48.42,0.0010,0.00,0.00,0.00,0.00,0.00,5.649,0.00,0.00,0.0026
-93.78141554,42.02137287,F Fields (F1-F5),TaskName 6/2/2025 (GreenStar 4 Monitor),32%zidua/sharpen,99,6/2/2025,1.000,On,1126.7,120.00,0.625,5.065,7.428,4.680,179.34,41.99,42.79,0,2,73.66,6/2/2025,Good,17.12,0.0027,6.418,0.0010,0.00,0.00,0.00,8.558,0.0014,4.279,0.00068,42.51,0.870,0.00,0.00,51.35,0.0082,0.00,0.00,0.00,0.00,0.00,5.990,0.00,0.00,0.020
-93.78141489,42.02135245,F Fields (F1-F5),TaskName 6/2/2025 (GreenStar 4 Monitor),32%zidua/sharpen,100,6/2/2025,1.000,On,1126.5,120.00,0.625,5.045,7.398,4.657,180.02,41.99,42.58,0,2,73.37,6/2/2025,Good,17.03,0.0027,6.387,0.0010,0.00,0.00,0.00,8.516,0.0014,4.258,0.00068,42.30,0.862,0.00,0.00,51.09,0.0081,0.00,0.00,0.00,0.00,0.00,5.961,0.00,0.00,0.020
-93.78141479,42.02133204,F Fields (F1-F5),TaskName 6/2/2025 (GreenStar 4 Monitor),32%zidua/sharpen,101,6/2/2025,1.001,On,1126.3,120.00,0.625,5.085,7.454,4.593,180.03,41.99,42.17,0,2,73.85,6/2/2025,Good,16.87,0.0027,6.326,0.0010,0.00,0.00,0.00,8.435,0.0014,4.217,0.00068,41.90,0.860,0.00,0.00,50.61,0.0081,0.00,0.00,0.00,0.00,0.00,5.904,0.00,0.00,0.021
-93.78141527,42.02131169,F Fields (F1-F5),TaskName 6/2/2025 (GreenStar 4 Monitor),32%zidua/sharpen,102,6/2/2025,0.999,On,1126.0,120.00,0.625,5.043,7.391,4.603,179.64,41.99,42.01,0,2,73.38,6/2/2025,Good,16.80,0.0027,6.301,0.0010,0.00,0.00,0.00,8.402,0.0013,4.201,0.00067,41.74,0.850,0.00,0.00,50.41,0.0080,0.00,0.00,0.00,0.00,0.00,5.881,0.00,0.00,0.020
-93.78141490,42.02129115,F Fields (F1-F5),TaskName 6/2/2025 (GreenStar 4 Monitor),32%zidua/sharpen,103,6/2/2025,1.001,On,1125.8,120.00,0.625,5.084,7.454,3.913,179.70,41.99,41.81,0,2,73.85,6/2/2025,Good,16.72,0.0027,6.271,0.0010,0.00,0.00,0.00,8.361,0.0013,4.181,0.00067,41.53,0.853,0.00,0.00,50.17,0.0080,0.00,0.00,0.00,0.00,0.00,5.853,0.00,0.00,0.021
-93.78141465,42.02127077,F Fields (F1-F5),TaskName 6/2/2025 (GreenStar 4 Monitor),32%zidua/sharpen,104,6/2/2025,0.999,On,1125.5,120.00,0.625,5.100,7.474,4.526,179.83,41.99,41.95,0,2,74.19,6/2/2025,Good,16.78,0.0027,6.293,0.0010,0.00,0.00,0.00,8.391,0.0013,4.195,0.00067,41.68,0.858,0.00,0.00,50.34,0.0081,0.00,0.00,0.00,0.00,0.00,5.873,0.00,0.00,0.021
-93.78141440,42.02125028,F Fields (F1-F5),TaskName 6/2/2025 (GreenStar 4 Monitor),32%zidua/sharpen,105,6/2/2025,1.000,On,1125.3,120.00,0.625,5.057,7.411,4.659,180.02,41.99,41.73,0,2,73.50,6/2/2025,Good,16.69,0.0027,6.260,0.00100,0.00,0.00,0.00,8.346,0.0013,4.173,0.00067,41.46,0.846,0.00,0.00,50.08,0.0080,0.00,0.00,0.00,0.00,0.00,5.842,0.00,0.00,0.020
-93.78141415,42.02122991,F Fields (F1-F5),TaskName 6/2/2025 (GreenStar 4 Monitor),32%zidua/sharpen,106,6/2/2025,0.995,On,1125.0,120.00,0.625,5.090,7.421,4.475,180.38,41.99,41.76,0,2,73.97,6/2/2025,Good,16.70,0.0027,6.264,0.0010,0.00,0.00,0.00,8.352,0.0013,4.176,0.00067,41.49,0.848,0.00,0.00,50.11,0.0080,0.00,0.00,0.00,0.00,0.00,5.846,0.00,0.00,0.020
-93.78141418,42.02120960,F Fields (F1-F5),TaskName 6/2/2025 (GreenStar 4 Monitor),32%zidua/sharpen,107,6/2/2025,1.005,On,1124.7,120.00,0.625,5.046,7.436,4.642,180.58,41.99,42.02,0,2,73.38,6/2/2025,Good,16.81,0.0027,6.304,0.0010,0.00,0.00,0.00,8.405,0.0013,4.202,0.00067,41.75,0.855,0.00,0.00,50.43,0.0081,0.00,0.00,0.00,0.00,0.00,5.883,0.00,0.00,0.020
-93.78141455,42.02118932,F Fields (F1-F5),TaskName 6/2/2025 (GreenStar 4 Monitor),32%zidua/sharpen,108,6/2/2025,1.000,On,1124.5,120.00,0.625,5.066,7.430,4.212,180.31,41.99,42.00,0,2,73.69,6/2/2025,Good,16.80,0.0027,6.300,0.0010,0.00,0.00,0.00,8.399,0.0013,4.200,0.00067,41.72,0.854,0.00,0.00,50.40,0.0081,0.00,0.00,0.00,0.00,0.00,5.880,0.00,0.00,0.020
-93.78141499,42.02116895,F Fields (F1-F5),TaskName 6/2/2025 (GreenStar 4 Monitor),32%zidua/sharpen,109,6/2/2025,1.000,On,1124.3,120.00,0.625,5.055,7.417,4.237,179.88,41.99,41.78,0,2,73.56,6/2/2025,Good,16.71,0.0027,6.267,0.0010,0.00,0.00,0.00,8.356,0.0013,4.178,0.00067,41.51,0.848,0.00,0.00,50.14,0.0080,0.00,0.00,0.00,0.00,0.00,5.849,0.00,0.00,0.020
-93.78141492,42.02114859,F Fields (F1-F5),TaskName 6/2/2025 (GreenStar 4 Monitor),32%zidua/sharpen,110,6/2/2025,1.000,On,1124.0,120.00,0.625,5.068,7.437,4.508,179.72,41.99,41.81,0,2,73.75,6/2/2025,Good,16.72,0.0027,6.271,0.0010,0.00,0.00,0.00,8.361,0.0013,4.181,0.00067,41.54,0.851,0.00,0.00,50.17,0.0080,0.00,0.00,0.00,0.00,0.00,5.853,0.00,0.00,0.020
-93.78141475,42.02112821,F Fields (F1-F5),TaskName 6/2/2025 (GreenStar 4 Monitor),32%zidua/sharpen,111,6/2/2025,1.000,On,1123.8,120.00,0.625,5.047,7.404,5.063,179.78,41.99,42.05,0,2,73.43,6/2/2025,Good,16.82,0.0027,6.308,0.0010,0.00,0.00,0.00,8.410,0.0013,4.205,0.00067,41.78,0.852,0.00,0.00,50.46,0.0080,0.00,0.00,0.00,0.00,0.00,5.887,0.00,0.00,0.020
-93.78141432,42.02110785,F Fields (F1-F5),TaskName 6/2/2025 (GreenStar 4 Monitor),32%zidua/sharpen,112,6/2/2025,0.995,On,1123.6,120.00,0.625,5.057,7.381,4.852,180.19,41.99,41.97,0,2,73.57,6/2/2025,Good,16.79,0.0027,6.295,0.0010,0.00,0.00,0.00,8.394,0.0013,4.197,0.00067,41.70,0.848,0.00,0.00,50.36,0.0080,0.00,0.00,0.00,0.00,0.00,5.876,0.00,0.00,0.020
-93.78141397,42.02108748,F Fields (F1-F5),TaskName 6/2/2025 (GreenStar 4 Monitor),32%zidua/sharpen,113,6/2/2025,1.006,On,1123.5,120.00,0.625,5.069,7.479,4.236,180.61,41.99,41.96,0,2,73.73,6/2/2025,Good,16.78,0.0027,6.294,0.0010,0.00,0.00,0.00,8.392,0.0014,4.196,0.00068,41.69,0.859,0.00,0.00,50.35,0.0081,0.00,0.00,0.00,0.00,0.00,5.874,0.00,0.00,0.021
-93.78141407,42.02106725,F Fields (F1-F5),TaskName 6/2/2025 (GreenStar 4 Monitor),32%zidua/sharpen,114,6/2/2025,0.995,On,1123.3,120.00,0.625,5.011,7.322,4.469,180.60,41.99,41.92,0,2,72.98,6/2/2025,Good,16.77,0.0026,6.288,0.00099,0.00,0.00,0.00,8.384,0.0013,4.192,0.00066,41.65,0.840,0.00,0.00,50.30,0.0079,0.00,0.00,0.00,0.00,0.00,5.869,0.00,0.00,0.020
-93.78141453,42.02104700,F Fields (F1-F5),TaskName 6/2/2025 (GreenStar 4 Monitor),32%zidua/sharpen,115,6/2/2025,1.005,On,1123.2,120.00,0.625,5.016,7.407,4.356,180.29,41.99,41.83,0,2,73.10,6/2/2025,Good,16.73,0.0027,6.275,0.0010,0.00,0.00,0.00,8.366,0.0013,4.183,0.00067,41.56,0.848,0.00,0.00,50.20,0.0080,0.00,0.00,0.00,0.00,0.00,5.856,0.00,0.00,0.020
-93.78141494,42.02102670,F Fields (F1-F5),TaskName 6/2/2025 (GreenStar 4 Monitor),32%zidua/sharpen,116,6/2/2025,0.999,On,1123.0,120.00,0.625,5.044,7.397,4.309,179.80,41.99,41.70,0,2,73.44,6/2/2025,Good,16.68,0.0027,6.255,0.00100,0.00,0.00,0.00,8.341,0.0013,4.170,0.00066,41.43,0.844,0.00,0.00,50.04,0.0080,0.00,0.00,0.00,0.00,0.00,5.838,0.00,0.00,0.020
-93.78141489,42.02100644,F Fields (F1-F5),TaskName 6/2/2025 (GreenStar 4 Monitor),32%zidua/sharpen,117,6/2/2025,0.996,On,1122.8,120.00,0.625,5.057,7.384,4.687,179.69,41.99,41.85,0,2,73.53,6/2/2025,Good,16.74,0.0027,6.278,0.00100,0.00,0.00,0.00,8.370,0.0013,4.185,0.00067,41.58,0.846,0.00,0.00,50.22,0.0080,0.00,0.00,0.00,0.00,0.00,5.859,0.00,0.00,0.020
-93.78141455,42.02098609,F Fields (F1-F5),TaskName 6/2/2025 (GreenStar 4 Monitor),32%zidua/sharpen,118,6/2/2025,0.999,On,1122.7,120.00,0.625,5.018,7.365,4.856,179.93,41.99,41.88,0,2,73.11,6/2/2025,Good,16.75,0.0027,6.282,0.00100,0.00,0.00,0.00,8.376,0.0013,4.188,0.00066,41.61,0.844,0.00,0.00,50.26,0.0080,0.00,0.00,0.00,0.00,0.00,5.863,0.00,0.00,0.020
-93.78141437,42.02096588,F Fields (F1-F5),TaskName 6/2/2025 (GreenStar 4 Monitor),32%zidua/sharpen,119,6/2/2025,1.001,On,1122.4,120.00,0.625,5.060,7.427,4.351,180.15,41.99,41.76,0,2,73.58,6/2/2025,Good,16.71,0.0027,6.264,0.0010,0.00,0.00,0.00,8.353,0.0013,4.176,0.00067,41.49,0.849,0.00,0.00,50.12,0.0080,0.00,0.00,0.00,0.00,0.00,5.847,0.00,0.00,0.020
-93.78141426,42.02094541,F Fields (F1-F5),TaskName 6/2/2025 (GreenStar 4 Monitor),32%zidua/sharpen,120,6/2/2025,0.999,On,1122.3,120.00,0.625,5.089,7.470,4.293,180.20,41.99,41.91,0,2,74.15,6/2/2025,Good,16.76,0.0027,6.287,0.0010,0.00,0.00,0.00,8.382,0.0013,4.191,0.00067,41.64,0.857,0.00,0.00,50.29,0.0081,0.00,0.00,0.00,0.00,0.00,5.868,0.00,0.00,0.021
-93.78141462,42.02092499,F Fields (F1-F5),TaskName 6/2/2025 (GreenStar 4 Monitor),32%zidua/sharpen,121,6/2/2025,0.995,On,1122.1,120.00,0.625,5.059,7.391,4.500,179.96,41.99,41.79,0,2,73.67,6/2/2025,Good,16.72,0.0027,6.269,0.00100,0.00,0.00,0.00,8.359,0.0013,4.179,0.00066,41.52,0.845,0.00,0.00,50.15,0.0080,0.00,0.00,0.00,0.00,0.00,5.851,0.00,0.00,0.020
-93.78141462,42.02090472,F Fields (F1-F5),TaskName 6/2/2025 (GreenStar 4 Monitor),32%zidua/sharpen,122,6/2/2025,1.005,On,1122.1,120.00,0.625,5.039,7.437,4.724,179.99,41.99,41.70,0,2,73.39,6/2/2025,Good,16.68,0.0027,6.255,0.0010,0.00,0.00,0.00,8.340,0.0013,4.170,0.00067,41.43,0.849,0.00,0.00,50.04,0.0080,0.00,0.00,0.00,0.00,0.00,5.838,0.00,0.00,0.020
-93.78141437,42.02088424,F Fields (F1-F5),TaskName 6/2/2025 (GreenStar 4 Monitor),32%zidua/sharpen,123,6/2/2025,1.000,On,1121.9,120.00,0.625,5.072,7.443,4.538,180.27,41.99,41.87,0,2,73.82,6/2/2025,Good,16.75,0.0027,6.280,0.0010,0.00,0.00,0.00,8.374,0.0013,4.187,0.00067,41.60,0.853,0.00,0.00,50.24,0.0080,0.00,0.00,0.00,0.00,0.00,5.862,0.00,0.00,0.021
-93.78141458,42.02086410,F Fields (F1-F5),TaskName 6/2/2025 (GreenStar 4 Monitor),32%zidua/sharpen,124,6/2/2025,1.001,On,1121.8,120.00,0.625,5.038,7.391,4.726,180.06,41.99,41.87,0,2,73.22,6/2/2025,Good,16.75,0.0027,6.280,0.00100,0.00,0.00,0.00,8.373,0.0013,4.187,0.00067,41.59,0.847,0.00,0.00,50.24,0.0080,0.00,0.00,0.00,0.00,0.00,5.861,0.00,0.00,0.020
-93.78141473,42.02084376,F Fields (F1-F5),TaskName 6/2/2025 (GreenStar 4 Monitor),32%zidua/sharpen,125,6/2/2025,0.999,On,1121.7,120.00,0.625,5.045,7.404,4.457,179.87,41.99,41.87,0,2,73.50,6/2/2025,Good,16.75,0.0027,6.280,0.0010,0.00,0.00,0.00,8.374,0.0013,4.187,0.00067,41.60,0.848,0.00,0.00,50.24,0.0080,0.00,0.00,0.00,0.00,0.00,5.862,0.00,0.00,0.020
-93.78141463,42.02083972,F Fields (F1-F5),TaskName 6/2/2025 (GreenStar 4 Monitor),32%zidua/sharpen,126,6/2/2025,0.200,On,1121.7,117.50,-0.625,5.069,1.489,4.577,179.89,41.99,41.84,0,2,72.28,6/2/2025,Good,16.74,0.00053,6.277,0.00020,0.00,0.00,0.00,8.369,0.00026,4.184,0.00013,41.57,0.167,0.00,0.00,50.21,0.0016,0.00,0.00,0.00,0.00,0.00,5.858,0.00,0.00,0.0040
-93.78141462,42.02083563,F Fields (F1-F5),TaskName 6/2/2025 (GreenStar 4 Monitor),32%zidua/sharpen,127,6/2/2025,0.200,On,1121.6,113.75,-2.500,5.035,1.479,4.273,179.87,41.99,42.35,0,2,69.51,6/2/2025,Good,16.94,0.00051,6.352,0.00019,0.00,0.00,0.00,8.469,0.00026,4.235,0.00013,42.07,0.162,0.00,0.00,50.82,0.0015,0.00,0.00,0.00,0.00,0.00,5.928,0.00,0.00,0.0039
-93.78141459,42.02083149,F Fields (F1-F5),TaskName 6/2/2025 (GreenStar 4 Monitor),32%zidua/sharpen,128,6/2/2025,0.200,On,1121.6,110.00,-4.375,5.031,1.476,4.293,179.81,41.99,42.62,0,2,67.07,6/2/2025,Good,17.05,0.00050,6.394,0.00019,0.00,0.00,0.00,8.525,0.00025,4.262,0.00012,42.35,0.158,0.00,0.00,51.15,0.0015,0.00,0.00,0.00,0.00,0.00,5.967,0.00,0.00,0.0037
-93.78141466,42.02082736,F Fields (F1-F5),TaskName 6/2/2025 (GreenStar 4 Monitor),32%zidua/sharpen,129,6/2/2025,0.200,On,1121.6,107.50,-5.625,5.049,1.482,4.498,179.74,41.99,43.09,0,2,65.84,6/2/2025,Good,17.24,0.00049,6.464,0.00018,0.00,0.00,0.00,8.619,0.00025,4.309,0.00012,42.81,0.157,0.00,0.00,51.71,0.0015,0.00,0.00,0.00,0.00,0.00,6.033,0.00,0.00,0.0037
-93.78141465,42.02082330,F Fields (F1-F5),TaskName 6/2/2025 (GreenStar 4 Monitor),32%zidua/sharpen,130,6/2/2025,0.200,On,1121.5,103.75,-7.500,5.076,1.489,4.299,179.74,41.99,43.44,0,2,63.82,6/2/2025,Good,17.37,0.00048,6.515,0.00018,0.00,0.00,0.00,8.687,0.00024,4.344,0.00012,43.15,0.153,0.00,0.00,52.12,0.0014,0.00,0.00,0.00,0.00,0.00,6.081,0.00,0.00,0.0035
-93.78141466,42.02081919,F Fields (F1-F5),TaskName 6/2/2025 (GreenStar 4 Monitor),32%zidua/sharpen,131,6/2/2025,0.200,On,1121.5,101.25,-8.750,5.087,1.492,4.009,179.76,41.99,43.74,0,2,62.42,6/2/2025,Good,17.49,0.00047,6.560,0.00018,0.00,0.00,0.00,8.747,0.00024,4.374,0.00012,43.45,0.151,0.00,0.00,52.48,0.0014,0.00,0.00,0.00,0.00,0.00,6.123,0.00,0.00,0.0035
-93.78141465,42.02081510,F Fields (F1-F5),TaskName 6/2/2025 (GreenStar 4 Monitor),32%zidua/sharpen,132,6/2/2025,0.205,On,1121.5,98.75,-10.000,5.085,1.528,3.864,179.80,41.99,43.92,0,2,60.83,6/2/2025,Good,17.57,0.00048,6.588,0.00018,0.00,0.00,0.00,8.783,0.00024,4.392,0.00012,43.63,0.151,0.00,0.00,52.70,0.0014,0.00,0.00,0.00,0.00,0.00,6.148,0.00,0.00,0.0035
-93.78141466,42.02081108,F Fields (F1-F5),TaskName 6/2/2025 (GreenStar 4 Monitor),32%zidua/sharpen,133,6/2/2025,0.195,On,1121.4,96.25,-11.25,5.087,1.456,4.379,179.87,41.99,43.97,0,2,59.39,6/2/2025,Good,17.59,0.00044,6.596,0.00017,0.00,0.00,0.00,8.794,0.00022,4.397,0.00011,43.69,0.141,0.00,0.00,52.77,0.0013,0.00,0.00,0.00,0.00,0.00,6.156,0.00,0.00,0.0032
-93.78141457,42.02080705,F Fields (F1-F5),TaskName 6/2/2025 (GreenStar 4 Monitor),32%zidua/sharpen,134,6/2/2025,0.200,On,1121.4,93.75,-12.50,5.080,1.492,4.471,179.93,41.99,44.08,0,2,57.80,6/2/2025,Good,17.63,0.00044,6.612,0.00017,0.00,0.00,0.00,8.816,0.00022,4.408,0.00011,43.79,0.141,0.00,0.00,52.89,0.0013,0.00,0.00,0.00,0.00,0.00,6.171,0.00,0.00,0.0032
-93.78141451,42.02080303,F Fields (F1-F5),TaskName 6/2/2025 (GreenStar 4 Monitor),32%zidua/sharpen,135,6/2/2025,0.201,On,1121.4,92.50,-13.12,5.062,1.485,4.273,179.97,41.99,44.62,0,2,56.49,6/2/2025,Good,17.85,0.00044,6.693,0.00016,0.00,0.00,0.00,8.925,0.00022,4.462,0.00011,44.33,0.140,0.00,0.00,53.55,0.0013,0.00,0.00,0.00,0.00,0.00,6.247,0.00,0.00,0.0032
-93.78141446,42.02079895,F Fields (F1-F5),TaskName 6/2/2025 (GreenStar 4 Monitor),32%zidua/sharpen,136,6/2/2025,0.199,On,1121.3,90.00,-14.37,5.042,1.479,4.029,180.00,41.99,44.87,0,2,55.27,6/2/2025,Good,17.95,0.00043,6.730,0.00016,0.00,0.00,0.00,8.974,0.00021,4.487,0.00011,44.58,0.136,0.00,0.00,53.84,0.0013,0.00,0.00,0.00,0.00,0.00,6.282,0.00,0.00,0.0031
-93.78141436,42.02079479,F Fields (F1-F5),TaskName 6/2/2025 (GreenStar 4 Monitor),32%zidua/sharpen,137,6/2/2025,0.200,On,1121.3,87.50,-15.62,5.033,1.479,3.870,180.10,41.99,44.86,0,2,53.47,6/2/2025,Good,17.94,0.00042,6.729,0.00016,0.00,0.00,0.00,8.972,0.00021,4.486,0.00010,44.57,0.132,0.00,0.00,53.83,0.0012,0.00,0.00,0.00,0.00,0.00,6.280,0.00,0.00,0.0030
-93.78141416,42.02079068,F Fields (F1-F5),TaskName 6/2/2025 (GreenStar 4 Monitor),32%zidua/sharpen,138,6/2/2025,0.200,On,1121.3,86.25,-16.25,5.055,1.482,4.544,180.21,41.99,44.89,0,2,52.82,6/2/2025,Good,17.96,0.00041,6.734,0.00015,0.00,0.00,0.00,8.978,0.00021,4.489,0.00010,44.60,0.131,0.00,0.00,53.87,0.0012,0.00,0.00,0.00,0.00,0.00,6.285,0.00,0.00,0.0029
-93.78141416,42.02078660,F Fields (F1-F5),TaskName 6/2/2025 (GreenStar 4 Monitor),32%zidua/sharpen,139,6/2/2025,0.200,On,1121.3,83.75,-17.50,5.080,1.492,4.299,180.22,41.99,44.99,0,2,51.63,6/2/2025,Good,17.99,0.00040,6.748,0.00015,0.00,0.00,0.00,8.997,0.00020,4.499,0.00010,44.69,0.128,0.00,0.00,53.98,0.0012,0.00,0.00,0.00,0.00,0.00,6.298,0.00,0.00,0.0029
-93.78141422,42.02078262,F Fields (F1-F5),TaskName 6/2/2025 (GreenStar 4 Monitor),32%zidua/sharpen,140,6/2/2025,0.200,On,1121.2,82.50,-18.12,5.082,1.492,4.134,180.23,41.99,44.89,0,2,50.86,6/2/2025,Good,17.96,0.00040,6.734,0.00015,0.00,0.00,0.00,8.978,0.00020,4.489,9.910e-05,44.60,0.126,0.00,0.00,53.87,0.0012,0.00,0.00,0.00,0.00,0.00,6.285,0.00,0.00,0.0028
-93.78141417,42.02077848,F Fields (F1-F5),TaskName 6/2/2025 (GreenStar 4 Monitor),32%zidua/sharpen,141,6/2/2025,0.200,On,1121.2,80.00,-19.37,5.064,1.485,3.976,180.30,41.99,45.09,0,2,49.10,6/2/2025,Good,18.04,0.00038,6.764,0.00014,0.00,0.00,0.00,9.019,0.00019,4.509,9.611e-05,44.80,0.122,0.00,0.00,54.11,0.0012,0.00,0.00,0.00,0.00,0.00,6.313,0.00,0.00,0.0027
-93.78141418,42.02077442,F Fields (F1-F5),TaskName 6/2/2025 (GreenStar 4 Monitor),32%zidua/sharpen,142,6/2/2025,0.201,On,1121.2,78.75,-20.00,5.053,1.482,4.306,180.34,41.99,45.55,0,2,47.99,6/2/2025,Good,18.22,0.00038,6.833,0.00014,0.00,0.00,0.00,9.111,0.00019,4.555,9.536e-05,45.26,0.121,0.00,0.00,54.66,0.0011,0.00,0.00,0.00,0.00,0.00,6.377,0.00,0.00,0.0027
-93.78141424,42.02077039,F Fields (F1-F5),TaskName 6/2/2025 (GreenStar 4 Monitor),32%zidua/sharpen,143,6/2/2025,0.199,On,1121.2,76.25,-21.25,5.062,1.485,4.550,180.33,41.99,45.55,0,2,47.04,6/2/2025,Good,18.22,0.00037,6.833,0.00014,0.00,0.00,0.00,9.111,0.00019,4.555,9.253e-05,45.26,0.118,0.00,0.00,54.66,0.0011,0.00,0.00,0.00,0.00,0.00,6.377,0.00,0.00,0.0026
-93.78141435,42.02076633,F Fields (F1-F5),TaskName 6/2/2025 (GreenStar 4 Monitor),32%zidua/sharpen,144,6/2/2025,0.200,On,1121.2,75.00,-21.87,5.053,1.482,4.511,180.27,41.99,45.66,0,2,45.93,6/2/2025,Good,18.26,0.00036,6.849,0.00014,0.00,0.00,0.00,9.132,0.00018,4.566,9.103e-05,45.36,0.116,0.00,0.00,54.79,0.0011,0.00,0.00,0.00,0.00,0.00,6.392,0.00,0.00,0.0026
-93.78141449,42.02076234,F Fields (F1-F5),TaskName 6/2/2025 (GreenStar 4 Monitor),32%zidua/sharpen,145,6/2/2025,0.200,On,1121.1,73.75,-22.50,5.044,1.482,4.491,180.14,41.99,45.76,0,2,45.17,6/2/2025,Good,18.30,0.00036,6.863,0.00013,0.00,0.00,0.00,9.151,0.00018,4.576,8.970e-05,45.46,0.114,0.00,0.00,54.91,0.0011,0.00,0.00,0.00,0.00,0.00,6.406,0.00,0.00,0.0025
-93.78141458,42.02075832,F Fields (F1-F5),TaskName 6/2/2025 (GreenStar 4 Monitor),32%zidua/sharpen,146,6/2/2025,0.200,On,1121.1,71.25,-23.75,5.033,1.479,4.352,180.05,41.99,45.80,0,2,43.54,6/2/2025,Good,18.32,0.00035,6.870,0.00013,0.00,0.00,0.00,9.160,0.00017,4.580,8.655e-05,45.50,0.110,0.00,0.00,54.96,0.0010,0.00,0.00,0.00,0.00,0.00,6.412,0.00,0.00,0.0024
-93.78141463,42.02075418,F Fields (F1-F5),TaskName 6/2/2025 (GreenStar 4 Monitor),32%zidua/sharpen,147,6/2/2025,0.200,On,1121.1,70.00,-24.37,5.017,1.472,4.676,180.02,41.99,46.11,0,2,42.59,6/2/2025,Good,18.44,0.00034,6.916,0.00013,0.00,0.00,0.00,9.222,0.00017,4.611,8.523e-05,45.81,0.108,0.00,0.00,55.33,0.0010,0.00,0.00,0.00,0.00,0.00,6.455,0.00,0.00,0.0024
-93.78141469,42.02075012,F Fields (F1-F5),TaskName 6/2/2025 (GreenStar 4 Monitor),32%zidua/sharpen,148,6/2/2025,0.200,On,1121.1,68.75,-25.00,5.024,1.476,4.570,179.96,41.99,46.61,0,2,41.92,6/2/2025,Good,18.64,0.00034,6.992,0.00013,0.00,0.00,0.00,9.322,0.00017,4.661,8.481e-05,46.31,0.108,0.00,0.00,55.93,0.0010,0.00,0.00,0.00,0.00,0.00,6.526,0.00,0.00,0.0023
-93.78141483,42.02074606,F Fields (F1-F5),TaskName 6/2/2025 (GreenStar 4 Monitor),32%zidua/sharpen,149,6/2/2025,0.200,On,1121.0,67.50,-25.62,5.044,1.482,4.372,179.87,41.99,46.40,0,2,41.34,6/2/2025,Good,18.56,0.00033,6.960,0.00012,0.00,0.00,0.00,9.280,0.00017,4.640,8.325e-05,46.10,0.106,0.00,0.00,55.68,0.00100,0.00,0.00,0.00,0.00,0.00,6.496,0.00,0.00,0.0023
-93.78141487,42.02074200,F Fields (F1-F5),TaskName 6/2/2025 (GreenStar 4 Monitor),32%zidua/sharpen,150,6/2/2025,0.200,On,1121.0,65.00,-26.87,5.047,1.482,4.286,179.82,41.99,46.16,0,2,39.81,6/2/2025,Good,18.46,0.00032,6.924,0.00012,0.00,0.00,0.00,9.232,0.00016,4.616,7.976e-05,45.86,0.101,0.00,0.00,55.39,0.00096,0.00,0.00,0.00,0.00,0.00,6.463,0.00,0.00,0.0022
-93.78141494,42.02073796,F Fields (F1-F5),TaskName 6/2/2025 (GreenStar 4 Monitor),32%zidua/sharpen,151,6/2/2025,0.200,On,1121.0,63.75,-27.50,5.047,1.482,4.603,179.73,41.99,46.22,0,2,39.04,6/2/2025,Good,18.49,0.00031,6.932,0.00012,0.00,0.00,0.00,9.243,0.00016,4.622,7.832e-05,45.92,0.100,0.00,0.00,55.46,0.00094,0.00,0.00,0.00,0.00,0.00,6.470,0.00,0.00,0.0022
-93.78141500,42.02073395,F Fields (F1-F5),TaskName 6/2/2025 (GreenStar 4 Monitor),32%zidua/sharpen,152,6/2/2025,0.200,On,1121.0,62.50,-28.12,5.042,1.479,4.544,179.62,41.99,46.56,0,2,38.19,6/2/2025,Good,18.62,0.00031,6.984,0.00012,0.00,0.00,0.00,9.312,0.00015,4.656,7.718e-05,46.26,0.098,0.00,0.00,55.87,0.00093,0.00,0.00,0.00,0.00,0.00,6.518,0.00,0.00,0.0021
-93.78141505,42.02072998,F Fields (F1-F5),TaskName 6/2/2025 (GreenStar 4 Monitor),32%zidua/sharpen,153,6/2/2025,0.200,On,1121.0,61.25,-28.75,5.026,1.476,4.465,179.54,41.99,45.96,0,2,37.35,6/2/2025,Good,18.38,0.00030,6.894,0.00011,0.00,0.00,0.00,9.192,0.00015,4.596,7.450e-05,45.66,0.095,0.00,0.00,55.15,0.00089,0.00,0.00,0.00,0.00,0.00,6.434,0.00,0.00,0.0021
-93.78141505,42.02072590,F Fields (F1-F5),TaskName 6/2/2025 (GreenStar 4 Monitor),32%zidua/sharpen,154,6/2/2025,0.200,On,1121.0,60.00,-29.37,5.011,1.472,4.247,179.49,41.99,46.37,0,2,36.50,6/2/2025,Good,18.55,0.00029,6.955,0.00011,0.00,0.00,0.00,9.273,0.00015,4.637,7.346e-05,46.06,0.093,0.00,0.00,55.64,0.00088,0.00,0.00,0.00,0.00,0.00,6.491,0.00,0.00,0.0020
-93.78141504,42.02072184,F Fields (F1-F5),TaskName 6/2/2025 (GreenStar 4 Monitor),32%zidua/sharpen,155,6/2/2025,0.200,On,1121.0,58.75,-30.00,5.013,1.472,4.114,179.45,41.99,46.42,0,2,35.74,6/2/2025,Good,18.57,0.00029,6.963,0.00011,0.00,0.00,0.00,9.284,0.00014,4.642,7.201e-05,46.12,0.092,0.00,0.00,55.70,0.00086,0.00,0.00,0.00,0.00,0.00,6.499,0.00,0.00,0.0020
-93.78141502,42.02071784,F Fields (F1-F5),TaskName 6/2/2025 (GreenStar 4 Monitor),32%zidua/sharpen,156,6/2/2025,0.200,On,1121.0,57.50,-30.62,5.024,1.476,4.068,179.44,41.99,45.91,0,2,35.06,6/2/2025,Good,18.36,0.00028,6.886,0.00010,0.00,0.00,0.00,9.181,0.00014,4.591,6.985e-05,45.61,0.089,0.00,0.00,55.09,0.00084,0.00,0.00,0.00,0.00,0.00,6.427,0.00,0.00,0.0019
-93.78141499,42.02071374,F Fields (F1-F5),TaskName 6/2/2025 (GreenStar 4 Monitor),32%zidua/sharpen,157,6/2/2025,0.201,On,1120.9,56.25,-31.25,5.022,1.476,3.963,179.46,41.99,45.91,0,2,34.13,6/2/2025,Good,18.36,0.00027,6.886,0.00010,0.00,0.00,0.00,9.181,0.00014,4.591,6.834e-05,45.61,0.087,0.00,0.00,55.09,0.00082,0.00,0.00,0.00,0.00,0.00,6.427,0.00,0.00,0.0019
-93.78141496,42.02070963,F Fields (F1-F5),TaskName 6/2/2025 (GreenStar 4 Monitor),32%zidua/sharpen,158,6/2/2025,0.199,On,1120.9,55.00,-31.87,5.024,1.476,3.811,179.53,41.99,46.11,0,2,33.70,6/2/2025,Good,18.44,0.00027,6.916,0.00010,0.00,0.00,0.00,9.222,0.00013,4.611,6.711e-05,45.81,0.085,0.00,0.00,55.33,0.00081,0.00,0.00,0.00,0.00,0.00,6.455,0.00,0.00,0.0019
-93.78141484,42.02070557,F Fields (F1-F5),TaskName 6/2/2025 (GreenStar 4 Monitor),32%zidua/sharpen,159,6/2/2025,0.201,On,1120.9,53.75,-32.50,5.035,1.479,3.844,179.64,41.99,45.77,0,2,32.68,6/2/2025,Good,18.31,0.00026,6.865,9.787e-05,0.00,0.00,0.00,9.153,0.00013,4.577,6.525e-05,45.47,0.083,0.00,0.00,54.92,0.00078,0.00,0.00,0.00,0.00,0.00,6.407,0.00,0.00,0.0018
-93.78141451,42.02069742,F Fields (F1-F5),TaskName 6/2/2025 (GreenStar 4 Monitor),32%zidua/sharpen,160,6/2/2025,0.395,On,1120.9,52.50,-33.12,5.045,2.931,3.873,179.96,41.99,45.58,0,2,32.20,6/2/2025,Good,18.23,0.00050,6.838,0.00019,0.00,0.00,0.00,9.117,0.00025,4.558,0.00013,45.29,0.160,0.00,0.00,54.70,0.0015,0.00,0.00,0.00,0.00,0.00,6.382,0.00,0.00,0.0035
-93.78141435,42.02069346,F Fields (F1-F5),TaskName 6/2/2025 (GreenStar 4 Monitor),32%zidua/sharpen,161,6/2/2025,0.204,On,1120.9,51.25,-33.75,5.053,1.512,4.029,180.07,41.99,45.22,0,2,31.39,6/2/2025,Good,18.09,0.00025,6.783,9.425e-05,0.00,0.00,0.00,9.044,0.00013,4.522,6.283e-05,44.93,0.080,0.00,0.00,54.27,0.00075,0.00,0.00,0.00,0.00,0.00,6.331,0.00,0.00,0.0018
-93.78141423,42.02068950,F Fields (F1-F5),TaskName 6/2/2025 (GreenStar 4 Monitor),32%zidua/sharpen,162,6/2/2025,0.200,On,1120.8,50.00,-34.37,5.038,1.479,4.128,180.14,41.99,44.70,0,2,30.55,6/2/2025,Good,17.88,0.00024,6.705,8.891e-05,0.00,0.00,0.00,8.940,0.00012,4.470,5.928e-05,44.41,0.075,0.00,0.00,53.64,0.00071,0.00,0.00,0.00,0.00,0.00,6.258,0.00,0.00,0.0017
-93.78141413,42.02068547,F Fields (F1-F5),TaskName 6/2/2025 (GreenStar 4 Monitor),32%zidua/sharpen,163,6/2/2025,0.200,On,1120.8,48.75,-35.00,5.002,1.469,4.121,180.24,41.99,44.27,0,2,29.59,6/2/2025,Good,17.71,0.00023,6.641,8.529e-05,0.00,0.00,0.00,8.854,0.00011,4.427,5.686e-05,43.98,0.072,0.00,0.00,53.12,0.00068,0.00,0.00,0.00,0.00,0.00,6.198,0.00,0.00,0.0016
-93.78141398,42.02067738,F Fields (F1-F5),TaskName 6/2/2025 (GreenStar 4 Monitor),32%zidua/sharpen,164,6/2/2025,0.395,On,1120.8,47.50,-35.62,4.987,2.892,4.065,180.41,41.99,44.74,0,2,28.74,6/2/2025,Good,17.90,0.00044,6.711,0.00017,0.00,0.00,0.00,8.948,0.00022,4.474,0.00011,44.45,0.140,0.00,0.00,53.69,0.0013,0.00,0.00,0.00,0.00,0.00,6.264,0.00,0.00,0.0032
-93.78141401,42.02067333,F Fields (F1-F5),TaskName 6/2/2025 (GreenStar 4 Monitor),32%zidua/sharpen,165,6/2/2025,0.205,On,1120.8,46.25,-36.25,5.000,1.505,4.114,180.42,41.99,43.99,0,2,28.06,6/2/2025,Good,17.60,0.00022,6.599,8.238e-05,0.00,0.00,0.00,8.798,0.00011,4.399,5.492e-05,43.71,0.070,0.00,0.00,52.79,0.00066,0.00,0.00,0.00,0.00,0.00,6.159,0.00,0.00,0.0016
-93.78141397,42.02066932,F Fields (F1-F5),TaskName 6/2/2025 (GreenStar 4 Monitor),32%zidua/sharpen,166,6/2/2025,0.200,On,1120.7,45.00,-36.87,5.006,1.469,4.570,180.45,41.99,43.76,0,2,27.32,6/2/2025,Good,17.50,0.00021,6.564,7.782e-05,0.00,0.00,0.00,8.751,0.00010,4.376,5.188e-05,43.47,0.066,0.00,0.00,52.51,0.00062,0.00,0.00,0.00,0.00,0.00,6.126,0.00,0.00,0.0015
-93.78141403,42.02066113,F Fields (F1-F5),TaskName 6/2/2025 (GreenStar 4 Monitor),32%zidua/sharpen,167,6/2/2025,0.400,On,1120.7,43.75,-37.50,5.010,2.941,4.319,180.38,41.99,43.56,0,2,26.59,6/2/2025,Good,17.42,0.00040,6.534,0.00015,0.00,0.00,0.00,8.712,0.00020,4.356,0.00010,43.28,0.128,0.00,0.00,52.27,0.0012,0.00,0.00,0.00,0.00,0.00,6.098,0.00,0.00,0.0030
-93.78141406,42.02065708,F Fields (F1-F5),TaskName 6/2/2025 (GreenStar 4 Monitor),32%zidua/sharpen,168,6/2/2025,0.200,On,1120.7,42.50,-38.12,5.031,1.476,4.900,180.35,41.99,43.63,0,2,25.91,6/2/2025,Good,17.45,0.00020,6.544,7.361e-05,0.00,0.00,0.00,8.726,9.814e-05,4.363,4.907e-05,43.35,0.062,0.00,0.00,52.35,0.00059,0.00,0.00,0.00,0.00,0.00,6.108,0.00,0.00,0.0014
-93.78141411,42.02065306,F Fields (F1-F5),TaskName 6/2/2025 (GreenStar 4 Monitor),32%zidua/sharpen,169,6/2/2025,0.201,On,1120.6,41.25,-38.75,5.051,1.482,4.722,180.30,41.99,43.86,0,2,25.14,6/2/2025,Good,17.55,0.00019,6.580,7.215e-05,0.00,0.00,0.00,8.773,9.619e-05,4.386,4.810e-05,43.58,0.061,0.00,0.00,52.64,0.00058,0.00,0.00,0.00,0.00,0.00,6.141,0.00,0.00,0.0014
-93.78141428,42.02064503,F Fields (F1-F5),TaskName 6/2/2025 (GreenStar 4 Monitor),32%zidua/sharpen,170,6/2/2025,0.399,On,1120.6,40.00,-39.37,5.041,2.961,4.474,180.17,41.99,43.12,0,2,24.53,6/2/2025,Good,17.25,0.00037,6.467,0.00014,0.00,0.00,0.00,8.623,0.00018,4.312,9.159e-05,42.84,0.116,0.00,0.00,51.74,0.0011,0.00,0.00,0.00,0.00,0.00,6.036,0.00,0.00,0.0027
-93.78141433,42.02064098,F Fields (F1-F5),TaskName 6/2/2025 (GreenStar 4 Monitor),32%zidua/sharpen,171,6/2/2025,0.200,On,1120.6,38.75,-40.00,5.024,1.476,4.636,180.16,41.99,42.78,0,2,23.63,6/2/2025,Good,17.11,0.00018,6.418,6.581e-05,0.00,0.00,0.00,8.557,8.775e-05,4.278,4.387e-05,42.51,0.056,0.00,0.00,51.34,0.00053,0.00,0.00,0.00,0.00,0.00,5.990,0.00,0.00,0.0013
-93.78141440,42.02063288,F Fields (F1-F5),TaskName 6/2/2025 (GreenStar 4 Monitor),32%zidua/sharpen,172,6/2/2025,0.400,On,1120.5,37.50,-40.62,5.017,2.945,4.336,180.05,41.99,42.52,0,2,22.81,6/2/2025,Good,17.01,0.00034,6.378,0.00013,0.00,0.00,0.00,8.503,0.00017,4.252,8.420e-05,42.24,0.107,0.00,0.00,51.02,0.0010,0.00,0.00,0.00,0.00,0.00,5.952,0.00,0.00,0.0025
-93.78141462,42.02062471,F Fields (F1-F5),TaskName 6/2/2025 (GreenStar 4 Monitor),32%zidua/sharpen,173,6/2/2025,0.400,On,1120.4,36.25,-41.25,5.032,2.954,4.065,179.90,41.99,42.12,0,2,22.13,6/2/2025,Good,16.85,0.00032,6.318,0.00012,0.00,0.00,0.00,8.424,0.00016,4.212,8.091e-05,41.85,0.103,0.00,0.00,50.55,0.00097,0.00,0.00,0.00,0.00,0.00,5.897,0.00,0.00,0.0025
-93.78141463,42.02062064,F Fields (F1-F5),TaskName 6/2/2025 (GreenStar 4 Monitor),32%zidua/sharpen,174,6/2/2025,0.200,On,1120.4,35.00,-41.87,5.049,1.482,3.949,179.88,41.99,42.10,0,2,21.44,6/2/2025,Good,16.84,0.00016,6.315,5.875e-05,0.00,0.00,0.00,8.420,7.834e-05,4.210,3.917e-05,41.83,0.050,0.00,0.00,50.52,0.00047,0.00,0.00,0.00,0.00,0.00,5.894,0.00,0.00,0.0012
-93.78141472,42.02061245,F Fields (F1-F5),TaskName 6/2/2025 (GreenStar 4 Monitor),32%zidua/sharpen,175,6/2/2025,0.400,On,1120.3,33.75,-42.50,5.053,2.968,3.807,179.75,41.99,41.39,0,2,20.69,6/2/2025,Good,16.56,0.00030,6.208,0.00011,0.00,0.00,0.00,8.278,0.00015,4.139,7.435e-05,41.12,0.095,0.00,0.00,49.67,0.00089,0.00,0.00,0.00,0.00,0.00,5.794,0.00,0.00,0.0023
-93.78141465,42.02060430,F Fields (F1-F5),TaskName 6/2/2025 (GreenStar 4 Monitor),32%zidua/sharpen,176,6/2/2025,0.400,On,1120.3,32.50,-43.12,5.071,2.977,3.784,179.80,41.99,41.96,0,2,19.99,6/2/2025,Good,16.78,0.00029,6.293,0.00011,0.00,0.00,0.00,8.391,0.00015,4.196,7.281e-05,41.68,0.093,0.00,0.00,50.35,0.00087,0.00,0.00,0.00,0.00,0.00,5.874,0.00,0.00,0.0022
-93.78141454,42.02059621,F Fields (F1-F5),TaskName 6/2/2025 (GreenStar 4 Monitor),32%zidua/sharpen,177,6/2/2025,0.400,On,1120.2,31.25,-43.75,5.071,2.975,3.847,179.92,41.99,41.84,0,2,19.21,6/2/2025,Good,16.74,0.00028,6.277,0.00010,0.00,0.00,0.00,8.369,0.00014,4.184,6.977e-05,41.57,0.089,0.00,0.00,50.21,0.00084,0.00,0.00,0.00,0.00,0.00,5.858,0.00,0.00,0.0021
-93.78141449,42.02058793,F Fields (F1-F5),TaskName 6/2/2025 (GreenStar 4 Monitor),32%zidua/sharpen,178,6/2/2025,0.400,On,1120.1,30.00,-44.37,5.055,2.965,3.817,179.87,41.99,41.62,0,2,18.38,6/2/2025,Good,16.65,0.00027,6.244,9.961e-05,0.00,0.00,0.00,8.325,0.00013,4.162,6.641e-05,41.35,0.084,0.00,0.00,49.95,0.00080,0.00,0.00,0.00,0.00,0.00,5.827,0.00,0.00,0.0020
-93.78141452,42.02057972,F Fields (F1-F5),TaskName 6/2/2025 (GreenStar 4 Monitor),32%zidua/sharpen,179,6/2/2025,0.395,On,1120.0,28.75,-45.00,5.082,2.942,4.356,179.85,41.99,42.48,0,2,17.70,6/2/2025,Good,16.99,0.00026,6.373,9.668e-05,0.00,0.00,0.00,8.497,0.00013,4.248,6.445e-05,42.21,0.082,0.00,0.00,50.98,0.00077,0.00,0.00,0.00,0.00,0.00,5.948,0.00,0.00,0.0019
-93.78141466,42.02056759,F Fields (F1-F5),TaskName 6/2/2025 (GreenStar 4 Monitor),32%zidua/sharpen,180,6/2/2025,0.605,On,1119.9,27.50,-45.62,5.085,4.515,4.398,179.77,41.99,42.29,0,2,16.96,6/2/2025,Good,16.92,0.00038,6.344,0.00014,0.00,0.00,0.00,8.459,0.00019,4.229,9.418e-05,42.02,0.120,0.00,0.00,50.75,0.0011,0.00,0.00,0.00,0.00,0.00,5.921,0.00,0.00,0.0029
-93.78141474,42.02055933,F Fields (F1-F5),TaskName 6/2/2025 (GreenStar 4 Monitor),32%zidua/sharpen,181,6/2/2025,0.400,On,1119.7,26.25,-46.25,5.058,2.965,4.389,179.74,41.99,42.25,0,2,16.08,6/2/2025,Good,16.90,0.00024,6.337,8.847e-05,0.00,0.00,0.00,8.450,0.00012,4.225,5.898e-05,41.98,0.075,0.00,0.00,50.70,0.00071,0.00,0.00,0.00,0.00,0.00,5.915,0.00,0.00,0.0018
-93.78141442,42.02054713,F Fields (F1-F5),TaskName 6/2/2025 (GreenStar 4 Monitor),32%zidua/sharpen,182,6/2/2025,0.595,On,1119.6,25.00,-46.87,5.082,4.433,4.314,179.95,41.99,42.06,0,2,15.39,6/2/2025,Good,16.82,0.00033,6.309,0.00013,0.00,0.00,0.00,8.411,0.00017,4.206,8.360e-05,41.78,0.106,0.00,0.00,50.47,0.0010,0.00,0.00,0.00,0.00,0.00,5.888,0.00,0.00,0.0025
-93.78141425,42.02053896,F Fields (F1-F5),TaskName 6/2/2025 (GreenStar 4 Monitor),32%zidua/sharpen,183,6/2/2025,0.400,On,1119.5,23.75,-47.50,5.074,2.975,4.478,180.08,41.99,42.17,0,2,14.60,6/2/2025,Good,16.87,0.00021,6.326,8.017e-05,0.00,0.00,0.00,8.435,0.00011,4.217,5.345e-05,41.90,0.068,0.00,0.00,50.61,0.00064,0.00,0.00,0.00,0.00,0.00,5.904,0.00,0.00,0.0016
-93.78141425,42.02052659,F Fields (F1-F5),TaskName 6/2/2025 (GreenStar 4 Monitor),32%zidua/sharpen,184,6/2/2025,0.605,On,1119.4,22.50,-48.12,5.088,4.515,3.894,180.16,41.99,41.96,0,2,13.88,6/2/2025,Good,16.78,0.00031,6.294,0.00011,0.00,0.00,0.00,8.391,0.00015,4.196,7.645e-05,41.68,0.097,0.00,0.00,50.35,0.00092,0.00,0.00,0.00,0.00,0.00,5.874,0.00,0.00,0.0023
-93.78141423,42.02051429,F Fields (F1-F5),TaskName 6/2/2025 (GreenStar 4 Monitor),32%zidua/sharpen,185,6/2/2025,0.595,On,1119.3,21.25,-48.75,5.110,4.456,4.220,180.24,41.99,41.63,0,2,13.15,6/2/2025,Good,16.65,0.00028,6.244,0.00011,0.00,0.00,0.00,8.326,0.00014,4.163,7.070e-05,41.36,0.090,0.00,0.00,49.96,0.00085,0.00,0.00,0.00,0.00,0.00,5.828,0.00,0.00,0.0022
-93.78141430,42.02050215,F Fields (F1-F5),TaskName 6/2/2025 (GreenStar 4 Monitor),32%zidua/sharpen,186,6/2/2025,0.605,On,1119.2,20.00,-49.37,5.080,4.509,4.373,180.14,41.99,42.44,0,2,12.32,6/2/2025,Good,16.97,0.00027,6.365,0.00010,0.00,0.00,0.00,8.487,0.00014,4.244,6.863e-05,42.16,0.087,0.00,0.00,50.92,0.00082,0.00,0.00,0.00,0.00,0.00,5.941,0.00,0.00,0.0021
-93.78141463,42.02048596,F Fields (F1-F5),TaskName 6/2/2025 (GreenStar 4 Monitor),32%zidua/sharpen,187,6/2/2025,0.800,On,1119.1,18.75,-50.00,5.045,5.917,4.572,179.95,41.99,42.23,0,2,11.46,6/2/2025,Good,16.89,0.00034,6.335,0.00013,0.00,0.00,0.00,8.446,0.00017,4.223,8.404e-05,41.96,0.107,0.00,0.00,50.68,0.0010,0.00,0.00,0.00,0.00,0.00,5.912,0.00,0.00,0.0025
-93.78141479,42.02046977,F Fields (F1-F5),TaskName 6/2/2025 (GreenStar 4 Monitor),32%zidua/sharpen,188,6/2/2025,0.800,On,1119.0,17.50,-50.62,5.014,5.881,4.644,179.79,41.99,42.08,0,2,10.63,6/2/2025,Good,16.83,0.00031,6.313,0.00012,0.00,0.00,0.00,8.417,0.00016,4.208,7.768e-05,41.81,0.099,0.00,0.00,50.50,0.00093,0.00,0.00,0.00,0.00,0.00,5.892,0.00,0.00,0.0024
-93.78141477,42.02045373,F Fields (F1-F5),TaskName 6/2/2025 (GreenStar 4 Monitor),32%zidua/sharpen,189,6/2/2025,0.800,On,1118.9,16.25,-51.25,5.020,5.888,4.822,179.58,41.99,42.29,0,2,9.884,6/2/2025,Good,16.92,0.00029,6.344,0.00011,0.00,0.00,0.00,8.459,0.00015,4.229,7.257e-05,42.02,0.092,0.00,0.00,50.75,0.00087,0.00,0.00,0.00,0.00,0.00,5.921,0.00,0.00,0.0022
-93.78141470,42.02043377,F Fields (F1-F5),TaskName 6/2/2025 (GreenStar 4 Monitor),32%zidua/sharpen,190,6/2/2025,1.000,On,1118.8,15.00,-51.87,4.980,7.300,4.615,179.54,41.99,42.37,0,2,9.049,6/2/2025,Good,16.95,0.00033,6.355,0.00012,0.00,0.00,0.00,8.474,0.00017,4.237,8.320e-05,42.09,0.106,0.00,0.00,50.84,0.00100,0.00,0.00,0.00,0.00,0.00,5.931,0.00,0.00,0.0025
-93.78141443,42.02042170,F Fields (F1-F5),TaskName 6/2/2025 (GreenStar 4 Monitor),32%zidua/sharpen,191,6/2/2025,0.596,On,1118.8,15.00,-51.87,4.965,4.335,4.326,179.76,41.99,41.83,0,2,9.016,6/2/2025,Good,16.73,0.00020,6.274,7.316e-05,0.00,0.00,0.00,8.365,9.755e-05,4.183,4.878e-05,41.55,0.062,0.00,0.00,50.19,0.00059,0.00,0.00,0.00,0.00,0.00,5.856,0.00,0.00,0.0015
-93.78141393,42.02040174,F Fields (F1-F5),TaskName 6/2/2025 (GreenStar 4 Monitor),32%zidua/sharpen,192,6/2/2025,1.000,On,1118.8,13.75,-52.50,4.987,7.320,4.258,180.24,41.99,41.98,0,2,8.318,6/2/2025,Good,16.79,0.00030,6.297,0.00011,0.00,0.00,0.00,8.396,0.00015,4.198,7.577e-05,41.70,0.096,0.00,0.00,50.37,0.00091,0.00,0.00,0.00,0.00,0.00,5.877,0.00,0.00,0.0023
-93.78141370,42.02038167,F Fields (F1-F5),TaskName 6/2/2025 (GreenStar 4 Monitor),32%zidua/sharpen,193,6/2/2025,1.000,On,1118.8,13.75,-52.50,4.964,7.270,4.799,180.56,41.99,42.11,0,2,8.262,6/2/2025,Good,16.84,0.00030,6.317,0.00011,0.00,0.00,0.00,8.422,0.00015,4.211,7.550e-05,41.84,0.096,0.00,0.00,50.53,0.00091,0.00,0.00,0.00,0.00,0.00,5.896,0.00,0.00,0.0023
-93.78141378,42.02037766,F Fields (F1-F5),TaskName 6/2/2025 (GreenStar 4 Monitor),32%zidua/sharpen,194,6/2/2025,0.199,On,1118.7,13.75,-52.50,4.970,1.458,4.808,180.53,41.99,42.55,0,2,8.326,6/2/2025,Good,17.02,6.119e-05,6.382,2.295e-05,0.00,0.00,0.00,8.510,3.060e-05,4.255,1.530e-05,42.27,0.019,0.00,0.00,51.06,0.00018,0.00,0.00,0.00,0.00,0.00,5.957,0.00,0.00,0.00046
-93.78141427,42.02035776,F Fields (F1-F5),TaskName 6/2/2025 (GreenStar 4 Monitor),32%zidua/sharpen,195,6/2/2025,1.000,On,1118.7,12.50,-53.12,4.963,7.277,5.199,180.21,41.99,42.13,0,2,7.517,6/2/2025,Good,16.85,0.00027,6.320,0.00010,0.00,0.00,0.00,8.426,0.00014,4.213,6.873e-05,41.86,0.087,0.00,0.00,50.56,0.00082,0.00,0.00,0.00,0.00,0.00,5.898,0.00,0.00,0.0021
-93.78141448,42.02033776,F Fields (F1-F5),TaskName 6/2/2025 (GreenStar 4 Monitor),32%zidua/sharpen,196,6/2/2025,1.000,On,1118.7,12.50,-53.12,4.971,7.290,5.149,180.02,41.99,42.03,0,2,7.531,6/2/2025,Good,16.81,0.00027,6.304,0.00010,0.00,0.00,0.00,8.406,0.00014,4.203,6.869e-05,41.76,0.087,0.00,0.00,50.43,0.00082,0.00,0.00,0.00,0.00,0.00,5.884,0.00,0.00,0.0021
-93.78141480,42.02031760,F Fields (F1-F5),TaskName 6/2/2025 (GreenStar 4 Monitor),32%zidua/sharpen,197,6/2/2025,1.005,On,1118.7,12.50,-53.12,4.986,7.349,5.119,179.58,41.99,42.25,0,2,7.554,6/2/2025,Good,16.90,0.00028,6.337,0.00010,0.00,0.00,0.00,8.450,0.00014,4.225,6.961e-05,41.97,0.089,0.00,0.00,50.70,0.00084,0.00,0.00,0.00,0.00,0.00,5.915,0.00,0.00,0.0021
-93.78141493,42.02029738,F Fields (F1-F5),TaskName 6/2/2025 (GreenStar 4 Monitor),32%zidua/sharpen,198,6/2/2025,0.995,On,1118.6,12.50,-53.12,5.004,7.300,4.825,179.37,41.99,42.12,0,2,7.579,6/2/2025,Good,16.85,0.00028,6.318,0.00010,0.00,0.00,0.00,8.424,0.00014,4.212,6.893e-05,41.84,0.088,0.00,0.00,50.54,0.00083,0.00,0.00,0.00,0.00,0.00,5.897,0.00,0.00,0.0021
-93.78141483,42.02029338,F Fields (F1-F5),TaskName 6/2/2025 (GreenStar 4 Monitor),32%zidua/sharpen,199,6/2/2025,0.205,On,1118.6,12.50,-53.12,5.004,1.504,4.524,179.45,41.99,42.13,0,2,7.579,6/2/2025,Good,16.85,5.682e-05,6.320,2.131e-05,0.00,0.00,0.00,8.426,2.841e-05,4.213,1.421e-05,41.86,0.018,0.00,0.00,50.56,0.00017,0.00,0.00,0.00,0.00,0.00,5.898,0.00,0.00,0.00043
-93.78141445,42.02028125,F Fields (F1-F5),TaskName 6/2/2025 (GreenStar 4 Monitor),32%zidua/sharpen,200,6/2/2025,0.596,On,1118.5,13.75,-52.50,5.009,4.371,4.564,179.61,41.99,41.52,0,2,8.333,6/2/2025,Good,16.61,0.00018,6.228,6.713e-05,0.00,0.00,0.00,8.304,8.951e-05,4.152,4.475e-05,41.25,0.057,0.00,0.00,49.83,0.00054,0.00,0.00,0.00,0.00,0.00,5.813,0.00,0.00,0.0014
-93.78141433,42.02027719,F Fields (F1-F5),TaskName 6/2/2025 (GreenStar 4 Monitor),32%zidua/sharpen,201,6/2/2025,0.204,On,1118.5,11.25,-53.75,5.015,1.507,4.821,179.73,41.99,42.16,0,2,6.869,6/2/2025,Good,16.87,5.129e-05,6.325,1.923e-05,0.00,0.00,0.00,8.433,2.564e-05,4.216,1.282e-05,41.89,0.016,0.00,0.00,50.60,0.00015,0.00,0.00,0.00,0.00,0.00,5.903,0.00,0.00,0.00039
-93.78185556,42.02078777,F Fields (F1-F5),TaskName 6/2/2025 (GreenStar 4 Monitor),32%zidua/sharpen,202,6/2/2025,0.205,On,1119.7,1.250,33.75,4.939,1.486,5.343,359.77,41.99,48.23,0,3,0.749,6/2/2025,Good,19.29,6.426e-06,7.234,2.410e-06,0.00,0.00,0.00,9.645,3.213e-06,4.823,1.607e-06,47.91,0.0020,0.00,0.00,57.87,1.928e-05,0.00,0.00,0.00,0.00,0.00,6.752,0.00,0.00,4.264e-05
-93.78185527,42.02083997,F Fields (F1-F5),TaskName 6/2/2025 (GreenStar 4 Monitor),32%zidua/sharpen,203,6/2/2025,0.200,On,1120.0,2.500,58.12,5.006,1.470,5.429,359.45,41.99,47.91,0,4,1.518,6/2/2025,Good,19.16,1.263e-05,7.186,4.735e-06,0.00,0.00,0.00,9.581,6.313e-06,4.791,3.157e-06,47.59,0.0040,0.00,0.00,57.49,3.788e-05,0.00,0.00,0.00,0.00,0.00,6.707,0.00,0.00,8.434e-05
-93.78185530,42.02084391,F Fields (F1-F5),TaskName 6/2/2025 (GreenStar 4 Monitor),32%zidua/sharpen,204,6/2/2025,0.201,On,1120.1,7.500,55.62,5.011,1.473,5.548,359.43,41.99,41.89,0,4,4.542,6/2/2025,Good,16.75,3.319e-05,6.283,1.245e-05,0.00,0.00,0.00,8.377,1.660e-05,4.189,8.298e-06,41.61,0.011,0.00,0.00,50.26,9.958e-05,0.00,0.00,0.00,0.00,0.00,5.864,0.00,0.00,0.00025
-93.78185523,42.02084785,F Fields (F1-F5),TaskName 6/2/2025 (GreenStar 4 Monitor),32%zidua/sharpen,205,6/2/2025,0.204,On,1120.1,12.50,53.12,4.995,1.502,5.495,359.31,41.99,40.43,0,4,7.608,6/2/2025,Good,16.17,5.447e-05,6.065,2.043e-05,0.00,0.00,0.00,8.086,2.724e-05,4.043,1.362e-05,40.17,0.017,0.00,0.00,48.52,0.00016,0.00,0.00,0.00,0.00,0.00,5.661,0.00,0.00,0.00043
-93.78185517,42.02085184,F Fields (F1-F5),TaskName 6/2/2025 (GreenStar 4 Monitor),32%zidua/sharpen,206,6/2/2025,0.195,On,1120.1,17.50,50.62,4.964,1.420,5.693,359.18,41.99,43.14,0,4,10.53,6/2/2025,Good,17.25,7.692e-05,6.471,2.885e-05,0.00,0.00,0.00,8.627,3.846e-05,4.314,1.923e-05,42.86,0.024,0.00,0.00,51.76,0.00023,0.00,0.00,0.00,0.00,0.00,6.039,0.00,0.00,0.00057
-93.78185522,42.02085590,F Fields (F1-F5),TaskName 6/2/2025 (GreenStar 4 Monitor),32%zidua/sharpen,207,6/2/2025,0.201,On,1120.2,22.50,48.12,4.948,1.460,5.495,359.24,41.99,42.67,0,4,13.50,6/2/2025,Good,17.07,0.00010,6.400,3.770e-05,0.00,0.00,0.00,8.533,5.027e-05,4.267,2.513e-05,42.39,0.032,0.00,0.00,51.20,0.00030,0.00,0.00,0.00,0.00,0.00,5.973,0.00,0.00,0.00075
-93.78185559,42.02086007,F Fields (F1-F5),TaskName 6/2/2025 (GreenStar 4 Monitor),32%zidua/sharpen,208,6/2/2025,0.200,On,1120.2,30.00,44.37,4.957,1.447,5.297,359.43,41.99,41.19,0,4,17.93,6/2/2025,Good,16.48,0.00013,6.179,4.809e-05,0.00,0.00,0.00,8.238,6.412e-05,4.119,3.206e-05,40.92,0.041,0.00,0.00,49.43,0.00038,0.00,0.00,0.00,0.00,0.00,5.767,0.00,0.00,0.00100
-93.78185570,42.02086411,F Fields (F1-F5),TaskName 6/2/2025 (GreenStar 4 Monitor),32%zidua/sharpen,209,6/2/2025,0.200,On,1120.2,35.00,41.87,4.988,1.466,5.178,359.52,41.99,42.77,0,4,21.21,6/2/2025,Good,17.11,0.00016,6.416,5.905e-05,0.00,0.00,0.00,8.555,7.874e-05,4.277,3.937e-05,42.50,0.050,0.00,0.00,51.33,0.00047,0.00,0.00,0.00,0.00,0.00,5.988,0.00,0.00,0.0012
-93.78185595,42.02087609,F Fields (F1-F5),TaskName 6/2/2025 (GreenStar 4 Monitor),32%zidua/sharpen,210,6/2/2025,0.599,On,1120.4,36.25,41.25,5.009,4.415,5.026,359.69,41.99,42.47,0,4,22.08,6/2/2025,Good,16.99,0.00049,6.370,0.00018,0.00,0.00,0.00,8.494,0.00024,4.247,0.00012,42.19,0.155,0.00,0.00,50.96,0.0015,0.00,0.00,0.00,0.00,0.00,5.945,0.00,0.00,0.0037
-93.78185601,42.02088792,F Fields (F1-F5),TaskName 6/2/2025 (GreenStar 4 Monitor),32%zidua/sharpen,211,6/2/2025,0.600,On,1120.5,37.50,40.62,4.969,4.377,5.932,359.81,41.99,42.38,0,4,22.61,6/2/2025,Good,16.95,0.00050,6.357,0.00019,0.00,0.00,0.00,8.476,0.00025,4.238,0.00012,42.10,0.159,0.00,0.00,50.85,0.0015,0.00,0.00,0.00,0.00,0.00,5.933,0.00,0.00,0.0038
-93.78185633,42.02089980,F Fields (F1-F5),TaskName 6/2/2025 (GreenStar 4 Monitor),32%zidua/sharpen,212,6/2/2025,0.601,On,1120.7,38.75,40.00,4.900,4.312,6.636,0.157,41.99,42.33,0,4,22.98,6/2/2025,Good,16.93,0.00051,6.350,0.00019,0.00,0.00,0.00,8.466,0.00025,4.233,0.00013,42.06,0.161,0.00,0.00,50.80,0.0015,0.00,0.00,0.00,0.00,0.00,5.926,0.00,0.00,0.0038
-93.78185635,42.02091169,F Fields (F1-F5),TaskName 6/2/2025 (GreenStar 4 Monitor),32%zidua/sharpen,213,6/2/2025,0.599,On,1120.8,40.00,39.37,4.911,4.325,5.750,0.321,41.99,41.89,0,4,23.87,6/2/2025,Good,16.76,0.00052,6.284,0.00019,0.00,0.00,0.00,8.379,0.00026,4.189,0.00013,41.62,0.165,0.00,0.00,50.27,0.0016,0.00,0.00,0.00,0.00,0.00,5.865,0.00,0.00,0.0040
-93.78185607,42.02092358,F Fields (F1-F5),TaskName 6/2/2025 (GreenStar 4 Monitor),32%zidua/sharpen,214,6/2/2025,0.600,On,1120.8,41.25,38.75,4.939,4.344,5.693,0.047,41.99,41.89,0,4,24.68,6/2/2025,Good,16.75,0.00054,6.283,0.00020,0.00,0.00,0.00,8.377,0.00027,4.189,0.00013,41.61,0.171,0.00,0.00,50.26,0.0016,0.00,0.00,0.00,0.00,0.00,5.864,0.00,0.00,0.0041
-93.78185603,42.02093541,F Fields (F1-F5),TaskName 6/2/2025 (GreenStar 4 Monitor),32%zidua/sharpen,215,6/2/2025,0.600,On,1121.0,42.50,38.12,4.939,4.344,5.711,359.91,41.99,41.51,0,4,25.43,6/2/2025,Good,16.60,0.00055,6.226,0.00021,0.00,0.00,0.00,8.302,0.00027,4.151,0.00014,41.24,0.175,0.00,0.00,49.81,0.0016,0.00,0.00,0.00,0.00,0.00,5.811,0.00,0.00,0.0042
-93.78185604,42.02094737,F Fields (F1-F5),TaskName 6/2/2025 (GreenStar 4 Monitor),32%zidua/sharpen,216,6/2/2025,0.600,On,1121.1,43.75,37.50,4.918,4.328,5.594,359.84,41.99,41.85,0,4,26.08,6/2/2025,Good,16.74,0.00057,6.278,0.00021,0.00,0.00,0.00,8.371,0.00028,4.185,0.00014,41.58,0.181,0.00,0.00,50.22,0.0017,0.00,0.00,0.00,0.00,0.00,5.860,0.00,0.00,0.0043
-93.78185620,42.02095933,F Fields (F1-F5),TaskName 6/2/2025 (GreenStar 4 Monitor),32%zidua/sharpen,217,6/2/2025,0.600,On,1121.3,45.00,36.87,4.929,4.338,5.660,359.94,41.99,42.20,0,4,26.89,6/2/2025,Good,16.88,0.00059,6.329,0.00022,0.00,0.00,0.00,8.439,0.00030,4.220,0.00015,41.92,0.188,0.00,0.00,50.64,0.0018,0.00,0.00,0.00,0.00,0.00,5.907,0.00,0.00,0.0045
-93.78185627,42.02097094,F Fields (F1-F5),TaskName 6/2/2025 (GreenStar 4 Monitor),32%zidua/sharpen,218,6/2/2025,0.600,On,1121.5,46.25,36.25,4.940,4.348,6.071,0.047,41.99,42.01,0,4,27.70,6/2/2025,Good,16.81,0.00061,6.302,0.00023,0.00,0.00,0.00,8.403,0.00030,4.201,0.00015,41.74,0.193,0.00,0.00,50.42,0.0018,0.00,0.00,0.00,0.00,0.00,5.882,0.00,0.00,0.0046
-93.78185613,42.02098247,F Fields (F1-F5),TaskName 6/2/2025 (GreenStar 4 Monitor),32%zidua/sharpen,219,6/2/2025,0.600,On,1121.6,47.50,35.62,4.820,4.240,6.428,359.95,41.99,42.10,0,4,27.74,6/2/2025,Good,16.84,0.00061,6.314,0.00023,0.00,0.00,0.00,8.419,0.00030,4.210,0.00015,41.82,0.193,0.00,0.00,50.52,0.0018,0.00,0.00,0.00,0.00,0.00,5.894,0.00,0.00,0.0046
-93.78185611,42.02099423,F Fields (F1-F5),TaskName 6/2/2025 (GreenStar 4 Monitor),32%zidua/sharpen,220,6/2/2025,0.596,On,1121.8,48.75,35.00,4.800,4.190,6.085,359.81,41.99,42.19,0,4,28.33,6/2/2025,Good,16.88,0.00062,6.328,0.00023,0.00,0.00,0.00,8.438,0.00031,4.219,0.00015,41.92,0.197,0.00,0.00,50.63,0.0019,0.00,0.00,0.00,0.00,0.00,5.907,0.00,0.00,0.0047
-93.78185612,42.02100566,F Fields (F1-F5),TaskName 6/2/2025 (GreenStar 4 Monitor),32%zidua/sharpen,221,6/2/2025,0.605,On,1121.9,50.00,34.37,4.841,4.295,6.316,359.70,41.99,41.57,0,4,29.34,6/2/2025,Good,16.63,0.00064,6.236,0.00024,0.00,0.00,0.00,8.315,0.00032,4.157,0.00016,41.30,0.204,0.00,0.00,49.89,0.0019,0.00,0.00,0.00,0.00,0.00,5.820,0.00,0.00,0.0049
-93.78185616,42.02101731,F Fields (F1-F5),TaskName 6/2/2025 (GreenStar 4 Monitor),32%zidua/sharpen,222,6/2/2025,0.599,On,1122.0,51.25,33.75,4.791,4.213,6.294,359.80,41.99,41.91,0,4,29.79,6/2/2025,Good,16.76,0.00065,6.286,0.00024,0.00,0.00,0.00,8.381,0.00032,4.191,0.00016,41.64,0.206,0.00,0.00,50.29,0.0019,0.00,0.00,0.00,0.00,0.00,5.867,0.00,0.00,0.0050
-93.78185643,42.02102896,F Fields (F1-F5),TaskName 6/2/2025 (GreenStar 4 Monitor),32%zidua/sharpen,223,6/2/2025,0.600,On,1122.2,52.50,33.12,4.822,4.243,6.072,0.180,41.99,42.08,0,4,30.68,6/2/2025,Good,16.83,0.00067,6.312,0.00025,0.00,0.00,0.00,8.416,0.00034,4.208,0.00017,41.81,0.214,0.00,0.00,50.49,0.0020,0.00,0.00,0.00,0.00,0.00,5.891,0.00,0.00,0.0051
-93.78185647,42.02104055,F Fields (F1-F5),TaskName 6/2/2025 (GreenStar 4 Monitor),32%zidua/sharpen,224,6/2/2025,0.600,On,1122.3,53.75,32.50,4.815,4.240,6.303,0.298,41.99,41.94,0,4,31.39,6/2/2025,Good,16.78,0.00069,6.291,0.00026,0.00,0.00,0.00,8.388,0.00034,4.194,0.00017,41.67,0.218,0.00,0.00,50.33,0.0021,0.00,0.00,0.00,0.00,0.00,5.872,0.00,0.00,0.0052
-93.78185605,42.02105605,F Fields (F1-F5),TaskName 6/2/2025 (GreenStar 4 Monitor),32%zidua/sharpen,225,6/2/2025,0.800,On,1122.5,55.00,31.87,4.790,5.622,6.413,0.102,41.99,42.07,0,4,31.94,6/2/2025,Good,16.83,0.00093,6.311,0.00035,0.00,0.00,0.00,8.414,0.00047,4.207,0.00023,41.80,0.297,0.00,0.00,50.48,0.0028,0.00,0.00,0.00,0.00,0.00,5.890,0.00,0.00,0.0071
-93.78185586,42.02106380,F Fields (F1-F5),TaskName 6/2/2025 (GreenStar 4 Monitor),32%zidua/sharpen,226,6/2/2025,0.401,On,1122.6,56.25,31.25,4.824,2.834,6.241,359.82,41.99,41.19,0,4,32.85,6/2/2025,Good,16.48,0.00047,6.179,0.00018,0.00,0.00,0.00,8.238,0.00024,4.119,0.00012,40.92,0.150,0.00,0.00,49.43,0.0014,0.00,0.00,0.00,0.00,0.00,5.767,0.00,0.00,0.0037
-93.78185558,42.02107545,F Fields (F1-F5),TaskName 6/2/2025 (GreenStar 4 Monitor),32%zidua/sharpen,227,6/2/2025,0.599,On,1122.8,57.50,30.62,4.828,4.243,6.026,359.50,41.99,41.89,0,4,33.66,6/2/2025,Good,16.75,0.00073,6.283,0.00027,0.00,0.00,0.00,8.377,0.00037,4.189,0.00018,41.61,0.233,0.00,0.00,50.26,0.0022,0.00,0.00,0.00,0.00,0.00,5.864,0.00,0.00,0.0056
-93.78185544,42.02108698,F Fields (F1-F5),TaskName 6/2/2025 (GreenStar 4 Monitor),32%zidua/sharpen,228,6/2/2025,0.600,On,1122.9,58.75,30.00,4.830,4.249,6.092,359.21,41.99,41.80,0,4,34.39,6/2/2025,Good,16.72,0.00075,6.270,0.00028,0.00,0.00,0.00,8.360,0.00037,4.180,0.00019,41.53,0.238,0.00,0.00,50.16,0.0022,0.00,0.00,0.00,0.00,0.00,5.852,0.00,0.00,0.0057
-93.78185572,42.02109883,F Fields (F1-F5),TaskName 6/2/2025 (GreenStar 4 Monitor),32%zidua/sharpen,229,6/2/2025,0.600,On,1123.0,60.00,29.37,4.823,4.243,5.960,359.18,41.99,41.81,0,4,35.06,6/2/2025,Good,16.72,0.00076,6.272,0.00029,0.00,0.00,0.00,8.362,0.00038,4.181,0.00019,41.54,0.243,0.00,0.00,50.17,0.0023,0.00,0.00,0.00,0.00,0.00,5.854,0.00,0.00,0.0058
-93.78185628,42.02111054,F Fields (F1-F5),TaskName 6/2/2025 (GreenStar 4 Monitor),32%zidua/sharpen,230,6/2/2025,0.600,On,1123.2,61.25,28.75,4.865,4.282,6.003,359.51,41.99,41.59,0,4,36.13,6/2/2025,Good,16.64,0.00078,6.239,0.00029,0.00,0.00,0.00,8.318,0.00039,4.159,0.00020,41.32,0.249,0.00,0.00,49.91,0.0023,0.00,0.00,0.00,0.00,0.00,5.823,0.00,0.00,0.0060
-93.78185682,42.02112589,F Fields (F1-F5),TaskName 6/2/2025 (GreenStar 4 Monitor),32%zidua/sharpen,231,6/2/2025,0.800,On,1123.3,62.50,28.12,4.826,5.661,6.267,359.92,41.99,41.91,0,4,36.55,6/2/2025,Good,16.77,0.0011,6.287,0.00040,0.00,0.00,0.00,8.383,0.00053,4.191,0.00027,41.64,0.338,0.00,0.00,50.30,0.0032,0.00,0.00,0.00,0.00,0.00,5.868,0.00,0.00,0.0081
-93.78185727,42.02113759,F Fields (F1-F5),TaskName 6/2/2025 (GreenStar 4 Monitor),32%zidua/sharpen,232,6/2/2025,0.600,On,1123.5,63.75,27.50,4.797,4.220,6.335,0.298,41.99,41.91,0,4,37.05,6/2/2025,Good,16.77,0.00081,6.287,0.00030,0.00,0.00,0.00,8.383,0.00040,4.191,0.00020,41.64,0.257,0.00,0.00,50.30,0.0024,0.00,0.00,0.00,0.00,0.00,5.868,0.00,0.00,0.0062
-93.78185734,42.02114920,F Fields (F1-F5),TaskName 6/2/2025 (GreenStar 4 Monitor),32%zidua/sharpen,233,6/2/2025,0.601,On,1123.6,65.00,26.87,4.833,4.253,6.231,0.525,41.99,41.73,0,4,38.01,6/2/2025,Good,16.69,0.00083,6.260,0.00031,0.00,0.00,0.00,8.346,0.00041,4.173,0.00021,41.46,0.263,0.00,0.00,50.08,0.0025,0.00,0.00,0.00,0.00,0.00,5.842,0.00,0.00,0.0063
-93.78185731,42.02116076,F Fields (F1-F5),TaskName 6/2/2025 (GreenStar 4 Monitor),32%zidua/sharpen,234,6/2/2025,0.599,On,1123.7,66.25,26.25,4.813,4.240,5.951,0.729,41.99,41.74,0,4,38.75,6/2/2025,Good,16.70,0.00084,6.262,0.00032,0.00,0.00,0.00,8.349,0.00042,4.174,0.00021,41.47,0.267,0.00,0.00,50.09,0.0025,0.00,0.00,0.00,0.00,0.00,5.844,0.00,0.00,0.0064
-93.78185705,42.02117240,F Fields (F1-F5),TaskName 6/2/2025 (GreenStar 4 Monitor),32%zidua/sharpen,235,6/2/2025,0.600,On,1123.8,67.50,25.62,4.801,4.226,5.612,0.604,41.99,41.52,0,4,39.29,6/2/2025,Good,16.61,0.00085,6.228,0.00032,0.00,0.00,0.00,8.305,0.00042,4.152,0.00021,41.25,0.270,0.00,0.00,49.83,0.0025,0.00,0.00,0.00,0.00,0.00,5.813,0.00,0.00,0.0065
-93.78185680,42.02118407,F Fields (F1-F5),TaskName 6/2/2025 (GreenStar 4 Monitor),32%zidua/sharpen,236,6/2/2025,0.600,On,1124.0,68.75,25.00,4.829,4.246,5.452,0.400,41.99,41.13,0,4,40.21,6/2/2025,Good,16.45,0.00086,6.169,0.00032,0.00,0.00,0.00,8.225,0.00043,4.113,0.00022,40.86,0.274,0.00,0.00,49.35,0.0026,0.00,0.00,0.00,0.00,0.00,5.758,0.00,0.00,0.0067
-93.78185650,42.02119185,F Fields (F1-F5),TaskName 6/2/2025 (GreenStar 4 Monitor),32%zidua/sharpen,237,6/2/2025,0.400,On,1124.0,70.00,24.37,4.837,2.837,5.478,0.133,41.99,41.10,0,4,41.03,6/2/2025,Good,16.44,0.00059,6.165,0.00022,0.00,0.00,0.00,8.220,0.00029,4.110,0.00015,40.83,0.186,0.00,0.00,49.32,0.0018,0.00,0.00,0.00,0.00,0.00,5.754,0.00,0.00,0.0046
-93.78185642,42.02120355,F Fields (F1-F5),TaskName 6/2/2025 (GreenStar 4 Monitor),32%zidua/sharpen,238,6/2/2025,0.600,On,1124.2,71.25,23.75,4.843,4.259,5.929,360.00,41.99,40.97,0,4,41.80,6/2/2025,Good,16.39,0.00089,6.146,0.00033,0.00,0.00,0.00,8.195,0.00045,4.097,0.00022,40.71,0.284,0.00,0.00,49.17,0.0027,0.00,0.00,0.00,0.00,0.00,5.736,0.00,0.00,0.0070
-93.78185614,42.02121520,F Fields (F1-F5),TaskName 6/2/2025 (GreenStar 4 Monitor),32%zidua/sharpen,239,6/2/2025,0.600,On,1124.3,72.50,23.12,4.845,4.266,6.222,359.71,41.99,41.70,0,4,42.60,6/2/2025,Good,16.68,0.00093,6.256,0.00035,0.00,0.00,0.00,8.341,0.00046,4.170,0.00023,41.43,0.294,0.00,0.00,50.05,0.0028,0.00,0.00,0.00,0.00,0.00,5.839,0.00,0.00,0.0071
-93.78185640,42.02122701,F Fields (F1-F5),TaskName 6/2/2025 (GreenStar 4 Monitor),32%zidua/sharpen,240,6/2/2025,0.600,On,1124.4,73.75,22.50,4.844,4.262,6.095,359.77,41.99,41.38,0,4,43.30,6/2/2025,Good,16.55,0.00093,6.207,0.00035,0.00,0.00,0.00,8.276,0.00047,4.138,0.00023,41.11,0.297,0.00,0.00,49.65,0.0028,0.00,0.00,0.00,0.00,0.00,5.793,0.00,0.00,0.0072
-93.78185658,42.02123872,F Fields (F1-F5),TaskName 6/2/2025 (GreenStar 4 Monitor),32%zidua/sharpen,241,6/2/2025,0.600,On,1124.4,75.00,21.87,4.869,4.285,5.757,359.80,41.99,41.21,0,4,44.27,6/2/2025,Good,16.48,0.00095,6.181,0.00036,0.00,0.00,0.00,8.241,0.00048,4.121,0.00024,40.94,0.302,0.00,0.00,49.45,0.0029,0.00,0.00,0.00,0.00,0.00,5.769,0.00,0.00,0.0074
-93.78185704,42.02125054,F Fields (F1-F5),TaskName 6/2/2025 (GreenStar 4 Monitor),32%zidua/sharpen,242,6/2/2025,0.601,On,1124.5,76.25,21.25,4.862,4.279,5.468,0.149,41.99,40.92,0,4,44.86,6/2/2025,Good,16.37,0.00096,6.139,0.00036,0.00,0.00,0.00,8.185,0.00048,4.092,0.00024,40.66,0.305,0.00,0.00,49.11,0.0029,0.00,0.00,0.00,0.00,0.00,5.729,0.00,0.00,0.0075
-93.78185721,42.02126225,F Fields (F1-F5),TaskName 6/2/2025 (GreenStar 4 Monitor),32%zidua/sharpen,243,6/2/2025,0.594,On,1124.6,77.50,20.62,4.884,4.262,6.158,0.423,41.99,41.10,0,4,45.96,6/2/2025,Good,16.44,0.00097,6.165,0.00037,0.00,0.00,0.00,8.220,0.00049,4.110,0.00024,40.83,0.310,0.00,0.00,49.32,0.0029,0.00,0.00,0.00,0.00,0.00,5.754,0.00,0.00,0.0076
-93.78185721,42.02127401,F Fields (F1-F5),TaskName 6/2/2025 (GreenStar 4 Monitor),32%zidua/sharpen,244,6/2/2025,0.605,On,1124.7,78.75,20.00,4.864,4.315,6.039,0.643,41.99,41.19,0,4,46.42,6/2/2025,Good,16.48,0.0010,6.179,0.00038,0.00,0.00,0.00,8.238,0.00050,4.119,0.00025,40.92,0.319,0.00,0.00,49.43,0.0030,0.00,0.00,0.00,0.00,0.00,5.767,0.00,0.00,0.0078
-93.78185707,42.02128581,F Fields (F1-F5),TaskName 6/2/2025 (GreenStar 4 Monitor),32%zidua/sharpen,245,6/2/2025,0.600,On,1124.8,80.00,19.37,4.867,4.285,5.785,0.666,41.99,41.43,0,4,47.22,6/2/2025,Good,16.57,0.0010,6.215,0.00038,0.00,0.00,0.00,8.287,0.00051,4.143,0.00025,41.16,0.324,0.00,0.00,49.72,0.0031,0.00,0.00,0.00,0.00,0.00,5.801,0.00,0.00,0.0079
-93.78185679,42.02129779,F Fields (F1-F5),TaskName 6/2/2025 (GreenStar 4 Monitor),32%zidua/sharpen,246,6/2/2025,0.600,On,1124.8,81.25,18.75,4.891,4.305,5.246,0.572,41.99,40.87,0,4,48.18,6/2/2025,Good,16.35,0.0010,6.131,0.00038,0.00,0.00,0.00,8.175,0.00051,4.087,0.00026,40.61,0.326,0.00,0.00,49.05,0.0031,0.00,0.00,0.00,0.00,0.00,5.722,0.00,0.00,0.0080
-93.78185621,42.02130955,F Fields (F1-F5),TaskName 6/2/2025 (GreenStar 4 Monitor),32%zidua/sharpen,247,6/2/2025,0.596,On,1124.9,82.50,18.12,4.930,4.312,5.988,0.180,41.99,41.06,0,4,49.32,6/2/2025,Good,16.42,0.0010,6.159,0.00039,0.00,0.00,0.00,8.212,0.00052,4.106,0.00026,40.79,0.333,0.00,0.00,49.27,0.0031,0.00,0.00,0.00,0.00,0.00,5.748,0.00,0.00,0.0082
-93.78185591,42.02132136,F Fields (F1-F5),TaskName 6/2/2025 (GreenStar 4 Monitor),32%zidua/sharpen,248,6/2/2025,0.599,On,1125.0,83.75,17.50,4.899,4.305,6.051,359.94,41.99,41.57,0,4,49.75,6/2/2025,Good,16.63,0.0011,6.235,0.00040,0.00,0.00,0.00,8.314,0.00054,4.157,0.00027,41.30,0.342,0.00,0.00,49.88,0.0032,0.00,0.00,0.00,0.00,0.00,5.820,0.00,0.00,0.0083
-93.78185558,42.02132937,F Fields (F1-F5),TaskName 6/2/2025 (GreenStar 4 Monitor),32%zidua/sharpen,249,6/2/2025,0.405,On,1125.1,85.00,16.87,4.892,2.903,5.881,359.62,41.99,41.65,0,4,50.35,6/2/2025,Good,16.66,0.00074,6.247,0.00028,0.00,0.00,0.00,8.329,0.00037,4.165,0.00018,41.37,0.234,0.00,0.00,49.97,0.0022,0.00,0.00,0.00,0.00,0.00,5.830,0.00,0.00,0.0057
-93.78185560,42.02134116,F Fields (F1-F5),TaskName 6/2/2025 (GreenStar 4 Monitor),32%zidua/sharpen,250,6/2/2025,0.600,On,1125.1,86.25,16.25,4.915,4.325,6.007,359.49,41.99,41.50,0,4,51.38,6/2/2025,Good,16.60,0.0011,6.225,0.00042,0.00,0.00,0.00,8.300,0.00056,4.150,0.00028,41.23,0.353,0.00,0.00,49.80,0.0033,0.00,0.00,0.00,0.00,0.00,5.810,0.00,0.00,0.0086
-93.78185564,42.02135301,F Fields (F1-F5),TaskName 6/2/2025 (GreenStar 4 Monitor),32%zidua/sharpen,251,6/2/2025,0.595,On,1125.1,87.50,15.62,4.900,4.276,5.931,359.42,41.99,41.68,0,4,51.96,6/2/2025,Good,16.67,0.0011,6.253,0.00042,0.00,0.00,0.00,8.337,0.00056,4.168,0.00028,41.41,0.356,0.00,0.00,50.02,0.0034,0.00,0.00,0.00,0.00,0.00,5.836,0.00,0.00,0.0086
-93.78185572,42.02136496,F Fields (F1-F5),TaskName 6/2/2025 (GreenStar 4 Monitor),32%zidua/sharpen,252,6/2/2025,0.605,On,1125.2,88.75,15.00,4.915,4.364,5.777,359.40,41.99,41.47,0,4,52.91,6/2/2025,Good,16.59,0.0012,6.220,0.00043,0.00,0.00,0.00,8.294,0.00058,4.147,0.00029,41.20,0.366,0.00,0.00,49.76,0.0035,0.00,0.00,0.00,0.00,0.00,5.806,0.00,0.00,0.0089
-93.78185563,42.02137697,F Fields (F1-F5),TaskName 6/2/2025 (GreenStar 4 Monitor),32%zidua/sharpen,253,6/2/2025,0.596,On,1125.2,90.00,14.37,4.932,4.312,5.433,359.29,41.99,41.77,0,4,53.81,6/2/2025,Good,16.71,0.0012,6.266,0.00044,0.00,0.00,0.00,8.355,0.00058,4.177,0.00029,41.50,0.370,0.00,0.00,50.13,0.0035,0.00,0.00,0.00,0.00,0.00,5.848,0.00,0.00,0.0089
-93.78185596,42.02138497,F Fields (F1-F5),TaskName 6/2/2025 (GreenStar 4 Monitor),32%zidua/sharpen,254,6/2/2025,0.400,On,1125.3,91.25,13.75,4.963,2.913,4.897,359.47,41.99,41.30,0,4,54.91,6/2/2025,Good,16.52,0.00079,6.195,0.00030,0.00,0.00,0.00,8.260,0.00039,4.130,0.00020,41.03,0.250,0.00,0.00,49.56,0.0024,0.00,0.00,0.00,0.00,0.00,5.782,0.00,0.00,0.0061
-93.78185620,42.02138894,F Fields (F1-F5),TaskName 6/2/2025 (GreenStar 4 Monitor),32%zidua/sharpen,255,6/2/2025,0.204,On,1125.3,67.50,0.625,4.982,1.491,5.145,359.61,41.99,40.71,0,4,40.77,6/2/2025,Good,16.28,0.00029,6.107,0.00011,0.00,0.00,0.00,8.142,0.00015,4.071,7.347e-05,40.45,0.093,0.00,0.00,48.85,0.00088,0.00,0.00,0.00,0.00,0.00,5.699,0.00,0.00,0.0023
-93.78185625,42.02139690,F Fields (F1-F5),TaskName 6/2/2025 (GreenStar 4 Monitor),32%zidua/sharpen,256,6/2/2025,0.400,On,1125.3,61.25,-2.500,4.955,2.906,6.172,359.70,41.99,44.25,0,4,36.78,6/2/2025,Good,17.70,0.00057,6.637,0.00021,0.00,0.00,0.00,8.849,0.00028,4.425,0.00014,43.96,0.180,0.00,0.00,53.10,0.0017,0.00,0.00,0.00,0.00,0.00,6.195,0.00,0.00,0.0041
-93.78185611,42.02140893,F Fields (F1-F5),TaskName 6/2/2025 (GreenStar 4 Monitor),32%zidua/sharpen,257,6/2/2025,0.596,On,1125.3,62.50,-3.125,4.941,4.308,5.684,359.61,41.99,45.06,0,4,37.34,6/2/2025,Good,18.02,0.00087,6.759,0.00033,0.00,0.00,0.00,9.011,0.00044,4.506,0.00022,44.76,0.277,0.00,0.00,54.07,0.0026,0.00,0.00,0.00,0.00,0.00,6.308,0.00,0.00,0.0062
-93.78185601,42.02142088,F Fields (F1-F5),TaskName 6/2/2025 (GreenStar 4 Monitor),32%zidua/sharpen,258,6/2/2025,0.604,On,1125.4,63.75,-3.750,4.960,4.400,5.516,359.44,41.99,44.81,0,4,38.38,6/2/2025,Good,17.93,0.00090,6.722,0.00034,0.00,0.00,0.00,8.963,0.00045,4.481,0.00023,44.52,0.287,0.00,0.00,53.78,0.0027,0.00,0.00,0.00,0.00,0.00,6.274,0.00,0.00,0.0064
-93.78185612,42.02143277,F Fields (F1-F5),TaskName 6/2/2025 (GreenStar 4 Monitor),32%zidua/sharpen,259,6/2/2025,0.601,On,1125.5,65.00,-4.375,4.947,4.354,5.016,359.49,41.99,45.00,0,4,38.92,6/2/2025,Good,18.00,0.00091,6.750,0.00034,0.00,0.00,0.00,9.000,0.00046,4.500,0.00023,44.71,0.290,0.00,0.00,54.00,0.0027,0.00,0.00,0.00,0.00,0.00,6.300,0.00,0.00,0.0065
-93.78185612,42.02144480,F Fields (F1-F5),TaskName 6/2/2025 (GreenStar 4 Monitor),32%zidua/sharpen,260,6/2/2025,0.594,On,1125.6,66.25,-5.000,4.948,4.315,4.702,359.46,41.99,44.81,0,4,39.77,6/2/2025,Good,17.92,0.00092,6.722,0.00034,0.00,0.00,0.00,8.962,0.00046,4.481,0.00023,44.52,0.292,0.00,0.00,53.77,0.0028,0.00,0.00,0.00,0.00,0.00,6.274,0.00,0.00,0.0066
-93.78185607,42.02145283,F Fields (F1-F5),TaskName 6/2/2025 (GreenStar 4 Monitor),32%zidua/sharpen,261,6/2/2025,0.400,On,1125.6,67.50,-5.625,4.977,2.919,4.603,359.40,41.99,44.87,0,4,40.71,6/2/2025,Good,17.95,0.00063,6.730,0.00024,0.00,0.00,0.00,8.973,0.00032,4.487,0.00016,44.57,0.202,0.00,0.00,53.84,0.0019,0.00,0.00,0.00,0.00,0.00,6.281,0.00,0.00,0.0045
-93.78185623,42.02145676,F Fields (F1-F5),TaskName 6/2/2025 (GreenStar 4 Monitor),32%zidua/sharpen,262,6/2/2025,0.200,On,1125.6,68.75,-6.250,4.988,1.465,4.689,359.50,41.99,44.32,0,4,41.61,6/2/2025,Good,17.73,0.00032,6.649,0.00012,0.00,0.00,0.00,8.865,0.00016,4.432,8.004e-05,44.04,0.102,0.00,0.00,53.19,0.00096,0.00,0.00,0.00,0.00,0.00,6.205,0.00,0.00,0.0023
-93.78185662,42.02146858,F Fields (F1-F5),TaskName 6/2/2025 (GreenStar 4 Monitor),32%zidua/sharpen,263,6/2/2025,0.605,On,1125.7,70.00,-5.625,4.945,4.387,4.848,359.77,41.99,44.43,0,4,41.95,6/2/2025,Good,17.77,0.00098,6.665,0.00037,0.00,0.00,0.00,8.886,0.00049,4.443,0.00024,44.14,0.311,0.00,0.00,53.32,0.0029,0.00,0.00,0.00,0.00,0.00,6.220,0.00,0.00,0.0071
-93.78185671,42.02147659,F Fields (F1-F5),TaskName 6/2/2025 (GreenStar 4 Monitor),32%zidua/sharpen,264,6/2/2025,0.400,On,1125.7,71.25,-6.250,4.916,2.885,4.934,359.89,41.99,44.21,0,4,42.47,6/2/2025,Good,17.68,0.00065,6.632,0.00024,0.00,0.00,0.00,8.842,0.00033,4.421,0.00016,43.92,0.207,0.00,0.00,53.05,0.0020,0.00,0.00,0.00,0.00,0.00,6.190,0.00,0.00,0.0047
-93.78185708,42.02148846,F Fields (F1-F5),TaskName 6/2/2025 (GreenStar 4 Monitor),32%zidua/sharpen,265,6/2/2025,0.595,On,1125.8,72.50,-6.875,4.939,4.308,4.920,0.196,41.99,44.05,0,4,43.38,6/2/2025,Good,17.62,0.00099,6.607,0.00037,0.00,0.00,0.00,8.809,0.00049,4.405,0.00025,43.76,0.314,0.00,0.00,52.86,0.0030,0.00,0.00,0.00,0.00,0.00,6.166,0.00,0.00,0.0072
-93.78185711,42.02150056,F Fields (F1-F5),TaskName 6/2/2025 (GreenStar 4 Monitor),32%zidua/sharpen,266,6/2/2025,0.606,On,1125.8,73.75,-7.500,4.946,4.383,4.686,0.196,41.99,43.52,0,4,44.09,6/2/2025,Good,17.41,0.0010,6.529,0.00038,0.00,0.00,0.00,8.705,0.00050,4.352,0.00025,43.24,0.321,0.00,0.00,52.23,0.0030,0.00,0.00,0.00,0.00,0.00,6.093,0.00,0.00,0.0074
-93.78185715,42.02151262,F Fields (F1-F5),TaskName 6/2/2025 (GreenStar 4 Monitor),32%zidua/sharpen,267,6/2/2025,0.594,On,1125.8,75.00,-8.125,4.994,4.350,4.529,0.274,41.99,42.72,0,4,45.40,6/2/2025,Good,17.09,0.00100,6.408,0.00037,0.00,0.00,0.00,8.544,0.00050,4.272,0.00025,42.44,0.318,0.00,0.00,51.26,0.0030,0.00,0.00,0.00,0.00,0.00,5.981,0.00,0.00,0.0075
-93.78185697,42.02152465,F Fields (F1-F5),TaskName 6/2/2025 (GreenStar 4 Monitor),32%zidua/sharpen,268,6/2/2025,0.606,On,1125.8,76.25,-8.750,4.980,4.413,4.581,0.086,41.99,41.70,0,4,45.89,6/2/2025,Good,16.68,0.0010,6.255,0.00038,0.00,0.00,0.00,8.340,0.00050,4.170,0.00025,41.43,0.320,0.00,0.00,50.04,0.0030,0.00,0.00,0.00,0.00,0.00,5.838,0.00,0.00,0.0077
-93.78185692,42.02153658,F Fields (F1-F5),TaskName 6/2/2025 (GreenStar 4 Monitor),32%zidua/sharpen,269,6/2/2025,0.594,On,1125.8,77.50,-9.375,4.970,4.331,5.203,0.094,41.99,41.84,0,4,46.70,6/2/2025,Good,16.73,0.0010,6.275,0.00038,0.00,0.00,0.00,8.367,0.00050,4.184,0.00025,41.56,0.320,0.00,0.00,50.20,0.0030,0.00,0.00,0.00,0.00,0.00,5.857,0.00,0.00,0.0077
-93.78185684,42.02154061,F Fields (F1-F5),TaskName 6/2/2025 (GreenStar 4 Monitor),32%zidua/sharpen,270,6/2/2025,0.200,On,1125.8,78.75,-10.000,4.939,1.447,5.283,0.055,41.99,41.55,0,4,47.08,6/2/2025,Good,16.62,0.00034,6.233,0.00013,0.00,0.00,0.00,8.311,0.00017,4.155,8.492e-05,41.28,0.108,0.00,0.00,49.87,0.0010,0.00,0.00,0.00,0.00,0.00,5.818,0.00,0.00,0.0026
-93.78185671,42.02154851,F Fields (F1-F5),TaskName 6/2/2025 (GreenStar 4 Monitor),32%zidua/sharpen,271,6/2/2025,0.400,On,1125.9,80.00,-9.375,4.948,2.900,5.394,359.96,41.99,42.17,0,4,47.94,6/2/2025,Good,16.87,0.00070,6.325,0.00026,0.00,0.00,0.00,8.433,0.00035,4.217,0.00018,41.89,0.223,0.00,0.00,50.60,0.0021,0.00,0.00,0.00,0.00,0.00,5.903,0.00,0.00,0.0053
-93.78185670,42.02155658,F Fields (F1-F5),TaskName 6/2/2025 (GreenStar 4 Monitor),32%zidua/sharpen,272,6/2/2025,0.400,On,1125.9,81.25,-10.000,4.944,2.897,5.198,359.99,41.99,41.76,0,4,48.63,6/2/2025,Good,16.71,0.00071,6.264,0.00026,0.00,0.00,0.00,8.353,0.00035,4.176,0.00018,41.49,0.224,0.00,0.00,50.12,0.0021,0.00,0.00,0.00,0.00,0.00,5.847,0.00,0.00,0.0054
-93.78185655,42.02156851,F Fields (F1-F5),TaskName 6/2/2025 (GreenStar 4 Monitor),32%zidua/sharpen,273,6/2/2025,0.600,On,1125.9,82.50,-10.62,4.972,4.370,5.228,359.92,41.99,41.69,0,4,49.66,6/2/2025,Good,16.68,0.0011,6.254,0.00040,0.00,0.00,0.00,8.338,0.00054,4.169,0.00027,41.42,0.343,0.00,0.00,50.03,0.0032,0.00,0.00,0.00,0.00,0.00,5.837,0.00,0.00,0.0083
-93.78185645,42.02157261,F Fields (F1-F5),TaskName 6/2/2025 (GreenStar 4 Monitor),32%zidua/sharpen,274,6/2/2025,0.195,On,1125.9,58.75,-23.75,4.959,1.417,5.211,359.77,41.99,41.36,0,4,35.29,6/2/2025,Good,16.54,0.00025,6.204,9.266e-05,0.00,0.00,0.00,8.272,0.00012,4.136,6.177e-05,41.09,0.079,0.00,0.00,49.63,0.00074,0.00,0.00,0.00,0.00,0.00,5.791,0.00,0.00,0.0019
-93.78185636,42.02158066,F Fields (F1-F5),TaskName 6/2/2025 (GreenStar 4 Monitor),32%zidua/sharpen,275,6/2/2025,0.405,On,1125.9,8.750,-48.75,4.974,2.949,5.014,359.62,41.99,48.53,0,4,5.266,6/2/2025,Over Target,19.41,8.985e-05,7.279,3.369e-05,0.00,0.00,0.00,9.706,4.492e-05,4.853,2.246e-05,48.21,0.029,0.00,0.00,58.23,0.00027,0.00,0.00,0.00,0.00,0.00,6.794,0.00,0.00,0.00059
-93.78185631,42.02158469,F Fields (F1-F5),TaskName 6/2/2025 (GreenStar 4 Monitor),32%zidua/sharpen,276,6/2/2025,0.200,On,1125.9,10.00,-49.37,4.993,1.463,4.782,359.55,41.99,45.77,0,4,6.046,6/2/2025,Good,18.31,4.804e-05,6.865,1.802e-05,0.00,0.00,0.00,9.153,2.402e-05,4.577,1.201e-05,45.47,0.015,0.00,0.00,54.92,0.00014,0.00,0.00,0.00,0.00,0.00,6.407,0.00,0.00,0.00034
-93.78185632,42.02159267,F Fields (F1-F5),TaskName 6/2/2025 (GreenStar 4 Monitor),32%zidua/sharpen,277,6/2/2025,0.400,On,1125.9,11.25,-40.55,5.000,2.927,4.603,359.53,41.99,44.90,0,4,6.802,6/2/2025,Good,17.96,0.00011,6.734,3.976e-05,0.00,0.00,0.00,8.979,5.302e-05,4.490,2.651e-05,44.60,0.034,0.00,0.00,53.87,0.00032,0.00,0.00,0.00,0.00,0.00,6.285,0.00,0.00,0.00076
-93.78185624,42.02159671,F Fields (F1-F5),TaskName 6/2/2025 (GreenStar 4 Monitor),32%zidua/sharpen,278,6/2/2025,0.200,On,1125.9,12.50,-42.00,4.991,1.463,4.491,359.46,41.99,45.04,0,4,7.558,6/2/2025,Good,18.02,5.910e-05,6.756,2.216e-05,0.00,0.00,0.00,9.008,2.955e-05,4.504,1.478e-05,44.75,0.019,0.00,0.00,54.05,0.00018,0.00,0.00,0.00,0.00,0.00,6.306,0.00,0.00,0.00042
-93.78185619,42.02160489,F Fields (F1-F5),TaskName 6/2/2025 (GreenStar 4 Monitor),32%zidua/sharpen,279,6/2/2025,0.400,On,1125.9,11.25,-50.00,4.998,2.930,4.237,359.41,41.99,43.16,0,4,6.810,6/2/2025,Good,17.26,0.00010,6.474,3.827e-05,0.00,0.00,0.00,8.632,5.103e-05,4.316,2.551e-05,42.88,0.032,0.00,0.00,51.79,0.00031,0.00,0.00,0.00,0.00,0.00,6.042,0.00,0.00,0.00076
-93.78185651,42.02161709,F Fields (F1-F5),TaskName 6/2/2025 (GreenStar 4 Monitor),32%zidua/sharpen,280,6/2/2025,0.601,On,1125.9,12.50,-50.62,5.044,4.436,4.090,359.57,41.99,43.38,0,4,7.624,6/2/2025,Good,17.35,0.00017,6.507,6.471e-05,0.00,0.00,0.00,8.676,8.627e-05,4.338,4.314e-05,43.10,0.055,0.00,0.00,52.05,0.00052,0.00,0.00,0.00,0.00,0.00,6.073,0.00,0.00,0.0013
-93.78185668,42.02162914,F Fields (F1-F5),TaskName 6/2/2025 (GreenStar 4 Monitor),32%zidua/sharpen,281,6/2/2025,0.600,On,1125.8,13.75,-51.25,5.041,4.432,4.328,359.68,41.99,43.54,0,4,8.395,6/2/2025,Good,17.41,0.00019,6.530,7.138e-05,0.00,0.00,0.00,8.707,9.517e-05,4.354,4.759e-05,43.25,0.061,0.00,0.00,52.24,0.00057,0.00,0.00,0.00,0.00,0.00,6.095,0.00,0.00,0.0014
-93.78185687,42.02164134,F Fields (F1-F5),TaskName 6/2/2025 (GreenStar 4 Monitor),32%zidua/sharpen,282,6/2/2025,0.599,On,1125.8,15.00,-51.87,5.013,4.406,4.222,359.92,41.99,43.09,0,4,9.119,6/2/2025,Good,17.24,0.00020,6.464,7.662e-05,0.00,0.00,0.00,8.619,0.00010,4.309,5.108e-05,42.81,0.065,0.00,0.00,51.71,0.00061,0.00,0.00,0.00,0.00,0.00,6.033,0.00,0.00,0.0015
-93.78185721,42.02166181,F Fields (F1-F5),TaskName 6/2/2025 (GreenStar 4 Monitor),32%zidua/sharpen,283,6/2/2025,1.000,On,1125.7,16.25,-52.50,5.045,7.392,4.125,0.282,41.99,43.36,0,4,9.927,6/2/2025,Good,17.34,0.00037,6.503,0.00014,0.00,0.00,0.00,8.671,0.00019,4.336,9.340e-05,43.07,0.119,0.00,0.00,52.03,0.0011,0.00,0.00,0.00,0.00,0.00,6.070,0.00,0.00,0.0028
-93.78185670,42.02168178,F Fields (F1-F5),TaskName 6/2/2025 (GreenStar 4 Monitor),32%zidua/sharpen,284,6/2/2025,1.001,On,1125.6,16.25,-52.50,5.035,7.385,4.346,359.89,41.99,42.90,0,4,9.908,6/2/2025,Good,17.16,0.00037,6.435,0.00014,0.00,0.00,0.00,8.580,0.00018,4.290,9.234e-05,42.62,0.117,0.00,0.00,51.48,0.0011,0.00,0.00,0.00,0.00,0.00,6.006,0.00,0.00,0.0028
-93.78185638,42.02170217,F Fields (F1-F5),TaskName 6/2/2025 (GreenStar 4 Monitor),32%zidua/sharpen,285,6/2/2025,0.999,On,1125.6,16.25,-52.50,5.019,7.349,4.448,359.44,41.99,42.92,0,4,9.879,6/2/2025,Good,17.17,0.00037,6.438,0.00014,0.00,0.00,0.00,8.584,0.00018,4.292,9.192e-05,42.64,0.117,0.00,0.00,51.50,0.0011,0.00,0.00,0.00,0.00,0.00,6.009,0.00,0.00,0.0027
-93.78185672,42.02171832,F Fields (F1-F5),TaskName 6/2/2025 (GreenStar 4 Monitor),32%zidua/sharpen,286,6/2/2025,0.800,On,1125.5,16.25,-52.50,5.054,5.922,4.372,359.65,41.99,42.37,0,4,9.941,6/2/2025,Good,16.95,0.00029,6.356,0.00011,0.00,0.00,0.00,8.474,0.00015,4.237,7.313e-05,42.10,0.093,0.00,0.00,50.85,0.00088,0.00,0.00,0.00,0.00,0.00,5.932,0.00,0.00,0.0022
-93.78185687,42.02172235,F Fields (F1-F5),TaskName 6/2/2025 (GreenStar 4 Monitor),32%zidua/sharpen,287,6/2/2025,0.195,On,1125.5,26.25,-11.79,5.038,1.440,4.465,359.76,41.99,41.80,0,4,16.02,6/2/2025,Good,16.72,0.00011,6.270,4.252e-05,0.00,0.00,0.00,8.360,5.669e-05,4.180,2.834e-05,41.53,0.036,0.00,0.00,50.16,0.00034,0.00,0.00,0.00,0.00,0.00,5.852,0.00,0.00,0.00087
-93.78185751,42.02174255,F Fields (F1-F5),TaskName 6/2/2025 (GreenStar 4 Monitor),32%zidua/sharpen,288,6/2/2025,1.005,On,1125.4,16.25,-52.50,5.024,7.398,4.581,0.212,41.99,43.46,0,4,9.886,6/2/2025,Good,17.38,0.00037,6.519,0.00014,0.00,0.00,0.00,8.692,0.00019,4.346,9.370e-05,43.18,0.119,0.00,0.00,52.15,0.0011,0.00,0.00,0.00,0.00,0.00,6.084,0.00,0.00,0.0028
-93.78185788,42.02176265,F Fields (F1-F5),TaskName 6/2/2025 (GreenStar 4 Monitor),32%zidua/sharpen,289,6/2/2025,1.000,On,1125.3,16.25,-52.50,4.997,7.323,5.390,0.690,41.99,43.71,0,4,9.834,6/2/2025,Good,17.48,0.00037,6.557,0.00014,0.00,0.00,0.00,8.742,0.00019,4.371,9.329e-05,43.43,0.119,0.00,0.00,52.45,0.0011,0.00,0.00,0.00,0.00,0.00,6.120,0.00,0.00,0.0027
-93.78185763,42.02178285,F Fields (F1-F5),TaskName 6/2/2025 (GreenStar 4 Monitor),32%zidua/sharpen,290,6/2/2025,1.000,On,1125.2,16.25,-52.50,5.011,7.339,5.101,0.839,41.99,44.08,0,4,9.856,6/2/2025,Good,17.63,0.00038,6.612,0.00014,0.00,0.00,0.00,8.817,0.00019,4.408,9.429e-05,43.80,0.120,0.00,0.00,52.90,0.0011,0.00,0.00,0.00,0.00,0.00,6.172,0.00,0.00,0.0027
-93.78185715,42.02180278,F Fields (F1-F5),TaskName 6/2/2025 (GreenStar 4 Monitor),32%zidua/sharpen,291,6/2/2025,1.000,On,1125.1,16.25,-52.50,5.002,7.326,5.351,0.627,41.99,43.96,0,4,9.839,6/2/2025,Good,17.59,0.00038,6.594,0.00014,0.00,0.00,0.00,8.793,0.00019,4.396,9.387e-05,43.68,0.119,0.00,0.00,52.76,0.0011,0.00,0.00,0.00,0.00,0.00,6.155,0.00,0.00,0.0027
-93.78185605,42.02182268,F Fields (F1-F5),TaskName 6/2/2025 (GreenStar 4 Monitor),32%zidua/sharpen,292,6/2/2025,1.000,On,1125.1,16.25,-52.50,4.951,7.254,4.954,359.67,41.99,43.78,0,4,9.742,6/2/2025,Good,17.51,0.00037,6.567,0.00014,0.00,0.00,0.00,8.756,0.00019,4.378,9.256e-05,43.50,0.118,0.00,0.00,52.54,0.0011,0.00,0.00,0.00,0.00,0.00,6.129,0.00,0.00,0.0027
-93.78185552,42.02184273,F Fields (F1-F5),TaskName 6/2/2025 (GreenStar 4 Monitor),32%zidua/sharpen,293,6/2/2025,0.996,On,1124.9,16.25,-52.50,4.962,7.244,5.196,358.88,41.99,43.51,0,4,9.768,6/2/2025,Good,17.41,0.00037,6.527,0.00014,0.00,0.00,0.00,8.703,0.00018,4.351,9.187e-05,43.23,0.117,0.00,0.00,52.22,0.0011,0.00,0.00,0.00,0.00,0.00,6.092,0.00,0.00,0.0027
-93.78185591,42.02186262,F Fields (F1-F5),TaskName 6/2/2025 (GreenStar 4 Monitor),32%zidua/sharpen,294,6/2/2025,1.004,On,1124.8,16.25,-52.50,4.970,7.313,5.428,358.74,41.99,43.47,0,4,9.782,6/2/2025,Good,17.39,0.00037,6.521,0.00014,0.00,0.00,0.00,8.694,0.00019,4.347,9.265e-05,43.19,0.118,0.00,0.00,52.17,0.0011,0.00,0.00,0.00,0.00,0.00,6.086,0.00,0.00,0.0027
-93.78185672,42.02187867,F Fields (F1-F5),TaskName 6/2/2025 (GreenStar 4 Monitor),32%zidua/sharpen,295,6/2/2025,0.800,On,1124.7,16.25,-52.50,4.939,5.791,5.437,359.24,41.99,43.40,0,4,9.721,6/2/2025,Good,17.36,0.00029,6.510,0.00011,0.00,0.00,0.00,8.680,0.00015,4.340,7.324e-05,43.12,0.093,0.00,0.00,52.08,0.00088,0.00,0.00,0.00,0.00,0.00,6.076,0.00,0.00,0.0022
-93.78185773,42.02189875,F Fields (F1-F5),TaskName 6/2/2025 (GreenStar 4 Monitor),32%zidua/sharpen,296,6/2/2025,0.996,On,1124.6,17.50,-51.87,5.009,7.300,5.101,0.196,41.99,43.08,0,4,10.60,6/2/2025,Good,17.23,0.00039,6.463,0.00015,0.00,0.00,0.00,8.617,0.00020,4.308,9.871e-05,42.80,0.126,0.00,0.00,51.70,0.0012,0.00,0.00,0.00,0.00,0.00,6.032,0.00,0.00,0.0029
-93.78185788,42.02191858,F Fields (F1-F5),TaskName 6/2/2025 (GreenStar 4 Monitor),32%zidua/sharpen,297,6/2/2025,0.999,On,1124.5,17.50,-51.87,4.944,7.244,5.109,0.823,41.99,43.00,0,4,10.49,6/2/2025,Good,17.20,0.00039,6.451,0.00015,0.00,0.00,0.00,8.601,0.00020,4.300,9.778e-05,42.72,0.124,0.00,0.00,51.61,0.0012,0.00,0.00,0.00,0.00,0.00,6.021,0.00,0.00,0.0029
-93.78185702,42.02193825,F Fields (F1-F5),TaskName 6/2/2025 (GreenStar 4 Monitor),32%zidua/sharpen,298,6/2/2025,1.000,On,1124.5,17.50,-51.87,4.897,7.175,5.342,0.353,41.99,42.62,0,4,10.38,6/2/2025,Good,17.05,0.00038,6.393,0.00014,0.00,0.00,0.00,8.524,0.00019,4.262,9.598e-05,42.34,0.122,0.00,0.00,51.14,0.0012,0.00,0.00,0.00,0.00,0.00,5.967,0.00,0.00,0.0029
-93.78185592,42.02195746,F Fields (F1-F5),TaskName 6/2/2025 (GreenStar 4 Monitor),32%zidua/sharpen,299,6/2/2025,1.000,On,1124.6,17.50,-51.87,4.846,7.100,5.833,359.46,41.99,42.98,0,4,10.27,6/2/2025,Good,17.19,0.00038,6.447,0.00014,0.00,0.00,0.00,8.597,0.00019,4.298,9.578e-05,42.70,0.122,0.00,0.00,51.58,0.0011,0.00,0.00,0.00,0.00,0.00,6.018,0.00,0.00,0.0029
-93.78185564,42.02197660,F Fields (F1-F5),TaskName 6/2/2025 (GreenStar 4 Monitor),32%zidua/sharpen,300,6/2/2025,1.005,On,1124.8,17.50,-51.87,4.784,7.044,5.645,358.92,41.99,42.41,0,4,10.14,6/2/2025,Good,16.96,0.00038,6.361,0.00014,0.00,0.00,0.00,8.481,0.00019,4.241,9.375e-05,42.13,0.119,0.00,0.00,50.89,0.0011,0.00,0.00,0.00,0.00,0.00,5.937,0.00,0.00,0.0028
-93.78185618,42.02199602,F Fields (F1-F5),TaskName 6/2/2025 (GreenStar 4 Monitor),32%zidua/sharpen,301,6/2/2025,0.995,On,1124.9,17.50,-51.87,4.794,6.988,5.490,358.89,41.99,42.31,0,4,10.16,6/2/2025,Good,16.93,0.00037,6.347,0.00014,0.00,0.00,0.00,8.463,0.00019,4.231,9.281e-05,42.04,0.118,0.00,0.00,50.78,0.0011,0.00,0.00,0.00,0.00,0.00,5.924,0.00,0.00,0.0028
-93.78185711,42.02201514,F Fields (F1-F5),TaskName 6/2/2025 (GreenStar 4 Monitor),32%zidua/sharpen,302,6/2/2025,1.000,On,1125.1,17.50,-51.87,4.814,7.054,5.987,359.52,41.99,42.02,0,4,10.20,6/2/2025,Good,16.81,0.00037,6.303,0.00014,0.00,0.00,0.00,8.404,0.00019,4.202,9.303e-05,41.75,0.118,0.00,0.00,50.43,0.0011,0.00,0.00,0.00,0.00,0.00,5.883,0.00,0.00,0.0028
-93.78185768,42.02202284,F Fields (F1-F5),TaskName 6/2/2025 (GreenStar 4 Monitor),32%zidua/sharpen,303,6/2/2025,0.400,On,1125.1,17.50,-51.87,4.764,2.792,6.413,0.039,41.99,42.46,0,4,10.09,6/2/2025,Good,16.99,0.00015,6.370,5.582e-05,0.00,0.00,0.00,8.493,7.442e-05,4.246,3.721e-05,42.19,0.047,0.00,0.00,50.96,0.00045,0.00,0.00,0.00,0.00,0.00,5.945,0.00,0.00,0.0011
-93.78185870,42.02204237,F Fields (F1-F5),TaskName 6/2/2025 (GreenStar 4 Monitor),32%zidua/sharpen,304,6/2/2025,1.010,On,1125.2,18.75,-51.25,4.805,7.110,6.095,1.223,41.99,42.20,0,4,10.91,6/2/2025,Good,16.88,0.00040,6.330,0.00015,0.00,0.00,0.00,8.440,0.00020,4.220,0.00010,41.92,0.128,0.00,0.00,50.64,0.0012,0.00,0.00,0.00,0.00,0.00,5.908,0.00,0.00,0.0031
-93.78185806,42.02206161,F Fields (F1-F5),TaskName 6/2/2025 (GreenStar 4 Monitor),32%zidua/sharpen,305,6/2/2025,0.995,On,1125.4,18.75,-51.25,4.819,7.028,6.108,0.855,41.99,42.30,0,4,10.94,6/2/2025,Good,16.92,0.00040,6.345,0.00015,0.00,0.00,0.00,8.460,0.00020,4.230,9.997e-05,42.03,0.127,0.00,0.00,50.76,0.0012,0.00,0.00,0.00,0.00,0.00,5.922,0.00,0.00,0.0030
-93.78185694,42.02208099,F Fields (F1-F5),TaskName 6/2/2025 (GreenStar 4 Monitor),32%zidua/sharpen,306,6/2/2025,0.996,On,1125.6,18.75,-51.25,4.798,6.999,6.266,359.94,41.99,42.02,0,4,10.89,6/2/2025,Good,16.81,0.00040,6.303,0.00015,0.00,0.00,0.00,8.405,0.00020,4.202,9.890e-05,41.75,0.126,0.00,0.00,50.43,0.0012,0.00,0.00,0.00,0.00,0.00,5.883,0.00,0.00,0.0030
-93.78185642,42.02210021,F Fields (F1-F5),TaskName 6/2/2025 (GreenStar 4 Monitor),32%zidua/sharpen,307,6/2/2025,0.999,On,1125.8,18.75,-51.25,4.786,7.018,6.188,359.37,41.99,41.94,0,4,10.89,6/2/2025,Good,16.78,0.00040,6.291,0.00015,0.00,0.00,0.00,8.388,0.00020,4.194,9.897e-05,41.67,0.126,0.00,0.00,50.33,0.0012,0.00,0.00,0.00,0.00,0.00,5.871,0.00,0.00,0.0030
-93.78185668,42.02211962,F Fields (F1-F5),TaskName 6/2/2025 (GreenStar 4 Monitor),32%zidua/sharpen,308,6/2/2025,1.005,On,1125.9,18.75,-51.25,4.806,7.083,5.590,359.44,41.99,41.62,0,4,10.92,6/2/2025,Good,16.65,0.00040,6.243,0.00015,0.00,0.00,0.00,8.324,0.00020,4.162,9.914e-05,41.35,0.126,0.00,0.00,49.94,0.0012,0.00,0.00,0.00,0.00,0.00,5.827,0.00,0.00,0.0030
-93.78185746,42.02213918,F Fields (F1-F5),TaskName 6/2/2025 (GreenStar 4 Monitor),32%zidua/sharpen,309,6/2/2025,0.995,On,1126.1,18.75,-51.25,4.818,7.031,5.480,0.016,41.99,41.65,0,4,10.95,6/2/2025,Good,16.66,0.00039,6.247,0.00015,0.00,0.00,0.00,8.329,0.00020,4.165,9.846e-05,41.37,0.125,0.00,0.00,49.97,0.0012,0.00,0.00,0.00,0.00,0.00,5.830,0.00,0.00,0.0030
-93.78185795,42.02215873,F Fields (F1-F5),TaskName 6/2/2025 (GreenStar 4 Monitor),32%zidua/sharpen,310,6/2/2025,1.001,On,1126.2,18.75,-51.25,4.884,7.162,5.150,0.266,41.99,41.71,0,4,11.09,6/2/2025,Good,16.69,0.00040,6.257,0.00015,0.00,0.00,0.00,8.343,0.00020,4.171,0.00010,41.44,0.128,0.00,0.00,50.06,0.0012,0.00,0.00,0.00,0.00,0.00,5.840,0.00,0.00,0.0031
-93.78185802,42.02217843,F Fields (F1-F5),TaskName 6/2/2025 (GreenStar 4 Monitor),32%zidua/sharpen,311,6/2/2025,1.000,On,1126.3,18.75,-51.25,4.861,7.136,5.201,0.478,41.99,41.82,0,4,11.06,6/2/2025,Good,16.73,0.00040,6.272,0.00015,0.00,0.00,0.00,8.363,0.00020,4.182,0.00010,41.54,0.128,0.00,0.00,50.18,0.0012,0.00,0.00,0.00,0.00,0.00,5.854,0.00,0.00,0.0031
-93.78185817,42.02219418,F Fields (F1-F5),TaskName 6/2/2025 (GreenStar 4 Monitor),32%zidua/sharpen,312,6/2/2025,0.804,On,1126.4,18.75,-51.25,4.894,5.770,5.326,0.753,41.99,41.94,0,4,11.12,6/2/2025,Good,16.78,0.00033,6.291,0.00012,0.00,0.00,0.00,8.388,0.00016,4.194,8.137e-05,41.67,0.103,0.00,0.00,50.33,0.00098,0.00,0.00,0.00,0.00,0.00,5.871,0.00,0.00,0.0025
-93.78185776,42.02221391,F Fields (F1-F5),TaskName 6/2/2025 (GreenStar 4 Monitor),32%zidua/sharpen,313,6/2/2025,0.995,On,1126.5,17.50,-51.87,4.878,7.119,5.944,0.525,41.99,42.18,0,4,10.35,6/2/2025,Good,16.87,0.00038,6.327,0.00014,0.00,0.00,0.00,8.436,0.00019,4.218,9.425e-05,41.90,0.120,0.00,0.00,50.61,0.0011,0.00,0.00,0.00,0.00,0.00,5.905,0.00,0.00,0.0029
-93.78185721,42.02223364,F Fields (F1-F5),TaskName 6/2/2025 (GreenStar 4 Monitor),32%zidua/sharpen,314,6/2/2025,1.000,On,1126.5,17.50,-51.87,4.896,7.178,5.845,359.84,41.99,42.33,0,4,10.38,6/2/2025,Good,16.93,0.00038,6.349,0.00014,0.00,0.00,0.00,8.466,0.00019,4.233,9.537e-05,42.05,0.121,0.00,0.00,50.79,0.0011,0.00,0.00,0.00,0.00,0.00,5.926,0.00,0.00,0.0029
-93.78185733,42.02225350,F Fields (F1-F5),TaskName 6/2/2025 (GreenStar 4 Monitor),32%zidua/sharpen,315,6/2/2025,1.005,On,1126.6,17.50,-51.87,4.941,7.283,5.144,359.69,41.99,41.87,0,4,10.48,6/2/2025,Good,16.75,0.00038,6.280,0.00014,0.00,0.00,0.00,8.374,0.00019,4.187,9.571e-05,41.60,0.122,0.00,0.00,50.24,0.0011,0.00,0.00,0.00,0.00,0.00,5.862,0.00,0.00,0.0029
-93.78185785,42.02226560,F Fields (F1-F5),TaskName 6/2/2025 (GreenStar 4 Monitor),32%zidua/sharpen,316,6/2/2025,0.595,On,1126.6,17.50,-51.87,4.939,4.308,5.255,0.149,41.99,41.53,0,4,10.47,6/2/2025,Good,16.61,0.00022,6.229,8.423e-05,0.00,0.00,0.00,8.305,0.00011,4.153,5.615e-05,41.26,0.071,0.00,0.00,49.83,0.00067,0.00,0.00,0.00,0.00,0.00,5.814,0.00,0.00,0.0017
-93.78185865,42.02228528,F Fields (F1-F5),TaskName 6/2/2025 (GreenStar 4 Monitor),32%zidua/sharpen,317,6/2/2025,1.001,On,1126.6,18.75,-51.25,4.921,7.224,5.742,0.949,41.99,41.97,0,4,11.18,6/2/2025,Good,16.79,0.00041,6.295,0.00015,0.00,0.00,0.00,8.394,0.00020,4.197,0.00010,41.70,0.130,0.00,0.00,50.36,0.0012,0.00,0.00,0.00,0.00,0.00,5.876,0.00,0.00,0.0031
-93.78185848,42.02230491,F Fields (F1-F5),TaskName 6/2/2025 (GreenStar 4 Monitor),32%zidua/sharpen,318,6/2/2025,0.999,On,1126.6,18.75,-51.25,4.902,7.185,5.944,1.309,41.99,42.25,0,4,11.14,6/2/2025,Good,16.90,0.00041,6.338,0.00015,0.00,0.00,0.00,8.450,0.00020,4.225,0.00010,41.98,0.130,0.00,0.00,50.70,0.0012,0.00,0.00,0.00,0.00,0.00,5.915,0.00,0.00,0.0031
-93.78185823,42.02230892,F Fields (F1-F5),TaskName 6/2/2025 (GreenStar 4 Monitor),32%zidua/sharpen,319,6/2/2025,0.200,On,1126.6,18.75,-51.25,4.899,1.438,5.548,1.160,41.99,41.79,0,4,11.14,6/2/2025,Good,16.72,8.085e-05,6.268,3.032e-05,0.00,0.00,0.00,8.358,4.043e-05,4.179,2.021e-05,41.52,0.026,0.00,0.00,50.15,0.00024,0.00,0.00,0.00,0.00,0.00,5.851,0.00,0.00,0.00062
-93.78185738,42.02232907,F Fields (F1-F5),TaskName 6/2/2025 (GreenStar 4 Monitor),32%zidua/sharpen,320,6/2/2025,1.000,On,1126.6,17.50,-51.87,4.963,7.280,5.488,0.682,41.99,42.42,0,4,10.53,6/2/2025,Good,16.97,0.00039,6.362,0.00015,0.00,0.00,0.00,8.483,0.00019,4.242,9.692e-05,42.14,0.123,0.00,0.00,50.90,0.0012,0.00,0.00,0.00,0.00,0.00,5.938,0.00,0.00,0.0029
-93.78185655,42.02234904,F Fields (F1-F5),TaskName 6/2/2025 (GreenStar 4 Monitor),32%zidua/sharpen,321,6/2/2025,1.000,On,1126.6,17.50,-51.87,4.972,7.290,5.622,359.97,41.99,42.90,0,4,10.54,6/2/2025,Good,17.16,0.00039,6.436,0.00015,0.00,0.00,0.00,8.581,0.00020,4.290,9.817e-05,42.62,0.125,0.00,0.00,51.48,0.0012,0.00,0.00,0.00,0.00,0.00,6.007,0.00,0.00,0.0029
-93.78185586,42.02236910,F Fields (F1-F5),TaskName 6/2/2025 (GreenStar 4 Monitor),32%zidua/sharpen,322,6/2/2025,1.000,On,1126.5,17.50,-51.87,4.970,7.287,5.439,359.21,41.99,42.63,0,4,10.54,6/2/2025,Good,17.05,0.00039,6.394,0.00015,0.00,0.00,0.00,8.525,0.00019,4.263,9.749e-05,42.35,0.124,0.00,0.00,51.15,0.0012,0.00,0.00,0.00,0.00,0.00,5.968,0.00,0.00,0.0029
-93.78185607,42.02238901,F Fields (F1-F5),TaskName 6/2/2025 (GreenStar 4 Monitor),32%zidua/sharpen,323,6/2/2025,1.000,On,1126.4,17.50,-51.87,4.974,7.290,5.017,359.04,41.99,42.61,0,4,10.54,6/2/2025,Good,17.05,0.00039,6.392,0.00015,0.00,0.00,0.00,8.523,0.00020,4.261,9.750e-05,42.34,0.124,0.00,0.00,51.14,0.0012,0.00,0.00,0.00,0.00,0.00,5.966,0.00,0.00,0.0029
-93.78185699,42.02240910,F Fields (F1-F5),TaskName 6/2/2025 (GreenStar 4 Monitor),32%zidua/sharpen,324,6/2/2025,1.000,On,1126.3,17.50,-51.87,4.962,7.277,4.782,359.62,41.99,42.61,0,4,10.52,6/2/2025,Good,17.04,0.00039,6.392,0.00015,0.00,0.00,0.00,8.522,0.00019,4.261,9.732e-05,42.33,0.124,0.00,0.00,51.13,0.0012,0.00,0.00,0.00,0.00,0.00,5.965,0.00,0.00,0.0029
-93.78185727,42.02242916,F Fields (F1-F5),TaskName 6/2/2025 (GreenStar 4 Monitor),32%zidua/sharpen,325,6/2/2025,1.000,On,1126.2,17.50,-51.87,4.992,7.323,4.914,359.86,41.99,42.97,0,4,10.59,6/2/2025,Good,17.19,0.00040,6.445,0.00015,0.00,0.00,0.00,8.594,0.00020,4.297,9.876e-05,42.69,0.126,0.00,0.00,51.56,0.0012,0.00,0.00,0.00,0.00,0.00,6.016,0.00,0.00,0.0029
-93.78185750,42.02244909,F Fields (F1-F5),TaskName 6/2/2025 (GreenStar 4 Monitor),32%zidua/sharpen,326,6/2/2025,1.001,On,1126.2,17.50,-51.87,4.980,7.303,4.577,0.266,41.99,42.30,0,4,10.55,6/2/2025,Good,16.92,0.00039,6.345,0.00015,0.00,0.00,0.00,8.461,0.00019,4.230,9.697e-05,42.03,0.123,0.00,0.00,50.76,0.0012,0.00,0.00,0.00,0.00,0.00,5.922,0.00,0.00,0.0029
-93.78185730,42.02246509,F Fields (F1-F5),TaskName 6/2/2025 (GreenStar 4 Monitor),32%zidua/sharpen,327,6/2/2025,0.799,On,1126.1,17.50,-51.87,4.953,5.812,5.221,0.172,41.99,42.66,0,4,10.52,6/2/2025,Good,17.06,0.00031,6.399,0.00012,0.00,0.00,0.00,8.532,0.00016,4.266,7.782e-05,42.38,0.099,0.00,0.00,51.19,0.00093,0.00,0.00,0.00,0.00,0.00,5.972,0.00,0.00,0.0023
-93.78185724,42.02246902,F Fields (F1-F5),TaskName 6/2/2025 (GreenStar 4 Monitor),32%zidua/sharpen,328,6/2/2025,0.201,On,1126.1,3.750,-45.00,4.966,1.465,5.178,0.094,41.99,43.31,0,4,2.258,6/2/2025,Good,17.32,1.706e-05,6.496,6.399e-06,0.00,0.00,0.00,8.662,8.532e-06,4.331,4.266e-06,43.03,0.0054,0.00,0.00,51.97,5.119e-05,0.00,0.00,0.00,0.00,0.00,6.063,0.00,0.00,0.00013
-93.78230308,42.02246283,F Fields (F1-F5),TaskName 6/2/2025 (GreenStar 4 Monitor),32%zidua/sharpen,329,6/2/2025,0.201,On,1123.3,21.25,27.65,4.767,1.406,4.649,177.46,41.99,37.78,0,5,12.28,6/2/2025,Good,15.11,8.097e-05,5.667,3.036e-05,0.00,0.00,0.00,7.556,4.049e-05,3.778,2.024e-05,37.54,0.026,0.00,0.00,45.34,0.00024,0.00,0.00,0.00,0.00,0.00,5.289,0.00,0.00,0.00069
-93.78230249,42.02245524,F Fields (F1-F5),TaskName 6/2/2025 (GreenStar 4 Monitor),32%zidua/sharpen,330,6/2/2025,0.399,On,1123.3,103.75,-8.750,4.761,2.789,4.785,177.77,41.99,38.63,0,5,59.93,6/2/2025,Good,15.45,0.00080,5.795,0.00030,0.00,0.00,0.00,7.727,0.00040,3.863,0.00020,38.38,0.255,0.00,0.00,46.36,0.0024,0.00,0.00,0.00,0.00,0.00,5.409,0.00,0.00,0.0066
-93.78230222,42.02245145,F Fields (F1-F5),TaskName 6/2/2025 (GreenStar 4 Monitor),32%zidua/sharpen,331,6/2/2025,0.200,On,1123.3,102.50,-9.375,4.742,1.393,4.848,177.91,41.99,40.45,0,5,58.99,6/2/2025,Good,16.18,0.00041,6.068,0.00016,0.00,0.00,0.00,8.091,0.00021,4.045,0.00010,40.19,0.132,0.00,0.00,48.54,0.0012,0.00,0.00,0.00,0.00,0.00,5.664,0.00,0.00,0.0033
-93.78230176,42.02244384,F Fields (F1-F5),TaskName 6/2/2025 (GreenStar 4 Monitor),32%zidua/sharpen,332,6/2/2025,0.401,On,1123.3,101.25,-10.000,4.734,2.776,4.835,178.09,41.99,40.24,0,5,57.92,6/2/2025,Good,16.09,0.00081,6.035,0.00030,0.00,0.00,0.00,8.047,0.00041,4.024,0.00020,39.97,0.258,0.00,0.00,48.28,0.0024,0.00,0.00,0.00,0.00,0.00,5.633,0.00,0.00,0.0065
-93.78230105,42.02243243,F Fields (F1-F5),TaskName 6/2/2025 (GreenStar 4 Monitor),32%zidua/sharpen,333,6/2/2025,0.599,On,1123.3,100.00,-10.62,4.724,4.158,4.940,178.44,41.99,40.40,0,5,57.37,6/2/2025,Good,16.16,0.0012,6.060,0.00045,0.00,0.00,0.00,8.080,0.00060,4.040,0.00030,40.14,0.383,0.00,0.00,48.48,0.0036,0.00,0.00,0.00,0.00,0.00,5.656,0.00,0.00,0.0095
-93.78230065,42.02242480,F Fields (F1-F5),TaskName 6/2/2025 (GreenStar 4 Monitor),32%zidua/sharpen,334,6/2/2025,0.400,On,1123.3,98.75,-11.25,4.728,2.776,5.122,178.69,41.99,41.04,0,5,56.63,6/2/2025,Good,16.41,0.00081,6.155,0.00030,0.00,0.00,0.00,8.207,0.00040,4.104,0.00020,40.77,0.257,0.00,0.00,49.24,0.0024,0.00,0.00,0.00,0.00,0.00,5.745,0.00,0.00,0.0063
-93.78230005,42.02241336,F Fields (F1-F5),TaskName 6/2/2025 (GreenStar 4 Monitor),32%zidua/sharpen,335,6/2/2025,0.600,On,1123.3,97.50,-11.87,4.725,4.158,5.715,179.11,41.99,41.54,0,5,55.85,6/2/2025,Good,16.61,0.0012,6.231,0.00045,0.00,0.00,0.00,8.307,0.00060,4.154,0.00030,41.27,0.384,0.00,0.00,49.84,0.0036,0.00,0.00,0.00,0.00,0.00,5.815,0.00,0.00,0.0093
-93.78229985,42.02240961,F Fields (F1-F5),TaskName 6/2/2025 (GreenStar 4 Monitor),32%zidua/sharpen,336,6/2/2025,0.195,On,1123.3,96.25,-12.50,4.738,1.357,5.832,179.25,41.99,41.92,0,5,55.34,6/2/2025,Good,16.77,0.00039,6.288,0.00015,0.00,0.00,0.00,8.384,0.00020,4.192,9.817e-05,41.65,0.125,0.00,0.00,50.30,0.0012,0.00,0.00,0.00,0.00,0.00,5.869,0.00,0.00,0.0030
-93.78229970,42.02240580,F Fields (F1-F5),TaskName 6/2/2025 (GreenStar 4 Monitor),32%zidua/sharpen,337,6/2/2025,0.205,On,1123.3,95.00,-11.87,4.729,1.422,5.818,179.37,41.99,42.04,0,5,54.47,6/2/2025,Good,16.81,0.00041,6.305,0.00015,0.00,0.00,0.00,8.407,0.00020,4.204,0.00010,41.76,0.130,0.00,0.00,50.44,0.0012,0.00,0.00,0.00,0.00,0.00,5.885,0.00,0.00,0.0031
-93.78229941,42.02239809,F Fields (F1-F5),TaskName 6/2/2025 (GreenStar 4 Monitor),32%zidua/sharpen,338,6/2/2025,0.395,On,1123.3,93.75,-12.50,4.720,2.736,5.788,179.57,41.99,42.19,0,5,53.67,6/2/2025,Good,16.88,0.00078,6.329,0.00029,0.00,0.00,0.00,8.438,0.00039,4.219,0.00019,41.92,0.247,0.00,0.00,50.63,0.0023,0.00,0.00,0.00,0.00,0.00,5.907,0.00,0.00,0.0059
-93.78229926,42.02239428,F Fields (F1-F5),TaskName 6/2/2025 (GreenStar 4 Monitor),32%zidua/sharpen,339,6/2/2025,0.205,On,1123.3,95.00,-13.12,4.736,1.422,5.462,179.69,41.99,42.06,0,5,54.47,6/2/2025,Good,16.82,0.00041,6.309,0.00015,0.00,0.00,0.00,8.411,0.00020,4.206,0.00010,41.78,0.130,0.00,0.00,50.47,0.0012,0.00,0.00,0.00,0.00,0.00,5.888,0.00,0.00,0.0031
-93.78229916,42.02238666,F Fields (F1-F5),TaskName 6/2/2025 (GreenStar 4 Monitor),32%zidua/sharpen,340,6/2/2025,0.400,On,1123.3,93.75,-13.75,4.743,2.782,5.323,179.80,41.99,41.94,0,5,53.89,6/2/2025,Good,16.78,0.00078,6.291,0.00029,0.00,0.00,0.00,8.388,0.00039,4.194,0.00020,41.67,0.249,0.00,0.00,50.33,0.0024,0.00,0.00,0.00,0.00,0.00,5.872,0.00,0.00,0.0060
-93.78229906,42.02237892,F Fields (F1-F5),TaskName 6/2/2025 (GreenStar 4 Monitor),32%zidua/sharpen,341,6/2/2025,0.400,On,1123.3,92.50,-14.37,4.748,2.785,5.026,179.89,41.99,41.78,0,5,53.23,6/2/2025,Good,16.71,0.00077,6.268,0.00029,0.00,0.00,0.00,8.357,0.00039,4.178,0.00019,41.51,0.246,0.00,0.00,50.14,0.0023,0.00,0.00,0.00,0.00,0.00,5.850,0.00,0.00,0.0059
-93.78229890,42.02236740,F Fields (F1-F5),TaskName 6/2/2025 (GreenStar 4 Monitor),32%zidua/sharpen,342,6/2/2025,0.600,On,1123.3,91.25,-15.00,4.770,4.198,4.993,180.05,41.99,42.06,0,5,52.76,6/2/2025,Good,16.82,0.0012,6.308,0.00043,0.00,0.00,0.00,8.411,0.00058,4.206,0.00029,41.78,0.367,0.00,0.00,50.47,0.0035,0.00,0.00,0.00,0.00,0.00,5.888,0.00,0.00,0.0088
-93.78229891,42.02236360,F Fields (F1-F5),TaskName 6/2/2025 (GreenStar 4 Monitor),32%zidua/sharpen,343,6/2/2025,0.200,On,1123.3,90.00,-15.62,4.771,1.399,5.039,180.01,41.99,42.13,0,5,52.04,6/2/2025,Good,16.85,0.00038,6.320,0.00014,0.00,0.00,0.00,8.426,0.00019,4.213,9.516e-05,41.86,0.121,0.00,0.00,50.56,0.0011,0.00,0.00,0.00,0.00,0.00,5.898,0.00,0.00,0.0029
-93.78229882,42.02235976,F Fields (F1-F5),TaskName 6/2/2025 (GreenStar 4 Monitor),32%zidua/sharpen,344,6/2/2025,0.200,On,1123.3,88.75,-15.00,4.771,1.399,5.013,180.06,41.99,42.48,0,5,51.32,6/2/2025,Good,16.99,0.00038,6.373,0.00014,0.00,0.00,0.00,8.497,0.00019,4.248,9.463e-05,42.21,0.120,0.00,0.00,50.98,0.0011,0.00,0.00,0.00,0.00,0.00,5.948,0.00,0.00,0.0029
-93.78229881,42.02235204,F Fields (F1-F5),TaskName 6/2/2025 (GreenStar 4 Monitor),32%zidua/sharpen,345,6/2/2025,0.396,On,1123.2,87.50,-15.62,4.769,2.769,4.811,180.06,41.99,42.17,0,5,50.57,6/2/2025,Good,16.87,0.00073,6.325,0.00027,0.00,0.00,0.00,8.434,0.00037,4.217,0.00018,41.90,0.233,0.00,0.00,50.60,0.0022,0.00,0.00,0.00,0.00,0.00,5.904,0.00,0.00,0.0056
-93.78229897,42.02234435,F Fields (F1-F5),TaskName 6/2/2025 (GreenStar 4 Monitor),32%zidua/sharpen,346,6/2/2025,0.405,On,1123.2,86.25,-16.25,4.779,2.838,4.807,179.95,41.99,42.21,0,5,49.95,6/2/2025,Good,16.88,0.00074,6.332,0.00028,0.00,0.00,0.00,8.442,0.00037,4.221,0.00019,41.94,0.236,0.00,0.00,50.65,0.0022,0.00,0.00,0.00,0.00,0.00,5.910,0.00,0.00,0.0056
-93.78229897,42.02233662,F Fields (F1-F5),TaskName 6/2/2025 (GreenStar 4 Monitor),32%zidua/sharpen,347,6/2/2025,0.394,On,1123.2,85.00,-16.87,4.777,2.759,4.762,179.92,41.99,42.34,0,5,49.19,6/2/2025,Good,16.94,0.00071,6.351,0.00027,0.00,0.00,0.00,8.468,0.00036,4.234,0.00018,42.06,0.226,0.00,0.00,50.81,0.0021,0.00,0.00,0.00,0.00,0.00,5.927,0.00,0.00,0.0054
-93.78229891,42.02232892,F Fields (F1-F5),TaskName 6/2/2025 (GreenStar 4 Monitor),32%zidua/sharpen,348,6/2/2025,0.405,On,1123.1,83.75,-17.50,4.786,2.841,4.768,179.95,41.99,42.29,0,5,48.56,6/2/2025,Good,16.92,0.00072,6.344,0.00027,0.00,0.00,0.00,8.458,0.00036,4.229,0.00018,42.02,0.230,0.00,0.00,50.75,0.0022,0.00,0.00,0.00,0.00,0.00,5.921,0.00,0.00,0.0055
-93.78229894,42.02231729,F Fields (F1-F5),TaskName 6/2/2025 (GreenStar 4 Monitor),32%zidua/sharpen,349,6/2/2025,0.601,On,1123.1,82.50,-18.12,4.788,4.218,5.108,179.87,41.99,42.22,0,5,47.85,6/2/2025,Good,16.89,0.0011,6.333,0.00040,0.00,0.00,0.00,8.444,0.00053,4.222,0.00026,41.95,0.335,0.00,0.00,50.67,0.0032,0.00,0.00,0.00,0.00,0.00,5.911,0.00,0.00,0.0080
-93.78229898,42.02230957,F Fields (F1-F5),TaskName 6/2/2025 (GreenStar 4 Monitor),32%zidua/sharpen,350,6/2/2025,0.399,On,1123.1,81.25,-18.75,4.806,2.812,5.210,179.82,41.99,42.94,0,5,47.32,6/2/2025,Good,17.18,0.00070,6.442,0.00026,0.00,0.00,0.00,8.589,0.00035,4.294,0.00018,42.66,0.224,0.00,0.00,51.53,0.0021,0.00,0.00,0.00,0.00,0.00,6.012,0.00,0.00,0.0052
-93.78229909,42.02230187,F Fields (F1-F5),TaskName 6/2/2025 (GreenStar 4 Monitor),32%zidua/sharpen,351,6/2/2025,0.400,On,1123.0,80.00,-19.37,4.797,2.815,5.201,179.70,41.99,42.38,0,5,46.53,6/2/2025,Good,16.95,0.00068,6.357,0.00026,0.00,0.00,0.00,8.476,0.00034,4.238,0.00017,42.10,0.218,0.00,0.00,50.85,0.0021,0.00,0.00,0.00,0.00,0.00,5.933,0.00,0.00,0.0052
-93.78229909,42.02229425,F Fields (F1-F5),TaskName 6/2/2025 (GreenStar 4 Monitor),32%zidua/sharpen,352,6/2/2025,0.395,On,1123.0,78.75,-20.00,4.779,2.769,5.374,179.66,41.99,42.79,0,5,45.62,6/2/2025,Good,17.12,0.00067,6.419,0.00025,0.00,0.00,0.00,8.558,0.00033,4.279,0.00017,42.51,0.213,0.00,0.00,51.35,0.0020,0.00,0.00,0.00,0.00,0.00,5.991,0.00,0.00,0.0050
-93.78229892,42.02228259,F Fields (F1-F5),TaskName 6/2/2025 (GreenStar 4 Monitor),32%zidua/sharpen,353,6/2/2025,0.600,On,1123.0,77.50,-20.62,4.762,4.191,4.960,179.74,41.99,42.37,0,5,44.74,6/2/2025,Good,16.95,0.00099,6.356,0.00037,0.00,0.00,0.00,8.474,0.00049,4.237,0.00025,42.10,0.314,0.00,0.00,50.85,0.0030,0.00,0.00,0.00,0.00,0.00,5.932,0.00,0.00,0.0075
-93.78229881,42.02227496,F Fields (F1-F5),TaskName 6/2/2025 (GreenStar 4 Monitor),32%zidua/sharpen,354,6/2/2025,0.401,On,1122.9,76.25,-21.25,4.778,2.808,4.827,179.82,41.99,42.33,0,5,44.13,6/2/2025,Good,16.93,0.00065,6.350,0.00024,0.00,0.00,0.00,8.467,0.00033,4.233,0.00016,42.06,0.207,0.00,0.00,50.80,0.0020,0.00,0.00,0.00,0.00,0.00,5.927,0.00,0.00,0.0049
-93.78229867,42.02226341,F Fields (F1-F5),TaskName 6/2/2025 (GreenStar 4 Monitor),32%zidua/sharpen,355,6/2/2025,0.599,On,1122.9,75.00,-21.87,4.768,4.191,4.631,179.89,41.99,41.87,0,5,43.37,6/2/2025,Good,16.75,0.00094,6.281,0.00035,0.00,0.00,0.00,8.375,0.00047,4.187,0.00024,41.60,0.300,0.00,0.00,50.25,0.0028,0.00,0.00,0.00,0.00,0.00,5.862,0.00,0.00,0.0072
-93.78229860,42.02225569,F Fields (F1-F5),TaskName 6/2/2025 (GreenStar 4 Monitor),32%zidua/sharpen,356,6/2/2025,0.401,On,1122.9,73.75,-22.50,4.792,2.812,4.630,179.92,41.99,41.97,0,5,42.74,6/2/2025,Good,16.79,0.00062,6.295,0.00023,0.00,0.00,0.00,8.393,0.00031,4.197,0.00016,41.69,0.198,0.00,0.00,50.36,0.0019,0.00,0.00,0.00,0.00,0.00,5.875,0.00,0.00,0.0048
-93.78229862,42.02224421,F Fields (F1-F5),TaskName 6/2/2025 (GreenStar 4 Monitor),32%zidua/sharpen,357,6/2/2025,0.604,On,1122.8,72.50,-23.12,4.792,4.250,4.792,179.94,41.99,41.65,0,5,42.16,6/2/2025,Good,16.66,0.00092,6.247,0.00035,0.00,0.00,0.00,8.329,0.00046,4.165,0.00023,41.38,0.293,0.00,0.00,49.98,0.0028,0.00,0.00,0.00,0.00,0.00,5.830,0.00,0.00,0.0071
-93.78229847,42.02223643,F Fields (F1-F5),TaskName 6/2/2025 (GreenStar 4 Monitor),32%zidua/sharpen,358,6/2/2025,0.400,On,1122.8,71.25,-23.75,4.788,2.812,4.772,180.08,41.99,41.86,0,5,41.39,6/2/2025,Good,16.74,0.00060,6.279,0.00023,0.00,0.00,0.00,8.372,0.00030,4.186,0.00015,41.59,0.191,0.00,0.00,50.23,0.0018,0.00,0.00,0.00,0.00,0.00,5.861,0.00,0.00,0.0046
-93.78229830,42.02222458,F Fields (F1-F5),TaskName 6/2/2025 (GreenStar 4 Monitor),32%zidua/sharpen,359,6/2/2025,0.600,On,1122.7,70.00,-24.37,4.829,4.250,4.627,180.26,41.99,41.70,0,5,40.98,6/2/2025,Good,16.68,0.00089,6.254,0.00033,0.00,0.00,0.00,8.339,0.00044,4.170,0.00022,41.43,0.283,0.00,0.00,50.04,0.0027,0.00,0.00,0.00,0.00,0.00,5.838,0.00,0.00,0.0068
-93.78229819,42.02221264,F Fields (F1-F5),TaskName 6/2/2025 (GreenStar 4 Monitor),32%zidua/sharpen,360,6/2/2025,0.600,On,1122.7,68.75,-25.00,4.901,4.313,4.645,180.46,41.99,41.70,0,5,40.84,6/2/2025,Good,16.68,0.00089,6.255,0.00033,0.00,0.00,0.00,8.340,0.00044,4.170,0.00022,41.43,0.282,0.00,0.00,50.04,0.0027,0.00,0.00,0.00,0.00,0.00,5.838,0.00,0.00,0.0068
-93.78229832,42.02220466,F Fields (F1-F5),TaskName 6/2/2025 (GreenStar 4 Monitor),32%zidua/sharpen,361,6/2/2025,0.395,On,1122.6,67.50,-25.62,4.935,2.861,4.580,180.42,41.99,41.77,0,5,40.40,6/2/2025,Good,16.71,0.00058,6.266,0.00022,0.00,0.00,0.00,8.355,0.00029,4.177,0.00014,41.50,0.184,0.00,0.00,50.13,0.0017,0.00,0.00,0.00,0.00,0.00,5.848,0.00,0.00,0.0044
-93.78229849,42.02219661,F Fields (F1-F5),TaskName 6/2/2025 (GreenStar 4 Monitor),32%zidua/sharpen,362,6/2/2025,0.400,On,1122.6,66.25,-26.25,4.964,2.910,4.924,180.28,41.99,42.05,0,5,39.83,6/2/2025,Good,16.82,0.00058,6.307,0.00022,0.00,0.00,0.00,8.409,0.00029,4.205,0.00015,41.77,0.185,0.00,0.00,50.46,0.0017,0.00,0.00,0.00,0.00,0.00,5.887,0.00,0.00,0.0044
-93.78229885,42.02218459,F Fields (F1-F5),TaskName 6/2/2025 (GreenStar 4 Monitor),32%zidua/sharpen,363,6/2/2025,0.600,On,1122.5,65.00,-26.87,4.989,4.391,5.091,180.06,41.99,42.39,0,5,39.32,6/2/2025,Good,16.96,0.00087,6.359,0.00033,0.00,0.00,0.00,8.478,0.00043,4.239,0.00022,42.12,0.276,0.00,0.00,50.87,0.0026,0.00,0.00,0.00,0.00,0.00,5.935,0.00,0.00,0.0066
-93.78229911,42.02217669,F Fields (F1-F5),TaskName 6/2/2025 (GreenStar 4 Monitor),32%zidua/sharpen,364,6/2/2025,0.400,On,1122.5,63.75,-27.50,4.977,2.920,5.026,179.76,41.99,42.61,0,5,38.46,6/2/2025,Good,17.05,0.00057,6.392,0.00021,0.00,0.00,0.00,8.523,0.00028,4.261,0.00014,42.34,0.181,0.00,0.00,51.14,0.0017,0.00,0.00,0.00,0.00,0.00,5.966,0.00,0.00,0.0043
-93.78229936,42.02216853,F Fields (F1-F5),TaskName 6/2/2025 (GreenStar 4 Monitor),32%zidua/sharpen,365,6/2/2025,0.400,On,1122.5,62.50,-28.12,4.950,2.904,4.668,179.55,41.99,42.75,0,5,37.49,6/2/2025,Good,17.10,0.00056,6.413,0.00021,0.00,0.00,0.00,8.550,0.00028,4.275,0.00014,42.47,0.177,0.00,0.00,51.30,0.0017,0.00,0.00,0.00,0.00,0.00,5.985,0.00,0.00,0.0042
-93.78229941,42.02215649,F Fields (F1-F5),TaskName 6/2/2025 (GreenStar 4 Monitor),32%zidua/sharpen,366,6/2/2025,0.602,On,1122.4,61.25,-28.75,4.984,4.401,4.506,179.40,41.99,42.30,0,5,37.01,6/2/2025,Good,16.92,0.00082,6.345,0.00031,0.00,0.00,0.00,8.460,0.00041,4.230,0.00020,42.02,0.260,0.00,0.00,50.76,0.0025,0.00,0.00,0.00,0.00,0.00,5.922,0.00,0.00,0.0062
-93.78229935,42.02214859,F Fields (F1-F5),TaskName 6/2/2025 (GreenStar 4 Monitor),32%zidua/sharpen,367,6/2/2025,0.403,On,1122.3,60.00,-29.37,4.978,2.943,4.629,179.39,41.99,42.07,0,5,36.21,6/2/2025,Good,16.83,0.00053,6.311,0.00020,0.00,0.00,0.00,8.415,0.00027,4.207,0.00013,41.80,0.169,0.00,0.00,50.49,0.0016,0.00,0.00,0.00,0.00,0.00,5.890,0.00,0.00,0.0041
-93.78229918,42.02213671,F Fields (F1-F5),TaskName 6/2/2025 (GreenStar 4 Monitor),32%zidua/sharpen,368,6/2/2025,0.595,On,1122.3,58.75,-30.00,4.929,4.300,4.737,179.51,41.99,42.31,0,5,35.09,6/2/2025,Good,16.92,0.00077,6.346,0.00029,0.00,0.00,0.00,8.461,0.00038,4.231,0.00019,42.03,0.244,0.00,0.00,50.77,0.0023,0.00,0.00,0.00,0.00,0.00,5.923,0.00,0.00,0.0058
-93.78229872,42.02212478,F Fields (F1-F5),TaskName 6/2/2025 (GreenStar 4 Monitor),32%zidua/sharpen,369,6/2/2025,0.600,On,1122.2,57.50,-30.62,4.929,4.339,5.340,179.83,41.99,42.41,0,5,34.36,6/2/2025,Good,16.96,0.00076,6.361,0.00028,0.00,0.00,0.00,8.481,0.00038,4.241,0.00019,42.13,0.241,0.00,0.00,50.89,0.0023,0.00,0.00,0.00,0.00,0.00,5.937,0.00,0.00,0.0057
-93.78229845,42.02211296,F Fields (F1-F5),TaskName 6/2/2025 (GreenStar 4 Monitor),32%zidua/sharpen,370,6/2/2025,0.605,On,1122.2,56.25,-31.25,4.922,4.368,5.465,180.16,41.99,42.36,0,5,33.57,6/2/2025,Good,16.94,0.00075,6.354,0.00028,0.00,0.00,0.00,8.471,0.00037,4.236,0.00019,42.08,0.237,0.00,0.00,50.83,0.0022,0.00,0.00,0.00,0.00,0.00,5.930,0.00,0.00,0.0056
-93.78229839,42.02210107,F Fields (F1-F5),TaskName 6/2/2025 (GreenStar 4 Monitor),32%zidua/sharpen,371,6/2/2025,0.595,On,1122.1,55.00,-31.87,4.909,4.283,5.548,180.29,41.99,42.42,0,5,32.72,6/2/2025,Good,16.97,0.00072,6.363,0.00027,0.00,0.00,0.00,8.484,0.00036,4.242,0.00018,42.15,0.228,0.00,0.00,50.91,0.0022,0.00,0.00,0.00,0.00,0.00,5.939,0.00,0.00,0.0054
-93.78229847,42.02209321,F Fields (F1-F5),TaskName 6/2/2025 (GreenStar 4 Monitor),32%zidua/sharpen,372,6/2/2025,0.405,On,1122.1,53.75,-32.50,4.912,2.917,5.451,180.27,41.99,42.51,0,5,31.99,6/2/2025,Good,17.01,0.00048,6.377,0.00018,0.00,0.00,0.00,8.503,0.00024,4.251,0.00012,42.24,0.152,0.00,0.00,51.02,0.0014,0.00,0.00,0.00,0.00,0.00,5.952,0.00,0.00,0.0036
-93.78229875,42.02208146,F Fields (F1-F5),TaskName 6/2/2025 (GreenStar 4 Monitor),32%zidua/sharpen,373,6/2/2025,0.595,On,1122.0,52.50,-33.12,4.903,4.280,5.648,180.11,41.99,42.78,0,5,31.21,6/2/2025,Good,17.11,0.00069,6.417,0.00026,0.00,0.00,0.00,8.556,0.00034,4.278,0.00017,42.50,0.219,0.00,0.00,51.33,0.0021,0.00,0.00,0.00,0.00,0.00,5.989,0.00,0.00,0.0052
-93.78229901,42.02207363,F Fields (F1-F5),TaskName 6/2/2025 (GreenStar 4 Monitor),32%zidua/sharpen,374,6/2/2025,0.405,On,1122.0,51.25,-33.75,4.876,2.897,5.875,179.87,41.99,42.63,0,5,30.30,6/2/2025,Good,17.05,0.00045,6.395,0.00017,0.00,0.00,0.00,8.527,0.00023,4.263,0.00011,42.36,0.144,0.00,0.00,51.16,0.0014,0.00,0.00,0.00,0.00,0.00,5.969,0.00,0.00,0.0034
-93.78229923,42.02206585,F Fields (F1-F5),TaskName 6/2/2025 (GreenStar 4 Monitor),32%zidua/sharpen,375,6/2/2025,0.395,On,1121.9,50.00,-34.37,4.866,2.818,5.909,179.74,41.99,43.05,0,5,29.48,6/2/2025,Good,17.22,0.00044,6.457,0.00016,0.00,0.00,0.00,8.609,0.00022,4.305,0.00011,42.77,0.138,0.00,0.00,51.65,0.0013,0.00,0.00,0.00,0.00,0.00,6.026,0.00,0.00,0.0032
-93.78229936,42.02205392,F Fields (F1-F5),TaskName 6/2/2025 (GreenStar 4 Monitor),32%zidua/sharpen,376,6/2/2025,0.605,On,1121.9,48.75,-35.00,4.878,4.326,5.524,179.57,41.99,42.69,0,5,28.81,6/2/2025,Good,17.08,0.00065,6.404,0.00024,0.00,0.00,0.00,8.538,0.00032,4.269,0.00016,42.41,0.205,0.00,0.00,51.23,0.0019,0.00,0.00,0.00,0.00,0.00,5.977,0.00,0.00,0.0048
-93.78229932,42.02204606,F Fields (F1-F5),TaskName 6/2/2025 (GreenStar 4 Monitor),32%zidua/sharpen,377,6/2/2025,0.400,On,1121.8,47.50,-35.62,4.911,2.881,5.735,179.55,41.99,42.80,0,5,28.27,6/2/2025,Good,17.12,0.00042,6.420,0.00016,0.00,0.00,0.00,8.560,0.00021,4.280,0.00011,42.52,0.134,0.00,0.00,51.36,0.0013,0.00,0.00,0.00,0.00,0.00,5.992,0.00,0.00,0.0031
-93.78229936,42.02203425,F Fields (F1-F5),TaskName 6/2/2025 (GreenStar 4 Monitor),32%zidua/sharpen,378,6/2/2025,0.600,On,1121.8,46.25,-36.25,4.898,4.309,5.799,179.44,41.99,42.54,0,5,27.45,6/2/2025,Good,17.02,0.00061,6.381,0.00023,0.00,0.00,0.00,8.508,0.00030,4.254,0.00015,42.26,0.193,0.00,0.00,51.05,0.0018,0.00,0.00,0.00,0.00,0.00,5.955,0.00,0.00,0.0046
-93.78229924,42.02202239,F Fields (F1-F5),TaskName 6/2/2025 (GreenStar 4 Monitor),32%zidua/sharpen,379,6/2/2025,0.596,On,1121.7,45.00,-36.87,4.880,4.260,5.740,179.46,41.99,42.36,0,5,26.58,6/2/2025,Good,16.94,0.00058,6.354,0.00022,0.00,0.00,0.00,8.471,0.00029,4.236,0.00015,42.08,0.185,0.00,0.00,50.83,0.0017,0.00,0.00,0.00,0.00,0.00,5.930,0.00,0.00,0.0044
-93.78229913,42.02201459,F Fields (F1-F5),TaskName 6/2/2025 (GreenStar 4 Monitor),32%zidua/sharpen,380,6/2/2025,0.404,On,1121.6,43.75,-37.50,4.888,2.904,5.700,179.49,41.99,42.56,0,5,25.99,6/2/2025,Good,17.02,0.00039,6.384,0.00015,0.00,0.00,0.00,8.512,0.00019,4.256,9.696e-05,42.28,0.123,0.00,0.00,51.07,0.0012,0.00,0.00,0.00,0.00,0.00,5.958,0.00,0.00,0.0029
-93.78229887,42.02200280,F Fields (F1-F5),TaskName 6/2/2025 (GreenStar 4 Monitor),32%zidua/sharpen,381,6/2/2025,0.595,On,1121.6,42.50,-38.12,4.875,4.254,5.337,179.62,41.99,42.14,0,5,25.11,6/2/2025,Good,16.86,0.00055,6.321,0.00020,0.00,0.00,0.00,8.428,0.00027,4.214,0.00014,41.86,0.174,0.00,0.00,50.57,0.0016,0.00,0.00,0.00,0.00,0.00,5.899,0.00,0.00,0.0042
-93.78229874,42.02199490,F Fields (F1-F5),TaskName 6/2/2025 (GreenStar 4 Monitor),32%zidua/sharpen,382,6/2/2025,0.400,On,1121.5,41.25,-38.75,4.885,2.867,5.108,179.71,41.99,42.01,0,5,24.44,6/2/2025,Good,16.80,0.00036,6.301,0.00013,0.00,0.00,0.00,8.401,0.00018,4.201,8.911e-05,41.73,0.113,0.00,0.00,50.41,0.0011,0.00,0.00,0.00,0.00,0.00,5.881,0.00,0.00,0.0027
-93.78229831,42.02197523,F Fields (F1-F5),TaskName 6/2/2025 (GreenStar 4 Monitor),32%zidua/sharpen,383,6/2/2025,1.000,On,1121.5,40.00,-40.62,4.903,7.193,5.011,180.10,41.99,41.74,0,5,23.78,6/2/2025,Good,16.70,0.00086,6.262,0.00032,0.00,0.00,0.00,8.349,0.00043,4.174,0.00022,41.47,0.274,0.00,0.00,50.09,0.0026,0.00,0.00,0.00,0.00,0.00,5.844,0.00,0.00,0.0066
-93.78229814,42.02196342,F Fields (F1-F5),TaskName 6/2/2025 (GreenStar 4 Monitor),32%zidua/sharpen,384,6/2/2025,0.600,On,1121.5,37.50,-40.62,4.885,4.300,5.218,180.31,41.99,41.96,0,5,22.21,6/2/2025,Good,16.79,0.00049,6.295,0.00018,0.00,0.00,0.00,8.393,0.00024,4.196,0.00012,41.69,0.154,0.00,0.00,50.36,0.0015,0.00,0.00,0.00,0.00,0.00,5.875,0.00,0.00,0.0037
-93.78229813,42.02195562,F Fields (F1-F5),TaskName 6/2/2025 (GreenStar 4 Monitor),32%zidua/sharpen,385,6/2/2025,0.400,On,1121.5,36.25,-41.25,4.865,2.858,5.386,180.31,41.99,42.03,0,5,21.40,6/2/2025,Good,16.81,0.00031,6.304,0.00012,0.00,0.00,0.00,8.405,0.00016,4.203,7.808e-05,41.75,0.099,0.00,0.00,50.43,0.00094,0.00,0.00,0.00,0.00,0.00,5.884,0.00,0.00,0.0024
-93.78229837,42.02194398,F Fields (F1-F5),TaskName 6/2/2025 (GreenStar 4 Monitor),32%zidua/sharpen,386,6/2/2025,0.600,On,1121.5,35.00,-41.87,4.851,4.267,5.493,180.09,41.99,42.20,0,5,20.57,6/2/2025,Good,16.88,0.00045,6.329,0.00017,0.00,0.00,0.00,8.439,0.00023,4.220,0.00011,41.92,0.144,0.00,0.00,50.64,0.0014,0.00,0.00,0.00,0.00,0.00,5.907,0.00,0.00,0.0034
-93.78229846,42.02193628,F Fields (F1-F5),TaskName 6/2/2025 (GreenStar 4 Monitor),32%zidua/sharpen,387,6/2/2025,0.401,On,1121.5,33.75,-42.50,4.823,2.831,5.737,179.95,41.99,42.02,0,5,19.69,6/2/2025,Good,16.81,0.00029,6.303,0.00011,0.00,0.00,0.00,8.403,0.00014,4.202,7.201e-05,41.74,0.092,0.00,0.00,50.42,0.00086,0.00,0.00,0.00,0.00,0.00,5.882,0.00,0.00,0.0022
-93.78229848,42.02192443,F Fields (F1-F5),TaskName 6/2/2025 (GreenStar 4 Monitor),32%zidua/sharpen,388,6/2/2025,0.599,On,1121.4,32.50,-43.12,4.818,4.241,5.300,179.95,41.99,41.95,0,5,19.01,6/2/2025,Good,16.78,0.00041,6.293,0.00016,0.00,0.00,0.00,8.390,0.00021,4.195,0.00010,41.68,0.132,0.00,0.00,50.34,0.0012,0.00,0.00,0.00,0.00,0.00,5.873,0.00,0.00,0.0032
-93.78229834,42.02191248,F Fields (F1-F5),TaskName 6/2/2025 (GreenStar 4 Monitor),32%zidua/sharpen,389,6/2/2025,0.605,On,1121.4,31.25,-43.75,4.907,4.355,4.847,180.06,41.99,41.63,0,5,18.59,6/2/2025,Good,16.65,0.00041,6.245,0.00015,0.00,0.00,0.00,8.326,0.00020,4.163,0.00010,41.36,0.129,0.00,0.00,49.96,0.0012,0.00,0.00,0.00,0.00,0.00,5.828,0.00,0.00,0.0031
-93.78229833,42.02190462,F Fields (F1-F5),TaskName 6/2/2025 (GreenStar 4 Monitor),32%zidua/sharpen,390,6/2/2025,0.395,On,1121.4,30.00,-44.37,4.928,2.855,5.240,180.07,41.99,41.74,0,5,17.92,6/2/2025,Good,16.70,0.00026,6.261,9.616e-05,0.00,0.00,0.00,8.348,0.00013,4.174,6.410e-05,41.47,0.082,0.00,0.00,50.09,0.00077,0.00,0.00,0.00,0.00,0.00,5.843,0.00,0.00,0.0020
-93.78229843,42.02189276,F Fields (F1-F5),TaskName 6/2/2025 (GreenStar 4 Monitor),32%zidua/sharpen,391,6/2/2025,0.600,On,1121.3,28.75,-45.00,4.910,4.320,5.581,179.97,41.99,42.19,0,5,17.11,6/2/2025,Good,16.88,0.00038,6.329,0.00014,0.00,0.00,0.00,8.439,0.00019,4.219,9.398e-05,41.92,0.120,0.00,0.00,50.63,0.0011,0.00,0.00,0.00,0.00,0.00,5.907,0.00,0.00,0.0029
-93.78229834,42.02188096,F Fields (F1-F5),TaskName 6/2/2025 (GreenStar 4 Monitor),32%zidua/sharpen,392,6/2/2025,0.600,On,1121.3,27.50,-45.62,4.876,4.290,5.284,180.02,41.99,41.99,0,5,16.25,6/2/2025,Good,16.80,0.00036,6.299,0.00013,0.00,0.00,0.00,8.399,0.00018,4.199,8.886e-05,41.72,0.113,0.00,0.00,50.39,0.0011,0.00,0.00,0.00,0.00,0.00,5.879,0.00,0.00,0.0027
-93.78229830,42.02187312,F Fields (F1-F5),TaskName 6/2/2025 (GreenStar 4 Monitor),32%zidua/sharpen,393,6/2/2025,0.400,On,1121.3,26.25,-46.25,4.872,2.861,5.874,180.05,41.99,42.00,0,5,15.52,6/2/2025,Good,16.80,0.00023,6.300,8.487e-05,0.00,0.00,0.00,8.401,0.00011,4.200,5.658e-05,41.73,0.072,0.00,0.00,50.40,0.00068,0.00,0.00,0.00,0.00,0.00,5.880,0.00,0.00,0.0017
-93.78229810,42.02186142,F Fields (F1-F5),TaskName 6/2/2025 (GreenStar 4 Monitor),32%zidua/sharpen,394,6/2/2025,0.601,On,1121.3,25.00,-46.87,4.862,4.284,5.893,180.18,41.99,42.19,0,5,14.73,6/2/2025,Good,16.88,0.00032,6.328,0.00012,0.00,0.00,0.00,8.438,0.00016,4.219,8.103e-05,41.91,0.103,0.00,0.00,50.63,0.00097,0.00,0.00,0.00,0.00,0.00,5.906,0.00,0.00,0.0025
-93.78229799,42.02185357,F Fields (F1-F5),TaskName 6/2/2025 (GreenStar 4 Monitor),32%zidua/sharpen,395,6/2/2025,0.394,On,1121.2,23.75,-47.50,4.854,2.812,5.904,180.29,41.99,42.17,0,5,14.01,6/2/2025,Good,16.87,0.00020,6.326,7.577e-05,0.00,0.00,0.00,8.434,0.00010,4.217,5.051e-05,41.90,0.064,0.00,0.00,50.61,0.00061,0.00,0.00,0.00,0.00,0.00,5.904,0.00,0.00,0.0015
-93.78229789,42.02184182,F Fields (F1-F5),TaskName 6/2/2025 (GreenStar 4 Monitor),32%zidua/sharpen,396,6/2/2025,0.600,On,1121.3,22.50,-48.12,4.862,4.280,5.764,180.37,41.99,42.05,0,5,13.27,6/2/2025,Good,16.82,0.00029,6.307,0.00011,0.00,0.00,0.00,8.410,0.00015,4.205,7.263e-05,41.78,0.092,0.00,0.00,50.46,0.00087,0.00,0.00,0.00,0.00,0.00,5.887,0.00,0.00,0.0022
-93.78229811,42.02183011,F Fields (F1-F5),TaskName 6/2/2025 (GreenStar 4 Monitor),32%zidua/sharpen,397,6/2/2025,0.605,On,1121.2,21.25,-48.75,4.870,4.320,5.512,180.25,41.99,42.01,0,5,12.54,6/2/2025,Good,16.81,0.00028,6.302,0.00010,0.00,0.00,0.00,8.403,0.00014,4.201,6.917e-05,41.74,0.088,0.00,0.00,50.42,0.00083,0.00,0.00,0.00,0.00,0.00,5.882,0.00,0.00,0.0021
-93.78229808,42.02181832,F Fields (F1-F5),TaskName 6/2/2025 (GreenStar 4 Monitor),32%zidua/sharpen,398,6/2/2025,0.601,On,1121.3,20.00,-49.37,4.884,4.307,5.129,180.26,41.99,41.87,0,5,11.84,6/2/2025,Good,16.75,0.00026,6.281,9.703e-05,0.00,0.00,0.00,8.374,0.00013,4.187,6.468e-05,41.60,0.082,0.00,0.00,50.25,0.00078,0.00,0.00,0.00,0.00,0.00,5.862,0.00,0.00,0.0020
-93.78229821,42.02181043,F Fields (F1-F5),TaskName 6/2/2025 (GreenStar 4 Monitor),32%zidua/sharpen,399,6/2/2025,0.399,On,1121.3,18.75,-50.00,4.881,2.858,4.996,180.24,41.99,41.52,0,5,11.10,6/2/2025,Good,16.61,0.00016,6.228,5.986e-05,0.00,0.00,0.00,8.305,7.981e-05,4.152,3.991e-05,41.25,0.051,0.00,0.00,49.83,0.00048,0.00,0.00,0.00,0.00,0.00,5.813,0.00,0.00,0.0012
-93.78229822,42.02179885,F Fields (F1-F5),TaskName 6/2/2025 (GreenStar 4 Monitor),32%zidua/sharpen,400,6/2/2025,0.600,On,1121.2,17.50,-50.62,4.873,4.290,5.970,180.16,41.99,41.81,0,5,10.34,6/2/2025,Good,16.72,0.00023,6.271,8.444e-05,0.00,0.00,0.00,8.362,0.00011,4.181,5.630e-05,41.54,0.072,0.00,0.00,50.17,0.00068,0.00,0.00,0.00,0.00,0.00,5.853,0.00,0.00,0.0017
-93.78229838,42.02178717,F Fields (F1-F5),TaskName 6/2/2025 (GreenStar 4 Monitor),32%zidua/sharpen,401,6/2/2025,0.600,On,1121.3,16.25,-51.25,4.823,4.244,6.080,180.00,41.99,42.24,0,5,9.500,6/2/2025,Good,16.90,0.00021,6.336,7.838e-05,0.00,0.00,0.00,8.448,0.00010,4.224,5.225e-05,41.97,0.066,0.00,0.00,50.69,0.00063,0.00,0.00,0.00,0.00,0.00,5.914,0.00,0.00,0.0016
-93.78229828,42.02177940,F Fields (F1-F5),TaskName 6/2/2025 (GreenStar 4 Monitor),32%zidua/sharpen,402,6/2/2025,0.400,On,1121.2,15.00,-51.87,4.817,2.825,5.924,180.06,41.99,42.14,0,5,8.756,6/2/2025,Good,16.86,0.00013,6.321,4.804e-05,0.00,0.00,0.00,8.428,6.406e-05,4.214,3.203e-05,41.87,0.041,0.00,0.00,50.57,0.00038,0.00,0.00,0.00,0.00,0.00,5.900,0.00,0.00,0.00097
-93.78229844,42.02176752,F Fields (F1-F5),TaskName 6/2/2025 (GreenStar 4 Monitor),32%zidua/sharpen,403,6/2/2025,0.600,On,1121.2,13.75,-52.50,4.851,4.267,5.254,180.02,41.99,42.05,0,5,8.082,6/2/2025,Good,16.82,0.00018,6.307,6.637e-05,0.00,0.00,0.00,8.410,8.850e-05,4.205,4.425e-05,41.77,0.056,0.00,0.00,50.46,0.00053,0.00,0.00,0.00,0.00,0.00,5.887,0.00,0.00,0.0013
-93.78229826,42.02175573,F Fields (F1-F5),TaskName 6/2/2025 (GreenStar 4 Monitor),32%zidua/sharpen,404,6/2/2025,0.600,On,1121.2,12.50,-53.12,4.898,4.310,5.489,179.99,41.99,41.88,0,5,7.421,6/2/2025,Good,16.75,0.00016,6.283,6.070e-05,0.00,0.00,0.00,8.377,8.094e-05,4.188,4.047e-05,41.61,0.051,0.00,0.00,50.26,0.00049,0.00,0.00,0.00,0.00,0.00,5.864,0.00,0.00,0.0012
-93.78229841,42.02174411,F Fields (F1-F5),TaskName 6/2/2025 (GreenStar 4 Monitor),32%zidua/sharpen,405,6/2/2025,0.600,On,1121.2,11.25,-53.75,4.863,4.280,5.791,179.83,41.99,42.71,0,5,6.633,6/2/2025,Good,17.09,0.00015,6.407,5.533e-05,0.00,0.00,0.00,8.543,7.378e-05,4.271,3.689e-05,42.44,0.047,0.00,0.00,51.26,0.00044,0.00,0.00,0.00,0.00,0.00,5.980,0.00,0.00,0.0011
-93.78229850,42.02173609,F Fields (F1-F5),TaskName 6/2/2025 (GreenStar 4 Monitor),32%zidua/sharpen,406,6/2/2025,0.395,On,1121.2,10.00,-54.37,4.841,2.806,5.202,179.82,41.99,43.01,0,5,5.870,6/2/2025,Good,17.20,8.656e-05,6.451,3.246e-05,0.00,0.00,0.00,8.601,4.328e-05,4.301,2.164e-05,42.73,0.028,0.00,0.00,51.61,0.00026,0.00,0.00,0.00,0.00,0.00,6.021,0.00,0.00,0.00064
-93.78229827,42.02172405,F Fields (F1-F5),TaskName 6/2/2025 (GreenStar 4 Monitor),32%zidua/sharpen,407,6/2/2025,0.606,On,1121.1,8.750,-55.00,4.908,4.356,4.750,180.03,41.99,42.18,0,5,5.198,6/2/2025,Good,16.87,0.00012,6.327,4.325e-05,0.00,0.00,0.00,8.436,5.766e-05,4.218,2.883e-05,41.90,0.037,0.00,0.00,50.61,0.00035,0.00,0.00,0.00,0.00,0.00,5.905,0.00,0.00,0.00087
-93.78229786,42.02171248,F Fields (F1-F5),TaskName 6/2/2025 (GreenStar 4 Monitor),32%zidua/sharpen,408,6/2/2025,0.599,On,1121.1,7.500,-55.62,4.920,4.330,5.089,180.35,41.99,42.49,0,5,4.480,6/2/2025,Good,17.00,9.898e-05,6.374,3.712e-05,0.00,0.00,0.00,8.498,4.949e-05,4.249,2.475e-05,42.21,0.031,0.00,0.00,50.99,0.00030,0.00,0.00,0.00,0.00,0.00,5.949,0.00,0.00,0.00075
-93.78229798,42.02170052,F Fields (F1-F5),TaskName 6/2/2025 (GreenStar 4 Monitor),32%zidua/sharpen,409,6/2/2025,0.600,On,1121.1,6.250,-56.25,4.873,4.290,5.547,180.28,41.99,43.21,0,5,3.693,6/2/2025,Good,17.28,8.312e-05,6.481,3.117e-05,0.00,0.00,0.00,8.642,4.156e-05,4.321,2.078e-05,42.93,0.026,0.00,0.00,51.85,0.00025,0.00,0.00,0.00,0.00,0.00,6.049,0.00,0.00,0.00062
-93.78229794,42.02169251,F Fields (F1-F5),TaskName 6/2/2025 (GreenStar 4 Monitor),32%zidua/sharpen,410,6/2/2025,0.400,On,1121.0,5.000,-56.87,4.928,2.891,5.320,180.37,41.99,43.66,0,5,2.986,6/2/2025,Good,17.46,4.527e-05,6.549,1.698e-05,0.00,0.00,0.00,8.732,2.264e-05,4.366,1.132e-05,43.38,0.014,0.00,0.00,52.39,0.00014,0.00,0.00,0.00,0.00,0.00,6.112,0.00,0.00,0.00033
-93.78229826,42.02168048,F Fields (F1-F5),TaskName 6/2/2025 (GreenStar 4 Monitor),32%zidua/sharpen,411,6/2/2025,0.600,On,1120.9,3.750,-57.50,4.965,4.369,5.334,180.18,41.99,42.91,0,5,2.257,6/2/2025,Good,17.16,5.043e-05,6.436,1.891e-05,0.00,0.00,0.00,8.582,2.522e-05,4.291,1.261e-05,42.63,0.016,0.00,0.00,51.49,0.00015,0.00,0.00,0.00,0.00,0.00,6.007,0.00,0.00,0.00038
-93.78229808,42.02166845,F Fields (F1-F5),TaskName 6/2/2025 (GreenStar 4 Monitor),32%zidua/sharpen,412,6/2/2025,0.601,On,1121.0,2.500,-58.12,4.976,4.379,5.512,180.11,41.99,42.46,0,5,1.505,6/2/2025,Good,16.98,3.334e-05,6.369,1.250e-05,0.00,0.00,0.00,8.492,1.667e-05,4.246,8.336e-06,42.18,0.011,0.00,0.00,50.95,0.00010,0.00,0.00,0.00,0.00,0.00,5.944,0.00,0.00,0.00025
-93.78229836,42.02165641,F Fields (F1-F5),TaskName 6/2/2025 (GreenStar 4 Monitor),32%zidua/sharpen,413,6/2/2025,0.599,On,1120.9,1.250,-58.75,4.982,4.389,5.196,179.91,41.99,43.47,0,5,0.757,6/2/2025,Good,17.39,1.711e-05,6.520,6.415e-06,0.00,0.00,0.00,8.694,8.554e-06,4.347,4.277e-06,43.19,0.0054,0.00,0.00,52.16,5.132e-05,0.00,0.00,0.00,0.00,0.00,6.086,0.00,0.00,0.00013
-93.77967519,42.02019850,F Fields (F1-F5),TaskName 6/2/2025 (GreenStar 4 Monitor),32%zidua/sharpen,414,6/2/2025,1.005,On,1125.3,121.25,0.00,1.802,2.487,4.861,0.196,41.99,42.22,0,1,24.80,6/2/2025,Good,16.89,0.00091,6.333,0.00034,0.00,0.00,0.00,8.444,0.00046,4.222,0.00023,41.94,0.290,0.00,0.00,50.66,0.0027,0.00,0.00,0.00,0.00,0.00,5.911,0.00,0.00,0.0069
-93.77967547,42.02021185,F Fields (F1-F5),TaskName 6/2/2025 (GreenStar 4 Monitor),32%zidua/sharpen,415,6/2/2025,0.995,On,1125.2,121.25,0.00,2.591,3.688,4.805,0.384,41.99,41.49,0,1,37.14,6/2/2025,Good,16.60,0.0013,6.224,0.00050,0.00,0.00,0.00,8.298,0.00067,4.149,0.00033,41.22,0.423,0.00,0.00,49.79,0.0040,0.00,0.00,0.00,0.00,0.00,5.809,0.00,0.00,0.010
-93.77967517,42.02022578,F Fields (F1-F5),TaskName 6/2/2025 (GreenStar 4 Monitor),32%zidua/sharpen,416,6/2/2025,1.000,On,1125.3,121.25,0.00,3.264,4.774,2.748,0.078,41.99,40.25,0,1,47.83,6/2/2025,Good,16.10,0.0017,6.038,0.00063,0.00,0.00,0.00,8.051,0.00084,4.025,0.00042,39.99,0.531,0.00,0.00,48.30,0.0050,0.00,0.00,0.00,0.00,0.00,5.635,0.00,0.00,0.013
-93.77967459,42.02023709,F Fields (F1-F5),TaskName 6/2/2025 (GreenStar 4 Monitor),32%zidua/sharpen,417,6/2/2025,0.995,On,1125.4,121.25,0.00,2.895,4.180,3.920,359.42,41.99,41.69,0,1,42.09,6/2/2025,Good,16.68,0.0015,6.254,0.00057,0.00,0.00,0.00,8.338,0.00076,4.169,0.00038,41.42,0.482,0.00,0.00,50.03,0.0045,0.00,0.00,0.00,0.00,0.00,5.837,0.00,0.00,0.012
-93.77967465,42.02025080,F Fields (F1-F5),TaskName 6/2/2025 (GreenStar 4 Monitor),32%zidua/sharpen,418,6/2/2025,1.005,On,1125.4,121.25,0.00,3.045,4.469,5.041,359.22,41.99,42.48,0,1,44.55,6/2/2025,Good,16.99,0.0017,6.373,0.00062,0.00,0.00,0.00,8.497,0.00083,4.248,0.00041,42.21,0.525,0.00,0.00,50.98,0.0050,0.00,0.00,0.00,0.00,0.00,5.948,0.00,0.00,0.012
-93.77967529,42.02026682,F Fields (F1-F5),TaskName 6/2/2025 (GreenStar 4 Monitor),32%zidua/sharpen,419,6/2/2025,1.001,On,1125.5,121.25,0.00,3.587,5.243,5.199,359.64,41.99,41.20,0,1,52.48,6/2/2025,Good,16.48,0.0019,6.179,0.00070,0.00,0.00,0.00,8.239,0.00094,4.120,0.00047,40.93,0.597,0.00,0.00,49.43,0.0056,0.00,0.00,0.00,0.00,0.00,5.767,0.00,0.00,0.015
-93.77967514,42.02028514,F Fields (F1-F5),TaskName 6/2/2025 (GreenStar 4 Monitor),32%zidua/sharpen,420,6/2/2025,0.994,On,1125.5,121.25,0.00,4.207,6.131,5.657,359.44,41.99,40.51,0,1,61.80,6/2/2025,Good,16.20,0.0022,6.076,0.00081,0.00,0.00,0.00,8.102,0.0011,4.051,0.00054,40.25,0.687,0.00,0.00,48.61,0.0065,0.00,0.00,0.00,0.00,0.00,5.671,0.00,0.00,0.017
-93.77967570,42.02030567,F Fields (F1-F5),TaskName 6/2/2025 (GreenStar 4 Monitor),32%zidua/sharpen,421,6/2/2025,1.005,On,1125.6,121.25,0.00,4.803,7.070,5.978,359.78,41.99,40.07,0,1,70.50,6/2/2025,Good,16.03,0.0025,6.011,0.00092,0.00,0.00,0.00,8.014,0.0012,4.007,0.00062,39.81,0.783,0.00,0.00,48.09,0.0074,0.00,0.00,0.00,0.00,0.00,5.610,0.00,0.00,0.020
-93.77967581,42.02032925,F Fields (F1-F5),TaskName 6/2/2025 (GreenStar 4 Monitor),32%zidua/sharpen,422,6/2/2025,1.000,On,1125.6,121.25,0.00,5.431,7.943,5.993,359.75,41.99,39.97,0,1,79.59,6/2/2025,Good,15.99,0.0028,5.996,0.0010,0.00,0.00,0.00,7.995,0.0014,3.997,0.00069,39.71,0.878,0.00,0.00,47.97,0.0083,0.00,0.00,0.00,0.00,0.00,5.596,0.00,0.00,0.022
-93.77967564,42.02035015,F Fields (F1-F5),TaskName 6/2/2025 (GreenStar 4 Monitor),32%zidua/sharpen,423,6/2/2025,1.000,On,1125.7,121.25,0.00,5.663,8.294,3.169,359.64,41.99,39.14,0,1,83.11,6/2/2025,Good,15.65,0.0028,5.871,0.0011,0.00,0.00,0.00,7.827,0.0014,3.914,0.00071,38.88,0.898,0.00,0.00,46.96,0.0085,0.00,0.00,0.00,0.00,0.00,5.479,0.00,0.00,0.023
-93.77967557,42.02036810,F Fields (F1-F5),TaskName 6/2/2025 (GreenStar 4 Monitor),32%zidua/sharpen,424,6/2/2025,1.000,On,1125.8,121.25,0.00,4.832,7.073,4.842,359.18,41.99,42.08,0,1,70.88,6/2/2025,Good,16.83,0.0026,6.312,0.00097,0.00,0.00,0.00,8.416,0.0013,4.208,0.00065,41.81,0.823,0.00,0.00,50.50,0.0078,0.00,0.00,0.00,0.00,0.00,5.892,0.00,0.00,0.020
-93.77967568,42.02038689,F Fields (F1-F5),TaskName 6/2/2025 (GreenStar 4 Monitor),32%zidua/sharpen,425,6/2/2025,1.000,On,1125.9,121.25,0.00,4.519,6.631,5.599,359.26,41.99,43.97,0,1,66.44,6/2/2025,Good,17.59,0.0025,6.596,0.00095,0.00,0.00,0.00,8.795,0.0013,4.397,0.00063,43.69,0.806,0.00,0.00,52.77,0.0076,0.00,0.00,0.00,0.00,0.00,6.156,0.00,0.00,0.018
-93.77967631,42.02040637,F Fields (F1-F5),TaskName 6/2/2025 (GreenStar 4 Monitor),32%zidua/sharpen,426,6/2/2025,1.000,On,1126.0,121.25,0.00,4.764,6.985,4.704,359.89,41.99,42.06,0,1,69.99,6/2/2025,Good,16.82,0.0026,6.308,0.00096,0.00,0.00,0.00,8.411,0.0013,4.206,0.00064,41.78,0.812,0.00,0.00,50.47,0.0077,0.00,0.00,0.00,0.00,0.00,5.888,0.00,0.00,0.019
-93.77967628,42.02042541,F Fields (F1-F5),TaskName 6/2/2025 (GreenStar 4 Monitor),32%zidua/sharpen,427,6/2/2025,1.000,On,1126.1,121.25,0.00,4.787,7.021,4.841,359.91,41.99,41.58,0,1,70.35,6/2/2025,Good,16.63,0.0025,6.237,0.00095,0.00,0.00,0.00,8.316,0.0013,4.158,0.00063,41.31,0.807,0.00,0.00,49.90,0.0076,0.00,0.00,0.00,0.00,0.00,5.821,0.00,0.00,0.020
-93.77967632,42.02044515,F Fields (F1-F5),TaskName 6/2/2025 (GreenStar 4 Monitor),32%zidua/sharpen,428,6/2/2025,0.995,On,1126.1,121.25,0.00,4.781,6.975,4.581,0.062,41.99,42.02,0,1,70.25,6/2/2025,Good,16.81,0.0025,6.302,0.00096,0.00,0.00,0.00,8.403,0.0013,4.202,0.00064,41.74,0.810,0.00,0.00,50.42,0.0076,0.00,0.00,0.00,0.00,0.00,5.882,0.00,0.00,0.019
-93.77967628,42.02046465,F Fields (F1-F5),TaskName 6/2/2025 (GreenStar 4 Monitor),32%zidua/sharpen,429,6/2/2025,1.000,On,1126.0,121.25,0.00,4.891,7.169,4.349,0.047,41.99,41.01,0,1,71.83,6/2/2025,Good,16.41,0.0026,6.152,0.00096,0.00,0.00,0.00,8.203,0.0013,4.101,0.00064,40.75,0.813,0.00,0.00,49.22,0.0077,0.00,0.00,0.00,0.00,0.00,5.742,0.00,0.00,0.020
-93.77967616,42.02048471,F Fields (F1-F5),TaskName 6/2/2025 (GreenStar 4 Monitor),32%zidua/sharpen,430,6/2/2025,1.000,On,1125.9,121.25,0.00,4.924,7.221,4.410,359.65,41.99,41.41,0,1,72.36,6/2/2025,Good,16.57,0.0026,6.212,0.00098,0.00,0.00,0.00,8.283,0.0013,4.141,0.00065,41.14,0.827,0.00,0.00,49.70,0.0078,0.00,0.00,0.00,0.00,0.00,5.798,0.00,0.00,0.020
-93.77967595,42.02050466,F Fields (F1-F5),TaskName 6/2/2025 (GreenStar 4 Monitor),32%zidua/sharpen,431,6/2/2025,1.000,On,1125.8,121.25,0.00,4.940,7.241,4.165,359.35,41.99,41.57,0,1,72.56,6/2/2025,Good,16.63,0.0026,6.236,0.00098,0.00,0.00,0.00,8.314,0.0013,4.157,0.00065,41.30,0.832,0.00,0.00,49.89,0.0079,0.00,0.00,0.00,0.00,0.00,5.820,0.00,0.00,0.020
-93.77967664,42.02052500,F Fields (F1-F5),TaskName 6/2/2025 (GreenStar 4 Monitor),32%zidua/sharpen,432,6/2/2025,1.000,On,1125.7,121.25,0.00,5.016,7.352,3.256,359.76,41.99,41.36,0,1,73.68,6/2/2025,Good,16.54,0.0026,6.204,0.00099,0.00,0.00,0.00,8.272,0.0013,4.136,0.00066,41.09,0.841,0.00,0.00,49.63,0.0079,0.00,0.00,0.00,0.00,0.00,5.791,0.00,0.00,0.020
-93.77967684,42.02054518,F Fields (F1-F5),TaskName 6/2/2025 (GreenStar 4 Monitor),32%zidua/sharpen,433,6/2/2025,1.000,On,1125.6,121.25,0.00,5.038,7.392,3.306,0.063,41.99,41.24,0,1,74.07,6/2/2025,Good,16.49,0.0027,6.185,0.00099,0.00,0.00,0.00,8.247,0.0013,4.124,0.00066,40.97,0.843,0.00,0.00,49.48,0.0080,0.00,0.00,0.00,0.00,0.00,5.773,0.00,0.00,0.021
-93.77967661,42.02056561,F Fields (F1-F5),TaskName 6/2/2025 (GreenStar 4 Monitor),32%zidua/sharpen,434,6/2/2025,1.000,On,1125.4,121.25,0.00,5.028,7.369,3.389,359.97,41.99,41.68,0,1,73.84,6/2/2025,Good,16.67,0.0027,6.252,0.0010,0.00,0.00,0.00,8.336,0.0013,4.168,0.00067,41.41,0.849,0.00,0.00,50.01,0.0080,0.00,0.00,0.00,0.00,0.00,5.835,0.00,0.00,0.021
-93.77967647,42.02058532,F Fields (F1-F5),TaskName 6/2/2025 (GreenStar 4 Monitor),32%zidua/sharpen,435,6/2/2025,1.005,On,1125.4,121.25,0.00,4.982,7.346,4.810,359.70,41.99,42.29,0,1,73.24,6/2/2025,Good,16.92,0.0027,6.344,0.0010,0.00,0.00,0.00,8.458,0.0014,4.229,0.00068,42.02,0.859,0.00,0.00,50.75,0.0081,0.00,0.00,0.00,0.00,0.00,5.921,0.00,0.00,0.020
-93.77967665,42.02060534,F Fields (F1-F5),TaskName 6/2/2025 (GreenStar 4 Monitor),32%zidua/sharpen,436,6/2/2025,1.000,On,1125.4,121.25,0.00,4.964,7.280,4.478,359.93,41.99,42.79,0,1,72.95,6/2/2025,Good,17.11,0.0027,6.418,0.0010,0.00,0.00,0.00,8.557,0.0014,4.279,0.00068,42.51,0.861,0.00,0.00,51.34,0.0081,0.00,0.00,0.00,0.00,0.00,5.990,0.00,0.00,0.020
-93.77967675,42.02062541,F Fields (F1-F5),TaskName 6/2/2025 (GreenStar 4 Monitor),32%zidua/sharpen,437,6/2/2025,0.995,On,1125.3,121.25,0.00,4.967,7.247,4.699,0.031,41.99,42.28,0,1,72.99,6/2/2025,Good,16.91,0.0027,6.342,0.00100,0.00,0.00,0.00,8.456,0.0013,4.228,0.00067,42.01,0.847,0.00,0.00,50.74,0.0080,0.00,0.00,0.00,0.00,0.00,5.920,0.00,0.00,0.020
-93.77967696,42.02064531,F Fields (F1-F5),TaskName 6/2/2025 (GreenStar 4 Monitor),32%zidua/sharpen,438,6/2/2025,1.005,On,1125.3,121.25,0.00,4.979,7.339,5.015,0.463,41.99,42.18,0,1,73.18,6/2/2025,Good,16.87,0.0027,6.326,0.0010,0.00,0.00,0.00,8.435,0.0013,4.218,0.00067,41.90,0.856,0.00,0.00,50.61,0.0081,0.00,0.00,0.00,0.00,0.00,5.905,0.00,0.00,0.020
-93.77967670,42.02066531,F Fields (F1-F5),TaskName 6/2/2025 (GreenStar 4 Monitor),32%zidua/sharpen,439,6/2/2025,0.995,On,1125.3,121.25,0.00,4.956,7.231,4.958,0.094,41.99,42.00,0,1,72.82,6/2/2025,Good,16.80,0.0026,6.300,0.00099,0.00,0.00,0.00,8.400,0.0013,4.200,0.00066,41.73,0.840,0.00,0.00,50.40,0.0079,0.00,0.00,0.00,0.00,0.00,5.880,0.00,0.00,0.020
-93.77967658,42.02068558,F Fields (F1-F5),TaskName 6/2/2025 (GreenStar 4 Monitor),32%zidua/sharpen,440,6/2/2025,1.000,On,1125.2,121.25,0.00,4.998,7.326,4.713,359.98,41.99,41.83,0,1,73.41,6/2/2025,Good,16.73,0.0027,6.274,0.00100,0.00,0.00,0.00,8.365,0.0013,4.183,0.00067,41.56,0.847,0.00,0.00,50.19,0.0080,0.00,0.00,0.00,0.00,0.00,5.856,0.00,0.00,0.020
-93.77967663,42.02070576,F Fields (F1-F5),TaskName 6/2/2025 (GreenStar 4 Monitor),32%zidua/sharpen,441,6/2/2025,1.000,On,1125.1,121.25,0.00,5.012,7.349,4.649,0.055,41.99,41.69,0,1,73.64,6/2/2025,Good,16.67,0.0027,6.253,0.00100,0.00,0.00,0.00,8.337,0.0013,4.169,0.00067,41.42,0.847,0.00,0.00,50.02,0.0080,0.00,0.00,0.00,0.00,0.00,5.836,0.00,0.00,0.020
-93.77967684,42.02072602,F Fields (F1-F5),TaskName 6/2/2025 (GreenStar 4 Monitor),32%zidua/sharpen,442,6/2/2025,1.000,On,1125.1,121.25,0.00,5.027,7.369,4.380,0.141,41.99,41.73,0,1,73.84,6/2/2025,Good,16.69,0.0027,6.259,0.0010,0.00,0.00,0.00,8.346,0.0013,4.173,0.00067,41.46,0.850,0.00,0.00,50.07,0.0080,0.00,0.00,0.00,0.00,0.00,5.842,0.00,0.00,0.021
-93.77967648,42.02074623,F Fields (F1-F5),TaskName 6/2/2025 (GreenStar 4 Monitor),32%zidua/sharpen,443,6/2/2025,1.000,On,1125.0,121.25,0.00,5.006,7.339,4.021,359.76,41.99,41.73,0,1,73.54,6/2/2025,Good,16.69,0.0027,6.260,0.00100,0.00,0.00,0.00,8.346,0.0013,4.173,0.00067,41.46,0.847,0.00,0.00,50.08,0.0080,0.00,0.00,0.00,0.00,0.00,5.843,0.00,0.00,0.020
-93.77967639,42.02076634,F Fields (F1-F5),TaskName 6/2/2025 (GreenStar 4 Monitor),32%zidua/sharpen,444,6/2/2025,1.005,On,1124.9,121.25,0.00,5.021,7.402,3.966,359.68,41.99,41.46,0,1,73.80,6/2/2025,Good,16.58,0.0027,6.219,0.0010,0.00,0.00,0.00,8.292,0.0013,4.146,0.00067,41.19,0.849,0.00,0.00,49.75,0.0080,0.00,0.00,0.00,0.00,0.00,5.804,0.00,0.00,0.021
-93.77967701,42.02078656,F Fields (F1-F5),TaskName 6/2/2025 (GreenStar 4 Monitor),32%zidua/sharpen,445,6/2/2025,0.995,On,1124.9,121.25,0.00,5.023,7.329,3.820,359.95,41.99,41.61,0,1,73.81,6/2/2025,Good,16.64,0.0027,6.241,0.00099,0.00,0.00,0.00,8.321,0.0013,4.161,0.00066,41.34,0.843,0.00,0.00,49.93,0.0080,0.00,0.00,0.00,0.00,0.00,5.825,0.00,0.00,0.020
-93.77967696,42.02080282,F Fields (F1-F5),TaskName 6/2/2025 (GreenStar 4 Monitor),32%zidua/sharpen,446,6/2/2025,0.800,On,1124.8,121.25,0.00,5.004,5.871,3.888,359.95,41.99,41.65,0,1,73.54,6/2/2025,Good,16.66,0.0021,6.247,0.00080,0.00,0.00,0.00,8.330,0.0011,4.165,0.00053,41.38,0.676,0.00,0.00,49.98,0.0064,0.00,0.00,0.00,0.00,0.00,5.831,0.00,0.00,0.016
-93.77967696,42.02080690,F Fields (F1-F5),TaskName 6/2/2025 (GreenStar 4 Monitor),32%zidua/sharpen,447,6/2/2025,0.205,On,1124.8,120.00,0.625,5.049,1.517,3.513,359.95,41.99,41.63,0,1,73.39,6/2/2025,Good,16.65,0.00054,6.244,0.00020,0.00,0.00,0.00,8.326,0.00027,4.163,0.00014,41.36,0.173,0.00,0.00,49.96,0.0016,0.00,0.00,0.00,0.00,0.00,5.828,0.00,0.00,0.0042
-93.77967690,42.02081089,F Fields (F1-F5),TaskName 6/2/2025 (GreenStar 4 Monitor),32%zidua/sharpen,448,6/2/2025,0.195,On,1124.8,117.50,1.875,5.071,1.451,4.412,359.91,41.99,41.76,0,1,72.28,6/2/2025,Good,16.70,0.00051,6.264,0.00019,0.00,0.00,0.00,8.352,0.00026,4.176,0.00013,41.49,0.162,0.00,0.00,50.11,0.0015,0.00,0.00,0.00,0.00,0.00,5.846,0.00,0.00,0.0039
-93.77967687,42.02081487,F Fields (F1-F5),TaskName 6/2/2025 (GreenStar 4 Monitor),32%zidua/sharpen,449,6/2/2025,0.205,On,1124.8,115.00,3.125,5.049,1.517,4.828,359.87,41.99,42.71,0,1,70.33,6/2/2025,Good,17.08,0.00053,6.406,0.00020,0.00,0.00,0.00,8.542,0.00027,4.271,0.00013,42.43,0.170,0.00,0.00,51.25,0.0016,0.00,0.00,0.00,0.00,0.00,5.979,0.00,0.00,0.0040
-93.77967688,42.02081884,F Fields (F1-F5),TaskName 6/2/2025 (GreenStar 4 Monitor),32%zidua/sharpen,450,6/2/2025,0.195,On,1124.7,113.75,3.750,5.013,1.432,4.953,359.86,41.99,43.06,0,1,69.02,6/2/2025,Good,17.22,0.00050,6.459,0.00019,0.00,0.00,0.00,8.612,0.00025,4.306,0.00013,42.78,0.160,0.00,0.00,51.67,0.0015,0.00,0.00,0.00,0.00,0.00,6.029,0.00,0.00,0.0037
-93.77967691,42.02082283,F Fields (F1-F5),TaskName 6/2/2025 (GreenStar 4 Monitor),32%zidua/sharpen,451,6/2/2025,0.200,On,1124.7,111.25,5.000,4.977,1.461,4.867,359.89,41.99,42.96,0,1,67.18,6/2/2025,Good,17.18,0.00050,6.443,0.00019,0.00,0.00,0.00,8.591,0.00025,4.296,0.00013,42.68,0.159,0.00,0.00,51.55,0.0015,0.00,0.00,0.00,0.00,0.00,6.014,0.00,0.00,0.0037
-93.77967692,42.02082685,F Fields (F1-F5),TaskName 6/2/2025 (GreenStar 4 Monitor),32%zidua/sharpen,452,6/2/2025,0.200,On,1124.7,108.75,6.250,4.959,1.455,4.808,359.84,41.99,43.46,0,1,65.37,6/2/2025,Good,17.38,0.00049,6.519,0.00018,0.00,0.00,0.00,8.692,0.00025,4.346,0.00012,43.18,0.157,0.00,0.00,52.15,0.0015,0.00,0.00,0.00,0.00,0.00,6.084,0.00,0.00,0.0036
-93.77967680,42.02083094,F Fields (F1-F5),TaskName 6/2/2025 (GreenStar 4 Monitor),32%zidua/sharpen,453,6/2/2025,0.200,On,1124.7,106.25,7.500,4.964,1.455,4.676,359.74,41.99,43.80,0,1,63.87,6/2/2025,Good,17.52,0.00049,6.570,0.00018,0.00,0.00,0.00,8.760,0.00024,4.380,0.00012,43.52,0.154,0.00,0.00,52.56,0.0015,0.00,0.00,0.00,0.00,0.00,6.132,0.00,0.00,0.0035
-93.77967679,42.02083495,F Fields (F1-F5),TaskName 6/2/2025 (GreenStar 4 Monitor),32%zidua/sharpen,454,6/2/2025,0.205,On,1124.7,105.00,8.125,4.993,1.501,4.854,359.65,41.99,44.26,0,1,63.52,6/2/2025,Good,17.70,0.00050,6.639,0.00019,0.00,0.00,0.00,8.852,0.00025,4.426,0.00013,43.97,0.159,0.00,0.00,53.11,0.0015,0.00,0.00,0.00,0.00,0.00,6.196,0.00,0.00,0.0036
-93.77967667,42.02083888,F Fields (F1-F5),TaskName 6/2/2025 (GreenStar 4 Monitor),32%zidua/sharpen,455,6/2/2025,0.200,On,1124.8,102.50,9.375,4.997,1.465,4.795,359.57,41.99,44.35,0,1,62.03,6/2/2025,Good,17.74,0.00048,6.652,0.00018,0.00,0.00,0.00,8.869,0.00024,4.435,0.00012,44.06,0.152,0.00,0.00,53.21,0.0014,0.00,0.00,0.00,0.00,0.00,6.208,0.00,0.00,0.0034
-93.77967669,42.02084292,F Fields (F1-F5),TaskName 6/2/2025 (GreenStar 4 Monitor),32%zidua/sharpen,456,6/2/2025,0.195,On,1124.8,101.25,10.000,4.977,1.422,4.696,359.57,41.99,44.90,0,1,61.02,6/2/2025,Good,17.96,0.00046,6.735,0.00017,0.00,0.00,0.00,8.980,0.00023,4.490,0.00012,44.61,0.147,0.00,0.00,53.88,0.0014,0.00,0.00,0.00,0.00,0.00,6.286,0.00,0.00,0.0033
-93.77967674,42.02084692,F Fields (F1-F5),TaskName 6/2/2025 (GreenStar 4 Monitor),32%zidua/sharpen,457,6/2/2025,0.200,On,1124.7,98.75,11.25,4.979,1.461,4.656,359.54,41.99,45.19,0,1,59.63,6/2/2025,Good,18.08,0.00047,6.778,0.00018,0.00,0.00,0.00,9.038,0.00023,4.519,0.00012,44.90,0.149,0.00,0.00,54.23,0.0014,0.00,0.00,0.00,0.00,0.00,6.327,0.00,0.00,0.0033
-93.77967672,42.02085090,F Fields (F1-F5),TaskName 6/2/2025 (GreenStar 4 Monitor),32%zidua/sharpen,458,6/2/2025,0.200,On,1124.7,96.25,12.50,4.982,1.461,4.544,359.44,41.99,45.59,0,1,58.12,6/2/2025,Good,18.23,0.00046,6.838,0.00017,0.00,0.00,0.00,9.117,0.00023,4.559,0.00011,45.29,0.146,0.00,0.00,54.70,0.0014,0.00,0.00,0.00,0.00,0.00,6.382,0.00,0.00,0.0032
-93.77967669,42.02085490,F Fields (F1-F5),TaskName 6/2/2025 (GreenStar 4 Monitor),32%zidua/sharpen,459,6/2/2025,0.205,On,1124.7,93.75,13.75,4.973,1.494,4.478,359.28,41.99,45.98,0,1,56.47,6/2/2025,Good,18.39,0.00046,6.897,0.00017,0.00,0.00,0.00,9.196,0.00023,4.598,0.00012,45.68,0.147,0.00,0.00,55.18,0.0014,0.00,0.00,0.00,0.00,0.00,6.437,0.00,0.00,0.0032
-93.77967660,42.02085911,F Fields (F1-F5),TaskName 6/2/2025 (GreenStar 4 Monitor),32%zidua/sharpen,460,6/2/2025,0.195,On,1124.7,92.50,14.37,4.970,1.422,4.405,359.15,41.99,46.10,0,1,55.74,6/2/2025,Good,18.44,0.00043,6.915,0.00016,0.00,0.00,0.00,9.220,0.00022,4.610,0.00011,45.80,0.138,0.00,0.00,55.32,0.0013,0.00,0.00,0.00,0.00,0.00,6.454,0.00,0.00,0.0030
-93.77967661,42.02086323,F Fields (F1-F5),TaskName 6/2/2025 (GreenStar 4 Monitor),32%zidua/sharpen,461,6/2/2025,0.205,On,1124.7,90.00,15.62,5.022,1.510,4.702,359.20,41.99,46.38,0,1,54.81,6/2/2025,Good,18.55,0.00045,6.956,0.00017,0.00,0.00,0.00,9.275,0.00023,4.638,0.00011,46.07,0.144,0.00,0.00,55.65,0.0014,0.00,0.00,0.00,0.00,0.00,6.493,0.00,0.00,0.0031
-93.77967676,42.02086719,F Fields (F1-F5),TaskName 6/2/2025 (GreenStar 4 Monitor),32%zidua/sharpen,462,6/2/2025,0.200,On,1124.7,88.75,16.25,5.062,1.484,4.458,359.31,41.99,46.54,0,1,54.43,6/2/2025,Good,18.61,0.00044,6.980,0.00016,0.00,0.00,0.00,9.307,0.00022,4.654,0.00011,46.23,0.140,0.00,0.00,55.84,0.0013,0.00,0.00,0.00,0.00,0.00,6.515,0.00,0.00,0.0030
-93.77967677,42.02087117,F Fields (F1-F5),TaskName 6/2/2025 (GreenStar 4 Monitor),32%zidua/sharpen,463,6/2/2025,0.195,On,1124.7,86.25,17.50,5.042,1.442,4.564,359.33,41.99,46.87,0,1,52.70,6/2/2025,Good,18.75,0.00042,7.030,0.00016,0.00,0.00,0.00,9.374,0.00021,4.687,0.00010,46.56,0.133,0.00,0.00,56.24,0.0013,0.00,0.00,0.00,0.00,0.00,6.562,0.00,0.00,0.0029
-93.77967683,42.02087504,F Fields (F1-F5),TaskName 6/2/2025 (GreenStar 4 Monitor),32%zidua/sharpen,464,6/2/2025,0.200,On,1124.8,85.00,18.12,5.011,1.472,5.455,359.32,41.99,47.06,0,1,51.69,6/2/2025,Good,18.82,0.00042,7.059,0.00016,0.00,0.00,0.00,9.412,0.00021,4.706,0.00011,46.75,0.134,0.00,0.00,56.47,0.0013,0.00,0.00,0.00,0.00,0.00,6.588,0.00,0.00,0.0029
-93.77967691,42.02087885,F Fields (F1-F5),TaskName 6/2/2025 (GreenStar 4 Monitor),32%zidua/sharpen,465,6/2/2025,0.200,On,1124.8,82.50,19.37,4.953,1.452,5.733,359.31,41.99,47.11,0,1,49.50,6/2/2025,Good,18.85,0.00040,7.067,0.00015,0.00,0.00,0.00,9.423,0.00020,4.711,0.00010,46.81,0.129,0.00,0.00,56.54,0.0012,0.00,0.00,0.00,0.00,0.00,6.596,0.00,0.00,0.0027
-93.77967719,42.02088286,F Fields (F1-F5),TaskName 6/2/2025 (GreenStar 4 Monitor),32%zidua/sharpen,466,6/2/2025,0.200,On,1124.8,81.25,20.00,4.888,1.435,5.607,359.51,41.99,47.49,0,1,48.19,6/2/2025,Good,19.00,0.00040,7.123,0.00015,0.00,0.00,0.00,9.498,0.00020,4.749,9.933e-05,47.18,0.126,0.00,0.00,56.99,0.0012,0.00,0.00,0.00,0.00,0.00,6.648,0.00,0.00,0.0027
-93.77967739,42.02088690,F Fields (F1-F5),TaskName 6/2/2025 (GreenStar 4 Monitor),32%zidua/sharpen,467,6/2/2025,0.200,On,1124.8,78.75,21.25,4.888,1.435,4.854,359.62,41.99,47.34,0,1,46.71,6/2/2025,Good,18.94,0.00038,7.101,0.00014,0.00,0.00,0.00,9.468,0.00019,4.734,9.597e-05,47.03,0.122,0.00,0.00,56.81,0.0012,0.00,0.00,0.00,0.00,0.00,6.627,0.00,0.00,0.0026
-93.77967748,42.02089095,F Fields (F1-F5),TaskName 6/2/2025 (GreenStar 4 Monitor),32%zidua/sharpen,468,6/2/2025,0.205,On,1124.8,77.50,21.87,4.921,1.481,4.583,359.63,41.99,47.61,0,1,46.28,6/2/2025,Good,19.04,0.00039,7.141,0.00015,0.00,0.00,0.00,9.521,0.00020,4.761,9.802e-05,47.30,0.125,0.00,0.00,57.13,0.0012,0.00,0.00,0.00,0.00,0.00,6.665,0.00,0.00,0.0026
-93.77967745,42.02089490,F Fields (F1-F5),TaskName 6/2/2025 (GreenStar 4 Monitor),32%zidua/sharpen,469,6/2/2025,0.195,On,1124.8,75.00,23.12,4.959,1.419,4.993,359.51,41.99,47.41,0,1,45.11,6/2/2025,Good,18.97,0.00036,7.112,0.00014,0.00,0.00,0.00,9.483,0.00018,4.741,9.050e-05,47.11,0.115,0.00,0.00,56.90,0.0011,0.00,0.00,0.00,0.00,0.00,6.638,0.00,0.00,0.0024
-93.77967736,42.02089885,F Fields (F1-F5),TaskName 6/2/2025 (GreenStar 4 Monitor),32%zidua/sharpen,470,6/2/2025,0.205,On,1124.8,73.75,23.75,4.957,1.491,4.894,359.46,41.99,46.87,0,1,44.34,6/2/2025,Good,18.75,0.00037,7.030,0.00014,0.00,0.00,0.00,9.374,0.00018,4.687,9.245e-05,46.56,0.118,0.00,0.00,56.24,0.0011,0.00,0.00,0.00,0.00,0.00,6.562,0.00,0.00,0.0025
-93.77967743,42.02090282,F Fields (F1-F5),TaskName 6/2/2025 (GreenStar 4 Monitor),32%zidua/sharpen,471,6/2/2025,0.195,On,1124.8,72.50,24.37,4.946,1.416,4.848,359.50,41.99,46.60,0,1,43.50,6/2/2025,Good,18.64,0.00034,6.990,0.00013,0.00,0.00,0.00,9.320,0.00017,4.660,8.579e-05,46.30,0.109,0.00,0.00,55.92,0.0010,0.00,0.00,0.00,0.00,0.00,6.524,0.00,0.00,0.0024
-93.77967749,42.02090675,F Fields (F1-F5),TaskName 6/2/2025 (GreenStar 4 Monitor),32%zidua/sharpen,472,6/2/2025,0.200,On,1124.8,71.25,25.00,4.939,1.449,5.105,359.51,41.99,46.73,0,1,42.65,6/2/2025,Good,18.69,0.00035,7.009,0.00013,0.00,0.00,0.00,9.346,0.00017,4.673,8.650e-05,46.43,0.110,0.00,0.00,56.07,0.0010,0.00,0.00,0.00,0.00,0.00,6.542,0.00,0.00,0.0024
-93.77967736,42.02091070,F Fields (F1-F5),TaskName 6/2/2025 (GreenStar 4 Monitor),32%zidua/sharpen,473,6/2/2025,0.205,On,1124.8,70.00,25.62,4.921,1.481,4.999,359.35,41.99,46.86,0,1,41.81,6/2/2025,Good,18.74,0.00035,7.029,0.00013,0.00,0.00,0.00,9.371,0.00017,4.686,8.715e-05,46.55,0.111,0.00,0.00,56.23,0.0010,0.00,0.00,0.00,0.00,0.00,6.560,0.00,0.00,0.0024
-93.77967715,42.02091861,F Fields (F1-F5),TaskName 6/2/2025 (GreenStar 4 Monitor),32%zidua/sharpen,474,6/2/2025,0.395,On,1124.9,68.75,26.25,4.910,2.845,5.220,359.04,41.99,46.34,0,1,40.92,6/2/2025,Good,18.54,0.00065,6.951,0.00024,0.00,0.00,0.00,9.269,0.00033,4.634,0.00016,46.04,0.207,0.00,0.00,55.61,0.0020,0.00,0.00,0.00,0.00,0.00,6.488,0.00,0.00,0.0045
-93.77967736,42.02092255,F Fields (F1-F5),TaskName 6/2/2025 (GreenStar 4 Monitor),32%zidua/sharpen,475,6/2/2025,0.200,On,1124.9,67.50,26.87,4.917,1.442,5.165,359.12,41.99,45.79,0,1,40.22,6/2/2025,Good,18.32,0.00032,6.868,0.00012,0.00,0.00,0.00,9.158,0.00016,4.579,7.993e-05,45.49,0.102,0.00,0.00,54.95,0.00096,0.00,0.00,0.00,0.00,0.00,6.410,0.00,0.00,0.0022
-93.77967767,42.02092654,F Fields (F1-F5),TaskName 6/2/2025 (GreenStar 4 Monitor),32%zidua/sharpen,476,6/2/2025,0.200,On,1124.9,66.25,27.50,4.915,1.442,5.039,359.25,41.99,45.77,0,1,39.48,6/2/2025,Good,18.31,0.00031,6.865,0.00012,0.00,0.00,0.00,9.153,0.00016,4.577,7.842e-05,45.47,0.100,0.00,0.00,54.92,0.00094,0.00,0.00,0.00,0.00,0.00,6.407,0.00,0.00,0.0022
-93.77967753,42.02093448,F Fields (F1-F5),TaskName 6/2/2025 (GreenStar 4 Monitor),32%zidua/sharpen,477,6/2/2025,0.401,On,1124.9,65.00,28.12,4.935,2.897,4.880,359.00,41.99,45.99,0,1,38.81,6/2/2025,Good,18.40,0.00062,6.899,0.00023,0.00,0.00,0.00,9.198,0.00031,4.599,0.00016,45.69,0.198,0.00,0.00,55.19,0.0019,0.00,0.00,0.00,0.00,0.00,6.439,0.00,0.00,0.0043
-93.77967753,42.02093840,F Fields (F1-F5),TaskName 6/2/2025 (GreenStar 4 Monitor),32%zidua/sharpen,478,6/2/2025,0.199,On,1124.9,63.75,28.75,4.935,1.449,4.722,358.90,41.99,45.38,0,1,38.35,6/2/2025,Good,18.15,0.00030,6.807,0.00011,0.00,0.00,0.00,9.076,0.00015,4.538,7.516e-05,45.09,0.096,0.00,0.00,54.46,0.00090,0.00,0.00,0.00,0.00,0.00,6.353,0.00,0.00,0.0021
-93.77967760,42.02095055,F Fields (F1-F5),TaskName 6/2/2025 (GreenStar 4 Monitor),32%zidua/sharpen,479,6/2/2025,0.605,On,1124.9,62.50,29.37,4.938,4.385,4.782,358.68,41.99,44.78,0,1,37.44,6/2/2025,Good,17.91,0.00088,6.716,0.00033,0.00,0.00,0.00,8.955,0.00044,4.478,0.00022,44.48,0.280,0.00,0.00,53.73,0.0026,0.00,0.00,0.00,0.00,0.00,6.269,0.00,0.00,0.0063
-93.77967780,42.02096632,F Fields (F1-F5),TaskName 6/2/2025 (GreenStar 4 Monitor),32%zidua/sharpen,480,6/2/2025,0.795,On,1125.0,61.25,30.00,4.946,5.768,4.969,359.23,41.99,43.28,0,1,36.73,6/2/2025,Good,17.31,0.0011,6.492,0.00041,0.00,0.00,0.00,8.656,0.00055,4.328,0.00027,43.00,0.349,0.00,0.00,51.93,0.0033,0.00,0.00,0.00,0.00,0.00,6.059,0.00,0.00,0.0081
-93.77967800,42.02097031,F Fields (F1-F5),TaskName 6/2/2025 (GreenStar 4 Monitor),32%zidua/sharpen,481,6/2/2025,0.200,On,1125.0,65.00,24.88,4.932,1.449,5.250,359.54,41.99,41.46,0,1,38.91,6/2/2025,Good,16.58,0.00028,6.219,0.00011,0.00,0.00,0.00,8.292,0.00014,4.146,7.001e-05,41.19,0.089,0.00,0.00,49.75,0.00084,0.00,0.00,0.00,0.00,0.00,5.804,0.00,0.00,0.0022
-93.77967803,42.02097430,F Fields (F1-F5),TaskName 6/2/2025 (GreenStar 4 Monitor),32%zidua/sharpen,482,6/2/2025,0.200,On,1125.0,72.50,16.81,4.946,1.452,5.244,359.75,41.99,40.71,0,1,43.50,6/2/2025,Good,16.28,0.00031,6.107,0.00012,0.00,0.00,0.00,8.142,0.00015,4.071,7.685e-05,40.45,0.098,0.00,0.00,48.85,0.00092,0.00,0.00,0.00,0.00,0.00,5.699,0.00,0.00,0.0024
-93.77967821,42.02097846,F Fields (F1-F5),TaskName 6/2/2025 (GreenStar 4 Monitor),32%zidua/sharpen,483,6/2/2025,0.200,On,1125.0,76.25,13.65,4.950,1.452,4.782,359.96,41.99,39.67,0,1,45.75,6/2/2025,Good,15.87,0.00032,5.951,0.00012,0.00,0.00,0.00,7.935,0.00016,3.967,7.877e-05,39.42,0.100,0.00,0.00,47.61,0.00095,0.00,0.00,0.00,0.00,0.00,5.554,0.00,0.00,0.0025
-93.77967849,42.02098247,F Fields (F1-F5),TaskName 6/2/2025 (GreenStar 4 Monitor),32%zidua/sharpen,484,6/2/2025,0.195,On,1125.0,80.00,11.60,4.986,1.426,4.590,0.290,41.99,39.95,0,1,48.34,6/2/2025,Good,15.98,0.00033,5.993,0.00012,0.00,0.00,0.00,7.990,0.00016,3.995,8.172e-05,39.69,0.104,0.00,0.00,47.94,0.00098,0.00,0.00,0.00,0.00,0.00,5.593,0.00,0.00,0.0026
-93.77967880,42.02098644,F Fields (F1-F5),TaskName 6/2/2025 (GreenStar 4 Monitor),32%zidua/sharpen,485,6/2/2025,0.205,On,1125.0,85.00,9.062,4.995,1.501,4.610,0.674,41.99,39.05,0,1,51.44,6/2/2025,Good,15.62,0.00036,5.858,0.00013,0.00,0.00,0.00,7.811,0.00018,3.905,8.937e-05,38.80,0.114,0.00,0.00,46.86,0.0011,0.00,0.00,0.00,0.00,0.00,5.467,0.00,0.00,0.0029
-93.77967902,42.02099041,F Fields (F1-F5),TaskName 6/2/2025 (GreenStar 4 Monitor),32%zidua/sharpen,486,6/2/2025,0.205,On,1125.1,90.00,6.944,4.984,1.498,5.092,0.909,41.99,38.32,0,1,54.34,6/2/2025,Good,15.33,0.00037,5.747,0.00014,0.00,0.00,0.00,7.663,0.00019,3.832,9.263e-05,38.07,0.118,0.00,0.00,45.98,0.0011,0.00,0.00,0.00,0.00,0.00,5.364,0.00,0.00,0.0031
-93.77967895,42.02099433,F Fields (F1-F5),TaskName 6/2/2025 (GreenStar 4 Monitor),32%zidua/sharpen,487,6/2/2025,0.195,On,1125.1,95.00,5.180,4.966,1.419,5.125,0.855,41.99,39.11,0,1,57.14,6/2/2025,Good,15.64,0.00038,5.866,0.00014,0.00,0.00,0.00,7.821,0.00019,3.911,9.455e-05,38.85,0.120,0.00,0.00,46.93,0.0011,0.00,0.00,0.00,0.00,0.00,5.475,0.00,0.00,0.0031
-93.77967851,42.02099825,F Fields (F1-F5),TaskName 6/2/2025 (GreenStar 4 Monitor),32%zidua/sharpen,488,6/2/2025,0.200,On,1125.1,102.50,3.430,4.939,1.449,5.151,0.635,41.99,38.39,0,1,61.36,6/2/2025,Good,15.36,0.00041,5.759,0.00015,0.00,0.00,0.00,7.678,0.00020,3.839,0.00010,38.14,0.130,0.00,0.00,46.07,0.0012,0.00,0.00,0.00,0.00,0.00,5.375,0.00,0.00,0.0034
-93.77967775,42.02101837,F Fields (F1-F5),TaskName 6/2/2025 (GreenStar 4 Monitor),32%zidua/sharpen,489,6/2/2025,1.000,On,1125.1,121.25,0.00,4.941,7.250,4.632,0.243,41.99,38.16,0,1,72.64,6/2/2025,Good,15.27,0.0024,5.725,0.00090,0.00,0.00,0.00,7.633,0.0012,3.816,0.00060,37.92,0.765,0.00,0.00,45.80,0.0072,0.00,0.00,0.00,0.00,0.00,5.343,0.00,0.00,0.020
-93.77967751,42.02103827,F Fields (F1-F5),TaskName 6/2/2025 (GreenStar 4 Monitor),32%zidua/sharpen,490,6/2/2025,1.000,On,1125.1,121.25,0.00,4.976,7.299,4.632,0.604,41.99,38.95,0,1,73.14,6/2/2025,Good,15.58,0.0025,5.842,0.00093,0.00,0.00,0.00,7.790,0.0012,3.895,0.00062,38.69,0.786,0.00,0.00,46.74,0.0074,0.00,0.00,0.00,0.00,0.00,5.453,0.00,0.00,0.020
-93.77967757,42.02105844,F Fields (F1-F5),TaskName 6/2/2025 (GreenStar 4 Monitor),32%zidua/sharpen,491,6/2/2025,1.000,On,1125.2,121.25,0.00,4.989,7.318,4.722,0.964,41.99,39.71,0,1,73.33,6/2/2025,Good,15.88,0.0025,5.957,0.00095,0.00,0.00,0.00,7.942,0.0013,3.971,0.00063,39.45,0.804,0.00,0.00,47.65,0.0076,0.00,0.00,0.00,0.00,0.00,5.560,0.00,0.00,0.020
-93.77967640,42.02107828,F Fields (F1-F5),TaskName 6/2/2025 (GreenStar 4 Monitor),32%zidua/sharpen,492,6/2/2025,1.000,On,1125.3,121.25,0.00,4.975,7.299,4.878,359.47,41.99,40.18,0,1,73.14,6/2/2025,Good,16.07,0.0026,6.027,0.00096,0.00,0.00,0.00,8.036,0.0013,4.018,0.00064,39.92,0.811,0.00,0.00,48.21,0.0077,0.00,0.00,0.00,0.00,0.00,5.625,0.00,0.00,0.020
-93.77967615,42.02109824,F Fields (F1-F5),TaskName 6/2/2025 (GreenStar 4 Monitor),32%zidua/sharpen,493,6/2/2025,1.000,On,1125.3,121.25,0.00,4.936,7.243,4.951,358.95,41.99,40.80,0,1,72.58,6/2/2025,Good,16.32,0.0026,6.120,0.00096,0.00,0.00,0.00,8.160,0.0013,4.080,0.00064,40.54,0.817,0.00,0.00,48.96,0.0077,0.00,0.00,0.00,0.00,0.00,5.712,0.00,0.00,0.020
-93.77967683,42.02111805,F Fields (F1-F5),TaskName 6/2/2025 (GreenStar 4 Monitor),32%zidua/sharpen,494,6/2/2025,1.000,On,1125.4,121.25,0.00,4.952,7.263,4.947,359.58,41.99,41.17,0,1,72.78,6/2/2025,Good,16.47,0.0026,6.176,0.00098,0.00,0.00,0.00,8.234,0.0013,4.117,0.00065,40.90,0.827,0.00,0.00,49.41,0.0078,0.00,0.00,0.00,0.00,0.00,5.764,0.00,0.00,0.020
-93.77967686,42.02113806,F Fields (F1-F5),TaskName 6/2/2025 (GreenStar 4 Monitor),32%zidua/sharpen,495,6/2/2025,1.000,On,1125.4,121.25,0.00,4.945,7.259,4.759,359.32,41.99,41.51,0,1,72.74,6/2/2025,Good,16.60,0.0026,6.226,0.00098,0.00,0.00,0.00,8.301,0.0013,4.151,0.00066,41.24,0.833,0.00,0.00,49.81,0.0079,0.00,0.00,0.00,0.00,0.00,5.811,0.00,0.00,0.020
-93.77967655,42.02115788,F Fields (F1-F5),TaskName 6/2/2025 (GreenStar 4 Monitor),32%zidua/sharpen,496,6/2/2025,1.000,On,1125.5,121.25,0.00,4.946,7.256,4.849,358.62,41.99,41.64,0,1,72.71,6/2/2025,Good,16.65,0.0026,6.245,0.00099,0.00,0.00,0.00,8.327,0.0013,4.164,0.00066,41.37,0.835,0.00,0.00,49.96,0.0079,0.00,0.00,0.00,0.00,0.00,5.829,0.00,0.00,0.020
-93.77967742,42.02117794,F Fields (F1-F5),TaskName 6/2/2025 (GreenStar 4 Monitor),32%zidua/sharpen,497,6/2/2025,0.996,On,1125.5,121.25,0.00,4.945,7.217,4.261,359.25,41.99,41.62,0,1,72.61,6/2/2025,Good,16.65,0.0026,6.243,0.00098,0.00,0.00,0.00,8.325,0.0013,4.162,0.00065,41.35,0.831,0.00,0.00,49.95,0.0078,0.00,0.00,0.00,0.00,0.00,5.827,0.00,0.00,0.020
-93.77967805,42.02119777,F Fields (F1-F5),TaskName 6/2/2025 (GreenStar 4 Monitor),32%zidua/sharpen,498,6/2/2025,0.999,On,1125.6,121.25,0.00,4.964,7.282,5.161,359.64,41.99,41.66,0,1,73.05,6/2/2025,Good,16.67,0.0026,6.250,0.00099,0.00,0.00,0.00,8.333,0.0013,4.166,0.00066,41.39,0.839,0.00,0.00,50.00,0.0079,0.00,0.00,0.00,0.00,0.00,5.833,0.00,0.00,0.020
-93.77967797,42.02121777,F Fields (F1-F5),TaskName 6/2/2025 (GreenStar 4 Monitor),32%zidua/sharpen,499,6/2/2025,1.000,On,1125.8,121.25,0.00,4.938,7.243,4.863,359.19,41.99,42.16,0,1,72.58,6/2/2025,Good,16.86,0.0027,6.324,0.00100,0.00,0.00,0.00,8.432,0.0013,4.216,0.00066,41.89,0.844,0.00,0.00,50.59,0.0080,0.00,0.00,0.00,0.00,0.00,5.903,0.00,0.00,0.020
-93.77967842,42.02123756,F Fields (F1-F5),TaskName 6/2/2025 (GreenStar 4 Monitor),32%zidua/sharpen,500,6/2/2025,1.005,On,1125.9,121.25,0.00,4.955,7.299,5.138,359.34,41.99,42.02,0,1,72.77,6/2/2025,Good,16.81,0.0027,6.303,0.0010,0.00,0.00,0.00,8.404,0.0013,4.202,0.00067,41.75,0.848,0.00,0.00,50.43,0.0080,0.00,0.00,0.00,0.00,0.00,5.883,0.00,0.00,0.020
-93.77967899,42.02125743,F Fields (F1-F5),TaskName 6/2/2025 (GreenStar 4 Monitor),32%zidua/sharpen,501,6/2/2025,1.000,On,1126.0,121.25,0.00,4.919,7.217,5.214,359.76,41.99,42.07,0,1,72.32,6/2/2025,Good,16.83,0.0026,6.311,0.00099,0.00,0.00,0.00,8.415,0.0013,4.207,0.00066,41.80,0.840,0.00,0.00,50.49,0.0079,0.00,0.00,0.00,0.00,0.00,5.890,0.00,0.00,0.020
-93.77967904,42.02127722,F Fields (F1-F5),TaskName 6/2/2025 (GreenStar 4 Monitor),32%zidua/sharpen,502,6/2/2025,1.000,On,1126.1,121.25,0.00,4.945,7.250,5.076,359.65,41.99,41.94,0,1,72.64,6/2/2025,Good,16.78,0.0026,6.291,0.00099,0.00,0.00,0.00,8.389,0.0013,4.194,0.00066,41.67,0.841,0.00,0.00,50.33,0.0079,0.00,0.00,0.00,0.00,0.00,5.872,0.00,0.00,0.020
-93.77967927,42.02129712,F Fields (F1-F5),TaskName 6/2/2025 (GreenStar 4 Monitor),32%zidua/sharpen,503,6/2/2025,0.995,On,1126.2,121.25,0.00,4.918,7.177,4.926,359.62,41.99,42.04,0,1,72.28,6/2/2025,Good,16.81,0.0026,6.305,0.00098,0.00,0.00,0.00,8.407,0.0013,4.204,0.00066,41.76,0.834,0.00,0.00,50.44,0.0079,0.00,0.00,0.00,0.00,0.00,5.885,0.00,0.00,0.020
-93.77967967,42.02131698,F Fields (F1-F5),TaskName 6/2/2025 (GreenStar 4 Monitor),32%zidua/sharpen,504,6/2/2025,1.005,On,1126.3,121.25,0.00,4.934,7.276,4.458,359.96,41.99,41.79,0,1,72.54,6/2/2025,Good,16.72,0.0026,6.269,0.00099,0.00,0.00,0.00,8.359,0.0013,4.179,0.00066,41.52,0.841,0.00,0.00,50.15,0.0079,0.00,0.00,0.00,0.00,0.00,5.851,0.00,0.00,0.020
-93.77967977,42.02133677,F Fields (F1-F5),TaskName 6/2/2025 (GreenStar 4 Monitor),32%zidua/sharpen,505,6/2/2025,0.995,On,1126.4,121.25,0.00,4.932,7.197,4.284,0.180,41.99,41.28,0,1,72.48,6/2/2025,Good,16.51,0.0026,6.192,0.00097,0.00,0.00,0.00,8.255,0.0013,4.128,0.00065,41.01,0.822,0.00,0.00,49.53,0.0078,0.00,0.00,0.00,0.00,0.00,5.779,0.00,0.00,0.020
-93.77967981,42.02135566,F Fields (F1-F5),TaskName 6/2/2025 (GreenStar 4 Monitor),32%zidua/sharpen,506,6/2/2025,1.005,On,1126.5,121.25,0.00,4.830,7.118,3.728,0.415,41.99,41.46,0,1,70.97,6/2/2025,Good,16.59,0.0026,6.219,0.00096,0.00,0.00,0.00,8.293,0.0013,4.146,0.00064,41.19,0.816,0.00,0.00,49.76,0.0077,0.00,0.00,0.00,0.00,0.00,5.805,0.00,0.00,0.020
-93.77967999,42.02136916,F Fields (F1-F5),TaskName 6/2/2025 (GreenStar 4 Monitor),32%zidua/sharpen,507,6/2/2025,0.800,On,1126.5,121.25,0.00,4.523,5.306,3.232,0.659,41.99,42.01,0,1,66.46,6/2/2025,Good,16.80,0.0019,6.301,0.00073,0.00,0.00,0.00,8.402,0.00097,4.201,0.00048,41.74,0.616,0.00,0.00,50.41,0.0058,0.00,0.00,0.00,0.00,0.00,5.881,0.00,0.00,0.015
-93.77979664,42.02156701,F Fields (F1-F5),TaskName 6/2/2025 (GreenStar 4 Monitor),32%zidua/sharpen,508,6/2/2025,1.000,On,1127.9,121.25,0.00,2.309,3.264,6.539,268.96,41.99,47.95,0,2,32.71,6/2/2025,Good,19.18,0.0014,7.193,0.00051,0.00,0.00,0.00,9.590,0.00068,4.795,0.00034,47.64,0.433,0.00,0.00,57.54,0.0041,0.00,0.00,0.00,0.00,0.00,6.713,0.00,0.00,0.0091
-93.77981696,42.02156684,F Fields (F1-F5),TaskName 6/2/2025 (GreenStar 4 Monitor),32%zidua/sharpen,509,6/2/2025,1.000,On,1127.9,121.25,0.00,2.981,4.265,4.800,268.51,41.99,45.44,0,2,42.74,6/2/2025,Good,18.18,0.0017,6.816,0.00063,0.00,0.00,0.00,9.088,0.00084,4.544,0.00042,45.14,0.536,0.00,0.00,54.53,0.0051,0.00,0.00,0.00,0.00,0.00,6.361,0.00,0.00,0.012
-93.77983949,42.02156684,F Fields (F1-F5),TaskName 6/2/2025 (GreenStar 4 Monitor),32%zidua/sharpen,510,6/2/2025,1.000,On,1128.0,121.25,0.00,3.846,5.627,4.793,267.75,41.99,42.55,0,2,56.38,6/2/2025,Good,17.02,0.0021,6.383,0.00078,0.00,0.00,0.00,8.511,0.0010,4.255,0.00052,42.28,0.662,0.00,0.00,51.06,0.0062,0.00,0.00,0.00,0.00,0.00,5.957,0.00,0.00,0.016
-93.77986266,42.02156631,F Fields (F1-F5),TaskName 6/2/2025 (GreenStar 4 Monitor),32%zidua/sharpen,511,6/2/2025,1.000,On,1128.0,121.25,0.00,4.193,6.142,5.152,267.93,41.99,41.27,0,2,61.54,6/2/2025,Good,16.51,0.0022,6.190,0.00083,0.00,0.00,0.00,8.254,0.0011,4.127,0.00055,41.00,0.701,0.00,0.00,49.52,0.0066,0.00,0.00,0.00,0.00,0.00,5.778,0.00,0.00,0.017
-93.77988712,42.02156556,F Fields (F1-F5),TaskName 6/2/2025 (GreenStar 4 Monitor),32%zidua/sharpen,512,6/2/2025,1.000,On,1128.0,121.25,0.00,4.447,6.516,4.597,268.18,41.99,41.07,0,2,65.30,6/2/2025,Good,16.43,0.0023,6.161,0.00087,0.00,0.00,0.00,8.214,0.0012,4.107,0.00058,40.80,0.740,0.00,0.00,49.29,0.0070,0.00,0.00,0.00,0.00,0.00,5.750,0.00,0.00,0.018
-93.77991133,42.02156520,F Fields (F1-F5),TaskName 6/2/2025 (GreenStar 4 Monitor),32%zidua/sharpen,513,6/2/2025,1.000,On,1128.1,121.25,0.00,4.522,6.634,4.492,267.40,41.99,41.11,0,2,66.48,6/2/2025,Good,16.44,0.0024,6.167,0.00089,0.00,0.00,0.00,8.222,0.0012,4.111,0.00059,40.85,0.754,0.00,0.00,49.33,0.0071,0.00,0.00,0.00,0.00,0.00,5.756,0.00,0.00,0.018
-93.77993646,42.02156478,F Fields (F1-F5),TaskName 6/2/2025 (GreenStar 4 Monitor),32%zidua/sharpen,514,6/2/2025,1.000,On,1128.1,121.25,0.00,4.531,6.647,4.492,266.37,41.99,41.55,0,2,66.61,6/2/2025,Good,16.62,0.0024,6.232,0.00090,0.00,0.00,0.00,8.309,0.0012,4.155,0.00060,41.28,0.764,0.00,0.00,49.85,0.0072,0.00,0.00,0.00,0.00,0.00,5.816,0.00,0.00,0.019
-93.77996147,42.02156339,F Fields (F1-F5),TaskName 6/2/2025 (GreenStar 4 Monitor),32%zidua/sharpen,515,6/2/2025,1.000,On,1128.2,121.25,0.00,4.639,6.804,4.714,266.70,41.99,41.25,0,2,68.18,6/2/2025,Good,16.50,0.0024,6.187,0.00092,0.00,0.00,0.00,8.249,0.0012,4.125,0.00061,40.98,0.776,0.00,0.00,49.50,0.0073,0.00,0.00,0.00,0.00,0.00,5.775,0.00,0.00,0.019
-93.77998668,42.02156228,F Fields (F1-F5),TaskName 6/2/2025 (GreenStar 4 Monitor),32%zidua/sharpen,516,6/2/2025,1.000,On,1128.3,121.25,0.00,4.651,6.821,4.657,266.86,41.99,41.63,0,2,68.35,6/2/2025,Good,16.65,0.0025,6.245,0.00093,0.00,0.00,0.00,8.326,0.0012,4.163,0.00062,41.36,0.785,0.00,0.00,49.96,0.0074,0.00,0.00,0.00,0.00,0.00,5.828,0.00,0.00,0.019
-93.78001171,42.02156110,F Fields (F1-F5),TaskName 6/2/2025 (GreenStar 4 Monitor),32%zidua/sharpen,517,6/2/2025,1.000,On,1128.4,121.25,0.00,4.674,6.854,5.004,267.06,41.99,41.75,0,2,68.68,6/2/2025,Good,16.70,0.0025,6.263,0.00093,0.00,0.00,0.00,8.350,0.0012,4.175,0.00062,41.48,0.791,0.00,0.00,50.10,0.0075,0.00,0.00,0.00,0.00,0.00,5.845,0.00,0.00,0.019
-93.78003768,42.02156012,F Fields (F1-F5),TaskName 6/2/2025 (GreenStar 4 Monitor),32%zidua/sharpen,518,6/2/2025,1.000,On,1128.4,121.25,0.00,4.763,6.988,4.626,267.11,41.99,41.87,0,2,70.03,6/2/2025,Good,16.75,0.0025,6.281,0.00095,0.00,0.00,0.00,8.374,0.0013,4.187,0.00064,41.60,0.809,0.00,0.00,50.25,0.0076,0.00,0.00,0.00,0.00,0.00,5.862,0.00,0.00,0.019
-93.78006363,42.02155931,F Fields (F1-F5),TaskName 6/2/2025 (GreenStar 4 Monitor),32%zidua/sharpen,519,6/2/2025,1.000,On,1128.5,121.25,0.00,4.779,7.011,4.986,267.17,41.99,41.60,0,2,70.26,6/2/2025,Good,16.64,0.0025,6.240,0.00095,0.00,0.00,0.00,8.320,0.0013,4.160,0.00063,41.33,0.807,0.00,0.00,49.92,0.0076,0.00,0.00,0.00,0.00,0.00,5.824,0.00,0.00,0.020
-93.78008955,42.02155806,F Fields (F1-F5),TaskName 6/2/2025 (GreenStar 4 Monitor),32%zidua/sharpen,520,6/2/2025,1.000,On,1128.6,121.25,0.00,4.794,7.034,4.972,268.30,41.99,41.74,0,2,70.49,6/2/2025,Good,16.70,0.0026,6.261,0.00096,0.00,0.00,0.00,8.349,0.0013,4.174,0.00064,41.47,0.812,0.00,0.00,50.09,0.0077,0.00,0.00,0.00,0.00,0.00,5.844,0.00,0.00,0.020
-93.78011535,42.02155716,F Fields (F1-F5),TaskName 6/2/2025 (GreenStar 4 Monitor),32%zidua/sharpen,521,6/2/2025,1.000,On,1128.6,121.25,0.00,4.825,7.073,5.189,269.56,41.99,41.78,0,2,70.88,6/2/2025,Good,16.71,0.0026,6.268,0.00096,0.00,0.00,0.00,8.357,0.0013,4.178,0.00064,41.51,0.817,0.00,0.00,50.14,0.0077,0.00,0.00,0.00,0.00,0.00,5.850,0.00,0.00,0.020
-93.78014170,42.02155672,F Fields (F1-F5),TaskName 6/2/2025 (GreenStar 4 Monitor),32%zidua/sharpen,522,6/2/2025,1.000,On,1128.7,121.25,0.00,4.821,7.070,5.119,270.30,41.99,42.07,0,2,70.85,6/2/2025,Good,16.83,0.0026,6.310,0.00097,0.00,0.00,0.00,8.414,0.0013,4.207,0.00065,41.80,0.823,0.00,0.00,50.48,0.0078,0.00,0.00,0.00,0.00,0.00,5.890,0.00,0.00,0.020
-93.78016838,42.02155689,F Fields (F1-F5),TaskName 6/2/2025 (GreenStar 4 Monitor),32%zidua/sharpen,523,6/2/2025,0.995,On,1128.8,121.25,0.00,4.916,7.169,4.432,270.05,41.99,41.75,0,2,72.20,6/2/2025,Good,16.70,0.0026,6.263,0.00098,0.00,0.00,0.00,8.350,0.0013,4.175,0.00065,41.48,0.828,0.00,0.00,50.10,0.0078,0.00,0.00,0.00,0.00,0.00,5.845,0.00,0.00,0.020
-93.78019465,42.02155705,F Fields (F1-F5),TaskName 6/2/2025 (GreenStar 4 Monitor),32%zidua/sharpen,524,6/2/2025,1.005,On,1128.8,121.25,0.00,4.891,7.205,4.920,270.63,41.99,41.67,0,2,71.84,6/2/2025,Good,16.67,0.0026,6.250,0.00098,0.00,0.00,0.00,8.333,0.0013,4.167,0.00065,41.40,0.830,0.00,0.00,50.00,0.0078,0.00,0.00,0.00,0.00,0.00,5.833,0.00,0.00,0.020
-93.78022108,42.02155662,F Fields (F1-F5),TaskName 6/2/2025 (GreenStar 4 Monitor),32%zidua/sharpen,525,6/2/2025,0.995,On,1128.9,121.25,0.00,4.904,7.156,5.101,271.56,41.99,41.64,0,2,72.06,6/2/2025,Good,16.65,0.0026,6.246,0.00097,0.00,0.00,0.00,8.327,0.0013,4.164,0.00065,41.37,0.824,0.00,0.00,49.96,0.0078,0.00,0.00,0.00,0.00,0.00,5.829,0.00,0.00,0.020
-93.78024788,42.02155784,F Fields (F1-F5),TaskName 6/2/2025 (GreenStar 4 Monitor),32%zidua/sharpen,526,6/2/2025,1.005,On,1128.9,121.25,0.00,4.932,7.267,4.919,269.60,41.99,41.66,0,2,72.46,6/2/2025,Good,16.66,0.0026,6.248,0.00099,0.00,0.00,0.00,8.331,0.0013,4.166,0.00066,41.38,0.837,0.00,0.00,49.99,0.0079,0.00,0.00,0.00,0.00,0.00,5.832,0.00,0.00,0.020
-93.78027447,42.02155843,F Fields (F1-F5),TaskName 6/2/2025 (GreenStar 4 Monitor),32%zidua/sharpen,527,6/2/2025,1.000,On,1129.0,121.25,0.00,4.940,7.244,5.249,268.16,41.99,42.30,0,2,72.59,6/2/2025,Good,16.92,0.0027,6.345,0.00100,0.00,0.00,0.00,8.460,0.0013,4.230,0.00067,42.03,0.847,0.00,0.00,50.76,0.0080,0.00,0.00,0.00,0.00,0.00,5.922,0.00,0.00,0.020
-93.78030137,42.02155762,F Fields (F1-F5),TaskName 6/2/2025 (GreenStar 4 Monitor),32%zidua/sharpen,528,6/2/2025,0.995,On,1129.0,121.25,0.00,4.925,7.185,5.149,267.92,41.99,42.87,0,2,72.36,6/2/2025,Good,17.15,0.0027,6.430,0.0010,0.00,0.00,0.00,8.573,0.0013,4.287,0.00067,42.59,0.852,0.00,0.00,51.44,0.0080,0.00,0.00,0.00,0.00,0.00,6.001,0.00,0.00,0.020
-93.78032808,42.02155745,F Fields (F1-F5),TaskName 6/2/2025 (GreenStar 4 Monitor),32%zidua/sharpen,529,6/2/2025,1.005,On,1129.0,121.25,0.00,4.984,7.343,4.836,266.92,41.99,42.53,0,2,73.21,6/2/2025,Good,17.01,0.0027,6.380,0.0010,0.00,0.00,0.00,8.506,0.0014,4.253,0.00068,42.26,0.864,0.00,0.00,51.04,0.0081,0.00,0.00,0.00,0.00,0.00,5.955,0.00,0.00,0.020
-93.78035503,42.02155632,F Fields (F1-F5),TaskName 6/2/2025 (GreenStar 4 Monitor),32%zidua/sharpen,530,6/2/2025,1.000,On,1129.1,121.25,0.00,4.977,7.297,4.104,267.70,41.99,41.95,0,2,73.12,6/2/2025,Good,16.78,0.0027,6.293,0.00100,0.00,0.00,0.00,8.391,0.0013,4.195,0.00067,41.68,0.847,0.00,0.00,50.34,0.0080,0.00,0.00,0.00,0.00,0.00,5.873,0.00,0.00,0.020
-93.78038194,42.02155497,F Fields (F1-F5),TaskName 6/2/2025 (GreenStar 4 Monitor),32%zidua/sharpen,531,6/2/2025,1.000,On,1129.1,121.25,0.00,5.008,7.346,4.771,269.37,41.99,41.26,0,2,73.61,6/2/2025,Good,16.50,0.0026,6.189,0.00099,0.00,0.00,0.00,8.252,0.0013,4.126,0.00066,40.99,0.838,0.00,0.00,49.51,0.0079,0.00,0.00,0.00,0.00,0.00,5.776,0.00,0.00,0.020
-93.78040871,42.02155465,F Fields (F1-F5),TaskName 6/2/2025 (GreenStar 4 Monitor),32%zidua/sharpen,532,6/2/2025,1.000,On,1129.3,121.25,0.00,4.978,7.300,4.851,270.70,41.99,41.74,0,2,73.15,6/2/2025,Good,16.70,0.0027,6.261,0.00099,0.00,0.00,0.00,8.348,0.0013,4.174,0.00066,41.47,0.843,0.00,0.00,50.09,0.0080,0.00,0.00,0.00,0.00,0.00,5.844,0.00,0.00,0.020
-93.78043543,42.02155426,F Fields (F1-F5),TaskName 6/2/2025 (GreenStar 4 Monitor),32%zidua/sharpen,533,6/2/2025,0.995,On,1129.4,121.25,0.00,4.964,7.244,5.001,272.73,41.99,41.60,0,2,72.96,6/2/2025,Good,16.64,0.0026,6.240,0.00098,0.00,0.00,0.00,8.320,0.0013,4.160,0.00066,41.33,0.833,0.00,0.00,49.92,0.0079,0.00,0.00,0.00,0.00,0.00,5.824,0.00,0.00,0.020
-93.78046186,42.02155475,F Fields (F1-F5),TaskName 6/2/2025 (GreenStar 4 Monitor),32%zidua/sharpen,534,6/2/2025,1.005,On,1129.6,121.25,0.00,4.911,7.241,5.333,272.78,41.99,41.97,0,2,72.20,6/2/2025,Good,16.79,0.0026,6.295,0.00099,0.00,0.00,0.00,8.393,0.0013,4.197,0.00066,41.69,0.840,0.00,0.00,50.36,0.0079,0.00,0.00,0.00,0.00,0.00,5.875,0.00,0.00,0.020
-93.78048871,42.02155635,F Fields (F1-F5),TaskName 6/2/2025 (GreenStar 4 Monitor),32%zidua/sharpen,535,6/2/2025,1.000,On,1129.6,121.25,0.00,4.939,7.241,4.713,271.19,41.99,42.01,0,2,72.56,6/2/2025,Good,16.80,0.0026,6.301,0.00099,0.00,0.00,0.00,8.401,0.0013,4.201,0.00066,41.73,0.841,0.00,0.00,50.41,0.0079,0.00,0.00,0.00,0.00,0.00,5.881,0.00,0.00,0.020
-93.78051529,42.02155699,F Fields (F1-F5),TaskName 6/2/2025 (GreenStar 4 Monitor),32%zidua/sharpen,536,6/2/2025,1.000,On,1129.6,121.25,0.00,4.966,7.283,5.050,271.17,41.99,41.71,0,2,72.98,6/2/2025,Good,16.68,0.0026,6.256,0.00099,0.00,0.00,0.00,8.341,0.0013,4.171,0.00066,41.44,0.840,0.00,0.00,50.05,0.0079,0.00,0.00,0.00,0.00,0.00,5.839,0.00,0.00,0.020
-93.78054214,42.02155680,F Fields (F1-F5),TaskName 6/2/2025 (GreenStar 4 Monitor),32%zidua/sharpen,537,6/2/2025,0.996,On,1129.6,121.25,0.00,4.939,7.205,4.955,273.18,41.99,41.77,0,2,72.49,6/2/2025,Good,16.71,0.0026,6.266,0.00098,0.00,0.00,0.00,8.354,0.0013,4.177,0.00065,41.50,0.832,0.00,0.00,50.13,0.0079,0.00,0.00,0.00,0.00,0.00,5.848,0.00,0.00,0.020
-93.78056881,42.02155786,F Fields (F1-F5),TaskName 6/2/2025 (GreenStar 4 Monitor),32%zidua/sharpen,538,6/2/2025,1.004,On,1129.5,121.25,0.00,4.951,7.293,5.089,273.10,41.99,42.16,0,2,72.79,6/2/2025,Good,16.87,0.0027,6.325,0.0010,0.00,0.00,0.00,8.433,0.0013,4.216,0.00067,41.89,0.850,0.00,0.00,50.60,0.0080,0.00,0.00,0.00,0.00,0.00,5.903,0.00,0.00,0.020
-93.78059570,42.02155941,F Fields (F1-F5),TaskName 6/2/2025 (GreenStar 4 Monitor),32%zidua/sharpen,539,6/2/2025,0.995,On,1129.5,121.25,0.00,4.965,7.244,4.834,271.52,41.99,42.30,0,2,72.96,6/2/2025,Good,16.92,0.0027,6.345,0.00100,0.00,0.00,0.00,8.460,0.0013,4.230,0.00067,42.03,0.847,0.00,0.00,50.76,0.0080,0.00,0.00,0.00,0.00,0.00,5.922,0.00,0.00,0.020
-93.78062201,42.02156038,F Fields (F1-F5),TaskName 6/2/2025 (GreenStar 4 Monitor),32%zidua/sharpen,540,6/2/2025,1.000,On,1129.6,121.25,0.00,4.969,7.287,5.237,270.52,41.99,41.62,0,2,73.02,6/2/2025,Good,16.65,0.0026,6.243,0.00099,0.00,0.00,0.00,8.324,0.0013,4.162,0.00066,41.35,0.839,0.00,0.00,49.95,0.0079,0.00,0.00,0.00,0.00,0.00,5.827,0.00,0.00,0.020
-93.78064906,42.02156045,F Fields (F1-F5),TaskName 6/2/2025 (GreenStar 4 Monitor),32%zidua/sharpen,541,6/2/2025,1.000,On,1129.6,121.25,0.00,4.921,7.218,5.163,270.50,41.99,42.28,0,2,72.33,6/2/2025,Good,16.91,0.0027,6.342,0.00100,0.00,0.00,0.00,8.456,0.0013,4.228,0.00066,42.00,0.844,0.00,0.00,50.73,0.0080,0.00,0.00,0.00,0.00,0.00,5.919,0.00,0.00,0.020
-93.78067528,42.02156078,F Fields (F1-F5),TaskName 6/2/2025 (GreenStar 4 Monitor),32%zidua/sharpen,542,6/2/2025,1.000,On,1129.7,121.25,0.00,4.901,7.183,5.375,270.15,41.99,41.85,0,2,71.98,6/2/2025,Good,16.74,0.0026,6.277,0.00098,0.00,0.00,0.00,8.369,0.0013,4.185,0.00065,41.57,0.831,0.00,0.00,50.22,0.0078,0.00,0.00,0.00,0.00,0.00,5.858,0.00,0.00,0.020
-93.78070181,42.02156121,F Fields (F1-F5),TaskName 6/2/2025 (GreenStar 4 Monitor),32%zidua/sharpen,543,6/2/2025,1.005,On,1129.7,121.25,0.00,4.919,7.247,5.432,269.46,41.99,42.04,0,2,72.26,6/2/2025,Good,16.81,0.0027,6.306,0.00099,0.00,0.00,0.00,8.407,0.0013,4.204,0.00066,41.76,0.843,0.00,0.00,50.44,0.0080,0.00,0.00,0.00,0.00,0.00,5.885,0.00,0.00,0.020
-93.78072833,42.02156105,F Fields (F1-F5),TaskName 6/2/2025 (GreenStar 4 Monitor),32%zidua/sharpen,544,6/2/2025,1.000,On,1129.7,121.25,0.00,4.948,7.254,5.389,269.62,41.99,41.96,0,2,72.69,6/2/2025,Good,16.78,0.0026,6.294,0.00099,0.00,0.00,0.00,8.392,0.0013,4.196,0.00066,41.69,0.842,0.00,0.00,50.35,0.0079,0.00,0.00,0.00,0.00,0.00,5.875,0.00,0.00,0.020
-93.78075541,42.02156091,F Fields (F1-F5),TaskName 6/2/2025 (GreenStar 4 Monitor),32%zidua/sharpen,545,6/2/2025,0.995,On,1129.6,121.25,0.00,4.994,7.283,4.873,269.73,41.99,41.77,0,2,73.35,6/2/2025,Good,16.71,0.0026,6.265,0.00099,0.00,0.00,0.00,8.354,0.0013,4.177,0.00066,41.50,0.841,0.00,0.00,50.12,0.0079,0.00,0.00,0.00,0.00,0.00,5.848,0.00,0.00,0.020
-93.78078247,42.02156080,F Fields (F1-F5),TaskName 6/2/2025 (GreenStar 4 Monitor),32%zidua/sharpen,546,6/2/2025,1.000,On,1129.5,121.25,0.00,4.980,7.303,5.066,269.69,41.99,41.63,0,2,73.18,6/2/2025,Good,16.65,0.0026,6.245,0.00099,0.00,0.00,0.00,8.326,0.0013,4.163,0.00066,41.36,0.841,0.00,0.00,49.96,0.0079,0.00,0.00,0.00,0.00,0.00,5.829,0.00,0.00,0.020
-93.78080974,42.02156103,F Fields (F1-F5),TaskName 6/2/2025 (GreenStar 4 Monitor),32%zidua/sharpen,547,6/2/2025,1.000,On,1129.5,121.25,0.00,5.020,7.359,4.835,268.47,41.99,41.67,0,2,73.74,6/2/2025,Good,16.67,0.0027,6.250,0.0010,0.00,0.00,0.00,8.334,0.0013,4.167,0.00067,41.40,0.848,0.00,0.00,50.00,0.0080,0.00,0.00,0.00,0.00,0.00,5.834,0.00,0.00,0.020
-93.78083642,42.02156099,F Fields (F1-F5),TaskName 6/2/2025 (GreenStar 4 Monitor),32%zidua/sharpen,548,6/2/2025,1.000,On,1129.5,121.25,0.00,4.993,7.316,5.243,267.29,41.99,41.66,0,2,73.31,6/2/2025,Good,16.67,0.0027,6.249,0.00099,0.00,0.00,0.00,8.333,0.0013,4.166,0.00066,41.39,0.843,0.00,0.00,50.00,0.0080,0.00,0.00,0.00,0.00,0.00,5.833,0.00,0.00,0.020
-93.78086345,42.02156004,F Fields (F1-F5),TaskName 6/2/2025 (GreenStar 4 Monitor),32%zidua/sharpen,549,6/2/2025,1.000,On,1129.4,121.25,0.00,4.949,7.254,5.185,267.77,41.99,42.11,0,2,72.69,6/2/2025,Good,16.84,0.0027,6.316,0.00100,0.00,0.00,0.00,8.421,0.0013,4.211,0.00066,41.83,0.845,0.00,0.00,50.53,0.0080,0.00,0.00,0.00,0.00,0.00,5.895,0.00,0.00,0.020
-93.78089018,42.02155883,F Fields (F1-F5),TaskName 6/2/2025 (GreenStar 4 Monitor),32%zidua/sharpen,550,6/2/2025,1.000,On,1129.4,121.25,0.00,4.999,7.326,4.865,268.69,41.99,41.87,0,2,73.41,6/2/2025,Good,16.75,0.0027,6.281,0.0010,0.00,0.00,0.00,8.375,0.0013,4.187,0.00067,41.60,0.848,0.00,0.00,50.25,0.0080,0.00,0.00,0.00,0.00,0.00,5.862,0.00,0.00,0.020
-93.78091749,42.02155851,F Fields (F1-F5),TaskName 6/2/2025 (GreenStar 4 Monitor),32%zidua/sharpen,551,6/2/2025,1.000,On,1129.3,121.25,0.00,4.996,7.320,4.818,268.54,41.99,41.97,0,2,73.35,6/2/2025,Good,16.79,0.0027,6.296,0.0010,0.00,0.00,0.00,8.395,0.0013,4.197,0.00067,41.70,0.850,0.00,0.00,50.37,0.0080,0.00,0.00,0.00,0.00,0.00,5.876,0.00,0.00,0.020
-93.78094407,42.02155831,F Fields (F1-F5),TaskName 6/2/2025 (GreenStar 4 Monitor),32%zidua/sharpen,552,6/2/2025,1.000,On,1129.2,121.25,0.00,5.015,7.352,5.259,267.95,41.99,41.86,0,2,73.68,6/2/2025,Good,16.74,0.0027,6.279,0.0010,0.00,0.00,0.00,8.371,0.0013,4.186,0.00067,41.58,0.851,0.00,0.00,50.23,0.0080,0.00,0.00,0.00,0.00,0.00,5.860,0.00,0.00,0.020
-93.78097118,42.02155770,F Fields (F1-F5),TaskName 6/2/2025 (GreenStar 4 Monitor),32%zidua/sharpen,553,6/2/2025,1.000,On,1129.1,121.25,0.00,4.967,7.280,5.034,268.50,41.99,42.07,0,2,72.95,6/2/2025,Good,16.83,0.0027,6.310,0.00100,0.00,0.00,0.00,8.414,0.0013,4.207,0.00067,41.79,0.847,0.00,0.00,50.48,0.0080,0.00,0.00,0.00,0.00,0.00,5.889,0.00,0.00,0.020
-93.78099845,42.02155677,F Fields (F1-F5),TaskName 6/2/2025 (GreenStar 4 Monitor),32%zidua/sharpen,554,6/2/2025,1.000,On,1129.0,121.25,0.00,5.046,7.398,4.593,269.20,41.99,41.82,0,2,74.14,6/2/2025,Good,16.73,0.0027,6.273,0.0010,0.00,0.00,0.00,8.364,0.0013,4.182,0.00067,41.55,0.856,0.00,0.00,50.18,0.0081,0.00,0.00,0.00,0.00,0.00,5.854,0.00,0.00,0.021
-93.78102549,42.02155647,F Fields (F1-F5),TaskName 6/2/2025 (GreenStar 4 Monitor),32%zidua/sharpen,555,6/2/2025,1.000,On,1128.9,121.25,0.00,5.040,7.385,4.723,269.17,41.99,41.79,0,2,74.00,6/2/2025,Good,16.71,0.0027,6.268,0.0010,0.00,0.00,0.00,8.357,0.0013,4.179,0.00067,41.51,0.853,0.00,0.00,50.14,0.0081,0.00,0.00,0.00,0.00,0.00,5.850,0.00,0.00,0.021
-93.78105265,42.02155642,F Fields (F1-F5),TaskName 6/2/2025 (GreenStar 4 Monitor),32%zidua/sharpen,556,6/2/2025,1.000,On,1128.8,121.25,0.00,5.029,7.372,4.563,268.53,41.99,41.76,0,2,73.87,6/2/2025,Good,16.71,0.0027,6.265,0.0010,0.00,0.00,0.00,8.353,0.0013,4.176,0.00067,41.49,0.851,0.00,0.00,50.12,0.0080,0.00,0.00,0.00,0.00,0.00,5.847,0.00,0.00,0.021
-93.78107988,42.02155610,F Fields (F1-F5),TaskName 6/2/2025 (GreenStar 4 Monitor),32%zidua/sharpen,557,6/2/2025,1.000,On,1128.7,121.25,0.00,5.002,7.329,4.833,268.09,41.99,41.84,0,2,73.45,6/2/2025,Good,16.74,0.0027,6.276,0.0010,0.00,0.00,0.00,8.368,0.0013,4.184,0.00067,41.57,0.848,0.00,0.00,50.21,0.0080,0.00,0.00,0.00,0.00,0.00,5.858,0.00,0.00,0.020
-93.78110701,42.02155532,F Fields (F1-F5),TaskName 6/2/2025 (GreenStar 4 Monitor),32%zidua/sharpen,558,6/2/2025,1.000,On,1128.6,121.25,0.00,5.029,7.372,4.701,268.51,41.99,41.81,0,2,73.87,6/2/2025,Good,16.73,0.0027,6.272,0.0010,0.00,0.00,0.00,8.363,0.0013,4.181,0.00067,41.54,0.852,0.00,0.00,50.18,0.0080,0.00,0.00,0.00,0.00,0.00,5.854,0.00,0.00,0.021
-93.78113414,42.02155444,F Fields (F1-F5),TaskName 6/2/2025 (GreenStar 4 Monitor),32%zidua/sharpen,559,6/2/2025,0.995,On,1128.5,121.25,0.00,5.048,7.362,4.459,269.86,41.99,41.76,0,2,74.14,6/2/2025,Good,16.71,0.0027,6.265,0.0010,0.00,0.00,0.00,8.353,0.0013,4.176,0.00067,41.49,0.850,0.00,0.00,50.12,0.0080,0.00,0.00,0.00,0.00,0.00,5.847,0.00,0.00,0.020
-93.78116108,42.02155391,F Fields (F1-F5),TaskName 6/2/2025 (GreenStar 4 Monitor),32%zidua/sharpen,560,6/2/2025,1.005,On,1128.4,121.25,0.00,5.006,7.375,4.901,271.32,41.99,41.77,0,2,73.54,6/2/2025,Good,16.71,0.0027,6.266,0.0010,0.00,0.00,0.00,8.354,0.0013,4.177,0.00067,41.50,0.852,0.00,0.00,50.13,0.0080,0.00,0.00,0.00,0.00,0.00,5.848,0.00,0.00,0.021
-93.78118806,42.02155430,F Fields (F1-F5),TaskName 6/2/2025 (GreenStar 4 Monitor),32%zidua/sharpen,561,6/2/2025,1.000,On,1128.4,121.25,0.00,4.992,7.316,4.734,271.24,41.99,41.93,0,2,73.31,6/2/2025,Good,16.77,0.0027,6.290,0.0010,0.00,0.00,0.00,8.386,0.0013,4.193,0.00067,41.66,0.848,0.00,0.00,50.32,0.0080,0.00,0.00,0.00,0.00,0.00,5.870,0.00,0.00,0.020
-93.78121511,42.02155507,F Fields (F1-F5),TaskName 6/2/2025 (GreenStar 4 Monitor),32%zidua/sharpen,562,6/2/2025,1.000,On,1128.3,121.25,0.00,5.030,7.372,4.632,270.89,41.99,42.01,0,2,73.87,6/2/2025,Good,16.80,0.0027,6.301,0.0010,0.00,0.00,0.00,8.401,0.0013,4.201,0.00067,41.73,0.856,0.00,0.00,50.41,0.0081,0.00,0.00,0.00,0.00,0.00,5.881,0.00,0.00,0.021
-93.78124229,42.02155530,F Fields (F1-F5),TaskName 6/2/2025 (GreenStar 4 Monitor),32%zidua/sharpen,563,6/2/2025,0.996,On,1128.2,121.25,0.00,5.007,7.300,4.817,270.97,41.99,42.04,0,2,73.44,6/2/2025,Good,16.81,0.0027,6.305,0.0010,0.00,0.00,0.00,8.407,0.0013,4.204,0.00067,41.76,0.849,0.00,0.00,50.44,0.0080,0.00,0.00,0.00,0.00,0.00,5.885,0.00,0.00,0.020
-93.78126947,42.02155563,F Fields (F1-F5),TaskName 6/2/2025 (GreenStar 4 Monitor),32%zidua/sharpen,564,6/2/2025,1.004,On,1128.1,121.25,0.00,5.065,7.461,4.563,271.54,41.99,41.95,0,2,74.46,6/2/2025,Good,16.78,0.0027,6.293,0.0010,0.00,0.00,0.00,8.391,0.0014,4.195,0.00068,41.68,0.866,0.00,0.00,50.35,0.0082,0.00,0.00,0.00,0.00,0.00,5.874,0.00,0.00,0.021
-93.78129671,42.02155620,F Fields (F1-F5),TaskName 6/2/2025 (GreenStar 4 Monitor),32%zidua/sharpen,565,6/2/2025,0.995,On,1128.0,121.25,0.00,5.027,7.329,4.604,271.81,41.99,41.93,0,2,73.81,6/2/2025,Good,16.77,0.0027,6.289,0.0010,0.00,0.00,0.00,8.386,0.0013,4.193,0.00067,41.65,0.850,0.00,0.00,50.31,0.0080,0.00,0.00,0.00,0.00,0.00,5.870,0.00,0.00,0.020
-93.78132382,42.02155678,F Fields (F1-F5),TaskName 6/2/2025 (GreenStar 4 Monitor),32%zidua/sharpen,566,6/2/2025,1.005,On,1128.0,121.25,0.00,5.021,7.395,4.586,272.19,41.99,41.96,0,2,73.73,6/2/2025,Good,16.78,0.0027,6.294,0.0010,0.00,0.00,0.00,8.392,0.0013,4.196,0.00067,41.69,0.858,0.00,0.00,50.35,0.0081,0.00,0.00,0.00,0.00,0.00,5.874,0.00,0.00,0.021
-93.78135096,42.02155772,F Fields (F1-F5),TaskName 6/2/2025 (GreenStar 4 Monitor),32%zidua/sharpen,567,6/2/2025,0.995,On,1127.9,121.25,0.00,5.059,7.379,4.496,271.77,41.99,41.71,0,2,74.31,6/2/2025,Good,16.68,0.0027,6.257,0.0010,0.00,0.00,0.00,8.342,0.0013,4.171,0.00067,41.44,0.851,0.00,0.00,50.05,0.0080,0.00,0.00,0.00,0.00,0.00,5.840,0.00,0.00,0.021
-93.78137805,42.02155865,F Fields (F1-F5),TaskName 6/2/2025 (GreenStar 4 Monitor),32%zidua/sharpen,568,6/2/2025,1.005,On,1127.8,121.25,0.00,5.025,7.402,4.731,271.07,41.99,41.95,0,2,73.80,6/2/2025,Good,16.78,0.0027,6.292,0.0010,0.00,0.00,0.00,8.389,0.0014,4.195,0.00068,41.67,0.859,0.00,0.00,50.34,0.0081,0.00,0.00,0.00,0.00,0.00,5.872,0.00,0.00,0.021
-93.78140535,42.02155913,F Fields (F1-F5),TaskName 6/2/2025 (GreenStar 4 Monitor),32%zidua/sharpen,569,6/2/2025,1.000,On,1127.7,121.25,0.00,5.025,7.369,4.640,270.80,41.99,41.98,0,2,73.84,6/2/2025,Good,16.79,0.0027,6.297,0.0010,0.00,0.00,0.00,8.396,0.0013,4.198,0.00067,41.71,0.855,0.00,0.00,50.38,0.0081,0.00,0.00,0.00,0.00,0.00,5.877,0.00,0.00,0.021
-93.78143258,42.02155932,F Fields (F1-F5),TaskName 6/2/2025 (GreenStar 4 Monitor),32%zidua/sharpen,570,6/2/2025,1.000,On,1127.6,121.25,0.00,5.037,7.382,4.766,270.72,41.99,41.81,0,2,73.97,6/2/2025,Good,16.72,0.0027,6.272,0.0010,0.00,0.00,0.00,8.362,0.0013,4.181,0.00067,41.54,0.854,0.00,0.00,50.17,0.0081,0.00,0.00,0.00,0.00,0.00,5.853,0.00,0.00,0.021
-93.78145971,42.02155969,F Fields (F1-F5),TaskName 6/2/2025 (GreenStar 4 Monitor),32%zidua/sharpen,571,6/2/2025,1.000,On,1127.6,121.25,0.00,5.032,7.379,4.715,270.20,41.99,41.97,0,2,73.94,6/2/2025,Good,16.79,0.0027,6.296,0.0010,0.00,0.00,0.00,8.394,0.0013,4.197,0.00067,41.70,0.856,0.00,0.00,50.37,0.0081,0.00,0.00,0.00,0.00,0.00,5.876,0.00,0.00,0.021
-93.78148629,42.02155992,F Fields (F1-F5),TaskName 6/2/2025 (GreenStar 4 Monitor),32%zidua/sharpen,572,6/2/2025,1.000,On,1127.5,121.25,0.00,4.997,7.328,4.650,269.46,41.99,41.83,0,2,73.43,6/2/2025,Good,16.73,0.0027,6.274,0.00100,0.00,0.00,0.00,8.366,0.0013,4.183,0.00067,41.56,0.848,0.00,0.00,50.19,0.0080,0.00,0.00,0.00,0.00,0.00,5.856,0.00,0.00,0.020
-93.78151304,42.02155993,F Fields (F1-F5),TaskName 6/2/2025 (GreenStar 4 Monitor),32%zidua/sharpen,573,6/2/2025,1.000,On,1127.4,121.25,0.00,4.945,7.262,5.120,268.68,41.99,42.04,0,2,72.77,6/2/2025,Good,16.82,0.0027,6.307,0.00100,0.00,0.00,0.00,8.409,0.0013,4.204,0.00066,41.77,0.844,0.00,0.00,50.45,0.0080,0.00,0.00,0.00,0.00,0.00,5.886,0.00,0.00,0.020
-93.78153951,42.02155973,F Fields (F1-F5),TaskName 6/2/2025 (GreenStar 4 Monitor),32%zidua/sharpen,574,6/2/2025,0.995,On,1127.1,121.25,0.00,4.965,7.252,4.280,268.09,41.99,41.92,0,2,73.04,6/2/2025,Good,16.77,0.0026,6.289,0.00099,0.00,0.00,0.00,8.385,0.0013,4.192,0.00066,41.65,0.841,0.00,0.00,50.31,0.0079,0.00,0.00,0.00,0.00,0.00,5.869,0.00,0.00,0.020
-93.78156354,42.02155919,F Fields (F1-F5),TaskName 6/2/2025 (GreenStar 4 Monitor),32%zidua/sharpen,575,6/2/2025,1.000,On,1127.0,121.25,0.00,4.717,6.914,3.617,267.94,41.99,41.97,0,2,69.28,6/2/2025,Good,16.79,0.0025,6.295,0.00095,0.00,0.00,0.00,8.394,0.0013,4.197,0.00063,41.70,0.802,0.00,0.00,50.36,0.0076,0.00,0.00,0.00,0.00,0.00,5.876,0.00,0.00,0.019
-93.78158730,42.02155837,F Fields (F1-F5),TaskName 6/2/2025 (GreenStar 4 Monitor),32%zidua/sharpen,576,6/2/2025,1.000,On,1126.7,121.25,0.00,4.406,6.465,3.835,268.32,41.99,42.99,0,2,64.78,6/2/2025,Good,17.20,0.0024,6.449,0.00091,0.00,0.00,0.00,8.598,0.0012,4.299,0.00060,42.71,0.769,0.00,0.00,51.59,0.0073,0.00,0.00,0.00,0.00,0.00,6.019,0.00,0.00,0.018
-93.78160939,42.02155775,F Fields (F1-F5),TaskName 6/2/2025 (GreenStar 4 Monitor),32%zidua/sharpen,577,6/2/2025,1.001,On,1126.4,121.25,0.00,4.255,6.242,3.749,268.70,41.99,43.12,0,2,62.48,6/2/2025,Good,17.25,0.0023,6.468,0.00088,0.00,0.00,0.00,8.624,0.0012,4.312,0.00059,42.84,0.744,0.00,0.00,51.74,0.0070,0.00,0.00,0.00,0.00,0.00,6.037,0.00,0.00,0.017
-93.78163049,42.02155729,F Fields (F1-F5),TaskName 6/2/2025 (GreenStar 4 Monitor),32%zidua/sharpen,578,6/2/2025,1.004,On,1126.1,121.25,0.00,4.034,5.946,3.532,269.17,41.99,43.91,0,2,59.35,6/2/2025,Good,17.56,0.0023,6.586,0.00085,0.00,0.00,0.00,8.781,0.0011,4.391,0.00057,43.62,0.722,0.00,0.00,52.69,0.0068,0.00,0.00,0.00,0.00,0.00,6.147,0.00,0.00,0.017
-93.78165147,42.02155685,F Fields (F1-F5),TaskName 6/2/2025 (GreenStar 4 Monitor),32%zidua/sharpen,579,6/2/2025,0.995,On,1125.9,121.25,0.00,3.892,5.684,3.655,269.89,41.99,44.55,0,2,57.24,6/2/2025,Good,17.82,0.0022,6.683,0.00083,0.00,0.00,0.00,8.910,0.0011,4.455,0.00055,44.26,0.700,0.00,0.00,53.46,0.0066,0.00,0.00,0.00,0.00,0.00,6.237,0.00,0.00,0.016
-93.78167303,42.02155679,F Fields (F1-F5),TaskName 6/2/2025 (GreenStar 4 Monitor),32%zidua/sharpen,580,6/2/2025,1.000,On,1125.7,121.25,0.00,3.965,5.818,3.499,270.32,41.99,44.02,0,2,58.30,6/2/2025,Good,17.61,0.0022,6.603,0.00084,0.00,0.00,0.00,8.804,0.0011,4.402,0.00056,43.73,0.708,0.00,0.00,52.82,0.0067,0.00,0.00,0.00,0.00,0.00,6.163,0.00,0.00,0.016
-93.78169441,42.02155668,F Fields (F1-F5),TaskName 6/2/2025 (GreenStar 4 Monitor),32%zidua/sharpen,581,6/2/2025,1.000,On,1125.5,121.25,0.00,3.979,5.841,3.484,270.95,41.99,43.10,0,2,58.53,6/2/2025,Good,17.24,0.0022,6.465,0.00082,0.00,0.00,0.00,8.620,0.0011,4.310,0.00055,42.82,0.696,0.00,0.00,51.72,0.0066,0.00,0.00,0.00,0.00,0.00,6.034,0.00,0.00,0.016
-93.78171536,42.02155672,F Fields (F1-F5),TaskName 6/2/2025 (GreenStar 4 Monitor),32%zidua/sharpen,582,6/2/2025,1.000,On,1125.3,121.25,0.00,3.934,5.776,3.535,271.68,41.99,42.11,0,2,57.88,6/2/2025,Good,16.84,0.0021,6.317,0.00079,0.00,0.00,0.00,8.422,0.0011,4.211,0.00053,41.84,0.673,0.00,0.00,50.53,0.0063,0.00,0.00,0.00,0.00,0.00,5.896,0.00,0.00,0.016
-93.78173597,42.02155696,F Fields (F1-F5),TaskName 6/2/2025 (GreenStar 4 Monitor),32%zidua/sharpen,583,6/2/2025,1.000,On,1125.1,121.25,0.00,3.831,5.625,3.795,272.22,41.99,42.09,0,2,56.36,6/2/2025,Good,16.84,0.0021,6.314,0.00077,0.00,0.00,0.00,8.419,0.0010,4.209,0.00051,41.82,0.655,0.00,0.00,50.51,0.0062,0.00,0.00,0.00,0.00,0.00,5.893,0.00,0.00,0.016
-93.78174345,42.02155714,F Fields (F1-F5),TaskName 6/2/2025 (GreenStar 4 Monitor),32%zidua/sharpen,584,6/2/2025,0.400,On,1125.0,121.25,0.00,3.800,2.232,2.821,272.10,41.99,42.29,0,2,55.92,6/2/2025,Good,16.92,0.00082,6.344,0.00031,0.00,0.00,0.00,8.458,0.00041,4.229,0.00021,42.02,0.261,0.00,0.00,50.75,0.0025,0.00,0.00,0.00,0.00,0.00,5.921,0.00,0.00,0.0062
-93.78179950,42.02158726,F Fields (F1-F5),TaskName 6/2/2025 (GreenStar 4 Monitor),32%zidua/sharpen,585,6/2/2025,0.999,On,1125.4,75.00,-23.12,2.778,3.680,6.313,1.670,41.99,46.29,0,3,22.83,6/2/2025,Good,18.52,0.00092,6.944,0.00034,0.00,0.00,0.00,9.258,0.00046,4.629,0.00023,45.99,0.291,0.00,0.00,55.55,0.0027,0.00,0.00,0.00,0.00,0.00,6.481,0.00,0.00,0.0063
-93.78179957,42.02159102,F Fields (F1-F5),TaskName 6/2/2025 (GreenStar 4 Monitor),32%zidua/sharpen,586,6/2/2025,0.200,On,1125.3,75.00,-23.12,4.058,1.189,4.167,1.788,41.99,45.07,0,3,36.86,6/2/2025,Good,18.03,0.00029,6.761,0.00011,0.00,0.00,0.00,9.014,0.00014,4.507,7.211e-05,44.78,0.092,0.00,0.00,54.09,0.00087,0.00,0.00,0.00,0.00,0.00,6.310,0.00,0.00,0.0020
-93.78179914,42.02160904,F Fields (F1-F5),TaskName 6/2/2025 (GreenStar 4 Monitor),32%zidua/sharpen,587,6/2/2025,1.000,On,1125.4,76.25,-22.50,4.462,6.544,3.331,1.741,41.99,43.28,0,3,41.24,6/2/2025,Good,17.31,0.0015,6.491,0.00058,0.00,0.00,0.00,8.655,0.00077,4.328,0.00039,42.99,0.492,0.00,0.00,51.93,0.0046,0.00,0.00,0.00,0.00,0.00,6.059,0.00,0.00,0.011
-93.78179809,42.02162574,F Fields (F1-F5),TaskName 6/2/2025 (GreenStar 4 Monitor),32%zidua/sharpen,588,6/2/2025,1.000,On,1125.5,76.25,-22.50,4.251,6.234,5.619,0.643,41.99,43.22,0,3,39.28,6/2/2025,Good,17.29,0.0015,6.483,0.00055,0.00,0.00,0.00,8.643,0.00074,4.322,0.00037,42.94,0.469,0.00,0.00,51.86,0.0044,0.00,0.00,0.00,0.00,0.00,6.050,0.00,0.00,0.011
-93.78179740,42.02164361,F Fields (F1-F5),TaskName 6/2/2025 (GreenStar 4 Monitor),32%zidua/sharpen,589,6/2/2025,1.000,On,1125.4,76.25,-22.50,4.287,6.286,5.147,0.157,41.99,42.72,0,3,39.61,6/2/2025,Good,17.09,0.0015,6.409,0.00055,0.00,0.00,0.00,8.545,0.00073,4.272,0.00037,42.45,0.467,0.00,0.00,51.27,0.0044,0.00,0.00,0.00,0.00,0.00,5.981,0.00,0.00,0.011
-93.78179781,42.02166189,F Fields (F1-F5),TaskName 6/2/2025 (GreenStar 4 Monitor),32%zidua/sharpen,590,6/2/2025,1.000,On,1125.4,76.25,-22.50,4.554,6.680,4.426,0.549,41.99,41.62,0,3,42.09,6/2/2025,Good,16.65,0.0015,6.244,0.00057,0.00,0.00,0.00,8.325,0.00076,4.162,0.00038,41.35,0.484,0.00,0.00,49.95,0.0046,0.00,0.00,0.00,0.00,0.00,5.827,0.00,0.00,0.012
-93.78179749,42.02168053,F Fields (F1-F5),TaskName 6/2/2025 (GreenStar 4 Monitor),32%zidua/sharpen,591,6/2/2025,1.000,On,1125.3,76.25,-22.50,4.515,6.624,4.804,0.212,41.99,42.07,0,3,41.74,6/2/2025,Good,16.83,0.0015,6.310,0.00057,0.00,0.00,0.00,8.414,0.00076,4.207,0.00038,41.80,0.485,0.00,0.00,50.48,0.0046,0.00,0.00,0.00,0.00,0.00,5.890,0.00,0.00,0.012
-93.78179734,42.02169919,F Fields (F1-F5),TaskName 6/2/2025 (GreenStar 4 Monitor),32%zidua/sharpen,592,6/2/2025,1.000,On,1125.2,76.25,-22.50,4.637,6.801,4.623,0.031,41.99,41.77,0,3,42.86,6/2/2025,Good,16.71,0.0016,6.266,0.00058,0.00,0.00,0.00,8.355,0.00078,4.177,0.00039,41.50,0.494,0.00,0.00,50.13,0.0047,0.00,0.00,0.00,0.00,0.00,5.848,0.00,0.00,0.012
-93.78179768,42.02171790,F Fields (F1-F5),TaskName 6/2/2025 (GreenStar 4 Monitor),32%zidua/sharpen,593,6/2/2025,0.995,On,1125.1,76.25,-22.50,4.657,6.798,4.708,0.706,41.99,41.80,0,3,43.05,6/2/2025,Good,16.72,0.0016,6.270,0.00058,0.00,0.00,0.00,8.360,0.00078,4.180,0.00039,41.53,0.494,0.00,0.00,50.16,0.0047,0.00,0.00,0.00,0.00,0.00,5.852,0.00,0.00,0.012
-93.78179767,42.02172169,F Fields (F1-F5),TaskName 6/2/2025 (GreenStar 4 Monitor),32%zidua/sharpen,594,6/2/2025,0.205,On,1125.1,80.00,-20.57,4.664,1.402,4.854,0.760,41.99,38.95,0,3,45.22,6/2/2025,Good,15.58,0.00031,5.842,0.00012,0.00,0.00,0.00,7.789,0.00016,3.895,7.836e-05,38.69,0.100,0.00,0.00,46.74,0.00094,0.00,0.00,0.00,0.00,0.00,5.452,0.00,0.00,0.0026
-93.78179764,42.02174096,F Fields (F1-F5),TaskName 6/2/2025 (GreenStar 4 Monitor),32%zidua/sharpen,595,6/2/2025,1.000,On,1125.0,121.25,0.00,4.741,6.952,4.841,0.894,41.99,39.05,0,3,69.66,6/2/2025,Good,15.62,0.0024,5.857,0.00089,0.00,0.00,0.00,7.809,0.0012,3.905,0.00059,38.79,0.751,0.00,0.00,46.86,0.0071,0.00,0.00,0.00,0.00,0.00,5.467,0.00,0.00,0.019
-93.78179707,42.02176006,F Fields (F1-F5),TaskName 6/2/2025 (GreenStar 4 Monitor),32%zidua/sharpen,596,6/2/2025,0.995,On,1124.9,121.25,0.00,4.750,6.929,4.903,0.635,41.99,40.50,0,3,69.78,6/2/2025,Good,16.20,0.0024,6.075,0.00092,0.00,0.00,0.00,8.100,0.0012,4.050,0.00061,40.24,0.776,0.00,0.00,48.60,0.0073,0.00,0.00,0.00,0.00,0.00,5.670,0.00,0.00,0.019
-93.78179731,42.02177918,F Fields (F1-F5),TaskName 6/2/2025 (GreenStar 4 Monitor),32%zidua/sharpen,597,6/2/2025,1.005,On,1124.8,121.25,0.00,4.754,7.008,5.052,1.066,41.99,41.29,0,3,69.87,6/2/2025,Good,16.52,0.0025,6.194,0.00094,0.00,0.00,0.00,8.258,0.0013,4.129,0.00063,41.02,0.800,0.00,0.00,49.55,0.0076,0.00,0.00,0.00,0.00,0.00,5.781,0.00,0.00,0.020
-93.78179707,42.02179865,F Fields (F1-F5),TaskName 6/2/2025 (GreenStar 4 Monitor),32%zidua/sharpen,598,6/2/2025,1.000,On,1124.7,121.25,0.00,4.786,7.021,4.861,1.239,41.99,41.55,0,3,70.35,6/2/2025,Good,16.62,0.0025,6.233,0.00095,0.00,0.00,0.00,8.310,0.0013,4.155,0.00063,41.28,0.807,0.00,0.00,49.86,0.0076,0.00,0.00,0.00,0.00,0.00,5.817,0.00,0.00,0.020
-93.78179643,42.02181811,F Fields (F1-F5),TaskName 6/2/2025 (GreenStar 4 Monitor),32%zidua/sharpen,599,6/2/2025,0.995,On,1124.7,121.25,0.00,4.832,7.054,4.658,0.909,41.99,41.59,0,3,71.04,6/2/2025,Good,16.64,0.0026,6.238,0.00096,0.00,0.00,0.00,8.318,0.0013,4.159,0.00064,41.32,0.811,0.00,0.00,49.91,0.0077,0.00,0.00,0.00,0.00,0.00,5.822,0.00,0.00,0.020
-93.78179574,42.02183744,F Fields (F1-F5),TaskName 6/2/2025 (GreenStar 4 Monitor),32%zidua/sharpen,600,6/2/2025,1.005,On,1124.6,121.25,0.00,4.814,7.096,5.220,0.353,41.99,41.73,0,3,70.76,6/2/2025,Good,16.69,0.0026,6.259,0.00097,0.00,0.00,0.00,8.345,0.0013,4.173,0.00064,41.46,0.819,0.00,0.00,50.07,0.0077,0.00,0.00,0.00,0.00,0.00,5.842,0.00,0.00,0.020
-93.78179533,42.02185672,F Fields (F1-F5),TaskName 6/2/2025 (GreenStar 4 Monitor),32%zidua/sharpen,601,6/2/2025,1.000,On,1124.5,121.25,0.00,4.796,7.034,5.497,0.063,41.99,42.06,0,3,70.49,6/2/2025,Good,16.83,0.0026,6.310,0.00097,0.00,0.00,0.00,8.413,0.0013,4.206,0.00064,41.79,0.818,0.00,0.00,50.48,0.0077,0.00,0.00,0.00,0.00,0.00,5.889,0.00,0.00,0.020
-93.78179583,42.02187662,F Fields (F1-F5),TaskName 6/2/2025 (GreenStar 4 Monitor),32%zidua/sharpen,602,6/2/2025,0.995,On,1124.4,121.25,0.00,4.883,7.126,4.931,0.870,41.99,41.93,0,3,71.77,6/2/2025,Good,16.77,0.0026,6.290,0.00097,0.00,0.00,0.00,8.386,0.0013,4.193,0.00065,41.66,0.826,0.00,0.00,50.32,0.0078,0.00,0.00,0.00,0.00,0.00,5.870,0.00,0.00,0.020
-93.78179603,42.02189645,F Fields (F1-F5),TaskName 6/2/2025 (GreenStar 4 Monitor),32%zidua/sharpen,603,6/2/2025,1.000,On,1124.3,121.25,0.00,4.923,7.221,5.158,1.474,41.99,41.64,0,3,72.36,6/2/2025,Good,16.66,0.0026,6.247,0.00098,0.00,0.00,0.00,8.329,0.0013,4.164,0.00065,41.37,0.832,0.00,0.00,49.97,0.0078,0.00,0.00,0.00,0.00,0.00,5.830,0.00,0.00,0.020
-93.78179539,42.02191605,F Fields (F1-F5),TaskName 6/2/2025 (GreenStar 4 Monitor),32%zidua/sharpen,604,6/2/2025,1.000,On,1124.2,121.25,0.00,4.876,7.149,5.368,1.404,41.99,41.84,0,3,71.64,6/2/2025,Good,16.74,0.0026,6.277,0.00098,0.00,0.00,0.00,8.369,0.0013,4.184,0.00065,41.57,0.827,0.00,0.00,50.21,0.0078,0.00,0.00,0.00,0.00,0.00,5.858,0.00,0.00,0.020
-93.78179464,42.02193571,F Fields (F1-F5),TaskName 6/2/2025 (GreenStar 4 Monitor),32%zidua/sharpen,605,6/2/2025,1.000,On,1124.2,121.25,0.00,4.889,7.169,5.316,0.910,41.99,41.86,0,3,71.83,6/2/2025,Good,16.74,0.0026,6.279,0.00098,0.00,0.00,0.00,8.372,0.0013,4.186,0.00065,41.59,0.830,0.00,0.00,50.23,0.0078,0.00,0.00,0.00,0.00,0.00,5.860,0.00,0.00,0.020
-93.78179382,42.02195503,F Fields (F1-F5),TaskName 6/2/2025 (GreenStar 4 Monitor),32%zidua/sharpen,606,6/2/2025,1.000,On,1124.2,121.25,0.00,4.840,7.096,5.555,0.455,41.99,41.91,0,3,71.11,6/2/2025,Good,16.76,0.0026,6.287,0.00097,0.00,0.00,0.00,8.382,0.0013,4.191,0.00065,41.64,0.823,0.00,0.00,50.29,0.0078,0.00,0.00,0.00,0.00,0.00,5.868,0.00,0.00,0.020
-93.78179388,42.02197460,F Fields (F1-F5),TaskName 6/2/2025 (GreenStar 4 Monitor),32%zidua/sharpen,607,6/2/2025,1.000,On,1124.3,121.25,0.00,4.843,7.100,5.258,1.058,41.99,41.95,0,3,71.14,6/2/2025,Good,16.78,0.0026,6.292,0.00097,0.00,0.00,0.00,8.389,0.0013,4.195,0.00065,41.67,0.824,0.00,0.00,50.34,0.0078,0.00,0.00,0.00,0.00,0.00,5.872,0.00,0.00,0.020
-93.78179374,42.02199394,F Fields (F1-F5),TaskName 6/2/2025 (GreenStar 4 Monitor),32%zidua/sharpen,608,6/2/2025,1.000,On,1124.5,121.25,0.00,4.830,7.083,5.986,1.702,41.99,41.69,0,3,70.98,6/2/2025,Good,16.68,0.0026,6.254,0.00096,0.00,0.00,0.00,8.339,0.0013,4.169,0.00064,41.42,0.817,0.00,0.00,50.03,0.0077,0.00,0.00,0.00,0.00,0.00,5.837,0.00,0.00,0.020
-93.78179278,42.02201348,F Fields (F1-F5),TaskName 6/2/2025 (GreenStar 4 Monitor),32%zidua/sharpen,609,6/2/2025,1.000,On,1124.6,121.25,0.00,4.820,7.064,5.981,1.639,41.99,41.98,0,3,70.78,6/2/2025,Good,16.79,0.0026,6.297,0.00097,0.00,0.00,0.00,8.397,0.0013,4.198,0.00064,41.71,0.820,0.00,0.00,50.38,0.0077,0.00,0.00,0.00,0.00,0.00,5.878,0.00,0.00,0.020
-93.78179151,42.02203303,F Fields (F1-F5),TaskName 6/2/2025 (GreenStar 4 Monitor),32%zidua/sharpen,610,6/2/2025,1.000,On,1124.7,121.25,0.00,4.859,7.126,5.691,1.341,41.99,41.69,0,3,71.41,6/2/2025,Good,16.68,0.0026,6.254,0.00097,0.00,0.00,0.00,8.338,0.0013,4.169,0.00065,41.42,0.822,0.00,0.00,50.03,0.0078,0.00,0.00,0.00,0.00,0.00,5.837,0.00,0.00,0.020
-93.78179078,42.02205262,F Fields (F1-F5),TaskName 6/2/2025 (GreenStar 4 Monitor),32%zidua/sharpen,611,6/2/2025,1.000,On,1124.9,121.25,0.00,4.898,7.182,6.044,1.278,41.99,41.83,0,3,71.97,6/2/2025,Good,16.73,0.0026,6.274,0.00098,0.00,0.00,0.00,8.366,0.0013,4.183,0.00065,41.56,0.831,0.00,0.00,50.19,0.0078,0.00,0.00,0.00,0.00,0.00,5.856,0.00,0.00,0.020
-93.78178962,42.02207222,F Fields (F1-F5),TaskName 6/2/2025 (GreenStar 4 Monitor),32%zidua/sharpen,612,6/2/2025,1.000,On,1125.1,121.25,0.00,4.853,7.116,6.019,359.74,41.99,41.94,0,3,71.31,6/2/2025,Good,16.78,0.0026,6.291,0.00097,0.00,0.00,0.00,8.388,0.0013,4.194,0.00065,41.67,0.825,0.00,0.00,50.33,0.0078,0.00,0.00,0.00,0.00,0.00,5.871,0.00,0.00,0.020
-93.78178877,42.02209159,F Fields (F1-F5),TaskName 6/2/2025 (GreenStar 4 Monitor),32%zidua/sharpen,613,6/2/2025,1.000,On,1125.2,121.25,0.00,4.833,7.087,5.869,358.12,41.99,41.82,0,3,71.01,6/2/2025,Good,16.73,0.0026,6.273,0.00097,0.00,0.00,0.00,8.364,0.0013,4.182,0.00064,41.55,0.820,0.00,0.00,50.19,0.0077,0.00,0.00,0.00,0.00,0.00,5.855,0.00,0.00,0.020
-93.78178998,42.02211105,F Fields (F1-F5),TaskName 6/2/2025 (GreenStar 4 Monitor),32%zidua/sharpen,614,6/2/2025,1.000,On,1125.4,121.25,0.00,4.838,7.096,5.199,358.80,41.99,41.98,0,3,71.11,6/2/2025,Good,16.79,0.0026,6.297,0.00097,0.00,0.00,0.00,8.396,0.0013,4.198,0.00065,41.71,0.824,0.00,0.00,50.38,0.0078,0.00,0.00,0.00,0.00,0.00,5.877,0.00,0.00,0.020
-93.78179090,42.02213054,F Fields (F1-F5),TaskName 6/2/2025 (GreenStar 4 Monitor),32%zidua/sharpen,615,6/2/2025,1.000,On,1125.5,121.25,0.00,4.837,7.093,5.769,359.41,41.99,41.78,0,3,71.08,6/2/2025,Good,16.71,0.0026,6.267,0.00097,0.00,0.00,0.00,8.356,0.0013,4.178,0.00064,41.51,0.820,0.00,0.00,50.14,0.0077,0.00,0.00,0.00,0.00,0.00,5.849,0.00,0.00,0.020
-93.78179054,42.02215019,F Fields (F1-F5),TaskName 6/2/2025 (GreenStar 4 Monitor),32%zidua/sharpen,616,6/2/2025,1.000,On,1125.6,121.25,0.00,4.844,7.103,5.781,358.77,41.99,42.00,0,3,71.18,6/2/2025,Good,16.80,0.0026,6.300,0.00097,0.00,0.00,0.00,8.400,0.0013,4.200,0.00065,41.73,0.825,0.00,0.00,50.40,0.0078,0.00,0.00,0.00,0.00,0.00,5.880,0.00,0.00,0.020
-93.78179088,42.02216993,F Fields (F1-F5),TaskName 6/2/2025 (GreenStar 4 Monitor),32%zidua/sharpen,617,6/2/2025,1.000,On,1125.8,121.25,0.00,4.904,7.192,5.449,358.96,41.99,41.75,0,3,72.06,6/2/2025,Good,16.70,0.0026,6.262,0.00098,0.00,0.00,0.00,8.349,0.0013,4.175,0.00065,41.48,0.830,0.00,0.00,50.10,0.0078,0.00,0.00,0.00,0.00,0.00,5.845,0.00,0.00,0.020
-93.78179190,42.02218959,F Fields (F1-F5),TaskName 6/2/2025 (GreenStar 4 Monitor),32%zidua/sharpen,618,6/2/2025,0.995,On,1125.9,121.25,0.00,4.922,7.182,5.471,359.51,41.99,41.63,0,3,72.33,6/2/2025,Good,16.65,0.0026,6.245,0.00098,0.00,0.00,0.00,8.327,0.0013,4.163,0.00065,41.36,0.827,0.00,0.00,49.96,0.0078,0.00,0.00,0.00,0.00,0.00,5.829,0.00,0.00,0.020
-93.78179277,42.02220928,F Fields (F1-F5),TaskName 6/2/2025 (GreenStar 4 Monitor),32%zidua/sharpen,619,6/2/2025,1.005,On,1126.0,121.25,0.00,4.856,7.159,5.368,0.039,41.99,41.81,0,3,71.38,6/2/2025,Good,16.72,0.0026,6.271,0.00098,0.00,0.00,0.00,8.362,0.0013,4.181,0.00065,41.54,0.828,0.00,0.00,50.17,0.0078,0.00,0.00,0.00,0.00,0.00,5.853,0.00,0.00,0.020
-93.78179264,42.02222877,F Fields (F1-F5),TaskName 6/2/2025 (GreenStar 4 Monitor),32%zidua/sharpen,620,6/2/2025,1.000,On,1126.1,121.25,0.00,4.885,7.169,5.049,0.125,41.99,41.54,0,3,71.83,6/2/2025,Good,16.62,0.0026,6.231,0.00097,0.00,0.00,0.00,8.308,0.0013,4.154,0.00065,41.27,0.824,0.00,0.00,49.85,0.0078,0.00,0.00,0.00,0.00,0.00,5.816,0.00,0.00,0.020
-93.78179218,42.02224847,F Fields (F1-F5),TaskName 6/2/2025 (GreenStar 4 Monitor),32%zidua/sharpen,621,6/2/2025,1.000,On,1126.2,121.25,0.00,4.855,7.123,5.757,359.67,41.99,41.92,0,3,71.37,6/2/2025,Good,16.77,0.0026,6.288,0.00097,0.00,0.00,0.00,8.384,0.0013,4.192,0.00065,41.65,0.826,0.00,0.00,50.30,0.0078,0.00,0.00,0.00,0.00,0.00,5.869,0.00,0.00,0.020
-93.78179207,42.02226835,F Fields (F1-F5),TaskName 6/2/2025 (GreenStar 4 Monitor),32%zidua/sharpen,622,6/2/2025,1.000,On,1126.3,121.25,0.00,4.922,7.224,5.221,359.42,41.99,41.88,0,3,72.39,6/2/2025,Good,16.75,0.0026,6.283,0.00099,0.00,0.00,0.00,8.377,0.0013,4.188,0.00066,41.61,0.837,0.00,0.00,50.26,0.0079,0.00,0.00,0.00,0.00,0.00,5.864,0.00,0.00,0.020
-93.78179206,42.02228831,F Fields (F1-F5),TaskName 6/2/2025 (GreenStar 4 Monitor),32%zidua/sharpen,623,6/2/2025,1.000,On,1126.2,121.25,0.00,4.966,7.287,5.247,359.25,41.99,41.76,0,3,73.02,6/2/2025,Good,16.71,0.0026,6.265,0.00099,0.00,0.00,0.00,8.353,0.0013,4.176,0.00066,41.49,0.842,0.00,0.00,50.12,0.0079,0.00,0.00,0.00,0.00,0.00,5.847,0.00,0.00,0.020
-93.78179241,42.02230814,F Fields (F1-F5),TaskName 6/2/2025 (GreenStar 4 Monitor),32%zidua/sharpen,624,6/2/2025,0.995,On,1126.2,121.25,0.00,4.924,7.188,5.341,359.21,41.99,41.90,0,3,72.39,6/2/2025,Good,16.76,0.0026,6.285,0.00098,0.00,0.00,0.00,8.379,0.0013,4.190,0.00065,41.62,0.833,0.00,0.00,50.28,0.0079,0.00,0.00,0.00,0.00,0.00,5.866,0.00,0.00,0.020
-93.78179298,42.02232837,F Fields (F1-F5),TaskName 6/2/2025 (GreenStar 4 Monitor),32%zidua/sharpen,625,6/2/2025,1.005,On,1126.2,121.25,0.00,4.978,7.339,4.670,359.50,41.99,41.90,0,3,73.18,6/2/2025,Good,16.76,0.0027,6.284,0.0010,0.00,0.00,0.00,8.379,0.0013,4.190,0.00067,41.62,0.850,0.00,0.00,50.28,0.0080,0.00,0.00,0.00,0.00,0.00,5.866,0.00,0.00,0.020
-93.78179345,42.02234829,F Fields (F1-F5),TaskName 6/2/2025 (GreenStar 4 Monitor),32%zidua/sharpen,626,6/2/2025,1.000,On,1126.1,121.25,0.00,4.985,7.316,4.930,359.83,41.99,41.99,0,3,73.31,6/2/2025,Good,16.79,0.0027,6.298,0.0010,0.00,0.00,0.00,8.397,0.0013,4.199,0.00067,41.71,0.849,0.00,0.00,50.38,0.0080,0.00,0.00,0.00,0.00,0.00,5.878,0.00,0.00,0.020
-93.78179346,42.02236838,F Fields (F1-F5),TaskName 6/2/2025 (GreenStar 4 Monitor),32%zidua/sharpen,627,6/2/2025,1.000,On,1126.1,121.25,0.00,4.976,7.300,4.602,359.47,41.99,41.99,0,3,73.15,6/2/2025,Good,16.79,0.0027,6.298,0.00100,0.00,0.00,0.00,8.397,0.0013,4.199,0.00067,41.71,0.848,0.00,0.00,50.38,0.0080,0.00,0.00,0.00,0.00,0.00,5.878,0.00,0.00,0.020
-93.78179338,42.02238835,F Fields (F1-F5),TaskName 6/2/2025 (GreenStar 4 Monitor),32%zidua/sharpen,628,6/2/2025,1.000,On,1126.0,121.25,0.00,4.963,7.280,4.925,359.00,41.99,41.87,0,3,72.95,6/2/2025,Good,16.75,0.0027,6.281,0.00099,0.00,0.00,0.00,8.375,0.0013,4.187,0.00066,41.60,0.843,0.00,0.00,50.25,0.0080,0.00,0.00,0.00,0.00,0.00,5.862,0.00,0.00,0.020
-93.78179408,42.02240835,F Fields (F1-F5),TaskName 6/2/2025 (GreenStar 4 Monitor),32%zidua/sharpen,629,6/2/2025,1.000,On,1125.8,121.25,0.00,4.975,7.300,5.247,359.18,41.99,41.83,0,3,73.15,6/2/2025,Good,16.73,0.0027,6.275,0.00100,0.00,0.00,0.00,8.366,0.0013,4.183,0.00066,41.56,0.844,0.00,0.00,50.20,0.0080,0.00,0.00,0.00,0.00,0.00,5.856,0.00,0.00,0.020
-93.78179530,42.02242834,F Fields (F1-F5),TaskName 6/2/2025 (GreenStar 4 Monitor),32%zidua/sharpen,630,6/2/2025,1.000,On,1125.7,121.25,0.00,4.955,7.267,5.313,0.055,41.99,41.88,0,3,72.82,6/2/2025,Good,16.75,0.0026,6.282,0.00099,0.00,0.00,0.00,8.376,0.0013,4.188,0.00066,41.61,0.842,0.00,0.00,50.26,0.0079,0.00,0.00,0.00,0.00,0.00,5.863,0.00,0.00,0.020
-93.78179560,42.02244821,F Fields (F1-F5),TaskName 6/2/2025 (GreenStar 4 Monitor),32%zidua/sharpen,631,6/2/2025,1.000,On,1125.7,121.25,0.00,4.945,7.254,5.361,0.447,41.99,41.93,0,3,72.69,6/2/2025,Good,16.77,0.0026,6.289,0.00099,0.00,0.00,0.00,8.386,0.0013,4.193,0.00066,41.66,0.841,0.00,0.00,50.31,0.0079,0.00,0.00,0.00,0.00,0.00,5.870,0.00,0.00,0.020
-93.78179488,42.02246817,F Fields (F1-F5),TaskName 6/2/2025 (GreenStar 4 Monitor),32%zidua/sharpen,632,6/2/2025,1.000,On,1125.6,121.25,0.00,4.948,7.260,5.123,359.49,41.99,42.01,0,3,72.75,6/2/2025,Good,16.80,0.0027,6.301,0.00099,0.00,0.00,0.00,8.402,0.0013,4.201,0.00066,41.74,0.843,0.00,0.00,50.41,0.0080,0.00,0.00,0.00,0.00,0.00,5.881,0.00,0.00,0.020
-93.78179460,42.02248812,F Fields (F1-F5),TaskName 6/2/2025 (GreenStar 4 Monitor),32%zidua/sharpen,633,6/2/2025,1.000,On,1125.6,121.25,0.00,4.960,7.277,4.875,359.14,41.99,41.94,0,3,72.92,6/2/2025,Good,16.78,0.0027,6.292,0.00100,0.00,0.00,0.00,8.389,0.0013,4.194,0.00066,41.67,0.844,0.00,0.00,50.33,0.0080,0.00,0.00,0.00,0.00,0.00,5.872,0.00,0.00,0.020
-93.78179513,42.02250796,F Fields (F1-F5),TaskName 6/2/2025 (GreenStar 4 Monitor),32%zidua/sharpen,634,6/2/2025,0.995,On,1125.5,121.25,0.00,4.962,7.241,5.152,359.22,41.99,41.85,0,3,72.92,6/2/2025,Good,16.74,0.0026,6.278,0.00099,0.00,0.00,0.00,8.371,0.0013,4.185,0.00066,41.58,0.838,0.00,0.00,50.22,0.0079,0.00,0.00,0.00,0.00,0.00,5.859,0.00,0.00,0.020
-93.78179550,42.02252786,F Fields (F1-F5),TaskName 6/2/2025 (GreenStar 4 Monitor),32%zidua/sharpen,635,6/2/2025,1.005,On,1125.6,121.25,0.00,4.929,7.270,4.875,359.26,41.99,42.05,0,3,72.49,6/2/2025,Good,16.82,0.0027,6.307,0.00100,0.00,0.00,0.00,8.410,0.0013,4.205,0.00066,41.78,0.845,0.00,0.00,50.46,0.0080,0.00,0.00,0.00,0.00,0.00,5.887,0.00,0.00,0.020
-93.78179578,42.02254768,F Fields (F1-F5),TaskName 6/2/2025 (GreenStar 4 Monitor),32%zidua/sharpen,636,6/2/2025,1.000,On,1125.6,121.25,0.00,4.927,7.228,5.275,359.14,41.99,41.74,0,3,72.43,6/2/2025,Good,16.70,0.0026,6.261,0.00098,0.00,0.00,0.00,8.348,0.0013,4.174,0.00066,41.47,0.834,0.00,0.00,50.09,0.0079,0.00,0.00,0.00,0.00,0.00,5.843,0.00,0.00,0.020
-93.78179600,42.02256731,F Fields (F1-F5),TaskName 6/2/2025 (GreenStar 4 Monitor),32%zidua/sharpen,637,6/2/2025,1.000,On,1125.6,121.25,0.00,4.895,7.182,5.425,358.83,41.99,41.86,0,3,71.97,6/2/2025,Good,16.74,0.0026,6.279,0.00098,0.00,0.00,0.00,8.371,0.0013,4.186,0.00065,41.58,0.831,0.00,0.00,50.23,0.0078,0.00,0.00,0.00,0.00,0.00,5.860,0.00,0.00,0.020
-93.78179628,42.02258713,F Fields (F1-F5),TaskName 6/2/2025 (GreenStar 4 Monitor),32%zidua/sharpen,638,6/2/2025,0.995,On,1125.7,121.25,0.00,4.900,7.156,5.627,358.59,41.99,42.11,0,3,72.06,6/2/2025,Good,16.84,0.0026,6.316,0.00098,0.00,0.00,0.00,8.422,0.0013,4.211,0.00066,41.84,0.833,0.00,0.00,50.53,0.0079,0.00,0.00,0.00,0.00,0.00,5.895,0.00,0.00,0.020
-93.78179686,42.02260682,F Fields (F1-F5),TaskName 6/2/2025 (GreenStar 4 Monitor),32%zidua/sharpen,639,6/2/2025,1.005,On,1125.8,121.25,0.00,4.912,7.244,5.360,358.42,41.99,41.97,0,3,72.23,6/2/2025,Good,16.79,0.0026,6.296,0.00099,0.00,0.00,0.00,8.395,0.0013,4.197,0.00066,41.70,0.841,0.00,0.00,50.37,0.0079,0.00,0.00,0.00,0.00,0.00,5.876,0.00,0.00,0.020
-93.78179784,42.02262642,F Fields (F1-F5),TaskName 6/2/2025 (GreenStar 4 Monitor),32%zidua/sharpen,640,6/2/2025,0.995,On,1126.0,121.25,0.00,4.890,7.142,4.963,358.70,41.99,42.08,0,3,71.93,6/2/2025,Good,16.83,0.0026,6.312,0.00098,0.00,0.00,0.00,8.416,0.0013,4.208,0.00065,41.81,0.831,0.00,0.00,50.50,0.0078,0.00,0.00,0.00,0.00,0.00,5.891,0.00,0.00,0.020
-93.78179874,42.02264602,F Fields (F1-F5),TaskName 6/2/2025 (GreenStar 4 Monitor),32%zidua/sharpen,641,6/2/2025,1.005,On,1126.1,121.25,0.00,4.872,7.185,4.630,359.06,41.99,41.79,0,3,71.64,6/2/2025,Good,16.72,0.0026,6.268,0.00098,0.00,0.00,0.00,8.358,0.0013,4.179,0.00065,41.52,0.830,0.00,0.00,50.15,0.0078,0.00,0.00,0.00,0.00,0.00,5.851,0.00,0.00,0.020
-93.78179864,42.02266560,F Fields (F1-F5),TaskName 6/2/2025 (GreenStar 4 Monitor),32%zidua/sharpen,642,6/2/2025,0.995,On,1126.3,121.25,0.00,4.848,7.073,5.386,358.60,41.99,41.84,0,3,71.24,6/2/2025,Good,16.74,0.0026,6.277,0.00097,0.00,0.00,0.00,8.369,0.0013,4.184,0.00064,41.57,0.819,0.00,0.00,50.21,0.0077,0.00,0.00,0.00,0.00,0.00,5.858,0.00,0.00,0.020
-93.78179875,42.02268541,F Fields (F1-F5),TaskName 6/2/2025 (GreenStar 4 Monitor),32%zidua/sharpen,643,6/2/2025,1.005,On,1126.5,121.25,0.00,4.914,7.244,5.250,357.95,41.99,42.08,0,3,72.23,6/2/2025,Good,16.83,0.0027,6.312,0.00099,0.00,0.00,0.00,8.416,0.0013,4.208,0.00066,41.81,0.843,0.00,0.00,50.49,0.0080,0.00,0.00,0.00,0.00,0.00,5.891,0.00,0.00,0.020
-93.78179954,42.02270526,F Fields (F1-F5),TaskName 6/2/2025 (GreenStar 4 Monitor),32%zidua/sharpen,644,6/2/2025,1.000,On,1126.7,121.25,0.00,4.931,7.231,5.321,357.76,41.99,41.85,0,3,72.46,6/2/2025,Good,16.74,0.0026,6.278,0.00099,0.00,0.00,0.00,8.370,0.0013,4.185,0.00066,41.58,0.837,0.00,0.00,50.22,0.0079,0.00,0.00,0.00,0.00,0.00,5.859,0.00,0.00,0.020
-93.78180073,42.02272494,F Fields (F1-F5),TaskName 6/2/2025 (GreenStar 4 Monitor),32%zidua/sharpen,645,6/2/2025,1.000,On,1126.8,121.25,0.00,4.902,7.195,5.244,357.85,41.99,41.90,0,3,72.10,6/2/2025,Good,16.76,0.0026,6.284,0.00098,0.00,0.00,0.00,8.379,0.0013,4.190,0.00066,41.62,0.834,0.00,0.00,50.28,0.0079,0.00,0.00,0.00,0.00,0.00,5.865,0.00,0.00,0.020
-93.78180151,42.02274469,F Fields (F1-F5),TaskName 6/2/2025 (GreenStar 4 Monitor),32%zidua/sharpen,646,6/2/2025,0.995,On,1127.3,121.25,0.00,4.940,7.208,4.569,357.40,41.99,41.83,0,3,72.59,6/2/2025,Good,16.73,0.0026,6.275,0.00098,0.00,0.00,0.00,8.367,0.0013,4.183,0.00066,41.56,0.834,0.00,0.00,50.20,0.0079,0.00,0.00,0.00,0.00,0.00,5.857,0.00,0.00,0.020
-93.78180238,42.02276482,F Fields (F1-F5),TaskName 6/2/2025 (GreenStar 4 Monitor),32%zidua/sharpen,647,6/2/2025,1.005,On,1127.4,121.25,0.00,4.922,7.254,4.333,357.11,41.99,41.87,0,3,72.33,6/2/2025,Good,16.75,0.0026,6.280,0.00099,0.00,0.00,0.00,8.374,0.0013,4.187,0.00066,41.60,0.840,0.00,0.00,50.24,0.0079,0.00,0.00,0.00,0.00,0.00,5.862,0.00,0.00,0.020
-93.78180403,42.02278387,F Fields (F1-F5),TaskName 6/2/2025 (GreenStar 4 Monitor),32%zidua/sharpen,648,6/2/2025,0.995,On,1127.6,121.25,0.00,4.896,7.146,4.664,357.54,41.99,41.72,0,3,71.96,6/2/2025,Good,16.69,0.0026,6.259,0.00097,0.00,0.00,0.00,8.345,0.0013,4.172,0.00065,41.45,0.824,0.00,0.00,50.07,0.0078,0.00,0.00,0.00,0.00,0.00,5.841,0.00,0.00,0.020
-93.78180446,42.02278787,F Fields (F1-F5),TaskName 6/2/2025 (GreenStar 4 Monitor),32%zidua/sharpen,649,6/2/2025,0.205,On,1127.6,121.25,0.00,4.747,1.427,3.329,357.64,41.99,42.11,0,3,69.77,6/2/2025,Good,16.84,0.00052,6.317,0.00020,0.00,0.00,0.00,8.422,0.00026,4.211,0.00013,41.84,0.166,0.00,0.00,50.53,0.0016,0.00,0.00,0.00,0.00,0.00,5.895,0.00,0.00,0.0040
-93.78180459,42.02279179,F Fields (F1-F5),TaskName 6/2/2025 (GreenStar 4 Monitor),32%zidua/sharpen,650,6/2/2025,0.195,On,1127.6,117.50,-1.875,4.812,1.375,3.005,357.62,41.99,42.37,0,3,68.47,6/2/2025,Good,16.95,0.00049,6.355,0.00018,0.00,0.00,0.00,8.473,0.00025,4.237,0.00012,42.09,0.156,0.00,0.00,50.84,0.0015,0.00,0.00,0.00,0.00,0.00,5.931,0.00,0.00,0.0037
-93.78180469,42.02279538,F Fields (F1-F5),TaskName 6/2/2025 (GreenStar 4 Monitor),32%zidua/sharpen,651,6/2/2025,0.205,On,1127.6,30.00,-45.62,4.845,1.457,2.450,357.51,41.99,42.27,0,3,17.62,6/2/2025,Good,16.91,0.00013,6.341,4.971e-05,0.00,0.00,0.00,8.454,6.627e-05,4.227,3.314e-05,42.00,0.042,0.00,0.00,50.73,0.00040,0.00,0.00,0.00,0.00,0.00,5.918,0.00,0.00,0.0010
-93.78201110,42.02263747,F Fields (F1-F5),TaskName 6/2/2025 (GreenStar 4 Monitor),32%zidua/sharpen,652,6/2/2025,0.200,On,1124.0,31.25,41.25,4.803,1.409,4.953,265.09,41.99,43.75,0,4,18.19,6/2/2025,Good,17.50,0.00014,6.562,5.181e-05,0.00,0.00,0.00,8.749,6.908e-05,4.375,3.454e-05,43.46,0.044,0.00,0.00,52.50,0.00041,0.00,0.00,0.00,0.00,0.00,6.124,0.00,0.00,0.0010
-93.78201641,42.02263702,F Fields (F1-F5),TaskName 6/2/2025 (GreenStar 4 Monitor),32%zidua/sharpen,653,6/2/2025,0.200,On,1123.9,52.50,30.62,4.787,1.406,4.636,265.25,41.99,44.51,0,4,30.49,6/2/2025,Good,17.80,0.00024,6.676,8.835e-05,0.00,0.00,0.00,8.901,0.00012,4.451,5.890e-05,44.22,0.075,0.00,0.00,53.41,0.00071,0.00,0.00,0.00,0.00,0.00,6.231,0.00,0.00,0.0017
-93.78202167,42.02263672,F Fields (F1-F5),TaskName 6/2/2025 (GreenStar 4 Monitor),32%zidua/sharpen,654,6/2/2025,0.195,On,1123.9,80.00,16.87,4.827,1.379,4.425,265.32,41.99,43.53,0,4,46.76,6/2/2025,Good,17.41,0.00034,6.530,0.00013,0.00,0.00,0.00,8.707,0.00017,4.353,8.615e-05,43.25,0.110,0.00,0.00,52.24,0.0010,0.00,0.00,0.00,0.00,0.00,6.095,0.00,0.00,0.0025
-93.78202695,42.02263631,F Fields (F1-F5),TaskName 6/2/2025 (GreenStar 4 Monitor),32%zidua/sharpen,655,6/2/2025,0.205,On,1123.9,105.00,4.375,4.852,1.458,4.167,265.45,41.99,41.90,0,4,61.72,6/2/2025,Good,16.76,0.00046,6.285,0.00017,0.00,0.00,0.00,8.379,0.00023,4.190,0.00012,41.62,0.146,0.00,0.00,50.28,0.0014,0.00,0.00,0.00,0.00,0.00,5.866,0.00,0.00,0.0035
-93.78203221,42.02263599,F Fields (F1-F5),TaskName 6/2/2025 (GreenStar 4 Monitor),32%zidua/sharpen,656,6/2/2025,0.200,On,1123.9,116.25,-1.250,4.877,1.432,4.075,265.55,41.99,41.95,0,4,68.78,6/2/2025,Good,16.78,0.00050,6.293,0.00019,0.00,0.00,0.00,8.390,0.00025,4.195,0.00013,41.68,0.159,0.00,0.00,50.34,0.0015,0.00,0.00,0.00,0.00,0.00,5.873,0.00,0.00,0.0038
-93.78205798,42.02263437,F Fields (F1-F5),TaskName 6/2/2025 (GreenStar 4 Monitor),32%zidua/sharpen,657,6/2/2025,0.995,On,1123.7,117.50,-1.875,4.828,7.041,4.942,266.02,41.99,42.32,0,4,68.71,6/2/2025,Good,16.93,0.0025,6.349,0.00094,0.00,0.00,0.00,8.465,0.0013,4.232,0.00063,42.05,0.799,0.00,0.00,50.79,0.0075,0.00,0.00,0.00,0.00,0.00,5.925,0.00,0.00,0.019
-93.78208454,42.02263294,F Fields (F1-F5),TaskName 6/2/2025 (GreenStar 4 Monitor),32%zidua/sharpen,658,6/2/2025,1.005,On,1123.6,117.50,-1.875,4.882,7.198,4.686,266.56,41.99,42.00,0,4,69.55,6/2/2025,Good,16.80,0.0025,6.300,0.00096,0.00,0.00,0.00,8.399,0.0013,4.200,0.00064,41.72,0.810,0.00,0.00,50.40,0.0076,0.00,0.00,0.00,0.00,0.00,5.880,0.00,0.00,0.019
-93.78211116,42.02263172,F Fields (F1-F5),TaskName 6/2/2025 (GreenStar 4 Monitor),32%zidua/sharpen,659,6/2/2025,1.000,On,1123.4,118.75,-1.250,4.904,7.192,4.266,267.01,41.99,41.49,0,4,70.58,6/2/2025,Good,16.60,0.0025,6.223,0.00095,0.00,0.00,0.00,8.298,0.0013,4.149,0.00064,41.22,0.808,0.00,0.00,49.79,0.0076,0.00,0.00,0.00,0.00,0.00,5.808,0.00,0.00,0.020
-93.78213776,42.02263058,F Fields (F1-F5),TaskName 6/2/2025 (GreenStar 4 Monitor),32%zidua/sharpen,660,6/2/2025,1.000,On,1123.4,118.75,-1.250,4.963,7.277,4.571,267.29,41.99,41.43,0,4,71.42,6/2/2025,Good,16.57,0.0026,6.214,0.00096,0.00,0.00,0.00,8.286,0.0013,4.143,0.00064,41.16,0.817,0.00,0.00,49.72,0.0077,0.00,0.00,0.00,0.00,0.00,5.800,0.00,0.00,0.020
-93.78216481,42.02262957,F Fields (F1-F5),TaskName 6/2/2025 (GreenStar 4 Monitor),32%zidua/sharpen,661,6/2/2025,1.000,On,1123.2,118.75,-1.250,4.980,7.300,4.675,267.63,41.99,41.54,0,4,71.64,6/2/2025,Good,16.61,0.0026,6.230,0.00097,0.00,0.00,0.00,8.307,0.0013,4.154,0.00065,41.27,0.821,0.00,0.00,49.84,0.0077,0.00,0.00,0.00,0.00,0.00,5.815,0.00,0.00,0.020
-93.78219178,42.02262867,F Fields (F1-F5),TaskName 6/2/2025 (GreenStar 4 Monitor),32%zidua/sharpen,662,6/2/2025,1.005,On,1123.1,118.75,-1.250,4.991,7.359,4.507,267.82,41.99,41.55,0,4,71.86,6/2/2025,Good,16.62,0.0026,6.232,0.00098,0.00,0.00,0.00,8.309,0.0013,4.155,0.00065,41.28,0.828,0.00,0.00,49.86,0.0078,0.00,0.00,0.00,0.00,0.00,5.817,0.00,0.00,0.020
-93.78221875,42.02262801,F Fields (F1-F5),TaskName 6/2/2025 (GreenStar 4 Monitor),32%zidua/sharpen,663,6/2/2025,0.995,On,1122.9,118.75,-1.250,5.001,7.297,4.445,267.93,41.99,41.60,0,4,71.97,6/2/2025,Good,16.64,0.0026,6.240,0.00097,0.00,0.00,0.00,8.320,0.0013,4.160,0.00065,41.33,0.822,0.00,0.00,49.92,0.0078,0.00,0.00,0.00,0.00,0.00,5.824,0.00,0.00,0.020
-93.78224574,42.02262718,F Fields (F1-F5),TaskName 6/2/2025 (GreenStar 4 Monitor),32%zidua/sharpen,664,6/2/2025,0.995,On,1122.7,118.75,-1.250,4.990,7.283,4.263,268.19,41.99,41.85,0,4,71.84,6/2/2025,Good,16.74,0.0026,6.277,0.00097,0.00,0.00,0.00,8.370,0.0013,4.185,0.00065,41.58,0.826,0.00,0.00,50.22,0.0078,0.00,0.00,0.00,0.00,0.00,5.859,0.00,0.00,0.020
-93.78227276,42.02262650,F Fields (F1-F5),TaskName 6/2/2025 (GreenStar 4 Monitor),32%zidua/sharpen,665,6/2/2025,1.000,On,1122.6,118.75,-1.250,5.010,7.349,4.497,268.33,41.99,41.83,0,4,72.12,6/2/2025,Good,16.73,0.0026,6.275,0.00098,0.00,0.00,0.00,8.367,0.0013,4.183,0.00065,41.56,0.833,0.00,0.00,50.20,0.0079,0.00,0.00,0.00,0.00,0.00,5.857,0.00,0.00,0.020
-93.78229986,42.02262580,F Fields (F1-F5),TaskName 6/2/2025 (GreenStar 4 Monitor),32%zidua/sharpen,666,6/2/2025,1.000,On,1122.4,118.75,-1.250,5.015,7.359,4.433,268.67,41.99,41.81,0,4,72.22,6/2/2025,Good,16.72,0.0026,6.271,0.00098,0.00,0.00,0.00,8.362,0.0013,4.181,0.00066,41.54,0.833,0.00,0.00,50.17,0.0079,0.00,0.00,0.00,0.00,0.00,5.853,0.00,0.00,0.020
-93.78232699,42.02262541,F Fields (F1-F5),TaskName 6/2/2025 (GreenStar 4 Monitor),32%zidua/sharpen,667,6/2/2025,1.000,On,1122.3,118.75,-1.250,5.044,7.395,4.141,268.26,41.99,41.86,0,4,72.57,6/2/2025,Good,16.74,0.0026,6.278,0.00099,0.00,0.00,0.00,8.371,0.0013,4.186,0.00066,41.58,0.838,0.00,0.00,50.23,0.0079,0.00,0.00,0.00,0.00,0.00,5.860,0.00,0.00,0.020
-93.78235416,42.02262480,F Fields (F1-F5),TaskName 6/2/2025 (GreenStar 4 Monitor),32%zidua/sharpen,668,6/2/2025,1.001,On,1122.1,118.75,-1.250,5.022,7.362,4.338,268.25,41.99,41.76,0,4,72.18,6/2/2025,Good,16.70,0.0026,6.264,0.00098,0.00,0.00,0.00,8.351,0.0013,4.176,0.00065,41.49,0.833,0.00,0.00,50.11,0.0079,0.00,0.00,0.00,0.00,0.00,5.846,0.00,0.00,0.020
-93.78238130,42.02262412,F Fields (F1-F5),TaskName 6/2/2025 (GreenStar 4 Monitor),32%zidua/sharpen,669,6/2/2025,0.999,On,1122.0,118.75,-1.250,5.035,7.382,4.432,268.40,41.99,41.91,0,4,72.52,6/2/2025,Good,16.76,0.0026,6.286,0.00099,0.00,0.00,0.00,8.382,0.0013,4.191,0.00066,41.64,0.838,0.00,0.00,50.29,0.0079,0.00,0.00,0.00,0.00,0.00,5.867,0.00,0.00,0.020
-93.78240855,42.02262354,F Fields (F1-F5),TaskName 6/2/2025 (GreenStar 4 Monitor),32%zidua/sharpen,670,6/2/2025,1.000,On,1121.8,118.75,-1.250,5.015,7.356,4.422,268.23,41.99,41.89,0,4,72.19,6/2/2025,Good,16.76,0.0026,6.284,0.00098,0.00,0.00,0.00,8.379,0.0013,4.189,0.00066,41.62,0.835,0.00,0.00,50.27,0.0079,0.00,0.00,0.00,0.00,0.00,5.865,0.00,0.00,0.020
-93.78243531,42.02262295,F Fields (F1-F5),TaskName 6/2/2025 (GreenStar 4 Monitor),32%zidua/sharpen,671,6/2/2025,1.000,On,1121.7,118.75,-1.250,5.015,7.352,4.766,268.30,41.99,41.88,0,4,72.16,6/2/2025,Good,16.75,0.0026,6.282,0.00098,0.00,0.00,0.00,8.376,0.0013,4.188,0.00066,41.61,0.834,0.00,0.00,50.25,0.0079,0.00,0.00,0.00,0.00,0.00,5.863,0.00,0.00,0.020
-93.78245161,42.02262237,F Fields (F1-F5),TaskName 6/2/2025 (GreenStar 4 Monitor),32%zidua/sharpen,672,6/2/2025,0.601,On,1121.6,118.75,-1.250,5.025,4.423,4.773,268.67,41.99,42.01,0,4,72.23,6/2/2025,Good,16.81,0.0016,6.302,0.00059,0.00,0.00,0.00,8.403,0.00079,4.201,0.00040,41.74,0.503,0.00,0.00,50.42,0.0047,0.00,0.00,0.00,0.00,0.00,5.882,0.00,0.00,0.012
-93.78247866,42.02262164,F Fields (F1-F5),TaskName 6/2/2025 (GreenStar 4 Monitor),32%zidua/sharpen,673,6/2/2025,1.000,On,1121.4,120.00,-0.625,5.001,7.339,4.662,269.01,41.99,41.78,0,4,72.79,6/2/2025,Good,16.71,0.0026,6.268,0.00099,0.00,0.00,0.00,8.357,0.0013,4.178,0.00066,41.51,0.839,0.00,0.00,50.14,0.0079,0.00,0.00,0.00,0.00,0.00,5.850,0.00,0.00,0.020
-93.78250569,42.02262126,F Fields (F1-F5),TaskName 6/2/2025 (GreenStar 4 Monitor),32%zidua/sharpen,674,6/2/2025,0.999,On,1121.2,120.00,-0.625,5.006,7.333,4.219,269.15,41.99,41.93,0,4,72.79,6/2/2025,Good,16.77,0.0026,6.290,0.00099,0.00,0.00,0.00,8.386,0.0013,4.193,0.00066,41.66,0.842,0.00,0.00,50.32,0.0079,0.00,0.00,0.00,0.00,0.00,5.870,0.00,0.00,0.020
-93.78253275,42.02262084,F Fields (F1-F5),TaskName 6/2/2025 (GreenStar 4 Monitor),32%zidua/sharpen,675,6/2/2025,1.001,On,1121.1,120.00,-0.625,5.038,7.395,4.379,269.36,41.99,41.60,0,4,73.27,6/2/2025,Good,16.64,0.0026,6.241,0.00099,0.00,0.00,0.00,8.321,0.0013,4.160,0.00066,41.33,0.842,0.00,0.00,49.93,0.0079,0.00,0.00,0.00,0.00,0.00,5.825,0.00,0.00,0.020
-93.78254900,42.02262080,F Fields (F1-F5),TaskName 6/2/2025 (GreenStar 4 Monitor),32%zidua/sharpen,676,6/2/2025,0.599,On,1121.0,120.00,-0.625,5.011,4.400,4.823,269.38,41.99,41.98,0,4,72.85,6/2/2025,Good,16.79,0.0016,6.297,0.00060,0.00,0.00,0.00,8.396,0.00080,4.198,0.00040,41.71,0.506,0.00,0.00,50.37,0.0048,0.00,0.00,0.00,0.00,0.00,5.877,0.00,0.00,0.012
-93.78257622,42.02262038,F Fields (F1-F5),TaskName 6/2/2025 (GreenStar 4 Monitor),32%zidua/sharpen,677,6/2/2025,0.996,On,1120.8,118.75,-1.250,5.015,7.320,4.520,269.62,41.99,42.17,0,4,72.12,6/2/2025,Good,16.87,0.0026,6.326,0.00099,0.00,0.00,0.00,8.435,0.0013,4.217,0.00066,41.90,0.836,0.00,0.00,50.61,0.0079,0.00,0.00,0.00,0.00,0.00,5.904,0.00,0.00,0.020
-93.78260305,42.02262041,F Fields (F1-F5),TaskName 6/2/2025 (GreenStar 4 Monitor),32%zidua/sharpen,678,6/2/2025,1.004,On,1120.7,118.75,-1.250,5.003,7.372,4.989,269.28,41.99,41.99,0,4,72.06,6/2/2025,Good,16.80,0.0026,6.299,0.00099,0.00,0.00,0.00,8.398,0.0013,4.199,0.00066,41.72,0.838,0.00,0.00,50.39,0.0079,0.00,0.00,0.00,0.00,0.00,5.879,0.00,0.00,0.020
-93.78263013,42.02262028,F Fields (F1-F5),TaskName 6/2/2025 (GreenStar 4 Monitor),32%zidua/sharpen,679,6/2/2025,1.000,On,1120.6,118.75,-1.250,4.980,7.300,4.991,269.17,41.99,42.15,0,4,71.64,6/2/2025,Good,16.86,0.0026,6.323,0.00098,0.00,0.00,0.00,8.430,0.0013,4.215,0.00066,41.88,0.833,0.00,0.00,50.58,0.0079,0.00,0.00,0.00,0.00,0.00,5.901,0.00,0.00,0.020
-93.78265688,42.02261983,F Fields (F1-F5),TaskName 6/2/2025 (GreenStar 4 Monitor),32%zidua/sharpen,680,6/2/2025,1.000,On,1120.5,118.75,-1.250,5.002,7.336,5.047,269.47,41.99,42.00,0,4,72.00,6/2/2025,Good,16.80,0.0026,6.300,0.00098,0.00,0.00,0.00,8.400,0.0013,4.200,0.00066,41.73,0.835,0.00,0.00,50.40,0.0079,0.00,0.00,0.00,0.00,0.00,5.880,0.00,0.00,0.020
-93.78268390,42.02261969,F Fields (F1-F5),TaskName 6/2/2025 (GreenStar 4 Monitor),32%zidua/sharpen,681,6/2/2025,1.000,On,1120.3,118.75,-1.250,4.997,7.329,4.734,269.60,41.99,41.90,0,4,71.93,6/2/2025,Good,16.76,0.0026,6.285,0.00098,0.00,0.00,0.00,8.380,0.0013,4.190,0.00065,41.63,0.832,0.00,0.00,50.28,0.0078,0.00,0.00,0.00,0.00,0.00,5.866,0.00,0.00,0.020
-93.78271116,42.02261950,F Fields (F1-F5),TaskName 6/2/2025 (GreenStar 4 Monitor),32%zidua/sharpen,682,6/2/2025,1.000,On,1120.2,118.75,-1.250,5.011,7.349,4.393,269.71,41.99,41.79,0,4,72.12,6/2/2025,Good,16.72,0.0026,6.268,0.00098,0.00,0.00,0.00,8.358,0.0013,4.179,0.00065,41.52,0.832,0.00,0.00,50.15,0.0078,0.00,0.00,0.00,0.00,0.00,5.850,0.00,0.00,0.020
-93.78273817,42.02261960,F Fields (F1-F5),TaskName 6/2/2025 (GreenStar 4 Monitor),32%zidua/sharpen,683,6/2/2025,0.995,On,1120.1,118.75,-1.250,5.019,7.324,4.780,269.25,41.99,41.69,0,4,72.24,6/2/2025,Good,16.68,0.0026,6.254,0.00098,0.00,0.00,0.00,8.339,0.0013,4.169,0.00065,41.42,0.827,0.00,0.00,50.03,0.0078,0.00,0.00,0.00,0.00,0.00,5.837,0.00,0.00,0.020
-93.78276504,42.02261966,F Fields (F1-F5),TaskName 6/2/2025 (GreenStar 4 Monitor),32%zidua/sharpen,684,6/2/2025,1.006,On,1120.0,118.75,-1.250,5.031,7.414,4.549,268.64,41.99,42.07,0,4,72.32,6/2/2025,Good,16.83,0.0027,6.311,0.00100,0.00,0.00,0.00,8.415,0.0013,4.207,0.00066,41.80,0.845,0.00,0.00,50.49,0.0080,0.00,0.00,0.00,0.00,0.00,5.890,0.00,0.00,0.020
-93.78279212,42.02261905,F Fields (F1-F5),TaskName 6/2/2025 (GreenStar 4 Monitor),32%zidua/sharpen,685,6/2/2025,0.995,On,1119.8,118.75,-1.250,4.969,7.243,4.198,268.86,41.99,41.94,0,4,71.44,6/2/2025,Good,16.78,0.0026,6.291,0.00097,0.00,0.00,0.00,8.388,0.0013,4.194,0.00065,41.67,0.823,0.00,0.00,50.33,0.0078,0.00,0.00,0.00,0.00,0.00,5.872,0.00,0.00,0.020
-93.78281911,42.02261838,F Fields (F1-F5),TaskName 6/2/2025 (GreenStar 4 Monitor),32%zidua/sharpen,686,6/2/2025,1.000,On,1119.7,118.75,-1.250,5.031,7.381,4.656,269.53,41.99,41.97,0,4,72.44,6/2/2025,Good,16.79,0.0026,6.295,0.00099,0.00,0.00,0.00,8.393,0.0013,4.197,0.00066,41.69,0.839,0.00,0.00,50.36,0.0079,0.00,0.00,0.00,0.00,0.00,5.875,0.00,0.00,0.020
-93.78284650,42.02261807,F Fields (F1-F5),TaskName 6/2/2025 (GreenStar 4 Monitor),32%zidua/sharpen,687,6/2/2025,1.004,On,1119.7,118.75,-1.250,5.000,7.361,4.752,269.90,41.99,42.04,0,4,71.96,6/2/2025,Good,16.81,0.0026,6.305,0.00099,0.00,0.00,0.00,8.407,0.0013,4.204,0.00066,41.76,0.838,0.00,0.00,50.44,0.0079,0.00,0.00,0.00,0.00,0.00,5.885,0.00,0.00,0.020
-93.78287365,42.02261802,F Fields (F1-F5),TaskName 6/2/2025 (GreenStar 4 Monitor),32%zidua/sharpen,688,6/2/2025,0.996,On,1119.6,118.75,-1.250,5.066,7.388,4.596,270.21,41.99,41.87,0,4,72.79,6/2/2025,Good,16.75,0.0026,6.280,0.00099,0.00,0.00,0.00,8.373,0.0013,4.187,0.00066,41.59,0.838,0.00,0.00,50.24,0.0079,0.00,0.00,0.00,0.00,0.00,5.861,0.00,0.00,0.020
-93.78289538,42.02261785,F Fields (F1-F5),TaskName 6/2/2025 (GreenStar 4 Monitor),32%zidua/sharpen,689,6/2/2025,0.804,On,1119.5,118.75,-1.250,5.026,5.930,4.673,270.71,41.99,41.90,0,4,72.39,6/2/2025,Good,16.76,0.0021,6.286,0.00079,0.00,0.00,0.00,8.381,0.0011,4.190,0.00053,41.63,0.673,0.00,0.00,50.28,0.0064,0.00,0.00,0.00,0.00,0.00,5.866,0.00,0.00,0.016
-93.78292260,42.02261787,F Fields (F1-F5),TaskName 6/2/2025 (GreenStar 4 Monitor),32%zidua/sharpen,690,6/2/2025,1.000,On,1119.4,117.50,-1.875,5.035,7.378,4.456,271.27,41.99,42.13,0,4,71.64,6/2/2025,Good,16.85,0.0026,6.320,0.00098,0.00,0.00,0.00,8.427,0.0013,4.213,0.00066,41.86,0.833,0.00,0.00,50.56,0.0079,0.00,0.00,0.00,0.00,0.00,5.899,0.00,0.00,0.020
-93.78293344,42.02261806,F Fields (F1-F5),TaskName 6/2/2025 (GreenStar 4 Monitor),32%zidua/sharpen,691,6/2/2025,0.400,On,1119.4,117.50,-1.875,5.053,2.964,4.101,271.33,41.99,41.90,0,4,71.95,6/2/2025,Good,16.76,0.0010,6.285,0.00039,0.00,0.00,0.00,8.380,0.00052,4.190,0.00026,41.63,0.333,0.00,0.00,50.28,0.0031,0.00,0.00,0.00,0.00,0.00,5.866,0.00,0.00,0.0080
-93.78293886,42.02261820,F Fields (F1-F5),TaskName 6/2/2025 (GreenStar 4 Monitor),32%zidua/sharpen,692,6/2/2025,0.200,On,1119.4,115.00,-0.625,5.055,1.480,4.332,271.33,41.99,42.00,0,4,70.34,6/2/2025,Good,16.80,0.00051,6.301,0.00019,0.00,0.00,0.00,8.401,0.00026,4.200,0.00013,41.73,0.163,0.00,0.00,50.40,0.0015,0.00,0.00,0.00,0.00,0.00,5.881,0.00,0.00,0.0039
-93.78294431,42.02261822,F Fields (F1-F5),TaskName 6/2/2025 (GreenStar 4 Monitor),32%zidua/sharpen,693,6/2/2025,0.201,On,1119.4,111.25,1.250,5.049,1.480,3.923,271.41,41.99,42.42,0,4,67.70,6/2/2025,Good,16.97,0.00050,6.363,0.00019,0.00,0.00,0.00,8.484,0.00025,4.242,0.00013,42.14,0.159,0.00,0.00,50.90,0.0015,0.00,0.00,0.00,0.00,0.00,5.939,0.00,0.00,0.0038
-93.78294968,42.02261829,F Fields (F1-F5),TaskName 6/2/2025 (GreenStar 4 Monitor),32%zidua/sharpen,694,6/2/2025,0.199,On,1119.4,108.75,2.500,5.044,1.480,3.355,271.50,41.99,42.79,0,4,66.85,6/2/2025,Good,17.12,0.00049,6.419,0.00019,0.00,0.00,0.00,8.559,0.00025,4.279,0.00012,42.52,0.157,0.00,0.00,51.35,0.0015,0.00,0.00,0.00,0.00,0.00,5.991,0.00,0.00,0.0037
-93.78295498,42.02261838,F Fields (F1-F5),TaskName 6/2/2025 (GreenStar 4 Monitor),32%zidua/sharpen,695,6/2/2025,0.200,On,1119.4,105.00,4.375,5.022,1.474,3.619,271.60,41.99,43.15,0,4,63.94,6/2/2025,Good,17.26,0.00048,6.472,0.00018,0.00,0.00,0.00,8.630,0.00024,4.315,0.00012,42.87,0.152,0.00,0.00,51.78,0.0014,0.00,0.00,0.00,0.00,0.00,6.041,0.00,0.00,0.0036
-93.78296001,42.02261837,F Fields (F1-F5),TaskName 6/2/2025 (GreenStar 4 Monitor),32%zidua/sharpen,696,6/2/2025,0.195,On,1119.4,102.50,5.625,4.970,1.421,3.362,271.72,41.99,43.66,0,4,61.73,6/2/2025,Good,17.46,0.00046,6.549,0.00017,0.00,0.00,0.00,8.732,0.00023,4.366,0.00011,43.38,0.145,0.00,0.00,52.39,0.0014,0.00,0.00,0.00,0.00,0.00,6.113,0.00,0.00,0.0033
-93.78296494,42.02261842,F Fields (F1-F5),TaskName 6/2/2025 (GreenStar 4 Monitor),32%zidua/sharpen,697,6/2/2025,0.201,On,1119.4,98.75,7.500,4.879,1.437,3.289,271.86,41.99,44.11,0,4,58.37,6/2/2025,Good,17.64,0.00045,6.616,0.00017,0.00,0.00,0.00,8.822,0.00022,4.411,0.00011,43.82,0.143,0.00,0.00,52.93,0.0013,0.00,0.00,0.00,0.00,0.00,6.175,0.00,0.00,0.0033
-93.78296991,42.02261854,F Fields (F1-F5),TaskName 6/2/2025 (GreenStar 4 Monitor),32%zidua/sharpen,698,6/2/2025,0.204,On,1119.4,96.25,8.750,4.771,1.428,3.348,271.91,41.99,44.73,0,4,55.67,6/2/2025,Good,17.89,0.00044,6.709,0.00017,0.00,0.00,0.00,8.946,0.00022,4.473,0.00011,44.44,0.140,0.00,0.00,53.68,0.0013,0.00,0.00,0.00,0.00,0.00,6.262,0.00,0.00,0.0032
-93.78297488,42.02261877,F Fields (F1-F5),TaskName 6/2/2025 (GreenStar 4 Monitor),32%zidua/sharpen,699,6/2/2025,0.200,On,1119.5,93.75,10.000,4.704,1.378,3.613,271.78,41.99,45.31,0,4,53.40,6/2/2025,Good,18.12,0.00042,6.796,0.00016,0.00,0.00,0.00,9.061,0.00021,4.531,0.00011,45.01,0.134,0.00,0.00,54.37,0.0013,0.00,0.00,0.00,0.00,0.00,6.343,0.00,0.00,0.0030
-93.78297966,42.02261900,F Fields (F1-F5),TaskName 6/2/2025 (GreenStar 4 Monitor),32%zidua/sharpen,700,6/2/2025,0.200,On,1119.4,91.25,11.25,4.662,1.365,4.656,271.76,41.99,46.24,0,4,51.48,6/2/2025,Good,18.49,0.00041,6.936,0.00015,0.00,0.00,0.00,9.247,0.00021,4.624,0.00010,45.94,0.131,0.00,0.00,55.48,0.0012,0.00,0.00,0.00,0.00,0.00,6.473,0.00,0.00,0.0029
-93.78298439,42.02261907,F Fields (F1-F5),TaskName 6/2/2025 (GreenStar 4 Monitor),32%zidua/sharpen,701,6/2/2025,0.200,On,1119.3,88.75,12.50,4.581,1.342,4.874,271.86,41.99,46.26,0,4,49.23,6/2/2025,Good,18.50,0.00040,6.939,0.00015,0.00,0.00,0.00,9.252,0.00020,4.626,9.884e-05,45.96,0.126,0.00,0.00,55.51,0.0012,0.00,0.00,0.00,0.00,0.00,6.476,0.00,0.00,0.0027
-93.78298926,42.02261915,F Fields (F1-F5),TaskName 6/2/2025 (GreenStar 4 Monitor),32%zidua/sharpen,702,6/2/2025,0.200,On,1119.3,86.25,13.75,4.512,1.323,5.422,271.91,41.99,46.46,0,4,47.14,6/2/2025,Good,18.58,0.00038,6.969,0.00014,0.00,0.00,0.00,9.292,0.00019,4.646,9.506e-05,46.16,0.121,0.00,0.00,55.75,0.0011,0.00,0.00,0.00,0.00,0.00,6.505,0.00,0.00,0.0026
-93.78299424,42.02261924,F Fields (F1-F5),TaskName 6/2/2025 (GreenStar 4 Monitor),32%zidua/sharpen,703,6/2/2025,0.200,On,1119.3,83.75,15.00,4.494,1.316,5.548,271.94,41.99,46.96,0,4,45.55,6/2/2025,Good,18.79,0.00037,7.045,0.00014,0.00,0.00,0.00,9.393,0.00019,4.696,9.284e-05,46.66,0.118,0.00,0.00,56.36,0.0011,0.00,0.00,0.00,0.00,0.00,6.575,0.00,0.00,0.0025
-93.78299923,42.02261944,F Fields (F1-F5),TaskName 6/2/2025 (GreenStar 4 Monitor),32%zidua/sharpen,704,6/2/2025,0.200,On,1119.3,80.00,15.62,4.519,1.326,4.735,271.85,41.99,47.17,0,4,43.83,6/2/2025,Good,18.87,0.00036,7.075,0.00013,0.00,0.00,0.00,9.433,0.00018,4.717,8.973e-05,46.86,0.114,0.00,0.00,56.60,0.0011,0.00,0.00,0.00,0.00,0.00,6.603,0.00,0.00,0.0024
-93.78300410,42.02261970,F Fields (F1-F5),TaskName 6/2/2025 (GreenStar 4 Monitor),32%zidua/sharpen,705,6/2/2025,0.200,On,1119.3,76.25,17.50,4.552,1.336,4.782,271.69,41.99,47.23,0,4,42.09,6/2/2025,Good,18.89,0.00035,7.085,0.00013,0.00,0.00,0.00,9.446,0.00017,4.723,8.628e-05,46.92,0.110,0.00,0.00,56.68,0.0010,0.00,0.00,0.00,0.00,0.00,6.612,0.00,0.00,0.0023
-93.78300925,42.02261978,F Fields (F1-F5),TaskName 6/2/2025 (GreenStar 4 Monitor),32%zidua/sharpen,706,6/2/2025,0.200,On,1119.2,73.75,18.75,4.566,1.339,4.458,271.87,41.99,47.04,0,4,40.81,6/2/2025,Good,18.82,0.00033,7.056,0.00012,0.00,0.00,0.00,9.408,0.00017,4.704,8.331e-05,46.73,0.106,0.00,0.00,56.45,0.00100,0.00,0.00,0.00,0.00,0.00,6.585,0.00,0.00,0.0023
-93.78301452,42.02261960,F Fields (F1-F5),TaskName 6/2/2025 (GreenStar 4 Monitor),32%zidua/sharpen,707,6/2/2025,0.200,On,1119.2,71.25,20.00,4.622,1.355,4.048,272.22,41.99,46.95,0,4,39.91,6/2/2025,Good,18.78,0.00033,7.043,0.00012,0.00,0.00,0.00,9.391,0.00016,4.695,8.133e-05,46.65,0.103,0.00,0.00,56.34,0.00098,0.00,0.00,0.00,0.00,0.00,6.574,0.00,0.00,0.0022
-93.78301958,42.02261956,F Fields (F1-F5),TaskName 6/2/2025 (GreenStar 4 Monitor),32%zidua/sharpen,708,6/2/2025,0.200,On,1119.1,67.50,21.87,4.700,1.378,4.029,272.37,41.99,47.40,0,4,38.45,6/2/2025,Good,18.96,0.00032,7.110,0.00012,0.00,0.00,0.00,9.481,0.00016,4.740,7.910e-05,47.09,0.101,0.00,0.00,56.88,0.00095,0.00,0.00,0.00,0.00,0.00,6.636,0.00,0.00,0.0021
-93.78302458,42.02261981,F Fields (F1-F5),TaskName 6/2/2025 (GreenStar 4 Monitor),32%zidua/sharpen,709,6/2/2025,0.195,On,1119.0,65.00,23.12,4.722,1.349,4.134,272.14,41.99,48.01,0,4,37.16,6/2/2025,Good,19.20,0.00030,7.202,0.00011,0.00,0.00,0.00,9.602,0.00015,4.801,7.550e-05,47.70,0.096,0.00,0.00,57.61,0.00091,0.00,0.00,0.00,0.00,0.00,6.722,0.00,0.00,0.0020
-93.78302986,42.02262025,F Fields (F1-F5),TaskName 6/2/2025 (GreenStar 4 Monitor),32%zidua/sharpen,710,6/2/2025,0.205,On,1119.0,62.50,24.37,4.709,1.415,3.487,271.85,41.99,47.14,0,4,35.64,6/2/2025,Good,18.85,0.00030,7.070,0.00011,0.00,0.00,0.00,9.427,0.00015,4.714,7.474e-05,46.83,0.095,0.00,0.00,56.56,0.00090,0.00,0.00,0.00,0.00,0.00,6.599,0.00,0.00,0.0020
-93.78303532,42.02262044,F Fields (F1-F5),TaskName 6/2/2025 (GreenStar 4 Monitor),32%zidua/sharpen,711,6/2/2025,0.195,On,1118.9,58.75,25.00,4.771,1.362,3.025,271.84,41.99,46.25,0,4,33.91,6/2/2025,Good,18.50,0.00027,6.937,9.956e-05,0.00,0.00,0.00,9.250,0.00013,4.625,6.637e-05,45.95,0.084,0.00,0.00,55.50,0.00080,0.00,0.00,0.00,0.00,0.00,6.475,0.00,0.00,0.0018
-93.78304082,42.02262042,F Fields (F1-F5),TaskName 6/2/2025 (GreenStar 4 Monitor),32%zidua/sharpen,712,6/2/2025,0.201,On,1118.9,56.25,26.25,4.863,1.424,2.754,272.00,41.99,47.45,0,4,32.94,6/2/2025,Good,18.98,0.00027,7.117,0.00010,0.00,0.00,0.00,9.489,0.00014,4.745,6.818e-05,47.14,0.087,0.00,0.00,56.93,0.00082,0.00,0.00,0.00,0.00,0.00,6.642,0.00,0.00,0.0018
-93.78304615,42.02262052,F Fields (F1-F5),TaskName 6/2/2025 (GreenStar 4 Monitor),32%zidua/sharpen,713,6/2/2025,0.204,On,1118.8,52.50,28.12,4.946,1.487,2.866,272.05,41.99,47.39,0,4,31.62,6/2/2025,Good,18.96,0.00027,7.109,9.951e-05,0.00,0.00,0.00,9.478,0.00013,4.739,6.634e-05,47.08,0.084,0.00,0.00,56.87,0.00080,0.00,0.00,0.00,0.00,0.00,6.635,0.00,0.00,0.0018
-93.78305142,42.02262058,F Fields (F1-F5),TaskName 6/2/2025 (GreenStar 4 Monitor),32%zidua/sharpen,714,6/2/2025,0.195,On,1118.7,50.00,29.37,4.966,1.418,2.886,272.14,41.99,47.65,0,4,30.04,6/2/2025,Good,19.06,0.00024,7.147,9.087e-05,0.00,0.00,0.00,9.530,0.00012,4.765,6.058e-05,47.34,0.077,0.00,0.00,57.18,0.00073,0.00,0.00,0.00,0.00,0.00,6.671,0.00,0.00,0.0016
-93.78305670,42.02262061,F Fields (F1-F5),TaskName 6/2/2025 (GreenStar 4 Monitor),32%zidua/sharpen,715,6/2/2025,0.205,On,1118.7,47.50,30.62,4.948,1.487,2.562,272.16,41.99,46.86,0,4,28.47,6/2/2025,Good,18.74,0.00024,7.029,8.902e-05,0.00,0.00,0.00,9.371,0.00012,4.686,5.935e-05,46.55,0.075,0.00,0.00,56.23,0.00071,0.00,0.00,0.00,0.00,0.00,6.560,0.00,0.00,0.0016
-93.78306192,42.02262078,F Fields (F1-F5),TaskName 6/2/2025 (GreenStar 4 Monitor),32%zidua/sharpen,716,6/2/2025,0.195,On,1118.7,43.75,32.50,4.915,1.405,2.556,272.09,41.99,47.30,0,4,26.05,6/2/2025,Good,18.92,0.00021,7.094,7.819e-05,0.00,0.00,0.00,9.459,0.00010,4.730,5.213e-05,46.99,0.066,0.00,0.00,56.75,0.00063,0.00,0.00,0.00,0.00,0.00,6.621,0.00,0.00,0.0014
-93.78306723,42.02262096,F Fields (F1-F5),TaskName 6/2/2025 (GreenStar 4 Monitor),32%zidua/sharpen,717,6/2/2025,0.205,On,1118.6,40.00,33.12,4.885,1.467,3.104,272.03,41.99,47.52,0,4,23.66,6/2/2025,Good,19.01,0.00020,7.128,7.502e-05,0.00,0.00,0.00,9.504,0.00010,4.752,5.001e-05,47.21,0.064,0.00,0.00,57.02,0.00060,0.00,0.00,0.00,0.00,0.00,6.653,0.00,0.00,0.0013
-93.78307252,42.02262109,F Fields (F1-F5),TaskName 6/2/2025 (GreenStar 4 Monitor),32%zidua/sharpen,718,6/2/2025,0.200,On,1118.5,36.25,33.75,4.890,1.434,3.190,272.03,41.99,47.54,0,4,21.48,6/2/2025,Good,19.02,0.00018,7.131,6.649e-05,0.00,0.00,0.00,9.508,8.866e-05,4.754,4.433e-05,47.23,0.056,0.00,0.00,57.05,0.00053,0.00,0.00,0.00,0.00,0.00,6.656,0.00,0.00,0.0012
-93.78307764,42.02262118,F Fields (F1-F5),TaskName 6/2/2025 (GreenStar 4 Monitor),32%zidua/sharpen,719,6/2/2025,0.200,On,1118.5,32.50,34.37,4.894,1.434,3.256,272.03,41.99,47.88,0,4,19.26,6/2/2025,Good,19.15,0.00016,7.183,6.004e-05,0.00,0.00,0.00,9.577,8.006e-05,4.788,4.003e-05,47.57,0.051,0.00,0.00,57.46,0.00048,0.00,0.00,0.00,0.00,0.00,6.704,0.00,0.00,0.0011
-93.78308269,42.02262128,F Fields (F1-F5),TaskName 6/2/2025 (GreenStar 4 Monitor),32%zidua/sharpen,720,6/2/2025,0.200,On,1118.5,28.75,36.25,4.856,1.424,3.170,272.04,41.99,47.71,0,4,16.92,6/2/2025,Good,19.09,0.00014,7.157,5.256e-05,0.00,0.00,0.00,9.543,7.008e-05,4.771,3.504e-05,47.40,0.045,0.00,0.00,57.26,0.00042,0.00,0.00,0.00,0.00,0.00,6.680,0.00,0.00,0.00094
-93.78308790,42.02262133,F Fields (F1-F5),TaskName 6/2/2025 (GreenStar 4 Monitor),32%zidua/sharpen,721,6/2/2025,0.200,On,1118.5,25.00,36.87,4.787,1.405,3.196,272.09,41.99,47.55,0,4,14.51,6/2/2025,Good,19.02,0.00012,7.133,4.492e-05,0.00,0.00,0.00,9.510,5.990e-05,4.755,2.995e-05,47.24,0.038,0.00,0.00,57.06,0.00036,0.00,0.00,0.00,0.00,0.00,6.657,0.00,0.00,0.00081
-93.78309314,42.02262141,F Fields (F1-F5),TaskName 6/2/2025 (GreenStar 4 Monitor),32%zidua/sharpen,722,6/2/2025,0.195,On,1118.5,21.25,37.50,4.778,1.365,3.117,272.22,41.99,47.72,0,4,12.30,6/2/2025,Good,19.09,9.933e-05,7.158,3.725e-05,0.00,0.00,0.00,9.545,4.966e-05,4.772,2.483e-05,47.41,0.032,0.00,0.00,57.27,0.00030,0.00,0.00,0.00,0.00,0.00,6.681,0.00,0.00,0.00067
-93.78309837,42.02262147,F Fields (F1-F5),TaskName 6/2/2025 (GreenStar 4 Monitor),32%zidua/sharpen,723,6/2/2025,0.205,On,1118.5,17.50,38.12,4.798,1.441,3.263,272.21,41.99,48.14,0,4,10.16,6/2/2025,Good,19.26,8.708e-05,7.221,3.265e-05,0.00,0.00,0.00,9.628,4.354e-05,4.814,2.177e-05,47.83,0.028,0.00,0.00,57.77,0.00026,0.00,0.00,0.00,0.00,0.00,6.740,0.00,0.00,0.00058
-93.78310328,42.02262164,F Fields (F1-F5),TaskName 6/2/2025 (GreenStar 4 Monitor),32%zidua/sharpen,724,6/2/2025,0.200,On,1118.6,10.00,39.37,4.812,1.411,3.322,272.18,41.99,48.14,0,4,5.832,6/2/2025,Good,19.26,4.874e-05,7.221,1.828e-05,0.00,0.00,0.00,9.628,2.437e-05,4.814,1.218e-05,47.83,0.015,0.00,0.00,57.77,0.00015,0.00,0.00,0.00,0.00,0.00,6.740,0.00,0.00,0.00032
-93.78274357,42.02251428,F Fields (F1-F5),TaskName 6/2/2025 (GreenStar 4 Monitor),32%zidua/sharpen,725,6/2/2025,0.200,On,1120.2,1.250,57.50,4.758,1.397,5.277,156.45,41.99,43.03,0,5,0.721,6/2/2025,Good,17.21,5.389e-06,6.455,2.021e-06,0.00,0.00,0.00,8.606,2.695e-06,4.303,1.347e-06,42.75,0.0017,0.00,0.00,51.64,1.617e-05,0.00,0.00,0.00,0.00,0.00,6.024,0.00,0.00,4.008e-05
-93.78274182,42.02251062,F Fields (F1-F5),TaskName 6/2/2025 (GreenStar 4 Monitor),32%zidua/sharpen,726,6/2/2025,0.200,On,1120.2,6.250,55.00,4.774,1.400,5.475,155.82,41.99,40.82,0,5,3.616,6/2/2025,Good,16.33,2.562e-05,6.123,9.608e-06,0.00,0.00,0.00,8.163,1.281e-05,4.082,6.405e-06,40.55,0.0081,0.00,0.00,48.98,7.686e-05,0.00,0.00,0.00,0.00,0.00,5.714,0.00,0.00,0.00020
-93.78274002,42.02250698,F Fields (F1-F5),TaskName 6/2/2025 (GreenStar 4 Monitor),32%zidua/sharpen,727,6/2/2025,0.195,On,1120.2,12.50,51.87,4.794,1.370,5.515,155.15,41.99,40.40,0,5,7.260,6/2/2025,Good,16.16,4.965e-05,6.060,1.862e-05,0.00,0.00,0.00,8.080,2.482e-05,4.040,1.241e-05,40.14,0.016,0.00,0.00,48.48,0.00015,0.00,0.00,0.00,0.00,0.00,5.656,0.00,0.00,0.00039
-93.78273828,42.02250339,F Fields (F1-F5),TaskName 6/2/2025 (GreenStar 4 Monitor),32%zidua/sharpen,728,6/2/2025,0.205,On,1120.1,17.50,49.37,4.809,1.446,5.594,154.49,41.99,40.98,0,5,10.20,6/2/2025,Good,16.39,7.438e-05,6.147,2.789e-05,0.00,0.00,0.00,8.195,3.719e-05,4.098,1.860e-05,40.71,0.024,0.00,0.00,49.17,0.00022,0.00,0.00,0.00,0.00,0.00,5.737,0.00,0.00,0.00058
-93.78273652,42.02249978,F Fields (F1-F5),TaskName 6/2/2025 (GreenStar 4 Monitor),32%zidua/sharpen,729,6/2/2025,0.195,On,1120.2,21.25,47.50,4.794,1.370,5.832,153.92,41.99,40.96,0,5,12.34,6/2/2025,Good,16.38,8.556e-05,6.143,3.209e-05,0.00,0.00,0.00,8.191,4.278e-05,4.096,2.139e-05,40.69,0.027,0.00,0.00,49.15,0.00026,0.00,0.00,0.00,0.00,0.00,5.734,0.00,0.00,0.00067
-93.78273470,42.02249624,F Fields (F1-F5),TaskName 6/2/2025 (GreenStar 4 Monitor),32%zidua/sharpen,730,6/2/2025,0.200,On,1120.2,25.00,45.62,4.767,1.400,5.746,153.43,41.99,42.98,0,5,14.46,6/2/2025,Good,17.19,0.00011,6.446,4.046e-05,0.00,0.00,0.00,8.595,5.395e-05,4.298,2.698e-05,42.70,0.034,0.00,0.00,51.57,0.00032,0.00,0.00,0.00,0.00,0.00,6.017,0.00,0.00,0.00080
-93.78273275,42.02249275,F Fields (F1-F5),TaskName 6/2/2025 (GreenStar 4 Monitor),32%zidua/sharpen,731,6/2/2025,0.205,On,1120.2,28.75,43.75,4.740,1.426,5.581,153.05,41.99,44.43,0,5,16.53,6/2/2025,Good,17.77,0.00013,6.665,4.901e-05,0.00,0.00,0.00,8.886,6.535e-05,4.443,3.267e-05,44.14,0.042,0.00,0.00,53.32,0.00039,0.00,0.00,0.00,0.00,0.00,6.220,0.00,0.00,0.00094
-93.78273078,42.02248915,F Fields (F1-F5),TaskName 6/2/2025 (GreenStar 4 Monitor),32%zidua/sharpen,732,6/2/2025,0.200,On,1120.2,32.50,41.87,4.720,1.387,5.237,152.72,41.99,44.99,0,5,18.62,6/2/2025,Good,17.99,0.00015,6.748,5.455e-05,0.00,0.00,0.00,8.997,7.273e-05,4.499,3.637e-05,44.69,0.046,0.00,0.00,53.98,0.00044,0.00,0.00,0.00,0.00,0.00,6.298,0.00,0.00,0.0010
-93.78272855,42.02248563,F Fields (F1-F5),TaskName 6/2/2025 (GreenStar 4 Monitor),32%zidua/sharpen,733,6/2/2025,0.196,On,1120.2,35.00,40.62,4.740,1.357,5.039,152.56,41.99,45.16,0,5,20.03,6/2/2025,Good,18.06,0.00015,6.774,5.771e-05,0.00,0.00,0.00,9.032,7.695e-05,4.516,3.847e-05,44.86,0.049,0.00,0.00,54.19,0.00046,0.00,0.00,0.00,0.00,0.00,6.322,0.00,0.00,0.0011
-93.78272616,42.02248208,F Fields (F1-F5),TaskName 6/2/2025 (GreenStar 4 Monitor),32%zidua/sharpen,734,6/2/2025,0.199,On,1120.1,37.50,39.37,4.765,1.400,4.854,152.46,41.99,45.31,0,5,21.80,6/2/2025,Good,18.12,0.00017,6.796,6.399e-05,0.00,0.00,0.00,9.061,8.532e-05,4.531,4.266e-05,45.01,0.054,0.00,0.00,54.37,0.00051,0.00,0.00,0.00,0.00,0.00,6.343,0.00,0.00,0.0012
-93.78272377,42.02247858,F Fields (F1-F5),TaskName 6/2/2025 (GreenStar 4 Monitor),32%zidua/sharpen,735,6/2/2025,0.205,On,1120.1,41.25,37.50,4.792,1.443,4.564,152.51,41.99,45.02,0,5,23.99,6/2/2025,Good,18.01,0.00019,6.753,7.207e-05,0.00,0.00,0.00,9.004,9.609e-05,4.502,4.805e-05,44.73,0.061,0.00,0.00,54.02,0.00058,0.00,0.00,0.00,0.00,0.00,6.303,0.00,0.00,0.0014
-93.78272118,42.02247502,F Fields (F1-F5),TaskName 6/2/2025 (GreenStar 4 Monitor),32%zidua/sharpen,736,6/2/2025,0.200,On,1120.2,42.50,36.87,4.823,1.416,4.319,152.66,41.99,43.81,0,5,24.87,6/2/2025,Good,17.52,0.00019,6.572,7.095e-05,0.00,0.00,0.00,8.762,9.459e-05,4.381,4.730e-05,43.53,0.060,0.00,0.00,52.57,0.00057,0.00,0.00,0.00,0.00,0.00,6.133,0.00,0.00,0.0014
-93.78271862,42.02247152,F Fields (F1-F5),TaskName 6/2/2025 (GreenStar 4 Monitor),32%zidua/sharpen,737,6/2/2025,0.200,On,1120.1,46.25,35.00,4.883,1.433,4.148,152.87,41.99,43.44,0,5,27.38,6/2/2025,Good,17.37,0.00021,6.515,7.743e-05,0.00,0.00,0.00,8.687,0.00010,4.344,5.162e-05,43.15,0.066,0.00,0.00,52.12,0.00062,0.00,0.00,0.00,0.00,0.00,6.081,0.00,0.00,0.0015
-93.78271611,42.02246803,F Fields (F1-F5),TaskName 6/2/2025 (GreenStar 4 Monitor),32%zidua/sharpen,738,6/2/2025,0.200,On,1120.1,48.75,33.75,4.917,1.443,4.081,153.09,41.99,43.34,0,5,29.06,6/2/2025,Good,17.34,0.00022,6.501,8.200e-05,0.00,0.00,0.00,8.668,0.00011,4.334,5.466e-05,43.06,0.070,0.00,0.00,52.01,0.00066,0.00,0.00,0.00,0.00,0.00,6.068,0.00,0.00,0.0016
-93.78271359,42.02246462,F Fields (F1-F5),TaskName 6/2/2025 (GreenStar 4 Monitor),32%zidua/sharpen,739,6/2/2025,0.195,On,1120.1,51.25,32.50,4.928,1.410,4.181,153.31,41.99,43.16,0,5,30.62,6/2/2025,Good,17.26,0.00022,6.474,8.389e-05,0.00,0.00,0.00,8.632,0.00011,4.316,5.593e-05,42.88,0.071,0.00,0.00,51.79,0.00067,0.00,0.00,0.00,0.00,0.00,6.042,0.00,0.00,0.0017
-93.78271112,42.02246121,F Fields (F1-F5),TaskName 6/2/2025 (GreenStar 4 Monitor),32%zidua/sharpen,740,6/2/2025,0.201,On,1120.1,53.75,31.25,4.921,1.446,4.280,153.53,41.99,42.54,0,5,31.95,6/2/2025,Good,17.02,0.00024,6.381,8.894e-05,0.00,0.00,0.00,8.508,0.00012,4.254,5.929e-05,42.26,0.075,0.00,0.00,51.05,0.00071,0.00,0.00,0.00,0.00,0.00,5.955,0.00,0.00,0.0018
-93.78270867,42.02245780,F Fields (F1-F5),TaskName 6/2/2025 (GreenStar 4 Monitor),32%zidua/sharpen,741,6/2/2025,0.204,On,1120.1,57.50,29.37,4.892,1.472,4.465,153.73,41.99,42.37,0,5,34.29,6/2/2025,Good,16.95,0.00026,6.355,9.648e-05,0.00,0.00,0.00,8.473,0.00013,4.237,6.432e-05,42.09,0.082,0.00,0.00,50.84,0.00077,0.00,0.00,0.00,0.00,0.00,5.931,0.00,0.00,0.0019
-93.78270628,42.02245437,F Fields (F1-F5),TaskName 6/2/2025 (GreenStar 4 Monitor),32%zidua/sharpen,742,6/2/2025,0.200,On,1120.1,61.25,28.75,4.863,1.426,5.204,153.86,41.99,42.00,0,5,36.10,6/2/2025,Good,16.80,0.00026,6.301,9.871e-05,0.00,0.00,0.00,8.401,0.00013,4.200,6.581e-05,41.73,0.084,0.00,0.00,50.40,0.00079,0.00,0.00,0.00,0.00,0.00,5.881,0.00,0.00,0.0020
-93.78270398,42.02245092,F Fields (F1-F5),TaskName 6/2/2025 (GreenStar 4 Monitor),32%zidua/sharpen,743,6/2/2025,0.200,On,1120.1,63.75,27.50,4.836,1.420,5.653,153.96,41.99,42.43,0,5,37.40,6/2/2025,Good,16.97,0.00028,6.365,0.00010,0.00,0.00,0.00,8.486,0.00014,4.243,6.887e-05,42.16,0.088,0.00,0.00,50.92,0.00083,0.00,0.00,0.00,0.00,0.00,5.940,0.00,0.00,0.0021
-93.78270156,42.02244748,F Fields (F1-F5),TaskName 6/2/2025 (GreenStar 4 Monitor),32%zidua/sharpen,744,6/2/2025,0.195,On,1120.1,67.50,25.62,4.818,1.380,5.574,154.14,41.99,42.22,0,5,39.49,6/2/2025,Good,16.89,0.00028,6.333,0.00011,0.00,0.00,0.00,8.444,0.00014,4.222,7.054e-05,41.94,0.090,0.00,0.00,50.66,0.00085,0.00,0.00,0.00,0.00,0.00,5.910,0.00,0.00,0.0021
-93.78269910,42.02244404,F Fields (F1-F5),TaskName 6/2/2025 (GreenStar 4 Monitor),32%zidua/sharpen,745,6/2/2025,0.206,On,1120.1,70.00,24.37,4.809,1.446,5.297,154.35,41.99,42.07,0,5,40.60,6/2/2025,Good,16.83,0.00031,6.310,0.00011,0.00,0.00,0.00,8.414,0.00015,4.207,7.636e-05,41.79,0.097,0.00,0.00,50.48,0.00092,0.00,0.00,0.00,0.00,0.00,5.890,0.00,0.00,0.0023
-93.78269669,42.02244061,F Fields (F1-F5),TaskName 6/2/2025 (GreenStar 4 Monitor),32%zidua/sharpen,746,6/2/2025,0.199,On,1120.1,72.50,23.12,4.814,1.413,5.178,154.53,41.99,41.32,0,5,42.55,6/2/2025,Good,16.53,0.00030,6.198,0.00011,0.00,0.00,0.00,8.264,0.00015,4.132,7.592e-05,41.05,0.097,0.00,0.00,49.58,0.00091,0.00,0.00,0.00,0.00,0.00,5.785,0.00,0.00,0.0024
-93.78269430,42.02243709,F Fields (F1-F5),TaskName 6/2/2025 (GreenStar 4 Monitor),32%zidua/sharpen,747,6/2/2025,0.195,On,1120.1,76.25,21.25,4.814,1.377,5.528,154.64,41.99,41.57,0,5,44.50,6/2/2025,Good,16.63,0.00031,6.235,0.00012,0.00,0.00,0.00,8.313,0.00016,4.157,7.827e-05,41.30,0.100,0.00,0.00,49.88,0.00094,0.00,0.00,0.00,0.00,0.00,5.819,0.00,0.00,0.0024
-93.78269204,42.02243354,F Fields (F1-F5),TaskName 6/2/2025 (GreenStar 4 Monitor),32%zidua/sharpen,748,6/2/2025,0.205,On,1120.1,80.00,19.37,4.841,1.456,5.528,154.69,41.99,41.47,0,5,46.95,6/2/2025,Good,16.59,0.00035,6.220,0.00013,0.00,0.00,0.00,8.294,0.00017,4.147,8.661e-05,41.20,0.110,0.00,0.00,49.76,0.0010,0.00,0.00,0.00,0.00,0.00,5.806,0.00,0.00,0.0027
-93.78268975,42.02242995,F Fields (F1-F5),TaskName 6/2/2025 (GreenStar 4 Monitor),32%zidua/sharpen,749,6/2/2025,0.195,On,1120.1,82.50,18.12,4.859,1.390,5.092,154.81,41.99,41.14,0,5,48.60,6/2/2025,Good,16.46,0.00034,6.171,0.00013,0.00,0.00,0.00,8.228,0.00017,4.114,8.461e-05,40.87,0.108,0.00,0.00,49.37,0.0010,0.00,0.00,0.00,0.00,0.00,5.759,0.00,0.00,0.0026
-93.78268743,42.02242637,F Fields (F1-F5),TaskName 6/2/2025 (GreenStar 4 Monitor),32%zidua/sharpen,750,6/2/2025,0.205,On,1120.1,85.00,16.87,4.881,1.469,4.762,154.89,41.99,41.02,0,5,50.33,6/2/2025,Good,16.41,0.00037,6.153,0.00014,0.00,0.00,0.00,8.204,0.00018,4.102,9.185e-05,40.75,0.117,0.00,0.00,49.22,0.0011,0.00,0.00,0.00,0.00,0.00,5.743,0.00,0.00,0.0029
-93.78268506,42.02242275,F Fields (F1-F5),TaskName 6/2/2025 (GreenStar 4 Monitor),32%zidua/sharpen,751,6/2/2025,0.200,On,1120.1,88.75,15.00,4.903,1.439,4.874,154.97,41.99,40.50,0,5,52.78,6/2/2025,Good,16.20,0.00037,6.074,0.00014,0.00,0.00,0.00,8.099,0.00019,4.050,9.278e-05,40.23,0.118,0.00,0.00,48.60,0.0011,0.00,0.00,0.00,0.00,0.00,5.669,0.00,0.00,0.0029
-93.78268278,42.02241919,F Fields (F1-F5),TaskName 6/2/2025 (GreenStar 4 Monitor),32%zidua/sharpen,752,6/2/2025,0.201,On,1120.1,92.50,13.12,4.932,1.449,5.046,155.07,41.99,40.43,0,5,55.12,6/2/2025,Good,16.17,0.00039,6.065,0.00015,0.00,0.00,0.00,8.086,0.00019,4.043,9.720e-05,40.17,0.124,0.00,0.00,48.52,0.0012,0.00,0.00,0.00,0.00,0.00,5.661,0.00,0.00,0.0031
-93.78268050,42.02241569,F Fields (F1-F5),TaskName 6/2/2025 (GreenStar 4 Monitor),32%zidua/sharpen,753,6/2/2025,0.194,On,1120.1,95.00,11.87,4.935,1.413,5.105,155.18,41.99,40.33,0,5,57.19,6/2/2025,Good,16.13,0.00039,6.049,0.00015,0.00,0.00,0.00,8.065,0.00019,4.033,9.709e-05,40.06,0.123,0.00,0.00,48.39,0.0012,0.00,0.00,0.00,0.00,0.00,5.646,0.00,0.00,0.0031
-93.78267836,42.02241219,F Fields (F1-F5),TaskName 6/2/2025 (GreenStar 4 Monitor),32%zidua/sharpen,754,6/2/2025,0.200,On,1120.1,98.75,10.000,4.908,1.439,5.099,155.15,41.99,40.21,0,5,58.73,6/2/2025,Good,16.08,0.00041,6.031,0.00015,0.00,0.00,0.00,8.042,0.00020,4.021,0.00010,39.95,0.130,0.00,0.00,48.25,0.0012,0.00,0.00,0.00,0.00,0.00,5.629,0.00,0.00,0.0033
-93.78267626,42.02240866,F Fields (F1-F5),TaskName 6/2/2025 (GreenStar 4 Monitor),32%zidua/sharpen,755,6/2/2025,0.205,On,1120.1,103.75,8.750,4.883,1.469,5.369,155.09,41.99,39.74,0,5,61.44,6/2/2025,Good,15.89,0.00043,5.961,0.00016,0.00,0.00,0.00,7.947,0.00022,3.974,0.00011,39.48,0.138,0.00,0.00,47.68,0.0013,0.00,0.00,0.00,0.00,0.00,5.563,0.00,0.00,0.0035
-93.78267395,42.02240517,F Fields (F1-F5),TaskName 6/2/2025 (GreenStar 4 Monitor),32%zidua/sharpen,756,6/2/2025,0.196,On,1120.1,106.25,7.500,4.856,1.397,5.719,155.21,41.99,40.02,0,5,62.57,6/2/2025,Good,16.01,0.00043,6.002,0.00016,0.00,0.00,0.00,8.003,0.00021,4.002,0.00011,39.76,0.135,0.00,0.00,48.02,0.0013,0.00,0.00,0.00,0.00,0.00,5.602,0.00,0.00,0.0034
-93.78267152,42.02240165,F Fields (F1-F5),TaskName 6/2/2025 (GreenStar 4 Monitor),32%zidua/sharpen,757,6/2/2025,0.204,On,1120.1,110.00,5.625,4.838,1.449,5.488,155.38,41.99,39.93,0,5,64.58,6/2/2025,Good,15.97,0.00046,5.989,0.00017,0.00,0.00,0.00,7.986,0.00023,3.993,0.00011,39.67,0.145,0.00,0.00,47.92,0.0014,0.00,0.00,0.00,0.00,0.00,5.590,0.00,0.00,0.0037
-93.78266937,42.02239807,F Fields (F1-F5),TaskName 6/2/2025 (GreenStar 4 Monitor),32%zidua/sharpen,758,6/2/2025,0.200,On,1120.1,112.50,4.375,4.852,1.423,5.204,155.40,41.99,40.16,0,5,66.15,6/2/2025,Good,16.07,0.00046,6.025,0.00017,0.00,0.00,0.00,8.033,0.00023,4.016,0.00012,39.90,0.147,0.00,0.00,48.20,0.0014,0.00,0.00,0.00,0.00,0.00,5.623,0.00,0.00,0.0037
-93.78266734,42.02239446,F Fields (F1-F5),TaskName 6/2/2025 (GreenStar 4 Monitor),32%zidua/sharpen,759,6/2/2025,0.195,On,1120.1,116.25,2.500,4.863,1.390,5.224,155.39,41.99,39.92,0,5,68.49,6/2/2025,Good,15.97,0.00046,5.988,0.00017,0.00,0.00,0.00,7.984,0.00023,3.992,0.00012,39.66,0.147,0.00,0.00,47.90,0.0014,0.00,0.00,0.00,0.00,0.00,5.589,0.00,0.00,0.0037
-93.78266517,42.02239084,F Fields (F1-F5),TaskName 6/2/2025 (GreenStar 4 Monitor),32%zidua/sharpen,760,6/2/2025,0.201,On,1120.1,120.00,0.625,4.865,1.429,5.198,155.47,41.99,39.94,0,5,70.53,6/2/2025,Good,15.98,0.00049,5.991,0.00018,0.00,0.00,0.00,7.988,0.00025,3.994,0.00012,39.68,0.156,0.00,0.00,47.93,0.0015,0.00,0.00,0.00,0.00,0.00,5.592,0.00,0.00,0.0039
-93.78265369,42.02237299,F Fields (F1-F5),TaskName 6/2/2025 (GreenStar 4 Monitor),32%zidua/sharpen,761,6/2/2025,1.004,On,1120.1,121.25,0.00,4.894,7.216,4.620,156.56,41.99,40.52,0,5,72.02,6/2/2025,Good,16.21,0.0025,6.077,0.00095,0.00,0.00,0.00,8.103,0.0013,4.052,0.00064,40.25,0.809,0.00,0.00,48.62,0.0076,0.00,0.00,0.00,0.00,0.00,5.672,0.00,0.00,0.020
-93.78264278,42.02235510,F Fields (F1-F5),TaskName 6/2/2025 (GreenStar 4 Monitor),32%zidua/sharpen,762,6/2/2025,1.000,On,1120.1,121.25,0.00,4.908,7.199,4.498,157.45,41.99,40.28,0,5,72.14,6/2/2025,Good,16.11,0.0025,6.042,0.00095,0.00,0.00,0.00,8.056,0.0013,4.028,0.00063,40.02,0.802,0.00,0.00,48.34,0.0076,0.00,0.00,0.00,0.00,0.00,5.639,0.00,0.00,0.020
-93.78263276,42.02233685,F Fields (F1-F5),TaskName 6/2/2025 (GreenStar 4 Monitor),32%zidua/sharpen,763,6/2/2025,1.000,On,1120.1,121.25,0.00,4.904,7.185,4.494,157.68,41.99,40.65,0,5,72.00,6/2/2025,Good,16.26,0.0025,6.098,0.00095,0.00,0.00,0.00,8.130,0.0013,4.065,0.00064,40.39,0.808,0.00,0.00,48.78,0.0076,0.00,0.00,0.00,0.00,0.00,5.691,0.00,0.00,0.020
-93.78262263,42.02231864,F Fields (F1-F5),TaskName 6/2/2025 (GreenStar 4 Monitor),32%zidua/sharpen,764,6/2/2025,1.000,On,1120.1,121.25,0.00,4.882,7.152,4.595,157.82,41.99,41.17,0,5,71.67,6/2/2025,Good,16.47,0.0026,6.176,0.00096,0.00,0.00,0.00,8.234,0.0013,4.117,0.00064,40.90,0.814,0.00,0.00,49.41,0.0077,0.00,0.00,0.00,0.00,0.00,5.764,0.00,0.00,0.020
-93.78261255,42.02230032,F Fields (F1-F5),TaskName 6/2/2025 (GreenStar 4 Monitor),32%zidua/sharpen,765,6/2/2025,0.995,On,1120.1,121.25,0.00,4.907,7.152,4.508,158.07,41.99,41.31,0,5,72.03,6/2/2025,Good,16.53,0.0026,6.197,0.00096,0.00,0.00,0.00,8.263,0.0013,4.131,0.00064,41.05,0.817,0.00,0.00,49.58,0.0077,0.00,0.00,0.00,0.00,0.00,5.784,0.00,0.00,0.020
-93.78260232,42.02228213,F Fields (F1-F5),TaskName 6/2/2025 (GreenStar 4 Monitor),32%zidua/sharpen,766,6/2/2025,1.000,On,1120.1,121.25,0.00,4.913,7.198,4.516,158.69,41.99,41.38,0,5,72.13,6/2/2025,Good,16.55,0.0026,6.208,0.00097,0.00,0.00,0.00,8.277,0.0013,4.138,0.00065,41.11,0.824,0.00,0.00,49.66,0.0078,0.00,0.00,0.00,0.00,0.00,5.794,0.00,0.00,0.020
-93.78259254,42.02226381,F Fields (F1-F5),TaskName 6/2/2025 (GreenStar 4 Monitor),32%zidua/sharpen,767,6/2/2025,1.001,On,1120.1,121.25,0.00,4.875,7.149,4.692,159.11,41.99,41.71,0,5,71.57,6/2/2025,Good,16.69,0.0026,6.257,0.00097,0.00,0.00,0.00,8.343,0.0013,4.171,0.00065,41.44,0.825,0.00,0.00,50.06,0.0078,0.00,0.00,0.00,0.00,0.00,5.840,0.00,0.00,0.020
-93.78258288,42.02224529,F Fields (F1-F5),TaskName 6/2/2025 (GreenStar 4 Monitor),32%zidua/sharpen,768,6/2/2025,0.999,On,1120.0,121.25,0.00,4.922,7.205,4.613,159.45,41.99,41.72,0,5,72.27,6/2/2025,Good,16.69,0.0026,6.258,0.00098,0.00,0.00,0.00,8.344,0.0013,4.172,0.00065,41.45,0.831,0.00,0.00,50.06,0.0078,0.00,0.00,0.00,0.00,0.00,5.841,0.00,0.00,0.020
-93.78257351,42.02222684,F Fields (F1-F5),TaskName 6/2/2025 (GreenStar 4 Monitor),32%zidua/sharpen,769,6/2/2025,1.000,On,1120.0,121.25,0.00,4.922,7.211,5.415,159.60,41.99,42.11,0,5,72.26,6/2/2025,Good,16.84,0.0026,6.316,0.00099,0.00,0.00,0.00,8.421,0.0013,4.211,0.00066,41.83,0.840,0.00,0.00,50.53,0.0079,0.00,0.00,0.00,0.00,0.00,5.895,0.00,0.00,0.020
-93.78256414,42.02220808,F Fields (F1-F5),TaskName 6/2/2025 (GreenStar 4 Monitor),32%zidua/sharpen,770,6/2/2025,1.001,On,1120.0,121.25,0.00,4.932,7.228,4.638,159.99,41.99,41.83,0,5,72.35,6/2/2025,Good,16.73,0.0026,6.275,0.00099,0.00,0.00,0.00,8.367,0.0013,4.183,0.00066,41.56,0.836,0.00,0.00,50.20,0.0079,0.00,0.00,0.00,0.00,0.00,5.857,0.00,0.00,0.020
-93.78255480,42.02218954,F Fields (F1-F5),TaskName 6/2/2025 (GreenStar 4 Monitor),32%zidua/sharpen,771,6/2/2025,0.995,On,1119.9,121.25,0.00,4.960,7.238,4.949,160.64,41.99,41.70,0,5,72.89,6/2/2025,Good,16.68,0.0026,6.255,0.00098,0.00,0.00,0.00,8.339,0.0013,4.170,0.00066,41.43,0.835,0.00,0.00,50.04,0.0079,0.00,0.00,0.00,0.00,0.00,5.838,0.00,0.00,0.020
-93.78254612,42.02217082,F Fields (F1-F5),TaskName 6/2/2025 (GreenStar 4 Monitor),32%zidua/sharpen,772,6/2/2025,1.004,On,1119.9,121.25,0.00,4.923,7.241,5.311,160.86,41.99,42.26,0,5,72.27,6/2/2025,Good,16.90,0.0027,6.338,0.00100,0.00,0.00,0.00,8.451,0.0013,4.226,0.00067,41.98,0.846,0.00,0.00,50.71,0.0080,0.00,0.00,0.00,0.00,0.00,5.916,0.00,0.00,0.020
-93.78253735,42.02215202,F Fields (F1-F5),TaskName 6/2/2025 (GreenStar 4 Monitor),32%zidua/sharpen,773,6/2/2025,1.000,On,1119.9,121.25,0.00,4.916,7.198,5.154,160.94,41.99,42.21,0,5,72.13,6/2/2025,Good,16.88,0.0026,6.332,0.00099,0.00,0.00,0.00,8.442,0.0013,4.221,0.00066,41.94,0.840,0.00,0.00,50.65,0.0079,0.00,0.00,0.00,0.00,0.00,5.910,0.00,0.00,0.020
-93.78252848,42.02213323,F Fields (F1-F5),TaskName 6/2/2025 (GreenStar 4 Monitor),32%zidua/sharpen,774,6/2/2025,0.996,On,1119.8,121.25,0.00,4.959,7.234,4.745,161.17,41.99,42.06,0,5,72.78,6/2/2025,Good,16.82,0.0026,6.309,0.00099,0.00,0.00,0.00,8.412,0.0013,4.206,0.00066,41.79,0.841,0.00,0.00,50.47,0.0079,0.00,0.00,0.00,0.00,0.00,5.888,0.00,0.00,0.020
-93.78252006,42.02211448,F Fields (F1-F5),TaskName 6/2/2025 (GreenStar 4 Monitor),32%zidua/sharpen,775,6/2/2025,1.004,On,1119.8,121.25,0.00,4.928,7.251,4.892,161.16,41.99,41.90,0,5,72.37,6/2/2025,Good,16.76,0.0026,6.285,0.00099,0.00,0.00,0.00,8.380,0.0013,4.190,0.00066,41.63,0.840,0.00,0.00,50.28,0.0079,0.00,0.00,0.00,0.00,0.00,5.866,0.00,0.00,0.020
-93.78251155,42.02209589,F Fields (F1-F5),TaskName 6/2/2025 (GreenStar 4 Monitor),32%zidua/sharpen,776,6/2/2025,1.000,On,1119.8,121.25,0.00,4.872,7.139,5.623,161.60,41.99,41.79,0,5,71.54,6/2/2025,Good,16.71,0.0026,6.268,0.00097,0.00,0.00,0.00,8.357,0.0013,4.179,0.00065,41.51,0.825,0.00,0.00,50.14,0.0078,0.00,0.00,0.00,0.00,0.00,5.850,0.00,0.00,0.020
-93.78250301,42.02207708,F Fields (F1-F5),TaskName 6/2/2025 (GreenStar 4 Monitor),32%zidua/sharpen,777,6/2/2025,1.000,On,1119.8,121.25,0.00,4.917,7.208,5.249,161.87,41.99,41.86,0,5,72.23,6/2/2025,Good,16.75,0.0026,6.279,0.00098,0.00,0.00,0.00,8.373,0.0013,4.186,0.00066,41.59,0.834,0.00,0.00,50.24,0.0079,0.00,0.00,0.00,0.00,0.00,5.861,0.00,0.00,0.020
-93.78249514,42.02205822,F Fields (F1-F5),TaskName 6/2/2025 (GreenStar 4 Monitor),32%zidua/sharpen,778,6/2/2025,0.996,On,1119.8,121.25,0.00,4.925,7.188,5.271,161.28,41.99,41.58,0,5,72.32,6/2/2025,Good,16.63,0.0026,6.237,0.00097,0.00,0.00,0.00,8.316,0.0013,4.158,0.00065,41.31,0.827,0.00,0.00,49.90,0.0078,0.00,0.00,0.00,0.00,0.00,5.821,0.00,0.00,0.020
-93.78248719,42.02203950,F Fields (F1-F5),TaskName 6/2/2025 (GreenStar 4 Monitor),32%zidua/sharpen,779,6/2/2025,1.004,On,1119.7,121.25,0.00,4.884,7.185,5.624,160.52,41.99,41.75,0,5,71.71,6/2/2025,Good,16.70,0.0026,6.262,0.00098,0.00,0.00,0.00,8.350,0.0013,4.175,0.00065,41.48,0.830,0.00,0.00,50.10,0.0078,0.00,0.00,0.00,0.00,0.00,5.845,0.00,0.00,0.020
-93.78247854,42.02202073,F Fields (F1-F5),TaskName 6/2/2025 (GreenStar 4 Monitor),32%zidua/sharpen,780,6/2/2025,1.000,On,1119.7,121.25,0.00,4.904,7.188,5.368,160.49,41.99,41.83,0,5,72.03,6/2/2025,Good,16.73,0.0026,6.275,0.00098,0.00,0.00,0.00,8.366,0.0013,4.183,0.00065,41.56,0.832,0.00,0.00,50.20,0.0078,0.00,0.00,0.00,0.00,0.00,5.856,0.00,0.00,0.020
-93.78246949,42.02200210,F Fields (F1-F5),TaskName 6/2/2025 (GreenStar 4 Monitor),32%zidua/sharpen,781,6/2/2025,0.996,On,1119.7,121.25,0.00,4.945,7.221,5.275,160.81,41.99,41.68,0,5,72.65,6/2/2025,Good,16.67,0.0026,6.253,0.00098,0.00,0.00,0.00,8.337,0.0013,4.168,0.00065,41.41,0.832,0.00,0.00,50.02,0.0079,0.00,0.00,0.00,0.00,0.00,5.836,0.00,0.00,0.020
-93.78246085,42.02198330,F Fields (F1-F5),TaskName 6/2/2025 (GreenStar 4 Monitor),32%zidua/sharpen,782,6/2/2025,1.004,On,1119.7,121.25,0.00,4.921,7.234,5.446,160.80,41.99,41.92,0,5,72.20,6/2/2025,Good,16.77,0.0026,6.288,0.00099,0.00,0.00,0.00,8.384,0.0013,4.192,0.00066,41.65,0.839,0.00,0.00,50.31,0.0079,0.00,0.00,0.00,0.00,0.00,5.869,0.00,0.00,0.020
-93.78245237,42.02196450,F Fields (F1-F5),TaskName 6/2/2025 (GreenStar 4 Monitor),32%zidua/sharpen,783,6/2/2025,0.996,On,1119.7,121.25,0.00,4.931,7.195,5.308,160.48,41.99,42.10,0,5,72.39,6/2/2025,Good,16.84,0.0026,6.315,0.00099,0.00,0.00,0.00,8.420,0.0013,4.210,0.00066,41.82,0.838,0.00,0.00,50.52,0.0079,0.00,0.00,0.00,0.00,0.00,5.894,0.00,0.00,0.020
-93.78244335,42.02194576,F Fields (F1-F5),TaskName 6/2/2025 (GreenStar 4 Monitor),32%zidua/sharpen,784,6/2/2025,1.004,On,1119.7,121.25,0.00,4.939,7.267,5.332,160.64,41.99,42.14,0,5,72.53,6/2/2025,Good,16.85,0.0027,6.320,0.00100,0.00,0.00,0.00,8.427,0.0013,4.214,0.00067,41.86,0.847,0.00,0.00,50.56,0.0080,0.00,0.00,0.00,0.00,0.00,5.899,0.00,0.00,0.020
-93.78243427,42.02192698,F Fields (F1-F5),TaskName 6/2/2025 (GreenStar 4 Monitor),32%zidua/sharpen,785,6/2/2025,1.000,On,1119.7,121.25,0.00,4.942,7.241,5.154,161.12,41.99,42.01,0,5,72.56,6/2/2025,Good,16.81,0.0026,6.302,0.00099,0.00,0.00,0.00,8.403,0.0013,4.201,0.00066,41.74,0.841,0.00,0.00,50.42,0.0079,0.00,0.00,0.00,0.00,0.00,5.882,0.00,0.00,0.020
-93.78242550,42.02190841,F Fields (F1-F5),TaskName 6/2/2025 (GreenStar 4 Monitor),32%zidua/sharpen,786,6/2/2025,0.995,On,1119.7,121.25,0.00,4.915,7.169,5.538,161.33,41.99,41.90,0,5,72.20,6/2/2025,Good,16.76,0.0026,6.285,0.00098,0.00,0.00,0.00,8.381,0.0013,4.190,0.00065,41.63,0.831,0.00,0.00,50.28,0.0078,0.00,0.00,0.00,0.00,0.00,5.866,0.00,0.00,0.020
-93.78241695,42.02188939,F Fields (F1-F5),TaskName 6/2/2025 (GreenStar 4 Monitor),32%zidua/sharpen,787,6/2/2025,1.005,On,1119.7,121.25,0.00,4.944,7.274,4.996,161.40,41.99,41.97,0,5,72.52,6/2/2025,Good,16.79,0.0027,6.295,0.00100,0.00,0.00,0.00,8.393,0.0013,4.197,0.00066,41.69,0.844,0.00,0.00,50.36,0.0080,0.00,0.00,0.00,0.00,0.00,5.875,0.00,0.00,0.020
-93.78240803,42.02187060,F Fields (F1-F5),TaskName 6/2/2025 (GreenStar 4 Monitor),32%zidua/sharpen,788,6/2/2025,0.996,On,1119.6,121.25,0.00,4.971,7.251,4.458,161.86,41.99,41.61,0,5,72.95,6/2/2025,Good,16.64,0.0026,6.242,0.00098,0.00,0.00,0.00,8.322,0.0013,4.161,0.00066,41.34,0.834,0.00,0.00,49.93,0.0079,0.00,0.00,0.00,0.00,0.00,5.826,0.00,0.00,0.020
-93.78239980,42.02185163,F Fields (F1-F5),TaskName 6/2/2025 (GreenStar 4 Monitor),32%zidua/sharpen,789,6/2/2025,1.000,On,1119.5,121.25,0.00,4.948,7.247,4.296,161.74,41.99,41.47,0,5,72.62,6/2/2025,Good,16.59,0.0026,6.221,0.00098,0.00,0.00,0.00,8.294,0.0013,4.147,0.00065,41.20,0.831,0.00,0.00,49.77,0.0078,0.00,0.00,0.00,0.00,0.00,5.806,0.00,0.00,0.020
-93.78239154,42.02183268,F Fields (F1-F5),TaskName 6/2/2025 (GreenStar 4 Monitor),32%zidua/sharpen,790,6/2/2025,1.004,On,1119.5,121.25,0.00,4.945,7.274,4.352,161.52,41.99,41.31,0,5,72.60,6/2/2025,Good,16.53,0.0026,6.197,0.00098,0.00,0.00,0.00,8.263,0.0013,4.131,0.00065,41.04,0.831,0.00,0.00,49.58,0.0078,0.00,0.00,0.00,0.00,0.00,5.784,0.00,0.00,0.020
-93.78238289,42.02181378,F Fields (F1-F5),TaskName 6/2/2025 (GreenStar 4 Monitor),32%zidua/sharpen,791,6/2/2025,0.995,On,1119.6,121.25,0.00,4.946,7.208,5.033,161.91,41.99,41.84,0,5,72.59,6/2/2025,Good,16.73,0.0026,6.276,0.00098,0.00,0.00,0.00,8.367,0.0013,4.184,0.00066,41.56,0.834,0.00,0.00,50.20,0.0079,0.00,0.00,0.00,0.00,0.00,5.857,0.00,0.00,0.020
-93.78237439,42.02179514,F Fields (F1-F5),TaskName 6/2/2025 (GreenStar 4 Monitor),32%zidua/sharpen,792,6/2/2025,1.005,On,1119.6,121.25,0.00,4.923,7.255,4.964,162.39,41.99,41.96,0,5,72.33,6/2/2025,Good,16.79,0.0026,6.295,0.00099,0.00,0.00,0.00,8.393,0.0013,4.196,0.00066,41.69,0.842,0.00,0.00,50.36,0.0079,0.00,0.00,0.00,0.00,0.00,5.875,0.00,0.00,0.020
-93.78236655,42.02177664,F Fields (F1-F5),TaskName 6/2/2025 (GreenStar 4 Monitor),32%zidua/sharpen,793,6/2/2025,0.995,On,1119.7,121.25,0.00,4.869,7.103,5.284,162.24,41.99,42.20,0,5,71.53,6/2/2025,Good,16.88,0.0026,6.330,0.00098,0.00,0.00,0.00,8.440,0.0013,4.220,0.00065,41.93,0.829,0.00,0.00,50.64,0.0078,0.00,0.00,0.00,0.00,0.00,5.908,0.00,0.00,0.020
-93.78235854,42.02175793,F Fields (F1-F5),TaskName 6/2/2025 (GreenStar 4 Monitor),32%zidua/sharpen,794,6/2/2025,1.000,On,1119.8,121.25,0.00,4.843,7.100,5.430,162.28,41.99,42.15,0,5,71.14,6/2/2025,Good,16.86,0.0026,6.323,0.00098,0.00,0.00,0.00,8.430,0.0013,4.215,0.00065,41.88,0.828,0.00,0.00,50.58,0.0078,0.00,0.00,0.00,0.00,0.00,5.901,0.00,0.00,0.020
-93.78235037,42.02173908,F Fields (F1-F5),TaskName 6/2/2025 (GreenStar 4 Monitor),32%zidua/sharpen,795,6/2/2025,1.005,On,1119.8,121.25,0.00,4.932,7.267,4.672,162.37,41.99,41.97,0,5,72.46,6/2/2025,Good,16.79,0.0027,6.295,0.00099,0.00,0.00,0.00,8.393,0.0013,4.197,0.00066,41.69,0.843,0.00,0.00,50.36,0.0080,0.00,0.00,0.00,0.00,0.00,5.875,0.00,0.00,0.020
-93.78234214,42.02172026,F Fields (F1-F5),TaskName 6/2/2025 (GreenStar 4 Monitor),32%zidua/sharpen,796,6/2/2025,1.000,On,1119.8,121.25,0.00,4.892,7.175,4.510,162.60,41.99,41.84,0,5,71.90,6/2/2025,Good,16.74,0.0026,6.277,0.00098,0.00,0.00,0.00,8.369,0.0013,4.184,0.00065,41.57,0.830,0.00,0.00,50.21,0.0078,0.00,0.00,0.00,0.00,0.00,5.858,0.00,0.00,0.020
-93.78233398,42.02170145,F Fields (F1-F5),TaskName 6/2/2025 (GreenStar 4 Monitor),32%zidua/sharpen,797,6/2/2025,0.996,On,1119.9,121.25,0.00,4.910,7.172,4.473,162.82,41.99,41.51,0,5,72.16,6/2/2025,Good,16.61,0.0026,6.227,0.00097,0.00,0.00,0.00,8.303,0.0013,4.151,0.00065,41.24,0.823,0.00,0.00,49.82,0.0078,0.00,0.00,0.00,0.00,0.00,5.812,0.00,0.00,0.020
-93.78232598,42.02168258,F Fields (F1-F5),TaskName 6/2/2025 (GreenStar 4 Monitor),32%zidua/sharpen,798,6/2/2025,0.999,On,1119.9,121.25,0.00,4.912,7.198,4.921,163.02,41.99,41.76,0,5,72.20,6/2/2025,Good,16.70,0.0026,6.264,0.00098,0.00,0.00,0.00,8.352,0.0013,4.176,0.00065,41.49,0.831,0.00,0.00,50.11,0.0078,0.00,0.00,0.00,0.00,0.00,5.846,0.00,0.00,0.020
-93.78231812,42.02166367,F Fields (F1-F5),TaskName 6/2/2025 (GreenStar 4 Monitor),32%zidua/sharpen,799,6/2/2025,1.001,On,1119.9,121.25,0.00,4.914,7.208,5.175,163.20,41.99,42.05,0,5,72.16,6/2/2025,Good,16.82,0.0026,6.308,0.00099,0.00,0.00,0.00,8.411,0.0013,4.205,0.00066,41.78,0.838,0.00,0.00,50.46,0.0079,0.00,0.00,0.00,0.00,0.00,5.888,0.00,0.00,0.020
-93.78231005,42.02164459,F Fields (F1-F5),TaskName 6/2/2025 (GreenStar 4 Monitor),32%zidua/sharpen,800,6/2/2025,1.004,On,1119.9,121.25,0.00,4.940,7.277,4.763,163.38,41.99,42.03,0,5,72.63,6/2/2025,Good,16.81,0.0027,6.304,0.00100,0.00,0.00,0.00,8.405,0.0013,4.203,0.00067,41.75,0.846,0.00,0.00,50.43,0.0080,0.00,0.00,0.00,0.00,0.00,5.884,0.00,0.00,0.020
-93.78230227,42.02162547,F Fields (F1-F5),TaskName 6/2/2025 (GreenStar 4 Monitor),32%zidua/sharpen,801,6/2/2025,0.996,On,1119.9,121.25,0.00,4.962,7.251,4.929,163.43,41.99,41.95,0,5,72.95,6/2/2025,Good,16.78,0.0026,6.292,0.00099,0.00,0.00,0.00,8.389,0.0013,4.195,0.00066,41.67,0.841,0.00,0.00,50.34,0.0079,0.00,0.00,0.00,0.00,0.00,5.872,0.00,0.00,0.020
-93.78229451,42.02160643,F Fields (F1-F5),TaskName 6/2/2025 (GreenStar 4 Monitor),32%zidua/sharpen,802,6/2/2025,0.999,On,1119.9,121.25,0.00,4.941,7.238,4.982,163.54,41.99,41.95,0,5,72.60,6/2/2025,Good,16.78,0.0026,6.292,0.00099,0.00,0.00,0.00,8.390,0.0013,4.195,0.00066,41.68,0.840,0.00,0.00,50.34,0.0079,0.00,0.00,0.00,0.00,0.00,5.873,0.00,0.00,0.020
-93.78228701,42.02158717,F Fields (F1-F5),TaskName 6/2/2025 (GreenStar 4 Monitor),32%zidua/sharpen,803,6/2/2025,1.005,On,1119.9,121.25,0.00,4.981,7.339,4.242,163.19,41.99,41.67,0,5,73.18,6/2/2025,Good,16.67,0.0027,6.250,0.00100,0.00,0.00,0.00,8.333,0.0013,4.167,0.00066,41.39,0.846,0.00,0.00,50.00,0.0080,0.00,0.00,0.00,0.00,0.00,5.833,0.00,0.00,0.020
-93.78227930,42.02156790,F Fields (F1-F5),TaskName 6/2/2025 (GreenStar 4 Monitor),32%zidua/sharpen,804,6/2/2025,0.995,On,1119.9,121.25,0.00,4.987,7.277,4.491,163.02,41.99,41.56,0,5,73.29,6/2/2025,Good,16.63,0.0026,6.234,0.00099,0.00,0.00,0.00,8.313,0.0013,4.156,0.00066,41.29,0.836,0.00,0.00,49.88,0.0079,0.00,0.00,0.00,0.00,0.00,5.819,0.00,0.00,0.020
-93.78227136,42.02154860,F Fields (F1-F5),TaskName 6/2/2025 (GreenStar 4 Monitor),32%zidua/sharpen,805,6/2/2025,0.995,On,1119.8,121.25,0.00,5.011,7.313,4.897,163.27,41.99,41.86,0,5,73.65,6/2/2025,Good,16.74,0.0027,6.279,0.00100,0.00,0.00,0.00,8.372,0.0013,4.186,0.00067,41.59,0.847,0.00,0.00,50.23,0.0080,0.00,0.00,0.00,0.00,0.00,5.861,0.00,0.00,0.020
-93.78226332,42.02152940,F Fields (F1-F5),TaskName 6/2/2025 (GreenStar 4 Monitor),32%zidua/sharpen,806,6/2/2025,1.006,On,1119.8,121.25,0.00,4.988,7.356,4.880,163.79,41.99,41.94,0,5,73.27,6/2/2025,Good,16.78,0.0027,6.291,0.0010,0.00,0.00,0.00,8.389,0.0013,4.194,0.00067,41.67,0.853,0.00,0.00,50.33,0.0081,0.00,0.00,0.00,0.00,0.00,5.872,0.00,0.00,0.020
-93.78225571,42.02150998,F Fields (F1-F5),TaskName 6/2/2025 (GreenStar 4 Monitor),32%zidua/sharpen,807,6/2/2025,0.999,On,1119.8,121.25,0.00,5.022,7.365,4.714,163.71,41.99,42.08,0,5,73.88,6/2/2025,Good,16.83,0.0027,6.312,0.0010,0.00,0.00,0.00,8.416,0.0013,4.208,0.00067,41.81,0.857,0.00,0.00,50.50,0.0081,0.00,0.00,0.00,0.00,0.00,5.892,0.00,0.00,0.021
-93.78224838,42.02149070,F Fields (F1-F5),TaskName 6/2/2025 (GreenStar 4 Monitor),32%zidua/sharpen,808,6/2/2025,1.001,On,1119.7,121.25,0.00,5.001,7.336,4.817,163.18,41.99,42.02,0,5,73.44,6/2/2025,Good,16.81,0.0027,6.303,0.0010,0.00,0.00,0.00,8.404,0.0013,4.202,0.00067,41.75,0.852,0.00,0.00,50.42,0.0080,0.00,0.00,0.00,0.00,0.00,5.883,0.00,0.00,0.020
-93.78224062,42.02147128,F Fields (F1-F5),TaskName 6/2/2025 (GreenStar 4 Monitor),32%zidua/sharpen,809,6/2/2025,0.994,On,1119.7,121.25,0.00,5.020,7.326,4.537,163.18,41.99,41.79,0,5,73.86,6/2/2025,Good,16.72,0.0027,6.268,0.00100,0.00,0.00,0.00,8.358,0.0013,4.179,0.00067,41.52,0.847,0.00,0.00,50.15,0.0080,0.00,0.00,0.00,0.00,0.00,5.850,0.00,0.00,0.020
-93.78223279,42.02145195,F Fields (F1-F5),TaskName 6/2/2025 (GreenStar 4 Monitor),32%zidua/sharpen,810,6/2/2025,1.006,On,1119.6,121.25,0.00,4.998,7.369,4.873,162.84,41.99,41.70,0,5,73.40,6/2/2025,Good,16.68,0.0027,6.255,0.0010,0.00,0.00,0.00,8.341,0.0013,4.170,0.00067,41.43,0.850,0.00,0.00,50.04,0.0080,0.00,0.00,0.00,0.00,0.00,5.838,0.00,0.00,0.021
-93.78222518,42.02143268,F Fields (F1-F5),TaskName 6/2/2025 (GreenStar 4 Monitor),32%zidua/sharpen,811,6/2/2025,1.000,On,1119.6,121.25,0.00,5.018,7.359,4.566,162.71,41.99,41.89,0,5,73.74,6/2/2025,Good,16.75,0.0027,6.283,0.0010,0.00,0.00,0.00,8.377,0.0013,4.189,0.00067,41.61,0.852,0.00,0.00,50.26,0.0080,0.00,0.00,0.00,0.00,0.00,5.864,0.00,0.00,0.020
-93.78221701,42.02141334,F Fields (F1-F5),TaskName 6/2/2025 (GreenStar 4 Monitor),32%zidua/sharpen,812,6/2/2025,0.999,On,1119.6,121.25,0.00,5.015,7.352,4.647,162.96,41.99,41.85,0,5,73.75,6/2/2025,Good,16.74,0.0027,6.278,0.0010,0.00,0.00,0.00,8.370,0.0013,4.185,0.00067,41.58,0.851,0.00,0.00,50.22,0.0080,0.00,0.00,0.00,0.00,0.00,5.859,0.00,0.00,0.020
-93.78220928,42.02139405,F Fields (F1-F5),TaskName 6/2/2025 (GreenStar 4 Monitor),32%zidua/sharpen,813,6/2/2025,1.000,On,1119.5,121.25,0.00,5.019,7.362,4.871,162.91,41.99,41.92,0,5,73.77,6/2/2025,Good,16.77,0.0027,6.288,0.0010,0.00,0.00,0.00,8.385,0.0013,4.192,0.00067,41.65,0.854,0.00,0.00,50.31,0.0081,0.00,0.00,0.00,0.00,0.00,5.869,0.00,0.00,0.020
-93.78220178,42.02137468,F Fields (F1-F5),TaskName 6/2/2025 (GreenStar 4 Monitor),32%zidua/sharpen,814,6/2/2025,1.000,On,1119.5,121.25,0.00,4.992,7.320,5.085,162.35,41.99,42.11,0,5,73.35,6/2/2025,Good,16.85,0.0027,6.317,0.0010,0.00,0.00,0.00,8.423,0.0013,4.211,0.00067,41.84,0.852,0.00,0.00,50.54,0.0080,0.00,0.00,0.00,0.00,0.00,5.896,0.00,0.00,0.020
-93.78219366,42.02135520,F Fields (F1-F5),TaskName 6/2/2025 (GreenStar 4 Monitor),32%zidua/sharpen,815,6/2/2025,1.001,On,1119.4,121.25,0.00,5.055,7.421,4.446,162.16,41.99,41.96,0,5,74.29,6/2/2025,Good,16.78,0.0027,6.294,0.0010,0.00,0.00,0.00,8.392,0.0014,4.196,0.00068,41.69,0.861,0.00,0.00,50.35,0.0081,0.00,0.00,0.00,0.00,0.00,5.875,0.00,0.00,0.021
-93.78218532,42.02133584,F Fields (F1-F5),TaskName 6/2/2025 (GreenStar 4 Monitor),32%zidua/sharpen,816,6/2/2025,0.995,On,1119.4,121.25,0.00,5.042,7.356,4.363,162.36,41.99,41.73,0,5,74.08,6/2/2025,Good,16.69,0.0027,6.260,0.0010,0.00,0.00,0.00,8.346,0.0013,4.173,0.00067,41.46,0.849,0.00,0.00,50.08,0.0080,0.00,0.00,0.00,0.00,0.00,5.843,0.00,0.00,0.020
-93.78217681,42.02131664,F Fields (F1-F5),TaskName 6/2/2025 (GreenStar 4 Monitor),32%zidua/sharpen,817,6/2/2025,1.004,On,1119.3,121.25,0.00,5.022,7.398,4.762,162.86,41.99,42.09,0,5,73.84,6/2/2025,Good,16.84,0.0027,6.314,0.0010,0.00,0.00,0.00,8.418,0.0014,4.209,0.00068,41.82,0.861,0.00,0.00,50.51,0.0081,0.00,0.00,0.00,0.00,0.00,5.893,0.00,0.00,0.021
-93.78216890,42.02129732,F Fields (F1-F5),TaskName 6/2/2025 (GreenStar 4 Monitor),32%zidua/sharpen,818,6/2/2025,0.996,On,1119.2,121.25,0.00,5.020,7.329,4.786,163.12,41.99,42.13,0,5,73.74,6/2/2025,Good,16.85,0.0027,6.319,0.0010,0.00,0.00,0.00,8.426,0.0013,4.213,0.00067,41.86,0.854,0.00,0.00,50.56,0.0081,0.00,0.00,0.00,0.00,0.00,5.898,0.00,0.00,0.020
-93.78216092,42.02127806,F Fields (F1-F5),TaskName 6/2/2025 (GreenStar 4 Monitor),32%zidua/sharpen,819,6/2/2025,0.999,On,1119.2,121.25,0.00,5.021,7.356,4.524,163.58,41.99,41.91,0,5,73.78,6/2/2025,Good,16.76,0.0027,6.286,0.0010,0.00,0.00,0.00,8.382,0.0013,4.191,0.00067,41.64,0.852,0.00,0.00,50.29,0.0080,0.00,0.00,0.00,0.00,0.00,5.867,0.00,0.00,0.020
-93.78215346,42.02125870,F Fields (F1-F5),TaskName 6/2/2025 (GreenStar 4 Monitor),32%zidua/sharpen,820,6/2/2025,1.005,On,1119.2,121.25,0.00,4.985,7.346,4.595,163.59,41.99,41.92,0,5,73.24,6/2/2025,Good,16.77,0.0027,6.287,0.0010,0.00,0.00,0.00,8.383,0.0013,4.192,0.00067,41.64,0.851,0.00,0.00,50.30,0.0080,0.00,0.00,0.00,0.00,0.00,5.868,0.00,0.00,0.020
-93.78214614,42.02123938,F Fields (F1-F5),TaskName 6/2/2025 (GreenStar 4 Monitor),32%zidua/sharpen,821,6/2/2025,0.996,On,1119.2,121.25,0.00,4.995,7.297,5.061,163.26,41.99,41.95,0,5,73.41,6/2/2025,Good,16.78,0.0027,6.293,0.00100,0.00,0.00,0.00,8.391,0.0013,4.195,0.00067,41.68,0.847,0.00,0.00,50.34,0.0080,0.00,0.00,0.00,0.00,0.00,5.874,0.00,0.00,0.020
-93.78213902,42.02122010,F Fields (F1-F5),TaskName 6/2/2025 (GreenStar 4 Monitor),32%zidua/sharpen,822,6/2/2025,1.004,On,1119.1,121.25,0.00,4.990,7.351,5.085,162.74,41.99,41.92,0,5,73.37,6/2/2025,Good,16.77,0.0027,6.288,0.0010,0.00,0.00,0.00,8.384,0.0013,4.192,0.00067,41.65,0.852,0.00,0.00,50.30,0.0080,0.00,0.00,0.00,0.00,0.00,5.869,0.00,0.00,0.020
-93.78213114,42.02120068,F Fields (F1-F5),TaskName 6/2/2025 (GreenStar 4 Monitor),32%zidua/sharpen,823,6/2/2025,1.000,On,1119.0,121.25,0.00,5.015,7.359,4.859,162.76,41.99,41.84,0,5,73.74,6/2/2025,Good,16.74,0.0027,6.276,0.0010,0.00,0.00,0.00,8.369,0.0013,4.184,0.00067,41.57,0.852,0.00,0.00,50.21,0.0080,0.00,0.00,0.00,0.00,0.00,5.858,0.00,0.00,0.020
-93.78212315,42.02118134,F Fields (F1-F5),TaskName 6/2/2025 (GreenStar 4 Monitor),32%zidua/sharpen,824,6/2/2025,0.996,On,1118.9,121.25,0.00,5.045,7.372,4.756,162.99,41.99,41.71,0,5,74.17,6/2/2025,Good,16.68,0.0027,6.256,0.0010,0.00,0.00,0.00,8.341,0.0013,4.171,0.00067,41.44,0.850,0.00,0.00,50.05,0.0080,0.00,0.00,0.00,0.00,0.00,5.839,0.00,0.00,0.021
-93.78211530,42.02116201,F Fields (F1-F5),TaskName 6/2/2025 (GreenStar 4 Monitor),32%zidua/sharpen,825,6/2/2025,1.000,On,1118.8,121.25,0.00,5.006,7.339,4.766,163.03,41.99,41.89,0,5,73.54,6/2/2025,Good,16.75,0.0027,6.283,0.0010,0.00,0.00,0.00,8.377,0.0013,4.189,0.00067,41.61,0.850,0.00,0.00,50.26,0.0080,0.00,0.00,0.00,0.00,0.00,5.864,0.00,0.00,0.020
-93.78210726,42.02114257,F Fields (F1-F5),TaskName 6/2/2025 (GreenStar 4 Monitor),32%zidua/sharpen,826,6/2/2025,0.999,On,1118.7,121.25,0.00,5.016,7.352,4.118,163.43,41.99,41.84,0,5,73.75,6/2/2025,Good,16.74,0.0027,6.276,0.0010,0.00,0.00,0.00,8.368,0.0013,4.184,0.00067,41.57,0.851,0.00,0.00,50.21,0.0080,0.00,0.00,0.00,0.00,0.00,5.857,0.00,0.00,0.020
-93.78209918,42.02112324,F Fields (F1-F5),TaskName 6/2/2025 (GreenStar 4 Monitor),32%zidua/sharpen,827,6/2/2025,1.005,On,1118.6,121.25,0.00,5.058,7.461,3.907,164.01,41.99,41.16,0,5,74.39,6/2/2025,Good,16.46,0.0027,6.174,0.0010,0.00,0.00,0.00,8.231,0.0013,4.116,0.00067,40.89,0.849,0.00,0.00,49.39,0.0080,0.00,0.00,0.00,0.00,0.00,5.762,0.00,0.00,0.021
-93.78209187,42.02110385,F Fields (F1-F5),TaskName 6/2/2025 (GreenStar 4 Monitor),32%zidua/sharpen,828,6/2/2025,1.000,On,1118.6,121.25,0.00,5.006,7.343,4.154,163.89,41.99,41.37,0,5,73.58,6/2/2025,Good,16.55,0.0026,6.205,0.00099,0.00,0.00,0.00,8.273,0.0013,4.137,0.00066,41.10,0.840,0.00,0.00,49.64,0.0079,0.00,0.00,0.00,0.00,0.00,5.791,0.00,0.00,0.020
-93.78208452,42.02108449,F Fields (F1-F5),TaskName 6/2/2025 (GreenStar 4 Monitor),32%zidua/sharpen,829,6/2/2025,1.000,On,1118.5,121.25,0.00,4.977,7.300,4.258,163.61,41.99,41.61,0,5,73.15,6/2/2025,Good,16.64,0.0026,6.241,0.00099,0.00,0.00,0.00,8.322,0.0013,4.161,0.00066,41.34,0.840,0.00,0.00,49.93,0.0079,0.00,0.00,0.00,0.00,0.00,5.825,0.00,0.00,0.020
-93.78207717,42.02106534,F Fields (F1-F5),TaskName 6/2/2025 (GreenStar 4 Monitor),32%zidua/sharpen,830,6/2/2025,1.000,On,1118.5,121.25,0.00,5.018,7.362,4.279,163.46,41.99,41.56,0,5,73.77,6/2/2025,Good,16.62,0.0027,6.234,0.00100,0.00,0.00,0.00,8.312,0.0013,4.156,0.00067,41.29,0.846,0.00,0.00,49.87,0.0080,0.00,0.00,0.00,0.00,0.00,5.818,0.00,0.00,0.020
-93.78206926,42.02104588,F Fields (F1-F5),TaskName 6/2/2025 (GreenStar 4 Monitor),32%zidua/sharpen,831,6/2/2025,0.996,On,1118.3,121.25,0.00,5.020,7.336,4.905,163.81,41.99,42.20,0,5,73.81,6/2/2025,Good,16.88,0.0027,6.329,0.0010,0.00,0.00,0.00,8.439,0.0013,4.220,0.00067,41.92,0.856,0.00,0.00,50.64,0.0081,0.00,0.00,0.00,0.00,0.00,5.907,0.00,0.00,0.020
-93.78206154,42.02102633,F Fields (F1-F5),TaskName 6/2/2025 (GreenStar 4 Monitor),32%zidua/sharpen,832,6/2/2025,0.999,On,1118.3,121.25,0.00,5.024,7.359,5.022,163.87,41.99,42.13,0,5,73.82,6/2/2025,Good,16.85,0.0027,6.320,0.0010,0.00,0.00,0.00,8.426,0.0013,4.213,0.00067,41.86,0.857,0.00,0.00,50.56,0.0081,0.00,0.00,0.00,0.00,0.00,5.899,0.00,0.00,0.020
-93.78205376,42.02100669,F Fields (F1-F5),TaskName 6/2/2025 (GreenStar 4 Monitor),32%zidua/sharpen,833,6/2/2025,1.000,On,1118.2,121.25,0.00,5.062,7.428,4.829,163.96,41.99,42.26,0,5,74.43,6/2/2025,Good,16.90,0.0027,6.338,0.0010,0.00,0.00,0.00,8.451,0.0014,4.226,0.00068,41.98,0.868,0.00,0.00,50.71,0.0082,0.00,0.00,0.00,0.00,0.00,5.916,0.00,0.00,0.021
-93.78204637,42.02098745,F Fields (F1-F5),TaskName 6/2/2025 (GreenStar 4 Monitor),32%zidua/sharpen,834,6/2/2025,1.005,On,1118.2,121.25,0.00,5.013,7.392,5.049,163.88,41.99,41.98,0,5,73.70,6/2/2025,Good,16.79,0.0027,6.297,0.0010,0.00,0.00,0.00,8.396,0.0013,4.198,0.00067,41.71,0.858,0.00,0.00,50.38,0.0081,0.00,0.00,0.00,0.00,0.00,5.877,0.00,0.00,0.021
-93.78203899,42.02096799,F Fields (F1-F5),TaskName 6/2/2025 (GreenStar 4 Monitor),32%zidua/sharpen,835,6/2/2025,1.000,On,1118.0,121.25,0.00,5.005,7.343,4.855,163.43,41.99,41.94,0,5,73.58,6/2/2025,Good,16.78,0.0027,6.291,0.0010,0.00,0.00,0.00,8.388,0.0013,4.194,0.00067,41.67,0.852,0.00,0.00,50.33,0.0080,0.00,0.00,0.00,0.00,0.00,5.871,0.00,0.00,0.020
-93.78203121,42.02094839,F Fields (F1-F5),TaskName 6/2/2025 (GreenStar 4 Monitor),32%zidua/sharpen,836,6/2/2025,1.000,On,1117.9,121.25,0.00,5.081,7.454,4.453,163.27,41.99,41.85,0,5,74.70,6/2/2025,Good,16.74,0.0027,6.277,0.0010,0.00,0.00,0.00,8.369,0.0014,4.185,0.00068,41.57,0.863,0.00,0.00,50.21,0.0081,0.00,0.00,0.00,0.00,0.00,5.858,0.00,0.00,0.021
-93.78202343,42.02092853,F Fields (F1-F5),TaskName 6/2/2025 (GreenStar 4 Monitor),32%zidua/sharpen,837,6/2/2025,0.995,On,1117.8,121.25,0.00,5.104,7.454,4.116,163.14,41.99,41.77,0,5,75.07,6/2/2025,Good,16.71,0.0027,6.265,0.0010,0.00,0.00,0.00,8.353,0.0014,4.177,0.00068,41.50,0.861,0.00,0.00,50.12,0.0081,0.00,0.00,0.00,0.00,0.00,5.847,0.00,0.00,0.021
-93.78201542,42.02090912,F Fields (F1-F5),TaskName 6/2/2025 (GreenStar 4 Monitor),32%zidua/sharpen,838,6/2/2025,1.001,On,1117.7,121.25,0.00,5.071,7.444,4.773,163.41,41.99,41.64,0,5,74.52,6/2/2025,Good,16.65,0.0027,6.245,0.0010,0.00,0.00,0.00,8.327,0.0013,4.164,0.00067,41.37,0.857,0.00,0.00,49.96,0.0081,0.00,0.00,0.00,0.00,0.00,5.829,0.00,0.00,0.021
-93.78200746,42.02088954,F Fields (F1-F5),TaskName 6/2/2025 (GreenStar 4 Monitor),32%zidua/sharpen,839,6/2/2025,1.000,On,1117.6,121.25,0.00,5.059,7.418,4.722,163.82,41.99,41.94,0,5,74.33,6/2/2025,Good,16.78,0.0027,6.291,0.0010,0.00,0.00,0.00,8.388,0.0014,4.194,0.00068,41.67,0.860,0.00,0.00,50.33,0.0081,0.00,0.00,0.00,0.00,0.00,5.871,0.00,0.00,0.021
-93.78199995,42.02087011,F Fields (F1-F5),TaskName 6/2/2025 (GreenStar 4 Monitor),32%zidua/sharpen,840,6/2/2025,1.000,On,1117.6,121.25,0.00,5.086,7.464,4.520,163.70,41.99,41.90,0,5,74.79,6/2/2025,Good,16.76,0.0027,6.285,0.0010,0.00,0.00,0.00,8.380,0.0014,4.190,0.00068,41.63,0.865,0.00,0.00,50.28,0.0082,0.00,0.00,0.00,0.00,0.00,5.866,0.00,0.00,0.021
-93.78199279,42.02085052,F Fields (F1-F5),TaskName 6/2/2025 (GreenStar 4 Monitor),32%zidua/sharpen,841,6/2/2025,1.000,On,1117.5,121.25,0.00,5.008,7.349,4.909,162.85,41.99,42.01,0,5,73.64,6/2/2025,Good,16.81,0.0027,6.302,0.0010,0.00,0.00,0.00,8.403,0.0013,4.201,0.00067,41.74,0.854,0.00,0.00,50.42,0.0081,0.00,0.00,0.00,0.00,0.00,5.882,0.00,0.00,0.020
-93.78198502,42.02083107,F Fields (F1-F5),TaskName 6/2/2025 (GreenStar 4 Monitor),32%zidua/sharpen,842,6/2/2025,0.999,On,1117.5,121.25,0.00,5.061,7.415,4.500,162.29,41.99,41.86,0,5,74.38,6/2/2025,Good,16.74,0.0027,6.278,0.0010,0.00,0.00,0.00,8.371,0.0013,4.186,0.00067,41.58,0.858,0.00,0.00,50.23,0.0081,0.00,0.00,0.00,0.00,0.00,5.860,0.00,0.00,0.021
-93.78197688,42.02081154,F Fields (F1-F5),TaskName 6/2/2025 (GreenStar 4 Monitor),32%zidua/sharpen,843,6/2/2025,1.000,On,1117.5,121.25,0.00,5.076,7.448,4.446,162.01,41.99,41.78,0,5,74.63,6/2/2025,Good,16.71,0.0027,6.267,0.0010,0.00,0.00,0.00,8.356,0.0014,4.178,0.00068,41.51,0.861,0.00,0.00,50.14,0.0081,0.00,0.00,0.00,0.00,0.00,5.849,0.00,0.00,0.021
-93.78196858,42.02079221,F Fields (F1-F5),TaskName 6/2/2025 (GreenStar 4 Monitor),32%zidua/sharpen,844,6/2/2025,1.000,On,1117.5,121.25,0.00,5.055,7.415,4.590,161.99,41.99,41.87,0,5,74.30,6/2/2025,Good,16.75,0.0027,6.280,0.0010,0.00,0.00,0.00,8.374,0.0014,4.187,0.00068,41.60,0.859,0.00,0.00,50.24,0.0081,0.00,0.00,0.00,0.00,0.00,5.862,0.00,0.00,0.021
-93.78196017,42.02077294,F Fields (F1-F5),TaskName 6/2/2025 (GreenStar 4 Monitor),32%zidua/sharpen,845,6/2/2025,1.000,On,1117.6,121.25,0.00,5.013,7.356,4.607,161.84,41.99,42.04,0,5,73.71,6/2/2025,Good,16.82,0.0027,6.306,0.0010,0.00,0.00,0.00,8.408,0.0013,4.204,0.00067,41.77,0.855,0.00,0.00,50.45,0.0081,0.00,0.00,0.00,0.00,0.00,5.886,0.00,0.00,0.020
-93.78195178,42.02075363,F Fields (F1-F5),TaskName 6/2/2025 (GreenStar 4 Monitor),32%zidua/sharpen,846,6/2/2025,1.001,On,1117.6,121.25,0.00,5.054,7.411,4.430,161.69,41.99,41.86,0,5,74.19,6/2/2025,Good,16.74,0.0027,6.279,0.0010,0.00,0.00,0.00,8.372,0.0013,4.186,0.00067,41.59,0.858,0.00,0.00,50.23,0.0081,0.00,0.00,0.00,0.00,0.00,5.860,0.00,0.00,0.021
-93.78194325,42.02073440,F Fields (F1-F5),TaskName 6/2/2025 (GreenStar 4 Monitor),32%zidua/sharpen,847,6/2/2025,1.000,On,1117.6,121.25,0.00,5.048,7.411,4.546,161.53,41.99,41.78,0,5,74.27,6/2/2025,Good,16.71,0.0027,6.267,0.0010,0.00,0.00,0.00,8.356,0.0013,4.178,0.00067,41.51,0.856,0.00,0.00,50.14,0.0081,0.00,0.00,0.00,0.00,0.00,5.849,0.00,0.00,0.021
-93.78193484,42.02071505,F Fields (F1-F5),TaskName 6/2/2025 (GreenStar 4 Monitor),32%zidua/sharpen,848,6/2/2025,0.999,On,1117.6,121.25,0.00,5.047,7.398,4.507,161.22,41.99,41.81,0,5,74.21,6/2/2025,Good,16.72,0.0027,6.272,0.0010,0.00,0.00,0.00,8.362,0.0013,4.181,0.00067,41.54,0.855,0.00,0.00,50.17,0.0081,0.00,0.00,0.00,0.00,0.00,5.854,0.00,0.00,0.021
-93.78192606,42.02069576,F Fields (F1-F5),TaskName 6/2/2025 (GreenStar 4 Monitor),32%zidua/sharpen,849,6/2/2025,0.996,On,1117.6,121.25,0.00,5.058,7.392,4.388,161.09,41.99,41.77,0,5,74.37,6/2/2025,Good,16.71,0.0027,6.265,0.0010,0.00,0.00,0.00,8.354,0.0013,4.177,0.00067,41.50,0.854,0.00,0.00,50.12,0.0081,0.00,0.00,0.00,0.00,0.00,5.848,0.00,0.00,0.021
-93.78191727,42.02067651,F Fields (F1-F5),TaskName 6/2/2025 (GreenStar 4 Monitor),32%zidua/sharpen,850,6/2/2025,0.999,On,1117.5,121.25,0.00,5.064,7.421,4.249,161.02,41.99,41.70,0,5,74.44,6/2/2025,Good,16.68,0.0027,6.255,0.0010,0.00,0.00,0.00,8.340,0.0013,4.170,0.00067,41.43,0.856,0.00,0.00,50.04,0.0081,0.00,0.00,0.00,0.00,0.00,5.838,0.00,0.00,0.021
-93.78190824,42.02065720,F Fields (F1-F5),TaskName 6/2/2025 (GreenStar 4 Monitor),32%zidua/sharpen,851,6/2/2025,1.000,On,1117.4,121.25,0.00,5.054,7.418,4.464,161.00,41.99,41.79,0,5,74.33,6/2/2025,Good,16.71,0.0027,6.268,0.0010,0.00,0.00,0.00,8.357,0.0013,4.179,0.00067,41.51,0.857,0.00,0.00,50.14,0.0081,0.00,0.00,0.00,0.00,0.00,5.850,0.00,0.00,0.021
-93.78189933,42.02063787,F Fields (F1-F5),TaskName 6/2/2025 (GreenStar 4 Monitor),32%zidua/sharpen,852,6/2/2025,1.005,On,1117.3,121.25,0.00,5.090,7.510,4.319,161.03,41.99,41.67,0,5,74.88,6/2/2025,Good,16.67,0.0027,6.250,0.0010,0.00,0.00,0.00,8.334,0.0014,4.167,0.00068,41.40,0.865,0.00,0.00,50.00,0.0082,0.00,0.00,0.00,0.00,0.00,5.834,0.00,0.00,0.021
-93.78189029,42.02061860,F Fields (F1-F5),TaskName 6/2/2025 (GreenStar 4 Monitor),32%zidua/sharpen,853,6/2/2025,1.000,On,1117.2,121.25,0.00,5.082,7.454,4.321,161.54,41.99,41.88,0,5,74.70,6/2/2025,Good,16.75,0.0027,6.281,0.0010,0.00,0.00,0.00,8.375,0.0014,4.188,0.00068,41.60,0.863,0.00,0.00,50.25,0.0081,0.00,0.00,0.00,0.00,0.00,5.863,0.00,0.00,0.021
-93.78188192,42.02060011,F Fields (F1-F5),TaskName 6/2/2025 (GreenStar 4 Monitor),32%zidua/sharpen,854,6/2/2025,0.995,On,1117.0,121.25,0.00,5.020,7.326,3.409,162.00,41.99,41.88,0,5,73.78,6/2/2025,Good,16.75,0.0027,6.283,0.0010,0.00,0.00,0.00,8.377,0.0013,4.188,0.00067,41.61,0.849,0.00,0.00,50.26,0.0080,0.00,0.00,0.00,0.00,0.00,5.864,0.00,0.00,0.020
-93.78188044,42.02059709,F Fields (F1-F5),TaskName 6/2/2025 (GreenStar 4 Monitor),32%zidua/sharpen,855,6/2/2025,0.206,On,1117.1,121.25,0.00,4.778,1.436,2.404,162.34,41.99,41.86,0,5,69.84,6/2/2025,Good,16.75,0.00052,6.280,0.00020,0.00,0.00,0.00,8.373,0.00026,4.186,0.00013,41.59,0.166,0.00,0.00,50.24,0.0016,0.00,0.00,0.00,0.00,0.00,5.861,0.00,0.00,0.0040
-93.78210339,42.02071502,F Fields (F1-F5),TaskName 6/2/2025 (GreenStar 4 Monitor),32%zidua/sharpen,856,6/2/2025,0.205,On,1118.0,13.75,51.25,1.302,0.392,7.067,89.49,41.99,50.15,0,6,2.175,6/2/2025,Over Target,20.06,1.941e-05,7.523,7.279e-06,0.00,0.00,0.00,10.03,9.706e-06,5.015,4.853e-06,49.82,0.0062,0.00,0.00,60.18,5.824e-05,0.00,0.00,0.00,0.00,0.00,7.021,0.00,0.00,0.00012
-93.78209959,42.02071501,F Fields (F1-F5),TaskName 6/2/2025 (GreenStar 4 Monitor),32%zidua/sharpen,857,6/2/2025,0.196,On,1118.0,5.000,58.12,1.711,0.491,6.842,89.47,41.99,51.75,0,6,1.035,6/2/2025,Over Target,20.70,9.112e-06,7.763,3.417e-06,0.00,0.00,0.00,10.35,4.556e-06,5.175,2.278e-06,51.42,0.0029,0.00,0.00,62.10,2.734e-05,0.00,0.00,0.00,0.00,0.00,7.246,0.00,0.00,5.634e-05
-93.78209515,42.02071496,F Fields (F1-F5),TaskName 6/2/2025 (GreenStar 4 Monitor),32%zidua/sharpen,858,6/2/2025,0.199,On,1118.0,2.500,59.37,2.179,0.635,6.334,89.45,41.99,51.75,0,6,0.659,6/2/2025,Over Target,20.70,5.896e-06,7.763,2.211e-06,0.00,0.00,0.00,10.35,2.948e-06,5.175,1.474e-06,51.42,0.0019,0.00,0.00,62.10,1.769e-05,0.00,0.00,0.00,0.00,0.00,7.246,0.00,0.00,3.645e-05
-93.78206560,42.02071541,F Fields (F1-F5),TaskName 6/2/2025 (GreenStar 4 Monitor),32%zidua/sharpen,859,6/2/2025,0.795,On,1117.7,1.250,60.00,4.161,4.834,3.209,90.72,41.99,47.80,0,7,0.628,6/2/2025,Good,19.12,2.072e-05,7.170,7.770e-06,0.00,0.00,0.00,9.560,1.036e-05,4.780,5.180e-06,47.49,0.0066,0.00,0.00,57.36,6.216e-05,0.00,0.00,0.00,0.00,0.00,6.692,0.00,0.00,0.00014
-93.78204152,42.02071563,F Fields (F1-F5),TaskName 6/2/2025 (GreenStar 4 Monitor),32%zidua/sharpen,860,6/2/2025,1.001,On,1117.6,2.500,59.37,4.449,6.536,3.127,92.02,41.99,45.40,0,7,1.349,6/2/2025,Good,18.16,5.322e-05,6.810,1.996e-05,0.00,0.00,0.00,9.080,2.661e-05,4.540,1.330e-05,45.11,0.017,0.00,0.00,54.48,0.00016,0.00,0.00,0.00,0.00,0.00,6.356,0.00,0.00,0.00038
-93.78203668,42.02071562,F Fields (F1-F5),TaskName 6/2/2025 (GreenStar 4 Monitor),32%zidua/sharpen,861,6/2/2025,0.204,On,1117.6,2.500,59.37,4.429,1.324,3.593,92.19,41.99,43.38,0,7,1.341,6/2/2025,Good,17.35,1.030e-05,6.507,3.864e-06,0.00,0.00,0.00,8.677,5.151e-06,4.338,2.576e-06,43.10,0.0033,0.00,0.00,52.06,3.091e-05,0.00,0.00,0.00,0.00,0.00,6.074,0.00,0.00,7.600e-05
-93.78202199,42.02071535,F Fields (F1-F5),TaskName 6/2/2025 (GreenStar 4 Monitor),32%zidua/sharpen,862,6/2/2025,0.595,On,1117.5,3.750,58.75,4.461,3.897,3.717,92.44,41.99,43.62,0,7,2.030,6/2/2025,Good,17.45,4.573e-05,6.543,1.715e-05,0.00,0.00,0.00,8.724,2.286e-05,4.362,1.143e-05,43.33,0.015,0.00,0.00,52.34,0.00014,0.00,0.00,0.00,0.00,0.00,6.106,0.00,0.00,0.00034
-93.78200748,42.02071494,F Fields (F1-F5),TaskName 6/2/2025 (GreenStar 4 Monitor),32%zidua/sharpen,863,6/2/2025,0.600,On,1117.5,5.000,58.12,4.475,3.940,3.828,92.60,41.99,42.90,0,7,2.713,6/2/2025,Good,17.16,6.063e-05,6.435,2.274e-05,0.00,0.00,0.00,8.580,3.031e-05,4.290,1.516e-05,42.62,0.019,0.00,0.00,51.48,0.00018,0.00,0.00,0.00,0.00,0.00,6.006,0.00,0.00,0.00045
-93.78199765,42.02071481,F Fields (F1-F5),TaskName 6/2/2025 (GreenStar 4 Monitor),32%zidua/sharpen,864,6/2/2025,0.400,On,1117.5,6.250,57.50,4.512,2.648,4.224,92.80,41.99,43.09,0,7,3.420,6/2/2025,Good,17.24,5.117e-05,6.464,1.919e-05,0.00,0.00,0.00,8.619,2.559e-05,4.309,1.279e-05,42.81,0.016,0.00,0.00,51.71,0.00015,0.00,0.00,0.00,0.00,0.00,6.033,0.00,0.00,0.00038
-93.78198272,42.02071414,F Fields (F1-F5),TaskName 6/2/2025 (GreenStar 4 Monitor),32%zidua/sharpen,865,6/2/2025,0.605,On,1117.5,7.500,56.87,4.555,4.045,3.860,92.34,41.99,42.54,0,7,4.144,6/2/2025,Good,17.02,9.258e-05,6.381,3.472e-05,0.00,0.00,0.00,8.508,4.629e-05,4.254,2.314e-05,42.26,0.029,0.00,0.00,51.05,0.00028,0.00,0.00,0.00,0.00,0.00,5.956,0.00,0.00,0.00070
-93.78197277,42.02071382,F Fields (F1-F5),TaskName 6/2/2025 (GreenStar 4 Monitor),32%zidua/sharpen,866,6/2/2025,0.395,On,1117.5,8.750,56.25,4.621,2.678,3.736,92.28,41.99,42.45,0,7,4.902,6/2/2025,Good,16.98,7.136e-05,6.368,2.676e-05,0.00,0.00,0.00,8.491,3.568e-05,4.245,1.784e-05,42.18,0.023,0.00,0.00,50.94,0.00021,0.00,0.00,0.00,0.00,0.00,5.943,0.00,0.00,0.00054
-93.78195783,42.02071343,F Fields (F1-F5),TaskName 6/2/2025 (GreenStar 4 Monitor),32%zidua/sharpen,867,6/2/2025,0.600,On,1117.6,10.00,55.62,4.612,4.058,3.622,92.55,41.99,42.12,0,7,5.589,6/2/2025,Good,16.85,0.00012,6.318,4.598e-05,0.00,0.00,0.00,8.424,6.131e-05,4.212,3.065e-05,41.85,0.039,0.00,0.00,50.55,0.00037,0.00,0.00,0.00,0.00,0.00,5.897,0.00,0.00,0.00093
-93.78194320,42.02071309,F Fields (F1-F5),TaskName 6/2/2025 (GreenStar 4 Monitor),32%zidua/sharpen,868,6/2/2025,0.601,On,1117.6,11.25,55.00,4.581,4.041,4.514,93.04,41.99,42.16,0,7,6.252,6/2/2025,Good,16.86,0.00014,6.324,5.156e-05,0.00,0.00,0.00,8.431,6.875e-05,4.216,3.438e-05,41.88,0.044,0.00,0.00,50.59,0.00041,0.00,0.00,0.00,0.00,0.00,5.902,0.00,0.00,0.0010
-93.78192323,42.02071275,F Fields (F1-F5),TaskName 6/2/2025 (GreenStar 4 Monitor),32%zidua/sharpen,869,6/2/2025,0.799,On,1117.7,12.50,54.37,4.589,5.379,4.460,94.41,41.99,42.34,0,7,6.954,6/2/2025,Good,16.94,0.00020,6.351,7.659e-05,0.00,0.00,0.00,8.469,0.00010,4.234,5.106e-05,42.07,0.065,0.00,0.00,50.81,0.00061,0.00,0.00,0.00,0.00,0.00,5.928,0.00,0.00,0.0015
-93.78190823,42.02071220,F Fields (F1-F5),TaskName 6/2/2025 (GreenStar 4 Monitor),32%zidua/sharpen,870,6/2/2025,0.596,On,1117.8,13.75,53.75,4.615,4.038,4.497,95.60,41.99,42.04,0,7,7.699,6/2/2025,Good,16.82,0.00017,6.306,6.280e-05,0.00,0.00,0.00,8.409,8.373e-05,4.204,4.187e-05,41.77,0.053,0.00,0.00,50.45,0.00050,0.00,0.00,0.00,0.00,0.00,5.886,0.00,0.00,0.0013
-93.78188828,42.02071128,F Fields (F1-F5),TaskName 6/2/2025 (GreenStar 4 Monitor),32%zidua/sharpen,871,6/2/2025,0.804,On,1117.8,15.00,53.12,4.648,5.483,4.717,97.44,41.99,41.91,0,7,8.454,6/2/2025,Good,16.77,0.00025,6.287,9.274e-05,0.00,0.00,0.00,8.383,0.00012,4.191,6.183e-05,41.64,0.079,0.00,0.00,50.30,0.00074,0.00,0.00,0.00,0.00,0.00,5.868,0.00,0.00,0.0019
-93.78187327,42.02071029,F Fields (F1-F5),TaskName 6/2/2025 (GreenStar 4 Monitor),32%zidua/sharpen,872,6/2/2025,0.601,On,1117.9,16.25,52.50,4.640,4.086,4.737,98.48,41.99,42.03,0,7,9.131,6/2/2025,Good,16.81,0.00020,6.304,7.507e-05,0.00,0.00,0.00,8.406,0.00010,4.203,5.005e-05,41.75,0.064,0.00,0.00,50.43,0.00060,0.00,0.00,0.00,0.00,0.00,5.884,0.00,0.00,0.0015
-93.78186310,42.02070933,F Fields (F1-F5),TaskName 6/2/2025 (GreenStar 4 Monitor),32%zidua/sharpen,873,6/2/2025,0.400,On,1117.9,17.50,51.87,4.669,2.739,4.723,98.96,41.99,41.80,0,7,9.905,6/2/2025,Good,16.72,0.00014,6.270,5.391e-05,0.00,0.00,0.00,8.360,7.188e-05,4.180,3.594e-05,41.53,0.046,0.00,0.00,50.16,0.00043,0.00,0.00,0.00,0.00,0.00,5.852,0.00,0.00,0.0011
-93.78185314,42.02070825,F Fields (F1-F5),TaskName 6/2/2025 (GreenStar 4 Monitor),32%zidua/sharpen,874,6/2/2025,0.399,On,1117.9,18.75,51.25,4.695,2.749,4.521,99.26,41.99,42.08,0,7,10.68,6/2/2025,Good,16.83,0.00016,6.312,5.835e-05,0.00,0.00,0.00,8.416,7.780e-05,4.208,3.890e-05,41.80,0.049,0.00,0.00,50.49,0.00047,0.00,0.00,0.00,0.00,0.00,5.891,0.00,0.00,0.0012
-93.78184800,42.02070760,F Fields (F1-F5),TaskName 6/2/2025 (GreenStar 4 Monitor),32%zidua/sharpen,875,6/2/2025,0.200,On,1118.0,20.00,50.62,4.695,1.376,4.161,99.40,41.99,41.89,0,7,11.37,6/2/2025,Good,16.75,8.271e-05,6.283,3.102e-05,0.00,0.00,0.00,8.377,4.135e-05,4.189,2.068e-05,41.61,0.026,0.00,0.00,50.26,0.00025,0.00,0.00,0.00,0.00,0.00,5.864,0.00,0.00,0.00063
-93.78183785,42.02070654,F Fields (F1-F5),TaskName 6/2/2025 (GreenStar 4 Monitor),32%zidua/sharpen,876,6/2/2025,0.400,On,1118.0,21.25,50.00,4.738,2.779,4.022,99.92,41.99,41.94,0,7,12.20,6/2/2025,Good,16.78,0.00018,6.291,6.663e-05,0.00,0.00,0.00,8.389,8.884e-05,4.194,4.442e-05,41.67,0.056,0.00,0.00,50.33,0.00053,0.00,0.00,0.00,0.00,0.00,5.872,0.00,0.00,0.0014
-93.78182265,42.02070475,F Fields (F1-F5),TaskName 6/2/2025 (GreenStar 4 Monitor),32%zidua/sharpen,877,6/2/2025,0.600,On,1118.0,22.50,49.37,4.754,4.181,3.859,100.83,41.99,41.83,0,7,12.96,6/2/2025,Good,16.73,0.00028,6.274,0.00011,0.00,0.00,0.00,8.365,0.00014,4.183,7.057e-05,41.55,0.090,0.00,0.00,50.19,0.00085,0.00,0.00,0.00,0.00,0.00,5.856,0.00,0.00,0.0022
-93.78181748,42.02070418,F Fields (F1-F5),TaskName 6/2/2025 (GreenStar 4 Monitor),32%zidua/sharpen,878,6/2/2025,0.200,On,1118.1,23.75,48.75,4.760,1.396,3.850,101.28,41.99,40.97,0,7,13.70,6/2/2025,Good,16.39,9.744e-05,6.145,3.654e-05,0.00,0.00,0.00,8.193,4.872e-05,4.097,2.436e-05,40.70,0.031,0.00,0.00,49.16,0.00029,0.00,0.00,0.00,0.00,0.00,5.735,0.00,0.00,0.00076
-93.78181229,42.02070351,F Fields (F1-F5),TaskName 6/2/2025 (GreenStar 4 Monitor),32%zidua/sharpen,879,6/2/2025,0.201,On,1118.1,25.00,43.31,4.785,1.402,3.619,101.69,41.99,40.61,0,7,14.42,6/2/2025,Good,16.25,0.00010,6.092,3.831e-05,0.00,0.00,0.00,8.123,5.108e-05,4.061,2.554e-05,40.35,0.032,0.00,0.00,48.74,0.00031,0.00,0.00,0.00,0.00,0.00,5.686,0.00,0.00,0.00080
-93.78180717,42.02070294,F Fields (F1-F5),TaskName 6/2/2025 (GreenStar 4 Monitor),32%zidua/sharpen,880,6/2/2025,0.194,On,1118.1,30.00,30.42,4.807,1.376,3.540,102.10,41.99,39.93,0,7,17.59,6/2/2025,Good,15.97,0.00012,5.989,4.435e-05,0.00,0.00,0.00,7.986,5.913e-05,3.993,2.957e-05,39.67,0.038,0.00,0.00,47.92,0.00035,0.00,0.00,0.00,0.00,0.00,5.590,0.00,0.00,0.00095
-93.78180220,42.02070227,F Fields (F1-F5),TaskName 6/2/2025 (GreenStar 4 Monitor),32%zidua/sharpen,881,6/2/2025,0.205,On,1118.1,33.75,21.06,4.800,1.442,3.362,102.59,41.99,39.67,0,7,19.62,6/2/2025,Good,15.87,0.00014,5.951,5.194e-05,0.00,0.00,0.00,7.935,6.925e-05,3.967,3.463e-05,39.42,0.044,0.00,0.00,47.61,0.00042,0.00,0.00,0.00,0.00,0.00,5.554,0.00,0.00,0.0011
-93.78179731,42.02070172,F Fields (F1-F5),TaskName 6/2/2025 (GreenStar 4 Monitor),32%zidua/sharpen,882,6/2/2025,0.200,On,1118.2,37.50,16.75,4.787,1.406,3.031,103.13,41.99,39.81,0,7,21.78,6/2/2025,Good,15.92,0.00015,5.972,5.646e-05,0.00,0.00,0.00,7.962,7.528e-05,3.981,3.764e-05,39.55,0.048,0.00,0.00,47.77,0.00045,0.00,0.00,0.00,0.00,0.00,5.574,0.00,0.00,0.0012
-93.78179265,42.02070112,F Fields (F1-F5),TaskName 6/2/2025 (GreenStar 4 Monitor),32%zidua/sharpen,883,6/2/2025,0.201,On,1118.2,41.25,10.91,4.720,1.393,2.827,103.68,41.99,39.38,0,7,23.62,6/2/2025,Good,15.75,0.00016,5.908,6.087e-05,0.00,0.00,0.00,7.877,8.116e-05,3.938,4.058e-05,39.13,0.052,0.00,0.00,47.26,0.00049,0.00,0.00,0.00,0.00,0.00,5.514,0.00,0.00,0.0013
-93.78178822,42.02070057,F Fields (F1-F5),TaskName 6/2/2025 (GreenStar 4 Monitor),32%zidua/sharpen,884,6/2/2025,0.200,On,1118.2,45.00,8.472,4.622,1.357,2.893,104.18,41.99,39.83,0,7,25.23,6/2/2025,Good,15.93,0.00017,5.975,6.542e-05,0.00,0.00,0.00,7.967,8.722e-05,3.983,4.361e-05,39.57,0.055,0.00,0.00,47.80,0.00052,0.00,0.00,0.00,0.00,0.00,5.577,0.00,0.00,0.0014
-93.78178390,42.02069997,F Fields (F1-F5),TaskName 6/2/2025 (GreenStar 4 Monitor),32%zidua/sharpen,885,6/2/2025,0.200,On,1118.2,48.75,4.647,4.481,1.314,2.992,104.66,41.99,40.64,0,7,26.47,6/2/2025,Good,16.25,0.00019,6.095,7.002e-05,0.00,0.00,0.00,8.127,9.336e-05,4.064,4.668e-05,40.37,0.059,0.00,0.00,48.76,0.00056,0.00,0.00,0.00,0.00,0.00,5.689,0.00,0.00,0.0015
-93.78177969,42.02069932,F Fields (F1-F5),TaskName 6/2/2025 (GreenStar 4 Monitor),32%zidua/sharpen,886,6/2/2025,0.200,On,1118.2,51.25,2.561,4.333,1.271,3.335,105.13,41.99,40.85,0,7,26.92,6/2/2025,Good,16.34,0.00019,6.127,7.160e-05,0.00,0.00,0.00,8.170,9.546e-05,4.085,4.773e-05,40.58,0.061,0.00,0.00,49.02,0.00057,0.00,0.00,0.00,0.00,0.00,5.719,0.00,0.00,0.0015
-93.78177136,42.02069789,F Fields (F1-F5),TaskName 6/2/2025 (GreenStar 4 Monitor),32%zidua/sharpen,887,6/2/2025,0.399,On,1118.3,53.75,2.355,4.190,2.451,4.038,106.05,41.99,41.38,0,7,27.28,6/2/2025,Good,16.55,0.00039,6.207,0.00015,0.00,0.00,0.00,8.277,0.00020,4.138,9.776e-05,41.11,0.124,0.00,0.00,49.66,0.0012,0.00,0.00,0.00,0.00,0.00,5.794,0.00,0.00,0.0030
-93.78176720,42.02069714,F Fields (F1-F5),TaskName 6/2/2025 (GreenStar 4 Monitor),32%zidua/sharpen,888,6/2/2025,0.206,On,1118.3,57.50,-1.691e-05,4.067,1.222,4.550,106.50,41.99,41.73,0,7,28.19,6/2/2025,Good,16.69,0.00021,6.259,7.888e-05,0.00,0.00,0.00,8.345,0.00011,4.173,5.258e-05,41.45,0.067,0.00,0.00,50.07,0.00063,0.00,0.00,0.00,0.00,0.00,5.842,0.00,0.00,0.0016
-93.78176295,42.02069633,F Fields (F1-F5),TaskName 6/2/2025 (GreenStar 4 Monitor),32%zidua/sharpen,889,6/2/2025,0.194,On,1118.4,61.25,-0.612,4.031,1.153,4.379,107.04,41.99,42.03,0,7,30.09,6/2/2025,Good,16.81,0.00021,6.304,7.985e-05,0.00,0.00,0.00,8.405,0.00011,4.203,5.324e-05,41.75,0.068,0.00,0.00,50.43,0.00064,0.00,0.00,0.00,0.00,0.00,5.884,0.00,0.00,0.0016
-93.78175873,42.02069560,F Fields (F1-F5),TaskName 6/2/2025 (GreenStar 4 Monitor),32%zidua/sharpen,890,6/2/2025,0.200,On,1118.4,62.50,-1.175,4.031,1.183,4.194,107.59,41.99,41.73,0,7,30.54,6/2/2025,Good,16.69,0.00022,6.259,8.297e-05,0.00,0.00,0.00,8.345,0.00011,4.173,5.532e-05,41.45,0.070,0.00,0.00,50.07,0.00066,0.00,0.00,0.00,0.00,0.00,5.842,0.00,0.00,0.0017
-93.78175459,42.02069474,F Fields (F1-F5),TaskName 6/2/2025 (GreenStar 4 Monitor),32%zidua/sharpen,891,6/2/2025,0.200,On,1118.4,66.25,-1.557,4.031,1.183,4.141,108.12,41.99,41.10,0,7,32.38,6/2/2025,Good,16.44,0.00023,6.164,8.662e-05,0.00,0.00,0.00,8.219,0.00012,4.110,5.775e-05,40.83,0.073,0.00,0.00,49.31,0.00069,0.00,0.00,0.00,0.00,0.00,5.753,0.00,0.00,0.0018
-93.78175050,42.02069398,F Fields (F1-F5),TaskName 6/2/2025 (GreenStar 4 Monitor),32%zidua/sharpen,892,6/2/2025,0.200,On,1118.4,67.50,-1.991,4.026,1.183,4.068,108.80,41.99,41.62,0,7,32.99,6/2/2025,Good,16.65,0.00024,6.243,8.938e-05,0.00,0.00,0.00,8.324,0.00012,4.162,5.959e-05,41.35,0.076,0.00,0.00,49.94,0.00072,0.00,0.00,0.00,0.00,0.00,5.827,0.00,0.00,0.0018
-93.78174643,42.02069324,F Fields (F1-F5),TaskName 6/2/2025 (GreenStar 4 Monitor),32%zidua/sharpen,893,6/2/2025,0.201,On,1118.4,71.25,-2.193,4.004,1.179,4.068,109.57,41.99,40.28,0,7,34.55,6/2/2025,Good,16.11,0.00024,6.042,9.106e-05,0.00,0.00,0.00,8.057,0.00012,4.028,6.071e-05,40.02,0.077,0.00,0.00,48.34,0.00073,0.00,0.00,0.00,0.00,0.00,5.640,0.00,0.00,0.0019
-93.78174227,42.02069242,F Fields (F1-F5),TaskName 6/2/2025 (GreenStar 4 Monitor),32%zidua/sharpen,894,6/2/2025,0.200,On,1118.4,72.50,-2.521,3.977,1.160,4.128,110.34,41.99,39.81,0,7,34.74,6/2/2025,Good,15.92,0.00024,5.972,9.005e-05,0.00,0.00,0.00,7.962,0.00012,3.981,6.003e-05,39.55,0.076,0.00,0.00,47.77,0.00072,0.00,0.00,0.00,0.00,0.00,5.574,0.00,0.00,0.0019
-93.78173825,42.02069169,F Fields (F1-F5),TaskName 6/2/2025 (GreenStar 4 Monitor),32%zidua/sharpen,895,6/2/2025,0.195,On,1118.4,75.00,-3.083,3.982,1.140,4.438,111.17,41.99,40.00,0,7,36.24,6/2/2025,Good,16.00,0.00025,6.001,9.202e-05,0.00,0.00,0.00,8.001,0.00012,4.000,6.135e-05,39.74,0.078,0.00,0.00,48.01,0.00074,0.00,0.00,0.00,0.00,0.00,5.601,0.00,0.00,0.0020
-93.78173419,42.02069087,F Fields (F1-F5),TaskName 6/2/2025 (GreenStar 4 Monitor),32%zidua/sharpen,896,6/2/2025,0.205,On,1118.5,77.50,-2.822,3.964,1.199,4.524,111.99,41.99,39.32,0,7,37.46,6/2/2025,Good,15.73,0.00026,5.898,9.830e-05,0.00,0.00,0.00,7.864,0.00013,3.932,6.553e-05,39.06,0.083,0.00,0.00,47.18,0.00079,0.00,0.00,0.00,0.00,0.00,5.505,0.00,0.00,0.0021
-93.78172992,42.02068990,F Fields (F1-F5),TaskName 6/2/2025 (GreenStar 4 Monitor),32%zidua/sharpen,897,6/2/2025,0.199,On,1118.5,80.00,-3.222,3.953,1.153,4.385,112.79,41.99,39.78,0,7,38.31,6/2/2025,Good,15.91,0.00026,5.967,9.873e-05,0.00,0.00,0.00,7.956,0.00013,3.978,6.582e-05,39.52,0.084,0.00,0.00,47.74,0.00079,0.00,0.00,0.00,0.00,0.00,5.569,0.00,0.00,0.0021
-93.78172569,42.02068887,F Fields (F1-F5),TaskName 6/2/2025 (GreenStar 4 Monitor),32%zidua/sharpen,898,6/2/2025,0.200,On,1118.5,81.25,-3.384,3.997,1.173,4.108,113.55,41.99,39.84,0,7,39.38,6/2/2025,Good,15.94,0.00027,5.977,0.00010,0.00,0.00,0.00,7.969,0.00014,3.984,6.810e-05,39.59,0.087,0.00,0.00,47.81,0.00082,0.00,0.00,0.00,0.00,0.00,5.578,0.00,0.00,0.0022
-93.78172148,42.02068787,F Fields (F1-F5),TaskName 6/2/2025 (GreenStar 4 Monitor),32%zidua/sharpen,899,6/2/2025,0.200,On,1118.5,83.75,-3.078,4.051,1.189,3.692,114.47,41.99,40.22,0,7,41.16,6/2/2025,Good,16.09,0.00029,6.033,0.00011,0.00,0.00,0.00,8.044,0.00014,4.022,7.184e-05,39.96,0.091,0.00,0.00,48.26,0.00086,0.00,0.00,0.00,0.00,0.00,5.631,0.00,0.00,0.0023
-93.78171730,42.02068686,F Fields (F1-F5),TaskName 6/2/2025 (GreenStar 4 Monitor),32%zidua/sharpen,900,6/2/2025,0.200,On,1118.5,85.00,-3.198,4.087,1.199,3.223,115.36,41.99,38.53,0,7,42.12,6/2/2025,Good,15.41,0.00028,5.779,0.00011,0.00,0.00,0.00,7.706,0.00014,3.853,7.043e-05,38.28,0.090,0.00,0.00,46.24,0.00085,0.00,0.00,0.00,0.00,0.00,5.394,0.00,0.00,0.0023
-93.78171329,42.02068572,F Fields (F1-F5),TaskName 6/2/2025 (GreenStar 4 Monitor),32%zidua/sharpen,901,6/2/2025,0.200,On,1118.5,88.75,-2.975,4.094,1.202,3.170,116.17,41.99,38.28,0,7,44.09,6/2/2025,Good,15.31,0.00029,5.743,0.00011,0.00,0.00,0.00,7.657,0.00015,3.828,7.327e-05,38.03,0.093,0.00,0.00,45.94,0.00088,0.00,0.00,0.00,0.00,0.00,5.360,0.00,0.00,0.0024
-93.78170954,42.02068465,F Fields (F1-F5),TaskName 6/2/2025 (GreenStar 4 Monitor),32%zidua/sharpen,902,6/2/2025,0.200,On,1118.5,90.00,-3.038,4.085,1.199,3.289,117.01,41.99,39.20,0,7,44.59,6/2/2025,Good,15.68,0.00030,5.880,0.00011,0.00,0.00,0.00,7.841,0.00015,3.920,7.588e-05,38.95,0.096,0.00,0.00,47.04,0.00091,0.00,0.00,0.00,0.00,0.00,5.488,0.00,0.00,0.0025
-93.78170568,42.02068361,F Fields (F1-F5),TaskName 6/2/2025 (GreenStar 4 Monitor),32%zidua/sharpen,903,6/2/2025,0.196,On,1118.5,92.50,-2.719,4.009,1.153,3.309,117.91,41.99,38.83,0,7,44.98,6/2/2025,Good,15.53,0.00030,5.824,0.00011,0.00,0.00,0.00,7.766,0.00015,3.883,7.428e-05,38.58,0.094,0.00,0.00,46.59,0.00089,0.00,0.00,0.00,0.00,0.00,5.436,0.00,0.00,0.0024
-93.78170188,42.02068248,F Fields (F1-F5),TaskName 6/2/2025 (GreenStar 4 Monitor),32%zidua/sharpen,904,6/2/2025,0.204,On,1118.5,95.00,-2.417,3.948,1.183,3.216,118.81,41.99,38.89,0,7,45.52,6/2/2025,Good,15.56,0.00031,5.834,0.00012,0.00,0.00,0.00,7.779,0.00016,3.889,7.837e-05,38.64,0.100,0.00,0.00,46.67,0.00094,0.00,0.00,0.00,0.00,0.00,5.445,0.00,0.00,0.0026
-93.78169826,42.02068132,F Fields (F1-F5),TaskName 6/2/2025 (GreenStar 4 Monitor),32%zidua/sharpen,905,6/2/2025,0.200,On,1118.6,96.25,-2.435,3.924,1.150,3.130,119.64,41.99,39.09,0,7,45.73,6/2/2025,Good,15.63,0.00031,5.863,0.00012,0.00,0.00,0.00,7.817,0.00016,3.909,7.758e-05,38.83,0.099,0.00,0.00,46.90,0.00093,0.00,0.00,0.00,0.00,0.00,5.472,0.00,0.00,0.0025
-93.78169158,42.02067896,F Fields (F1-F5),TaskName 6/2/2025 (GreenStar 4 Monitor),32%zidua/sharpen,906,6/2/2025,0.400,On,1118.5,98.75,-2.136,3.802,2.231,3.544,121.16,41.99,40.08,0,7,45.52,6/2/2025,Good,16.03,0.00063,6.011,0.00024,0.00,0.00,0.00,8.015,0.00032,4.008,0.00016,39.81,0.201,0.00,0.00,48.09,0.0019,0.00,0.00,0.00,0.00,0.00,5.611,0.00,0.00,0.0051
-93.78168824,42.02067786,F Fields (F1-F5),TaskName 6/2/2025 (GreenStar 4 Monitor),32%zidua/sharpen,907,6/2/2025,0.200,On,1118.6,101.25,-1.852,3.660,1.074,4.286,122.01,41.99,40.53,0,7,44.95,6/2/2025,Good,16.21,0.00032,6.079,0.00012,0.00,0.00,0.00,8.106,0.00016,4.053,7.907e-05,40.27,0.101,0.00,0.00,48.63,0.00095,0.00,0.00,0.00,0.00,0.00,5.674,0.00,0.00,0.0025
-93.78168124,42.02067532,F Fields (F1-F5),TaskName 6/2/2025 (GreenStar 4 Monitor),32%zidua/sharpen,908,6/2/2025,0.400,On,1118.6,103.75,-1.581,3.570,2.096,4.395,123.70,41.99,41.28,0,7,44.94,6/2/2025,Good,16.51,0.00064,6.191,0.00024,0.00,0.00,0.00,8.255,0.00032,4.128,0.00016,41.01,0.205,0.00,0.00,49.53,0.0019,0.00,0.00,0.00,0.00,0.00,5.779,0.00,0.00,0.0050
-93.78167777,42.02067388,F Fields (F1-F5),TaskName 6/2/2025 (GreenStar 4 Monitor),32%zidua/sharpen,909,6/2/2025,0.201,On,1118.6,105.00,-1.547,3.577,1.055,4.425,124.47,41.99,41.42,0,7,45.53,6/2/2025,Good,16.57,0.00033,6.212,0.00012,0.00,0.00,0.00,8.283,0.00016,4.142,8.226e-05,41.15,0.105,0.00,0.00,49.70,0.00099,0.00,0.00,0.00,0.00,0.00,5.798,0.00,0.00,0.0025
-93.78167407,42.02067238,F Fields (F1-F5),TaskName 6/2/2025 (GreenStar 4 Monitor),32%zidua/sharpen,910,6/2/2025,0.200,On,1118.6,106.25,-1.323,3.617,1.055,4.577,125.32,41.99,41.52,0,7,46.31,6/2/2025,Good,16.61,0.00033,6.228,0.00013,0.00,0.00,0.00,8.305,0.00017,4.152,8.345e-05,41.25,0.106,0.00,0.00,49.83,0.0010,0.00,0.00,0.00,0.00,0.00,5.813,0.00,0.00,0.0026
-93.78167040,42.02067082,F Fields (F1-F5),TaskName 6/2/2025 (GreenStar 4 Monitor),32%zidua/sharpen,911,6/2/2025,0.199,On,1118.6,108.75,-1.077,3.702,1.088,4.564,126.14,41.99,41.10,0,7,49.12,6/2/2025,Good,16.44,0.00035,6.164,0.00013,0.00,0.00,0.00,8.219,0.00017,4.110,8.717e-05,40.83,0.111,0.00,0.00,49.31,0.0010,0.00,0.00,0.00,0.00,0.00,5.753,0.00,0.00,0.0027
-93.78166688,42.02066922,F Fields (F1-F5),TaskName 6/2/2025 (GreenStar 4 Monitor),32%zidua/sharpen,912,6/2/2025,0.196,On,1118.6,111.25,-0.843,3.785,1.088,5.105,126.92,41.99,41.27,0,7,51.01,6/2/2025,Good,16.51,0.00036,6.190,0.00013,0.00,0.00,0.00,8.253,0.00018,4.127,8.954e-05,41.00,0.114,0.00,0.00,49.52,0.0011,0.00,0.00,0.00,0.00,0.00,5.777,0.00,0.00,0.0028
-93.78166337,42.02066760,F Fields (F1-F5),TaskName 6/2/2025 (GreenStar 4 Monitor),32%zidua/sharpen,913,6/2/2025,0.199,On,1118.6,112.50,-0.680,3.814,1.114,4.458,127.65,41.99,40.57,0,7,52.04,6/2/2025,Good,16.23,0.00036,6.086,0.00014,0.00,0.00,0.00,8.114,0.00018,4.057,9.117e-05,40.31,0.116,0.00,0.00,48.69,0.0011,0.00,0.00,0.00,0.00,0.00,5.680,0.00,0.00,0.0029
-93.78165989,42.02066593,F Fields (F1-F5),TaskName 6/2/2025 (GreenStar 4 Monitor),32%zidua/sharpen,914,6/2/2025,0.205,On,1118.6,115.00,-0.475,3.861,1.163,4.220,128.35,41.99,40.66,0,7,53.92,6/2/2025,Good,16.26,0.00039,6.099,0.00015,0.00,0.00,0.00,8.131,0.00020,4.066,9.752e-05,40.39,0.124,0.00,0.00,48.79,0.0012,0.00,0.00,0.00,0.00,0.00,5.692,0.00,0.00,0.0031
-93.78165628,42.02066424,F Fields (F1-F5),TaskName 6/2/2025 (GreenStar 4 Monitor),32%zidua/sharpen,915,6/2/2025,0.200,On,1118.5,117.50,-0.279,3.863,1.133,4.478,129.08,41.99,40.68,0,7,55.03,6/2/2025,Good,16.27,0.00039,6.102,0.00015,0.00,0.00,0.00,8.136,0.00019,4.068,9.716e-05,40.41,0.124,0.00,0.00,48.81,0.0012,0.00,0.00,0.00,0.00,0.00,5.695,0.00,0.00,0.0031
-93.78165282,42.02066237,F Fields (F1-F5),TaskName 6/2/2025 (GreenStar 4 Monitor),32%zidua/sharpen,916,6/2/2025,0.200,On,1118.6,120.00,-0.078,3.890,1.140,4.471,129.69,41.99,40.42,0,7,56.53,6/2/2025,Good,16.17,0.00040,6.063,0.00015,0.00,0.00,0.00,8.084,0.00020,4.042,9.918e-05,40.16,0.126,0.00,0.00,48.51,0.0012,0.00,0.00,0.00,0.00,0.00,5.659,0.00,0.00,0.0031
-93.78163606,42.02065290,F Fields (F1-F5),TaskName 6/2/2025 (GreenStar 4 Monitor),32%zidua/sharpen,917,6/2/2025,1.000,On,1118.6,121.25,0.00,3.915,5.746,4.475,132.82,41.99,41.00,0,7,57.58,6/2/2025,Good,16.40,0.0020,6.150,0.00077,0.00,0.00,0.00,8.201,0.0010,4.100,0.00051,40.74,0.652,0.00,0.00,49.20,0.0061,0.00,0.00,0.00,0.00,0.00,5.740,0.00,0.00,0.016
-93.78161978,42.02064249,F Fields (F1-F5),TaskName 6/2/2025 (GreenStar 4 Monitor),32%zidua/sharpen,918,6/2/2025,1.000,On,1118.5,121.25,0.00,3.947,5.792,4.444,135.69,41.99,41.17,0,7,58.04,6/2/2025,Good,16.47,0.0021,6.175,0.00078,0.00,0.00,0.00,8.233,0.0010,4.117,0.00052,40.90,0.659,0.00,0.00,49.40,0.0062,0.00,0.00,0.00,0.00,0.00,5.763,0.00,0.00,0.016
-93.78160423,42.02063161,F Fields (F1-F5),TaskName 6/2/2025 (GreenStar 4 Monitor),32%zidua/sharpen,919,6/2/2025,1.000,On,1118.6,121.25,0.00,3.992,5.858,4.258,138.70,41.99,41.38,0,7,58.70,6/2/2025,Good,16.55,0.0021,6.207,0.00079,0.00,0.00,0.00,8.276,0.0011,4.138,0.00053,41.11,0.670,0.00,0.00,49.66,0.0063,0.00,0.00,0.00,0.00,0.00,5.793,0.00,0.00,0.016
-93.78158926,42.02061990,F Fields (F1-F5),TaskName 6/2/2025 (GreenStar 4 Monitor),32%zidua/sharpen,920,6/2/2025,1.001,On,1118.6,121.25,0.00,3.980,5.844,3.843,141.63,41.99,41.30,0,7,58.51,6/2/2025,Good,16.52,0.0021,6.196,0.00079,0.00,0.00,0.00,8.261,0.0010,4.130,0.00052,41.04,0.668,0.00,0.00,49.56,0.0063,0.00,0.00,0.00,0.00,0.00,5.783,0.00,0.00,0.016
-93.78157510,42.02060751,F Fields (F1-F5),TaskName 6/2/2025 (GreenStar 4 Monitor),32%zidua/sharpen,921,6/2/2025,0.999,On,1118.5,121.25,0.00,4.061,5.953,4.496,144.69,41.99,41.56,0,7,59.71,6/2/2025,Good,16.63,0.0022,6.235,0.00081,0.00,0.00,0.00,8.313,0.0011,4.156,0.00054,41.29,0.684,0.00,0.00,49.88,0.0065,0.00,0.00,0.00,0.00,0.00,5.819,0.00,0.00,0.017
-93.78156131,42.02059411,F Fields (F1-F5),TaskName 6/2/2025 (GreenStar 4 Monitor),32%zidua/sharpen,922,6/2/2025,1.000,On,1118.6,121.25,0.00,4.128,6.058,4.610,147.85,41.99,41.81,0,7,60.70,6/2/2025,Good,16.72,0.0022,6.272,0.00083,0.00,0.00,0.00,8.362,0.0011,4.181,0.00055,41.54,0.700,0.00,0.00,50.17,0.0066,0.00,0.00,0.00,0.00,0.00,5.854,0.00,0.00,0.017
-93.78154840,42.02057984,F Fields (F1-F5),TaskName 6/2/2025 (GreenStar 4 Monitor),32%zidua/sharpen,923,6/2/2025,1.001,On,1118.6,121.25,0.00,4.253,6.245,4.584,150.96,41.99,41.49,0,7,62.51,6/2/2025,Good,16.60,0.0023,6.223,0.00085,0.00,0.00,0.00,8.298,0.0011,4.149,0.00056,41.22,0.716,0.00,0.00,49.79,0.0068,0.00,0.00,0.00,0.00,0.00,5.809,0.00,0.00,0.017
-93.78153661,42.02056512,F Fields (F1-F5),TaskName 6/2/2025 (GreenStar 4 Monitor),32%zidua/sharpen,924,6/2/2025,0.994,On,1118.5,121.25,0.00,4.306,6.284,4.296,153.74,41.99,41.73,0,7,63.35,6/2/2025,Good,16.69,0.0023,6.259,0.00086,0.00,0.00,0.00,8.346,0.0011,4.173,0.00057,41.46,0.725,0.00,0.00,50.07,0.0068,0.00,0.00,0.00,0.00,0.00,5.842,0.00,0.00,0.017
-93.78152606,42.02054994,F Fields (F1-F5),TaskName 6/2/2025 (GreenStar 4 Monitor),32%zidua/sharpen,925,6/2/2025,1.005,On,1118.4,121.25,0.00,4.271,6.297,4.316,156.35,41.99,42.09,0,7,62.79,6/2/2025,Good,16.84,0.0023,6.314,0.00086,0.00,0.00,0.00,8.418,0.0012,4.209,0.00058,41.82,0.733,0.00,0.00,50.51,0.0069,0.00,0.00,0.00,0.00,0.00,5.893,0.00,0.00,0.018
-93.78151636,42.02053440,F Fields (F1-F5),TaskName 6/2/2025 (GreenStar 4 Monitor),32%zidua/sharpen,926,6/2/2025,1.000,On,1118.3,121.25,0.00,4.261,6.251,4.125,158.96,41.99,42.26,0,7,62.64,6/2/2025,Good,16.91,0.0023,6.339,0.00086,0.00,0.00,0.00,8.453,0.0011,4.226,0.00057,41.99,0.731,0.00,0.00,50.72,0.0069,0.00,0.00,0.00,0.00,0.00,5.917,0.00,0.00,0.017
-93.78150760,42.02051852,F Fields (F1-F5),TaskName 6/2/2025 (GreenStar 4 Monitor),32%zidua/sharpen,927,6/2/2025,1.000,On,1118.2,121.25,0.00,4.309,6.323,4.197,161.44,41.99,41.99,0,7,63.36,6/2/2025,Good,16.79,0.0023,6.298,0.00087,0.00,0.00,0.00,8.397,0.0012,4.199,0.00058,41.71,0.734,0.00,0.00,50.38,0.0069,0.00,0.00,0.00,0.00,0.00,5.878,0.00,0.00,0.018
-93.78149964,42.02050222,F Fields (F1-F5),TaskName 6/2/2025 (GreenStar 4 Monitor),32%zidua/sharpen,928,6/2/2025,1.000,On,1118.1,121.25,0.00,4.280,6.281,4.401,163.31,41.99,42.29,0,7,62.94,6/2/2025,Good,16.92,0.0023,6.344,0.00087,0.00,0.00,0.00,8.458,0.0012,4.229,0.00058,42.02,0.735,0.00,0.00,50.75,0.0069,0.00,0.00,0.00,0.00,0.00,5.921,0.00,0.00,0.017
-93.78149272,42.02048560,F Fields (F1-F5),TaskName 6/2/2025 (GreenStar 4 Monitor),32%zidua/sharpen,929,6/2/2025,1.000,On,1118.0,121.25,0.00,4.326,6.346,4.300,164.98,41.99,42.02,0,7,63.59,6/2/2025,Good,16.81,0.0023,6.303,0.00087,0.00,0.00,0.00,8.403,0.0012,4.202,0.00058,41.74,0.737,0.00,0.00,50.42,0.0070,0.00,0.00,0.00,0.00,0.00,5.882,0.00,0.00,0.018
-93.78148626,42.02046925,F Fields (F1-F5),TaskName 6/2/2025 (GreenStar 4 Monitor),32%zidua/sharpen,930,6/2/2025,0.995,On,1117.9,121.25,0.00,4.304,6.281,4.349,167.28,41.99,41.96,0,7,63.25,6/2/2025,Good,16.78,0.0023,6.294,0.00086,0.00,0.00,0.00,8.391,0.0011,4.196,0.00057,41.68,0.729,0.00,0.00,50.35,0.0069,0.00,0.00,0.00,0.00,0.00,5.874,0.00,0.00,0.017
-93.78148046,42.02045239,F Fields (F1-F5),TaskName 6/2/2025 (GreenStar 4 Monitor),32%zidua/sharpen,931,6/2/2025,1.005,On,1118.0,121.25,0.00,4.283,6.310,4.290,169.83,41.99,41.95,0,7,62.92,6/2/2025,Good,16.78,0.0023,6.293,0.00086,0.00,0.00,0.00,8.390,0.0012,4.195,0.00058,41.68,0.732,0.00,0.00,50.34,0.0069,0.00,0.00,0.00,0.00,0.00,5.873,0.00,0.00,0.018
-93.78147551,42.02043560,F Fields (F1-F5),TaskName 6/2/2025 (GreenStar 4 Monitor),32%zidua/sharpen,932,6/2/2025,0.995,On,1117.9,121.25,0.00,4.312,6.294,4.121,172.42,41.99,41.71,0,7,63.39,6/2/2025,Good,16.68,0.0023,6.257,0.00086,0.00,0.00,0.00,8.342,0.0011,4.171,0.00057,41.44,0.726,0.00,0.00,50.05,0.0069,0.00,0.00,0.00,0.00,0.00,5.840,0.00,0.00,0.018
-93.78147173,42.02041880,F Fields (F1-F5),TaskName 6/2/2025 (GreenStar 4 Monitor),32%zidua/sharpen,933,6/2/2025,1.010,On,1117.9,121.25,0.00,4.259,6.310,3.928,173.99,41.99,41.45,0,7,62.61,6/2/2025,Good,16.58,0.0023,6.217,0.00085,0.00,0.00,0.00,8.290,0.0011,4.145,0.00057,41.18,0.723,0.00,0.00,49.74,0.0068,0.00,0.00,0.00,0.00,0.00,5.803,0.00,0.00,0.018
-93.78146941,42.02040145,F Fields (F1-F5),TaskName 6/2/2025 (GreenStar 4 Monitor),32%zidua/sharpen,934,6/2/2025,0.995,On,1117.9,121.25,0.00,4.290,6.261,3.645,174.68,41.99,41.50,0,7,63.06,6/2/2025,Good,16.60,0.0023,6.225,0.00085,0.00,0.00,0.00,8.300,0.0011,4.150,0.00057,41.23,0.719,0.00,0.00,49.80,0.0068,0.00,0.00,0.00,0.00,0.00,5.810,0.00,0.00,0.017
-93.78146736,42.02038554,F Fields (F1-F5),TaskName 6/2/2025 (GreenStar 4 Monitor),32%zidua/sharpen,935,6/2/2025,0.996,On,1117.9,121.25,0.00,4.214,6.149,4.496,175.70,41.99,41.95,0,7,61.86,6/2/2025,Good,16.78,0.0022,6.293,0.00084,0.00,0.00,0.00,8.391,0.0011,4.195,0.00056,41.68,0.713,0.00,0.00,50.34,0.0067,0.00,0.00,0.00,0.00,0.00,5.874,0.00,0.00,0.017
-93.78146533,42.02036912,F Fields (F1-F5),TaskName 6/2/2025 (GreenStar 4 Monitor),32%zidua/sharpen,936,6/2/2025,1.000,On,1117.9,121.25,0.00,4.022,5.902,4.755,178.02,41.99,42.98,0,7,59.14,6/2/2025,Good,17.19,0.0022,6.447,0.00083,0.00,0.00,0.00,8.596,0.0011,4.298,0.00055,42.70,0.702,0.00,0.00,51.57,0.0066,0.00,0.00,0.00,0.00,0.00,6.017,0.00,0.00,0.016
-93.78146345,42.02035262,F Fields (F1-F5),TaskName 6/2/2025 (GreenStar 4 Monitor),32%zidua/sharpen,937,6/2/2025,1.004,On,1117.9,121.25,0.00,4.150,6.109,4.444,181.72,41.99,41.85,0,7,60.97,6/2/2025,Good,16.74,0.0022,6.277,0.00083,0.00,0.00,0.00,8.370,0.0011,4.185,0.00056,41.58,0.707,0.00,0.00,50.22,0.0067,0.00,0.00,0.00,0.00,0.00,5.859,0.00,0.00,0.017
-93.78146272,42.02033600,F Fields (F1-F5),TaskName 6/2/2025 (GreenStar 4 Monitor),32%zidua/sharpen,938,6/2/2025,0.995,On,1117.8,121.25,0.00,4.129,6.024,4.564,185.30,41.99,41.51,0,7,60.66,6/2/2025,Good,16.60,0.0022,6.226,0.00082,0.00,0.00,0.00,8.301,0.0011,4.151,0.00054,41.24,0.691,0.00,0.00,49.81,0.0065,0.00,0.00,0.00,0.00,0.00,5.811,0.00,0.00,0.017
-93.78146382,42.02031976,F Fields (F1-F5),TaskName 6/2/2025 (GreenStar 4 Monitor),32%zidua/sharpen,939,6/2/2025,1.001,On,1117.8,121.25,0.00,4.138,6.073,4.163,187.93,41.99,42.17,0,7,60.79,6/2/2025,Good,16.87,0.0022,6.326,0.00084,0.00,0.00,0.00,8.434,0.0011,4.217,0.00056,41.90,0.708,0.00,0.00,50.60,0.0067,0.00,0.00,0.00,0.00,0.00,5.904,0.00,0.00,0.017
-93.78146594,42.02030421,F Fields (F1-F5),TaskName 6/2/2025 (GreenStar 4 Monitor),32%zidua/sharpen,940,6/2/2025,0.999,On,1117.7,121.25,0.00,3.985,5.833,4.366,190.12,41.99,42.36,0,7,58.51,6/2/2025,Good,16.95,0.0021,6.355,0.00081,0.00,0.00,0.00,8.473,0.0011,4.236,0.00054,42.09,0.683,0.00,0.00,50.84,0.0064,0.00,0.00,0.00,0.00,0.00,5.931,0.00,0.00,0.016
-93.78146887,42.02028822,F Fields (F1-F5),TaskName 6/2/2025 (GreenStar 4 Monitor),32%zidua/sharpen,941,6/2/2025,1.000,On,1117.6,121.25,0.00,3.929,5.761,3.950,192.39,41.99,42.32,0,7,57.73,6/2/2025,Good,16.93,0.0021,6.347,0.00080,0.00,0.00,0.00,8.463,0.0011,4.232,0.00053,42.04,0.674,0.00,0.00,50.78,0.0064,0.00,0.00,0.00,0.00,0.00,5.924,0.00,0.00,0.016
-93.78147279,42.02027225,F Fields (F1-F5),TaskName 6/2/2025 (GreenStar 4 Monitor),32%zidua/sharpen,942,6/2/2025,1.005,On,1117.5,121.25,0.00,4.041,5.951,3.237,194.27,41.99,41.24,0,7,59.34,6/2/2025,Good,16.50,0.0021,6.187,0.00080,0.00,0.00,0.00,8.249,0.0011,4.124,0.00053,40.98,0.679,0.00,0.00,49.49,0.0064,0.00,0.00,0.00,0.00,0.00,5.774,0.00,0.00,0.017
-93.78147786,42.02025636,F Fields (F1-F5),TaskName 6/2/2025 (GreenStar 4 Monitor),32%zidua/sharpen,943,6/2/2025,0.995,On,1117.4,121.25,0.00,4.039,5.892,3.339,195.58,41.99,41.27,0,7,59.34,6/2/2025,Good,16.51,0.0021,6.191,0.00079,0.00,0.00,0.00,8.254,0.0011,4.127,0.00053,41.00,0.672,0.00,0.00,49.52,0.0063,0.00,0.00,0.00,0.00,0.00,5.778,0.00,0.00,0.016
-93.78148332,42.02024023,F Fields (F1-F5),TaskName 6/2/2025 (GreenStar 4 Monitor),32%zidua/sharpen,944,6/2/2025,1.005,On,1117.2,121.25,0.00,4.087,6.020,3.140,197.04,41.99,41.22,0,7,60.03,6/2/2025,Good,16.49,0.0022,6.183,0.00081,0.00,0.00,0.00,8.243,0.0011,4.122,0.00054,40.95,0.686,0.00,0.00,49.46,0.0065,0.00,0.00,0.00,0.00,0.00,5.770,0.00,0.00,0.017
-93.78148915,42.02022428,F Fields (F1-F5),TaskName 6/2/2025 (GreenStar 4 Monitor),32%zidua/sharpen,945,6/2/2025,0.995,On,1117.0,121.25,0.00,4.133,6.024,3.086,198.63,41.99,41.31,0,7,60.66,6/2/2025,Good,16.52,0.0022,6.196,0.00081,0.00,0.00,0.00,8.261,0.0011,4.131,0.00054,41.04,0.688,0.00,0.00,49.57,0.0065,0.00,0.00,0.00,0.00,0.00,5.783,0.00,0.00,0.017
-93.78149581,42.02020829,F Fields (F1-F5),TaskName 6/2/2025 (GreenStar 4 Monitor),32%zidua/sharpen,946,6/2/2025,1.000,On,1116.8,121.25,0.00,4.139,6.066,2.969,200.53,41.99,41.79,0,7,60.79,6/2/2025,Good,16.72,0.0022,6.269,0.00083,0.00,0.00,0.00,8.359,0.0011,4.179,0.00055,41.52,0.701,0.00,0.00,50.15,0.0066,0.00,0.00,0.00,0.00,0.00,5.851,0.00,0.00,0.017
-93.78150271,42.02019243,F Fields (F1-F5),TaskName 6/2/2025 (GreenStar 4 Monitor),32%zidua/sharpen,947,6/2/2025,1.000,On,1116.6,121.25,0.00,4.158,6.093,2.812,202.85,41.99,41.93,0,7,61.05,6/2/2025,Good,16.77,0.0022,6.290,0.00083,0.00,0.00,0.00,8.387,0.0011,4.193,0.00056,41.66,0.707,0.00,0.00,50.32,0.0067,0.00,0.00,0.00,0.00,0.00,5.871,0.00,0.00,0.017
-93.78151056,42.02017698,F Fields (F1-F5),TaskName 6/2/2025 (GreenStar 4 Monitor),32%zidua/sharpen,948,6/2/2025,1.000,On,1116.4,121.25,0.00,4.148,6.076,2.473,205.11,41.99,41.96,0,7,60.89,6/2/2025,Good,16.78,0.0022,6.294,0.00083,0.00,0.00,0.00,8.392,0.0011,4.196,0.00055,41.69,0.705,0.00,0.00,50.35,0.0067,0.00,0.00,0.00,0.00,0.00,5.874,0.00,0.00,0.017
-93.78151886,42.02016283,F Fields (F1-F5),TaskName 6/2/2025 (GreenStar 4 Monitor),32%zidua/sharpen,949,6/2/2025,0.996,On,1116.1,121.25,0.00,4.008,5.850,2.466,206.77,41.99,42.09,0,7,58.85,6/2/2025,Good,16.84,0.0021,6.313,0.00080,0.00,0.00,0.00,8.418,0.0011,4.209,0.00054,41.82,0.681,0.00,0.00,50.51,0.0064,0.00,0.00,0.00,0.00,0.00,5.892,0.00,0.00,0.016
-93.78152755,42.02014907,F Fields (F1-F5),TaskName 6/2/2025 (GreenStar 4 Monitor),32%zidua/sharpen,950,6/2/2025,1.009,On,1115.9,121.25,0.00,3.835,5.673,2.479,208.17,41.99,42.61,0,7,56.34,6/2/2025,Good,17.04,0.0021,6.391,0.00079,0.00,0.00,0.00,8.521,0.0011,4.261,0.00053,42.33,0.668,0.00,0.00,51.13,0.0063,0.00,0.00,0.00,0.00,0.00,5.965,0.00,0.00,0.016
-93.78153562,42.02013715,F Fields (F1-F5),TaskName 6/2/2025 (GreenStar 4 Monitor),32%zidua/sharpen,951,6/2/2025,0.996,On,1115.8,121.25,0.00,3.620,5.276,3.183,209.18,41.99,43.44,0,7,53.08,6/2/2025,Good,17.38,0.0020,6.516,0.00075,0.00,0.00,0.00,8.688,0.00100,4.344,0.00050,43.16,0.634,0.00,0.00,52.13,0.0060,0.00,0.00,0.00,0.00,0.00,6.082,0.00,0.00,0.015
-93.78154405,42.02012517,F Fields (F1-F5),TaskName 6/2/2025 (GreenStar 4 Monitor),32%zidua/sharpen,952,6/2/2025,1.004,On,1115.6,121.25,0.00,3.334,4.902,3.624,209.88,41.99,44.01,0,7,48.92,6/2/2025,Good,17.60,0.0019,6.602,0.00070,0.00,0.00,0.00,8.802,0.00094,4.401,0.00047,43.72,0.597,0.00,0.00,52.81,0.0056,0.00,0.00,0.00,0.00,0.00,6.161,0.00,0.00,0.014
-93.78155309,42.02011351,F Fields (F1-F5),TaskName 6/2/2025 (GreenStar 4 Monitor),32%zidua/sharpen,953,6/2/2025,0.990,On,1115.4,121.25,0.00,3.381,4.905,2.899,209.42,41.99,43.20,0,7,49.65,6/2/2025,Good,17.28,0.0018,6.480,0.00069,0.00,0.00,0.00,8.640,0.00092,4.320,0.00046,42.92,0.586,0.00,0.00,51.84,0.0055,0.00,0.00,0.00,0.00,0.00,6.048,0.00,0.00,0.014
-93.78156233,42.02010203,F Fields (F1-F5),TaskName 6/2/2025 (GreenStar 4 Monitor),32%zidua/sharpen,954,6/2/2025,1.005,On,1115.2,121.25,0.00,3.340,4.921,2.578,208.50,41.99,42.04,0,7,49.07,6/2/2025,Good,16.82,0.0018,6.306,0.00067,0.00,0.00,0.00,8.408,0.00090,4.204,0.00045,41.77,0.572,0.00,0.00,50.45,0.0054,0.00,0.00,0.00,0.00,0.00,5.886,0.00,0.00,0.014
-93.78157152,42.02009001,F Fields (F1-F5),TaskName 6/2/2025 (GreenStar 4 Monitor),32%zidua/sharpen,955,6/2/2025,1.000,On,1115.0,121.25,0.00,3.386,4.961,2.757,207.23,41.99,41.74,0,7,49.71,6/2/2025,Good,16.69,0.0018,6.260,0.00068,0.00,0.00,0.00,8.347,0.00090,4.174,0.00045,41.47,0.573,0.00,0.00,50.08,0.0054,0.00,0.00,0.00,0.00,0.00,5.843,0.00,0.00,0.014
-93.78158051,42.02007840,F Fields (F1-F5),TaskName 6/2/2025 (GreenStar 4 Monitor),32%zidua/sharpen,956,6/2/2025,1.005,On,1114.8,121.25,0.00,3.412,5.026,2.560,204.72,41.99,41.58,0,7,50.12,6/2/2025,Good,16.63,0.0018,6.238,0.00068,0.00,0.00,0.00,8.317,0.00091,4.158,0.00045,41.31,0.578,0.00,0.00,49.90,0.0055,0.00,0.00,0.00,0.00,0.00,5.822,0.00,0.00,0.014
-93.78158919,42.02006662,F Fields (F1-F5),TaskName 6/2/2025 (GreenStar 4 Monitor),32%zidua/sharpen,957,6/2/2025,0.990,On,1114.7,121.25,0.00,3.338,4.843,3.015,201.82,41.99,41.67,0,7,49.02,6/2/2025,Good,16.67,0.0018,6.250,0.00066,0.00,0.00,0.00,8.334,0.00088,4.167,0.00044,41.40,0.558,0.00,0.00,50.00,0.0053,0.00,0.00,0.00,0.00,0.00,5.834,0.00,0.00,0.013
-93.78159749,42.02005301,F Fields (F1-F5),TaskName 6/2/2025 (GreenStar 4 Monitor),32%zidua/sharpen,958,6/2/2025,1.001,On,1114.7,121.25,0.00,3.479,5.105,3.149,199.26,41.99,41.89,0,7,51.10,6/2/2025,Good,16.76,0.0019,6.284,0.00070,0.00,0.00,0.00,8.378,0.00093,4.189,0.00047,41.62,0.591,0.00,0.00,50.27,0.0056,0.00,0.00,0.00,0.00,0.00,5.865,0.00,0.00,0.014
-93.78160496,42.02003883,F Fields (F1-F5),TaskName 6/2/2025 (GreenStar 4 Monitor),32%zidua/sharpen,959,6/2/2025,1.004,On,1114.4,121.25,0.00,3.731,5.492,3.456,197.04,41.99,41.73,0,7,54.82,6/2/2025,Good,16.69,0.0020,6.259,0.00075,0.00,0.00,0.00,8.346,0.00100,4.173,0.00050,41.46,0.634,0.00,0.00,50.08,0.0060,0.00,0.00,0.00,0.00,0.00,5.842,0.00,0.00,0.015
-93.78161189,42.02002432,F Fields (F1-F5),TaskName 6/2/2025 (GreenStar 4 Monitor),32%zidua/sharpen,960,6/2/2025,1.000,On,1114.0,121.25,0.00,3.834,5.620,3.033,194.89,41.99,41.91,0,7,56.32,6/2/2025,Good,16.76,0.0020,6.286,0.00077,0.00,0.00,0.00,8.381,0.0010,4.191,0.00051,41.63,0.651,0.00,0.00,50.29,0.0061,0.00,0.00,0.00,0.00,0.00,5.867,0.00,0.00,0.016
-93.78161321,42.02002144,F Fields (F1-F5),TaskName 6/2/2025 (GreenStar 4 Monitor),32%zidua/sharpen,961,6/2/2025,0.200,On,1113.9,121.25,0.00,3.845,1.126,2.615,194.34,41.99,41.75,0,7,56.42,6/2/2025,Good,16.70,0.00041,6.262,0.00015,0.00,0.00,0.00,8.349,0.00020,4.175,0.00010,41.48,0.130,0.00,0.00,50.10,0.0012,0.00,0.00,0.00,0.00,0.00,5.845,0.00,0.00,0.0031
-93.78161559,42.02001582,F Fields (F1-F5),TaskName 6/2/2025 (GreenStar 4 Monitor),32%zidua/sharpen,962,6/2/2025,0.400,On,1113.8,120.00,0.625,3.819,2.239,2.584,193.32,41.99,41.33,0,7,55.51,6/2/2025,Good,16.53,0.00080,6.199,0.00030,0.00,0.00,0.00,8.265,0.00040,4.133,0.00020,41.06,0.253,0.00,0.00,49.59,0.0024,0.00,0.00,0.00,0.00,0.00,5.786,0.00,0.00,0.0062
-93.78161678,42.02001289,F Fields (F1-F5),TaskName 6/2/2025 (GreenStar 4 Monitor),32%zidua/sharpen,963,6/2/2025,0.200,On,1113.8,118.75,1.250,3.767,1.103,3.745,192.75,41.99,41.36,0,7,54.13,6/2/2025,Good,16.54,0.00039,6.204,0.00015,0.00,0.00,0.00,8.272,0.00019,4.136,9.717e-05,41.09,0.124,0.00,0.00,49.63,0.0012,0.00,0.00,0.00,0.00,0.00,5.791,0.00,0.00,0.0030
-93.78161805,42.02000998,F Fields (F1-F5),TaskName 6/2/2025 (GreenStar 4 Monitor),32%zidua/sharpen,964,6/2/2025,0.200,On,1113.8,117.50,1.875,3.758,1.103,3.276,192.10,41.99,42.13,0,7,53.56,6/2/2025,Good,16.85,0.00039,6.320,0.00015,0.00,0.00,0.00,8.426,0.00020,4.213,9.793e-05,41.86,0.125,0.00,0.00,50.56,0.0012,0.00,0.00,0.00,0.00,0.00,5.898,0.00,0.00,0.0030
-93.78161942,42.02000688,F Fields (F1-F5),TaskName 6/2/2025 (GreenStar 4 Monitor),32%zidua/sharpen,965,6/2/2025,0.200,On,1113.7,115.00,0.625,3.771,1.106,3.091,191.48,41.99,42.77,0,7,52.57,6/2/2025,Good,17.11,0.00039,6.416,0.00015,0.00,0.00,0.00,8.555,0.00020,4.277,9.760e-05,42.50,0.124,0.00,0.00,51.33,0.0012,0.00,0.00,0.00,0.00,0.00,5.988,0.00,0.00,0.0029
-93.78162049,42.02000383,F Fields (F1-F5),TaskName 6/2/2025 (GreenStar 4 Monitor),32%zidua/sharpen,966,6/2/2025,0.200,On,1113.6,110.00,-0.625,3.803,1.116,2.979,190.92,41.99,43.24,0,7,50.73,6/2/2025,Good,17.30,0.00038,6.487,0.00014,0.00,0.00,0.00,8.649,0.00019,4.324,9.522e-05,42.96,0.121,0.00,0.00,51.89,0.0011,0.00,0.00,0.00,0.00,0.00,6.054,0.00,0.00,0.0028
-93.78162160,42.02000086,F Fields (F1-F5),TaskName 6/2/2025 (GreenStar 4 Monitor),32%zidua/sharpen,967,6/2/2025,0.200,On,1113.5,103.75,2.853e-06,3.850,1.129,3.203,190.32,41.99,43.78,0,7,48.41,6/2/2025,Good,17.51,0.00037,6.567,0.00014,0.00,0.00,0.00,8.756,0.00018,4.378,9.199e-05,43.49,0.117,0.00,0.00,52.53,0.0011,0.00,0.00,0.00,0.00,0.00,6.129,0.00,0.00,0.0027
-93.78162258,42.01999770,F Fields (F1-F5),TaskName 6/2/2025 (GreenStar 4 Monitor),32%zidua/sharpen,968,6/2/2025,0.200,On,1113.4,90.00,-3.125,3.877,1.136,3.210,189.72,41.99,44.22,0,7,42.24,6/2/2025,Good,17.69,0.00032,6.633,0.00012,0.00,0.00,0.00,8.843,0.00016,4.422,8.107e-05,43.93,0.103,0.00,0.00,53.06,0.00097,0.00,0.00,0.00,0.00,0.00,6.190,0.00,0.00,0.0023
-93.78162367,42.01999451,F Fields (F1-F5),TaskName 6/2/2025 (GreenStar 4 Monitor),32%zidua/sharpen,969,6/2/2025,0.200,On,1113.2,75.00,-5.625,3.903,1.146,3.170,188.99,41.99,45.99,0,7,35.51,6/2/2025,Good,18.40,0.00028,6.899,0.00011,0.00,0.00,0.00,9.198,0.00014,4.599,7.088e-05,45.69,0.090,0.00,0.00,55.19,0.00085,0.00,0.00,0.00,0.00,0.00,6.439,0.00,0.00,0.0020
-93.78162467,42.01999162,F Fields (F1-F5),TaskName 6/2/2025 (GreenStar 4 Monitor),32%zidua/sharpen,970,6/2/2025,0.195,On,1113.1,37.50,-19.37,3.964,1.133,3.038,188.44,41.99,48.18,0,7,18.00,6/2/2025,Good,19.27,0.00015,7.227,5.505e-05,0.00,0.00,0.00,9.637,7.340e-05,4.818,3.670e-05,47.87,0.047,0.00,0.00,57.82,0.00044,0.00,0.00,0.00,0.00,0.00,6.746,0.00,0.00,0.00097
-93.78138104,42.02012293,F Fields (F1-F5),TaskName 6/2/2025 (GreenStar 4 Monitor),32%zidua/sharpen,971,6/2/2025,0.200,On,1117.4,1.250,50.00,4.845,1.424,4.498,95.09,41.99,48.41,0,8,0.735,6/2/2025,Over Target,19.36,6.181e-06,7.261,2.318e-06,0.00,0.00,0.00,9.682,3.090e-06,4.841,1.545e-06,48.09,0.0020,0.00,0.00,58.09,1.854e-05,0.00,0.00,0.00,0.00,0.00,6.777,0.00,0.00,4.086e-05
-93.78137592,42.02012263,F Fields (F1-F5),TaskName 6/2/2025 (GreenStar 4 Monitor),32%zidua/sharpen,972,6/2/2025,0.201,On,1117.4,5.000,48.12,4.834,1.427,4.504,95.32,41.99,48.15,0,8,2.934,6/2/2025,Good,19.26,2.465e-05,7.223,9.243e-06,0.00,0.00,0.00,9.630,1.232e-05,4.815,6.162e-06,47.84,0.0078,0.00,0.00,57.78,7.394e-05,0.00,0.00,0.00,0.00,0.00,6.741,0.00,0.00,0.00016
-93.78137076,42.02012240,F Fields (F1-F5),TaskName 6/2/2025 (GreenStar 4 Monitor),32%zidua/sharpen,973,6/2/2025,0.199,On,1117.4,7.500,46.87,4.814,1.407,4.365,95.53,41.99,49.06,0,8,4.384,6/2/2025,Over Target,19.62,3.715e-05,7.359,1.393e-05,0.00,0.00,0.00,9.812,1.858e-05,4.906,9.288e-06,48.74,0.012,0.00,0.00,58.87,0.00011,0.00,0.00,0.00,0.00,0.00,6.868,0.00,0.00,0.00024
-93.78136548,42.02012209,F Fields (F1-F5),TaskName 6/2/2025 (GreenStar 4 Monitor),32%zidua/sharpen,974,6/2/2025,0.200,On,1117.4,10.00,45.62,4.805,1.411,4.266,95.70,41.99,47.99,0,8,5.829,6/2/2025,Good,19.20,4.857e-05,7.199,1.821e-05,0.00,0.00,0.00,9.598,2.428e-05,4.799,1.214e-05,47.68,0.015,0.00,0.00,57.59,0.00015,0.00,0.00,0.00,0.00,0.00,6.719,0.00,0.00,0.00032
-93.78136023,42.02012174,F Fields (F1-F5),TaskName 6/2/2025 (GreenStar 4 Monitor),32%zidua/sharpen,975,6/2/2025,0.200,On,1117.4,12.50,44.37,4.821,1.414,4.808,95.81,41.99,47.61,0,8,7.303,6/2/2025,Good,19.04,6.036e-05,7.141,2.264e-05,0.00,0.00,0.00,9.521,3.018e-05,4.761,1.509e-05,47.30,0.019,0.00,0.00,57.13,0.00018,0.00,0.00,0.00,0.00,0.00,6.665,0.00,0.00,0.00041
-93.78135498,42.02012121,F Fields (F1-F5),TaskName 6/2/2025 (GreenStar 4 Monitor),32%zidua/sharpen,976,6/2/2025,0.200,On,1117.5,13.75,42.50,4.843,1.424,5.046,95.78,41.99,48.42,0,8,8.090,6/2/2025,Over Target,19.37,6.800e-05,7.263,2.550e-05,0.00,0.00,0.00,9.684,3.400e-05,4.842,1.700e-05,48.10,0.022,0.00,0.00,58.10,0.00020,0.00,0.00,0.00,0.00,0.00,6.779,0.00,0.00,0.00045
-93.78134974,42.02012074,F Fields (F1-F5),TaskName 6/2/2025 (GreenStar 4 Monitor),32%zidua/sharpen,977,6/2/2025,0.200,On,1117.5,16.25,40.00,4.861,1.427,4.782,95.83,41.99,48.15,0,8,9.583,6/2/2025,Good,19.26,8.011e-05,7.223,3.004e-05,0.00,0.00,0.00,9.630,4.005e-05,4.815,2.003e-05,47.84,0.025,0.00,0.00,57.78,0.00024,0.00,0.00,0.00,0.00,0.00,6.741,0.00,0.00,0.00053
-93.78133926,42.02011971,F Fields (F1-F5),TaskName 6/2/2025 (GreenStar 4 Monitor),32%zidua/sharpen,978,6/2/2025,0.395,On,1117.6,18.75,35.00,4.886,2.834,5.031,96.12,41.99,46.68,0,8,11.12,6/2/2025,Good,18.67,0.00018,7.001,6.673e-05,0.00,0.00,0.00,9.335,8.898e-05,4.668,4.449e-05,46.37,0.057,0.00,0.00,56.01,0.00053,0.00,0.00,0.00,0.00,0.00,6.535,0.00,0.00,0.0012
-93.78133409,42.02011927,F Fields (F1-F5),TaskName 6/2/2025 (GreenStar 4 Monitor),32%zidua/sharpen,979,6/2/2025,0.206,On,1117.6,21.25,32.50,4.899,1.473,5.316,96.20,41.99,46.42,0,8,12.56,6/2/2025,Good,18.57,0.00010,6.963,3.909e-05,0.00,0.00,0.00,9.284,5.212e-05,4.642,2.606e-05,46.12,0.033,0.00,0.00,55.70,0.00031,0.00,0.00,0.00,0.00,0.00,6.499,0.00,0.00,0.00072
-93.78131777,42.02011778,F Fields (F1-F5),TaskName 6/2/2025 (GreenStar 4 Monitor),32%zidua/sharpen,980,6/2/2025,0.599,On,1117.6,22.50,20.62,4.890,4.301,4.568,96.27,41.99,45.02,0,8,13.35,6/2/2025,Good,18.01,0.00031,6.753,0.00012,0.00,0.00,0.00,9.004,0.00016,4.502,7.814e-05,44.73,0.099,0.00,0.00,54.02,0.00094,0.00,0.00,0.00,0.00,0.00,6.303,0.00,0.00,0.0022
-93.78131221,42.02011730,F Fields (F1-F5),TaskName 6/2/2025 (GreenStar 4 Monitor),32%zidua/sharpen,981,6/2/2025,0.195,On,1117.6,23.75,17.50,4.982,1.424,4.465,96.50,41.99,44.18,0,8,14.33,6/2/2025,Good,17.67,0.00011,6.628,4.020e-05,0.00,0.00,0.00,8.837,5.360e-05,4.418,2.680e-05,43.90,0.034,0.00,0.00,53.02,0.00032,0.00,0.00,0.00,0.00,0.00,6.186,0.00,0.00,0.00078
-93.78130705,42.02011710,F Fields (F1-F5),TaskName 6/2/2025 (GreenStar 4 Monitor),32%zidua/sharpen,982,6/2/2025,0.201,On,1117.6,26.25,12.50,5.051,1.486,4.993,96.88,41.99,43.52,0,8,16.04,6/2/2025,Good,17.41,0.00012,6.528,4.568e-05,0.00,0.00,0.00,8.704,6.090e-05,4.352,3.045e-05,43.24,0.039,0.00,0.00,52.23,0.00037,0.00,0.00,0.00,0.00,0.00,6.093,0.00,0.00,0.00090
-93.78130190,42.02011682,F Fields (F1-F5),TaskName 6/2/2025 (GreenStar 4 Monitor),32%zidua/sharpen,983,6/2/2025,0.204,On,1117.6,27.50,8.124,5.051,1.509,5.211,97.20,41.99,43.10,0,8,16.81,6/2/2025,Good,17.24,0.00013,6.466,4.813e-05,0.00,0.00,0.00,8.621,6.417e-05,4.310,3.209e-05,42.82,0.041,0.00,0.00,51.73,0.00039,0.00,0.00,0.00,0.00,0.00,6.035,0.00,0.00,0.00095
-93.78129685,42.02011651,F Fields (F1-F5),TaskName 6/2/2025 (GreenStar 4 Monitor),32%zidua/sharpen,984,6/2/2025,0.200,On,1117.5,33.75,2.500,4.975,1.457,5.600,97.46,41.99,42.51,0,8,20.32,6/2/2025,Good,17.00,0.00015,6.376,5.622e-05,0.00,0.00,0.00,8.501,7.496e-05,4.251,3.748e-05,42.23,0.048,0.00,0.00,51.01,0.00045,0.00,0.00,0.00,0.00,0.00,5.951,0.00,0.00,0.0011
-93.78129158,42.02011590,F Fields (F1-F5),TaskName 6/2/2025 (GreenStar 4 Monitor),32%zidua/sharpen,985,6/2/2025,0.195,On,1117.4,43.75,-3.750,4.894,1.398,5.270,97.49,41.99,41.44,0,8,25.91,6/2/2025,Good,16.57,0.00018,6.216,6.816e-05,0.00,0.00,0.00,8.287,9.089e-05,4.144,4.544e-05,41.17,0.058,0.00,0.00,49.72,0.00055,0.00,0.00,0.00,0.00,0.00,5.801,0.00,0.00,0.0014
-93.78128623,42.02011526,F Fields (F1-F5),TaskName 6/2/2025 (GreenStar 4 Monitor),32%zidua/sharpen,986,6/2/2025,0.205,On,1117.4,51.25,-9.999,4.856,1.460,4.953,97.40,41.99,41.35,0,8,30.16,6/2/2025,Good,16.54,0.00022,6.203,8.324e-05,0.00,0.00,0.00,8.270,0.00011,4.135,5.549e-05,41.08,0.071,0.00,0.00,49.62,0.00067,0.00,0.00,0.00,0.00,0.00,5.789,0.00,0.00,0.0017
-93.78128071,42.02011469,F Fields (F1-F5),TaskName 6/2/2025 (GreenStar 4 Monitor),32%zidua/sharpen,987,6/2/2025,0.200,On,1117.4,73.75,-23.75,4.881,1.430,4.583,97.39,41.99,39.74,0,8,43.59,6/2/2025,Good,15.89,0.00030,5.961,0.00011,0.00,0.00,0.00,7.947,0.00015,3.974,7.519e-05,39.48,0.096,0.00,0.00,47.68,0.00090,0.00,0.00,0.00,0.00,0.00,5.563,0.00,0.00,0.0024
-93.78127526,42.02011413,F Fields (F1-F5),TaskName 6/2/2025 (GreenStar 4 Monitor),32%zidua/sharpen,988,6/2/2025,0.200,On,1117.4,72.50,-24.37,4.941,1.447,4.531,97.37,41.99,41.74,0,8,43.35,6/2/2025,Good,16.69,0.00031,6.260,0.00012,0.00,0.00,0.00,8.347,0.00016,4.174,7.852e-05,41.47,0.100,0.00,0.00,50.08,0.00094,0.00,0.00,0.00,0.00,0.00,5.843,0.00,0.00,0.0024
-93.78126996,42.02011347,F Fields (F1-F5),TaskName 6/2/2025 (GreenStar 4 Monitor),32%zidua/sharpen,989,6/2/2025,0.200,On,1117.5,70.00,-25.62,5.006,1.467,4.398,97.18,41.99,42.53,0,8,42.42,6/2/2025,Good,17.01,0.00031,6.379,0.00012,0.00,0.00,0.00,8.506,0.00016,4.253,7.830e-05,42.25,0.100,0.00,0.00,51.03,0.00094,0.00,0.00,0.00,0.00,0.00,5.954,0.00,0.00,0.0024
-93.78126463,42.02011275,F Fields (F1-F5),TaskName 6/2/2025 (GreenStar 4 Monitor),32%zidua/sharpen,990,6/2/2025,0.195,On,1117.5,68.75,-26.25,5.031,1.437,4.174,97.12,41.99,41.24,0,8,41.87,6/2/2025,Good,16.50,0.00029,6.187,0.00011,0.00,0.00,0.00,8.249,0.00015,4.124,7.308e-05,40.98,0.093,0.00,0.00,49.49,0.00088,0.00,0.00,0.00,0.00,0.00,5.774,0.00,0.00,0.0023
-93.78125911,42.02011226,F Fields (F1-F5),TaskName 6/2/2025 (GreenStar 4 Monitor),32%zidua/sharpen,991,6/2/2025,0.205,On,1117.5,66.25,-27.50,5.031,1.512,3.943,97.32,41.99,42.31,0,8,40.40,6/2/2025,Good,16.93,0.00030,6.347,0.00011,0.00,0.00,0.00,8.463,0.00015,4.231,7.604e-05,42.04,0.097,0.00,0.00,50.78,0.00091,0.00,0.00,0.00,0.00,0.00,5.924,0.00,0.00,0.0023
-93.78125364,42.02011174,F Fields (F1-F5),TaskName 6/2/2025 (GreenStar 4 Monitor),32%zidua/sharpen,992,6/2/2025,0.200,On,1117.5,65.00,-28.12,5.049,1.480,4.167,97.32,41.99,42.37,0,8,39.74,6/2/2025,Good,16.95,0.00029,6.355,0.00011,0.00,0.00,0.00,8.473,0.00015,4.237,7.308e-05,42.09,0.093,0.00,0.00,50.84,0.00088,0.00,0.00,0.00,0.00,0.00,5.931,0.00,0.00,0.0022
-93.78124812,42.02011113,F Fields (F1-F5),TaskName 6/2/2025 (GreenStar 4 Monitor),32%zidua/sharpen,993,6/2/2025,0.200,On,1117.5,63.75,-28.75,5.076,1.486,4.379,97.29,41.99,41.42,0,8,39.15,6/2/2025,Good,16.57,0.00028,6.212,0.00011,0.00,0.00,0.00,8.283,0.00014,4.142,7.038e-05,41.15,0.089,0.00,0.00,49.70,0.00084,0.00,0.00,0.00,0.00,0.00,5.798,0.00,0.00,0.0022
-93.78124249,42.02011042,F Fields (F1-F5),TaskName 6/2/2025 (GreenStar 4 Monitor),32%zidua/sharpen,994,6/2/2025,0.196,On,1117.5,61.25,-30.00,5.098,1.457,4.081,97.21,41.99,41.57,0,8,37.62,6/2/2025,Good,16.63,0.00027,6.235,9.977e-05,0.00,0.00,0.00,8.313,0.00013,4.157,6.651e-05,41.30,0.085,0.00,0.00,49.88,0.00080,0.00,0.00,0.00,0.00,0.00,5.819,0.00,0.00,0.0020
-93.78123691,42.02010997,F Fields (F1-F5),TaskName 6/2/2025 (GreenStar 4 Monitor),32%zidua/sharpen,995,6/2/2025,0.204,On,1117.5,60.00,-30.62,5.132,1.542,3.804,97.32,41.99,43.52,0,8,37.48,6/2/2025,Good,17.41,0.00029,6.528,0.00011,0.00,0.00,0.00,8.704,0.00014,4.352,7.222e-05,43.24,0.092,0.00,0.00,52.23,0.00087,0.00,0.00,0.00,0.00,0.00,6.093,0.00,0.00,0.0021
-93.78123158,42.02010954,F Fields (F1-F5),TaskName 6/2/2025 (GreenStar 4 Monitor),32%zidua/sharpen,996,6/2/2025,0.195,On,1117.6,57.50,-31.87,5.158,1.473,3.916,97.36,41.99,42.48,0,8,35.90,6/2/2025,Good,16.99,0.00026,6.373,9.681e-05,0.00,0.00,0.00,8.497,0.00013,4.248,6.454e-05,42.21,0.082,0.00,0.00,50.98,0.00077,0.00,0.00,0.00,0.00,0.00,5.948,0.00,0.00,0.0019
-93.78122636,42.02010907,F Fields (F1-F5),TaskName 6/2/2025 (GreenStar 4 Monitor),32%zidua/sharpen,997,6/2/2025,0.200,On,1117.7,56.25,-32.50,5.143,1.506,4.273,97.33,41.99,41.65,0,8,35.00,6/2/2025,Good,16.66,0.00025,6.248,9.492e-05,0.00,0.00,0.00,8.330,0.00013,4.165,6.328e-05,41.38,0.080,0.00,0.00,49.98,0.00076,0.00,0.00,0.00,0.00,0.00,5.831,0.00,0.00,0.0019
-93.78122115,42.02010846,F Fields (F1-F5),TaskName 6/2/2025 (GreenStar 4 Monitor),32%zidua/sharpen,998,6/2/2025,0.200,On,1117.8,62.50,-23.97,5.082,1.490,5.766,97.26,41.99,39.94,0,8,38.47,6/2/2025,Good,15.98,0.00027,5.991,0.00010,0.00,0.00,0.00,7.988,0.00013,3.994,6.669e-05,39.68,0.085,0.00,0.00,47.93,0.00080,0.00,0.00,0.00,0.00,0.00,5.592,0.00,0.00,0.0021
-93.78121606,42.02010790,F Fields (F1-F5),TaskName 6/2/2025 (GreenStar 4 Monitor),32%zidua/sharpen,999,6/2/2025,0.205,On,1117.8,68.75,-16.50,5.015,1.506,6.551,97.21,41.99,41.67,0,8,41.74,6/2/2025,Good,16.67,0.00031,6.251,0.00012,0.00,0.00,0.00,8.334,0.00015,4.167,7.738e-05,41.40,0.098,0.00,0.00,50.01,0.00093,0.00,0.00,0.00,0.00,0.00,5.834,0.00,0.00,0.0024
-93.78121092,42.02010734,F Fields (F1-F5),TaskName 6/2/2025 (GreenStar 4 Monitor),32%zidua/sharpen,1000,6/2/2025,0.200,On,1117.8,72.50,-12.65,4.950,1.450,6.267,97.22,41.99,42.32,0,8,43.44,6/2/2025,Good,16.93,0.00032,6.349,0.00012,0.00,0.00,0.00,8.465,0.00016,4.232,7.981e-05,42.05,0.101,0.00,0.00,50.79,0.00096,0.00,0.00,0.00,0.00,0.00,5.925,0.00,0.00,0.0024
-93.78120556,42.02010688,F Fields (F1-F5),TaskName 6/2/2025 (GreenStar 4 Monitor),32%zidua/sharpen,1001,6/2/2025,0.200,On,1117.8,75.00,-10.21,4.888,1.434,6.030,97.32,41.99,41.65,0,8,44.43,6/2/2025,Good,16.66,0.00032,6.248,0.00012,0.00,0.00,0.00,8.330,0.00016,4.165,8.033e-05,41.38,0.102,0.00,0.00,49.98,0.00096,0.00,0.00,0.00,0.00,0.00,5.831,0.00,0.00,0.0025
-93.78119485,42.02010579,F Fields (F1-F5),TaskName 6/2/2025 (GreenStar 4 Monitor),32%zidua/sharpen,1002,6/2/2025,0.396,On,1117.8,77.50,-6.250,4.888,2.828,5.195,97.16,41.99,41.20,0,8,45.74,6/2/2025,Good,16.48,0.00065,6.179,0.00024,0.00,0.00,0.00,8.239,0.00032,4.120,0.00016,40.93,0.206,0.00,0.00,49.44,0.0019,0.00,0.00,0.00,0.00,0.00,5.767,0.00,0.00,0.0050
-93.78118955,42.02010524,F Fields (F1-F5),TaskName 6/2/2025 (GreenStar 4 Monitor),32%zidua/sharpen,1003,6/2/2025,0.205,On,1117.9,80.00,-4.219,4.937,1.483,4.636,97.09,41.99,41.24,0,8,47.83,6/2/2025,Good,16.50,0.00035,6.187,0.00013,0.00,0.00,0.00,8.249,0.00018,4.124,8.776e-05,40.98,0.112,0.00,0.00,49.49,0.0011,0.00,0.00,0.00,0.00,0.00,5.774,0.00,0.00,0.0027
-93.78117895,42.02010435,F Fields (F1-F5),TaskName 6/2/2025 (GreenStar 4 Monitor),32%zidua/sharpen,1004,6/2/2025,0.399,On,1118.0,81.25,-2.154,4.965,2.910,4.772,97.08,41.99,41.23,0,8,48.97,6/2/2025,Good,16.49,0.00070,6.185,0.00026,0.00,0.00,0.00,8.247,0.00035,4.123,0.00017,40.97,0.222,0.00,0.00,49.48,0.0021,0.00,0.00,0.00,0.00,0.00,5.773,0.00,0.00,0.0054
-93.78116853,42.02010335,F Fields (F1-F5),TaskName 6/2/2025 (GreenStar 4 Monitor),32%zidua/sharpen,1005,6/2/2025,0.395,On,1118.0,83.75,0.056,4.957,2.871,5.164,96.98,41.99,41.38,0,8,50.30,6/2/2025,Good,16.55,0.00071,6.207,0.00027,0.00,0.00,0.00,8.277,0.00036,4.138,0.00018,41.11,0.227,0.00,0.00,49.66,0.0021,0.00,0.00,0.00,0.00,0.00,5.794,0.00,0.00,0.0055
-93.78115210,42.02010143,F Fields (F1-F5),TaskName 6/2/2025 (GreenStar 4 Monitor),32%zidua/sharpen,1006,6/2/2025,0.600,On,1118.0,85.00,2.978,4.940,4.341,4.542,96.19,41.99,41.22,0,8,50.82,6/2/2025,Good,16.49,0.0011,6.183,0.00041,0.00,0.00,0.00,8.244,0.00055,4.122,0.00027,40.95,0.347,0.00,0.00,49.46,0.0033,0.00,0.00,0.00,0.00,0.00,5.771,0.00,0.00,0.0085
-93.78114679,42.02010099,F Fields (F1-F5),TaskName 6/2/2025 (GreenStar 4 Monitor),32%zidua/sharpen,1007,6/2/2025,0.205,On,1118.0,86.25,3.532,5.042,1.516,4.465,96.06,41.99,41.27,0,8,52.70,6/2/2025,Good,16.51,0.00039,6.190,0.00015,0.00,0.00,0.00,8.253,0.00019,4.127,9.676e-05,41.00,0.123,0.00,0.00,49.52,0.0012,0.00,0.00,0.00,0.00,0.00,5.777,0.00,0.00,0.0030
-93.78114154,42.02010057,F Fields (F1-F5),TaskName 6/2/2025 (GreenStar 4 Monitor),32%zidua/sharpen,1008,6/2/2025,0.196,On,1118.0,85.00,4.522,5.067,1.447,4.597,96.00,41.99,40.96,0,8,51.86,6/2/2025,Good,16.38,0.00036,6.143,0.00014,0.00,0.00,0.00,8.191,0.00018,4.096,9.034e-05,40.69,0.115,0.00,0.00,49.15,0.0011,0.00,0.00,0.00,0.00,0.00,5.734,0.00,0.00,0.0028
-93.78112053,42.02009898,F Fields (F1-F5),TaskName 6/2/2025 (GreenStar 4 Monitor),32%zidua/sharpen,1009,6/2/2025,0.804,On,1118.1,86.25,6.467,4.942,5.833,4.956,96.00,41.99,41.61,0,8,51.72,6/2/2025,Good,16.64,0.0015,6.241,0.00056,0.00,0.00,0.00,8.321,0.00075,4.161,0.00038,41.34,0.477,0.00,0.00,49.93,0.0045,0.00,0.00,0.00,0.00,0.00,5.825,0.00,0.00,0.012
-93.78111495,42.02009861,F Fields (F1-F5),TaskName 6/2/2025 (GreenStar 4 Monitor),32%zidua/sharpen,1010,6/2/2025,0.195,On,1118.1,85.00,7.610,4.885,1.394,4.623,95.98,41.99,41.96,0,8,50.23,6/2/2025,Good,16.78,0.00036,6.294,0.00013,0.00,0.00,0.00,8.392,0.00018,4.196,8.919e-05,41.69,0.113,0.00,0.00,50.35,0.0011,0.00,0.00,0.00,0.00,0.00,5.875,0.00,0.00,0.0027
-93.78110955,42.02009809,F Fields (F1-F5),TaskName 6/2/2025 (GreenStar 4 Monitor),32%zidua/sharpen,1011,6/2/2025,0.205,On,1118.1,86.25,7.934,4.948,1.486,4.465,95.84,41.99,41.84,0,8,51.68,6/2/2025,Good,16.74,0.00038,6.277,0.00014,0.00,0.00,0.00,8.369,0.00019,4.184,9.620e-05,41.57,0.122,0.00,0.00,50.21,0.0012,0.00,0.00,0.00,0.00,0.00,5.858,0.00,0.00,0.0029
-93.78108331,42.02009592,F Fields (F1-F5),TaskName 6/2/2025 (GreenStar 4 Monitor),32%zidua/sharpen,1012,6/2/2025,0.995,On,1118.3,87.50,11.57,4.966,7.241,5.074,95.50,41.99,41.67,0,8,52.62,6/2/2025,Good,16.67,0.0019,6.250,0.00071,0.00,0.00,0.00,8.334,0.00095,4.167,0.00047,41.40,0.602,0.00,0.00,50.00,0.0057,0.00,0.00,0.00,0.00,0.00,5.834,0.00,0.00,0.015
-93.78106744,42.02009468,F Fields (F1-F5),TaskName 6/2/2025 (GreenStar 4 Monitor),32%zidua/sharpen,1013,6/2/2025,0.600,On,1118.3,87.50,13.02,4.905,4.311,5.328,95.18,41.99,42.10,0,8,51.96,6/2/2025,Good,16.84,0.0011,6.315,0.00043,0.00,0.00,0.00,8.420,0.00057,4.210,0.00028,41.82,0.362,0.00,0.00,50.52,0.0034,0.00,0.00,0.00,0.00,0.00,5.894,0.00,0.00,0.0087
-93.78105679,42.02009388,F Fields (F1-F5),TaskName 6/2/2025 (GreenStar 4 Monitor),32%zidua/sharpen,1014,6/2/2025,0.405,On,1118.3,86.25,14.96,4.919,2.920,5.269,95.07,41.99,42.10,0,8,51.39,6/2/2025,Good,16.84,0.00076,6.314,0.00029,0.00,0.00,0.00,8.419,0.00038,4.210,0.00019,41.82,0.242,0.00,0.00,50.52,0.0023,0.00,0.00,0.00,0.00,0.00,5.894,0.00,0.00,0.0058
-93.78104621,42.02009324,F Fields (F1-F5),TaskName 6/2/2025 (GreenStar 4 Monitor),32%zidua/sharpen,1015,6/2/2025,0.400,On,1118.4,87.50,15.43,4.934,2.894,5.277,95.36,41.99,42.19,0,8,52.31,6/2/2025,Good,16.87,0.00077,6.328,0.00029,0.00,0.00,0.00,8.437,0.00038,4.219,0.00019,41.91,0.244,0.00,0.00,50.62,0.0023,0.00,0.00,0.00,0.00,0.00,5.906,0.00,0.00,0.0058
-93.78103555,42.02009258,F Fields (F1-F5),TaskName 6/2/2025 (GreenStar 4 Monitor),32%zidua/sharpen,1016,6/2/2025,0.396,On,1118.5,86.25,17.50,4.946,2.861,4.950,95.80,41.99,42.67,0,8,51.50,6/2/2025,Good,17.07,0.00076,6.400,0.00028,0.00,0.00,0.00,8.534,0.00038,4.267,0.00019,42.39,0.240,0.00,0.00,51.20,0.0023,0.00,0.00,0.00,0.00,0.00,5.973,0.00,0.00,0.0057
-93.78103021,42.02009221,F Fields (F1-F5),TaskName 6/2/2025 (GreenStar 4 Monitor),32%zidua/sharpen,1017,6/2/2025,0.199,On,1118.5,87.50,16.87,4.957,1.453,5.092,96.06,41.99,42.39,0,8,52.81,6/2/2025,Good,16.96,0.00039,6.358,0.00015,0.00,0.00,0.00,8.478,0.00019,4.239,9.668e-05,42.11,0.123,0.00,0.00,50.87,0.0012,0.00,0.00,0.00,0.00,0.00,5.934,0.00,0.00,0.0029
-93.78102490,42.02009198,F Fields (F1-F5),TaskName 6/2/2025 (GreenStar 4 Monitor),32%zidua/sharpen,1018,6/2/2025,0.200,On,1118.5,90.00,15.62,4.950,1.450,5.032,96.42,41.99,42.62,0,8,53.93,6/2/2025,Good,17.05,0.00040,6.394,0.00015,0.00,0.00,0.00,8.525,0.00020,4.262,9.977e-05,42.35,0.127,0.00,0.00,51.15,0.0012,0.00,0.00,0.00,0.00,0.00,5.967,0.00,0.00,0.0030
-93.78101961,42.02009178,F Fields (F1-F5),TaskName 6/2/2025 (GreenStar 4 Monitor),32%zidua/sharpen,1019,6/2/2025,0.205,On,1118.5,91.25,15.00,4.948,1.486,5.099,96.87,41.99,42.28,0,8,54.67,6/2/2025,Good,16.91,0.00041,6.342,0.00015,0.00,0.00,0.00,8.456,0.00021,4.228,0.00010,42.01,0.131,0.00,0.00,50.74,0.0012,0.00,0.00,0.00,0.00,0.00,5.919,0.00,0.00,0.0031
-93.78101426,42.02009157,F Fields (F1-F5),TaskName 6/2/2025 (GreenStar 4 Monitor),32%zidua/sharpen,1020,6/2/2025,0.195,On,1118.5,92.50,14.37,4.939,1.411,5.316,97.29,41.99,41.79,0,8,55.31,6/2/2025,Good,16.72,0.00039,6.268,0.00015,0.00,0.00,0.00,8.358,0.00020,4.179,9.781e-05,41.52,0.124,0.00,0.00,50.15,0.0012,0.00,0.00,0.00,0.00,0.00,5.851,0.00,0.00,0.0030
-93.78100893,42.02009119,F Fields (F1-F5),TaskName 6/2/2025 (GreenStar 4 Monitor),32%zidua/sharpen,1021,6/2/2025,0.205,On,1118.6,95.00,13.12,4.935,1.483,5.052,97.53,41.99,41.74,0,8,56.79,6/2/2025,Good,16.69,0.00042,6.260,0.00016,0.00,0.00,0.00,8.347,0.00021,4.174,0.00011,41.47,0.134,0.00,0.00,50.08,0.0013,0.00,0.00,0.00,0.00,0.00,5.843,0.00,0.00,0.0032
-93.78100359,42.02009078,F Fields (F1-F5),TaskName 6/2/2025 (GreenStar 4 Monitor),32%zidua/sharpen,1022,6/2/2025,0.200,On,1118.6,96.25,12.50,4.939,1.447,4.782,97.76,41.99,41.74,0,8,57.54,6/2/2025,Good,16.69,0.00042,6.260,0.00016,0.00,0.00,0.00,8.347,0.00021,4.174,0.00010,41.47,0.133,0.00,0.00,50.08,0.0013,0.00,0.00,0.00,0.00,0.00,5.843,0.00,0.00,0.0032
-93.78099821,42.02009051,F Fields (F1-F5),TaskName 6/2/2025 (GreenStar 4 Monitor),32%zidua/sharpen,1023,6/2/2025,0.195,On,1118.6,98.75,11.25,4.948,1.414,4.616,98.00,41.99,41.48,0,8,59.18,6/2/2025,Good,16.59,0.00042,6.222,0.00016,0.00,0.00,0.00,8.296,0.00021,4.148,0.00010,41.21,0.132,0.00,0.00,49.78,0.0012,0.00,0.00,0.00,0.00,0.00,5.807,0.00,0.00,0.0032
-93.78099286,42.02009016,F Fields (F1-F5),TaskName 6/2/2025 (GreenStar 4 Monitor),32%zidua/sharpen,1024,6/2/2025,0.200,On,1118.6,100.00,10.62,4.959,1.453,4.669,98.09,41.99,40.89,0,8,60.06,6/2/2025,Good,16.36,0.00043,6.134,0.00016,0.00,0.00,0.00,8.178,0.00021,4.089,0.00011,40.63,0.136,0.00,0.00,49.07,0.0013,0.00,0.00,0.00,0.00,0.00,5.725,0.00,0.00,0.0033
-93.78098754,42.02008955,F Fields (F1-F5),TaskName 6/2/2025 (GreenStar 4 Monitor),32%zidua/sharpen,1025,6/2/2025,0.205,On,1118.7,101.25,10.000,4.966,1.493,5.039,97.89,41.99,40.76,0,8,60.93,6/2/2025,Good,16.31,0.00044,6.115,0.00017,0.00,0.00,0.00,8.153,0.00022,4.076,0.00011,40.50,0.141,0.00,0.00,48.92,0.0013,0.00,0.00,0.00,0.00,0.00,5.707,0.00,0.00,0.0035
-93.78097690,42.02008822,F Fields (F1-F5),TaskName 6/2/2025 (GreenStar 4 Monitor),32%zidua/sharpen,1026,6/2/2025,0.396,On,1118.7,103.75,8.750,4.976,2.887,4.888,97.36,41.99,40.79,0,8,62.51,6/2/2025,Good,16.32,0.00088,6.119,0.00033,0.00,0.00,0.00,8.158,0.00044,4.079,0.00022,40.53,0.279,0.00,0.00,48.95,0.0026,0.00,0.00,0.00,0.00,0.00,5.711,0.00,0.00,0.0069
-93.78097165,42.02008757,F Fields (F1-F5),TaskName 6/2/2025 (GreenStar 4 Monitor),32%zidua/sharpen,1027,6/2/2025,0.204,On,1118.7,105.00,8.125,4.979,1.490,4.564,97.14,41.99,40.26,0,8,63.36,6/2/2025,Good,16.10,0.00045,6.039,0.00017,0.00,0.00,0.00,8.052,0.00023,4.026,0.00011,40.00,0.144,0.00,0.00,48.31,0.0014,0.00,0.00,0.00,0.00,0.00,5.637,0.00,0.00,0.0036
-93.78096634,42.02008696,F Fields (F1-F5),TaskName 6/2/2025 (GreenStar 4 Monitor),32%zidua/sharpen,1028,6/2/2025,0.200,On,1118.8,106.25,7.500,4.975,1.457,4.458,96.90,41.99,40.24,0,8,63.96,6/2/2025,Good,16.10,0.00045,6.036,0.00017,0.00,0.00,0.00,8.048,0.00022,4.024,0.00011,39.98,0.142,0.00,0.00,48.29,0.0013,0.00,0.00,0.00,0.00,0.00,5.634,0.00,0.00,0.0036
-93.78096099,42.02008636,F Fields (F1-F5),TaskName 6/2/2025 (GreenStar 4 Monitor),32%zidua/sharpen,1029,6/2/2025,0.195,On,1118.8,107.50,6.875,4.970,1.421,4.385,96.69,41.99,40.42,0,8,64.72,6/2/2025,Good,16.17,0.00044,6.063,0.00017,0.00,0.00,0.00,8.084,0.00022,4.042,0.00011,40.16,0.141,0.00,0.00,48.51,0.0013,0.00,0.00,0.00,0.00,0.00,5.659,0.00,0.00,0.0035
-93.78095569,42.02008577,F Fields (F1-F5),TaskName 6/2/2025 (GreenStar 4 Monitor),32%zidua/sharpen,1030,6/2/2025,0.205,On,1118.8,108.75,6.250,4.977,1.496,4.233,96.40,41.99,40.08,0,8,65.59,6/2/2025,Good,16.03,0.00047,6.012,0.00018,0.00,0.00,0.00,8.016,0.00023,4.008,0.00012,39.82,0.149,0.00,0.00,48.10,0.0014,0.00,0.00,0.00,0.00,0.00,5.611,0.00,0.00,0.0037
-93.78095032,42.02008516,F Fields (F1-F5),TaskName 6/2/2025 (GreenStar 4 Monitor),32%zidua/sharpen,1031,6/2/2025,0.196,On,1118.8,110.00,5.625,4.982,1.424,4.207,96.19,41.99,39.99,0,8,66.04,6/2/2025,Good,16.00,0.00045,5.999,0.00017,0.00,0.00,0.00,7.999,0.00022,3.999,0.00011,39.73,0.143,0.00,0.00,47.99,0.0013,0.00,0.00,0.00,0.00,0.00,5.599,0.00,0.00,0.0036
-93.78094501,42.02008466,F Fields (F1-F5),TaskName 6/2/2025 (GreenStar 4 Monitor),32%zidua/sharpen,1032,6/2/2025,0.199,On,1118.8,111.25,5.000,4.986,1.460,4.293,96.09,41.99,40.21,0,8,67.45,6/2/2025,Good,16.08,0.00047,6.031,0.00018,0.00,0.00,0.00,8.042,0.00023,4.021,0.00012,39.95,0.149,0.00,0.00,48.25,0.0014,0.00,0.00,0.00,0.00,0.00,5.629,0.00,0.00,0.0037
-93.78093980,42.02008425,F Fields (F1-F5),TaskName 6/2/2025 (GreenStar 4 Monitor),32%zidua/sharpen,1033,6/2/2025,0.200,On,1118.8,112.50,4.375,4.986,1.460,4.465,96.06,41.99,40.12,0,8,67.87,6/2/2025,Good,16.05,0.00047,6.018,0.00018,0.00,0.00,0.00,8.024,0.00024,4.012,0.00012,39.86,0.150,0.00,0.00,48.15,0.0014,0.00,0.00,0.00,0.00,0.00,5.617,0.00,0.00,0.0038
-93.78093453,42.02008389,F Fields (F1-F5),TaskName 6/2/2025 (GreenStar 4 Monitor),32%zidua/sharpen,1034,6/2/2025,0.205,On,1118.9,115.00,3.125,4.962,1.490,4.848,96.15,41.99,40.24,0,8,69.06,6/2/2025,Good,16.10,0.00049,6.036,0.00019,0.00,0.00,0.00,8.048,0.00025,4.024,0.00012,39.98,0.157,0.00,0.00,48.29,0.0015,0.00,0.00,0.00,0.00,0.00,5.634,0.00,0.00,0.0039
-93.78092912,42.02008354,F Fields (F1-F5),TaskName 6/2/2025 (GreenStar 4 Monitor),32%zidua/sharpen,1035,6/2/2025,0.200,On,1118.9,116.25,2.500,4.932,1.447,5.224,96.25,41.99,41.11,0,8,69.50,6/2/2025,Good,16.44,0.00050,6.166,0.00019,0.00,0.00,0.00,8.221,0.00025,4.111,0.00012,40.84,0.158,0.00,0.00,49.33,0.0015,0.00,0.00,0.00,0.00,0.00,5.755,0.00,0.00,0.0039
-93.78092374,42.02008316,F Fields (F1-F5),TaskName 6/2/2025 (GreenStar 4 Monitor),32%zidua/sharpen,1036,6/2/2025,0.200,On,1118.9,117.50,1.875,4.932,1.447,5.171,96.29,41.99,40.90,0,8,70.25,6/2/2025,Good,16.36,0.00050,6.135,0.00019,0.00,0.00,0.00,8.181,0.00025,4.090,0.00012,40.64,0.159,0.00,0.00,49.08,0.0015,0.00,0.00,0.00,0.00,0.00,5.726,0.00,0.00,0.0039
-93.78091848,42.02008281,F Fields (F1-F5),TaskName 6/2/2025 (GreenStar 4 Monitor),32%zidua/sharpen,1037,6/2/2025,0.195,On,1119.0,118.75,1.250,4.955,1.414,5.330,96.22,41.99,41.11,0,8,71.17,6/2/2025,Good,16.44,0.00050,6.166,0.00019,0.00,0.00,0.00,8.221,0.00025,4.111,0.00012,40.84,0.157,0.00,0.00,49.33,0.0015,0.00,0.00,0.00,0.00,0.00,5.755,0.00,0.00,0.0039
-93.78089195,42.02008064,F Fields (F1-F5),TaskName 6/2/2025 (GreenStar 4 Monitor),32%zidua/sharpen,1038,6/2/2025,1.000,On,1119.1,121.25,0.00,4.931,7.224,5.240,96.41,41.99,41.35,0,8,72.39,6/2/2025,Good,16.54,0.0026,6.203,0.00097,0.00,0.00,0.00,8.270,0.0013,4.135,0.00065,41.08,0.826,0.00,0.00,49.62,0.0078,0.00,0.00,0.00,0.00,0.00,5.789,0.00,0.00,0.020
-93.78086537,42.02007868,F Fields (F1-F5),TaskName 6/2/2025 (GreenStar 4 Monitor),32%zidua/sharpen,1039,6/2/2025,1.000,On,1119.2,121.25,0.00,4.958,7.260,5.060,96.59,41.99,41.65,0,8,72.75,6/2/2025,Good,16.66,0.0026,6.247,0.00099,0.00,0.00,0.00,8.330,0.0013,4.165,0.00066,41.38,0.836,0.00,0.00,49.98,0.0079,0.00,0.00,0.00,0.00,0.00,5.831,0.00,0.00,0.020
-93.78083882,42.02007618,F Fields (F1-F5),TaskName 6/2/2025 (GreenStar 4 Monitor),32%zidua/sharpen,1040,6/2/2025,1.001,On,1119.3,121.25,0.00,4.964,7.280,4.984,96.05,41.99,41.85,0,8,72.88,6/2/2025,Good,16.74,0.0027,6.278,0.00099,0.00,0.00,0.00,8.370,0.0013,4.185,0.00066,41.58,0.843,0.00,0.00,50.22,0.0080,0.00,0.00,0.00,0.00,0.00,5.859,0.00,0.00,0.020
-93.78081207,42.02007395,F Fields (F1-F5),TaskName 6/2/2025 (GreenStar 4 Monitor),32%zidua/sharpen,1041,6/2/2025,1.000,On,1119.4,121.25,0.00,4.971,7.280,4.893,95.67,41.99,42.06,0,8,72.95,6/2/2025,Good,16.83,0.0027,6.310,0.00100,0.00,0.00,0.00,8.413,0.0013,4.206,0.00067,41.79,0.847,0.00,0.00,50.48,0.0080,0.00,0.00,0.00,0.00,0.00,5.889,0.00,0.00,0.020
-93.78078548,42.02007202,F Fields (F1-F5),TaskName 6/2/2025 (GreenStar 4 Monitor),32%zidua/sharpen,1042,6/2/2025,0.999,On,1119.6,121.25,0.00,4.962,7.270,4.998,95.62,41.99,41.94,0,8,72.93,6/2/2025,Good,16.77,0.0027,6.291,0.00099,0.00,0.00,0.00,8.387,0.0013,4.194,0.00066,41.66,0.843,0.00,0.00,50.32,0.0080,0.00,0.00,0.00,0.00,0.00,5.871,0.00,0.00,0.020
-93.78075879,42.02007010,F Fields (F1-F5),TaskName 6/2/2025 (GreenStar 4 Monitor),32%zidua/sharpen,1043,6/2/2025,1.000,On,1119.7,121.25,0.00,4.960,7.267,4.801,95.59,41.99,42.00,0,8,72.82,6/2/2025,Good,16.80,0.0027,6.300,0.00100,0.00,0.00,0.00,8.400,0.0013,4.200,0.00066,41.73,0.844,0.00,0.00,50.40,0.0080,0.00,0.00,0.00,0.00,0.00,5.880,0.00,0.00,0.020
-93.78073218,42.02006799,F Fields (F1-F5),TaskName 6/2/2025 (GreenStar 4 Monitor),32%zidua/sharpen,1044,6/2/2025,1.000,On,1119.8,121.25,0.00,4.980,7.297,4.522,95.22,41.99,41.75,0,8,73.12,6/2/2025,Good,16.70,0.0027,6.263,0.00099,0.00,0.00,0.00,8.351,0.0013,4.175,0.00066,41.48,0.843,0.00,0.00,50.10,0.0080,0.00,0.00,0.00,0.00,0.00,5.845,0.00,0.00,0.020
-93.78070524,42.02006621,F Fields (F1-F5),TaskName 6/2/2025 (GreenStar 4 Monitor),32%zidua/sharpen,1045,6/2/2025,0.995,On,1120.0,121.25,0.00,4.983,7.260,4.326,95.39,41.99,41.51,0,8,73.12,6/2/2025,Good,16.61,0.0026,6.227,0.00098,0.00,0.00,0.00,8.303,0.0013,4.151,0.00066,41.24,0.834,0.00,0.00,49.82,0.0079,0.00,0.00,0.00,0.00,0.00,5.812,0.00,0.00,0.020
-93.78067865,42.02006447,F Fields (F1-F5),TaskName 6/2/2025 (GreenStar 4 Monitor),32%zidua/sharpen,1046,6/2/2025,1.005,On,1120.2,121.25,0.00,4.977,7.329,5.179,95.61,41.99,42.02,0,8,73.08,6/2/2025,Good,16.81,0.0027,6.302,0.0010,0.00,0.00,0.00,8.403,0.0013,4.202,0.00067,41.74,0.852,0.00,0.00,50.42,0.0080,0.00,0.00,0.00,0.00,0.00,5.882,0.00,0.00,0.020
-93.78065213,42.02006261,F Fields (F1-F5),TaskName 6/2/2025 (GreenStar 4 Monitor),32%zidua/sharpen,1047,6/2/2025,1.000,On,1120.4,121.25,0.00,4.914,7.198,5.333,95.76,41.99,42.42,0,8,72.13,6/2/2025,Good,16.97,0.0027,6.364,0.00100,0.00,0.00,0.00,8.485,0.0013,4.242,0.00066,42.15,0.844,0.00,0.00,50.91,0.0080,0.00,0.00,0.00,0.00,0.00,5.939,0.00,0.00,0.020
-93.78062569,42.02006053,F Fields (F1-F5),TaskName 6/2/2025 (GreenStar 4 Monitor),32%zidua/sharpen,1048,6/2/2025,1.000,On,1120.6,121.25,0.00,4.963,7.274,5.162,95.61,41.99,42.16,0,8,72.89,6/2/2025,Good,16.86,0.0027,6.323,0.0010,0.00,0.00,0.00,8.431,0.0013,4.216,0.00067,41.88,0.848,0.00,0.00,50.59,0.0080,0.00,0.00,0.00,0.00,0.00,5.902,0.00,0.00,0.020
-93.78059891,42.02005853,F Fields (F1-F5),TaskName 6/2/2025 (GreenStar 4 Monitor),32%zidua/sharpen,1049,6/2/2025,0.995,On,1120.8,121.25,0.00,4.942,7.205,5.041,95.61,41.99,42.18,0,8,72.56,6/2/2025,Good,16.87,0.0026,6.328,0.00099,0.00,0.00,0.00,8.437,0.0013,4.218,0.00066,41.91,0.840,0.00,0.00,50.62,0.0079,0.00,0.00,0.00,0.00,0.00,5.906,0.00,0.00,0.020
-93.78057213,42.02005663,F Fields (F1-F5),TaskName 6/2/2025 (GreenStar 4 Monitor),32%zidua/sharpen,1050,6/2/2025,1.005,On,1121.0,121.25,0.00,4.979,7.329,4.376,95.81,41.99,41.78,0,8,73.08,6/2/2025,Good,16.71,0.0027,6.268,0.00100,0.00,0.00,0.00,8.357,0.0013,4.178,0.00067,41.51,0.847,0.00,0.00,50.14,0.0080,0.00,0.00,0.00,0.00,0.00,5.850,0.00,0.00,0.020
-93.78054550,42.02005472,F Fields (F1-F5),TaskName 6/2/2025 (GreenStar 4 Monitor),32%zidua/sharpen,1051,6/2/2025,1.000,On,1121.1,121.25,0.00,4.985,7.300,4.385,95.92,41.99,41.58,0,8,73.15,6/2/2025,Good,16.63,0.0026,6.237,0.00099,0.00,0.00,0.00,8.317,0.0013,4.158,0.00066,41.31,0.839,0.00,0.00,49.90,0.0079,0.00,0.00,0.00,0.00,0.00,5.822,0.00,0.00,0.020
-93.78051849,42.02005246,F Fields (F1-F5),TaskName 6/2/2025 (GreenStar 4 Monitor),32%zidua/sharpen,1052,6/2/2025,1.000,On,1121.2,121.25,0.00,4.983,7.307,4.241,95.62,41.99,41.71,0,8,73.22,6/2/2025,Good,16.68,0.0027,6.256,0.00099,0.00,0.00,0.00,8.341,0.0013,4.171,0.00066,41.44,0.843,0.00,0.00,50.05,0.0080,0.00,0.00,0.00,0.00,0.00,5.839,0.00,0.00,0.020
-93.78049158,42.02005047,F Fields (F1-F5),TaskName 6/2/2025 (GreenStar 4 Monitor),32%zidua/sharpen,1053,6/2/2025,1.000,On,1121.2,121.25,0.00,5.038,7.392,4.056,95.58,41.99,41.42,0,8,74.07,6/2/2025,Good,16.57,0.0027,6.212,0.00100,0.00,0.00,0.00,8.283,0.0013,4.142,0.00067,41.15,0.847,0.00,0.00,49.70,0.0080,0.00,0.00,0.00,0.00,0.00,5.798,0.00,0.00,0.021
-93.78046439,42.02004850,F Fields (F1-F5),TaskName 6/2/2025 (GreenStar 4 Monitor),32%zidua/sharpen,1054,6/2/2025,1.000,On,1121.3,121.25,0.00,5.016,7.359,4.138,95.76,41.99,41.63,0,8,73.74,6/2/2025,Good,16.65,0.0027,6.244,0.00100,0.00,0.00,0.00,8.326,0.0013,4.163,0.00067,41.36,0.847,0.00,0.00,49.95,0.0080,0.00,0.00,0.00,0.00,0.00,5.828,0.00,0.00,0.020
-93.78043732,42.02004621,F Fields (F1-F5),TaskName 6/2/2025 (GreenStar 4 Monitor),32%zidua/sharpen,1055,6/2/2025,0.995,On,1121.4,121.25,0.00,5.034,7.349,3.862,95.32,41.99,41.64,0,8,74.01,6/2/2025,Good,16.66,0.0027,6.246,0.00100,0.00,0.00,0.00,8.328,0.0013,4.164,0.00067,41.37,0.846,0.00,0.00,49.97,0.0080,0.00,0.00,0.00,0.00,0.00,5.830,0.00,0.00,0.020
-93.78041042,42.02004426,F Fields (F1-F5),TaskName 6/2/2025 (GreenStar 4 Monitor),32%zidua/sharpen,1056,6/2/2025,1.005,On,1121.5,121.25,0.00,5.050,7.448,3.958,94.93,41.99,41.65,0,8,74.26,6/2/2025,Good,16.66,0.0027,6.248,0.0010,0.00,0.00,0.00,8.330,0.0013,4.165,0.00067,41.38,0.858,0.00,0.00,49.98,0.0081,0.00,0.00,0.00,0.00,0.00,5.831,0.00,0.00,0.021
-93.78038349,42.02004227,F Fields (F1-F5),TaskName 6/2/2025 (GreenStar 4 Monitor),32%zidua/sharpen,1057,6/2/2025,0.995,On,1121.7,121.25,0.00,5.008,7.303,4.078,94.48,41.99,41.86,0,8,73.55,6/2/2025,Good,16.75,0.0027,6.280,0.00100,0.00,0.00,0.00,8.373,0.0013,4.186,0.00066,41.59,0.845,0.00,0.00,50.24,0.0080,0.00,0.00,0.00,0.00,0.00,5.861,0.00,0.00,0.020
-93.78035673,42.02004069,F Fields (F1-F5),TaskName 6/2/2025 (GreenStar 4 Monitor),32%zidua/sharpen,1058,6/2/2025,1.005,On,1121.8,121.25,0.00,5.015,7.395,4.187,94.18,41.99,41.78,0,8,73.73,6/2/2025,Good,16.71,0.0027,6.267,0.0010,0.00,0.00,0.00,8.356,0.0013,4.178,0.00067,41.51,0.854,0.00,0.00,50.13,0.0081,0.00,0.00,0.00,0.00,0.00,5.849,0.00,0.00,0.021
-93.78032988,42.02003899,F Fields (F1-F5),TaskName 6/2/2025 (GreenStar 4 Monitor),32%zidua/sharpen,1059,6/2/2025,0.995,On,1122.0,121.25,0.00,4.964,7.247,4.302,93.57,41.99,41.95,0,8,72.99,6/2/2025,Good,16.78,0.0026,6.293,0.00099,0.00,0.00,0.00,8.391,0.0013,4.195,0.00066,41.68,0.841,0.00,0.00,50.35,0.0079,0.00,0.00,0.00,0.00,0.00,5.874,0.00,0.00,0.020
-93.78030304,42.02003759,F Fields (F1-F5),TaskName 6/2/2025 (GreenStar 4 Monitor),32%zidua/sharpen,1060,6/2/2025,1.005,On,1122.1,121.25,0.00,4.992,7.359,4.257,92.90,41.99,42.03,0,8,73.37,6/2/2025,Good,16.81,0.0027,6.305,0.0010,0.00,0.00,0.00,8.406,0.0013,4.203,0.00067,41.76,0.855,0.00,0.00,50.44,0.0081,0.00,0.00,0.00,0.00,0.00,5.884,0.00,0.00,0.020
-93.78027623,42.02003660,F Fields (F1-F5),TaskName 6/2/2025 (GreenStar 4 Monitor),32%zidua/sharpen,1061,6/2/2025,1.000,On,1122.3,121.25,0.00,4.984,7.313,4.255,92.79,41.99,41.93,0,8,73.28,6/2/2025,Good,16.77,0.0027,6.290,0.0010,0.00,0.00,0.00,8.387,0.0013,4.193,0.00067,41.66,0.848,0.00,0.00,50.32,0.0080,0.00,0.00,0.00,0.00,0.00,5.871,0.00,0.00,0.020
-93.78024921,42.02003589,F Fields (F1-F5),TaskName 6/2/2025 (GreenStar 4 Monitor),32%zidua/sharpen,1062,6/2/2025,1.000,On,1122.5,121.25,0.00,4.987,7.316,4.196,93.08,41.99,42.04,0,8,73.31,6/2/2025,Good,16.82,0.0027,6.306,0.0010,0.00,0.00,0.00,8.408,0.0013,4.204,0.00067,41.77,0.851,0.00,0.00,50.45,0.0080,0.00,0.00,0.00,0.00,0.00,5.886,0.00,0.00,0.020
-93.78022271,42.02003474,F Fields (F1-F5),TaskName 6/2/2025 (GreenStar 4 Monitor),32%zidua/sharpen,1063,6/2/2025,1.000,On,1122.6,121.25,0.00,4.996,7.329,4.693,92.93,41.99,42.06,0,8,73.45,6/2/2025,Good,16.83,0.0027,6.310,0.0010,0.00,0.00,0.00,8.413,0.0013,4.206,0.00067,41.79,0.853,0.00,0.00,50.48,0.0080,0.00,0.00,0.00,0.00,0.00,5.889,0.00,0.00,0.020
-93.78019570,42.02003363,F Fields (F1-F5),TaskName 6/2/2025 (GreenStar 4 Monitor),32%zidua/sharpen,1064,6/2/2025,1.000,On,1122.8,121.25,0.00,4.950,7.264,4.989,92.50,41.99,42.41,0,8,72.79,6/2/2025,Good,16.97,0.0027,6.362,0.0010,0.00,0.00,0.00,8.483,0.0013,4.241,0.00067,42.14,0.852,0.00,0.00,50.90,0.0080,0.00,0.00,0.00,0.00,0.00,5.938,0.00,0.00,0.020
-93.78016860,42.02003239,F Fields (F1-F5),TaskName 6/2/2025 (GreenStar 4 Monitor),32%zidua/sharpen,1065,6/2/2025,0.995,On,1122.9,121.25,0.00,5.004,7.303,4.756,91.65,41.99,42.14,0,8,73.55,6/2/2025,Good,16.86,0.0027,6.321,0.0010,0.00,0.00,0.00,8.428,0.0013,4.214,0.00067,41.87,0.851,0.00,0.00,50.57,0.0080,0.00,0.00,0.00,0.00,0.00,5.900,0.00,0.00,0.020
-93.78014174,42.02003151,F Fields (F1-F5),TaskName 6/2/2025 (GreenStar 4 Monitor),32%zidua/sharpen,1066,6/2/2025,1.005,On,1123.1,121.25,0.00,5.015,7.392,4.388,90.75,41.99,41.75,0,8,73.70,6/2/2025,Good,16.70,0.0027,6.262,0.0010,0.00,0.00,0.00,8.350,0.0013,4.175,0.00067,41.48,0.853,0.00,0.00,50.10,0.0081,0.00,0.00,0.00,0.00,0.00,5.845,0.00,0.00,0.021
-93.78011466,42.02003086,F Fields (F1-F5),TaskName 6/2/2025 (GreenStar 4 Monitor),32%zidua/sharpen,1067,6/2/2025,0.995,On,1123.2,121.25,0.00,4.982,7.270,4.146,89.71,41.99,41.43,0,8,73.22,6/2/2025,Good,16.57,0.0026,6.215,0.00098,0.00,0.00,0.00,8.286,0.0013,4.143,0.00066,41.16,0.833,0.00,0.00,49.72,0.0079,0.00,0.00,0.00,0.00,0.00,5.801,0.00,0.00,0.020
-93.78008782,42.02003060,F Fields (F1-F5),TaskName 6/2/2025 (GreenStar 4 Monitor),32%zidua/sharpen,1068,6/2/2025,1.005,On,1123.3,121.25,0.00,5.018,7.395,4.107,88.54,41.99,41.33,0,8,73.73,6/2/2025,Good,16.53,0.0027,6.199,0.00100,0.00,0.00,0.00,8.266,0.0013,4.133,0.00066,41.06,0.845,0.00,0.00,49.60,0.0080,0.00,0.00,0.00,0.00,0.00,5.786,0.00,0.00,0.021
-93.78006072,42.02003058,F Fields (F1-F5),TaskName 6/2/2025 (GreenStar 4 Monitor),32%zidua/sharpen,1069,6/2/2025,0.995,On,1123.5,121.25,0.00,4.999,7.297,4.383,86.28,41.99,41.31,0,8,73.48,6/2/2025,Good,16.52,0.0026,6.197,0.00098,0.00,0.00,0.00,8.262,0.0013,4.131,0.00066,41.04,0.834,0.00,0.00,49.57,0.0079,0.00,0.00,0.00,0.00,0.00,5.784,0.00,0.00,0.020
-93.78003601,42.02003055,F Fields (F1-F5),TaskName 6/2/2025 (GreenStar 4 Monitor),32%zidua/sharpen,1070,6/2/2025,1.000,On,1123.6,121.25,0.00,4.934,7.238,3.491,82.61,41.99,40.23,0,8,72.52,6/2/2025,Good,16.09,0.0025,6.035,0.00095,0.00,0.00,0.00,8.047,0.0013,4.023,0.00063,39.97,0.805,0.00,0.00,48.28,0.0076,0.00,0.00,0.00,0.00,0.00,5.633,0.00,0.00,0.020
-93.78001510,42.02003167,F Fields (F1-F5),TaskName 6/2/2025 (GreenStar 4 Monitor),32%zidua/sharpen,1071,6/2/2025,1.005,On,1123.7,121.25,0.00,4.297,6.319,4.594,79.44,41.99,44.19,0,8,63.00,6/2/2025,Good,17.68,0.0024,6.629,0.00091,0.00,0.00,0.00,8.838,0.0012,4.419,0.00061,43.90,0.772,0.00,0.00,53.03,0.0073,0.00,0.00,0.00,0.00,0.00,6.187,0.00,0.00,0.018
-93.77999323,42.02003411,F Fields (F1-F5),TaskName 6/2/2025 (GreenStar 4 Monitor),32%zidua/sharpen,1072,6/2/2025,1.000,On,1123.8,121.25,0.00,3.999,5.866,4.226,76.60,41.99,46.61,0,8,58.78,6/2/2025,Good,18.64,0.0024,6.991,0.00089,0.00,0.00,0.00,9.322,0.0012,4.661,0.00059,46.31,0.756,0.00,0.00,55.93,0.0071,0.00,0.00,0.00,0.00,0.00,6.525,0.00,0.00,0.016
-93.77997247,42.02003663,F Fields (F1-F5),TaskName 6/2/2025 (GreenStar 4 Monitor),32%zidua/sharpen,1073,6/2/2025,0.995,On,1123.9,121.25,0.00,4.093,5.978,3.874,72.41,41.99,44.18,0,8,60.20,6/2/2025,Good,17.67,0.0023,6.627,0.00086,0.00,0.00,0.00,8.835,0.0011,4.418,0.00057,43.89,0.730,0.00,0.00,53.01,0.0069,0.00,0.00,0.00,0.00,0.00,6.185,0.00,0.00,0.017
-93.77995214,42.02004012,F Fields (F1-F5),TaskName 6/2/2025 (GreenStar 4 Monitor),32%zidua/sharpen,1074,6/2/2025,1.000,On,1124.0,121.25,0.00,3.907,5.735,4.739,67.78,41.99,44.22,0,8,57.47,6/2/2025,Good,17.69,0.0022,6.634,0.00083,0.00,0.00,0.00,8.845,0.0011,4.422,0.00055,43.94,0.701,0.00,0.00,53.07,0.0066,0.00,0.00,0.00,0.00,0.00,6.191,0.00,0.00,0.016
-93.77993253,42.02004475,F Fields (F1-F5),TaskName 6/2/2025 (GreenStar 4 Monitor),32%zidua/sharpen,1075,6/2/2025,1.000,On,1124.1,121.25,0.00,3.899,5.722,4.863,63.27,41.99,44.11,0,8,57.34,6/2/2025,Good,17.64,0.0022,6.616,0.00082,0.00,0.00,0.00,8.821,0.0011,4.411,0.00055,43.82,0.698,0.00,0.00,52.93,0.0066,0.00,0.00,0.00,0.00,0.00,6.175,0.00,0.00,0.016
-93.77991277,42.02005084,F Fields (F1-F5),TaskName 6/2/2025 (GreenStar 4 Monitor),32%zidua/sharpen,1076,6/2/2025,1.000,On,1124.2,121.25,0.00,3.915,5.741,4.860,58.58,41.99,44.12,0,8,57.53,6/2/2025,Good,17.65,0.0022,6.618,0.00083,0.00,0.00,0.00,8.824,0.0011,4.412,0.00055,43.83,0.701,0.00,0.00,52.95,0.0066,0.00,0.00,0.00,0.00,0.00,6.177,0.00,0.00,0.016
-93.77989211,42.02005875,F Fields (F1-F5),TaskName 6/2/2025 (GreenStar 4 Monitor),32%zidua/sharpen,1077,6/2/2025,1.001,On,1124.2,121.25,0.00,4.133,6.063,5.143,53.48,41.99,42.85,0,8,60.69,6/2/2025,Good,17.14,0.0023,6.427,0.00085,0.00,0.00,0.00,8.570,0.0011,4.285,0.00056,42.57,0.718,0.00,0.00,51.42,0.0068,0.00,0.00,0.00,0.00,0.00,5.999,0.00,0.00,0.017
-93.77988385,42.02006249,F Fields (F1-F5),TaskName 6/2/2025 (GreenStar 4 Monitor),32%zidua/sharpen,1078,6/2/2025,0.399,On,1124.3,120.00,-0.625,4.355,2.556,5.497,51.43,41.99,42.68,0,8,63.54,6/2/2025,Good,17.07,0.00094,6.402,0.00035,0.00,0.00,0.00,8.536,0.00047,4.268,0.00023,42.40,0.299,0.00,0.00,51.22,0.0028,0.00,0.00,0.00,0.00,0.00,5.975,0.00,0.00,0.0070
-93.77987106,42.02006889,F Fields (F1-F5),TaskName 6/2/2025 (GreenStar 4 Monitor),32%zidua/sharpen,1079,6/2/2025,0.605,On,1124.3,118.75,-1.250,4.513,4.009,5.193,48.20,41.99,42.39,0,8,65.02,6/2/2025,Good,16.96,0.0014,6.359,0.00054,0.00,0.00,0.00,8.478,0.00072,4.239,0.00036,42.12,0.460,0.00,0.00,50.87,0.0043,0.00,0.00,0.00,0.00,0.00,5.935,0.00,0.00,0.011
-93.77986250,42.02007348,F Fields (F1-F5),TaskName 6/2/2025 (GreenStar 4 Monitor),32%zidua/sharpen,1080,6/2/2025,0.395,On,1124.4,117.50,-1.875,4.723,2.737,4.624,45.94,41.99,42.22,0,8,67.28,6/2/2025,Good,16.89,0.00097,6.333,0.00037,0.00,0.00,0.00,8.444,0.00049,4.222,0.00024,41.95,0.310,0.00,0.00,50.67,0.0029,0.00,0.00,0.00,0.00,0.00,5.911,0.00,0.00,0.0074
-93.77985442,42.02007850,F Fields (F1-F5),TaskName 6/2/2025 (GreenStar 4 Monitor),32%zidua/sharpen,1081,6/2/2025,0.405,On,1124.4,116.25,-2.500,4.850,2.885,5.093,43.86,41.99,42.14,0,8,68.43,6/2/2025,Good,16.85,0.0010,6.320,0.00038,0.00,0.00,0.00,8.427,0.00051,4.214,0.00025,41.86,0.322,0.00,0.00,50.56,0.0030,0.00,0.00,0.00,0.00,0.00,5.899,0.00,0.00,0.0077
-93.77983860,42.02008918,F Fields (F1-F5),TaskName 6/2/2025 (GreenStar 4 Monitor),32%zidua/sharpen,1082,6/2/2025,0.800,On,1124.5,115.00,-3.125,4.945,5.805,4.452,39.26,41.99,42.86,0,8,68.97,6/2/2025,Good,17.14,0.0021,6.429,0.00077,0.00,0.00,0.00,8.572,0.0010,4.286,0.00051,42.58,0.653,0.00,0.00,51.43,0.0062,0.00,0.00,0.00,0.00,0.00,6.001,0.00,0.00,0.015
-93.77982062,42.02010348,F Fields (F1-F5),TaskName 6/2/2025 (GreenStar 4 Monitor),32%zidua/sharpen,1083,6/2/2025,0.995,On,1124.6,113.75,-3.750,4.979,7.267,4.182,33.75,41.99,43.61,0,8,68.66,6/2/2025,Good,17.44,0.0026,6.542,0.00097,0.00,0.00,0.00,8.722,0.0013,4.361,0.00065,43.33,0.822,0.00,0.00,52.33,0.0078,0.00,0.00,0.00,0.00,0.00,6.106,0.00,0.00,0.019
-93.77980594,42.02011823,F Fields (F1-F5),TaskName 6/2/2025 (GreenStar 4 Monitor),32%zidua/sharpen,1084,6/2/2025,1.005,On,1124.8,113.75,-3.750,4.812,7.093,4.852,30.09,41.99,47.45,0,8,66.35,6/2/2025,Good,18.98,0.0027,7.117,0.0010,0.00,0.00,0.00,9.489,0.0014,4.745,0.00069,47.14,0.873,0.00,0.00,56.93,0.0082,0.00,0.00,0.00,0.00,0.00,6.642,0.00,0.00,0.019
-93.77979808,42.02012775,F Fields (F1-F5),TaskName 6/2/2025 (GreenStar 4 Monitor),32%zidua/sharpen,1085,6/2/2025,0.596,On,1124.8,113.75,-3.750,4.598,4.015,5.124,28.60,41.99,50.34,0,8,63.33,6/2/2025,Over Target,20.14,0.0016,7.551,0.00062,0.00,0.00,0.00,10.07,0.00082,5.034,0.00041,50.02,0.524,0.00,0.00,60.41,0.0049,0.00,0.00,0.00,0.00,0.00,7.048,0.00,0.00,0.010
-93.77979010,42.02013749,F Fields (F1-F5),TaskName 6/2/2025 (GreenStar 4 Monitor),32%zidua/sharpen,1086,6/2/2025,0.600,On,1124.9,115.00,-3.125,4.640,4.091,4.977,26.91,41.99,49.60,0,8,64.80,6/2/2025,Over Target,19.84,0.0017,7.439,0.00063,0.00,0.00,0.00,9.919,0.00084,4.960,0.00042,49.27,0.532,0.00,0.00,59.51,0.0050,0.00,0.00,0.00,0.00,0.00,6.943,0.00,0.00,0.011
-93.77978278,42.02014719,F Fields (F1-F5),TaskName 6/2/2025 (GreenStar 4 Monitor),32%zidua/sharpen,1087,6/2/2025,0.599,On,1124.9,116.25,-2.500,4.692,4.123,4.525,26.13,41.99,47.23,0,8,66.14,6/2/2025,Good,18.89,0.0016,7.084,0.00061,0.00,0.00,0.00,9.446,0.00081,4.723,0.00041,46.92,0.516,0.00,0.00,56.67,0.0049,0.00,0.00,0.00,0.00,0.00,6.612,0.00,0.00,0.011
-93.77978040,42.02015038,F Fields (F1-F5),TaskName 6/2/2025 (GreenStar 4 Monitor),32%zidua/sharpen,1088,6/2/2025,0.200,On,1124.9,117.50,-1.875,4.671,1.370,4.848,25.97,41.99,47.00,0,8,66.52,6/2/2025,Good,18.80,0.00054,7.049,0.00020,0.00,0.00,0.00,9.399,0.00027,4.700,0.00014,46.69,0.173,0.00,0.00,56.40,0.0016,0.00,0.00,0.00,0.00,0.00,6.579,0.00,0.00,0.0037
-93.77977814,42.02015363,F Fields (F1-F5),TaskName 6/2/2025 (GreenStar 4 Monitor),32%zidua/sharpen,1089,6/2/2025,0.201,On,1124.9,115.00,-1.168,4.646,1.364,5.264,26.04,41.99,47.30,0,8,64.47,6/2/2025,Good,18.92,0.00053,7.094,0.00020,0.00,0.00,0.00,9.459,0.00027,4.730,0.00013,46.99,0.169,0.00,0.00,56.75,0.0016,0.00,0.00,0.00,0.00,0.00,6.621,0.00,0.00,0.0036
-93.77977601,42.02015705,F Fields (F1-F5),TaskName 6/2/2025 (GreenStar 4 Monitor),32%zidua/sharpen,1090,6/2/2025,0.204,On,1125.0,111.25,-0.084,4.610,1.386,5.184,26.40,41.99,47.35,0,8,62.49,6/2/2025,Good,18.94,0.00052,7.102,0.00020,0.00,0.00,0.00,9.470,0.00026,4.735,0.00013,47.04,0.167,0.00,0.00,56.82,0.0016,0.00,0.00,0.00,0.00,0.00,6.629,0.00,0.00,0.0035
-93.77977393,42.02016060,F Fields (F1-F5),TaskName 6/2/2025 (GreenStar 4 Monitor),32%zidua/sharpen,1091,6/2/2025,0.195,On,1125.0,108.75,0.589,4.601,1.318,4.947,26.96,41.99,47.48,0,8,60.73,6/2/2025,Good,18.99,0.00049,7.122,0.00018,0.00,0.00,0.00,9.495,0.00024,4.748,0.00012,47.17,0.155,0.00,0.00,56.97,0.0015,0.00,0.00,0.00,0.00,0.00,6.647,0.00,0.00,0.0033
-93.77977190,42.02016408,F Fields (F1-F5),TaskName 6/2/2025 (GreenStar 4 Monitor),32%zidua/sharpen,1092,6/2/2025,0.200,On,1125.0,102.50,2.332,4.637,1.360,4.729,27.59,41.99,46.25,0,8,57.61,6/2/2025,Good,18.50,0.00046,6.937,0.00017,0.00,0.00,0.00,9.250,0.00023,4.625,0.00012,45.95,0.147,0.00,0.00,55.50,0.0014,0.00,0.00,0.00,0.00,0.00,6.475,0.00,0.00,0.0032
-93.77976985,42.02016762,F Fields (F1-F5),TaskName 6/2/2025 (GreenStar 4 Monitor),32%zidua/sharpen,1093,6/2/2025,0.200,On,1125.0,100.00,4.140,4.684,1.373,4.821,28.24,41.99,44.94,0,8,56.75,6/2/2025,Good,17.98,0.00044,6.742,0.00017,0.00,0.00,0.00,8.989,0.00022,4.494,0.00011,44.65,0.141,0.00,0.00,53.93,0.0013,0.00,0.00,0.00,0.00,0.00,6.292,0.00,0.00,0.0032
-93.77976761,42.02017118,F Fields (F1-F5),TaskName 6/2/2025 (GreenStar 4 Monitor),32%zidua/sharpen,1094,6/2/2025,0.200,On,1125.1,95.00,5.625,4.718,1.383,4.544,28.93,41.99,44.73,0,8,54.30,6/2/2025,Good,17.89,0.00042,6.709,0.00016,0.00,0.00,0.00,8.946,0.00021,4.473,0.00011,44.44,0.134,0.00,0.00,53.68,0.0013,0.00,0.00,0.00,0.00,0.00,6.262,0.00,0.00,0.0030
-93.77976550,42.02017475,F Fields (F1-F5),TaskName 6/2/2025 (GreenStar 4 Monitor),32%zidua/sharpen,1095,6/2/2025,0.200,On,1125.0,91.25,6.472,4.760,1.396,4.524,29.63,41.99,44.15,0,8,52.65,6/2/2025,Good,17.66,0.00040,6.623,0.00015,0.00,0.00,0.00,8.831,0.00020,4.415,0.00010,43.87,0.128,0.00,0.00,52.98,0.0012,0.00,0.00,0.00,0.00,0.00,6.181,0.00,0.00,0.0029
-93.77976336,42.02017818,F Fields (F1-F5),TaskName 6/2/2025 (GreenStar 4 Monitor),32%zidua/sharpen,1096,6/2/2025,0.205,On,1125.1,87.50,7.678,4.805,1.446,4.359,30.36,41.99,43.69,0,8,50.99,6/2/2025,Good,17.48,0.00040,6.554,0.00015,0.00,0.00,0.00,8.739,0.00020,4.369,9.912e-05,43.41,0.126,0.00,0.00,52.43,0.0012,0.00,0.00,0.00,0.00,0.00,6.117,0.00,0.00,0.0029
-93.77976116,42.02018171,F Fields (F1-F5),TaskName 6/2/2025 (GreenStar 4 Monitor),32%zidua/sharpen,1097,6/2/2025,0.195,On,1125.1,83.75,8.936,4.814,1.377,4.214,31.08,41.99,43.46,0,8,48.86,6/2/2025,Good,17.38,0.00036,6.519,0.00013,0.00,0.00,0.00,8.692,0.00018,4.346,8.986e-05,43.18,0.114,0.00,0.00,52.15,0.0011,0.00,0.00,0.00,0.00,0.00,6.084,0.00,0.00,0.0026
-93.77975888,42.02018520,F Fields (F1-F5),TaskName 6/2/2025 (GreenStar 4 Monitor),32%zidua/sharpen,1098,6/2/2025,0.200,On,1125.1,80.00,10.25,4.807,1.409,4.465,31.76,41.99,43.69,0,8,46.59,6/2/2025,Good,17.48,0.00035,6.554,0.00013,0.00,0.00,0.00,8.739,0.00018,4.369,8.836e-05,43.41,0.112,0.00,0.00,52.43,0.0011,0.00,0.00,0.00,0.00,0.00,6.117,0.00,0.00,0.0026
-93.77975658,42.02018853,F Fields (F1-F5),TaskName 6/2/2025 (GreenStar 4 Monitor),32%zidua/sharpen,1099,6/2/2025,0.200,On,1125.1,77.50,12.40,4.812,1.413,4.669,32.39,41.99,44.41,0,8,45.24,6/2/2025,Good,17.76,0.00035,6.661,0.00013,0.00,0.00,0.00,8.882,0.00017,4.441,8.720e-05,44.12,0.111,0.00,0.00,53.29,0.0010,0.00,0.00,0.00,0.00,0.00,6.217,0.00,0.00,0.0025
-93.77975416,42.02019176,F Fields (F1-F5),TaskName 6/2/2025 (GreenStar 4 Monitor),32%zidua/sharpen,1100,6/2/2025,0.200,On,1125.1,73.75,13.88,4.794,1.406,4.511,32.93,41.99,45.02,0,8,42.85,6/2/2025,Good,18.01,0.00033,6.753,0.00013,0.00,0.00,0.00,9.004,0.00017,4.502,8.373e-05,44.73,0.106,0.00,0.00,54.02,0.0010,0.00,0.00,0.00,0.00,0.00,6.303,0.00,0.00,0.0024
-93.77975166,42.02019508,F Fields (F1-F5),TaskName 6/2/2025 (GreenStar 4 Monitor),32%zidua/sharpen,1101,6/2/2025,0.196,On,1125.1,72.50,14.12,4.747,1.364,4.412,33.44,41.99,45.80,0,8,41.68,6/2/2025,Good,18.32,0.00032,6.870,0.00012,0.00,0.00,0.00,9.160,0.00016,4.580,8.120e-05,45.50,0.103,0.00,0.00,54.96,0.00097,0.00,0.00,0.00,0.00,0.00,6.412,0.00,0.00,0.0023
-93.77974901,42.02019835,F Fields (F1-F5),TaskName 6/2/2025 (GreenStar 4 Monitor),32%zidua/sharpen,1102,6/2/2025,0.204,On,1125.2,68.75,15.68,4.715,1.413,4.425,33.90,41.99,46.39,0,8,39.35,6/2/2025,Good,18.55,0.00032,6.958,0.00012,0.00,0.00,0.00,9.277,0.00016,4.639,8.080e-05,46.09,0.103,0.00,0.00,55.66,0.00097,0.00,0.00,0.00,0.00,0.00,6.494,0.00,0.00,0.0022
-93.77974631,42.02020165,F Fields (F1-F5),TaskName 6/2/2025 (GreenStar 4 Monitor),32%zidua/sharpen,1103,6/2/2025,0.201,On,1125.2,66.25,18.16,4.718,1.390,4.742,34.40,41.99,47.17,0,8,37.86,6/2/2025,Good,18.87,0.00031,7.075,0.00012,0.00,0.00,0.00,9.433,0.00016,4.717,7.789e-05,46.86,0.099,0.00,0.00,56.60,0.00093,0.00,0.00,0.00,0.00,0.00,6.603,0.00,0.00,0.0021
-93.77974363,42.02020496,F Fields (F1-F5),TaskName 6/2/2025 (GreenStar 4 Monitor),32%zidua/sharpen,1104,6/2/2025,0.200,On,1125.2,62.50,19.97,4.738,1.390,4.412,34.96,41.99,47.18,0,8,35.89,6/2/2025,Good,18.87,0.00029,7.077,0.00011,0.00,0.00,0.00,9.436,0.00015,4.718,7.350e-05,46.87,0.093,0.00,0.00,56.61,0.00088,0.00,0.00,0.00,0.00,0.00,6.605,0.00,0.00,0.0020
-93.77974100,42.02020822,F Fields (F1-F5),TaskName 6/2/2025 (GreenStar 4 Monitor),32%zidua/sharpen,1105,6/2/2025,0.200,On,1125.2,60.00,21.69,4.762,1.396,4.359,35.61,41.99,46.55,0,8,34.62,6/2/2025,Good,18.62,0.00028,6.982,0.00010,0.00,0.00,0.00,9.309,0.00014,4.655,6.994e-05,46.24,0.089,0.00,0.00,55.86,0.00084,0.00,0.00,0.00,0.00,0.00,6.517,0.00,0.00,0.0019
-93.77973819,42.02021140,F Fields (F1-F5),TaskName 6/2/2025 (GreenStar 4 Monitor),32%zidua/sharpen,1106,6/2/2025,0.199,On,1125.3,55.00,25.60,4.769,1.393,4.372,36.09,41.99,45.92,0,8,31.82,6/2/2025,Good,18.37,0.00025,6.887,9.464e-05,0.00,0.00,0.00,9.183,0.00013,4.592,6.310e-05,45.62,0.080,0.00,0.00,55.10,0.00076,0.00,0.00,0.00,0.00,0.00,6.428,0.00,0.00,0.0018
-93.77973537,42.02021457,F Fields (F1-F5),TaskName 6/2/2025 (GreenStar 4 Monitor),32%zidua/sharpen,1107,6/2/2025,0.201,On,1125.3,52.50,27.83,4.762,1.403,4.610,36.63,41.99,46.73,0,8,30.28,6/2/2025,Good,18.69,0.00025,7.009,9.259e-05,0.00,0.00,0.00,9.346,0.00012,4.673,6.173e-05,46.43,0.078,0.00,0.00,56.07,0.00074,0.00,0.00,0.00,0.00,0.00,6.542,0.00,0.00,0.0017
-93.77973264,42.02021773,F Fields (F1-F5),TaskName 6/2/2025 (GreenStar 4 Monitor),32%zidua/sharpen,1108,6/2/2025,0.200,On,1125.3,51.25,28.17,4.756,1.396,4.365,37.29,41.99,46.84,0,8,29.57,6/2/2025,Good,18.73,0.00024,7.025,9.017e-05,0.00,0.00,0.00,9.367,0.00012,4.684,6.011e-05,46.53,0.076,0.00,0.00,56.20,0.00072,0.00,0.00,0.00,0.00,0.00,6.557,0.00,0.00,0.0016
-93.77972993,42.02022099,F Fields (F1-F5),TaskName 6/2/2025 (GreenStar 4 Monitor),32%zidua/sharpen,1109,6/2/2025,0.199,On,1125.3,46.25,33.44,4.745,1.386,4.015,38.02,41.99,46.50,0,8,26.63,6/2/2025,Good,18.60,0.00021,6.976,8.023e-05,0.00,0.00,0.00,9.301,0.00011,4.650,5.348e-05,46.20,0.068,0.00,0.00,55.81,0.00064,0.00,0.00,0.00,0.00,0.00,6.511,0.00,0.00,0.0015
-93.77972727,42.02022423,F Fields (F1-F5),TaskName 6/2/2025 (GreenStar 4 Monitor),32%zidua/sharpen,1110,6/2/2025,0.200,On,1125.3,43.75,36.53,4.738,1.390,4.015,38.85,41.99,47.21,0,8,25.13,6/2/2025,Good,18.88,0.00021,7.082,7.722e-05,0.00,0.00,0.00,9.442,0.00010,4.721,5.148e-05,46.90,0.065,0.00,0.00,56.65,0.00062,0.00,0.00,0.00,0.00,0.00,6.609,0.00,0.00,0.0014
-93.77972448,42.02022738,F Fields (F1-F5),TaskName 6/2/2025 (GreenStar 4 Monitor),32%zidua/sharpen,1111,6/2/2025,0.200,On,1125.3,41.25,40.00,4.736,1.390,4.015,39.44,41.99,47.02,0,8,23.69,6/2/2025,Good,18.81,0.00019,7.053,7.251e-05,0.00,0.00,0.00,9.404,9.669e-05,4.702,4.834e-05,46.71,0.061,0.00,0.00,56.42,0.00058,0.00,0.00,0.00,0.00,0.00,6.582,0.00,0.00,0.0013
-93.77972153,42.02023036,F Fields (F1-F5),TaskName 6/2/2025 (GreenStar 4 Monitor),32%zidua/sharpen,1112,6/2/2025,0.200,On,1125.3,38.75,41.25,4.724,1.386,4.101,39.95,41.99,46.23,0,8,22.20,6/2/2025,Good,18.49,0.00018,6.934,6.682e-05,0.00,0.00,0.00,9.245,8.909e-05,4.623,4.454e-05,45.93,0.057,0.00,0.00,55.47,0.00053,0.00,0.00,0.00,0.00,0.00,6.472,0.00,0.00,0.0012
-93.77971889,42.02023327,F Fields (F1-F5),TaskName 6/2/2025 (GreenStar 4 Monitor),32%zidua/sharpen,1113,6/2/2025,0.200,On,1125.3,37.50,41.87,4.702,1.380,4.352,40.55,41.99,45.93,0,8,21.38,6/2/2025,Good,18.37,0.00017,6.889,6.394e-05,0.00,0.00,0.00,9.185,8.525e-05,4.593,4.262e-05,45.63,0.054,0.00,0.00,55.11,0.00051,0.00,0.00,0.00,0.00,0.00,6.430,0.00,0.00,0.0012
-93.77971608,42.02023621,F Fields (F1-F5),TaskName 6/2/2025 (GreenStar 4 Monitor),32%zidua/sharpen,1114,6/2/2025,0.200,On,1125.3,36.25,42.50,4.642,1.364,4.293,41.07,41.99,46.17,0,8,20.42,6/2/2025,Good,18.47,0.00016,6.926,6.140e-05,0.00,0.00,0.00,9.235,8.186e-05,4.617,4.093e-05,45.87,0.052,0.00,0.00,55.41,0.00049,0.00,0.00,0.00,0.00,0.00,6.464,0.00,0.00,0.0011
-93.77971281,42.02023919,F Fields (F1-F5),TaskName 6/2/2025 (GreenStar 4 Monitor),32%zidua/sharpen,1115,6/2/2025,0.200,On,1125.3,35.00,43.12,4.566,1.341,4.167,41.44,41.99,47.07,0,8,19.39,6/2/2025,Good,18.83,0.00016,7.061,5.942e-05,0.00,0.00,0.00,9.414,7.922e-05,4.707,3.961e-05,46.77,0.050,0.00,0.00,56.49,0.00048,0.00,0.00,0.00,0.00,0.00,6.590,0.00,0.00,0.0011
-93.77970964,42.02024211,F Fields (F1-F5),TaskName 6/2/2025 (GreenStar 4 Monitor),32%zidua/sharpen,1116,6/2/2025,0.200,On,1125.3,33.75,43.75,4.557,1.337,4.280,41.79,41.99,47.41,0,8,18.65,6/2/2025,Good,18.97,0.00015,7.112,5.757e-05,0.00,0.00,0.00,9.483,7.676e-05,4.741,3.838e-05,47.11,0.049,0.00,0.00,56.90,0.00046,0.00,0.00,0.00,0.00,0.00,6.638,0.00,0.00,0.0010
-93.77970640,42.02024501,F Fields (F1-F5),TaskName 6/2/2025 (GreenStar 4 Monitor),32%zidua/sharpen,1117,6/2/2025,0.200,On,1125.3,32.50,44.37,4.595,1.347,4.887,42.00,41.99,46.92,0,8,18.09,6/2/2025,Good,18.77,0.00015,7.038,5.527e-05,0.00,0.00,0.00,9.384,7.369e-05,4.692,3.684e-05,46.62,0.047,0.00,0.00,56.31,0.00044,0.00,0.00,0.00,0.00,0.00,6.569,0.00,0.00,0.0010
-93.77970304,42.02024783,F Fields (F1-F5),TaskName 6/2/2025 (GreenStar 4 Monitor),32%zidua/sharpen,1118,6/2/2025,0.200,On,1125.3,31.25,45.00,4.626,1.357,4.458,42.07,41.99,46.94,0,8,17.52,6/2/2025,Good,18.78,0.00014,7.041,5.355e-05,0.00,0.00,0.00,9.389,7.140e-05,4.694,3.570e-05,46.64,0.045,0.00,0.00,56.33,0.00043,0.00,0.00,0.00,0.00,0.00,6.572,0.00,0.00,0.00097
-93.77969958,42.02025072,F Fields (F1-F5),TaskName 6/2/2025 (GreenStar 4 Monitor),32%zidua/sharpen,1119,6/2/2025,0.201,On,1125.3,28.75,46.25,4.651,1.370,4.068,42.22,41.99,47.20,0,8,16.20,6/2/2025,Good,18.88,0.00013,7.080,5.002e-05,0.00,0.00,0.00,9.440,6.669e-05,4.720,3.334e-05,46.89,0.042,0.00,0.00,56.64,0.00040,0.00,0.00,0.00,0.00,0.00,6.608,0.00,0.00,0.00090
-93.77969613,42.02025361,F Fields (F1-F5),TaskName 6/2/2025 (GreenStar 4 Monitor),32%zidua/sharpen,1120,6/2/2025,0.200,On,1125.2,27.50,46.87,4.682,1.367,3.751,42.43,41.99,46.84,0,8,15.53,6/2/2025,Good,18.73,0.00013,7.025,4.736e-05,0.00,0.00,0.00,9.367,6.315e-05,4.684,3.157e-05,46.53,0.040,0.00,0.00,56.20,0.00038,0.00,0.00,0.00,0.00,0.00,6.557,0.00,0.00,0.00086
-93.77969270,42.02025652,F Fields (F1-F5),TaskName 6/2/2025 (GreenStar 4 Monitor),32%zidua/sharpen,1121,6/2/2025,0.200,On,1125.3,26.25,47.50,4.736,1.390,3.857,42.52,41.99,46.59,0,8,15.08,6/2/2025,Good,18.64,0.00012,6.989,4.573e-05,0.00,0.00,0.00,9.318,6.097e-05,4.659,3.048e-05,46.29,0.039,0.00,0.00,55.91,0.00037,0.00,0.00,0.00,0.00,0.00,6.523,0.00,0.00,0.00084
-93.77968909,42.02025938,F Fields (F1-F5),TaskName 6/2/2025 (GreenStar 4 Monitor),32%zidua/sharpen,1122,6/2/2025,0.199,On,1125.2,25.00,48.12,4.780,1.403,3.626,42.58,41.99,47.22,0,8,14.57,6/2/2025,Good,18.89,0.00012,7.083,4.455e-05,0.00,0.00,0.00,9.444,5.941e-05,4.722,2.970e-05,46.91,0.038,0.00,0.00,56.67,0.00036,0.00,0.00,0.00,0.00,0.00,6.611,0.00,0.00,0.00081
-93.77968570,42.02026236,F Fields (F1-F5),TaskName 6/2/2025 (GreenStar 4 Monitor),32%zidua/sharpen,1123,6/2/2025,0.201,On,1125.1,23.75,48.75,4.807,1.409,3.368,42.83,41.99,46.28,0,8,13.76,6/2/2025,Good,18.51,0.00011,6.942,4.168e-05,0.00,0.00,0.00,9.256,5.557e-05,4.628,2.779e-05,45.98,0.035,0.00,0.00,55.54,0.00033,0.00,0.00,0.00,0.00,0.00,6.479,0.00,0.00,0.00077
-93.77968252,42.02026518,F Fields (F1-F5),TaskName 6/2/2025 (GreenStar 4 Monitor),32%zidua/sharpen,1124,6/2/2025,0.199,On,1125.1,21.25,50.00,4.827,1.416,2.959,43.14,41.99,46.10,0,8,12.50,6/2/2025,Good,18.44,9.951e-05,6.915,3.732e-05,0.00,0.00,0.00,9.220,4.976e-05,4.610,2.488e-05,45.80,0.032,0.00,0.00,55.32,0.00030,0.00,0.00,0.00,0.00,0.00,6.454,0.00,0.00,0.00069
-93.77967940,42.02026795,F Fields (F1-F5),TaskName 6/2/2025 (GreenStar 4 Monitor),32%zidua/sharpen,1125,6/2/2025,0.200,On,1125.1,20.00,50.62,4.798,1.409,2.787,43.36,41.99,46.70,0,8,11.65,6/2/2025,Good,18.68,9.444e-05,7.005,3.541e-05,0.00,0.00,0.00,9.339,4.722e-05,4.670,2.361e-05,46.39,0.030,0.00,0.00,56.04,0.00028,0.00,0.00,0.00,0.00,0.00,6.538,0.00,0.00,0.00065
-93.77967618,42.02027056,F Fields (F1-F5),TaskName 6/2/2025 (GreenStar 4 Monitor),32%zidua/sharpen,1126,6/2/2025,0.205,On,1125.1,18.75,51.25,4.720,1.419,2.543,43.50,41.99,46.34,0,8,10.73,6/2/2025,Good,18.54,8.848e-05,6.952,3.318e-05,0.00,0.00,0.00,9.269,4.424e-05,4.634,2.212e-05,46.04,0.028,0.00,0.00,55.61,0.00027,0.00,0.00,0.00,0.00,0.00,6.488,0.00,0.00,0.00061
-93.77967310,42.02027310,F Fields (F1-F5),TaskName 6/2/2025 (GreenStar 4 Monitor),32%zidua/sharpen,1127,6/2/2025,0.195,On,1125.1,17.50,51.87,4.626,1.324,2.780,43.66,41.99,45.82,0,8,9.821,6/2/2025,Good,18.33,7.617e-05,6.873,2.856e-05,0.00,0.00,0.00,9.164,3.809e-05,4.582,1.904e-05,45.52,0.024,0.00,0.00,54.98,0.00023,0.00,0.00,0.00,0.00,0.00,6.415,0.00,0.00,0.00053
-93.77967014,42.02027557,F Fields (F1-F5),TaskName 6/2/2025 (GreenStar 4 Monitor),32%zidua/sharpen,1128,6/2/2025,0.200,On,1125.1,16.25,52.50,4.528,1.327,3.665,43.90,41.99,45.61,0,8,8.914,6/2/2025,Good,18.24,7.058e-05,6.841,2.647e-05,0.00,0.00,0.00,9.121,3.529e-05,4.561,1.764e-05,45.31,0.022,0.00,0.00,54.73,0.00021,0.00,0.00,0.00,0.00,0.00,6.385,0.00,0.00,0.00050
-93.77966399,42.02028063,F Fields (F1-F5),TaskName 6/2/2025 (GreenStar 4 Monitor),32%zidua/sharpen,1129,6/2/2025,0.400,On,1125.1,15.00,53.12,4.368,2.563,3.816,44.37,41.99,46.38,0,8,7.943,6/2/2025,Good,18.55,0.00013,6.957,4.797e-05,0.00,0.00,0.00,9.276,6.396e-05,4.638,3.198e-05,46.08,0.041,0.00,0.00,55.65,0.00038,0.00,0.00,0.00,0.00,0.00,6.493,0.00,0.00,0.00088
-93.77966088,42.02028307,F Fields (F1-F5),TaskName 6/2/2025 (GreenStar 4 Monitor),32%zidua/sharpen,1130,6/2/2025,0.200,On,1125.0,13.75,53.75,4.264,1.252,4.326,44.53,41.99,45.53,0,8,7.114,6/2/2025,Good,18.21,5.623e-05,6.830,2.109e-05,0.00,0.00,0.00,9.106,2.812e-05,4.553,1.406e-05,45.24,0.018,0.00,0.00,54.64,0.00017,0.00,0.00,0.00,0.00,0.00,6.374,0.00,0.00,0.00040
-93.77965772,42.02028560,F Fields (F1-F5),TaskName 6/2/2025 (GreenStar 4 Monitor),32%zidua/sharpen,1131,6/2/2025,0.200,On,1125.0,12.50,54.37,4.235,1.242,4.412,44.70,41.99,45.87,0,8,6.416,6/2/2025,Good,18.35,5.110e-05,6.881,1.916e-05,0.00,0.00,0.00,9.175,2.555e-05,4.587,1.277e-05,45.58,0.016,0.00,0.00,55.05,0.00015,0.00,0.00,0.00,0.00,0.00,6.422,0.00,0.00,0.00036
-93.77965454,42.02028814,F Fields (F1-F5),TaskName 6/2/2025 (GreenStar 4 Monitor),32%zidua/sharpen,1132,6/2/2025,0.195,On,1125.0,11.25,55.00,4.230,1.209,4.220,44.88,41.99,46.22,0,8,5.766,6/2/2025,Good,18.49,4.511e-05,6.932,1.692e-05,0.00,0.00,0.00,9.243,2.255e-05,4.622,1.128e-05,45.92,0.014,0.00,0.00,55.46,0.00014,0.00,0.00,0.00,0.00,0.00,6.470,0.00,0.00,0.00031
-93.77965113,42.02029074,F Fields (F1-F5),TaskName 6/2/2025 (GreenStar 4 Monitor),32%zidua/sharpen,1133,6/2/2025,0.205,On,1125.0,10.00,55.62,4.248,1.278,4.068,45.03,41.99,45.83,0,8,5.153,6/2/2025,Good,18.33,4.203e-05,6.875,1.576e-05,0.00,0.00,0.00,9.166,2.101e-05,4.583,1.051e-05,45.53,0.013,0.00,0.00,55.00,0.00013,0.00,0.00,0.00,0.00,0.00,6.416,0.00,0.00,0.00029
-93.77964778,42.02029337,F Fields (F1-F5),TaskName 6/2/2025 (GreenStar 4 Monitor),32%zidua/sharpen,1134,6/2/2025,0.200,On,1125.0,8.750,56.25,4.293,1.259,3.817,45.26,41.99,45.75,0,8,4.551,6/2/2025,Good,18.30,3.614e-05,6.862,1.355e-05,0.00,0.00,0.00,9.149,1.807e-05,4.575,9.035e-06,45.45,0.011,0.00,0.00,54.89,0.00011,0.00,0.00,0.00,0.00,0.00,6.404,0.00,0.00,0.00025
-93.77964106,42.02029874,F Fields (F1-F5),TaskName 6/2/2025 (GreenStar 4 Monitor),32%zidua/sharpen,1135,6/2/2025,0.400,On,1124.9,7.500,56.87,4.400,2.583,3.183,45.75,41.99,45.76,0,8,4.002,6/2/2025,Good,18.30,6.359e-05,6.864,2.385e-05,0.00,0.00,0.00,9.152,3.179e-05,4.576,1.590e-05,45.46,0.020,0.00,0.00,54.91,0.00019,0.00,0.00,0.00,0.00,0.00,6.406,0.00,0.00,0.00044
-93.77963763,42.02030136,F Fields (F1-F5),TaskName 6/2/2025 (GreenStar 4 Monitor),32%zidua/sharpen,1136,6/2/2025,0.200,On,1124.9,6.250,57.50,4.483,1.314,2.827,45.92,41.99,45.38,0,8,3.394,6/2/2025,Good,18.15,2.674e-05,6.807,1.003e-05,0.00,0.00,0.00,9.076,1.337e-05,4.538,6.686e-06,45.09,0.0085,0.00,0.00,54.46,8.023e-05,0.00,0.00,0.00,0.00,0.00,6.353,0.00,0.00,0.00019
-93.77963400,42.02030391,F Fields (F1-F5),TaskName 6/2/2025 (GreenStar 4 Monitor),32%zidua/sharpen,1137,6/2/2025,0.200,On,1124.9,5.000,58.12,4.516,1.324,2.496,46.02,41.99,45.09,0,8,2.736,6/2/2025,Good,18.04,2.142e-05,6.764,8.032e-06,0.00,0.00,0.00,9.019,1.071e-05,4.509,5.355e-06,44.80,0.0068,0.00,0.00,54.11,6.425e-05,0.00,0.00,0.00,0.00,0.00,6.313,0.00,0.00,0.00015
-93.77963071,42.02030639,F Fields (F1-F5),TaskName 6/2/2025 (GreenStar 4 Monitor),32%zidua/sharpen,1138,6/2/2025,0.201,On,1124.8,2.500,59.37,4.543,1.341,2.364,46.22,41.99,44.79,0,8,1.378,6/2/2025,Good,17.92,1.077e-05,6.719,4.039e-06,0.00,0.00,0.00,8.959,5.385e-06,4.479,2.692e-06,44.50,0.0034,0.00,0.00,53.75,3.231e-05,0.00,0.00,0.00,0.00,0.00,6.271,0.00,0.00,7.694e-05
-93.77962398,42.02031129,F Fields (F1-F5),TaskName 6/2/2025 (GreenStar 4 Monitor),32%zidua/sharpen,1139,6/2/2025,0.400,On,1124.8,1.250,60.00,4.529,2.658,2.265,46.50,41.99,43.92,0,8,0.687,6/2/2025,Good,17.57,1.047e-05,6.588,3.926e-06,0.00,0.00,0.00,8.783,5.234e-06,4.392,2.617e-06,43.63,0.0033,0.00,0.00,52.70,3.141e-05,0.00,0.00,0.00,0.00,0.00,6.148,0.00,0.00,7.628e-05
-93.78008888,42.02019133,F Fields (F1-F5),TaskName 6/2/2025 (GreenStar 4 Monitor),32%zidua/sharpen,1140,6/2/2025,0.195,On,1124.0,8.750,17.50,4.684,1.339,5.052,359.49,41.99,41.89,0,9,4.966,6/2/2025,Good,16.75,3.521e-05,6.283,1.320e-05,0.00,0.00,0.00,8.377,1.761e-05,4.189,8.803e-06,41.61,0.011,0.00,0.00,50.26,0.00011,0.00,0.00,0.00,0.00,0.00,5.864,0.00,0.00,0.00027
-93.78008880,42.02019511,F Fields (F1-F5),TaskName 6/2/2025 (GreenStar 4 Monitor),32%zidua/sharpen,1141,6/2/2025,0.201,On,1124.0,38.75,5.000,4.684,1.372,5.442,359.31,41.99,38.97,0,9,21.86,6/2/2025,Good,15.59,0.00015,5.845,5.574e-05,0.00,0.00,0.00,7.794,7.431e-05,3.897,3.716e-05,38.71,0.047,0.00,0.00,46.76,0.00045,0.00,0.00,0.00,0.00,0.00,5.455,0.00,0.00,0.0012
-93.78008872,42.02019891,F Fields (F1-F5),TaskName 6/2/2025 (GreenStar 4 Monitor),32%zidua/sharpen,1142,6/2/2025,0.199,On,1124.0,58.75,-5.000,4.693,1.375,5.198,359.23,41.99,41.97,0,9,33.56,6/2/2025,Good,16.79,0.00024,6.296,9.124e-05,0.00,0.00,0.00,8.394,0.00012,4.197,6.082e-05,41.70,0.077,0.00,0.00,50.37,0.00073,0.00,0.00,0.00,0.00,0.00,5.876,0.00,0.00,0.0019
-93.78008878,42.02020283,F Fields (F1-F5),TaskName 6/2/2025 (GreenStar 4 Monitor),32%zidua/sharpen,1143,6/2/2025,0.205,On,1124.0,83.75,-16.25,4.695,1.411,4.669,359.25,41.99,41.60,0,9,47.65,6/2/2025,Good,16.64,0.00035,6.240,0.00013,0.00,0.00,0.00,8.320,0.00018,4.160,8.819e-05,41.33,0.112,0.00,0.00,49.92,0.0011,0.00,0.00,0.00,0.00,0.00,5.824,0.00,0.00,0.0027
-93.78008885,42.02020682,F Fields (F1-F5),TaskName 6/2/2025 (GreenStar 4 Monitor),32%zidua/sharpen,1144,6/2/2025,0.195,On,1124.0,87.50,-16.87,4.713,1.346,4.484,359.28,41.99,41.31,0,9,49.91,6/2/2025,Good,16.52,0.00035,6.196,0.00013,0.00,0.00,0.00,8.262,0.00017,4.131,8.724e-05,41.04,0.111,0.00,0.00,49.57,0.0010,0.00,0.00,0.00,0.00,0.00,5.783,0.00,0.00,0.0027
-93.78008892,42.02021472,F Fields (F1-F5),TaskName 6/2/2025 (GreenStar 4 Monitor),32%zidua/sharpen,1145,6/2/2025,0.400,On,1124.0,88.75,-16.25,4.798,2.813,5.037,359.23,41.99,41.44,0,9,51.58,6/2/2025,Good,16.57,0.00074,6.215,0.00028,0.00,0.00,0.00,8.287,0.00037,4.144,0.00019,41.17,0.236,0.00,0.00,49.72,0.0022,0.00,0.00,0.00,0.00,0.00,5.801,0.00,0.00,0.0057
-93.78008914,42.02021858,F Fields (F1-F5),TaskName 6/2/2025 (GreenStar 4 Monitor),32%zidua/sharpen,1146,6/2/2025,0.205,On,1124.0,90.00,-15.62,4.861,1.461,4.682,359.39,41.99,41.68,0,9,53.00,6/2/2025,Good,16.67,0.00039,6.252,0.00015,0.00,0.00,0.00,8.337,0.00020,4.168,9.827e-05,41.41,0.125,0.00,0.00,50.02,0.0012,0.00,0.00,0.00,0.00,0.00,5.836,0.00,0.00,0.0030
-93.78008941,42.02022657,F Fields (F1-F5),TaskName 6/2/2025 (GreenStar 4 Monitor),32%zidua/sharpen,1147,6/2/2025,0.400,On,1124.0,91.25,-15.00,4.872,2.859,4.607,359.58,41.99,40.83,0,9,53.90,6/2/2025,Good,16.33,0.00076,6.125,0.00029,0.00,0.00,0.00,8.167,0.00038,4.083,0.00019,40.57,0.243,0.00,0.00,49.00,0.0023,0.00,0.00,0.00,0.00,0.00,5.717,0.00,0.00,0.0060
-93.78008943,42.02023456,F Fields (F1-F5),TaskName 6/2/2025 (GreenStar 4 Monitor),32%zidua/sharpen,1148,6/2/2025,0.395,On,1124.0,92.50,-14.37,4.916,2.846,4.431,359.54,41.99,41.12,0,9,55.08,6/2/2025,Good,16.45,0.00078,6.168,0.00029,0.00,0.00,0.00,8.223,0.00039,4.112,0.00019,40.85,0.247,0.00,0.00,49.34,0.0023,0.00,0.00,0.00,0.00,0.00,5.756,0.00,0.00,0.0060
-93.78008937,42.02023844,F Fields (F1-F5),TaskName 6/2/2025 (GreenStar 4 Monitor),32%zidua/sharpen,1149,6/2/2025,0.200,On,1124.0,93.75,-13.75,4.948,1.451,4.339,359.45,41.99,40.96,0,9,56.20,6/2/2025,Good,16.38,0.00040,6.143,0.00015,0.00,0.00,0.00,8.191,0.00020,4.096,9.991e-05,40.69,0.127,0.00,0.00,49.15,0.0012,0.00,0.00,0.00,0.00,0.00,5.734,0.00,0.00,0.0031
-93.78008952,42.02024636,F Fields (F1-F5),TaskName 6/2/2025 (GreenStar 4 Monitor),32%zidua/sharpen,1150,6/2/2025,0.400,On,1124.0,95.00,-13.12,4.932,2.892,4.549,359.51,41.99,41.27,0,9,56.76,6/2/2025,Good,16.51,0.00081,6.190,0.00030,0.00,0.00,0.00,8.254,0.00041,4.127,0.00020,41.00,0.259,0.00,0.00,49.52,0.0024,0.00,0.00,0.00,0.00,0.00,5.778,0.00,0.00,0.0063
-93.78008962,42.02025424,F Fields (F1-F5),TaskName 6/2/2025 (GreenStar 4 Monitor),32%zidua/sharpen,1151,6/2/2025,0.405,On,1124.0,96.25,-12.50,4.911,2.915,4.931,359.47,41.99,41.10,0,9,57.25,6/2/2025,Good,16.44,0.00083,6.165,0.00031,0.00,0.00,0.00,8.220,0.00041,4.110,0.00021,40.83,0.263,0.00,0.00,49.32,0.0025,0.00,0.00,0.00,0.00,0.00,5.754,0.00,0.00,0.0064
-93.78008964,42.02026234,F Fields (F1-F5),TaskName 6/2/2025 (GreenStar 4 Monitor),32%zidua/sharpen,1152,6/2/2025,0.395,On,1124.0,97.50,-11.87,4.906,2.843,4.865,359.40,41.99,41.25,0,9,57.99,6/2/2025,Good,16.50,0.00082,6.187,0.00031,0.00,0.00,0.00,8.250,0.00041,4.125,0.00021,40.98,0.261,0.00,0.00,49.50,0.0025,0.00,0.00,0.00,0.00,0.00,5.775,0.00,0.00,0.0064
-93.78008964,42.02026633,F Fields (F1-F5),TaskName 6/2/2025 (GreenStar 4 Monitor),32%zidua/sharpen,1153,6/2/2025,0.205,On,1124.0,98.75,-11.25,4.930,1.480,4.775,359.36,41.99,41.55,0,9,58.93,6/2/2025,Good,16.62,0.00044,6.233,0.00016,0.00,0.00,0.00,8.311,0.00022,4.155,0.00011,41.28,0.139,0.00,0.00,49.87,0.0013,0.00,0.00,0.00,0.00,0.00,5.818,0.00,0.00,0.0034
-93.78008965,42.02027431,F Fields (F1-F5),TaskName 6/2/2025 (GreenStar 4 Monitor),32%zidua/sharpen,1154,6/2/2025,0.400,On,1124.0,100.00,-10.62,4.946,2.902,4.545,359.35,41.99,41.54,0,9,59.95,6/2/2025,Good,16.62,0.00086,6.231,0.00032,0.00,0.00,0.00,8.308,0.00043,4.154,0.00022,41.27,0.275,0.00,0.00,49.85,0.0026,0.00,0.00,0.00,0.00,0.00,5.816,0.00,0.00,0.0067
-93.78008969,42.02027823,F Fields (F1-F5),TaskName 6/2/2025 (GreenStar 4 Monitor),32%zidua/sharpen,1155,6/2/2025,0.195,On,1124.0,101.25,-10.000,4.948,1.415,4.445,359.33,41.99,41.28,0,9,60.71,6/2/2025,Good,16.51,0.00042,6.192,0.00016,0.00,0.00,0.00,8.255,0.00021,4.128,0.00011,41.01,0.135,0.00,0.00,49.53,0.0013,0.00,0.00,0.00,0.00,0.00,5.779,0.00,0.00,0.0033
-93.78008985,42.02028619,F Fields (F1-F5),TaskName 6/2/2025 (GreenStar 4 Monitor),32%zidua/sharpen,1156,6/2/2025,0.395,On,1124.1,102.50,-9.375,4.947,2.862,4.274,359.46,41.99,41.21,0,9,61.38,6/2/2025,Good,16.48,0.00087,6.181,0.00033,0.00,0.00,0.00,8.242,0.00043,4.121,0.00022,40.94,0.276,0.00,0.00,49.45,0.0026,0.00,0.00,0.00,0.00,0.00,5.769,0.00,0.00,0.0067
-93.78008998,42.02029016,F Fields (F1-F5),TaskName 6/2/2025 (GreenStar 4 Monitor),32%zidua/sharpen,1157,6/2/2025,0.205,On,1124.0,103.75,-8.750,4.941,1.484,4.108,359.53,41.99,41.42,0,9,62.05,6/2/2025,Good,16.57,0.00046,6.212,0.00017,0.00,0.00,0.00,8.283,0.00023,4.142,0.00011,41.15,0.145,0.00,0.00,49.70,0.0014,0.00,0.00,0.00,0.00,0.00,5.798,0.00,0.00,0.0035
-93.78009003,42.02029411,F Fields (F1-F5),TaskName 6/2/2025 (GreenStar 4 Monitor),32%zidua/sharpen,1158,6/2/2025,0.200,On,1124.0,105.00,-8.125,4.941,1.448,4.081,359.56,41.99,41.16,0,9,62.80,6/2/2025,Good,16.46,0.00045,6.174,0.00017,0.00,0.00,0.00,8.232,0.00022,4.116,0.00011,40.89,0.143,0.00,0.00,49.39,0.0013,0.00,0.00,0.00,0.00,0.00,5.762,0.00,0.00,0.0035
-93.78009020,42.02030216,F Fields (F1-F5),TaskName 6/2/2025 (GreenStar 4 Monitor),32%zidua/sharpen,1159,6/2/2025,0.400,On,1124.0,106.25,-7.500,4.935,2.895,3.794,359.68,41.99,40.98,0,9,63.55,6/2/2025,Good,16.39,0.00090,6.148,0.00034,0.00,0.00,0.00,8.197,0.00045,4.098,0.00023,40.72,0.288,0.00,0.00,49.18,0.0027,0.00,0.00,0.00,0.00,0.00,5.738,0.00,0.00,0.0071
-93.78009028,42.02030624,F Fields (F1-F5),TaskName 6/2/2025 (GreenStar 4 Monitor),32%zidua/sharpen,1160,6/2/2025,0.196,On,1124.1,107.50,-6.875,4.953,1.421,3.586,359.72,41.99,40.98,0,9,64.42,6/2/2025,Good,16.39,0.00045,6.147,0.00017,0.00,0.00,0.00,8.195,0.00022,4.098,0.00011,40.71,0.143,0.00,0.00,49.17,0.0013,0.00,0.00,0.00,0.00,0.00,5.737,0.00,0.00,0.0035
-93.78009026,42.02031020,F Fields (F1-F5),TaskName 6/2/2025 (GreenStar 4 Monitor),32%zidua/sharpen,1161,6/2/2025,0.204,On,1124.1,108.75,-6.250,4.982,1.490,3.758,359.69,41.99,40.90,0,9,65.65,6/2/2025,Good,16.36,0.00048,6.135,0.00018,0.00,0.00,0.00,8.181,0.00024,4.090,0.00012,40.64,0.151,0.00,0.00,49.08,0.0014,0.00,0.00,0.00,0.00,0.00,5.726,0.00,0.00,0.0037
-93.78009024,42.02031420,F Fields (F1-F5),TaskName 6/2/2025 (GreenStar 4 Monitor),32%zidua/sharpen,1162,6/2/2025,0.205,On,1124.1,110.00,-5.625,4.993,1.500,4.768,359.68,41.99,40.86,0,9,66.52,6/2/2025,Good,16.34,0.00048,6.129,0.00018,0.00,0.00,0.00,8.172,0.00024,4.086,0.00012,40.59,0.154,0.00,0.00,49.03,0.0015,0.00,0.00,0.00,0.00,0.00,5.720,0.00,0.00,0.0038
-93.78009027,42.02032219,F Fields (F1-F5),TaskName 6/2/2025 (GreenStar 4 Monitor),32%zidua/sharpen,1163,6/2/2025,0.395,On,1124.1,111.25,-5.000,4.986,2.888,4.978,359.68,41.99,41.47,0,9,67.23,6/2/2025,Good,16.59,0.00096,6.221,0.00036,0.00,0.00,0.00,8.294,0.00048,4.147,0.00024,41.20,0.304,0.00,0.00,49.77,0.0029,0.00,0.00,0.00,0.00,0.00,5.806,0.00,0.00,0.0074
-93.78009069,42.02034228,F Fields (F1-F5),TaskName 6/2/2025 (GreenStar 4 Monitor),32%zidua/sharpen,1164,6/2/2025,1.000,On,1124.1,112.50,-4.375,4.977,7.297,4.730,359.96,41.99,41.76,0,9,67.84,6/2/2025,Good,16.70,0.0025,6.263,0.00092,0.00,0.00,0.00,8.351,0.0012,4.176,0.00061,41.48,0.782,0.00,0.00,50.11,0.0074,0.00,0.00,0.00,0.00,0.00,5.846,0.00,0.00,0.019
-93.78009073,42.02034627,F Fields (F1-F5),TaskName 6/2/2025 (GreenStar 4 Monitor),32%zidua/sharpen,1165,6/2/2025,0.201,On,1124.1,112.50,-4.375,4.993,1.464,4.729,0.047,41.99,41.95,0,9,67.71,6/2/2025,Good,16.78,0.00050,6.293,0.00019,0.00,0.00,0.00,8.390,0.00025,4.195,0.00012,41.68,0.158,0.00,0.00,50.34,0.0015,0.00,0.00,0.00,0.00,0.00,5.873,0.00,0.00,0.0038
-93.78009089,42.02036642,F Fields (F1-F5),TaskName 6/2/2025 (GreenStar 4 Monitor),32%zidua/sharpen,1166,6/2/2025,0.999,On,1124.1,113.75,-3.750,4.989,7.313,4.651,0.314,41.99,41.65,0,9,68.82,6/2/2025,Good,16.66,0.0025,6.247,0.00093,0.00,0.00,0.00,8.330,0.0012,4.165,0.00062,41.38,0.790,0.00,0.00,49.98,0.0075,0.00,0.00,0.00,0.00,0.00,5.831,0.00,0.00,0.019
-93.78009088,42.02037847,F Fields (F1-F5),TaskName 6/2/2025 (GreenStar 4 Monitor),32%zidua/sharpen,1167,6/2/2025,0.600,On,1124.2,113.75,-3.750,5.002,4.402,4.557,0.313,41.99,41.93,0,9,68.96,6/2/2025,Good,16.77,0.0015,6.290,0.00056,0.00,0.00,0.00,8.387,0.00075,4.193,0.00038,41.66,0.479,0.00,0.00,50.32,0.0045,0.00,0.00,0.00,0.00,0.00,5.871,0.00,0.00,0.011
-93.78009036,42.02039852,F Fields (F1-F5),TaskName 6/2/2025 (GreenStar 4 Monitor),32%zidua/sharpen,1168,6/2/2025,1.001,On,1124.3,112.50,-4.375,4.984,7.313,4.544,359.80,41.99,42.01,0,9,67.92,6/2/2025,Good,16.80,0.0025,6.302,0.00093,0.00,0.00,0.00,8.402,0.0012,4.201,0.00062,41.74,0.788,0.00,0.00,50.41,0.0074,0.00,0.00,0.00,0.00,0.00,5.882,0.00,0.00,0.019
-93.78009058,42.02041850,F Fields (F1-F5),TaskName 6/2/2025 (GreenStar 4 Monitor),32%zidua/sharpen,1169,6/2/2025,0.999,On,1124.4,112.50,-4.375,4.970,7.280,4.212,359.87,41.99,41.45,0,9,67.76,6/2/2025,Good,16.58,0.0024,6.217,0.00091,0.00,0.00,0.00,8.289,0.0012,4.145,0.00061,41.18,0.774,0.00,0.00,49.73,0.0073,0.00,0.00,0.00,0.00,0.00,5.802,0.00,0.00,0.019
-93.78009076,42.02043842,F Fields (F1-F5),TaskName 6/2/2025 (GreenStar 4 Monitor),32%zidua/sharpen,1170,6/2/2025,1.000,On,1124.5,112.50,-4.375,4.974,7.290,4.192,0.078,41.99,41.19,0,9,67.78,6/2/2025,Good,16.48,0.0024,6.179,0.00091,0.00,0.00,0.00,8.238,0.0012,4.119,0.00061,40.92,0.771,0.00,0.00,49.43,0.0073,0.00,0.00,0.00,0.00,0.00,5.767,0.00,0.00,0.019
-93.78009081,42.02045851,F Fields (F1-F5),TaskName 6/2/2025 (GreenStar 4 Monitor),32%zidua/sharpen,1171,6/2/2025,1.005,On,1124.5,112.50,-4.375,4.968,7.320,4.330,0.078,41.99,41.52,0,9,67.71,6/2/2025,Good,16.61,0.0025,6.228,0.00092,0.00,0.00,0.00,8.305,0.0012,4.152,0.00061,41.25,0.780,0.00,0.00,49.83,0.0074,0.00,0.00,0.00,0.00,0.00,5.813,0.00,0.00,0.019
-93.78009061,42.02047880,F Fields (F1-F5),TaskName 6/2/2025 (GreenStar 4 Monitor),32%zidua/sharpen,1172,6/2/2025,0.995,On,1124.4,112.50,-4.375,5.025,7.326,4.642,359.95,41.99,41.91,0,9,68.46,6/2/2025,Good,16.76,0.0025,6.287,0.00093,0.00,0.00,0.00,8.382,0.0012,4.191,0.00062,41.64,0.788,0.00,0.00,50.29,0.0074,0.00,0.00,0.00,0.00,0.00,5.868,0.00,0.00,0.019
-93.78009067,42.02049927,F Fields (F1-F5),TaskName 6/2/2025 (GreenStar 4 Monitor),32%zidua/sharpen,1173,6/2/2025,1.000,On,1124.3,112.50,-4.375,5.047,7.402,4.532,0.094,41.99,41.97,0,9,68.82,6/2/2025,Good,16.79,0.0025,6.296,0.00094,0.00,0.00,0.00,8.395,0.0013,4.197,0.00063,41.70,0.797,0.00,0.00,50.37,0.0075,0.00,0.00,0.00,0.00,0.00,5.876,0.00,0.00,0.019
-93.78009053,42.02051990,F Fields (F1-F5),TaskName 6/2/2025 (GreenStar 4 Monitor),32%zidua/sharpen,1174,6/2/2025,1.000,On,1124.1,112.50,-4.375,5.094,7.470,3.861,359.98,41.99,41.93,0,9,69.46,6/2/2025,Good,16.77,0.0025,6.289,0.00095,0.00,0.00,0.00,8.385,0.0013,4.193,0.00063,41.65,0.804,0.00,0.00,50.31,0.0076,0.00,0.00,0.00,0.00,0.00,5.870,0.00,0.00,0.019
-93.78009034,42.02054054,F Fields (F1-F5),TaskName 6/2/2025 (GreenStar 4 Monitor),32%zidua/sharpen,1175,6/2/2025,1.000,On,1123.9,112.50,-4.375,5.128,7.513,4.035,359.82,41.99,41.81,0,9,69.85,6/2/2025,Good,16.72,0.0025,6.271,0.00095,0.00,0.00,0.00,8.362,0.0013,4.181,0.00063,41.54,0.806,0.00,0.00,50.17,0.0076,0.00,0.00,0.00,0.00,0.00,5.853,0.00,0.00,0.019
-93.78009045,42.02056107,F Fields (F1-F5),TaskName 6/2/2025 (GreenStar 4 Monitor),32%zidua/sharpen,1176,6/2/2025,1.000,On,1123.8,112.50,-4.375,5.112,7.497,4.263,360.00,41.99,41.88,0,9,69.70,6/2/2025,Good,16.75,0.0025,6.282,0.00095,0.00,0.00,0.00,8.376,0.0013,4.188,0.00063,41.61,0.806,0.00,0.00,50.26,0.0076,0.00,0.00,0.00,0.00,0.00,5.863,0.00,0.00,0.019
-93.78009056,42.02057755,F Fields (F1-F5),TaskName 6/2/2025 (GreenStar 4 Monitor),32%zidua/sharpen,1177,6/2/2025,0.800,On,1123.8,112.50,-4.375,5.109,5.991,4.247,0.219,41.99,42.04,0,9,69.63,6/2/2025,Good,16.82,0.0020,6.306,0.00076,0.00,0.00,0.00,8.408,0.0010,4.204,0.00051,41.77,0.646,0.00,0.00,50.45,0.0061,0.00,0.00,0.00,0.00,0.00,5.886,0.00,0.00,0.015
-93.78009068,42.02058157,F Fields (F1-F5),TaskName 6/2/2025 (GreenStar 4 Monitor),32%zidua/sharpen,1178,6/2/2025,0.200,On,1123.8,111.25,-3.750,5.102,1.498,4.372,0.305,41.99,41.83,0,9,68.84,6/2/2025,Good,16.73,0.00050,6.275,0.00019,0.00,0.00,0.00,8.367,0.00025,4.183,0.00012,41.56,0.159,0.00,0.00,50.20,0.0015,0.00,0.00,0.00,0.00,0.00,5.857,0.00,0.00,0.0038
-93.78009064,42.02058560,F Fields (F1-F5),TaskName 6/2/2025 (GreenStar 4 Monitor),32%zidua/sharpen,1179,6/2/2025,0.200,On,1123.8,108.75,-2.500,5.087,1.491,4.326,0.282,41.99,42.36,0,9,67.00,6/2/2025,Good,16.94,0.00049,6.353,0.00018,0.00,0.00,0.00,8.471,0.00025,4.236,0.00012,42.08,0.157,0.00,0.00,50.83,0.0015,0.00,0.00,0.00,0.00,0.00,5.930,0.00,0.00,0.0037
-93.78009063,42.02058965,F Fields (F1-F5),TaskName 6/2/2025 (GreenStar 4 Monitor),32%zidua/sharpen,1180,6/2/2025,0.200,On,1123.8,107.50,-1.875,5.058,1.484,4.986,0.274,41.99,42.60,0,9,65.94,6/2/2025,Good,17.04,0.00049,6.390,0.00018,0.00,0.00,0.00,8.520,0.00024,4.260,0.00012,42.33,0.155,0.00,0.00,51.12,0.0015,0.00,0.00,0.00,0.00,0.00,5.964,0.00,0.00,0.0037
-93.78009061,42.02059364,F Fields (F1-F5),TaskName 6/2/2025 (GreenStar 4 Monitor),32%zidua/sharpen,1181,6/2/2025,0.195,On,1123.8,105.00,-0.625,5.040,1.442,4.834,0.227,41.99,43.20,0,9,64.16,6/2/2025,Good,17.28,0.00047,6.480,0.00018,0.00,0.00,0.00,8.640,0.00023,4.320,0.00012,42.92,0.149,0.00,0.00,51.84,0.0014,0.00,0.00,0.00,0.00,0.00,6.048,0.00,0.00,0.0035
-93.78009055,42.02059771,F Fields (F1-F5),TaskName 6/2/2025 (GreenStar 4 Monitor),32%zidua/sharpen,1182,6/2/2025,0.210,On,1123.8,103.75,2.853e-06,5.024,1.547,4.643,0.243,41.99,43.47,0,9,63.15,6/2/2025,Good,17.39,0.00050,6.520,0.00019,0.00,0.00,0.00,8.694,0.00025,4.347,0.00013,43.19,0.159,0.00,0.00,52.16,0.0015,0.00,0.00,0.00,0.00,0.00,6.086,0.00,0.00,0.0037
-93.78009069,42.02060176,F Fields (F1-F5),TaskName 6/2/2025 (GreenStar 4 Monitor),32%zidua/sharpen,1183,6/2/2025,0.195,On,1123.8,101.25,1.250,5.015,1.435,4.425,0.360,41.99,43.66,0,9,61.59,6/2/2025,Good,17.46,0.00046,6.549,0.00017,0.00,0.00,0.00,8.732,0.00023,4.366,0.00011,43.38,0.145,0.00,0.00,52.39,0.0014,0.00,0.00,0.00,0.00,0.00,6.113,0.00,0.00,0.0033
-93.78009072,42.02060578,F Fields (F1-F5),TaskName 6/2/2025 (GreenStar 4 Monitor),32%zidua/sharpen,1184,6/2/2025,0.205,On,1123.9,100.00,1.875,5.020,1.511,4.498,0.470,41.99,44.25,0,9,60.90,6/2/2025,Good,17.70,0.00048,6.637,0.00018,0.00,0.00,0.00,8.850,0.00024,4.425,0.00012,43.96,0.152,0.00,0.00,53.10,0.0014,0.00,0.00,0.00,0.00,0.00,6.195,0.00,0.00,0.0035
-93.78009083,42.02060981,F Fields (F1-F5),TaskName 6/2/2025 (GreenStar 4 Monitor),32%zidua/sharpen,1185,6/2/2025,0.195,On,1123.8,97.50,3.125,5.022,1.435,4.517,0.541,41.99,44.83,0,9,59.31,6/2/2025,Good,17.93,0.00045,6.724,0.00017,0.00,0.00,0.00,8.965,0.00022,4.483,0.00011,44.53,0.143,0.00,0.00,53.79,0.0013,0.00,0.00,0.00,0.00,0.00,6.276,0.00,0.00,0.0032
-93.78009076,42.02061374,F Fields (F1-F5),TaskName 6/2/2025 (GreenStar 4 Monitor),32%zidua/sharpen,1186,6/2/2025,0.200,On,1123.9,95.00,4.375,5.017,1.471,4.577,0.486,41.99,45.08,0,9,57.76,6/2/2025,Good,18.03,0.00045,6.762,0.00017,0.00,0.00,0.00,9.017,0.00023,4.508,0.00011,44.79,0.144,0.00,0.00,54.10,0.0014,0.00,0.00,0.00,0.00,0.00,6.312,0.00,0.00,0.0032
-93.78009062,42.02061776,F Fields (F1-F5),TaskName 6/2/2025 (GreenStar 4 Monitor),32%zidua/sharpen,1187,6/2/2025,0.200,On,1123.9,93.75,5.000,4.997,1.465,4.577,0.337,41.99,45.05,0,9,56.74,6/2/2025,Good,18.02,0.00044,6.758,0.00017,0.00,0.00,0.00,9.010,0.00022,4.505,0.00011,44.76,0.141,0.00,0.00,54.06,0.0013,0.00,0.00,0.00,0.00,0.00,6.307,0.00,0.00,0.0032
-93.78009053,42.02062176,F Fields (F1-F5),TaskName 6/2/2025 (GreenStar 4 Monitor),32%zidua/sharpen,1188,6/2/2025,0.205,On,1123.9,92.50,5.625,4.977,1.498,5.336,0.313,41.99,45.42,0,9,55.84,6/2/2025,Good,18.17,0.00045,6.814,0.00017,0.00,0.00,0.00,9.085,0.00023,4.542,0.00011,45.13,0.144,0.00,0.00,54.51,0.0014,0.00,0.00,0.00,0.00,0.00,6.359,0.00,0.00,0.0032
-93.78009062,42.02062582,F Fields (F1-F5),TaskName 6/2/2025 (GreenStar 4 Monitor),32%zidua/sharpen,1189,6/2/2025,0.195,On,1123.9,90.00,6.875,4.977,1.422,5.165,0.407,41.99,46.10,0,9,54.24,6/2/2025,Good,18.44,0.00042,6.915,0.00016,0.00,0.00,0.00,9.220,0.00021,4.610,0.00011,45.80,0.135,0.00,0.00,55.32,0.0013,0.00,0.00,0.00,0.00,0.00,6.454,0.00,0.00,0.0029
-93.78009061,42.02062995,F Fields (F1-F5),TaskName 6/2/2025 (GreenStar 4 Monitor),32%zidua/sharpen,1190,6/2/2025,0.200,On,1123.9,87.50,8.125,4.988,1.465,4.960,0.431,41.99,46.40,0,9,52.96,6/2/2025,Good,18.56,0.00043,6.960,0.00016,0.00,0.00,0.00,9.280,0.00021,4.640,0.00011,46.10,0.136,0.00,0.00,55.68,0.0013,0.00,0.00,0.00,0.00,0.00,6.496,0.00,0.00,0.0029
-93.78009057,42.02063399,F Fields (F1-F5),TaskName 6/2/2025 (GreenStar 4 Monitor),32%zidua/sharpen,1191,6/2/2025,0.195,On,1123.9,86.25,8.750,5.017,1.435,4.927,0.462,41.99,46.91,0,9,52.46,6/2/2025,Good,18.76,0.00042,7.037,0.00016,0.00,0.00,0.00,9.382,0.00021,4.691,0.00010,46.61,0.132,0.00,0.00,56.29,0.0012,0.00,0.00,0.00,0.00,0.00,6.568,0.00,0.00,0.0028
-93.78009058,42.02063798,F Fields (F1-F5),TaskName 6/2/2025 (GreenStar 4 Monitor),32%zidua/sharpen,1192,6/2/2025,0.205,On,1123.9,83.75,10.000,5.040,1.514,4.973,0.455,41.99,46.86,0,9,51.12,6/2/2025,Good,18.74,0.00043,7.029,0.00016,0.00,0.00,0.00,9.371,0.00021,4.686,0.00011,46.55,0.136,0.00,0.00,56.23,0.0013,0.00,0.00,0.00,0.00,0.00,6.560,0.00,0.00,0.0029
-93.78009052,42.02064196,F Fields (F1-F5),TaskName 6/2/2025 (GreenStar 4 Monitor),32%zidua/sharpen,1193,6/2/2025,0.195,On,1123.9,82.50,10.62,5.031,1.438,4.966,0.400,41.99,46.70,0,9,50.30,6/2/2025,Good,18.68,0.00040,7.005,0.00015,0.00,0.00,0.00,9.339,0.00020,4.670,9.939e-05,46.39,0.126,0.00,0.00,56.04,0.0012,0.00,0.00,0.00,0.00,0.00,6.538,0.00,0.00,0.0027
-93.78009045,42.02064610,F Fields (F1-F5),TaskName 6/2/2025 (GreenStar 4 Monitor),32%zidua/sharpen,1194,6/2/2025,0.205,On,1123.9,81.25,11.25,5.020,1.511,4.451,0.258,41.99,46.72,0,9,49.48,6/2/2025,Good,18.69,0.00041,7.008,0.00015,0.00,0.00,0.00,9.344,0.00021,4.672,0.00010,46.41,0.131,0.00,0.00,56.06,0.0012,0.00,0.00,0.00,0.00,0.00,6.541,0.00,0.00,0.0028
-93.78009024,42.02065020,F Fields (F1-F5),TaskName 6/2/2025 (GreenStar 4 Monitor),32%zidua/sharpen,1195,6/2/2025,0.200,On,1123.8,78.75,12.50,5.033,1.478,4.616,0.101,41.99,46.76,0,9,48.09,6/2/2025,Good,18.70,0.00039,7.014,0.00015,0.00,0.00,0.00,9.352,0.00020,4.676,9.760e-05,46.46,0.124,0.00,0.00,56.11,0.0012,0.00,0.00,0.00,0.00,0.00,6.547,0.00,0.00,0.0027
-93.78009011,42.02065425,F Fields (F1-F5),TaskName 6/2/2025 (GreenStar 4 Monitor),32%zidua/sharpen,1196,6/2/2025,0.200,On,1123.8,76.25,13.75,5.060,1.484,4.696,0.031,41.99,46.78,0,9,46.77,6/2/2025,Good,18.71,0.00038,7.017,0.00014,0.00,0.00,0.00,9.357,0.00019,4.678,9.497e-05,46.48,0.121,0.00,0.00,56.14,0.0011,0.00,0.00,0.00,0.00,0.00,6.550,0.00,0.00,0.0026
-93.78009012,42.02065837,F Fields (F1-F5),TaskName 6/2/2025 (GreenStar 4 Monitor),32%zidua/sharpen,1197,6/2/2025,0.200,On,1123.8,75.00,14.37,5.069,1.488,4.590,0.031,41.99,46.64,0,9,46.11,6/2/2025,Good,18.66,0.00037,6.997,0.00014,0.00,0.00,0.00,9.329,0.00019,4.664,9.334e-05,46.34,0.119,0.00,0.00,55.97,0.0011,0.00,0.00,0.00,0.00,0.00,6.530,0.00,0.00,0.0026
-93.78009007,42.02066235,F Fields (F1-F5),TaskName 6/2/2025 (GreenStar 4 Monitor),32%zidua/sharpen,1198,6/2/2025,0.200,On,1123.7,72.50,15.62,5.071,1.488,4.907,359.97,41.99,46.89,0,9,44.57,6/2/2025,Good,18.76,0.00036,7.033,0.00014,0.00,0.00,0.00,9.378,0.00018,4.689,9.070e-05,46.58,0.115,0.00,0.00,56.27,0.0011,0.00,0.00,0.00,0.00,0.00,6.565,0.00,0.00,0.0025
-93.78008995,42.02066642,F Fields (F1-F5),TaskName 6/2/2025 (GreenStar 4 Monitor),32%zidua/sharpen,1199,6/2/2025,0.201,On,1123.7,71.25,16.25,5.067,1.488,4.663,359.83,41.99,46.78,0,9,43.58,6/2/2025,Good,18.71,0.00036,7.017,0.00013,0.00,0.00,0.00,9.357,0.00018,4.678,8.894e-05,46.48,0.113,0.00,0.00,56.14,0.0011,0.00,0.00,0.00,0.00,0.00,6.550,0.00,0.00,0.0024
-93.78008992,42.02067065,F Fields (F1-F5),TaskName 6/2/2025 (GreenStar 4 Monitor),32%zidua/sharpen,1200,6/2/2025,0.199,On,1123.6,68.75,17.50,5.053,1.481,4.134,359.78,41.99,46.89,0,9,42.29,6/2/2025,Good,18.76,0.00034,7.033,0.00013,0.00,0.00,0.00,9.378,0.00017,4.689,8.563e-05,46.58,0.109,0.00,0.00,56.27,0.0010,0.00,0.00,0.00,0.00,0.00,6.565,0.00,0.00,0.0023
-93.78009004,42.02067492,F Fields (F1-F5),TaskName 6/2/2025 (GreenStar 4 Monitor),32%zidua/sharpen,1201,6/2/2025,0.201,On,1123.6,67.50,18.12,5.076,1.488,4.009,359.83,41.99,46.43,0,9,41.29,6/2/2025,Good,18.57,0.00033,6.964,0.00013,0.00,0.00,0.00,9.286,0.00017,4.643,8.362e-05,46.13,0.106,0.00,0.00,55.72,0.0010,0.00,0.00,0.00,0.00,0.00,6.500,0.00,0.00,0.0023
-93.78009020,42.02067917,F Fields (F1-F5),TaskName 6/2/2025 (GreenStar 4 Monitor),32%zidua/sharpen,1202,6/2/2025,0.200,On,1123.6,65.00,19.37,5.134,1.507,3.626,359.94,41.99,46.56,0,9,40.49,6/2/2025,Good,18.62,0.00033,6.984,0.00012,0.00,0.00,0.00,9.312,0.00016,4.656,8.181e-05,46.26,0.104,0.00,0.00,55.87,0.00098,0.00,0.00,0.00,0.00,0.00,6.518,0.00,0.00,0.0022
-93.78009035,42.02068336,F Fields (F1-F5),TaskName 6/2/2025 (GreenStar 4 Monitor),32%zidua/sharpen,1203,6/2/2025,0.194,On,1123.5,62.50,20.62,5.192,1.484,3.897,0.047,41.99,46.79,0,9,39.52,6/2/2025,Good,18.72,0.00031,7.019,0.00012,0.00,0.00,0.00,9.359,0.00016,4.679,7.786e-05,46.49,0.099,0.00,0.00,56.15,0.00093,0.00,0.00,0.00,0.00,0.00,6.551,0.00,0.00,0.0021
-93.78009033,42.02068750,F Fields (F1-F5),TaskName 6/2/2025 (GreenStar 4 Monitor),32%zidua/sharpen,1204,6/2/2025,0.211,On,1123.5,61.25,21.25,5.223,1.609,4.167,359.97,41.99,46.73,0,9,38.60,6/2/2025,Good,18.69,0.00033,7.009,0.00012,0.00,0.00,0.00,9.346,0.00017,4.673,8.260e-05,46.43,0.105,0.00,0.00,56.07,0.00099,0.00,0.00,0.00,0.00,0.00,6.542,0.00,0.00,0.0023
-93.78009009,42.02069156,F Fields (F1-F5),TaskName 6/2/2025 (GreenStar 4 Monitor),32%zidua/sharpen,1205,6/2/2025,0.194,On,1123.5,58.75,22.50,5.221,1.494,4.365,359.76,41.99,46.62,0,9,37.40,6/2/2025,Good,18.65,0.00029,6.993,0.00011,0.00,0.00,0.00,9.324,0.00015,4.662,7.341e-05,46.32,0.093,0.00,0.00,55.95,0.00088,0.00,0.00,0.00,0.00,0.00,6.527,0.00,0.00,0.0020
-93.78009004,42.02069570,F Fields (F1-F5),TaskName 6/2/2025 (GreenStar 4 Monitor),32%zidua/sharpen,1206,6/2/2025,0.200,On,1123.5,57.50,23.12,5.187,1.521,4.352,359.73,41.99,46.32,0,9,36.13,6/2/2025,Good,18.53,0.00029,6.948,0.00011,0.00,0.00,0.00,9.265,0.00015,4.632,7.264e-05,46.02,0.092,0.00,0.00,55.59,0.00087,0.00,0.00,0.00,0.00,0.00,6.485,0.00,0.00,0.0020
-93.78009018,42.02069997,F Fields (F1-F5),TaskName 6/2/2025 (GreenStar 4 Monitor),32%zidua/sharpen,1207,6/2/2025,0.200,On,1123.5,55.00,24.37,5.152,1.511,4.042,359.86,41.99,46.06,0,9,34.33,6/2/2025,Good,18.42,0.00027,6.908,0.00010,0.00,0.00,0.00,9.211,0.00014,4.606,6.863e-05,45.76,0.087,0.00,0.00,55.27,0.00082,0.00,0.00,0.00,0.00,0.00,6.448,0.00,0.00,0.0019
-93.78009018,42.02070430,F Fields (F1-F5),TaskName 6/2/2025 (GreenStar 4 Monitor),32%zidua/sharpen,1208,6/2/2025,0.200,On,1123.5,52.50,25.62,5.163,1.514,3.811,359.94,41.99,46.35,0,9,32.84,6/2/2025,Good,18.54,0.00026,6.953,9.912e-05,0.00,0.00,0.00,9.271,0.00013,4.635,6.608e-05,46.05,0.084,0.00,0.00,55.63,0.00079,0.00,0.00,0.00,0.00,0.00,6.490,0.00,0.00,0.0018
-93.78009019,42.02070856,F Fields (F1-F5),TaskName 6/2/2025 (GreenStar 4 Monitor),32%zidua/sharpen,1209,6/2/2025,0.200,On,1123.4,51.25,26.25,5.205,1.527,4.002,0.039,41.99,46.71,0,9,32.34,6/2/2025,Good,18.68,0.00026,7.006,9.834e-05,0.00,0.00,0.00,9.342,0.00013,4.671,6.556e-05,46.40,0.083,0.00,0.00,56.05,0.00079,0.00,0.00,0.00,0.00,0.00,6.539,0.00,0.00,0.0018
-93.78009035,42.02071262,F Fields (F1-F5),TaskName 6/2/2025 (GreenStar 4 Monitor),32%zidua/sharpen,1210,6/2/2025,0.200,On,1123.4,48.75,27.50,5.246,1.540,4.392,0.188,41.99,46.81,0,9,31.03,6/2/2025,Good,18.73,0.00025,7.022,9.456e-05,0.00,0.00,0.00,9.363,0.00013,4.681,6.304e-05,46.51,0.080,0.00,0.00,56.18,0.00076,0.00,0.00,0.00,0.00,0.00,6.554,0.00,0.00,0.0017
-93.78009042,42.02071668,F Fields (F1-F5),TaskName 6/2/2025 (GreenStar 4 Monitor),32%zidua/sharpen,1211,6/2/2025,0.200,On,1123.4,46.25,28.75,5.237,1.537,4.412,0.219,41.99,46.12,0,9,29.37,6/2/2025,Good,18.45,0.00024,6.918,8.819e-05,0.00,0.00,0.00,9.224,0.00012,4.612,5.880e-05,45.82,0.075,0.00,0.00,55.34,0.00071,0.00,0.00,0.00,0.00,0.00,6.457,0.00,0.00,0.0016
-93.78009042,42.02072085,F Fields (F1-F5),TaskName 6/2/2025 (GreenStar 4 Monitor),32%zidua/sharpen,1212,6/2/2025,0.200,On,1123.4,45.00,29.37,5.183,1.521,4.015,0.227,41.99,46.19,0,9,28.27,6/2/2025,Good,18.48,0.00023,6.929,8.503e-05,0.00,0.00,0.00,9.239,0.00011,4.619,5.669e-05,45.89,0.072,0.00,0.00,55.43,0.00068,0.00,0.00,0.00,0.00,0.00,6.467,0.00,0.00,0.0016
-93.78009067,42.02072509,F Fields (F1-F5),TaskName 6/2/2025 (GreenStar 4 Monitor),32%zidua/sharpen,1213,6/2/2025,0.195,On,1123.4,43.75,30.00,5.147,1.471,3.982,0.313,41.99,46.50,0,9,27.28,6/2/2025,Good,18.60,0.00021,6.976,8.053e-05,0.00,0.00,0.00,9.301,0.00011,4.650,5.369e-05,46.20,0.068,0.00,0.00,55.81,0.00064,0.00,0.00,0.00,0.00,0.00,6.511,0.00,0.00,0.0015
-93.78009063,42.02073736,F Fields (F1-F5),TaskName 6/2/2025 (GreenStar 4 Monitor),32%zidua/sharpen,1214,6/2/2025,0.605,On,1123.3,41.25,22.61,5.155,4.575,4.231,0.251,41.99,46.07,0,9,25.78,6/2/2025,Good,18.43,0.00062,6.911,0.00023,0.00,0.00,0.00,9.214,0.00031,4.607,0.00016,45.77,0.198,0.00,0.00,55.29,0.0019,0.00,0.00,0.00,0.00,0.00,6.450,0.00,0.00,0.0043
-93.78009059,42.02074145,F Fields (F1-F5),TaskName 6/2/2025 (GreenStar 4 Monitor),32%zidua/sharpen,1215,6/2/2025,0.200,On,1123.4,40.00,20.55,5.120,1.501,4.161,0.250,41.99,45.32,0,9,24.81,6/2/2025,Good,18.13,0.00020,6.798,7.319e-05,0.00,0.00,0.00,9.064,9.759e-05,4.532,4.879e-05,45.02,0.062,0.00,0.00,54.38,0.00059,0.00,0.00,0.00,0.00,0.00,6.345,0.00,0.00,0.0014
-93.78009043,42.02074559,F Fields (F1-F5),TaskName 6/2/2025 (GreenStar 4 Monitor),32%zidua/sharpen,1216,6/2/2025,0.200,On,1123.4,41.25,16.14,5.091,1.494,4.233,0.149,41.99,45.37,0,9,25.47,6/2/2025,Good,18.15,0.00020,6.806,7.524e-05,0.00,0.00,0.00,9.074,0.00010,4.537,5.016e-05,45.08,0.064,0.00,0.00,54.45,0.00060,0.00,0.00,0.00,0.00,0.00,6.352,0.00,0.00,0.0014
-93.78009044,42.02075792,F Fields (F1-F5),TaskName 6/2/2025 (GreenStar 4 Monitor),32%zidua/sharpen,1217,6/2/2025,0.600,On,1123.4,40.00,6.953,5.110,4.496,4.501,0.235,41.99,45.31,0,9,24.77,6/2/2025,Good,18.13,0.00058,6.797,0.00022,0.00,0.00,0.00,9.063,0.00029,4.531,0.00015,45.02,0.186,0.00,0.00,54.38,0.0018,0.00,0.00,0.00,0.00,0.00,6.344,0.00,0.00,0.0041
-93.78009058,42.02076993,F Fields (F1-F5),TaskName 6/2/2025 (GreenStar 4 Monitor),32%zidua/sharpen,1218,6/2/2025,0.600,On,1123.5,38.75,-5.564,5.057,4.450,5.440,0.353,41.99,44.75,0,9,23.75,6/2/2025,Good,17.90,0.00055,6.713,0.00021,0.00,0.00,0.00,8.950,0.00028,4.475,0.00014,44.46,0.176,0.00,0.00,53.70,0.0017,0.00,0.00,0.00,0.00,0.00,6.265,0.00,0.00,0.0040
-93.78009058,42.02078191,F Fields (F1-F5),TaskName 6/2/2025 (GreenStar 4 Monitor),32%zidua/sharpen,1219,6/2/2025,0.600,On,1123.7,37.50,-16.87,5.014,4.411,5.074,0.415,41.99,44.24,0,9,22.78,6/2/2025,Good,17.70,0.00052,6.636,0.00020,0.00,0.00,0.00,8.848,0.00026,4.424,0.00013,43.95,0.167,0.00,0.00,53.09,0.0016,0.00,0.00,0.00,0.00,0.00,6.194,0.00,0.00,0.0038
-93.78009060,42.02078584,F Fields (F1-F5),TaskName 6/2/2025 (GreenStar 4 Monitor),32%zidua/sharpen,1220,6/2/2025,0.201,On,1123.8,38.75,-19.84,5.013,1.471,5.165,0.415,41.99,44.02,0,9,23.44,6/2/2025,Good,17.61,0.00018,6.604,6.752e-05,0.00,0.00,0.00,8.805,9.003e-05,4.402,4.502e-05,43.74,0.057,0.00,0.00,52.83,0.00054,0.00,0.00,0.00,0.00,0.00,6.163,0.00,0.00,0.0013
-93.78009058,42.02078981,F Fields (F1-F5),TaskName 6/2/2025 (GreenStar 4 Monitor),32%zidua/sharpen,1221,6/2/2025,0.199,On,1123.8,37.50,-24.37,4.964,1.455,5.270,0.376,41.99,43.77,0,9,22.66,6/2/2025,Good,17.51,0.00017,6.565,6.424e-05,0.00,0.00,0.00,8.754,8.565e-05,4.377,4.283e-05,43.48,0.054,0.00,0.00,52.52,0.00051,0.00,0.00,0.00,0.00,0.00,6.127,0.00,0.00,0.0013
-93.78009055,42.02079383,F Fields (F1-F5),TaskName 6/2/2025 (GreenStar 4 Monitor),32%zidua/sharpen,1222,6/2/2025,0.200,On,1123.9,36.25,-29.35,4.932,1.448,5.376,0.290,41.99,43.41,0,9,21.69,6/2/2025,Good,17.37,0.00016,6.512,6.132e-05,0.00,0.00,0.00,8.683,8.176e-05,4.341,4.088e-05,43.13,0.052,0.00,0.00,52.10,0.00049,0.00,0.00,0.00,0.00,0.00,6.078,0.00,0.00,0.0012
-93.78009035,42.02079789,F Fields (F1-F5),TaskName 6/2/2025 (GreenStar 4 Monitor),32%zidua/sharpen,1223,6/2/2025,0.195,On,1123.9,37.50,-31.87,4.930,1.409,4.881,0.110,41.99,43.06,0,9,22.39,6/2/2025,Good,17.22,0.00016,6.459,6.121e-05,0.00,0.00,0.00,8.612,8.161e-05,4.306,4.081e-05,42.78,0.052,0.00,0.00,51.67,0.00049,0.00,0.00,0.00,0.00,0.00,6.029,0.00,0.00,0.0012
-93.78009006,42.02080213,F Fields (F1-F5),TaskName 6/2/2025 (GreenStar 4 Monitor),32%zidua/sharpen,1224,6/2/2025,0.205,On,1124.0,35.00,-40.36,4.950,1.488,4.643,0.015,41.99,43.36,0,9,20.99,6/2/2025,Good,17.34,0.00016,6.504,6.074e-05,0.00,0.00,0.00,8.672,8.099e-05,4.336,4.049e-05,43.08,0.051,0.00,0.00,52.03,0.00049,0.00,0.00,0.00,0.00,0.00,6.071,0.00,0.00,0.0012
-93.78009002,42.02080607,F Fields (F1-F5),TaskName 6/2/2025 (GreenStar 4 Monitor),32%zidua/sharpen,1225,6/2/2025,0.195,On,1124.0,36.25,-42.50,5.011,1.432,4.808,0.102,41.99,43.15,0,9,22.00,6/2/2025,Good,17.26,0.00016,6.472,6.025e-05,0.00,0.00,0.00,8.630,8.034e-05,4.315,4.017e-05,42.87,0.051,0.00,0.00,51.78,0.00048,0.00,0.00,0.00,0.00,0.00,6.041,0.00,0.00,0.0012
-93.78008984,42.02080994,F Fields (F1-F5),TaskName 6/2/2025 (GreenStar 4 Monitor),32%zidua/sharpen,1226,6/2/2025,0.205,On,1124.0,37.50,-41.87,5.058,1.521,4.966,0.023,41.99,42.26,0,9,22.99,6/2/2025,Good,16.90,0.00017,6.339,6.483e-05,0.00,0.00,0.00,8.452,8.643e-05,4.226,4.322e-05,41.99,0.055,0.00,0.00,50.71,0.00052,0.00,0.00,0.00,0.00,0.00,5.916,0.00,0.00,0.0013
-93.78008973,42.02081392,F Fields (F1-F5),TaskName 6/2/2025 (GreenStar 4 Monitor),32%zidua/sharpen,1227,6/2/2025,0.195,On,1123.9,40.00,-40.62,5.029,1.438,4.834,0.015,41.99,41.54,0,9,24.39,6/2/2025,Good,16.62,0.00017,6.232,6.431e-05,0.00,0.00,0.00,8.309,8.574e-05,4.154,4.287e-05,41.27,0.055,0.00,0.00,49.85,0.00051,0.00,0.00,0.00,0.00,0.00,5.816,0.00,0.00,0.0013
-93.78008973,42.02081779,F Fields (F1-F5),TaskName 6/2/2025 (GreenStar 4 Monitor),32%zidua/sharpen,1228,6/2/2025,0.205,On,1123.9,41.25,-40.00,4.979,1.498,5.310,0.023,41.99,41.01,0,9,24.90,6/2/2025,Good,16.40,0.00018,6.151,6.815e-05,0.00,0.00,0.00,8.202,9.087e-05,4.101,4.543e-05,40.74,0.058,0.00,0.00,49.21,0.00055,0.00,0.00,0.00,0.00,0.00,5.741,0.00,0.00,0.0014
-93.78008981,42.02082179,F Fields (F1-F5),TaskName 6/2/2025 (GreenStar 4 Monitor),32%zidua/sharpen,1229,6/2/2025,0.200,On,1123.9,42.50,-39.37,4.939,1.448,5.416,0.055,41.99,42.12,0,9,25.44,6/2/2025,Good,16.85,0.00019,6.318,6.975e-05,0.00,0.00,0.00,8.424,9.300e-05,4.212,4.650e-05,41.85,0.059,0.00,0.00,50.55,0.00056,0.00,0.00,0.00,0.00,0.00,5.897,0.00,0.00,0.0014
-93.78008992,42.02082583,F Fields (F1-F5),TaskName 6/2/2025 (GreenStar 4 Monitor),32%zidua/sharpen,1230,6/2/2025,0.200,On,1123.8,45.00,-38.12,4.912,1.442,5.099,0.062,41.99,41.79,0,9,26.81,6/2/2025,Good,16.72,0.00019,6.268,7.294e-05,0.00,0.00,0.00,8.358,9.725e-05,4.179,4.863e-05,41.52,0.062,0.00,0.00,50.15,0.00058,0.00,0.00,0.00,0.00,0.00,5.851,0.00,0.00,0.0015
-93.78008997,42.02082988,F Fields (F1-F5),TaskName 6/2/2025 (GreenStar 4 Monitor),32%zidua/sharpen,1231,6/2/2025,0.195,On,1123.8,46.25,-37.50,4.935,1.412,4.848,0.070,41.99,41.57,0,9,27.68,6/2/2025,Good,16.63,0.00019,6.235,7.304e-05,0.00,0.00,0.00,8.313,9.738e-05,4.157,4.869e-05,41.30,0.062,0.00,0.00,49.88,0.00058,0.00,0.00,0.00,0.00,0.00,5.819,0.00,0.00,0.0015
-93.78009004,42.02083390,F Fields (F1-F5),TaskName 6/2/2025 (GreenStar 4 Monitor),32%zidua/sharpen,1232,6/2/2025,0.205,On,1123.8,48.75,-36.25,4.973,1.494,4.451,0.141,41.99,41.24,0,9,29.37,6/2/2025,Good,16.50,0.00022,6.187,8.083e-05,0.00,0.00,0.00,8.249,0.00011,4.124,5.389e-05,40.98,0.069,0.00,0.00,49.49,0.00065,0.00,0.00,0.00,0.00,0.00,5.774,0.00,0.00,0.0017
-93.78009029,42.02083796,F Fields (F1-F5),TaskName 6/2/2025 (GreenStar 4 Monitor),32%zidua/sharpen,1233,6/2/2025,0.195,On,1123.9,50.00,-35.62,4.995,1.429,4.643,0.305,41.99,41.17,0,9,30.27,6/2/2025,Good,16.47,0.00021,6.175,7.912e-05,0.00,0.00,0.00,8.234,0.00011,4.117,5.274e-05,40.90,0.067,0.00,0.00,49.40,0.00063,0.00,0.00,0.00,0.00,0.00,5.764,0.00,0.00,0.0016
-93.78009022,42.02084208,F Fields (F1-F5),TaskName 6/2/2025 (GreenStar 4 Monitor),32%zidua/sharpen,1234,6/2/2025,0.200,On,1124.0,52.50,-34.37,5.006,1.468,4.537,0.313,41.99,40.60,0,9,31.85,6/2/2025,Good,16.24,0.00022,6.090,8.419e-05,0.00,0.00,0.00,8.121,0.00011,4.060,5.612e-05,40.34,0.071,0.00,0.00,48.72,0.00067,0.00,0.00,0.00,0.00,0.00,5.684,0.00,0.00,0.0018
-93.78009006,42.02084619,F Fields (F1-F5),TaskName 6/2/2025 (GreenStar 4 Monitor),32%zidua/sharpen,1235,6/2/2025,0.200,On,1124.0,53.75,-33.75,5.031,1.475,4.689,0.337,41.99,41.23,0,9,32.75,6/2/2025,Good,16.49,0.00023,6.185,8.792e-05,0.00,0.00,0.00,8.247,0.00012,4.123,5.861e-05,40.97,0.075,0.00,0.00,49.48,0.00070,0.00,0.00,0.00,0.00,0.00,5.773,0.00,0.00,0.0018
-93.78008979,42.02085031,F Fields (F1-F5),TaskName 6/2/2025 (GreenStar 4 Monitor),32%zidua/sharpen,1236,6/2/2025,0.205,On,1124.0,56.25,-32.50,5.055,1.521,4.927,0.235,41.99,40.54,0,9,34.48,6/2/2025,Good,16.22,0.00025,6.081,9.328e-05,0.00,0.00,0.00,8.108,0.00012,4.054,6.218e-05,40.28,0.079,0.00,0.00,48.65,0.00075,0.00,0.00,0.00,0.00,0.00,5.675,0.00,0.00,0.0020
-93.78008958,42.02085438,F Fields (F1-F5),TaskName 6/2/2025 (GreenStar 4 Monitor),32%zidua/sharpen,1237,6/2/2025,0.200,On,1124.0,57.50,-31.87,5.071,1.488,5.151,0.164,41.99,42.21,0,9,35.35,6/2/2025,Good,16.88,0.00026,6.331,9.713e-05,0.00,0.00,0.00,8.441,0.00013,4.221,6.475e-05,41.93,0.082,0.00,0.00,50.65,0.00078,0.00,0.00,0.00,0.00,0.00,5.909,0.00,0.00,0.0020
-93.78008959,42.02085845,F Fields (F1-F5),TaskName 6/2/2025 (GreenStar 4 Monitor),32%zidua/sharpen,1238,6/2/2025,0.200,On,1124.1,60.00,-30.62,5.080,1.491,4.900,0.313,41.99,41.75,0,9,36.97,6/2/2025,Good,16.70,0.00027,6.262,0.00010,0.00,0.00,0.00,8.349,0.00013,4.175,6.698e-05,41.48,0.085,0.00,0.00,50.10,0.00080,0.00,0.00,0.00,0.00,0.00,5.845,0.00,0.00,0.0021
-93.78008957,42.02086259,F Fields (F1-F5),TaskName 6/2/2025 (GreenStar 4 Monitor),32%zidua/sharpen,1239,6/2/2025,0.195,On,1124.1,61.25,-30.00,5.078,1.452,5.204,0.337,41.99,41.52,0,9,37.68,6/2/2025,Good,16.61,0.00026,6.228,9.932e-05,0.00,0.00,0.00,8.305,0.00013,4.152,6.621e-05,41.25,0.084,0.00,0.00,49.83,0.00079,0.00,0.00,0.00,0.00,0.00,5.813,0.00,0.00,0.0020
-93.78008962,42.02086676,F Fields (F1-F5),TaskName 6/2/2025 (GreenStar 4 Monitor),32%zidua/sharpen,1240,6/2/2025,0.205,On,1124.1,63.75,-28.75,5.082,1.527,4.960,0.345,41.99,41.04,0,9,39.25,6/2/2025,Good,16.42,0.00029,6.156,0.00011,0.00,0.00,0.00,8.208,0.00014,4.104,7.166e-05,40.77,0.091,0.00,0.00,49.25,0.00086,0.00,0.00,0.00,0.00,0.00,5.746,0.00,0.00,0.0022
-93.78008976,42.02087066,F Fields (F1-F5),TaskName 6/2/2025 (GreenStar 4 Monitor),32%zidua/sharpen,1241,6/2/2025,0.195,On,1124.1,65.00,-28.12,5.094,1.458,4.854,0.447,41.99,40.31,0,9,40.17,6/2/2025,Good,16.13,0.00027,6.047,0.00010,0.00,0.00,0.00,8.063,0.00014,4.031,6.853e-05,40.05,0.087,0.00,0.00,48.38,0.00082,0.00,0.00,0.00,0.00,0.00,5.644,0.00,0.00,0.0022
-93.78008993,42.02087454,F Fields (F1-F5),TaskName 6/2/2025 (GreenStar 4 Monitor),32%zidua/sharpen,1242,6/2/2025,0.205,On,1124.0,67.50,-26.87,5.067,1.524,5.402,0.502,41.99,41.67,0,9,41.47,6/2/2025,Good,16.67,0.00031,6.251,0.00012,0.00,0.00,0.00,8.334,0.00015,4.167,7.687e-05,41.40,0.098,0.00,0.00,50.01,0.00092,0.00,0.00,0.00,0.00,0.00,5.834,0.00,0.00,0.0024
-93.78008988,42.02087839,F Fields (F1-F5),TaskName 6/2/2025 (GreenStar 4 Monitor),32%zidua/sharpen,1243,6/2/2025,0.200,On,1124.0,68.75,-26.25,4.997,1.465,5.515,0.462,41.99,40.87,0,9,41.61,6/2/2025,Good,16.35,0.00030,6.131,0.00011,0.00,0.00,0.00,8.174,0.00015,4.087,7.381e-05,40.60,0.094,0.00,0.00,49.04,0.00089,0.00,0.00,0.00,0.00,0.00,5.722,0.00,0.00,0.0023
-93.78008984,42.02088237,F Fields (F1-F5),TaskName 6/2/2025 (GreenStar 4 Monitor),32%zidua/sharpen,1244,6/2/2025,0.200,On,1124.0,71.25,-25.00,4.928,1.445,5.204,0.423,41.99,40.64,0,9,42.55,6/2/2025,Good,16.25,0.00030,6.095,0.00011,0.00,0.00,0.00,8.127,0.00015,4.064,7.504e-05,40.37,0.095,0.00,0.00,48.76,0.00090,0.00,0.00,0.00,0.00,0.00,5.689,0.00,0.00,0.0024
-93.78008980,42.02088641,F Fields (F1-F5),TaskName 6/2/2025 (GreenStar 4 Monitor),32%zidua/sharpen,1245,6/2/2025,0.196,On,1124.1,72.50,-24.37,4.894,1.406,4.914,0.313,41.99,41.36,0,9,42.97,6/2/2025,Good,16.54,0.00030,6.204,0.00011,0.00,0.00,0.00,8.272,0.00015,4.136,7.560e-05,41.09,0.096,0.00,0.00,49.63,0.00091,0.00,0.00,0.00,0.00,0.00,5.791,0.00,0.00,0.0023
-93.78008966,42.02089046,F Fields (F1-F5),TaskName 6/2/2025 (GreenStar 4 Monitor),32%zidua/sharpen,1246,6/2/2025,0.205,On,1124.1,73.75,-23.75,4.908,1.475,5.270,0.054,41.99,41.00,0,9,43.84,6/2/2025,Good,16.40,0.00032,6.150,0.00012,0.00,0.00,0.00,8.200,0.00016,4.100,7.997e-05,40.73,0.102,0.00,0.00,49.20,0.00096,0.00,0.00,0.00,0.00,0.00,5.740,0.00,0.00,0.0025
-93.78008936,42.02089453,F Fields (F1-F5),TaskName 6/2/2025 (GreenStar 4 Monitor),32%zidua/sharpen,1247,6/2/2025,0.199,On,1124.1,76.25,-22.50,4.941,1.442,4.953,359.74,41.99,41.46,0,9,45.66,6/2/2025,Good,16.58,0.00033,6.219,0.00012,0.00,0.00,0.00,8.292,0.00016,4.146,8.174e-05,41.19,0.104,0.00,0.00,49.75,0.00098,0.00,0.00,0.00,0.00,0.00,5.804,0.00,0.00,0.0025
-93.78008909,42.02089859,F Fields (F1-F5),TaskName 6/2/2025 (GreenStar 4 Monitor),32%zidua/sharpen,1248,6/2/2025,0.200,On,1124.1,77.50,-21.87,4.977,1.461,4.597,359.44,41.99,41.35,0,9,46.80,6/2/2025,Good,16.54,0.00034,6.203,0.00013,0.00,0.00,0.00,8.270,0.00017,4.135,8.400e-05,41.08,0.107,0.00,0.00,49.62,0.0010,0.00,0.00,0.00,0.00,0.00,5.789,0.00,0.00,0.0026
-93.78008889,42.02090267,F Fields (F1-F5),TaskName 6/2/2025 (GreenStar 4 Monitor),32%zidua/sharpen,1249,6/2/2025,0.205,On,1124.1,80.00,-20.62,5.004,1.504,4.465,359.28,41.99,41.54,0,9,48.51,6/2/2025,Good,16.62,0.00036,6.232,0.00013,0.00,0.00,0.00,8.309,0.00018,4.154,8.966e-05,41.27,0.114,0.00,0.00,49.85,0.0011,0.00,0.00,0.00,0.00,0.00,5.816,0.00,0.00,0.0028
-93.78008886,42.02090669,F Fields (F1-F5),TaskName 6/2/2025 (GreenStar 4 Monitor),32%zidua/sharpen,1250,6/2/2025,0.195,On,1124.1,82.50,-19.37,5.026,1.438,4.643,359.30,41.99,40.99,0,9,50.30,6/2/2025,Good,16.40,0.00035,6.148,0.00013,0.00,0.00,0.00,8.198,0.00017,4.099,8.724e-05,40.72,0.111,0.00,0.00,49.19,0.0010,0.00,0.00,0.00,0.00,0.00,5.738,0.00,0.00,0.0027
-93.78008897,42.02091074,F Fields (F1-F5),TaskName 6/2/2025 (GreenStar 4 Monitor),32%zidua/sharpen,1251,6/2/2025,0.195,On,1124.1,85.00,-18.12,5.040,1.442,4.352,359.36,41.99,40.61,0,9,51.94,6/2/2025,Good,16.25,0.00036,6.092,0.00013,0.00,0.00,0.00,8.123,0.00018,4.061,8.927e-05,40.35,0.114,0.00,0.00,48.74,0.0011,0.00,0.00,0.00,0.00,0.00,5.686,0.00,0.00,0.0028
-93.78008893,42.02091483,F Fields (F1-F5),TaskName 6/2/2025 (GreenStar 4 Monitor),32%zidua/sharpen,1252,6/2/2025,0.206,On,1124.2,86.25,-17.50,5.042,1.517,4.392,359.28,41.99,40.43,0,9,52.50,6/2/2025,Good,16.17,0.00038,6.065,0.00014,0.00,0.00,0.00,8.086,0.00019,4.043,9.489e-05,40.17,0.121,0.00,0.00,48.52,0.0011,0.00,0.00,0.00,0.00,0.00,5.661,0.00,0.00,0.0030
-93.78008900,42.02091892,F Fields (F1-F5),TaskName 6/2/2025 (GreenStar 4 Monitor),32%zidua/sharpen,1253,6/2/2025,0.195,On,1124.2,88.75,-16.25,5.044,1.448,4.848,359.24,41.99,40.21,0,9,54.48,6/2/2025,Good,16.08,0.00037,6.031,0.00014,0.00,0.00,0.00,8.042,0.00019,4.021,9.269e-05,39.95,0.118,0.00,0.00,48.25,0.0011,0.00,0.00,0.00,0.00,0.00,5.629,0.00,0.00,0.0030
-93.78008903,42.02092293,F Fields (F1-F5),TaskName 6/2/2025 (GreenStar 4 Monitor),32%zidua/sharpen,1254,6/2/2025,0.205,On,1124.2,91.25,-15.00,5.055,1.514,4.616,359.27,41.99,40.48,0,9,55.69,6/2/2025,Good,16.19,0.00040,6.071,0.00015,0.00,0.00,0.00,8.095,0.00020,4.048,0.00010,40.21,0.128,0.00,0.00,48.57,0.0012,0.00,0.00,0.00,0.00,0.00,5.667,0.00,0.00,0.0032
-93.78008918,42.02092697,F Fields (F1-F5),TaskName 6/2/2025 (GreenStar 4 Monitor),32%zidua/sharpen,1255,6/2/2025,0.194,On,1124.2,93.75,-13.75,5.051,1.445,4.874,359.40,41.99,40.80,0,9,57.71,6/2/2025,Good,16.32,0.00040,6.119,0.00015,0.00,0.00,0.00,8.159,0.00020,4.080,9.912e-05,40.53,0.126,0.00,0.00,48.95,0.0012,0.00,0.00,0.00,0.00,0.00,5.711,0.00,0.00,0.0031
-93.78008941,42.02093094,F Fields (F1-F5),TaskName 6/2/2025 (GreenStar 4 Monitor),32%zidua/sharpen,1256,6/2/2025,0.205,On,1124.2,96.25,-12.50,5.026,1.511,4.590,359.65,41.99,40.53,0,9,58.62,6/2/2025,Good,16.21,0.00042,6.079,0.00016,0.00,0.00,0.00,8.106,0.00021,4.053,0.00011,40.27,0.134,0.00,0.00,48.63,0.0013,0.00,0.00,0.00,0.00,0.00,5.674,0.00,0.00,0.0033
-93.78008957,42.02093496,F Fields (F1-F5),TaskName 6/2/2025 (GreenStar 4 Monitor),32%zidua/sharpen,1257,6/2/2025,0.200,On,1124.3,97.50,-11.87,5.000,1.465,4.603,359.77,41.99,40.19,0,9,59.01,6/2/2025,Good,16.07,0.00041,6.028,0.00015,0.00,0.00,0.00,8.037,0.00021,4.019,0.00010,39.93,0.131,0.00,0.00,48.22,0.0012,0.00,0.00,0.00,0.00,0.00,5.626,0.00,0.00,0.0033
-93.78008955,42.02093901,F Fields (F1-F5),TaskName 6/2/2025 (GreenStar 4 Monitor),32%zidua/sharpen,1258,6/2/2025,0.200,On,1124.3,100.00,-10.62,4.982,1.461,4.682,359.74,41.99,40.11,0,9,60.39,6/2/2025,Good,16.04,0.00042,6.017,0.00016,0.00,0.00,0.00,8.022,0.00021,4.011,0.00011,39.85,0.134,0.00,0.00,48.13,0.0013,0.00,0.00,0.00,0.00,0.00,5.616,0.00,0.00,0.0034
-93.78008956,42.02094306,F Fields (F1-F5),TaskName 6/2/2025 (GreenStar 4 Monitor),32%zidua/sharpen,1259,6/2/2025,0.200,On,1124.3,101.25,-10.000,4.984,1.461,4.841,359.73,41.99,40.29,0,9,61.15,6/2/2025,Good,16.12,0.00043,6.044,0.00016,0.00,0.00,0.00,8.059,0.00021,4.029,0.00011,40.03,0.136,0.00,0.00,48.35,0.0013,0.00,0.00,0.00,0.00,0.00,5.641,0.00,0.00,0.0034
-93.78008964,42.02094711,F Fields (F1-F5),TaskName 6/2/2025 (GreenStar 4 Monitor),32%zidua/sharpen,1260,6/2/2025,0.200,On,1124.3,103.75,-8.750,4.997,1.465,4.531,359.72,41.99,40.58,0,9,62.80,6/2/2025,Good,16.23,0.00044,6.087,0.00017,0.00,0.00,0.00,8.116,0.00022,4.058,0.00011,40.32,0.141,0.00,0.00,48.70,0.0013,0.00,0.00,0.00,0.00,0.00,5.681,0.00,0.00,0.0035
-93.78008963,42.02095111,F Fields (F1-F5),TaskName 6/2/2025 (GreenStar 4 Monitor),32%zidua/sharpen,1261,6/2/2025,0.200,On,1124.4,106.25,-7.500,5.009,1.468,4.511,359.71,41.99,40.61,0,9,64.45,6/2/2025,Good,16.25,0.00045,6.092,0.00017,0.00,0.00,0.00,8.123,0.00023,4.061,0.00011,40.35,0.144,0.00,0.00,48.74,0.0014,0.00,0.00,0.00,0.00,0.00,5.686,0.00,0.00,0.0036
-93.78008972,42.02095509,F Fields (F1-F5),TaskName 6/2/2025 (GreenStar 4 Monitor),32%zidua/sharpen,1262,6/2/2025,0.196,On,1124.4,108.75,-6.250,5.006,1.432,4.656,359.79,41.99,40.29,0,9,65.66,6/2/2025,Good,16.12,0.00045,6.044,0.00017,0.00,0.00,0.00,8.059,0.00023,4.029,0.00011,40.03,0.143,0.00,0.00,48.35,0.0014,0.00,0.00,0.00,0.00,0.00,5.641,0.00,0.00,0.0036
-93.78008984,42.02095908,F Fields (F1-F5),TaskName 6/2/2025 (GreenStar 4 Monitor),32%zidua/sharpen,1263,6/2/2025,0.199,On,1124.4,111.25,-5.000,4.991,1.465,4.834,359.89,41.99,40.08,0,9,67.67,6/2/2025,Good,16.03,0.00047,6.012,0.00018,0.00,0.00,0.00,8.016,0.00023,4.008,0.00012,39.82,0.149,0.00,0.00,48.10,0.0014,0.00,0.00,0.00,0.00,0.00,5.611,0.00,0.00,0.0037
-93.78008984,42.02096311,F Fields (F1-F5),TaskName 6/2/2025 (GreenStar 4 Monitor),32%zidua/sharpen,1264,6/2/2025,0.200,On,1124.4,112.50,-4.375,4.975,1.458,4.636,359.87,41.99,39.73,0,9,67.79,6/2/2025,Good,15.89,0.00047,5.959,0.00018,0.00,0.00,0.00,7.945,0.00023,3.973,0.00012,39.47,0.149,0.00,0.00,47.67,0.0014,0.00,0.00,0.00,0.00,0.00,5.562,0.00,0.00,0.0038
-93.78008970,42.02096710,F Fields (F1-F5),TaskName 6/2/2025 (GreenStar 4 Monitor),32%zidua/sharpen,1265,6/2/2025,0.200,On,1124.5,117.50,-1.875,4.973,1.458,4.597,359.77,41.99,39.50,0,9,70.80,6/2/2025,Good,15.80,0.00049,5.925,0.00018,0.00,0.00,0.00,7.900,0.00024,3.950,0.00012,39.25,0.154,0.00,0.00,47.40,0.0015,0.00,0.00,0.00,0.00,0.00,5.530,0.00,0.00,0.0039
-93.78008979,42.02097110,F Fields (F1-F5),TaskName 6/2/2025 (GreenStar 4 Monitor),32%zidua/sharpen,1266,6/2/2025,0.205,On,1124.5,116.25,-2.419,4.984,1.498,4.451,359.85,41.99,39.71,0,9,70.18,6/2/2025,Good,15.88,0.00050,5.956,0.00019,0.00,0.00,0.00,7.941,0.00025,3.971,0.00012,39.45,0.158,0.00,0.00,47.65,0.0015,0.00,0.00,0.00,0.00,0.00,5.559,0.00,0.00,0.0040
-93.78009000,42.02099107,F Fields (F1-F5),TaskName 6/2/2025 (GreenStar 4 Monitor),32%zidua/sharpen,1267,6/2/2025,0.995,On,1124.6,112.50,-4.375,4.984,7.274,4.301,0.031,41.99,40.75,0,9,67.97,6/2/2025,Good,16.30,0.0024,6.113,0.00090,0.00,0.00,0.00,8.151,0.0012,4.075,0.00060,40.49,0.761,0.00,0.00,48.90,0.0072,0.00,0.00,0.00,0.00,0.00,5.706,0.00,0.00,0.019
-93.78008990,42.02101115,F Fields (F1-F5),TaskName 6/2/2025 (GreenStar 4 Monitor),32%zidua/sharpen,1268,6/2/2025,1.005,On,1124.7,112.50,-4.375,4.975,7.333,4.259,359.98,41.99,40.98,0,9,67.84,6/2/2025,Good,16.39,0.0024,6.147,0.00091,0.00,0.00,0.00,8.197,0.0012,4.098,0.00061,40.72,0.771,0.00,0.00,49.18,0.0073,0.00,0.00,0.00,0.00,0.00,5.738,0.00,0.00,0.019
-93.78008994,42.02103124,F Fields (F1-F5),TaskName 6/2/2025 (GreenStar 4 Monitor),32%zidua/sharpen,1269,6/2/2025,0.996,On,1124.9,112.50,-4.375,4.995,7.294,4.190,0.0076,41.99,41.24,0,9,68.09,6/2/2025,Good,16.50,0.0024,6.186,0.00091,0.00,0.00,0.00,8.248,0.0012,4.124,0.00061,40.97,0.772,0.00,0.00,49.49,0.0073,0.00,0.00,0.00,0.00,0.00,5.774,0.00,0.00,0.019
-93.78009005,42.02105143,F Fields (F1-F5),TaskName 6/2/2025 (GreenStar 4 Monitor),32%zidua/sharpen,1270,6/2/2025,1.004,On,1125.0,112.50,-4.375,4.988,7.347,4.191,0.109,41.99,41.29,0,9,68.03,6/2/2025,Good,16.52,0.0024,6.194,0.00092,0.00,0.00,0.00,8.259,0.0012,4.129,0.00061,41.02,0.778,0.00,0.00,49.55,0.0073,0.00,0.00,0.00,0.00,0.00,5.781,0.00,0.00,0.019
-93.78008998,42.02107146,F Fields (F1-F5),TaskName 6/2/2025 (GreenStar 4 Monitor),32%zidua/sharpen,1271,6/2/2025,0.995,On,1125.1,112.50,-4.375,4.993,7.288,4.288,0.149,41.99,41.46,0,9,68.10,6/2/2025,Good,16.58,0.0024,6.219,0.00091,0.00,0.00,0.00,8.292,0.0012,4.146,0.00061,41.19,0.775,0.00,0.00,49.75,0.0073,0.00,0.00,0.00,0.00,0.00,5.805,0.00,0.00,0.019
-93.78008988,42.02109156,F Fields (F1-F5),TaskName 6/2/2025 (GreenStar 4 Monitor),32%zidua/sharpen,1272,6/2/2025,1.000,On,1125.2,112.50,-4.375,4.986,7.311,4.241,0.062,41.99,41.71,0,9,67.97,6/2/2025,Good,16.68,0.0025,6.256,0.00092,0.00,0.00,0.00,8.342,0.0012,4.171,0.00062,41.44,0.782,0.00,0.00,50.05,0.0074,0.00,0.00,0.00,0.00,0.00,5.839,0.00,0.00,0.019
-93.78008978,42.02111144,F Fields (F1-F5),TaskName 6/2/2025 (GreenStar 4 Monitor),32%zidua/sharpen,1273,6/2/2025,1.001,On,1125.4,112.50,-4.375,4.972,7.297,4.441,359.96,41.99,41.88,0,9,67.78,6/2/2025,Good,16.75,0.0025,6.282,0.00092,0.00,0.00,0.00,8.376,0.0012,4.188,0.00062,41.61,0.784,0.00,0.00,50.25,0.0074,0.00,0.00,0.00,0.00,0.00,5.863,0.00,0.00,0.019
-93.78009001,42.02113132,F Fields (F1-F5),TaskName 6/2/2025 (GreenStar 4 Monitor),32%zidua/sharpen,1274,6/2/2025,0.999,On,1125.6,112.50,-4.375,4.962,7.265,5.222,0.054,41.99,42.60,0,9,67.61,6/2/2025,Good,17.04,0.0025,6.390,0.00094,0.00,0.00,0.00,8.520,0.0012,4.260,0.00062,42.32,0.794,0.00,0.00,51.12,0.0075,0.00,0.00,0.00,0.00,0.00,5.964,0.00,0.00,0.019
-93.78009013,42.02115130,F Fields (F1-F5),TaskName 6/2/2025 (GreenStar 4 Monitor),32%zidua/sharpen,1275,6/2/2025,1.000,On,1125.7,112.50,-4.375,4.944,7.248,5.358,0.219,41.99,42.92,0,9,67.39,6/2/2025,Good,17.17,0.0025,6.438,0.00094,0.00,0.00,0.00,8.584,0.0013,4.292,0.00063,42.64,0.798,0.00,0.00,51.50,0.0075,0.00,0.00,0.00,0.00,0.00,6.009,0.00,0.00,0.019
-93.78008981,42.02117145,F Fields (F1-F5),TaskName 6/2/2025 (GreenStar 4 Monitor),32%zidua/sharpen,1276,6/2/2025,1.001,On,1125.9,112.50,-4.375,4.985,7.314,5.148,359.94,41.99,43.00,0,9,67.93,6/2/2025,Good,17.20,0.0025,6.450,0.00095,0.00,0.00,0.00,8.600,0.0013,4.300,0.00063,42.72,0.807,0.00,0.00,51.60,0.0076,0.00,0.00,0.00,0.00,0.00,6.020,0.00,0.00,0.019
-93.78008923,42.02119147,F Fields (F1-F5),TaskName 6/2/2025 (GreenStar 4 Monitor),32%zidua/sharpen,1277,6/2/2025,0.999,On,1126.0,112.50,-4.375,4.996,7.330,5.255,359.36,41.99,42.76,0,9,68.22,6/2/2025,Good,17.10,0.0025,6.413,0.00095,0.00,0.00,0.00,8.551,0.0013,4.276,0.00063,42.48,0.804,0.00,0.00,51.31,0.0076,0.00,0.00,0.00,0.00,0.00,5.986,0.00,0.00,0.019
-93.78008940,42.02121158,F Fields (F1-F5),TaskName 6/2/2025 (GreenStar 4 Monitor),32%zidua/sharpen,1278,6/2/2025,1.000,On,1126.2,112.50,-4.375,4.984,7.313,4.677,359.29,41.99,42.27,0,9,67.99,6/2/2025,Good,16.91,0.0025,6.341,0.00094,0.00,0.00,0.00,8.454,0.0012,4.227,0.00062,42.00,0.793,0.00,0.00,50.72,0.0075,0.00,0.00,0.00,0.00,0.00,5.918,0.00,0.00,0.019
-93.78008984,42.02123172,F Fields (F1-F5),TaskName 6/2/2025 (GreenStar 4 Monitor),32%zidua/sharpen,1279,6/2/2025,0.995,On,1126.3,112.50,-4.375,4.992,7.280,4.482,359.56,41.99,41.43,0,9,68.03,6/2/2025,Good,16.57,0.0024,6.215,0.00091,0.00,0.00,0.00,8.286,0.0012,4.143,0.00061,41.16,0.774,0.00,0.00,49.72,0.0073,0.00,0.00,0.00,0.00,0.00,5.800,0.00,0.00,0.019
-93.78009032,42.02125163,F Fields (F1-F5),TaskName 6/2/2025 (GreenStar 4 Monitor),32%zidua/sharpen,1280,6/2/2025,1.010,On,1126.5,112.50,-4.375,4.979,7.372,5.396,0.016,41.99,41.57,0,9,67.86,6/2/2025,Good,16.63,0.0025,6.236,0.00093,0.00,0.00,0.00,8.314,0.0012,4.157,0.00062,41.30,0.786,0.00,0.00,49.88,0.0074,0.00,0.00,0.00,0.00,0.00,5.820,0.00,0.00,0.019
-93.78009029,42.02127165,F Fields (F1-F5),TaskName 6/2/2025 (GreenStar 4 Monitor),32%zidua/sharpen,1281,6/2/2025,0.991,On,1126.6,112.50,-4.375,4.961,7.205,5.339,0.133,41.99,41.90,0,9,67.59,6/2/2025,Good,16.76,0.0024,6.285,0.00091,0.00,0.00,0.00,8.380,0.0012,4.190,0.00061,41.63,0.775,0.00,0.00,50.28,0.0073,0.00,0.00,0.00,0.00,0.00,5.866,0.00,0.00,0.019
-93.78009017,42.02129175,F Fields (F1-F5),TaskName 6/2/2025 (GreenStar 4 Monitor),32%zidua/sharpen,1282,6/2/2025,1.004,On,1126.7,112.50,-4.375,4.992,7.359,5.012,0.055,41.99,42.13,0,9,68.15,6/2/2025,Good,16.85,0.0025,6.319,0.00094,0.00,0.00,0.00,8.426,0.0013,4.213,0.00063,41.85,0.795,0.00,0.00,50.55,0.0075,0.00,0.00,0.00,0.00,0.00,5.898,0.00,0.00,0.019
-93.78009002,42.02130782,F Fields (F1-F5),TaskName 6/2/2025 (GreenStar 4 Monitor),32%zidua/sharpen,1283,6/2/2025,0.800,On,1126.8,112.50,-4.375,4.990,5.855,4.639,359.84,41.99,41.97,0,9,68.05,6/2/2025,Good,16.79,0.0020,6.296,0.00074,0.00,0.00,0.00,8.394,0.00099,4.197,0.00050,41.70,0.631,0.00,0.00,50.36,0.0059,0.00,0.00,0.00,0.00,0.00,5.876,0.00,0.00,0.015
-93.78009000,42.02132799,F Fields (F1-F5),TaskName 6/2/2025 (GreenStar 4 Monitor),32%zidua/sharpen,1284,6/2/2025,1.000,On,1127.0,111.25,-5.000,5.001,7.336,4.729,359.75,41.99,41.88,0,9,67.45,6/2/2025,Good,16.75,0.0025,6.282,0.00092,0.00,0.00,0.00,8.376,0.0012,4.188,0.00061,41.61,0.780,0.00,0.00,50.26,0.0074,0.00,0.00,0.00,0.00,0.00,5.863,0.00,0.00,0.019
-93.78009013,42.02134795,F Fields (F1-F5),TaskName 6/2/2025 (GreenStar 4 Monitor),32%zidua/sharpen,1285,6/2/2025,1.000,On,1127.2,111.25,-5.000,4.974,7.290,5.378,359.84,41.99,41.86,0,9,67.03,6/2/2025,Good,16.74,0.0024,6.279,0.00091,0.00,0.00,0.00,8.372,0.0012,4.186,0.00061,41.59,0.774,0.00,0.00,50.23,0.0073,0.00,0.00,0.00,0.00,0.00,5.860,0.00,0.00,0.019
-93.78009027,42.02136791,F Fields (F1-F5),TaskName 6/2/2025 (GreenStar 4 Monitor),32%zidua/sharpen,1286,6/2/2025,1.000,On,1127.4,111.25,-5.000,4.966,7.283,4.669,359.94,41.99,42.01,0,9,66.97,6/2/2025,Good,16.80,0.0024,6.302,0.00092,0.00,0.00,0.00,8.402,0.0012,4.201,0.00061,41.74,0.776,0.00,0.00,50.41,0.0073,0.00,0.00,0.00,0.00,0.00,5.881,0.00,0.00,0.019
-93.78009026,42.02138809,F Fields (F1-F5),TaskName 6/2/2025 (GreenStar 4 Monitor),32%zidua/sharpen,1287,6/2/2025,1.000,On,1127.5,121.25,0.00,5.001,7.333,4.270,359.91,41.99,40.80,0,9,73.48,6/2/2025,Good,16.32,0.0026,6.119,0.00098,0.00,0.00,0.00,8.159,0.0013,4.080,0.00065,40.53,0.827,0.00,0.00,48.96,0.0078,0.00,0.00,0.00,0.00,0.00,5.712,0.00,0.00,0.020
-93.78009025,42.02139209,F Fields (F1-F5),TaskName 6/2/2025 (GreenStar 4 Monitor),32%zidua/sharpen,1288,6/2/2025,0.200,On,1127.6,60.00,27.50,5.002,1.468,4.293,359.89,41.99,42.16,0,9,36.39,6/2/2025,Good,16.87,0.00027,6.325,9.990e-05,0.00,0.00,0.00,8.433,0.00013,4.216,6.660e-05,41.89,0.085,0.00,0.00,50.60,0.00080,0.00,0.00,0.00,0.00,0.00,5.903,0.00,0.00,0.0020
-93.78009025,42.02139607,F Fields (F1-F5),TaskName 6/2/2025 (GreenStar 4 Monitor),32%zidua/sharpen,1289,6/2/2025,0.201,On,1127.6,33.75,43.75,4.997,1.474,4.438,359.85,41.99,44.67,0,9,20.46,6/2/2025,Good,17.87,0.00016,6.700,5.979e-05,0.00,0.00,0.00,8.933,7.973e-05,4.467,3.986e-05,44.38,0.051,0.00,0.00,53.60,0.00048,0.00,0.00,0.00,0.00,0.00,6.253,0.00,0.00,0.0011
-93.78053511,42.02139959,F Fields (F1-F5),TaskName 6/2/2025 (GreenStar 4 Monitor),32%zidua/sharpen,1290,6/2/2025,0.205,On,1128.2,27.50,46.87,5.085,1.526,4.517,177.77,41.99,44.94,0,10,16.91,6/2/2025,Good,17.98,0.00014,6.742,5.073e-05,0.00,0.00,0.00,8.989,6.763e-05,4.494,3.382e-05,44.65,0.043,0.00,0.00,53.93,0.00041,0.00,0.00,0.00,0.00,0.00,6.292,0.00,0.00,0.00096
-93.78053476,42.02139554,F Fields (F1-F5),TaskName 6/2/2025 (GreenStar 4 Monitor),32%zidua/sharpen,1291,6/2/2025,0.195,On,1128.2,50.00,35.62,5.096,1.457,4.511,177.95,41.99,45.76,0,10,30.87,6/2/2025,Good,18.30,0.00024,6.863,8.966e-05,0.00,0.00,0.00,9.151,0.00012,4.576,5.977e-05,45.46,0.076,0.00,0.00,54.91,0.00072,0.00,0.00,0.00,0.00,0.00,6.406,0.00,0.00,0.0017
-93.78053445,42.02139140,F Fields (F1-F5),TaskName 6/2/2025 (GreenStar 4 Monitor),32%zidua/sharpen,1292,6/2/2025,0.200,On,1128.2,76.25,22.50,5.094,1.493,4.332,178.09,41.99,44.06,0,10,47.03,6/2/2025,Good,17.62,0.00036,6.608,0.00013,0.00,0.00,0.00,8.811,0.00018,4.406,8.994e-05,43.77,0.114,0.00,0.00,52.87,0.0011,0.00,0.00,0.00,0.00,0.00,6.168,0.00,0.00,0.0026
-93.78053322,42.02137069,F Fields (F1-F5),TaskName 6/2/2025 (GreenStar 4 Monitor),32%zidua/sharpen,1293,6/2/2025,1.005,On,1128.0,121.25,0.00,5.129,7.549,4.182,178.76,41.99,42.96,0,10,75.27,6/2/2025,Good,17.18,0.0028,6.444,0.0011,0.00,0.00,0.00,8.592,0.0014,4.296,0.00071,42.68,0.897,0.00,0.00,51.55,0.0085,0.00,0.00,0.00,0.00,0.00,6.015,0.00,0.00,0.021
-93.78053308,42.02136654,F Fields (F1-F5),TaskName 6/2/2025 (GreenStar 4 Monitor),32%zidua/sharpen,1294,6/2/2025,0.195,On,1128.0,121.25,0.00,5.145,1.470,4.517,178.90,41.99,42.48,0,10,75.53,6/2/2025,Good,16.99,0.00054,6.373,0.00020,0.00,0.00,0.00,8.497,0.00027,4.248,0.00014,42.21,0.173,0.00,0.00,50.98,0.0016,0.00,0.00,0.00,0.00,0.00,5.948,0.00,0.00,0.0041
-93.78053195,42.02134600,F Fields (F1-F5),TaskName 6/2/2025 (GreenStar 4 Monitor),32%zidua/sharpen,1295,6/2/2025,1.000,On,1127.8,120.00,0.625,5.123,7.507,4.363,179.74,41.99,42.37,0,10,74.44,6/2/2025,Good,16.95,0.0027,6.356,0.0010,0.00,0.00,0.00,8.474,0.0014,4.237,0.00068,42.10,0.871,0.00,0.00,50.85,0.0082,0.00,0.00,0.00,0.00,0.00,5.932,0.00,0.00,0.021
-93.78053141,42.02132549,F Fields (F1-F5),TaskName 6/2/2025 (GreenStar 4 Monitor),32%zidua/sharpen,1296,6/2/2025,1.000,On,1127.7,120.00,0.625,5.096,7.467,4.173,180.24,41.99,42.24,0,10,74.05,6/2/2025,Good,16.90,0.0027,6.336,0.0010,0.00,0.00,0.00,8.448,0.0014,4.224,0.00068,41.97,0.863,0.00,0.00,50.69,0.0081,0.00,0.00,0.00,0.00,0.00,5.914,0.00,0.00,0.021
-93.78053187,42.02130513,F Fields (F1-F5),TaskName 6/2/2025 (GreenStar 4 Monitor),32%zidua/sharpen,1297,6/2/2025,1.000,On,1127.5,120.00,0.625,5.084,7.451,4.658,180.06,41.99,42.19,0,10,73.89,6/2/2025,Good,16.87,0.0027,6.328,0.0010,0.00,0.00,0.00,8.437,0.0014,4.219,0.00068,41.91,0.860,0.00,0.00,50.62,0.0081,0.00,0.00,0.00,0.00,0.00,5.906,0.00,0.00,0.021
-93.78053224,42.02128460,F Fields (F1-F5),TaskName 6/2/2025 (GreenStar 4 Monitor),32%zidua/sharpen,1298,6/2/2025,1.000,On,1127.3,120.00,0.625,5.088,7.451,4.462,179.80,41.99,42.15,0,10,73.89,6/2/2025,Good,16.86,0.0027,6.322,0.0010,0.00,0.00,0.00,8.430,0.0014,4.215,0.00068,41.88,0.860,0.00,0.00,50.58,0.0081,0.00,0.00,0.00,0.00,0.00,5.901,0.00,0.00,0.021
-93.78053232,42.02126421,F Fields (F1-F5),TaskName 6/2/2025 (GreenStar 4 Monitor),32%zidua/sharpen,1299,6/2/2025,1.000,On,1127.1,120.00,0.625,5.075,7.438,4.548,179.62,41.99,42.12,0,10,73.76,6/2/2025,Good,16.85,0.0027,6.318,0.0010,0.00,0.00,0.00,8.425,0.0013,4.212,0.00067,41.85,0.857,0.00,0.00,50.55,0.0081,0.00,0.00,0.00,0.00,0.00,5.897,0.00,0.00,0.020
-93.78053218,42.02124385,F Fields (F1-F5),TaskName 6/2/2025 (GreenStar 4 Monitor),32%zidua/sharpen,1300,6/2/2025,1.000,On,1126.9,120.00,0.625,5.069,7.428,4.519,179.59,41.99,41.99,0,10,73.66,6/2/2025,Good,16.80,0.0027,6.298,0.0010,0.00,0.00,0.00,8.398,0.0013,4.199,0.00067,41.72,0.854,0.00,0.00,50.39,0.0081,0.00,0.00,0.00,0.00,0.00,5.878,0.00,0.00,0.020
-93.78053186,42.02122345,F Fields (F1-F5),TaskName 6/2/2025 (GreenStar 4 Monitor),32%zidua/sharpen,1301,6/2/2025,1.000,On,1126.8,120.00,0.625,5.079,7.444,4.424,179.74,41.99,41.97,0,10,73.83,6/2/2025,Good,16.79,0.0027,6.296,0.0010,0.00,0.00,0.00,8.395,0.0013,4.197,0.00067,41.70,0.855,0.00,0.00,50.37,0.0081,0.00,0.00,0.00,0.00,0.00,5.876,0.00,0.00,0.021
-93.78053155,42.02120302,F Fields (F1-F5),TaskName 6/2/2025 (GreenStar 4 Monitor),32%zidua/sharpen,1302,6/2/2025,1.000,On,1126.6,120.00,0.625,5.065,7.425,3.908,180.05,41.99,41.83,0,10,73.63,6/2/2025,Good,16.73,0.0027,6.275,0.0010,0.00,0.00,0.00,8.367,0.0013,4.183,0.00067,41.56,0.850,0.00,0.00,50.20,0.0080,0.00,0.00,0.00,0.00,0.00,5.857,0.00,0.00,0.020
-93.78053143,42.02118262,F Fields (F1-F5),TaskName 6/2/2025 (GreenStar 4 Monitor),32%zidua/sharpen,1303,6/2/2025,1.000,On,1126.4,120.00,0.625,5.076,7.441,3.705,180.17,41.99,41.72,0,10,73.79,6/2/2025,Good,16.69,0.0027,6.258,0.0010,0.00,0.00,0.00,8.344,0.0013,4.172,0.00067,41.45,0.850,0.00,0.00,50.07,0.0080,0.00,0.00,0.00,0.00,0.00,5.841,0.00,0.00,0.020
-93.78053154,42.02116219,F Fields (F1-F5),TaskName 6/2/2025 (GreenStar 4 Monitor),32%zidua/sharpen,1304,6/2/2025,1.000,On,1126.2,120.00,0.625,5.071,7.431,3.824,180.12,41.99,41.89,0,10,73.70,6/2/2025,Good,16.76,0.0027,6.283,0.0010,0.00,0.00,0.00,8.378,0.0013,4.189,0.00067,41.62,0.852,0.00,0.00,50.27,0.0080,0.00,0.00,0.00,0.00,0.00,5.864,0.00,0.00,0.020
-93.78053174,42.02114171,F Fields (F1-F5),TaskName 6/2/2025 (GreenStar 4 Monitor),32%zidua/sharpen,1305,6/2/2025,1.000,On,1126.0,120.00,0.625,5.091,7.463,3.633,179.92,41.99,41.79,0,10,74.01,6/2/2025,Good,16.72,0.0027,6.269,0.0010,0.00,0.00,0.00,8.359,0.0013,4.179,0.00067,41.52,0.854,0.00,0.00,50.15,0.0081,0.00,0.00,0.00,0.00,0.00,5.851,0.00,0.00,0.021
-93.78053170,42.02112120,F Fields (F1-F5),TaskName 6/2/2025 (GreenStar 4 Monitor),32%zidua/sharpen,1306,6/2/2025,0.995,On,1125.8,120.00,0.625,5.083,7.418,4.379,179.83,41.99,41.93,0,10,73.94,6/2/2025,Good,16.77,0.0027,6.290,0.0010,0.00,0.00,0.00,8.386,0.0013,4.193,0.00067,41.66,0.851,0.00,0.00,50.32,0.0080,0.00,0.00,0.00,0.00,0.00,5.870,0.00,0.00,0.020
-93.78053161,42.02110073,F Fields (F1-F5),TaskName 6/2/2025 (GreenStar 4 Monitor),32%zidua/sharpen,1307,6/2/2025,1.005,On,1125.6,120.00,0.625,5.075,7.484,4.403,179.93,41.99,42.09,0,10,73.85,6/2/2025,Good,16.83,0.0027,6.313,0.0010,0.00,0.00,0.00,8.417,0.0014,4.209,0.00068,41.81,0.862,0.00,0.00,50.50,0.0081,0.00,0.00,0.00,0.00,0.00,5.892,0.00,0.00,0.021
-93.78053147,42.02108023,F Fields (F1-F5),TaskName 6/2/2025 (GreenStar 4 Monitor),32%zidua/sharpen,1308,6/2/2025,1.000,On,1125.4,120.00,0.625,5.103,7.487,3.597,180.02,41.99,41.86,0,10,74.25,6/2/2025,Good,16.74,0.0027,6.278,0.0010,0.00,0.00,0.00,8.371,0.0013,4.186,0.00067,41.58,0.858,0.00,0.00,50.23,0.0081,0.00,0.00,0.00,0.00,0.00,5.860,0.00,0.00,0.021
-93.78053140,42.02105968,F Fields (F1-F5),TaskName 6/2/2025 (GreenStar 4 Monitor),32%zidua/sharpen,1309,6/2/2025,1.000,On,1125.2,120.00,0.625,5.098,7.477,3.347,180.14,41.99,41.51,0,10,74.15,6/2/2025,Good,16.60,0.0027,6.226,0.0010,0.00,0.00,0.00,8.301,0.0013,4.151,0.00067,41.24,0.849,0.00,0.00,49.81,0.0080,0.00,0.00,0.00,0.00,0.00,5.811,0.00,0.00,0.021
-93.78053161,42.02103919,F Fields (F1-F5),TaskName 6/2/2025 (GreenStar 4 Monitor),32%zidua/sharpen,1310,6/2/2025,0.996,On,1125.0,120.00,0.625,5.094,7.434,3.431,179.98,41.99,41.57,0,10,74.03,6/2/2025,Good,16.63,0.0027,6.235,0.00100,0.00,0.00,0.00,8.314,0.0013,4.157,0.00067,41.30,0.846,0.00,0.00,49.88,0.0080,0.00,0.00,0.00,0.00,0.00,5.820,0.00,0.00,0.020
-93.78053178,42.02101880,F Fields (F1-F5),TaskName 6/2/2025 (GreenStar 4 Monitor),32%zidua/sharpen,1311,6/2/2025,1.004,On,1124.9,120.00,0.625,5.086,7.500,3.433,179.78,41.99,41.76,0,10,74.08,6/2/2025,Good,16.70,0.0027,6.263,0.0010,0.00,0.00,0.00,8.351,0.0013,4.176,0.00067,41.49,0.857,0.00,0.00,50.11,0.0081,0.00,0.00,0.00,0.00,0.00,5.846,0.00,0.00,0.021
-93.78053177,42.02099835,F Fields (F1-F5),TaskName 6/2/2025 (GreenStar 4 Monitor),32%zidua/sharpen,1312,6/2/2025,0.996,On,1124.7,120.00,0.625,5.071,7.405,3.518,179.67,41.99,41.73,0,10,73.73,6/2/2025,Good,16.69,0.0027,6.259,0.00100,0.00,0.00,0.00,8.346,0.0013,4.173,0.00067,41.46,0.846,0.00,0.00,50.07,0.0080,0.00,0.00,0.00,0.00,0.00,5.842,0.00,0.00,0.020
-93.78053125,42.02097772,F Fields (F1-F5),TaskName 6/2/2025 (GreenStar 4 Monitor),32%zidua/sharpen,1313,6/2/2025,1.004,On,1124.5,120.00,0.625,5.122,7.549,3.177,179.98,41.99,41.60,0,10,74.57,6/2/2025,Good,16.64,0.0027,6.240,0.0010,0.00,0.00,0.00,8.320,0.0014,4.160,0.00068,41.33,0.860,0.00,0.00,49.92,0.0081,0.00,0.00,0.00,0.00,0.00,5.824,0.00,0.00,0.021
-93.78053111,42.02095706,F Fields (F1-F5),TaskName 6/2/2025 (GreenStar 4 Monitor),32%zidua/sharpen,1314,6/2/2025,0.995,On,1124.3,120.00,0.625,5.106,7.451,3.418,180.19,41.99,41.79,0,10,74.26,6/2/2025,Good,16.72,0.0027,6.268,0.0010,0.00,0.00,0.00,8.358,0.0013,4.179,0.00067,41.52,0.852,0.00,0.00,50.15,0.0080,0.00,0.00,0.00,0.00,0.00,5.850,0.00,0.00,0.021
-93.78053103,42.02093650,F Fields (F1-F5),TaskName 6/2/2025 (GreenStar 4 Monitor),32%zidua/sharpen,1315,6/2/2025,1.005,On,1124.2,120.00,0.625,5.104,7.523,4.173,180.30,41.99,41.91,0,10,74.24,6/2/2025,Good,16.76,0.0027,6.287,0.0010,0.00,0.00,0.00,8.382,0.0014,4.191,0.00068,41.64,0.863,0.00,0.00,50.29,0.0081,0.00,0.00,0.00,0.00,0.00,5.867,0.00,0.00,0.021
-93.78053128,42.02091610,F Fields (F1-F5),TaskName 6/2/2025 (GreenStar 4 Monitor),32%zidua/sharpen,1316,6/2/2025,0.995,On,1124.0,120.00,0.625,5.110,7.457,3.641,180.10,41.99,41.90,0,10,74.33,6/2/2025,Good,16.76,0.0027,6.285,0.0010,0.00,0.00,0.00,8.380,0.0013,4.190,0.00067,41.63,0.855,0.00,0.00,50.28,0.0081,0.00,0.00,0.00,0.00,0.00,5.866,0.00,0.00,0.021
-93.78053143,42.02089550,F Fields (F1-F5),TaskName 6/2/2025 (GreenStar 4 Monitor),32%zidua/sharpen,1317,6/2/2025,1.005,On,1123.8,120.00,0.625,5.089,7.503,3.282,179.84,41.99,41.82,0,10,74.04,6/2/2025,Good,16.73,0.0027,6.274,0.0010,0.00,0.00,0.00,8.365,0.0014,4.182,0.00068,41.55,0.859,0.00,0.00,50.19,0.0081,0.00,0.00,0.00,0.00,0.00,5.855,0.00,0.00,0.021
-93.78053113,42.02087496,F Fields (F1-F5),TaskName 6/2/2025 (GreenStar 4 Monitor),32%zidua/sharpen,1318,6/2/2025,0.995,On,1123.6,120.00,0.625,5.119,7.477,3.631,179.88,41.99,41.82,0,10,74.53,6/2/2025,Good,16.73,0.0027,6.274,0.0010,0.00,0.00,0.00,8.365,0.0013,4.182,0.00067,41.55,0.856,0.00,0.00,50.19,0.0081,0.00,0.00,0.00,0.00,0.00,5.855,0.00,0.00,0.021
-93.78053089,42.02085448,F Fields (F1-F5),TaskName 6/2/2025 (GreenStar 4 Monitor),32%zidua/sharpen,1319,6/2/2025,1.005,On,1123.4,120.00,0.625,5.076,7.487,3.470,180.00,41.99,41.87,0,10,73.88,6/2/2025,Good,16.75,0.0027,6.280,0.0010,0.00,0.00,0.00,8.374,0.0013,4.187,0.00067,41.60,0.858,0.00,0.00,50.24,0.0081,0.00,0.00,0.00,0.00,0.00,5.862,0.00,0.00,0.021
-93.78053064,42.02083413,F Fields (F1-F5),TaskName 6/2/2025 (GreenStar 4 Monitor),32%zidua/sharpen,1320,6/2/2025,0.995,On,1123.3,120.00,0.625,5.072,7.408,4.053,180.27,41.99,41.91,0,10,73.84,6/2/2025,Good,16.77,0.0027,6.287,0.0010,0.00,0.00,0.00,8.383,0.0013,4.191,0.00067,41.64,0.850,0.00,0.00,50.30,0.0080,0.00,0.00,0.00,0.00,0.00,5.868,0.00,0.00,0.020
-93.78053054,42.02081395,F Fields (F1-F5),TaskName 6/2/2025 (GreenStar 4 Monitor),32%zidua/sharpen,1321,6/2/2025,1.000,On,1123.2,120.00,0.625,5.038,7.389,4.593,180.43,41.99,42.02,0,10,73.27,6/2/2025,Good,16.81,0.0027,6.303,0.0010,0.00,0.00,0.00,8.404,0.0013,4.202,0.00067,41.75,0.850,0.00,0.00,50.42,0.0080,0.00,0.00,0.00,0.00,0.00,5.883,0.00,0.00,0.020
-93.78053072,42.02079366,F Fields (F1-F5),TaskName 6/2/2025 (GreenStar 4 Monitor),32%zidua/sharpen,1322,6/2/2025,1.000,On,1123.0,120.00,0.625,5.040,7.392,4.441,180.39,41.99,42.06,0,10,73.31,6/2/2025,Good,16.83,0.0027,6.310,0.0010,0.00,0.00,0.00,8.413,0.0013,4.206,0.00067,41.79,0.851,0.00,0.00,50.48,0.0080,0.00,0.00,0.00,0.00,0.00,5.889,0.00,0.00,0.020
-93.78053094,42.02077334,F Fields (F1-F5),TaskName 6/2/2025 (GreenStar 4 Monitor),32%zidua/sharpen,1323,6/2/2025,1.001,On,1122.9,120.00,0.625,5.049,7.405,4.512,180.35,41.99,42.01,0,10,73.36,6/2/2025,Good,16.81,0.0027,6.302,0.0010,0.00,0.00,0.00,8.403,0.0013,4.201,0.00067,41.74,0.851,0.00,0.00,50.42,0.0080,0.00,0.00,0.00,0.00,0.00,5.882,0.00,0.00,0.020
-93.78053113,42.02075300,F Fields (F1-F5),TaskName 6/2/2025 (GreenStar 4 Monitor),32%zidua/sharpen,1324,6/2/2025,0.999,On,1122.7,120.00,0.625,5.046,7.402,4.737,180.23,41.99,41.94,0,10,73.48,6/2/2025,Good,16.78,0.0027,6.291,0.0010,0.00,0.00,0.00,8.389,0.0013,4.194,0.00067,41.67,0.850,0.00,0.00,50.33,0.0080,0.00,0.00,0.00,0.00,0.00,5.872,0.00,0.00,0.020
-93.78053134,42.02073261,F Fields (F1-F5),TaskName 6/2/2025 (GreenStar 4 Monitor),32%zidua/sharpen,1325,6/2/2025,1.000,On,1122.5,120.00,0.625,5.067,7.428,4.397,180.02,41.99,41.94,0,10,73.66,6/2/2025,Good,16.78,0.0027,6.292,0.0010,0.00,0.00,0.00,8.389,0.0013,4.194,0.00067,41.67,0.853,0.00,0.00,50.33,0.0080,0.00,0.00,0.00,0.00,0.00,5.872,0.00,0.00,0.020
-93.78053136,42.02072848,F Fields (F1-F5),TaskName 6/2/2025 (GreenStar 4 Monitor),32%zidua/sharpen,1326,6/2/2025,0.200,On,1122.5,118.75,1.250,5.076,1.488,4.273,179.99,41.99,41.84,0,10,73.03,6/2/2025,Good,16.74,0.00053,6.277,0.00020,0.00,0.00,0.00,8.369,0.00027,4.184,0.00013,41.57,0.169,0.00,0.00,50.21,0.0016,0.00,0.00,0.00,0.00,0.00,5.858,0.00,0.00,0.0041
-93.78053137,42.02072446,F Fields (F1-F5),TaskName 6/2/2025 (GreenStar 4 Monitor),32%zidua/sharpen,1327,6/2/2025,0.205,On,1122.4,117.50,1.875,5.082,1.528,4.088,179.92,41.99,41.98,0,10,72.36,6/2/2025,Good,16.79,0.00054,6.297,0.00020,0.00,0.00,0.00,8.396,0.00027,4.198,0.00014,41.71,0.172,0.00,0.00,50.38,0.0016,0.00,0.00,0.00,0.00,0.00,5.878,0.00,0.00,0.0041
-93.78053147,42.02072041,F Fields (F1-F5),TaskName 6/2/2025 (GreenStar 4 Monitor),32%zidua/sharpen,1328,6/2/2025,0.195,On,1122.4,115.00,3.125,5.071,1.452,3.923,179.84,41.99,42.21,0,10,70.77,6/2/2025,Good,16.88,0.00051,6.331,0.00019,0.00,0.00,0.00,8.441,0.00025,4.221,0.00013,41.93,0.161,0.00,0.00,50.65,0.0015,0.00,0.00,0.00,0.00,0.00,5.909,0.00,0.00,0.0038
-93.78053151,42.02071633,F Fields (F1-F5),TaskName 6/2/2025 (GreenStar 4 Monitor),32%zidua/sharpen,1329,6/2/2025,0.200,On,1122.4,113.75,3.750,5.051,1.482,4.128,179.79,41.99,42.37,0,10,69.64,6/2/2025,Good,16.95,0.00051,6.355,0.00019,0.00,0.00,0.00,8.473,0.00026,4.237,0.00013,42.09,0.163,0.00,0.00,50.84,0.0015,0.00,0.00,0.00,0.00,0.00,5.931,0.00,0.00,0.0039
-93.78053155,42.02071218,F Fields (F1-F5),TaskName 6/2/2025 (GreenStar 4 Monitor),32%zidua/sharpen,1330,6/2/2025,0.200,On,1122.3,111.25,5.000,5.049,1.482,4.544,179.73,41.99,42.90,0,10,68.11,6/2/2025,Good,17.16,0.00051,6.435,0.00019,0.00,0.00,0.00,8.580,0.00025,4.290,0.00013,42.62,0.161,0.00,0.00,51.48,0.0015,0.00,0.00,0.00,0.00,0.00,6.006,0.00,0.00,0.0038
-93.78053160,42.02070812,F Fields (F1-F5),TaskName 6/2/2025 (GreenStar 4 Monitor),32%zidua/sharpen,1331,6/2/2025,0.200,On,1122.3,108.75,6.250,5.058,1.485,4.623,179.65,41.99,43.06,0,10,66.73,6/2/2025,Good,17.22,0.00050,6.459,0.00019,0.00,0.00,0.00,8.612,0.00025,4.306,0.00012,42.78,0.159,0.00,0.00,51.67,0.0015,0.00,0.00,0.00,0.00,0.00,6.029,0.00,0.00,0.0037
-93.78053161,42.02070402,F Fields (F1-F5),TaskName 6/2/2025 (GreenStar 4 Monitor),32%zidua/sharpen,1332,6/2/2025,0.200,On,1122.3,107.50,6.875,5.060,1.485,4.583,179.58,41.99,43.04,0,10,65.96,6/2/2025,Good,17.22,0.00049,6.456,0.00018,0.00,0.00,0.00,8.608,0.00025,4.304,0.00012,42.76,0.157,0.00,0.00,51.65,0.0015,0.00,0.00,0.00,0.00,0.00,6.026,0.00,0.00,0.0037
-93.78053169,42.02069995,F Fields (F1-F5),TaskName 6/2/2025 (GreenStar 4 Monitor),32%zidua/sharpen,1333,6/2/2025,0.200,On,1122.2,106.25,7.500,5.067,1.488,4.564,179.51,41.99,43.29,0,10,65.34,6/2/2025,Good,17.31,0.00049,6.493,0.00018,0.00,0.00,0.00,8.657,0.00025,4.329,0.00012,43.01,0.156,0.00,0.00,51.94,0.0015,0.00,0.00,0.00,0.00,0.00,6.060,0.00,0.00,0.0036
-93.78053172,42.02069580,F Fields (F1-F5),TaskName 6/2/2025 (GreenStar 4 Monitor),32%zidua/sharpen,1334,6/2/2025,0.205,On,1122.2,103.75,8.750,5.069,1.524,4.167,179.46,41.99,43.70,0,10,63.76,6/2/2025,Good,17.48,0.00050,6.556,0.00019,0.00,0.00,0.00,8.741,0.00025,4.370,0.00012,43.42,0.158,0.00,0.00,52.44,0.0015,0.00,0.00,0.00,0.00,0.00,6.119,0.00,0.00,0.0036
-93.78053167,42.02069182,F Fields (F1-F5),TaskName 6/2/2025 (GreenStar 4 Monitor),32%zidua/sharpen,1335,6/2/2025,0.195,On,1122.1,102.50,9.375,5.085,1.455,4.425,179.49,41.99,43.98,0,10,63.22,6/2/2025,Good,17.59,0.00047,6.597,0.00018,0.00,0.00,0.00,8.796,0.00024,4.398,0.00012,43.70,0.150,0.00,0.00,52.78,0.0014,0.00,0.00,0.00,0.00,0.00,6.157,0.00,0.00,0.0034
-93.78053160,42.02068769,F Fields (F1-F5),TaskName 6/2/2025 (GreenStar 4 Monitor),32%zidua/sharpen,1336,6/2/2025,0.200,On,1122.1,100.00,10.62,5.080,1.491,4.431,179.54,41.99,43.77,0,10,61.63,6/2/2025,Good,17.51,0.00047,6.565,0.00018,0.00,0.00,0.00,8.754,0.00023,4.377,0.00012,43.48,0.149,0.00,0.00,52.52,0.0014,0.00,0.00,0.00,0.00,0.00,6.127,0.00,0.00,0.0034
-93.78053156,42.02068371,F Fields (F1-F5),TaskName 6/2/2025 (GreenStar 4 Monitor),32%zidua/sharpen,1337,6/2/2025,0.205,On,1122.1,98.75,11.25,5.080,1.528,4.465,179.64,41.99,44.22,0,10,60.81,6/2/2025,Good,17.69,0.00048,6.633,0.00018,0.00,0.00,0.00,8.843,0.00024,4.422,0.00012,43.93,0.152,0.00,0.00,53.06,0.0014,0.00,0.00,0.00,0.00,0.00,6.190,0.00,0.00,0.0035
-93.78053147,42.02067978,F Fields (F1-F5),TaskName 6/2/2025 (GreenStar 4 Monitor),32%zidua/sharpen,1338,6/2/2025,0.195,On,1122.1,96.25,12.50,5.060,1.449,4.610,179.72,41.99,45.48,0,10,59.10,6/2/2025,Good,18.19,0.00045,6.822,0.00017,0.00,0.00,0.00,9.096,0.00023,4.548,0.00011,45.18,0.145,0.00,0.00,54.57,0.0014,0.00,0.00,0.00,0.00,0.00,6.367,0.00,0.00,0.0032
-93.78053137,42.02067571,F Fields (F1-F5),TaskName 6/2/2025 (GreenStar 4 Monitor),32%zidua/sharpen,1339,6/2/2025,0.205,On,1122.1,95.00,13.12,5.013,1.508,4.841,179.80,41.99,45.34,0,10,57.75,6/2/2025,Good,18.14,0.00047,6.801,0.00017,0.00,0.00,0.00,9.068,0.00023,4.534,0.00012,45.04,0.148,0.00,0.00,54.41,0.0014,0.00,0.00,0.00,0.00,0.00,6.348,0.00,0.00,0.0033
-93.78053108,42.02067144,F Fields (F1-F5),TaskName 6/2/2025 (GreenStar 4 Monitor),32%zidua/sharpen,1340,6/2/2025,0.195,On,1122.1,92.50,14.37,4.993,1.429,4.194,180.00,41.99,45.86,0,10,56.03,6/2/2025,Good,18.35,0.00043,6.879,0.00016,0.00,0.00,0.00,9.173,0.00022,4.586,0.00011,45.57,0.138,0.00,0.00,55.04,0.0013,0.00,0.00,0.00,0.00,0.00,6.421,0.00,0.00,0.0030
-93.78053091,42.02066730,F Fields (F1-F5),TaskName 6/2/2025 (GreenStar 4 Monitor),32%zidua/sharpen,1341,6/2/2025,0.205,On,1122.1,91.25,15.00,5.035,1.514,4.332,180.13,41.99,46.15,0,10,55.71,6/2/2025,Good,18.46,0.00046,6.923,0.00017,0.00,0.00,0.00,9.230,0.00023,4.615,0.00011,45.85,0.145,0.00,0.00,55.38,0.0014,0.00,0.00,0.00,0.00,0.00,6.461,0.00,0.00,0.0032
-93.78053086,42.02066327,F Fields (F1-F5),TaskName 6/2/2025 (GreenStar 4 Monitor),32%zidua/sharpen,1342,6/2/2025,0.195,On,1122.0,88.75,16.25,5.082,1.455,4.498,180.23,41.99,46.55,0,10,54.74,6/2/2025,Good,18.62,0.00043,6.982,0.00016,0.00,0.00,0.00,9.309,0.00022,4.655,0.00011,46.24,0.137,0.00,0.00,55.86,0.0013,0.00,0.00,0.00,0.00,0.00,6.517,0.00,0.00,0.0030
-93.78053077,42.02065927,F Fields (F1-F5),TaskName 6/2/2025 (GreenStar 4 Monitor),32%zidua/sharpen,1343,6/2/2025,0.205,On,1122.0,86.25,17.50,5.082,1.528,4.597,180.39,41.99,46.60,0,10,53.12,6/2/2025,Good,18.64,0.00044,6.990,0.00017,0.00,0.00,0.00,9.320,0.00022,4.660,0.00011,46.30,0.140,0.00,0.00,55.92,0.0013,0.00,0.00,0.00,0.00,0.00,6.524,0.00,0.00,0.0030
-93.78053066,42.02065524,F Fields (F1-F5),TaskName 6/2/2025 (GreenStar 4 Monitor),32%zidua/sharpen,1344,6/2/2025,0.201,On,1122.0,85.00,18.12,5.058,1.485,4.610,180.47,41.99,46.53,0,10,51.90,6/2/2025,Good,18.61,0.00042,6.979,0.00016,0.00,0.00,0.00,9.305,0.00021,4.653,0.00011,46.22,0.134,0.00,0.00,55.83,0.0013,0.00,0.00,0.00,0.00,0.00,6.514,0.00,0.00,0.0029
-93.78053076,42.02065120,F Fields (F1-F5),TaskName 6/2/2025 (GreenStar 4 Monitor),32%zidua/sharpen,1345,6/2/2025,0.194,On,1122.1,82.50,19.37,5.035,1.439,4.313,180.51,41.99,46.52,0,10,50.57,6/2/2025,Good,18.61,0.00040,6.977,0.00015,0.00,0.00,0.00,9.303,0.00020,4.652,9.904e-05,46.21,0.126,0.00,0.00,55.82,0.0012,0.00,0.00,0.00,0.00,0.00,6.512,0.00,0.00,0.0027
-93.78053083,42.02064708,F Fields (F1-F5),TaskName 6/2/2025 (GreenStar 4 Monitor),32%zidua/sharpen,1346,6/2/2025,0.200,On,1122.1,81.25,20.00,5.026,1.475,4.200,180.41,41.99,46.93,0,10,49.52,6/2/2025,Good,18.77,0.00040,7.040,0.00015,0.00,0.00,0.00,9.386,0.00020,4.693,0.00010,46.63,0.128,0.00,0.00,56.32,0.0012,0.00,0.00,0.00,0.00,0.00,6.571,0.00,0.00,0.0028
-93.78053092,42.02064302,F Fields (F1-F5),TaskName 6/2/2025 (GreenStar 4 Monitor),32%zidua/sharpen,1347,6/2/2025,0.206,On,1122.0,78.75,21.25,5.040,1.514,4.200,180.38,41.99,47.16,0,10,47.85,6/2/2025,Good,18.86,0.00040,7.074,0.00015,0.00,0.00,0.00,9.431,0.00020,4.716,0.00010,46.85,0.128,0.00,0.00,56.59,0.0012,0.00,0.00,0.00,0.00,0.00,6.602,0.00,0.00,0.0027
-93.78053103,42.02063895,F Fields (F1-F5),TaskName 6/2/2025 (GreenStar 4 Monitor),32%zidua/sharpen,1348,6/2/2025,0.194,On,1122.0,77.50,21.87,5.051,1.446,4.484,180.25,41.99,46.60,0,10,47.73,6/2/2025,Good,18.64,0.00037,6.990,0.00014,0.00,0.00,0.00,9.320,0.00019,4.660,9.363e-05,46.30,0.119,0.00,0.00,55.92,0.0011,0.00,0.00,0.00,0.00,0.00,6.524,0.00,0.00,0.0026
-93.78053123,42.02063502,F Fields (F1-F5),TaskName 6/2/2025 (GreenStar 4 Monitor),32%zidua/sharpen,1349,6/2/2025,0.200,On,1122.0,76.25,22.50,5.053,1.482,5.264,180.06,41.99,46.52,0,10,46.68,6/2/2025,Good,18.61,0.00038,6.977,0.00014,0.00,0.00,0.00,9.303,0.00019,4.652,9.425e-05,46.21,0.120,0.00,0.00,55.82,0.0011,0.00,0.00,0.00,0.00,0.00,6.512,0.00,0.00,0.0026
-93.78053141,42.02063106,F Fields (F1-F5),TaskName 6/2/2025 (GreenStar 4 Monitor),32%zidua/sharpen,1350,6/2/2025,0.200,On,1121.9,75.00,23.12,5.024,1.475,4.874,179.95,41.99,46.58,0,10,45.72,6/2/2025,Good,18.63,0.00037,6.987,0.00014,0.00,0.00,0.00,9.316,0.00018,4.658,9.242e-05,46.28,0.118,0.00,0.00,55.90,0.0011,0.00,0.00,0.00,0.00,0.00,6.521,0.00,0.00,0.0025
-93.78053131,42.02062689,F Fields (F1-F5),TaskName 6/2/2025 (GreenStar 4 Monitor),32%zidua/sharpen,1351,6/2/2025,0.205,On,1121.8,72.50,24.37,5.004,1.505,4.181,179.94,41.99,46.32,0,10,43.98,6/2/2025,Good,18.53,0.00036,6.948,0.00014,0.00,0.00,0.00,9.265,0.00018,4.632,9.063e-05,46.02,0.115,0.00,0.00,55.59,0.0011,0.00,0.00,0.00,0.00,0.00,6.485,0.00,0.00,0.0025
-93.78053129,42.02062259,F Fields (F1-F5),TaskName 6/2/2025 (GreenStar 4 Monitor),32%zidua/sharpen,1352,6/2/2025,0.195,On,1121.7,71.25,25.00,5.035,1.439,3.679,179.91,41.99,46.57,0,10,43.45,6/2/2025,Good,18.63,0.00034,6.985,0.00013,0.00,0.00,0.00,9.314,0.00017,4.657,8.563e-05,46.27,0.109,0.00,0.00,55.88,0.0010,0.00,0.00,0.00,0.00,0.00,6.520,0.00,0.00,0.0024
-93.78053129,42.02061836,F Fields (F1-F5),TaskName 6/2/2025 (GreenStar 4 Monitor),32%zidua/sharpen,1353,6/2/2025,0.205,On,1121.6,68.75,26.25,5.109,1.537,3.447,179.82,41.99,46.70,0,10,42.61,6/2/2025,Good,18.68,0.00035,7.005,0.00013,0.00,0.00,0.00,9.339,0.00018,4.670,8.852e-05,46.39,0.113,0.00,0.00,56.04,0.0011,0.00,0.00,0.00,0.00,0.00,6.538,0.00,0.00,0.0024
-93.78053139,42.02061422,F Fields (F1-F5),TaskName 6/2/2025 (GreenStar 4 Monitor),32%zidua/sharpen,1354,6/2/2025,0.200,On,1121.5,67.50,26.87,5.174,1.518,3.751,179.74,41.99,46.65,0,10,42.33,6/2/2025,Good,18.66,0.00034,6.998,0.00013,0.00,0.00,0.00,9.331,0.00017,4.665,8.572e-05,46.35,0.109,0.00,0.00,55.99,0.0010,0.00,0.00,0.00,0.00,0.00,6.532,0.00,0.00,0.0024
-93.78053121,42.02061016,F Fields (F1-F5),TaskName 6/2/2025 (GreenStar 4 Monitor),32%zidua/sharpen,1355,6/2/2025,0.196,On,1121.5,66.25,27.50,5.192,1.485,3.883,179.86,41.99,46.00,0,10,41.48,6/2/2025,Good,18.40,0.00032,6.900,0.00012,0.00,0.00,0.00,9.200,0.00016,4.600,8.116e-05,45.70,0.103,0.00,0.00,55.20,0.00097,0.00,0.00,0.00,0.00,0.00,6.440,0.00,0.00,0.0023
-93.78053116,42.02060609,F Fields (F1-F5),TaskName 6/2/2025 (GreenStar 4 Monitor),32%zidua/sharpen,1356,6/2/2025,0.199,On,1121.4,65.00,28.12,5.165,1.514,3.731,179.87,41.99,46.16,0,10,40.88,6/2/2025,Good,18.46,0.00033,6.924,0.00012,0.00,0.00,0.00,9.232,0.00016,4.616,8.150e-05,45.86,0.104,0.00,0.00,55.39,0.00098,0.00,0.00,0.00,0.00,0.00,6.463,0.00,0.00,0.0023
-93.78053119,42.02060192,F Fields (F1-F5),TaskName 6/2/2025 (GreenStar 4 Monitor),32%zidua/sharpen,1357,6/2/2025,0.205,On,1121.4,62.50,29.37,5.129,1.544,3.606,179.87,41.99,46.78,0,10,38.90,6/2/2025,Good,18.71,0.00032,7.017,0.00012,0.00,0.00,0.00,9.357,0.00016,4.678,8.097e-05,46.48,0.103,0.00,0.00,56.14,0.00097,0.00,0.00,0.00,0.00,0.00,6.550,0.00,0.00,0.0022
-93.78053113,42.02059763,F Fields (F1-F5),TaskName 6/2/2025 (GreenStar 4 Monitor),32%zidua/sharpen,1358,6/2/2025,0.195,On,1121.4,61.25,30.00,5.125,1.465,3.163,179.94,41.99,46.17,0,10,38.04,6/2/2025,Good,18.47,0.00030,6.926,0.00011,0.00,0.00,0.00,9.235,0.00015,4.617,7.432e-05,45.87,0.095,0.00,0.00,55.41,0.00089,0.00,0.00,0.00,0.00,0.00,6.464,0.00,0.00,0.0021
-93.78053115,42.02059326,F Fields (F1-F5),TaskName 6/2/2025 (GreenStar 4 Monitor),32%zidua/sharpen,1359,6/2/2025,0.200,On,1121.3,60.00,30.62,5.165,1.514,3.144,179.99,41.99,45.75,0,10,37.55,6/2/2025,Good,18.30,0.00030,6.862,0.00011,0.00,0.00,0.00,9.149,0.00015,4.575,7.455e-05,45.45,0.095,0.00,0.00,54.89,0.00089,0.00,0.00,0.00,0.00,0.00,6.404,0.00,0.00,0.0021
-93.78053100,42.02058899,F Fields (F1-F5),TaskName 6/2/2025 (GreenStar 4 Monitor),32%zidua/sharpen,1360,6/2/2025,0.205,On,1121.3,57.50,31.87,5.237,1.574,3.355,180.17,41.99,46.30,0,10,36.48,6/2/2025,Good,18.52,0.00030,6.945,0.00011,0.00,0.00,0.00,9.260,0.00015,4.630,7.513e-05,46.00,0.096,0.00,0.00,55.56,0.00090,0.00,0.00,0.00,0.00,0.00,6.482,0.00,0.00,0.0021
-93.78053085,42.02058481,F Fields (F1-F5),TaskName 6/2/2025 (GreenStar 4 Monitor),32%zidua/sharpen,1361,6/2/2025,0.200,On,1121.3,56.25,32.50,5.270,1.547,3.586,180.31,41.99,46.55,0,10,35.96,6/2/2025,Good,18.62,0.00029,6.982,0.00011,0.00,0.00,0.00,9.309,0.00015,4.655,7.266e-05,46.24,0.092,0.00,0.00,55.86,0.00087,0.00,0.00,0.00,0.00,0.00,6.517,0.00,0.00,0.0020
-93.78053090,42.02058064,F Fields (F1-F5),TaskName 6/2/2025 (GreenStar 4 Monitor),32%zidua/sharpen,1362,6/2/2025,0.195,On,1121.3,55.00,31.65,5.261,1.505,3.553,180.38,41.99,45.29,0,10,35.07,6/2/2025,Good,18.11,0.00027,6.793,0.00010,0.00,0.00,0.00,9.057,0.00013,4.529,6.721e-05,44.99,0.085,0.00,0.00,54.34,0.00081,0.00,0.00,0.00,0.00,0.00,6.340,0.00,0.00,0.0019
-93.78053084,42.02056809,F Fields (F1-F5),TaskName 6/2/2025 (GreenStar 4 Monitor),32%zidua/sharpen,1363,6/2/2025,0.600,On,1121.4,57.50,22.36,5.209,4.586,3.638,180.33,41.99,44.92,0,10,36.32,6/2/2025,Good,17.97,0.00085,6.739,0.00032,0.00,0.00,0.00,8.985,0.00042,4.492,0.00021,44.63,0.270,0.00,0.00,53.91,0.0025,0.00,0.00,0.00,0.00,0.00,6.289,0.00,0.00,0.0061
-93.78053057,42.02055228,F Fields (F1-F5),TaskName 6/2/2025 (GreenStar 4 Monitor),32%zidua/sharpen,1364,6/2/2025,0.800,On,1121.5,58.75,14.31,5.109,5.999,4.477,180.46,41.99,44.06,0,10,36.41,6/2/2025,Good,17.62,0.0011,6.609,0.00042,0.00,0.00,0.00,8.812,0.00056,4.406,0.00028,43.77,0.354,0.00,0.00,52.87,0.0033,0.00,0.00,0.00,0.00,0.00,6.168,0.00,0.00,0.0081
-93.78053052,42.02054822,F Fields (F1-F5),TaskName 6/2/2025 (GreenStar 4 Monitor),32%zidua/sharpen,1365,6/2/2025,0.200,On,1121.7,60.00,11.87,4.957,1.455,4.742,180.53,41.99,43.82,0,10,36.08,6/2/2025,Good,17.53,0.00027,6.573,0.00010,0.00,0.00,0.00,8.764,0.00014,4.382,6.863e-05,43.54,0.087,0.00,0.00,52.59,0.00082,0.00,0.00,0.00,0.00,0.00,6.135,0.00,0.00,0.0020
-93.78053042,42.02054421,F Fields (F1-F5),TaskName 6/2/2025 (GreenStar 4 Monitor),32%zidua/sharpen,1366,6/2/2025,0.200,On,1121.7,58.75,10.40,4.939,1.449,4.861,180.55,41.99,43.61,0,10,35.17,6/2/2025,Good,17.44,0.00027,6.541,9.986e-05,0.00,0.00,0.00,8.721,0.00013,4.361,6.657e-05,43.32,0.085,0.00,0.00,52.33,0.00080,0.00,0.00,0.00,0.00,0.00,6.105,0.00,0.00,0.0020
-93.78053042,42.02054023,F Fields (F1-F5),TaskName 6/2/2025 (GreenStar 4 Monitor),32%zidua/sharpen,1367,6/2/2025,0.205,On,1121.7,60.00,8.125,4.946,1.488,5.165,180.55,41.99,43.22,0,10,36.00,6/2/2025,Good,17.29,0.00028,6.483,0.00010,0.00,0.00,0.00,8.645,0.00014,4.322,6.922e-05,42.94,0.088,0.00,0.00,51.87,0.00083,0.00,0.00,0.00,0.00,0.00,6.051,0.00,0.00,0.0020
-93.78053054,42.02053248,F Fields (F1-F5),TaskName 6/2/2025 (GreenStar 4 Monitor),32%zidua/sharpen,1368,6/2/2025,0.401,On,1121.8,61.25,4.821,4.942,2.908,5.040,180.42,41.99,42.24,0,10,36.70,6/2/2025,Good,16.90,0.00054,6.336,0.00020,0.00,0.00,0.00,8.448,0.00027,4.224,0.00013,41.96,0.172,0.00,0.00,50.69,0.0016,0.00,0.00,0.00,0.00,0.00,5.913,0.00,0.00,0.0041
-93.78053078,42.02052852,F Fields (F1-F5),TaskName 6/2/2025 (GreenStar 4 Monitor),32%zidua/sharpen,1369,6/2/2025,0.194,On,1121.9,62.50,2.925,4.899,1.393,4.597,180.31,41.99,41.43,0,10,37.09,6/2/2025,Good,16.57,0.00026,6.214,9.704e-05,0.00,0.00,0.00,8.285,0.00013,4.143,6.469e-05,41.16,0.082,0.00,0.00,49.71,0.00078,0.00,0.00,0.00,0.00,0.00,5.800,0.00,0.00,0.0020
-93.78053094,42.02052453,F Fields (F1-F5),TaskName 6/2/2025 (GreenStar 4 Monitor),32%zidua/sharpen,1370,6/2/2025,0.196,On,1121.8,63.75,1.176,4.888,1.406,5.046,180.17,41.99,41.44,0,10,37.80,6/2/2025,Good,16.57,0.00027,6.216,9.994e-05,0.00,0.00,0.00,8.287,0.00013,4.144,6.663e-05,41.17,0.085,0.00,0.00,49.72,0.00080,0.00,0.00,0.00,0.00,0.00,5.801,0.00,0.00,0.0021
-93.78053096,42.02051651,F Fields (F1-F5),TaskName 6/2/2025 (GreenStar 4 Monitor),32%zidua/sharpen,1371,6/2/2025,0.399,On,1121.8,62.50,-1.675,4.914,2.878,4.725,180.06,41.99,41.49,0,10,37.26,6/2/2025,Good,16.60,0.00054,6.224,0.00020,0.00,0.00,0.00,8.298,0.00027,4.149,0.00013,41.22,0.170,0.00,0.00,49.79,0.0016,0.00,0.00,0.00,0.00,0.00,5.809,0.00,0.00,0.0041
-93.78053136,42.02050478,F Fields (F1-F5),TaskName 6/2/2025 (GreenStar 4 Monitor),32%zidua/sharpen,1372,6/2/2025,0.606,On,1121.7,63.75,-6.544,4.924,4.373,5.245,179.55,41.99,41.24,0,10,38.02,6/2/2025,Good,16.50,0.00082,6.187,0.00031,0.00,0.00,0.00,8.249,0.00041,4.124,0.00021,40.98,0.262,0.00,0.00,49.49,0.0025,0.00,0.00,0.00,0.00,0.00,5.774,0.00,0.00,0.0064
-93.78053130,42.02050075,F Fields (F1-F5),TaskName 6/2/2025 (GreenStar 4 Monitor),32%zidua/sharpen,1373,6/2/2025,0.194,On,1121.7,62.50,-8.574,4.903,1.403,4.557,179.46,41.99,41.68,0,10,37.36,6/2/2025,Good,16.67,0.00026,6.252,9.833e-05,0.00,0.00,0.00,8.337,0.00013,4.168,6.555e-05,41.41,0.083,0.00,0.00,50.02,0.00079,0.00,0.00,0.00,0.00,0.00,5.836,0.00,0.00,0.0020
-93.78053140,42.02049671,F Fields (F1-F5),TaskName 6/2/2025 (GreenStar 4 Monitor),32%zidua/sharpen,1374,6/2/2025,0.205,On,1121.6,63.75,-9.852,4.926,1.482,4.484,179.39,41.99,41.28,0,10,38.08,6/2/2025,Good,16.51,0.00028,6.192,0.00010,0.00,0.00,0.00,8.255,0.00014,4.128,6.993e-05,41.01,0.089,0.00,0.00,49.53,0.00084,0.00,0.00,0.00,0.00,0.00,5.779,0.00,0.00,0.0022
-93.78053145,42.02049271,F Fields (F1-F5),TaskName 6/2/2025 (GreenStar 4 Monitor),32%zidua/sharpen,1375,6/2/2025,0.205,On,1121.6,65.00,-11.01,4.953,1.488,4.431,179.33,41.99,41.28,0,10,39.00,6/2/2025,Good,16.51,0.00029,6.192,0.00011,0.00,0.00,0.00,8.255,0.00014,4.128,7.162e-05,41.01,0.091,0.00,0.00,49.53,0.00086,0.00,0.00,0.00,0.00,0.00,5.779,0.00,0.00,0.0022
-93.78053155,42.02048862,F Fields (F1-F5),TaskName 6/2/2025 (GreenStar 4 Monitor),32%zidua/sharpen,1376,6/2/2025,0.195,On,1121.6,66.25,-12.05,4.968,1.423,4.445,179.24,41.99,41.46,0,10,39.95,6/2/2025,Good,16.58,0.00028,6.219,0.00011,0.00,0.00,0.00,8.292,0.00014,4.146,7.008e-05,41.19,0.089,0.00,0.00,49.75,0.00084,0.00,0.00,0.00,0.00,0.00,5.804,0.00,0.00,0.0022
-93.78053142,42.02048445,F Fields (F1-F5),TaskName 6/2/2025 (GreenStar 4 Monitor),32%zidua/sharpen,1377,6/2/2025,0.195,On,1121.6,65.00,-14.18,4.988,1.426,4.114,179.36,41.99,41.59,0,10,39.28,6/2/2025,Good,16.63,0.00028,6.238,0.00010,0.00,0.00,0.00,8.317,0.00014,4.159,6.913e-05,41.32,0.088,0.00,0.00,49.90,0.00083,0.00,0.00,0.00,0.00,0.00,5.822,0.00,0.00,0.0021
-93.78053124,42.02048032,F Fields (F1-F5),TaskName 6/2/2025 (GreenStar 4 Monitor),32%zidua/sharpen,1378,6/2/2025,0.205,On,1121.6,66.25,-15.09,5.035,1.515,3.890,179.47,41.99,41.41,0,10,40.45,6/2/2025,Good,16.56,0.00030,6.211,0.00011,0.00,0.00,0.00,8.281,0.00015,4.141,7.451e-05,41.14,0.095,0.00,0.00,49.69,0.00089,0.00,0.00,0.00,0.00,0.00,5.797,0.00,0.00,0.0023
-93.78053125,42.02047623,F Fields (F1-F5),TaskName 6/2/2025 (GreenStar 4 Monitor),32%zidua/sharpen,1379,6/2/2025,0.200,On,1121.7,65.00,-17.35,5.078,1.492,4.055,179.51,41.99,41.14,0,10,40.06,6/2/2025,Good,16.46,0.00029,6.171,0.00011,0.00,0.00,0.00,8.228,0.00014,4.114,7.153e-05,40.87,0.091,0.00,0.00,49.37,0.00086,0.00,0.00,0.00,0.00,0.00,5.759,0.00,0.00,0.0022
-93.78053105,42.02047208,F Fields (F1-F5),TaskName 6/2/2025 (GreenStar 4 Monitor),32%zidua/sharpen,1380,6/2/2025,0.200,On,1121.7,67.50,-16.87,5.094,1.495,3.949,179.65,41.99,41.06,0,10,41.70,6/2/2025,Good,16.43,0.00030,6.159,0.00011,0.00,0.00,0.00,8.213,0.00015,4.106,7.431e-05,40.80,0.095,0.00,0.00,49.28,0.00089,0.00,0.00,0.00,0.00,0.00,5.749,0.00,0.00,0.0023
-93.78053112,42.02046788,F Fields (F1-F5),TaskName 6/2/2025 (GreenStar 4 Monitor),32%zidua/sharpen,1381,6/2/2025,0.200,On,1121.7,66.25,-19.15,5.102,1.498,3.936,179.66,41.99,41.23,0,10,41.01,6/2/2025,Good,16.49,0.00029,6.185,0.00011,0.00,0.00,0.00,8.247,0.00015,4.123,7.340e-05,40.97,0.093,0.00,0.00,49.48,0.00088,0.00,0.00,0.00,0.00,0.00,5.773,0.00,0.00,0.0023
-93.78053111,42.02045969,F Fields (F1-F5),TaskName 6/2/2025 (GreenStar 4 Monitor),32%zidua/sharpen,1382,6/2/2025,0.395,On,1121.7,67.50,-20.76,5.116,2.964,3.875,179.77,41.99,41.43,0,10,41.85,6/2/2025,Good,16.57,0.00059,6.214,0.00022,0.00,0.00,0.00,8.285,0.00030,4.143,0.00015,41.16,0.189,0.00,0.00,49.71,0.0018,0.00,0.00,0.00,0.00,0.00,5.800,0.00,0.00,0.0046
-93.78053050,42.02044378,F Fields (F1-F5),TaskName 6/2/2025 (GreenStar 4 Monitor),32%zidua/sharpen,1383,6/2/2025,0.805,On,1121.6,68.75,-25.00,5.068,5.986,4.603,180.22,41.99,41.20,0,10,42.25,6/2/2025,Good,16.48,0.0012,6.181,0.00046,0.00,0.00,0.00,8.241,0.00061,4.120,0.00030,40.94,0.387,0.00,0.00,49.44,0.0036,0.00,0.00,0.00,0.00,0.00,5.769,0.00,0.00,0.0094
-93.78053048,42.02043974,F Fields (F1-F5),TaskName 6/2/2025 (GreenStar 4 Monitor),32%zidua/sharpen,1384,6/2/2025,0.200,On,1121.6,71.25,-23.75,4.962,1.456,4.742,180.26,41.99,41.49,0,10,42.85,6/2/2025,Good,16.60,0.00031,6.224,0.00012,0.00,0.00,0.00,8.298,0.00015,4.149,7.717e-05,41.22,0.098,0.00,0.00,49.79,0.00093,0.00,0.00,0.00,0.00,0.00,5.809,0.00,0.00,0.0024
-93.78053050,42.02043571,F Fields (F1-F5),TaskName 6/2/2025 (GreenStar 4 Monitor),32%zidua/sharpen,1385,6/2/2025,0.200,On,1121.6,72.50,-23.12,4.957,1.456,4.828,180.24,41.99,41.24,0,10,43.61,6/2/2025,Good,16.50,0.00031,6.187,0.00012,0.00,0.00,0.00,8.249,0.00016,4.124,7.806e-05,40.98,0.099,0.00,0.00,49.49,0.00094,0.00,0.00,0.00,0.00,0.00,5.774,0.00,0.00,0.0024
-93.78053058,42.02043177,F Fields (F1-F5),TaskName 6/2/2025 (GreenStar 4 Monitor),32%zidua/sharpen,1386,6/2/2025,0.201,On,1121.5,73.75,-22.50,4.970,1.465,4.788,180.13,41.99,41.54,0,10,44.43,6/2/2025,Good,16.62,0.00032,6.232,0.00012,0.00,0.00,0.00,8.309,0.00016,4.154,8.052e-05,41.27,0.102,0.00,0.00,49.85,0.00097,0.00,0.00,0.00,0.00,0.00,5.816,0.00,0.00,0.0025
-93.78053070,42.02042771,F Fields (F1-F5),TaskName 6/2/2025 (GreenStar 4 Monitor),32%zidua/sharpen,1387,6/2/2025,0.199,On,1121.5,76.25,-21.25,4.964,1.449,4.247,180.13,41.99,41.42,0,10,45.88,6/2/2025,Good,16.57,0.00033,6.212,0.00012,0.00,0.00,0.00,8.283,0.00016,4.142,8.207e-05,41.15,0.104,0.00,0.00,49.70,0.00098,0.00,0.00,0.00,0.00,0.00,5.798,0.00,0.00,0.0025
-93.78053067,42.02042361,F Fields (F1-F5),TaskName 6/2/2025 (GreenStar 4 Monitor),32%zidua/sharpen,1388,6/2/2025,0.200,On,1121.5,77.50,-20.62,4.984,1.462,4.392,180.13,41.99,41.58,0,10,46.82,6/2/2025,Good,16.63,0.00034,6.236,0.00013,0.00,0.00,0.00,8.315,0.00017,4.158,8.449e-05,41.31,0.107,0.00,0.00,49.89,0.0010,0.00,0.00,0.00,0.00,0.00,5.821,0.00,0.00,0.0026
-93.78053068,42.02041950,F Fields (F1-F5),TaskName 6/2/2025 (GreenStar 4 Monitor),32%zidua/sharpen,1389,6/2/2025,0.200,On,1121.5,80.00,-19.37,5.020,1.472,4.332,180.13,41.99,41.67,0,10,48.66,6/2/2025,Good,16.67,0.00035,6.251,0.00013,0.00,0.00,0.00,8.334,0.00018,4.167,8.801e-05,41.40,0.112,0.00,0.00,50.01,0.0011,0.00,0.00,0.00,0.00,0.00,5.834,0.00,0.00,0.0027
-93.78053061,42.02041547,F Fields (F1-F5),TaskName 6/2/2025 (GreenStar 4 Monitor),32%zidua/sharpen,1390,6/2/2025,0.200,On,1121.5,81.25,-18.75,5.049,1.482,4.161,180.16,41.99,41.22,0,10,49.75,6/2/2025,Good,16.49,0.00036,6.184,0.00013,0.00,0.00,0.00,8.245,0.00018,4.122,8.901e-05,40.96,0.113,0.00,0.00,49.47,0.0011,0.00,0.00,0.00,0.00,0.00,5.771,0.00,0.00,0.0028
-93.78053067,42.02041141,F Fields (F1-F5),TaskName 6/2/2025 (GreenStar 4 Monitor),32%zidua/sharpen,1391,6/2/2025,0.205,On,1121.4,83.75,-17.50,5.053,1.521,4.392,180.12,41.99,40.82,0,10,51.36,6/2/2025,Good,16.33,0.00037,6.123,0.00014,0.00,0.00,0.00,8.163,0.00019,4.082,9.326e-05,40.55,0.119,0.00,0.00,48.98,0.0011,0.00,0.00,0.00,0.00,0.00,5.714,0.00,0.00,0.0029
-93.78053077,42.02040738,F Fields (F1-F5),TaskName 6/2/2025 (GreenStar 4 Monitor),32%zidua/sharpen,1392,6/2/2025,0.195,On,1121.4,85.00,-16.87,5.049,1.446,4.280,180.05,41.99,40.82,0,10,52.08,6/2/2025,Good,16.33,0.00036,6.123,0.00013,0.00,0.00,0.00,8.163,0.00018,4.082,8.996e-05,40.55,0.114,0.00,0.00,48.98,0.0011,0.00,0.00,0.00,0.00,0.00,5.714,0.00,0.00,0.0028
-93.78053074,42.02040333,F Fields (F1-F5),TaskName 6/2/2025 (GreenStar 4 Monitor),32%zidua/sharpen,1393,6/2/2025,0.195,On,1121.4,87.50,-15.62,5.051,1.446,4.405,180.11,41.99,40.45,0,10,53.61,6/2/2025,Good,16.18,0.00037,6.068,0.00014,0.00,0.00,0.00,8.091,0.00018,4.045,9.178e-05,40.19,0.117,0.00,0.00,48.54,0.0011,0.00,0.00,0.00,0.00,0.00,5.664,0.00,0.00,0.0029
-93.78053065,42.02039928,F Fields (F1-F5),TaskName 6/2/2025 (GreenStar 4 Monitor),32%zidua/sharpen,1394,6/2/2025,0.205,On,1121.4,88.75,-15.00,5.051,1.518,4.451,180.19,41.99,40.64,0,10,54.31,6/2/2025,Good,16.25,0.00039,6.095,0.00015,0.00,0.00,0.00,8.127,0.00020,4.064,9.818e-05,40.37,0.125,0.00,0.00,48.76,0.0012,0.00,0.00,0.00,0.00,0.00,5.689,0.00,0.00,0.0031
-93.78053058,42.02039530,F Fields (F1-F5),TaskName 6/2/2025 (GreenStar 4 Monitor),32%zidua/sharpen,1395,6/2/2025,0.200,On,1121.4,90.00,-14.37,5.044,1.482,4.306,180.27,41.99,39.93,0,10,55.11,6/2/2025,Good,15.97,0.00038,5.989,0.00014,0.00,0.00,0.00,7.986,0.00019,3.993,9.550e-05,39.67,0.121,0.00,0.00,47.92,0.0011,0.00,0.00,0.00,0.00,0.00,5.590,0.00,0.00,0.0031
-93.78053056,42.02039125,F Fields (F1-F5),TaskName 6/2/2025 (GreenStar 4 Monitor),32%zidua/sharpen,1396,6/2/2025,0.201,On,1121.4,92.50,-13.12,5.022,1.475,4.346,180.30,41.99,40.18,0,10,56.11,6/2/2025,Good,16.07,0.00039,6.026,0.00015,0.00,0.00,0.00,8.035,0.00020,4.018,9.832e-05,39.91,0.125,0.00,0.00,48.21,0.0012,0.00,0.00,0.00,0.00,0.00,5.625,0.00,0.00,0.0031
-93.78053055,42.02038709,F Fields (F1-F5),TaskName 6/2/2025 (GreenStar 4 Monitor),32%zidua/sharpen,1397,6/2/2025,0.195,On,1121.3,93.75,-12.50,5.011,1.433,4.385,180.27,41.99,39.88,0,10,56.92,6/2/2025,Good,15.95,0.00038,5.981,0.00014,0.00,0.00,0.00,7.975,0.00019,3.988,9.605e-05,39.62,0.122,0.00,0.00,47.85,0.0012,0.00,0.00,0.00,0.00,0.00,5.583,0.00,0.00,0.0031
-93.78053057,42.02038307,F Fields (F1-F5),TaskName 6/2/2025 (GreenStar 4 Monitor),32%zidua/sharpen,1398,6/2/2025,0.204,On,1121.3,96.25,-11.25,5.013,1.508,4.365,180.27,41.99,40.08,0,10,58.80,6/2/2025,Good,16.03,0.00042,6.012,0.00016,0.00,0.00,0.00,8.016,0.00021,4.008,0.00010,39.82,0.133,0.00,0.00,48.10,0.0013,0.00,0.00,0.00,0.00,0.00,5.611,0.00,0.00,0.0033
-93.78053054,42.02037904,F Fields (F1-F5),TaskName 6/2/2025 (GreenStar 4 Monitor),32%zidua/sharpen,1399,6/2/2025,0.195,On,1121.3,97.50,-10.62,5.011,1.433,4.181,180.34,41.99,39.97,0,10,59.20,6/2/2025,Good,15.99,0.00040,5.996,0.00015,0.00,0.00,0.00,7.995,0.00020,3.997,0.00010,39.71,0.127,0.00,0.00,47.97,0.0012,0.00,0.00,0.00,0.00,0.00,5.596,0.00,0.00,0.0032
-93.78053049,42.02037499,F Fields (F1-F5),TaskName 6/2/2025 (GreenStar 4 Monitor),32%zidua/sharpen,1400,6/2/2025,0.205,On,1121.3,100.00,-9.375,5.006,1.505,3.930,180.38,41.99,40.03,0,10,60.66,6/2/2025,Good,16.01,0.00043,6.004,0.00016,0.00,0.00,0.00,8.005,0.00022,4.003,0.00011,39.77,0.137,0.00,0.00,48.03,0.0013,0.00,0.00,0.00,0.00,0.00,5.604,0.00,0.00,0.0035
-93.78053052,42.02037090,F Fields (F1-F5),TaskName 6/2/2025 (GreenStar 4 Monitor),32%zidua/sharpen,1401,6/2/2025,0.201,On,1121.3,101.25,-8.750,5.011,1.472,3.751,180.39,41.99,40.15,0,10,61.28,6/2/2025,Good,16.06,0.00043,6.023,0.00016,0.00,0.00,0.00,8.031,0.00021,4.015,0.00011,39.89,0.136,0.00,0.00,48.19,0.0013,0.00,0.00,0.00,0.00,0.00,5.622,0.00,0.00,0.0034
-93.78053059,42.02036689,F Fields (F1-F5),TaskName 6/2/2025 (GreenStar 4 Monitor),32%zidua/sharpen,1402,6/2/2025,0.199,On,1121.3,102.50,-8.125,5.026,1.475,3.864,180.40,41.99,40.02,0,10,62.80,6/2/2025,Good,16.01,0.00043,6.002,0.00016,0.00,0.00,0.00,8.003,0.00022,4.002,0.00011,39.76,0.138,0.00,0.00,48.02,0.0013,0.00,0.00,0.00,0.00,0.00,5.602,0.00,0.00,0.0035
-93.78053052,42.02036291,F Fields (F1-F5),TaskName 6/2/2025 (GreenStar 4 Monitor),32%zidua/sharpen,1403,6/2/2025,0.195,On,1121.3,105.00,-6.875,5.031,1.439,3.890,180.48,41.99,39.80,0,10,64.04,6/2/2025,Good,15.92,0.00043,5.970,0.00016,0.00,0.00,0.00,7.960,0.00022,3.980,0.00011,39.54,0.137,0.00,0.00,47.76,0.0013,0.00,0.00,0.00,0.00,0.00,5.572,0.00,0.00,0.0035
-93.78053046,42.02035884,F Fields (F1-F5),TaskName 6/2/2025 (GreenStar 4 Monitor),32%zidua/sharpen,1404,6/2/2025,0.205,On,1121.3,106.25,-6.250,5.011,1.508,3.844,180.53,41.99,39.85,0,10,64.59,6/2/2025,Good,15.94,0.00046,5.978,0.00017,0.00,0.00,0.00,7.971,0.00023,3.985,0.00011,39.60,0.146,0.00,0.00,47.83,0.0014,0.00,0.00,0.00,0.00,0.00,5.580,0.00,0.00,0.0037
-93.78053042,42.02035477,F Fields (F1-F5),TaskName 6/2/2025 (GreenStar 4 Monitor),32%zidua/sharpen,1405,6/2/2025,0.195,On,1121.3,108.75,-5.000,5.004,1.433,3.778,180.56,41.99,39.82,0,10,66.03,6/2/2025,Good,15.93,0.00045,5.973,0.00017,0.00,0.00,0.00,7.965,0.00022,3.982,0.00011,39.56,0.141,0.00,0.00,47.79,0.0013,0.00,0.00,0.00,0.00,0.00,5.575,0.00,0.00,0.0036
-93.78053038,42.02035078,F Fields (F1-F5),TaskName 6/2/2025 (GreenStar 4 Monitor),32%zidua/sharpen,1406,6/2/2025,0.205,On,1121.3,110.00,-4.375,5.015,1.508,4.022,180.59,41.99,39.65,0,10,66.87,6/2/2025,Good,15.86,0.00047,5.948,0.00018,0.00,0.00,0.00,7.930,0.00024,3.965,0.00012,39.39,0.150,0.00,0.00,47.58,0.0014,0.00,0.00,0.00,0.00,0.00,5.551,0.00,0.00,0.0038
-93.78053035,42.02034682,F Fields (F1-F5),TaskName 6/2/2025 (GreenStar 4 Monitor),32%zidua/sharpen,1407,6/2/2025,0.200,On,1121.3,111.25,-3.750,5.011,1.472,4.524,180.58,41.99,39.81,0,10,67.67,6/2/2025,Good,15.92,0.00047,5.972,0.00018,0.00,0.00,0.00,7.962,0.00023,3.981,0.00012,39.55,0.149,0.00,0.00,47.77,0.0014,0.00,0.00,0.00,0.00,0.00,5.574,0.00,0.00,0.0038
-93.78053041,42.02034281,F Fields (F1-F5),TaskName 6/2/2025 (GreenStar 4 Monitor),32%zidua/sharpen,1408,6/2/2025,0.200,On,1121.3,113.75,-2.500,4.991,1.465,5.032,180.53,41.99,39.76,0,10,68.88,6/2/2025,Good,15.90,0.00048,5.964,0.00018,0.00,0.00,0.00,7.952,0.00024,3.976,0.00012,39.50,0.151,0.00,0.00,47.71,0.0014,0.00,0.00,0.00,0.00,0.00,5.566,0.00,0.00,0.0038
-93.78053037,42.02033878,F Fields (F1-F5),TaskName 6/2/2025 (GreenStar 4 Monitor),32%zidua/sharpen,1409,6/2/2025,0.200,On,1121.3,115.00,-1.875,4.979,1.462,4.947,180.53,41.99,39.99,0,10,69.48,6/2/2025,Good,16.00,0.00048,5.999,0.00018,0.00,0.00,0.00,7.999,0.00024,3.999,0.00012,39.73,0.153,0.00,0.00,47.99,0.0014,0.00,0.00,0.00,0.00,0.00,5.599,0.00,0.00,0.0039
-93.78053048,42.02033480,F Fields (F1-F5),TaskName 6/2/2025 (GreenStar 4 Monitor),32%zidua/sharpen,1410,6/2/2025,0.200,On,1121.3,116.25,-1.250,4.979,1.462,5.006,180.45,41.99,40.13,0,10,70.23,6/2/2025,Good,16.05,0.00049,6.020,0.00018,0.00,0.00,0.00,8.027,0.00024,4.013,0.00012,39.87,0.156,0.00,0.00,48.16,0.0015,0.00,0.00,0.00,0.00,0.00,5.619,0.00,0.00,0.0039
-93.78053063,42.02033087,F Fields (F1-F5),TaskName 6/2/2025 (GreenStar 4 Monitor),32%zidua/sharpen,1411,6/2/2025,0.205,On,1121.3,118.75,3.560e-07,4.977,1.498,4.768,180.33,41.99,40.42,0,10,71.72,6/2/2025,Good,16.17,0.00052,6.063,0.00019,0.00,0.00,0.00,8.084,0.00026,4.042,0.00013,40.16,0.164,0.00,0.00,48.51,0.0015,0.00,0.00,0.00,0.00,0.00,5.659,0.00,0.00,0.0041
-93.78053105,42.02031069,F Fields (F1-F5),TaskName 6/2/2025 (GreenStar 4 Monitor),32%zidua/sharpen,1412,6/2/2025,0.995,On,1121.3,120.00,0.625,4.967,7.255,4.922,179.92,41.99,40.59,0,10,72.31,6/2/2025,Good,16.24,0.0025,6.089,0.00095,0.00,0.00,0.00,8.119,0.0013,4.059,0.00063,40.33,0.806,0.00,0.00,48.71,0.0076,0.00,0.00,0.00,0.00,0.00,5.683,0.00,0.00,0.020
-93.78053088,42.02029054,F Fields (F1-F5),TaskName 6/2/2025 (GreenStar 4 Monitor),32%zidua/sharpen,1413,6/2/2025,1.000,On,1121.2,120.00,0.625,5.001,7.333,4.860,179.95,41.99,40.72,0,10,72.73,6/2/2025,Good,16.29,0.0026,6.108,0.00096,0.00,0.00,0.00,8.144,0.0013,4.072,0.00064,40.45,0.817,0.00,0.00,48.86,0.0077,0.00,0.00,0.00,0.00,0.00,5.701,0.00,0.00,0.020
-93.78053057,42.02027028,F Fields (F1-F5),TaskName 6/2/2025 (GreenStar 4 Monitor),32%zidua/sharpen,1414,6/2/2025,1.000,On,1121.2,120.00,0.625,5.021,7.366,4.767,180.24,41.99,42.40,0,10,73.05,6/2/2025,Good,16.96,0.0027,6.360,0.0010,0.00,0.00,0.00,8.479,0.0013,4.240,0.00067,42.12,0.855,0.00,0.00,50.88,0.0081,0.00,0.00,0.00,0.00,0.00,5.936,0.00,0.00,0.020
-93.78053042,42.02025009,F Fields (F1-F5),TaskName 6/2/2025 (GreenStar 4 Monitor),32%zidua/sharpen,1415,6/2/2025,1.005,On,1121.2,120.00,0.625,5.017,7.399,4.802,180.50,41.99,41.13,0,10,73.01,6/2/2025,Good,16.45,0.0026,6.169,0.00098,0.00,0.00,0.00,8.226,0.0013,4.113,0.00065,40.86,0.833,0.00,0.00,49.35,0.0079,0.00,0.00,0.00,0.00,0.00,5.758,0.00,0.00,0.020
-93.78053076,42.02023793,F Fields (F1-F5),TaskName 6/2/2025 (GreenStar 4 Monitor),32%zidua/sharpen,1416,6/2/2025,0.595,On,1121.1,120.00,0.625,5.026,4.390,5.402,180.11,41.99,31.47,0,10,73.16,6/2/2025,Under Target,12.59,0.0012,4.721,0.00045,0.00,0.00,0.00,6.294,0.00059,3.147,0.00030,31.27,0.378,0.00,0.00,37.77,0.0036,0.00,0.00,0.00,0.00,0.00,4.406,0.00,0.00,0.012
-93.78053080,42.02023387,F Fields (F1-F5),TaskName 6/2/2025 (GreenStar 4 Monitor),32%zidua/sharpen,1417,6/2/2025,0.200,On,1121.2,108.75,-5.000,5.024,1.475,6.010,180.06,41.99,25.53,0,10,66.29,6/2/2025,Under Target,10.21,0.00029,3.829,0.00011,0.00,0.00,0.00,5.106,0.00015,2.553,7.346e-05,25.36,0.093,0.00,0.00,30.64,0.00088,0.00,0.00,0.00,0.00,0.00,3.574,0.00,0.00,0.0037
-93.78053087,42.02022978,F Fields (F1-F5),TaskName 6/2/2025 (GreenStar 4 Monitor),32%zidua/sharpen,1418,6/2/2025,0.200,On,1121.1,92.50,-13.12,5.033,1.478,6.017,180.01,41.99,24.82,0,10,56.51,6/2/2025,Under Target,9.930,0.00024,3.724,9.133e-05,0.00,0.00,0.00,4.965,0.00012,2.482,6.089e-05,24.66,0.077,0.00,0.00,29.79,0.00073,0.00,0.00,0.00,0.00,0.00,3.475,0.00,0.00,0.0031
-93.78053106,42.02022574,F Fields (F1-F5),TaskName 6/2/2025 (GreenStar 4 Monitor),32%zidua/sharpen,1419,6/2/2025,0.200,On,1121.1,81.25,-18.75,5.044,1.482,6.571,179.86,41.99,24.82,0,10,49.75,6/2/2025,Under Target,9.930,0.00021,3.724,8.040e-05,0.00,0.00,0.00,4.965,0.00011,2.482,5.360e-05,24.66,0.068,0.00,0.00,29.79,0.00064,0.00,0.00,0.00,0.00,0.00,3.475,0.00,0.00,0.0028
-93.78053118,42.02022157,F Fields (F1-F5),TaskName 6/2/2025 (GreenStar 4 Monitor),32%zidua/sharpen,1420,6/2/2025,0.200,On,1121.1,61.25,-28.75,5.051,1.482,6.248,179.79,41.99,25.48,0,10,37.50,6/2/2025,Under Target,10.19,0.00017,3.821,6.220e-05,0.00,0.00,0.00,5.095,8.294e-05,2.548,4.147e-05,25.31,0.053,0.00,0.00,30.57,0.00050,0.00,0.00,0.00,0.00,0.00,3.567,0.00,0.00,0.0021
-93.78053114,42.02021725,F Fields (F1-F5),TaskName 6/2/2025 (GreenStar 4 Monitor),32%zidua/sharpen,1421,6/2/2025,0.200,On,1121.1,51.25,-33.75,5.076,1.488,5.389,179.84,41.99,29.22,0,10,31.52,6/2/2025,Under Target,11.69,0.00016,4.383,5.996e-05,0.00,0.00,0.00,5.844,7.994e-05,2.922,3.997e-05,29.03,0.051,0.00,0.00,35.06,0.00048,0.00,0.00,0.00,0.00,0.00,4.090,0.00,0.00,0.0018
-93.78053108,42.02021302,F Fields (F1-F5),TaskName 6/2/2025 (GreenStar 4 Monitor),32%zidua/sharpen,1422,6/2/2025,0.200,On,1121.1,31.25,-43.75,5.143,1.508,5.363,179.84,41.99,31.41,0,10,19.47,6/2/2025,Under Target,12.56,0.00011,4.711,3.982e-05,0.00,0.00,0.00,6.282,5.309e-05,3.141,2.655e-05,31.21,0.034,0.00,0.00,37.69,0.00032,0.00,0.00,0.00,0.00,0.00,4.397,0.00,0.00,0.0011
-93.78053115,42.02020893,F Fields (F1-F5),TaskName 6/2/2025 (GreenStar 4 Monitor),32%zidua/sharpen,1423,6/2/2025,0.200,On,1121.1,20.00,-49.22,5.199,1.524,5.376,179.77,41.99,34.79,0,10,12.60,6/2/2025,Under Target,13.92,7.609e-05,5.218,2.853e-05,0.00,0.00,0.00,6.958,3.804e-05,3.479,1.902e-05,34.56,0.024,0.00,0.00,41.75,0.00023,0.00,0.00,0.00,0.00,0.00,4.870,0.00,0.00,0.00070
-93.78053114,42.02020481,F Fields (F1-F5),TaskName 6/2/2025 (GreenStar 4 Monitor),32%zidua/sharpen,1424,6/2/2025,0.200,On,1121.1,2.500,-59.37,5.196,1.524,5.006,179.73,41.99,37.20,0,10,1.575,6/2/2025,Good,14.88,1.017e-05,5.581,3.814e-06,0.00,0.00,0.00,7.441,5.086e-06,3.720,2.543e-06,36.96,0.0032,0.00,0.00,44.64,3.051e-05,0.00,0.00,0.00,0.00,0.00,5.209,0.00,0.00,8.749e-05
-93.78053121,42.02020066,F Fields (F1-F5),TaskName 6/2/2025 (GreenStar 4 Monitor),32%zidua/sharpen,1425,6/2/2025,0.195,On,1121.0,1.250,-60.00,5.179,1.482,5.052,179.68,41.99,37.20,0,10,0.785,6/2/2025,Good,14.88,4.944e-06,5.581,1.854e-06,0.00,0.00,0.00,7.441,2.472e-06,3.720,1.236e-06,36.96,0.0016,0.00,0.00,44.64,1.483e-05,0.00,0.00,0.00,0.00,0.00,5.209,0.00,0.00,4.252e-05
-93.78064095,42.02283226,F Fields (F1-F5),TaskName 6/13/2025 (GreenStar 4 Monitor),Laudis/Tough,1,6/13/2025,0.201,On,1133.7,10.00,-53.75,2.682,0.784,6.056,179.91,19.99,21.35,0,1,3.224,6/13/2025,Good,8.540,1.201e-05,3.202,4.504e-06,0.00,0.00,0.00,4.270,6.005e-06,2.135,3.002e-06,21.21,0.0038,0.00,0.00,25.62,3.603e-05,0.00,0.00,0.00,0.00,0.00,2.989,0.00,0.00,0.00018
-93.78064096,42.02282828,F Fields (F1-F5),TaskName 6/13/2025 (GreenStar 4 Monitor),Laudis/Tough,2,6/13/2025,0.199,On,1133.6,33.75,-41.87,3.232,0.945,7.390,179.91,19.99,18.80,0,1,13.24,6/13/2025,Good,7.522,4.302e-05,2.821,1.613e-05,0.00,0.00,0.00,3.761,2.151e-05,1.880,1.076e-05,18.68,0.014,0.00,0.00,22.57,0.00013,0.00,0.00,0.00,0.00,0.00,2.633,0.00,0.00,0.00073
-93.78064094,42.02282421,F Fields (F1-F5),TaskName 6/13/2025 (GreenStar 4 Monitor),Laudis/Tough,3,6/13/2025,0.201,On,1133.6,60.00,-28.75,3.767,1.109,8.698,179.81,19.99,19.76,0,1,27.36,6/13/2025,Good,7.903,9.430e-05,2.963,3.536e-05,0.00,0.00,0.00,3.951,4.715e-05,1.976,2.358e-05,19.63,0.030,0.00,0.00,23.71,0.00028,0.00,0.00,0.00,0.00,0.00,2.766,0.00,0.00,0.0015
-93.78064139,42.02279864,F Fields (F1-F5),TaskName 6/13/2025 (GreenStar 4 Monitor),Laudis/Tough,4,6/13/2025,0.999,On,1133.6,67.50,-25.00,5.159,7.451,10.49,179.75,19.99,21.67,0,1,41.61,6/13/2025,Good,8.669,0.00078,3.251,0.00029,0.00,0.00,0.00,4.334,0.00039,2.167,0.00020,21.53,0.249,0.00,0.00,26.01,0.0023,0.00,0.00,0.00,0.00,0.00,3.034,0.00,0.00,0.012
-93.78064088,42.02276784,F Fields (F1-F5),TaskName 6/13/2025 (GreenStar 4 Monitor),Laudis/Tough,5,6/13/2025,1.001,On,1133.3,67.50,-25.00,6.944,10.14,5.569,180.53,19.99,20.77,0,1,56.50,6/13/2025,Good,8.306,0.0010,3.115,0.00038,0.00,0.00,0.00,4.153,0.00051,2.077,0.00025,20.63,0.324,0.00,0.00,24.92,0.0031,0.00,0.00,0.00,0.00,0.00,2.907,0.00,0.00,0.016
-93.78064129,42.02273795,F Fields (F1-F5),TaskName 6/13/2025 (GreenStar 4 Monitor),Laudis/Tough,6,6/13/2025,0.999,On,1133.4,67.50,-25.00,7.588,11.12,4.999,180.99,19.99,20.46,0,1,62.07,6/13/2025,Good,8.184,0.0011,3.069,0.00041,0.00,0.00,0.00,4.092,0.00055,2.046,0.00028,20.33,0.350,0.00,0.00,24.55,0.0033,0.00,0.00,0.00,0.00,0.00,2.864,0.00,0.00,0.017
-93.78064177,42.02270831,F Fields (F1-F5),TaskName 6/13/2025 (GreenStar 4 Monitor),Laudis/Tough,7,6/13/2025,1.000,On,1133.4,67.50,-25.00,7.297,10.69,7.843,180.67,19.99,20.48,0,1,59.65,6/13/2025,Good,8.193,0.0011,3.072,0.00040,0.00,0.00,0.00,4.097,0.00053,2.048,0.00027,20.35,0.337,0.00,0.00,24.58,0.0032,0.00,0.00,0.00,0.00,0.00,2.868,0.00,0.00,0.017
-93.78064246,42.02267811,F Fields (F1-F5),TaskName 6/13/2025 (GreenStar 4 Monitor),Laudis/Tough,8,6/13/2025,0.996,On,1133.4,67.50,-25.00,7.427,10.82,6.824,180.02,19.99,20.28,0,1,60.62,6/13/2025,Good,8.111,0.0011,3.042,0.00040,0.00,0.00,0.00,4.056,0.00053,2.028,0.00027,20.15,0.338,0.00,0.00,24.33,0.0032,0.00,0.00,0.00,0.00,0.00,2.839,0.00,0.00,0.017
-93.78064247,42.02264793,F Fields (F1-F5),TaskName 6/13/2025 (GreenStar 4 Monitor),Laudis/Tough,9,6/13/2025,1.000,On,1133.6,67.50,-25.00,7.568,11.10,7.126,179.74,19.99,20.21,0,1,61.92,6/13/2025,Good,8.085,0.0011,3.032,0.00041,0.00,0.00,0.00,4.043,0.00054,2.021,0.00027,20.08,0.345,0.00,0.00,24.26,0.0033,0.00,0.00,0.00,0.00,0.00,2.830,0.00,0.00,0.017
-93.78064217,42.02261725,F Fields (F1-F5),TaskName 6/13/2025 (GreenStar 4 Monitor),Laudis/Tough,10,6/13/2025,1.000,On,1133.6,67.50,-25.00,7.508,11.00,7.658,180.32,19.99,20.17,0,1,61.39,6/13/2025,Good,8.068,0.0011,3.025,0.00040,0.00,0.00,0.00,4.034,0.00054,2.017,0.00027,20.04,0.342,0.00,0.00,24.20,0.0032,0.00,0.00,0.00,0.00,0.00,2.824,0.00,0.00,0.017
-93.78064169,42.02258636,F Fields (F1-F5),TaskName 6/13/2025 (GreenStar 4 Monitor),Laudis/Tough,11,6/13/2025,1.000,On,1133.8,67.50,-25.00,7.652,11.21,7.032,180.50,19.99,20.05,0,1,62.54,6/13/2025,Good,8.019,0.0011,3.007,0.00041,0.00,0.00,0.00,4.010,0.00054,2.005,0.00027,19.92,0.346,0.00,0.00,24.06,0.0033,0.00,0.00,0.00,0.00,0.00,2.807,0.00,0.00,0.017
-93.78064269,42.02255544,F Fields (F1-F5),TaskName 6/13/2025 (GreenStar 4 Monitor),Laudis/Tough,12,6/13/2025,1.000,On,1133.9,67.50,-25.00,7.718,11.31,7.166,179.06,19.99,20.12,0,1,63.09,6/13/2025,Good,8.049,0.0011,3.019,0.00041,0.00,0.00,0.00,4.025,0.00055,2.012,0.00028,19.99,0.350,0.00,0.00,24.15,0.0033,0.00,0.00,0.00,0.00,0.00,2.817,0.00,0.00,0.018
-93.78064228,42.02252400,F Fields (F1-F5),TaskName 6/13/2025 (GreenStar 4 Monitor),Laudis/Tough,13,6/13/2025,1.000,On,1134.0,67.50,-25.00,7.731,11.33,7.309,179.08,19.99,20.09,0,1,63.22,6/13/2025,Good,8.037,0.0011,3.014,0.00041,0.00,0.00,0.00,4.018,0.00055,2.009,0.00028,19.96,0.351,0.00,0.00,24.11,0.0033,0.00,0.00,0.00,0.00,0.00,2.813,0.00,0.00,0.018
-93.78064114,42.02249239,F Fields (F1-F5),TaskName 6/13/2025 (GreenStar 4 Monitor),Laudis/Tough,14,6/13/2025,0.999,On,1134.0,67.50,-25.00,7.830,11.46,6.951,180.10,19.99,19.98,0,1,63.99,6/13/2025,Good,7.990,0.0011,2.996,0.00042,0.00,0.00,0.00,3.995,0.00055,1.998,0.00028,19.85,0.352,0.00,0.00,23.97,0.0033,0.00,0.00,0.00,0.00,0.00,2.797,0.00,0.00,0.018
-93.78064087,42.02246043,F Fields (F1-F5),TaskName 6/13/2025 (GreenStar 4 Monitor),Laudis/Tough,15,6/13/2025,1.001,On,1134.0,67.50,-25.00,7.880,11.56,6.801,180.34,19.99,19.95,0,1,64.41,6/13/2025,Good,7.979,0.0011,2.992,0.00042,0.00,0.00,0.00,3.989,0.00056,1.995,0.00028,19.82,0.355,0.00,0.00,23.94,0.0033,0.00,0.00,0.00,0.00,0.00,2.793,0.00,0.00,0.018
-93.78064119,42.02242834,F Fields (F1-F5),TaskName 6/13/2025 (GreenStar 4 Monitor),Laudis/Tough,16,6/13/2025,0.999,On,1134.0,67.50,-25.00,7.953,11.64,6.741,180.07,19.99,19.93,0,1,65.00,6/13/2025,Good,7.970,0.0011,2.989,0.00042,0.00,0.00,0.00,3.985,0.00056,1.993,0.00028,19.80,0.357,0.00,0.00,23.91,0.0034,0.00,0.00,0.00,0.00,0.00,2.790,0.00,0.00,0.018
-93.78064152,42.02239642,F Fields (F1-F5),TaskName 6/13/2025 (GreenStar 4 Monitor),Laudis/Tough,17,6/13/2025,1.001,On,1133.9,67.50,-25.00,7.967,11.69,6.533,179.87,19.99,20.01,0,1,65.15,6/13/2025,Good,8.003,0.0011,3.001,0.00042,0.00,0.00,0.00,4.001,0.00057,2.001,0.00028,19.88,0.360,0.00,0.00,24.01,0.0034,0.00,0.00,0.00,0.00,0.00,2.801,0.00,0.00,0.018
-93.78064113,42.02236397,F Fields (F1-F5),TaskName 6/13/2025 (GreenStar 4 Monitor),Laudis/Tough,18,6/13/2025,0.999,On,1133.8,67.50,-25.00,7.983,11.69,6.128,180.36,19.99,20.00,0,1,65.28,6/13/2025,Good,7.999,0.0011,3.000,0.00042,0.00,0.00,0.00,4.000,0.00057,2.000,0.00028,19.87,0.360,0.00,0.00,24.00,0.0034,0.00,0.00,0.00,0.00,0.00,2.800,0.00,0.00,0.018
-93.78064113,42.02233207,F Fields (F1-F5),TaskName 6/13/2025 (GreenStar 4 Monitor),Laudis/Tough,19,6/13/2025,1.000,On,1133.7,67.50,-25.00,7.996,11.72,6.819,180.46,19.99,19.92,0,1,65.36,6/13/2025,Good,7.967,0.0011,2.988,0.00042,0.00,0.00,0.00,3.984,0.00057,1.992,0.00028,19.79,0.359,0.00,0.00,23.90,0.0034,0.00,0.00,0.00,0.00,0.00,2.789,0.00,0.00,0.018
-93.78064179,42.02230013,F Fields (F1-F5),TaskName 6/13/2025 (GreenStar 4 Monitor),Laudis/Tough,20,6/13/2025,1.000,On,1133.6,67.50,-25.00,7.939,11.64,6.342,179.95,19.99,19.95,0,1,64.95,6/13/2025,Good,7.981,0.0011,2.993,0.00042,0.00,0.00,0.00,3.991,0.00056,1.995,0.00028,19.82,0.358,0.00,0.00,23.94,0.0034,0.00,0.00,0.00,0.00,0.00,2.793,0.00,0.00,0.018
-93.78064182,42.02226803,F Fields (F1-F5),TaskName 6/13/2025 (GreenStar 4 Monitor),Laudis/Tough,21,6/13/2025,1.001,On,1133.5,67.50,-25.00,7.977,11.71,5.995,179.91,19.99,19.96,0,1,65.25,6/13/2025,Good,7.986,0.0011,2.995,0.00042,0.00,0.00,0.00,3.993,0.00057,1.996,0.00028,19.83,0.360,0.00,0.00,23.96,0.0034,0.00,0.00,0.00,0.00,0.00,2.795,0.00,0.00,0.018
-93.78064159,42.02223623,F Fields (F1-F5),TaskName 6/13/2025 (GreenStar 4 Monitor),Laudis/Tough,22,6/13/2025,0.999,On,1133.4,67.50,-25.00,7.938,11.63,6.412,180.27,19.99,19.98,0,1,64.96,6/13/2025,Good,7.994,0.0011,2.998,0.00042,0.00,0.00,0.00,3.997,0.00056,1.998,0.00028,19.85,0.358,0.00,0.00,23.98,0.0034,0.00,0.00,0.00,0.00,0.00,2.798,0.00,0.00,0.018
-93.78064155,42.02220450,F Fields (F1-F5),TaskName 6/13/2025 (GreenStar 4 Monitor),Laudis/Tough,23,6/13/2025,1.001,On,1133.3,67.50,-25.00,7.883,11.57,6.643,180.45,19.99,19.93,0,1,64.50,6/13/2025,Good,7.974,0.0011,2.990,0.00042,0.00,0.00,0.00,3.987,0.00056,1.993,0.00028,19.80,0.355,0.00,0.00,23.92,0.0034,0.00,0.00,0.00,0.00,0.00,2.791,0.00,0.00,0.018
-93.78064201,42.02217268,F Fields (F1-F5),TaskName 6/13/2025 (GreenStar 4 Monitor),Laudis/Tough,24,6/13/2025,1.000,On,1133.3,67.50,-25.00,7.911,11.61,6.336,180.09,19.99,20.04,0,1,64.75,6/13/2025,Good,8.017,0.0011,3.006,0.00042,0.00,0.00,0.00,4.008,0.00056,2.004,0.00028,19.91,0.358,0.00,0.00,24.05,0.0034,0.00,0.00,0.00,0.00,0.00,2.806,0.00,0.00,0.018
-93.78064228,42.02214101,F Fields (F1-F5),TaskName 6/13/2025 (GreenStar 4 Monitor),Laudis/Tough,25,6/13/2025,1.000,On,1133.3,67.50,-25.00,7.883,11.55,5.912,179.84,19.99,20.03,0,1,64.44,6/13/2025,Good,8.012,0.0011,3.004,0.00042,0.00,0.00,0.00,4.006,0.00056,2.003,0.00028,19.90,0.356,0.00,0.00,24.04,0.0034,0.00,0.00,0.00,0.00,0.00,2.804,0.00,0.00,0.018
-93.78064213,42.02210919,F Fields (F1-F5),TaskName 6/13/2025 (GreenStar 4 Monitor),Laudis/Tough,26,6/13/2025,1.000,On,1133.2,67.50,-25.00,7.915,11.62,6.029,179.97,19.99,20.00,0,1,64.84,6/13/2025,Good,8.001,0.0011,3.000,0.00042,0.00,0.00,0.00,4.000,0.00056,2.000,0.00028,19.87,0.358,0.00,0.00,24.00,0.0034,0.00,0.00,0.00,0.00,0.00,2.800,0.00,0.00,0.018
-93.78064188,42.02207770,F Fields (F1-F5),TaskName 6/13/2025 (GreenStar 4 Monitor),Laudis/Tough,27,6/13/2025,1.000,On,1133.2,67.50,-25.00,7.851,11.52,6.449,180.32,19.99,19.99,0,1,64.25,6/13/2025,Good,7.997,0.0011,2.999,0.00042,0.00,0.00,0.00,3.998,0.00056,1.999,0.00028,19.86,0.354,0.00,0.00,23.99,0.0033,0.00,0.00,0.00,0.00,0.00,2.799,0.00,0.00,0.018
-93.78064218,42.02204633,F Fields (F1-F5),TaskName 6/13/2025 (GreenStar 4 Monitor),Laudis/Tough,28,6/13/2025,0.999,On,1133.2,67.50,-25.00,7.788,11.41,6.873,179.91,19.99,20.06,0,1,63.73,6/13/2025,Good,8.025,0.0011,3.009,0.00042,0.00,0.00,0.00,4.012,0.00055,2.006,0.00028,19.93,0.353,0.00,0.00,24.07,0.0033,0.00,0.00,0.00,0.00,0.00,2.809,0.00,0.00,0.018
-93.78064258,42.02201477,F Fields (F1-F5),TaskName 6/13/2025 (GreenStar 4 Monitor),Laudis/Tough,29,6/13/2025,1.001,On,1133.2,67.50,-25.00,7.839,11.51,6.495,179.49,19.99,20.06,0,1,64.15,6/13/2025,Good,8.022,0.0011,3.008,0.00042,0.00,0.00,0.00,4.011,0.00056,2.006,0.00028,19.93,0.355,0.00,0.00,24.07,0.0034,0.00,0.00,0.00,0.00,0.00,2.808,0.00,0.00,0.018
-93.78064226,42.02198294,F Fields (F1-F5),TaskName 6/13/2025 (GreenStar 4 Monitor),Laudis/Tough,30,6/13/2025,0.999,On,1133.2,67.50,-25.00,7.875,11.54,6.164,179.78,19.99,20.00,0,1,64.45,6/13/2025,Good,7.999,0.0011,3.000,0.00042,0.00,0.00,0.00,4.000,0.00056,2.000,0.00028,19.87,0.355,0.00,0.00,24.00,0.0034,0.00,0.00,0.00,0.00,0.00,2.800,0.00,0.00,0.018
-93.78064175,42.02195116,F Fields (F1-F5),TaskName 6/13/2025 (GreenStar 4 Monitor),Laudis/Tough,31,6/13/2025,1.000,On,1133.0,67.50,-25.00,7.900,11.59,6.004,180.07,19.99,19.88,0,1,64.64,6/13/2025,Good,7.953,0.0011,2.982,0.00042,0.00,0.00,0.00,3.977,0.00056,1.988,0.00028,19.75,0.355,0.00,0.00,23.86,0.0033,0.00,0.00,0.00,0.00,0.00,2.784,0.00,0.00,0.018
-93.78064176,42.02191929,F Fields (F1-F5),TaskName 6/13/2025 (GreenStar 4 Monitor),Laudis/Tough,32,6/13/2025,1.000,On,1132.9,67.50,-25.00,7.902,11.59,5.786,180.02,19.99,19.96,0,1,64.67,6/13/2025,Good,7.983,0.0011,2.994,0.00042,0.00,0.00,0.00,3.991,0.00056,1.996,0.00028,19.83,0.356,0.00,0.00,23.95,0.0034,0.00,0.00,0.00,0.00,0.00,2.794,0.00,0.00,0.018
-93.78064189,42.02188751,F Fields (F1-F5),TaskName 6/13/2025 (GreenStar 4 Monitor),Laudis/Tough,33,6/13/2025,0.995,On,1132.7,67.50,-25.00,7.920,11.56,6.240,179.71,19.99,20.01,0,1,64.80,6/13/2025,Good,8.004,0.0011,3.002,0.00042,0.00,0.00,0.00,4.002,0.00056,2.001,0.00028,19.88,0.356,0.00,0.00,24.01,0.0034,0.00,0.00,0.00,0.00,0.00,2.801,0.00,0.00,0.018
-93.78064197,42.02185586,F Fields (F1-F5),TaskName 6/13/2025 (GreenStar 4 Monitor),Laudis/Tough,34,6/13/2025,1.005,On,1132.5,67.50,-25.00,7.880,11.62,6.005,179.73,19.99,19.99,0,1,64.50,6/13/2025,Good,7.997,0.0011,2.999,0.00042,0.00,0.00,0.00,3.999,0.00056,1.999,0.00028,19.86,0.358,0.00,0.00,23.99,0.0034,0.00,0.00,0.00,0.00,0.00,2.799,0.00,0.00,0.018
-93.78064144,42.02182452,F Fields (F1-F5),TaskName 6/13/2025 (GreenStar 4 Monitor),Laudis/Tough,35,6/13/2025,1.001,On,1132.3,67.50,-25.00,7.868,11.55,5.139,180.14,19.99,19.93,0,1,64.39,6/13/2025,Good,7.970,0.0011,2.989,0.00042,0.00,0.00,0.00,3.985,0.00056,1.993,0.00028,19.80,0.354,0.00,0.00,23.91,0.0033,0.00,0.00,0.00,0.00,0.00,2.790,0.00,0.00,0.018
-93.78064189,42.02179354,F Fields (F1-F5),TaskName 6/13/2025 (GreenStar 4 Monitor),Laudis/Tough,36,6/13/2025,0.994,On,1132.2,67.50,-25.00,7.700,11.23,5.863,179.93,19.99,20.02,0,1,63.00,6/13/2025,Good,8.006,0.0011,3.002,0.00041,0.00,0.00,0.00,4.003,0.00054,2.002,0.00027,19.89,0.346,0.00,0.00,24.02,0.0033,0.00,0.00,0.00,0.00,0.00,2.802,0.00,0.00,0.017
-93.78064227,42.02176418,F Fields (F1-F5),TaskName 6/13/2025 (GreenStar 4 Monitor),Laudis/Tough,37,6/13/2025,1.006,On,1132.0,67.50,-25.00,7.600,11.21,4.081,179.51,19.99,19.96,0,1,62.18,6/13/2025,Good,7.985,0.0011,2.995,0.00041,0.00,0.00,0.00,3.993,0.00054,1.996,0.00027,19.83,0.345,0.00,0.00,23.96,0.0033,0.00,0.00,0.00,0.00,0.00,2.795,0.00,0.00,0.017
-93.78064197,42.02173731,F Fields (F1-F5),TaskName 6/13/2025 (GreenStar 4 Monitor),Laudis/Tough,38,6/13/2025,1.000,On,1131.8,67.50,-25.00,7.068,10.36,4.369,179.37,19.99,20.03,0,1,57.81,6/13/2025,Good,8.013,0.0010,3.005,0.00038,0.00,0.00,0.00,4.007,0.00050,2.003,0.00025,19.90,0.320,0.00,0.00,24.04,0.0030,0.00,0.00,0.00,0.00,0.00,2.805,0.00,0.00,0.016
-93.78064167,42.02172220,F Fields (F1-F5),TaskName 6/13/2025 (GreenStar 4 Monitor),Laudis/Tough,39,6/13/2025,0.600,On,1131.7,67.50,-25.00,6.534,5.750,4.346,178.62,19.99,20.05,0,1,53.46,6/13/2025,Good,8.018,0.00056,3.007,0.00021,0.00,0.00,0.00,4.009,0.00028,2.005,0.00014,19.92,0.177,0.00,0.00,24.05,0.0017,0.00,0.00,0.00,0.00,0.00,2.806,0.00,0.00,0.0089
-93.77982480,42.02169538,F Fields (F1-F5),TaskName 6/13/2025 (GreenStar 4 Monitor),Laudis/Tough,40,6/13/2025,0.400,On,1129.9,67.50,-25.00,4.954,2.902,11.51,358.82,19.99,20.42,0,2,40.48,6/13/2025,Good,8.166,0.00029,3.062,0.00011,0.00,0.00,0.00,4.083,0.00014,2.042,7.173e-05,20.28,0.091,0.00,0.00,24.50,0.00086,0.00,0.00,0.00,0.00,0.00,2.858,0.00,0.00,0.0045
-93.77982626,42.02175011,F Fields (F1-F5),TaskName 6/13/2025 (GreenStar 4 Monitor),Laudis/Tough,41,6/13/2025,1.000,On,1130.1,67.50,-25.00,6.833,10.02,6.028,358.06,19.99,20.04,0,3,55.89,6/13/2025,Good,8.018,0.00097,3.007,0.00036,0.00,0.00,0.00,4.009,0.00049,2.004,0.00024,19.91,0.309,0.00,0.00,24.05,0.0029,0.00,0.00,0.00,0.00,0.00,2.806,0.00,0.00,0.016
-93.77982833,42.02178077,F Fields (F1-F5),TaskName 6/13/2025 (GreenStar 4 Monitor),Laudis/Tough,42,6/13/2025,0.999,On,1130.2,67.50,-25.00,7.078,10.36,10.14,0.110,19.99,20.16,0,3,57.85,6/13/2025,Good,8.065,0.0010,3.024,0.00038,0.00,0.00,0.00,4.033,0.00051,2.016,0.00025,20.03,0.322,0.00,0.00,24.20,0.0030,0.00,0.00,0.00,0.00,0.00,2.823,0.00,0.00,0.016
-93.77982855,42.02181367,F Fields (F1-F5),TaskName 6/13/2025 (GreenStar 4 Monitor),Laudis/Tough,43,6/13/2025,1.001,On,1130.3,67.50,-25.00,7.909,11.60,6.622,0.729,19.99,19.94,0,3,64.66,6/13/2025,Good,7.976,0.0011,2.991,0.00042,0.00,0.00,0.00,3.988,0.00056,1.994,0.00028,19.81,0.356,0.00,0.00,23.93,0.0034,0.00,0.00,0.00,0.00,0.00,2.791,0.00,0.00,0.018
-93.77982722,42.02184570,F Fields (F1-F5),TaskName 6/13/2025 (GreenStar 4 Monitor),Laudis/Tough,44,6/13/2025,1.000,On,1130.4,67.50,-25.00,8.091,11.87,7.032,359.70,19.99,19.97,0,3,66.19,6/13/2025,Good,7.986,0.0011,2.995,0.00043,0.00,0.00,0.00,3.993,0.00057,1.997,0.00029,19.84,0.365,0.00,0.00,23.96,0.0034,0.00,0.00,0.00,0.00,0.00,2.795,0.00,0.00,0.018
-93.77982742,42.02187796,F Fields (F1-F5),TaskName 6/13/2025 (GreenStar 4 Monitor),Laudis/Tough,45,6/13/2025,1.000,On,1130.6,67.50,-25.00,7.972,11.68,7.049,0.212,19.99,19.88,0,3,65.13,6/13/2025,Good,7.950,0.0011,2.981,0.00042,0.00,0.00,0.00,3.975,0.00056,1.988,0.00028,19.75,0.357,0.00,0.00,23.85,0.0034,0.00,0.00,0.00,0.00,0.00,2.783,0.00,0.00,0.018
-93.77982766,42.02191021,F Fields (F1-F5),TaskName 6/13/2025 (GreenStar 4 Monitor),Laudis/Tough,46,6/13/2025,0.999,On,1130.8,67.50,-25.00,8.015,11.75,7.015,0.619,19.99,19.92,0,3,65.63,6/13/2025,Good,7.968,0.0011,2.988,0.00043,0.00,0.00,0.00,3.984,0.00057,1.992,0.00028,19.79,0.360,0.00,0.00,23.91,0.0034,0.00,0.00,0.00,0.00,0.00,2.789,0.00,0.00,0.018
-93.77982685,42.02194235,F Fields (F1-F5),TaskName 6/13/2025 (GreenStar 4 Monitor),Laudis/Tough,47,6/13/2025,1.000,On,1131.1,67.50,-25.00,8.006,11.74,6.924,0.047,19.99,19.95,0,3,65.50,6/13/2025,Good,7.980,0.0011,2.993,0.00043,0.00,0.00,0.00,3.990,0.00057,1.995,0.00028,19.82,0.361,0.00,0.00,23.94,0.0034,0.00,0.00,0.00,0.00,0.00,2.793,0.00,0.00,0.018
-93.77982668,42.02197449,F Fields (F1-F5),TaskName 6/13/2025 (GreenStar 4 Monitor),Laudis/Tough,48,6/13/2025,0.995,On,1131.3,67.50,-25.00,8.016,11.69,6.777,359.91,19.99,19.92,0,3,65.55,6/13/2025,Good,7.967,0.0011,2.988,0.00042,0.00,0.00,0.00,3.983,0.00056,1.992,0.00028,19.79,0.358,0.00,0.00,23.90,0.0034,0.00,0.00,0.00,0.00,0.00,2.788,0.00,0.00,0.018
-93.77982708,42.02200666,F Fields (F1-F5),TaskName 6/13/2025 (GreenStar 4 Monitor),Laudis/Tough,49,6/13/2025,1.001,On,1131.5,67.50,-25.00,7.993,11.73,6.715,0.290,19.99,19.97,0,3,65.39,6/13/2025,Good,7.989,0.0011,2.996,0.00043,0.00,0.00,0.00,3.994,0.00057,1.997,0.00028,19.84,0.361,0.00,0.00,23.97,0.0034,0.00,0.00,0.00,0.00,0.00,2.796,0.00,0.00,0.018
-93.77982717,42.02203879,F Fields (F1-F5),TaskName 6/13/2025 (GreenStar 4 Monitor),Laudis/Tough,50,6/13/2025,0.999,On,1131.6,67.50,-25.00,7.981,11.69,6.616,0.502,19.99,19.98,0,3,65.27,6/13/2025,Good,7.992,0.0011,2.997,0.00042,0.00,0.00,0.00,3.996,0.00057,1.998,0.00028,19.85,0.360,0.00,0.00,23.97,0.0034,0.00,0.00,0.00,0.00,0.00,2.797,0.00,0.00,0.018
-93.77982677,42.02207085,F Fields (F1-F5),TaskName 6/13/2025 (GreenStar 4 Monitor),Laudis/Tough,51,6/13/2025,1.005,On,1131.8,67.50,-25.00,7.967,11.74,6.262,0.314,19.99,19.99,0,3,65.19,6/13/2025,Good,7.996,0.0011,2.999,0.00043,0.00,0.00,0.00,3.998,0.00057,1.999,0.00028,19.86,0.361,0.00,0.00,23.99,0.0034,0.00,0.00,0.00,0.00,0.00,2.799,0.00,0.00,0.018
-93.77982646,42.02210266,F Fields (F1-F5),TaskName 6/13/2025 (GreenStar 4 Monitor),Laudis/Tough,52,6/13/2025,0.996,On,1132.0,67.50,-25.00,7.952,11.62,6.494,0.070,19.99,19.99,0,3,65.08,6/13/2025,Good,7.995,0.0011,2.998,0.00042,0.00,0.00,0.00,3.997,0.00056,1.999,0.00028,19.86,0.358,0.00,0.00,23.98,0.0034,0.00,0.00,0.00,0.00,0.00,2.798,0.00,0.00,0.018
-93.77982634,42.02213437,F Fields (F1-F5),TaskName 6/13/2025 (GreenStar 4 Monitor),Laudis/Tough,53,6/13/2025,1.000,On,1132.2,67.50,-25.00,7.897,11.58,6.856,0.047,19.99,20.01,0,3,64.63,6/13/2025,Good,8.004,0.0011,3.001,0.00042,0.00,0.00,0.00,4.002,0.00056,2.001,0.00028,19.88,0.357,0.00,0.00,24.01,0.0034,0.00,0.00,0.00,0.00,0.00,2.801,0.00,0.00,0.018
-93.77982649,42.02216609,F Fields (F1-F5),TaskName 6/13/2025 (GreenStar 4 Monitor),Laudis/Tough,54,6/13/2025,1.000,On,1132.4,67.50,-25.00,7.861,11.54,6.609,0.266,19.99,20.00,0,3,64.35,6/13/2025,Good,7.999,0.0011,3.000,0.00042,0.00,0.00,0.00,4.000,0.00056,2.000,0.00028,19.87,0.355,0.00,0.00,24.00,0.0034,0.00,0.00,0.00,0.00,0.00,2.800,0.00,0.00,0.018
-93.77982652,42.02219764,F Fields (F1-F5),TaskName 6/13/2025 (GreenStar 4 Monitor),Laudis/Tough,55,6/13/2025,1.000,On,1132.6,67.50,-25.00,7.867,11.54,6.596,0.439,19.99,19.97,0,3,64.37,6/13/2025,Good,7.989,0.0011,2.996,0.00042,0.00,0.00,0.00,3.994,0.00056,1.997,0.00028,19.84,0.355,0.00,0.00,23.97,0.0033,0.00,0.00,0.00,0.00,0.00,2.796,0.00,0.00,0.018
-93.77982609,42.02222927,F Fields (F1-F5),TaskName 6/13/2025 (GreenStar 4 Monitor),Laudis/Tough,56,6/13/2025,1.000,On,1132.8,67.50,-25.00,7.865,11.53,6.804,0.227,19.99,20.06,0,3,64.30,6/13/2025,Good,8.023,0.0011,3.009,0.00042,0.00,0.00,0.00,4.011,0.00056,2.006,0.00028,19.93,0.356,0.00,0.00,24.07,0.0034,0.00,0.00,0.00,0.00,0.00,2.808,0.00,0.00,0.018
-93.77982568,42.02226088,F Fields (F1-F5),TaskName 6/13/2025 (GreenStar 4 Monitor),Laudis/Tough,57,6/13/2025,1.004,On,1133.1,67.50,-25.00,7.858,11.58,6.444,359.87,19.99,19.98,0,3,64.35,6/13/2025,Good,7.992,0.0011,2.997,0.00042,0.00,0.00,0.00,3.996,0.00056,1.998,0.00028,19.85,0.356,0.00,0.00,23.97,0.0034,0.00,0.00,0.00,0.00,0.00,2.797,0.00,0.00,0.018
-93.77982602,42.02229237,F Fields (F1-F5),TaskName 6/13/2025 (GreenStar 4 Monitor),Laudis/Tough,58,6/13/2025,0.996,On,1133.3,67.50,-25.00,7.843,11.45,7.019,359.96,19.99,20.04,0,3,64.13,6/13/2025,Good,8.016,0.0011,3.006,0.00042,0.00,0.00,0.00,4.008,0.00056,2.004,0.00028,19.91,0.353,0.00,0.00,24.05,0.0033,0.00,0.00,0.00,0.00,0.00,2.806,0.00,0.00,0.018
-93.77982620,42.02232410,F Fields (F1-F5),TaskName 6/13/2025 (GreenStar 4 Monitor),Laudis/Tough,59,6/13/2025,1.004,On,1133.6,67.50,-25.00,7.840,11.56,6.849,0.015,19.99,19.99,0,3,64.22,6/13/2025,Good,7.994,0.0011,2.998,0.00042,0.00,0.00,0.00,3.997,0.00056,1.999,0.00028,19.86,0.356,0.00,0.00,23.98,0.0034,0.00,0.00,0.00,0.00,0.00,2.798,0.00,0.00,0.018
-93.77982620,42.02235568,F Fields (F1-F5),TaskName 6/13/2025 (GreenStar 4 Monitor),Laudis/Tough,60,6/13/2025,0.995,On,1133.8,67.50,-25.00,7.875,11.50,6.879,359.92,19.99,20.08,0,3,64.45,6/13/2025,Good,8.032,0.0011,3.012,0.00042,0.00,0.00,0.00,4.016,0.00056,2.008,0.00028,19.95,0.355,0.00,0.00,24.10,0.0034,0.00,0.00,0.00,0.00,0.00,2.811,0.00,0.00,0.018
-93.77982619,42.02238713,F Fields (F1-F5),TaskName 6/13/2025 (GreenStar 4 Monitor),Laudis/Tough,61,6/13/2025,1.005,On,1134.2,67.50,-25.00,7.839,11.56,7.169,359.94,19.99,20.03,0,3,64.16,6/13/2025,Good,8.014,0.0011,3.005,0.00042,0.00,0.00,0.00,4.007,0.00056,2.003,0.00028,19.90,0.357,0.00,0.00,24.04,0.0034,0.00,0.00,0.00,0.00,0.00,2.805,0.00,0.00,0.018
-93.77982616,42.02241861,F Fields (F1-F5),TaskName 6/13/2025 (GreenStar 4 Monitor),Laudis/Tough,62,6/13/2025,0.996,On,1134.4,67.50,-25.00,7.822,11.42,7.116,359.92,19.99,19.96,0,3,63.95,6/13/2025,Good,7.983,0.0011,2.994,0.00041,0.00,0.00,0.00,3.991,0.00055,1.996,0.00028,19.83,0.351,0.00,0.00,23.95,0.0033,0.00,0.00,0.00,0.00,0.00,2.794,0.00,0.00,0.018
-93.77982628,42.02245024,F Fields (F1-F5),TaskName 6/13/2025 (GreenStar 4 Monitor),Laudis/Tough,63,6/13/2025,0.999,On,1134.7,67.50,-25.00,7.815,11.46,7.057,0.125,19.99,20.04,0,3,64.01,6/13/2025,Good,8.015,0.0011,3.006,0.00042,0.00,0.00,0.00,4.008,0.00056,2.004,0.00028,19.91,0.354,0.00,0.00,24.05,0.0033,0.00,0.00,0.00,0.00,0.00,2.805,0.00,0.00,0.018
-93.77982641,42.02248198,F Fields (F1-F5),TaskName 6/13/2025 (GreenStar 4 Monitor),Laudis/Tough,64,6/13/2025,1.001,On,1134.9,67.50,-25.00,7.874,11.55,7.253,0.407,19.99,19.96,0,3,64.36,6/13/2025,Good,7.985,0.0011,2.994,0.00042,0.00,0.00,0.00,3.993,0.00056,1.996,0.00028,19.83,0.355,0.00,0.00,23.96,0.0033,0.00,0.00,0.00,0.00,0.00,2.795,0.00,0.00,0.018
-93.77982582,42.02251379,F Fields (F1-F5),TaskName 6/13/2025 (GreenStar 4 Monitor),Laudis/Tough,65,6/13/2025,1.004,On,1135.1,67.50,-25.00,7.892,11.64,6.969,359.80,19.99,20.00,0,3,64.66,6/13/2025,Good,7.998,0.0011,2.999,0.00042,0.00,0.00,0.00,3.999,0.00056,2.000,0.00028,19.87,0.358,0.00,0.00,24.00,0.0034,0.00,0.00,0.00,0.00,0.00,2.799,0.00,0.00,0.018
-93.77982553,42.02254569,F Fields (F1-F5),TaskName 6/13/2025 (GreenStar 4 Monitor),Laudis/Tough,66,6/13/2025,0.995,On,1135.2,67.50,-25.00,7.908,11.54,6.717,359.29,19.99,19.99,0,3,64.69,6/13/2025,Good,7.997,0.0011,2.999,0.00042,0.00,0.00,0.00,3.998,0.00056,1.999,0.00028,19.86,0.355,0.00,0.00,23.99,0.0034,0.00,0.00,0.00,0.00,0.00,2.799,0.00,0.00,0.018
-93.77982626,42.02257792,F Fields (F1-F5),TaskName 6/13/2025 (GreenStar 4 Monitor),Laudis/Tough,67,6/13/2025,1.001,On,1135.4,67.50,-25.00,7.981,11.72,6.256,359.81,19.99,19.94,0,3,65.29,6/13/2025,Good,7.978,0.0011,2.992,0.00042,0.00,0.00,0.00,3.989,0.00057,1.994,0.00028,19.81,0.360,0.00,0.00,23.93,0.0034,0.00,0.00,0.00,0.00,0.00,2.792,0.00,0.00,0.018
-93.77982667,42.02261008,F Fields (F1-F5),TaskName 6/13/2025 (GreenStar 4 Monitor),Laudis/Tough,68,6/13/2025,1.000,On,1135.4,67.50,-25.00,7.982,11.70,7.014,359.94,19.99,19.94,0,3,65.27,6/13/2025,Good,7.977,0.0011,2.991,0.00042,0.00,0.00,0.00,3.988,0.00056,1.994,0.00028,19.81,0.359,0.00,0.00,23.93,0.0034,0.00,0.00,0.00,0.00,0.00,2.792,0.00,0.00,0.018
-93.77982641,42.02264213,F Fields (F1-F5),TaskName 6/13/2025 (GreenStar 4 Monitor),Laudis/Tough,69,6/13/2025,1.000,On,1135.5,67.50,-25.00,7.943,11.66,6.610,359.54,19.99,19.98,0,3,65.07,6/13/2025,Good,7.993,0.0011,2.997,0.00042,0.00,0.00,0.00,3.997,0.00056,1.998,0.00028,19.85,0.359,0.00,0.00,23.98,0.0034,0.00,0.00,0.00,0.00,0.00,2.798,0.00,0.00,0.018
-93.77982669,42.02267438,F Fields (F1-F5),TaskName 6/13/2025 (GreenStar 4 Monitor),Laudis/Tough,70,6/13/2025,1.000,On,1135.4,67.50,-25.00,8.023,11.76,5.849,359.65,19.99,19.95,0,3,65.60,6/13/2025,Good,7.980,0.0011,2.993,0.00043,0.00,0.00,0.00,3.990,0.00057,1.995,0.00028,19.82,0.361,0.00,0.00,23.94,0.0034,0.00,0.00,0.00,0.00,0.00,2.793,0.00,0.00,0.018
-93.77982709,42.02270685,F Fields (F1-F5),TaskName 6/13/2025 (GreenStar 4 Monitor),Laudis/Tough,71,6/13/2025,1.000,On,1135.5,67.50,-25.00,8.047,11.81,5.288,359.80,19.99,19.91,0,3,65.91,6/13/2025,Good,7.962,0.0011,2.986,0.00043,0.00,0.00,0.00,3.981,0.00057,1.991,0.00028,19.78,0.362,0.00,0.00,23.89,0.0034,0.00,0.00,0.00,0.00,0.00,2.787,0.00,0.00,0.018
-93.77982686,42.02273850,F Fields (F1-F5),TaskName 6/13/2025 (GreenStar 4 Monitor),Laudis/Tough,72,6/13/2025,1.000,On,1135.6,67.50,-25.00,8.016,11.76,5.996,359.07,19.99,19.97,0,3,65.61,6/13/2025,Good,7.989,0.0011,2.996,0.00043,0.00,0.00,0.00,3.994,0.00057,1.997,0.00028,19.84,0.362,0.00,0.00,23.97,0.0034,0.00,0.00,0.00,0.00,0.00,2.796,0.00,0.00,0.018
-93.77982715,42.02276827,F Fields (F1-F5),TaskName 6/13/2025 (GreenStar 4 Monitor),Laudis/Tough,73,6/13/2025,1.000,On,1135.7,67.50,-25.00,7.707,11.31,3.791,358.70,19.99,19.92,0,3,63.07,6/13/2025,Good,7.970,0.0011,2.989,0.00041,0.00,0.00,0.00,3.985,0.00055,1.992,0.00027,19.79,0.347,0.00,0.00,23.91,0.0033,0.00,0.00,0.00,0.00,0.00,2.789,0.00,0.00,0.018
-93.77982826,42.02279543,F Fields (F1-F5),TaskName 6/13/2025 (GreenStar 4 Monitor),Laudis/Tough,74,6/13/2025,0.999,On,1136.1,67.50,-25.00,7.118,10.43,5.880,358.97,19.99,20.10,0,3,58.24,6/13/2025,Good,8.041,0.0010,3.015,0.00038,0.00,0.00,0.00,4.020,0.00051,2.010,0.00025,19.97,0.323,0.00,0.00,24.12,0.0030,0.00,0.00,0.00,0.00,0.00,2.814,0.00,0.00,0.016
-93.77982892,42.02282191,F Fields (F1-F5),TaskName 6/13/2025 (GreenStar 4 Monitor),Laudis/Tough,75,6/13/2025,1.001,On,1136.0,67.50,-25.00,6.673,9.800,6.876,359.04,19.99,20.11,0,3,54.62,6/13/2025,Good,8.042,0.00095,3.016,0.00036,0.00,0.00,0.00,4.021,0.00048,2.011,0.00024,19.97,0.303,0.00,0.00,24.13,0.0029,0.00,0.00,0.00,0.00,0.00,2.815,0.00,0.00,0.015
-93.77982919,42.02283330,F Fields (F1-F5),TaskName 6/13/2025 (GreenStar 4 Monitor),Laudis/Tough,76,6/13/2025,0.400,On,1135.9,67.50,-25.00,6.664,3.908,3.132,359.00,19.99,20.11,0,3,54.51,6/13/2025,Good,8.044,0.00038,3.016,0.00014,0.00,0.00,0.00,4.022,0.00019,2.011,9.515e-05,19.98,0.121,0.00,0.00,24.13,0.0011,0.00,0.00,0.00,0.00,0.00,2.815,0.00,0.00,0.0061
-93.78025740,42.02282913,F Fields (F1-F5),TaskName 6/13/2025 (GreenStar 4 Monitor),Laudis/Tough,77,6/13/2025,0.200,On,1134.9,100.00,-3.750,2.287,0.669,4.068,177.26,19.99,21.38,0,4,27.66,6/13/2025,Good,8.553,0.00010,3.207,3.850e-05,0.00,0.00,0.00,4.276,5.133e-05,2.138,2.567e-05,21.24,0.033,0.00,0.00,25.66,0.00031,0.00,0.00,0.00,0.00,0.00,2.993,0.00,0.00,0.0015
-93.78025727,42.02281478,F Fields (F1-F5),TaskName 6/13/2025 (GreenStar 4 Monitor),Laudis/Tough,78,6/13/2025,0.999,On,1134.8,103.75,-5.625,3.177,4.623,4.102,177.19,19.99,20.72,0,4,39.68,6/13/2025,Good,8.289,0.00071,3.108,0.00027,0.00,0.00,0.00,4.144,0.00036,2.072,0.00018,20.59,0.227,0.00,0.00,24.87,0.0021,0.00,0.00,0.00,0.00,0.00,2.901,0.00,0.00,0.011
-93.78025674,42.02279539,F Fields (F1-F5),TaskName 6/13/2025 (GreenStar 4 Monitor),Laudis/Tough,79,6/13/2025,1.000,On,1134.9,103.75,-5.625,3.842,5.587,10.91,177.69,19.99,20.59,0,4,47.91,6/13/2025,Good,8.235,0.00086,3.088,0.00032,0.00,0.00,0.00,4.118,0.00043,2.059,0.00021,20.45,0.272,0.00,0.00,24.71,0.0026,0.00,0.00,0.00,0.00,0.00,2.882,0.00,0.00,0.013
-93.78025589,42.02276603,F Fields (F1-F5),TaskName 6/13/2025 (GreenStar 4 Monitor),Laudis/Tough,80,6/13/2025,1.000,On,1134.8,103.75,-5.625,5.945,8.563,8.243,178.38,19.99,20.09,0,4,73.42,6/13/2025,Good,8.035,0.0013,3.013,0.00048,0.00,0.00,0.00,4.018,0.00064,2.009,0.00032,19.96,0.407,0.00,0.00,24.11,0.0038,0.00,0.00,0.00,0.00,0.00,2.812,0.00,0.00,0.020
-93.78025619,42.02273628,F Fields (F1-F5),TaskName 6/13/2025 (GreenStar 4 Monitor),Laudis/Tough,81,6/13/2025,1.000,On,1134.8,103.75,-5.625,7.409,10.86,5.575,178.13,19.99,19.68,0,4,93.09,6/13/2025,Good,7.873,0.0016,2.952,0.00060,0.00,0.00,0.00,3.936,0.00080,1.968,0.00040,19.55,0.506,0.00,0.00,23.62,0.0048,0.00,0.00,0.00,0.00,0.00,2.756,0.00,0.00,0.026
-93.78025545,42.02270694,F Fields (F1-F5),TaskName 6/13/2025 (GreenStar 4 Monitor),Laudis/Tough,82,6/13/2025,0.996,On,1134.9,103.75,-5.625,7.298,10.64,6.685,178.73,19.99,19.78,0,4,91.62,6/13/2025,Good,7.912,0.0016,2.967,0.00059,0.00,0.00,0.00,3.956,0.00078,1.978,0.00039,19.65,0.498,0.00,0.00,23.74,0.0047,0.00,0.00,0.00,0.00,0.00,2.769,0.00,0.00,0.025
-93.78025532,42.02269467,F Fields (F1-F5),TaskName 6/13/2025 (GreenStar 4 Monitor),Laudis/Tough,83,6/13/2025,0.405,On,1134.9,103.75,-5.625,7.284,4.324,6.587,178.79,19.99,19.83,0,4,91.55,6/13/2025,Good,7.933,0.00064,2.975,0.00024,0.00,0.00,0.00,3.966,0.00032,1.983,0.00016,19.70,0.203,0.00,0.00,23.80,0.0019,0.00,0.00,0.00,0.00,0.00,2.776,0.00,0.00,0.010
-93.78025490,42.02266426,F Fields (F1-F5),TaskName 6/13/2025 (GreenStar 4 Monitor),Laudis/Tough,84,6/13/2025,0.994,On,1135.0,105.00,-5.000,7.530,10.98,6.178,179.49,19.99,19.77,0,4,95.84,6/13/2025,Good,7.909,0.0016,2.966,0.00061,0.00,0.00,0.00,3.955,0.00082,1.977,0.00041,19.64,0.520,0.00,0.00,23.73,0.0049,0.00,0.00,0.00,0.00,0.00,2.768,0.00,0.00,0.026
-93.78025498,42.02263355,F Fields (F1-F5),TaskName 6/13/2025 (GreenStar 4 Monitor),Laudis/Tough,85,6/13/2025,1.000,On,1134.9,105.00,-5.000,7.579,11.11,6.162,179.40,19.99,19.82,0,4,96.37,6/13/2025,Good,7.929,0.0017,2.973,0.00062,0.00,0.00,0.00,3.965,0.00083,1.982,0.00041,19.69,0.527,0.00,0.00,23.79,0.0050,0.00,0.00,0.00,0.00,0.00,2.775,0.00,0.00,0.027
-93.78025562,42.02260256,F Fields (F1-F5),TaskName 6/13/2025 (GreenStar 4 Monitor),Laudis/Tough,86,6/13/2025,1.000,On,1135.0,103.75,-5.625,7.647,11.21,6.006,178.99,19.99,19.83,0,4,96.10,6/13/2025,Good,7.931,0.0017,2.974,0.00062,0.00,0.00,0.00,3.965,0.00083,1.983,0.00041,19.70,0.526,0.00,0.00,23.79,0.0050,0.00,0.00,0.00,0.00,0.00,2.776,0.00,0.00,0.027
-93.78025556,42.02259007,F Fields (F1-F5),TaskName 6/13/2025 (GreenStar 4 Monitor),Laudis/Tough,87,6/13/2025,0.405,On,1135.0,103.75,-5.625,7.738,4.593,5.698,179.10,19.99,19.92,0,4,97.24,6/13/2025,Good,7.967,0.00068,2.988,0.00026,0.00,0.00,0.00,3.983,0.00034,1.992,0.00017,19.79,0.216,0.00,0.00,23.90,0.0020,0.00,0.00,0.00,0.00,0.00,2.788,0.00,0.00,0.011
-93.78025542,42.02257771,F Fields (F1-F5),TaskName 6/13/2025 (GreenStar 4 Monitor),Laudis/Tough,88,6/13/2025,0.396,On,1135.0,105.00,-6.250,7.742,4.495,6.191,179.23,19.99,19.84,0,4,98.49,6/13/2025,Good,7.935,0.00067,2.976,0.00025,0.00,0.00,0.00,3.967,0.00034,1.984,0.00017,19.71,0.214,0.00,0.00,23.80,0.0020,0.00,0.00,0.00,0.00,0.00,2.777,0.00,0.00,0.011
-93.78025550,42.02256519,F Fields (F1-F5),TaskName 6/13/2025 (GreenStar 4 Monitor),Laudis/Tough,89,6/13/2025,0.404,On,1135.1,106.25,-5.625,7.716,4.570,6.317,179.26,19.99,19.87,0,4,99.33,6/13/2025,Good,7.949,0.00069,2.981,0.00026,0.00,0.00,0.00,3.975,0.00035,1.987,0.00017,19.74,0.220,0.00,0.00,23.85,0.0021,0.00,0.00,0.00,0.00,0.00,2.782,0.00,0.00,0.011
-93.78025525,42.02253390,F Fields (F1-F5),TaskName 6/13/2025 (GreenStar 4 Monitor),Laudis/Tough,90,6/13/2025,1.000,On,1135.1,105.00,-6.250,7.739,11.34,6.690,179.51,19.99,19.91,0,4,98.39,6/13/2025,Good,7.966,0.0017,2.987,0.00064,0.00,0.00,0.00,3.983,0.00085,1.991,0.00043,19.79,0.541,0.00,0.00,23.90,0.0051,0.00,0.00,0.00,0.00,0.00,2.788,0.00,0.00,0.027
-93.78025507,42.02250879,F Fields (F1-F5),TaskName 6/13/2025 (GreenStar 4 Monitor),Laudis/Tough,91,6/13/2025,0.795,On,1135.1,105.00,-6.250,7.765,9.052,7.602,179.86,19.99,19.93,0,4,98.80,6/13/2025,Good,7.971,0.0014,2.989,0.00051,0.00,0.00,0.00,3.986,0.00068,1.993,0.00034,19.80,0.432,0.00,0.00,23.91,0.0041,0.00,0.00,0.00,0.00,0.00,2.790,0.00,0.00,0.022
-93.78025519,42.02247610,F Fields (F1-F5),TaskName 6/13/2025 (GreenStar 4 Monitor),Laudis/Tough,92,6/13/2025,1.006,On,1135.0,103.75,-5.625,7.968,11.74,6.455,180.09,19.99,19.91,0,4,100.08,6/13/2025,Good,7.963,0.0017,2.986,0.00065,0.00,0.00,0.00,3.981,0.00087,1.991,0.00043,19.78,0.553,0.00,0.00,23.89,0.0052,0.00,0.00,0.00,0.00,0.00,2.787,0.00,0.00,0.028
-93.78025555,42.02246310,F Fields (F1-F5),TaskName 6/13/2025 (GreenStar 4 Monitor),Laudis/Tough,93,6/13/2025,0.399,On,1135.0,103.75,-5.625,8.106,4.741,5.284,179.77,19.99,19.93,0,4,101.88,6/13/2025,Good,7.973,0.00070,2.990,0.00026,0.00,0.00,0.00,3.986,0.00035,1.993,0.00018,19.80,0.224,0.00,0.00,23.92,0.0021,0.00,0.00,0.00,0.00,0.00,2.791,0.00,0.00,0.011
-93.78025608,42.02243147,F Fields (F1-F5),TaskName 6/13/2025 (GreenStar 4 Monitor),Laudis/Tough,94,6/13/2025,1.000,On,1135.0,105.00,-6.250,8.011,11.74,6.497,178.98,19.99,19.93,0,4,101.89,6/13/2025,Good,7.974,0.0018,2.990,0.00066,0.00,0.00,0.00,3.987,0.00088,1.993,0.00044,19.80,0.561,0.00,0.00,23.92,0.0053,0.00,0.00,0.00,0.00,0.00,2.791,0.00,0.00,0.028
-93.78025563,42.02239919,F Fields (F1-F5),TaskName 6/13/2025 (GreenStar 4 Monitor),Laudis/Tough,95,6/13/2025,0.995,On,1134.9,105.00,-6.250,7.888,11.50,6.719,179.27,19.99,19.97,0,4,100.32,6/13/2025,Good,7.990,0.0017,2.996,0.00065,0.00,0.00,0.00,3.995,0.00087,1.997,0.00043,19.84,0.550,0.00,0.00,23.97,0.0052,0.00,0.00,0.00,0.00,0.00,2.796,0.00,0.00,0.028
-93.78025518,42.02238628,F Fields (F1-F5),TaskName 6/13/2025 (GreenStar 4 Monitor),Laudis/Tough,96,6/13/2025,0.401,On,1134.8,105.00,-6.250,8.018,4.701,6.111,179.69,19.99,19.95,0,4,101.74,6/13/2025,Good,7.980,0.00071,2.992,0.00026,0.00,0.00,0.00,3.990,0.00035,1.995,0.00018,19.82,0.225,0.00,0.00,23.94,0.0021,0.00,0.00,0.00,0.00,0.00,2.793,0.00,0.00,0.011
-93.78025487,42.02235391,F Fields (F1-F5),TaskName 6/13/2025 (GreenStar 4 Monitor),Laudis/Tough,97,6/13/2025,1.000,On,1134.7,103.75,-5.625,8.038,11.80,5.902,179.89,19.99,19.99,0,4,101.14,6/13/2025,Good,7.998,0.0018,2.999,0.00066,0.00,0.00,0.00,3.999,0.00088,1.999,0.00044,19.86,0.558,0.00,0.00,23.99,0.0053,0.00,0.00,0.00,0.00,0.00,2.799,0.00,0.00,0.028
-93.78025492,42.02234740,F Fields (F1-F5),TaskName 6/13/2025 (GreenStar 4 Monitor),Laudis/Tough,98,6/13/2025,0.200,On,1134.7,105.00,-6.250,8.044,2.361,5.964,179.85,19.99,19.97,0,4,102.44,6/13/2025,Good,7.988,0.00036,2.996,0.00013,0.00,0.00,0.00,3.994,0.00018,1.997,8.879e-05,19.84,0.113,0.00,0.00,23.96,0.0011,0.00,0.00,0.00,0.00,0.00,2.796,0.00,0.00,0.0057
-93.78025531,42.02232160,F Fields (F1-F5),TaskName 6/13/2025 (GreenStar 4 Monitor),Laudis/Tough,99,6/13/2025,0.800,On,1134.6,103.75,-5.625,8.028,9.411,6.212,179.59,19.99,20.00,0,4,100.87,6/13/2025,Good,7.999,0.0014,3.000,0.00053,0.00,0.00,0.00,3.999,0.00070,2.000,0.00035,19.87,0.445,0.00,0.00,24.00,0.0042,0.00,0.00,0.00,0.00,0.00,2.800,0.00,0.00,0.022
-93.78025516,42.02228905,F Fields (F1-F5),TaskName 6/13/2025 (GreenStar 4 Monitor),Laudis/Tough,100,6/13/2025,1.000,On,1134.4,105.00,-6.250,8.057,11.83,5.916,179.54,19.99,19.97,0,4,102.66,6/13/2025,Good,7.988,0.0018,2.996,0.00067,0.00,0.00,0.00,3.994,0.00089,1.997,0.00044,19.84,0.566,0.00,0.00,23.96,0.0053,0.00,0.00,0.00,0.00,0.00,2.796,0.00,0.00,0.029
-93.78025463,42.02225611,F Fields (F1-F5),TaskName 6/13/2025 (GreenStar 4 Monitor),Laudis/Tough,101,6/13/2025,1.000,On,1134.2,105.00,-6.250,8.131,11.93,5.539,180.26,19.99,19.94,0,4,103.49,6/13/2025,Good,7.976,0.0018,2.991,0.00067,0.00,0.00,0.00,3.988,0.00090,1.994,0.00045,19.81,0.570,0.00,0.00,23.93,0.0054,0.00,0.00,0.00,0.00,0.00,2.792,0.00,0.00,0.029
-93.78025482,42.02222316,F Fields (F1-F5),TaskName 6/13/2025 (GreenStar 4 Monitor),Laudis/Tough,102,6/13/2025,1.000,On,1134.0,103.75,-5.625,8.184,12.01,5.025,180.24,19.99,19.94,0,4,102.96,6/13/2025,Good,7.974,0.0018,2.990,0.00067,0.00,0.00,0.00,3.987,0.00089,1.994,0.00045,19.81,0.566,0.00,0.00,23.92,0.0053,0.00,0.00,0.00,0.00,0.00,2.791,0.00,0.00,0.029
-93.78025545,42.02219044,F Fields (F1-F5),TaskName 6/13/2025 (GreenStar 4 Monitor),Laudis/Tough,103,6/13/2025,1.000,On,1133.8,103.75,-5.625,8.160,11.96,5.741,179.84,19.99,19.95,0,4,102.54,6/13/2025,Good,7.981,0.0018,2.993,0.00067,0.00,0.00,0.00,3.991,0.00089,1.995,0.00044,19.82,0.565,0.00,0.00,23.94,0.0053,0.00,0.00,0.00,0.00,0.00,2.793,0.00,0.00,0.028
-93.78025551,42.02217085,F Fields (F1-F5),TaskName 6/13/2025 (GreenStar 4 Monitor),Laudis/Tough,104,6/13/2025,0.600,On,1133.7,103.75,-5.625,8.121,7.162,6.025,179.81,19.99,20.00,0,4,102.34,6/13/2025,Good,8.001,0.0011,3.000,0.00040,0.00,0.00,0.00,4.000,0.00053,2.000,0.00027,19.87,0.339,0.00,0.00,24.00,0.0032,0.00,0.00,0.00,0.00,0.00,2.800,0.00,0.00,0.017
-93.78025527,42.02213811,F Fields (F1-F5),TaskName 6/13/2025 (GreenStar 4 Monitor),Laudis/Tough,105,6/13/2025,1.000,On,1133.6,105.00,-6.250,8.121,11.92,5.801,179.90,19.99,19.99,0,4,103.40,6/13/2025,Good,7.994,0.0018,2.998,0.00067,0.00,0.00,0.00,3.997,0.00090,1.999,0.00045,19.86,0.570,0.00,0.00,23.98,0.0054,0.00,0.00,0.00,0.00,0.00,2.798,0.00,0.00,0.029
-93.78025522,42.02211862,F Fields (F1-F5),TaskName 6/13/2025 (GreenStar 4 Monitor),Laudis/Tough,106,6/13/2025,0.600,On,1133.5,103.75,-5.625,8.125,7.155,6.083,179.95,19.99,19.99,0,4,102.25,6/13/2025,Good,7.995,0.0011,2.998,0.00040,0.00,0.00,0.00,3.998,0.00053,1.999,0.00027,19.86,0.338,0.00,0.00,23.99,0.0032,0.00,0.00,0.00,0.00,0.00,2.798,0.00,0.00,0.017
-93.78025525,42.02211204,F Fields (F1-F5),TaskName 6/13/2025 (GreenStar 4 Monitor),Laudis/Tough,107,6/13/2025,0.204,On,1133.4,105.00,-6.250,8.116,2.430,6.129,179.91,19.99,19.97,0,4,103.36,6/13/2025,Good,7.988,0.00037,2.996,0.00014,0.00,0.00,0.00,3.994,0.00018,1.997,9.138e-05,19.84,0.116,0.00,0.00,23.96,0.0011,0.00,0.00,0.00,0.00,0.00,2.796,0.00,0.00,0.0059
-93.78025536,42.02207929,F Fields (F1-F5),TaskName 6/13/2025 (GreenStar 4 Monitor),Laudis/Tough,108,6/13/2025,0.995,On,1133.3,103.75,-5.625,8.139,11.88,5.871,179.67,19.99,19.98,0,4,102.38,6/13/2025,Good,7.993,0.0018,2.997,0.00066,0.00,0.00,0.00,3.997,0.00088,1.998,0.00044,19.85,0.562,0.00,0.00,23.98,0.0053,0.00,0.00,0.00,0.00,0.00,2.798,0.00,0.00,0.028
-93.78025521,42.02204640,F Fields (F1-F5),TaskName 6/13/2025 (GreenStar 4 Monitor),Laudis/Tough,109,6/13/2025,1.001,On,1133.1,103.75,-5.625,8.144,11.95,5.818,179.67,19.99,20.00,0,4,102.32,6/13/2025,Good,7.998,0.0018,2.999,0.00067,0.00,0.00,0.00,3.999,0.00089,2.000,0.00044,19.87,0.565,0.00,0.00,23.99,0.0053,0.00,0.00,0.00,0.00,0.00,2.799,0.00,0.00,0.028
-93.78025495,42.02202667,F Fields (F1-F5),TaskName 6/13/2025 (GreenStar 4 Monitor),Laudis/Tough,110,6/13/2025,0.600,On,1133.0,103.75,-5.625,8.168,7.201,5.686,179.95,19.99,19.96,0,4,102.90,6/13/2025,Good,7.982,0.0011,2.993,0.00040,0.00,0.00,0.00,3.991,0.00053,1.996,0.00027,19.83,0.340,0.00,0.00,23.95,0.0032,0.00,0.00,0.00,0.00,0.00,2.794,0.00,0.00,0.017
-93.78025472,42.02200034,F Fields (F1-F5),TaskName 6/13/2025 (GreenStar 4 Monitor),Laudis/Tough,111,6/13/2025,0.800,On,1132.8,105.00,-5.000,8.160,9.575,5.873,180.30,19.99,19.96,0,4,103.86,6/13/2025,Good,7.986,0.0014,2.995,0.00054,0.00,0.00,0.00,3.993,0.00072,1.996,0.00036,19.84,0.458,0.00,0.00,23.96,0.0043,0.00,0.00,0.00,0.00,0.00,2.795,0.00,0.00,0.023
-93.78025491,42.02196758,F Fields (F1-F5),TaskName 6/13/2025 (GreenStar 4 Monitor),Laudis/Tough,112,6/13/2025,0.999,On,1132.7,103.75,-5.625,8.163,11.97,6.043,180.21,19.99,19.97,0,4,102.70,6/13/2025,Good,7.990,0.0018,2.996,0.00067,0.00,0.00,0.00,3.995,0.00089,1.997,0.00044,19.84,0.566,0.00,0.00,23.97,0.0053,0.00,0.00,0.00,0.00,0.00,2.796,0.00,0.00,0.028
-93.78025550,42.02193464,F Fields (F1-F5),TaskName 6/13/2025 (GreenStar 4 Monitor),Laudis/Tough,113,6/13/2025,1.001,On,1132.5,103.75,-5.625,8.173,12.00,5.785,179.61,19.99,19.99,0,4,102.80,6/13/2025,Good,7.995,0.0018,2.998,0.00067,0.00,0.00,0.00,3.997,0.00089,1.999,0.00045,19.86,0.568,0.00,0.00,23.98,0.0054,0.00,0.00,0.00,0.00,0.00,2.798,0.00,0.00,0.029
-93.78025534,42.02190176,F Fields (F1-F5),TaskName 6/13/2025 (GreenStar 4 Monitor),Laudis/Tough,114,6/13/2025,0.999,On,1132.3,103.75,-5.625,8.173,11.98,5.823,179.46,19.99,20.01,0,4,102.81,6/13/2025,Good,8.004,0.0018,3.002,0.00067,0.00,0.00,0.00,4.002,0.00089,2.001,0.00045,19.88,0.567,0.00,0.00,24.01,0.0054,0.00,0.00,0.00,0.00,0.00,2.802,0.00,0.00,0.029
-93.78025489,42.02186892,F Fields (F1-F5),TaskName 6/13/2025 (GreenStar 4 Monitor),Laudis/Tough,115,6/13/2025,0.997,On,1132.1,103.75,-5.625,8.169,11.94,6.052,179.54,19.99,19.98,0,4,102.65,6/13/2025,Good,7.993,0.0018,2.997,0.00067,0.00,0.00,0.00,3.996,0.00089,1.998,0.00044,19.85,0.564,0.00,0.00,23.98,0.0053,0.00,0.00,0.00,0.00,0.00,2.797,0.00,0.00,0.028
-93.78025484,42.02183601,F Fields (F1-F5),TaskName 6/13/2025 (GreenStar 4 Monitor),Laudis/Tough,116,6/13/2025,0.999,On,1131.8,103.75,-5.625,8.178,12.00,6.136,179.20,19.99,19.99,0,4,102.98,6/13/2025,Good,7.995,0.0018,2.998,0.00067,0.00,0.00,0.00,3.998,0.00089,1.999,0.00045,19.86,0.567,0.00,0.00,23.99,0.0054,0.00,0.00,0.00,0.00,0.00,2.798,0.00,0.00,0.029
-93.78025406,42.02180307,F Fields (F1-F5),TaskName 6/13/2025 (GreenStar 4 Monitor),Laudis/Tough,117,6/13/2025,1.005,On,1131.6,103.75,-5.625,8.207,12.10,5.575,179.26,19.99,19.91,0,4,103.23,6/13/2025,Good,7.962,0.0018,2.986,0.00067,0.00,0.00,0.00,3.981,0.00090,1.991,0.00045,19.78,0.570,0.00,0.00,23.89,0.0054,0.00,0.00,0.00,0.00,0.00,2.787,0.00,0.00,0.029
-93.78025350,42.02177152,F Fields (F1-F5),TaskName 6/13/2025 (GreenStar 4 Monitor),Laudis/Tough,118,6/13/2025,0.995,On,1131.4,105.00,-5.000,8.034,11.71,4.509,180.01,19.99,19.88,0,4,102.15,6/13/2025,Good,7.952,0.0018,2.982,0.00066,0.00,0.00,0.00,3.976,0.00088,1.988,0.00044,19.75,0.558,0.00,0.00,23.86,0.0053,0.00,0.00,0.00,0.00,0.00,2.783,0.00,0.00,0.028
-93.78025335,42.02174175,F Fields (F1-F5),TaskName 6/13/2025 (GreenStar 4 Monitor),Laudis/Tough,119,6/13/2025,1.005,On,1131.2,105.00,-5.000,7.626,11.25,4.941,180.24,19.99,20.02,0,4,97.14,6/13/2025,Good,8.009,0.0017,3.003,0.00064,0.00,0.00,0.00,4.005,0.00085,2.002,0.00042,19.89,0.539,0.00,0.00,24.03,0.0051,0.00,0.00,0.00,0.00,0.00,2.803,0.00,0.00,0.027
-93.78025346,42.02173072,F Fields (F1-F5),TaskName 6/13/2025 (GreenStar 4 Monitor),Laudis/Tough,120,6/13/2025,0.400,On,1131.1,105.00,-5.000,7.348,4.312,3.235,180.07,19.99,20.05,0,4,93.54,6/13/2025,Good,8.018,0.00065,3.007,0.00024,0.00,0.00,0.00,4.009,0.00033,2.005,0.00016,19.92,0.207,0.00,0.00,24.05,0.0020,0.00,0.00,0.00,0.00,0.00,2.806,0.00,0.00,0.010
-93.78025348,42.02172556,F Fields (F1-F5),TaskName 6/13/2025 (GreenStar 4 Monitor),Laudis/Tough,121,6/13/2025,0.199,On,1131.1,117.50,0.00,7.118,2.079,2.800,179.98,19.99,19.55,0,4,101.44,6/13/2025,Good,7.821,0.00034,2.933,0.00013,0.00,0.00,0.00,3.911,0.00017,1.955,8.566e-05,19.43,0.109,0.00,0.00,23.46,0.0010,0.00,0.00,0.00,0.00,0.00,2.737,0.00,0.00,0.0056
-93.78133734,42.02281319,F Fields (F1-F5),TaskName 5/17/2025 (GreenStar 4 Monitor),Outlook/agsaver,1,5/17/2025,0.200,On,1131.0,3.750,-58.75,4.572,1.335,4.438,179.58,19.99,20.61,0,1,2.069,5/17/2025,Good,8.245,7.402e-06,3.092,2.776e-06,0.00,0.00,0.00,4.122,3.701e-06,2.061,1.851e-06,20.48,0.0024,0.00,0.00,24.73,2.221e-05,0.00,0.00,0.00,0.00,0.00,2.886,0.00,0.00,0.00011
-93.78133750,42.02280981,F Fields (F1-F5),TaskName 5/17/2025 (GreenStar 4 Monitor),Outlook/agsaver,2,5/17/2025,0.200,On,1131.1,23.75,-48.75,4.512,1.332,5.772,179.46,19.99,26.12,0,1,13.07,5/17/2025,Over Target,10.45,5.926e-05,3.918,2.222e-05,0.00,0.00,0.00,5.223,2.963e-05,2.612,1.481e-05,25.95,0.019,0.00,0.00,31.34,0.00018,0.00,0.00,0.00,0.00,0.00,3.656,0.00,0.00,0.00073
-93.78133725,42.02280643,F Fields (F1-F5),TaskName 5/17/2025 (GreenStar 4 Monitor),Outlook/agsaver,3,5/17/2025,0.200,On,1131.1,66.25,-27.50,4.420,1.299,8.757,179.68,19.99,28.05,0,1,35.56,5/17/2025,Over Target,11.22,0.00017,4.208,6.494e-05,0.00,0.00,0.00,5.610,8.658e-05,2.805,4.329e-05,27.87,0.055,0.00,0.00,33.66,0.00052,0.00,0.00,0.00,0.00,0.00,3.927,0.00,0.00,0.0020
-93.78133729,42.02278498,F Fields (F1-F5),TaskName 5/17/2025 (GreenStar 4 Monitor),Outlook/agsaver,4,5/17/2025,1.000,On,1131.1,121.25,0.00,4.627,6.773,10.47,179.73,19.99,24.94,0,1,67.87,5/17/2025,Over Target,9.976,0.0015,3.741,0.00055,0.00,0.00,0.00,4.988,0.00073,2.494,0.00037,24.78,0.467,0.00,0.00,29.93,0.0044,0.00,0.00,0.00,0.00,0.00,3.491,0.00,0.00,0.019
-93.78133743,42.02275984,F Fields (F1-F5),TaskName 5/17/2025 (GreenStar 4 Monitor),Outlook/agsaver,5,5/17/2025,1.000,On,1131.1,121.25,0.00,5.893,8.627,5.374,179.63,19.99,22.41,0,1,86.44,5/17/2025,Good,8.963,0.0017,3.361,0.00063,0.00,0.00,0.00,4.481,0.00084,2.241,0.00042,22.26,0.535,0.00,0.00,26.89,0.0050,0.00,0.00,0.00,0.00,0.00,3.137,0.00,0.00,0.024
-93.78133752,42.02273499,F Fields (F1-F5),TaskName 5/17/2025 (GreenStar 4 Monitor),Outlook/agsaver,6,5/17/2025,1.000,On,1131.2,121.25,0.00,6.151,9.030,6.477,179.36,19.99,21.33,0,1,90.49,5/17/2025,Good,8.530,0.0017,3.199,0.00063,0.00,0.00,0.00,4.265,0.00084,2.133,0.00042,21.19,0.533,0.00,0.00,25.59,0.0050,0.00,0.00,0.00,0.00,0.00,2.986,0.00,0.00,0.025
-93.78133732,42.02270918,F Fields (F1-F5),TaskName 5/17/2025 (GreenStar 4 Monitor),Outlook/agsaver,7,5/17/2025,1.000,On,1131.2,121.25,0.00,6.287,9.224,6.223,179.27,19.99,20.61,0,1,92.43,5/17/2025,Good,8.242,0.0017,3.091,0.00062,0.00,0.00,0.00,4.121,0.00083,2.061,0.00041,20.47,0.526,0.00,0.00,24.73,0.0050,0.00,0.00,0.00,0.00,0.00,2.885,0.00,0.00,0.026
-93.78133653,42.02268286,F Fields (F1-F5),TaskName 5/17/2025 (GreenStar 4 Monitor),Outlook/agsaver,8,5/17/2025,0.995,On,1131.2,121.25,0.00,6.485,9.476,5.756,179.73,19.99,20.16,0,1,95.44,5/17/2025,Good,8.065,0.0017,3.024,0.00062,0.00,0.00,0.00,4.032,0.00083,2.016,0.00042,20.03,0.528,0.00,0.00,24.19,0.0050,0.00,0.00,0.00,0.00,0.00,2.823,0.00,0.00,0.026
-93.78133586,42.02265654,F Fields (F1-F5),TaskName 5/17/2025 (GreenStar 4 Monitor),Outlook/agsaver,9,5/17/2025,1.004,On,1131.3,121.25,0.00,6.516,9.604,5.963,180.54,19.99,20.00,0,1,95.86,5/17/2025,Good,7.999,0.0017,3.000,0.00063,0.00,0.00,0.00,3.999,0.00084,2.000,0.00042,19.87,0.531,0.00,0.00,24.00,0.0050,0.00,0.00,0.00,0.00,0.00,2.800,0.00,0.00,0.027
-93.78133587,42.02263015,F Fields (F1-F5),TaskName 5/17/2025 (GreenStar 4 Monitor),Outlook/agsaver,10,5/17/2025,0.996,On,1131.3,121.25,0.00,6.509,9.516,6.321,180.90,19.99,20.05,0,1,95.74,5/17/2025,Good,8.018,0.0017,3.007,0.00062,0.00,0.00,0.00,4.009,0.00083,2.005,0.00041,19.92,0.527,0.00,0.00,24.05,0.0050,0.00,0.00,0.00,0.00,0.00,2.806,0.00,0.00,0.026
-93.78133722,42.02260348,F Fields (F1-F5),TaskName 5/17/2025 (GreenStar 4 Monitor),Outlook/agsaver,11,5/17/2025,1.000,On,1131.4,121.25,0.00,6.581,9.660,6.054,179.55,19.99,20.05,0,1,96.80,5/17/2025,Good,8.020,0.0017,3.008,0.00063,0.00,0.00,0.00,4.010,0.00084,2.005,0.00042,19.92,0.536,0.00,0.00,24.06,0.0051,0.00,0.00,0.00,0.00,0.00,2.807,0.00,0.00,0.027
-93.78133772,42.02257633,F Fields (F1-F5),TaskName 5/17/2025 (GreenStar 4 Monitor),Outlook/agsaver,12,5/17/2025,0.999,On,1131.4,121.25,0.00,6.694,9.814,5.288,178.78,19.99,19.99,0,1,98.44,5/17/2025,Good,7.996,0.0017,2.999,0.00064,0.00,0.00,0.00,3.998,0.00085,1.999,0.00043,19.86,0.543,0.00,0.00,23.99,0.0051,0.00,0.00,0.00,0.00,0.00,2.799,0.00,0.00,0.027
-93.78133683,42.02254912,F Fields (F1-F5),TaskName 5/17/2025 (GreenStar 4 Monitor),Outlook/agsaver,13,5/17/2025,1.001,On,1131.5,121.25,0.00,6.743,9.903,5.934,179.34,19.99,20.02,0,1,99.13,5/17/2025,Good,8.008,0.0017,3.003,0.00065,0.00,0.00,0.00,4.004,0.00086,2.002,0.00043,19.89,0.548,0.00,0.00,24.02,0.0052,0.00,0.00,0.00,0.00,0.00,2.803,0.00,0.00,0.028
-93.78133566,42.02252210,F Fields (F1-F5),TaskName 5/17/2025 (GreenStar 4 Monitor),Outlook/agsaver,14,5/17/2025,1.005,On,1131.5,121.25,0.00,6.767,9.978,5.333,180.70,19.99,20.06,0,1,99.49,5/17/2025,Good,8.023,0.0017,3.009,0.00065,0.00,0.00,0.00,4.012,0.00087,2.006,0.00044,19.93,0.553,0.00,0.00,24.07,0.0052,0.00,0.00,0.00,0.00,0.00,2.808,0.00,0.00,0.028
-93.78133603,42.02249564,F Fields (F1-F5),TaskName 5/17/2025 (GreenStar 4 Monitor),Outlook/agsaver,15,5/17/2025,1.000,On,1131.6,121.25,0.00,6.579,9.653,6.363,180.72,19.99,20.07,0,1,96.73,5/17/2025,Good,8.029,0.0017,3.011,0.00063,0.00,0.00,0.00,4.014,0.00084,2.007,0.00042,19.94,0.536,0.00,0.00,24.09,0.0051,0.00,0.00,0.00,0.00,0.00,2.810,0.00,0.00,0.027
-93.78133725,42.02246831,F Fields (F1-F5),TaskName 5/17/2025 (GreenStar 4 Monitor),Outlook/agsaver,16,5/17/2025,0.995,On,1131.5,121.25,0.00,6.678,9.752,6.167,179.59,19.99,20.12,0,1,98.21,5/17/2025,Good,8.047,0.0017,3.018,0.00064,0.00,0.00,0.00,4.024,0.00085,2.012,0.00043,19.99,0.543,0.00,0.00,24.14,0.0051,0.00,0.00,0.00,0.00,0.00,2.817,0.00,0.00,0.027
-93.78133789,42.02244087,F Fields (F1-F5),TaskName 5/17/2025 (GreenStar 4 Monitor),Outlook/agsaver,17,5/17/2025,1.000,On,1131.4,121.25,0.00,6.815,10.00,5.562,178.76,19.99,19.99,0,1,100.25,5/17/2025,Good,7.995,0.0017,2.998,0.00065,0.00,0.00,0.00,3.997,0.00087,1.999,0.00043,19.86,0.553,0.00,0.00,23.98,0.0052,0.00,0.00,0.00,0.00,0.00,2.798,0.00,0.00,0.028
-93.78133697,42.02241331,F Fields (F1-F5),TaskName 5/17/2025 (GreenStar 4 Monitor),Outlook/agsaver,18,5/17/2025,1.000,On,1131.3,121.25,0.00,6.824,10.01,6.019,179.60,19.99,19.92,0,1,100.35,5/17/2025,Good,7.969,0.0017,2.988,0.00065,0.00,0.00,0.00,3.984,0.00087,1.992,0.00043,19.79,0.552,0.00,0.00,23.91,0.0052,0.00,0.00,0.00,0.00,0.00,2.789,0.00,0.00,0.028
-93.78133658,42.02238563,F Fields (F1-F5),TaskName 5/17/2025 (GreenStar 4 Monitor),Outlook/agsaver,19,5/17/2025,1.005,On,1131.2,121.25,0.00,6.842,10.08,6.075,180.08,19.99,19.94,0,1,100.50,5/17/2025,Good,7.976,0.0017,2.991,0.00066,0.00,0.00,0.00,3.988,0.00087,1.994,0.00044,19.81,0.556,0.00,0.00,23.93,0.0052,0.00,0.00,0.00,0.00,0.00,2.792,0.00,0.00,0.028
-93.78133696,42.02235767,F Fields (F1-F5),TaskName 5/17/2025 (GreenStar 4 Monitor),Outlook/agsaver,20,5/17/2025,0.995,On,1131.1,121.25,0.00,6.905,10.09,5.960,179.84,19.99,20.05,0,1,101.61,5/17/2025,Good,8.019,0.0018,3.007,0.00066,0.00,0.00,0.00,4.010,0.00088,2.005,0.00044,19.92,0.559,0.00,0.00,24.06,0.0053,0.00,0.00,0.00,0.00,0.00,2.807,0.00,0.00,0.028
-93.78133753,42.02232933,F Fields (F1-F5),TaskName 5/17/2025 (GreenStar 4 Monitor),Outlook/agsaver,21,5/17/2025,1.000,On,1130.9,121.25,0.00,6.996,10.27,5.654,179.10,19.99,20.06,0,1,102.91,5/17/2025,Good,8.025,0.0018,3.010,0.00067,0.00,0.00,0.00,4.013,0.00090,2.006,0.00045,19.93,0.570,0.00,0.00,24.08,0.0054,0.00,0.00,0.00,0.00,0.00,2.809,0.00,0.00,0.029
-93.78133728,42.02230102,F Fields (F1-F5),TaskName 5/17/2025 (GreenStar 4 Monitor),Outlook/agsaver,22,5/17/2025,1.000,On,1130.8,121.25,0.00,7.041,10.33,5.566,179.12,19.99,20.10,0,1,103.51,5/17/2025,Good,8.041,0.0018,3.015,0.00068,0.00,0.00,0.00,4.021,0.00090,2.010,0.00045,19.97,0.574,0.00,0.00,24.12,0.0054,0.00,0.00,0.00,0.00,0.00,2.814,0.00,0.00,0.029
-93.78133637,42.02227291,F Fields (F1-F5),TaskName 5/17/2025 (GreenStar 4 Monitor),Outlook/agsaver,23,5/17/2025,0.999,On,1130.7,121.25,0.00,7.012,10.28,5.464,180.05,19.99,20.11,0,1,103.13,5/17/2025,Good,8.044,0.0018,3.017,0.00067,0.00,0.00,0.00,4.022,0.00090,2.011,0.00045,19.98,0.572,0.00,0.00,24.13,0.0054,0.00,0.00,0.00,0.00,0.00,2.815,0.00,0.00,0.029
-93.78133633,42.02224507,F Fields (F1-F5),TaskName 5/17/2025 (GreenStar 4 Monitor),Outlook/agsaver,24,5/17/2025,1.000,On,1130.7,121.25,0.00,6.935,10.18,6.103,180.34,19.99,20.29,0,1,102.04,5/17/2025,Good,8.115,0.0018,3.043,0.00067,0.00,0.00,0.00,4.057,0.00090,2.029,0.00045,20.16,0.571,0.00,0.00,24.34,0.0054,0.00,0.00,0.00,0.00,0.00,2.840,0.00,0.00,0.028
-93.78133719,42.02221694,F Fields (F1-F5),TaskName 5/17/2025 (GreenStar 4 Monitor),Outlook/agsaver,25,5/17/2025,1.005,On,1130.6,121.25,0.00,6.962,10.27,5.613,179.33,19.99,20.22,0,1,102.41,5/17/2025,Good,8.087,0.0018,3.032,0.00068,0.00,0.00,0.00,4.043,0.00090,2.022,0.00045,20.09,0.574,0.00,0.00,24.26,0.0054,0.00,0.00,0.00,0.00,0.00,2.830,0.00,0.00,0.029
-93.78133715,42.02218967,F Fields (F1-F5),TaskName 5/17/2025 (GreenStar 4 Monitor),Outlook/agsaver,26,5/17/2025,1.001,On,1130.6,121.25,0.00,6.874,10.09,5.266,179.18,19.99,20.19,0,1,101.02,5/17/2025,Good,8.075,0.0018,3.028,0.00066,0.00,0.00,0.00,4.037,0.00089,2.019,0.00044,20.06,0.563,0.00,0.00,24.22,0.0053,0.00,0.00,0.00,0.00,0.00,2.826,0.00,0.00,0.028
-93.78133634,42.02216228,F Fields (F1-F5),TaskName 5/17/2025 (GreenStar 4 Monitor),Outlook/agsaver,27,5/17/2025,0.999,On,1130.5,121.25,0.00,6.772,9.940,6.233,179.99,19.99,20.23,0,1,99.70,5/17/2025,Good,8.092,0.0017,3.035,0.00066,0.00,0.00,0.00,4.046,0.00087,2.023,0.00044,20.10,0.556,0.00,0.00,24.28,0.0052,0.00,0.00,0.00,0.00,0.00,2.832,0.00,0.00,0.028
-93.78133596,42.02213439,F Fields (F1-F5),TaskName 5/17/2025 (GreenStar 4 Monitor),Outlook/agsaver,28,5/17/2025,0.995,On,1130.5,121.25,0.00,6.841,9.992,5.771,180.62,19.99,20.05,0,1,100.63,5/17/2025,Good,8.020,0.0017,3.007,0.00065,0.00,0.00,0.00,4.010,0.00087,2.005,0.00044,19.92,0.554,0.00,0.00,24.06,0.0052,0.00,0.00,0.00,0.00,0.00,2.807,0.00,0.00,0.028
-93.78133666,42.02210677,F Fields (F1-F5),TaskName 5/17/2025 (GreenStar 4 Monitor),Outlook/agsaver,29,5/17/2025,1.001,On,1130.5,121.25,0.00,6.899,10.12,6.003,180.14,19.99,20.00,0,1,101.34,5/17/2025,Good,8.000,0.0018,3.000,0.00066,0.00,0.00,0.00,4.000,0.00088,2.000,0.00044,19.87,0.560,0.00,0.00,24.00,0.0053,0.00,0.00,0.00,0.00,0.00,2.800,0.00,0.00,0.028
-93.78133754,42.02207867,F Fields (F1-F5),TaskName 5/17/2025 (GreenStar 4 Monitor),Outlook/agsaver,30,5/17/2025,1.000,On,1130.5,121.25,0.00,6.937,10.19,5.715,179.07,19.99,20.07,0,1,102.10,5/17/2025,Good,8.028,0.0018,3.011,0.00067,0.00,0.00,0.00,4.014,0.00089,2.007,0.00044,19.94,0.566,0.00,0.00,24.08,0.0053,0.00,0.00,0.00,0.00,0.00,2.810,0.00,0.00,0.028
-93.78133728,42.02205122,F Fields (F1-F5),TaskName 5/17/2025 (GreenStar 4 Monitor),Outlook/agsaver,31,5/17/2025,1.000,On,1130.5,121.25,0.00,6.923,10.16,5.321,179.07,19.99,19.96,0,1,101.84,5/17/2025,Good,7.985,0.0018,2.994,0.00066,0.00,0.00,0.00,3.992,0.00088,1.996,0.00044,19.83,0.561,0.00,0.00,23.95,0.0053,0.00,0.00,0.00,0.00,0.00,2.795,0.00,0.00,0.028
-93.78133633,42.02202390,F Fields (F1-F5),TaskName 5/17/2025 (GreenStar 4 Monitor),Outlook/agsaver,32,5/17/2025,0.999,On,1130.5,121.25,0.00,6.762,9.917,6.214,180.01,19.99,19.99,0,1,99.47,5/17/2025,Good,7.997,0.0017,2.999,0.00065,0.00,0.00,0.00,3.999,0.00086,1.999,0.00043,19.86,0.548,0.00,0.00,23.99,0.0052,0.00,0.00,0.00,0.00,0.00,2.799,0.00,0.00,0.028
-93.78133616,42.02199635,F Fields (F1-F5),TaskName 5/17/2025 (GreenStar 4 Monitor),Outlook/agsaver,33,5/17/2025,1.000,On,1130.5,121.25,0.00,6.796,9.976,6.215,180.54,19.99,19.99,0,1,99.97,5/17/2025,Good,7.994,0.0017,2.998,0.00065,0.00,0.00,0.00,3.997,0.00087,1.999,0.00043,19.86,0.551,0.00,0.00,23.98,0.0052,0.00,0.00,0.00,0.00,0.00,2.798,0.00,0.00,0.028
-93.78133704,42.02196885,F Fields (F1-F5),TaskName 5/17/2025 (GreenStar 4 Monitor),Outlook/agsaver,34,5/17/2025,1.000,On,1130.6,121.25,0.00,6.845,10.05,5.865,179.81,19.99,20.00,0,1,100.69,5/17/2025,Good,8.001,0.0017,3.000,0.00066,0.00,0.00,0.00,4.001,0.00087,2.000,0.00044,19.87,0.556,0.00,0.00,24.00,0.0052,0.00,0.00,0.00,0.00,0.00,2.800,0.00,0.00,0.028
-93.78133744,42.02194128,F Fields (F1-F5),TaskName 5/17/2025 (GreenStar 4 Monitor),Outlook/agsaver,35,5/17/2025,1.001,On,1130.5,121.25,0.00,6.830,10.04,5.972,179.33,19.99,20.09,0,1,100.49,5/17/2025,Good,8.038,0.0018,3.014,0.00066,0.00,0.00,0.00,4.019,0.00088,2.009,0.00044,19.96,0.558,0.00,0.00,24.11,0.0053,0.00,0.00,0.00,0.00,0.00,2.813,0.00,0.00,0.028
-93.78133727,42.02191365,F Fields (F1-F5),TaskName 5/17/2025 (GreenStar 4 Monitor),Outlook/agsaver,36,5/17/2025,0.995,On,1130.6,121.25,0.00,6.862,10.02,5.349,179.25,19.99,20.03,0,1,100.93,5/17/2025,Good,8.010,0.0017,3.004,0.00065,0.00,0.00,0.00,4.005,0.00087,2.003,0.00044,19.90,0.555,0.00,0.00,24.03,0.0052,0.00,0.00,0.00,0.00,0.00,2.804,0.00,0.00,0.028
-93.78133679,42.02188613,F Fields (F1-F5),TaskName 5/17/2025 (GreenStar 4 Monitor),Outlook/agsaver,37,5/17/2025,1.005,On,1130.6,121.25,0.00,6.858,10.12,5.739,179.70,19.99,20.01,0,1,100.88,5/17/2025,Good,8.003,0.0018,3.001,0.00066,0.00,0.00,0.00,4.001,0.00088,2.001,0.00044,19.88,0.560,0.00,0.00,24.01,0.0053,0.00,0.00,0.00,0.00,0.00,2.801,0.00,0.00,0.028
-93.78133645,42.02185870,F Fields (F1-F5),TaskName 5/17/2025 (GreenStar 4 Monitor),Outlook/agsaver,38,5/17/2025,1.000,On,1130.6,121.25,0.00,6.807,9.989,6.257,179.97,19.99,20.00,0,1,100.10,5/17/2025,Good,7.998,0.0017,2.999,0.00065,0.00,0.00,0.00,3.999,0.00087,2.000,0.00043,19.87,0.552,0.00,0.00,24.00,0.0052,0.00,0.00,0.00,0.00,0.00,2.799,0.00,0.00,0.028
-93.78133670,42.02183095,F Fields (F1-F5),TaskName 5/17/2025 (GreenStar 4 Monitor),Outlook/agsaver,39,5/17/2025,0.999,On,1130.6,121.25,0.00,6.848,10.04,5.851,179.82,19.99,19.97,0,1,100.72,5/17/2025,Good,7.989,0.0017,2.996,0.00065,0.00,0.00,0.00,3.994,0.00087,1.997,0.00044,19.84,0.555,0.00,0.00,23.97,0.0052,0.00,0.00,0.00,0.00,0.00,2.796,0.00,0.00,0.028
-93.78133708,42.02180328,F Fields (F1-F5),TaskName 5/17/2025 (GreenStar 4 Monitor),Outlook/agsaver,40,5/17/2025,1.001,On,1130.6,121.25,0.00,6.875,10.09,5.445,179.27,19.99,19.97,0,1,101.05,5/17/2025,Good,7.989,0.0018,2.996,0.00066,0.00,0.00,0.00,3.994,0.00088,1.997,0.00044,19.84,0.558,0.00,0.00,23.97,0.0053,0.00,0.00,0.00,0.00,0.00,2.796,0.00,0.00,0.028
-93.78133660,42.02177556,F Fields (F1-F5),TaskName 5/17/2025 (GreenStar 4 Monitor),Outlook/agsaver,41,5/17/2025,0.995,On,1130.6,121.25,0.00,6.889,10.07,5.007,179.79,19.99,19.90,0,1,101.46,5/17/2025,Good,7.959,0.0017,2.985,0.00065,0.00,0.00,0.00,3.980,0.00087,1.990,0.00044,19.77,0.554,0.00,0.00,23.88,0.0052,0.00,0.00,0.00,0.00,0.00,2.786,0.00,0.00,0.028
-93.78133615,42.02174787,F Fields (F1-F5),TaskName 5/17/2025 (GreenStar 4 Monitor),Outlook/agsaver,42,5/17/2025,1.005,On,1130.6,121.25,0.00,6.867,10.13,5.222,180.38,19.99,19.98,0,1,101.01,5/17/2025,Good,7.992,0.0018,2.997,0.00066,0.00,0.00,0.00,3.996,0.00088,1.998,0.00044,19.85,0.560,0.00,0.00,23.97,0.0053,0.00,0.00,0.00,0.00,0.00,2.797,0.00,0.00,0.028
-93.78133660,42.02172040,F Fields (F1-F5),TaskName 5/17/2025 (GreenStar 4 Monitor),Outlook/agsaver,43,5/17/2025,1.000,On,1130.5,121.25,0.00,6.818,9.996,6.100,180.19,19.99,19.97,0,1,100.16,5/17/2025,Good,7.990,0.0017,2.996,0.00065,0.00,0.00,0.00,3.995,0.00087,1.997,0.00043,19.84,0.552,0.00,0.00,23.97,0.0052,0.00,0.00,0.00,0.00,0.00,2.796,0.00,0.00,0.028
-93.78133723,42.02170405,F Fields (F1-F5),TaskName 5/17/2025 (GreenStar 4 Monitor),Outlook/agsaver,44,5/17/2025,0.600,On,1130.5,121.25,0.00,6.847,6.039,5.241,179.62,19.99,19.92,0,1,100.86,5/17/2025,Good,7.968,0.0010,2.988,0.00039,0.00,0.00,0.00,3.984,0.00052,1.992,0.00026,19.79,0.333,0.00,0.00,23.90,0.0031,0.00,0.00,0.00,0.00,0.00,2.789,0.00,0.00,0.017
-93.78089322,42.02174263,F Fields (F1-F5),TaskName 5/17/2025 (GreenStar 4 Monitor),Outlook/agsaver,45,5/17/2025,1.001,On,1133.1,121.25,0.00,6.023,8.838,5.576,358.82,19.99,19.95,0,2,88.47,5/17/2025,Good,7.979,0.0015,2.992,0.00058,0.00,0.00,0.00,3.989,0.00077,1.995,0.00038,19.82,0.488,0.00,0.00,23.94,0.0046,0.00,0.00,0.00,0.00,0.00,2.793,0.00,0.00,0.025
-93.78089449,42.02176874,F Fields (F1-F5),TaskName 5/17/2025 (GreenStar 4 Monitor),Outlook/agsaver,46,5/17/2025,1.000,On,1133.2,120.00,0.625,6.187,9.087,6.509,359.90,19.99,20.15,0,2,90.12,5/17/2025,Good,8.061,0.0016,3.023,0.00059,0.00,0.00,0.00,4.030,0.00079,2.015,0.00039,20.02,0.501,0.00,0.00,24.18,0.0047,0.00,0.00,0.00,0.00,0.00,2.821,0.00,0.00,0.025
-93.78089465,42.02179632,F Fields (F1-F5),TaskName 5/17/2025 (GreenStar 4 Monitor),Outlook/agsaver,47,5/17/2025,1.000,On,1133.3,120.00,0.625,6.670,9.783,6.002,0.690,19.99,19.99,0,2,97.02,5/17/2025,Good,7.995,0.0017,2.998,0.00063,0.00,0.00,0.00,3.997,0.00084,1.999,0.00042,19.86,0.535,0.00,0.00,23.98,0.0050,0.00,0.00,0.00,0.00,0.00,2.798,0.00,0.00,0.027
-93.78089367,42.02182415,F Fields (F1-F5),TaskName 5/17/2025 (GreenStar 4 Monitor),Outlook/agsaver,48,5/17/2025,1.000,On,1133.3,120.00,0.625,6.843,10.06,6.461,0.259,19.99,19.98,0,2,99.75,5/17/2025,Good,7.994,0.0017,2.998,0.00065,0.00,0.00,0.00,3.997,0.00087,1.998,0.00043,19.85,0.550,0.00,0.00,23.98,0.0052,0.00,0.00,0.00,0.00,0.00,2.798,0.00,0.00,0.028
-93.78089231,42.02185235,F Fields (F1-F5),TaskName 5/17/2025 (GreenStar 4 Monitor),Outlook/agsaver,49,5/17/2025,1.000,On,1133.3,120.00,-0.625,6.931,10.17,6.407,358.72,19.99,20.04,0,2,100.89,5/17/2025,Good,8.015,0.0018,3.005,0.00066,0.00,0.00,0.00,4.007,0.00088,2.004,0.00044,19.91,0.558,0.00,0.00,24.04,0.0053,0.00,0.00,0.00,0.00,0.00,2.805,0.00,0.00,0.028
-93.78089229,42.02188069,F Fields (F1-F5),TaskName 5/17/2025 (GreenStar 4 Monitor),Outlook/agsaver,50,5/17/2025,1.000,On,1133.2,120.00,-0.625,7.021,10.31,6.570,358.15,19.99,19.94,0,2,102.23,5/17/2025,Good,7.978,0.0018,2.992,0.00066,0.00,0.00,0.00,3.989,0.00088,1.994,0.00044,19.82,0.563,0.00,0.00,23.93,0.0053,0.00,0.00,0.00,0.00,0.00,2.792,0.00,0.00,0.028
-93.78089388,42.02191026,F Fields (F1-F5),TaskName 5/17/2025 (GreenStar 4 Monitor),Outlook/agsaver,51,5/17/2025,0.999,On,1133.1,120.00,-0.625,7.162,10.50,6.247,359.41,19.99,19.94,0,2,104.22,5/17/2025,Good,7.976,0.0018,2.991,0.00068,0.00,0.00,0.00,3.988,0.00090,1.994,0.00045,19.81,0.573,0.00,0.00,23.93,0.0054,0.00,0.00,0.00,0.00,0.00,2.792,0.00,0.00,0.029
-93.78089474,42.02193996,F Fields (F1-F5),TaskName 5/17/2025 (GreenStar 4 Monitor),Outlook/agsaver,52,5/17/2025,1.001,On,1133.0,120.00,-0.625,7.354,10.81,6.078,0.713,19.99,19.90,0,2,107.06,5/17/2025,Good,7.960,0.0019,2.985,0.00069,0.00,0.00,0.00,3.980,0.00093,1.990,0.00046,19.77,0.589,0.00,0.00,23.88,0.0056,0.00,0.00,0.00,0.00,0.00,2.786,0.00,0.00,0.030
-93.78089392,42.02195769,F Fields (F1-F5),TaskName 5/17/2025 (GreenStar 4 Monitor),Outlook/agsaver,53,5/17/2025,0.595,On,1133.0,118.75,3.560e-07,7.375,6.430,6.007,0.141,19.99,20.03,0,2,106.06,5/17/2025,Good,8.011,0.0011,3.004,0.00041,0.00,0.00,0.00,4.006,0.00055,2.003,0.00027,19.90,0.349,0.00,0.00,24.03,0.0033,0.00,0.00,0.00,0.00,0.00,2.804,0.00,0.00,0.018
-93.78089257,42.02198728,F Fields (F1-F5),TaskName 5/17/2025 (GreenStar 4 Monitor),Outlook/agsaver,54,5/17/2025,1.004,On,1133.0,120.00,-0.625,7.299,10.76,6.763,358.64,19.99,20.10,0,2,106.26,5/17/2025,Good,8.041,0.0019,3.015,0.00070,0.00,0.00,0.00,4.020,0.00093,2.010,0.00047,19.97,0.592,0.00,0.00,24.12,0.0056,0.00,0.00,0.00,0.00,0.00,2.814,0.00,0.00,0.030
-93.78089265,42.02201761,F Fields (F1-F5),TaskName 5/17/2025 (GreenStar 4 Monitor),Outlook/agsaver,55,5/17/2025,1.001,On,1132.8,120.00,-0.625,7.433,10.90,6.681,357.98,19.99,20.00,0,2,107.95,5/17/2025,Good,8.001,0.0019,3.000,0.00070,0.00,0.00,0.00,4.000,0.00094,2.000,0.00047,19.87,0.596,0.00,0.00,24.00,0.0056,0.00,0.00,0.00,0.00,0.00,2.800,0.00,0.00,0.030
-93.78089444,42.02204842,F Fields (F1-F5),TaskName 5/17/2025 (GreenStar 4 Monitor),Outlook/agsaver,56,5/17/2025,0.995,On,1132.8,120.00,-0.625,7.610,11.11,5.169,359.46,19.99,19.92,0,2,110.72,5/17/2025,Good,7.970,0.0019,2.989,0.00071,0.00,0.00,0.00,3.985,0.00095,1.992,0.00048,19.80,0.606,0.00,0.00,23.91,0.0057,0.00,0.00,0.00,0.00,0.00,2.789,0.00,0.00,0.031
-93.78089474,42.02205415,F Fields (F1-F5),TaskName 5/17/2025 (GreenStar 4 Monitor),Outlook/agsaver,57,5/17/2025,0.204,On,1132.8,120.00,-0.625,7.635,2.283,4.762,359.87,19.99,20.00,0,2,111.01,5/17/2025,Good,8.001,0.00039,3.000,0.00015,0.00,0.00,0.00,4.000,0.00020,2.000,9.830e-05,19.87,0.125,0.00,0.00,24.00,0.0012,0.00,0.00,0.00,0.00,0.00,2.800,0.00,0.00,0.0063
-93.78089497,42.02205986,F Fields (F1-F5),TaskName 5/17/2025 (GreenStar 4 Monitor),Outlook/agsaver,58,5/17/2025,0.201,On,1132.8,118.75,3.560e-07,7.550,2.224,5.343,0.165,19.99,19.94,0,2,108.61,5/17/2025,Good,7.975,0.00038,2.991,0.00014,0.00,0.00,0.00,3.988,0.00019,1.994,9.446e-05,19.81,0.120,0.00,0.00,23.93,0.0011,0.00,0.00,0.00,0.00,0.00,2.791,0.00,0.00,0.0061
-93.78089454,42.02208919,F Fields (F1-F5),TaskName 5/17/2025 (GreenStar 4 Monitor),Outlook/agsaver,59,5/17/2025,0.999,On,1132.9,120.00,0.625,7.304,10.69,6.968,0.172,19.99,20.09,0,2,106.14,5/17/2025,Good,8.037,0.0018,3.014,0.00069,0.00,0.00,0.00,4.019,0.00092,2.009,0.00046,19.96,0.588,0.00,0.00,24.11,0.0055,0.00,0.00,0.00,0.00,0.00,2.813,0.00,0.00,0.029
-93.78089377,42.02211933,F Fields (F1-F5),TaskName 5/17/2025 (GreenStar 4 Monitor),Outlook/agsaver,60,5/17/2025,0.996,On,1132.9,118.75,3.560e-07,7.362,10.73,6.826,359.02,19.99,20.14,0,2,105.78,5/17/2025,Good,8.056,0.0018,3.021,0.00069,0.00,0.00,0.00,4.028,0.00092,2.014,0.00046,20.01,0.586,0.00,0.00,24.17,0.0055,0.00,0.00,0.00,0.00,0.00,2.820,0.00,0.00,0.029
-93.78089432,42.02214944,F Fields (F1-F5),TaskName 5/17/2025 (GreenStar 4 Monitor),Outlook/agsaver,61,5/17/2025,1.005,On,1133.0,118.75,3.560e-07,7.504,11.06,6.125,358.89,19.99,19.92,0,2,108.03,5/17/2025,Good,7.969,0.0019,2.989,0.00070,0.00,0.00,0.00,3.985,0.00094,1.992,0.00047,19.79,0.597,0.00,0.00,23.91,0.0056,0.00,0.00,0.00,0.00,0.00,2.789,0.00,0.00,0.030
-93.78089451,42.02215543,F Fields (F1-F5),TaskName 5/17/2025 (GreenStar 4 Monitor),Outlook/agsaver,62,5/17/2025,0.195,On,1133.0,118.75,3.560e-07,7.467,2.133,5.931,359.05,19.99,20.11,0,2,107.33,5/17/2025,Good,8.044,0.00037,3.016,0.00014,0.00,0.00,0.00,4.022,0.00018,2.011,9.133e-05,19.98,0.116,0.00,0.00,24.13,0.0011,0.00,0.00,0.00,0.00,0.00,2.815,0.00,0.00,0.0058
-93.78089575,42.02218471,F Fields (F1-F5),TaskName 5/17/2025 (GreenStar 4 Monitor),Outlook/agsaver,63,5/17/2025,1.005,On,1133.2,120.00,0.625,7.381,10.87,6.907,0.839,19.99,20.06,0,2,107.29,5/17/2025,Good,8.025,0.0019,3.009,0.00070,0.00,0.00,0.00,4.013,0.00094,2.006,0.00047,19.93,0.597,0.00,0.00,24.08,0.0056,0.00,0.00,0.00,0.00,0.00,2.809,0.00,0.00,0.030
-93.78089568,42.02219622,F Fields (F1-F5),TaskName 5/17/2025 (GreenStar 4 Monitor),Outlook/agsaver,64,5/17/2025,0.394,On,1133.3,120.00,0.625,7.274,4.199,4.573,1.059,19.99,19.98,0,2,105.70,5/17/2025,Good,7.993,0.00072,2.997,0.00027,0.00,0.00,0.00,3.996,0.00036,1.998,0.00018,19.85,0.230,0.00,0.00,23.98,0.0022,0.00,0.00,0.00,0.00,0.00,2.797,0.00,0.00,0.012
-93.78089437,42.02222238,F Fields (F1-F5),TaskName 5/17/2025 (GreenStar 4 Monitor),Outlook/agsaver,65,5/17/2025,1.005,On,1133.4,118.75,3.560e-07,6.893,10.14,5.724,0.0076,19.99,20.15,0,2,99.03,5/17/2025,Good,8.060,0.0017,3.022,0.00065,0.00,0.00,0.00,4.030,0.00087,2.015,0.00044,20.02,0.553,0.00,0.00,24.18,0.0052,0.00,0.00,0.00,0.00,0.00,2.821,0.00,0.00,0.028
-93.78089372,42.02223279,F Fields (F1-F5),TaskName 5/17/2025 (GreenStar 4 Monitor),Outlook/agsaver,66,5/17/2025,0.401,On,1133.4,118.75,3.560e-07,6.540,3.845,8.246,359.12,19.99,20.49,0,2,94.11,5/17/2025,Good,8.196,0.00067,3.073,0.00025,0.00,0.00,0.00,4.098,0.00034,2.049,0.00017,20.36,0.213,0.00,0.00,24.59,0.0020,0.00,0.00,0.00,0.00,0.00,2.868,0.00,0.00,0.010
-93.78089362,42.02224385,F Fields (F1-F5),TaskName 5/17/2025 (GreenStar 4 Monitor),Outlook/agsaver,67,5/17/2025,0.399,On,1133.5,120.00,-0.625,6.524,3.812,7.487,358.76,19.99,20.47,0,2,94.76,5/17/2025,Good,8.188,0.00067,3.071,0.00025,0.00,0.00,0.00,4.094,0.00034,2.047,0.00017,20.34,0.214,0.00,0.00,24.56,0.0020,0.00,0.00,0.00,0.00,0.00,2.866,0.00,0.00,0.011
-93.78089418,42.02227193,F Fields (F1-F5),TaskName 5/17/2025 (GreenStar 4 Monitor),Outlook/agsaver,68,5/17/2025,1.001,On,1133.6,118.75,3.560e-07,6.807,9.980,6.604,358.82,19.99,20.37,0,2,97.85,5/17/2025,Good,8.149,0.0017,3.056,0.00065,0.00,0.00,0.00,4.075,0.00087,2.037,0.00043,20.24,0.551,0.00,0.00,24.45,0.0052,0.00,0.00,0.00,0.00,0.00,2.852,0.00,0.00,0.027
-93.78089553,42.02229955,F Fields (F1-F5),TaskName 5/17/2025 (GreenStar 4 Monitor),Outlook/agsaver,69,5/17/2025,1.000,On,1133.7,118.75,3.560e-07,6.964,10.20,6.320,0.494,19.99,20.07,0,2,100.07,5/17/2025,Good,8.028,0.0017,3.011,0.00065,0.00,0.00,0.00,4.014,0.00087,2.007,0.00044,19.94,0.554,0.00,0.00,24.09,0.0052,0.00,0.00,0.00,0.00,0.00,2.810,0.00,0.00,0.028
-93.78089558,42.02231061,F Fields (F1-F5),TaskName 5/17/2025 (GreenStar 4 Monitor),Outlook/agsaver,70,5/17/2025,0.400,On,1133.7,120.00,0.625,6.878,4.032,7.069,0.886,19.99,20.01,0,2,99.97,5/17/2025,Good,8.003,0.00069,3.001,0.00026,0.00,0.00,0.00,4.001,0.00035,2.001,0.00017,19.88,0.221,0.00,0.00,24.01,0.0021,0.00,0.00,0.00,0.00,0.00,2.801,0.00,0.00,0.011
-93.78089455,42.02233873,F Fields (F1-F5),TaskName 5/17/2025 (GreenStar 4 Monitor),Outlook/agsaver,71,5/17/2025,1.000,On,1133.8,118.75,3.560e-07,6.906,10.12,6.802,0.392,19.99,20.01,0,2,99.36,5/17/2025,Good,8.005,0.0017,3.002,0.00065,0.00,0.00,0.00,4.003,0.00086,2.001,0.00043,19.88,0.549,0.00,0.00,24.02,0.0052,0.00,0.00,0.00,0.00,0.00,2.802,0.00,0.00,0.028
-93.78089391,42.02235008,F Fields (F1-F5),TaskName 5/17/2025 (GreenStar 4 Monitor),Outlook/agsaver,72,5/17/2025,0.400,On,1133.8,118.75,3.560e-07,6.983,4.101,6.235,359.87,19.99,19.87,0,2,100.62,5/17/2025,Good,7.947,0.00069,2.980,0.00026,0.00,0.00,0.00,3.974,0.00035,1.987,0.00017,19.74,0.221,0.00,0.00,23.84,0.0021,0.00,0.00,0.00,0.00,0.00,2.782,0.00,0.00,0.011
-93.78089284,42.02237829,F Fields (F1-F5),TaskName 5/17/2025 (GreenStar 4 Monitor),Outlook/agsaver,73,5/17/2025,0.999,On,1133.7,120.00,-0.625,7.010,10.26,6.237,358.46,19.99,19.99,0,2,101.85,5/17/2025,Good,7.994,0.0018,2.998,0.00066,0.00,0.00,0.00,3.997,0.00088,1.999,0.00044,19.86,0.561,0.00,0.00,23.98,0.0053,0.00,0.00,0.00,0.00,0.00,2.798,0.00,0.00,0.028
-93.78089367,42.02240697,F Fields (F1-F5),TaskName 5/17/2025 (GreenStar 4 Monitor),Outlook/agsaver,74,5/17/2025,1.000,On,1133.6,120.00,-0.625,7.073,10.36,5.854,358.65,19.99,19.85,0,2,102.75,5/17/2025,Good,7.942,0.0018,2.978,0.00066,0.00,0.00,0.00,3.971,0.00089,1.985,0.00044,19.73,0.563,0.00,0.00,23.83,0.0053,0.00,0.00,0.00,0.00,0.00,2.780,0.00,0.00,0.029
-93.78089404,42.02241267,F Fields (F1-F5),TaskName 5/17/2025 (GreenStar 4 Monitor),Outlook/agsaver,75,5/17/2025,0.201,On,1133.6,120.00,-0.625,7.109,2.093,6.056,358.93,19.99,19.96,0,2,103.28,5/17/2025,Good,7.984,0.00036,2.994,0.00013,0.00,0.00,0.00,3.992,0.00018,1.996,8.992e-05,19.83,0.114,0.00,0.00,23.95,0.0011,0.00,0.00,0.00,0.00,0.00,2.794,0.00,0.00,0.0058
-93.78089478,42.02243015,F Fields (F1-F5),TaskName 5/17/2025 (GreenStar 4 Monitor),Outlook/agsaver,76,5/17/2025,0.600,On,1133.5,121.25,0.00,7.128,6.270,5.619,359.60,19.99,19.95,0,2,104.71,5/17/2025,Good,7.978,0.0011,2.992,0.00041,0.00,0.00,0.00,3.989,0.00054,1.995,0.00027,19.82,0.346,0.00,0.00,23.93,0.0033,0.00,0.00,0.00,0.00,0.00,2.792,0.00,0.00,0.017
-93.78089530,42.02245846,F Fields (F1-F5),TaskName 5/17/2025 (GreenStar 4 Monitor),Outlook/agsaver,77,5/17/2025,1.000,On,1133.4,120.00,0.625,7.156,10.49,5.396,0.784,19.99,19.91,0,2,104.02,5/17/2025,Good,7.966,0.0018,2.987,0.00067,0.00,0.00,0.00,3.983,0.00090,1.991,0.00045,19.78,0.572,0.00,0.00,23.90,0.0054,0.00,0.00,0.00,0.00,0.00,2.788,0.00,0.00,0.029
-93.78089392,42.02248638,F Fields (F1-F5),TaskName 5/17/2025 (GreenStar 4 Monitor),Outlook/agsaver,78,5/17/2025,1.000,On,1133.3,120.00,0.625,6.969,10.22,5.114,359.74,19.99,19.93,0,2,101.32,5/17/2025,Good,7.971,0.0018,2.989,0.00066,0.00,0.00,0.00,3.985,0.00088,1.993,0.00044,19.80,0.557,0.00,0.00,23.91,0.0053,0.00,0.00,0.00,0.00,0.00,2.790,0.00,0.00,0.028
-93.78089319,42.02251426,F Fields (F1-F5),TaskName 5/17/2025 (GreenStar 4 Monitor),Outlook/agsaver,79,5/17/2025,0.995,On,1133.2,120.00,0.625,6.901,10.06,5.744,358.64,19.99,20.03,0,2,100.29,5/17/2025,Good,8.014,0.0017,3.005,0.00065,0.00,0.00,0.00,4.007,0.00087,2.003,0.00043,19.90,0.552,0.00,0.00,24.04,0.0052,0.00,0.00,0.00,0.00,0.00,2.805,0.00,0.00,0.028
-93.78089363,42.02254248,F Fields (F1-F5),TaskName 5/17/2025 (GreenStar 4 Monitor),Outlook/agsaver,80,5/17/2025,1.005,On,1133.0,120.00,0.625,6.974,10.27,5.582,358.52,19.99,20.09,0,2,101.33,5/17/2025,Good,8.037,0.0018,3.014,0.00067,0.00,0.00,0.00,4.019,0.00089,2.009,0.00044,19.96,0.565,0.00,0.00,24.11,0.0053,0.00,0.00,0.00,0.00,0.00,2.813,0.00,0.00,0.028
-93.78089408,42.02254809,F Fields (F1-F5),TaskName 5/17/2025 (GreenStar 4 Monitor),Outlook/agsaver,81,5/17/2025,0.195,On,1133.0,120.00,0.625,7.028,2.008,5.785,358.84,19.99,19.96,0,2,102.12,5/17/2025,Good,7.984,0.00035,2.994,0.00013,0.00,0.00,0.00,3.992,0.00017,1.996,8.625e-05,19.83,0.110,0.00,0.00,23.95,0.0010,0.00,0.00,0.00,0.00,0.00,2.794,0.00,0.00,0.0055
-93.78089484,42.02255933,F Fields (F1-F5),TaskName 5/17/2025 (GreenStar 4 Monitor),Outlook/agsaver,82,5/17/2025,0.399,On,1133.0,121.25,0.00,7.006,4.094,5.590,359.46,19.99,20.05,0,2,102.83,5/17/2025,Good,8.018,0.00071,3.007,0.00027,0.00,0.00,0.00,4.009,0.00036,2.005,0.00018,19.91,0.227,0.00,0.00,24.05,0.0021,0.00,0.00,0.00,0.00,0.00,2.806,0.00,0.00,0.011
-93.78089557,42.02258764,F Fields (F1-F5),TaskName 5/17/2025 (GreenStar 4 Monitor),Outlook/agsaver,83,5/17/2025,1.005,On,1132.9,120.00,0.625,7.021,10.34,5.766,0.635,19.99,20.02,0,2,102.05,5/17/2025,Good,8.008,0.0018,3.003,0.00067,0.00,0.00,0.00,4.004,0.00089,2.002,0.00045,19.89,0.567,0.00,0.00,24.02,0.0053,0.00,0.00,0.00,0.00,0.00,2.803,0.00,0.00,0.028
-93.78089467,42.02261620,F Fields (F1-F5),TaskName 5/17/2025 (GreenStar 4 Monitor),Outlook/agsaver,84,5/17/2025,0.996,On,1132.8,120.00,0.625,7.007,10.23,6.769,0.447,19.99,20.11,0,2,101.83,5/17/2025,Good,8.044,0.0018,3.016,0.00066,0.00,0.00,0.00,4.022,0.00089,2.011,0.00044,19.98,0.563,0.00,0.00,24.13,0.0053,0.00,0.00,0.00,0.00,0.00,2.815,0.00,0.00,0.028
-93.78089327,42.02264534,F Fields (F1-F5),TaskName 5/17/2025 (GreenStar 4 Monitor),Outlook/agsaver,85,5/17/2025,0.999,On,1132.8,120.00,0.625,7.174,10.51,5.902,359.10,19.99,20.07,0,2,104.29,5/17/2025,Good,8.029,0.0018,3.011,0.00068,0.00,0.00,0.00,4.014,0.00091,2.007,0.00045,19.94,0.577,0.00,0.00,24.09,0.0054,0.00,0.00,0.00,0.00,0.00,2.810,0.00,0.00,0.029
-93.78089301,42.02266859,F Fields (F1-F5),TaskName 5/17/2025 (GreenStar 4 Monitor),Outlook/agsaver,86,5/17/2025,0.800,On,1132.7,120.00,0.625,7.230,8.478,5.211,358.33,19.99,19.85,0,2,105.09,5/17/2025,Good,7.939,0.0014,2.977,0.00054,0.00,0.00,0.00,3.969,0.00072,1.985,0.00036,19.72,0.460,0.00,0.00,23.82,0.0043,0.00,0.00,0.00,0.00,0.00,2.779,0.00,0.00,0.023
-93.78089405,42.02269749,F Fields (F1-F5),TaskName 5/17/2025 (GreenStar 4 Monitor),Outlook/agsaver,87,5/17/2025,1.000,On,1132.9,121.25,0.00,7.204,10.55,4.910,358.94,19.99,19.86,0,2,105.76,5/17/2025,Good,7.943,0.0018,2.979,0.00068,0.00,0.00,0.00,3.971,0.00091,1.986,0.00046,19.73,0.580,0.00,0.00,23.83,0.0055,0.00,0.00,0.00,0.00,0.00,2.780,0.00,0.00,0.029
-93.78089429,42.02270316,F Fields (F1-F5),TaskName 5/17/2025 (GreenStar 4 Monitor),Outlook/agsaver,88,5/17/2025,0.205,On,1132.9,121.25,0.00,7.176,2.156,5.072,359.09,19.99,19.95,0,2,105.36,5/17/2025,Good,7.980,0.00037,2.992,0.00014,0.00,0.00,0.00,3.990,0.00019,1.995,9.351e-05,19.82,0.119,0.00,0.00,23.94,0.0011,0.00,0.00,0.00,0.00,0.00,2.793,0.00,0.00,0.0060
-93.78089536,42.02273105,F Fields (F1-F5),TaskName 5/17/2025 (GreenStar 4 Monitor),Outlook/agsaver,89,5/17/2025,1.000,On,1132.9,120.00,0.625,7.022,10.30,6.546,0.290,19.99,20.12,0,2,102.10,5/17/2025,Good,8.048,0.0018,3.018,0.00067,0.00,0.00,0.00,4.024,0.00089,2.012,0.00045,19.99,0.567,0.00,0.00,24.14,0.0053,0.00,0.00,0.00,0.00,0.00,2.817,0.00,0.00,0.028
-93.78089523,42.02275972,F Fields (F1-F5),TaskName 5/17/2025 (GreenStar 4 Monitor),Outlook/agsaver,90,5/17/2025,1.001,On,1133.4,120.00,0.625,6.964,10.22,6.272,0.361,19.99,20.19,0,2,101.22,5/17/2025,Good,8.075,0.0018,3.028,0.00067,0.00,0.00,0.00,4.037,0.00089,2.019,0.00044,20.06,0.564,0.00,0.00,24.22,0.0053,0.00,0.00,0.00,0.00,0.00,2.826,0.00,0.00,0.028
-93.78089482,42.02277101,F Fields (F1-F5),TaskName 5/17/2025 (GreenStar 4 Monitor),Outlook/agsaver,91,5/17/2025,0.395,On,1133.1,120.00,0.625,7.147,4.127,5.477,0.0078,19.99,20.30,0,2,103.62,5/17/2025,Good,8.120,0.00072,3.045,0.00027,0.00,0.00,0.00,4.060,0.00036,2.030,0.00018,20.17,0.229,0.00,0.00,24.36,0.0022,0.00,0.00,0.00,0.00,0.00,2.842,0.00,0.00,0.011
-93.78089449,42.02278206,F Fields (F1-F5),TaskName 5/17/2025 (GreenStar 4 Monitor),Outlook/agsaver,92,5/17/2025,0.400,On,1133.2,113.75,-2.500,7.109,4.167,4.148,359.65,19.99,20.16,0,2,97.92,5/17/2025,Good,8.063,0.00069,3.023,0.00026,0.00,0.00,0.00,4.031,0.00034,2.016,0.00017,20.03,0.218,0.00,0.00,24.19,0.0021,0.00,0.00,0.00,0.00,0.00,2.822,0.00,0.00,0.011
-93.78089442,42.02280262,F Fields (F1-F5),TaskName 5/17/2025 (GreenStar 4 Monitor),Outlook/agsaver,93,5/17/2025,0.805,On,1133.4,115.00,-3.125,6.767,7.982,4.186,359.56,19.99,20.15,0,2,94.24,5/17/2025,Good,8.061,0.0013,3.023,0.00050,0.00,0.00,0.00,4.031,0.00066,2.015,0.00033,20.02,0.422,0.00,0.00,24.18,0.0040,0.00,0.00,0.00,0.00,0.00,2.821,0.00,0.00,0.021
-93.78089452,42.02280784,F Fields (F1-F5),TaskName 5/17/2025 (GreenStar 4 Monitor),Outlook/agsaver,94,5/17/2025,0.199,On,1133.4,113.75,-2.500,6.433,1.877,4.385,359.64,19.99,20.73,0,2,88.65,5/17/2025,Good,8.292,0.00032,3.109,0.00012,0.00,0.00,0.00,4.146,0.00016,2.073,7.936e-05,20.59,0.101,0.00,0.00,24.88,0.00095,0.00,0.00,0.00,0.00,0.00,2.902,0.00,0.00,0.0049
-93.78089453,42.02281316,F Fields (F1-F5),TaskName 5/17/2025 (GreenStar 4 Monitor),Outlook/agsaver,95,5/17/2025,0.196,On,1133.4,32.50,38.12,6.503,1.867,4.266,359.61,19.99,20.73,0,2,25.58,5/17/2025,Good,8.292,9.022e-05,3.109,3.383e-05,0.00,0.00,0.00,4.146,4.511e-05,2.073,2.256e-05,20.59,0.029,0.00,0.00,24.88,0.00027,0.00,0.00,0.00,0.00,0.00,2.902,0.00,0.00,0.0014
-93.77702955,42.02120601,F Fields (F1-F5),TaskName 5/17/2025 (GreenStar 4 Monitor),Outlook/agsaver,96,5/17/2025,0.199,On,1127.8,6.250,18.75,2.496,0.732,2.747,267.84,19.99,21.08,0,3,1.899,5/17/2025,Good,8.433,6.916e-06,3.162,2.593e-06,0.00,0.00,0.00,4.216,3.458e-06,2.108,1.729e-06,20.95,0.0022,0.00,0.00,25.30,2.075e-05,0.00,0.00,0.00,0.00,0.00,2.951,0.00,0.00,0.00010
-93.77703193,42.02120593,F Fields (F1-F5),TaskName 5/17/2025 (GreenStar 4 Monitor),Outlook/agsaver,97,5/17/2025,0.201,On,1127.8,25.00,-21.94,2.291,0.673,2.424,267.91,19.99,19.45,0,3,6.913,5/17/2025,Good,7.779,2.346e-05,2.917,8.796e-06,0.00,0.00,0.00,3.889,1.173e-05,1.945,5.864e-06,19.32,0.0075,0.00,0.00,23.34,7.037e-05,0.00,0.00,0.00,0.00,0.00,2.722,0.00,0.00,0.00039
-93.77703402,42.02120581,F Fields (F1-F5),TaskName 5/17/2025 (GreenStar 4 Monitor),Outlook/agsaver,98,5/17/2025,0.200,On,1127.8,20.00,-36.25,1.886,0.548,2.212,268.02,19.99,20.50,0,3,4.528,5/17/2025,Good,8.202,1.612e-05,3.076,6.045e-06,0.00,0.00,0.00,4.101,8.060e-06,2.050,4.030e-06,20.37,0.0051,0.00,0.00,24.61,4.836e-05,0.00,0.00,0.00,0.00,0.00,2.871,0.00,0.00,0.00025
-93.77703569,42.02120570,F Fields (F1-F5),TaskName 5/17/2025 (GreenStar 4 Monitor),Outlook/agsaver,99,5/17/2025,0.195,On,1127.8,25.00,-48.12,1.687,0.482,2.245,268.11,19.99,26.82,0,3,5.110,5/17/2025,Over Target,10.73,2.320e-05,4.023,8.700e-06,0.00,0.00,0.00,5.365,1.160e-05,2.682,5.800e-06,26.65,0.0074,0.00,0.00,32.19,6.960e-05,0.00,0.00,0.00,0.00,0.00,3.755,0.00,0.00,0.00028
-93.77703710,42.02120571,F Fields (F1-F5),TaskName 5/17/2025 (GreenStar 4 Monitor),Outlook/agsaver,100,5/17/2025,0.200,On,1127.8,5.000,-58.12,1.441,0.420,2.199,268.06,19.99,28.80,0,3,0.868,5/17/2025,Over Target,11.52,4.338e-06,4.320,1.627e-06,0.00,0.00,0.00,5.760,2.169e-06,2.880,1.085e-06,28.61,0.0014,0.00,0.00,34.56,1.302e-05,0.00,0.00,0.00,0.00,0.00,4.032,0.00,0.00,4.820e-05
-93.77701074,42.02120264,F Fields (F1-F5),TaskName 5/17/2025 (GreenStar 4 Monitor),Outlook/agsaver,101,5/17/2025,0.205,On,1127.7,3.750,-58.75,2.451,0.735,3.302,271.35,19.99,25.82,0,1,1.111,5/17/2025,Over Target,10.33,5.104e-06,3.873,1.914e-06,0.00,0.00,0.00,5.164,2.552e-06,2.582,1.276e-06,25.65,0.0016,0.00,0.00,30.98,1.531e-05,0.00,0.00,0.00,0.00,0.00,3.615,0.00,0.00,6.327e-05
-93.77701770,42.02120260,F Fields (F1-F5),TaskName 5/17/2025 (GreenStar 4 Monitor),Outlook/agsaver,102,5/17/2025,0.405,On,1127.8,35.00,-43.12,2.869,1.699,5.013,271.80,19.99,23.48,0,1,12.14,5/17/2025,Over Target,9.391,0.00010,3.522,3.757e-05,0.00,0.00,0.00,4.696,5.009e-05,2.348,2.505e-05,23.33,0.032,0.00,0.00,28.17,0.00030,0.00,0.00,0.00,0.00,0.00,3.287,0.00,0.00,0.0014
-93.77702166,42.02120261,F Fields (F1-F5),TaskName 5/17/2025 (GreenStar 4 Monitor),Outlook/agsaver,103,5/17/2025,0.195,On,1127.9,37.50,-41.87,3.062,0.873,7.443,271.94,19.99,23.10,0,1,13.87,5/17/2025,Over Target,9.241,5.424e-05,3.465,2.034e-05,0.00,0.00,0.00,4.621,2.712e-05,2.310,1.356e-05,22.95,0.017,0.00,0.00,27.72,0.00016,0.00,0.00,0.00,0.00,0.00,3.234,0.00,0.00,0.00075
-93.77702594,42.02120251,F Fields (F1-F5),TaskName 5/17/2025 (GreenStar 4 Monitor),Outlook/agsaver,104,5/17/2025,0.200,On,1127.9,43.75,-38.75,3.178,0.925,9.173,271.91,19.99,22.07,0,1,16.73,5/17/2025,Good,8.826,6.408e-05,3.310,2.403e-05,0.00,0.00,0.00,4.413,3.204e-05,2.207,1.602e-05,21.92,0.020,0.00,0.00,26.48,0.00019,0.00,0.00,0.00,0.00,0.00,3.089,0.00,0.00,0.00093
-93.77703030,42.02120282,F Fields (F1-F5),TaskName 5/17/2025 (GreenStar 4 Monitor),Outlook/agsaver,105,5/17/2025,0.199,On,1127.9,52.50,-34.37,3.346,0.981,10.64,271.43,19.99,22.13,0,1,21.39,5/17/2025,Good,8.852,8.176e-05,3.319,3.066e-05,0.00,0.00,0.00,4.426,4.088e-05,2.213,2.044e-05,21.99,0.026,0.00,0.00,26.56,0.00025,0.00,0.00,0.00,0.00,0.00,3.098,0.00,0.00,0.0012
-93.77703501,42.02120333,F Fields (F1-F5),TaskName 5/17/2025 (GreenStar 4 Monitor),Outlook/agsaver,106,5/17/2025,0.201,On,1127.9,87.50,-16.87,3.543,1.043,11.30,270.83,19.99,21.61,0,1,37.54,5/17/2025,Good,8.642,0.00014,3.241,5.306e-05,0.00,0.00,0.00,4.321,7.075e-05,2.161,3.537e-05,21.47,0.045,0.00,0.00,25.93,0.00042,0.00,0.00,0.00,0.00,0.00,3.025,0.00,0.00,0.0021
-93.77706304,42.02120457,F Fields (F1-F5),TaskName 5/17/2025 (GreenStar 4 Monitor),Outlook/agsaver,107,5/17/2025,1.000,On,1127.9,121.25,0.00,4.318,6.276,7.094,268.99,19.99,21.29,0,1,62.89,5/17/2025,Good,8.517,0.0012,3.194,0.00044,0.00,0.00,0.00,4.258,0.00058,2.129,0.00029,21.15,0.370,0.00,0.00,25.55,0.0035,0.00,0.00,0.00,0.00,0.00,2.981,0.00,0.00,0.017
-93.77709423,42.02120469,F Fields (F1-F5),TaskName 5/17/2025 (GreenStar 4 Monitor),Outlook/agsaver,108,5/17/2025,1.005,On,1128.1,121.25,0.00,5.479,8.051,5.040,268.49,19.99,20.23,0,1,80.28,5/17/2025,Good,8.092,0.0014,3.034,0.00053,0.00,0.00,0.00,4.046,0.00071,2.023,0.00035,20.10,0.450,0.00,0.00,24.28,0.0043,0.00,0.00,0.00,0.00,0.00,2.832,0.00,0.00,0.022
-93.77712665,42.02120403,F Fields (F1-F5),TaskName 5/17/2025 (GreenStar 4 Monitor),Outlook/agsaver,109,5/17/2025,0.995,On,1128.2,121.25,0.00,5.644,8.222,8.604,269.08,19.99,20.31,0,1,82.80,5/17/2025,Good,8.125,0.0015,3.047,0.00054,0.00,0.00,0.00,4.062,0.00073,2.031,0.00036,20.18,0.462,0.00,0.00,24.37,0.0044,0.00,0.00,0.00,0.00,0.00,2.844,0.00,0.00,0.023
-93.77716074,42.02120348,F Fields (F1-F5),TaskName 5/17/2025 (GreenStar 4 Monitor),Outlook/agsaver,110,5/17/2025,1.000,On,1128.3,121.25,0.00,6.285,9.206,4.869,269.56,19.99,19.78,0,1,92.25,5/17/2025,Good,7.911,0.0016,2.967,0.00059,0.00,0.00,0.00,3.956,0.00079,1.978,0.00040,19.65,0.504,0.00,0.00,23.73,0.0048,0.00,0.00,0.00,0.00,0.00,2.769,0.00,0.00,0.026
-93.77719598,42.02120354,F Fields (F1-F5),TaskName 5/17/2025 (GreenStar 4 Monitor),Outlook/agsaver,111,5/17/2025,1.000,On,1128.2,121.25,0.00,6.371,9.331,6.219,269.16,19.99,19.97,0,1,93.50,5/17/2025,Good,7.988,0.0016,2.996,0.00061,0.00,0.00,0.00,3.994,0.00081,1.997,0.00041,19.84,0.515,0.00,0.00,23.96,0.0049,0.00,0.00,0.00,0.00,0.00,2.796,0.00,0.00,0.026
-93.77723125,42.02120308,F Fields (F1-F5),TaskName 5/17/2025 (GreenStar 4 Monitor),Outlook/agsaver,112,5/17/2025,0.999,On,1128.2,121.25,0.00,6.494,9.501,6.346,270.08,19.99,19.91,0,1,95.30,5/17/2025,Good,7.965,0.0016,2.987,0.00062,0.00,0.00,0.00,3.982,0.00082,1.991,0.00041,19.78,0.523,0.00,0.00,23.89,0.0049,0.00,0.00,0.00,0.00,0.00,2.788,0.00,0.00,0.026
-93.77726716,42.02120317,F Fields (F1-F5),TaskName 5/17/2025 (GreenStar 4 Monitor),Outlook/agsaver,113,5/17/2025,1.000,On,1128.0,121.25,0.00,6.629,9.715,5.519,270.45,19.99,19.82,0,1,97.35,5/17/2025,Good,7.927,0.0017,2.973,0.00063,0.00,0.00,0.00,3.964,0.00084,1.982,0.00042,19.69,0.532,0.00,0.00,23.78,0.0050,0.00,0.00,0.00,0.00,0.00,2.775,0.00,0.00,0.027
-93.77730419,42.02120349,F Fields (F1-F5),TaskName 5/17/2025 (GreenStar 4 Monitor),Outlook/agsaver,114,5/17/2025,1.000,On,1127.9,121.25,0.00,6.691,9.806,5.370,270.19,19.99,19.99,0,1,98.27,5/17/2025,Good,7.996,0.0017,2.998,0.00064,0.00,0.00,0.00,3.998,0.00085,1.999,0.00043,19.86,0.542,0.00,0.00,23.99,0.0051,0.00,0.00,0.00,0.00,0.00,2.798,0.00,0.00,0.027
-93.77734074,42.02120327,F Fields (F1-F5),TaskName 5/17/2025 (GreenStar 4 Monitor),Outlook/agsaver,115,5/17/2025,1.000,On,1127.6,121.25,0.00,6.842,10.03,5.194,270.63,19.99,19.75,0,1,100.47,5/17/2025,Good,7.901,0.0017,2.963,0.00065,0.00,0.00,0.00,3.951,0.00086,1.975,0.00043,19.62,0.548,0.00,0.00,23.70,0.0052,0.00,0.00,0.00,0.00,0.00,2.765,0.00,0.00,0.028
-93.77737785,42.02120376,F Fields (F1-F5),TaskName 5/17/2025 (GreenStar 4 Monitor),Outlook/agsaver,116,5/17/2025,1.000,On,1127.4,121.25,0.00,6.811,9.977,5.232,270.31,19.99,19.93,0,1,99.98,5/17/2025,Good,7.970,0.0017,2.989,0.00065,0.00,0.00,0.00,3.985,0.00086,1.993,0.00043,19.80,0.550,0.00,0.00,23.91,0.0052,0.00,0.00,0.00,0.00,0.00,2.790,0.00,0.00,0.028
-93.77741526,42.02120394,F Fields (F1-F5),TaskName 5/17/2025 (GreenStar 4 Monitor),Outlook/agsaver,117,5/17/2025,0.996,On,1127.2,121.25,0.00,6.876,10.04,4.877,270.16,19.99,19.83,0,1,100.97,5/17/2025,Good,7.934,0.0017,2.975,0.00065,0.00,0.00,0.00,3.967,0.00087,1.983,0.00043,19.71,0.550,0.00,0.00,23.80,0.0052,0.00,0.00,0.00,0.00,0.00,2.777,0.00,0.00,0.028
-93.77745235,42.02120423,F Fields (F1-F5),TaskName 5/17/2025 (GreenStar 4 Monitor),Outlook/agsaver,118,5/17/2025,1.005,On,1127.0,121.25,0.00,6.894,10.15,5.480,269.83,19.99,20.08,0,1,101.21,5/17/2025,Good,8.032,0.0018,3.012,0.00066,0.00,0.00,0.00,4.016,0.00089,2.008,0.00044,19.95,0.564,0.00,0.00,24.10,0.0053,0.00,0.00,0.00,0.00,0.00,2.811,0.00,0.00,0.028
-93.77748953,42.02120410,F Fields (F1-F5),TaskName 5/17/2025 (GreenStar 4 Monitor),Outlook/agsaver,119,5/17/2025,0.995,On,1126.9,121.25,0.00,6.854,9.993,5.686,270.25,19.99,20.10,0,1,100.64,5/17/2025,Good,8.041,0.0017,3.015,0.00066,0.00,0.00,0.00,4.021,0.00087,2.010,0.00044,19.97,0.556,0.00,0.00,24.12,0.0052,0.00,0.00,0.00,0.00,0.00,2.814,0.00,0.00,0.028
-93.77752670,42.02120438,F Fields (F1-F5),TaskName 5/17/2025 (GreenStar 4 Monitor),Outlook/agsaver,120,5/17/2025,1.004,On,1126.8,121.25,0.00,6.907,10.16,5.403,270.16,19.99,19.92,0,1,101.44,5/17/2025,Good,7.969,0.0018,2.989,0.00066,0.00,0.00,0.00,3.985,0.00088,1.992,0.00044,19.79,0.560,0.00,0.00,23.91,0.0053,0.00,0.00,0.00,0.00,0.00,2.789,0.00,0.00,0.028
-93.77756409,42.02120475,F Fields (F1-F5),TaskName 5/17/2025 (GreenStar 4 Monitor),Outlook/agsaver,121,5/17/2025,1.001,On,1126.7,121.25,0.00,6.916,10.15,5.334,269.89,19.99,19.83,0,1,101.64,5/17/2025,Good,7.932,0.0018,2.975,0.00066,0.00,0.00,0.00,3.966,0.00088,1.983,0.00044,19.70,0.557,0.00,0.00,23.80,0.0053,0.00,0.00,0.00,0.00,0.00,2.776,0.00,0.00,0.028
-93.77760185,42.02120465,F Fields (F1-F5),TaskName 5/17/2025 (GreenStar 4 Monitor),Outlook/agsaver,122,5/17/2025,1.000,On,1126.5,121.25,0.00,6.945,10.18,4.728,270.22,19.99,19.65,0,1,102.05,5/17/2025,Good,7.860,0.0017,2.947,0.00065,0.00,0.00,0.00,3.930,0.00087,1.965,0.00044,19.52,0.553,0.00,0.00,23.58,0.0052,0.00,0.00,0.00,0.00,0.00,2.751,0.00,0.00,0.028
-93.77763951,42.02120488,F Fields (F1-F5),TaskName 5/17/2025 (GreenStar 4 Monitor),Outlook/agsaver,123,5/17/2025,0.999,On,1126.5,121.25,0.00,6.971,10.22,5.046,270.16,19.99,19.87,0,1,102.48,5/17/2025,Good,7.946,0.0018,2.980,0.00066,0.00,0.00,0.00,3.973,0.00088,1.987,0.00044,19.74,0.561,0.00,0.00,23.84,0.0053,0.00,0.00,0.00,0.00,0.00,2.781,0.00,0.00,0.028
-93.77767706,42.02120519,F Fields (F1-F5),TaskName 5/17/2025 (GreenStar 4 Monitor),Outlook/agsaver,124,5/17/2025,1.001,On,1126.5,121.25,0.00,6.973,10.24,4.790,269.84,19.99,19.77,0,1,102.47,5/17/2025,Good,7.907,0.0018,2.965,0.00066,0.00,0.00,0.00,3.953,0.00088,1.977,0.00044,19.64,0.560,0.00,0.00,23.72,0.0053,0.00,0.00,0.00,0.00,0.00,2.767,0.00,0.00,0.028
-93.77771547,42.02120500,F Fields (F1-F5),TaskName 5/17/2025 (GreenStar 4 Monitor),Outlook/agsaver,125,5/17/2025,0.995,On,1126.6,121.25,0.00,6.985,10.19,5.916,269.92,19.99,19.87,0,1,102.63,5/17/2025,Good,7.946,0.0018,2.980,0.00066,0.00,0.00,0.00,3.973,0.00088,1.987,0.00044,19.74,0.560,0.00,0.00,23.84,0.0053,0.00,0.00,0.00,0.00,0.00,2.781,0.00,0.00,0.028
-93.77775656,42.02120499,F Fields (F1-F5),TaskName 5/17/2025 (GreenStar 4 Monitor),Outlook/agsaver,126,5/17/2025,1.005,On,1126.7,121.25,0.00,7.351,10.83,5.412,269.93,19.99,19.86,0,1,107.98,5/17/2025,Good,7.942,0.0019,2.978,0.00070,0.00,0.00,0.00,3.971,0.00094,1.986,0.00047,19.73,0.595,0.00,0.00,23.83,0.0056,0.00,0.00,0.00,0.00,0.00,2.780,0.00,0.00,0.030
-93.77779779,42.02120524,F Fields (F1-F5),TaskName 5/17/2025 (GreenStar 4 Monitor),Outlook/agsaver,127,5/17/2025,1.000,On,1126.8,121.25,0.00,7.560,11.09,7.122,269.68,19.99,19.86,0,1,111.12,5/17/2025,Good,7.943,0.0019,2.979,0.00072,0.00,0.00,0.00,3.971,0.00096,1.986,0.00048,19.73,0.609,0.00,0.00,23.83,0.0057,0.00,0.00,0.00,0.00,0.00,2.780,0.00,0.00,0.031
-93.77784074,42.02120523,F Fields (F1-F5),TaskName 5/17/2025 (GreenStar 4 Monitor),Outlook/agsaver,128,5/17/2025,0.999,On,1126.8,121.25,0.00,7.793,11.41,6.407,269.63,19.99,19.88,0,1,114.49,5/17/2025,Good,7.952,0.0020,2.982,0.00074,0.00,0.00,0.00,3.976,0.00099,1.988,0.00049,19.75,0.627,0.00,0.00,23.86,0.0059,0.00,0.00,0.00,0.00,0.00,2.783,0.00,0.00,0.032
-93.77788487,42.02120498,F Fields (F1-F5),TaskName 5/17/2025 (GreenStar 4 Monitor),Outlook/agsaver,129,5/17/2025,1.000,On,1126.7,121.25,0.00,8.005,11.74,5.973,269.78,19.99,19.79,0,1,117.66,5/17/2025,Good,7.917,0.0020,2.969,0.00076,0.00,0.00,0.00,3.958,0.0010,1.979,0.00051,19.66,0.643,0.00,0.00,23.75,0.0061,0.00,0.00,0.00,0.00,0.00,2.771,0.00,0.00,0.033
-93.77793000,42.02120476,F Fields (F1-F5),TaskName 5/17/2025 (GreenStar 4 Monitor),Outlook/agsaver,130,5/17/2025,0.996,On,1126.4,121.25,0.00,8.220,12.00,6.290,270.03,19.99,19.92,0,1,120.78,5/17/2025,Good,7.968,0.0021,2.988,0.00078,0.00,0.00,0.00,3.984,0.0010,1.992,0.00052,19.79,0.661,0.00,0.00,23.90,0.0062,0.00,0.00,0.00,0.00,0.00,2.789,0.00,0.00,0.033
-93.77797692,42.02120501,F Fields (F1-F5),TaskName 5/17/2025 (GreenStar 4 Monitor),Outlook/agsaver,131,5/17/2025,1.005,On,1126.2,121.25,0.00,8.529,12.57,5.137,269.74,19.99,20.03,0,1,125.32,5/17/2025,Good,8.012,0.0022,3.004,0.00082,0.00,0.00,0.00,4.006,0.0011,2.003,0.00055,19.90,0.696,0.00,0.00,24.04,0.0066,0.00,0.00,0.00,0.00,0.00,2.804,0.00,0.00,0.035
-93.77802366,42.02120495,F Fields (F1-F5),TaskName 5/17/2025 (GreenStar 4 Monitor),Outlook/agsaver,132,5/17/2025,1.000,On,1126.1,121.25,0.00,8.649,12.69,6.416,269.59,19.99,20.27,0,1,127.13,5/17/2025,Good,8.107,0.0022,3.040,0.00084,0.00,0.00,0.00,4.054,0.0011,2.027,0.00056,20.14,0.711,0.00,0.00,24.32,0.0067,0.00,0.00,0.00,0.00,0.00,2.838,0.00,0.00,0.035
-93.77807121,42.02120473,F Fields (F1-F5),TaskName 5/17/2025 (GreenStar 4 Monitor),Outlook/agsaver,133,5/17/2025,0.999,On,1126.2,121.25,0.00,8.716,12.77,6.520,269.76,19.99,20.31,0,1,128.08,5/17/2025,Good,8.124,0.0023,3.046,0.00085,0.00,0.00,0.00,4.062,0.0011,2.031,0.00056,20.18,0.717,0.00,0.00,24.37,0.0068,0.00,0.00,0.00,0.00,0.00,2.843,0.00,0.00,0.036
-93.77811925,42.02120449,F Fields (F1-F5),TaskName 5/17/2025 (GreenStar 4 Monitor),Outlook/agsaver,134,5/17/2025,1.000,On,1126.2,121.25,0.00,8.824,12.94,7.196,270.02,19.99,20.50,0,1,129.66,5/17/2025,Good,8.199,0.0023,3.074,0.00087,0.00,0.00,0.00,4.099,0.0012,2.050,0.00058,20.36,0.733,0.00,0.00,24.60,0.0069,0.00,0.00,0.00,0.00,0.00,2.870,0.00,0.00,0.036
-93.77816732,42.02120464,F Fields (F1-F5),TaskName 5/17/2025 (GreenStar 4 Monitor),Outlook/agsaver,135,5/17/2025,1.000,On,1126.2,121.25,0.00,8.918,13.08,6.606,269.91,19.99,20.42,0,1,131.08,5/17/2025,Good,8.168,0.0023,3.063,0.00087,0.00,0.00,0.00,4.084,0.0012,2.042,0.00058,20.29,0.739,0.00,0.00,24.50,0.0070,0.00,0.00,0.00,0.00,0.00,2.859,0.00,0.00,0.036
-93.77821562,42.02120462,F Fields (F1-F5),TaskName 5/17/2025 (GreenStar 4 Monitor),Outlook/agsaver,136,5/17/2025,1.001,On,1126.3,121.25,0.00,8.898,13.05,6.885,269.96,19.99,20.36,0,1,130.62,5/17/2025,Good,8.145,0.0023,3.054,0.00087,0.00,0.00,0.00,4.073,0.0012,2.036,0.00058,20.23,0.735,0.00,0.00,24.44,0.0069,0.00,0.00,0.00,0.00,0.00,2.851,0.00,0.00,0.036
-93.77826350,42.02120464,F Fields (F1-F5),TaskName 5/17/2025 (GreenStar 4 Monitor),Outlook/agsaver,137,5/17/2025,0.995,On,1126.5,121.25,0.00,8.913,13.02,6.984,270.03,19.99,20.07,0,1,131.14,5/17/2025,Good,8.028,0.0023,3.011,0.00085,0.00,0.00,0.00,4.014,0.0011,2.007,0.00057,19.94,0.723,0.00,0.00,24.08,0.0068,0.00,0.00,0.00,0.00,0.00,2.810,0.00,0.00,0.036
-93.77831177,42.02120476,F Fields (F1-F5),TaskName 5/17/2025 (GreenStar 4 Monitor),Outlook/agsaver,138,5/17/2025,1.000,On,1126.6,121.25,0.00,8.905,13.04,6.634,269.78,19.99,19.84,0,1,130.72,5/17/2025,Good,7.935,0.0023,2.976,0.00084,0.00,0.00,0.00,3.968,0.0011,1.984,0.00056,19.71,0.716,0.00,0.00,23.81,0.0068,0.00,0.00,0.00,0.00,0.00,2.777,0.00,0.00,0.036
-93.77835962,42.02120483,F Fields (F1-F5),TaskName 5/17/2025 (GreenStar 4 Monitor),Outlook/agsaver,139,5/17/2025,1.004,On,1126.7,121.25,0.00,8.898,13.12,6.832,269.54,19.99,19.89,0,1,130.91,5/17/2025,Good,7.956,0.0023,2.984,0.00085,0.00,0.00,0.00,3.978,0.0011,1.989,0.00057,19.76,0.722,0.00,0.00,23.87,0.0068,0.00,0.00,0.00,0.00,0.00,2.785,0.00,0.00,0.037
-93.77840674,42.02120447,F Fields (F1-F5),TaskName 5/17/2025 (GreenStar 4 Monitor),Outlook/agsaver,140,5/17/2025,1.001,On,1126.9,121.25,0.00,8.851,12.98,6.342,269.95,19.99,19.88,0,1,129.93,5/17/2025,Good,7.950,0.0022,2.981,0.00084,0.00,0.00,0.00,3.975,0.0011,1.988,0.00056,19.75,0.713,0.00,0.00,23.85,0.0067,0.00,0.00,0.00,0.00,0.00,2.783,0.00,0.00,0.036
-93.77845284,42.02120435,F Fields (F1-F5),TaskName 5/17/2025 (GreenStar 4 Monitor),Outlook/agsaver,141,5/17/2025,0.995,On,1127.1,121.25,0.00,8.595,12.56,7.814,270.33,19.99,20.11,0,1,126.45,5/17/2025,Good,8.044,0.0022,3.017,0.00082,0.00,0.00,0.00,4.022,0.0011,2.011,0.00055,19.98,0.698,0.00,0.00,24.13,0.0066,0.00,0.00,0.00,0.00,0.00,2.815,0.00,0.00,0.035
-93.77849893,42.02120460,F Fields (F1-F5),TaskName 5/17/2025 (GreenStar 4 Monitor),Outlook/agsaver,142,5/17/2025,1.004,On,1127.2,121.25,0.00,8.571,12.62,7.238,270.15,19.99,20.10,0,1,125.94,5/17/2025,Good,8.041,0.0022,3.015,0.00083,0.00,0.00,0.00,4.021,0.0011,2.010,0.00055,19.97,0.701,0.00,0.00,24.12,0.0066,0.00,0.00,0.00,0.00,0.00,2.814,0.00,0.00,0.035
-93.77854566,42.02120480,F Fields (F1-F5),TaskName 5/17/2025 (GreenStar 4 Monitor),Outlook/agsaver,143,5/17/2025,0.995,On,1127.3,121.25,0.00,8.561,12.49,7.654,269.99,19.99,19.97,0,1,125.79,5/17/2025,Good,7.988,0.0022,2.995,0.00081,0.00,0.00,0.00,3.994,0.0011,1.997,0.00054,19.84,0.690,0.00,0.00,23.96,0.0065,0.00,0.00,0.00,0.00,0.00,2.796,0.00,0.00,0.035
-93.77859300,42.02120485,F Fields (F1-F5),TaskName 5/17/2025 (GreenStar 4 Monitor),Outlook/agsaver,144,5/17/2025,1.001,On,1127.5,121.25,0.00,8.694,12.75,7.549,270.07,19.99,19.88,0,1,127.66,5/17/2025,Good,7.953,0.0022,2.982,0.00083,0.00,0.00,0.00,3.977,0.0011,1.988,0.00055,19.75,0.701,0.00,0.00,23.86,0.0066,0.00,0.00,0.00,0.00,0.00,2.784,0.00,0.00,0.035
-93.77864096,42.02120518,F Fields (F1-F5),TaskName 5/17/2025 (GreenStar 4 Monitor),Outlook/agsaver,145,5/17/2025,1.004,On,1127.9,121.25,0.00,8.838,13.02,6.580,269.78,19.99,19.57,0,1,130.00,5/17/2025,Good,7.829,0.0022,2.936,0.00083,0.00,0.00,0.00,3.914,0.0011,1.957,0.00055,19.45,0.705,0.00,0.00,23.49,0.0067,0.00,0.00,0.00,0.00,0.00,2.740,0.00,0.00,0.036
-93.77868801,42.02120539,F Fields (F1-F5),TaskName 5/17/2025 (GreenStar 4 Monitor),Outlook/agsaver,146,5/17/2025,1.000,On,1128.3,121.25,0.00,8.804,12.91,7.529,269.41,19.99,19.82,0,1,129.37,5/17/2025,Good,7.929,0.0022,2.973,0.00083,0.00,0.00,0.00,3.965,0.0011,1.982,0.00056,19.69,0.708,0.00,0.00,23.79,0.0067,0.00,0.00,0.00,0.00,0.00,2.775,0.00,0.00,0.036
-93.77873517,42.02120514,F Fields (F1-F5),TaskName 5/17/2025 (GreenStar 4 Monitor),Outlook/agsaver,147,5/17/2025,0.996,On,1128.5,121.25,0.00,8.719,12.74,8.069,269.53,19.99,19.97,0,1,128.14,5/17/2025,Good,7.989,0.0022,2.996,0.00083,0.00,0.00,0.00,3.995,0.0011,1.997,0.00055,19.84,0.703,0.00,0.00,23.97,0.0066,0.00,0.00,0.00,0.00,0.00,2.796,0.00,0.00,0.035
-93.77878313,42.02120484,F Fields (F1-F5),TaskName 5/17/2025 (GreenStar 4 Monitor),Outlook/agsaver,148,5/17/2025,1.005,On,1128.5,121.25,0.00,8.781,12.95,7.156,269.96,19.99,20.03,0,1,129.08,5/17/2025,Good,8.011,0.0023,3.004,0.00085,0.00,0.00,0.00,4.006,0.0011,2.003,0.00056,19.90,0.717,0.00,0.00,24.03,0.0068,0.00,0.00,0.00,0.00,0.00,2.804,0.00,0.00,0.036
-93.77883116,42.02120493,F Fields (F1-F5),TaskName 5/17/2025 (GreenStar 4 Monitor),Outlook/agsaver,149,5/17/2025,0.995,On,1128.6,121.25,0.00,8.889,12.97,6.033,270.01,19.99,20.03,0,1,130.61,5/17/2025,Good,8.010,0.0023,3.004,0.00085,0.00,0.00,0.00,4.005,0.0011,2.003,0.00056,19.90,0.718,0.00,0.00,24.03,0.0068,0.00,0.00,0.00,0.00,0.00,2.804,0.00,0.00,0.036
-93.77887937,42.02120531,F Fields (F1-F5),TaskName 5/17/2025 (GreenStar 4 Monitor),Outlook/agsaver,150,5/17/2025,1.000,On,1128.8,121.25,0.00,8.906,13.05,6.154,269.57,19.99,20.10,0,1,130.75,5/17/2025,Good,8.038,0.0023,3.014,0.00086,0.00,0.00,0.00,4.019,0.0011,2.010,0.00057,19.97,0.725,0.00,0.00,24.11,0.0068,0.00,0.00,0.00,0.00,0.00,2.813,0.00,0.00,0.036
-93.77892692,42.02120531,F Fields (F1-F5),TaskName 5/17/2025 (GreenStar 4 Monitor),Outlook/agsaver,151,5/17/2025,1.005,On,1129.0,121.25,0.00,8.868,13.08,7.425,269.42,19.99,20.20,0,1,130.42,5/17/2025,Good,8.079,0.0023,3.030,0.00086,0.00,0.00,0.00,4.040,0.0011,2.020,0.00057,20.07,0.731,0.00,0.00,24.24,0.0069,0.00,0.00,0.00,0.00,0.00,2.828,0.00,0.00,0.036
-93.77897489,42.02120493,F Fields (F1-F5),TaskName 5/17/2025 (GreenStar 4 Monitor),Outlook/agsaver,152,5/17/2025,0.995,On,1129.1,121.25,0.00,8.828,12.88,7.430,269.67,19.99,20.38,0,1,129.67,5/17/2025,Good,8.152,0.0023,3.057,0.00086,0.00,0.00,0.00,4.076,0.0011,2.038,0.00057,20.25,0.726,0.00,0.00,24.45,0.0068,0.00,0.00,0.00,0.00,0.00,2.853,0.00,0.00,0.036
-93.77902326,42.02120472,F Fields (F1-F5),TaskName 5/17/2025 (GreenStar 4 Monitor),Outlook/agsaver,153,5/17/2025,1.000,On,1129.3,121.25,0.00,8.938,13.10,6.531,269.89,19.99,20.27,0,1,131.29,5/17/2025,Good,8.108,0.0023,3.040,0.00087,0.00,0.00,0.00,4.054,0.0012,2.027,0.00058,20.14,0.734,0.00,0.00,24.32,0.0069,0.00,0.00,0.00,0.00,0.00,2.838,0.00,0.00,0.036
-93.77907152,42.02120486,F Fields (F1-F5),TaskName 5/17/2025 (GreenStar 4 Monitor),Outlook/agsaver,154,5/17/2025,1.000,On,1129.3,121.25,0.00,8.948,13.12,5.898,269.68,19.99,20.02,0,1,131.46,5/17/2025,Good,8.006,0.0023,3.002,0.00086,0.00,0.00,0.00,4.003,0.0011,2.002,0.00057,19.89,0.726,0.00,0.00,24.02,0.0069,0.00,0.00,0.00,0.00,0.00,2.802,0.00,0.00,0.037
-93.77909044,42.02120482,F Fields (F1-F5),TaskName 5/17/2025 (GreenStar 4 Monitor),Outlook/agsaver,155,5/17/2025,0.400,On,1129.3,121.25,0.00,8.937,5.240,4.179,269.64,19.99,19.86,0,1,131.28,5/17/2025,Good,7.943,0.00091,2.979,0.00034,0.00,0.00,0.00,3.972,0.00045,1.986,0.00023,19.73,0.288,0.00,0.00,23.83,0.0027,0.00,0.00,0.00,0.00,0.00,2.780,0.00,0.00,0.015
-93.77908204,42.02120348,F Fields (F1-F5),TaskName 5/17/2025 (GreenStar 4 Monitor),Outlook/agsaver,156,5/17/2025,0.200,On,1129.3,1.250,-60.00,2.774,0.814,6.690,270.16,19.99,25.74,0,2,0.420,5/17/2025,Over Target,10.30,1.879e-06,3.861,7.047e-07,0.00,0.00,0.00,5.149,9.396e-07,2.574,4.698e-07,25.58,0.00060,0.00,0.00,30.89,5.638e-06,0.00,0.00,0.00,0.00,0.00,3.604,0.00,0.00,2.336e-05
-93.77908745,42.02120322,F Fields (F1-F5),TaskName 5/17/2025 (GreenStar 4 Monitor),Outlook/agsaver,157,5/17/2025,0.200,On,1129.2,73.75,-23.75,3.440,1.014,6.750,270.65,19.99,24.79,0,2,30.91,5/17/2025,Over Target,9.917,0.00013,3.719,4.988e-05,0.00,0.00,0.00,4.958,6.651e-05,2.479,3.326e-05,24.63,0.042,0.00,0.00,29.75,0.00040,0.00,0.00,0.00,0.00,0.00,3.471,0.00,0.00,0.0017
-93.77909342,42.02120306,F Fields (F1-F5),TaskName 5/17/2025 (GreenStar 4 Monitor),Outlook/agsaver,158,5/17/2025,0.200,On,1129.3,93.75,-13.75,3.984,1.168,6.855,271.00,19.99,23.93,0,2,45.26,5/17/2025,Over Target,9.570,0.00019,3.589,7.050e-05,0.00,0.00,0.00,4.785,9.400e-05,2.393,4.700e-05,23.77,0.060,0.00,0.00,28.71,0.00056,0.00,0.00,0.00,0.00,0.00,3.350,0.00,0.00,0.0025
-93.77909962,42.02120298,F Fields (F1-F5),TaskName 5/17/2025 (GreenStar 4 Monitor),Outlook/agsaver,159,5/17/2025,0.200,On,1129.3,112.50,-4.375,4.422,1.290,7.608,271.25,19.99,21.79,0,2,59.96,5/17/2025,Good,8.715,0.00023,3.268,8.505e-05,0.00,0.00,0.00,4.358,0.00011,2.179,5.670e-05,21.65,0.072,0.00,0.00,26.15,0.00068,0.00,0.00,0.00,0.00,0.00,3.050,0.00,0.00,0.0033
-93.77913573,42.02120314,F Fields (F1-F5),TaskName 5/17/2025 (GreenStar 4 Monitor),Outlook/agsaver,160,5/17/2025,1.000,On,1129.1,121.25,0.00,5.693,8.266,7.494,271.74,19.99,20.91,0,2,82.83,5/17/2025,Good,8.362,0.0015,3.136,0.00056,0.00,0.00,0.00,4.181,0.00075,2.091,0.00038,20.77,0.478,0.00,0.00,25.09,0.0045,0.00,0.00,0.00,0.00,0.00,2.927,0.00,0.00,0.023
-93.77917409,42.02120411,F Fields (F1-F5),TaskName 5/17/2025 (GreenStar 4 Monitor),Outlook/agsaver,161,5/17/2025,1.000,On,1128.9,121.25,0.00,6.841,10.02,5.358,270.81,19.99,20.24,0,2,100.46,5/17/2025,Good,8.096,0.0018,3.036,0.00066,0.00,0.00,0.00,4.048,0.00088,2.024,0.00044,20.11,0.561,0.00,0.00,24.29,0.0053,0.00,0.00,0.00,0.00,0.00,2.834,0.00,0.00,0.028
-93.77921261,42.02120442,F Fields (F1-F5),TaskName 5/17/2025 (GreenStar 4 Monitor),Outlook/agsaver,162,5/17/2025,0.999,On,1128.7,121.25,0.00,7.166,10.50,4.904,270.42,19.99,19.95,0,2,105.29,5/17/2025,Good,7.979,0.0018,2.992,0.00068,0.00,0.00,0.00,3.989,0.00091,1.995,0.00046,19.82,0.579,0.00,0.00,23.94,0.0055,0.00,0.00,0.00,0.00,0.00,2.793,0.00,0.00,0.029
-93.77925182,42.02120445,F Fields (F1-F5),TaskName 5/17/2025 (GreenStar 4 Monitor),Outlook/agsaver,163,5/17/2025,1.000,On,1128.5,121.25,0.00,7.130,10.45,5.465,270.45,19.99,20.03,0,2,104.70,5/17/2025,Good,8.012,0.0018,3.005,0.00068,0.00,0.00,0.00,4.006,0.00091,2.003,0.00046,19.90,0.579,0.00,0.00,24.04,0.0055,0.00,0.00,0.00,0.00,0.00,2.804,0.00,0.00,0.029
-93.77929087,42.02120455,F Fields (F1-F5),TaskName 5/17/2025 (GreenStar 4 Monitor),Outlook/agsaver,164,5/17/2025,1.001,On,1128.3,121.25,0.00,7.282,10.67,4.644,270.26,19.99,19.87,0,2,106.86,5/17/2025,Good,7.949,0.0018,2.981,0.00069,0.00,0.00,0.00,3.974,0.00092,1.987,0.00046,19.74,0.587,0.00,0.00,23.85,0.0055,0.00,0.00,0.00,0.00,0.00,2.782,0.00,0.00,0.030
-93.77933057,42.02120481,F Fields (F1-F5),TaskName 5/17/2025 (GreenStar 4 Monitor),Outlook/agsaver,165,5/17/2025,0.999,On,1128.1,121.25,0.00,7.275,10.66,4.272,270.15,19.99,19.79,0,2,106.97,5/17/2025,Good,7.915,0.0018,2.968,0.00069,0.00,0.00,0.00,3.958,0.00092,1.979,0.00046,19.66,0.584,0.00,0.00,23.75,0.0055,0.00,0.00,0.00,0.00,0.00,2.770,0.00,0.00,0.030
-93.77936937,42.02120474,F Fields (F1-F5),TaskName 5/17/2025 (GreenStar 4 Monitor),Outlook/agsaver,166,5/17/2025,1.001,On,1128.0,121.25,0.00,7.278,10.68,4.127,270.05,19.99,19.88,0,2,106.89,5/17/2025,Good,7.951,0.0018,2.982,0.00069,0.00,0.00,0.00,3.976,0.00092,1.988,0.00046,19.75,0.587,0.00,0.00,23.85,0.0055,0.00,0.00,0.00,0.00,0.00,2.783,0.00,0.00,0.030
-93.77940805,42.02120484,F Fields (F1-F5),TaskName 5/17/2025 (GreenStar 4 Monitor),Outlook/agsaver,167,5/17/2025,0.999,On,1127.8,121.25,0.00,7.170,10.50,4.144,269.81,19.99,20.00,0,2,105.36,5/17/2025,Good,7.999,0.0018,3.000,0.00069,0.00,0.00,0.00,4.000,0.00091,2.000,0.00046,19.87,0.581,0.00,0.00,24.00,0.0055,0.00,0.00,0.00,0.00,0.00,2.800,0.00,0.00,0.029
-93.77942214,42.02120474,F Fields (F1-F5),TaskName 5/17/2025 (GreenStar 4 Monitor),Outlook/agsaver,168,5/17/2025,0.400,On,1127.7,121.25,0.00,7.100,4.164,1.974,269.85,19.99,19.95,0,2,104.32,5/17/2025,Good,7.980,0.00072,2.992,0.00027,0.00,0.00,0.00,3.990,0.00036,1.995,0.00018,19.82,0.230,0.00,0.00,23.94,0.0022,0.00,0.00,0.00,0.00,0.00,2.793,0.00,0.00,0.012
-93.77941848,42.02087568,F Fields (F1-F5),TaskName 5/17/2025 (GreenStar 4 Monitor),Outlook/agsaver,169,5/17/2025,0.400,On,1127.4,121.25,0.00,6.916,4.052,6.173,90.66,19.99,19.63,0,3,101.50,5/17/2025,Good,7.852,0.00069,2.944,0.00026,0.00,0.00,0.00,3.926,0.00035,1.963,0.00017,19.50,0.220,0.00,0.00,23.56,0.0021,0.00,0.00,0.00,0.00,0.00,2.748,0.00,0.00,0.011
-93.77937678,42.02087475,F Fields (F1-F5),TaskName 5/17/2025 (GreenStar 4 Monitor),Outlook/agsaver,170,5/17/2025,0.995,On,1127.4,120.00,0.625,7.210,10.51,7.931,89.96,19.99,20.43,0,3,104.71,5/17/2025,Good,8.170,0.0018,3.064,0.00069,0.00,0.00,0.00,4.085,0.00092,2.043,0.00046,20.29,0.587,0.00,0.00,24.51,0.0055,0.00,0.00,0.00,0.00,0.00,2.860,0.00,0.00,0.029
-93.77933227,42.02087435,F Fields (F1-F5),TaskName 5/17/2025 (GreenStar 4 Monitor),Outlook/agsaver,171,5/17/2025,1.005,On,1127.4,121.25,0.00,7.986,11.76,5.349,89.50,19.99,19.86,0,3,117.24,5/17/2025,Good,7.944,0.0020,2.979,0.00076,0.00,0.00,0.00,3.972,0.0010,1.986,0.00051,19.73,0.646,0.00,0.00,23.83,0.0061,0.00,0.00,0.00,0.00,0.00,2.780,0.00,0.00,0.033
-93.77930584,42.02087440,F Fields (F1-F5),TaskName 5/17/2025 (GreenStar 4 Monitor),Outlook/agsaver,172,5/17/2025,0.600,On,1127.4,121.25,0.00,8.219,7.228,5.286,89.41,19.99,19.82,0,3,120.71,5/17/2025,Good,7.927,0.0012,2.973,0.00047,0.00,0.00,0.00,3.963,0.00062,1.982,0.00031,19.69,0.396,0.00,0.00,23.78,0.0037,0.00,0.00,0.00,0.00,0.00,2.774,0.00,0.00,0.020
-93.77927032,42.02087446,F Fields (F1-F5),TaskName 5/17/2025 (GreenStar 4 Monitor),Outlook/agsaver,173,5/17/2025,0.800,On,1127.3,120.00,0.625,8.156,9.567,6.550,89.31,19.99,19.96,0,3,118.60,5/17/2025,Good,7.986,0.0016,2.995,0.00062,0.00,0.00,0.00,3.993,0.00082,1.996,0.00041,19.84,0.523,0.00,0.00,23.96,0.0049,0.00,0.00,0.00,0.00,0.00,2.795,0.00,0.00,0.026
-93.77926113,42.02087463,F Fields (F1-F5),TaskName 5/17/2025 (GreenStar 4 Monitor),Outlook/agsaver,174,5/17/2025,0.200,On,1127.3,121.25,0.00,8.205,2.405,6.736,89.49,19.99,19.86,0,3,120.49,5/17/2025,Good,7.945,0.00042,2.979,0.00016,0.00,0.00,0.00,3.973,0.00021,1.986,0.00010,19.73,0.132,0.00,0.00,23.84,0.0012,0.00,0.00,0.00,0.00,0.00,2.781,0.00,0.00,0.0067
-93.77921361,42.02087491,F Fields (F1-F5),TaskName 5/17/2025 (GreenStar 4 Monitor),Outlook/agsaver,175,5/17/2025,1.000,On,1127.1,120.00,0.625,8.487,12.44,5.916,89.74,19.99,19.78,0,3,123.35,5/17/2025,Good,7.911,0.0021,2.967,0.00079,0.00,0.00,0.00,3.955,0.0011,1.978,0.00053,19.65,0.673,0.00,0.00,23.73,0.0064,0.00,0.00,0.00,0.00,0.00,2.769,0.00,0.00,0.034
-93.77916506,42.02087505,F Fields (F1-F5),TaskName 5/17/2025 (GreenStar 4 Monitor),Outlook/agsaver,176,5/17/2025,1.000,On,1126.8,120.00,0.625,8.923,13.08,5.076,89.83,19.99,19.79,0,3,129.73,5/17/2025,Good,7.916,0.0022,2.969,0.00084,0.00,0.00,0.00,3.958,0.0011,1.979,0.00056,19.66,0.709,0.00,0.00,23.75,0.0067,0.00,0.00,0.00,0.00,0.00,2.771,0.00,0.00,0.036
-93.77911634,42.02087492,F Fields (F1-F5),TaskName 5/17/2025 (GreenStar 4 Monitor),Outlook/agsaver,177,5/17/2025,0.999,On,1126.6,120.00,0.625,8.988,13.16,5.403,89.56,19.99,19.85,0,3,130.64,5/17/2025,Good,7.942,0.0022,2.978,0.00084,0.00,0.00,0.00,3.971,0.0011,1.985,0.00056,19.73,0.715,0.00,0.00,23.83,0.0067,0.00,0.00,0.00,0.00,0.00,2.780,0.00,0.00,0.036
-93.77906724,42.02087512,F Fields (F1-F5),TaskName 5/17/2025 (GreenStar 4 Monitor),Outlook/agsaver,178,5/17/2025,1.001,On,1126.4,120.00,0.625,9.052,13.28,5.442,89.65,19.99,19.93,0,3,131.58,5/17/2025,Good,7.973,0.0023,2.990,0.00085,0.00,0.00,0.00,3.987,0.0011,1.993,0.00057,19.80,0.725,0.00,0.00,23.92,0.0068,0.00,0.00,0.00,0.00,0.00,2.791,0.00,0.00,0.037
-93.77901815,42.02087539,F Fields (F1-F5),TaskName 5/17/2025 (GreenStar 4 Monitor),Outlook/agsaver,179,5/17/2025,1.000,On,1126.4,120.00,0.625,9.093,13.33,5.713,89.94,19.99,19.93,0,3,132.20,5/17/2025,Good,7.971,0.0023,2.989,0.00086,0.00,0.00,0.00,3.985,0.0011,1.993,0.00057,19.80,0.727,0.00,0.00,23.91,0.0069,0.00,0.00,0.00,0.00,0.00,2.790,0.00,0.00,0.037
-93.77896899,42.02087529,F Fields (F1-F5),TaskName 5/17/2025 (GreenStar 4 Monitor),Outlook/agsaver,180,5/17/2025,1.000,On,1126.3,120.00,0.625,9.125,13.38,5.649,89.85,19.99,19.99,0,3,132.66,5/17/2025,Good,7.996,0.0023,2.998,0.00086,0.00,0.00,0.00,3.998,0.0012,1.999,0.00058,19.86,0.732,0.00,0.00,23.99,0.0069,0.00,0.00,0.00,0.00,0.00,2.799,0.00,0.00,0.037
-93.77891962,42.02087534,F Fields (F1-F5),TaskName 5/17/2025 (GreenStar 4 Monitor),Outlook/agsaver,181,5/17/2025,1.000,On,1126.3,120.00,0.625,9.108,13.34,5.678,89.92,19.99,19.95,0,3,132.30,5/17/2025,Good,7.981,0.0023,2.993,0.00086,0.00,0.00,0.00,3.990,0.0011,1.995,0.00057,19.82,0.728,0.00,0.00,23.94,0.0069,0.00,0.00,0.00,0.00,0.00,2.793,0.00,0.00,0.037
-93.77887054,42.02087528,F Fields (F1-F5),TaskName 5/17/2025 (GreenStar 4 Monitor),Outlook/agsaver,182,5/17/2025,1.000,On,1126.2,120.00,0.625,9.145,13.42,5.210,89.95,19.99,19.97,0,3,133.11,5/17/2025,Good,7.989,0.0023,2.996,0.00087,0.00,0.00,0.00,3.994,0.0012,1.997,0.00058,19.84,0.734,0.00,0.00,23.97,0.0069,0.00,0.00,0.00,0.00,0.00,2.796,0.00,0.00,0.037
-93.77882139,42.02087522,F Fields (F1-F5),TaskName 5/17/2025 (GreenStar 4 Monitor),Outlook/agsaver,183,5/17/2025,0.995,On,1126.0,120.00,0.625,9.076,13.24,5.373,89.93,19.99,19.93,0,3,131.95,5/17/2025,Good,7.970,0.0023,2.989,0.00085,0.00,0.00,0.00,3.985,0.0011,1.993,0.00057,19.80,0.722,0.00,0.00,23.91,0.0068,0.00,0.00,0.00,0.00,0.00,2.790,0.00,0.00,0.036
-93.77877175,42.02087501,F Fields (F1-F5),TaskName 5/17/2025 (GreenStar 4 Monitor),Outlook/agsaver,184,5/17/2025,1.004,On,1125.8,120.00,0.625,9.121,13.42,5.394,89.77,19.99,19.96,0,3,132.58,5/17/2025,Good,7.986,0.0023,2.995,0.00087,0.00,0.00,0.00,3.993,0.0012,1.996,0.00058,19.83,0.733,0.00,0.00,23.96,0.0069,0.00,0.00,0.00,0.00,0.00,2.795,0.00,0.00,0.037
-93.77873200,42.02087492,F Fields (F1-F5),TaskName 5/17/2025 (GreenStar 4 Monitor),Outlook/agsaver,185,5/17/2025,0.796,On,1125.6,120.00,0.625,9.230,10.77,4.791,89.52,19.99,19.93,0,3,134.20,5/17/2025,Good,7.973,0.0018,2.990,0.00069,0.00,0.00,0.00,3.987,0.00092,1.993,0.00046,19.80,0.588,0.00,0.00,23.92,0.0055,0.00,0.00,0.00,0.00,0.00,2.791,0.00,0.00,0.030
-93.77868265,42.02087516,F Fields (F1-F5),TaskName 5/17/2025 (GreenStar 4 Monitor),Outlook/agsaver,186,5/17/2025,1.004,On,1125.6,121.25,0.00,9.192,13.53,5.027,89.68,19.99,19.99,0,3,135.01,5/17/2025,Good,7.997,0.0024,2.999,0.00088,0.00,0.00,0.00,3.998,0.0012,1.999,0.00059,19.86,0.748,0.00,0.00,23.99,0.0071,0.00,0.00,0.00,0.00,0.00,2.799,0.00,0.00,0.038
-93.77863367,42.02087533,F Fields (F1-F5),TaskName 5/17/2025 (GreenStar 4 Monitor),Outlook/agsaver,187,5/17/2025,0.996,On,1125.6,120.00,0.625,9.086,13.26,5.837,89.84,19.99,20.06,0,3,132.08,5/17/2025,Good,8.025,0.0023,3.009,0.00086,0.00,0.00,0.00,4.013,0.0011,2.006,0.00057,19.93,0.728,0.00,0.00,24.08,0.0069,0.00,0.00,0.00,0.00,0.00,2.809,0.00,0.00,0.037
-93.77858479,42.02087549,F Fields (F1-F5),TaskName 5/17/2025 (GreenStar 4 Monitor),Outlook/agsaver,188,5/17/2025,1.000,On,1125.7,120.00,0.625,9.059,13.27,6.199,89.96,19.99,20.24,0,3,131.65,5/17/2025,Good,8.095,0.0023,3.035,0.00087,0.00,0.00,0.00,4.047,0.0012,2.024,0.00058,20.11,0.735,0.00,0.00,24.28,0.0069,0.00,0.00,0.00,0.00,0.00,2.833,0.00,0.00,0.037
-93.77853540,42.02087552,F Fields (F1-F5),TaskName 5/17/2025 (GreenStar 4 Monitor),Outlook/agsaver,189,5/17/2025,1.005,On,1125.8,120.00,0.625,9.107,13.41,5.336,90.01,19.99,20.09,0,3,132.35,5/17/2025,Good,8.036,0.0023,3.013,0.00087,0.00,0.00,0.00,4.018,0.0012,2.009,0.00058,19.96,0.737,0.00,0.00,24.11,0.0070,0.00,0.00,0.00,0.00,0.00,2.813,0.00,0.00,0.037
-93.77848640,42.02087573,F Fields (F1-F5),TaskName 5/17/2025 (GreenStar 4 Monitor),Outlook/agsaver,190,5/17/2025,0.995,On,1125.9,120.00,0.625,9.129,13.31,6.254,90.30,19.99,20.08,0,3,132.70,5/17/2025,Good,8.032,0.0023,3.012,0.00086,0.00,0.00,0.00,4.016,0.0012,2.008,0.00058,19.95,0.732,0.00,0.00,24.10,0.0069,0.00,0.00,0.00,0.00,0.00,2.811,0.00,0.00,0.037
-93.77843713,42.02087543,F Fields (F1-F5),TaskName 5/17/2025 (GreenStar 4 Monitor),Outlook/agsaver,191,5/17/2025,1.000,On,1126.0,120.00,0.625,9.088,13.32,5.896,90.04,19.99,19.86,0,3,132.10,5/17/2025,Good,7.943,0.0023,2.978,0.00085,0.00,0.00,0.00,3.971,0.0011,1.986,0.00057,19.73,0.724,0.00,0.00,23.83,0.0068,0.00,0.00,0.00,0.00,0.00,2.780,0.00,0.00,0.037
-93.77838786,42.02087516,F Fields (F1-F5),TaskName 5/17/2025 (GreenStar 4 Monitor),Outlook/agsaver,192,5/17/2025,0.999,On,1126.0,120.00,0.625,9.117,13.35,6.038,89.70,19.99,19.98,0,3,132.56,5/17/2025,Good,7.993,0.0023,2.997,0.00086,0.00,0.00,0.00,3.996,0.0011,1.998,0.00057,19.85,0.730,0.00,0.00,23.98,0.0069,0.00,0.00,0.00,0.00,0.00,2.798,0.00,0.00,0.037
-93.77833887,42.02087530,F Fields (F1-F5),TaskName 5/17/2025 (GreenStar 4 Monitor),Outlook/agsaver,193,5/17/2025,1.005,On,1126.0,120.00,0.625,9.121,13.44,6.103,89.90,19.99,19.99,0,3,132.58,5/17/2025,Good,7.996,0.0023,2.999,0.00087,0.00,0.00,0.00,3.998,0.0012,1.999,0.00058,19.86,0.735,0.00,0.00,23.99,0.0069,0.00,0.00,0.00,0.00,0.00,2.799,0.00,0.00,0.037
-93.77828986,42.02087535,F Fields (F1-F5),TaskName 5/17/2025 (GreenStar 4 Monitor),Outlook/agsaver,194,5/17/2025,0.996,On,1126.0,120.00,0.625,9.059,13.23,6.685,89.99,19.99,19.95,0,3,131.69,5/17/2025,Good,7.982,0.0023,2.993,0.00085,0.00,0.00,0.00,3.991,0.0011,1.995,0.00057,19.83,0.722,0.00,0.00,23.95,0.0068,0.00,0.00,0.00,0.00,0.00,2.794,0.00,0.00,0.036
-93.77824057,42.02087523,F Fields (F1-F5),TaskName 5/17/2025 (GreenStar 4 Monitor),Outlook/agsaver,195,5/17/2025,1.000,On,1126.0,120.00,0.625,9.094,13.33,6.536,89.84,19.99,20.04,0,3,132.23,5/17/2025,Good,8.016,0.0023,3.006,0.00086,0.00,0.00,0.00,4.008,0.0012,2.004,0.00058,19.91,0.731,0.00,0.00,24.05,0.0069,0.00,0.00,0.00,0.00,0.00,2.806,0.00,0.00,0.037
-93.77819124,42.02087515,F Fields (F1-F5),TaskName 5/17/2025 (GreenStar 4 Monitor),Outlook/agsaver,196,5/17/2025,1.005,On,1125.9,120.00,0.625,9.143,13.47,5.996,89.77,19.99,19.97,0,3,132.94,5/17/2025,Good,7.990,0.0023,2.996,0.00087,0.00,0.00,0.00,3.995,0.0012,1.997,0.00058,19.84,0.736,0.00,0.00,23.97,0.0069,0.00,0.00,0.00,0.00,0.00,2.796,0.00,0.00,0.037
-93.77814173,42.02087521,F Fields (F1-F5),TaskName 5/17/2025 (GreenStar 4 Monitor),Outlook/agsaver,197,5/17/2025,1.000,On,1126.0,120.00,0.625,9.175,13.44,5.327,89.76,19.99,19.78,0,3,133.24,5/17/2025,Good,7.913,0.0023,2.967,0.00086,0.00,0.00,0.00,3.957,0.0011,1.978,0.00057,19.65,0.727,0.00,0.00,23.74,0.0069,0.00,0.00,0.00,0.00,0.00,2.770,0.00,0.00,0.037
-93.77809257,42.02087530,F Fields (F1-F5),TaskName 5/17/2025 (GreenStar 4 Monitor),Outlook/agsaver,198,5/17/2025,0.995,On,1126.2,120.00,0.625,9.146,13.35,6.098,89.91,19.99,19.82,0,3,133.09,5/17/2025,Good,7.927,0.0023,2.973,0.00085,0.00,0.00,0.00,3.964,0.0011,1.982,0.00057,19.69,0.724,0.00,0.00,23.78,0.0068,0.00,0.00,0.00,0.00,0.00,2.775,0.00,0.00,0.037
-93.77804367,42.02087523,F Fields (F1-F5),TaskName 5/17/2025 (GreenStar 4 Monitor),Outlook/agsaver,199,5/17/2025,1.000,On,1126.4,120.00,0.625,9.050,13.26,6.901,89.84,19.99,20.21,0,3,131.55,5/17/2025,Good,8.085,0.0023,3.032,0.00087,0.00,0.00,0.00,4.043,0.0012,2.021,0.00058,20.08,0.734,0.00,0.00,24.26,0.0069,0.00,0.00,0.00,0.00,0.00,2.830,0.00,0.00,0.037
-93.77799481,42.02087534,F Fields (F1-F5),TaskName 5/17/2025 (GreenStar 4 Monitor),Outlook/agsaver,200,5/17/2025,1.000,On,1126.7,120.00,0.625,9.077,13.31,6.246,90.06,19.99,20.21,0,3,131.97,5/17/2025,Good,8.085,0.0023,3.032,0.00087,0.00,0.00,0.00,4.042,0.0012,2.021,0.00058,20.08,0.736,0.00,0.00,24.25,0.0069,0.00,0.00,0.00,0.00,0.00,2.830,0.00,0.00,0.037
-93.77794593,42.02087544,F Fields (F1-F5),TaskName 5/17/2025 (GreenStar 4 Monitor),Outlook/agsaver,201,5/17/2025,0.999,On,1126.8,120.00,0.625,9.058,13.26,6.696,90.34,19.99,20.25,0,3,131.68,5/17/2025,Good,8.099,0.0023,3.037,0.00087,0.00,0.00,0.00,4.049,0.0012,2.025,0.00058,20.12,0.735,0.00,0.00,24.30,0.0069,0.00,0.00,0.00,0.00,0.00,2.835,0.00,0.00,0.037
-93.77789587,42.02087522,F Fields (F1-F5),TaskName 5/17/2025 (GreenStar 4 Monitor),Outlook/agsaver,202,5/17/2025,1.001,On,1126.7,120.00,0.625,9.147,13.42,5.860,90.34,19.99,20.14,0,3,132.95,5/17/2025,Good,8.057,0.0023,3.021,0.00087,0.00,0.00,0.00,4.028,0.0012,2.014,0.00058,20.01,0.740,0.00,0.00,24.17,0.0070,0.00,0.00,0.00,0.00,0.00,2.820,0.00,0.00,0.037
-93.77787570,42.02087486,F Fields (F1-F5),TaskName 5/17/2025 (GreenStar 4 Monitor),Outlook/agsaver,203,5/17/2025,0.399,On,1126.7,120.00,0.625,9.290,5.433,4.712,89.85,19.99,19.70,0,3,135.04,5/17/2025,Good,7.881,0.00092,2.955,0.00035,0.00,0.00,0.00,3.941,0.00046,1.970,0.00023,19.57,0.293,0.00,0.00,23.64,0.0028,0.00,0.00,0.00,0.00,0.00,2.758,0.00,0.00,0.015
-93.77782625,42.02087470,F Fields (F1-F5),TaskName 5/17/2025 (GreenStar 4 Monitor),Outlook/agsaver,204,5/17/2025,1.006,On,1126.7,121.25,0.00,9.249,13.64,4.980,89.38,19.99,19.94,0,3,135.85,5/17/2025,Good,7.976,0.0024,2.991,0.00089,0.00,0.00,0.00,3.988,0.0012,1.994,0.00059,19.81,0.752,0.00,0.00,23.93,0.0071,0.00,0.00,0.00,0.00,0.00,2.792,0.00,0.00,0.038
-93.77779692,42.02087493,F Fields (F1-F5),TaskName 5/17/2025 (GreenStar 4 Monitor),Outlook/agsaver,205,5/17/2025,0.595,On,1126.8,121.25,0.00,9.123,7.959,5.392,89.48,19.99,19.78,0,3,134.05,5/17/2025,Good,7.911,0.0014,2.967,0.00051,0.00,0.00,0.00,3.956,0.00068,1.978,0.00034,19.65,0.435,0.00,0.00,23.73,0.0041,0.00,0.00,0.00,0.00,0.00,2.769,0.00,0.00,0.022
-93.77774849,42.02087541,F Fields (F1-F5),TaskName 5/17/2025 (GreenStar 4 Monitor),Outlook/agsaver,206,5/17/2025,0.999,On,1126.9,120.00,0.625,9.021,13.21,6.205,90.10,19.99,19.99,0,3,131.16,5/17/2025,Good,7.995,0.0023,2.998,0.00085,0.00,0.00,0.00,3.997,0.0011,1.999,0.00057,19.86,0.723,0.00,0.00,23.98,0.0068,0.00,0.00,0.00,0.00,0.00,2.798,0.00,0.00,0.036
-93.77769980,42.02087543,F Fields (F1-F5),TaskName 5/17/2025 (GreenStar 4 Monitor),Outlook/agsaver,207,5/17/2025,1.001,On,1127.1,120.00,0.625,9.003,13.19,6.767,90.27,19.99,19.97,0,3,130.70,5/17/2025,Good,7.987,0.0023,2.995,0.00085,0.00,0.00,0.00,3.993,0.0011,1.997,0.00057,19.84,0.721,0.00,0.00,23.96,0.0068,0.00,0.00,0.00,0.00,0.00,2.795,0.00,0.00,0.036
-93.77765102,42.02087519,F Fields (F1-F5),TaskName 5/17/2025 (GreenStar 4 Monitor),Outlook/agsaver,208,5/17/2025,0.999,On,1127.2,120.00,0.625,9.035,13.24,6.815,89.90,19.99,20.07,0,3,131.49,5/17/2025,Good,8.027,0.0023,3.010,0.00086,0.00,0.00,0.00,4.014,0.0011,2.007,0.00057,19.94,0.727,0.00,0.00,24.08,0.0069,0.00,0.00,0.00,0.00,0.00,2.810,0.00,0.00,0.036
-93.77760198,42.02087508,F Fields (F1-F5),TaskName 5/17/2025 (GreenStar 4 Monitor),Outlook/agsaver,209,5/17/2025,1.001,On,1127.5,120.00,0.625,9.082,13.32,6.501,89.77,19.99,19.99,0,3,132.00,5/17/2025,Good,7.998,0.0023,2.999,0.00086,0.00,0.00,0.00,3.999,0.0011,1.999,0.00057,19.86,0.729,0.00,0.00,23.99,0.0069,0.00,0.00,0.00,0.00,0.00,2.799,0.00,0.00,0.037
-93.77755330,42.02087511,F Fields (F1-F5),TaskName 5/17/2025 (GreenStar 4 Monitor),Outlook/agsaver,210,5/17/2025,1.000,On,1127.6,120.00,0.625,9.041,13.26,6.832,89.73,19.99,19.94,0,3,131.51,5/17/2025,Good,7.977,0.0023,2.991,0.00085,0.00,0.00,0.00,3.989,0.0011,1.994,0.00057,19.81,0.724,0.00,0.00,23.93,0.0068,0.00,0.00,0.00,0.00,0.00,2.792,0.00,0.00,0.037
-93.77750410,42.02087540,F Fields (F1-F5),TaskName 5/17/2025 (GreenStar 4 Monitor),Outlook/agsaver,211,5/17/2025,1.000,On,1127.9,120.00,0.625,9.037,13.26,7.011,89.70,19.99,20.19,0,3,131.52,5/17/2025,Good,8.076,0.0023,3.028,0.00086,0.00,0.00,0.00,4.038,0.0012,2.019,0.00058,20.06,0.733,0.00,0.00,24.23,0.0069,0.00,0.00,0.00,0.00,0.00,2.826,0.00,0.00,0.037
-93.77745525,42.02087545,F Fields (F1-F5),TaskName 5/17/2025 (GreenStar 4 Monitor),Outlook/agsaver,212,5/17/2025,1.000,On,1128.1,120.00,0.625,9.090,13.34,6.582,89.92,19.99,20.36,0,3,132.26,5/17/2025,Good,8.145,0.0023,3.054,0.00088,0.00,0.00,0.00,4.072,0.0012,2.036,0.00058,20.23,0.743,0.00,0.00,24.43,0.0070,0.00,0.00,0.00,0.00,0.00,2.851,0.00,0.00,0.037
-93.77740645,42.02087561,F Fields (F1-F5),TaskName 5/17/2025 (GreenStar 4 Monitor),Outlook/agsaver,213,5/17/2025,1.000,On,1128.3,120.00,0.625,9.060,13.28,6.274,90.29,19.99,20.28,0,3,131.68,5/17/2025,Good,8.112,0.0023,3.042,0.00087,0.00,0.00,0.00,4.056,0.0012,2.028,0.00058,20.15,0.737,0.00,0.00,24.34,0.0070,0.00,0.00,0.00,0.00,0.00,2.839,0.00,0.00,0.037
-93.77735771,42.02087503,F Fields (F1-F5),TaskName 5/17/2025 (GreenStar 4 Monitor),Outlook/agsaver,214,5/17/2025,1.000,On,1128.4,120.00,0.625,9.039,13.27,5.781,89.57,19.99,19.93,0,3,131.65,5/17/2025,Good,7.974,0.0023,2.990,0.00085,0.00,0.00,0.00,3.987,0.0011,1.993,0.00057,19.80,0.724,0.00,0.00,23.92,0.0068,0.00,0.00,0.00,0.00,0.00,2.791,0.00,0.00,0.037
-93.77731094,42.02087497,F Fields (F1-F5),TaskName 5/17/2025 (GreenStar 4 Monitor),Outlook/agsaver,215,5/17/2025,1.000,On,1128.5,120.00,0.625,8.901,13.06,5.265,89.38,19.99,20.06,0,3,129.50,5/17/2025,Good,8.026,0.0023,3.010,0.00085,0.00,0.00,0.00,4.013,0.0011,2.006,0.00056,19.93,0.717,0.00,0.00,24.08,0.0068,0.00,0.00,0.00,0.00,0.00,2.809,0.00,0.00,0.036
-93.77726445,42.02087550,F Fields (F1-F5),TaskName 5/17/2025 (GreenStar 4 Monitor),Outlook/agsaver,216,5/17/2025,1.000,On,1128.6,120.00,0.625,8.583,12.58,7.087,90.16,19.99,20.20,0,3,124.78,5/17/2025,Good,8.080,0.0022,3.030,0.00082,0.00,0.00,0.00,4.040,0.0011,2.020,0.00055,20.07,0.696,0.00,0.00,24.24,0.0066,0.00,0.00,0.00,0.00,0.00,2.828,0.00,0.00,0.035
-93.77721651,42.02087535,F Fields (F1-F5),TaskName 5/17/2025 (GreenStar 4 Monitor),Outlook/agsaver,217,5/17/2025,0.995,On,1128.6,120.00,0.625,8.716,12.73,6.252,90.21,19.99,20.10,0,3,126.91,5/17/2025,Good,8.041,0.0022,3.015,0.00083,0.00,0.00,0.00,4.020,0.0011,2.010,0.00055,19.97,0.701,0.00,0.00,24.12,0.0066,0.00,0.00,0.00,0.00,0.00,2.814,0.00,0.00,0.035
-93.77717042,42.02087500,F Fields (F1-F5),TaskName 5/17/2025 (GreenStar 4 Monitor),Outlook/agsaver,218,5/17/2025,1.005,On,1128.7,120.00,0.625,8.843,13.03,3.344,89.67,19.99,19.59,0,3,128.63,5/17/2025,Good,7.835,0.0022,2.938,0.00082,0.00,0.00,0.00,3.918,0.0011,1.959,0.00055,19.46,0.699,0.00,0.00,23.51,0.0066,0.00,0.00,0.00,0.00,0.00,2.742,0.00,0.00,0.036
-93.77712891,42.02087507,F Fields (F1-F5),TaskName 5/17/2025 (GreenStar 4 Monitor),Outlook/agsaver,219,5/17/2025,0.995,On,1128.7,120.00,0.625,8.172,11.92,4.068,89.80,19.99,20.14,0,3,118.80,5/17/2025,Good,8.055,0.0021,3.021,0.00077,0.00,0.00,0.00,4.027,0.0010,2.014,0.00052,20.01,0.657,0.00,0.00,24.16,0.0062,0.00,0.00,0.00,0.00,0.00,2.819,0.00,0.00,0.033
-93.77708988,42.02087523,F Fields (F1-F5),TaskName 5/17/2025 (GreenStar 4 Monitor),Outlook/agsaver,220,5/17/2025,1.005,On,1128.7,120.00,0.625,7.403,10.91,5.129,89.97,19.99,20.51,0,3,107.65,5/17/2025,Good,8.205,0.0019,3.077,0.00072,0.00,0.00,0.00,4.103,0.00096,2.051,0.00048,20.38,0.612,0.00,0.00,24.62,0.0058,0.00,0.00,0.00,0.00,0.00,2.872,0.00,0.00,0.030
-93.77705558,42.02087507,F Fields (F1-F5),TaskName 5/17/2025 (GreenStar 4 Monitor),Outlook/agsaver,221,5/17/2025,1.000,On,1128.7,120.00,0.625,7.046,10.32,1.973,89.75,19.99,20.46,0,3,102.33,5/17/2025,Good,8.184,0.0018,3.069,0.00068,0.00,0.00,0.00,4.092,0.00091,2.046,0.00045,20.33,0.578,0.00,0.00,24.55,0.0055,0.00,0.00,0.00,0.00,0.00,2.864,0.00,0.00,0.028
-93.77703184,42.02087514,F Fields (F1-F5),TaskName 5/17/2025 (GreenStar 4 Monitor),Outlook/agsaver,222,5/17/2025,1.000,On,1128.7,120.00,0.625,5.634,8.212,1.421,89.72,19.99,20.46,0,3,81.44,5/17/2025,Good,8.184,0.0014,3.069,0.00054,0.00,0.00,0.00,4.092,0.00072,2.046,0.00036,20.33,0.460,0.00,0.00,24.55,0.0043,0.00,0.00,0.00,0.00,0.00,2.864,0.00,0.00,0.023
-93.77702934,42.02087524,F Fields (F1-F5),TaskName 5/17/2025 (GreenStar 4 Monitor),Outlook/agsaver,223,5/17/2025,0.195,On,1128.7,108.75,6.250,2.427,0.694,2.358,89.78,19.99,20.55,0,3,32.00,5/17/2025,Good,8.219,0.00011,3.082,4.173e-05,0.00,0.00,0.00,4.110,5.564e-05,2.055,2.782e-05,20.41,0.035,0.00,0.00,24.66,0.00033,0.00,0.00,0.00,0.00,0.00,2.877,0.00,0.00,0.0017
-93.77702772,42.02087523,F Fields (F1-F5),TaskName 5/17/2025 (GreenStar 4 Monitor),Outlook/agsaver,224,5/17/2025,0.205,On,1128.7,92.50,14.37,2.027,0.609,2.351,89.76,19.99,22.13,0,3,22.71,5/17/2025,Good,8.852,8.942e-05,3.319,3.353e-05,0.00,0.00,0.00,4.426,4.471e-05,2.213,2.236e-05,21.99,0.028,0.00,0.00,26.56,0.00027,0.00,0.00,0.00,0.00,0.00,3.098,0.00,0.00,0.0013
-93.77702695,42.02087518,F Fields (F1-F5),TaskName 5/17/2025 (GreenStar 4 Monitor),Outlook/agsaver,225,5/17/2025,0.200,On,1128.7,70.00,25.62,0.995,0.294,2.450,89.67,19.99,30.62,0,3,8.503,5/17/2025,Over Target,12.25,4.520e-05,4.593,1.695e-05,0.00,0.00,0.00,6.124,2.260e-05,3.062,1.130e-05,30.42,0.014,0.00,0.00,36.74,0.00014,0.00,0.00,0.00,0.00,0.00,4.287,0.00,0.00,0.00047
-93.77702703,42.02087511,F Fields (F1-F5),TaskName 5/17/2025 (GreenStar 4 Monitor),Outlook/agsaver,226,5/17/2025,0.200,On,1128.6,63.75,28.75,0.620,0.182,2.397,89.61,19.99,30.62,0,3,4.805,5/17/2025,Over Target,12.25,2.554e-05,4.593,9.579e-06,0.00,0.00,0.00,6.124,1.277e-05,3.062,6.386e-06,30.42,0.0081,0.00,0.00,36.74,7.663e-05,0.00,0.00,0.00,0.00,0.00,4.287,0.00,0.00,0.00027
-93.77702068,42.02072283,F Fields (F1-F5),TaskName 5/17/2025 (GreenStar 4 Monitor),Outlook/agsaver,227,5/17/2025,0.200,On,1128.3,98.75,-5.000,3.192,0.938,6.122,270.42,19.99,22.51,0,4,38.29,5/17/2025,Good,9.006,0.00015,3.377,5.613e-05,0.00,0.00,0.00,4.503,7.484e-05,2.251,3.742e-05,22.37,0.048,0.00,0.00,27.02,0.00045,0.00,0.00,0.00,0.00,0.00,3.152,0.00,0.00,0.0021
-93.77702645,42.02072297,F Fields (F1-F5),TaskName 5/17/2025 (GreenStar 4 Monitor),Outlook/agsaver,228,5/17/2025,0.200,On,1128.2,93.75,1.317,3.751,1.099,6.334,270.37,19.99,22.39,0,4,42.58,5/17/2025,Good,8.955,0.00017,3.358,6.206e-05,0.00,0.00,0.00,4.477,8.275e-05,2.239,4.137e-05,22.24,0.053,0.00,0.00,26.86,0.00050,0.00,0.00,0.00,0.00,0.00,3.134,0.00,0.00,0.0024
-93.77703232,42.02072306,F Fields (F1-F5),TaskName 5/17/2025 (GreenStar 4 Monitor),Outlook/agsaver,229,5/17/2025,0.200,On,1128.2,52.50,-25.15,4.264,1.244,7.020,270.45,19.99,22.32,0,4,26.98,5/17/2025,Good,8.929,0.00010,3.348,3.921e-05,0.00,0.00,0.00,4.464,5.227e-05,2.232,2.614e-05,22.18,0.033,0.00,0.00,26.79,0.00031,0.00,0.00,0.00,0.00,0.00,3.125,0.00,0.00,0.0015
-93.77705241,42.02072326,F Fields (F1-F5),TaskName 5/17/2025 (GreenStar 4 Monitor),Outlook/agsaver,230,5/17/2025,0.600,On,1128.3,50.00,-29.37,5.074,4.452,10.54,270.87,19.99,22.09,0,4,30.66,5/17/2025,Good,8.835,0.00035,3.313,0.00013,0.00,0.00,0.00,4.418,0.00018,2.209,8.819e-05,21.94,0.112,0.00,0.00,26.51,0.0011,0.00,0.00,0.00,0.00,0.00,3.092,0.00,0.00,0.0051
-93.77707734,42.02072364,F Fields (F1-F5),TaskName 5/17/2025 (GreenStar 4 Monitor),Outlook/agsaver,231,5/17/2025,0.600,On,1128.3,48.75,-30.00,6.262,5.489,13.99,270.61,19.99,21.54,0,4,36.86,5/17/2025,Good,8.615,0.00041,3.231,0.00016,0.00,0.00,0.00,4.308,0.00021,2.154,0.00010,21.40,0.131,0.00,0.00,25.85,0.0012,0.00,0.00,0.00,0.00,0.00,3.015,0.00,0.00,0.0061
-93.77712856,42.02072449,F Fields (F1-F5),TaskName 5/17/2025 (GreenStar 4 Monitor),Outlook/agsaver,232,5/17/2025,0.999,On,1128.2,50.00,-30.62,8.338,12.12,9.090,270.05,19.99,20.75,0,4,50.12,5/17/2025,Good,8.300,0.00090,3.112,0.00034,0.00,0.00,0.00,4.150,0.00045,2.075,0.00023,20.61,0.287,0.00,0.00,24.90,0.0027,0.00,0.00,0.00,0.00,0.00,2.905,0.00,0.00,0.014
-93.77718193,42.02072487,F Fields (F1-F5),TaskName 5/17/2025 (GreenStar 4 Monitor),Outlook/agsaver,233,5/17/2025,1.000,On,1128.0,50.00,-30.62,9.674,14.18,5.042,269.91,19.99,20.23,0,4,58.58,5/17/2025,Good,8.092,0.0010,3.035,0.00039,0.00,0.00,0.00,4.046,0.00051,2.023,0.00026,20.10,0.327,0.00,0.00,24.28,0.0031,0.00,0.00,0.00,0.00,0.00,2.832,0.00,0.00,0.016
-93.77723474,42.02072479,F Fields (F1-F5),TaskName 5/17/2025 (GreenStar 4 Monitor),Outlook/agsaver,234,5/17/2025,1.000,On,1127.9,50.00,-30.62,9.792,14.35,5.262,270.37,19.99,19.98,0,4,59.31,5/17/2025,Good,7.994,0.0010,2.998,0.00039,0.00,0.00,0.00,3.997,0.00051,1.998,0.00026,19.86,0.327,0.00,0.00,23.98,0.0031,0.00,0.00,0.00,0.00,0.00,2.798,0.00,0.00,0.016
-93.77728837,42.02072505,F Fields (F1-F5),TaskName 5/17/2025 (GreenStar 4 Monitor),Outlook/agsaver,235,5/17/2025,0.996,On,1127.7,50.00,-30.62,9.813,14.33,5.540,270.78,19.99,19.93,0,4,59.44,5/17/2025,Good,7.973,0.0010,2.990,0.00038,0.00,0.00,0.00,3.987,0.00051,1.993,0.00026,19.80,0.326,0.00,0.00,23.92,0.0031,0.00,0.00,0.00,0.00,0.00,2.791,0.00,0.00,0.016
-93.77734214,42.02072559,F Fields (F1-F5),TaskName 5/17/2025 (GreenStar 4 Monitor),Outlook/agsaver,236,5/17/2025,1.000,On,1127.7,50.00,-30.62,9.989,14.64,5.007,270.89,19.99,19.94,0,4,60.51,5/17/2025,Good,7.977,0.0010,2.991,0.00039,0.00,0.00,0.00,3.989,0.00052,1.994,0.00026,19.81,0.333,0.00,0.00,23.93,0.0031,0.00,0.00,0.00,0.00,0.00,2.792,0.00,0.00,0.017
-93.77736349,42.02072599,F Fields (F1-F5),TaskName 5/17/2025 (GreenStar 4 Monitor),Outlook/agsaver,237,5/17/2025,0.405,On,1127.6,50.00,-30.62,9.954,5.912,5.691,270.38,19.99,19.95,0,4,60.32,5/17/2025,Good,7.978,0.00042,2.992,0.00016,0.00,0.00,0.00,3.989,0.00021,1.995,0.00011,19.82,0.134,0.00,0.00,23.93,0.0013,0.00,0.00,0.00,0.00,0.00,2.792,0.00,0.00,0.0068
-93.77741764,42.02072656,F Fields (F1-F5),TaskName 5/17/2025 (GreenStar 4 Monitor),Outlook/agsaver,238,5/17/2025,0.995,On,1127.5,51.25,-31.25,9.966,14.54,6.188,269.62,19.99,20.09,0,4,61.88,5/17/2025,Good,8.034,0.0011,3.013,0.00040,0.00,0.00,0.00,4.017,0.00054,2.009,0.00027,19.96,0.341,0.00,0.00,24.10,0.0032,0.00,0.00,0.00,0.00,0.00,2.812,0.00,0.00,0.017
-93.77747145,42.02072649,F Fields (F1-F5),TaskName 5/17/2025 (GreenStar 4 Monitor),Outlook/agsaver,239,5/17/2025,1.000,On,1127.4,51.25,-31.25,9.996,14.64,6.142,269.37,19.99,20.17,0,4,62.00,5/17/2025,Good,8.069,0.0011,3.026,0.00041,0.00,0.00,0.00,4.035,0.00054,2.017,0.00027,20.04,0.345,0.00,0.00,24.21,0.0033,0.00,0.00,0.00,0.00,0.00,2.824,0.00,0.00,0.017
-93.77752553,42.02072587,F Fields (F1-F5),TaskName 5/17/2025 (GreenStar 4 Monitor),Outlook/agsaver,240,5/17/2025,1.000,On,1127.3,51.25,-31.25,9.986,14.65,6.278,269.69,19.99,20.08,0,4,62.06,5/17/2025,Good,8.033,0.0011,3.013,0.00041,0.00,0.00,0.00,4.017,0.00054,2.008,0.00027,19.95,0.344,0.00,0.00,24.10,0.0032,0.00,0.00,0.00,0.00,0.00,2.812,0.00,0.00,0.017
-93.77757924,42.02072570,F Fields (F1-F5),TaskName 5/17/2025 (GreenStar 4 Monitor),Outlook/agsaver,241,5/17/2025,1.005,On,1127.3,51.25,-31.25,9.963,14.68,6.808,269.44,19.99,20.01,0,4,61.86,5/17/2025,Good,8.004,0.0011,3.001,0.00040,0.00,0.00,0.00,4.002,0.00054,2.001,0.00027,19.88,0.343,0.00,0.00,24.01,0.0032,0.00,0.00,0.00,0.00,0.00,2.801,0.00,0.00,0.017
-93.77763357,42.02072558,F Fields (F1-F5),TaskName 5/17/2025 (GreenStar 4 Monitor),Outlook/agsaver,242,5/17/2025,0.994,On,1127.2,51.25,-31.25,9.994,14.56,6.340,269.14,19.99,20.00,0,4,62.04,5/17/2025,Good,8.002,0.0011,3.001,0.00040,0.00,0.00,0.00,4.001,0.00054,2.000,0.00027,19.87,0.340,0.00,0.00,24.00,0.0032,0.00,0.00,0.00,0.00,0.00,2.801,0.00,0.00,0.017
-93.77766594,42.02072519,F Fields (F1-F5),TaskName 5/17/2025 (GreenStar 4 Monitor),Outlook/agsaver,243,5/17/2025,0.601,On,1127.2,51.25,-31.25,10.05,8.855,6.157,269.26,19.99,20.01,0,4,62.41,5/17/2025,Good,8.004,0.00065,3.001,0.00024,0.00,0.00,0.00,4.002,0.00033,2.001,0.00016,19.88,0.207,0.00,0.00,24.01,0.0020,0.00,0.00,0.00,0.00,0.00,2.801,0.00,0.00,0.010
-93.77772035,42.02072464,F Fields (F1-F5),TaskName 5/17/2025 (GreenStar 4 Monitor),Outlook/agsaver,244,5/17/2025,1.000,On,1127.2,50.00,-30.62,10.04,14.72,6.272,270.00,19.99,19.99,0,4,60.84,5/17/2025,Good,7.998,0.0011,2.999,0.00040,0.00,0.00,0.00,3.999,0.00053,1.999,0.00026,19.86,0.336,0.00,0.00,23.99,0.0032,0.00,0.00,0.00,0.00,0.00,2.799,0.00,0.00,0.017
-93.77777403,42.02072439,F Fields (F1-F5),TaskName 5/17/2025 (GreenStar 4 Monitor),Outlook/agsaver,245,5/17/2025,1.000,On,1127.4,50.00,-30.62,10.00,14.66,6.990,270.34,19.99,20.01,0,4,60.59,5/17/2025,Good,8.004,0.0011,3.001,0.00039,0.00,0.00,0.00,4.002,0.00053,2.001,0.00026,19.88,0.335,0.00,0.00,24.01,0.0032,0.00,0.00,0.00,0.00,0.00,2.801,0.00,0.00,0.017
-93.77782777,42.02072458,F Fields (F1-F5),TaskName 5/17/2025 (GreenStar 4 Monitor),Outlook/agsaver,246,5/17/2025,1.000,On,1127.4,50.00,-30.62,9.935,14.56,7.500,270.10,19.99,20.05,0,4,60.18,5/17/2025,Good,8.021,0.0010,3.008,0.00039,0.00,0.00,0.00,4.011,0.00052,2.005,0.00026,19.92,0.333,0.00,0.00,24.06,0.0031,0.00,0.00,0.00,0.00,0.00,2.807,0.00,0.00,0.017
-93.77788250,42.02072475,F Fields (F1-F5),TaskName 5/17/2025 (GreenStar 4 Monitor),Outlook/agsaver,247,5/17/2025,1.000,On,1127.1,50.00,-30.62,10.04,14.71,6.656,270.29,19.99,20.03,0,4,60.80,5/17/2025,Good,8.012,0.0011,3.004,0.00040,0.00,0.00,0.00,4.006,0.00053,2.003,0.00026,19.90,0.336,0.00,0.00,24.03,0.0032,0.00,0.00,0.00,0.00,0.00,2.804,0.00,0.00,0.017
-93.77789360,42.02072471,F Fields (F1-F5),TaskName 5/17/2025 (GreenStar 4 Monitor),Outlook/agsaver,248,5/17/2025,0.200,On,1127.0,50.00,-30.62,10.15,2.976,5.468,270.41,19.99,19.93,0,4,61.48,5/17/2025,Good,7.971,0.00021,2.989,7.976e-05,0.00,0.00,0.00,3.985,0.00011,1.993,5.318e-05,19.80,0.068,0.00,0.00,23.91,0.00064,0.00,0.00,0.00,0.00,0.00,2.790,0.00,0.00,0.0034
-93.77794907,42.02072503,F Fields (F1-F5),TaskName 5/17/2025 (GreenStar 4 Monitor),Outlook/agsaver,249,5/17/2025,1.004,On,1126.6,48.75,-30.00,10.27,15.11,4.879,270.52,19.99,19.85,0,4,60.65,5/17/2025,Good,7.941,0.0010,2.978,0.00039,0.00,0.00,0.00,3.970,0.00052,1.985,0.00026,19.72,0.334,0.00,0.00,23.82,0.0031,0.00,0.00,0.00,0.00,0.00,2.779,0.00,0.00,0.017
-93.77800342,42.02072562,F Fields (F1-F5),TaskName 5/17/2025 (GreenStar 4 Monitor),Outlook/agsaver,250,5/17/2025,0.996,On,1126.4,48.75,-30.00,10.16,14.84,5.705,270.16,19.99,19.94,0,4,60.01,5/17/2025,Good,7.978,0.0010,2.992,0.00039,0.00,0.00,0.00,3.989,0.00052,1.994,0.00026,19.81,0.329,0.00,0.00,23.93,0.0031,0.00,0.00,0.00,0.00,0.00,2.792,0.00,0.00,0.017
-93.77805682,42.02072619,F Fields (F1-F5),TaskName 5/17/2025 (GreenStar 4 Monitor),Outlook/agsaver,251,5/17/2025,1.000,On,1126.2,48.75,-30.00,9.965,14.60,7.178,269.70,19.99,19.97,0,4,58.83,5/17/2025,Good,7.990,0.0010,2.996,0.00038,0.00,0.00,0.00,3.995,0.00051,1.997,0.00026,19.84,0.324,0.00,0.00,23.97,0.0031,0.00,0.00,0.00,0.00,0.00,2.796,0.00,0.00,0.016
-93.77811115,42.02072621,F Fields (F1-F5),TaskName 5/17/2025 (GreenStar 4 Monitor),Outlook/agsaver,252,5/17/2025,1.000,On,1125.9,48.75,-30.00,9.954,14.59,6.556,269.72,19.99,19.92,0,4,58.79,5/17/2025,Good,7.968,0.0010,2.988,0.00038,0.00,0.00,0.00,3.984,0.00051,1.992,0.00025,19.79,0.323,0.00,0.00,23.90,0.0031,0.00,0.00,0.00,0.00,0.00,2.789,0.00,0.00,0.016
-93.77815460,42.02072635,F Fields (F1-F5),TaskName 5/17/2025 (GreenStar 4 Monitor),Outlook/agsaver,253,5/17/2025,0.800,On,1125.8,48.75,-30.00,10.10,11.83,5.550,269.64,19.99,19.73,0,4,59.58,5/17/2025,Good,7.892,0.00082,2.960,0.00031,0.00,0.00,0.00,3.946,0.00041,1.973,0.00020,19.60,0.260,0.00,0.00,23.68,0.0024,0.00,0.00,0.00,0.00,0.00,2.762,0.00,0.00,0.013
-93.77820883,42.02072635,F Fields (F1-F5),TaskName 5/17/2025 (GreenStar 4 Monitor),Outlook/agsaver,254,5/17/2025,1.000,On,1125.7,47.50,-29.37,10.05,14.75,5.931,269.37,19.99,19.75,0,4,57.91,5/17/2025,Good,7.899,0.00099,2.962,0.00037,0.00,0.00,0.00,3.950,0.00050,1.975,0.00025,19.62,0.316,0.00,0.00,23.70,0.0030,0.00,0.00,0.00,0.00,0.00,2.765,0.00,0.00,0.016
-93.77826263,42.02072608,F Fields (F1-F5),TaskName 5/17/2025 (GreenStar 4 Monitor),Outlook/agsaver,255,5/17/2025,1.000,On,1125.6,46.25,-28.75,9.996,14.64,7.229,269.44,19.99,20.12,0,4,55.96,5/17/2025,Good,8.049,0.00098,3.018,0.00037,0.00,0.00,0.00,4.024,0.00049,2.012,0.00024,19.99,0.311,0.00,0.00,24.15,0.0029,0.00,0.00,0.00,0.00,0.00,2.817,0.00,0.00,0.016
-93.77830622,42.02072567,F Fields (F1-F5),TaskName 5/17/2025 (GreenStar 4 Monitor),Outlook/agsaver,256,5/17/2025,0.799,On,1125.5,45.00,-28.12,10.03,11.76,6.428,269.93,19.99,20.17,0,4,54.75,5/17/2025,Good,8.069,0.00077,3.026,0.00029,0.00,0.00,0.00,4.035,0.00038,2.017,0.00019,20.04,0.244,0.00,0.00,24.21,0.0023,0.00,0.00,0.00,0.00,0.00,2.824,0.00,0.00,0.012
-93.77832783,42.02072548,F Fields (F1-F5),TaskName 5/17/2025 (GreenStar 4 Monitor),Outlook/agsaver,257,5/17/2025,0.401,On,1125.5,43.75,-27.50,10.05,5.896,5.838,270.28,19.99,20.07,0,4,53.16,5/17/2025,Good,8.027,0.00037,3.010,0.00014,0.00,0.00,0.00,4.013,0.00019,2.007,9.283e-05,19.94,0.118,0.00,0.00,24.08,0.0011,0.00,0.00,0.00,0.00,0.00,2.809,0.00,0.00,0.0059
-93.77836008,42.02072547,F Fields (F1-F5),TaskName 5/17/2025 (GreenStar 4 Monitor),Outlook/agsaver,258,5/17/2025,0.599,On,1125.5,42.50,-26.87,10.00,8.799,6.373,270.43,19.99,20.23,0,4,51.60,5/17/2025,Good,8.092,0.00054,3.034,0.00020,0.00,0.00,0.00,4.046,0.00027,2.023,0.00014,20.10,0.173,0.00,0.00,24.28,0.0016,0.00,0.00,0.00,0.00,0.00,2.832,0.00,0.00,0.0086
-93.77837075,42.02072541,F Fields (F1-F5),TaskName 5/17/2025 (GreenStar 4 Monitor),Outlook/agsaver,259,5/17/2025,0.201,On,1125.4,41.25,-26.25,9.983,2.943,7.133,270.63,19.99,20.22,0,4,49.91,5/17/2025,Good,8.086,0.00018,3.032,6.602e-05,0.00,0.00,0.00,4.043,8.803e-05,2.022,4.401e-05,20.08,0.056,0.00,0.00,24.26,0.00053,0.00,0.00,0.00,0.00,0.00,2.830,0.00,0.00,0.0028
-93.77839230,42.02072550,F Fields (F1-F5),TaskName 5/17/2025 (GreenStar 4 Monitor),Outlook/agsaver,260,5/17/2025,0.395,On,1125.4,40.00,-25.62,9.973,5.774,6.828,270.72,19.99,20.22,0,4,48.33,5/17/2025,Good,8.089,0.00034,3.033,0.00013,0.00,0.00,0.00,4.045,0.00017,2.022,8.377e-05,20.09,0.107,0.00,0.00,24.27,0.0010,0.00,0.00,0.00,0.00,0.00,2.831,0.00,0.00,0.0053
-93.77841320,42.02072564,F Fields (F1-F5),TaskName 5/17/2025 (GreenStar 4 Monitor),Outlook/agsaver,261,5/17/2025,0.404,On,1125.4,38.75,-25.00,9.942,5.889,4.113,270.38,19.99,20.31,0,4,46.68,5/17/2025,Good,8.126,0.00033,3.047,0.00012,0.00,0.00,0.00,4.063,0.00017,2.031,8.315e-05,20.18,0.106,0.00,0.00,24.38,0.00100,0.00,0.00,0.00,0.00,0.00,2.844,0.00,0.00,0.0052
-93.77844188,42.02072597,F Fields (F1-F5),TaskName 5/17/2025 (GreenStar 4 Monitor),Outlook/agsaver,262,5/17/2025,0.601,On,1125.3,37.50,-24.37,9.654,8.504,2.614,270.23,19.99,20.34,0,4,43.85,5/17/2025,Good,8.137,0.00047,3.051,0.00017,0.00,0.00,0.00,4.069,0.00023,2.034,0.00012,20.21,0.148,0.00,0.00,24.41,0.0014,0.00,0.00,0.00,0.00,0.00,2.848,0.00,0.00,0.0073
-93.77846836,42.02072628,F Fields (F1-F5),TaskName 5/17/2025 (GreenStar 4 Monitor),Outlook/agsaver,263,5/17/2025,0.600,On,1125.3,36.25,-23.75,8.861,7.789,4.395,270.07,19.99,20.35,0,4,38.89,5/17/2025,Good,8.140,0.00041,3.052,0.00015,0.00,0.00,0.00,4.070,0.00021,2.035,0.00010,20.22,0.131,0.00,0.00,24.42,0.0012,0.00,0.00,0.00,0.00,0.00,2.849,0.00,0.00,0.0065
-93.77848529,42.02072622,F Fields (F1-F5),TaskName 5/17/2025 (GreenStar 4 Monitor),Outlook/agsaver,264,5/17/2025,0.400,On,1125.3,35.00,-23.12,8.266,4.833,7.102,270.30,19.99,20.62,0,4,34.95,5/17/2025,Good,8.249,0.00025,3.093,9.384e-05,0.00,0.00,0.00,4.125,0.00013,2.062,6.256e-05,20.49,0.080,0.00,0.00,24.75,0.00075,0.00,0.00,0.00,0.00,0.00,2.887,0.00,0.00,0.0039
-93.77851141,42.02072623,F Fields (F1-F5),TaskName 5/17/2025 (GreenStar 4 Monitor),Outlook/agsaver,265,5/17/2025,0.600,On,1125.3,33.75,-22.50,7.980,7.028,10.01,270.69,19.99,20.60,0,4,32.67,5/17/2025,Good,8.240,0.00035,3.090,0.00013,0.00,0.00,0.00,4.120,0.00018,2.060,8.763e-05,20.47,0.111,0.00,0.00,24.72,0.0011,0.00,0.00,0.00,0.00,0.00,2.884,0.00,0.00,0.0054
-93.77853041,42.02072618,F Fields (F1-F5),TaskName 5/17/2025 (GreenStar 4 Monitor),Outlook/agsaver,266,5/17/2025,0.400,On,1125.3,32.50,-21.87,8.124,4.760,12.84,270.83,19.99,20.60,0,4,31.97,5/17/2025,Good,8.240,0.00023,3.090,8.574e-05,0.00,0.00,0.00,4.120,0.00011,2.060,5.716e-05,20.47,0.073,0.00,0.00,24.72,0.00069,0.00,0.00,0.00,0.00,0.00,2.884,0.00,0.00,0.0036
-93.77855011,42.02072638,F Fields (F1-F5),TaskName 5/17/2025 (GreenStar 4 Monitor),Outlook/agsaver,267,5/17/2025,0.400,On,1125.2,31.25,-21.25,8.552,5.013,7.485,270.13,19.99,20.50,0,4,32.37,5/17/2025,Good,8.201,0.00023,3.075,8.640e-05,0.00,0.00,0.00,4.100,0.00012,2.050,5.760e-05,20.37,0.073,0.00,0.00,24.60,0.00069,0.00,0.00,0.00,0.00,0.00,2.870,0.00,0.00,0.0036
-93.77857963,42.02072674,F Fields (F1-F5),TaskName 5/17/2025 (GreenStar 4 Monitor),Outlook/agsaver,268,5/17/2025,0.600,On,1125.1,30.00,-20.62,9.015,7.930,4.038,269.72,19.99,20.38,0,4,32.77,5/17/2025,Good,8.152,0.00035,3.057,0.00013,0.00,0.00,0.00,4.076,0.00017,2.038,8.696e-05,20.25,0.111,0.00,0.00,24.46,0.0010,0.00,0.00,0.00,0.00,0.00,2.853,0.00,0.00,0.0055
-93.77859867,42.02072695,F Fields (F1-F5),TaskName 5/17/2025 (GreenStar 4 Monitor),Outlook/agsaver,269,5/17/2025,0.400,On,1125.1,28.75,-20.00,9.050,5.292,5.523,269.49,19.99,20.46,0,4,31.43,5/17/2025,Good,8.182,0.00022,3.068,8.373e-05,0.00,0.00,0.00,4.091,0.00011,2.046,5.582e-05,20.32,0.071,0.00,0.00,24.55,0.00067,0.00,0.00,0.00,0.00,0.00,2.864,0.00,0.00,0.0035
-93.77863693,42.02072658,F Fields (F1-F5),TaskName 5/17/2025 (GreenStar 4 Monitor),Outlook/agsaver,270,5/17/2025,0.800,On,1125.2,27.50,-19.37,8.872,10.42,7.144,269.91,19.99,20.47,0,4,29.60,5/17/2025,Good,8.188,0.00042,3.071,0.00016,0.00,0.00,0.00,4.094,0.00021,2.047,0.00011,20.34,0.134,0.00,0.00,24.56,0.0013,0.00,0.00,0.00,0.00,0.00,2.866,0.00,0.00,0.0066
-93.77868531,42.02072637,F Fields (F1-F5),TaskName 5/17/2025 (GreenStar 4 Monitor),Outlook/agsaver,271,5/17/2025,1.000,On,1125.4,26.25,-18.75,8.881,13.02,8.249,270.79,19.99,20.40,0,4,28.24,5/17/2025,Good,8.160,0.00050,3.060,0.00019,0.00,0.00,0.00,4.080,0.00025,2.040,0.00012,20.27,0.159,0.00,0.00,24.48,0.0015,0.00,0.00,0.00,0.00,0.00,2.856,0.00,0.00,0.0078
-93.77872512,42.02072672,F Fields (F1-F5),TaskName 5/17/2025 (GreenStar 4 Monitor),Outlook/agsaver,272,5/17/2025,0.795,On,1125.5,26.25,-20.00,9.076,10.57,6.844,270.89,19.99,20.31,0,4,28.85,5/17/2025,Good,8.126,0.00040,3.047,0.00015,0.00,0.00,0.00,4.063,0.00020,2.031,0.00010,20.18,0.129,0.00,0.00,24.38,0.0012,0.00,0.00,0.00,0.00,0.00,2.844,0.00,0.00,0.0064
-93.77874463,42.02072693,F Fields (F1-F5),TaskName 5/17/2025 (GreenStar 4 Monitor),Outlook/agsaver,273,5/17/2025,0.405,On,1125.6,27.50,-20.62,9.180,5.436,6.349,270.70,19.99,20.13,0,4,30.51,5/17/2025,Good,8.051,0.00022,3.019,8.095e-05,0.00,0.00,0.00,4.025,0.00011,2.013,5.397e-05,20.00,0.069,0.00,0.00,24.15,0.00065,0.00,0.00,0.00,0.00,0.00,2.818,0.00,0.00,0.0034
-93.77875428,42.02072716,F Fields (F1-F5),TaskName 5/17/2025 (GreenStar 4 Monitor),Outlook/agsaver,274,5/17/2025,0.195,On,1125.6,28.75,-21.25,9.120,2.621,6.723,270.47,19.99,20.09,0,4,31.94,5/17/2025,Good,8.035,0.00011,3.013,4.073e-05,0.00,0.00,0.00,4.018,5.430e-05,2.009,2.715e-05,19.96,0.035,0.00,0.00,24.11,0.00033,0.00,0.00,0.00,0.00,0.00,2.812,0.00,0.00,0.0017
-93.77876400,42.02072732,F Fields (F1-F5),TaskName 5/17/2025 (GreenStar 4 Monitor),Outlook/agsaver,275,5/17/2025,0.205,On,1125.7,30.00,-21.87,9.057,2.707,7.265,270.16,19.99,20.26,0,4,32.74,5/17/2025,Good,8.104,0.00012,3.039,4.426e-05,0.00,0.00,0.00,4.052,5.901e-05,2.026,2.950e-05,20.13,0.038,0.00,0.00,24.31,0.00035,0.00,0.00,0.00,0.00,0.00,2.836,0.00,0.00,0.0019
-93.77877377,42.02072753,F Fields (F1-F5),TaskName 5/17/2025 (GreenStar 4 Monitor),Outlook/agsaver,276,5/17/2025,0.200,On,1125.7,31.25,-22.50,9.026,2.661,8.427,269.91,19.99,20.25,0,4,34.36,5/17/2025,Good,8.099,0.00012,3.037,4.529e-05,0.00,0.00,0.00,4.050,6.039e-05,2.025,3.020e-05,20.12,0.038,0.00,0.00,24.30,0.00036,0.00,0.00,0.00,0.00,0.00,2.835,0.00,0.00,0.0019
-93.77879346,42.02072770,F Fields (F1-F5),TaskName 5/17/2025 (GreenStar 4 Monitor),Outlook/agsaver,277,5/17/2025,0.395,On,1125.7,32.50,-23.12,9.029,5.230,7.576,269.60,19.99,20.15,0,4,35.56,5/17/2025,Good,8.058,0.00025,3.022,9.212e-05,0.00,0.00,0.00,4.029,0.00012,2.015,6.141e-05,20.01,0.078,0.00,0.00,24.17,0.00074,0.00,0.00,0.00,0.00,0.00,2.820,0.00,0.00,0.0039
-93.77880340,42.02072779,F Fields (F1-F5),TaskName 5/17/2025 (GreenStar 4 Monitor),Outlook/agsaver,278,5/17/2025,0.204,On,1125.7,35.00,-24.37,9.057,2.707,7.390,269.34,19.99,20.01,0,4,38.38,5/17/2025,Good,8.005,0.00014,3.002,5.100e-05,0.00,0.00,0.00,4.003,6.801e-05,2.001,3.400e-05,19.88,0.043,0.00,0.00,24.02,0.00041,0.00,0.00,0.00,0.00,0.00,2.802,0.00,0.00,0.0022
-93.77881318,42.02072783,F Fields (F1-F5),TaskName 5/17/2025 (GreenStar 4 Monitor),Outlook/agsaver,279,5/17/2025,0.201,On,1125.7,36.25,-25.00,9.098,2.680,7.555,269.17,19.99,20.17,0,4,39.95,5/17/2025,Good,8.069,0.00014,3.026,5.273e-05,0.00,0.00,0.00,4.035,7.031e-05,2.017,3.516e-05,20.04,0.045,0.00,0.00,24.21,0.00042,0.00,0.00,0.00,0.00,0.00,2.824,0.00,0.00,0.0022
-93.77882308,42.02072781,F Fields (F1-F5),TaskName 5/17/2025 (GreenStar 4 Monitor),Outlook/agsaver,280,5/17/2025,0.200,On,1125.7,37.50,-25.62,9.104,2.671,7.483,269.03,19.99,19.90,0,4,41.38,5/17/2025,Good,7.958,0.00014,2.984,5.360e-05,0.00,0.00,0.00,3.979,7.147e-05,1.990,3.574e-05,19.77,0.045,0.00,0.00,23.87,0.00043,0.00,0.00,0.00,0.00,0.00,2.785,0.00,0.00,0.0023
-93.77883312,42.02072784,F Fields (F1-F5),TaskName 5/17/2025 (GreenStar 4 Monitor),Outlook/agsaver,281,5/17/2025,0.194,On,1125.7,40.00,-26.87,9.116,2.592,7.126,268.84,19.99,19.96,0,4,44.17,5/17/2025,Good,7.984,0.00015,2.994,5.567e-05,0.00,0.00,0.00,3.992,7.423e-05,1.996,3.711e-05,19.83,0.047,0.00,0.00,23.95,0.00045,0.00,0.00,0.00,0.00,0.00,2.794,0.00,0.00,0.0024
-93.77884297,42.02072782,F Fields (F1-F5),TaskName 5/17/2025 (GreenStar 4 Monitor),Outlook/agsaver,282,5/17/2025,0.206,On,1125.7,41.25,-27.50,9.162,2.766,7.073,268.68,19.99,19.96,0,4,45.77,5/17/2025,Good,7.984,0.00016,2.994,6.126e-05,0.00,0.00,0.00,3.992,8.168e-05,1.996,4.084e-05,19.83,0.052,0.00,0.00,23.95,0.00049,0.00,0.00,0.00,0.00,0.00,2.794,0.00,0.00,0.0026
-93.77885302,42.02072776,F Fields (F1-F5),TaskName 5/17/2025 (GreenStar 4 Monitor),Outlook/agsaver,283,5/17/2025,0.200,On,1125.7,43.75,-28.75,9.176,2.677,6.505,268.60,19.99,19.68,0,4,48.40,5/17/2025,Good,7.873,0.00017,2.952,6.202e-05,0.00,0.00,0.00,3.936,8.269e-05,1.968,4.134e-05,19.55,0.053,0.00,0.00,23.62,0.00050,0.00,0.00,0.00,0.00,0.00,2.755,0.00,0.00,0.0027
-93.77886304,42.02072766,F Fields (F1-F5),TaskName 5/17/2025 (GreenStar 4 Monitor),Outlook/agsaver,284,5/17/2025,0.195,On,1125.7,45.00,-29.37,9.205,2.631,6.433,268.58,19.99,19.93,0,4,50.18,5/17/2025,Good,7.971,0.00017,2.989,6.348e-05,0.00,0.00,0.00,3.985,8.464e-05,1.993,4.232e-05,19.80,0.054,0.00,0.00,23.91,0.00051,0.00,0.00,0.00,0.00,0.00,2.790,0.00,0.00,0.0027
-93.77887287,42.02072747,F Fields (F1-F5),TaskName 5/17/2025 (GreenStar 4 Monitor),Outlook/agsaver,285,5/17/2025,0.200,On,1125.7,47.50,-30.62,9.239,2.723,6.472,268.58,19.99,19.90,0,4,53.45,5/17/2025,Good,7.958,0.00018,2.984,6.923e-05,0.00,0.00,0.00,3.979,9.231e-05,1.990,4.615e-05,19.77,0.059,0.00,0.00,23.87,0.00055,0.00,0.00,0.00,0.00,0.00,2.785,0.00,0.00,0.0030
-93.77888274,42.02072749,F Fields (F1-F5),TaskName 5/17/2025 (GreenStar 4 Monitor),Outlook/agsaver,286,5/17/2025,0.205,On,1125.7,50.00,-31.87,9.221,2.772,6.551,268.49,19.99,19.52,0,4,55.88,5/17/2025,Good,7.808,0.00019,2.928,7.280e-05,0.00,0.00,0.00,3.904,9.706e-05,1.952,4.853e-05,19.39,0.062,0.00,0.00,23.43,0.00058,0.00,0.00,0.00,0.00,0.00,2.733,0.00,0.00,0.0032
-93.77889278,42.02072725,F Fields (F1-F5),TaskName 5/17/2025 (GreenStar 4 Monitor),Outlook/agsaver,287,5/17/2025,0.199,On,1125.7,51.25,-32.50,9.194,2.680,6.604,268.58,19.99,19.71,0,4,57.05,5/17/2025,Good,7.885,0.00019,2.957,7.286e-05,0.00,0.00,0.00,3.943,9.714e-05,1.971,4.857e-05,19.59,0.062,0.00,0.00,23.66,0.00058,0.00,0.00,0.00,0.00,0.00,2.760,0.00,0.00,0.0032
-93.77894248,42.02072627,F Fields (F1-F5),TaskName 5/17/2025 (GreenStar 4 Monitor),Outlook/agsaver,288,5/17/2025,1.000,On,1125.9,55.00,-33.12,9.201,13.51,6.644,269.16,19.99,19.94,0,4,61.39,5/17/2025,Good,7.976,0.0011,2.991,0.00040,0.00,0.00,0.00,3.988,0.00053,1.994,0.00027,19.81,0.338,0.00,0.00,23.93,0.0032,0.00,0.00,0.00,0.00,0.00,2.792,0.00,0.00,0.017
-93.77899161,42.02072559,F Fields (F1-F5),TaskName 5/17/2025 (GreenStar 4 Monitor),Outlook/agsaver,289,5/17/2025,0.996,On,1126.0,55.00,-33.12,9.172,13.40,6.711,269.77,19.99,19.98,0,4,61.17,5/17/2025,Good,7.994,0.0011,2.998,0.00040,0.00,0.00,0.00,3.997,0.00053,1.998,0.00026,19.85,0.336,0.00,0.00,23.98,0.0032,0.00,0.00,0.00,0.00,0.00,2.798,0.00,0.00,0.017
-93.77903802,42.02072536,F Fields (F1-F5),TaskName 5/17/2025 (GreenStar 4 Monitor),Outlook/agsaver,290,5/17/2025,1.004,On,1126.2,55.00,-33.12,8.925,13.14,5.087,269.69,19.99,19.88,0,4,59.51,5/17/2025,Good,7.950,0.0010,2.981,0.00039,0.00,0.00,0.00,3.975,0.00052,1.988,0.00026,19.75,0.328,0.00,0.00,23.85,0.0031,0.00,0.00,0.00,0.00,0.00,2.783,0.00,0.00,0.017
-93.77908143,42.02072550,F Fields (F1-F5),TaskName 5/17/2025 (GreenStar 4 Monitor),Outlook/agsaver,291,5/17/2025,1.000,On,1126.3,55.00,-33.12,8.382,12.30,4.522,269.53,19.99,19.97,0,4,55.91,5/17/2025,Good,7.986,0.00097,2.995,0.00036,0.00,0.00,0.00,3.993,0.00048,1.997,0.00024,19.84,0.308,0.00,0.00,23.96,0.0029,0.00,0.00,0.00,0.00,0.00,2.795,0.00,0.00,0.016
-93.77912163,42.02072521,F Fields (F1-F5),TaskName 5/17/2025 (GreenStar 4 Monitor),Outlook/agsaver,292,5/17/2025,0.996,On,1126.7,55.00,-33.12,7.654,11.18,6.909,269.80,19.99,19.85,0,4,51.03,5/17/2025,Good,7.941,0.00088,2.978,0.00033,0.00,0.00,0.00,3.970,0.00044,1.985,0.00022,19.72,0.278,0.00,0.00,23.82,0.0026,0.00,0.00,0.00,0.00,0.00,2.779,0.00,0.00,0.014
-93.77916515,42.02072478,F Fields (F1-F5),TaskName 5/17/2025 (GreenStar 4 Monitor),Outlook/agsaver,293,5/17/2025,1.004,On,1126.8,55.00,-33.12,7.750,11.42,8.108,270.37,19.99,19.79,0,4,51.68,5/17/2025,Good,7.914,0.00089,2.968,0.00033,0.00,0.00,0.00,3.957,0.00045,1.979,0.00022,19.66,0.283,0.00,0.00,23.74,0.0027,0.00,0.00,0.00,0.00,0.00,2.770,0.00,0.00,0.014
-93.77921171,42.02072501,F Fields (F1-F5),TaskName 5/17/2025 (GreenStar 4 Monitor),Outlook/agsaver,294,5/17/2025,1.001,On,1126.9,55.00,-33.12,8.346,12.24,6.297,270.36,19.99,19.77,0,4,55.59,5/17/2025,Good,7.910,0.00096,2.966,0.00036,0.00,0.00,0.00,3.955,0.00048,1.977,0.00024,19.65,0.304,0.00,0.00,23.73,0.0029,0.00,0.00,0.00,0.00,0.00,2.768,0.00,0.00,0.015
-93.77925739,42.02072535,F Fields (F1-F5),TaskName 5/17/2025 (GreenStar 4 Monitor),Outlook/agsaver,295,5/17/2025,0.994,On,1127.0,55.00,-33.12,8.570,12.51,5.912,270.38,19.99,19.73,0,4,57.23,5/17/2025,Good,7.893,0.00097,2.960,0.00037,0.00,0.00,0.00,3.947,0.00049,1.973,0.00024,19.61,0.310,0.00,0.00,23.68,0.0029,0.00,0.00,0.00,0.00,0.00,2.763,0.00,0.00,0.016
-93.77930326,42.02072570,F Fields (F1-F5),TaskName 5/17/2025 (GreenStar 4 Monitor),Outlook/agsaver,296,5/17/2025,1.005,On,1127.0,55.00,-33.12,8.453,12.47,6.759,270.40,19.99,20.14,0,4,56.38,5/17/2025,Good,8.056,0.00099,3.021,0.00037,0.00,0.00,0.00,4.028,0.00050,2.014,0.00025,20.01,0.315,0.00,0.00,24.17,0.0030,0.00,0.00,0.00,0.00,0.00,2.820,0.00,0.00,0.016
-93.77934697,42.02072601,F Fields (F1-F5),TaskName 5/17/2025 (GreenStar 4 Monitor),Outlook/agsaver,297,5/17/2025,0.996,On,1127.1,55.00,-33.12,8.347,12.20,5.590,270.50,19.99,20.10,0,4,55.68,5/17/2025,Good,8.040,0.00097,3.015,0.00036,0.00,0.00,0.00,4.020,0.00048,2.010,0.00024,19.97,0.308,0.00,0.00,24.12,0.0029,0.00,0.00,0.00,0.00,0.00,2.814,0.00,0.00,0.015
-93.77938715,42.02072642,F Fields (F1-F5),TaskName 5/17/2025 (GreenStar 4 Monitor),Outlook/agsaver,298,5/17/2025,1.004,On,1127.2,55.00,-33.12,7.856,11.57,4.459,270.43,19.99,20.10,0,4,52.39,5/17/2025,Good,8.038,0.00092,3.014,0.00034,0.00,0.00,0.00,4.019,0.00046,2.010,0.00023,19.97,0.292,0.00,0.00,24.11,0.0028,0.00,0.00,0.00,0.00,0.00,2.813,0.00,0.00,0.015
-93.77940701,42.02072654,F Fields (F1-F5),TaskName 5/17/2025 (GreenStar 4 Monitor),Outlook/agsaver,299,5/17/2025,0.596,On,1127.2,55.00,-33.12,7.130,6.233,2.605,270.40,19.99,20.13,0,4,47.53,5/17/2025,Good,8.053,0.00050,3.020,0.00019,0.00,0.00,0.00,4.026,0.00025,2.013,0.00012,20.00,0.157,0.00,0.00,24.16,0.0015,0.00,0.00,0.00,0.00,0.00,2.818,0.00,0.00,0.0079
-93.77720481,42.02056937,F Fields (F1-F5),TaskName 5/5/2025 (GreenStar 4 Monitor),R-up/Sharpen,1,5/5/2025,0.201,On,1127.9,61.25,21.25,2.479,0.731,12.07,357.77,19.99,18.37,0,1,18.40,5/5/2025,Good,7.347,5.897e-05,2.755,2.211e-05,0.00,0.00,0.00,3.673,2.948e-05,1.837,1.474e-05,18.25,0.019,0.00,0.00,22.04,0.00018,0.00,0.00,0.00,0.00,0.00,2.571,0.00,0.00,0.0010
-93.77720494,42.02057369,F Fields (F1-F5),TaskName 5/5/2025 (GreenStar 4 Monitor),R-up/Sharpen,2,5/5/2025,0.194,On,1127.9,108.75,-2.500,2.951,0.839,13.21,357.70,19.99,15.90,0,1,38.86,5/5/2025,Under Target,6.359,0.00010,2.385,3.902e-05,0.00,0.00,0.00,3.179,5.202e-05,1.590,2.601e-05,15.79,0.033,0.00,0.00,19.08,0.00031,0.00,0.00,0.00,0.00,0.00,2.226,0.00,0.00,0.0021
-93.77720613,42.02060310,F Fields (F1-F5),TaskName 5/5/2025 (GreenStar 4 Monitor),R-up/Sharpen,3,5/5/2025,1.000,On,1127.8,112.50,-4.375,5.313,7.462,8.790,357.71,19.99,20.70,0,1,69.38,5/5/2025,Good,8.281,0.0012,3.105,0.00047,0.00,0.00,0.00,4.140,0.00062,2.070,0.00031,20.57,0.396,0.00,0.00,24.84,0.0037,0.00,0.00,0.00,0.00,0.00,2.898,0.00,0.00,0.019
-93.77720772,42.02063394,F Fields (F1-F5),TaskName 5/5/2025 (GreenStar 4 Monitor),R-up/Sharpen,4,5/5/2025,1.005,On,1127.6,112.50,-4.375,7.713,11.37,2.546,358.01,19.99,19.80,0,1,105.15,5/5/2025,Good,7.919,0.0018,2.970,0.00068,0.00,0.00,0.00,3.960,0.00091,1.980,0.00045,19.67,0.577,0.00,0.00,23.76,0.0054,0.00,0.00,0.00,0.00,0.00,2.772,0.00,0.00,0.029
-93.77720887,42.02066164,F Fields (F1-F5),TaskName 5/5/2025 (GreenStar 4 Monitor),R-up/Sharpen,5,5/5/2025,0.995,On,1127.8,112.50,-4.375,7.133,10.40,6.117,358.56,19.99,20.09,0,1,97.20,5/5/2025,Good,8.036,0.0017,3.014,0.00063,0.00,0.00,0.00,4.018,0.00084,2.009,0.00042,19.96,0.536,0.00,0.00,24.11,0.0051,0.00,0.00,0.00,0.00,0.00,2.813,0.00,0.00,0.027
-93.77720997,42.02068956,F Fields (F1-F5),TaskName 5/5/2025 (GreenStar 4 Monitor),R-up/Sharpen,6,5/5/2025,1.001,On,1127.8,112.50,-4.375,7.030,10.32,3.854,359.04,19.99,20.07,0,1,95.85,5/5/2025,Good,8.029,0.0017,3.011,0.00063,0.00,0.00,0.00,4.015,0.00084,2.007,0.00042,19.94,0.532,0.00,0.00,24.09,0.0050,0.00,0.00,0.00,0.00,0.00,2.810,0.00,0.00,0.027
-93.77721003,42.02071312,F Fields (F1-F5),TaskName 5/5/2025 (GreenStar 4 Monitor),R-up/Sharpen,7,5/5/2025,1.004,On,1127.9,112.50,-4.375,6.483,9.529,3.483,358.71,19.99,20.06,0,1,88.24,5/5/2025,Good,8.024,0.0015,3.009,0.00058,0.00,0.00,0.00,4.012,0.00077,2.006,0.00039,19.93,0.490,0.00,0.00,24.07,0.0046,0.00,0.00,0.00,0.00,0.00,2.808,0.00,0.00,0.025
-93.77721061,42.02073364,F Fields (F1-F5),TaskName 5/5/2025 (GreenStar 4 Monitor),R-up/Sharpen,8,5/5/2025,1.001,On,1128.1,112.50,-4.375,5.525,8.109,4.792,358.56,19.99,20.21,0,1,75.31,5/5/2025,Good,8.083,0.0013,3.031,0.00050,0.00,0.00,0.00,4.041,0.00066,2.021,0.00033,20.08,0.420,0.00,0.00,24.25,0.0040,0.00,0.00,0.00,0.00,0.00,2.829,0.00,0.00,0.021
-93.77721099,42.02075841,F Fields (F1-F5),TaskName 5/5/2025 (GreenStar 4 Monitor),R-up/Sharpen,9,5/5/2025,0.995,On,1128.2,112.50,-4.375,5.373,7.810,10.35,358.24,19.99,20.25,0,1,72.98,5/5/2025,Good,8.098,0.0013,3.037,0.00048,0.00,0.00,0.00,4.049,0.00064,2.025,0.00032,20.11,0.406,0.00,0.00,24.29,0.0038,0.00,0.00,0.00,0.00,0.00,2.834,0.00,0.00,0.020
-93.77721202,42.02078832,F Fields (F1-F5),TaskName 5/5/2025 (GreenStar 4 Monitor),R-up/Sharpen,10,5/5/2025,0.999,On,1128.1,112.50,-4.375,6.897,10.08,4.332,358.31,19.99,19.71,0,1,93.82,5/5/2025,Good,7.885,0.0016,2.957,0.00060,0.00,0.00,0.00,3.943,0.00080,1.971,0.00040,19.59,0.510,0.00,0.00,23.66,0.0048,0.00,0.00,0.00,0.00,0.00,2.760,0.00,0.00,0.026
-93.77721309,42.02081791,F Fields (F1-F5),TaskName 5/5/2025 (GreenStar 4 Monitor),R-up/Sharpen,11,5/5/2025,1.005,On,1128.3,112.50,-4.375,7.295,10.76,6.690,358.44,19.99,19.74,0,1,99.51,5/5/2025,Good,7.898,0.0017,2.962,0.00064,0.00,0.00,0.00,3.949,0.00086,1.974,0.00043,19.62,0.545,0.00,0.00,23.69,0.0051,0.00,0.00,0.00,0.00,0.00,2.764,0.00,0.00,0.028
-93.77721415,42.02084962,F Fields (F1-F5),TaskName 5/5/2025 (GreenStar 4 Monitor),R-up/Sharpen,12,5/5/2025,0.996,On,1128.3,112.50,-4.375,7.603,11.09,6.162,358.88,19.99,19.84,0,1,103.53,5/5/2025,Good,7.935,0.0018,2.976,0.00067,0.00,0.00,0.00,3.967,0.00089,1.984,0.00044,19.71,0.565,0.00,0.00,23.80,0.0053,0.00,0.00,0.00,0.00,0.00,2.777,0.00,0.00,0.029
-93.77721503,42.02088165,F Fields (F1-F5),TaskName 5/5/2025 (GreenStar 4 Monitor),R-up/Sharpen,13,5/5/2025,1.004,On,1128.4,112.50,-4.375,7.920,11.68,5.415,359.11,19.99,19.87,0,1,108.14,5/5/2025,Good,7.948,0.0019,2.980,0.00070,0.00,0.00,0.00,3.974,0.00094,1.987,0.00047,19.74,0.595,0.00,0.00,23.84,0.0056,0.00,0.00,0.00,0.00,0.00,2.782,0.00,0.00,0.030
-93.77721551,42.02091360,F Fields (F1-F5),TaskName 5/5/2025 (GreenStar 4 Monitor),R-up/Sharpen,14,5/5/2025,1.001,On,1128.4,112.50,-4.375,7.917,11.62,6.231,359.15,19.99,19.87,0,1,107.89,5/5/2025,Good,7.946,0.0019,2.980,0.00070,0.00,0.00,0.00,3.973,0.00093,1.987,0.00047,19.74,0.592,0.00,0.00,23.84,0.0056,0.00,0.00,0.00,0.00,0.00,2.781,0.00,0.00,0.030
-93.77721636,42.02094600,F Fields (F1-F5),TaskName 5/5/2025 (GreenStar 4 Monitor),R-up/Sharpen,15,5/5/2025,0.999,On,1128.4,112.50,-4.375,8.008,11.75,5.568,0.220,19.99,19.93,0,1,109.36,5/5/2025,Good,7.970,0.0019,2.989,0.00071,0.00,0.00,0.00,3.985,0.00094,1.993,0.00047,19.80,0.601,0.00,0.00,23.91,0.0057,0.00,0.00,0.00,0.00,0.00,2.790,0.00,0.00,0.030
-93.77721638,42.02097867,F Fields (F1-F5),TaskName 5/5/2025 (GreenStar 4 Monitor),R-up/Sharpen,16,5/5/2025,1.000,On,1128.4,112.50,-4.375,8.080,11.85,5.553,0.094,19.99,19.91,0,1,110.19,5/5/2025,Good,7.964,0.0019,2.987,0.00071,0.00,0.00,0.00,3.982,0.00095,1.991,0.00048,19.78,0.605,0.00,0.00,23.89,0.0057,0.00,0.00,0.00,0.00,0.00,2.787,0.00,0.00,0.031
-93.77721617,42.02099173,F Fields (F1-F5),TaskName 5/5/2025 (GreenStar 4 Monitor),R-up/Sharpen,17,5/5/2025,0.395,On,1128.4,112.50,-4.375,8.101,4.693,5.684,359.59,19.99,19.95,0,1,110.46,5/5/2025,Good,7.982,0.00076,2.993,0.00028,0.00,0.00,0.00,3.991,0.00038,1.995,0.00019,19.82,0.240,0.00,0.00,23.95,0.0023,0.00,0.00,0.00,0.00,0.00,2.794,0.00,0.00,0.012
-93.77721585,42.02102456,F Fields (F1-F5),TaskName 5/5/2025 (GreenStar 4 Monitor),R-up/Sharpen,18,5/5/2025,1.005,On,1128.3,111.25,-5.000,8.129,11.99,5.745,358.37,19.99,20.03,0,1,109.66,5/5/2025,Good,8.013,0.0019,3.005,0.00072,0.00,0.00,0.00,4.006,0.00096,2.003,0.00048,19.90,0.609,0.00,0.00,24.04,0.0057,0.00,0.00,0.00,0.00,0.00,2.805,0.00,0.00,0.031
-93.77721730,42.02105756,F Fields (F1-F5),TaskName 5/5/2025 (GreenStar 4 Monitor),R-up/Sharpen,19,5/5/2025,1.000,On,1128.3,111.25,-5.000,8.199,12.03,5.518,358.94,19.99,19.96,0,1,110.63,5/5/2025,Good,7.986,0.0019,2.995,0.00072,0.00,0.00,0.00,3.993,0.00096,1.996,0.00048,19.83,0.610,0.00,0.00,23.96,0.0058,0.00,0.00,0.00,0.00,0.00,2.795,0.00,0.00,0.031
-93.77721824,42.02109069,F Fields (F1-F5),TaskName 5/5/2025 (GreenStar 4 Monitor),R-up/Sharpen,20,5/5/2025,1.000,On,1128.2,111.25,-5.000,8.212,12.05,5.504,359.02,19.99,19.89,0,1,110.75,5/5/2025,Good,7.957,0.0019,2.984,0.00072,0.00,0.00,0.00,3.979,0.00096,1.989,0.00048,19.76,0.608,0.00,0.00,23.87,0.0057,0.00,0.00,0.00,0.00,0.00,2.785,0.00,0.00,0.031
-93.77721878,42.02112376,F Fields (F1-F5),TaskName 5/5/2025 (GreenStar 4 Monitor),R-up/Sharpen,21,5/5/2025,1.000,On,1128.1,111.25,-5.000,8.215,12.06,5.114,358.76,19.99,19.88,0,1,110.84,5/5/2025,Good,7.954,0.0019,2.983,0.00072,0.00,0.00,0.00,3.977,0.00096,1.988,0.00048,19.75,0.608,0.00,0.00,23.86,0.0057,0.00,0.00,0.00,0.00,0.00,2.784,0.00,0.00,0.031
-93.77721883,42.02113045,F Fields (F1-F5),TaskName 5/5/2025 (GreenStar 4 Monitor),R-up/Sharpen,22,5/5/2025,0.200,On,1128.1,111.25,-5.000,8.210,2.410,4.616,358.70,19.99,19.79,0,1,110.81,5/5/2025,Good,7.915,0.00038,2.968,0.00014,0.00,0.00,0.00,3.958,0.00019,1.979,9.517e-05,19.66,0.121,0.00,0.00,23.75,0.0011,0.00,0.00,0.00,0.00,0.00,2.770,0.00,0.00,0.0062
-93.77721978,42.02116354,F Fields (F1-F5),TaskName 5/5/2025 (GreenStar 4 Monitor),R-up/Sharpen,23,5/5/2025,1.000,On,1128.1,112.50,-4.375,8.232,12.08,4.440,358.48,19.99,19.87,0,1,112.30,5/5/2025,Good,7.947,0.0019,2.980,0.00073,0.00,0.00,0.00,3.974,0.00097,1.987,0.00048,19.74,0.616,0.00,0.00,23.84,0.0058,0.00,0.00,0.00,0.00,0.00,2.782,0.00,0.00,0.031
-93.77722075,42.02119665,F Fields (F1-F5),TaskName 5/5/2025 (GreenStar 4 Monitor),R-up/Sharpen,24,5/5/2025,0.995,On,1127.9,112.50,-4.375,8.203,11.97,4.555,358.20,19.99,19.85,0,1,111.88,5/5/2025,Good,7.942,0.0019,2.978,0.00072,0.00,0.00,0.00,3.971,0.00096,1.985,0.00048,19.73,0.610,0.00,0.00,23.83,0.0058,0.00,0.00,0.00,0.00,0.00,2.780,0.00,0.00,0.031
-93.77722204,42.02122945,F Fields (F1-F5),TaskName 5/5/2025 (GreenStar 4 Monitor),R-up/Sharpen,25,5/5/2025,1.005,On,1127.9,112.50,-4.375,8.197,12.08,5.192,358.06,19.99,20.00,0,1,111.80,5/5/2025,Good,8.001,0.0020,3.000,0.00073,0.00,0.00,0.00,4.000,0.00098,2.000,0.00049,19.87,0.620,0.00,0.00,24.00,0.0059,0.00,0.00,0.00,0.00,0.00,2.800,0.00,0.00,0.031
-93.77722333,42.02125567,F Fields (F1-F5),TaskName 5/5/2025 (GreenStar 4 Monitor),R-up/Sharpen,26,5/5/2025,0.801,On,1127.9,112.50,-4.375,8.172,9.602,5.084,358.24,19.99,20.02,0,1,111.46,5/5/2025,Good,8.010,0.0016,3.004,0.00058,0.00,0.00,0.00,4.005,0.00078,2.002,0.00039,19.89,0.493,0.00,0.00,24.03,0.0047,0.00,0.00,0.00,0.00,0.00,2.803,0.00,0.00,0.025
-93.77722447,42.02128686,F Fields (F1-F5),TaskName 5/5/2025 (GreenStar 4 Monitor),R-up/Sharpen,27,5/5/2025,0.995,On,1127.8,113.75,-3.750,8.047,11.73,3.669,358.37,19.99,20.02,0,1,110.83,5/5/2025,Good,8.008,0.0019,3.003,0.00072,0.00,0.00,0.00,4.004,0.00096,2.002,0.00048,19.89,0.609,0.00,0.00,24.02,0.0057,0.00,0.00,0.00,0.00,0.00,2.803,0.00,0.00,0.031
-93.77722564,42.02131559,F Fields (F1-F5),TaskName 5/5/2025 (GreenStar 4 Monitor),R-up/Sharpen,28,5/5/2025,1.005,On,1127.8,113.75,-3.750,7.444,10.98,4.144,358.84,19.99,20.02,0,1,102.73,5/5/2025,Good,8.007,0.0018,3.003,0.00067,0.00,0.00,0.00,4.004,0.00090,2.002,0.00045,19.89,0.570,0.00,0.00,24.02,0.0054,0.00,0.00,0.00,0.00,0.00,2.803,0.00,0.00,0.029
-93.77722652,42.02134156,F Fields (F1-F5),TaskName 5/5/2025 (GreenStar 4 Monitor),R-up/Sharpen,29,5/5/2025,0.994,On,1127.8,113.75,-3.750,6.944,10.12,2.754,359.57,19.99,20.00,0,1,95.71,5/5/2025,Good,7.999,0.0017,2.999,0.00062,0.00,0.00,0.00,3.999,0.00083,2.000,0.00041,19.87,0.525,0.00,0.00,24.00,0.0050,0.00,0.00,0.00,0.00,0.00,2.799,0.00,0.00,0.026
-93.77722668,42.02136209,F Fields (F1-F5),TaskName 5/5/2025 (GreenStar 4 Monitor),R-up/Sharpen,30,5/5/2025,1.006,On,1127.9,113.75,-3.750,5.881,8.631,4.475,359.70,19.99,20.27,0,1,80.66,5/5/2025,Good,8.109,0.0014,3.041,0.00054,0.00,0.00,0.00,4.054,0.00071,2.027,0.00036,20.14,0.454,0.00,0.00,24.33,0.0043,0.00,0.00,0.00,0.00,0.00,2.838,0.00,0.00,0.023
-93.77722672,42.02136961,F Fields (F1-F5),TaskName 5/5/2025 (GreenStar 4 Monitor),R-up/Sharpen,31,5/5/2025,0.395,On,1127.9,113.75,-3.750,5.055,2.928,3.408,359.58,19.99,20.43,0,1,69.69,5/5/2025,Good,8.172,0.00049,3.064,0.00018,0.00,0.00,0.00,4.086,0.00024,2.043,0.00012,20.30,0.155,0.00,0.00,24.52,0.0015,0.00,0.00,0.00,0.00,0.00,2.860,0.00,0.00,0.0076
-93.77743720,42.02120290,F Fields (F1-F5),TaskName 5/5/2025 (GreenStar 4 Monitor),R-up/Sharpen,32,5/5/2025,0.200,On,1126.8,56.25,-32.50,8.101,2.375,5.125,269.74,19.99,17.67,0,2,55.21,5/5/2025,Good,7.069,0.00017,2.651,6.352e-05,0.00,0.00,0.00,3.534,8.469e-05,1.767,4.235e-05,17.56,0.054,0.00,0.00,21.21,0.00051,0.00,0.00,0.00,0.00,0.00,2.474,0.00,0.00,0.0031
-93.77748102,42.02120285,F Fields (F1-F5),TaskName 5/5/2025 (GreenStar 4 Monitor),R-up/Sharpen,33,5/5/2025,1.006,On,1126.6,121.25,0.00,8.111,11.95,5.402,269.88,19.99,19.68,0,2,119.02,5/5/2025,Good,7.872,0.0020,2.952,0.00077,0.00,0.00,0.00,3.936,0.0010,1.968,0.00051,19.55,0.650,0.00,0.00,23.62,0.0061,0.00,0.00,0.00,0.00,0.00,2.755,0.00,0.00,0.033
-93.77752515,42.02120277,F Fields (F1-F5),TaskName 5/5/2025 (GreenStar 4 Monitor),R-up/Sharpen,34,5/5/2025,0.999,On,1126.5,121.25,0.00,8.150,11.94,5.308,270.00,19.99,19.77,0,2,119.79,5/5/2025,Good,7.909,0.0021,2.966,0.00077,0.00,0.00,0.00,3.954,0.0010,1.977,0.00051,19.64,0.653,0.00,0.00,23.73,0.0062,0.00,0.00,0.00,0.00,0.00,2.768,0.00,0.00,0.033
-93.77756957,42.02120273,F Fields (F1-F5),TaskName 5/5/2025 (GreenStar 4 Monitor),R-up/Sharpen,35,5/5/2025,0.996,On,1126.3,121.25,0.00,8.199,11.96,5.162,269.90,19.99,19.85,0,2,120.28,5/5/2025,Good,7.938,0.0021,2.977,0.00077,0.00,0.00,0.00,3.969,0.0010,1.985,0.00052,19.72,0.656,0.00,0.00,23.82,0.0062,0.00,0.00,0.00,0.00,0.00,2.778,0.00,0.00,0.033
-93.77761428,42.02120280,F Fields (F1-F5),TaskName 5/5/2025 (GreenStar 4 Monitor),R-up/Sharpen,36,5/5/2025,0.999,On,1126.1,121.25,0.00,8.238,12.07,4.732,269.88,19.99,19.82,0,2,121.10,5/5/2025,Good,7.930,0.0021,2.974,0.00078,0.00,0.00,0.00,3.965,0.0010,1.982,0.00052,19.70,0.662,0.00,0.00,23.79,0.0062,0.00,0.00,0.00,0.00,0.00,2.775,0.00,0.00,0.034
-93.77765854,42.02120268,F Fields (F1-F5),TaskName 5/5/2025 (GreenStar 4 Monitor),R-up/Sharpen,37,5/5/2025,1.000,On,1126.2,121.25,0.00,8.234,12.07,5.359,270.05,19.99,20.01,0,2,120.92,5/5/2025,Good,8.003,0.0021,3.001,0.00079,0.00,0.00,0.00,4.001,0.0011,2.001,0.00053,19.88,0.668,0.00,0.00,24.01,0.0063,0.00,0.00,0.00,0.00,0.00,2.801,0.00,0.00,0.034
-93.77770272,42.02120268,F Fields (F1-F5),TaskName 5/5/2025 (GreenStar 4 Monitor),R-up/Sharpen,38,5/5/2025,1.001,On,1126.2,121.25,0.00,8.188,12.01,5.421,270.07,19.99,20.02,0,2,120.24,5/5/2025,Good,8.007,0.0021,3.003,0.00078,0.00,0.00,0.00,4.004,0.0010,2.002,0.00052,19.89,0.665,0.00,0.00,24.02,0.0063,0.00,0.00,0.00,0.00,0.00,2.802,0.00,0.00,0.033
-93.77774676,42.02120292,F Fields (F1-F5),TaskName 5/5/2025 (GreenStar 4 Monitor),R-up/Sharpen,39,5/5/2025,1.000,On,1126.3,121.25,0.00,8.184,12.00,5.670,269.66,19.99,19.92,0,2,120.23,5/5/2025,Good,7.967,0.0021,2.988,0.00078,0.00,0.00,0.00,3.983,0.0010,1.992,0.00052,19.79,0.661,0.00,0.00,23.90,0.0062,0.00,0.00,0.00,0.00,0.00,2.788,0.00,0.00,0.033
-93.77779029,42.02120274,F Fields (F1-F5),TaskName 5/5/2025 (GreenStar 4 Monitor),R-up/Sharpen,40,5/5/2025,1.000,On,1126.5,121.25,0.00,8.099,11.86,6.346,269.82,19.99,20.05,0,2,118.88,5/5/2025,Good,8.019,0.0021,3.007,0.00078,0.00,0.00,0.00,4.010,0.0010,2.005,0.00052,19.92,0.658,0.00,0.00,24.06,0.0062,0.00,0.00,0.00,0.00,0.00,2.807,0.00,0.00,0.033
-93.77783434,42.02120249,F Fields (F1-F5),TaskName 5/5/2025 (GreenStar 4 Monitor),R-up/Sharpen,41,5/5/2025,1.000,On,1126.5,121.25,0.00,8.106,11.88,5.900,270.26,19.99,20.02,0,2,119.01,5/5/2025,Good,8.008,0.0021,3.003,0.00078,0.00,0.00,0.00,4.004,0.0010,2.002,0.00052,19.89,0.658,0.00,0.00,24.02,0.0062,0.00,0.00,0.00,0.00,0.00,2.803,0.00,0.00,0.033
-93.77787899,42.02120269,F Fields (F1-F5),TaskName 5/5/2025 (GreenStar 4 Monitor),R-up/Sharpen,42,5/5/2025,1.000,On,1126.4,121.25,0.00,8.218,12.03,5.143,270.05,19.99,19.89,0,2,120.59,5/5/2025,Good,7.957,0.0021,2.984,0.00078,0.00,0.00,0.00,3.978,0.0010,1.989,0.00052,19.76,0.662,0.00,0.00,23.87,0.0062,0.00,0.00,0.00,0.00,0.00,2.785,0.00,0.00,0.033
-93.77792385,42.02120280,F Fields (F1-F5),TaskName 5/5/2025 (GreenStar 4 Monitor),R-up/Sharpen,43,5/5/2025,0.999,On,1126.2,121.25,0.00,8.275,12.13,4.923,269.91,19.99,19.92,0,2,121.63,5/5/2025,Good,7.968,0.0021,2.988,0.00079,0.00,0.00,0.00,3.984,0.0011,1.992,0.00053,19.79,0.668,0.00,0.00,23.90,0.0063,0.00,0.00,0.00,0.00,0.00,2.789,0.00,0.00,0.034
-93.77796881,42.02120276,F Fields (F1-F5),TaskName 5/5/2025 (GreenStar 4 Monitor),R-up/Sharpen,44,5/5/2025,0.995,On,1126.0,121.25,0.00,8.313,12.13,4.770,269.98,19.99,20.00,0,2,122.12,5/5/2025,Good,7.998,0.0021,2.999,0.00079,0.00,0.00,0.00,3.999,0.0011,2.000,0.00053,19.87,0.671,0.00,0.00,23.99,0.0063,0.00,0.00,0.00,0.00,0.00,2.799,0.00,0.00,0.034
-93.77801330,42.02120281,F Fields (F1-F5),TaskName 5/5/2025 (GreenStar 4 Monitor),R-up/Sharpen,45,5/5/2025,1.000,On,1125.9,121.25,0.00,8.301,12.17,4.992,270.00,19.99,19.89,0,2,121.90,5/5/2025,Good,7.958,0.0021,2.984,0.00079,0.00,0.00,0.00,3.979,0.0011,1.989,0.00053,19.77,0.669,0.00,0.00,23.87,0.0063,0.00,0.00,0.00,0.00,0.00,2.785,0.00,0.00,0.034
-93.77805729,42.02120284,F Fields (F1-F5),TaskName 5/5/2025 (GreenStar 4 Monitor),R-up/Sharpen,46,5/5/2025,1.005,On,1125.9,121.25,0.00,8.195,12.07,5.468,270.03,19.99,19.93,0,2,120.35,5/5/2025,Good,7.971,0.0021,2.989,0.00078,0.00,0.00,0.00,3.986,0.0010,1.993,0.00052,19.80,0.665,0.00,0.00,23.91,0.0063,0.00,0.00,0.00,0.00,0.00,2.790,0.00,0.00,0.034
-93.77810153,42.02120293,F Fields (F1-F5),TaskName 5/5/2025 (GreenStar 4 Monitor),R-up/Sharpen,47,5/5/2025,1.000,On,1125.9,121.25,0.00,8.173,11.98,4.911,269.91,19.99,19.97,0,2,120.03,5/5/2025,Good,7.989,0.0021,2.996,0.00078,0.00,0.00,0.00,3.994,0.0010,1.997,0.00052,19.84,0.662,0.00,0.00,23.97,0.0062,0.00,0.00,0.00,0.00,0.00,2.796,0.00,0.00,0.033
-93.77814564,42.02120281,F Fields (F1-F5),TaskName 5/5/2025 (GreenStar 4 Monitor),R-up/Sharpen,48,5/5/2025,0.995,On,1125.9,121.25,0.00,8.178,11.92,4.805,270.02,19.99,19.96,0,2,120.07,5/5/2025,Good,7.983,0.0021,2.993,0.00078,0.00,0.00,0.00,3.991,0.0010,1.996,0.00052,19.83,0.658,0.00,0.00,23.95,0.0062,0.00,0.00,0.00,0.00,0.00,2.794,0.00,0.00,0.033
-93.77818948,42.02120291,F Fields (F1-F5),TaskName 5/5/2025 (GreenStar 4 Monitor),R-up/Sharpen,49,5/5/2025,1.005,On,1126.0,121.25,0.00,8.154,12.02,5.415,269.79,19.99,19.94,0,2,119.80,5/5/2025,Good,7.975,0.0021,2.991,0.00078,0.00,0.00,0.00,3.988,0.0010,1.994,0.00052,19.81,0.662,0.00,0.00,23.93,0.0063,0.00,0.00,0.00,0.00,0.00,2.791,0.00,0.00,0.033
-93.77823320,42.02120285,F Fields (F1-F5),TaskName 5/5/2025 (GreenStar 4 Monitor),R-up/Sharpen,50,5/5/2025,1.000,On,1126.1,121.25,0.00,8.102,11.89,5.872,269.81,19.99,20.10,0,2,119.11,5/5/2025,Good,8.041,0.0021,3.015,0.00078,0.00,0.00,0.00,4.021,0.0010,2.010,0.00052,19.97,0.661,0.00,0.00,24.12,0.0062,0.00,0.00,0.00,0.00,0.00,2.814,0.00,0.00,0.033
-93.77827715,42.02120271,F Fields (F1-F5),TaskName 5/5/2025 (GreenStar 4 Monitor),R-up/Sharpen,51,5/5/2025,1.005,On,1126.2,121.25,0.00,8.115,11.97,5.306,270.02,19.99,20.01,0,2,119.30,5/5/2025,Good,8.004,0.0021,3.001,0.00078,0.00,0.00,0.00,4.002,0.0010,2.001,0.00052,19.88,0.662,0.00,0.00,24.01,0.0062,0.00,0.00,0.00,0.00,0.00,2.801,0.00,0.00,0.033
-93.77832103,42.02120273,F Fields (F1-F5),TaskName 5/5/2025 (GreenStar 4 Monitor),R-up/Sharpen,52,5/5/2025,0.995,On,1126.3,121.25,0.00,8.144,11.89,5.130,270.02,19.99,19.87,0,2,119.74,5/5/2025,Good,7.949,0.0021,2.981,0.00077,0.00,0.00,0.00,3.974,0.0010,1.987,0.00051,19.74,0.653,0.00,0.00,23.85,0.0062,0.00,0.00,0.00,0.00,0.00,2.782,0.00,0.00,0.033
-93.77836477,42.02120283,F Fields (F1-F5),TaskName 5/5/2025 (GreenStar 4 Monitor),R-up/Sharpen,53,5/5/2025,1.000,On,1126.5,121.25,0.00,8.112,11.90,5.280,270.02,19.99,19.86,0,2,119.24,5/5/2025,Good,7.945,0.0021,2.980,0.00077,0.00,0.00,0.00,3.973,0.0010,1.986,0.00051,19.73,0.654,0.00,0.00,23.84,0.0062,0.00,0.00,0.00,0.00,0.00,2.781,0.00,0.00,0.033
-93.77840843,42.02120291,F Fields (F1-F5),TaskName 5/5/2025 (GreenStar 4 Monitor),R-up/Sharpen,54,5/5/2025,1.000,On,1126.7,121.25,0.00,8.108,11.89,5.333,270.05,19.99,19.86,0,2,119.18,5/5/2025,Good,7.945,0.0021,2.979,0.00077,0.00,0.00,0.00,3.973,0.0010,1.986,0.00051,19.73,0.653,0.00,0.00,23.84,0.0062,0.00,0.00,0.00,0.00,0.00,2.781,0.00,0.00,0.033
-93.77845212,42.02120319,F Fields (F1-F5),TaskName 5/5/2025 (GreenStar 4 Monitor),R-up/Sharpen,55,5/5/2025,1.000,On,1126.9,121.25,0.00,8.096,11.88,5.358,269.71,19.99,19.95,0,2,119.01,5/5/2025,Good,7.978,0.0021,2.992,0.00077,0.00,0.00,0.00,3.989,0.0010,1.995,0.00052,19.82,0.655,0.00,0.00,23.93,0.0062,0.00,0.00,0.00,0.00,0.00,2.792,0.00,0.00,0.033
-93.77849571,42.02120327,F Fields (F1-F5),TaskName 5/5/2025 (GreenStar 4 Monitor),R-up/Sharpen,56,5/5/2025,1.000,On,1127.0,121.25,0.00,8.071,11.84,5.477,269.52,19.99,19.97,0,2,118.65,5/5/2025,Good,7.986,0.0021,2.995,0.00077,0.00,0.00,0.00,3.993,0.0010,1.997,0.00051,19.84,0.654,0.00,0.00,23.96,0.0062,0.00,0.00,0.00,0.00,0.00,2.795,0.00,0.00,0.033
-93.77853958,42.02120300,F Fields (F1-F5),TaskName 5/5/2025 (GreenStar 4 Monitor),R-up/Sharpen,57,5/5/2025,1.006,On,1127.1,121.25,0.00,8.094,11.93,5.275,269.69,19.99,19.91,0,2,118.86,5/5/2025,Good,7.966,0.0021,2.987,0.00078,0.00,0.00,0.00,3.983,0.0010,1.991,0.00052,19.78,0.657,0.00,0.00,23.90,0.0062,0.00,0.00,0.00,0.00,0.00,2.788,0.00,0.00,0.033
-93.77858349,42.02120292,F Fields (F1-F5),TaskName 5/5/2025 (GreenStar 4 Monitor),R-up/Sharpen,58,5/5/2025,0.989,On,1127.2,121.25,0.00,8.132,11.81,5.550,269.87,19.99,20.02,0,2,119.64,5/5/2025,Good,8.009,0.0021,3.003,0.00077,0.00,0.00,0.00,4.004,0.0010,2.002,0.00051,19.89,0.654,0.00,0.00,24.03,0.0062,0.00,0.00,0.00,0.00,0.00,2.803,0.00,0.00,0.033
-93.77862738,42.02120302,F Fields (F1-F5),TaskName 5/5/2025 (GreenStar 4 Monitor),R-up/Sharpen,59,5/5/2025,1.006,On,1127.5,121.25,0.00,8.131,12.00,5.031,269.83,19.99,19.92,0,2,119.51,5/5/2025,Good,7.967,0.0021,2.988,0.00078,0.00,0.00,0.00,3.984,0.0010,1.992,0.00052,19.79,0.661,0.00,0.00,23.90,0.0062,0.00,0.00,0.00,0.00,0.00,2.788,0.00,0.00,0.033
-93.77867059,42.02120305,F Fields (F1-F5),TaskName 5/5/2025 (GreenStar 4 Monitor),R-up/Sharpen,60,5/5/2025,0.999,On,1127.8,121.25,0.00,8.076,11.84,6.186,269.83,19.99,19.96,0,2,118.74,5/5/2025,Good,7.985,0.0021,2.994,0.00077,0.00,0.00,0.00,3.993,0.0010,1.996,0.00051,19.83,0.654,0.00,0.00,23.96,0.0062,0.00,0.00,0.00,0.00,0.00,2.795,0.00,0.00,0.033
-93.77871357,42.02120296,F Fields (F1-F5),TaskName 5/5/2025 (GreenStar 4 Monitor),R-up/Sharpen,61,5/5/2025,1.000,On,1128.1,121.25,0.00,7.966,11.69,6.863,270.01,19.99,20.04,0,2,117.11,5/5/2025,Good,8.017,0.0020,3.006,0.00076,0.00,0.00,0.00,4.009,0.0010,2.004,0.00051,19.91,0.648,0.00,0.00,24.05,0.0061,0.00,0.00,0.00,0.00,0.00,2.806,0.00,0.00,0.033
-93.77875776,42.02120310,F Fields (F1-F5),TaskName 5/5/2025 (GreenStar 4 Monitor),R-up/Sharpen,62,5/5/2025,1.000,On,1128.1,121.25,0.00,8.070,11.83,5.924,269.71,19.99,19.95,0,2,118.59,5/5/2025,Good,7.981,0.0021,2.993,0.00077,0.00,0.00,0.00,3.990,0.0010,1.995,0.00051,19.82,0.653,0.00,0.00,23.94,0.0062,0.00,0.00,0.00,0.00,0.00,2.793,0.00,0.00,0.033
-93.77880243,42.02120311,F Fields (F1-F5),TaskName 5/5/2025 (GreenStar 4 Monitor),R-up/Sharpen,63,5/5/2025,0.995,On,1128.2,121.25,0.00,8.240,12.03,4.807,269.56,19.99,19.86,0,2,121.13,5/5/2025,Good,7.945,0.0021,2.979,0.00078,0.00,0.00,0.00,3.973,0.0010,1.986,0.00052,19.73,0.661,0.00,0.00,23.84,0.0062,0.00,0.00,0.00,0.00,0.00,2.781,0.00,0.00,0.033
-93.77884686,42.02120283,F Fields (F1-F5),TaskName 5/5/2025 (GreenStar 4 Monitor),R-up/Sharpen,64,5/5/2025,1.005,On,1128.3,121.25,0.00,8.254,12.17,4.729,269.97,19.99,19.88,0,2,121.36,5/5/2025,Good,7.953,0.0021,2.982,0.00079,0.00,0.00,0.00,3.977,0.0011,1.988,0.00053,19.75,0.669,0.00,0.00,23.86,0.0063,0.00,0.00,0.00,0.00,0.00,2.784,0.00,0.00,0.034
-93.77889062,42.02120272,F Fields (F1-F5),TaskName 5/5/2025 (GreenStar 4 Monitor),R-up/Sharpen,65,5/5/2025,1.000,On,1128.5,121.25,0.00,8.164,11.98,5.897,270.16,19.99,19.99,0,2,120.00,5/5/2025,Good,7.998,0.0021,2.999,0.00078,0.00,0.00,0.00,3.999,0.0010,1.999,0.00052,19.86,0.662,0.00,0.00,23.99,0.0062,0.00,0.00,0.00,0.00,0.00,2.799,0.00,0.00,0.033
-93.77893450,42.02120299,F Fields (F1-F5),TaskName 5/5/2025 (GreenStar 4 Monitor),R-up/Sharpen,66,5/5/2025,1.000,On,1128.7,121.25,0.00,8.114,11.90,5.665,269.81,19.99,19.95,0,2,119.24,5/5/2025,Good,7.980,0.0021,2.993,0.00077,0.00,0.00,0.00,3.990,0.0010,1.995,0.00052,19.82,0.657,0.00,0.00,23.94,0.0062,0.00,0.00,0.00,0.00,0.00,2.793,0.00,0.00,0.033
-93.77897856,42.02120289,F Fields (F1-F5),TaskName 5/5/2025 (GreenStar 4 Monitor),R-up/Sharpen,67,5/5/2025,0.996,On,1128.9,121.25,0.00,8.174,11.94,5.686,269.85,19.99,19.96,0,2,120.15,5/5/2025,Good,7.984,0.0021,2.994,0.00078,0.00,0.00,0.00,3.992,0.0010,1.996,0.00052,19.83,0.659,0.00,0.00,23.95,0.0062,0.00,0.00,0.00,0.00,0.00,2.794,0.00,0.00,0.033
-93.77902281,42.02120288,F Fields (F1-F5),TaskName 5/5/2025 (GreenStar 4 Monitor),R-up/Sharpen,68,5/5/2025,1.004,On,1128.9,121.25,0.00,8.168,12.03,5.566,269.74,19.99,19.98,0,2,120.05,5/5/2025,Good,7.992,0.0021,2.997,0.00078,0.00,0.00,0.00,3.996,0.0010,1.998,0.00052,19.85,0.665,0.00,0.00,23.97,0.0063,0.00,0.00,0.00,0.00,0.00,2.797,0.00,0.00,0.033
-93.77906725,42.02120273,F Fields (F1-F5),TaskName 5/5/2025 (GreenStar 4 Monitor),R-up/Sharpen,69,5/5/2025,0.995,On,1129.0,121.25,0.00,8.194,11.96,4.709,269.81,19.99,19.92,0,2,120.47,5/5/2025,Good,7.970,0.0021,2.989,0.00078,0.00,0.00,0.00,3.985,0.0010,1.992,0.00052,19.80,0.659,0.00,0.00,23.91,0.0062,0.00,0.00,0.00,0.00,0.00,2.789,0.00,0.00,0.033
-93.77911157,42.02120239,F Fields (F1-F5),TaskName 5/5/2025 (GreenStar 4 Monitor),R-up/Sharpen,70,5/5/2025,1.006,On,1128.9,121.25,0.00,8.232,12.14,4.499,270.21,19.99,19.76,0,2,120.92,5/5/2025,Good,7.906,0.0021,2.965,0.00078,0.00,0.00,0.00,3.953,0.0010,1.976,0.00052,19.64,0.664,0.00,0.00,23.72,0.0063,0.00,0.00,0.00,0.00,0.00,2.767,0.00,0.00,0.034
-93.77915617,42.02120244,F Fields (F1-F5),TaskName 5/5/2025 (GreenStar 4 Monitor),R-up/Sharpen,71,5/5/2025,0.995,On,1128.7,121.25,0.00,8.225,12.02,4.330,270.37,19.99,19.86,0,2,121.03,5/5/2025,Good,7.944,0.0021,2.979,0.00078,0.00,0.00,0.00,3.972,0.0010,1.986,0.00052,19.73,0.660,0.00,0.00,23.83,0.0062,0.00,0.00,0.00,0.00,0.00,2.781,0.00,0.00,0.033
-93.77920101,42.02120267,F Fields (F1-F5),TaskName 5/5/2025 (GreenStar 4 Monitor),R-up/Sharpen,72,5/5/2025,1.004,On,1128.4,121.25,0.00,8.275,12.19,4.326,270.12,19.99,19.94,0,2,121.65,5/5/2025,Good,7.975,0.0021,2.991,0.00079,0.00,0.00,0.00,3.988,0.0011,1.994,0.00053,19.81,0.672,0.00,0.00,23.93,0.0063,0.00,0.00,0.00,0.00,0.00,2.791,0.00,0.00,0.034
-93.77924593,42.02120297,F Fields (F1-F5),TaskName 5/5/2025 (GreenStar 4 Monitor),R-up/Sharpen,73,5/5/2025,0.995,On,1128.2,121.25,0.00,8.311,12.13,4.445,269.63,19.99,20.02,0,2,122.16,5/5/2025,Good,8.007,0.0021,3.003,0.00079,0.00,0.00,0.00,4.004,0.0011,2.002,0.00053,19.89,0.671,0.00,0.00,24.02,0.0063,0.00,0.00,0.00,0.00,0.00,2.802,0.00,0.00,0.034
-93.77929077,42.02120276,F Fields (F1-F5),TaskName 5/5/2025 (GreenStar 4 Monitor),R-up/Sharpen,74,5/5/2025,1.000,On,1128.0,121.25,0.00,8.304,12.18,4.462,269.81,19.99,19.93,0,2,122.07,5/5/2025,Good,7.973,0.0021,2.990,0.00079,0.00,0.00,0.00,3.986,0.0011,1.993,0.00053,19.80,0.671,0.00,0.00,23.92,0.0063,0.00,0.00,0.00,0.00,0.00,2.790,0.00,0.00,0.034
-93.77933541,42.02120251,F Fields (F1-F5),TaskName 5/5/2025 (GreenStar 4 Monitor),R-up/Sharpen,75,5/5/2025,1.000,On,1127.7,121.25,0.00,8.286,12.16,4.524,270.18,19.99,20.00,0,2,121.81,5/5/2025,Good,7.999,0.0021,3.000,0.00079,0.00,0.00,0.00,4.000,0.0011,2.000,0.00053,19.87,0.672,0.00,0.00,24.00,0.0063,0.00,0.00,0.00,0.00,0.00,2.800,0.00,0.00,0.034
-93.77937993,42.02120269,F Fields (F1-F5),TaskName 5/5/2025 (GreenStar 4 Monitor),R-up/Sharpen,76,5/5/2025,1.000,On,1127.5,121.25,0.00,8.249,12.10,4.293,270.02,19.99,19.96,0,2,121.28,5/5/2025,Good,7.985,0.0021,2.994,0.00079,0.00,0.00,0.00,3.992,0.0011,1.996,0.00053,19.83,0.668,0.00,0.00,23.95,0.0063,0.00,0.00,0.00,0.00,0.00,2.795,0.00,0.00,0.034
-93.77942429,42.02120277,F Fields (F1-F5),TaskName 5/5/2025 (GreenStar 4 Monitor),R-up/Sharpen,77,5/5/2025,1.001,On,1127.5,121.25,0.00,8.264,12.12,4.025,269.86,19.99,19.92,0,2,121.36,5/5/2025,Good,7.967,0.0021,2.988,0.00079,0.00,0.00,0.00,3.983,0.0011,1.992,0.00053,19.79,0.668,0.00,0.00,23.90,0.0063,0.00,0.00,0.00,0.00,0.00,2.788,0.00,0.00,0.034
-93.77946889,42.02120264,F Fields (F1-F5),TaskName 5/5/2025 (GreenStar 4 Monitor),R-up/Sharpen,78,5/5/2025,0.999,On,1127.4,121.25,0.00,8.224,12.07,4.056,270.05,19.99,19.93,0,2,121.04,5/5/2025,Good,7.970,0.0021,2.989,0.00078,0.00,0.00,0.00,3.985,0.0010,1.993,0.00052,19.80,0.665,0.00,0.00,23.91,0.0063,0.00,0.00,0.00,0.00,0.00,2.790,0.00,0.00,0.034
-93.77951236,42.02120270,F Fields (F1-F5),TaskName 5/5/2025 (GreenStar 4 Monitor),R-up/Sharpen,79,5/5/2025,1.001,On,1127.5,121.25,0.00,8.167,11.99,3.823,270.03,19.99,19.89,0,2,120.04,5/5/2025,Good,7.956,0.0021,2.984,0.00078,0.00,0.00,0.00,3.978,0.0010,1.989,0.00052,19.76,0.660,0.00,0.00,23.87,0.0062,0.00,0.00,0.00,0.00,0.00,2.785,0.00,0.00,0.033
-93.77955429,42.02120284,F Fields (F1-F5),TaskName 5/5/2025 (GreenStar 4 Monitor),R-up/Sharpen,80,5/5/2025,0.995,On,1127.5,121.25,0.00,7.938,11.57,3.901,269.84,19.99,20.05,0,2,116.49,5/5/2025,Good,8.018,0.0020,3.007,0.00076,0.00,0.00,0.00,4.009,0.0010,2.005,0.00050,19.92,0.641,0.00,0.00,24.05,0.0061,0.00,0.00,0.00,0.00,0.00,2.806,0.00,0.00,0.032
-93.77959281,42.02120270,F Fields (F1-F5),TaskName 5/5/2025 (GreenStar 4 Monitor),R-up/Sharpen,81,5/5/2025,1.004,On,1127.6,121.25,0.00,7.531,11.09,3.191,270.02,19.99,19.97,0,2,110.70,5/5/2025,Good,7.988,0.0019,2.996,0.00072,0.00,0.00,0.00,3.994,0.00096,1.997,0.00048,19.84,0.613,0.00,0.00,23.96,0.0058,0.00,0.00,0.00,0.00,0.00,2.796,0.00,0.00,0.031
-93.77962949,42.02120283,F Fields (F1-F5),TaskName 5/5/2025 (GreenStar 4 Monitor),R-up/Sharpen,82,5/5/2025,1.001,On,1127.5,121.25,0.00,7.006,10.28,3.342,269.97,19.99,20.12,0,2,102.95,5/5/2025,Good,8.046,0.0018,3.017,0.00067,0.00,0.00,0.00,4.023,0.00090,2.012,0.00045,19.98,0.572,0.00,0.00,24.14,0.0054,0.00,0.00,0.00,0.00,0.00,2.816,0.00,0.00,0.029
-93.77965372,42.02120292,F Fields (F1-F5),TaskName 5/5/2025 (GreenStar 4 Monitor),R-up/Sharpen,83,5/5/2025,0.794,On,1127.4,121.25,0.00,6.503,7.563,1.074,269.79,19.99,20.07,0,2,95.45,5/5/2025,Good,8.028,0.0013,3.010,0.00050,0.00,0.00,0.00,4.014,0.00066,2.007,0.00033,19.94,0.420,0.00,0.00,24.08,0.0040,0.00,0.00,0.00,0.00,0.00,2.810,0.00,0.00,0.021
-93.77952959,42.02116670,F Fields (F1-F5),TaskName 5/5/2025 (GreenStar 4 Monitor),R-up/Sharpen,84,5/5/2025,1.005,On,1127.4,26.25,47.50,7.076,10.43,5.056,180.20,19.99,20.83,0,3,22.51,5/5/2025,Good,8.333,0.00041,3.125,0.00015,0.00,0.00,0.00,4.166,0.00020,2.083,0.00010,20.70,0.130,0.00,0.00,25.00,0.0012,0.00,0.00,0.00,0.00,0.00,2.917,0.00,0.00,0.0063
-93.77952961,42.02113732,F Fields (F1-F5),TaskName 5/5/2025 (GreenStar 4 Monitor),R-up/Sharpen,85,5/5/2025,0.995,On,1127.3,26.25,47.50,7.261,10.59,4.906,181.00,19.99,20.77,0,3,23.10,5/5/2025,Good,8.309,0.00041,3.116,0.00016,0.00,0.00,0.00,4.155,0.00021,2.077,0.00010,20.64,0.132,0.00,0.00,24.93,0.0012,0.00,0.00,0.00,0.00,0.00,2.908,0.00,0.00,0.0064
-93.77953095,42.02110767,F Fields (F1-F5),TaskName 5/5/2025 (GreenStar 4 Monitor),R-up/Sharpen,86,5/5/2025,1.005,On,1127.3,26.25,47.50,7.328,10.80,5.655,179.04,19.99,20.34,0,3,23.31,5/5/2025,Good,8.138,0.00041,3.052,0.00016,0.00,0.00,0.00,4.069,0.00021,2.034,0.00010,20.21,0.132,0.00,0.00,24.41,0.0012,0.00,0.00,0.00,0.00,0.00,2.848,0.00,0.00,0.0065
-93.77953072,42.02107674,F Fields (F1-F5),TaskName 5/5/2025 (GreenStar 4 Monitor),R-up/Sharpen,87,5/5/2025,0.996,On,1127.2,26.25,47.50,7.472,10.91,5.999,178.66,19.99,20.28,0,3,23.77,5/5/2025,Good,8.110,0.00042,3.041,0.00016,0.00,0.00,0.00,4.055,0.00021,2.028,0.00010,20.14,0.132,0.00,0.00,24.33,0.0012,0.00,0.00,0.00,0.00,0.00,2.839,0.00,0.00,0.0066
-93.77952921,42.02104486,F Fields (F1-F5),TaskName 5/5/2025 (GreenStar 4 Monitor),R-up/Sharpen,88,5/5/2025,1.004,On,1127.1,26.25,47.50,7.838,11.54,4.733,180.35,19.99,19.68,0,3,24.93,5/5/2025,Good,7.871,0.00043,2.951,0.00016,0.00,0.00,0.00,3.935,0.00021,1.968,0.00011,19.55,0.136,0.00,0.00,23.61,0.0013,0.00,0.00,0.00,0.00,0.00,2.755,0.00,0.00,0.0070
-93.77952943,42.02101255,F Fields (F1-F5),TaskName 5/5/2025 (GreenStar 4 Monitor),R-up/Sharpen,89,5/5/2025,0.996,On,1127.1,121.25,0.00,7.964,11.63,5.586,180.93,19.99,19.28,0,3,117.00,5/5/2025,Good,7.711,0.0020,2.892,0.00073,0.00,0.00,0.00,3.855,0.00098,1.928,0.00049,19.15,0.620,0.00,0.00,23.13,0.0059,0.00,0.00,0.00,0.00,0.00,2.699,0.00,0.00,0.032
-93.77952951,42.02100589,F Fields (F1-F5),TaskName 5/5/2025 (GreenStar 4 Monitor),R-up/Sharpen,90,5/5/2025,0.204,On,1127.1,121.25,0.00,8.022,2.400,5.587,180.89,19.99,19.60,0,3,117.89,5/5/2025,Good,7.838,0.00041,2.939,0.00015,0.00,0.00,0.00,3.919,0.00020,1.960,0.00010,19.47,0.130,0.00,0.00,23.52,0.0012,0.00,0.00,0.00,0.00,0.00,2.743,0.00,0.00,0.0067
-93.77952966,42.02099934,F Fields (F1-F5),TaskName 5/5/2025 (GreenStar 4 Monitor),R-up/Sharpen,91,5/5/2025,0.195,On,1127.1,108.75,-6.250,8.080,2.311,5.746,180.74,19.99,19.62,0,3,106.54,5/5/2025,Good,7.847,0.00035,2.943,0.00013,0.00,0.00,0.00,3.923,0.00018,1.962,8.844e-05,19.49,0.112,0.00,0.00,23.54,0.0011,0.00,0.00,0.00,0.00,0.00,2.746,0.00,0.00,0.0058
-93.77952989,42.02099275,F Fields (F1-F5),TaskName 5/5/2025 (GreenStar 4 Monitor),R-up/Sharpen,92,5/5/2025,0.211,On,1127.0,105.00,-8.125,8.122,2.502,5.673,180.53,19.99,20.02,0,3,102.89,5/5/2025,Good,8.009,0.00038,3.004,0.00014,0.00,0.00,0.00,4.005,0.00019,2.002,9.434e-05,19.89,0.120,0.00,0.00,24.03,0.0011,0.00,0.00,0.00,0.00,0.00,2.803,0.00,0.00,0.0060
-93.77953024,42.02098611,F Fields (F1-F5),TaskName 5/5/2025 (GreenStar 4 Monitor),R-up/Sharpen,93,5/5/2025,0.190,On,1127.0,103.75,-8.750,8.145,2.268,5.297,180.36,19.99,19.95,0,3,102.35,5/5/2025,Good,7.980,0.00034,2.992,0.00013,0.00,0.00,0.00,3.990,0.00017,1.995,8.419e-05,19.82,0.107,0.00,0.00,23.94,0.0010,0.00,0.00,0.00,0.00,0.00,2.793,0.00,0.00,0.0054
-93.77953050,42.02097951,F Fields (F1-F5),TaskName 5/5/2025 (GreenStar 4 Monitor),R-up/Sharpen,94,5/5/2025,0.204,On,1127.1,102.50,-9.375,8.180,2.458,5.151,180.29,19.99,19.99,0,3,102.08,5/5/2025,Good,7.997,0.00036,2.999,0.00014,0.00,0.00,0.00,3.998,0.00018,1.999,9.035e-05,19.86,0.115,0.00,0.00,23.99,0.0011,0.00,0.00,0.00,0.00,0.00,2.799,0.00,0.00,0.0058
-93.77953066,42.02095955,F Fields (F1-F5),TaskName 5/5/2025 (GreenStar 4 Monitor),R-up/Sharpen,95,5/5/2025,0.601,On,1127.1,101.25,-10.000,8.223,7.237,5.072,180.50,19.99,20.06,0,3,100.76,5/5/2025,Good,8.022,0.0011,3.008,0.00040,0.00,0.00,0.00,4.011,0.00053,2.006,0.00026,19.93,0.335,0.00,0.00,24.07,0.0032,0.00,0.00,0.00,0.00,0.00,2.808,0.00,0.00,0.017
-93.77953076,42.02094638,F Fields (F1-F5),TaskName 5/5/2025 (GreenStar 4 Monitor),R-up/Sharpen,96,5/5/2025,0.395,On,1127.1,102.50,-9.375,8.243,4.789,5.474,180.49,19.99,19.91,0,3,102.70,5/5/2025,Good,7.963,0.00070,2.986,0.00026,0.00,0.00,0.00,3.981,0.00035,1.991,0.00018,19.78,0.223,0.00,0.00,23.89,0.0021,0.00,0.00,0.00,0.00,0.00,2.787,0.00,0.00,0.011
-93.77953088,42.02093982,F Fields (F1-F5),TaskName 5/5/2025 (GreenStar 4 Monitor),R-up/Sharpen,97,5/5/2025,0.209,On,1127.1,103.75,-8.750,8.205,2.514,5.832,180.53,19.99,20.01,0,3,103.14,5/5/2025,Good,8.005,0.00037,3.002,0.00014,0.00,0.00,0.00,4.003,0.00019,2.001,9.362e-05,19.88,0.119,0.00,0.00,24.02,0.0011,0.00,0.00,0.00,0.00,0.00,2.802,0.00,0.00,0.0060
-93.77953095,42.02093334,F Fields (F1-F5),TaskName 5/5/2025 (GreenStar 4 Monitor),R-up/Sharpen,98,5/5/2025,0.191,On,1127.1,106.25,-7.500,8.176,2.291,5.832,180.60,19.99,19.86,0,3,105.33,5/5/2025,Good,7.945,0.00035,2.979,0.00013,0.00,0.00,0.00,3.973,0.00017,1.986,8.672e-05,19.73,0.110,0.00,0.00,23.84,0.0010,0.00,0.00,0.00,0.00,0.00,2.781,0.00,0.00,0.0056
-93.77953097,42.02092670,F Fields (F1-F5),TaskName 5/5/2025 (GreenStar 4 Monitor),R-up/Sharpen,99,5/5/2025,0.204,On,1127.1,107.50,-6.875,8.138,2.435,5.402,180.71,19.99,19.82,0,3,106.06,5/5/2025,Good,7.928,0.00037,2.973,0.00014,0.00,0.00,0.00,3.964,0.00019,1.982,9.307e-05,19.69,0.118,0.00,0.00,23.78,0.0011,0.00,0.00,0.00,0.00,0.00,2.775,0.00,0.00,0.0060
-93.77953100,42.02092001,F Fields (F1-F5),TaskName 5/5/2025 (GreenStar 4 Monitor),R-up/Sharpen,100,5/5/2025,0.195,On,1127.1,108.75,-6.250,8.149,2.330,5.633,180.72,19.99,19.88,0,3,107.41,5/5/2025,Good,7.954,0.00036,2.983,0.00014,0.00,0.00,0.00,3.977,0.00018,1.988,9.038e-05,19.76,0.115,0.00,0.00,23.86,0.0011,0.00,0.00,0.00,0.00,0.00,2.784,0.00,0.00,0.0058
-93.77953109,42.02091342,F Fields (F1-F5),TaskName 5/5/2025 (GreenStar 4 Monitor),R-up/Sharpen,101,5/5/2025,0.205,On,1127.1,110.00,-5.625,8.185,2.462,5.422,180.63,19.99,19.84,0,3,109.16,5/5/2025,Good,7.937,0.00039,2.976,0.00014,0.00,0.00,0.00,3.968,0.00019,1.984,9.636e-05,19.71,0.123,0.00,0.00,23.81,0.0012,0.00,0.00,0.00,0.00,0.00,2.778,0.00,0.00,0.0062
-93.77953117,42.02090686,F Fields (F1-F5),TaskName 5/5/2025 (GreenStar 4 Monitor),R-up/Sharpen,102,5/5/2025,0.196,On,1127.2,112.50,-4.375,8.205,2.357,5.422,180.45,19.99,19.96,0,3,111.79,5/5/2025,Good,7.984,0.00038,2.994,0.00014,0.00,0.00,0.00,3.992,0.00019,1.996,9.491e-05,19.83,0.121,0.00,0.00,23.95,0.0011,0.00,0.00,0.00,0.00,0.00,2.794,0.00,0.00,0.0061
-93.77953140,42.02090012,F Fields (F1-F5),TaskName 5/5/2025 (GreenStar 4 Monitor),R-up/Sharpen,103,5/5/2025,0.199,On,1127.2,115.00,-3.125,8.201,2.393,5.099,180.14,19.99,19.86,0,3,114.27,5/5/2025,Good,7.945,0.00039,2.979,0.00015,0.00,0.00,0.00,3.973,0.00020,1.986,9.803e-05,19.73,0.125,0.00,0.00,23.84,0.0012,0.00,0.00,0.00,0.00,0.00,2.781,0.00,0.00,0.0063
-93.77953158,42.02089353,F Fields (F1-F5),TaskName 5/5/2025 (GreenStar 4 Monitor),R-up/Sharpen,104,5/5/2025,0.211,On,1127.2,117.50,-1.875,8.232,2.534,5.627,179.82,19.99,19.83,0,3,116.61,5/5/2025,Good,7.933,0.00042,2.975,0.00016,0.00,0.00,0.00,3.966,0.00021,1.983,0.00011,19.70,0.135,0.00,0.00,23.80,0.0013,0.00,0.00,0.00,0.00,0.00,2.776,0.00,0.00,0.0068
-93.77953201,42.02088705,F Fields (F1-F5),TaskName 5/5/2025 (GreenStar 4 Monitor),R-up/Sharpen,105,5/5/2025,0.189,On,1127.2,120.00,-0.625,8.245,2.298,5.660,179.48,19.99,19.70,0,3,120.56,5/5/2025,Good,7.881,0.00039,2.955,0.00015,0.00,0.00,0.00,3.941,0.00019,1.970,9.743e-05,19.57,0.124,0.00,0.00,23.64,0.0012,0.00,0.00,0.00,0.00,0.00,2.758,0.00,0.00,0.0063
-93.77953192,42.02085395,F Fields (F1-F5),TaskName 5/5/2025 (GreenStar 4 Monitor),R-up/Sharpen,106,5/5/2025,1.000,On,1127.2,121.25,0.00,8.197,12.02,5.204,179.23,19.99,19.84,0,3,120.44,5/5/2025,Good,7.934,0.0021,2.975,0.00078,0.00,0.00,0.00,3.967,0.0010,1.984,0.00052,19.71,0.659,0.00,0.00,23.80,0.0062,0.00,0.00,0.00,0.00,0.00,2.777,0.00,0.00,0.033
-93.77953115,42.02082079,F Fields (F1-F5),TaskName 5/5/2025 (GreenStar 4 Monitor),R-up/Sharpen,107,5/5/2025,1.000,On,1127.1,121.25,0.00,8.252,12.10,5.050,180.14,19.99,19.90,0,3,121.23,5/5/2025,Good,7.960,0.0021,2.985,0.00079,0.00,0.00,0.00,3.980,0.0010,1.990,0.00052,19.77,0.666,0.00,0.00,23.88,0.0063,0.00,0.00,0.00,0.00,0.00,2.786,0.00,0.00,0.034
-93.77953131,42.02078760,F Fields (F1-F5),TaskName 5/5/2025 (GreenStar 4 Monitor),R-up/Sharpen,108,5/5/2025,1.000,On,1127.1,121.25,0.00,8.229,12.07,5.123,180.75,19.99,19.98,0,3,120.93,5/5/2025,Good,7.994,0.0021,2.998,0.00079,0.00,0.00,0.00,3.997,0.0010,1.998,0.00052,19.85,0.667,0.00,0.00,23.98,0.0063,0.00,0.00,0.00,0.00,0.00,2.798,0.00,0.00,0.034
-93.77953191,42.02075462,F Fields (F1-F5),TaskName 5/5/2025 (GreenStar 4 Monitor),R-up/Sharpen,109,5/5/2025,1.000,On,1127.1,121.25,0.00,8.201,12.03,5.422,180.96,19.99,19.94,0,3,120.54,5/5/2025,Good,7.976,0.0021,2.991,0.00078,0.00,0.00,0.00,3.988,0.0010,1.994,0.00052,19.81,0.663,0.00,0.00,23.93,0.0063,0.00,0.00,0.00,0.00,0.00,2.792,0.00,0.00,0.033
-93.77953308,42.02072198,F Fields (F1-F5),TaskName 5/5/2025 (GreenStar 4 Monitor),R-up/Sharpen,110,5/5/2025,1.000,On,1127.0,121.25,0.00,8.165,11.97,5.776,180.34,19.99,19.97,0,3,119.98,5/5/2025,Good,7.987,0.0021,2.995,0.00078,0.00,0.00,0.00,3.993,0.0010,1.997,0.00052,19.84,0.661,0.00,0.00,23.96,0.0062,0.00,0.00,0.00,0.00,0.00,2.795,0.00,0.00,0.033
-93.77953371,42.02068894,F Fields (F1-F5),TaskName 5/5/2025 (GreenStar 4 Monitor),R-up/Sharpen,111,5/5/2025,0.995,On,1127.1,121.25,0.00,8.174,11.93,5.509,179.94,19.99,19.98,0,3,120.12,5/5/2025,Good,7.993,0.0021,2.997,0.00078,0.00,0.00,0.00,3.997,0.0010,1.998,0.00052,19.85,0.659,0.00,0.00,23.98,0.0062,0.00,0.00,0.00,0.00,0.00,2.798,0.00,0.00,0.033
-93.77953348,42.02065601,F Fields (F1-F5),TaskName 5/5/2025 (GreenStar 4 Monitor),R-up/Sharpen,112,5/5/2025,1.006,On,1127.1,121.25,0.00,8.220,12.11,5.516,180.60,19.99,19.98,0,3,120.67,5/5/2025,Good,7.992,0.0021,2.997,0.00079,0.00,0.00,0.00,3.996,0.0011,1.998,0.00053,19.85,0.669,0.00,0.00,23.98,0.0063,0.00,0.00,0.00,0.00,0.00,2.797,0.00,0.00,0.034
-93.77953395,42.02062318,F Fields (F1-F5),TaskName 5/5/2025 (GreenStar 4 Monitor),R-up/Sharpen,113,5/5/2025,1.000,On,1127.4,121.25,0.00,8.144,11.94,5.341,181.26,19.99,19.96,0,3,119.69,5/5/2025,Good,7.982,0.0021,2.993,0.00078,0.00,0.00,0.00,3.991,0.0010,1.996,0.00052,19.83,0.659,0.00,0.00,23.95,0.0062,0.00,0.00,0.00,0.00,0.00,2.794,0.00,0.00,0.033
-93.77953525,42.02059076,F Fields (F1-F5),TaskName 5/5/2025 (GreenStar 4 Monitor),R-up/Sharpen,114,5/5/2025,0.999,On,1127.5,121.25,0.00,8.128,11.92,6.176,181.11,19.99,19.77,0,3,119.57,5/5/2025,Good,7.907,0.0020,2.965,0.00077,0.00,0.00,0.00,3.953,0.0010,1.977,0.00051,19.64,0.652,0.00,0.00,23.72,0.0061,0.00,0.00,0.00,0.00,0.00,2.767,0.00,0.00,0.033
-93.77953618,42.02055795,F Fields (F1-F5),TaskName 5/5/2025 (GreenStar 4 Monitor),R-up/Sharpen,115,5/5/2025,0.995,On,1127.4,121.25,0.00,8.089,11.80,6.144,181.32,19.99,19.94,0,3,118.83,5/5/2025,Good,7.977,0.0020,2.991,0.00077,0.00,0.00,0.00,3.988,0.0010,1.994,0.00051,19.81,0.651,0.00,0.00,23.93,0.0061,0.00,0.00,0.00,0.00,0.00,2.792,0.00,0.00,0.033
-93.77953711,42.02052426,F Fields (F1-F5),TaskName 5/5/2025 (GreenStar 4 Monitor),R-up/Sharpen,116,5/5/2025,1.005,On,1127.2,121.25,0.00,8.263,12.18,4.349,181.70,19.99,19.81,0,3,121.41,5/5/2025,Good,7.924,0.0021,2.971,0.00079,0.00,0.00,0.00,3.962,0.0010,1.981,0.00052,19.68,0.667,0.00,0.00,23.77,0.0063,0.00,0.00,0.00,0.00,0.00,2.773,0.00,0.00,0.034
-93.77953837,42.02049057,F Fields (F1-F5),TaskName 5/5/2025 (GreenStar 4 Monitor),R-up/Sharpen,117,5/5/2025,1.001,On,1127.0,121.25,0.00,8.360,12.27,3.806,181.92,19.99,19.70,0,3,122.85,5/5/2025,Good,7.881,0.0021,2.955,0.00079,0.00,0.00,0.00,3.940,0.0011,1.970,0.00053,19.57,0.669,0.00,0.00,23.64,0.0063,0.00,0.00,0.00,0.00,0.00,2.758,0.00,0.00,0.034
-93.77954022,42.02045736,F Fields (F1-F5),TaskName 5/5/2025 (GreenStar 4 Monitor),R-up/Sharpen,118,5/5/2025,1.000,On,1126.9,121.25,0.00,8.328,12.21,4.722,181.68,19.99,19.86,0,3,122.38,5/5/2025,Good,7.945,0.0021,2.979,0.00079,0.00,0.00,0.00,3.973,0.0011,1.986,0.00053,19.73,0.671,0.00,0.00,23.84,0.0063,0.00,0.00,0.00,0.00,0.00,2.781,0.00,0.00,0.034
-93.77954159,42.02042429,F Fields (F1-F5),TaskName 5/5/2025 (GreenStar 4 Monitor),R-up/Sharpen,119,5/5/2025,0.999,On,1126.9,121.25,0.00,8.215,12.04,5.502,181.97,19.99,20.02,0,3,120.73,5/5/2025,Good,8.009,0.0021,3.003,0.00079,0.00,0.00,0.00,4.005,0.0010,2.002,0.00052,19.89,0.666,0.00,0.00,24.03,0.0063,0.00,0.00,0.00,0.00,0.00,2.803,0.00,0.00,0.034
-93.77954325,42.02039130,F Fields (F1-F5),TaskName 5/5/2025 (GreenStar 4 Monitor),R-up/Sharpen,120,5/5/2025,1.000,On,1126.8,121.25,0.00,8.212,12.04,5.438,182.49,19.99,20.01,0,3,120.64,5/5/2025,Good,8.003,0.0021,3.001,0.00079,0.00,0.00,0.00,4.002,0.0010,2.001,0.00052,19.88,0.666,0.00,0.00,24.01,0.0063,0.00,0.00,0.00,0.00,0.00,2.801,0.00,0.00,0.034
-93.77954524,42.02035841,F Fields (F1-F5),TaskName 5/5/2025 (GreenStar 4 Monitor),R-up/Sharpen,121,5/5/2025,0.996,On,1126.7,121.25,0.00,8.253,12.06,4.783,182.98,19.99,19.95,0,3,121.29,5/5/2025,Good,7.979,0.0021,2.992,0.00078,0.00,0.00,0.00,3.989,0.0010,1.995,0.00052,19.82,0.665,0.00,0.00,23.94,0.0063,0.00,0.00,0.00,0.00,0.00,2.793,0.00,0.00,0.034
-93.77954715,42.02032765,F Fields (F1-F5),TaskName 5/5/2025 (GreenStar 4 Monitor),R-up/Sharpen,122,5/5/2025,1.004,On,1126.7,121.25,0.00,8.022,11.81,3.235,182.66,19.99,19.83,0,3,117.83,5/5/2025,Good,7.933,0.0020,2.975,0.00076,0.00,0.00,0.00,3.967,0.0010,1.983,0.00051,19.70,0.648,0.00,0.00,23.80,0.0061,0.00,0.00,0.00,0.00,0.00,2.777,0.00,0.00,0.033
-93.77954968,42.02029922,F Fields (F1-F5),TaskName 5/5/2025 (GreenStar 4 Monitor),R-up/Sharpen,123,5/5/2025,1.001,On,1126.6,121.25,0.00,7.355,10.79,5.043,178.14,19.99,20.10,0,3,108.04,5/5/2025,Good,8.040,0.0019,3.015,0.00071,0.00,0.00,0.00,4.020,0.00094,2.010,0.00047,19.97,0.600,0.00,0.00,24.12,0.0057,0.00,0.00,0.00,0.00,0.00,2.814,0.00,0.00,0.030
-93.77955048,42.02028349,F Fields (F1-F5),TaskName 5/5/2025 (GreenStar 4 Monitor),R-up/Sharpen,124,5/5/2025,0.594,On,1126.5,121.25,0.00,7.055,6.145,2.570,172.75,19.99,19.52,0,3,103.66,5/5/2025,Good,7.807,0.0010,2.928,0.00039,0.00,0.00,0.00,3.903,0.00052,1.952,0.00026,19.39,0.332,0.00,0.00,23.42,0.0031,0.00,0.00,0.00,0.00,0.00,2.732,0.00,0.00,0.017
-93.77955071,42.02027872,F Fields (F1-F5),TaskName 5/5/2025 (GreenStar 4 Monitor),R-up/Sharpen,125,5/5/2025,0.211,On,1126.5,113.75,3.750,6.796,2.104,3.025,170.53,19.99,18.90,0,3,93.74,5/5/2025,Good,7.560,0.00032,2.835,0.00012,0.00,0.00,0.00,3.780,0.00016,1.890,8.113e-05,18.78,0.103,0.00,0.00,22.68,0.00097,0.00,0.00,0.00,0.00,0.00,2.646,0.00,0.00,0.0055
-93.77955089,42.02027407,F Fields (F1-F5),TaskName 5/5/2025 (GreenStar 4 Monitor),R-up/Sharpen,126,5/5/2025,0.189,On,1126.4,110.00,5.625,6.588,1.825,3.243,168.25,19.99,19.25,0,3,87.79,5/5/2025,Good,7.702,0.00028,2.888,0.00010,0.00,0.00,0.00,3.851,0.00014,1.925,6.933e-05,19.13,0.088,0.00,0.00,23.10,0.00083,0.00,0.00,0.00,0.00,0.00,2.696,0.00,0.00,0.0046
-93.77955092,42.02026962,F Fields (F1-F5),TaskName 5/5/2025 (GreenStar 4 Monitor),R-up/Sharpen,127,5/5/2025,0.206,On,1126.4,106.25,7.500,6.364,1.924,3.038,165.93,19.99,19.55,0,3,81.99,5/5/2025,Good,7.821,0.00029,2.933,0.00011,0.00,0.00,0.00,3.911,0.00014,1.955,7.167e-05,19.43,0.091,0.00,0.00,23.46,0.00086,0.00,0.00,0.00,0.00,0.00,2.737,0.00,0.00,0.0047
-93.77955084,42.02026532,F Fields (F1-F5),TaskName 5/5/2025 (GreenStar 4 Monitor),R-up/Sharpen,128,5/5/2025,0.195,On,1126.4,103.75,8.750,6.140,1.756,3.038,163.57,19.99,19.63,0,3,77.22,5/5/2025,Good,7.851,0.00026,2.944,9.621e-05,0.00,0.00,0.00,3.926,0.00013,1.963,6.414e-05,19.50,0.082,0.00,0.00,23.55,0.00077,0.00,0.00,0.00,0.00,0.00,2.748,0.00,0.00,0.0042
-93.77976572,42.02025019,F Fields (F1-F5),TaskName 5/5/2025 (GreenStar 4 Monitor),R-up/Sharpen,129,5/5/2025,0.205,On,1127.5,121.25,0.00,1.467,0.441,9.266,81.96,19.99,26.28,0,4,21.55,5/5/2025,Over Target,10.51,0.00010,3.942,3.778e-05,0.00,0.00,0.00,5.256,5.038e-05,2.628,2.519e-05,26.11,0.032,0.00,0.00,31.53,0.00030,0.00,0.00,0.00,0.00,0.00,3.679,0.00,0.00,0.0012
-93.77976128,42.02024999,F Fields (F1-F5),TaskName 5/5/2025 (GreenStar 4 Monitor),R-up/Sharpen,130,5/5/2025,0.200,On,1127.5,92.50,0.388,2.033,0.595,8.136,80.05,19.99,26.82,0,4,22.74,5/5/2025,Over Target,10.73,0.00011,4.023,3.972e-05,0.00,0.00,0.00,5.365,5.295e-05,2.682,2.648e-05,26.65,0.034,0.00,0.00,32.19,0.00032,0.00,0.00,0.00,0.00,0.00,3.755,0.00,0.00,0.0013
-93.77975626,42.02024972,F Fields (F1-F5),TaskName 5/5/2025 (GreenStar 4 Monitor),R-up/Sharpen,131,5/5/2025,0.205,On,1127.5,88.75,1.144,2.640,0.792,7.199,77.76,19.99,25.14,0,4,28.33,5/5/2025,Over Target,10.06,0.00013,3.772,4.754e-05,0.00,0.00,0.00,5.029,6.339e-05,2.514,3.169e-05,24.98,0.040,0.00,0.00,30.17,0.00038,0.00,0.00,0.00,0.00,0.00,3.520,0.00,0.00,0.0016
-93.77975076,42.02024939,F Fields (F1-F5),TaskName 5/5/2025 (GreenStar 4 Monitor),R-up/Sharpen,132,5/5/2025,0.196,On,1127.5,85.00,2.206,3.277,0.936,6.168,75.33,19.99,23.18,0,4,33.55,5/5/2025,Over Target,9.271,0.00013,3.477,4.962e-05,0.00,0.00,0.00,4.635,6.616e-05,2.318,3.308e-05,23.03,0.042,0.00,0.00,27.81,0.00040,0.00,0.00,0.00,0.00,0.00,3.245,0.00,0.00,0.0018
-93.77974497,42.02024945,F Fields (F1-F5),TaskName 5/5/2025 (GreenStar 4 Monitor),R-up/Sharpen,133,5/5/2025,0.200,On,1127.5,82.50,3.087,3.890,1.146,6.208,73.00,19.99,22.04,0,4,39.07,5/5/2025,Good,8.818,0.00015,3.307,5.608e-05,0.00,0.00,0.00,4.409,7.477e-05,2.204,3.739e-05,21.90,0.048,0.00,0.00,26.45,0.00045,0.00,0.00,0.00,0.00,0.00,3.086,0.00,0.00,0.0022
-93.77973319,42.02025009,F Fields (F1-F5),TaskName 5/5/2025 (GreenStar 4 Monitor),R-up/Sharpen,134,5/5/2025,0.400,On,1127.4,81.25,4.057,4.638,2.716,5.694,68.89,19.99,21.70,0,4,45.59,5/5/2025,Good,8.681,0.00034,3.256,0.00013,0.00,0.00,0.00,4.341,0.00017,2.170,8.589e-05,21.56,0.109,0.00,0.00,26.04,0.0010,0.00,0.00,0.00,0.00,0.00,3.039,0.00,0.00,0.0051
-93.77972724,42.02025105,F Fields (F1-F5),TaskName 5/5/2025 (GreenStar 4 Monitor),R-up/Sharpen,135,5/5/2025,0.204,On,1127.4,75.00,7.937,5.102,1.527,5.706,67.31,19.99,21.65,0,4,46.39,5/5/2025,Good,8.659,0.00018,3.247,6.669e-05,0.00,0.00,0.00,4.330,8.892e-05,2.165,4.446e-05,21.51,0.057,0.00,0.00,25.98,0.00053,0.00,0.00,0.00,0.00,0.00,3.031,0.00,0.00,0.0026
-93.77972081,42.02025222,F Fields (F1-F5),TaskName 5/5/2025 (GreenStar 4 Monitor),R-up/Sharpen,136,5/5/2025,0.195,On,1127.4,63.75,17.92,5.313,1.520,5.686,65.62,19.99,22.16,0,4,41.07,5/5/2025,Good,8.865,0.00015,3.324,5.778e-05,0.00,0.00,0.00,4.432,7.704e-05,2.216,3.852e-05,22.02,0.049,0.00,0.00,26.59,0.00046,0.00,0.00,0.00,0.00,0.00,3.103,0.00,0.00,0.0022
-93.77970244,42.02025739,F Fields (F1-F5),TaskName 5/5/2025 (GreenStar 4 Monitor),R-up/Sharpen,137,5/5/2025,0.601,On,1127.3,60.00,21.25,5.744,5.049,5.208,62.25,19.99,21.12,0,4,41.66,5/5/2025,Good,8.448,0.00046,3.168,0.00017,0.00,0.00,0.00,4.224,0.00023,2.112,0.00011,20.98,0.146,0.00,0.00,25.34,0.0014,0.00,0.00,0.00,0.00,0.00,2.957,0.00,0.00,0.0070
-93.77969654,42.02025954,F Fields (F1-F5),TaskName 5/5/2025 (GreenStar 4 Monitor),R-up/Sharpen,138,5/5/2025,0.210,On,1127.2,61.25,19.28,5.991,1.855,5.600,61.36,19.99,19.68,0,4,44.71,5/5/2025,Good,7.873,0.00016,2.952,6.015e-05,0.00,0.00,0.00,3.936,8.021e-05,1.968,4.010e-05,19.55,0.051,0.00,0.00,23.62,0.00048,0.00,0.00,0.00,0.00,0.00,2.755,0.00,0.00,0.0026
-93.77968393,42.02026373,F Fields (F1-F5),TaskName 5/5/2025 (GreenStar 4 Monitor),R-up/Sharpen,139,5/5/2025,0.389,On,1127.1,63.75,14.09,6.077,3.467,6.505,59.16,19.99,19.15,0,4,46.96,5/5/2025,Good,7.660,0.00030,2.872,0.00011,0.00,0.00,0.00,3.830,0.00015,1.915,7.591e-05,19.03,0.097,0.00,0.00,22.98,0.00091,0.00,0.00,0.00,0.00,0.00,2.681,0.00,0.00,0.0051
-93.77967736,42.02026609,F Fields (F1-F5),TaskName 5/5/2025 (GreenStar 4 Monitor),R-up/Sharpen,140,5/5/2025,0.201,On,1127.1,62.50,15.27,6.223,1.825,6.466,57.99,19.99,19.29,0,4,46.91,5/5/2025,Good,7.714,0.00016,2.893,5.919e-05,0.00,0.00,0.00,3.857,7.892e-05,1.929,3.946e-05,19.16,0.050,0.00,0.00,23.14,0.00047,0.00,0.00,0.00,0.00,0.00,2.700,0.00,0.00,0.0026
-93.77967073,42.02026859,F Fields (F1-F5),TaskName 5/5/2025 (GreenStar 4 Monitor),R-up/Sharpen,141,5/5/2025,0.200,On,1127.1,61.25,16.53,6.391,1.884,6.254,56.80,19.99,19.25,0,4,47.69,5/5/2025,Good,7.702,0.00016,2.888,5.978e-05,0.00,0.00,0.00,3.851,7.971e-05,1.925,3.986e-05,19.13,0.051,0.00,0.00,23.10,0.00048,0.00,0.00,0.00,0.00,0.00,2.696,0.00,0.00,0.0026
-93.77966402,42.02027125,F Fields (F1-F5),TaskName 5/5/2025 (GreenStar 4 Monitor),R-up/Sharpen,142,5/5/2025,0.204,On,1127.0,57.50,19.40,6.570,1.966,6.076,55.52,19.99,19.23,0,4,45.81,5/5/2025,Good,7.693,0.00016,2.885,5.850e-05,0.00,0.00,0.00,3.847,7.800e-05,1.923,3.900e-05,19.11,0.050,0.00,0.00,23.08,0.00047,0.00,0.00,0.00,0.00,0.00,2.693,0.00,0.00,0.0026
-93.77965725,42.02027397,F Fields (F1-F5),TaskName 5/5/2025 (GreenStar 4 Monitor),R-up/Sharpen,143,5/5/2025,0.196,On,1126.9,56.25,20.94,6.740,1.937,5.964,54.11,19.99,19.07,0,4,45.94,5/5/2025,Good,7.629,0.00015,2.861,5.590e-05,0.00,0.00,0.00,3.814,7.453e-05,1.907,3.727e-05,18.95,0.047,0.00,0.00,22.89,0.00045,0.00,0.00,0.00,0.00,0.00,2.670,0.00,0.00,0.0025
-93.77965035,42.02027690,F Fields (F1-F5),TaskName 5/5/2025 (GreenStar 4 Monitor),R-up/Sharpen,144,5/5/2025,0.199,On,1126.9,55.00,22.58,6.892,2.012,5.363,52.74,19.99,18.99,0,4,45.96,5/5/2025,Good,7.595,0.00015,2.848,5.653e-05,0.00,0.00,0.00,3.797,7.538e-05,1.899,3.769e-05,18.86,0.048,0.00,0.00,22.78,0.00045,0.00,0.00,0.00,0.00,0.00,2.658,0.00,0.00,0.0025
-93.77964358,42.02028000,F Fields (F1-F5),TaskName 5/5/2025 (GreenStar 4 Monitor),R-up/Sharpen,145,5/5/2025,0.200,On,1126.9,52.50,24.55,7.046,2.068,5.191,51.50,19.99,19.22,0,4,44.87,5/5/2025,Good,7.689,0.00015,2.883,5.615e-05,0.00,0.00,0.00,3.844,7.486e-05,1.922,3.743e-05,19.10,0.048,0.00,0.00,23.07,0.00045,0.00,0.00,0.00,0.00,0.00,2.691,0.00,0.00,0.0025
-93.77963692,42.02028329,F Fields (F1-F5),TaskName 5/5/2025 (GreenStar 4 Monitor),R-up/Sharpen,146,5/5/2025,0.200,On,1126.8,51.25,26.46,7.174,2.104,4.782,50.42,19.99,19.44,0,4,44.56,5/5/2025,Good,7.774,0.00015,2.915,5.639e-05,0.00,0.00,0.00,3.887,7.518e-05,1.944,3.759e-05,19.31,0.048,0.00,0.00,23.32,0.00045,0.00,0.00,0.00,0.00,0.00,2.721,0.00,0.00,0.0025
-93.77963020,42.02028663,F Fields (F1-F5),TaskName 5/5/2025 (GreenStar 4 Monitor),R-up/Sharpen,147,5/5/2025,0.205,On,1126.8,48.75,28.81,7.266,2.183,4.583,49.38,19.99,19.76,0,4,42.90,5/5/2025,Good,7.903,0.00015,2.963,5.656e-05,0.00,0.00,0.00,3.951,7.541e-05,1.976,3.771e-05,19.63,0.048,0.00,0.00,23.71,0.00045,0.00,0.00,0.00,0.00,0.00,2.766,0.00,0.00,0.0024
-93.77962348,42.02029024,F Fields (F1-F5),TaskName 5/5/2025 (GreenStar 4 Monitor),R-up/Sharpen,148,5/5/2025,0.196,On,1126.8,43.75,33.14,7.339,2.098,4.418,48.48,19.99,19.66,0,4,38.70,5/5/2025,Good,7.864,0.00013,2.949,4.854e-05,0.00,0.00,0.00,3.932,6.472e-05,1.966,3.236e-05,19.53,0.041,0.00,0.00,23.59,0.00039,0.00,0.00,0.00,0.00,0.00,2.752,0.00,0.00,0.0021
-93.77961702,42.02029388,F Fields (F1-F5),TaskName 5/5/2025 (GreenStar 4 Monitor),R-up/Sharpen,149,5/5/2025,0.200,On,1126.7,42.50,35.84,7.424,2.176,4.616,47.76,19.99,19.90,0,4,38.22,5/5/2025,Good,7.958,0.00013,2.984,4.951e-05,0.00,0.00,0.00,3.979,6.601e-05,1.990,3.300e-05,19.77,0.042,0.00,0.00,23.87,0.00040,0.00,0.00,0.00,0.00,0.00,2.785,0.00,0.00,0.0021
-93.77961077,42.02029769,F Fields (F1-F5),TaskName 5/5/2025 (GreenStar 4 Monitor),R-up/Sharpen,150,5/5/2025,0.199,On,1126.7,40.00,39.37,7.474,2.193,4.874,47.10,19.99,19.95,0,4,36.43,5/5/2025,Good,7.980,0.00013,2.992,4.707e-05,0.00,0.00,0.00,3.990,6.276e-05,1.995,3.138e-05,19.82,0.040,0.00,0.00,23.94,0.00038,0.00,0.00,0.00,0.00,0.00,2.793,0.00,0.00,0.0020
-93.77960451,42.02030149,F Fields (F1-F5),TaskName 5/5/2025 (GreenStar 4 Monitor),R-up/Sharpen,151,5/5/2025,0.200,On,1126.7,38.75,40.00,7.485,2.196,5.429,46.48,19.99,20.03,0,4,35.16,5/5/2025,Good,8.014,0.00012,3.005,4.587e-05,0.00,0.00,0.00,4.007,6.115e-05,2.003,3.058e-05,19.90,0.039,0.00,0.00,24.04,0.00037,0.00,0.00,0.00,0.00,0.00,2.805,0.00,0.00,0.0020
-93.77959220,42.02030966,F Fields (F1-F5),TaskName 5/5/2025 (GreenStar 4 Monitor),R-up/Sharpen,152,5/5/2025,0.401,On,1126.7,37.50,40.62,7.483,4.399,5.857,45.57,19.99,19.86,0,4,34.00,5/5/2025,Good,7.943,0.00023,2.979,8.812e-05,0.00,0.00,0.00,3.971,0.00012,1.986,5.874e-05,19.73,0.075,0.00,0.00,23.83,0.00070,0.00,0.00,0.00,0.00,0.00,2.780,0.00,0.00,0.0038
-93.77958601,42.02031393,F Fields (F1-F5),TaskName 5/5/2025 (GreenStar 4 Monitor),R-up/Sharpen,153,5/5/2025,0.195,On,1126.7,36.25,41.25,7.532,2.153,5.759,45.15,19.99,19.98,0,4,33.08,5/5/2025,Good,7.992,0.00011,2.997,4.196e-05,0.00,0.00,0.00,3.996,5.595e-05,1.998,2.797e-05,19.85,0.036,0.00,0.00,23.98,0.00034,0.00,0.00,0.00,0.00,0.00,2.797,0.00,0.00,0.0018
-93.77957978,42.02031821,F Fields (F1-F5),TaskName 5/5/2025 (GreenStar 4 Monitor),R-up/Sharpen,154,5/5/2025,0.205,On,1126.6,35.00,41.87,7.617,2.291,5.620,44.72,19.99,20.15,0,4,32.33,5/5/2025,Good,8.061,0.00012,3.023,4.348e-05,0.00,0.00,0.00,4.030,5.797e-05,2.015,2.898e-05,20.02,0.037,0.00,0.00,24.18,0.00035,0.00,0.00,0.00,0.00,0.00,2.821,0.00,0.00,0.0018
-93.77957355,42.02032249,F Fields (F1-F5),TaskName 5/5/2025 (GreenStar 4 Monitor),R-up/Sharpen,155,5/5/2025,0.200,On,1126.6,33.75,42.50,7.702,2.258,5.323,44.23,19.99,20.01,0,4,31.50,5/5/2025,Good,8.005,0.00011,3.002,4.104e-05,0.00,0.00,0.00,4.003,5.472e-05,2.001,2.736e-05,19.88,0.035,0.00,0.00,24.02,0.00033,0.00,0.00,0.00,0.00,0.00,2.802,0.00,0.00,0.0017
-93.77956714,42.02032683,F Fields (F1-F5),TaskName 5/5/2025 (GreenStar 4 Monitor),R-up/Sharpen,156,5/5/2025,0.204,On,1126.6,32.50,43.12,7.762,2.321,4.643,43.78,19.99,19.86,0,4,30.56,5/5/2025,Good,7.945,0.00011,2.979,4.030e-05,0.00,0.00,0.00,3.973,5.374e-05,1.986,2.687e-05,19.73,0.034,0.00,0.00,23.84,0.00032,0.00,0.00,0.00,0.00,0.00,2.781,0.00,0.00,0.0017
-93.77955477,42.02033588,F Fields (F1-F5),TaskName 5/5/2025 (GreenStar 4 Monitor),R-up/Sharpen,157,5/5/2025,0.396,On,1126.6,31.25,45.00,7.869,4.569,4.737,43.54,19.99,19.89,0,4,29.80,5/5/2025,Good,7.958,0.00020,2.984,7.642e-05,0.00,0.00,0.00,3.979,0.00010,1.989,5.095e-05,19.77,0.065,0.00,0.00,23.87,0.00061,0.00,0.00,0.00,0.00,0.00,2.785,0.00,0.00,0.0033
-93.77954861,42.02034057,F Fields (F1-F5),TaskName 5/5/2025 (GreenStar 4 Monitor),R-up/Sharpen,158,5/5/2025,0.199,On,1126.6,30.00,45.62,7.975,2.327,5.032,43.51,19.99,19.84,0,4,29.00,5/5/2025,Good,7.937,9.938e-05,2.976,3.727e-05,0.00,0.00,0.00,3.968,4.969e-05,1.984,2.485e-05,19.71,0.032,0.00,0.00,23.81,0.00030,0.00,0.00,0.00,0.00,0.00,2.778,0.00,0.00,0.0016
-93.77954246,42.02034523,F Fields (F1-F5),TaskName 5/5/2025 (GreenStar 4 Monitor),R-up/Sharpen,159,5/5/2025,0.200,On,1126.5,28.75,46.25,8.031,2.357,5.561,43.57,19.99,19.85,0,4,28.00,5/5/2025,Good,7.941,9.650e-05,2.978,3.619e-05,0.00,0.00,0.00,3.971,4.825e-05,1.985,2.413e-05,19.72,0.031,0.00,0.00,23.82,0.00029,0.00,0.00,0.00,0.00,0.00,2.779,0.00,0.00,0.0016
-93.77953614,42.02034999,F Fields (F1-F5),TaskName 5/5/2025 (GreenStar 4 Monitor),R-up/Sharpen,160,5/5/2025,0.205,On,1126.5,27.50,46.87,8.071,2.426,5.865,43.76,19.99,20.06,0,4,26.89,5/5/2025,Good,8.022,9.598e-05,3.008,3.599e-05,0.00,0.00,0.00,4.011,4.799e-05,2.006,2.399e-05,19.93,0.031,0.00,0.00,24.07,0.00029,0.00,0.00,0.00,0.00,0.00,2.808,0.00,0.00,0.0015
-93.77953029,42.02035498,F Fields (F1-F5),TaskName 5/5/2025 (GreenStar 4 Monitor),R-up/Sharpen,161,5/5/2025,0.191,On,1126.5,26.25,47.50,8.134,2.278,5.653,44.15,19.99,20.08,0,4,25.87,5/5/2025,Good,8.031,8.613e-05,3.012,3.230e-05,0.00,0.00,0.00,4.015,4.307e-05,2.008,2.153e-05,19.95,0.027,0.00,0.00,24.09,0.00026,0.00,0.00,0.00,0.00,0.00,2.811,0.00,0.00,0.0014
-93.77952404,42.02035977,F Fields (F1-F5),TaskName 5/5/2025 (GreenStar 4 Monitor),R-up/Sharpen,162,5/5/2025,0.204,On,1126.5,25.00,48.12,8.187,2.449,5.336,44.40,19.99,20.07,0,4,24.80,5/5/2025,Good,8.027,8.813e-05,3.010,3.305e-05,0.00,0.00,0.00,4.013,4.406e-05,2.007,2.203e-05,19.94,0.028,0.00,0.00,24.08,0.00026,0.00,0.00,0.00,0.00,0.00,2.809,0.00,0.00,0.0014
-93.77951792,42.02036460,F Fields (F1-F5),TaskName 5/5/2025 (GreenStar 4 Monitor),R-up/Sharpen,163,5/5/2025,0.200,On,1126.5,23.75,48.75,8.227,2.413,5.383,44.64,19.99,20.23,0,4,23.68,5/5/2025,Good,8.091,8.315e-05,3.034,3.118e-05,0.00,0.00,0.00,4.045,4.157e-05,2.023,2.079e-05,20.10,0.026,0.00,0.00,24.27,0.00025,0.00,0.00,0.00,0.00,0.00,2.832,0.00,0.00,0.0013
-93.77951173,42.02036934,F Fields (F1-F5),TaskName 5/5/2025 (GreenStar 4 Monitor),R-up/Sharpen,164,5/5/2025,0.200,On,1126.4,22.50,49.37,8.245,2.419,5.336,44.87,19.99,19.87,0,4,22.49,5/5/2025,Good,7.950,7.761e-05,2.981,2.910e-05,0.00,0.00,0.00,3.975,3.880e-05,1.987,1.940e-05,19.74,0.025,0.00,0.00,23.85,0.00023,0.00,0.00,0.00,0.00,0.00,2.782,0.00,0.00,0.0012
-93.77950550,42.02037414,F Fields (F1-F5),TaskName 5/5/2025 (GreenStar 4 Monitor),R-up/Sharpen,165,5/5/2025,0.205,On,1126.4,21.25,50.00,8.245,2.478,5.178,45.06,19.99,20.08,0,4,21.23,5/5/2025,Good,8.031,7.585e-05,3.012,2.844e-05,0.00,0.00,0.00,4.015,3.793e-05,2.008,1.896e-05,19.95,0.024,0.00,0.00,24.09,0.00023,0.00,0.00,0.00,0.00,0.00,2.811,0.00,0.00,0.0012
-93.77949918,42.02037900,F Fields (F1-F5),TaskName 5/5/2025 (GreenStar 4 Monitor),R-up/Sharpen,166,5/5/2025,0.196,On,1126.4,20.00,50.62,8.254,2.360,5.435,45.19,19.99,20.19,0,4,19.90,5/5/2025,Good,8.078,6.838e-05,3.029,2.564e-05,0.00,0.00,0.00,4.039,3.419e-05,2.019,1.710e-05,20.06,0.022,0.00,0.00,24.23,0.00021,0.00,0.00,0.00,0.00,0.00,2.827,0.00,0.00,0.0011
-93.77949285,42.02038364,F Fields (F1-F5),TaskName 5/5/2025 (GreenStar 4 Monitor),R-up/Sharpen,167,5/5/2025,0.199,On,1126.4,17.50,51.87,8.277,2.429,5.534,45.15,19.99,20.00,0,4,17.65,5/5/2025,Good,8.001,6.100e-05,3.000,2.287e-05,0.00,0.00,0.00,4.000,3.050e-05,2.000,1.525e-05,19.87,0.019,0.00,0.00,24.00,0.00018,0.00,0.00,0.00,0.00,0.00,2.800,0.00,0.00,0.00098
-93.77948644,42.02038820,F Fields (F1-F5),TaskName 5/5/2025 (GreenStar 4 Monitor),R-up/Sharpen,168,5/5/2025,0.200,On,1126.4,15.00,53.12,8.279,2.429,5.435,44.94,19.99,20.13,0,4,15.06,5/5/2025,Good,8.052,5.262e-05,3.020,1.973e-05,0.00,0.00,0.00,4.026,2.631e-05,2.013,1.315e-05,20.00,0.017,0.00,0.00,24.16,0.00016,0.00,0.00,0.00,0.00,0.00,2.818,0.00,0.00,0.00084
-93.77947998,42.02039278,F Fields (F1-F5),TaskName 5/5/2025 (GreenStar 4 Monitor),R-up/Sharpen,169,5/5/2025,0.201,On,1126.3,13.75,53.75,8.259,2.422,5.574,44.75,19.99,20.08,0,4,13.70,5/5/2025,Good,8.031,4.798e-05,3.012,1.799e-05,0.00,0.00,0.00,4.015,2.399e-05,2.008,1.199e-05,19.95,0.015,0.00,0.00,24.09,0.00014,0.00,0.00,0.00,0.00,0.00,2.811,0.00,0.00,0.00076
-93.77946075,42.02040671,F Fields (F1-F5),TaskName 5/5/2025 (GreenStar 4 Monitor),R-up/Sharpen,170,5/5/2025,0.599,On,1126.3,11.25,55.00,8.257,7.264,5.281,44.55,19.99,20.02,0,4,11.28,5/5/2025,Good,8.008,0.00012,3.003,4.401e-05,0.00,0.00,0.00,4.004,5.868e-05,2.002,2.934e-05,19.89,0.037,0.00,0.00,24.02,0.00035,0.00,0.00,0.00,0.00,0.00,2.803,0.00,0.00,0.0019
-93.77945439,42.02041131,F Fields (F1-F5),TaskName 5/5/2025 (GreenStar 4 Monitor),R-up/Sharpen,171,5/5/2025,0.200,On,1126.3,12.50,54.37,8.286,2.429,5.323,44.56,19.99,20.00,0,4,12.55,5/5/2025,Good,8.001,4.357e-05,3.000,1.634e-05,0.00,0.00,0.00,4.000,2.178e-05,2.000,1.089e-05,19.87,0.014,0.00,0.00,24.00,0.00013,0.00,0.00,0.00,0.00,0.00,2.800,0.00,0.00,0.00070
-93.77944813,42.02041598,F Fields (F1-F5),TaskName 5/5/2025 (GreenStar 4 Monitor),R-up/Sharpen,172,5/5/2025,0.201,On,1126.3,15.00,53.12,8.261,2.422,5.138,44.72,19.99,19.99,0,4,14.94,5/5/2025,Good,7.997,5.211e-05,2.999,1.954e-05,0.00,0.00,0.00,3.998,2.606e-05,1.999,1.303e-05,19.86,0.017,0.00,0.00,23.99,0.00016,0.00,0.00,0.00,0.00,0.00,2.799,0.00,0.00,0.00083
-93.77944190,42.02042079,F Fields (F1-F5),TaskName 5/5/2025 (GreenStar 4 Monitor),R-up/Sharpen,173,5/5/2025,0.205,On,1126.3,17.50,51.87,8.236,2.475,4.947,44.89,19.99,19.87,0,4,17.46,5/5/2025,Good,7.950,6.175e-05,2.981,2.316e-05,0.00,0.00,0.00,3.975,3.088e-05,1.987,1.544e-05,19.74,0.020,0.00,0.00,23.85,0.00019,0.00,0.00,0.00,0.00,0.00,2.782,0.00,0.00,0.00099
-93.77943562,42.02042563,F Fields (F1-F5),TaskName 5/5/2025 (GreenStar 4 Monitor),R-up/Sharpen,174,5/5/2025,0.194,On,1126.3,20.00,50.62,8.245,2.357,4.887,45.06,19.99,19.94,0,4,20.08,5/5/2025,Good,7.975,6.742e-05,2.991,2.528e-05,0.00,0.00,0.00,3.988,3.371e-05,1.994,1.686e-05,19.81,0.021,0.00,0.00,23.93,0.00020,0.00,0.00,0.00,0.00,0.00,2.791,0.00,0.00,0.0011
-93.77942936,42.02043035,F Fields (F1-F5),TaskName 5/5/2025 (GreenStar 4 Monitor),R-up/Sharpen,175,5/5/2025,0.200,On,1126.2,21.25,50.00,8.257,2.422,4.867,45.18,19.99,19.78,0,4,21.27,5/5/2025,Good,7.911,7.304e-05,2.967,2.739e-05,0.00,0.00,0.00,3.956,3.652e-05,1.978,1.826e-05,19.65,0.023,0.00,0.00,23.73,0.00022,0.00,0.00,0.00,0.00,0.00,2.769,0.00,0.00,0.0012
-93.77942318,42.02043498,F Fields (F1-F5),TaskName 5/5/2025 (GreenStar 4 Monitor),R-up/Sharpen,176,5/5/2025,0.195,On,1126.2,23.75,48.75,8.257,2.360,5.779,45.42,19.99,19.77,0,4,23.76,5/5/2025,Good,7.907,7.949e-05,2.965,2.981e-05,0.00,0.00,0.00,3.953,3.974e-05,1.977,1.987e-05,19.64,0.025,0.00,0.00,23.72,0.00024,0.00,0.00,0.00,0.00,0.00,2.767,0.00,0.00,0.0013
-93.77941705,42.02043964,F Fields (F1-F5),TaskName 5/5/2025 (GreenStar 4 Monitor),R-up/Sharpen,177,5/5/2025,0.205,On,1126.2,26.25,47.50,8.223,2.472,5.983,45.73,19.99,19.76,0,4,26.16,5/5/2025,Good,7.903,9.196e-05,2.963,3.448e-05,0.00,0.00,0.00,3.951,4.598e-05,1.976,2.299e-05,19.63,0.029,0.00,0.00,23.71,0.00028,0.00,0.00,0.00,0.00,0.00,2.766,0.00,0.00,0.0015
-93.77941073,42.02044428,F Fields (F1-F5),TaskName 5/5/2025 (GreenStar 4 Monitor),R-up/Sharpen,178,5/5/2025,0.205,On,1126.2,28.75,46.25,8.185,2.462,6.116,45.94,19.99,19.90,0,4,28.53,5/5/2025,Good,7.958,0.00010,2.984,3.788e-05,0.00,0.00,0.00,3.979,5.051e-05,1.990,2.525e-05,19.77,0.032,0.00,0.00,23.87,0.00030,0.00,0.00,0.00,0.00,0.00,2.785,0.00,0.00,0.0016
-93.77940450,42.02044888,F Fields (F1-F5),TaskName 5/5/2025 (GreenStar 4 Monitor),R-up/Sharpen,179,5/5/2025,0.195,On,1126.3,30.00,45.62,8.176,2.337,6.182,46.11,19.99,20.12,0,4,29.72,5/5/2025,Good,8.048,0.00010,3.018,3.795e-05,0.00,0.00,0.00,4.024,5.060e-05,2.012,2.530e-05,19.99,0.032,0.00,0.00,24.14,0.00030,0.00,0.00,0.00,0.00,0.00,2.817,0.00,0.00,0.0016
-93.77939812,42.02045344,F Fields (F1-F5),TaskName 5/5/2025 (GreenStar 4 Monitor),R-up/Sharpen,180,5/5/2025,0.195,On,1126.3,31.25,45.00,8.176,2.337,6.294,46.28,19.99,20.11,0,4,30.95,5/5/2025,Good,8.044,0.00011,3.016,3.951e-05,0.00,0.00,0.00,4.022,5.268e-05,2.011,2.634e-05,19.98,0.033,0.00,0.00,24.13,0.00032,0.00,0.00,0.00,0.00,0.00,2.815,0.00,0.00,0.0017
-93.77939181,42.02045803,F Fields (F1-F5),TaskName 5/5/2025 (GreenStar 4 Monitor),R-up/Sharpen,181,5/5/2025,0.205,On,1126.3,35.00,43.12,8.176,2.459,6.089,46.43,19.99,19.95,0,4,34.69,5/5/2025,Good,7.980,0.00012,2.992,4.618e-05,0.00,0.00,0.00,3.990,6.157e-05,1.995,3.079e-05,19.82,0.039,0.00,0.00,23.94,0.00037,0.00,0.00,0.00,0.00,0.00,2.793,0.00,0.00,0.0020
-93.77938541,42.02046259,F Fields (F1-F5),TaskName 5/5/2025 (GreenStar 4 Monitor),R-up/Sharpen,182,5/5/2025,0.200,On,1126.3,36.25,42.50,8.176,2.399,6.050,46.60,19.99,20.02,0,4,35.94,5/5/2025,Good,8.009,0.00012,3.004,4.686e-05,0.00,0.00,0.00,4.005,6.247e-05,2.002,3.124e-05,19.89,0.040,0.00,0.00,24.03,0.00037,0.00,0.00,0.00,0.00,0.00,2.803,0.00,0.00,0.0020
-93.77937892,42.02046717,F Fields (F1-F5),TaskName 5/5/2025 (GreenStar 4 Monitor),R-up/Sharpen,183,5/5/2025,0.200,On,1126.2,38.75,41.25,8.180,2.399,5.792,46.74,19.99,19.92,0,4,38.42,5/5/2025,Good,7.967,0.00013,2.988,4.982e-05,0.00,0.00,0.00,3.983,6.643e-05,1.992,3.321e-05,19.79,0.042,0.00,0.00,23.90,0.00040,0.00,0.00,0.00,0.00,0.00,2.788,0.00,0.00,0.0021
-93.77937249,42.02047185,F Fields (F1-F5),TaskName 5/5/2025 (GreenStar 4 Monitor),R-up/Sharpen,184,5/5/2025,0.200,On,1126.2,41.25,40.00,8.201,2.406,5.600,46.91,19.99,20.11,0,4,41.01,5/5/2025,Good,8.044,0.00014,3.016,5.369e-05,0.00,0.00,0.00,4.022,7.159e-05,2.011,3.579e-05,19.98,0.046,0.00,0.00,24.13,0.00043,0.00,0.00,0.00,0.00,0.00,2.815,0.00,0.00,0.0023
-93.77936610,42.02047636,F Fields (F1-F5),TaskName 5/5/2025 (GreenStar 4 Monitor),R-up/Sharpen,185,5/5/2025,0.195,On,1126.2,43.75,38.75,8.239,2.357,5.799,47.04,19.99,19.96,0,4,43.70,5/5/2025,Good,7.984,0.00015,2.994,5.537e-05,0.00,0.00,0.00,3.992,7.382e-05,1.996,3.691e-05,19.83,0.047,0.00,0.00,23.95,0.00044,0.00,0.00,0.00,0.00,0.00,2.794,0.00,0.00,0.0024
-93.77935963,42.02048086,F Fields (F1-F5),TaskName 5/5/2025 (GreenStar 4 Monitor),R-up/Sharpen,186,5/5/2025,0.200,On,1126.3,46.25,37.50,8.239,2.416,5.693,47.11,19.99,19.92,0,4,46.17,5/5/2025,Good,7.967,0.00016,2.988,5.987e-05,0.00,0.00,0.00,3.983,7.982e-05,1.992,3.991e-05,19.79,0.051,0.00,0.00,23.90,0.00048,0.00,0.00,0.00,0.00,0.00,2.788,0.00,0.00,0.0026
-93.77935301,42.02048537,F Fields (F1-F5),TaskName 5/5/2025 (GreenStar 4 Monitor),R-up/Sharpen,187,5/5/2025,0.206,On,1126.2,48.75,36.25,8.223,2.472,5.508,47.15,19.99,19.95,0,4,48.34,5/5/2025,Good,7.980,0.00017,2.992,6.467e-05,0.00,0.00,0.00,3.990,8.622e-05,1.995,4.311e-05,19.82,0.055,0.00,0.00,23.94,0.00052,0.00,0.00,0.00,0.00,0.00,2.793,0.00,0.00,0.0028
-93.77934649,42.02048982,F Fields (F1-F5),TaskName 5/5/2025 (GreenStar 4 Monitor),R-up/Sharpen,188,5/5/2025,0.204,On,1126.3,51.25,35.00,8.232,2.475,5.468,47.18,19.99,20.02,0,4,51.39,5/5/2025,Good,8.009,0.00018,3.004,6.833e-05,0.00,0.00,0.00,4.005,9.110e-05,2.002,4.555e-05,19.89,0.058,0.00,0.00,24.03,0.00055,0.00,0.00,0.00,0.00,0.00,2.803,0.00,0.00,0.0029
-93.77933984,42.02049424,F Fields (F1-F5),TaskName 5/5/2025 (GreenStar 4 Monitor),R-up/Sharpen,189,5/5/2025,0.195,On,1126.2,53.75,33.75,8.232,2.354,5.495,47.22,19.99,19.79,0,4,53.61,5/5/2025,Good,7.915,0.00018,2.968,6.734e-05,0.00,0.00,0.00,3.958,8.979e-05,1.979,4.490e-05,19.66,0.057,0.00,0.00,23.75,0.00054,0.00,0.00,0.00,0.00,0.00,2.770,0.00,0.00,0.0029
-93.77933333,42.02049881,F Fields (F1-F5),TaskName 5/5/2025 (GreenStar 4 Monitor),R-up/Sharpen,190,5/5/2025,0.195,On,1126.2,56.25,32.50,8.239,2.357,5.455,47.28,19.99,19.95,0,4,56.19,5/5/2025,Good,7.980,0.00019,2.992,7.115e-05,0.00,0.00,0.00,3.990,9.486e-05,1.995,4.743e-05,19.82,0.060,0.00,0.00,23.94,0.00057,0.00,0.00,0.00,0.00,0.00,2.793,0.00,0.00,0.0030
-93.77932691,42.02050333,F Fields (F1-F5),TaskName 5/5/2025 (GreenStar 4 Monitor),R-up/Sharpen,191,5/5/2025,0.200,On,1126.1,57.50,31.87,8.252,2.419,5.647,47.31,19.99,19.84,0,4,57.48,5/5/2025,Good,7.937,0.00020,2.976,7.425e-05,0.00,0.00,0.00,3.968,9.900e-05,1.984,4.950e-05,19.71,0.063,0.00,0.00,23.81,0.00059,0.00,0.00,0.00,0.00,0.00,2.778,0.00,0.00,0.0032
-93.77932032,42.02050779,F Fields (F1-F5),TaskName 5/5/2025 (GreenStar 4 Monitor),R-up/Sharpen,192,5/5/2025,0.205,On,1126.1,61.25,30.00,8.243,2.478,5.349,47.32,19.99,19.65,0,4,61.19,5/5/2025,Good,7.860,0.00021,2.947,8.024e-05,0.00,0.00,0.00,3.930,0.00011,1.965,5.349e-05,19.52,0.068,0.00,0.00,23.58,0.00064,0.00,0.00,0.00,0.00,0.00,2.751,0.00,0.00,0.0035
-93.77931376,42.02051230,F Fields (F1-F5),TaskName 5/5/2025 (GreenStar 4 Monitor),R-up/Sharpen,193,5/5/2025,0.205,On,1126.2,63.75,28.75,8.234,2.475,5.052,47.40,19.99,19.77,0,4,63.61,5/5/2025,Good,7.907,0.00022,2.965,8.390e-05,0.00,0.00,0.00,3.953,0.00011,1.977,5.594e-05,19.64,0.071,0.00,0.00,23.72,0.00067,0.00,0.00,0.00,0.00,0.00,2.767,0.00,0.00,0.0036
-93.77930715,42.02051678,F Fields (F1-F5),TaskName 5/5/2025 (GreenStar 4 Monitor),R-up/Sharpen,194,5/5/2025,0.196,On,1126.1,66.25,27.50,8.239,2.357,5.343,47.44,19.99,19.71,0,4,65.84,5/5/2025,Good,7.885,0.00022,2.957,8.281e-05,0.00,0.00,0.00,3.943,0.00011,1.971,5.521e-05,19.59,0.070,0.00,0.00,23.66,0.00066,0.00,0.00,0.00,0.00,0.00,2.760,0.00,0.00,0.0036
-93.77930058,42.02052123,F Fields (F1-F5),TaskName 5/5/2025 (GreenStar 4 Monitor),R-up/Sharpen,195,5/5/2025,0.199,On,1126.0,68.75,26.25,8.254,2.422,5.541,47.47,19.99,19.82,0,4,69.16,5/5/2025,Good,7.928,0.00024,2.973,8.880e-05,0.00,0.00,0.00,3.964,0.00012,1.982,5.920e-05,19.69,0.075,0.00,0.00,23.78,0.00071,0.00,0.00,0.00,0.00,0.00,2.775,0.00,0.00,0.0038
-93.77929407,42.02052574,F Fields (F1-F5),TaskName 5/5/2025 (GreenStar 4 Monitor),R-up/Sharpen,196,5/5/2025,0.200,On,1126.0,70.00,25.62,8.257,2.422,5.435,47.49,19.99,19.67,0,4,70.07,5/5/2025,Good,7.868,0.00024,2.951,8.974e-05,0.00,0.00,0.00,3.934,0.00012,1.967,5.982e-05,19.54,0.076,0.00,0.00,23.61,0.00072,0.00,0.00,0.00,0.00,0.00,2.754,0.00,0.00,0.0039
-93.77928722,42.02053020,F Fields (F1-F5),TaskName 5/5/2025 (GreenStar 4 Monitor),R-up/Sharpen,197,5/5/2025,0.201,On,1126.0,73.75,23.75,8.250,2.432,4.947,47.43,19.99,19.68,0,4,73.76,5/5/2025,Good,7.873,0.00025,2.952,9.498e-05,0.00,0.00,0.00,3.936,0.00013,1.968,6.332e-05,19.55,0.081,0.00,0.00,23.62,0.00076,0.00,0.00,0.00,0.00,0.00,2.755,0.00,0.00,0.0041
-93.77928065,42.02053471,F Fields (F1-F5),TaskName 5/5/2025 (GreenStar 4 Monitor),R-up/Sharpen,198,5/5/2025,0.204,On,1125.9,76.25,22.50,8.286,2.478,5.422,47.43,19.99,19.62,0,4,76.55,5/5/2025,Good,7.847,0.00027,2.943,9.973e-05,0.00,0.00,0.00,3.923,0.00013,1.962,6.648e-05,19.49,0.085,0.00,0.00,23.54,0.00080,0.00,0.00,0.00,0.00,0.00,2.746,0.00,0.00,0.0043
-93.77927416,42.02053916,F Fields (F1-F5),TaskName 5/5/2025 (GreenStar 4 Monitor),R-up/Sharpen,199,5/5/2025,0.196,On,1125.9,78.75,21.25,8.306,2.386,5.316,47.50,19.99,19.54,0,4,79.24,5/5/2025,Good,7.817,0.00026,2.931,9.880e-05,0.00,0.00,0.00,3.909,0.00013,1.954,6.587e-05,19.42,0.084,0.00,0.00,23.45,0.00079,0.00,0.00,0.00,0.00,0.00,2.736,0.00,0.00,0.0043
-93.77926751,42.02054368,F Fields (F1-F5),TaskName 5/5/2025 (GreenStar 4 Monitor),R-up/Sharpen,200,5/5/2025,0.194,On,1125.9,81.25,20.00,8.286,2.357,4.894,47.56,19.99,19.54,0,4,81.58,5/5/2025,Good,7.817,0.00027,2.931,0.00010,0.00,0.00,0.00,3.909,0.00013,1.954,6.712e-05,19.42,0.085,0.00,0.00,23.45,0.00081,0.00,0.00,0.00,0.00,0.00,2.736,0.00,0.00,0.0044
-93.77926086,42.02054822,F Fields (F1-F5),TaskName 5/5/2025 (GreenStar 4 Monitor),R-up/Sharpen,201,5/5/2025,0.206,On,1125.9,83.75,18.75,8.281,2.501,4.782,47.66,19.99,19.47,0,4,84.04,5/5/2025,Good,7.787,0.00029,2.920,0.00011,0.00,0.00,0.00,3.894,0.00015,1.947,7.314e-05,19.34,0.093,0.00,0.00,23.36,0.00088,0.00,0.00,0.00,0.00,0.00,2.725,0.00,0.00,0.0048
-93.77925423,42.02055282,F Fields (F1-F5),TaskName 5/5/2025 (GreenStar 4 Monitor),R-up/Sharpen,202,5/5/2025,0.204,On,1125.9,86.25,17.50,8.299,2.481,4.782,47.75,19.99,19.36,0,4,86.71,5/5/2025,Good,7.744,0.00030,2.904,0.00011,0.00,0.00,0.00,3.872,0.00015,1.936,7.432e-05,19.24,0.095,0.00,0.00,23.23,0.00089,0.00,0.00,0.00,0.00,0.00,2.711,0.00,0.00,0.0049
-93.77924759,42.02055736,F Fields (F1-F5),TaskName 5/5/2025 (GreenStar 4 Monitor),R-up/Sharpen,203,5/5/2025,0.201,On,1125.8,88.75,16.25,8.326,2.442,4.999,47.89,19.99,19.47,0,4,89.12,5/5/2025,Good,7.787,0.00030,2.920,0.00011,0.00,0.00,0.00,3.894,0.00015,1.947,7.568e-05,19.34,0.096,0.00,0.00,23.36,0.00091,0.00,0.00,0.00,0.00,0.00,2.725,0.00,0.00,0.0050
-93.77924114,42.02056188,F Fields (F1-F5),TaskName 5/5/2025 (GreenStar 4 Monitor),R-up/Sharpen,204,5/5/2025,0.194,On,1125.8,91.25,15.00,8.344,2.386,5.297,48.03,19.99,19.49,0,4,92.76,5/5/2025,Good,7.796,0.00030,2.923,0.00011,0.00,0.00,0.00,3.898,0.00015,1.949,7.611e-05,19.36,0.097,0.00,0.00,23.39,0.00091,0.00,0.00,0.00,0.00,0.00,2.728,0.00,0.00,0.0050
-93.77923445,42.02056629,F Fields (F1-F5),TaskName 5/5/2025 (GreenStar 4 Monitor),R-up/Sharpen,205,5/5/2025,0.195,On,1125.8,93.75,13.75,8.308,2.377,4.947,48.08,19.99,19.40,0,4,94.43,5/5/2025,Good,7.761,0.00031,2.911,0.00012,0.00,0.00,0.00,3.881,0.00016,1.940,7.753e-05,19.28,0.099,0.00,0.00,23.28,0.00093,0.00,0.00,0.00,0.00,0.00,2.717,0.00,0.00,0.0051
-93.77922775,42.02057075,F Fields (F1-F5),TaskName 5/5/2025 (GreenStar 4 Monitor),R-up/Sharpen,206,5/5/2025,0.200,On,1125.8,96.25,12.50,8.281,2.429,4.834,48.16,19.99,19.48,0,4,96.61,5/5/2025,Good,7.791,0.00033,2.922,0.00012,0.00,0.00,0.00,3.896,0.00016,1.948,8.167e-05,19.35,0.104,0.00,0.00,23.37,0.00098,0.00,0.00,0.00,0.00,0.00,2.727,0.00,0.00,0.0054
-93.77922110,42.02057519,F Fields (F1-F5),TaskName 5/5/2025 (GreenStar 4 Monitor),R-up/Sharpen,207,5/5/2025,0.200,On,1125.7,98.75,11.25,8.281,2.429,4.689,48.32,19.99,19.32,0,4,99.12,5/5/2025,Good,7.727,0.00033,2.898,0.00012,0.00,0.00,0.00,3.864,0.00017,1.932,8.311e-05,19.19,0.106,0.00,0.00,23.18,0.00100,0.00,0.00,0.00,0.00,0.00,2.705,0.00,0.00,0.0055
-93.77921450,42.02057968,F Fields (F1-F5),TaskName 5/5/2025 (GreenStar 4 Monitor),R-up/Sharpen,208,5/5/2025,0.205,On,1125.7,102.50,9.375,8.281,2.488,4.531,48.55,19.99,19.40,0,4,102.81,5/5/2025,Good,7.761,0.00035,2.911,0.00013,0.00,0.00,0.00,3.881,0.00018,1.940,8.875e-05,19.28,0.113,0.00,0.00,23.28,0.0011,0.00,0.00,0.00,0.00,0.00,2.717,0.00,0.00,0.0059
-93.77920777,42.02058412,F Fields (F1-F5),TaskName 5/5/2025 (GreenStar 4 Monitor),R-up/Sharpen,209,5/5/2025,0.200,On,1125.7,105.00,8.125,8.281,2.429,4.517,48.68,19.99,19.31,0,4,105.39,5/5/2025,Good,7.723,0.00035,2.896,0.00013,0.00,0.00,0.00,3.861,0.00018,1.931,8.832e-05,19.18,0.112,0.00,0.00,23.17,0.0011,0.00,0.00,0.00,0.00,0.00,2.703,0.00,0.00,0.0059
-93.77920103,42.02058848,F Fields (F1-F5),TaskName 5/5/2025 (GreenStar 4 Monitor),R-up/Sharpen,210,5/5/2025,0.195,On,1125.7,107.50,6.875,8.281,2.367,4.491,48.72,19.99,19.11,0,4,107.83,5/5/2025,Good,7.646,0.00035,2.867,0.00013,0.00,0.00,0.00,3.823,0.00017,1.911,8.722e-05,18.99,0.111,0.00,0.00,22.94,0.0010,0.00,0.00,0.00,0.00,0.00,2.676,0.00,0.00,0.0058
-93.77919430,42.02059281,F Fields (F1-F5),TaskName 5/5/2025 (GreenStar 4 Monitor),R-up/Sharpen,211,5/5/2025,0.206,On,1125.7,110.00,5.625,8.277,2.488,4.491,48.84,19.99,19.08,0,4,109.80,5/5/2025,Good,7.633,0.00037,2.862,0.00014,0.00,0.00,0.00,3.817,0.00019,1.908,9.367e-05,18.96,0.119,0.00,0.00,22.90,0.0011,0.00,0.00,0.00,0.00,0.00,2.672,0.00,0.00,0.0063
-93.77918790,42.02059740,F Fields (F1-F5),TaskName 5/5/2025 (GreenStar 4 Monitor),R-up/Sharpen,212,5/5/2025,0.199,On,1125.6,113.75,3.750,8.263,2.422,4.676,49.20,19.99,19.29,0,4,114.44,5/5/2025,Good,7.714,0.00038,2.893,0.00014,0.00,0.00,0.00,3.857,0.00019,1.929,9.531e-05,19.16,0.121,0.00,0.00,23.14,0.0011,0.00,0.00,0.00,0.00,0.00,2.700,0.00,0.00,0.0063
-93.77918138,42.02060178,F Fields (F1-F5),TaskName 5/5/2025 (GreenStar 4 Monitor),R-up/Sharpen,213,5/5/2025,0.200,On,1125.6,116.25,2.500,8.248,2.419,4.729,49.57,19.99,19.14,0,4,116.21,5/5/2025,Good,7.655,0.00039,2.870,0.00014,0.00,0.00,0.00,3.827,0.00019,1.914,9.652e-05,19.01,0.123,0.00,0.00,22.96,0.0012,0.00,0.00,0.00,0.00,0.00,2.679,0.00,0.00,0.0065
-93.77917468,42.02060616,F Fields (F1-F5),TaskName 5/5/2025 (GreenStar 4 Monitor),R-up/Sharpen,214,5/5/2025,0.196,On,1125.7,118.75,1.250,8.219,2.350,5.594,49.73,19.99,19.11,0,4,117.69,5/5/2025,Good,7.646,0.00038,2.867,0.00014,0.00,0.00,0.00,3.823,0.00019,1.911,9.569e-05,18.99,0.122,0.00,0.00,22.94,0.0011,0.00,0.00,0.00,0.00,0.00,2.676,0.00,0.00,0.0064
-93.77914073,42.02062743,F Fields (F1-F5),TaskName 5/5/2025 (GreenStar 4 Monitor),R-up/Sharpen,215,5/5/2025,0.999,On,1125.6,121.25,0.00,8.203,12.03,5.645,50.73,19.99,19.52,0,4,120.68,5/5/2025,Good,7.807,0.0020,2.927,0.00077,0.00,0.00,0.00,3.903,0.0010,1.952,0.00051,19.39,0.649,0.00,0.00,23.42,0.0061,0.00,0.00,0.00,0.00,0.00,2.732,0.00,0.00,0.033
-93.77910669,42.02064832,F Fields (F1-F5),TaskName 5/5/2025 (GreenStar 4 Monitor),R-up/Sharpen,216,5/5/2025,1.001,On,1125.5,121.25,0.00,8.195,12.01,5.750,50.62,19.99,19.70,0,4,120.27,5/5/2025,Good,7.879,0.0021,2.955,0.00077,0.00,0.00,0.00,3.940,0.0010,1.970,0.00051,19.57,0.654,0.00,0.00,23.64,0.0062,0.00,0.00,0.00,0.00,0.00,2.758,0.00,0.00,0.033
-93.77907866,42.02066477,F Fields (F1-F5),TaskName 5/5/2025 (GreenStar 4 Monitor),R-up/Sharpen,217,5/5/2025,0.809,On,1125.5,121.25,0.00,8.225,9.769,5.429,49.89,19.99,19.86,0,4,121.00,5/5/2025,Good,7.943,0.0017,2.979,0.00063,0.00,0.00,0.00,3.972,0.00084,1.986,0.00042,19.73,0.536,0.00,0.00,23.83,0.0051,0.00,0.00,0.00,0.00,0.00,2.780,0.00,0.00,0.027
-93.77904457,42.02068601,F Fields (F1-F5),TaskName 5/5/2025 (GreenStar 4 Monitor),R-up/Sharpen,218,5/5/2025,1.001,On,1125.4,120.00,-0.625,8.244,12.09,5.314,51.15,19.99,20.00,0,4,119.78,5/5/2025,Good,7.998,0.0021,2.999,0.00078,0.00,0.00,0.00,3.999,0.0010,2.000,0.00052,19.87,0.662,0.00,0.00,23.99,0.0062,0.00,0.00,0.00,0.00,0.00,2.799,0.00,0.00,0.033
-93.77901025,42.02070715,F Fields (F1-F5),TaskName 5/5/2025 (GreenStar 4 Monitor),R-up/Sharpen,219,5/5/2025,0.994,On,1125.5,120.00,-0.625,8.236,12.02,5.426,52.95,19.99,19.99,0,4,119.97,5/5/2025,Good,7.996,0.0021,2.998,0.00078,0.00,0.00,0.00,3.998,0.0010,1.999,0.00052,19.86,0.658,0.00,0.00,23.99,0.0062,0.00,0.00,0.00,0.00,0.00,2.799,0.00,0.00,0.033
-93.77897485,42.02072651,F Fields (F1-F5),TaskName 5/5/2025 (GreenStar 4 Monitor),R-up/Sharpen,220,5/5/2025,1.005,On,1125.5,120.00,-0.625,8.194,12.08,5.580,53.36,19.99,20.00,0,4,119.17,5/5/2025,Good,8.000,0.0021,3.000,0.00078,0.00,0.00,0.00,4.000,0.0010,2.000,0.00052,19.87,0.661,0.00,0.00,24.00,0.0062,0.00,0.00,0.00,0.00,0.00,2.800,0.00,0.00,0.033
-93.77893966,42.02074614,F Fields (F1-F5),TaskName 5/5/2025 (GreenStar 4 Monitor),R-up/Sharpen,221,5/5/2025,1.000,On,1125.5,120.00,-0.625,8.180,11.99,5.072,57.75,19.99,19.88,0,4,118.92,5/5/2025,Good,7.952,0.0021,2.982,0.00077,0.00,0.00,0.00,3.976,0.0010,1.988,0.00051,19.75,0.652,0.00,0.00,23.86,0.0062,0.00,0.00,0.00,0.00,0.00,2.783,0.00,0.00,0.033
-93.77891858,42.02075759,F Fields (F1-F5),TaskName 5/5/2025 (GreenStar 4 Monitor),R-up/Sharpen,222,5/5/2025,0.595,On,1125.6,120.00,-0.625,8.164,7.127,5.556,62.47,19.99,18.91,0,4,118.79,5/5/2025,Good,7.566,0.0012,2.837,0.00044,0.00,0.00,0.00,3.783,0.00058,1.891,0.00029,18.79,0.369,0.00,0.00,22.70,0.0035,0.00,0.00,0.00,0.00,0.00,2.648,0.00,0.00,0.020
-93.77888090,42.02077310,F Fields (F1-F5),TaskName 5/5/2025 (GreenStar 4 Monitor),R-up/Sharpen,223,5/5/2025,0.995,On,1125.5,121.25,0.00,8.069,11.77,5.820,69.81,19.99,19.16,0,4,118.59,5/5/2025,Good,7.663,0.0020,2.873,0.00074,0.00,0.00,0.00,3.831,0.00098,1.916,0.00049,19.03,0.624,0.00,0.00,22.99,0.0059,0.00,0.00,0.00,0.00,0.00,2.682,0.00,0.00,0.033
-93.77884010,42.02078475,F Fields (F1-F5),TaskName 5/5/2025 (GreenStar 4 Monitor),R-up/Sharpen,224,5/5/2025,1.005,On,1125.3,121.25,0.00,8.103,11.94,5.516,76.34,19.99,19.83,0,4,119.07,5/5/2025,Good,7.932,0.0021,2.975,0.00077,0.00,0.00,0.00,3.966,0.0010,1.983,0.00052,19.70,0.655,0.00,0.00,23.80,0.0062,0.00,0.00,0.00,0.00,0.00,2.776,0.00,0.00,0.033
-93.77879782,42.02079308,F Fields (F1-F5),TaskName 5/5/2025 (GreenStar 4 Monitor),R-up/Sharpen,225,5/5/2025,0.995,On,1125.1,121.25,0.00,8.196,11.96,5.049,83.16,19.99,19.73,0,4,120.40,5/5/2025,Good,7.893,0.0021,2.960,0.00077,0.00,0.00,0.00,3.947,0.0010,1.973,0.00051,19.60,0.652,0.00,0.00,23.68,0.0062,0.00,0.00,0.00,0.00,0.00,2.763,0.00,0.00,0.033
-93.77875440,42.02079765,F Fields (F1-F5),TaskName 5/5/2025 (GreenStar 4 Monitor),R-up/Sharpen,226,5/5/2025,1.000,On,1125.0,121.25,0.00,8.175,11.99,5.197,88.79,19.99,20.05,0,4,120.13,5/5/2025,Good,8.021,0.0021,3.008,0.00078,0.00,0.00,0.00,4.010,0.0010,2.005,0.00052,19.92,0.665,0.00,0.00,24.06,0.0063,0.00,0.00,0.00,0.00,0.00,2.807,0.00,0.00,0.033
-93.77874568,42.02079821,F Fields (F1-F5),TaskName 5/5/2025 (GreenStar 4 Monitor),R-up/Sharpen,227,5/5/2025,0.201,On,1125.0,121.25,0.00,8.138,2.400,5.719,89.73,19.99,20.27,0,4,119.63,5/5/2025,Good,8.108,0.00042,3.040,0.00016,0.00,0.00,0.00,4.054,0.00021,2.027,0.00011,20.14,0.135,0.00,0.00,24.32,0.0013,0.00,0.00,0.00,0.00,0.00,2.838,0.00,0.00,0.0067
-93.77870188,42.02079846,F Fields (F1-F5),TaskName 5/5/2025 (GreenStar 4 Monitor),R-up/Sharpen,228,5/5/2025,1.004,On,1125.0,120.00,-0.625,8.108,11.94,5.656,91.25,19.99,20.41,0,4,117.90,5/5/2025,Good,8.165,0.0021,3.062,0.00079,0.00,0.00,0.00,4.083,0.0010,2.041,0.00052,20.28,0.667,0.00,0.00,24.50,0.0063,0.00,0.00,0.00,0.00,0.00,2.858,0.00,0.00,0.033
-93.77865824,42.02079737,F Fields (F1-F5),TaskName 5/5/2025 (GreenStar 4 Monitor),R-up/Sharpen,229,5/5/2025,1.000,On,1125.0,118.75,-1.250,8.104,11.88,5.878,93.00,19.99,20.33,0,4,116.62,5/5/2025,Good,8.133,0.0021,3.050,0.00077,0.00,0.00,0.00,4.066,0.0010,2.033,0.00051,20.20,0.654,0.00,0.00,24.40,0.0062,0.00,0.00,0.00,0.00,0.00,2.847,0.00,0.00,0.032
-93.77861465,42.02079625,F Fields (F1-F5),TaskName 5/5/2025 (GreenStar 4 Monitor),R-up/Sharpen,230,5/5/2025,1.001,On,1125.0,118.75,-1.250,8.156,11.96,5.667,98.64,19.99,19.88,0,4,117.25,5/5/2025,Good,7.950,0.0020,2.981,0.00076,0.00,0.00,0.00,3.975,0.0010,1.988,0.00051,19.75,0.644,0.00,0.00,23.85,0.0061,0.00,0.00,0.00,0.00,0.00,2.783,0.00,0.00,0.033
-93.77860605,42.02079575,F Fields (F1-F5),TaskName 5/5/2025 (GreenStar 4 Monitor),R-up/Sharpen,231,5/5/2025,0.205,On,1125.0,118.75,-1.250,8.118,2.439,6.413,99.89,19.99,19.33,0,4,116.76,5/5/2025,Good,7.732,0.00040,2.899,0.00015,0.00,0.00,0.00,3.866,0.00020,1.933,0.00010,19.20,0.128,0.00,0.00,23.19,0.0012,0.00,0.00,0.00,0.00,0.00,2.706,0.00,0.00,0.0066
-93.77859724,42.02079513,F Fields (F1-F5),TaskName 5/5/2025 (GreenStar 4 Monitor),R-up/Sharpen,232,5/5/2025,0.190,On,1125.0,120.00,-0.625,8.080,2.262,5.858,100.99,19.99,19.41,0,4,118.06,5/5/2025,Good,7.766,0.00038,2.912,0.00014,0.00,0.00,0.00,3.883,0.00019,1.941,9.451e-05,19.29,0.120,0.00,0.00,23.30,0.0011,0.00,0.00,0.00,0.00,0.00,2.718,0.00,0.00,0.0062
-93.77855402,42.02078936,F Fields (F1-F5),TaskName 5/5/2025 (GreenStar 4 Monitor),R-up/Sharpen,233,5/5/2025,0.999,On,1125.0,118.75,-1.250,8.131,11.91,5.622,103.16,19.99,19.99,0,4,117.03,5/5/2025,Good,7.998,0.0020,2.999,0.00076,0.00,0.00,0.00,3.999,0.0010,1.999,0.00051,19.86,0.645,0.00,0.00,23.99,0.0061,0.00,0.00,0.00,0.00,0.00,2.799,0.00,0.00,0.032
-93.77851137,42.02078119,F Fields (F1-F5),TaskName 5/5/2025 (GreenStar 4 Monitor),R-up/Sharpen,234,5/5/2025,1.000,On,1125.1,118.75,-1.250,8.128,11.92,5.753,101.30,19.99,20.04,0,4,116.98,5/5/2025,Good,8.015,0.0020,3.006,0.00076,0.00,0.00,0.00,4.007,0.0010,2.004,0.00051,19.91,0.647,0.00,0.00,24.04,0.0061,0.00,0.00,0.00,0.00,0.00,2.805,0.00,0.00,0.032
-93.77846808,42.02077458,F Fields (F1-F5),TaskName 5/5/2025 (GreenStar 4 Monitor),R-up/Sharpen,235,5/5/2025,1.000,On,1125.1,118.75,-1.250,8.182,12.00,5.612,100.63,19.99,20.05,0,4,117.75,5/5/2025,Good,8.021,0.0020,3.008,0.00077,0.00,0.00,0.00,4.011,0.0010,2.005,0.00051,19.92,0.652,0.00,0.00,24.06,0.0061,0.00,0.00,0.00,0.00,0.00,2.807,0.00,0.00,0.033
-93.77842458,42.02076830,F Fields (F1-F5),TaskName 5/5/2025 (GreenStar 4 Monitor),R-up/Sharpen,236,5/5/2025,1.000,On,1125.2,118.75,-1.250,8.204,12.03,5.221,99.92,19.99,19.90,0,4,118.07,5/5/2025,Good,7.959,0.0020,2.985,0.00076,0.00,0.00,0.00,3.980,0.0010,1.990,0.00051,19.77,0.648,0.00,0.00,23.88,0.0061,0.00,0.00,0.00,0.00,0.00,2.786,0.00,0.00,0.033
-93.77838135,42.02076243,F Fields (F1-F5),TaskName 5/5/2025 (GreenStar 4 Monitor),R-up/Sharpen,237,5/5/2025,1.000,On,1125.3,118.75,-1.250,8.176,11.99,5.394,97.43,19.99,19.87,0,4,117.72,5/5/2025,Good,7.946,0.0020,2.980,0.00076,0.00,0.00,0.00,3.973,0.0010,1.987,0.00051,19.74,0.645,0.00,0.00,23.84,0.0061,0.00,0.00,0.00,0.00,0.00,2.781,0.00,0.00,0.033
-93.77834628,42.02075824,F Fields (F1-F5),TaskName 5/5/2025 (GreenStar 4 Monitor),R-up/Sharpen,238,5/5/2025,0.806,On,1125.4,120.00,-0.625,8.190,9.680,5.151,94.37,19.99,19.80,0,4,119.11,5/5/2025,Good,7.922,0.0017,2.971,0.00062,0.00,0.00,0.00,3.961,0.00083,1.980,0.00041,19.68,0.525,0.00,0.00,23.77,0.0050,0.00,0.00,0.00,0.00,0.00,2.773,0.00,0.00,0.027
-93.77830260,42.02075519,F Fields (F1-F5),TaskName 5/5/2025 (GreenStar 4 Monitor),R-up/Sharpen,239,5/5/2025,1.004,On,1125.5,121.25,0.00,8.196,12.07,6.151,92.05,19.99,19.88,0,4,120.47,5/5/2025,Good,7.953,0.0021,2.982,0.00078,0.00,0.00,0.00,3.976,0.0010,1.988,0.00052,19.75,0.664,0.00,0.00,23.86,0.0063,0.00,0.00,0.00,0.00,0.00,2.783,0.00,0.00,0.034
-93.77825863,42.02075388,F Fields (F1-F5),TaskName 5/5/2025 (GreenStar 4 Monitor),R-up/Sharpen,240,5/5/2025,0.995,On,1125.5,121.25,0.00,8.132,11.87,6.275,91.03,19.99,19.93,0,4,119.51,5/5/2025,Good,7.971,0.0021,2.989,0.00077,0.00,0.00,0.00,3.986,0.0010,1.993,0.00051,19.80,0.654,0.00,0.00,23.91,0.0062,0.00,0.00,0.00,0.00,0.00,2.790,0.00,0.00,0.033
-93.77821438,42.02075306,F Fields (F1-F5),TaskName 5/5/2025 (GreenStar 4 Monitor),R-up/Sharpen,241,5/5/2025,1.000,On,1125.7,121.25,0.00,8.161,11.97,5.712,90.02,19.99,19.93,0,4,119.93,5/5/2025,Good,7.972,0.0021,2.989,0.00078,0.00,0.00,0.00,3.986,0.0010,1.993,0.00052,19.80,0.660,0.00,0.00,23.91,0.0062,0.00,0.00,0.00,0.00,0.00,2.790,0.00,0.00,0.033
-93.77817053,42.02075267,F Fields (F1-F5),TaskName 5/5/2025 (GreenStar 4 Monitor),R-up/Sharpen,242,5/5/2025,1.005,On,1125.8,121.25,0.00,8.171,12.04,5.729,89.43,19.99,19.86,0,4,120.05,5/5/2025,Good,7.945,0.0021,2.979,0.00078,0.00,0.00,0.00,3.973,0.0010,1.986,0.00052,19.73,0.661,0.00,0.00,23.84,0.0062,0.00,0.00,0.00,0.00,0.00,2.781,0.00,0.00,0.034
-93.77812663,42.02075315,F Fields (F1-F5),TaskName 5/5/2025 (GreenStar 4 Monitor),R-up/Sharpen,243,5/5/2025,0.995,On,1126.0,121.25,0.00,8.125,11.85,5.797,90.28,19.99,19.89,0,4,119.38,5/5/2025,Good,7.955,0.0021,2.983,0.00077,0.00,0.00,0.00,3.977,0.0010,1.989,0.00051,19.76,0.652,0.00,0.00,23.86,0.0062,0.00,0.00,0.00,0.00,0.00,2.784,0.00,0.00,0.033
-93.77808260,42.02075305,F Fields (F1-F5),TaskName 5/5/2025 (GreenStar 4 Monitor),R-up/Sharpen,244,5/5/2025,0.996,On,1126.3,121.25,0.00,8.155,11.90,5.871,90.35,19.99,19.89,0,4,119.75,5/5/2025,Good,7.955,0.0021,2.983,0.00077,0.00,0.00,0.00,3.977,0.0010,1.989,0.00051,19.76,0.655,0.00,0.00,23.86,0.0062,0.00,0.00,0.00,0.00,0.00,2.784,0.00,0.00,0.033
-93.77803900,42.02075240,F Fields (F1-F5),TaskName 5/5/2025 (GreenStar 4 Monitor),R-up/Sharpen,245,5/5/2025,1.005,On,1126.6,121.25,0.00,8.115,11.96,6.581,89.60,19.99,19.99,0,4,119.24,5/5/2025,Good,7.996,0.0021,2.998,0.00078,0.00,0.00,0.00,3.998,0.0010,1.999,0.00052,19.86,0.661,0.00,0.00,23.99,0.0062,0.00,0.00,0.00,0.00,0.00,2.798,0.00,0.00,0.033
-93.77799517,42.02075265,F Fields (F1-F5),TaskName 5/5/2025 (GreenStar 4 Monitor),R-up/Sharpen,246,5/5/2025,1.000,On,1126.8,121.25,0.00,8.105,11.89,6.952,89.95,19.99,19.98,0,4,119.11,5/5/2025,Good,7.991,0.0021,2.997,0.00077,0.00,0.00,0.00,3.996,0.0010,1.998,0.00052,19.85,0.657,0.00,0.00,23.97,0.0062,0.00,0.00,0.00,0.00,0.00,2.797,0.00,0.00,0.033
-93.77795135,42.02075268,F Fields (F1-F5),TaskName 5/5/2025 (GreenStar 4 Monitor),R-up/Sharpen,247,5/5/2025,0.999,On,1127.0,121.25,0.00,8.109,11.89,7.076,89.79,19.99,19.99,0,4,119.29,5/5/2025,Good,7.996,0.0021,2.998,0.00078,0.00,0.00,0.00,3.998,0.0010,1.999,0.00052,19.86,0.657,0.00,0.00,23.99,0.0062,0.00,0.00,0.00,0.00,0.00,2.799,0.00,0.00,0.033
-93.77790650,42.02075268,F Fields (F1-F5),TaskName 5/5/2025 (GreenStar 4 Monitor),R-up/Sharpen,248,5/5/2025,1.000,On,1126.9,121.25,0.00,8.217,12.06,6.112,90.25,19.99,19.90,0,4,120.85,5/5/2025,Good,7.960,0.0021,2.985,0.00078,0.00,0.00,0.00,3.980,0.0010,1.990,0.00052,19.77,0.664,0.00,0.00,23.88,0.0063,0.00,0.00,0.00,0.00,0.00,2.786,0.00,0.00,0.034
-93.77786133,42.02075282,F Fields (F1-F5),TaskName 5/5/2025 (GreenStar 4 Monitor),R-up/Sharpen,249,5/5/2025,1.000,On,1126.7,121.25,0.00,8.354,12.26,5.327,91.43,19.99,19.93,0,4,122.82,5/5/2025,Good,7.972,0.0021,2.989,0.00080,0.00,0.00,0.00,3.986,0.0011,1.993,0.00053,19.80,0.676,0.00,0.00,23.92,0.0064,0.00,0.00,0.00,0.00,0.00,2.790,0.00,0.00,0.034
-93.77781652,42.02075192,F Fields (F1-F5),TaskName 5/5/2025 (GreenStar 4 Monitor),R-up/Sharpen,250,5/5/2025,1.001,On,1126.7,121.25,0.00,8.335,12.23,5.757,91.41,19.99,19.92,0,4,122.44,5/5/2025,Good,7.966,0.0021,2.987,0.00079,0.00,0.00,0.00,3.983,0.0011,1.992,0.00053,19.79,0.674,0.00,0.00,23.90,0.0064,0.00,0.00,0.00,0.00,0.00,2.788,0.00,0.00,0.034
-93.77777208,42.02075101,F Fields (F1-F5),TaskName 5/5/2025 (GreenStar 4 Monitor),R-up/Sharpen,251,5/5/2025,0.999,On,1126.8,121.25,0.00,8.269,12.13,6.119,90.80,19.99,19.95,0,4,121.66,5/5/2025,Good,7.979,0.0021,2.992,0.00079,0.00,0.00,0.00,3.989,0.0011,1.995,0.00053,19.82,0.669,0.00,0.00,23.94,0.0063,0.00,0.00,0.00,0.00,0.00,2.793,0.00,0.00,0.034
-93.77772780,42.02075048,F Fields (F1-F5),TaskName 5/5/2025 (GreenStar 4 Monitor),R-up/Sharpen,252,5/5/2025,1.000,On,1126.9,121.25,0.00,8.214,12.05,6.272,90.20,19.99,19.91,0,4,120.78,5/5/2025,Good,7.963,0.0021,2.986,0.00078,0.00,0.00,0.00,3.982,0.0010,1.991,0.00052,19.78,0.664,0.00,0.00,23.89,0.0063,0.00,0.00,0.00,0.00,0.00,2.787,0.00,0.00,0.034
-93.77768337,42.02075027,F Fields (F1-F5),TaskName 5/5/2025 (GreenStar 4 Monitor),R-up/Sharpen,253,5/5/2025,1.000,On,1126.9,121.25,0.00,8.207,12.04,6.129,89.66,19.99,19.89,0,4,120.62,5/5/2025,Good,7.955,0.0021,2.983,0.00078,0.00,0.00,0.00,3.977,0.0010,1.989,0.00052,19.76,0.662,0.00,0.00,23.86,0.0062,0.00,0.00,0.00,0.00,0.00,2.784,0.00,0.00,0.034
-93.77763900,42.02075032,F Fields (F1-F5),TaskName 5/5/2025 (GreenStar 4 Monitor),R-up/Sharpen,254,5/5/2025,1.000,On,1127.0,121.25,0.00,8.238,12.09,6.054,89.49,19.99,19.96,0,4,121.11,5/5/2025,Good,7.985,0.0021,2.994,0.00079,0.00,0.00,0.00,3.993,0.0010,1.996,0.00052,19.83,0.667,0.00,0.00,23.96,0.0063,0.00,0.00,0.00,0.00,0.00,2.795,0.00,0.00,0.034
-93.77759436,42.02075071,F Fields (F1-F5),TaskName 5/5/2025 (GreenStar 4 Monitor),R-up/Sharpen,255,5/5/2025,1.000,On,1127.1,121.25,0.00,8.226,12.07,5.789,90.03,19.99,19.98,0,4,120.98,5/5/2025,Good,7.992,0.0021,2.997,0.00079,0.00,0.00,0.00,3.996,0.0010,1.998,0.00052,19.85,0.667,0.00,0.00,23.98,0.0063,0.00,0.00,0.00,0.00,0.00,2.797,0.00,0.00,0.034
-93.77755000,42.02075086,F Fields (F1-F5),TaskName 5/5/2025 (GreenStar 4 Monitor),R-up/Sharpen,256,5/5/2025,1.000,On,1127.2,121.25,0.00,8.246,12.10,5.519,90.44,19.99,19.90,0,4,121.28,5/5/2025,Good,7.961,0.0021,2.986,0.00079,0.00,0.00,0.00,3.981,0.0010,1.990,0.00052,19.77,0.666,0.00,0.00,23.88,0.0063,0.00,0.00,0.00,0.00,0.00,2.787,0.00,0.00,0.034
-93.77750540,42.02075056,F Fields (F1-F5),TaskName 5/5/2025 (GreenStar 4 Monitor),R-up/Sharpen,257,5/5/2025,1.000,On,1127.3,121.25,0.00,8.254,12.11,5.252,90.83,19.99,19.87,0,4,121.34,5/5/2025,Good,7.950,0.0021,2.981,0.00079,0.00,0.00,0.00,3.975,0.0010,1.987,0.00052,19.75,0.666,0.00,0.00,23.85,0.0063,0.00,0.00,0.00,0.00,0.00,2.782,0.00,0.00,0.034
-93.77746118,42.02075007,F Fields (F1-F5),TaskName 5/5/2025 (GreenStar 4 Monitor),R-up/Sharpen,258,5/5/2025,1.000,On,1127.3,121.25,0.00,8.236,12.09,5.878,91.35,19.99,19.99,0,4,121.11,5/5/2025,Good,7.995,0.0021,2.998,0.00079,0.00,0.00,0.00,3.998,0.0011,1.999,0.00053,19.86,0.668,0.00,0.00,23.99,0.0063,0.00,0.00,0.00,0.00,0.00,2.798,0.00,0.00,0.034
-93.77745227,42.02074992,F Fields (F1-F5),TaskName 5/5/2025 (GreenStar 4 Monitor),R-up/Sharpen,259,5/5/2025,0.190,On,1127.4,121.25,0.00,8.214,2.289,6.175,91.53,19.99,20.06,0,4,120.74,5/5/2025,Good,8.022,0.00040,3.008,0.00015,0.00,0.00,0.00,4.011,0.00020,2.006,9.985e-05,19.93,0.127,0.00,0.00,24.07,0.0012,0.00,0.00,0.00,0.00,0.00,2.808,0.00,0.00,0.0064
-93.77744347,42.02074985,F Fields (F1-F5),TaskName 5/5/2025 (GreenStar 4 Monitor),R-up/Sharpen,260,5/5/2025,0.200,On,1127.3,107.50,6.875,8.207,2.407,6.149,91.70,19.99,20.10,0,4,106.94,5/5/2025,Good,8.039,0.00037,3.015,0.00014,0.00,0.00,0.00,4.020,0.00019,2.010,9.329e-05,19.97,0.119,0.00,0.00,24.12,0.0011,0.00,0.00,0.00,0.00,0.00,2.814,0.00,0.00,0.0059
-93.77743457,42.02074968,F Fields (F1-F5),TaskName 5/5/2025 (GreenStar 4 Monitor),R-up/Sharpen,261,5/5/2025,0.200,On,1127.4,60.00,30.62,8.194,2.404,5.871,91.79,19.99,21.06,0,4,59.61,5/5/2025,Good,8.424,0.00022,3.159,8.173e-05,0.00,0.00,0.00,4.212,0.00011,2.106,5.449e-05,20.92,0.069,0.00,0.00,25.27,0.00065,0.00,0.00,0.00,0.00,0.00,2.948,0.00,0.00,0.0033
-93.77742559,42.02074951,F Fields (F1-F5),TaskName 5/5/2025 (GreenStar 4 Monitor),R-up/Sharpen,262,5/5/2025,0.200,On,1127.4,13.75,53.75,8.201,2.407,5.666,91.81,19.99,21.87,0,4,13.68,5/5/2025,Good,8.749,5.194e-05,3.281,1.948e-05,0.00,0.00,0.00,4.375,2.597e-05,2.187,1.299e-05,21.73,0.017,0.00,0.00,26.25,0.00016,0.00,0.00,0.00,0.00,0.00,3.062,0.00,0.00,0.00076
-93.77742496,42.02087833,F Fields (F1-F5),TaskName 5/5/2025 (GreenStar 4 Monitor),R-up/Sharpen,263,5/5/2025,0.204,On,1127.1,27.50,44.37,8.339,2.494,4.649,266.54,19.99,19.90,0,5,27.79,5/5/2025,Good,7.958,9.791e-05,2.984,3.671e-05,0.00,0.00,0.00,3.979,4.895e-05,1.990,2.448e-05,19.77,0.031,0.00,0.00,23.87,0.00029,0.00,0.00,0.00,0.00,0.00,2.785,0.00,0.00,0.0016
-93.77745182,42.02087670,F Fields (F1-F5),TaskName 5/5/2025 (GreenStar 4 Monitor),R-up/Sharpen,264,5/5/2025,0.595,On,1127.0,43.75,36.25,8.348,7.283,4.853,267.70,19.99,21.69,0,5,44.26,5/5/2025,Good,8.677,0.00050,3.254,0.00019,0.00,0.00,0.00,4.338,0.00025,2.169,0.00012,21.55,0.158,0.00,0.00,26.03,0.0015,0.00,0.00,0.00,0.00,0.00,3.037,0.00,0.00,0.0073
-93.77749674,42.02087526,F Fields (F1-F5),TaskName 5/5/2025 (GreenStar 4 Monitor),R-up/Sharpen,265,5/5/2025,1.005,On,1126.8,45.00,36.87,8.338,12.28,4.804,268.78,19.99,21.40,0,5,45.46,5/5/2025,Good,8.560,0.00085,3.210,0.00032,0.00,0.00,0.00,4.280,0.00042,2.140,0.00021,21.26,0.270,0.00,0.00,25.68,0.0025,0.00,0.00,0.00,0.00,0.00,2.996,0.00,0.00,0.013
-93.77750567,42.02087513,F Fields (F1-F5),TaskName 5/5/2025 (GreenStar 4 Monitor),R-up/Sharpen,266,5/5/2025,0.195,On,1126.8,45.00,36.87,8.326,2.380,5.006,268.86,19.99,21.00,0,5,45.38,5/5/2025,Good,8.399,0.00016,3.149,6.049e-05,0.00,0.00,0.00,4.199,8.065e-05,2.100,4.032e-05,20.86,0.051,0.00,0.00,25.20,0.00048,0.00,0.00,0.00,0.00,0.00,2.940,0.00,0.00,0.0025
-93.77755059,42.02087441,F Fields (F1-F5),TaskName 5/5/2025 (GreenStar 4 Monitor),R-up/Sharpen,267,5/5/2025,1.001,On,1126.6,43.75,37.50,8.309,12.18,4.501,269.39,19.99,20.61,0,5,44.01,5/5/2025,Good,8.243,0.00079,3.091,0.00030,0.00,0.00,0.00,4.121,0.00039,2.061,0.00020,20.47,0.251,0.00,0.00,24.73,0.0024,0.00,0.00,0.00,0.00,0.00,2.885,0.00,0.00,0.012
-93.77759500,42.02087403,F Fields (F1-F5),TaskName 5/5/2025 (GreenStar 4 Monitor),R-up/Sharpen,268,5/5/2025,1.000,On,1126.4,43.75,37.50,8.274,12.13,4.447,269.58,19.99,20.20,0,5,43.86,5/5/2025,Good,8.078,0.00077,3.029,0.00029,0.00,0.00,0.00,4.039,0.00038,2.020,0.00019,20.06,0.244,0.00,0.00,24.24,0.0023,0.00,0.00,0.00,0.00,0.00,2.827,0.00,0.00,0.012
-93.77763968,42.02087360,F Fields (F1-F5),TaskName 5/5/2025 (GreenStar 4 Monitor),R-up/Sharpen,269,5/5/2025,0.999,On,1126.3,43.75,37.50,8.267,12.12,4.197,269.88,19.99,20.06,0,5,43.88,5/5/2025,Good,8.024,0.00076,3.009,0.00029,0.00,0.00,0.00,4.012,0.00038,2.006,0.00019,19.93,0.243,0.00,0.00,24.07,0.0023,0.00,0.00,0.00,0.00,0.00,2.808,0.00,0.00,0.012
-93.77768378,42.02087333,F Fields (F1-F5),TaskName 5/5/2025 (GreenStar 4 Monitor),R-up/Sharpen,270,5/5/2025,1.000,On,1126.2,43.75,37.50,8.232,12.07,5.180,270.11,19.99,20.08,0,5,43.65,5/5/2025,Good,8.030,0.00076,3.011,0.00029,0.00,0.00,0.00,4.015,0.00038,2.008,0.00019,19.94,0.242,0.00,0.00,24.09,0.0023,0.00,0.00,0.00,0.00,0.00,2.811,0.00,0.00,0.012
-93.77772799,42.02087347,F Fields (F1-F5),TaskName 5/5/2025 (GreenStar 4 Monitor),R-up/Sharpen,271,5/5/2025,1.000,On,1126.2,43.75,37.50,8.159,11.96,5.589,269.82,19.99,20.11,0,5,43.26,5/5/2025,Good,8.043,0.00075,3.016,0.00028,0.00,0.00,0.00,4.021,0.00038,2.011,0.00019,19.98,0.240,0.00,0.00,24.13,0.0023,0.00,0.00,0.00,0.00,0.00,2.815,0.00,0.00,0.012
-93.77777220,42.02087333,F Fields (F1-F5),TaskName 5/5/2025 (GreenStar 4 Monitor),R-up/Sharpen,272,5/5/2025,1.001,On,1126.3,43.75,37.50,8.201,12.04,5.510,269.91,19.99,20.06,0,5,43.50,5/5/2025,Good,8.026,0.00076,3.010,0.00028,0.00,0.00,0.00,4.013,0.00038,2.006,0.00019,19.93,0.241,0.00,0.00,24.08,0.0023,0.00,0.00,0.00,0.00,0.00,2.809,0.00,0.00,0.012
-93.77781644,42.02087304,F Fields (F1-F5),TaskName 5/5/2025 (GreenStar 4 Monitor),R-up/Sharpen,273,5/5/2025,1.004,On,1126.3,43.75,37.50,8.185,12.05,5.672,270.14,19.99,20.02,0,5,43.39,5/5/2025,Good,8.006,0.00076,3.002,0.00028,0.00,0.00,0.00,4.003,0.00038,2.002,0.00019,19.88,0.241,0.00,0.00,24.02,0.0023,0.00,0.00,0.00,0.00,0.00,2.802,0.00,0.00,0.012
-93.77786102,42.02087310,F Fields (F1-F5),TaskName 5/5/2025 (GreenStar 4 Monitor),R-up/Sharpen,274,5/5/2025,1.005,On,1126.1,42.50,38.12,8.228,12.13,5.277,270.02,19.99,20.01,0,5,42.38,5/5/2025,Good,8.003,0.00074,3.001,0.00028,0.00,0.00,0.00,4.001,0.00037,2.001,0.00018,19.88,0.235,0.00,0.00,24.01,0.0022,0.00,0.00,0.00,0.00,0.00,2.801,0.00,0.00,0.012
-93.77790633,42.02087309,F Fields (F1-F5),TaskName 5/5/2025 (GreenStar 4 Monitor),R-up/Sharpen,275,5/5/2025,0.996,On,1125.9,42.50,38.12,8.329,12.15,4.488,270.21,19.99,19.94,0,5,42.86,5/5/2025,Good,7.975,0.00074,2.991,0.00028,0.00,0.00,0.00,3.988,0.00037,1.994,0.00018,19.81,0.235,0.00,0.00,23.93,0.0022,0.00,0.00,0.00,0.00,0.00,2.791,0.00,0.00,0.012
-93.77795157,42.02087317,F Fields (F1-F5),TaskName 5/5/2025 (GreenStar 4 Monitor),R-up/Sharpen,276,5/5/2025,0.994,On,1125.7,42.50,38.12,8.395,12.25,4.269,270.42,19.99,19.89,0,5,43.29,5/5/2025,Good,7.956,0.00074,2.983,0.00028,0.00,0.00,0.00,3.978,0.00037,1.989,0.00019,19.76,0.236,0.00,0.00,23.87,0.0022,0.00,0.00,0.00,0.00,0.00,2.784,0.00,0.00,0.012
-93.77798742,42.02087351,F Fields (F1-F5),TaskName 5/5/2025 (GreenStar 4 Monitor),R-up/Sharpen,277,5/5/2025,0.805,On,1125.6,42.50,38.12,8.341,9.843,4.429,270.04,19.99,19.75,0,5,42.95,5/5/2025,Good,7.902,0.00059,2.963,0.00022,0.00,0.00,0.00,3.951,0.00030,1.975,0.00015,19.63,0.188,0.00,0.00,23.71,0.0018,0.00,0.00,0.00,0.00,0.00,2.766,0.00,0.00,0.0096
-93.77803184,42.02087368,F Fields (F1-F5),TaskName 5/5/2025 (GreenStar 4 Monitor),R-up/Sharpen,278,5/5/2025,1.000,On,1125.6,43.75,37.50,8.260,12.11,5.165,269.84,19.99,19.88,0,5,43.79,5/5/2025,Good,7.952,0.00076,2.982,0.00028,0.00,0.00,0.00,3.976,0.00038,1.988,0.00019,19.75,0.240,0.00,0.00,23.86,0.0023,0.00,0.00,0.00,0.00,0.00,2.783,0.00,0.00,0.012
-93.77805843,42.02087354,F Fields (F1-F5),TaskName 5/5/2025 (GreenStar 4 Monitor),R-up/Sharpen,279,5/5/2025,0.605,On,1125.6,43.75,37.50,8.212,7.286,4.878,270.03,19.99,19.85,0,5,43.55,5/5/2025,Good,7.939,0.00045,2.977,0.00017,0.00,0.00,0.00,3.969,0.00023,1.985,0.00011,19.72,0.144,0.00,0.00,23.82,0.0014,0.00,0.00,0.00,0.00,0.00,2.779,0.00,0.00,0.0073
-93.77810251,42.02087363,F Fields (F1-F5),TaskName 5/5/2025 (GreenStar 4 Monitor),R-up/Sharpen,280,5/5/2025,1.000,On,1125.6,42.50,38.12,8.190,12.01,4.943,269.98,19.99,19.78,0,5,42.18,5/5/2025,Good,7.911,0.00072,2.967,0.00027,0.00,0.00,0.00,3.955,0.00036,1.978,0.00018,19.65,0.230,0.00,0.00,23.73,0.0022,0.00,0.00,0.00,0.00,0.00,2.769,0.00,0.00,0.012
-93.77814668,42.02087374,F Fields (F1-F5),TaskName 5/5/2025 (GreenStar 4 Monitor),R-up/Sharpen,281,5/5/2025,1.000,On,1125.6,42.50,38.12,8.176,11.99,5.149,269.91,19.99,19.84,0,5,42.11,5/5/2025,Good,7.938,0.00073,2.977,0.00027,0.00,0.00,0.00,3.969,0.00036,1.984,0.00018,19.72,0.231,0.00,0.00,23.81,0.0022,0.00,0.00,0.00,0.00,0.00,2.778,0.00,0.00,0.012
-93.77815537,42.02087365,F Fields (F1-F5),TaskName 5/5/2025 (GreenStar 4 Monitor),R-up/Sharpen,282,5/5/2025,0.195,On,1125.7,42.50,38.12,8.201,2.343,5.633,269.99,19.99,19.85,0,5,42.21,5/5/2025,Good,7.941,0.00014,2.978,5.319e-05,0.00,0.00,0.00,3.971,7.092e-05,1.985,3.546e-05,19.72,0.045,0.00,0.00,23.82,0.00043,0.00,0.00,0.00,0.00,0.00,2.779,0.00,0.00,0.0023
-93.77818194,42.02087369,F Fields (F1-F5),TaskName 5/5/2025 (GreenStar 4 Monitor),R-up/Sharpen,283,5/5/2025,0.595,On,1125.7,43.75,37.50,8.187,7.145,5.182,269.95,19.99,19.95,0,5,43.42,5/5/2025,Good,7.979,0.00045,2.992,0.00017,0.00,0.00,0.00,3.989,0.00022,1.995,0.00011,19.82,0.142,0.00,0.00,23.94,0.0013,0.00,0.00,0.00,0.00,0.00,2.793,0.00,0.00,0.0072
-93.77822633,42.02087377,F Fields (F1-F5),TaskName 5/5/2025 (GreenStar 4 Monitor),R-up/Sharpen,284,5/5/2025,1.005,On,1125.6,42.50,38.12,8.202,12.08,5.315,269.84,19.99,19.92,0,5,42.24,5/5/2025,Good,7.968,0.00073,2.988,0.00028,0.00,0.00,0.00,3.984,0.00037,1.992,0.00018,19.79,0.233,0.00,0.00,23.90,0.0022,0.00,0.00,0.00,0.00,0.00,2.789,0.00,0.00,0.012
-93.77827063,42.02087395,F Fields (F1-F5),TaskName 5/5/2025 (GreenStar 4 Monitor),R-up/Sharpen,285,5/5/2025,1.005,On,1125.6,42.50,38.12,8.200,12.08,5.277,269.56,19.99,19.91,0,5,42.22,5/5/2025,Good,7.965,0.00073,2.987,0.00028,0.00,0.00,0.00,3.982,0.00037,1.991,0.00018,19.78,0.233,0.00,0.00,23.89,0.0022,0.00,0.00,0.00,0.00,0.00,2.788,0.00,0.00,0.012
-93.77830621,42.02087391,F Fields (F1-F5),TaskName 5/5/2025 (GreenStar 4 Monitor),R-up/Sharpen,286,5/5/2025,0.790,On,1125.6,42.50,38.12,8.219,9.518,4.992,269.66,19.99,19.95,0,5,42.32,5/5/2025,Good,7.978,0.00058,2.992,0.00022,0.00,0.00,0.00,3.989,0.00029,1.995,0.00014,19.82,0.184,0.00,0.00,23.94,0.0017,0.00,0.00,0.00,0.00,0.00,2.792,0.00,0.00,0.0093
-93.77833287,42.02087384,F Fields (F1-F5),TaskName 5/5/2025 (GreenStar 4 Monitor),R-up/Sharpen,287,5/5/2025,0.601,On,1125.5,41.25,38.75,8.224,7.237,5.078,269.65,19.99,19.97,0,5,41.05,5/5/2025,Good,7.989,0.00043,2.996,0.00016,0.00,0.00,0.00,3.995,0.00021,1.997,0.00011,19.84,0.136,0.00,0.00,23.97,0.0013,0.00,0.00,0.00,0.00,0.00,2.796,0.00,0.00,0.0069
-93.77835954,42.02087373,F Fields (F1-F5),TaskName 5/5/2025 (GreenStar 4 Monitor),R-up/Sharpen,288,5/5/2025,0.604,On,1125.5,40.00,39.37,8.237,7.309,4.948,269.82,19.99,20.02,0,5,40.00,5/5/2025,Good,8.008,0.00042,3.003,0.00016,0.00,0.00,0.00,4.004,0.00021,2.002,0.00010,19.89,0.134,0.00,0.00,24.02,0.0013,0.00,0.00,0.00,0.00,0.00,2.803,0.00,0.00,0.0067
-93.77838646,42.02087369,F Fields (F1-F5),TaskName 5/5/2025 (GreenStar 4 Monitor),R-up/Sharpen,289,5/5/2025,0.600,On,1125.5,38.75,40.00,8.258,7.267,4.221,269.77,19.99,19.85,0,5,38.79,5/5/2025,Good,7.941,0.00040,2.978,0.00015,0.00,0.00,0.00,3.971,0.00020,1.985,0.00010,19.72,0.128,0.00,0.00,23.82,0.0012,0.00,0.00,0.00,0.00,0.00,2.779,0.00,0.00,0.0065
-93.77840437,42.02087363,F Fields (F1-F5),TaskName 5/5/2025 (GreenStar 4 Monitor),R-up/Sharpen,290,5/5/2025,0.396,On,1125.4,37.50,40.62,8.301,4.821,4.091,269.79,19.99,19.95,0,5,37.73,5/5/2025,Good,7.979,0.00026,2.992,9.703e-05,0.00,0.00,0.00,3.989,0.00013,1.995,6.468e-05,19.82,0.082,0.00,0.00,23.94,0.00078,0.00,0.00,0.00,0.00,0.00,2.793,0.00,0.00,0.0042
-93.77843120,42.02087362,F Fields (F1-F5),TaskName 5/5/2025 (GreenStar 4 Monitor),R-up/Sharpen,291,5/5/2025,0.599,On,1125.4,36.25,41.25,8.297,7.286,4.555,269.74,19.99,19.95,0,5,36.44,5/5/2025,Good,7.981,0.00038,2.993,0.00014,0.00,0.00,0.00,3.991,0.00019,1.995,9.452e-05,19.82,0.120,0.00,0.00,23.94,0.0011,0.00,0.00,0.00,0.00,0.00,2.793,0.00,0.00,0.0061
-93.77845762,42.02087346,F Fields (F1-F5),TaskName 5/5/2025 (GreenStar 4 Monitor),R-up/Sharpen,292,5/5/2025,0.605,On,1125.4,35.00,41.87,8.233,7.303,5.422,269.95,19.99,20.06,0,5,34.91,5/5/2025,Good,8.024,0.00037,3.009,0.00014,0.00,0.00,0.00,4.012,0.00018,2.006,9.196e-05,19.93,0.117,0.00,0.00,24.07,0.0011,0.00,0.00,0.00,0.00,0.00,2.808,0.00,0.00,0.0059
-93.77847538,42.02087342,F Fields (F1-F5),TaskName 5/5/2025 (GreenStar 4 Monitor),R-up/Sharpen,293,5/5/2025,0.395,On,1125.3,33.75,42.50,8.185,4.739,5.501,269.96,19.99,20.06,0,5,33.47,5/5/2025,Good,8.024,0.00023,3.009,8.632e-05,0.00,0.00,0.00,4.012,0.00012,2.006,5.755e-05,19.93,0.073,0.00,0.00,24.07,0.00069,0.00,0.00,0.00,0.00,0.00,2.808,0.00,0.00,0.0037
-93.77849307,42.02087338,F Fields (F1-F5),TaskName 5/5/2025 (GreenStar 4 Monitor),R-up/Sharpen,294,5/5/2025,0.401,On,1125.3,32.50,43.12,8.193,4.805,5.551,270.07,19.99,20.13,0,5,32.18,5/5/2025,Good,8.050,0.00023,3.019,8.455e-05,0.00,0.00,0.00,4.025,0.00011,2.013,5.637e-05,19.99,0.072,0.00,0.00,24.15,0.00068,0.00,0.00,0.00,0.00,0.00,2.818,0.00,0.00,0.0036
-93.77851074,42.02087354,F Fields (F1-F5),TaskName 5/5/2025 (GreenStar 4 Monitor),R-up/Sharpen,295,5/5/2025,0.399,On,1125.3,31.25,43.75,8.198,4.808,5.229,269.93,19.99,20.06,0,5,31.12,5/5/2025,Good,8.024,0.00022,3.009,8.109e-05,0.00,0.00,0.00,4.012,0.00011,2.006,5.406e-05,19.93,0.069,0.00,0.00,24.07,0.00065,0.00,0.00,0.00,0.00,0.00,2.808,0.00,0.00,0.0034
-93.77853756,42.02087363,F Fields (F1-F5),TaskName 5/5/2025 (GreenStar 4 Monitor),R-up/Sharpen,296,5/5/2025,0.606,On,1125.3,30.00,44.37,8.240,7.322,5.037,269.79,19.99,20.03,0,5,29.96,5/5/2025,Good,8.011,0.00032,3.004,0.00012,0.00,0.00,0.00,4.005,0.00016,2.003,7.890e-05,19.90,0.100,0.00,0.00,24.03,0.00095,0.00,0.00,0.00,0.00,0.00,2.804,0.00,0.00,0.0050
-93.77857318,42.02087370,F Fields (F1-F5),TaskName 5/5/2025 (GreenStar 4 Monitor),R-up/Sharpen,297,5/5/2025,0.799,On,1125.3,28.75,45.00,8.260,9.681,5.019,269.63,19.99,20.06,0,5,28.79,5/5/2025,Good,8.023,0.00040,3.009,0.00015,0.00,0.00,0.00,4.012,0.00020,2.006,0.00010,19.93,0.127,0.00,0.00,24.07,0.0012,0.00,0.00,0.00,0.00,0.00,2.808,0.00,0.00,0.0064
-93.77861725,42.02087348,F Fields (F1-F5),TaskName 5/5/2025 (GreenStar 4 Monitor),R-up/Sharpen,298,5/5/2025,1.000,On,1125.5,27.50,45.62,8.194,12.02,5.480,269.89,19.99,20.05,0,5,27.32,5/5/2025,Good,8.021,0.00048,3.008,0.00018,0.00,0.00,0.00,4.011,0.00024,2.005,0.00012,19.92,0.151,0.00,0.00,24.06,0.0014,0.00,0.00,0.00,0.00,0.00,2.808,0.00,0.00,0.0076
-93.77863478,42.02087332,F Fields (F1-F5),TaskName 5/5/2025 (GreenStar 4 Monitor),R-up/Sharpen,299,5/5/2025,0.405,On,1125.5,27.50,45.62,8.158,4.846,5.630,270.12,19.99,20.08,0,5,27.19,5/5/2025,Good,8.032,0.00019,3.012,7.199e-05,0.00,0.00,0.00,4.016,9.599e-05,2.008,4.799e-05,19.95,0.061,0.00,0.00,24.10,0.00058,0.00,0.00,0.00,0.00,0.00,2.811,0.00,0.00,0.0031
-93.77867869,42.02087335,F Fields (F1-F5),TaskName 5/5/2025 (GreenStar 4 Monitor),R-up/Sharpen,300,5/5/2025,0.995,On,1125.7,26.25,46.25,8.144,11.88,5.807,270.11,19.99,20.06,0,5,25.91,5/5/2025,Good,8.024,0.00045,3.009,0.00017,0.00,0.00,0.00,4.012,0.00022,2.006,0.00011,19.93,0.143,0.00,0.00,24.07,0.0013,0.00,0.00,0.00,0.00,0.00,2.809,0.00,0.00,0.0072
-93.77872259,42.02087364,F Fields (F1-F5),TaskName 5/5/2025 (GreenStar 4 Monitor),R-up/Sharpen,301,5/5/2025,1.005,On,1125.9,26.25,46.25,8.135,11.99,5.929,269.78,19.99,20.02,0,5,25.89,5/5/2025,Good,8.009,0.00045,3.003,0.00017,0.00,0.00,0.00,4.004,0.00023,2.002,0.00011,19.89,0.144,0.00,0.00,24.03,0.0014,0.00,0.00,0.00,0.00,0.00,2.803,0.00,0.00,0.0072
-93.77874918,42.02087370,F Fields (F1-F5),TaskName 5/5/2025 (GreenStar 4 Monitor),R-up/Sharpen,302,5/5/2025,0.590,On,1126.0,26.25,46.25,8.138,7.042,5.433,269.76,19.99,20.02,0,5,25.89,5/5/2025,Good,8.010,0.00027,3.004,9.959e-05,0.00,0.00,0.00,4.005,0.00013,2.002,6.639e-05,19.89,0.084,0.00,0.00,24.03,0.00080,0.00,0.00,0.00,0.00,0.00,2.803,0.00,0.00,0.0042
-93.77879356,42.02087355,F Fields (F1-F5),TaskName 5/5/2025 (GreenStar 4 Monitor),R-up/Sharpen,303,5/5/2025,1.005,On,1126.0,27.50,45.62,8.201,12.09,4.725,269.82,19.99,19.92,0,5,27.34,5/5/2025,Good,7.967,0.00048,2.988,0.00018,0.00,0.00,0.00,3.984,0.00024,1.992,0.00012,19.79,0.151,0.00,0.00,23.90,0.0014,0.00,0.00,0.00,0.00,0.00,2.789,0.00,0.00,0.0076
-93.77880246,42.02087353,F Fields (F1-F5),TaskName 5/5/2025 (GreenStar 4 Monitor),R-up/Sharpen,304,5/5/2025,0.200,On,1126.0,27.50,45.62,8.236,2.416,4.458,269.87,19.99,19.84,0,5,27.46,5/5/2025,Good,7.937,9.459e-05,2.976,3.547e-05,0.00,0.00,0.00,3.968,4.729e-05,1.984,2.365e-05,19.71,0.030,0.00,0.00,23.81,0.00028,0.00,0.00,0.00,0.00,0.00,2.778,0.00,0.00,0.0015
-93.77882923,42.02087351,F Fields (F1-F5),TaskName 5/5/2025 (GreenStar 4 Monitor),R-up/Sharpen,305,5/5/2025,0.596,On,1126.1,28.75,45.00,8.245,7.193,4.435,269.84,19.99,19.84,0,5,28.68,5/5/2025,Good,7.936,0.00029,2.976,0.00011,0.00,0.00,0.00,3.968,0.00015,1.984,7.359e-05,19.71,0.094,0.00,0.00,23.81,0.00088,0.00,0.00,0.00,0.00,0.00,2.778,0.00,0.00,0.0047
-93.77884710,42.02087351,F Fields (F1-F5),TaskName 5/5/2025 (GreenStar 4 Monitor),R-up/Sharpen,306,5/5/2025,0.400,On,1126.1,30.00,44.37,8.252,4.852,4.402,269.88,19.99,19.89,0,5,30.08,5/5/2025,Good,7.956,0.00021,2.984,7.789e-05,0.00,0.00,0.00,3.978,0.00010,1.989,5.193e-05,19.76,0.066,0.00,0.00,23.87,0.00062,0.00,0.00,0.00,0.00,0.00,2.785,0.00,0.00,0.0033
-93.77886491,42.02087346,F Fields (F1-F5),TaskName 5/5/2025 (GreenStar 4 Monitor),R-up/Sharpen,307,5/5/2025,0.399,On,1126.1,31.25,43.75,8.253,4.829,4.527,269.91,19.99,19.78,0,5,31.26,5/5/2025,Good,7.911,0.00021,2.967,8.030e-05,0.00,0.00,0.00,3.956,0.00011,1.978,5.353e-05,19.65,0.068,0.00,0.00,23.73,0.00064,0.00,0.00,0.00,0.00,0.00,2.769,0.00,0.00,0.0035
-93.77888272,42.02087342,F Fields (F1-F5),TaskName 5/5/2025 (GreenStar 4 Monitor),R-up/Sharpen,308,5/5/2025,0.400,On,1126.1,32.50,43.12,8.232,4.829,4.453,269.95,19.99,19.77,0,5,32.43,5/5/2025,Good,7.906,0.00022,2.965,8.346e-05,0.00,0.00,0.00,3.953,0.00011,1.977,5.564e-05,19.64,0.071,0.00,0.00,23.72,0.00067,0.00,0.00,0.00,0.00,0.00,2.767,0.00,0.00,0.0036
-93.77890039,42.02087344,F Fields (F1-F5),TaskName 5/5/2025 (GreenStar 4 Monitor),R-up/Sharpen,309,5/5/2025,0.410,On,1126.1,33.75,42.50,8.234,4.951,4.546,269.97,19.99,19.74,0,5,33.68,5/5/2025,Good,7.898,0.00024,2.962,8.876e-05,0.00,0.00,0.00,3.949,0.00012,1.974,5.917e-05,19.62,0.075,0.00,0.00,23.69,0.00071,0.00,0.00,0.00,0.00,0.00,2.764,0.00,0.00,0.0038
-93.77890939,42.02087343,F Fields (F1-F5),TaskName 5/5/2025 (GreenStar 4 Monitor),R-up/Sharpen,310,5/5/2025,0.190,On,1126.2,35.00,41.87,8.212,2.288,4.392,269.94,19.99,19.68,0,5,34.84,5/5/2025,Good,7.873,0.00011,2.952,4.241e-05,0.00,0.00,0.00,3.936,5.654e-05,1.968,2.827e-05,19.55,0.036,0.00,0.00,23.62,0.00034,0.00,0.00,0.00,0.00,0.00,2.755,0.00,0.00,0.0018
-93.77892710,42.02087345,F Fields (F1-F5),TaskName 5/5/2025 (GreenStar 4 Monitor),R-up/Sharpen,311,5/5/2025,0.405,On,1126.2,36.25,41.25,8.235,4.892,4.551,269.91,19.99,19.76,0,5,36.19,5/5/2025,Good,7.903,0.00025,2.964,9.425e-05,0.00,0.00,0.00,3.951,0.00013,1.976,6.284e-05,19.63,0.080,0.00,0.00,23.71,0.00075,0.00,0.00,0.00,0.00,0.00,2.766,0.00,0.00,0.0041
-93.77893593,42.02087345,F Fields (F1-F5),TaskName 5/5/2025 (GreenStar 4 Monitor),R-up/Sharpen,312,5/5/2025,0.195,On,1126.3,37.50,40.62,8.227,2.354,4.656,269.95,19.99,19.60,0,5,37.41,5/5/2025,Good,7.838,0.00012,2.939,4.654e-05,0.00,0.00,0.00,3.919,6.205e-05,1.960,3.103e-05,19.47,0.039,0.00,0.00,23.52,0.00037,0.00,0.00,0.00,0.00,0.00,2.743,0.00,0.00,0.0020
-93.77894479,42.02087353,F Fields (F1-F5),TaskName 5/5/2025 (GreenStar 4 Monitor),R-up/Sharpen,313,5/5/2025,0.201,On,1126.3,38.75,40.00,8.203,2.407,4.748,269.92,19.99,19.64,0,5,38.34,5/5/2025,Good,7.856,0.00013,2.946,4.927e-05,0.00,0.00,0.00,3.928,6.569e-05,1.964,3.285e-05,19.51,0.042,0.00,0.00,23.57,0.00039,0.00,0.00,0.00,0.00,0.00,2.749,0.00,0.00,0.0021
-93.77896244,42.02087353,F Fields (F1-F5),TaskName 5/5/2025 (GreenStar 4 Monitor),R-up/Sharpen,314,5/5/2025,0.399,On,1126.3,40.00,39.37,8.196,4.810,4.904,269.93,19.99,19.77,0,5,39.85,5/5/2025,Good,7.907,0.00027,2.965,0.00010,0.00,0.00,0.00,3.953,0.00014,1.977,6.821e-05,19.64,0.087,0.00,0.00,23.72,0.00082,0.00,0.00,0.00,0.00,0.00,2.767,0.00,0.00,0.0044
-93.77897994,42.02087343,F Fields (F1-F5),TaskName 5/5/2025 (GreenStar 4 Monitor),R-up/Sharpen,315,5/5/2025,0.401,On,1126.4,42.50,38.12,8.170,4.793,5.188,270.05,19.99,19.76,0,5,41.99,5/5/2025,Good,7.905,0.00029,2.964,0.00011,0.00,0.00,0.00,3.952,0.00014,1.976,7.220e-05,19.63,0.092,0.00,0.00,23.71,0.00087,0.00,0.00,0.00,0.00,0.00,2.767,0.00,0.00,0.0047
-93.77898877,42.02087344,F Fields (F1-F5),TaskName 5/5/2025 (GreenStar 4 Monitor),R-up/Sharpen,316,5/5/2025,0.209,On,1126.4,43.75,37.50,8.138,2.508,5.079,270.02,19.99,19.62,0,5,43.39,5/5/2025,Good,7.847,0.00015,2.943,5.791e-05,0.00,0.00,0.00,3.923,7.722e-05,1.962,3.861e-05,19.49,0.049,0.00,0.00,23.54,0.00046,0.00,0.00,0.00,0.00,0.00,2.746,0.00,0.00,0.0025
-93.77899758,42.02087351,F Fields (F1-F5),TaskName 5/5/2025 (GreenStar 4 Monitor),R-up/Sharpen,317,5/5/2025,0.191,On,1126.5,45.00,36.87,8.142,2.269,5.138,269.99,19.99,19.70,0,5,44.17,5/5/2025,Good,7.881,0.00014,2.955,5.412e-05,0.00,0.00,0.00,3.941,7.215e-05,1.970,3.608e-05,19.57,0.046,0.00,0.00,23.64,0.00043,0.00,0.00,0.00,0.00,0.00,2.758,0.00,0.00,0.0023
-93.77900638,42.02087355,F Fields (F1-F5),TaskName 5/5/2025 (GreenStar 4 Monitor),R-up/Sharpen,318,5/5/2025,0.200,On,1126.5,46.25,36.25,8.151,2.403,5.191,269.98,19.99,19.61,0,5,45.93,5/5/2025,Good,7.843,0.00016,2.941,5.863e-05,0.00,0.00,0.00,3.921,7.817e-05,1.961,3.909e-05,19.48,0.050,0.00,0.00,23.53,0.00047,0.00,0.00,0.00,0.00,0.00,2.745,0.00,0.00,0.0026
-93.77901516,42.02087353,F Fields (F1-F5),TaskName 5/5/2025 (GreenStar 4 Monitor),R-up/Sharpen,319,5/5/2025,0.199,On,1126.6,47.50,35.62,8.156,2.380,5.165,269.99,19.99,19.71,0,5,46.95,5/5/2025,Good,7.885,0.00016,2.957,5.996e-05,0.00,0.00,0.00,3.943,7.995e-05,1.971,3.998e-05,19.59,0.051,0.00,0.00,23.66,0.00048,0.00,0.00,0.00,0.00,0.00,2.760,0.00,0.00,0.0026
-93.77902402,42.02087352,F Fields (F1-F5),TaskName 5/5/2025 (GreenStar 4 Monitor),R-up/Sharpen,320,5/5/2025,0.200,On,1126.6,50.00,34.37,8.154,2.393,5.092,269.98,19.99,19.71,0,5,49.45,5/5/2025,Good,7.885,0.00017,2.957,6.347e-05,0.00,0.00,0.00,3.943,8.462e-05,1.971,4.231e-05,19.59,0.054,0.00,0.00,23.66,0.00051,0.00,0.00,0.00,0.00,0.00,2.760,0.00,0.00,0.0027
-93.77903287,42.02087356,F Fields (F1-F5),TaskName 5/5/2025 (GreenStar 4 Monitor),R-up/Sharpen,321,5/5/2025,0.205,On,1126.7,51.25,33.75,8.163,2.456,5.032,269.97,19.99,19.66,0,5,50.74,5/5/2025,Good,7.864,0.00018,2.949,6.657e-05,0.00,0.00,0.00,3.932,8.876e-05,1.966,4.438e-05,19.53,0.056,0.00,0.00,23.59,0.00053,0.00,0.00,0.00,0.00,0.00,2.752,0.00,0.00,0.0029
-93.77904168,42.02087360,F Fields (F1-F5),TaskName 5/5/2025 (GreenStar 4 Monitor),R-up/Sharpen,322,5/5/2025,0.191,On,1126.7,52.50,33.12,8.176,2.292,5.072,269.91,19.99,19.82,0,5,52.06,5/5/2025,Good,7.928,0.00017,2.973,6.415e-05,0.00,0.00,0.00,3.964,8.554e-05,1.982,4.277e-05,19.69,0.054,0.00,0.00,23.78,0.00051,0.00,0.00,0.00,0.00,0.00,2.775,0.00,0.00,0.0028
-93.77905045,42.02087358,F Fields (F1-F5),TaskName 5/5/2025 (GreenStar 4 Monitor),R-up/Sharpen,323,5/5/2025,0.204,On,1126.7,53.75,32.50,8.174,2.446,5.257,269.88,19.99,19.60,0,5,53.26,5/5/2025,Good,7.838,0.00018,2.939,6.931e-05,0.00,0.00,0.00,3.919,9.241e-05,1.960,4.620e-05,19.47,0.059,0.00,0.00,23.52,0.00055,0.00,0.00,0.00,0.00,0.00,2.743,0.00,0.00,0.0030
-93.77905918,42.02087361,F Fields (F1-F5),TaskName 5/5/2025 (GreenStar 4 Monitor),R-up/Sharpen,324,5/5/2025,0.200,On,1126.8,56.25,31.25,8.160,2.393,5.277,269.84,19.99,19.54,0,5,55.63,5/5/2025,Good,7.817,0.00019,2.931,7.078e-05,0.00,0.00,0.00,3.909,9.437e-05,1.954,4.719e-05,19.42,0.060,0.00,0.00,23.45,0.00057,0.00,0.00,0.00,0.00,0.00,2.736,0.00,0.00,0.0031
-93.77906795,42.02087364,F Fields (F1-F5),TaskName 5/5/2025 (GreenStar 4 Monitor),R-up/Sharpen,325,5/5/2025,0.195,On,1126.8,57.50,30.62,8.138,2.328,5.138,269.81,19.99,19.59,0,5,56.73,5/5/2025,Good,7.834,0.00019,2.938,7.052e-05,0.00,0.00,0.00,3.917,9.403e-05,1.959,4.702e-05,19.46,0.060,0.00,0.00,23.50,0.00056,0.00,0.00,0.00,0.00,0.00,2.742,0.00,0.00,0.0031
-93.77907674,42.02087370,F Fields (F1-F5),TaskName 5/5/2025 (GreenStar 4 Monitor),R-up/Sharpen,326,5/5/2025,0.215,On,1126.9,60.00,29.37,8.125,2.561,5.264,269.79,19.99,19.54,0,5,59.06,5/5/2025,Good,7.817,0.00022,2.931,8.078e-05,0.00,0.00,0.00,3.909,0.00011,1.954,5.385e-05,19.42,0.068,0.00,0.00,23.45,0.00065,0.00,0.00,0.00,0.00,0.00,2.736,0.00,0.00,0.0035
-93.77908550,42.02087368,F Fields (F1-F5),TaskName 5/5/2025 (GreenStar 4 Monitor),R-up/Sharpen,327,5/5/2025,0.190,On,1126.9,61.25,28.75,8.125,2.265,5.257,269.80,19.99,19.51,0,5,60.36,5/5/2025,Good,7.804,0.00019,2.927,7.283e-05,0.00,0.00,0.00,3.902,9.711e-05,1.951,4.855e-05,19.38,0.062,0.00,0.00,23.41,0.00058,0.00,0.00,0.00,0.00,0.00,2.731,0.00,0.00,0.0032
-93.77909429,42.02087363,F Fields (F1-F5),TaskName 5/5/2025 (GreenStar 4 Monitor),R-up/Sharpen,328,5/5/2025,0.200,On,1126.9,62.50,28.12,8.125,2.384,5.283,269.84,19.99,19.55,0,5,61.56,5/5/2025,Good,7.821,0.00021,2.933,7.836e-05,0.00,0.00,0.00,3.911,0.00010,1.955,5.224e-05,19.43,0.066,0.00,0.00,23.46,0.00063,0.00,0.00,0.00,0.00,0.00,2.737,0.00,0.00,0.0034
-93.77910308,42.02087356,F Fields (F1-F5),TaskName 5/5/2025 (GreenStar 4 Monitor),R-up/Sharpen,329,5/5/2025,0.200,On,1127.0,65.00,26.87,8.125,2.384,5.231,269.89,19.99,19.45,0,5,64.02,5/5/2025,Good,7.779,0.00022,2.917,8.105e-05,0.00,0.00,0.00,3.889,0.00011,1.945,5.404e-05,19.32,0.069,0.00,0.00,23.34,0.00065,0.00,0.00,0.00,0.00,0.00,2.722,0.00,0.00,0.0036
-93.77911189,42.02087353,F Fields (F1-F5),TaskName 5/5/2025 (GreenStar 4 Monitor),R-up/Sharpen,330,5/5/2025,0.201,On,1127.0,66.25,26.25,8.131,2.397,5.039,269.95,19.99,19.54,0,5,65.28,5/5/2025,Good,7.817,0.00022,2.931,8.348e-05,0.00,0.00,0.00,3.909,0.00011,1.954,5.565e-05,19.42,0.071,0.00,0.00,23.45,0.00067,0.00,0.00,0.00,0.00,0.00,2.736,0.00,0.00,0.0036
-93.77912071,42.02087351,F Fields (F1-F5),TaskName 5/5/2025 (GreenStar 4 Monitor),R-up/Sharpen,331,5/5/2025,0.199,On,1127.0,67.50,25.62,8.142,2.377,5.079,269.95,19.99,19.49,0,5,66.63,5/5/2025,Good,7.796,0.00022,2.923,8.412e-05,0.00,0.00,0.00,3.898,0.00011,1.949,5.608e-05,19.36,0.071,0.00,0.00,23.39,0.00067,0.00,0.00,0.00,0.00,0.00,2.728,0.00,0.00,0.0037
-93.77912952,42.02087357,F Fields (F1-F5),TaskName 5/5/2025 (GreenStar 4 Monitor),R-up/Sharpen,332,5/5/2025,0.200,On,1127.0,70.00,24.37,8.151,2.390,5.099,269.89,19.99,19.52,0,5,69.14,5/5/2025,Good,7.808,0.00023,2.928,8.787e-05,0.00,0.00,0.00,3.904,0.00012,1.952,5.858e-05,19.39,0.074,0.00,0.00,23.43,0.00070,0.00,0.00,0.00,0.00,0.00,2.733,0.00,0.00,0.0038
-93.77913831,42.02087347,F Fields (F1-F5),TaskName 5/5/2025 (GreenStar 4 Monitor),R-up/Sharpen,333,5/5/2025,0.201,On,1127.0,71.25,23.75,8.156,2.393,5.019,269.95,19.99,19.41,0,5,70.12,5/5/2025,Good,7.766,0.00024,2.912,8.907e-05,0.00,0.00,0.00,3.883,0.00012,1.941,5.938e-05,19.29,0.076,0.00,0.00,23.30,0.00071,0.00,0.00,0.00,0.00,0.00,2.718,0.00,0.00,0.0039
-93.77914713,42.02087347,F Fields (F1-F5),TaskName 5/5/2025 (GreenStar 4 Monitor),R-up/Sharpen,334,5/5/2025,0.199,On,1127.1,73.75,22.50,8.151,2.390,4.933,269.98,19.99,19.41,0,5,73.21,5/5/2025,Good,7.766,0.00025,2.912,9.207e-05,0.00,0.00,0.00,3.883,0.00012,1.941,6.138e-05,19.29,0.078,0.00,0.00,23.30,0.00074,0.00,0.00,0.00,0.00,0.00,2.718,0.00,0.00,0.0040
-93.77915596,42.02087339,F Fields (F1-F5),TaskName 5/5/2025 (GreenStar 4 Monitor),R-up/Sharpen,335,5/5/2025,0.201,On,1127.1,75.00,21.87,8.154,2.403,4.914,270.03,19.99,19.40,0,5,74.11,5/5/2025,Good,7.761,0.00025,2.911,9.409e-05,0.00,0.00,0.00,3.881,0.00013,1.940,6.273e-05,19.28,0.080,0.00,0.00,23.28,0.00075,0.00,0.00,0.00,0.00,0.00,2.717,0.00,0.00,0.0041
-93.77916481,42.02087337,F Fields (F1-F5),TaskName 5/5/2025 (GreenStar 4 Monitor),R-up/Sharpen,336,5/5/2025,0.209,On,1127.1,77.50,20.62,8.160,2.502,4.669,270.03,19.99,19.38,0,5,76.67,5/5/2025,Good,7.753,0.00027,2.907,0.00010,0.00,0.00,0.00,3.876,0.00013,1.938,6.740e-05,19.26,0.086,0.00,0.00,23.26,0.00081,0.00,0.00,0.00,0.00,0.00,2.714,0.00,0.00,0.0045
-93.77917363,42.02087342,F Fields (F1-F5),TaskName 5/5/2025 (GreenStar 4 Monitor),R-up/Sharpen,337,5/5/2025,0.190,On,1127.1,80.00,19.37,8.169,2.275,4.075,269.98,19.99,19.31,0,5,79.17,5/5/2025,Good,7.723,0.00025,2.896,9.455e-05,0.00,0.00,0.00,3.861,0.00013,1.931,6.303e-05,19.18,0.080,0.00,0.00,23.17,0.00076,0.00,0.00,0.00,0.00,0.00,2.703,0.00,0.00,0.0042
-93.77918241,42.02087348,F Fields (F1-F5),TaskName 5/5/2025 (GreenStar 4 Monitor),R-up/Sharpen,338,5/5/2025,0.206,On,1127.1,81.25,18.75,8.180,2.459,3.342,269.93,19.99,19.39,0,5,80.16,5/5/2025,Good,7.757,0.00028,2.909,0.00010,0.00,0.00,0.00,3.879,0.00014,1.939,6.949e-05,19.27,0.088,0.00,0.00,23.27,0.00083,0.00,0.00,0.00,0.00,0.00,2.715,0.00,0.00,0.0046
-93.77919106,42.02087342,F Fields (F1-F5),TaskName 5/5/2025 (GreenStar 4 Monitor),R-up/Sharpen,339,5/5/2025,0.199,On,1127.1,83.75,17.50,8.176,2.400,2.642,269.91,19.99,19.24,0,5,83.47,5/5/2025,Good,7.697,0.00028,2.886,0.00010,0.00,0.00,0.00,3.849,0.00014,1.924,6.937e-05,19.12,0.088,0.00,0.00,23.09,0.00083,0.00,0.00,0.00,0.00,0.00,2.694,0.00,0.00,0.0046
-93.77919949,42.02087345,F Fields (F1-F5),TaskName 5/5/2025 (GreenStar 4 Monitor),R-up/Sharpen,340,5/5/2025,0.200,On,1127.1,85.00,16.87,8.138,2.387,2.708,269.90,19.99,19.29,0,5,83.83,5/5/2025,Good,7.714,0.00028,2.893,0.00011,0.00,0.00,0.00,3.857,0.00014,1.929,7.018e-05,19.16,0.089,0.00,0.00,23.14,0.00084,0.00,0.00,0.00,0.00,0.00,2.700,0.00,0.00,0.0047
-93.77920757,42.02087338,F Fields (F1-F5),TaskName 5/5/2025 (GreenStar 4 Monitor),R-up/Sharpen,341,5/5/2025,0.200,On,1127.0,87.50,15.62,8.048,2.361,2.609,269.90,19.99,19.33,0,5,85.35,5/5/2025,Good,7.732,0.00029,2.899,0.00011,0.00,0.00,0.00,3.866,0.00014,1.933,7.160e-05,19.20,0.091,0.00,0.00,23.19,0.00086,0.00,0.00,0.00,0.00,0.00,2.706,0.00,0.00,0.0047
-93.77921560,42.02087346,F Fields (F1-F5),TaskName 5/5/2025 (GreenStar 4 Monitor),R-up/Sharpen,342,5/5/2025,0.196,On,1127.1,88.75,15.00,7.890,2.269,3.150,269.84,19.99,19.25,0,5,84.90,5/5/2025,Good,7.702,0.00028,2.888,0.00010,0.00,0.00,0.00,3.851,0.00014,1.925,6.953e-05,19.13,0.088,0.00,0.00,23.10,0.00083,0.00,0.00,0.00,0.00,0.00,2.696,0.00,0.00,0.0046
-93.77923094,42.02087350,F Fields (F1-F5),TaskName 5/5/2025 (GreenStar 4 Monitor),R-up/Sharpen,343,5/5/2025,0.404,On,1127.1,91.25,13.75,7.615,4.511,4.231,269.88,19.99,19.51,0,5,84.21,5/5/2025,Good,7.802,0.00058,2.926,0.00022,0.00,0.00,0.00,3.901,0.00029,1.951,0.00014,19.38,0.183,0.00,0.00,23.41,0.0017,0.00,0.00,0.00,0.00,0.00,2.731,0.00,0.00,0.0095
-93.77923846,42.02087344,F Fields (F1-F5),TaskName 5/5/2025 (GreenStar 4 Monitor),R-up/Sharpen,344,5/5/2025,0.196,On,1127.0,92.50,13.12,7.355,2.115,4.966,269.95,19.99,19.67,0,5,82.47,5/5/2025,Good,7.868,0.00028,2.951,0.00010,0.00,0.00,0.00,3.934,0.00014,1.967,6.900e-05,19.54,0.088,0.00,0.00,23.61,0.00083,0.00,0.00,0.00,0.00,0.00,2.754,0.00,0.00,0.0045
-93.77924597,42.02087344,F Fields (F1-F5),TaskName 5/5/2025 (GreenStar 4 Monitor),R-up/Sharpen,345,5/5/2025,0.210,On,1127.0,95.00,11.87,7.207,2.210,5.231,269.94,19.99,19.65,0,5,82.61,5/5/2025,Good,7.860,0.00030,2.947,0.00011,0.00,0.00,0.00,3.930,0.00015,1.965,7.398e-05,19.52,0.094,0.00,0.00,23.58,0.00089,0.00,0.00,0.00,0.00,0.00,2.751,0.00,0.00,0.0048
-93.77925371,42.02087346,F Fields (F1-F5),TaskName 5/5/2025 (GreenStar 4 Monitor),R-up/Sharpen,346,5/5/2025,0.189,On,1127.0,96.25,11.25,7.105,1.980,5.600,269.91,19.99,19.62,0,5,83.33,5/5/2025,Good,7.847,0.00027,2.943,0.00010,0.00,0.00,0.00,3.923,0.00013,1.962,6.705e-05,19.49,0.085,0.00,0.00,23.54,0.00080,0.00,0.00,0.00,0.00,0.00,2.746,0.00,0.00,0.0044
-93.77926142,42.02087340,F Fields (F1-F5),TaskName 5/5/2025 (GreenStar 4 Monitor),R-up/Sharpen,347,5/5/2025,0.201,On,1127.0,98.75,10.000,7.080,2.088,5.779,269.99,19.99,19.63,0,5,84.79,5/5/2025,Good,7.851,0.00029,2.944,0.00011,0.00,0.00,0.00,3.926,0.00015,1.963,7.259e-05,19.50,0.092,0.00,0.00,23.55,0.00087,0.00,0.00,0.00,0.00,0.00,2.748,0.00,0.00,0.0047
-93.77926909,42.02087329,F Fields (F1-F5),TaskName 5/5/2025 (GreenStar 4 Monitor),R-up/Sharpen,348,5/5/2025,0.199,On,1127.0,100.00,9.375,7.093,2.072,5.548,270.12,19.99,19.69,0,5,86.04,5/5/2025,Good,7.877,0.00029,2.954,0.00011,0.00,0.00,0.00,3.938,0.00015,1.969,7.317e-05,19.56,0.093,0.00,0.00,23.63,0.00088,0.00,0.00,0.00,0.00,0.00,2.757,0.00,0.00,0.0048
-93.77927685,42.02087329,F Fields (F1-F5),TaskName 5/5/2025 (GreenStar 4 Monitor),R-up/Sharpen,349,5/5/2025,0.201,On,1127.0,102.50,8.125,7.105,2.085,5.032,270.15,19.99,19.62,0,5,87.87,5/5/2025,Good,7.847,0.00030,2.943,0.00011,0.00,0.00,0.00,3.923,0.00015,1.962,7.519e-05,19.49,0.096,0.00,0.00,23.54,0.00090,0.00,0.00,0.00,0.00,0.00,2.746,0.00,0.00,0.0049
-93.77928471,42.02087328,F Fields (F1-F5),TaskName 5/5/2025 (GreenStar 4 Monitor),R-up/Sharpen,350,5/5/2025,0.204,On,1127.0,103.75,7.500,7.125,2.141,4.319,270.13,19.99,19.45,0,5,89.98,5/5/2025,Good,7.779,0.00031,2.917,0.00012,0.00,0.00,0.00,3.889,0.00015,1.945,7.746e-05,19.32,0.099,0.00,0.00,23.34,0.00093,0.00,0.00,0.00,0.00,0.00,2.722,0.00,0.00,0.0051
-93.77929269,42.02087329,F Fields (F1-F5),TaskName 5/5/2025 (GreenStar 4 Monitor),R-up/Sharpen,351,5/5/2025,0.196,On,1127.0,106.25,6.250,7.167,2.059,3.910,270.03,19.99,19.41,0,5,92.23,5/5/2025,Good,7.766,0.00030,2.912,0.00011,0.00,0.00,0.00,3.883,0.00015,1.941,7.617e-05,19.29,0.097,0.00,0.00,23.30,0.00091,0.00,0.00,0.00,0.00,0.00,2.718,0.00,0.00,0.0050
-93.77930054,42.02087338,F Fields (F1-F5),TaskName 5/5/2025 (GreenStar 4 Monitor),R-up/Sharpen,352,5/5/2025,0.200,On,1127.0,107.50,5.625,7.243,2.115,3.718,269.92,19.99,19.29,0,5,93.93,5/5/2025,Good,7.714,0.00031,2.893,0.00012,0.00,0.00,0.00,3.857,0.00016,1.929,7.863e-05,19.16,0.100,0.00,0.00,23.14,0.00094,0.00,0.00,0.00,0.00,0.00,2.700,0.00,0.00,0.0052
-93.77930838,42.02087340,F Fields (F1-F5),TaskName 5/5/2025 (GreenStar 4 Monitor),R-up/Sharpen,353,5/5/2025,0.195,On,1127.0,5.000,-48.44,7.281,2.095,3.692,269.90,19.99,19.31,0,5,4.439,5/5/2025,Good,7.723,1.451e-05,2.896,5.440e-06,0.00,0.00,0.00,3.861,7.254e-06,1.931,3.627e-06,19.18,0.0046,0.00,0.00,23.17,4.352e-05,0.00,0.00,0.00,0.00,0.00,2.703,0.00,0.00,0.00024
