Longitude,Latitude,Field,Dataset,Product,Feature ID,Date / Time,Duration(s),Area Count,Elevation(ft),Swath Width(ft),Y Offset(ft),Speed(mph),Distance(ft),Fuel Consumption Rate (Time)(gal(US)/h),Track(deg),Target Rate (Liquid)(gal(US)/ac),Rate (Volume)(gal(US)/ac),Segment ID,Pass Number,Productivity(ac/h),Date,Rate Quality,Rate (Volume) (Tough 5EC)(floz(US)/ac),Product Amount Used/Needed (Tough 5EC),Rate (Volume) (Laudis Herbicide)(floz(US)/ac),Product Amount Used/Needed (Laudis Herbicide),Rate (Mass) (Ag saver)(oz/ac),Rate (Volume) (Warrant Herbicide)(qt(US)/ac),Product Amount Used/Needed (Warrant Herbicide),Rate (Volume) (Fulltec Oil)(floz(US)/ac),Product Amount Used/Needed (Fulltec Oil),Rate (Volume) (Fulltec Adjuvant)(floz(US)/ac),Product Amount Used/Needed (Fulltec Adjuvant),Rate (Volume) (Water)(gal(US)/ac),Product Amount Used/Needed (Water),Rate (Volume) (Callisto)(floz(US)/ac),Product Amount Used/Needed (Callisto),Rate (Volume) (Ag saver)(floz(US)/ac),Product Amount Used/Needed (Ag saver),Rate (Mass) (AAtrex 4L Herbicide)(lb/ac),Rate (Volume) (Smackdown)(pt(US)/ac),Product Amount Used/Needed (Smackdown),Rate (Volume) (Surpass NXT)(pt(US)/ac),Rate (Mass) (Atrazine 4L)(lb/ac),Rate (Volume) (Gro Centric)(floz(US)/ac),Rate (Volume) (Water (1)~9)(gal(US)/ac),Product Amount Used/Needed,Area (ac)
-93.76873271,42.02207039,G,TaskName 6/2/2025 (GreenStar 4 Monitor),32%zidua/sharpen,1,6/2/2025,1.000,On,1112.1,112.50,-4.375,2.495,3.560,4.514,89.44,41.99,42.21,0,1,33.10,6/2/2025,Good,0.00,0.00,0.00,0.00,0.00,0.00,0.00,8.443,0.00061,4.221,0.00030,41.37,0.380,0.00,0.00,50.66,0.0036,0.00,0.00,0.00,0.00,0.00,5.910,0.00,0.00,0.0092
-93.76870746,42.02207035,G,TaskName 6/2/2025 (GreenStar 4 Monitor),32%zidua/sharpen,2,6/2/2025,1.000,On,1112.0,112.50,-4.375,3.724,5.367,5.883,89.13,41.99,41.67,0,1,49.90,6/2/2025,Good,0.00,0.00,0.00,0.00,0.00,0.00,0.00,8.334,0.00090,4.167,0.00045,40.83,0.566,0.00,0.00,50.00,0.0054,0.00,0.00,0.00,0.00,0.00,5.834,0.00,0.00,0.014
-93.76867999,42.02207060,G,TaskName 6/2/2025 (GreenStar 4 Monitor),32%zidua/sharpen,3,6/2/2025,1.000,On,1111.9,112.50,-4.375,4.859,7.113,4.456,89.24,41.99,39.84,0,1,66.13,6/2/2025,Good,0.00,0.00,0.00,0.00,0.00,0.00,0.00,7.967,0.0011,3.984,0.00057,39.04,0.717,0.00,0.00,47.80,0.0069,0.00,0.00,0.00,0.00,0.00,5.577,0.00,0.00,0.018
-93.76865454,42.02207073,G,TaskName 6/2/2025 (GreenStar 4 Monitor),32%zidua/sharpen,4,6/2/2025,1.000,On,1111.7,112.50,-4.375,5.012,7.343,3.213,89.21,41.99,40.36,0,1,68.27,6/2/2025,Good,0.00,0.00,0.00,0.00,0.00,0.00,0.00,8.071,0.0012,4.036,0.00060,39.55,0.750,0.00,0.00,48.43,0.0072,0.00,0.00,0.00,0.00,0.00,5.650,0.00,0.00,0.019
-93.76863284,42.02207083,G,TaskName 6/2/2025 (GreenStar 4 Monitor),32%zidua/sharpen,5,6/2/2025,1.000,On,1111.7,112.50,-4.375,4.274,6.237,7.099,89.15,41.99,42.19,0,1,57.99,6/2/2025,Good,0.00,0.00,0.00,0.00,0.00,0.00,0.00,8.437,0.0011,4.219,0.00053,41.34,0.666,0.00,0.00,50.62,0.0064,0.00,0.00,0.00,0.00,0.00,5.906,0.00,0.00,0.016
-93.76860303,42.02207106,G,TaskName 6/2/2025 (GreenStar 4 Monitor),32%zidua/sharpen,6,6/2/2025,1.000,On,1111.4,112.50,-4.375,4.735,6.880,6.302,88.77,41.99,42.42,0,1,63.97,6/2/2025,Good,0.00,0.00,0.00,0.00,0.00,0.00,0.00,8.485,0.0012,4.242,0.00059,41.57,0.739,0.00,0.00,50.91,0.0071,0.00,0.00,0.00,0.00,0.00,5.939,0.00,0.00,0.018
-93.76857095,42.02207117,G,TaskName 6/2/2025 (GreenStar 4 Monitor),32%zidua/sharpen,7,6/2/2025,1.000,On,1111.2,112.50,-4.375,5.718,8.376,4.744,88.37,41.99,40.06,0,1,77.88,6/2/2025,Good,0.00,0.00,0.00,0.00,0.00,0.00,0.00,8.011,0.0014,4.006,0.00068,39.25,0.849,0.00,0.00,48.07,0.0081,0.00,0.00,0.00,0.00,0.00,5.608,0.00,0.00,0.022
-93.76854625,42.02207193,G,TaskName 6/2/2025 (GreenStar 4 Monitor),32%zidua/sharpen,8,6/2/2025,0.800,On,1111.0,112.50,-4.375,5.913,6.932,4.506,88.82,41.99,39.74,0,1,80.57,6/2/2025,Good,0.00,0.00,0.00,0.00,0.00,0.00,0.00,7.948,0.0011,3.974,0.00056,38.95,0.697,0.00,0.00,47.69,0.0067,0.00,0.00,0.00,0.00,0.00,5.564,0.00,0.00,0.018
-93.76851522,42.02207263,G,TaskName 6/2/2025 (GreenStar 4 Monitor),32%zidua/sharpen,9,6/2/2025,1.000,On,1110.8,113.75,-3.750,5.664,8.294,5.918,89.33,41.99,41.20,0,1,77.97,6/2/2025,Good,0.00,0.00,0.00,0.00,0.00,0.00,0.00,8.239,0.0014,4.120,0.00070,40.37,0.874,0.00,0.00,49.43,0.0084,0.00,0.00,0.00,0.00,0.00,5.767,0.00,0.00,0.022
-93.76848201,42.02207339,G,TaskName 6/2/2025 (GreenStar 4 Monitor),32%zidua/sharpen,10,6/2/2025,0.995,On,1110.7,113.75,-3.750,6.015,8.770,4.791,90.04,41.99,40.48,0,1,82.86,6/2/2025,Good,0.00,0.00,0.00,0.00,0.00,0.00,0.00,8.095,0.0014,4.048,0.00072,39.67,0.908,0.00,0.00,48.57,0.0087,0.00,0.00,0.00,0.00,0.00,5.667,0.00,0.00,0.023
-93.76844939,42.02207330,G,TaskName 6/2/2025 (GreenStar 4 Monitor),32%zidua/sharpen,11,6/2/2025,1.000,On,1110.4,113.75,-3.750,6.076,8.904,5.427,89.76,41.99,40.60,0,1,83.71,6/2/2025,Good,0.00,0.00,0.00,0.00,0.00,0.00,0.00,8.119,0.0015,4.060,0.00074,39.78,0.925,0.00,0.00,48.72,0.0088,0.00,0.00,0.00,0.00,0.00,5.684,0.00,0.00,0.023
-93.76841660,42.02207309,G,TaskName 6/2/2025 (GreenStar 4 Monitor),32%zidua/sharpen,12,6/2/2025,1.001,On,1110.3,113.75,-3.750,6.068,8.888,5.108,89.14,41.99,41.31,0,1,83.47,6/2/2025,Good,0.00,0.00,0.00,0.00,0.00,0.00,0.00,8.262,0.0015,4.131,0.00075,40.49,0.940,0.00,0.00,49.57,0.0090,0.00,0.00,0.00,0.00,0.00,5.784,0.00,0.00,0.023
-93.76839663,42.02207315,G,TaskName 6/2/2025 (GreenStar 4 Monitor),32%zidua/sharpen,13,6/2/2025,0.599,On,1110.2,112.50,-4.375,6.109,5.376,6.030,89.00,41.99,41.53,0,1,83.44,6/2/2025,Good,0.00,0.00,0.00,0.00,0.00,0.00,0.00,8.307,0.00090,4.153,0.00045,40.70,0.565,0.00,0.00,49.84,0.0054,0.00,0.00,0.00,0.00,0.00,5.815,0.00,0.00,0.014
-93.76836267,42.02207378,G,TaskName 6/2/2025 (GreenStar 4 Monitor),32%zidua/sharpen,14,6/2/2025,1.001,On,1110.0,113.75,-3.750,6.223,9.140,5.150,89.49,41.99,40.92,0,1,85.84,6/2/2025,Good,0.00,0.00,0.00,0.00,0.00,0.00,0.00,8.184,0.0015,4.092,0.00076,40.10,0.957,0.00,0.00,49.11,0.0092,0.00,0.00,0.00,0.00,0.00,5.729,0.00,0.00,0.024
-93.76833105,42.02207377,G,TaskName 6/2/2025 (GreenStar 4 Monitor),32%zidua/sharpen,15,6/2/2025,1.000,On,1109.8,113.75,-3.750,6.155,9.032,3.521,89.06,41.99,40.92,0,1,84.91,6/2/2025,Good,0.00,0.00,0.00,0.00,0.00,0.00,0.00,8.184,0.0015,4.092,0.00075,40.10,0.946,0.00,0.00,49.10,0.0090,0.00,0.00,0.00,0.00,0.00,5.729,0.00,0.00,0.024
-93.76830200,42.02207395,G,TaskName 6/2/2025 (GreenStar 4 Monitor),32%zidua/sharpen,16,6/2/2025,1.004,On,1109.7,113.75,-3.750,5.552,8.176,5.077,88.83,41.99,43.10,0,1,76.55,6/2/2025,Good,0.00,0.00,0.00,0.00,0.00,0.00,0.00,8.620,0.0014,4.310,0.00072,42.24,0.902,0.00,0.00,51.72,0.0086,0.00,0.00,0.00,0.00,0.00,6.034,0.00,0.00,0.021
-93.76827210,42.02207482,G,TaskName 6/2/2025 (GreenStar 4 Monitor),32%zidua/sharpen,17,6/2/2025,0.995,On,1109.5,113.75,-3.750,5.512,8.051,4.929,89.55,41.99,43.95,0,1,76.07,6/2/2025,Good,0.00,0.00,0.00,0.00,0.00,0.00,0.00,8.789,0.0014,4.395,0.00072,43.07,0.905,0.00,0.00,52.74,0.0087,0.00,0.00,0.00,0.00,0.00,6.152,0.00,0.00,0.021
-93.76824243,42.02207516,G,TaskName 6/2/2025 (GreenStar 4 Monitor),32%zidua/sharpen,18,6/2/2025,1.005,On,1109.4,113.75,-3.750,5.524,8.146,5.166,89.81,41.99,43.40,0,1,76.20,6/2/2025,Good,0.00,0.00,0.00,0.00,0.00,0.00,0.00,8.679,0.0014,4.340,0.00072,42.53,0.905,0.00,0.00,52.07,0.0087,0.00,0.00,0.00,0.00,0.00,6.075,0.00,0.00,0.021
-93.76821300,42.02207529,G,TaskName 6/2/2025 (GreenStar 4 Monitor),32%zidua/sharpen,19,6/2/2025,1.000,On,1109.2,113.75,-3.750,5.456,8.009,5.327,89.62,41.99,42.32,0,1,75.29,6/2/2025,Good,0.00,0.00,0.00,0.00,0.00,0.00,0.00,8.464,0.0014,4.232,0.00069,41.47,0.867,0.00,0.00,50.78,0.0083,0.00,0.00,0.00,0.00,0.00,5.925,0.00,0.00,0.021
-93.76818505,42.02207518,G,TaskName 6/2/2025 (GreenStar 4 Monitor),32%zidua/sharpen,20,6/2/2025,1.000,On,1109.2,113.75,-3.750,5.366,7.874,4.488,89.04,41.99,42.02,0,1,74.02,6/2/2025,Good,0.00,0.00,0.00,0.00,0.00,0.00,0.00,8.404,0.0013,4.202,0.00067,41.18,0.847,0.00,0.00,50.42,0.0081,0.00,0.00,0.00,0.00,0.00,5.883,0.00,0.00,0.021
-93.76816012,42.02207538,G,TaskName 6/2/2025 (GreenStar 4 Monitor),32%zidua/sharpen,21,6/2/2025,0.995,On,1109.1,113.75,-3.750,4.960,7.234,4.365,88.74,41.99,42.23,0,1,68.35,6/2/2025,Good,0.00,0.00,0.00,0.00,0.00,0.00,0.00,8.446,0.0012,4.223,0.00062,41.39,0.782,0.00,0.00,50.68,0.0075,0.00,0.00,0.00,0.00,0.00,5.913,0.00,0.00,0.019
-93.76813610,42.02207578,G,TaskName 6/2/2025 (GreenStar 4 Monitor),32%zidua/sharpen,22,6/2/2025,1.005,On,1109.1,113.75,-3.750,4.476,6.601,4.977,89.03,41.99,43.36,0,1,61.75,6/2/2025,Good,0.00,0.00,0.00,0.00,0.00,0.00,0.00,8.671,0.0012,4.336,0.00058,42.49,0.732,0.00,0.00,52.03,0.0070,0.00,0.00,0.00,0.00,0.00,6.070,0.00,0.00,0.017
-93.76810887,42.02207681,G,TaskName 6/2/2025 (GreenStar 4 Monitor),32%zidua/sharpen,23,6/2/2025,0.996,On,1109.0,113.75,-3.750,4.718,6.886,5.897,89.94,41.99,43.00,0,1,65.00,6/2/2025,Good,0.00,0.00,0.00,0.00,0.00,0.00,0.00,8.599,0.0012,4.300,0.00060,42.14,0.758,0.00,0.00,51.60,0.0072,0.00,0.00,0.00,0.00,0.00,6.020,0.00,0.00,0.018
-93.76810318,42.02207694,G,TaskName 6/2/2025 (GreenStar 4 Monitor),32%zidua/sharpen,24,6/2/2025,0.199,On,1109.0,113.75,-3.750,5.071,1.489,3.507,90.00,41.99,41.28,0,1,70.33,6/2/2025,Good,0.00,0.00,0.00,0.00,0.00,0.00,0.00,8.255,0.00025,4.128,0.00013,40.45,0.157,0.00,0.00,49.53,0.0015,0.00,0.00,0.00,0.00,0.00,5.779,0.00,0.00,0.0039
-93.76807744,42.02207686,G,TaskName 6/2/2025 (GreenStar 4 Monitor),32%zidua/sharpen,25,6/2/2025,1.001,On,1109.0,115.00,-3.125,5.071,7.438,2.585,89.83,41.99,40.93,0,1,70.62,6/2/2025,Good,0.00,0.00,0.00,0.00,0.00,0.00,0.00,8.185,0.0013,4.093,0.00063,40.11,0.788,0.00,0.00,49.11,0.0075,0.00,0.00,0.00,0.00,0.00,5.730,0.00,0.00,0.020
-93.76805710,42.02207672,G,TaskName 6/2/2025 (GreenStar 4 Monitor),32%zidua/sharpen,26,6/2/2025,0.999,On,1109.0,115.00,-3.125,4.349,6.352,4.118,89.58,41.99,42.09,0,1,60.43,6/2/2025,Good,0.00,0.00,0.00,0.00,0.00,0.00,0.00,8.418,0.0011,4.209,0.00055,41.25,0.692,0.00,0.00,50.51,0.0066,0.00,0.00,0.00,0.00,0.00,5.893,0.00,0.00,0.017
-93.76803149,42.02207694,G,TaskName 6/2/2025 (GreenStar 4 Monitor),32%zidua/sharpen,27,6/2/2025,1.000,On,1109.0,115.00,-3.125,4.100,5.991,6.659,89.47,41.99,44.00,0,1,56.94,6/2/2025,Good,0.00,0.00,0.00,0.00,0.00,0.00,0.00,8.800,0.0011,4.400,0.00054,43.12,0.682,0.00,0.00,52.80,0.0065,0.00,0.00,0.00,0.00,0.00,6.160,0.00,0.00,0.016
-93.76800335,42.02207700,G,TaskName 6/2/2025 (GreenStar 4 Monitor),32%zidua/sharpen,28,6/2/2025,1.001,On,1108.9,115.00,-3.125,5.006,7.346,4.523,89.16,41.99,40.87,0,1,69.75,6/2/2025,Good,0.00,0.00,0.00,0.00,0.00,0.00,0.00,8.174,0.0012,4.087,0.00062,40.05,0.777,0.00,0.00,49.04,0.0074,0.00,0.00,0.00,0.00,0.00,5.722,0.00,0.00,0.019
-93.76797665,42.02207723,G,TaskName 6/2/2025 (GreenStar 4 Monitor),32%zidua/sharpen,29,6/2/2025,1.000,On,1108.9,115.00,-3.125,5.109,7.503,4.657,89.00,41.99,40.63,0,1,71.31,6/2/2025,Good,0.00,0.00,0.00,0.00,0.00,0.00,0.00,8.126,0.0013,4.063,0.00063,39.82,0.789,0.00,0.00,48.76,0.0075,0.00,0.00,0.00,0.00,0.00,5.688,0.00,0.00,0.020
-93.76795005,42.02207784,G,TaskName 6/2/2025 (GreenStar 4 Monitor),32%zidua/sharpen,30,6/2/2025,0.999,On,1108.8,115.00,-3.125,4.884,7.162,5.067,89.43,41.99,41.80,0,1,68.14,6/2/2025,Good,0.00,0.00,0.00,0.00,0.00,0.00,0.00,8.360,0.0012,4.180,0.00062,40.97,0.775,0.00,0.00,50.16,0.0074,0.00,0.00,0.00,0.00,0.00,5.852,0.00,0.00,0.019
-93.76792302,42.02207832,G,TaskName 6/2/2025 (GreenStar 4 Monitor),32%zidua/sharpen,31,6/2/2025,1.000,On,1108.8,115.00,-3.125,4.977,7.310,5.272,89.84,41.99,41.59,0,1,69.47,6/2/2025,Good,0.00,0.00,0.00,0.00,0.00,0.00,0.00,8.317,0.0013,4.159,0.00063,40.75,0.786,0.00,0.00,49.90,0.0075,0.00,0.00,0.00,0.00,0.00,5.822,0.00,0.00,0.019
-93.76789646,42.02207812,G,TaskName 6/2/2025 (GreenStar 4 Monitor),32%zidua/sharpen,32,6/2/2025,1.000,On,1108.8,115.00,-3.125,4.979,7.310,5.507,89.33,41.99,41.67,0,1,69.47,6/2/2025,Good,0.00,0.00,0.00,0.00,0.00,0.00,0.00,8.334,0.0013,4.167,0.00063,40.83,0.788,0.00,0.00,50.00,0.0075,0.00,0.00,0.00,0.00,0.00,5.833,0.00,0.00,0.019
-93.76786947,42.02207815,G,TaskName 6/2/2025 (GreenStar 4 Monitor),32%zidua/sharpen,33,6/2/2025,1.001,On,1108.8,115.00,-3.125,4.955,7.274,5.185,89.03,41.99,41.85,0,1,69.06,6/2/2025,Good,0.00,0.00,0.00,0.00,0.00,0.00,0.00,8.370,0.0013,4.185,0.00063,41.01,0.788,0.00,0.00,50.22,0.0075,0.00,0.00,0.00,0.00,0.00,5.859,0.00,0.00,0.019
-93.76784263,42.02207865,G,TaskName 6/2/2025 (GreenStar 4 Monitor),32%zidua/sharpen,34,6/2/2025,0.999,On,1108.8,115.00,-3.125,4.970,7.297,5.288,89.34,41.99,41.84,0,1,69.42,6/2/2025,Good,0.00,0.00,0.00,0.00,0.00,0.00,0.00,8.367,0.0013,4.184,0.00063,41.00,0.790,0.00,0.00,50.20,0.0076,0.00,0.00,0.00,0.00,0.00,5.857,0.00,0.00,0.019
-93.76781588,42.02207920,G,TaskName 6/2/2025 (GreenStar 4 Monitor),32%zidua/sharpen,35,6/2/2025,1.000,On,1108.8,115.00,-3.125,4.965,7.290,4.792,89.64,41.99,41.83,0,1,69.29,6/2/2025,Good,0.00,0.00,0.00,0.00,0.00,0.00,0.00,8.366,0.0013,4.183,0.00063,40.99,0.789,0.00,0.00,50.20,0.0075,0.00,0.00,0.00,0.00,0.00,5.856,0.00,0.00,0.019
-93.76778922,42.02207923,G,TaskName 6/2/2025 (GreenStar 4 Monitor),32%zidua/sharpen,36,6/2/2025,1.000,On,1108.8,115.00,-3.125,4.950,7.264,4.803,89.42,41.99,41.75,0,1,69.04,6/2/2025,Good,0.00,0.00,0.00,0.00,0.00,0.00,0.00,8.350,0.0013,4.175,0.00063,40.92,0.785,0.00,0.00,50.10,0.0075,0.00,0.00,0.00,0.00,0.00,5.845,0.00,0.00,0.019
-93.76776241,42.02207941,G,TaskName 6/2/2025 (GreenStar 4 Monitor),32%zidua/sharpen,37,6/2/2025,1.000,On,1108.9,115.00,-3.125,4.979,7.306,5.182,89.36,41.99,41.81,0,1,69.44,6/2/2025,Good,0.00,0.00,0.00,0.00,0.00,0.00,0.00,8.361,0.0013,4.181,0.00063,40.97,0.790,0.00,0.00,50.17,0.0076,0.00,0.00,0.00,0.00,0.00,5.853,0.00,0.00,0.019
-93.76773568,42.02207977,G,TaskName 6/2/2025 (GreenStar 4 Monitor),32%zidua/sharpen,38,6/2/2025,1.000,On,1108.9,115.00,-3.125,4.934,7.244,5.480,89.75,41.99,42.10,0,1,68.85,6/2/2025,Good,0.00,0.00,0.00,0.00,0.00,0.00,0.00,8.421,0.0013,4.210,0.00063,41.26,0.789,0.00,0.00,50.53,0.0075,0.00,0.00,0.00,0.00,0.00,5.895,0.00,0.00,0.019
-93.76770875,42.02207996,G,TaskName 6/2/2025 (GreenStar 4 Monitor),32%zidua/sharpen,39,6/2/2025,1.000,On,1108.9,115.00,-3.125,4.968,7.290,4.829,89.88,41.99,42.34,0,1,69.29,6/2/2025,Good,0.00,0.00,0.00,0.00,0.00,0.00,0.00,8.467,0.0013,4.234,0.00064,41.49,0.798,0.00,0.00,50.80,0.0076,0.00,0.00,0.00,0.00,0.00,5.927,0.00,0.00,0.019
-93.76768230,42.02207951,G,TaskName 6/2/2025 (GreenStar 4 Monitor),32%zidua/sharpen,40,6/2/2025,1.000,On,1108.9,115.00,-3.125,4.967,7.287,5.568,88.92,41.99,41.93,0,1,69.25,6/2/2025,Good,0.00,0.00,0.00,0.00,0.00,0.00,0.00,8.386,0.0013,4.193,0.00063,41.09,0.790,0.00,0.00,50.31,0.0076,0.00,0.00,0.00,0.00,0.00,5.870,0.00,0.00,0.019
-93.76765548,42.02207934,G,TaskName 6/2/2025 (GreenStar 4 Monitor),32%zidua/sharpen,41,6/2/2025,1.000,On,1108.8,115.00,-3.125,4.925,7.224,5.183,88.09,41.99,41.94,0,1,68.66,6/2/2025,Good,0.00,0.00,0.00,0.00,0.00,0.00,0.00,8.389,0.0012,4.194,0.00062,41.11,0.784,0.00,0.00,50.33,0.0075,0.00,0.00,0.00,0.00,0.00,5.872,0.00,0.00,0.019
-93.76763938,42.02207980,G,TaskName 6/2/2025 (GreenStar 4 Monitor),32%zidua/sharpen,42,6/2/2025,0.600,On,1108.8,115.00,-3.125,4.952,4.358,5.413,88.37,41.99,41.80,0,1,69.04,6/2/2025,Good,0.00,0.00,0.00,0.00,0.00,0.00,0.00,8.359,0.00075,4.180,0.00038,40.96,0.471,0.00,0.00,50.15,0.0045,0.00,0.00,0.00,0.00,0.00,5.851,0.00,0.00,0.012
-93.76761279,42.02208090,G,TaskName 6/2/2025 (GreenStar 4 Monitor),32%zidua/sharpen,43,6/2/2025,1.000,On,1108.8,116.25,-2.500,4.951,7.270,5.331,89.47,41.99,41.74,0,1,69.85,6/2/2025,Good,0.00,0.00,0.00,0.00,0.00,0.00,0.00,8.349,0.0013,4.174,0.00063,40.91,0.794,0.00,0.00,50.09,0.0076,0.00,0.00,0.00,0.00,0.00,5.844,0.00,0.00,0.019
-93.76758578,42.02208161,G,TaskName 6/2/2025 (GreenStar 4 Monitor),32%zidua/sharpen,44,6/2/2025,0.995,On,1108.8,116.25,-2.500,4.980,7.270,4.895,90.20,41.99,41.78,0,1,70.19,6/2/2025,Good,0.00,0.00,0.00,0.00,0.00,0.00,0.00,8.356,0.0013,4.178,0.00063,40.94,0.794,0.00,0.00,50.14,0.0076,0.00,0.00,0.00,0.00,0.00,5.849,0.00,0.00,0.019
-93.76755899,42.02208142,G,TaskName 6/2/2025 (GreenStar 4 Monitor),32%zidua/sharpen,45,6/2/2025,1.005,On,1108.7,116.25,-2.500,4.962,7.316,5.120,89.50,41.99,42.06,0,1,69.94,6/2/2025,Good,0.00,0.00,0.00,0.00,0.00,0.00,0.00,8.411,0.0013,4.206,0.00064,41.22,0.805,0.00,0.00,50.47,0.0077,0.00,0.00,0.00,0.00,0.00,5.888,0.00,0.00,0.020
-93.76753224,42.02208112,G,TaskName 6/2/2025 (GreenStar 4 Monitor),32%zidua/sharpen,46,6/2/2025,1.001,On,1108.6,116.25,-2.500,4.963,7.290,5.183,88.70,41.99,42.11,0,1,69.97,6/2/2025,Good,0.00,0.00,0.00,0.00,0.00,0.00,0.00,8.421,0.0013,4.211,0.00064,41.26,0.803,0.00,0.00,50.53,0.0077,0.00,0.00,0.00,0.00,0.00,5.895,0.00,0.00,0.019
-93.76750526,42.02208162,G,TaskName 6/2/2025 (GreenStar 4 Monitor),32%zidua/sharpen,47,6/2/2025,0.999,On,1108.6,116.25,-2.500,4.987,7.309,4.587,89.03,41.99,41.98,0,1,70.30,6/2/2025,Good,0.00,0.00,0.00,0.00,0.00,0.00,0.00,8.395,0.0013,4.198,0.00064,41.14,0.802,0.00,0.00,50.37,0.0077,0.00,0.00,0.00,0.00,0.00,5.877,0.00,0.00,0.020
-93.76747860,42.02208243,G,TaskName 6/2/2025 (GreenStar 4 Monitor),32%zidua/sharpen,48,6/2/2025,1.000,On,1108.5,116.25,-2.500,4.960,7.277,5.316,89.98,41.99,41.80,0,1,69.91,6/2/2025,Good,0.00,0.00,0.00,0.00,0.00,0.00,0.00,8.361,0.0013,4.180,0.00063,40.97,0.796,0.00,0.00,50.16,0.0076,0.00,0.00,0.00,0.00,0.00,5.852,0.00,0.00,0.019
-93.76746778,42.02208262,G,TaskName 6/2/2025 (GreenStar 4 Monitor),32%zidua/sharpen,49,6/2/2025,0.401,On,1108.5,116.25,-2.500,4.959,2.911,5.359,90.23,41.99,42.11,0,1,69.74,6/2/2025,Good,0.00,0.00,0.00,0.00,0.00,0.00,0.00,8.422,0.00051,4.211,0.00026,41.27,0.321,0.00,0.00,50.53,0.0031,0.00,0.00,0.00,0.00,0.00,5.895,0.00,0.00,0.0078
-93.76744129,42.02208228,G,TaskName 6/2/2025 (GreenStar 4 Monitor),32%zidua/sharpen,50,6/2/2025,0.999,On,1108.4,117.50,-1.875,4.913,7.211,5.475,89.39,41.99,42.02,0,1,70.09,6/2/2025,Good,0.00,0.00,0.00,0.00,0.00,0.00,0.00,8.404,0.0013,4.202,0.00064,41.18,0.801,0.00,0.00,50.42,0.0077,0.00,0.00,0.00,0.00,0.00,5.883,0.00,0.00,0.019
-93.76741483,42.02208172,G,TaskName 6/2/2025 (GreenStar 4 Monitor),32%zidua/sharpen,51,6/2/2025,1.000,On,1108.3,117.50,-1.875,4.942,7.250,5.377,88.05,41.99,41.81,0,1,70.41,6/2/2025,Good,0.00,0.00,0.00,0.00,0.00,0.00,0.00,8.362,0.0013,4.181,0.00064,40.97,0.801,0.00,0.00,50.17,0.0077,0.00,0.00,0.00,0.00,0.00,5.853,0.00,0.00,0.020
-93.76738810,42.02208238,G,TaskName 6/2/2025 (GreenStar 4 Monitor),32%zidua/sharpen,52,6/2/2025,0.995,On,1108.2,117.50,-1.875,4.913,7.172,4.720,88.19,41.99,42.00,0,1,69.99,6/2/2025,Good,0.00,0.00,0.00,0.00,0.00,0.00,0.00,8.399,0.0013,4.200,0.00063,41.16,0.796,0.00,0.00,50.39,0.0076,0.00,0.00,0.00,0.00,0.00,5.879,0.00,0.00,0.019
-93.76736146,42.02208364,G,TaskName 6/2/2025 (GreenStar 4 Monitor),32%zidua/sharpen,53,6/2/2025,1.005,On,1108.1,117.50,-1.875,4.958,7.313,4.777,89.59,41.99,41.75,0,1,70.66,6/2/2025,Good,0.00,0.00,0.00,0.00,0.00,0.00,0.00,8.349,0.0013,4.175,0.00064,40.91,0.807,0.00,0.00,50.10,0.0077,0.00,0.00,0.00,0.00,0.00,5.845,0.00,0.00,0.020
-93.76733478,42.02208443,G,TaskName 6/2/2025 (GreenStar 4 Monitor),32%zidua/sharpen,54,6/2/2025,1.000,On,1108.0,117.50,-1.875,4.954,7.270,5.161,90.46,41.99,41.78,0,1,70.60,6/2/2025,Good,0.00,0.00,0.00,0.00,0.00,0.00,0.00,8.355,0.0013,4.178,0.00064,40.94,0.803,0.00,0.00,50.13,0.0077,0.00,0.00,0.00,0.00,0.00,5.849,0.00,0.00,0.020
-93.76730791,42.02208394,G,TaskName 6/2/2025 (GreenStar 4 Monitor),32%zidua/sharpen,55,6/2/2025,1.000,On,1108.0,118.75,-1.250,4.961,7.280,4.781,89.78,41.99,41.86,0,1,71.45,6/2/2025,Good,0.00,0.00,0.00,0.00,0.00,0.00,0.00,8.372,0.0013,4.186,0.00065,41.02,0.814,0.00,0.00,50.23,0.0078,0.00,0.00,0.00,0.00,0.00,5.860,0.00,0.00,0.020
-93.76728102,42.02208362,G,TaskName 6/2/2025 (GreenStar 4 Monitor),32%zidua/sharpen,56,6/2/2025,1.000,On,1107.9,118.75,-1.250,4.968,7.286,5.183,89.01,41.99,42.02,0,1,71.51,6/2/2025,Good,0.00,0.00,0.00,0.00,0.00,0.00,0.00,8.403,0.0013,4.202,0.00065,41.18,0.818,0.00,0.00,50.42,0.0078,0.00,0.00,0.00,0.00,0.00,5.882,0.00,0.00,0.020
-93.76725450,42.02208395,G,TaskName 6/2/2025 (GreenStar 4 Monitor),32%zidua/sharpen,57,6/2/2025,1.001,On,1107.8,118.75,-1.250,4.944,7.250,4.996,89.11,41.99,41.96,0,1,71.08,6/2/2025,Good,0.00,0.00,0.00,0.00,0.00,0.00,0.00,8.392,0.0013,4.196,0.00065,41.12,0.813,0.00,0.00,50.35,0.0078,0.00,0.00,0.00,0.00,0.00,5.874,0.00,0.00,0.020
-93.76722789,42.02208454,G,TaskName 6/2/2025 (GreenStar 4 Monitor),32%zidua/sharpen,58,6/2/2025,0.994,On,1107.8,118.75,-1.250,4.921,7.182,5.169,89.39,41.99,41.92,0,1,70.90,6/2/2025,Good,0.00,0.00,0.00,0.00,0.00,0.00,0.00,8.384,0.0013,4.192,0.00064,41.08,0.804,0.00,0.00,50.31,0.0077,0.00,0.00,0.00,0.00,0.00,5.869,0.00,0.00,0.020
-93.76720148,42.02208476,G,TaskName 6/2/2025 (GreenStar 4 Monitor),32%zidua/sharpen,59,6/2/2025,1.005,On,1107.8,118.75,-1.250,4.905,7.231,5.373,89.45,41.99,42.01,0,1,70.61,6/2/2025,Good,0.00,0.00,0.00,0.00,0.00,0.00,0.00,8.402,0.0013,4.201,0.00065,41.17,0.811,0.00,0.00,50.41,0.0078,0.00,0.00,0.00,0.00,0.00,5.881,0.00,0.00,0.020
-93.76717502,42.02208498,G,TaskName 6/2/2025 (GreenStar 4 Monitor),32%zidua/sharpen,60,6/2/2025,0.995,On,1107.8,118.75,-1.250,4.913,7.168,4.833,89.39,41.99,41.91,0,1,70.70,6/2/2025,Good,0.00,0.00,0.00,0.00,0.00,0.00,0.00,8.383,0.0013,4.191,0.00064,41.08,0.803,0.00,0.00,50.30,0.0077,0.00,0.00,0.00,0.00,0.00,5.868,0.00,0.00,0.020
-93.76714803,42.02208530,G,TaskName 6/2/2025 (GreenStar 4 Monitor),32%zidua/sharpen,61,6/2/2025,1.000,On,1107.9,118.75,-1.250,4.926,7.227,4.524,89.49,41.99,41.80,0,1,70.93,6/2/2025,Good,0.00,0.00,0.00,0.00,0.00,0.00,0.00,8.360,0.0013,4.180,0.00064,40.96,0.807,0.00,0.00,50.16,0.0077,0.00,0.00,0.00,0.00,0.00,5.852,0.00,0.00,0.020
-93.76714269,42.02208535,G,TaskName 6/2/2025 (GreenStar 4 Monitor),32%zidua/sharpen,62,6/2/2025,0.201,On,1107.9,118.75,-1.250,5.026,1.475,4.253,89.54,41.99,41.90,0,1,72.02,6/2/2025,Good,0.00,0.00,0.00,0.00,0.00,0.00,0.00,8.379,0.00026,4.190,0.00013,41.06,0.165,0.00,0.00,50.28,0.0016,0.00,0.00,0.00,0.00,0.00,5.866,0.00,0.00,0.0040
-93.76711547,42.02208568,G,TaskName 6/2/2025 (GreenStar 4 Monitor),32%zidua/sharpen,63,6/2/2025,1.000,On,1107.8,117.50,-1.875,5.002,7.336,4.599,89.47,41.99,41.76,0,1,71.23,6/2/2025,Good,0.00,0.00,0.00,0.00,0.00,0.00,0.00,8.353,0.0013,4.176,0.00065,40.93,0.810,0.00,0.00,50.12,0.0077,0.00,0.00,0.00,0.00,0.00,5.847,0.00,0.00,0.020
-93.76711003,42.02208571,G,TaskName 6/2/2025 (GreenStar 4 Monitor),32%zidua/sharpen,64,6/2/2025,0.200,On,1107.8,116.25,-2.500,5.047,1.482,4.881,89.43,41.99,41.90,0,1,71.17,6/2/2025,Good,0.00,0.00,0.00,0.00,0.00,0.00,0.00,8.379,0.00026,4.190,0.00013,41.06,0.162,0.00,0.00,50.28,0.0016,0.00,0.00,0.00,0.00,0.00,5.866,0.00,0.00,0.0040
-93.76710463,42.02208570,G,TaskName 6/2/2025 (GreenStar 4 Monitor),32%zidua/sharpen,65,6/2/2025,0.204,On,1107.7,115.00,-3.125,5.062,1.521,5.059,89.39,41.99,42.16,0,1,70.86,6/2/2025,Good,0.00,0.00,0.00,0.00,0.00,0.00,0.00,8.433,0.00026,4.216,0.00013,41.32,0.166,0.00,0.00,50.60,0.0016,0.00,0.00,0.00,0.00,0.00,5.903,0.00,0.00,0.0040
-93.76709938,42.02208575,G,TaskName 6/2/2025 (GreenStar 4 Monitor),32%zidua/sharpen,66,6/2/2025,0.195,On,1107.7,113.75,-3.750,5.053,1.445,4.735,89.39,41.99,42.41,0,1,69.69,6/2/2025,Good,0.00,0.00,0.00,0.00,0.00,0.00,0.00,8.482,0.00025,4.241,0.00013,41.56,0.157,0.00,0.00,50.89,0.0015,0.00,0.00,0.00,0.00,0.00,5.937,0.00,0.00,0.0038
-93.76709390,42.02208572,G,TaskName 6/2/2025 (GreenStar 4 Monitor),32%zidua/sharpen,67,6/2/2025,0.200,On,1107.7,111.25,-5.000,5.017,1.472,4.729,89.30,41.99,42.42,0,1,67.66,6/2/2025,Good,0.00,0.00,0.00,0.00,0.00,0.00,0.00,8.484,0.00025,4.242,0.00012,41.57,0.156,0.00,0.00,50.90,0.0015,0.00,0.00,0.00,0.00,0.00,5.939,0.00,0.00,0.0038
-93.76708840,42.02208565,G,TaskName 6/2/2025 (GreenStar 4 Monitor),32%zidua/sharpen,68,6/2/2025,0.200,On,1107.6,93.75,2.500,5.017,1.472,4.649,89.18,41.99,42.83,0,1,57.01,6/2/2025,Good,0.00,0.00,0.00,0.00,0.00,0.00,0.00,8.565,0.00021,4.283,0.00011,41.97,0.133,0.00,0.00,51.39,0.0013,0.00,0.00,0.00,0.00,0.00,5.996,0.00,0.00,0.0032
-93.76708283,42.02208569,G,TaskName 6/2/2025 (GreenStar 4 Monitor),32%zidua/sharpen,69,6/2/2025,0.205,On,1107.5,26.25,33.75,5.038,1.514,4.227,89.17,41.99,43.08,0,1,16.03,6/2/2025,Good,0.00,0.00,0.00,0.00,0.00,0.00,0.00,8.617,6.143e-05,4.308,3.072e-05,42.22,0.039,0.00,0.00,51.70,0.00037,0.00,0.00,0.00,0.00,0.00,6.032,0.00,0.00,0.00091
-93.76729793,42.02224011,G,TaskName 6/2/2025 (GreenStar 4 Monitor),32%zidua/sharpen,70,6/2/2025,0.205,On,1109.3,15.00,-53.12,4.861,1.463,5.283,2.634,41.99,43.31,0,2,8.847,6/2/2025,Good,0.00,0.00,0.00,0.00,0.00,0.00,0.00,8.662,3.409e-05,4.331,1.705e-05,42.44,0.021,0.00,0.00,51.97,0.00020,0.00,0.00,0.00,0.00,0.00,6.063,0.00,0.00,0.00050
-93.76729793,42.02224398,G,TaskName 6/2/2025 (GreenStar 4 Monitor),32%zidua/sharpen,71,6/2/2025,0.195,On,1109.4,42.50,-39.37,4.874,1.394,5.211,3.144,41.99,42.17,0,2,25.11,6/2/2025,Good,0.00,0.00,0.00,0.00,0.00,0.00,0.00,8.435,8.963e-05,4.217,4.482e-05,41.33,0.056,0.00,0.00,50.61,0.00054,0.00,0.00,0.00,0.00,0.00,5.904,0.00,0.00,0.0014
-93.76729799,42.02224800,G,TaskName 6/2/2025 (GreenStar 4 Monitor),32%zidua/sharpen,72,6/2/2025,0.205,On,1109.4,66.25,-27.50,4.870,1.466,5.349,3.536,41.99,44.39,0,2,39.16,6/2/2025,Good,0.00,0.00,0.00,0.00,0.00,0.00,0.00,8.878,0.00015,4.439,7.733e-05,43.50,0.097,0.00,0.00,53.27,0.00093,0.00,0.00,0.00,0.00,0.00,6.214,0.00,0.00,0.0022
-93.76729796,42.02225173,G,TaskName 6/2/2025 (GreenStar 4 Monitor),32%zidua/sharpen,73,6/2/2025,0.200,On,1109.3,78.75,-21.25,4.883,1.433,5.548,3.834,41.99,44.83,0,2,46.65,6/2/2025,Good,0.00,0.00,0.00,0.00,0.00,0.00,0.00,8.965,0.00018,4.483,9.076e-05,43.93,0.114,0.00,0.00,53.79,0.0011,0.00,0.00,0.00,0.00,0.00,6.276,0.00,0.00,0.0026
-93.76729795,42.02225554,G,TaskName 6/2/2025 (GreenStar 4 Monitor),32%zidua/sharpen,74,6/2/2025,0.200,On,1109.3,92.50,-14.37,4.832,1.420,5.303,4.117,41.99,44.17,0,2,54.29,6/2/2025,Good,0.00,0.00,0.00,0.00,0.00,0.00,0.00,8.835,0.00021,4.417,0.00010,43.29,0.131,0.00,0.00,53.01,0.0012,0.00,0.00,0.00,0.00,0.00,6.184,0.00,0.00,0.0030
-93.76729778,42.02225959,G,TaskName 6/2/2025 (GreenStar 4 Monitor),32%zidua/sharpen,75,6/2/2025,0.200,On,1109.4,107.50,-6.875,4.787,1.407,4.834,4.281,41.99,43.39,0,2,62.51,6/2/2025,Good,0.00,0.00,0.00,0.00,0.00,0.00,0.00,8.679,0.00024,4.339,0.00012,42.53,0.148,0.00,0.00,52.07,0.0014,0.00,0.00,0.00,0.00,0.00,6.075,0.00,0.00,0.0035
-93.76729541,42.02227938,G,TaskName 6/2/2025 (GreenStar 4 Monitor),32%zidua/sharpen,76,6/2/2025,1.000,On,1109.5,116.25,-2.500,4.908,7.203,4.475,3.748,41.99,42.61,0,2,69.21,6/2/2025,Good,0.00,0.00,0.00,0.00,0.00,0.00,0.00,8.522,0.0013,4.261,0.00064,41.76,0.803,0.00,0.00,51.13,0.0077,0.00,0.00,0.00,0.00,0.00,5.966,0.00,0.00,0.019
-93.76729455,42.02228739,G,TaskName 6/2/2025 (GreenStar 4 Monitor),32%zidua/sharpen,77,6/2/2025,0.400,On,1109.5,116.25,-2.500,4.938,2.900,4.385,3.474,41.99,41.67,0,2,69.65,6/2/2025,Good,0.00,0.00,0.00,0.00,0.00,0.00,0.00,8.334,0.00050,4.167,0.00025,40.84,0.316,0.00,0.00,50.01,0.0030,0.00,0.00,0.00,0.00,0.00,5.834,0.00,0.00,0.0077
-93.76729323,42.02230308,G,TaskName 6/2/2025 (GreenStar 4 Monitor),32%zidua/sharpen,78,6/2/2025,0.800,On,1109.6,115.00,-3.125,4.948,5.813,5.250,3.042,41.99,42.00,0,2,69.06,6/2/2025,Good,0.00,0.00,0.00,0.00,0.00,0.00,0.00,8.400,0.0010,4.200,0.00050,41.16,0.632,0.00,0.00,50.40,0.0060,0.00,0.00,0.00,0.00,0.00,5.880,0.00,0.00,0.015
-93.76729178,42.02232305,G,TaskName 6/2/2025 (GreenStar 4 Monitor),32%zidua/sharpen,79,6/2/2025,1.000,On,1109.7,121.25,0.00,4.922,7.223,5.089,2.940,41.99,41.81,0,2,72.38,6/2/2025,Good,0.00,0.00,0.00,0.00,0.00,0.00,0.00,8.363,0.0013,4.181,0.00066,40.98,0.824,0.00,0.00,50.18,0.0079,0.00,0.00,0.00,0.00,0.00,5.854,0.00,0.00,0.020
-93.76729048,42.02234321,G,TaskName 6/2/2025 (GreenStar 4 Monitor),32%zidua/sharpen,80,6/2/2025,0.995,On,1109.8,121.25,0.00,4.977,7.251,5.373,2.470,41.99,41.84,0,2,73.02,6/2/2025,Good,0.00,0.00,0.00,0.00,0.00,0.00,0.00,8.367,0.0013,4.184,0.00066,41.00,0.827,0.00,0.00,50.20,0.0079,0.00,0.00,0.00,0.00,0.00,5.857,0.00,0.00,0.020
-93.76728865,42.02236310,G,TaskName 6/2/2025 (GreenStar 4 Monitor),32%zidua/sharpen,81,6/2/2025,1.005,On,1109.7,121.25,0.00,4.990,7.346,5.317,0.760,41.99,41.72,0,2,73.24,6/2/2025,Good,0.00,0.00,0.00,0.00,0.00,0.00,0.00,8.344,0.0013,4.172,0.00067,40.89,0.836,0.00,0.00,50.06,0.0080,0.00,0.00,0.00,0.00,0.00,5.841,0.00,0.00,0.020
-93.76728770,42.02238325,G,TaskName 6/2/2025 (GreenStar 4 Monitor),32%zidua/sharpen,82,6/2/2025,0.995,On,1109.8,121.25,0.00,4.962,7.228,4.711,359.94,41.99,41.70,0,2,72.79,6/2/2025,Good,0.00,0.00,0.00,0.00,0.00,0.00,0.00,8.340,0.0013,4.170,0.00066,40.87,0.822,0.00,0.00,50.04,0.0079,0.00,0.00,0.00,0.00,0.00,5.838,0.00,0.00,0.020
-93.76728785,42.02240361,G,TaskName 6/2/2025 (GreenStar 4 Monitor),32%zidua/sharpen,83,6/2/2025,1.000,On,1109.8,121.25,0.00,5.043,7.385,4.288,359.92,41.99,41.78,0,2,74.01,6/2/2025,Good,0.00,0.00,0.00,0.00,0.00,0.00,0.00,8.356,0.0013,4.178,0.00067,40.94,0.842,0.00,0.00,50.13,0.0081,0.00,0.00,0.00,0.00,0.00,5.849,0.00,0.00,0.021
-93.76728775,42.02242344,G,TaskName 6/2/2025 (GreenStar 4 Monitor),32%zidua/sharpen,84,6/2/2025,1.000,On,1109.8,121.25,0.00,5.005,7.330,4.681,359.58,41.99,41.44,0,2,73.45,6/2/2025,Good,0.00,0.00,0.00,0.00,0.00,0.00,0.00,8.288,0.0013,4.144,0.00066,40.61,0.829,0.00,0.00,49.73,0.0079,0.00,0.00,0.00,0.00,0.00,5.801,0.00,0.00,0.020
-93.76728762,42.02244390,G,TaskName 6/2/2025 (GreenStar 4 Monitor),32%zidua/sharpen,85,6/2/2025,1.000,On,1109.9,121.25,0.00,4.972,7.290,4.222,359.20,41.99,41.86,0,2,73.05,6/2/2025,Good,0.00,0.00,0.00,0.00,0.00,0.00,0.00,8.373,0.0013,4.186,0.00066,41.03,0.833,0.00,0.00,50.24,0.0080,0.00,0.00,0.00,0.00,0.00,5.861,0.00,0.00,0.020
-93.76728805,42.02246419,G,TaskName 6/2/2025 (GreenStar 4 Monitor),32%zidua/sharpen,86,6/2/2025,0.995,On,1109.8,121.25,0.00,5.059,7.375,4.032,359.33,41.99,41.49,0,2,74.28,6/2/2025,Good,0.00,0.00,0.00,0.00,0.00,0.00,0.00,8.298,0.0013,4.149,0.00067,40.66,0.835,0.00,0.00,49.79,0.0080,0.00,0.00,0.00,0.00,0.00,5.809,0.00,0.00,0.021
-93.76728838,42.02248437,G,TaskName 6/2/2025 (GreenStar 4 Monitor),32%zidua/sharpen,87,6/2/2025,1.005,On,1109.7,121.25,0.00,5.038,7.418,4.769,359.43,41.99,42.01,0,2,73.96,6/2/2025,Good,0.00,0.00,0.00,0.00,0.00,0.00,0.00,8.403,0.0014,4.201,0.00068,41.17,0.850,0.00,0.00,50.42,0.0081,0.00,0.00,0.00,0.00,0.00,5.882,0.00,0.00,0.021
-93.76728877,42.02250473,G,TaskName 6/2/2025 (GreenStar 4 Monitor),32%zidua/sharpen,88,6/2/2025,0.996,On,1109.6,121.25,0.00,5.074,7.405,4.709,359.86,41.99,41.93,0,2,74.50,6/2/2025,Good,0.00,0.00,0.00,0.00,0.00,0.00,0.00,8.385,0.0014,4.193,0.00068,41.09,0.847,0.00,0.00,50.31,0.0081,0.00,0.00,0.00,0.00,0.00,5.870,0.00,0.00,0.021
-93.76728924,42.02252505,G,TaskName 6/2/2025 (GreenStar 4 Monitor),32%zidua/sharpen,89,6/2/2025,1.004,On,1109.5,121.25,0.00,5.007,7.369,4.970,0.353,41.99,42.07,0,2,73.55,6/2/2025,Good,0.00,0.00,0.00,0.00,0.00,0.00,0.00,8.414,0.0013,4.207,0.00067,41.23,0.846,0.00,0.00,50.48,0.0081,0.00,0.00,0.00,0.00,0.00,5.890,0.00,0.00,0.021
-93.76728886,42.02254544,G,TaskName 6/2/2025 (GreenStar 4 Monitor),32%zidua/sharpen,90,6/2/2025,1.000,On,1109.4,121.25,0.00,5.106,7.484,4.474,0.251,41.99,41.90,0,2,74.99,6/2/2025,Good,0.00,0.00,0.00,0.00,0.00,0.00,0.00,8.380,0.0014,4.190,0.00068,41.06,0.855,0.00,0.00,50.28,0.0082,0.00,0.00,0.00,0.00,0.00,5.866,0.00,0.00,0.021
-93.76728872,42.02256598,G,TaskName 6/2/2025 (GreenStar 4 Monitor),32%zidua/sharpen,91,6/2/2025,1.001,On,1109.3,121.25,0.00,5.046,7.392,4.685,0.478,41.99,42.09,0,2,74.00,6/2/2025,Good,0.00,0.00,0.00,0.00,0.00,0.00,0.00,8.418,0.0014,4.209,0.00068,41.25,0.849,0.00,0.00,50.51,0.0081,0.00,0.00,0.00,0.00,0.00,5.893,0.00,0.00,0.021
-93.76728884,42.02258613,G,TaskName 6/2/2025 (GreenStar 4 Monitor),32%zidua/sharpen,92,6/2/2025,0.999,On,1109.2,121.25,0.00,5.094,7.464,4.707,0.988,41.99,41.97,0,2,74.87,6/2/2025,Good,0.00,0.00,0.00,0.00,0.00,0.00,0.00,8.394,0.0014,4.197,0.00068,41.13,0.854,0.00,0.00,50.36,0.0082,0.00,0.00,0.00,0.00,0.00,5.876,0.00,0.00,0.021
-93.76728856,42.02260654,G,TaskName 6/2/2025 (GreenStar 4 Monitor),32%zidua/sharpen,93,6/2/2025,1.000,On,1109.1,121.25,0.00,5.016,7.349,4.680,1.254,41.99,42.16,0,2,73.64,6/2/2025,Good,0.00,0.00,0.00,0.00,0.00,0.00,0.00,8.432,0.0013,4.216,0.00067,41.32,0.845,0.00,0.00,50.59,0.0081,0.00,0.00,0.00,0.00,0.00,5.902,0.00,0.00,0.020
-93.76728777,42.02262698,G,TaskName 6/2/2025 (GreenStar 4 Monitor),32%zidua/sharpen,94,6/2/2025,1.000,On,1109.0,121.25,0.00,5.099,7.467,4.349,1.058,41.99,41.94,0,2,74.83,6/2/2025,Good,0.00,0.00,0.00,0.00,0.00,0.00,0.00,8.388,0.0014,4.194,0.00068,41.10,0.854,0.00,0.00,50.33,0.0082,0.00,0.00,0.00,0.00,0.00,5.872,0.00,0.00,0.021
-93.76728723,42.02264723,G,TaskName 6/2/2025 (GreenStar 4 Monitor),32%zidua/sharpen,95,6/2/2025,1.000,On,1108.9,121.25,0.00,5.038,7.379,3.995,1.231,41.99,41.96,0,2,73.94,6/2/2025,Good,0.00,0.00,0.00,0.00,0.00,0.00,0.00,8.392,0.0013,4.196,0.00067,41.12,0.845,0.00,0.00,50.35,0.0081,0.00,0.00,0.00,0.00,0.00,5.875,0.00,0.00,0.021
-93.76728675,42.02266743,G,TaskName 6/2/2025 (GreenStar 4 Monitor),32%zidua/sharpen,96,6/2/2025,1.000,On,1108.8,121.25,0.00,5.042,7.389,3.892,1.301,41.99,41.64,0,2,74.04,6/2/2025,Good,0.00,0.00,0.00,0.00,0.00,0.00,0.00,8.329,0.0013,4.164,0.00067,40.81,0.839,0.00,0.00,49.97,0.0080,0.00,0.00,0.00,0.00,0.00,5.830,0.00,0.00,0.021
-93.76728609,42.02268760,G,TaskName 6/2/2025 (GreenStar 4 Monitor),32%zidua/sharpen,97,6/2/2025,1.000,On,1108.7,121.25,0.00,4.998,7.323,4.030,1.105,41.99,41.92,0,2,73.38,6/2/2025,Good,0.00,0.00,0.00,0.00,0.00,0.00,0.00,8.384,0.0013,4.192,0.00067,41.08,0.837,0.00,0.00,50.31,0.0080,0.00,0.00,0.00,0.00,0.00,5.869,0.00,0.00,0.020
-93.76728552,42.02270786,G,TaskName 6/2/2025 (GreenStar 4 Monitor),32%zidua/sharpen,98,6/2/2025,1.000,On,1108.6,121.25,0.00,5.048,7.398,4.524,0.878,41.99,42.05,0,2,74.14,6/2/2025,Good,0.00,0.00,0.00,0.00,0.00,0.00,0.00,8.411,0.0014,4.205,0.00068,41.21,0.849,0.00,0.00,50.46,0.0081,0.00,0.00,0.00,0.00,0.00,5.888,0.00,0.00,0.021
-93.76728502,42.02272816,G,TaskName 6/2/2025 (GreenStar 4 Monitor),32%zidua/sharpen,99,6/2/2025,1.001,On,1108.5,121.25,0.00,5.015,7.349,4.686,1.105,41.99,42.08,0,2,73.57,6/2/2025,Good,0.00,0.00,0.00,0.00,0.00,0.00,0.00,8.416,0.0013,4.208,0.00067,41.24,0.844,0.00,0.00,50.50,0.0081,0.00,0.00,0.00,0.00,0.00,5.891,0.00,0.00,0.020
-93.76728498,42.02274824,G,TaskName 6/2/2025 (GreenStar 4 Monitor),32%zidua/sharpen,100,6/2/2025,0.995,On,1108.5,121.25,0.00,5.055,7.382,4.701,1.474,41.99,42.02,0,2,74.34,6/2/2025,Good,0.00,0.00,0.00,0.00,0.00,0.00,0.00,8.405,0.0013,4.202,0.00067,41.18,0.846,0.00,0.00,50.43,0.0081,0.00,0.00,0.00,0.00,0.00,5.883,0.00,0.00,0.021
-93.76728408,42.02276851,G,TaskName 6/2/2025 (GreenStar 4 Monitor),32%zidua/sharpen,101,6/2/2025,1.004,On,1108.4,121.25,0.00,4.994,7.343,4.756,1.035,41.99,41.97,0,2,73.28,6/2/2025,Good,0.00,0.00,0.00,0.00,0.00,0.00,0.00,8.395,0.0013,4.197,0.00067,41.13,0.841,0.00,0.00,50.37,0.0080,0.00,0.00,0.00,0.00,0.00,5.876,0.00,0.00,0.020
-93.76728320,42.02278870,G,TaskName 6/2/2025 (GreenStar 4 Monitor),32%zidua/sharpen,102,6/2/2025,0.995,On,1108.3,121.25,0.00,5.039,7.346,4.226,0.298,41.99,41.89,0,2,73.98,6/2/2025,Good,0.00,0.00,0.00,0.00,0.00,0.00,0.00,8.378,0.0013,4.189,0.00067,41.05,0.839,0.00,0.00,50.27,0.0080,0.00,0.00,0.00,0.00,0.00,5.865,0.00,0.00,0.020
-93.76728288,42.02280883,G,TaskName 6/2/2025 (GreenStar 4 Monitor),32%zidua/sharpen,103,6/2/2025,1.005,On,1108.5,121.25,0.00,4.994,7.353,3.962,0.063,41.99,41.79,0,2,73.31,6/2/2025,Good,0.00,0.00,0.00,0.00,0.00,0.00,0.00,8.359,0.0013,4.179,0.00067,40.96,0.838,0.00,0.00,50.15,0.0080,0.00,0.00,0.00,0.00,0.00,5.851,0.00,0.00,0.020
-93.76728278,42.02282892,G,TaskName 6/2/2025 (GreenStar 4 Monitor),32%zidua/sharpen,104,6/2/2025,1.000,On,1108.3,121.25,0.00,5.005,7.336,4.724,359.88,41.99,42.02,0,2,73.51,6/2/2025,Good,0.00,0.00,0.00,0.00,0.00,0.00,0.00,8.404,0.0013,4.202,0.00067,41.18,0.841,0.00,0.00,50.43,0.0080,0.00,0.00,0.00,0.00,0.00,5.883,0.00,0.00,0.020
-93.76728278,42.02284809,G,TaskName 6/2/2025 (GreenStar 4 Monitor),32%zidua/sharpen,105,6/2/2025,1.000,On,1108.3,121.25,0.00,4.979,7.297,4.030,359.83,41.99,41.86,0,2,73.12,6/2/2025,Good,0.00,0.00,0.00,0.00,0.00,0.00,0.00,8.373,0.0013,4.186,0.00066,41.03,0.833,0.00,0.00,50.24,0.0080,0.00,0.00,0.00,0.00,0.00,5.861,0.00,0.00,0.020
-93.76728259,42.02286715,G,TaskName 6/2/2025 (GreenStar 4 Monitor),32%zidua/sharpen,106,6/2/2025,1.000,On,1108.1,121.25,0.00,4.642,6.805,2.856,359.53,41.99,42.40,0,2,68.19,6/2/2025,Good,0.00,0.00,0.00,0.00,0.00,0.00,0.00,8.480,0.0013,4.240,0.00063,41.55,0.787,0.00,0.00,50.88,0.0075,0.00,0.00,0.00,0.00,0.00,5.936,0.00,0.00,0.019
-93.76728285,42.02287378,G,TaskName 6/2/2025 (GreenStar 4 Monitor),32%zidua/sharpen,107,6/2/2025,0.395,On,1108.0,121.25,0.00,4.746,2.746,2.257,359.64,41.99,42.02,0,2,69.67,6/2/2025,Good,0.00,0.00,0.00,0.00,0.00,0.00,0.00,8.404,0.00050,4.202,0.00025,41.18,0.315,0.00,0.00,50.42,0.0030,0.00,0.00,0.00,0.00,0.00,5.883,0.00,0.00,0.0076
-93.76753077,42.02271291,G,TaskName 6/2/2025 (GreenStar 4 Monitor),32%zidua/sharpen,108,6/2/2025,0.994,On,1107.8,121.25,0.00,4.662,6.785,5.561,269.68,41.99,41.92,0,3,68.40,6/2/2025,Good,0.00,0.00,0.00,0.00,0.00,0.00,0.00,8.384,0.0012,4.192,0.00062,41.08,0.776,0.00,0.00,50.31,0.0074,0.00,0.00,0.00,0.00,0.00,5.869,0.00,0.00,0.019
-93.76755602,42.02271260,G,TaskName 6/2/2025 (GreenStar 4 Monitor),32%zidua/sharpen,109,6/2/2025,1.005,On,1107.8,121.25,0.00,4.689,6.903,5.814,270.44,41.99,42.07,0,3,68.83,6/2/2025,Good,0.00,0.00,0.00,0.00,0.00,0.00,0.00,8.414,0.0013,4.207,0.00063,41.23,0.792,0.00,0.00,50.49,0.0076,0.00,0.00,0.00,0.00,0.00,5.890,0.00,0.00,0.019
-93.76758118,42.02271252,G,TaskName 6/2/2025 (GreenStar 4 Monitor),32%zidua/sharpen,110,6/2/2025,1.000,On,1107.7,121.25,0.00,4.650,6.815,5.616,271.14,41.99,42.40,0,3,68.29,6/2/2025,Good,0.00,0.00,0.00,0.00,0.00,0.00,0.00,8.479,0.0013,4.240,0.00063,41.55,0.788,0.00,0.00,50.88,0.0075,0.00,0.00,0.00,0.00,0.00,5.936,0.00,0.00,0.019
-93.76760658,42.02271282,G,TaskName 6/2/2025 (GreenStar 4 Monitor),32%zidua/sharpen,111,6/2/2025,1.000,On,1107.7,121.25,0.00,4.719,6.913,5.706,271.39,41.99,42.09,0,3,69.27,6/2/2025,Good,0.00,0.00,0.00,0.00,0.00,0.00,0.00,8.417,0.0013,4.209,0.00063,41.24,0.794,0.00,0.00,50.50,0.0076,0.00,0.00,0.00,0.00,0.00,5.892,0.00,0.00,0.019
-93.76763208,42.02271300,G,TaskName 6/2/2025 (GreenStar 4 Monitor),32%zidua/sharpen,112,6/2/2025,1.005,On,1107.6,121.25,0.00,4.690,6.906,6.168,271.83,41.99,41.90,0,3,68.86,6/2/2025,Good,0.00,0.00,0.00,0.00,0.00,0.00,0.00,8.380,0.0013,4.190,0.00063,41.06,0.789,0.00,0.00,50.28,0.0076,0.00,0.00,0.00,0.00,0.00,5.866,0.00,0.00,0.019
-93.76765783,42.02271376,G,TaskName 6/2/2025 (GreenStar 4 Monitor),32%zidua/sharpen,113,6/2/2025,0.995,On,1107.6,121.25,0.00,4.752,6.929,5.633,270.90,41.99,42.02,0,3,69.78,6/2/2025,Good,0.00,0.00,0.00,0.00,0.00,0.00,0.00,8.405,0.0013,4.202,0.00063,41.18,0.794,0.00,0.00,50.43,0.0076,0.00,0.00,0.00,0.00,0.00,5.883,0.00,0.00,0.019
-93.76768326,42.02271493,G,TaskName 6/2/2025 (GreenStar 4 Monitor),32%zidua/sharpen,114,6/2/2025,0.996,On,1107.6,121.25,0.00,4.764,6.952,5.766,269.50,41.99,41.95,0,3,69.94,6/2/2025,Good,0.00,0.00,0.00,0.00,0.00,0.00,0.00,8.391,0.0013,4.195,0.00063,41.12,0.796,0.00,0.00,50.35,0.0076,0.00,0.00,0.00,0.00,0.00,5.874,0.00,0.00,0.019
-93.76770884,42.02271469,G,TaskName 6/2/2025 (GreenStar 4 Monitor),32%zidua/sharpen,115,6/2/2025,1.004,On,1107.6,121.25,0.00,4.702,6.916,6.067,269.64,41.99,42.18,0,3,69.03,6/2/2025,Good,0.00,0.00,0.00,0.00,0.00,0.00,0.00,8.436,0.0013,4.218,0.00063,41.34,0.796,0.00,0.00,50.62,0.0076,0.00,0.00,0.00,0.00,0.00,5.905,0.00,0.00,0.019
-93.76773439,42.02271426,G,TaskName 6/2/2025 (GreenStar 4 Monitor),32%zidua/sharpen,116,6/2/2025,1.000,On,1107.6,121.25,0.00,4.727,6.923,5.666,270.19,41.99,42.10,0,3,69.37,6/2/2025,Good,0.00,0.00,0.00,0.00,0.00,0.00,0.00,8.420,0.0013,4.210,0.00063,41.26,0.795,0.00,0.00,50.52,0.0076,0.00,0.00,0.00,0.00,0.00,5.894,0.00,0.00,0.019
-93.76775993,42.02271436,G,TaskName 6/2/2025 (GreenStar 4 Monitor),32%zidua/sharpen,117,6/2/2025,0.995,On,1107.7,121.25,0.00,4.753,6.926,5.889,269.76,41.99,41.79,0,3,69.75,6/2/2025,Good,0.00,0.00,0.00,0.00,0.00,0.00,0.00,8.358,0.0013,4.179,0.00063,40.96,0.790,0.00,0.00,50.15,0.0076,0.00,0.00,0.00,0.00,0.00,5.851,0.00,0.00,0.019
-93.76778562,42.02271466,G,TaskName 6/2/2025 (GreenStar 4 Monitor),32%zidua/sharpen,118,6/2/2025,1.005,On,1107.7,121.25,0.00,4.725,6.955,5.985,268.92,41.99,42.00,0,3,69.35,6/2/2025,Good,0.00,0.00,0.00,0.00,0.00,0.00,0.00,8.401,0.0013,4.200,0.00064,41.16,0.797,0.00,0.00,50.40,0.0076,0.00,0.00,0.00,0.00,0.00,5.880,0.00,0.00,0.019
-93.76781159,42.02271428,G,TaskName 6/2/2025 (GreenStar 4 Monitor),32%zidua/sharpen,119,6/2/2025,1.000,On,1107.7,121.25,0.00,4.792,7.021,5.625,268.93,41.99,42.02,0,3,70.35,6/2/2025,Good,0.00,0.00,0.00,0.00,0.00,0.00,0.00,8.403,0.0013,4.202,0.00064,41.18,0.805,0.00,0.00,50.42,0.0077,0.00,0.00,0.00,0.00,0.00,5.882,0.00,0.00,0.020
-93.76783791,42.02271394,G,TaskName 6/2/2025 (GreenStar 4 Monitor),32%zidua/sharpen,120,6/2/2025,1.000,On,1107.7,121.25,0.00,4.839,7.090,5.592,268.93,41.99,41.99,0,3,71.05,6/2/2025,Good,0.00,0.00,0.00,0.00,0.00,0.00,0.00,8.399,0.0013,4.199,0.00065,41.15,0.812,0.00,0.00,50.39,0.0078,0.00,0.00,0.00,0.00,0.00,5.879,0.00,0.00,0.020
-93.76786416,42.02271364,G,TaskName 6/2/2025 (GreenStar 4 Monitor),32%zidua/sharpen,121,6/2/2025,1.000,On,1107.7,121.25,0.00,4.881,7.149,5.523,268.89,41.99,41.80,0,3,71.64,6/2/2025,Good,0.00,0.00,0.00,0.00,0.00,0.00,0.00,8.360,0.0013,4.180,0.00065,40.96,0.815,0.00,0.00,50.16,0.0078,0.00,0.00,0.00,0.00,0.00,5.852,0.00,0.00,0.020
-93.76789048,42.02271298,G,TaskName 6/2/2025 (GreenStar 4 Monitor),32%zidua/sharpen,122,6/2/2025,1.000,On,1107.8,121.25,0.00,4.843,7.100,5.023,269.74,41.99,42.04,0,3,71.14,6/2/2025,Good,0.00,0.00,0.00,0.00,0.00,0.00,0.00,8.407,0.0013,4.204,0.00065,41.20,0.814,0.00,0.00,50.44,0.0078,0.00,0.00,0.00,0.00,0.00,5.885,0.00,0.00,0.020
-93.76791655,42.02271217,G,TaskName 6/2/2025 (GreenStar 4 Monitor),32%zidua/sharpen,123,6/2/2025,1.000,On,1107.8,121.25,0.00,4.874,7.142,5.259,271.04,41.99,41.78,0,3,71.57,6/2/2025,Good,0.00,0.00,0.00,0.00,0.00,0.00,0.00,8.355,0.0013,4.178,0.00065,40.94,0.814,0.00,0.00,50.13,0.0078,0.00,0.00,0.00,0.00,0.00,5.849,0.00,0.00,0.020
-93.76794255,42.02271237,G,TaskName 6/2/2025 (GreenStar 4 Monitor),32%zidua/sharpen,124,6/2/2025,1.001,On,1107.9,121.25,0.00,4.805,7.037,5.528,271.01,41.99,41.97,0,3,70.45,6/2/2025,Good,0.00,0.00,0.00,0.00,0.00,0.00,0.00,8.394,0.0013,4.197,0.00064,41.13,0.806,0.00,0.00,50.37,0.0077,0.00,0.00,0.00,0.00,0.00,5.876,0.00,0.00,0.020
-93.76796860,42.02271319,G,TaskName 6/2/2025 (GreenStar 4 Monitor),32%zidua/sharpen,125,6/2/2025,0.994,On,1107.9,121.25,0.00,4.839,7.054,4.906,270.54,41.99,41.91,0,3,71.11,6/2/2025,Good,0.00,0.00,0.00,0.00,0.00,0.00,0.00,8.382,0.0013,4.191,0.00064,41.07,0.806,0.00,0.00,50.29,0.0077,0.00,0.00,0.00,0.00,0.00,5.867,0.00,0.00,0.020
-93.76799456,42.02271310,G,TaskName 6/2/2025 (GreenStar 4 Monitor),32%zidua/sharpen,126,6/2/2025,1.005,On,1108.0,121.25,0.00,4.827,7.106,5.313,271.07,41.99,42.04,0,3,70.86,6/2/2025,Good,0.00,0.00,0.00,0.00,0.00,0.00,0.00,8.408,0.0013,4.204,0.00065,41.20,0.815,0.00,0.00,50.45,0.0078,0.00,0.00,0.00,0.00,0.00,5.886,0.00,0.00,0.020
-93.76802025,42.02271354,G,TaskName 6/2/2025 (GreenStar 4 Monitor),32%zidua/sharpen,127,6/2/2025,1.000,On,1108.1,121.25,0.00,4.771,6.988,5.701,270.90,41.99,42.07,0,3,70.03,6/2/2025,Good,0.00,0.00,0.00,0.00,0.00,0.00,0.00,8.413,0.0013,4.207,0.00064,41.23,0.802,0.00,0.00,50.48,0.0077,0.00,0.00,0.00,0.00,0.00,5.889,0.00,0.00,0.019
-93.76804624,42.02271429,G,TaskName 6/2/2025 (GreenStar 4 Monitor),32%zidua/sharpen,128,6/2/2025,0.995,On,1108.2,121.25,0.00,4.774,6.959,5.065,270.27,41.99,42.04,0,3,70.08,6/2/2025,Good,0.00,0.00,0.00,0.00,0.00,0.00,0.00,8.407,0.0013,4.204,0.00064,41.20,0.798,0.00,0.00,50.44,0.0076,0.00,0.00,0.00,0.00,0.00,5.885,0.00,0.00,0.019
-93.76807185,42.02271452,G,TaskName 6/2/2025 (GreenStar 4 Monitor),32%zidua/sharpen,129,6/2/2025,1.001,On,1108.2,121.25,0.00,4.814,7.054,4.995,270.09,41.99,41.77,0,3,70.61,6/2/2025,Good,0.00,0.00,0.00,0.00,0.00,0.00,0.00,8.355,0.0013,4.177,0.00064,40.94,0.804,0.00,0.00,50.13,0.0077,0.00,0.00,0.00,0.00,0.00,5.848,0.00,0.00,0.020
-93.76809761,42.02271443,G,TaskName 6/2/2025 (GreenStar 4 Monitor),32%zidua/sharpen,130,6/2/2025,1.004,On,1108.3,121.25,0.00,4.735,6.972,5.347,270.33,41.99,41.80,0,3,69.58,6/2/2025,Good,0.00,0.00,0.00,0.00,0.00,0.00,0.00,8.361,0.0013,4.180,0.00063,40.97,0.795,0.00,0.00,50.16,0.0076,0.00,0.00,0.00,0.00,0.00,5.852,0.00,0.00,0.019
-93.76812330,42.02271464,G,TaskName 6/2/2025 (GreenStar 4 Monitor),32%zidua/sharpen,131,6/2/2025,0.996,On,1108.4,121.25,0.00,4.775,6.969,5.134,270.05,41.99,41.80,0,3,70.11,6/2/2025,Good,0.00,0.00,0.00,0.00,0.00,0.00,0.00,8.360,0.0013,4.180,0.00063,40.97,0.795,0.00,0.00,50.16,0.0076,0.00,0.00,0.00,0.00,0.00,5.852,0.00,0.00,0.019
-93.76814904,42.02271463,G,TaskName 6/2/2025 (GreenStar 4 Monitor),32%zidua/sharpen,132,6/2/2025,1.004,On,1108.5,121.25,0.00,4.754,6.995,5.371,270.00,41.99,41.71,0,3,69.81,6/2/2025,Good,0.00,0.00,0.00,0.00,0.00,0.00,0.00,8.342,0.0013,4.171,0.00063,40.87,0.796,0.00,0.00,50.05,0.0076,0.00,0.00,0.00,0.00,0.00,5.839,0.00,0.00,0.019
-93.76817436,42.02271440,G,TaskName 6/2/2025 (GreenStar 4 Monitor),32%zidua/sharpen,133,6/2/2025,1.001,On,1108.6,121.25,0.00,4.737,6.939,6.303,269.50,41.99,41.84,0,3,69.46,6/2/2025,Good,0.00,0.00,0.00,0.00,0.00,0.00,0.00,8.367,0.0013,4.184,0.00063,41.00,0.792,0.00,0.00,50.20,0.0076,0.00,0.00,0.00,0.00,0.00,5.857,0.00,0.00,0.019
-93.76819994,42.02271441,G,TaskName 6/2/2025 (GreenStar 4 Monitor),32%zidua/sharpen,134,6/2/2025,0.994,On,1108.7,121.25,0.00,4.720,6.883,6.389,268.37,41.99,42.01,0,3,69.39,6/2/2025,Good,0.00,0.00,0.00,0.00,0.00,0.00,0.00,8.401,0.0013,4.201,0.00063,41.17,0.789,0.00,0.00,50.41,0.0075,0.00,0.00,0.00,0.00,0.00,5.881,0.00,0.00,0.019
-93.76822580,42.02271429,G,TaskName 6/2/2025 (GreenStar 4 Monitor),32%zidua/sharpen,135,6/2/2025,1.000,On,1108.8,121.25,0.00,4.769,6.985,6.218,267.40,41.99,41.96,0,3,69.99,6/2/2025,Good,0.00,0.00,0.00,0.00,0.00,0.00,0.00,8.392,0.0013,4.196,0.00064,41.12,0.799,0.00,0.00,50.35,0.0076,0.00,0.00,0.00,0.00,0.00,5.874,0.00,0.00,0.019
-93.76825182,42.02271361,G,TaskName 6/2/2025 (GreenStar 4 Monitor),32%zidua/sharpen,136,6/2/2025,1.001,On,1108.8,121.25,0.00,4.808,7.051,5.911,267.47,41.99,41.89,0,3,70.58,6/2/2025,Good,0.00,0.00,0.00,0.00,0.00,0.00,0.00,8.378,0.0013,4.189,0.00064,41.05,0.806,0.00,0.00,50.27,0.0077,0.00,0.00,0.00,0.00,0.00,5.864,0.00,0.00,0.020
-93.76827751,42.02271243,G,TaskName 6/2/2025 (GreenStar 4 Monitor),32%zidua/sharpen,137,6/2/2025,0.999,On,1108.9,121.25,0.00,4.792,7.011,6.072,268.44,41.99,42.00,0,3,70.33,6/2/2025,Good,0.00,0.00,0.00,0.00,0.00,0.00,0.00,8.399,0.0013,4.200,0.00064,41.16,0.803,0.00,0.00,50.40,0.0077,0.00,0.00,0.00,0.00,0.00,5.880,0.00,0.00,0.020
-93.76830356,42.02271186,G,TaskName 6/2/2025 (GreenStar 4 Monitor),32%zidua/sharpen,138,6/2/2025,1.005,On,1109.0,121.25,0.00,4.774,7.031,6.091,268.74,41.99,42.02,0,3,70.10,6/2/2025,Good,0.00,0.00,0.00,0.00,0.00,0.00,0.00,8.403,0.0013,4.202,0.00064,41.18,0.806,0.00,0.00,50.42,0.0077,0.00,0.00,0.00,0.00,0.00,5.882,0.00,0.00,0.020
-93.76832962,42.02271168,G,TaskName 6/2/2025 (GreenStar 4 Monitor),32%zidua/sharpen,139,6/2/2025,1.000,On,1109.1,121.25,0.00,4.848,7.103,5.749,268.52,41.99,41.82,0,3,71.18,6/2/2025,Good,0.00,0.00,0.00,0.00,0.00,0.00,0.00,8.364,0.0013,4.182,0.00065,40.99,0.810,0.00,0.00,50.19,0.0078,0.00,0.00,0.00,0.00,0.00,5.855,0.00,0.00,0.020
-93.76835575,42.02271084,G,TaskName 6/2/2025 (GreenStar 4 Monitor),32%zidua/sharpen,140,6/2/2025,1.000,On,1109.2,121.25,0.00,4.800,7.031,5.800,268.98,41.99,41.87,0,3,70.45,6/2/2025,Good,0.00,0.00,0.00,0.00,0.00,0.00,0.00,8.374,0.0013,4.187,0.00064,41.03,0.803,0.00,0.00,50.24,0.0077,0.00,0.00,0.00,0.00,0.00,5.862,0.00,0.00,0.020
-93.76838196,42.02271000,G,TaskName 6/2/2025 (GreenStar 4 Monitor),32%zidua/sharpen,141,6/2/2025,0.995,On,1109.3,121.25,0.00,4.855,7.077,5.823,269.84,41.99,41.79,0,3,71.27,6/2/2025,Good,0.00,0.00,0.00,0.00,0.00,0.00,0.00,8.358,0.0013,4.179,0.00064,40.96,0.807,0.00,0.00,50.15,0.0077,0.00,0.00,0.00,0.00,0.00,5.851,0.00,0.00,0.020
-93.76840838,42.02270947,G,TaskName 6/2/2025 (GreenStar 4 Monitor),32%zidua/sharpen,142,6/2/2025,1.005,On,1109.3,121.25,0.00,4.883,7.188,5.008,270.52,41.99,41.96,0,3,71.67,6/2/2025,Good,0.00,0.00,0.00,0.00,0.00,0.00,0.00,8.391,0.0013,4.196,0.00066,41.12,0.823,0.00,0.00,50.35,0.0079,0.00,0.00,0.00,0.00,0.00,5.874,0.00,0.00,0.020
-93.76843513,42.02270959,G,TaskName 6/2/2025 (GreenStar 4 Monitor),32%zidua/sharpen,143,6/2/2025,0.995,On,1109.3,121.25,0.00,4.944,7.208,4.434,270.51,41.99,41.54,0,3,72.59,6/2/2025,Good,0.00,0.00,0.00,0.00,0.00,0.00,0.00,8.308,0.0013,4.154,0.00065,40.71,0.817,0.00,0.00,49.85,0.0078,0.00,0.00,0.00,0.00,0.00,5.816,0.00,0.00,0.020
-93.76846165,42.02270995,G,TaskName 6/2/2025 (GreenStar 4 Monitor),32%zidua/sharpen,144,6/2/2025,1.000,On,1109.4,121.25,0.00,4.918,7.208,4.623,270.47,41.99,41.62,0,3,72.23,6/2/2025,Good,0.00,0.00,0.00,0.00,0.00,0.00,0.00,8.324,0.0013,4.162,0.00065,40.79,0.818,0.00,0.00,49.94,0.0078,0.00,0.00,0.00,0.00,0.00,5.827,0.00,0.00,0.020
-93.76848819,42.02271021,G,TaskName 6/2/2025 (GreenStar 4 Monitor),32%zidua/sharpen,145,6/2/2025,1.000,On,1109.4,121.25,0.00,4.910,7.192,4.987,270.34,41.99,41.79,0,3,72.06,6/2/2025,Good,0.00,0.00,0.00,0.00,0.00,0.00,0.00,8.358,0.0013,4.179,0.00065,40.95,0.820,0.00,0.00,50.15,0.0078,0.00,0.00,0.00,0.00,0.00,5.850,0.00,0.00,0.020
-93.76851458,42.02271054,G,TaskName 6/2/2025 (GreenStar 4 Monitor),32%zidua/sharpen,146,6/2/2025,1.000,On,1109.4,121.25,0.00,4.897,7.178,5.244,270.03,41.99,42.09,0,3,71.93,6/2/2025,Good,0.00,0.00,0.00,0.00,0.00,0.00,0.00,8.417,0.0013,4.209,0.00066,41.25,0.824,0.00,0.00,50.50,0.0079,0.00,0.00,0.00,0.00,0.00,5.892,0.00,0.00,0.020
-93.76854116,42.02271031,G,TaskName 6/2/2025 (GreenStar 4 Monitor),32%zidua/sharpen,147,6/2/2025,1.000,On,1109.4,121.25,0.00,4.929,7.221,4.556,270.76,41.99,41.99,0,3,72.36,6/2/2025,Good,0.00,0.00,0.00,0.00,0.00,0.00,0.00,8.399,0.0013,4.199,0.00066,41.15,0.827,0.00,0.00,50.39,0.0079,0.00,0.00,0.00,0.00,0.00,5.879,0.00,0.00,0.020
-93.76856783,42.02271023,G,TaskName 6/2/2025 (GreenStar 4 Monitor),32%zidua/sharpen,148,6/2/2025,1.000,On,1109.3,121.25,0.00,4.931,7.224,4.461,271.25,41.99,41.53,0,3,72.39,6/2/2025,Good,0.00,0.00,0.00,0.00,0.00,0.00,0.00,8.305,0.0013,4.153,0.00065,40.70,0.818,0.00,0.00,49.83,0.0078,0.00,0.00,0.00,0.00,0.00,5.814,0.00,0.00,0.020
-93.76859446,42.02271116,G,TaskName 6/2/2025 (GreenStar 4 Monitor),32%zidua/sharpen,149,6/2/2025,1.000,On,1109.3,121.25,0.00,4.955,7.260,5.066,270.52,41.99,41.73,0,3,72.75,6/2/2025,Good,0.00,0.00,0.00,0.00,0.00,0.00,0.00,8.347,0.0013,4.173,0.00066,40.90,0.827,0.00,0.00,50.08,0.0079,0.00,0.00,0.00,0.00,0.00,5.843,0.00,0.00,0.020
-93.76862086,42.02271179,G,TaskName 6/2/2025 (GreenStar 4 Monitor),32%zidua/sharpen,150,6/2/2025,1.000,On,1109.3,121.25,0.00,4.884,7.156,5.488,269.69,41.99,42.09,0,3,71.70,6/2/2025,Good,0.00,0.00,0.00,0.00,0.00,0.00,0.00,8.418,0.0013,4.209,0.00065,41.25,0.822,0.00,0.00,50.51,0.0079,0.00,0.00,0.00,0.00,0.00,5.893,0.00,0.00,0.020
-93.76864764,42.02271161,G,TaskName 6/2/2025 (GreenStar 4 Monitor),32%zidua/sharpen,151,6/2/2025,1.000,On,1109.3,121.25,0.00,4.930,7.224,5.190,269.96,41.99,41.90,0,3,72.39,6/2/2025,Good,0.00,0.00,0.00,0.00,0.00,0.00,0.00,8.380,0.0013,4.190,0.00066,41.06,0.826,0.00,0.00,50.28,0.0079,0.00,0.00,0.00,0.00,0.00,5.866,0.00,0.00,0.020
-93.76867414,42.02271173,G,TaskName 6/2/2025 (GreenStar 4 Monitor),32%zidua/sharpen,152,6/2/2025,1.001,On,1109.2,121.25,0.00,4.918,7.211,5.371,269.98,41.99,42.03,0,3,72.19,6/2/2025,Good,0.00,0.00,0.00,0.00,0.00,0.00,0.00,8.406,0.0013,4.203,0.00066,41.19,0.827,0.00,0.00,50.44,0.0079,0.00,0.00,0.00,0.00,0.00,5.884,0.00,0.00,0.020
-93.76870044,42.02271160,G,TaskName 6/2/2025 (GreenStar 4 Monitor),32%zidua/sharpen,153,6/2/2025,1.000,On,1109.2,121.25,0.00,4.905,7.182,5.476,269.88,41.99,42.02,0,3,71.97,6/2/2025,Good,0.00,0.00,0.00,0.00,0.00,0.00,0.00,8.405,0.0013,4.202,0.00066,41.18,0.823,0.00,0.00,50.43,0.0079,0.00,0.00,0.00,0.00,0.00,5.883,0.00,0.00,0.020
-93.76872700,42.02271191,G,TaskName 6/2/2025 (GreenStar 4 Monitor),32%zidua/sharpen,154,6/2/2025,0.999,On,1109.1,121.25,0.00,4.880,7.149,4.919,269.62,41.99,42.01,0,3,71.71,6/2/2025,Good,0.00,0.00,0.00,0.00,0.00,0.00,0.00,8.402,0.0013,4.201,0.00065,41.17,0.819,0.00,0.00,50.41,0.0078,0.00,0.00,0.00,0.00,0.00,5.881,0.00,0.00,0.020
-93.76875358,42.02271132,G,TaskName 6/2/2025 (GreenStar 4 Monitor),32%zidua/sharpen,155,6/2/2025,1.000,On,1109.1,121.25,0.00,4.932,7.228,4.553,270.26,41.99,41.58,0,3,72.43,6/2/2025,Good,0.00,0.00,0.00,0.00,0.00,0.00,0.00,8.316,0.0013,4.158,0.00065,40.75,0.820,0.00,0.00,49.90,0.0078,0.00,0.00,0.00,0.00,0.00,5.821,0.00,0.00,0.020
-93.76878024,42.02271110,G,TaskName 6/2/2025 (GreenStar 4 Monitor),32%zidua/sharpen,156,6/2/2025,1.000,On,1109.0,121.25,0.00,4.922,7.208,4.645,270.91,41.99,41.58,0,3,72.23,6/2/2025,Good,0.00,0.00,0.00,0.00,0.00,0.00,0.00,8.316,0.0013,4.158,0.00065,40.75,0.818,0.00,0.00,49.89,0.0078,0.00,0.00,0.00,0.00,0.00,5.821,0.00,0.00,0.020
-93.76880676,42.02271119,G,TaskName 6/2/2025 (GreenStar 4 Monitor),32%zidua/sharpen,157,6/2/2025,1.000,On,1109.0,121.25,0.00,4.917,7.201,4.995,271.06,41.99,41.84,0,3,72.16,6/2/2025,Good,0.00,0.00,0.00,0.00,0.00,0.00,0.00,8.367,0.0013,4.184,0.00066,41.00,0.822,0.00,0.00,50.20,0.0079,0.00,0.00,0.00,0.00,0.00,5.857,0.00,0.00,0.020
-93.76883337,42.02271167,G,TaskName 6/2/2025 (GreenStar 4 Monitor),32%zidua/sharpen,158,6/2/2025,0.995,On,1108.9,121.25,0.00,4.934,7.195,4.970,270.74,41.99,42.25,0,3,72.46,6/2/2025,Good,0.00,0.00,0.00,0.00,0.00,0.00,0.00,8.450,0.0013,4.225,0.00066,41.40,0.829,0.00,0.00,50.70,0.0079,0.00,0.00,0.00,0.00,0.00,5.915,0.00,0.00,0.020
-93.76886000,42.02271211,G,TaskName 6/2/2025 (GreenStar 4 Monitor),32%zidua/sharpen,159,6/2/2025,1.000,On,1108.8,121.25,0.00,4.947,7.251,4.561,270.18,41.99,41.97,0,3,72.66,6/2/2025,Good,0.00,0.00,0.00,0.00,0.00,0.00,0.00,8.394,0.0013,4.197,0.00066,41.13,0.830,0.00,0.00,50.36,0.0079,0.00,0.00,0.00,0.00,0.00,5.876,0.00,0.00,0.020
-93.76888653,42.02271210,G,TaskName 6/2/2025 (GreenStar 4 Monitor),32%zidua/sharpen,160,6/2/2025,1.005,On,1108.8,121.25,0.00,4.916,7.241,5.420,270.19,41.99,41.92,0,3,72.20,6/2/2025,Good,0.00,0.00,0.00,0.00,0.00,0.00,0.00,8.384,0.0013,4.192,0.00066,41.08,0.828,0.00,0.00,50.30,0.0079,0.00,0.00,0.00,0.00,0.00,5.869,0.00,0.00,0.020
-93.76891319,42.02271188,G,TaskName 6/2/2025 (GreenStar 4 Monitor),32%zidua/sharpen,161,6/2/2025,0.995,On,1108.7,121.25,0.00,4.915,7.165,5.201,270.56,41.99,41.93,0,3,72.16,6/2/2025,Good,0.00,0.00,0.00,0.00,0.00,0.00,0.00,8.387,0.0013,4.193,0.00065,41.10,0.820,0.00,0.00,50.32,0.0078,0.00,0.00,0.00,0.00,0.00,5.871,0.00,0.00,0.020
-93.76893978,42.02271168,G,TaskName 6/2/2025 (GreenStar 4 Monitor),32%zidua/sharpen,162,6/2/2025,1.000,On,1108.6,121.25,0.00,4.937,7.231,5.353,271.00,41.99,41.83,0,3,72.46,6/2/2025,Good,0.00,0.00,0.00,0.00,0.00,0.00,0.00,8.365,0.0013,4.183,0.00066,40.99,0.825,0.00,0.00,50.19,0.0079,0.00,0.00,0.00,0.00,0.00,5.856,0.00,0.00,0.020
-93.76896666,42.02271207,G,TaskName 6/2/2025 (GreenStar 4 Monitor),32%zidua/sharpen,163,6/2/2025,1.005,On,1108.6,121.25,0.00,4.952,7.290,5.141,270.77,41.99,41.93,0,3,72.69,6/2/2025,Good,0.00,0.00,0.00,0.00,0.00,0.00,0.00,8.387,0.0013,4.193,0.00066,41.10,0.834,0.00,0.00,50.32,0.0080,0.00,0.00,0.00,0.00,0.00,5.871,0.00,0.00,0.020
-93.76899343,42.02271252,G,TaskName 6/2/2025 (GreenStar 4 Monitor),32%zidua/sharpen,164,6/2/2025,0.995,On,1108.5,121.25,0.00,4.964,7.234,5.444,270.33,41.99,41.84,0,3,72.86,6/2/2025,Good,0.00,0.00,0.00,0.00,0.00,0.00,0.00,8.367,0.0013,4.184,0.00066,41.00,0.826,0.00,0.00,50.20,0.0079,0.00,0.00,0.00,0.00,0.00,5.857,0.00,0.00,0.020
-93.76902041,42.02271271,G,TaskName 6/2/2025 (GreenStar 4 Monitor),32%zidua/sharpen,165,6/2/2025,1.000,On,1108.5,121.25,0.00,4.979,7.297,5.038,270.28,41.99,41.87,0,3,73.12,6/2/2025,Good,0.00,0.00,0.00,0.00,0.00,0.00,0.00,8.374,0.0013,4.187,0.00066,41.03,0.833,0.00,0.00,50.24,0.0080,0.00,0.00,0.00,0.00,0.00,5.862,0.00,0.00,0.020
-93.76904742,42.02271263,G,TaskName 6/2/2025 (GreenStar 4 Monitor),32%zidua/sharpen,166,6/2/2025,1.005,On,1108.5,121.25,0.00,5.006,7.369,4.837,270.61,41.99,42.03,0,3,73.47,6/2/2025,Good,0.00,0.00,0.00,0.00,0.00,0.00,0.00,8.406,0.0013,4.203,0.00067,41.19,0.845,0.00,0.00,50.44,0.0081,0.00,0.00,0.00,0.00,0.00,5.884,0.00,0.00,0.021
-93.76907430,42.02271272,G,TaskName 6/2/2025 (GreenStar 4 Monitor),32%zidua/sharpen,167,6/2/2025,0.995,On,1108.4,121.25,0.00,4.971,7.247,5.102,270.61,41.99,41.88,0,3,72.99,6/2/2025,Good,0.00,0.00,0.00,0.00,0.00,0.00,0.00,8.377,0.0013,4.188,0.00066,41.05,0.828,0.00,0.00,50.26,0.0079,0.00,0.00,0.00,0.00,0.00,5.864,0.00,0.00,0.020
-93.76910111,42.02271286,G,TaskName 6/2/2025 (GreenStar 4 Monitor),32%zidua/sharpen,168,6/2/2025,1.000,On,1108.4,121.25,0.00,4.993,7.316,4.804,270.74,41.99,41.87,0,3,73.31,6/2/2025,Good,0.00,0.00,0.00,0.00,0.00,0.00,0.00,8.374,0.0013,4.187,0.00067,41.03,0.836,0.00,0.00,50.24,0.0080,0.00,0.00,0.00,0.00,0.00,5.862,0.00,0.00,0.020
-93.76912815,42.02271323,G,TaskName 6/2/2025 (GreenStar 4 Monitor),32%zidua/sharpen,169,6/2/2025,1.000,On,1108.4,121.25,0.00,4.980,7.297,4.378,270.51,41.99,41.90,0,3,73.12,6/2/2025,Good,0.00,0.00,0.00,0.00,0.00,0.00,0.00,8.380,0.0013,4.190,0.00066,41.06,0.834,0.00,0.00,50.28,0.0080,0.00,0.00,0.00,0.00,0.00,5.866,0.00,0.00,0.020
-93.76915510,42.02271360,G,TaskName 6/2/2025 (GreenStar 4 Monitor),32%zidua/sharpen,170,6/2/2025,1.000,On,1108.4,121.25,0.00,5.009,7.345,4.114,270.13,41.99,41.25,0,3,73.60,6/2/2025,Good,0.00,0.00,0.00,0.00,0.00,0.00,0.00,8.250,0.0013,4.125,0.00066,40.42,0.826,0.00,0.00,49.50,0.0079,0.00,0.00,0.00,0.00,0.00,5.775,0.00,0.00,0.020
-93.76918229,42.02271363,G,TaskName 6/2/2025 (GreenStar 4 Monitor),32%zidua/sharpen,171,6/2/2025,1.000,On,1108.4,121.25,0.00,5.008,7.355,4.104,270.28,41.99,41.27,0,3,73.70,6/2/2025,Good,0.00,0.00,0.00,0.00,0.00,0.00,0.00,8.253,0.0013,4.127,0.00066,40.44,0.828,0.00,0.00,49.52,0.0079,0.00,0.00,0.00,0.00,0.00,5.777,0.00,0.00,0.020
-93.76920915,42.02271363,G,TaskName 6/2/2025 (GreenStar 4 Monitor),32%zidua/sharpen,172,6/2/2025,1.006,On,1108.4,121.25,0.00,5.012,7.404,4.169,270.35,41.99,41.42,0,3,73.75,6/2/2025,Good,0.00,0.00,0.00,0.00,0.00,0.00,0.00,8.285,0.0013,4.142,0.00067,40.60,0.837,0.00,0.00,49.71,0.0080,0.00,0.00,0.00,0.00,0.00,5.799,0.00,0.00,0.021
-93.76923635,42.02271381,G,TaskName 6/2/2025 (GreenStar 4 Monitor),32%zidua/sharpen,173,6/2/2025,0.994,On,1108.3,121.25,0.00,4.996,7.289,4.934,270.31,41.99,41.90,0,3,73.48,6/2/2025,Good,0.00,0.00,0.00,0.00,0.00,0.00,0.00,8.379,0.0013,4.190,0.00066,41.06,0.833,0.00,0.00,50.28,0.0080,0.00,0.00,0.00,0.00,0.00,5.865,0.00,0.00,0.020
-93.76926330,42.02271383,G,TaskName 6/2/2025 (GreenStar 4 Monitor),32%zidua/sharpen,174,6/2/2025,0.996,On,1108.2,121.25,0.00,5.037,7.355,4.754,270.47,41.99,42.05,0,3,74.00,6/2/2025,Good,0.00,0.00,0.00,0.00,0.00,0.00,0.00,8.410,0.0013,4.205,0.00067,41.21,0.844,0.00,0.00,50.46,0.0081,0.00,0.00,0.00,0.00,0.00,5.887,0.00,0.00,0.020
-93.76929054,42.02271387,G,TaskName 6/2/2025 (GreenStar 4 Monitor),32%zidua/sharpen,175,6/2/2025,1.004,On,1108.1,121.25,0.00,5.005,7.381,4.741,270.90,41.99,41.95,0,3,73.67,6/2/2025,Good,0.00,0.00,0.00,0.00,0.00,0.00,0.00,8.389,0.0013,4.195,0.00067,41.11,0.845,0.00,0.00,50.33,0.0081,0.00,0.00,0.00,0.00,0.00,5.872,0.00,0.00,0.021
-93.76931751,42.02271428,G,TaskName 6/2/2025 (GreenStar 4 Monitor),32%zidua/sharpen,176,6/2/2025,1.000,On,1108.0,121.25,0.00,5.014,7.361,4.776,270.80,41.99,41.91,0,3,73.76,6/2/2025,Good,0.00,0.00,0.00,0.00,0.00,0.00,0.00,8.381,0.0013,4.191,0.00067,41.07,0.841,0.00,0.00,50.29,0.0080,0.00,0.00,0.00,0.00,0.00,5.867,0.00,0.00,0.020
-93.76934430,42.02271500,G,TaskName 6/2/2025 (GreenStar 4 Monitor),32%zidua/sharpen,177,6/2/2025,1.000,On,1107.9,121.25,0.00,4.978,7.309,4.656,270.35,41.99,41.87,0,3,73.24,6/2/2025,Good,0.00,0.00,0.00,0.00,0.00,0.00,0.00,8.374,0.0013,4.187,0.00067,41.03,0.835,0.00,0.00,50.24,0.0080,0.00,0.00,0.00,0.00,0.00,5.862,0.00,0.00,0.020
-93.76937102,42.02271489,G,TaskName 6/2/2025 (GreenStar 4 Monitor),32%zidua/sharpen,178,6/2/2025,1.005,On,1107.9,121.25,0.00,4.953,7.312,4.378,270.58,41.99,41.64,0,3,72.91,6/2/2025,Good,0.00,0.00,0.00,0.00,0.00,0.00,0.00,8.327,0.0013,4.164,0.00066,40.80,0.830,0.00,0.00,49.96,0.0079,0.00,0.00,0.00,0.00,0.00,5.829,0.00,0.00,0.020
-93.76939724,42.02271536,G,TaskName 6/2/2025 (GreenStar 4 Monitor),32%zidua/sharpen,179,6/2/2025,0.995,On,1107.9,121.25,0.00,4.901,7.161,5.257,270.23,41.99,41.98,0,3,72.12,6/2/2025,Good,0.00,0.00,0.00,0.00,0.00,0.00,0.00,8.397,0.0013,4.198,0.00065,41.14,0.820,0.00,0.00,50.38,0.0078,0.00,0.00,0.00,0.00,0.00,5.878,0.00,0.00,0.020
-93.76942346,42.02271567,G,TaskName 6/2/2025 (GreenStar 4 Monitor),32%zidua/sharpen,180,6/2/2025,1.001,On,1107.9,121.25,0.00,4.861,7.135,5.169,269.73,41.99,42.32,0,3,71.42,6/2/2025,Good,0.00,0.00,0.00,0.00,0.00,0.00,0.00,8.464,0.0013,4.232,0.00066,41.47,0.824,0.00,0.00,50.78,0.0079,0.00,0.00,0.00,0.00,0.00,5.925,0.00,0.00,0.020
-93.76944928,42.02271532,G,TaskName 6/2/2025 (GreenStar 4 Monitor),32%zidua/sharpen,181,6/2/2025,0.999,On,1107.9,121.25,0.00,4.830,7.096,5.440,270.32,41.99,42.07,0,3,71.17,6/2/2025,Good,0.00,0.00,0.00,0.00,0.00,0.00,0.00,8.414,0.0013,4.207,0.00065,41.23,0.814,0.00,0.00,50.48,0.0078,0.00,0.00,0.00,0.00,0.00,5.890,0.00,0.00,0.020
-93.76947514,42.02271497,G,TaskName 6/2/2025 (GreenStar 4 Monitor),32%zidua/sharpen,182,6/2/2025,1.000,On,1107.9,121.25,0.00,4.791,7.033,5.684,271.02,41.99,41.95,0,3,70.48,6/2/2025,Good,0.00,0.00,0.00,0.00,0.00,0.00,0.00,8.390,0.0013,4.195,0.00064,41.11,0.805,0.00,0.00,50.34,0.0077,0.00,0.00,0.00,0.00,0.00,5.873,0.00,0.00,0.020
-93.76950132,42.02271565,G,TaskName 6/2/2025 (GreenStar 4 Monitor),32%zidua/sharpen,183,6/2/2025,0.996,On,1107.9,121.25,0.00,4.818,7.050,5.024,270.18,41.99,41.69,0,3,70.93,6/2/2025,Good,0.00,0.00,0.00,0.00,0.00,0.00,0.00,8.338,0.0013,4.169,0.00064,40.86,0.802,0.00,0.00,50.03,0.0077,0.00,0.00,0.00,0.00,0.00,5.837,0.00,0.00,0.020
-93.76952718,42.02271623,G,TaskName 6/2/2025 (GreenStar 4 Monitor),32%zidua/sharpen,184,6/2/2025,1.009,On,1107.9,121.25,0.00,4.831,7.155,5.042,269.50,41.99,41.44,0,3,71.05,6/2/2025,Good,0.00,0.00,0.00,0.00,0.00,0.00,0.00,8.288,0.0013,4.144,0.00064,40.61,0.809,0.00,0.00,49.73,0.0077,0.00,0.00,0.00,0.00,0.00,5.802,0.00,0.00,0.020
-93.76955306,42.02271574,G,TaskName 6/2/2025 (GreenStar 4 Monitor),32%zidua/sharpen,185,6/2/2025,0.995,On,1107.9,121.25,0.00,4.784,6.987,5.178,270.11,41.99,41.56,0,3,70.37,6/2/2025,Good,0.00,0.00,0.00,0.00,0.00,0.00,0.00,8.313,0.0013,4.156,0.00063,40.73,0.792,0.00,0.00,49.88,0.0076,0.00,0.00,0.00,0.00,0.00,5.819,0.00,0.00,0.019
-93.76957885,42.02271506,G,TaskName 6/2/2025 (GreenStar 4 Monitor),32%zidua/sharpen,186,6/2/2025,1.000,On,1107.9,121.25,0.00,4.787,7.027,5.288,271.17,41.99,41.93,0,3,70.41,6/2/2025,Good,0.00,0.00,0.00,0.00,0.00,0.00,0.00,8.385,0.0013,4.193,0.00064,41.09,0.804,0.00,0.00,50.31,0.0077,0.00,0.00,0.00,0.00,0.00,5.870,0.00,0.00,0.020
-93.76960489,42.02271556,G,TaskName 6/2/2025 (GreenStar 4 Monitor),32%zidua/sharpen,187,6/2/2025,1.000,On,1107.9,121.25,0.00,4.815,7.069,5.468,270.61,41.99,42.12,0,3,70.84,6/2/2025,Good,0.00,0.00,0.00,0.00,0.00,0.00,0.00,8.424,0.0013,4.212,0.00065,41.28,0.812,0.00,0.00,50.54,0.0078,0.00,0.00,0.00,0.00,0.00,5.897,0.00,0.00,0.020
-93.76963115,42.02271611,G,TaskName 6/2/2025 (GreenStar 4 Monitor),32%zidua/sharpen,188,6/2/2025,0.995,On,1107.9,121.25,0.00,4.839,7.069,5.798,269.85,41.99,41.92,0,3,71.19,6/2/2025,Good,0.00,0.00,0.00,0.00,0.00,0.00,0.00,8.383,0.0013,4.192,0.00064,41.08,0.808,0.00,0.00,50.30,0.0077,0.00,0.00,0.00,0.00,0.00,5.868,0.00,0.00,0.020
-93.76965751,42.02271573,G,TaskName 6/2/2025 (GreenStar 4 Monitor),32%zidua/sharpen,189,6/2/2025,1.000,On,1107.9,121.25,0.00,4.858,7.135,5.202,270.45,41.99,42.12,0,3,71.50,6/2/2025,Good,0.00,0.00,0.00,0.00,0.00,0.00,0.00,8.424,0.0013,4.212,0.00065,41.28,0.820,0.00,0.00,50.54,0.0078,0.00,0.00,0.00,0.00,0.00,5.897,0.00,0.00,0.020
-93.76968370,42.02271559,G,TaskName 6/2/2025 (GreenStar 4 Monitor),32%zidua/sharpen,190,6/2/2025,1.006,On,1107.9,121.25,0.00,4.870,7.187,5.674,270.87,41.99,41.86,0,3,71.59,6/2/2025,Good,0.00,0.00,0.00,0.00,0.00,0.00,0.00,8.373,0.0013,4.186,0.00065,41.03,0.821,0.00,0.00,50.24,0.0079,0.00,0.00,0.00,0.00,0.00,5.861,0.00,0.00,0.020
-93.76971001,42.02271620,G,TaskName 6/2/2025 (GreenStar 4 Monitor),32%zidua/sharpen,191,6/2/2025,0.999,On,1107.9,121.25,0.00,4.844,7.112,5.727,270.41,41.99,42.01,0,3,71.34,6/2/2025,Good,0.00,0.00,0.00,0.00,0.00,0.00,0.00,8.403,0.0013,4.201,0.00065,41.17,0.815,0.00,0.00,50.42,0.0078,0.00,0.00,0.00,0.00,0.00,5.882,0.00,0.00,0.020
-93.76973613,42.02271660,G,TaskName 6/2/2025 (GreenStar 4 Monitor),32%zidua/sharpen,192,6/2/2025,1.000,On,1107.9,121.25,0.00,4.883,7.171,5.620,270.04,41.99,41.73,0,3,71.86,6/2/2025,Good,0.00,0.00,0.00,0.00,0.00,0.00,0.00,8.346,0.0013,4.173,0.00065,40.89,0.816,0.00,0.00,50.07,0.0078,0.00,0.00,0.00,0.00,0.00,5.842,0.00,0.00,0.020
-93.76976226,42.02271648,G,TaskName 6/2/2025 (GreenStar 4 Monitor),32%zidua/sharpen,193,6/2/2025,1.000,On,1107.9,121.25,0.00,4.834,7.099,5.799,270.46,41.99,41.87,0,3,71.13,6/2/2025,Good,0.00,0.00,0.00,0.00,0.00,0.00,0.00,8.374,0.0013,4.187,0.00065,41.03,0.811,0.00,0.00,50.24,0.0078,0.00,0.00,0.00,0.00,0.00,5.862,0.00,0.00,0.020
-93.76978842,42.02271641,G,TaskName 6/2/2025 (GreenStar 4 Monitor),32%zidua/sharpen,194,6/2/2025,0.996,On,1107.9,121.25,0.00,4.829,7.059,5.558,270.69,41.99,41.89,0,3,71.02,6/2/2025,Good,0.00,0.00,0.00,0.00,0.00,0.00,0.00,8.379,0.0013,4.189,0.00064,41.06,0.807,0.00,0.00,50.27,0.0077,0.00,0.00,0.00,0.00,0.00,5.865,0.00,0.00,0.020
-93.76981431,42.02271692,G,TaskName 6/2/2025 (GreenStar 4 Monitor),32%zidua/sharpen,195,6/2/2025,1.004,On,1107.9,121.25,0.00,4.826,7.112,5.789,270.15,41.99,41.96,0,3,70.98,6/2/2025,Good,0.00,0.00,0.00,0.00,0.00,0.00,0.00,8.392,0.0013,4.196,0.00065,41.12,0.814,0.00,0.00,50.35,0.0078,0.00,0.00,0.00,0.00,0.00,5.874,0.00,0.00,0.020
-93.76984039,42.02271707,G,TaskName 6/2/2025 (GreenStar 4 Monitor),32%zidua/sharpen,196,6/2/2025,1.000,On,1107.9,121.25,0.00,4.818,7.076,5.505,270.16,41.99,42.00,0,3,70.90,6/2/2025,Good,0.00,0.00,0.00,0.00,0.00,0.00,0.00,8.399,0.0013,4.200,0.00065,41.16,0.811,0.00,0.00,50.39,0.0078,0.00,0.00,0.00,0.00,0.00,5.879,0.00,0.00,0.020
-93.76986640,42.02271673,G,TaskName 6/2/2025 (GreenStar 4 Monitor),32%zidua/sharpen,197,6/2/2025,0.995,On,1107.9,121.25,0.00,4.824,7.050,4.936,270.88,41.99,41.70,0,3,71.00,6/2/2025,Good,0.00,0.00,0.00,0.00,0.00,0.00,0.00,8.339,0.0013,4.170,0.00064,40.86,0.802,0.00,0.00,50.04,0.0077,0.00,0.00,0.00,0.00,0.00,5.837,0.00,0.00,0.020
-93.76989227,42.02271694,G,TaskName 6/2/2025 (GreenStar 4 Monitor),32%zidua/sharpen,198,6/2/2025,1.005,On,1107.9,121.25,0.00,4.812,7.102,5.940,270.79,41.99,41.82,0,3,70.81,6/2/2025,Good,0.00,0.00,0.00,0.00,0.00,0.00,0.00,8.363,0.0013,4.182,0.00065,40.98,0.810,0.00,0.00,50.18,0.0077,0.00,0.00,0.00,0.00,0.00,5.854,0.00,0.00,0.020
-93.76991802,42.02271806,G,TaskName 6/2/2025 (GreenStar 4 Monitor),32%zidua/sharpen,199,6/2/2025,1.000,On,1108.0,121.25,0.00,4.799,7.043,5.885,269.17,41.99,41.96,0,3,70.58,6/2/2025,Good,0.00,0.00,0.00,0.00,0.00,0.00,0.00,8.392,0.0013,4.196,0.00064,41.12,0.806,0.00,0.00,50.35,0.0077,0.00,0.00,0.00,0.00,0.00,5.875,0.00,0.00,0.020
-93.76994377,42.02271827,G,TaskName 6/2/2025 (GreenStar 4 Monitor),32%zidua/sharpen,200,6/2/2025,0.995,On,1108.0,121.25,0.00,4.759,6.955,5.996,268.44,41.99,41.96,0,3,70.04,6/2/2025,Good,0.00,0.00,0.00,0.00,0.00,0.00,0.00,8.392,0.0013,4.196,0.00063,41.12,0.796,0.00,0.00,50.35,0.0076,0.00,0.00,0.00,0.00,0.00,5.875,0.00,0.00,0.019
-93.76996939,42.02271757,G,TaskName 6/2/2025 (GreenStar 4 Monitor),32%zidua/sharpen,201,6/2/2025,1.000,On,1108.0,121.25,0.00,4.737,6.958,6.038,268.90,41.99,42.00,0,3,69.73,6/2/2025,Good,0.00,0.00,0.00,0.00,0.00,0.00,0.00,8.400,0.0013,4.200,0.00064,41.16,0.797,0.00,0.00,50.40,0.0076,0.00,0.00,0.00,0.00,0.00,5.880,0.00,0.00,0.019
-93.76999489,42.02271710,G,TaskName 6/2/2025 (GreenStar 4 Monitor),32%zidua/sharpen,202,6/2/2025,1.006,On,1108.0,121.25,0.00,4.744,6.998,6.090,269.52,41.99,41.95,0,3,69.70,6/2/2025,Good,0.00,0.00,0.00,0.00,0.00,0.00,0.00,8.390,0.0013,4.195,0.00064,41.11,0.801,0.00,0.00,50.34,0.0077,0.00,0.00,0.00,0.00,0.00,5.873,0.00,0.00,0.019
-93.77002063,42.02271676,G,TaskName 6/2/2025 (GreenStar 4 Monitor),32%zidua/sharpen,203,6/2/2025,0.994,On,1108.0,121.25,0.00,4.732,6.916,6.106,270.32,41.99,41.83,0,3,69.72,6/2/2025,Good,0.00,0.00,0.00,0.00,0.00,0.00,0.00,8.367,0.0013,4.183,0.00063,41.00,0.789,0.00,0.00,50.20,0.0075,0.00,0.00,0.00,0.00,0.00,5.857,0.00,0.00,0.019
-93.77004645,42.02271686,G,TaskName 6/2/2025 (GreenStar 4 Monitor),32%zidua/sharpen,204,6/2/2025,1.000,On,1108.0,121.25,0.00,4.791,7.034,5.796,270.68,41.99,41.77,0,3,70.48,6/2/2025,Good,0.00,0.00,0.00,0.00,0.00,0.00,0.00,8.354,0.0013,4.177,0.00064,40.93,0.801,0.00,0.00,50.12,0.0077,0.00,0.00,0.00,0.00,0.00,5.848,0.00,0.00,0.020
-93.77007236,42.02271700,G,TaskName 6/2/2025 (GreenStar 4 Monitor),32%zidua/sharpen,205,6/2/2025,1.005,On,1108.0,121.25,0.00,4.790,7.067,5.722,270.79,41.99,41.75,0,3,70.46,6/2/2025,Good,0.00,0.00,0.00,0.00,0.00,0.00,0.00,8.349,0.0013,4.175,0.00064,40.91,0.805,0.00,0.00,50.09,0.0077,0.00,0.00,0.00,0.00,0.00,5.844,0.00,0.00,0.020
-93.77009845,42.02271706,G,TaskName 6/2/2025 (GreenStar 4 Monitor),32%zidua/sharpen,206,6/2/2025,0.995,On,1108.1,121.25,0.00,4.817,7.037,5.634,271.10,41.99,41.76,0,3,70.87,6/2/2025,Good,0.00,0.00,0.00,0.00,0.00,0.00,0.00,8.352,0.0013,4.176,0.00064,40.93,0.802,0.00,0.00,50.11,0.0077,0.00,0.00,0.00,0.00,0.00,5.847,0.00,0.00,0.020
-93.77012435,42.02271735,G,TaskName 6/2/2025 (GreenStar 4 Monitor),32%zidua/sharpen,207,6/2/2025,1.005,On,1108.1,121.25,0.00,4.813,7.103,5.673,270.82,41.99,41.71,0,3,70.82,6/2/2025,Good,0.00,0.00,0.00,0.00,0.00,0.00,0.00,8.343,0.0013,4.171,0.00064,40.88,0.808,0.00,0.00,50.06,0.0077,0.00,0.00,0.00,0.00,0.00,5.840,0.00,0.00,0.020
-93.77015012,42.02271786,G,TaskName 6/2/2025 (GreenStar 4 Monitor),32%zidua/sharpen,208,6/2/2025,1.000,On,1108.2,121.25,0.00,4.790,7.034,5.487,270.32,41.99,41.86,0,3,70.48,6/2/2025,Good,0.00,0.00,0.00,0.00,0.00,0.00,0.00,8.371,0.0013,4.186,0.00064,41.02,0.803,0.00,0.00,50.23,0.0077,0.00,0.00,0.00,0.00,0.00,5.860,0.00,0.00,0.020
-93.77017626,42.02271780,G,TaskName 6/2/2025 (GreenStar 4 Monitor),32%zidua/sharpen,209,6/2/2025,1.000,On,1108.2,121.25,0.00,4.816,7.070,4.961,270.54,41.99,41.37,0,3,70.85,6/2/2025,Good,0.00,0.00,0.00,0.00,0.00,0.00,0.00,8.274,0.0013,4.137,0.00064,40.54,0.798,0.00,0.00,49.64,0.0076,0.00,0.00,0.00,0.00,0.00,5.792,0.00,0.00,0.020
-93.77020225,42.02271772,G,TaskName 6/2/2025 (GreenStar 4 Monitor),32%zidua/sharpen,210,6/2/2025,1.000,On,1108.2,121.25,0.00,4.824,7.083,5.002,270.85,41.99,41.40,0,3,70.98,6/2/2025,Good,0.00,0.00,0.00,0.00,0.00,0.00,0.00,8.281,0.0013,4.140,0.00064,40.58,0.800,0.00,0.00,49.68,0.0077,0.00,0.00,0.00,0.00,0.00,5.797,0.00,0.00,0.020
-93.77022845,42.02271782,G,TaskName 6/2/2025 (GreenStar 4 Monitor),32%zidua/sharpen,211,6/2/2025,0.995,On,1108.2,121.25,0.00,4.841,7.077,4.837,271.05,41.99,41.53,0,3,71.27,6/2/2025,Good,0.00,0.00,0.00,0.00,0.00,0.00,0.00,8.305,0.0013,4.153,0.00064,40.70,0.802,0.00,0.00,49.83,0.0077,0.00,0.00,0.00,0.00,0.00,5.814,0.00,0.00,0.020
-93.77025487,42.02271836,G,TaskName 6/2/2025 (GreenStar 4 Monitor),32%zidua/sharpen,212,6/2/2025,0.996,On,1108.3,121.25,0.00,4.867,7.113,4.626,270.75,41.99,41.56,0,3,71.56,6/2/2025,Good,0.00,0.00,0.00,0.00,0.00,0.00,0.00,8.312,0.0013,4.156,0.00064,40.73,0.806,0.00,0.00,49.87,0.0077,0.00,0.00,0.00,0.00,0.00,5.818,0.00,0.00,0.020
-93.77028088,42.02271870,G,TaskName 6/2/2025 (GreenStar 4 Monitor),32%zidua/sharpen,213,6/2/2025,1.004,On,1108.3,121.25,0.00,4.845,7.152,4.824,270.51,41.99,41.59,0,3,71.38,6/2/2025,Good,0.00,0.00,0.00,0.00,0.00,0.00,0.00,8.319,0.0013,4.159,0.00065,40.76,0.811,0.00,0.00,49.91,0.0078,0.00,0.00,0.00,0.00,0.00,5.823,0.00,0.00,0.020
-93.77030694,42.02271868,G,TaskName 6/2/2025 (GreenStar 4 Monitor),32%zidua/sharpen,214,6/2/2025,1.005,On,1108.5,121.25,0.00,4.816,7.106,4.938,270.68,41.99,41.82,0,3,70.85,6/2/2025,Good,0.00,0.00,0.00,0.00,0.00,0.00,0.00,8.364,0.0013,4.182,0.00065,40.98,0.811,0.00,0.00,50.18,0.0078,0.00,0.00,0.00,0.00,0.00,5.855,0.00,0.00,0.020
-93.77033305,42.02271912,G,TaskName 6/2/2025 (GreenStar 4 Monitor),32%zidua/sharpen,215,6/2/2025,0.995,On,1108.6,121.25,0.00,4.846,7.083,4.831,270.28,41.99,41.87,0,3,71.33,6/2/2025,Good,0.00,0.00,0.00,0.00,0.00,0.00,0.00,8.374,0.0013,4.187,0.00064,41.03,0.809,0.00,0.00,50.24,0.0077,0.00,0.00,0.00,0.00,0.00,5.862,0.00,0.00,0.020
-93.77035908,42.02271921,G,TaskName 6/2/2025 (GreenStar 4 Monitor),32%zidua/sharpen,216,6/2/2025,1.000,On,1108.7,121.25,0.00,4.832,7.096,4.955,270.19,41.99,41.89,0,3,71.11,6/2/2025,Good,0.00,0.00,0.00,0.00,0.00,0.00,0.00,8.378,0.0013,4.189,0.00065,41.05,0.811,0.00,0.00,50.27,0.0078,0.00,0.00,0.00,0.00,0.00,5.865,0.00,0.00,0.020
-93.77038539,42.02271920,G,TaskName 6/2/2025 (GreenStar 4 Monitor),32%zidua/sharpen,217,6/2/2025,1.005,On,1108.8,121.25,0.00,4.853,7.165,4.777,270.21,41.99,41.89,0,3,71.44,6/2/2025,Good,0.00,0.00,0.00,0.00,0.00,0.00,0.00,8.379,0.0013,4.189,0.00065,41.06,0.819,0.00,0.00,50.27,0.0078,0.00,0.00,0.00,0.00,0.00,5.865,0.00,0.00,0.020
-93.77041179,42.02271907,G,TaskName 6/2/2025 (GreenStar 4 Monitor),32%zidua/sharpen,218,6/2/2025,0.995,On,1108.9,121.25,0.00,4.871,7.113,4.788,270.26,41.99,41.81,0,3,71.63,6/2/2025,Good,0.00,0.00,0.00,0.00,0.00,0.00,0.00,8.362,0.0013,4.181,0.00065,40.98,0.811,0.00,0.00,50.17,0.0078,0.00,0.00,0.00,0.00,0.00,5.854,0.00,0.00,0.020
-93.77043826,42.02271932,G,TaskName 6/2/2025 (GreenStar 4 Monitor),32%zidua/sharpen,219,6/2/2025,0.996,On,1108.9,121.25,0.00,4.902,7.168,4.933,270.04,41.99,41.99,0,3,72.12,6/2/2025,Good,0.00,0.00,0.00,0.00,0.00,0.00,0.00,8.398,0.0013,4.199,0.00065,41.15,0.821,0.00,0.00,50.39,0.0079,0.00,0.00,0.00,0.00,0.00,5.879,0.00,0.00,0.020
-93.77046491,42.02271917,G,TaskName 6/2/2025 (GreenStar 4 Monitor),32%zidua/sharpen,220,6/2/2025,1.009,On,1108.9,121.25,0.00,4.909,7.273,5.310,270.21,41.99,41.94,0,3,72.23,6/2/2025,Good,0.00,0.00,0.00,0.00,0.00,0.00,0.00,8.388,0.0013,4.194,0.00066,41.10,0.832,0.00,0.00,50.33,0.0080,0.00,0.00,0.00,0.00,0.00,5.872,0.00,0.00,0.020
-93.77049180,42.02271908,G,TaskName 6/2/2025 (GreenStar 4 Monitor),32%zidua/sharpen,221,6/2/2025,0.995,On,1108.9,121.25,0.00,4.957,7.244,4.900,270.53,41.99,41.83,0,3,72.95,6/2/2025,Good,0.00,0.00,0.00,0.00,0.00,0.00,0.00,8.366,0.0013,4.183,0.00066,40.99,0.827,0.00,0.00,50.20,0.0079,0.00,0.00,0.00,0.00,0.00,5.856,0.00,0.00,0.020
-93.77051882,42.02271925,G,TaskName 6/2/2025 (GreenStar 4 Monitor),32%zidua/sharpen,222,6/2/2025,1.000,On,1108.9,121.25,0.00,4.984,7.319,4.753,270.28,41.99,41.69,0,3,73.34,6/2/2025,Good,0.00,0.00,0.00,0.00,0.00,0.00,0.00,8.339,0.0013,4.169,0.00066,40.86,0.832,0.00,0.00,50.03,0.0080,0.00,0.00,0.00,0.00,0.00,5.837,0.00,0.00,0.020
-93.77054598,42.02271971,G,TaskName 6/2/2025 (GreenStar 4 Monitor),32%zidua/sharpen,223,6/2/2025,1.005,On,1108.9,121.25,0.00,5.015,7.401,4.156,269.83,41.99,41.69,0,3,73.80,6/2/2025,Good,0.00,0.00,0.00,0.00,0.00,0.00,0.00,8.338,0.0013,4.169,0.00067,40.86,0.842,0.00,0.00,50.03,0.0081,0.00,0.00,0.00,0.00,0.00,5.837,0.00,0.00,0.021
-93.77057281,42.02271941,G,TaskName 6/2/2025 (GreenStar 4 Monitor),32%zidua/sharpen,224,6/2/2025,0.991,On,1108.9,121.25,0.00,4.994,7.267,4.646,270.10,41.99,41.65,0,3,73.48,6/2/2025,Good,0.00,0.00,0.00,0.00,0.00,0.00,0.00,8.330,0.0013,4.165,0.00066,40.82,0.826,0.00,0.00,49.98,0.0079,0.00,0.00,0.00,0.00,0.00,5.831,0.00,0.00,0.020
-93.77059990,42.02271919,G,TaskName 6/2/2025 (GreenStar 4 Monitor),32%zidua/sharpen,225,6/2/2025,1.004,On,1108.9,121.25,0.00,4.988,7.352,5.029,270.19,41.99,42.14,0,3,73.38,6/2/2025,Good,0.00,0.00,0.00,0.00,0.00,0.00,0.00,8.427,0.0013,4.214,0.00067,41.29,0.845,0.00,0.00,50.56,0.0081,0.00,0.00,0.00,0.00,0.00,5.899,0.00,0.00,0.020
-93.77062679,42.02271919,G,TaskName 6/2/2025 (GreenStar 4 Monitor),32%zidua/sharpen,226,6/2/2025,1.000,On,1108.9,121.25,0.00,5.006,7.352,4.990,269.97,41.99,42.04,0,3,73.67,6/2/2025,Good,0.00,0.00,0.00,0.00,0.00,0.00,0.00,8.408,0.0013,4.204,0.00067,41.20,0.843,0.00,0.00,50.45,0.0081,0.00,0.00,0.00,0.00,0.00,5.886,0.00,0.00,0.020
-93.77065388,42.02271907,G,TaskName 6/2/2025 (GreenStar 4 Monitor),32%zidua/sharpen,227,6/2/2025,1.000,On,1108.9,121.25,0.00,5.005,7.352,4.562,270.08,41.99,41.97,0,3,73.67,6/2/2025,Good,0.00,0.00,0.00,0.00,0.00,0.00,0.00,8.394,0.0013,4.197,0.00067,41.13,0.842,0.00,0.00,50.36,0.0081,0.00,0.00,0.00,0.00,0.00,5.876,0.00,0.00,0.020
-93.77068091,42.02271854,G,TaskName 6/2/2025 (GreenStar 4 Monitor),32%zidua/sharpen,228,6/2/2025,1.000,On,1108.9,121.25,0.00,5.014,7.359,4.197,270.89,41.99,41.74,0,3,73.74,6/2/2025,Good,0.00,0.00,0.00,0.00,0.00,0.00,0.00,8.348,0.0013,4.174,0.00067,40.90,0.838,0.00,0.00,50.09,0.0080,0.00,0.00,0.00,0.00,0.00,5.843,0.00,0.00,0.020
-93.77070779,42.02271833,G,TaskName 6/2/2025 (GreenStar 4 Monitor),32%zidua/sharpen,229,6/2/2025,1.000,On,1108.9,121.25,0.00,4.990,7.329,4.869,271.58,41.99,41.81,0,3,73.44,6/2/2025,Good,0.00,0.00,0.00,0.00,0.00,0.00,0.00,8.362,0.0013,4.181,0.00067,40.97,0.836,0.00,0.00,50.17,0.0080,0.00,0.00,0.00,0.00,0.00,5.853,0.00,0.00,0.020
-93.77073460,42.02271884,G,TaskName 6/2/2025 (GreenStar 4 Monitor),32%zidua/sharpen,230,6/2/2025,1.000,On,1108.9,121.25,0.00,4.974,7.302,5.100,271.42,41.99,42.03,0,3,73.17,6/2/2025,Good,0.00,0.00,0.00,0.00,0.00,0.00,0.00,8.406,0.0013,4.203,0.00067,41.19,0.837,0.00,0.00,50.44,0.0080,0.00,0.00,0.00,0.00,0.00,5.884,0.00,0.00,0.020
-93.77076127,42.02271917,G,TaskName 6/2/2025 (GreenStar 4 Monitor),32%zidua/sharpen,231,6/2/2025,1.000,On,1109.0,121.25,0.00,4.962,7.282,5.151,271.37,41.99,41.86,0,3,72.97,6/2/2025,Good,0.00,0.00,0.00,0.00,0.00,0.00,0.00,8.373,0.0013,4.186,0.00066,41.03,0.832,0.00,0.00,50.24,0.0080,0.00,0.00,0.00,0.00,0.00,5.861,0.00,0.00,0.020
-93.77078798,42.02271960,G,TaskName 6/2/2025 (GreenStar 4 Monitor),32%zidua/sharpen,232,6/2/2025,1.000,On,1109.1,121.25,0.00,4.939,7.249,4.665,271.40,41.99,41.85,0,3,72.64,6/2/2025,Good,0.00,0.00,0.00,0.00,0.00,0.00,0.00,8.369,0.0013,4.185,0.00066,41.01,0.827,0.00,0.00,50.21,0.0079,0.00,0.00,0.00,0.00,0.00,5.858,0.00,0.00,0.020
-93.77081454,42.02272019,G,TaskName 6/2/2025 (GreenStar 4 Monitor),32%zidua/sharpen,233,6/2/2025,1.000,On,1109.1,121.25,0.00,4.941,7.253,5.361,271.07,41.99,41.95,0,3,72.68,6/2/2025,Good,0.00,0.00,0.00,0.00,0.00,0.00,0.00,8.389,0.0013,4.195,0.00066,41.11,0.830,0.00,0.00,50.34,0.0079,0.00,0.00,0.00,0.00,0.00,5.872,0.00,0.00,0.020
-93.77084134,42.02272099,G,TaskName 6/2/2025 (GreenStar 4 Monitor),32%zidua/sharpen,234,6/2/2025,1.000,On,1109.2,121.25,0.00,4.948,7.266,5.180,270.36,41.99,42.06,0,3,72.81,6/2/2025,Good,0.00,0.00,0.00,0.00,0.00,0.00,0.00,8.412,0.0013,4.206,0.00066,41.22,0.834,0.00,0.00,50.47,0.0080,0.00,0.00,0.00,0.00,0.00,5.888,0.00,0.00,0.020
-93.77086844,42.02272110,G,TaskName 6/2/2025 (GreenStar 4 Monitor),32%zidua/sharpen,235,6/2/2025,1.000,On,1109.1,121.25,0.00,4.988,7.322,4.427,270.51,41.99,41.89,0,3,73.37,6/2/2025,Good,0.00,0.00,0.00,0.00,0.00,0.00,0.00,8.378,0.0013,4.189,0.00067,41.05,0.837,0.00,0.00,50.27,0.0080,0.00,0.00,0.00,0.00,0.00,5.864,0.00,0.00,0.020
-93.77089527,42.02272131,G,TaskName 6/2/2025 (GreenStar 4 Monitor),32%zidua/sharpen,236,6/2/2025,0.996,On,1109.1,121.25,0.00,4.992,7.299,5.206,270.24,41.99,41.96,0,3,73.43,6/2/2025,Good,0.00,0.00,0.00,0.00,0.00,0.00,0.00,8.392,0.0013,4.196,0.00067,41.12,0.835,0.00,0.00,50.35,0.0080,0.00,0.00,0.00,0.00,0.00,5.874,0.00,0.00,0.020
-93.77092248,42.02272170,G,TaskName 6/2/2025 (GreenStar 4 Monitor),32%zidua/sharpen,237,6/2/2025,1.004,On,1109.1,121.25,0.00,5.003,7.374,5.015,269.93,41.99,42.12,0,3,73.60,6/2/2025,Good,0.00,0.00,0.00,0.00,0.00,0.00,0.00,8.424,0.0014,4.212,0.00068,41.28,0.847,0.00,0.00,50.54,0.0081,0.00,0.00,0.00,0.00,0.00,5.897,0.00,0.00,0.021
-93.77094939,42.02272166,G,TaskName 6/2/2025 (GreenStar 4 Monitor),32%zidua/sharpen,238,6/2/2025,1.000,On,1109.1,121.25,0.00,5.000,7.338,4.872,270.01,41.99,42.01,0,3,73.53,6/2/2025,Good,0.00,0.00,0.00,0.00,0.00,0.00,0.00,8.401,0.0013,4.201,0.00067,41.17,0.841,0.00,0.00,50.41,0.0080,0.00,0.00,0.00,0.00,0.00,5.881,0.00,0.00,0.020
-93.77097603,42.02272146,G,TaskName 6/2/2025 (GreenStar 4 Monitor),32%zidua/sharpen,239,6/2/2025,1.000,On,1109.2,121.25,0.00,4.955,7.276,5.141,270.57,41.99,42.00,0,3,72.91,6/2/2025,Good,0.00,0.00,0.00,0.00,0.00,0.00,0.00,8.400,0.0013,4.200,0.00066,41.16,0.834,0.00,0.00,50.40,0.0080,0.00,0.00,0.00,0.00,0.00,5.880,0.00,0.00,0.020
-93.77100225,42.02272149,G,TaskName 6/2/2025 (GreenStar 4 Monitor),32%zidua/sharpen,240,6/2/2025,1.000,On,1109.2,121.25,0.00,4.911,7.210,5.752,270.90,41.99,42.07,0,3,72.25,6/2/2025,Good,0.00,0.00,0.00,0.00,0.00,0.00,0.00,8.414,0.0013,4.207,0.00066,41.23,0.827,0.00,0.00,50.48,0.0079,0.00,0.00,0.00,0.00,0.00,5.889,0.00,0.00,0.020
-93.77102862,42.02272214,G,TaskName 6/2/2025 (GreenStar 4 Monitor),32%zidua/sharpen,241,6/2/2025,1.000,On,1109.3,121.25,0.00,4.883,7.164,5.835,270.51,41.99,42.21,0,3,71.79,6/2/2025,Good,0.00,0.00,0.00,0.00,0.00,0.00,0.00,8.443,0.0013,4.221,0.00066,41.37,0.825,0.00,0.00,50.66,0.0079,0.00,0.00,0.00,0.00,0.00,5.910,0.00,0.00,0.020
-93.77105491,42.02272262,G,TaskName 6/2/2025 (GreenStar 4 Monitor),32%zidua/sharpen,242,6/2/2025,1.000,On,1109.4,121.25,0.00,4.885,7.174,5.777,270.21,41.99,41.90,0,3,71.89,6/2/2025,Good,0.00,0.00,0.00,0.00,0.00,0.00,0.00,8.380,0.0013,4.190,0.00065,41.06,0.820,0.00,0.00,50.28,0.0078,0.00,0.00,0.00,0.00,0.00,5.866,0.00,0.00,0.020
-93.77108131,42.02272250,G,TaskName 6/2/2025 (GreenStar 4 Monitor),32%zidua/sharpen,243,6/2/2025,1.000,On,1109.5,121.25,0.00,4.871,7.154,5.541,270.80,41.99,41.96,0,3,71.69,6/2/2025,Good,0.00,0.00,0.00,0.00,0.00,0.00,0.00,8.392,0.0013,4.196,0.00065,41.12,0.819,0.00,0.00,50.35,0.0078,0.00,0.00,0.00,0.00,0.00,5.875,0.00,0.00,0.020
-93.77110763,42.02272288,G,TaskName 6/2/2025 (GreenStar 4 Monitor),32%zidua/sharpen,244,6/2/2025,1.000,On,1109.5,121.25,0.00,4.881,7.171,5.846,270.69,41.99,41.82,0,3,71.85,6/2/2025,Good,0.00,0.00,0.00,0.00,0.00,0.00,0.00,8.364,0.0013,4.182,0.00065,40.98,0.818,0.00,0.00,50.19,0.0078,0.00,0.00,0.00,0.00,0.00,5.855,0.00,0.00,0.020
-93.77113407,42.02272342,G,TaskName 6/2/2025 (GreenStar 4 Monitor),32%zidua/sharpen,245,6/2/2025,0.995,On,1109.6,121.25,0.00,4.908,7.171,5.543,270.31,41.99,41.93,0,3,72.21,6/2/2025,Good,0.00,0.00,0.00,0.00,0.00,0.00,0.00,8.387,0.0013,4.193,0.00065,41.10,0.820,0.00,0.00,50.32,0.0078,0.00,0.00,0.00,0.00,0.00,5.871,0.00,0.00,0.020
-93.77116044,42.02272352,G,TaskName 6/2/2025 (GreenStar 4 Monitor),32%zidua/sharpen,246,6/2/2025,1.005,On,1109.7,121.25,0.00,4.876,7.194,5.532,270.50,41.99,41.96,0,3,71.73,6/2/2025,Good,0.00,0.00,0.00,0.00,0.00,0.00,0.00,8.392,0.0013,4.196,0.00066,41.12,0.823,0.00,0.00,50.35,0.0079,0.00,0.00,0.00,0.00,0.00,5.875,0.00,0.00,0.020
-93.77118681,42.02272383,G,TaskName 6/2/2025 (GreenStar 4 Monitor),32%zidua/sharpen,247,6/2/2025,1.000,On,1109.8,121.25,0.00,4.877,7.154,5.742,269.98,41.99,41.96,0,3,71.69,6/2/2025,Good,0.00,0.00,0.00,0.00,0.00,0.00,0.00,8.392,0.0013,4.196,0.00065,41.12,0.819,0.00,0.00,50.35,0.0078,0.00,0.00,0.00,0.00,0.00,5.875,0.00,0.00,0.020
-93.77121319,42.02272460,G,TaskName 6/2/2025 (GreenStar 4 Monitor),32%zidua/sharpen,248,6/2/2025,0.995,On,1109.9,121.25,0.00,4.890,7.138,5.705,268.52,41.99,41.85,0,3,71.88,6/2/2025,Good,0.00,0.00,0.00,0.00,0.00,0.00,0.00,8.370,0.0013,4.185,0.00065,41.01,0.815,0.00,0.00,50.22,0.0078,0.00,0.00,0.00,0.00,0.00,5.859,0.00,0.00,0.020
-93.77123939,42.02272400,G,TaskName 6/2/2025 (GreenStar 4 Monitor),32%zidua/sharpen,249,6/2/2025,1.000,On,1110.0,121.25,0.00,4.863,7.141,5.097,269.21,41.99,41.88,0,3,71.56,6/2/2025,Good,0.00,0.00,0.00,0.00,0.00,0.00,0.00,8.375,0.0013,4.188,0.00065,41.04,0.816,0.00,0.00,50.25,0.0078,0.00,0.00,0.00,0.00,0.00,5.863,0.00,0.00,0.020
-93.77126576,42.02272270,G,TaskName 6/2/2025 (GreenStar 4 Monitor),32%zidua/sharpen,250,6/2/2025,1.005,On,1110.2,121.25,0.00,4.884,7.207,4.861,270.81,41.99,41.59,0,3,71.86,6/2/2025,Good,0.00,0.00,0.00,0.00,0.00,0.00,0.00,8.319,0.0013,4.159,0.00065,40.76,0.818,0.00,0.00,49.91,0.0078,0.00,0.00,0.00,0.00,0.00,5.823,0.00,0.00,0.020
-93.77129207,42.02272312,G,TaskName 6/2/2025 (GreenStar 4 Monitor),32%zidua/sharpen,251,6/2/2025,0.995,On,1110.3,121.25,0.00,4.878,7.121,5.147,270.19,41.99,41.65,0,3,71.72,6/2/2025,Good,0.00,0.00,0.00,0.00,0.00,0.00,0.00,8.329,0.0013,4.165,0.00064,40.81,0.809,0.00,0.00,49.98,0.0077,0.00,0.00,0.00,0.00,0.00,5.830,0.00,0.00,0.020
-93.77131823,42.02272358,G,TaskName 6/2/2025 (GreenStar 4 Monitor),32%zidua/sharpen,252,6/2/2025,1.005,On,1110.5,121.25,0.00,4.860,7.174,5.790,269.66,41.99,41.98,0,3,71.53,6/2/2025,Good,0.00,0.00,0.00,0.00,0.00,0.00,0.00,8.397,0.0013,4.198,0.00065,41.14,0.822,0.00,0.00,50.38,0.0079,0.00,0.00,0.00,0.00,0.00,5.878,0.00,0.00,0.020
-93.77134433,42.02272328,G,TaskName 6/2/2025 (GreenStar 4 Monitor),32%zidua/sharpen,253,6/2/2025,0.995,On,1110.7,121.25,0.00,4.849,7.082,5.757,270.08,41.99,42.03,0,3,71.32,6/2/2025,Good,0.00,0.00,0.00,0.00,0.00,0.00,0.00,8.406,0.0013,4.203,0.00065,41.19,0.812,0.00,0.00,50.44,0.0078,0.00,0.00,0.00,0.00,0.00,5.884,0.00,0.00,0.020
-93.77137057,42.02272305,G,TaskName 6/2/2025 (GreenStar 4 Monitor),32%zidua/sharpen,254,6/2/2025,1.005,On,1110.9,121.25,0.00,4.845,7.151,5.785,270.22,41.99,41.87,0,3,71.30,6/2/2025,Good,0.00,0.00,0.00,0.00,0.00,0.00,0.00,8.374,0.0013,4.187,0.00065,41.03,0.817,0.00,0.00,50.25,0.0078,0.00,0.00,0.00,0.00,0.00,5.862,0.00,0.00,0.020
-93.77139664,42.02272354,G,TaskName 6/2/2025 (GreenStar 4 Monitor),32%zidua/sharpen,255,6/2/2025,0.995,On,1111.1,121.25,0.00,4.846,7.079,5.812,269.23,41.99,41.96,0,3,71.29,6/2/2025,Good,0.00,0.00,0.00,0.00,0.00,0.00,0.00,8.392,0.0013,4.196,0.00065,41.12,0.810,0.00,0.00,50.35,0.0078,0.00,0.00,0.00,0.00,0.00,5.874,0.00,0.00,0.020
-93.77142290,42.02272350,G,TaskName 6/2/2025 (GreenStar 4 Monitor),32%zidua/sharpen,256,6/2/2025,1.005,On,1111.5,121.25,0.00,4.889,7.213,5.725,268.89,41.99,42.02,0,3,71.92,6/2/2025,Good,0.00,0.00,0.00,0.00,0.00,0.00,0.00,8.404,0.0013,4.202,0.00066,41.18,0.827,0.00,0.00,50.42,0.0079,0.00,0.00,0.00,0.00,0.00,5.883,0.00,0.00,0.020
-93.77144866,42.02272288,G,TaskName 6/2/2025 (GreenStar 4 Monitor),32%zidua/sharpen,257,6/2/2025,0.995,On,1111.8,121.25,0.00,4.825,7.046,5.240,269.07,41.99,41.83,0,3,70.96,6/2/2025,Good,0.00,0.00,0.00,0.00,0.00,0.00,0.00,8.367,0.0013,4.183,0.00064,41.00,0.804,0.00,0.00,50.20,0.0077,0.00,0.00,0.00,0.00,0.00,5.857,0.00,0.00,0.020
-93.77147146,42.02272268,G,TaskName 6/2/2025 (GreenStar 4 Monitor),32%zidua/sharpen,258,6/2/2025,1.005,On,1112.1,121.25,0.00,4.580,6.751,4.350,268.87,41.99,41.95,0,3,67.31,6/2/2025,Good,0.00,0.00,0.00,0.00,0.00,0.00,0.00,8.390,0.0012,4.195,0.00062,41.11,0.773,0.00,0.00,50.34,0.0074,0.00,0.00,0.00,0.00,0.00,5.873,0.00,0.00,0.019
-93.77149258,42.02272238,G,TaskName 6/2/2025 (GreenStar 4 Monitor),32%zidua/sharpen,259,6/2/2025,1.000,On,1112.3,121.25,0.00,4.142,6.081,4.344,268.68,41.99,42.95,0,3,60.94,6/2/2025,Good,0.00,0.00,0.00,0.00,0.00,0.00,0.00,8.590,0.0011,4.295,0.00057,42.09,0.713,0.00,0.00,51.54,0.0068,0.00,0.00,0.00,0.00,0.00,6.013,0.00,0.00,0.017
-93.77148727,42.02237505,G,TaskName 6/2/2025 (GreenStar 4 Monitor),32%zidua/sharpen,260,6/2/2025,0.999,On,1111.9,121.25,0.00,3.710,5.436,4.385,89.74,41.99,42.67,0,4,54.53,6/2/2025,Good,0.00,0.00,0.00,0.00,0.00,0.00,0.00,8.533,0.0010,4.267,0.00050,41.81,0.633,0.00,0.00,51.20,0.0061,0.00,0.00,0.00,0.00,0.00,5.973,0.00,0.00,0.015
-93.77146349,42.02237509,G,TaskName 6/2/2025 (GreenStar 4 Monitor),32%zidua/sharpen,261,6/2/2025,1.000,On,1111.7,121.25,0.00,4.210,6.171,3.591,89.70,41.99,42.42,0,4,61.84,6/2/2025,Good,0.00,0.00,0.00,0.00,0.00,0.00,0.00,8.485,0.0011,4.242,0.00057,41.58,0.714,0.00,0.00,50.91,0.0068,0.00,0.00,0.00,0.00,0.00,5.939,0.00,0.00,0.017
-93.77143983,42.02237474,G,TaskName 6/2/2025 (GreenStar 4 Monitor),32%zidua/sharpen,262,6/2/2025,1.000,On,1111.7,121.25,0.00,4.340,6.368,4.147,89.35,41.99,41.74,0,4,63.81,6/2/2025,Good,0.00,0.00,0.00,0.00,0.00,0.00,0.00,8.348,0.0012,4.174,0.00058,40.90,0.725,0.00,0.00,50.09,0.0069,0.00,0.00,0.00,0.00,0.00,5.843,0.00,0.00,0.018
-93.77141482,42.02237516,G,TaskName 6/2/2025 (GreenStar 4 Monitor),32%zidua/sharpen,263,6/2/2025,0.996,On,1111.6,121.25,0.00,4.530,6.617,4.455,89.70,41.99,41.89,0,4,66.58,6/2/2025,Good,0.00,0.00,0.00,0.00,0.00,0.00,0.00,8.378,0.0012,4.189,0.00060,41.05,0.756,0.00,0.00,50.27,0.0072,0.00,0.00,0.00,0.00,0.00,5.865,0.00,0.00,0.018
-93.77139026,42.02237500,G,TaskName 6/2/2025 (GreenStar 4 Monitor),32%zidua/sharpen,264,6/2/2025,1.004,On,1111.5,121.25,0.00,4.570,6.736,4.753,89.33,41.99,41.70,0,4,67.23,6/2/2025,Good,0.00,0.00,0.00,0.00,0.00,0.00,0.00,8.340,0.0012,4.170,0.00061,40.87,0.766,0.00,0.00,50.04,0.0073,0.00,0.00,0.00,0.00,0.00,5.838,0.00,0.00,0.019
-93.77136505,42.02237490,G,TaskName 6/2/2025 (GreenStar 4 Monitor),32%zidua/sharpen,265,6/2/2025,1.000,On,1111.5,121.25,0.00,4.622,6.778,4.518,88.87,41.99,41.78,0,4,67.92,6/2/2025,Good,0.00,0.00,0.00,0.00,0.00,0.00,0.00,8.355,0.0012,4.178,0.00062,40.94,0.772,0.00,0.00,50.13,0.0074,0.00,0.00,0.00,0.00,0.00,5.849,0.00,0.00,0.019
-93.77133973,42.02237545,G,TaskName 6/2/2025 (GreenStar 4 Monitor),32%zidua/sharpen,266,6/2/2025,1.000,On,1111.3,121.25,0.00,4.662,6.841,4.776,89.24,41.99,41.71,0,4,68.55,6/2/2025,Good,0.00,0.00,0.00,0.00,0.00,0.00,0.00,8.341,0.0012,4.171,0.00062,40.87,0.778,0.00,0.00,50.05,0.0074,0.00,0.00,0.00,0.00,0.00,5.839,0.00,0.00,0.019
-93.77131411,42.02237586,G,TaskName 6/2/2025 (GreenStar 4 Monitor),32%zidua/sharpen,267,6/2/2025,1.000,On,1111.3,121.25,0.00,4.710,6.909,4.700,89.65,41.99,41.93,0,4,69.24,6/2/2025,Good,0.00,0.00,0.00,0.00,0.00,0.00,0.00,8.386,0.0013,4.193,0.00063,41.09,0.790,0.00,0.00,50.32,0.0076,0.00,0.00,0.00,0.00,0.00,5.870,0.00,0.00,0.019
-93.77128832,42.02237593,G,TaskName 6/2/2025 (GreenStar 4 Monitor),32%zidua/sharpen,268,6/2/2025,1.000,On,1111.2,121.25,0.00,4.766,6.991,4.600,89.60,41.99,41.93,0,4,70.06,6/2/2025,Good,0.00,0.00,0.00,0.00,0.00,0.00,0.00,8.387,0.0013,4.193,0.00064,41.10,0.800,0.00,0.00,50.32,0.0077,0.00,0.00,0.00,0.00,0.00,5.871,0.00,0.00,0.019
-93.77126255,42.02237559,G,TaskName 6/2/2025 (GreenStar 4 Monitor),32%zidua/sharpen,269,6/2/2025,1.000,On,1111.2,121.25,0.00,4.759,6.985,4.791,88.82,41.99,41.89,0,4,69.99,6/2/2025,Good,0.00,0.00,0.00,0.00,0.00,0.00,0.00,8.378,0.0013,4.189,0.00064,41.05,0.798,0.00,0.00,50.27,0.0076,0.00,0.00,0.00,0.00,0.00,5.864,0.00,0.00,0.019
-93.77123644,42.02237572,G,TaskName 6/2/2025 (GreenStar 4 Monitor),32%zidua/sharpen,270,6/2/2025,1.000,On,1111.1,121.25,0.00,4.802,7.041,4.209,88.43,41.99,41.83,0,4,70.56,6/2/2025,Good,0.00,0.00,0.00,0.00,0.00,0.00,0.00,8.366,0.0013,4.183,0.00064,40.99,0.803,0.00,0.00,50.20,0.0077,0.00,0.00,0.00,0.00,0.00,5.856,0.00,0.00,0.020
-93.77121064,42.02237661,G,TaskName 6/2/2025 (GreenStar 4 Monitor),32%zidua/sharpen,271,6/2/2025,1.000,On,1111.0,121.25,0.00,4.826,7.070,4.264,89.04,41.99,41.46,0,4,70.85,6/2/2025,Good,0.00,0.00,0.00,0.00,0.00,0.00,0.00,8.292,0.0013,4.146,0.00064,40.63,0.800,0.00,0.00,49.75,0.0076,0.00,0.00,0.00,0.00,0.00,5.804,0.00,0.00,0.020
-93.77118423,42.02237734,G,TaskName 6/2/2025 (GreenStar 4 Monitor),32%zidua/sharpen,272,6/2/2025,1.000,On,1110.9,121.25,0.00,4.831,7.077,4.128,89.83,41.99,41.83,0,4,70.91,6/2/2025,Good,0.00,0.00,0.00,0.00,0.00,0.00,0.00,8.366,0.0013,4.183,0.00064,41.00,0.808,0.00,0.00,50.20,0.0077,0.00,0.00,0.00,0.00,0.00,5.856,0.00,0.00,0.020
-93.77115756,42.02237734,G,TaskName 6/2/2025 (GreenStar 4 Monitor),32%zidua/sharpen,273,6/2/2025,0.995,On,1110.8,121.25,0.00,4.920,7.169,3.759,89.56,41.99,41.53,0,4,72.20,6/2/2025,Good,0.00,0.00,0.00,0.00,0.00,0.00,0.00,8.306,0.0013,4.153,0.00065,40.70,0.812,0.00,0.00,49.83,0.0078,0.00,0.00,0.00,0.00,0.00,5.814,0.00,0.00,0.020
-93.77113120,42.02237705,G,TaskName 6/2/2025 (GreenStar 4 Monitor),32%zidua/sharpen,274,6/2/2025,1.005,On,1110.7,121.25,0.00,4.907,7.224,4.596,88.82,41.99,41.83,0,4,72.03,6/2/2025,Good,0.00,0.00,0.00,0.00,0.00,0.00,0.00,8.366,0.0013,4.183,0.00066,41.00,0.824,0.00,0.00,50.20,0.0079,0.00,0.00,0.00,0.00,0.00,5.856,0.00,0.00,0.020
-93.77110472,42.02237733,G,TaskName 6/2/2025 (GreenStar 4 Monitor),32%zidua/sharpen,275,6/2/2025,1.000,On,1110.6,121.25,0.00,4.884,7.152,4.817,88.70,41.99,42.58,0,4,71.67,6/2/2025,Good,0.00,0.00,0.00,0.00,0.00,0.00,0.00,8.516,0.0013,4.258,0.00066,41.73,0.831,0.00,0.00,51.10,0.0079,0.00,0.00,0.00,0.00,0.00,5.961,0.00,0.00,0.020
-93.77107821,42.02237798,G,TaskName 6/2/2025 (GreenStar 4 Monitor),32%zidua/sharpen,276,6/2/2025,0.995,On,1110.6,121.25,0.00,4.907,7.152,4.623,89.23,41.99,42.24,0,4,72.03,6/2/2025,Good,0.00,0.00,0.00,0.00,0.00,0.00,0.00,8.447,0.0013,4.224,0.00066,41.39,0.824,0.00,0.00,50.68,0.0079,0.00,0.00,0.00,0.00,0.00,5.913,0.00,0.00,0.020
-93.77105153,42.02237860,G,TaskName 6/2/2025 (GreenStar 4 Monitor),32%zidua/sharpen,277,6/2/2025,1.005,On,1110.6,121.25,0.00,4.909,7.231,4.223,89.67,41.99,41.97,0,4,72.10,6/2/2025,Good,0.00,0.00,0.00,0.00,0.00,0.00,0.00,8.394,0.0013,4.197,0.00066,41.13,0.828,0.00,0.00,50.37,0.0079,0.00,0.00,0.00,0.00,0.00,5.876,0.00,0.00,0.020
-93.77102512,42.02237866,G,TaskName 6/2/2025 (GreenStar 4 Monitor),32%zidua/sharpen,278,6/2/2025,1.000,On,1110.6,121.25,0.00,4.944,7.247,4.217,89.56,41.99,41.71,0,4,72.62,6/2/2025,Good,0.00,0.00,0.00,0.00,0.00,0.00,0.00,8.341,0.0013,4.171,0.00066,40.87,0.825,0.00,0.00,50.05,0.0079,0.00,0.00,0.00,0.00,0.00,5.839,0.00,0.00,0.020
-93.77099860,42.02237892,G,TaskName 6/2/2025 (GreenStar 4 Monitor),32%zidua/sharpen,279,6/2/2025,0.995,On,1110.6,121.25,0.00,4.904,7.149,4.455,89.61,41.99,41.82,0,4,72.00,6/2/2025,Good,0.00,0.00,0.00,0.00,0.00,0.00,0.00,8.365,0.0013,4.182,0.00065,40.99,0.816,0.00,0.00,50.19,0.0078,0.00,0.00,0.00,0.00,0.00,5.855,0.00,0.00,0.020
-93.77097172,42.02237908,G,TaskName 6/2/2025 (GreenStar 4 Monitor),32%zidua/sharpen,280,6/2/2025,1.000,On,1110.5,121.25,0.00,4.938,7.238,4.320,89.68,41.99,41.77,0,4,72.52,6/2/2025,Good,0.00,0.00,0.00,0.00,0.00,0.00,0.00,8.354,0.0013,4.177,0.00066,40.93,0.825,0.00,0.00,50.12,0.0079,0.00,0.00,0.00,0.00,0.00,5.848,0.00,0.00,0.020
-93.77094489,42.02237931,G,TaskName 6/2/2025 (GreenStar 4 Monitor),32%zidua/sharpen,281,6/2/2025,1.005,On,1110.4,121.25,0.00,4.978,7.329,4.238,89.70,41.99,41.69,0,4,73.08,6/2/2025,Good,0.00,0.00,0.00,0.00,0.00,0.00,0.00,8.337,0.0013,4.169,0.00066,40.85,0.833,0.00,0.00,50.02,0.0080,0.00,0.00,0.00,0.00,0.00,5.836,0.00,0.00,0.020
-93.77091779,42.02237942,G,TaskName 6/2/2025 (GreenStar 4 Monitor),32%zidua/sharpen,282,6/2/2025,1.000,On,1110.3,121.25,0.00,5.003,7.329,4.080,89.45,41.99,41.68,0,4,73.45,6/2/2025,Good,0.00,0.00,0.00,0.00,0.00,0.00,0.00,8.337,0.0013,4.168,0.00066,40.85,0.833,0.00,0.00,50.02,0.0080,0.00,0.00,0.00,0.00,0.00,5.836,0.00,0.00,0.020
-93.77089038,42.02237951,G,TaskName 6/2/2025 (GreenStar 4 Monitor),32%zidua/sharpen,283,6/2/2025,0.995,On,1110.1,121.25,0.00,5.033,7.336,3.946,89.24,41.99,41.69,0,4,73.88,6/2/2025,Good,0.00,0.00,0.00,0.00,0.00,0.00,0.00,8.338,0.0013,4.169,0.00067,40.86,0.834,0.00,0.00,50.03,0.0080,0.00,0.00,0.00,0.00,0.00,5.837,0.00,0.00,0.020
-93.77086300,42.02237971,G,TaskName 6/2/2025 (GreenStar 4 Monitor),32%zidua/sharpen,284,6/2/2025,1.000,On,1109.9,121.25,0.00,5.074,7.434,3.751,89.12,41.99,41.74,0,4,74.50,6/2/2025,Good,0.00,0.00,0.00,0.00,0.00,0.00,0.00,8.348,0.0013,4.174,0.00067,40.91,0.847,0.00,0.00,50.09,0.0081,0.00,0.00,0.00,0.00,0.00,5.844,0.00,0.00,0.021
-93.77083609,42.02238000,G,TaskName 6/2/2025 (GreenStar 4 Monitor),32%zidua/sharpen,285,6/2/2025,1.000,On,1109.8,121.25,0.00,5.015,7.349,4.176,89.27,41.99,41.94,0,4,73.64,6/2/2025,Good,0.00,0.00,0.00,0.00,0.00,0.00,0.00,8.389,0.0013,4.194,0.00067,41.10,0.841,0.00,0.00,50.33,0.0080,0.00,0.00,0.00,0.00,0.00,5.872,0.00,0.00,0.020
-93.77081467,42.02238029,G,TaskName 6/2/2025 (GreenStar 4 Monitor),32%zidua/sharpen,286,6/2/2025,0.800,On,1109.7,121.25,0.00,4.991,5.850,4.423,89.47,41.99,42.09,0,4,73.27,6/2/2025,Good,0.00,0.00,0.00,0.00,0.00,0.00,0.00,8.417,0.0011,4.209,0.00054,41.24,0.672,0.00,0.00,50.50,0.0064,0.00,0.00,0.00,0.00,0.00,5.892,0.00,0.00,0.016
-93.77076286,42.02238068,G,TaskName 6/2/2025 (GreenStar 4 Monitor),32%zidua/sharpen,287,6/2/2025,1.000,On,1109.6,121.25,0.00,4.912,7.195,3.384,89.40,41.99,38.99,0,5,72.10,6/2/2025,Good,0.00,0.00,0.00,0.00,0.00,0.00,0.00,7.798,0.0012,3.899,0.00061,38.21,0.765,0.00,0.00,46.79,0.0073,0.00,0.00,0.00,0.00,0.00,5.459,0.00,0.00,0.020
-93.77075735,42.02238072,G,TaskName 6/2/2025 (GreenStar 4 Monitor),32%zidua/sharpen,288,6/2/2025,1.000,On,1109.5,121.25,0.00,2.086,1.932,1.939,89.35,41.99,43.88,0,5,19.36,6/2/2025,Good,0.00,0.00,0.00,0.00,0.00,0.00,0.00,8.776,0.00037,4.388,0.00018,43.00,0.231,0.00,0.00,52.66,0.0022,0.00,0.00,0.00,0.00,0.00,6.143,0.00,0.00,0.0054
-93.77076890,42.02238090,G,TaskName 6/2/2025 (GreenStar 4 Monitor),32%zidua/sharpen,289,6/2/2025,1.200,On,1109.5,121.25,0.00,1.982,3.077,6.556,89.43,41.99,49.64,0,5,25.70,6/2/2025,Over Target,0.00,0.00,0.00,0.00,0.00,0.00,0.00,9.929,0.00066,4.964,0.00033,48.65,0.417,0.00,0.00,59.57,0.0040,0.00,0.00,0.00,0.00,0.00,6.950,0.00,0.00,0.0086
-93.77079018,42.02238081,G,TaskName 6/2/2025 (GreenStar 4 Monitor),32%zidua/sharpen,290,6/2/2025,1.000,On,1109.6,121.25,0.00,2.568,3.510,7.427,88.88,41.99,42.94,0,5,35.18,6/2/2025,Good,0.00,0.00,0.00,0.00,0.00,0.00,0.00,8.588,0.00066,4.294,0.00033,42.08,0.411,0.00,0.00,51.53,0.0039,0.00,0.00,0.00,0.00,0.00,6.012,0.00,0.00,0.0098
-93.77081352,42.02238025,G,TaskName 6/2/2025 (GreenStar 4 Monitor),32%zidua/sharpen,291,6/2/2025,1.001,On,1109.5,121.25,0.00,4.011,5.863,5.300,88.30,41.99,40.95,0,5,58.69,6/2/2025,Good,0.00,0.00,0.00,0.00,0.00,0.00,0.00,8.190,0.0010,4.095,0.00052,40.13,0.655,0.00,0.00,49.14,0.0063,0.00,0.00,0.00,0.00,0.00,5.733,0.00,0.00,0.016
-93.77083418,42.02238019,G,TaskName 6/2/2025 (GreenStar 4 Monitor),32%zidua/sharpen,292,6/2/2025,0.999,On,1109.6,121.25,0.00,4.224,6.184,3.213,88.37,41.99,40.31,0,5,62.03,6/2/2025,Good,0.00,0.00,0.00,0.00,0.00,0.00,0.00,8.063,0.0011,4.031,0.00054,39.51,0.680,0.00,0.00,48.38,0.0065,0.00,0.00,0.00,0.00,0.00,5.644,0.00,0.00,0.017
-93.77084189,42.02238008,G,TaskName 6/2/2025 (GreenStar 4 Monitor),32%zidua/sharpen,293,6/2/2025,1.001,On,1109.7,121.25,0.00,1.869,2.221,2.679,88.23,41.99,43.34,0,5,22.23,6/2/2025,Good,0.00,0.00,0.00,0.00,0.00,0.00,0.00,8.668,0.00042,4.334,0.00021,42.47,0.263,0.00,0.00,52.01,0.0025,0.00,0.00,0.00,0.00,0.00,6.067,0.00,0.00,0.0062
-93.77084144,42.02237997,G,TaskName 6/2/2025 (GreenStar 4 Monitor),32%zidua/sharpen,294,6/2/2025,0.399,On,1109.7,121.25,0.00,0.243,0.095,2.873,88.10,41.99,129.19,0,5,2.389,6/2/2025,Over Target,0.00,0.00,0.00,0.00,0.00,0.00,0.00,25.84,5.346e-05,12.92,2.673e-05,126.60,0.034,0.00,0.00,155.02,0.00032,0.00,0.00,0.00,0.00,0.00,18.09,0.00,0.00,0.00026
-93.77083380,42.02238017,G,TaskName 6/2/2025 (GreenStar 4 Monitor),32%zidua/sharpen,295,6/2/2025,1.800,On,1109.6,121.25,0.00,0.941,1.959,3.576,88.29,41.99,61.65,0,5,10.90,6/2/2025,Over Target,0.00,0.00,0.00,0.00,0.00,0.00,0.00,12.33,0.00053,6.165,0.00026,60.41,0.329,0.00,0.00,73.98,0.0032,0.00,0.00,0.00,0.00,0.00,8.631,0.00,0.00,0.0055
-93.77082345,42.02238075,G,TaskName 6/2/2025 (GreenStar 4 Monitor),32%zidua/sharpen,296,6/2/2025,0.995,On,1109.6,121.25,0.00,1.937,2.772,3.961,89.19,41.99,40.39,0,5,27.92,6/2/2025,Good,0.00,0.00,0.00,0.00,0.00,0.00,0.00,8.077,0.00049,4.039,0.00024,39.58,0.305,0.00,0.00,48.46,0.0029,0.00,0.00,0.00,0.00,0.00,5.654,0.00,0.00,0.0077
-93.77080975,42.02238123,G,TaskName 6/2/2025 (GreenStar 4 Monitor),32%zidua/sharpen,297,6/2/2025,1.000,On,1109.6,121.25,0.00,2.546,3.711,4.832,89.91,41.99,40.50,0,5,37.18,6/2/2025,Good,0.00,0.00,0.00,0.00,0.00,0.00,0.00,8.099,0.00065,4.050,0.00033,39.69,0.410,0.00,0.00,48.60,0.0039,0.00,0.00,0.00,0.00,0.00,5.669,0.00,0.00,0.010
-93.77079395,42.02238117,G,TaskName 6/2/2025 (GreenStar 4 Monitor),32%zidua/sharpen,298,6/2/2025,1.005,On,1109.7,121.25,0.00,2.911,4.288,4.366,89.90,41.99,41.10,0,5,42.76,6/2/2025,Good,0.00,0.00,0.00,0.00,0.00,0.00,0.00,8.221,0.00077,4.110,0.00038,40.28,0.481,0.00,0.00,49.32,0.0046,0.00,0.00,0.00,0.00,0.00,5.755,0.00,0.00,0.012
-93.77077846,42.02238124,G,TaskName 6/2/2025 (GreenStar 4 Monitor),32%zidua/sharpen,299,6/2/2025,1.000,On,1109.7,121.25,0.00,2.842,4.164,4.287,89.79,41.99,42.35,0,5,41.72,6/2/2025,Good,0.00,0.00,0.00,0.00,0.00,0.00,0.00,8.471,0.00077,4.235,0.00038,41.51,0.481,0.00,0.00,50.82,0.0046,0.00,0.00,0.00,0.00,0.00,5.929,0.00,0.00,0.012
-93.77075778,42.02238128,G,TaskName 6/2/2025 (GreenStar 4 Monitor),32%zidua/sharpen,300,6/2/2025,0.995,On,1109.7,121.25,0.00,3.166,4.599,6.549,89.86,41.99,42.12,0,5,46.32,6/2/2025,Good,0.00,0.00,0.00,0.00,0.00,0.00,0.00,8.424,0.00084,4.212,0.00042,41.28,0.528,0.00,0.00,50.54,0.0051,0.00,0.00,0.00,0.00,0.00,5.897,0.00,0.00,0.013
-93.77073487,42.02238120,G,TaskName 6/2/2025 (GreenStar 4 Monitor),32%zidua/sharpen,301,6/2/2025,1.005,On,1109.7,121.25,0.00,4.002,5.898,5.250,89.77,41.99,40.32,0,5,58.81,6/2/2025,Good,0.00,0.00,0.00,0.00,0.00,0.00,0.00,8.064,0.0010,4.032,0.00052,39.51,0.649,0.00,0.00,48.38,0.0062,0.00,0.00,0.00,0.00,0.00,5.645,0.00,0.00,0.016
-93.77071160,42.02238131,G,TaskName 6/2/2025 (GreenStar 4 Monitor),32%zidua/sharpen,302,6/2/2025,1.000,On,1109.7,121.25,0.00,4.289,6.295,4.904,89.67,41.99,40.31,0,5,63.08,6/2/2025,Good,0.00,0.00,0.00,0.00,0.00,0.00,0.00,8.061,0.0011,4.031,0.00055,39.50,0.692,0.00,0.00,48.37,0.0066,0.00,0.00,0.00,0.00,0.00,5.643,0.00,0.00,0.018
-93.77068822,42.02238126,G,TaskName 6/2/2025 (GreenStar 4 Monitor),32%zidua/sharpen,303,6/2/2025,0.996,On,1109.8,121.25,0.00,4.308,6.292,4.889,89.32,41.99,41.41,0,5,63.30,6/2/2025,Good,0.00,0.00,0.00,0.00,0.00,0.00,0.00,8.282,0.0011,4.141,0.00057,40.58,0.711,0.00,0.00,49.69,0.0068,0.00,0.00,0.00,0.00,0.00,5.797,0.00,0.00,0.018
-93.77066410,42.02238144,G,TaskName 6/2/2025 (GreenStar 4 Monitor),32%zidua/sharpen,304,6/2/2025,0.999,On,1109.8,121.25,0.00,4.391,6.446,5.339,89.16,41.99,42.62,0,5,64.66,6/2/2025,Good,0.00,0.00,0.00,0.00,0.00,0.00,0.00,8.523,0.0012,4.262,0.00060,41.77,0.749,0.00,0.00,51.14,0.0072,0.00,0.00,0.00,0.00,0.00,5.966,0.00,0.00,0.018
-93.77063956,42.02238162,G,TaskName 6/2/2025 (GreenStar 4 Monitor),32%zidua/sharpen,305,6/2/2025,1.005,On,1109.8,121.25,0.00,4.505,6.646,5.309,89.04,41.99,43.37,0,5,66.27,6/2/2025,Good,0.00,0.00,0.00,0.00,0.00,0.00,0.00,8.673,0.0013,4.337,0.00063,42.50,0.786,0.00,0.00,52.04,0.0075,0.00,0.00,0.00,0.00,0.00,6.071,0.00,0.00,0.019
-93.77061464,42.02238204,G,TaskName 6/2/2025 (GreenStar 4 Monitor),32%zidua/sharpen,306,6/2/2025,0.995,On,1109.8,121.25,0.00,4.560,6.656,5.188,89.39,41.99,43.59,0,5,67.04,6/2/2025,Good,0.00,0.00,0.00,0.00,0.00,0.00,0.00,8.718,0.0013,4.359,0.00063,42.72,0.792,0.00,0.00,52.31,0.0076,0.00,0.00,0.00,0.00,0.00,6.103,0.00,0.00,0.019
-93.77058934,42.02238223,G,TaskName 6/2/2025 (GreenStar 4 Monitor),32%zidua/sharpen,307,6/2/2025,1.000,On,1109.8,121.25,0.00,4.647,6.824,4.985,89.35,41.99,43.16,0,5,68.38,6/2/2025,Good,0.00,0.00,0.00,0.00,0.00,0.00,0.00,8.631,0.0013,4.316,0.00064,42.29,0.803,0.00,0.00,51.79,0.0077,0.00,0.00,0.00,0.00,0.00,6.042,0.00,0.00,0.019
-93.77056370,42.02238238,G,TaskName 6/2/2025 (GreenStar 4 Monitor),32%zidua/sharpen,308,6/2/2025,1.005,On,1109.8,121.25,0.00,4.729,6.971,4.795,89.24,41.99,42.38,0,5,69.51,6/2/2025,Good,0.00,0.00,0.00,0.00,0.00,0.00,0.00,8.476,0.0013,4.238,0.00064,41.53,0.806,0.00,0.00,50.85,0.0077,0.00,0.00,0.00,0.00,0.00,5.933,0.00,0.00,0.019
-93.77053774,42.02238255,G,TaskName 6/2/2025 (GreenStar 4 Monitor),32%zidua/sharpen,309,6/2/2025,0.995,On,1109.7,121.25,0.00,4.767,6.961,4.257,89.04,41.99,41.61,0,5,70.11,6/2/2025,Good,0.00,0.00,0.00,0.00,0.00,0.00,0.00,8.322,0.0013,4.161,0.00063,40.78,0.790,0.00,0.00,49.93,0.0076,0.00,0.00,0.00,0.00,0.00,5.826,0.00,0.00,0.019
-93.77051150,42.02238297,G,TaskName 6/2/2025 (GreenStar 4 Monitor),32%zidua/sharpen,310,6/2/2025,1.000,On,1109.7,121.25,0.00,4.795,7.037,4.226,89.14,41.99,41.52,0,5,70.51,6/2/2025,Good,0.00,0.00,0.00,0.00,0.00,0.00,0.00,8.304,0.0013,4.152,0.00064,40.69,0.797,0.00,0.00,49.82,0.0076,0.00,0.00,0.00,0.00,0.00,5.812,0.00,0.00,0.020
-93.77048537,42.02238325,G,TaskName 6/2/2025 (GreenStar 4 Monitor),32%zidua/sharpen,311,6/2/2025,1.005,On,1109.6,121.25,0.00,4.872,7.188,4.719,89.17,41.99,41.53,0,5,71.67,6/2/2025,Good,0.00,0.00,0.00,0.00,0.00,0.00,0.00,8.306,0.0013,4.153,0.00065,40.70,0.814,0.00,0.00,49.83,0.0078,0.00,0.00,0.00,0.00,0.00,5.814,0.00,0.00,0.020
-93.77045885,42.02238369,G,TaskName 6/2/2025 (GreenStar 4 Monitor),32%zidua/sharpen,312,6/2/2025,0.996,On,1109.6,121.25,0.00,4.853,7.093,4.843,89.42,41.99,41.57,0,5,71.36,6/2/2025,Good,0.00,0.00,0.00,0.00,0.00,0.00,0.00,8.314,0.0013,4.157,0.00064,40.74,0.804,0.00,0.00,49.89,0.0077,0.00,0.00,0.00,0.00,0.00,5.820,0.00,0.00,0.020
-93.77043230,42.02238402,G,TaskName 6/2/2025 (GreenStar 4 Monitor),32%zidua/sharpen,313,6/2/2025,1.000,On,1109.6,121.25,0.00,4.911,7.208,4.692,89.53,41.99,41.44,0,5,72.22,6/2/2025,Good,0.00,0.00,0.00,0.00,0.00,0.00,0.00,8.288,0.0013,4.144,0.00065,40.61,0.815,0.00,0.00,49.73,0.0078,0.00,0.00,0.00,0.00,0.00,5.802,0.00,0.00,0.020
-93.77040569,42.02238416,G,TaskName 6/2/2025 (GreenStar 4 Monitor),32%zidua/sharpen,314,6/2/2025,1.004,On,1109.5,121.25,0.00,4.944,7.286,4.579,89.57,41.99,41.41,0,5,72.72,6/2/2025,Good,0.00,0.00,0.00,0.00,0.00,0.00,0.00,8.283,0.0013,4.141,0.00066,40.58,0.823,0.00,0.00,49.70,0.0079,0.00,0.00,0.00,0.00,0.00,5.798,0.00,0.00,0.020
-93.77037886,42.02238422,G,TaskName 6/2/2025 (GreenStar 4 Monitor),32%zidua/sharpen,315,6/2/2025,0.995,On,1109.5,121.25,0.00,4.937,7.211,4.683,89.32,41.99,41.56,0,5,72.62,6/2/2025,Good,0.00,0.00,0.00,0.00,0.00,0.00,0.00,8.313,0.0013,4.156,0.00065,40.73,0.818,0.00,0.00,49.88,0.0078,0.00,0.00,0.00,0.00,0.00,5.819,0.00,0.00,0.020
-93.77035206,42.02238435,G,TaskName 6/2/2025 (GreenStar 4 Monitor),32%zidua/sharpen,316,6/2/2025,1.000,On,1109.4,121.25,0.00,4.949,7.263,4.690,89.18,41.99,41.95,0,5,72.78,6/2/2025,Good,0.00,0.00,0.00,0.00,0.00,0.00,0.00,8.391,0.0013,4.195,0.00066,41.12,0.831,0.00,0.00,50.34,0.0080,0.00,0.00,0.00,0.00,0.00,5.874,0.00,0.00,0.020
-93.77032541,42.02238473,G,TaskName 6/2/2025 (GreenStar 4 Monitor),32%zidua/sharpen,317,6/2/2025,1.005,On,1109.4,121.25,0.00,4.978,7.342,4.951,89.33,41.99,41.90,0,5,73.21,6/2/2025,Good,0.00,0.00,0.00,0.00,0.00,0.00,0.00,8.381,0.0013,4.190,0.00067,41.07,0.839,0.00,0.00,50.29,0.0080,0.00,0.00,0.00,0.00,0.00,5.867,0.00,0.00,0.020
-93.77029849,42.02238502,G,TaskName 6/2/2025 (GreenStar 4 Monitor),32%zidua/sharpen,318,6/2/2025,0.995,On,1109.3,121.25,0.00,4.942,7.217,4.985,89.43,41.99,42.12,0,5,72.69,6/2/2025,Good,0.00,0.00,0.00,0.00,0.00,0.00,0.00,8.423,0.0013,4.212,0.00066,41.27,0.829,0.00,0.00,50.54,0.0079,0.00,0.00,0.00,0.00,0.00,5.896,0.00,0.00,0.020
-93.77027165,42.02238518,G,TaskName 6/2/2025 (GreenStar 4 Monitor),32%zidua/sharpen,319,6/2/2025,1.000,On,1109.3,121.25,0.00,4.996,7.332,4.573,89.25,41.99,42.01,0,5,73.47,6/2/2025,Good,0.00,0.00,0.00,0.00,0.00,0.00,0.00,8.403,0.0013,4.201,0.00067,41.17,0.840,0.00,0.00,50.42,0.0080,0.00,0.00,0.00,0.00,0.00,5.882,0.00,0.00,0.020
-93.77024471,42.02238533,G,TaskName 6/2/2025 (GreenStar 4 Monitor),32%zidua/sharpen,320,6/2/2025,1.005,On,1109.2,121.25,0.00,4.971,7.332,4.278,88.99,41.99,41.88,0,5,73.11,6/2/2025,Good,0.00,0.00,0.00,0.00,0.00,0.00,0.00,8.376,0.0013,4.188,0.00067,41.04,0.838,0.00,0.00,50.25,0.0080,0.00,0.00,0.00,0.00,0.00,5.863,0.00,0.00,0.020
-93.77021805,42.02238570,G,TaskName 6/2/2025 (GreenStar 4 Monitor),32%zidua/sharpen,321,6/2/2025,0.991,On,1109.2,121.25,0.00,4.967,7.224,4.356,89.20,41.99,41.74,0,5,73.05,6/2/2025,Good,0.00,0.00,0.00,0.00,0.00,0.00,0.00,8.348,0.0013,4.174,0.00066,40.91,0.823,0.00,0.00,50.09,0.0079,0.00,0.00,0.00,0.00,0.00,5.844,0.00,0.00,0.020
-93.77019124,42.02238625,G,TaskName 6/2/2025 (GreenStar 4 Monitor),32%zidua/sharpen,322,6/2/2025,0.999,On,1109.2,121.25,0.00,4.948,7.257,4.317,89.58,41.99,41.82,0,5,72.79,6/2/2025,Good,0.00,0.00,0.00,0.00,0.00,0.00,0.00,8.364,0.0013,4.182,0.00066,40.98,0.828,0.00,0.00,50.18,0.0079,0.00,0.00,0.00,0.00,0.00,5.855,0.00,0.00,0.020
-93.77016457,42.02238625,G,TaskName 6/2/2025 (GreenStar 4 Monitor),32%zidua/sharpen,323,6/2/2025,1.005,On,1109.2,121.25,0.00,4.962,7.322,4.303,89.33,41.99,41.88,0,5,73.01,6/2/2025,Good,0.00,0.00,0.00,0.00,0.00,0.00,0.00,8.375,0.0013,4.188,0.00067,41.04,0.836,0.00,0.00,50.25,0.0080,0.00,0.00,0.00,0.00,0.00,5.863,0.00,0.00,0.020
-93.77013803,42.02238626,G,TaskName 6/2/2025 (GreenStar 4 Monitor),32%zidua/sharpen,324,6/2/2025,1.000,On,1109.2,121.25,0.00,4.936,7.244,4.457,88.96,41.99,42.00,0,5,72.59,6/2/2025,Good,0.00,0.00,0.00,0.00,0.00,0.00,0.00,8.399,0.0013,4.200,0.00066,41.16,0.830,0.00,0.00,50.39,0.0079,0.00,0.00,0.00,0.00,0.00,5.879,0.00,0.00,0.020
-93.77011152,42.02238650,G,TaskName 6/2/2025 (GreenStar 4 Monitor),32%zidua/sharpen,325,6/2/2025,1.000,On,1109.2,121.25,0.00,4.916,7.217,5.128,88.87,41.99,42.13,0,5,72.32,6/2/2025,Good,0.00,0.00,0.00,0.00,0.00,0.00,0.00,8.426,0.0013,4.213,0.00066,41.29,0.829,0.00,0.00,50.56,0.0079,0.00,0.00,0.00,0.00,0.00,5.898,0.00,0.00,0.020
-93.77008510,42.02238705,G,TaskName 6/2/2025 (GreenStar 4 Monitor),32%zidua/sharpen,326,6/2/2025,1.000,On,1109.1,121.25,0.00,4.886,7.171,5.376,89.17,41.99,42.15,0,5,71.86,6/2/2025,Good,0.00,0.00,0.00,0.00,0.00,0.00,0.00,8.430,0.0013,4.215,0.00066,41.31,0.825,0.00,0.00,50.58,0.0079,0.00,0.00,0.00,0.00,0.00,5.901,0.00,0.00,0.020
-93.77005872,42.02238751,G,TaskName 6/2/2025 (GreenStar 4 Monitor),32%zidua/sharpen,327,6/2/2025,1.000,On,1109.2,121.25,0.00,4.900,7.191,4.900,89.60,41.99,41.79,0,5,72.06,6/2/2025,Good,0.00,0.00,0.00,0.00,0.00,0.00,0.00,8.358,0.0013,4.179,0.00065,40.95,0.820,0.00,0.00,50.15,0.0078,0.00,0.00,0.00,0.00,0.00,5.851,0.00,0.00,0.020
-93.77003231,42.02238763,G,TaskName 6/2/2025 (GreenStar 4 Monitor),32%zidua/sharpen,328,6/2/2025,0.995,On,1109.2,121.25,0.00,4.893,7.145,5.396,89.60,41.99,41.97,0,5,71.96,6/2/2025,Good,0.00,0.00,0.00,0.00,0.00,0.00,0.00,8.395,0.0013,4.197,0.00065,41.13,0.818,0.00,0.00,50.37,0.0078,0.00,0.00,0.00,0.00,0.00,5.876,0.00,0.00,0.020
-93.77000592,42.02238751,G,TaskName 6/2/2025 (GreenStar 4 Monitor),32%zidua/sharpen,329,6/2/2025,1.005,On,1109.2,121.25,0.00,4.892,7.214,5.372,89.32,41.99,41.93,0,5,71.93,6/2/2025,Good,0.00,0.00,0.00,0.00,0.00,0.00,0.00,8.385,0.0013,4.193,0.00066,41.09,0.825,0.00,0.00,50.31,0.0079,0.00,0.00,0.00,0.00,0.00,5.870,0.00,0.00,0.020
-93.76997962,42.02238744,G,TaskName 6/2/2025 (GreenStar 4 Monitor),32%zidua/sharpen,330,6/2/2025,1.000,On,1109.2,121.25,0.00,4.894,7.181,5.080,88.83,41.99,41.84,0,5,71.96,6/2/2025,Good,0.00,0.00,0.00,0.00,0.00,0.00,0.00,8.369,0.0013,4.184,0.00065,41.01,0.820,0.00,0.00,50.21,0.0078,0.00,0.00,0.00,0.00,0.00,5.858,0.00,0.00,0.020
-93.76995325,42.02238755,G,TaskName 6/2/2025 (GreenStar 4 Monitor),32%zidua/sharpen,331,6/2/2025,1.000,On,1109.2,121.25,0.00,4.866,7.145,4.750,88.44,41.99,42.01,0,5,71.60,6/2/2025,Good,0.00,0.00,0.00,0.00,0.00,0.00,0.00,8.402,0.0013,4.201,0.00065,41.17,0.819,0.00,0.00,50.41,0.0078,0.00,0.00,0.00,0.00,0.00,5.882,0.00,0.00,0.020
-93.76992719,42.02238811,G,TaskName 6/2/2025 (GreenStar 4 Monitor),32%zidua/sharpen,332,6/2/2025,1.000,On,1109.2,121.25,0.00,4.836,7.096,4.828,88.85,41.99,41.99,0,5,71.11,6/2/2025,Good,0.00,0.00,0.00,0.00,0.00,0.00,0.00,8.397,0.0013,4.199,0.00065,41.15,0.813,0.00,0.00,50.38,0.0078,0.00,0.00,0.00,0.00,0.00,5.878,0.00,0.00,0.020
-93.76990121,42.02238889,G,TaskName 6/2/2025 (GreenStar 4 Monitor),32%zidua/sharpen,333,6/2/2025,1.000,On,1109.1,121.25,0.00,4.842,7.103,4.776,89.58,41.99,41.99,0,5,71.17,6/2/2025,Good,0.00,0.00,0.00,0.00,0.00,0.00,0.00,8.398,0.0013,4.199,0.00065,41.15,0.814,0.00,0.00,50.39,0.0078,0.00,0.00,0.00,0.00,0.00,5.878,0.00,0.00,0.020
-93.76987496,42.02238907,G,TaskName 6/2/2025 (GreenStar 4 Monitor),32%zidua/sharpen,334,6/2/2025,0.995,On,1109.1,121.25,0.00,4.826,7.047,4.878,89.46,41.99,41.90,0,5,70.97,6/2/2025,Good,0.00,0.00,0.00,0.00,0.00,0.00,0.00,8.379,0.0013,4.190,0.00064,41.06,0.805,0.00,0.00,50.28,0.0077,0.00,0.00,0.00,0.00,0.00,5.866,0.00,0.00,0.020
-93.76984914,42.02238882,G,TaskName 6/2/2025 (GreenStar 4 Monitor),32%zidua/sharpen,335,6/2/2025,1.005,On,1109.1,121.25,0.00,4.826,7.116,5.614,88.95,41.99,41.97,0,5,70.95,6/2/2025,Good,0.00,0.00,0.00,0.00,0.00,0.00,0.00,8.394,0.0013,4.197,0.00065,41.13,0.815,0.00,0.00,50.36,0.0078,0.00,0.00,0.00,0.00,0.00,5.875,0.00,0.00,0.020
-93.76982315,42.02238928,G,TaskName 6/2/2025 (GreenStar 4 Monitor),32%zidua/sharpen,336,6/2/2025,0.995,On,1109.1,121.25,0.00,4.802,7.014,5.308,89.30,41.99,42.08,0,5,70.64,6/2/2025,Good,0.00,0.00,0.00,0.00,0.00,0.00,0.00,8.416,0.0013,4.208,0.00064,41.24,0.805,0.00,0.00,50.50,0.0077,0.00,0.00,0.00,0.00,0.00,5.891,0.00,0.00,0.020
-93.76979723,42.02238980,G,TaskName 6/2/2025 (GreenStar 4 Monitor),32%zidua/sharpen,337,6/2/2025,1.000,On,1109.1,121.25,0.00,4.805,7.050,4.967,89.86,41.99,41.96,0,5,70.65,6/2/2025,Good,0.00,0.00,0.00,0.00,0.00,0.00,0.00,8.392,0.0013,4.196,0.00064,41.12,0.807,0.00,0.00,50.35,0.0077,0.00,0.00,0.00,0.00,0.00,5.874,0.00,0.00,0.020
-93.76977124,42.02238957,G,TaskName 6/2/2025 (GreenStar 4 Monitor),32%zidua/sharpen,338,6/2/2025,1.005,On,1109.1,121.25,0.00,4.806,7.096,5.008,89.24,41.99,41.82,0,5,70.75,6/2/2025,Good,0.00,0.00,0.00,0.00,0.00,0.00,0.00,8.363,0.0013,4.182,0.00065,40.98,0.809,0.00,0.00,50.18,0.0077,0.00,0.00,0.00,0.00,0.00,5.854,0.00,0.00,0.020
-93.76974521,42.02238912,G,TaskName 6/2/2025 (GreenStar 4 Monitor),32%zidua/sharpen,339,6/2/2025,0.995,On,1109.0,121.25,0.00,4.830,7.053,5.082,88.14,41.99,41.80,0,5,71.03,6/2/2025,Good,0.00,0.00,0.00,0.00,0.00,0.00,0.00,8.361,0.0013,4.180,0.00064,40.97,0.804,0.00,0.00,50.17,0.0077,0.00,0.00,0.00,0.00,0.00,5.853,0.00,0.00,0.020
-93.76971926,42.02238985,G,TaskName 6/2/2025 (GreenStar 4 Monitor),32%zidua/sharpen,340,6/2/2025,1.005,On,1109.1,121.25,0.00,4.797,7.076,5.883,88.50,41.99,41.94,0,5,70.56,6/2/2025,Good,0.00,0.00,0.00,0.00,0.00,0.00,0.00,8.388,0.0013,4.194,0.00065,41.10,0.810,0.00,0.00,50.33,0.0077,0.00,0.00,0.00,0.00,0.00,5.872,0.00,0.00,0.020
-93.76969291,42.02239063,G,TaskName 6/2/2025 (GreenStar 4 Monitor),32%zidua/sharpen,341,6/2/2025,1.000,On,1109.1,121.25,0.00,4.849,7.119,5.622,89.00,41.99,42.23,0,5,71.34,6/2/2025,Good,0.00,0.00,0.00,0.00,0.00,0.00,0.00,8.446,0.0013,4.223,0.00065,41.39,0.820,0.00,0.00,50.68,0.0078,0.00,0.00,0.00,0.00,0.00,5.912,0.00,0.00,0.020
-93.76966661,42.02239130,G,TaskName 6/2/2025 (GreenStar 4 Monitor),32%zidua/sharpen,342,6/2/2025,0.995,On,1109.1,121.25,0.00,4.903,7.158,5.535,89.54,41.99,41.90,0,5,72.09,6/2/2025,Good,0.00,0.00,0.00,0.00,0.00,0.00,0.00,8.381,0.0013,4.190,0.00065,41.06,0.818,0.00,0.00,50.28,0.0078,0.00,0.00,0.00,0.00,0.00,5.866,0.00,0.00,0.020
-93.76963997,42.02239151,G,TaskName 6/2/2025 (GreenStar 4 Monitor),32%zidua/sharpen,343,6/2/2025,1.000,On,1109.1,121.25,0.00,4.890,7.181,5.382,89.52,41.99,41.95,0,5,71.96,6/2/2025,Good,0.00,0.00,0.00,0.00,0.00,0.00,0.00,8.389,0.0013,4.195,0.00066,41.11,0.822,0.00,0.00,50.34,0.0079,0.00,0.00,0.00,0.00,0.00,5.873,0.00,0.00,0.020
-93.76961333,42.02239176,G,TaskName 6/2/2025 (GreenStar 4 Monitor),32%zidua/sharpen,344,6/2/2025,1.000,On,1109.1,121.25,0.00,4.928,7.234,5.210,89.63,41.99,41.77,0,5,72.49,6/2/2025,Good,0.00,0.00,0.00,0.00,0.00,0.00,0.00,8.355,0.0013,4.177,0.00066,40.94,0.824,0.00,0.00,50.13,0.0079,0.00,0.00,0.00,0.00,0.00,5.848,0.00,0.00,0.020
-93.76958659,42.02239174,G,TaskName 6/2/2025 (GreenStar 4 Monitor),32%zidua/sharpen,345,6/2/2025,1.000,On,1109.1,121.25,0.00,4.946,7.260,5.175,89.32,41.99,41.81,0,5,72.75,6/2/2025,Good,0.00,0.00,0.00,0.00,0.00,0.00,0.00,8.362,0.0013,4.181,0.00066,40.98,0.828,0.00,0.00,50.17,0.0079,0.00,0.00,0.00,0.00,0.00,5.854,0.00,0.00,0.020
-93.76955985,42.02239195,G,TaskName 6/2/2025 (GreenStar 4 Monitor),32%zidua/sharpen,346,6/2/2025,1.001,On,1109.1,121.25,0.00,4.929,7.230,5.192,89.27,41.99,41.88,0,5,72.38,6/2/2025,Good,0.00,0.00,0.00,0.00,0.00,0.00,0.00,8.376,0.0013,4.188,0.00066,41.04,0.826,0.00,0.00,50.26,0.0079,0.00,0.00,0.00,0.00,0.00,5.863,0.00,0.00,0.020
-93.76953312,42.02239222,G,TaskName 6/2/2025 (GreenStar 4 Monitor),32%zidua/sharpen,347,6/2/2025,1.004,On,1109.1,121.25,0.00,4.973,7.335,4.654,89.49,41.99,41.54,0,5,73.21,6/2/2025,Good,0.00,0.00,0.00,0.00,0.00,0.00,0.00,8.309,0.0013,4.154,0.00066,40.71,0.831,0.00,0.00,49.85,0.0080,0.00,0.00,0.00,0.00,0.00,5.816,0.00,0.00,0.020
-93.76950645,42.02239246,G,TaskName 6/2/2025 (GreenStar 4 Monitor),32%zidua/sharpen,348,6/2/2025,0.995,On,1109.1,121.25,0.00,4.937,7.211,4.371,89.37,41.99,41.52,0,5,72.62,6/2/2025,Good,0.00,0.00,0.00,0.00,0.00,0.00,0.00,8.305,0.0013,4.152,0.00065,40.69,0.817,0.00,0.00,49.83,0.0078,0.00,0.00,0.00,0.00,0.00,5.813,0.00,0.00,0.020
-93.76947985,42.02239257,G,TaskName 6/2/2025 (GreenStar 4 Monitor),32%zidua/sharpen,349,6/2/2025,1.000,On,1109.2,121.25,0.00,4.932,7.240,4.478,89.32,41.99,41.70,0,5,72.55,6/2/2025,Good,0.00,0.00,0.00,0.00,0.00,0.00,0.00,8.340,0.0013,4.170,0.00066,40.87,0.824,0.00,0.00,50.04,0.0079,0.00,0.00,0.00,0.00,0.00,5.838,0.00,0.00,0.020
-93.76945377,42.02239286,G,TaskName 6/2/2025 (GreenStar 4 Monitor),32%zidua/sharpen,350,6/2/2025,1.001,On,1109.3,121.25,0.00,4.882,7.162,5.249,89.30,41.99,41.75,0,5,71.69,6/2/2025,Good,0.00,0.00,0.00,0.00,0.00,0.00,0.00,8.349,0.0013,4.175,0.00065,40.91,0.816,0.00,0.00,50.10,0.0078,0.00,0.00,0.00,0.00,0.00,5.845,0.00,0.00,0.020
-93.76942742,42.02239281,G,TaskName 6/2/2025 (GreenStar 4 Monitor),32%zidua/sharpen,351,6/2/2025,0.999,On,1109.3,121.25,0.00,4.850,7.119,5.585,88.99,41.99,41.94,0,5,71.41,6/2/2025,Good,0.00,0.00,0.00,0.00,0.00,0.00,0.00,8.389,0.0013,4.194,0.00065,41.10,0.815,0.00,0.00,50.33,0.0078,0.00,0.00,0.00,0.00,0.00,5.872,0.00,0.00,0.020
-93.76940130,42.02239292,G,TaskName 6/2/2025 (GreenStar 4 Monitor),32%zidua/sharpen,352,6/2/2025,1.001,On,1109.4,121.25,0.00,4.887,7.178,5.391,88.69,41.99,41.87,0,5,71.86,6/2/2025,Good,0.00,0.00,0.00,0.00,0.00,0.00,0.00,8.374,0.0013,4.187,0.00065,41.03,0.820,0.00,0.00,50.24,0.0078,0.00,0.00,0.00,0.00,0.00,5.862,0.00,0.00,0.020
-93.76937487,42.02239331,G,TaskName 6/2/2025 (GreenStar 4 Monitor),32%zidua/sharpen,353,6/2/2025,1.004,On,1109.5,121.25,0.00,4.856,7.155,5.226,88.62,41.99,42.00,0,5,71.41,6/2/2025,Good,0.00,0.00,0.00,0.00,0.00,0.00,0.00,8.400,0.0013,4.200,0.00065,41.16,0.820,0.00,0.00,50.40,0.0078,0.00,0.00,0.00,0.00,0.00,5.880,0.00,0.00,0.020
-93.76934839,42.02239384,G,TaskName 6/2/2025 (GreenStar 4 Monitor),32%zidua/sharpen,354,6/2/2025,0.996,On,1109.5,121.25,0.00,4.896,7.152,5.133,89.21,41.99,41.97,0,5,71.95,6/2/2025,Good,0.00,0.00,0.00,0.00,0.00,0.00,0.00,8.395,0.0013,4.197,0.00065,41.13,0.819,0.00,0.00,50.37,0.0078,0.00,0.00,0.00,0.00,0.00,5.876,0.00,0.00,0.020
-93.76932189,42.02239436,G,TaskName 6/2/2025 (GreenStar 4 Monitor),32%zidua/sharpen,355,6/2/2025,1.004,On,1109.6,121.25,0.00,4.911,7.244,5.154,89.65,41.99,42.09,0,5,72.30,6/2/2025,Good,0.00,0.00,0.00,0.00,0.00,0.00,0.00,8.418,0.0013,4.209,0.00066,41.25,0.832,0.00,0.00,50.51,0.0080,0.00,0.00,0.00,0.00,0.00,5.892,0.00,0.00,0.020
-93.76929553,42.02239442,G,TaskName 6/2/2025 (GreenStar 4 Monitor),32%zidua/sharpen,356,6/2/2025,0.995,On,1109.6,121.25,0.00,4.896,7.148,5.226,89.48,41.99,42.11,0,5,71.99,6/2/2025,Good,0.00,0.00,0.00,0.00,0.00,0.00,0.00,8.422,0.0013,4.211,0.00065,41.27,0.821,0.00,0.00,50.53,0.0079,0.00,0.00,0.00,0.00,0.00,5.896,0.00,0.00,0.020
-93.76926903,42.02239429,G,TaskName 6/2/2025 (GreenStar 4 Monitor),32%zidua/sharpen,357,6/2/2025,1.000,On,1109.7,121.25,0.00,4.880,7.162,4.736,89.12,41.99,41.96,0,5,71.76,6/2/2025,Good,0.00,0.00,0.00,0.00,0.00,0.00,0.00,8.391,0.0013,4.196,0.00065,41.12,0.820,0.00,0.00,50.35,0.0078,0.00,0.00,0.00,0.00,0.00,5.874,0.00,0.00,0.020
-93.76924283,42.02239450,G,TaskName 6/2/2025 (GreenStar 4 Monitor),32%zidua/sharpen,358,6/2/2025,1.000,On,1109.8,121.25,0.00,4.912,7.211,5.321,89.10,41.99,41.87,0,5,72.26,6/2/2025,Good,0.00,0.00,0.00,0.00,0.00,0.00,0.00,8.374,0.0013,4.187,0.00066,41.03,0.824,0.00,0.00,50.24,0.0079,0.00,0.00,0.00,0.00,0.00,5.862,0.00,0.00,0.020
-93.76921649,42.02239496,G,TaskName 6/2/2025 (GreenStar 4 Monitor),32%zidua/sharpen,359,6/2/2025,1.005,On,1109.9,121.25,0.00,4.843,7.132,5.725,89.34,41.99,42.28,0,5,71.11,6/2/2025,Good,0.00,0.00,0.00,0.00,0.00,0.00,0.00,8.457,0.0013,4.228,0.00066,41.44,0.823,0.00,0.00,50.74,0.0079,0.00,0.00,0.00,0.00,0.00,5.920,0.00,0.00,0.020
-93.76920580,42.02239496,G,TaskName 6/2/2025 (GreenStar 4 Monitor),32%zidua/sharpen,360,6/2/2025,0.400,On,1109.9,121.25,0.00,4.883,2.861,5.137,89.18,41.99,42.11,0,5,71.67,6/2/2025,Good,0.00,0.00,0.00,0.00,0.00,0.00,0.00,8.423,0.00052,4.211,0.00026,41.27,0.329,0.00,0.00,50.54,0.0031,0.00,0.00,0.00,0.00,0.00,5.896,0.00,0.00,0.0080
-93.76917928,42.02239500,G,TaskName 6/2/2025 (GreenStar 4 Monitor),32%zidua/sharpen,361,6/2/2025,0.995,On,1110.1,116.25,2.500,4.922,7.175,4.988,89.07,41.99,42.37,0,5,69.28,6/2/2025,Good,0.00,0.00,0.00,0.00,0.00,0.00,0.00,8.473,0.0013,4.237,0.00063,41.52,0.795,0.00,0.00,50.84,0.0076,0.00,0.00,0.00,0.00,0.00,5.931,0.00,0.00,0.019
-93.76915291,42.02239525,G,TaskName 6/2/2025 (GreenStar 4 Monitor),32%zidua/sharpen,362,6/2/2025,1.000,On,1110.2,116.25,2.500,4.902,7.182,5.573,88.90,41.99,42.10,0,5,69.00,6/2/2025,Good,0.00,0.00,0.00,0.00,0.00,0.00,0.00,8.419,0.0013,4.210,0.00063,41.26,0.791,0.00,0.00,50.52,0.0076,0.00,0.00,0.00,0.00,0.00,5.894,0.00,0.00,0.019
-93.76912666,42.02239536,G,TaskName 6/2/2025 (GreenStar 4 Monitor),32%zidua/sharpen,363,6/2/2025,1.005,On,1110.3,116.25,2.500,4.866,7.165,5.426,88.65,41.99,42.12,0,5,68.50,6/2/2025,Good,0.00,0.00,0.00,0.00,0.00,0.00,0.00,8.424,0.0013,4.212,0.00063,41.28,0.789,0.00,0.00,50.55,0.0076,0.00,0.00,0.00,0.00,0.00,5.897,0.00,0.00,0.019
-93.76910059,42.02239571,G,TaskName 6/2/2025 (GreenStar 4 Monitor),32%zidua/sharpen,364,6/2/2025,1.000,On,1110.5,116.25,2.500,4.840,7.090,5.786,88.60,41.99,42.04,0,5,68.12,6/2/2025,Good,0.00,0.00,0.00,0.00,0.00,0.00,0.00,8.407,0.0012,4.204,0.00062,41.20,0.779,0.00,0.00,50.44,0.0075,0.00,0.00,0.00,0.00,0.00,5.885,0.00,0.00,0.019
-93.76907427,42.02239625,G,TaskName 6/2/2025 (GreenStar 4 Monitor),32%zidua/sharpen,365,6/2/2025,0.995,On,1110.6,116.25,2.500,4.860,7.087,5.769,88.79,41.99,42.07,0,5,68.43,6/2/2025,Good,0.00,0.00,0.00,0.00,0.00,0.00,0.00,8.413,0.0012,4.207,0.00062,41.23,0.780,0.00,0.00,50.48,0.0075,0.00,0.00,0.00,0.00,0.00,5.889,0.00,0.00,0.019
-93.76904855,42.02239683,G,TaskName 6/2/2025 (GreenStar 4 Monitor),32%zidua/sharpen,366,6/2/2025,1.000,On,1110.7,115.00,3.125,4.853,7.106,5.998,89.33,41.99,42.09,0,5,67.54,6/2/2025,Good,0.00,0.00,0.00,0.00,0.00,0.00,0.00,8.418,0.0012,4.209,0.00062,41.25,0.774,0.00,0.00,50.51,0.0074,0.00,0.00,0.00,0.00,0.00,5.893,0.00,0.00,0.019
-93.76902206,42.02239734,G,TaskName 6/2/2025 (GreenStar 4 Monitor),32%zidua/sharpen,367,6/2/2025,1.005,On,1110.9,115.00,3.125,4.839,7.123,5.849,89.58,41.99,42.31,0,5,67.36,6/2/2025,Good,0.00,0.00,0.00,0.00,0.00,0.00,0.00,8.462,0.0012,4.231,0.00062,41.47,0.780,0.00,0.00,50.77,0.0075,0.00,0.00,0.00,0.00,0.00,5.924,0.00,0.00,0.019
-93.76899560,42.02239747,G,TaskName 6/2/2025 (GreenStar 4 Monitor),32%zidua/sharpen,368,6/2/2025,0.995,On,1111.0,115.00,3.125,4.917,7.169,5.615,89.45,41.99,41.75,0,5,68.47,6/2/2025,Good,0.00,0.00,0.00,0.00,0.00,0.00,0.00,8.350,0.0012,4.175,0.00062,40.91,0.774,0.00,0.00,50.10,0.0074,0.00,0.00,0.00,0.00,0.00,5.845,0.00,0.00,0.019
-93.76896919,42.02239766,G,TaskName 6/2/2025 (GreenStar 4 Monitor),32%zidua/sharpen,369,6/2/2025,1.000,On,1111.1,115.00,3.125,4.873,7.142,5.319,89.38,41.99,41.62,0,5,67.88,6/2/2025,Good,0.00,0.00,0.00,0.00,0.00,0.00,0.00,8.323,0.0012,4.162,0.00061,40.78,0.769,0.00,0.00,49.94,0.0074,0.00,0.00,0.00,0.00,0.00,5.826,0.00,0.00,0.019
-93.76894243,42.02239796,G,TaskName 6/2/2025 (GreenStar 4 Monitor),32%zidua/sharpen,370,6/2/2025,1.000,On,1111.3,115.00,3.125,4.911,7.198,5.159,89.44,41.99,41.69,0,5,68.41,6/2/2025,Good,0.00,0.00,0.00,0.00,0.00,0.00,0.00,8.339,0.0012,4.169,0.00062,40.86,0.776,0.00,0.00,50.03,0.0074,0.00,0.00,0.00,0.00,0.00,5.837,0.00,0.00,0.019
-93.76891579,42.02239834,G,TaskName 6/2/2025 (GreenStar 4 Monitor),32%zidua/sharpen,371,6/2/2025,1.000,On,1111.3,115.00,3.125,4.937,7.234,5.193,89.91,41.99,41.51,0,5,68.76,6/2/2025,Good,0.00,0.00,0.00,0.00,0.00,0.00,0.00,8.303,0.0012,4.151,0.00062,40.68,0.777,0.00,0.00,49.82,0.0074,0.00,0.00,0.00,0.00,0.00,5.812,0.00,0.00,0.019
-93.76888930,42.02239872,G,TaskName 6/2/2025 (GreenStar 4 Monitor),32%zidua/sharpen,372,6/2/2025,1.000,On,1111.4,115.00,3.125,4.949,7.254,5.591,90.10,41.99,41.67,0,5,68.94,6/2/2025,Good,0.00,0.00,0.00,0.00,0.00,0.00,0.00,8.333,0.0012,4.167,0.00062,40.83,0.782,0.00,0.00,50.00,0.0075,0.00,0.00,0.00,0.00,0.00,5.833,0.00,0.00,0.019
-93.76886223,42.02239827,G,TaskName 6/2/2025 (GreenStar 4 Monitor),32%zidua/sharpen,373,6/2/2025,1.000,On,1111.5,115.00,3.125,4.946,7.247,5.248,89.47,41.99,41.90,0,5,68.88,6/2/2025,Good,0.00,0.00,0.00,0.00,0.00,0.00,0.00,8.380,0.0013,4.190,0.00063,41.06,0.786,0.00,0.00,50.28,0.0075,0.00,0.00,0.00,0.00,0.00,5.866,0.00,0.00,0.019
-93.76883523,42.02239810,G,TaskName 6/2/2025 (GreenStar 4 Monitor),32%zidua/sharpen,374,6/2/2025,1.000,On,1111.5,115.00,3.125,5.001,7.326,4.941,88.84,41.99,41.82,0,5,69.63,6/2/2025,Good,0.00,0.00,0.00,0.00,0.00,0.00,0.00,8.364,0.0013,4.182,0.00063,40.98,0.793,0.00,0.00,50.18,0.0076,0.00,0.00,0.00,0.00,0.00,5.855,0.00,0.00,0.019
-93.76881920,42.02239833,G,TaskName 6/2/2025 (GreenStar 4 Monitor),32%zidua/sharpen,375,6/2/2025,0.600,On,1111.5,115.00,3.125,5.005,4.400,5.030,88.96,41.99,42.07,0,5,69.69,6/2/2025,Good,0.00,0.00,0.00,0.00,0.00,0.00,0.00,8.415,0.00076,4.207,0.00038,41.23,0.479,0.00,0.00,50.49,0.0046,0.00,0.00,0.00,0.00,0.00,5.890,0.00,0.00,0.012
-93.76879185,42.02239894,G,TaskName 6/2/2025 (GreenStar 4 Monitor),32%zidua/sharpen,376,6/2/2025,1.000,On,1111.4,113.75,3.750,5.003,7.333,4.336,89.32,41.99,42.05,0,5,68.93,6/2/2025,Good,0.00,0.00,0.00,0.00,0.00,0.00,0.00,8.410,0.0013,4.205,0.00063,41.21,0.789,0.00,0.00,50.46,0.0075,0.00,0.00,0.00,0.00,0.00,5.887,0.00,0.00,0.019
-93.76876447,42.02239910,G,TaskName 6/2/2025 (GreenStar 4 Monitor),32%zidua/sharpen,377,6/2/2025,1.000,On,1111.4,113.75,3.750,5.070,7.431,4.495,89.21,41.99,41.64,0,5,69.86,6/2/2025,Good,0.00,0.00,0.00,0.00,0.00,0.00,0.00,8.328,0.0013,4.164,0.00063,40.81,0.792,0.00,0.00,49.97,0.0076,0.00,0.00,0.00,0.00,0.00,5.830,0.00,0.00,0.019
-93.76875348,42.02239918,G,TaskName 6/2/2025 (GreenStar 4 Monitor),32%zidua/sharpen,378,6/2/2025,0.400,On,1111.4,113.75,3.750,5.066,2.969,4.095,89.18,41.99,41.44,0,5,69.78,6/2/2025,Good,0.00,0.00,0.00,0.00,0.00,0.00,0.00,8.289,0.00050,4.144,0.00025,40.61,0.315,0.00,0.00,49.73,0.0030,0.00,0.00,0.00,0.00,0.00,5.802,0.00,0.00,0.0078
-93.76872613,42.02239946,G,TaskName 6/2/2025 (GreenStar 4 Monitor),32%zidua/sharpen,379,6/2/2025,1.000,On,1111.3,112.50,3.125,5.072,7.431,4.163,89.21,41.99,41.83,0,5,69.09,6/2/2025,Good,0.00,0.00,0.00,0.00,0.00,0.00,0.00,8.365,0.0013,4.183,0.00063,40.99,0.787,0.00,0.00,50.19,0.0075,0.00,0.00,0.00,0.00,0.00,5.856,0.00,0.00,0.019
-93.76869887,42.02239989,G,TaskName 6/2/2025 (GreenStar 4 Monitor),32%zidua/sharpen,380,6/2/2025,1.000,On,1111.1,112.50,3.125,5.058,7.411,4.751,89.40,41.99,42.15,0,5,68.91,6/2/2025,Good,0.00,0.00,0.00,0.00,0.00,0.00,0.00,8.430,0.0013,4.215,0.00063,41.31,0.791,0.00,0.00,50.58,0.0076,0.00,0.00,0.00,0.00,0.00,5.901,0.00,0.00,0.019
-93.76867130,42.02240010,G,TaskName 6/2/2025 (GreenStar 4 Monitor),32%zidua/sharpen,381,6/2/2025,1.000,On,1111.0,112.50,3.125,5.092,7.464,4.418,89.41,41.99,41.82,0,5,69.40,6/2/2025,Good,0.00,0.00,0.00,0.00,0.00,0.00,0.00,8.364,0.0013,4.182,0.00063,40.98,0.790,0.00,0.00,50.18,0.0076,0.00,0.00,0.00,0.00,0.00,5.855,0.00,0.00,0.019
-93.76864369,42.02240020,G,TaskName 6/2/2025 (GreenStar 4 Monitor),32%zidua/sharpen,382,6/2/2025,1.000,On,1110.9,112.50,3.125,5.120,7.503,4.151,89.24,41.99,41.84,0,5,69.76,6/2/2025,Good,0.00,0.00,0.00,0.00,0.00,0.00,0.00,8.368,0.0013,4.184,0.00063,41.00,0.795,0.00,0.00,50.21,0.0076,0.00,0.00,0.00,0.00,0.00,5.858,0.00,0.00,0.019
-93.76861613,42.02240030,G,TaskName 6/2/2025 (GreenStar 4 Monitor),32%zidua/sharpen,383,6/2/2025,1.001,On,1110.8,112.50,3.125,5.084,7.451,3.923,88.86,41.99,41.64,0,5,69.20,6/2/2025,Good,0.00,0.00,0.00,0.00,0.00,0.00,0.00,8.327,0.0013,4.164,0.00063,40.80,0.785,0.00,0.00,49.96,0.0075,0.00,0.00,0.00,0.00,0.00,5.829,0.00,0.00,0.019
-93.76858872,42.02240054,G,TaskName 6/2/2025 (GreenStar 4 Monitor),32%zidua/sharpen,384,6/2/2025,1.000,On,1110.7,112.50,3.125,5.085,7.457,3.700,88.71,41.99,41.66,0,5,69.33,6/2/2025,Good,0.00,0.00,0.00,0.00,0.00,0.00,0.00,8.333,0.0013,4.166,0.00063,40.83,0.786,0.00,0.00,50.00,0.0075,0.00,0.00,0.00,0.00,0.00,5.833,0.00,0.00,0.019
-93.76857765,42.02240079,G,TaskName 6/2/2025 (GreenStar 4 Monitor),32%zidua/sharpen,385,6/2/2025,0.399,On,1110.6,112.50,3.125,5.077,2.966,3.639,88.80,41.99,41.89,0,5,69.11,6/2/2025,Good,0.00,0.00,0.00,0.00,0.00,0.00,0.00,8.379,0.00050,4.189,0.00025,41.06,0.314,0.00,0.00,50.27,0.0030,0.00,0.00,0.00,0.00,0.00,5.865,0.00,0.00,0.0077
-93.76855043,42.02240161,G,TaskName 6/2/2025 (GreenStar 4 Monitor),32%zidua/sharpen,386,6/2/2025,1.000,On,1110.4,111.25,3.750,5.074,7.438,4.069,89.37,41.99,42.05,0,5,68.38,6/2/2025,Good,0.00,0.00,0.00,0.00,0.00,0.00,0.00,8.409,0.0012,4.205,0.00062,41.20,0.783,0.00,0.00,50.45,0.0075,0.00,0.00,0.00,0.00,0.00,5.886,0.00,0.00,0.019
-93.76852318,42.02240213,G,TaskName 6/2/2025 (GreenStar 4 Monitor),32%zidua/sharpen,387,6/2/2025,1.000,On,1110.3,111.25,3.750,5.051,7.402,4.631,89.72,41.99,42.12,0,5,68.05,6/2/2025,Good,0.00,0.00,0.00,0.00,0.00,0.00,0.00,8.424,0.0012,4.212,0.00062,41.28,0.780,0.00,0.00,50.54,0.0075,0.00,0.00,0.00,0.00,0.00,5.897,0.00,0.00,0.019
-93.76849561,42.02240221,G,TaskName 6/2/2025 (GreenStar 4 Monitor),32%zidua/sharpen,388,6/2/2025,1.000,On,1110.1,111.25,3.750,5.098,7.467,4.263,89.41,41.99,42.13,0,5,68.65,6/2/2025,Good,0.00,0.00,0.00,0.00,0.00,0.00,0.00,8.426,0.0013,4.213,0.00063,41.29,0.787,0.00,0.00,50.56,0.0075,0.00,0.00,0.00,0.00,0.00,5.898,0.00,0.00,0.019
-93.76846833,42.02240222,G,TaskName 6/2/2025 (GreenStar 4 Monitor),32%zidua/sharpen,389,6/2/2025,1.000,On,1110.0,111.25,3.750,5.061,7.415,4.794,88.97,41.99,42.10,0,5,68.17,6/2/2025,Good,0.00,0.00,0.00,0.00,0.00,0.00,0.00,8.419,0.0012,4.210,0.00062,41.25,0.781,0.00,0.00,50.51,0.0075,0.00,0.00,0.00,0.00,0.00,5.893,0.00,0.00,0.019
-93.76844129,42.02240284,G,TaskName 6/2/2025 (GreenStar 4 Monitor),32%zidua/sharpen,390,6/2/2025,1.000,On,1109.9,111.25,3.750,5.045,7.392,4.788,89.50,41.99,42.10,0,5,67.96,6/2/2025,Good,0.00,0.00,0.00,0.00,0.00,0.00,0.00,8.421,0.0012,4.210,0.00062,41.26,0.779,0.00,0.00,50.52,0.0075,0.00,0.00,0.00,0.00,0.00,5.894,0.00,0.00,0.019
-93.76842503,42.02240334,G,TaskName 6/2/2025 (GreenStar 4 Monitor),32%zidua/sharpen,391,6/2/2025,0.600,On,1109.7,111.25,3.750,5.014,4.409,4.647,90.19,41.99,42.04,0,5,67.56,6/2/2025,Good,0.00,0.00,0.00,0.00,0.00,0.00,0.00,8.408,0.00074,4.204,0.00037,41.20,0.464,0.00,0.00,50.45,0.0044,0.00,0.00,0.00,0.00,0.00,5.885,0.00,0.00,0.011
-93.76841967,42.02240347,G,TaskName 6/2/2025 (GreenStar 4 Monitor),32%zidua/sharpen,392,6/2/2025,0.200,On,1109.7,112.50,4.375,5.017,1.472,4.498,90.36,41.99,41.76,0,5,68.45,6/2/2025,Good,0.00,0.00,0.00,0.00,0.00,0.00,0.00,8.352,0.00025,4.176,0.00012,40.92,0.156,0.00,0.00,50.11,0.0015,0.00,0.00,0.00,0.00,0.00,5.846,0.00,0.00,0.0038
-93.76839796,42.02240393,G,TaskName 6/2/2025 (GreenStar 4 Monitor),32%zidua/sharpen,393,6/2/2025,0.800,On,1109.6,111.25,5.000,5.015,5.890,4.314,90.80,41.99,41.94,0,5,67.69,6/2/2025,Good,0.00,0.00,0.00,0.00,0.00,0.00,0.00,8.389,0.00099,4.194,0.00049,41.11,0.618,0.00,0.00,50.33,0.0059,0.00,0.00,0.00,0.00,0.00,5.872,0.00,0.00,0.015
-93.76838712,42.02240362,G,TaskName 6/2/2025 (GreenStar 4 Monitor),32%zidua/sharpen,394,6/2/2025,0.400,On,1109.6,112.50,4.375,5.029,2.955,4.131,90.41,41.99,41.64,0,5,68.68,6/2/2025,Good,0.00,0.00,0.00,0.00,0.00,0.00,0.00,8.327,0.00050,4.164,0.00025,40.80,0.311,0.00,0.00,49.96,0.0030,0.00,0.00,0.00,0.00,0.00,5.829,0.00,0.00,0.0076
-93.76836016,42.02240283,G,TaskName 6/2/2025 (GreenStar 4 Monitor),32%zidua/sharpen,395,6/2/2025,1.000,On,1109.4,111.25,3.750,5.016,7.365,4.352,89.00,41.99,41.68,0,5,67.72,6/2/2025,Good,0.00,0.00,0.00,0.00,0.00,0.00,0.00,8.337,0.0012,4.168,0.00061,40.85,0.768,0.00,0.00,50.02,0.0074,0.00,0.00,0.00,0.00,0.00,5.836,0.00,0.00,0.019
-93.76833333,42.02240295,G,TaskName 6/2/2025 (GreenStar 4 Monitor),32%zidua/sharpen,396,6/2/2025,1.000,On,1109.3,111.25,3.750,4.989,7.323,5.112,88.75,41.99,42.13,0,5,67.33,6/2/2025,Good,0.00,0.00,0.00,0.00,0.00,0.00,0.00,8.426,0.0012,4.213,0.00062,41.29,0.772,0.00,0.00,50.56,0.0074,0.00,0.00,0.00,0.00,0.00,5.898,0.00,0.00,0.019
-93.76830657,42.02240390,G,TaskName 6/2/2025 (GreenStar 4 Monitor),32%zidua/sharpen,397,6/2/2025,0.995,On,1109.2,111.25,3.750,4.958,7.241,5.124,89.56,41.99,42.09,0,5,66.91,6/2/2025,Good,0.00,0.00,0.00,0.00,0.00,0.00,0.00,8.419,0.0012,4.209,0.00061,41.25,0.763,0.00,0.00,50.51,0.0073,0.00,0.00,0.00,0.00,0.00,5.893,0.00,0.00,0.018
-93.76827990,42.02240423,G,TaskName 6/2/2025 (GreenStar 4 Monitor),32%zidua/sharpen,398,6/2/2025,1.001,On,1109.1,111.25,3.750,4.956,7.277,5.132,89.95,41.99,41.89,0,5,66.84,6/2/2025,Good,0.00,0.00,0.00,0.00,0.00,0.00,0.00,8.378,0.0012,4.189,0.00061,41.05,0.763,0.00,0.00,50.27,0.0073,0.00,0.00,0.00,0.00,0.00,5.865,0.00,0.00,0.019
-93.76825283,42.02240406,G,TaskName 6/2/2025 (GreenStar 4 Monitor),32%zidua/sharpen,399,6/2/2025,1.004,On,1109.0,111.25,3.750,4.989,7.359,4.661,89.54,41.99,41.90,0,5,67.39,6/2/2025,Good,0.00,0.00,0.00,0.00,0.00,0.00,0.00,8.379,0.0012,4.190,0.00062,41.06,0.772,0.00,0.00,50.27,0.0074,0.00,0.00,0.00,0.00,0.00,5.865,0.00,0.00,0.019
-93.76824742,42.02240400,G,TaskName 6/2/2025 (GreenStar 4 Monitor),32%zidua/sharpen,400,6/2/2025,0.200,On,1109.0,111.25,3.750,5.011,1.472,4.359,89.41,41.99,41.90,0,5,67.69,6/2/2025,Good,0.00,0.00,0.00,0.00,0.00,0.00,0.00,8.379,0.00025,4.190,0.00012,41.06,0.154,0.00,0.00,50.28,0.0015,0.00,0.00,0.00,0.00,0.00,5.866,0.00,0.00,0.0038
-93.76822063,42.02240425,G,TaskName 6/2/2025 (GreenStar 4 Monitor),32%zidua/sharpen,401,6/2/2025,0.995,On,1108.9,112.50,3.125,4.978,7.267,4.461,89.39,41.99,41.64,0,5,67.90,6/2/2025,Good,0.00,0.00,0.00,0.00,0.00,0.00,0.00,8.327,0.0012,4.164,0.00061,40.80,0.766,0.00,0.00,49.96,0.0073,0.00,0.00,0.00,0.00,0.00,5.829,0.00,0.00,0.019
-93.76819382,42.02240434,G,TaskName 6/2/2025 (GreenStar 4 Monitor),32%zidua/sharpen,402,6/2/2025,1.000,On,1108.9,112.50,3.125,4.969,7.290,5.171,89.20,41.99,41.92,0,5,67.78,6/2/2025,Good,0.00,0.00,0.00,0.00,0.00,0.00,0.00,8.385,0.0012,4.192,0.00062,41.08,0.774,0.00,0.00,50.31,0.0074,0.00,0.00,0.00,0.00,0.00,5.869,0.00,0.00,0.019
-93.76816702,42.02240442,G,TaskName 6/2/2025 (GreenStar 4 Monitor),32%zidua/sharpen,403,6/2/2025,1.000,On,1108.8,112.50,3.125,4.956,7.274,4.955,88.89,41.99,41.98,0,5,67.63,6/2/2025,Good,0.00,0.00,0.00,0.00,0.00,0.00,0.00,8.397,0.0012,4.198,0.00062,41.14,0.773,0.00,0.00,50.38,0.0074,0.00,0.00,0.00,0.00,0.00,5.878,0.00,0.00,0.019
-93.76814006,42.02240498,G,TaskName 6/2/2025 (GreenStar 4 Monitor),32%zidua/sharpen,404,6/2/2025,1.005,On,1108.8,112.50,3.125,4.976,7.339,5.089,88.92,41.99,42.03,0,5,67.90,6/2/2025,Good,0.00,0.00,0.00,0.00,0.00,0.00,0.00,8.407,0.0012,4.203,0.00062,41.19,0.781,0.00,0.00,50.44,0.0075,0.00,0.00,0.00,0.00,0.00,5.885,0.00,0.00,0.019
-93.76811848,42.02240497,G,TaskName 6/2/2025 (GreenStar 4 Monitor),32%zidua/sharpen,405,6/2/2025,0.800,On,1108.8,112.50,3.125,5.014,5.883,4.980,88.76,41.99,42.07,0,5,68.37,6/2/2025,Good,0.00,0.00,0.00,0.00,0.00,0.00,0.00,8.415,0.00100,4.207,0.00050,41.23,0.626,0.00,0.00,50.49,0.0060,0.00,0.00,0.00,0.00,0.00,5.890,0.00,0.00,0.015
-93.76809141,42.02240573,G,TaskName 6/2/2025 (GreenStar 4 Monitor),32%zidua/sharpen,406,6/2/2025,1.000,On,1108.8,111.25,3.750,4.985,7.316,4.953,89.41,41.99,42.00,0,5,67.27,6/2/2025,Good,0.00,0.00,0.00,0.00,0.00,0.00,0.00,8.400,0.0012,4.200,0.00061,41.16,0.769,0.00,0.00,50.40,0.0074,0.00,0.00,0.00,0.00,0.00,5.880,0.00,0.00,0.019
-93.76806442,42.02240619,G,TaskName 6/2/2025 (GreenStar 4 Monitor),32%zidua/sharpen,407,6/2/2025,1.000,On,1108.8,111.25,3.750,5.004,7.346,4.846,89.79,41.99,41.81,0,5,67.54,6/2/2025,Good,0.00,0.00,0.00,0.00,0.00,0.00,0.00,8.362,0.0012,4.181,0.00061,40.98,0.769,0.00,0.00,50.17,0.0074,0.00,0.00,0.00,0.00,0.00,5.854,0.00,0.00,0.019
-93.76803758,42.02240639,G,TaskName 6/2/2025 (GreenStar 4 Monitor),32%zidua/sharpen,408,6/2/2025,1.000,On,1108.8,111.25,3.750,5.021,7.372,4.754,89.86,41.99,41.73,0,5,67.78,6/2/2025,Good,0.00,0.00,0.00,0.00,0.00,0.00,0.00,8.345,0.0012,4.173,0.00061,40.89,0.770,0.00,0.00,50.07,0.0074,0.00,0.00,0.00,0.00,0.00,5.842,0.00,0.00,0.019
-93.76801056,42.02240607,G,TaskName 6/2/2025 (GreenStar 4 Monitor),32%zidua/sharpen,409,6/2/2025,1.000,On,1108.8,111.25,3.750,4.968,7.297,4.826,89.10,41.99,41.80,0,5,67.09,6/2/2025,Good,0.00,0.00,0.00,0.00,0.00,0.00,0.00,8.359,0.0012,4.180,0.00061,40.96,0.763,0.00,0.00,50.16,0.0073,0.00,0.00,0.00,0.00,0.00,5.851,0.00,0.00,0.019
-93.76798381,42.02240614,G,TaskName 6/2/2025 (GreenStar 4 Monitor),32%zidua/sharpen,410,6/2/2025,0.995,On,1108.8,111.25,3.750,4.980,7.270,4.725,88.71,41.99,41.77,0,5,67.18,6/2/2025,Good,0.00,0.00,0.00,0.00,0.00,0.00,0.00,8.353,0.0012,4.177,0.00061,40.93,0.760,0.00,0.00,50.12,0.0073,0.00,0.00,0.00,0.00,0.00,5.847,0.00,0.00,0.019
-93.76795678,42.02240673,G,TaskName 6/2/2025 (GreenStar 4 Monitor),32%zidua/sharpen,411,6/2/2025,1.001,On,1108.8,111.25,3.750,4.980,7.310,4.259,89.01,41.99,41.70,0,5,67.14,6/2/2025,Good,0.00,0.00,0.00,0.00,0.00,0.00,0.00,8.340,0.0012,4.170,0.00061,40.87,0.763,0.00,0.00,50.04,0.0073,0.00,0.00,0.00,0.00,0.00,5.838,0.00,0.00,0.019
-93.76793000,42.02240713,G,TaskName 6/2/2025 (GreenStar 4 Monitor),32%zidua/sharpen,412,6/2/2025,0.999,On,1108.8,110.00,4.375,4.978,7.310,4.323,89.26,41.99,41.61,0,5,66.52,6/2/2025,Good,0.00,0.00,0.00,0.00,0.00,0.00,0.00,8.322,0.0012,4.161,0.00060,40.78,0.753,0.00,0.00,49.93,0.0072,0.00,0.00,0.00,0.00,0.00,5.826,0.00,0.00,0.018
-93.76790320,42.02240759,G,TaskName 6/2/2025 (GreenStar 4 Monitor),32%zidua/sharpen,413,6/2/2025,1.001,On,1108.9,110.00,4.375,4.963,7.290,4.396,89.40,41.99,41.64,0,5,66.21,6/2/2025,Good,0.00,0.00,0.00,0.00,0.00,0.00,0.00,8.328,0.0012,4.164,0.00060,40.81,0.751,0.00,0.00,49.97,0.0072,0.00,0.00,0.00,0.00,0.00,5.830,0.00,0.00,0.018
-93.76787666,42.02240782,G,TaskName 6/2/2025 (GreenStar 4 Monitor),32%zidua/sharpen,414,6/2/2025,1.004,On,1109.0,110.00,4.375,4.944,7.287,5.063,89.31,41.99,41.90,0,5,65.98,6/2/2025,Good,0.00,0.00,0.00,0.00,0.00,0.00,0.00,8.380,0.0012,4.190,0.00060,41.06,0.756,0.00,0.00,50.28,0.0072,0.00,0.00,0.00,0.00,0.00,5.866,0.00,0.00,0.018
-93.76785007,42.02240800,G,TaskName 6/2/2025 (GreenStar 4 Monitor),32%zidua/sharpen,415,6/2/2025,1.000,On,1109.0,110.00,4.375,4.929,7.238,5.035,89.36,41.99,42.44,0,5,65.80,6/2/2025,Good,0.00,0.00,0.00,0.00,0.00,0.00,0.00,8.488,0.0012,4.244,0.00061,41.59,0.760,0.00,0.00,50.93,0.0073,0.00,0.00,0.00,0.00,0.00,5.942,0.00,0.00,0.018
-93.76782330,42.02240849,G,TaskName 6/2/2025 (GreenStar 4 Monitor),32%zidua/sharpen,416,6/2/2025,0.996,On,1109.1,110.00,4.375,4.950,7.238,4.801,89.61,41.99,42.19,0,5,66.06,6/2/2025,Good,0.00,0.00,0.00,0.00,0.00,0.00,0.00,8.439,0.0012,4.219,0.00060,41.35,0.756,0.00,0.00,50.63,0.0072,0.00,0.00,0.00,0.00,0.00,5.907,0.00,0.00,0.018
-93.76779676,42.02240863,G,TaskName 6/2/2025 (GreenStar 4 Monitor),32%zidua/sharpen,417,6/2/2025,0.999,On,1109.3,110.00,4.375,4.934,7.234,5.379,89.79,41.99,41.89,0,5,65.83,6/2/2025,Good,0.00,0.00,0.00,0.00,0.00,0.00,0.00,8.378,0.0012,4.189,0.00060,41.05,0.750,0.00,0.00,50.27,0.0072,0.00,0.00,0.00,0.00,0.00,5.865,0.00,0.00,0.018
-93.76776988,42.02240866,G,TaskName 6/2/2025 (GreenStar 4 Monitor),32%zidua/sharpen,418,6/2/2025,1.000,On,1109.4,110.00,4.375,4.949,7.267,5.222,89.53,41.99,41.75,0,5,66.06,6/2/2025,Good,0.00,0.00,0.00,0.00,0.00,0.00,0.00,8.350,0.0012,4.175,0.00060,40.91,0.751,0.00,0.00,50.10,0.0072,0.00,0.00,0.00,0.00,0.00,5.845,0.00,0.00,0.018
-93.76774314,42.02240837,G,TaskName 6/2/2025 (GreenStar 4 Monitor),32%zidua/sharpen,419,6/2/2025,1.000,On,1109.5,110.00,4.375,4.967,7.287,4.898,88.78,41.99,41.79,0,5,66.24,6/2/2025,Good,0.00,0.00,0.00,0.00,0.00,0.00,0.00,8.357,0.0012,4.179,0.00060,40.95,0.754,0.00,0.00,50.14,0.0072,0.00,0.00,0.00,0.00,0.00,5.850,0.00,0.00,0.018
-93.76771625,42.02240869,G,TaskName 6/2/2025 (GreenStar 4 Monitor),32%zidua/sharpen,420,6/2/2025,1.000,On,1109.6,110.00,4.375,4.973,7.303,4.486,88.86,41.99,41.84,0,5,66.39,6/2/2025,Good,0.00,0.00,0.00,0.00,0.00,0.00,0.00,8.369,0.0012,4.184,0.00060,41.01,0.756,0.00,0.00,50.21,0.0072,0.00,0.00,0.00,0.00,0.00,5.858,0.00,0.00,0.018
-93.76768957,42.02240928,G,TaskName 6/2/2025 (GreenStar 4 Monitor),32%zidua/sharpen,421,6/2/2025,1.000,On,1109.7,110.00,4.375,4.959,7.277,4.561,89.17,41.99,41.88,0,5,66.15,6/2/2025,Good,0.00,0.00,0.00,0.00,0.00,0.00,0.00,8.376,0.0012,4.188,0.00060,41.04,0.754,0.00,0.00,50.26,0.0072,0.00,0.00,0.00,0.00,0.00,5.863,0.00,0.00,0.018
-93.76768419,42.02240938,G,TaskName 6/2/2025 (GreenStar 4 Monitor),32%zidua/sharpen,422,6/2/2025,0.195,On,1109.7,110.00,4.375,4.932,1.410,4.524,89.28,41.99,42.11,0,5,65.74,6/2/2025,Good,0.00,0.00,0.00,0.00,0.00,0.00,0.00,8.422,0.00023,4.211,0.00012,41.27,0.147,0.00,0.00,50.53,0.0014,0.00,0.00,0.00,0.00,0.00,5.895,0.00,0.00,0.0036
-93.76766279,42.02240959,G,TaskName 6/2/2025 (GreenStar 4 Monitor),32%zidua/sharpen,423,6/2/2025,0.805,On,1109.8,111.25,5.000,4.948,5.847,4.778,89.28,41.99,41.88,0,5,66.78,6/2/2025,Good,0.00,0.00,0.00,0.00,0.00,0.00,0.00,8.376,0.00098,4.188,0.00049,41.04,0.613,0.00,0.00,50.25,0.0059,0.00,0.00,0.00,0.00,0.00,5.863,0.00,0.00,0.015
-93.76763610,42.02240971,G,TaskName 6/2/2025 (GreenStar 4 Monitor),32%zidua/sharpen,424,6/2/2025,1.000,On,1109.9,110.00,4.375,4.960,7.280,5.195,89.12,41.99,41.96,0,5,66.18,6/2/2025,Good,0.00,0.00,0.00,0.00,0.00,0.00,0.00,8.392,0.0012,4.196,0.00060,41.12,0.756,0.00,0.00,50.35,0.0072,0.00,0.00,0.00,0.00,0.00,5.875,0.00,0.00,0.018
-93.76760923,42.02241001,G,TaskName 6/2/2025 (GreenStar 4 Monitor),32%zidua/sharpen,425,6/2/2025,1.000,On,1109.9,110.00,4.375,4.952,7.266,5.240,89.11,41.99,41.94,0,5,66.05,6/2/2025,Good,0.00,0.00,0.00,0.00,0.00,0.00,0.00,8.388,0.0012,4.194,0.00060,41.10,0.754,0.00,0.00,50.33,0.0072,0.00,0.00,0.00,0.00,0.00,5.871,0.00,0.00,0.018
-93.76760387,42.02241013,G,TaskName 6/2/2025 (GreenStar 4 Monitor),32%zidua/sharpen,426,6/2/2025,0.200,On,1109.9,110.00,4.375,4.975,1.458,5.059,89.19,41.99,42.07,0,5,66.26,6/2/2025,Good,0.00,0.00,0.00,0.00,0.00,0.00,0.00,8.414,0.00024,4.207,0.00012,41.23,0.152,0.00,0.00,50.48,0.0015,0.00,0.00,0.00,0.00,0.00,5.890,0.00,0.00,0.0037
-93.76757699,42.02241064,G,TaskName 6/2/2025 (GreenStar 4 Monitor),32%zidua/sharpen,427,6/2/2025,1.000,On,1110.0,108.75,5.000,4.984,7.309,4.886,89.65,41.99,42.09,0,5,65.69,6/2/2025,Good,0.00,0.00,0.00,0.00,0.00,0.00,0.00,8.418,0.0012,4.209,0.00060,41.25,0.753,0.00,0.00,50.51,0.0072,0.00,0.00,0.00,0.00,0.00,5.893,0.00,0.00,0.018
-93.76755021,42.02241092,G,TaskName 6/2/2025 (GreenStar 4 Monitor),32%zidua/sharpen,428,6/2/2025,1.000,On,1110.0,108.75,5.000,4.964,7.276,5.141,89.96,41.99,41.98,0,5,65.39,6/2/2025,Good,0.00,0.00,0.00,0.00,0.00,0.00,0.00,8.396,0.0012,4.198,0.00060,41.14,0.747,0.00,0.00,50.37,0.0071,0.00,0.00,0.00,0.00,0.00,5.877,0.00,0.00,0.018
-93.76752306,42.02241070,G,TaskName 6/2/2025 (GreenStar 4 Monitor),32%zidua/sharpen,429,6/2/2025,1.000,On,1110.0,108.75,5.000,4.999,7.328,4.818,89.29,41.99,41.88,0,5,65.86,6/2/2025,Good,0.00,0.00,0.00,0.00,0.00,0.00,0.00,8.375,0.0012,4.188,0.00060,41.04,0.751,0.00,0.00,50.25,0.0072,0.00,0.00,0.00,0.00,0.00,5.863,0.00,0.00,0.018
-93.76751764,42.02241055,G,TaskName 6/2/2025 (GreenStar 4 Monitor),32%zidua/sharpen,430,6/2/2025,0.200,On,1110.0,82.50,-8.125,5.031,1.474,4.894,89.01,41.99,42.15,0,5,50.26,6/2/2025,Good,0.00,0.00,0.00,0.00,0.00,0.00,0.00,8.431,0.00018,4.215,9.195e-05,41.31,0.115,0.00,0.00,50.58,0.0011,0.00,0.00,0.00,0.00,0.00,5.901,0.00,0.00,0.0028
-93.76751228,42.02241045,G,TaskName 6/2/2025 (GreenStar 4 Monitor),32%zidua/sharpen,431,6/2/2025,0.200,On,1110.0,61.25,-18.75,5.029,1.474,4.841,88.76,41.99,47.12,0,5,37.31,6/2/2025,Good,0.00,0.00,0.00,0.00,0.00,0.00,0.00,9.425,0.00015,4.712,7.632e-05,46.18,0.096,0.00,0.00,56.55,0.00092,0.00,0.00,0.00,0.00,0.00,6.597,0.00,0.00,0.0021
-93.77027988,42.02255864,G,TaskName 6/2/2025 (GreenStar 4 Monitor),32%zidua/sharpen,432,6/2/2025,1.004,On,1108.8,13.75,0.00013,3.339,4.803,13.05,263.30,41.99,54.37,0,6,5.436,6/2/2025,Over Target,0.00,0.00,0.00,0.00,0.00,0.00,0.00,10.87,0.00013,5.437,6.440e-05,53.28,0.081,0.00,0.00,65.24,0.00077,0.00,0.00,0.00,0.00,0.00,7.612,0.00,0.00,0.0015
-93.77031896,42.02255420,G,TaskName 6/2/2025 (GreenStar 4 Monitor),32%zidua/sharpen,433,6/2/2025,0.996,On,1108.8,13.75,0.00013,5.888,8.402,12.62,267.27,41.99,45.96,0,6,9.586,6/2/2025,Good,0.00,0.00,0.00,0.00,0.00,0.00,0.00,9.192,0.00019,4.596,9.523e-05,45.04,0.119,0.00,0.00,55.15,0.0011,0.00,0.00,0.00,0.00,0.00,6.435,0.00,0.00,0.0027
-93.77036107,42.02255191,G,TaskName 6/2/2025 (GreenStar 4 Monitor),32%zidua/sharpen,434,6/2/2025,1.005,On,1108.8,13.75,0.00013,7.824,11.51,4.967,268.60,41.99,35.82,0,6,13.01,6/2/2025,Good,0.00,0.00,0.00,0.00,0.00,0.00,0.00,7.164,0.00020,3.582,0.00010,35.10,0.127,0.00,0.00,42.99,0.0012,0.00,0.00,0.00,0.00,0.00,5.015,0.00,0.00,0.0036
-93.77040295,42.02255075,G,TaskName 6/2/2025 (GreenStar 4 Monitor),32%zidua/sharpen,435,6/2/2025,0.999,On,1109.0,13.75,0.00013,7.519,11.02,10.58,268.85,41.99,39.15,0,6,12.54,6/2/2025,Good,0.00,0.00,0.00,0.00,0.00,0.00,0.00,7.829,0.00021,3.915,0.00011,38.36,0.133,0.00,0.00,46.98,0.0013,0.00,0.00,0.00,0.00,0.00,5.481,0.00,0.00,0.0035
-93.77045046,42.02254990,G,TaskName 6/2/2025 (GreenStar 4 Monitor),32%zidua/sharpen,436,6/2/2025,1.001,On,1109.0,13.75,0.00013,8.357,12.24,8.842,270.05,41.99,38.26,0,6,13.90,6/2/2025,Good,0.00,0.00,0.00,0.00,0.00,0.00,0.00,7.653,0.00023,3.826,0.00012,37.50,0.145,0.00,0.00,45.92,0.0014,0.00,0.00,0.00,0.00,0.00,5.357,0.00,0.00,0.0039
-93.77049989,42.02254971,G,TaskName 6/2/2025 (GreenStar 4 Monitor),32%zidua/sharpen,437,6/2/2025,0.999,On,1109.0,13.75,0.00013,9.089,13.31,6.276,270.79,41.99,36.47,0,6,15.14,6/2/2025,Good,0.00,0.00,0.00,0.00,0.00,0.00,0.00,7.294,0.00024,3.647,0.00012,35.74,0.150,0.00,0.00,43.76,0.0014,0.00,0.00,0.00,0.00,0.00,5.106,0.00,0.00,0.0042
-93.77054107,42.02255017,G,TaskName 6/2/2025 (GreenStar 4 Monitor),32%zidua/sharpen,438,6/2/2025,1.001,On,1108.9,13.75,0.00013,8.497,12.44,3.097,270.09,41.99,40.03,0,6,14.12,6/2/2025,Good,0.00,0.00,0.00,0.00,0.00,0.00,0.00,8.006,0.00025,4.003,0.00012,39.23,0.154,0.00,0.00,48.04,0.0015,0.00,0.00,0.00,0.00,0.00,5.604,0.00,0.00,0.0039
-93.77057390,42.02255047,G,TaskName 6/2/2025 (GreenStar 4 Monitor),32%zidua/sharpen,439,6/2/2025,0.999,On,1109.0,13.75,0.00013,6.794,9.902,5.427,269.60,41.99,47.85,0,6,11.26,6/2/2025,Good,0.00,0.00,0.00,0.00,0.00,0.00,0.00,9.570,0.00023,4.785,0.00012,46.89,0.147,0.00,0.00,57.42,0.0014,0.00,0.00,0.00,0.00,0.00,6.699,0.00,0.00,0.0031
-93.77060512,42.02254985,G,TaskName 6/2/2025 (GreenStar 4 Monitor),32%zidua/sharpen,440,6/2/2025,1.001,On,1109.0,13.75,0.00013,5.976,8.770,5.507,270.16,41.99,51.59,0,6,9.956,6/2/2025,Over Target,0.00,0.00,0.00,0.00,0.00,0.00,0.00,10.32,0.00022,5.159,0.00011,50.56,0.140,0.00,0.00,61.91,0.0013,0.00,0.00,0.00,0.00,0.00,7.223,0.00,0.00,0.0028
-93.77063740,42.02255018,G,TaskName 6/2/2025 (GreenStar 4 Monitor),32%zidua/sharpen,441,6/2/2025,0.999,On,1109.0,13.75,0.00013,5.782,8.465,7.183,269.86,41.99,47.38,0,6,9.629,6/2/2025,Good,0.00,0.00,0.00,0.00,0.00,0.00,0.00,9.475,0.00020,4.738,9.890e-05,46.43,0.124,0.00,0.00,56.85,0.0012,0.00,0.00,0.00,0.00,0.00,6.633,0.00,0.00,0.0027
-93.77067217,42.02255009,G,TaskName 6/2/2025 (GreenStar 4 Monitor),32%zidua/sharpen,442,6/2/2025,0.996,On,1108.9,13.75,0.00013,6.285,9.177,5.219,270.16,41.99,42.74,0,6,10.47,6/2/2025,Good,0.00,0.00,0.00,0.00,0.00,0.00,0.00,8.548,0.00019,4.274,9.673e-05,41.89,0.121,0.00,0.00,51.29,0.0012,0.00,0.00,0.00,0.00,0.00,5.984,0.00,0.00,0.0029
-93.77070524,42.02254988,G,TaskName 6/2/2025 (GreenStar 4 Monitor),32%zidua/sharpen,443,6/2/2025,0.999,On,1109.1,13.75,0.00013,6.337,9.285,4.733,271.03,41.99,40.30,0,6,10.56,6/2/2025,Good,0.00,0.00,0.00,0.00,0.00,0.00,0.00,8.060,0.00018,4.030,9.228e-05,39.49,0.116,0.00,0.00,48.36,0.0011,0.00,0.00,0.00,0.00,0.00,5.642,0.00,0.00,0.0029
-93.77073900,42.02255002,G,TaskName 6/2/2025 (GreenStar 4 Monitor),32%zidua/sharpen,444,6/2/2025,1.006,On,1109.2,13.75,0.00013,6.081,8.974,6.915,272.05,41.99,42.07,0,6,10.14,6/2/2025,Good,0.00,0.00,0.00,0.00,0.00,0.00,0.00,8.414,0.00019,4.207,9.310e-05,41.23,0.117,0.00,0.00,50.48,0.0011,0.00,0.00,0.00,0.00,0.00,5.890,0.00,0.00,0.0028
-93.77077416,42.02255119,G,TaskName 6/2/2025 (GreenStar 4 Monitor),32%zidua/sharpen,445,6/2/2025,0.994,On,1109.4,13.75,0.00013,6.407,9.341,5.979,271.59,41.99,41.06,0,6,10.68,6/2/2025,Good,0.00,0.00,0.00,0.00,0.00,0.00,0.00,8.211,0.00019,4.106,9.458e-05,40.24,0.119,0.00,0.00,49.27,0.0011,0.00,0.00,0.00,0.00,0.00,5.748,0.00,0.00,0.0029
-93.77080801,42.02255241,G,TaskName 6/2/2025 (GreenStar 4 Monitor),32%zidua/sharpen,446,6/2/2025,1.006,On,1109.5,13.75,0.00013,6.470,9.545,4.970,270.30,41.99,40.17,0,6,10.78,6/2/2025,Good,0.00,0.00,0.00,0.00,0.00,0.00,0.00,8.034,0.00019,4.017,9.455e-05,39.37,0.119,0.00,0.00,48.20,0.0011,0.00,0.00,0.00,0.00,0.00,5.624,0.00,0.00,0.0030
-93.77084066,42.02255258,G,TaskName 6/2/2025 (GreenStar 4 Monitor),32%zidua/sharpen,447,6/2/2025,0.999,On,1109.5,13.75,0.00013,6.080,8.908,6.764,269.58,41.99,42.56,0,6,10.13,6/2/2025,Good,0.00,0.00,0.00,0.00,0.00,0.00,0.00,8.511,0.00019,4.256,9.349e-05,41.71,0.117,0.00,0.00,51.07,0.0011,0.00,0.00,0.00,0.00,0.00,5.958,0.00,0.00,0.0028
-93.77087403,42.02255262,G,TaskName 6/2/2025 (GreenStar 4 Monitor),32%zidua/sharpen,448,6/2/2025,1.000,On,1109.5,13.75,0.00013,6.126,8.983,5.780,268.80,41.99,43.76,0,6,10.21,6/2/2025,Good,0.00,0.00,0.00,0.00,0.00,0.00,0.00,8.752,0.00019,4.376,9.695e-05,42.89,0.122,0.00,0.00,52.51,0.0012,0.00,0.00,0.00,0.00,0.00,6.126,0.00,0.00,0.0028
-93.77090706,42.02255208,G,TaskName 6/2/2025 (GreenStar 4 Monitor),32%zidua/sharpen,449,6/2/2025,0.996,On,1109.5,13.75,0.00013,6.201,9.056,5.058,268.95,41.99,43.13,0,6,10.33,6/2/2025,Good,0.00,0.00,0.00,0.00,0.00,0.00,0.00,8.626,0.00019,4.313,9.631e-05,42.27,0.121,0.00,0.00,51.75,0.0012,0.00,0.00,0.00,0.00,0.00,6.038,0.00,0.00,0.0029
-93.77094058,42.02255136,G,TaskName 6/2/2025 (GreenStar 4 Monitor),32%zidua/sharpen,450,6/2/2025,0.999,On,1109.5,13.75,0.00013,6.133,8.987,5.712,269.28,41.99,43.57,0,6,10.22,6/2/2025,Good,0.00,0.00,0.00,0.00,0.00,0.00,0.00,8.714,0.00019,4.357,9.656e-05,42.70,0.121,0.00,0.00,52.28,0.0012,0.00,0.00,0.00,0.00,0.00,6.100,0.00,0.00,0.0028
-93.77097418,42.02255108,G,TaskName 6/2/2025 (GreenStar 4 Monitor),32%zidua/sharpen,451,6/2/2025,1.001,On,1109.6,13.75,0.00013,6.191,9.088,6.105,268.96,41.99,43.32,0,6,10.32,6/2/2025,Good,0.00,0.00,0.00,0.00,0.00,0.00,0.00,8.665,0.00019,4.332,9.710e-05,42.46,0.122,0.00,0.00,51.99,0.0012,0.00,0.00,0.00,0.00,0.00,6.065,0.00,0.00,0.0029
-93.77100860,42.02255051,G,TaskName 6/2/2025 (GreenStar 4 Monitor),32%zidua/sharpen,452,6/2/2025,0.995,On,1109.7,13.75,0.00013,6.335,9.243,5.139,269.37,41.99,42.29,0,6,10.56,6/2/2025,Good,0.00,0.00,0.00,0.00,0.00,0.00,0.00,8.458,0.00019,4.229,9.640e-05,41.45,0.121,0.00,0.00,50.75,0.0012,0.00,0.00,0.00,0.00,0.00,5.921,0.00,0.00,0.0029
-93.77104279,42.02254966,G,TaskName 6/2/2025 (GreenStar 4 Monitor),32%zidua/sharpen,453,6/2/2025,1.005,On,1109.8,13.75,0.00013,6.351,9.361,5.883,270.33,41.99,41.70,0,6,10.58,6/2/2025,Good,0.00,0.00,0.00,0.00,0.00,0.00,0.00,8.339,0.00019,4.170,9.625e-05,40.86,0.121,0.00,0.00,50.04,0.0012,0.00,0.00,0.00,0.00,0.00,5.838,0.00,0.00,0.0030
-93.77107705,42.02254973,G,TaskName 6/2/2025 (GreenStar 4 Monitor),32%zidua/sharpen,454,6/2/2025,0.999,On,1109.9,13.75,0.00013,6.339,9.289,5.942,269.91,41.99,42.02,0,6,10.57,6/2/2025,Good,0.00,0.00,0.00,0.00,0.00,0.00,0.00,8.405,0.00019,4.202,9.626e-05,41.18,0.121,0.00,0.00,50.43,0.0012,0.00,0.00,0.00,0.00,0.00,5.883,0.00,0.00,0.0029
-93.77111026,42.02255001,G,TaskName 6/2/2025 (GreenStar 4 Monitor),32%zidua/sharpen,455,6/2/2025,1.000,On,1109.9,13.75,0.00013,6.291,9.226,4.875,269.17,41.99,42.03,0,6,10.48,6/2/2025,Good,0.00,0.00,0.00,0.00,0.00,0.00,0.00,8.407,0.00019,4.203,9.564e-05,41.19,0.120,0.00,0.00,50.44,0.0011,0.00,0.00,0.00,0.00,0.00,5.885,0.00,0.00,0.0029
-93.77114263,42.02254954,G,TaskName 6/2/2025 (GreenStar 4 Monitor),32%zidua/sharpen,456,6/2/2025,1.001,On,1110.1,13.75,0.00013,6.027,8.839,5.980,269.39,41.99,43.64,0,6,10.03,6/2/2025,Good,0.00,0.00,0.00,0.00,0.00,0.00,0.00,8.728,0.00019,4.364,9.512e-05,42.77,0.119,0.00,0.00,52.37,0.0011,0.00,0.00,0.00,0.00,0.00,6.110,0.00,0.00,0.0028
-93.77117641,42.02254924,G,TaskName 6/2/2025 (GreenStar 4 Monitor),32%zidua/sharpen,457,6/2/2025,0.995,On,1110.2,13.75,0.00013,6.136,8.961,5.790,269.37,41.99,43.73,0,6,10.23,6/2/2025,Good,0.00,0.00,0.00,0.00,0.00,0.00,0.00,8.746,0.00019,4.373,9.664e-05,42.86,0.121,0.00,0.00,52.48,0.0012,0.00,0.00,0.00,0.00,0.00,6.122,0.00,0.00,0.0028
-93.77120852,42.02254903,G,TaskName 6/2/2025 (GreenStar 4 Monitor),32%zidua/sharpen,458,6/2/2025,1.005,On,1110.3,13.75,0.00013,6.160,9.069,5.360,269.24,41.99,42.73,0,6,10.25,6/2/2025,Good,0.00,0.00,0.00,0.00,0.00,0.00,0.00,8.546,0.00019,4.273,9.557e-05,41.88,0.120,0.00,0.00,51.28,0.0011,0.00,0.00,0.00,0.00,0.00,5.982,0.00,0.00,0.0029
-93.77124168,42.02254858,G,TaskName 6/2/2025 (GreenStar 4 Monitor),32%zidua/sharpen,459,6/2/2025,0.999,On,1110.4,13.75,0.00013,6.003,8.803,6.288,269.39,41.99,44.12,0,6,10.01,6/2/2025,Good,0.00,0.00,0.00,0.00,0.00,0.00,0.00,8.825,0.00019,4.412,9.579e-05,43.24,0.120,0.00,0.00,52.95,0.0011,0.00,0.00,0.00,0.00,0.00,6.177,0.00,0.00,0.0028
-93.77127514,42.02254826,G,TaskName 6/2/2025 (GreenStar 4 Monitor),32%zidua/sharpen,460,6/2/2025,0.996,On,1110.6,13.75,0.00013,6.186,9.036,5.580,269.54,41.99,42.90,0,6,10.31,6/2/2025,Good,0.00,0.00,0.00,0.00,0.00,0.00,0.00,8.580,0.00019,4.290,9.560e-05,42.04,0.120,0.00,0.00,51.48,0.0011,0.00,0.00,0.00,0.00,0.00,6.006,0.00,0.00,0.0029
-93.77130873,42.02254811,G,TaskName 6/2/2025 (GreenStar 4 Monitor),32%zidua/sharpen,461,6/2/2025,1.004,On,1110.7,13.75,0.00013,6.191,9.115,6.240,269.42,41.99,42.78,0,6,10.32,6/2/2025,Good,0.00,0.00,0.00,0.00,0.00,0.00,0.00,8.556,0.00019,4.278,9.616e-05,41.92,0.121,0.00,0.00,51.33,0.0012,0.00,0.00,0.00,0.00,0.00,5.989,0.00,0.00,0.0029
-93.77134215,42.02254794,G,TaskName 6/2/2025 (GreenStar 4 Monitor),32%zidua/sharpen,462,6/2/2025,1.001,On,1111.0,13.75,0.00013,6.233,9.151,5.320,269.30,41.99,42.14,0,6,10.39,6/2/2025,Good,0.00,0.00,0.00,0.00,0.00,0.00,0.00,8.429,0.00019,4.214,9.510e-05,41.30,0.119,0.00,0.00,50.57,0.0011,0.00,0.00,0.00,0.00,0.00,5.900,0.00,0.00,0.0029
-93.77137531,42.02254771,G,TaskName 6/2/2025 (GreenStar 4 Monitor),32%zidua/sharpen,463,6/2/2025,0.999,On,1111.3,13.75,0.00013,6.195,9.079,4.672,269.28,41.99,42.32,0,6,10.33,6/2/2025,Good,0.00,0.00,0.00,0.00,0.00,0.00,0.00,8.464,0.00019,4.232,9.475e-05,41.47,0.119,0.00,0.00,50.78,0.0011,0.00,0.00,0.00,0.00,0.00,5.925,0.00,0.00,0.0029
-93.77140716,42.02254729,G,TaskName 6/2/2025 (GreenStar 4 Monitor),32%zidua/sharpen,464,6/2/2025,1.001,On,1111.5,13.75,0.00013,5.982,8.780,5.923,269.49,41.99,43.12,0,6,9.967,6/2/2025,Good,0.00,0.00,0.00,0.00,0.00,0.00,0.00,8.624,0.00019,4.312,9.337e-05,42.26,0.117,0.00,0.00,51.75,0.0011,0.00,0.00,0.00,0.00,0.00,6.037,0.00,0.00,0.0028
-93.77143877,42.02254703,G,TaskName 6/2/2025 (GreenStar 4 Monitor),32%zidua/sharpen,465,6/2/2025,0.999,On,1111.9,13.75,0.00013,5.926,8.682,4.811,269.57,41.99,44.30,0,6,9.875,6/2/2025,Good,0.00,0.00,0.00,0.00,0.00,0.00,0.00,8.860,0.00019,4.430,9.485e-05,43.42,0.119,0.00,0.00,53.16,0.0011,0.00,0.00,0.00,0.00,0.00,6.202,0.00,0.00,0.0027
-93.77146384,42.02254680,G,TaskName 6/2/2025 (GreenStar 4 Monitor),32%zidua/sharpen,466,6/2/2025,1.001,On,1112.1,13.75,0.00013,5.454,7.983,3.537,269.70,41.99,44.75,0,6,9.062,6/2/2025,Good,0.00,0.00,0.00,0.00,0.00,0.00,0.00,8.950,0.00018,4.475,8.809e-05,43.85,0.111,0.00,0.00,53.70,0.0011,0.00,0.00,0.00,0.00,0.00,6.265,0.00,0.00,0.0025
-93.77148757,42.02254649,G,TaskName 6/2/2025 (GreenStar 4 Monitor),32%zidua/sharpen,467,6/2/2025,0.999,On,1112.5,13.75,0.00013,4.455,6.529,5.103,269.83,41.99,45.62,0,6,7.427,6/2/2025,Good,0.00,0.00,0.00,0.00,0.00,0.00,0.00,9.124,0.00015,4.562,7.346e-05,44.71,0.092,0.00,0.00,54.75,0.00088,0.00,0.00,0.00,0.00,0.00,6.387,0.00,0.00,0.0021
-93.77149929,42.02254651,G,TaskName 6/2/2025 (GreenStar 4 Monitor),32%zidua/sharpen,468,6/2/2025,0.600,On,1112.6,13.75,0.00013,4.303,3.784,2.669,269.80,41.99,45.07,0,6,7.166,6/2/2025,Good,0.00,0.00,0.00,0.00,0.00,0.00,0.00,9.014,8.411e-05,4.507,4.206e-05,44.17,0.053,0.00,0.00,54.08,0.00050,0.00,0.00,0.00,0.00,0.00,6.310,0.00,0.00,0.0012
-93.77146960,42.02203999,G,TaskName 5/17/2025 (GreenStar 4 Monitor),Outlook/agsaver/sharpen,1,5/17/2025,1.000,On,1113.8,121.25,0.00,5.060,7.402,5.388,94.19,19.99,19.46,0,1,74.17,5/17/2025,Good,0.00,0.00,0.00,0.00,0.00,0.00,0.00,3.891,0.00063,1.946,0.00031,19.07,0.393,0.00,0.00,23.35,0.0038,0.00,0.00,0.00,0.00,0.00,2.724,0.00,0.00,0.021
-93.77143894,42.02203784,G,TaskName 5/17/2025 (GreenStar 4 Monitor),Outlook/agsaver/sharpen,2,5/17/2025,1.000,On,1113.9,121.25,0.00,5.566,8.163,6.460,91.79,19.99,20.19,0,1,81.80,5/17/2025,Good,0.00,0.00,0.00,0.00,0.00,0.00,0.00,4.037,0.00072,2.019,0.00036,19.78,0.449,0.00,0.00,24.22,0.0043,0.00,0.00,0.00,0.00,0.00,2.826,0.00,0.00,0.023
-93.77140402,42.02203683,G,TaskName 5/17/2025 (GreenStar 4 Monitor),Outlook/agsaver/sharpen,3,5/17/2025,0.999,On,1113.6,121.25,0.00,6.131,8.970,5.467,90.40,19.99,20.24,0,1,89.97,5/17/2025,Good,0.00,0.00,0.00,0.00,0.00,0.00,0.00,4.049,0.00079,2.024,0.00039,19.84,0.495,0.00,0.00,24.29,0.0047,0.00,0.00,0.00,0.00,0.00,2.834,0.00,0.00,0.025
-93.77137280,42.02203673,G,TaskName 5/17/2025 (GreenStar 4 Monitor),Outlook/agsaver/sharpen,4,5/17/2025,1.001,On,1113.6,121.25,0.00,6.226,9.134,3.630,89.59,19.99,19.84,0,1,91.44,5/17/2025,Good,0.00,0.00,0.00,0.00,0.00,0.00,0.00,3.968,0.00079,1.984,0.00039,19.44,0.494,0.00,0.00,23.81,0.0047,0.00,0.00,0.00,0.00,0.00,2.777,0.00,0.00,0.025
-93.77134415,42.02203695,G,TaskName 5/17/2025 (GreenStar 4 Monitor),Outlook/agsaver/sharpen,5,5/17/2025,0.999,On,1113.4,121.25,0.00,5.529,8.097,4.849,89.61,19.99,20.24,0,1,81.22,5/17/2025,Good,0.00,0.00,0.00,0.00,0.00,0.00,0.00,4.049,0.00071,2.024,0.00036,19.84,0.447,0.00,0.00,24.29,0.0043,0.00,0.00,0.00,0.00,0.00,2.834,0.00,0.00,0.023
-93.77131490,42.02203737,G,TaskName 5/17/2025 (GreenStar 4 Monitor),Outlook/agsaver/sharpen,6,5/17/2025,1.001,On,1113.4,121.25,0.00,5.295,7.772,7.127,89.23,19.99,20.21,0,1,77.81,5/17/2025,Good,0.00,0.00,0.00,0.00,0.00,0.00,0.00,4.042,0.00068,2.021,0.00034,19.80,0.428,0.00,0.00,24.25,0.0041,0.00,0.00,0.00,0.00,0.00,2.829,0.00,0.00,0.022
-93.77127589,42.02203751,G,TaskName 5/17/2025 (GreenStar 4 Monitor),Outlook/agsaver/sharpen,7,5/17/2025,1.000,On,1113.5,121.25,0.00,6.146,8.950,9.724,87.91,19.99,20.12,0,1,89.69,5/17/2025,Good,0.00,0.00,0.00,0.00,0.00,0.00,0.00,4.024,0.00078,2.012,0.00039,19.72,0.491,0.00,0.00,24.14,0.0047,0.00,0.00,0.00,0.00,0.00,2.817,0.00,0.00,0.025
-93.77123454,42.02203826,G,TaskName 5/17/2025 (GreenStar 4 Monitor),Outlook/agsaver/sharpen,8,5/17/2025,1.000,On,1113.4,121.25,0.00,7.558,11.08,5.462,86.11,19.99,19.45,0,1,111.06,5/17/2025,Good,0.00,0.00,0.00,0.00,0.00,0.00,0.00,3.890,0.00094,1.945,0.00047,19.06,0.588,0.00,0.00,23.34,0.0056,0.00,0.00,0.00,0.00,0.00,2.723,0.00,0.00,0.031
-93.77119308,42.02204039,G,TaskName 5/17/2025 (GreenStar 4 Monitor),Outlook/agsaver/sharpen,9,5/17/2025,1.000,On,1113.4,121.25,0.00,7.595,11.14,7.556,86.95,19.99,19.82,0,1,111.58,5/17/2025,Good,0.00,0.00,0.00,0.00,0.00,0.00,0.00,3.965,0.00096,1.982,0.00048,19.43,0.602,0.00,0.00,23.79,0.0058,0.00,0.00,0.00,0.00,0.00,2.775,0.00,0.00,0.031
-93.77114974,42.02204284,G,TaskName 5/17/2025 (GreenStar 4 Monitor),Outlook/agsaver/sharpen,10,5/17/2025,1.000,On,1113.3,121.25,0.00,7.897,11.57,6.129,88.66,19.99,19.76,0,1,115.92,5/17/2025,Good,0.00,0.00,0.00,0.00,0.00,0.00,0.00,3.952,0.00099,1.976,0.00050,19.37,0.624,0.00,0.00,23.71,0.0060,0.00,0.00,0.00,0.00,0.00,2.767,0.00,0.00,0.032
-93.77110662,42.02204364,G,TaskName 5/17/2025 (GreenStar 4 Monitor),Outlook/agsaver/sharpen,11,5/17/2025,0.999,On,1113.1,121.25,0.00,8.014,11.76,6.099,88.15,19.99,19.83,0,1,117.91,5/17/2025,Good,0.00,0.00,0.00,0.00,0.00,0.00,0.00,3.966,0.0010,1.983,0.00051,19.43,0.636,0.00,0.00,23.80,0.0061,0.00,0.00,0.00,0.00,0.00,2.776,0.00,0.00,0.033
-93.77106354,42.02204462,G,TaskName 5/17/2025 (GreenStar 4 Monitor),Outlook/agsaver/sharpen,12,5/17/2025,1.001,On,1113.0,121.25,0.00,8.004,11.75,6.490,87.63,19.99,19.97,0,1,117.61,5/17/2025,Good,0.00,0.00,0.00,0.00,0.00,0.00,0.00,3.995,0.0010,1.997,0.00051,19.57,0.640,0.00,0.00,23.97,0.0061,0.00,0.00,0.00,0.00,0.00,2.796,0.00,0.00,0.033
-93.77101995,42.02204640,G,TaskName 5/17/2025 (GreenStar 4 Monitor),Outlook/agsaver/sharpen,13,5/17/2025,1.000,On,1112.8,121.25,0.00,8.026,11.77,6.135,88.65,19.99,19.99,0,1,117.96,5/17/2025,Good,0.00,0.00,0.00,0.00,0.00,0.00,0.00,3.998,0.0010,1.999,0.00051,19.59,0.642,0.00,0.00,23.99,0.0061,0.00,0.00,0.00,0.00,0.00,2.799,0.00,0.00,0.033
-93.77097628,42.02204755,G,TaskName 5/17/2025 (GreenStar 4 Monitor),Outlook/agsaver/sharpen,14,5/17/2025,0.999,On,1112.6,121.25,0.00,8.075,11.83,6.048,89.40,19.99,19.96,0,1,118.70,5/17/2025,Good,0.00,0.00,0.00,0.00,0.00,0.00,0.00,3.992,0.0010,1.996,0.00051,19.56,0.644,0.00,0.00,23.95,0.0062,0.00,0.00,0.00,0.00,0.00,2.794,0.00,0.00,0.033
-93.77093240,42.02204786,G,TaskName 5/17/2025 (GreenStar 4 Monitor),Outlook/agsaver/sharpen,15,5/17/2025,1.001,On,1112.4,121.25,0.00,8.119,11.92,5.683,88.72,19.99,19.96,0,1,119.32,5/17/2025,Good,0.00,0.00,0.00,0.00,0.00,0.00,0.00,3.992,0.0010,1.996,0.00052,19.56,0.649,0.00,0.00,23.95,0.0062,0.00,0.00,0.00,0.00,0.00,2.795,0.00,0.00,0.033
-93.77088840,42.02204866,G,TaskName 5/17/2025 (GreenStar 4 Monitor),Outlook/agsaver/sharpen,16,5/17/2025,0.999,On,1112.3,121.25,0.00,8.163,11.96,5.922,88.90,19.99,20.10,0,1,119.95,5/17/2025,Good,0.00,0.00,0.00,0.00,0.00,0.00,0.00,4.020,0.0010,2.010,0.00052,19.70,0.656,0.00,0.00,24.12,0.0063,0.00,0.00,0.00,0.00,0.00,2.814,0.00,0.00,0.033
-93.77084429,42.02204990,G,TaskName 5/17/2025 (GreenStar 4 Monitor),Outlook/agsaver/sharpen,17,5/17/2025,1.001,On,1112.1,121.25,0.00,8.150,11.96,5.924,90.01,19.99,20.38,0,1,119.75,5/17/2025,Good,0.00,0.00,0.00,0.00,0.00,0.00,0.00,4.075,0.0011,2.038,0.00053,19.97,0.665,0.00,0.00,24.45,0.0064,0.00,0.00,0.00,0.00,0.00,2.853,0.00,0.00,0.033
-93.77079996,42.02204971,G,TaskName 5/17/2025 (GreenStar 4 Monitor),Outlook/agsaver/sharpen,18,5/17/2025,1.000,On,1112.0,121.25,0.00,8.188,12.01,5.048,88.96,19.99,20.31,0,1,120.33,5/17/2025,Good,0.00,0.00,0.00,0.00,0.00,0.00,0.00,4.062,0.0011,2.031,0.00053,19.90,0.665,0.00,0.00,24.37,0.0064,0.00,0.00,0.00,0.00,0.00,2.844,0.00,0.00,0.033
-93.77075617,42.02204994,G,TaskName 5/17/2025 (GreenStar 4 Monitor),Outlook/agsaver/sharpen,19,5/17/2025,0.995,On,1111.8,121.25,0.00,8.159,11.90,5.711,87.53,19.99,20.52,0,1,119.87,5/17/2025,Good,0.00,0.00,0.00,0.00,0.00,0.00,0.00,4.103,0.0011,2.052,0.00053,20.11,0.666,0.00,0.00,24.62,0.0064,0.00,0.00,0.00,0.00,0.00,2.872,0.00,0.00,0.033
-93.77071229,42.02205132,G,TaskName 5/17/2025 (GreenStar 4 Monitor),Outlook/agsaver/sharpen,20,5/17/2025,1.000,On,1111.6,121.25,0.00,8.136,11.92,5.577,87.15,19.99,20.49,0,1,119.44,5/17/2025,Good,0.00,0.00,0.00,0.00,0.00,0.00,0.00,4.097,0.0011,2.049,0.00053,20.08,0.666,0.00,0.00,24.58,0.0064,0.00,0.00,0.00,0.00,0.00,2.868,0.00,0.00,0.033
-93.77066868,42.02205312,G,TaskName 5/17/2025 (GreenStar 4 Monitor),Outlook/agsaver/sharpen,21,5/17/2025,1.005,On,1111.5,121.25,0.00,8.110,11.97,5.273,87.50,19.99,20.24,0,1,119.34,5/17/2025,Good,0.00,0.00,0.00,0.00,0.00,0.00,0.00,4.048,0.0011,2.024,0.00053,19.83,0.661,0.00,0.00,24.29,0.0063,0.00,0.00,0.00,0.00,0.00,2.833,0.00,0.00,0.033
-93.77062539,42.02205453,G,TaskName 5/17/2025 (GreenStar 4 Monitor),Outlook/agsaver/sharpen,22,5/17/2025,1.000,On,1111.5,121.25,0.00,8.082,11.85,5.468,87.31,19.99,20.03,0,1,118.78,5/17/2025,Good,0.00,0.00,0.00,0.00,0.00,0.00,0.00,4.007,0.0010,2.003,0.00052,19.63,0.648,0.00,0.00,24.04,0.0062,0.00,0.00,0.00,0.00,0.00,2.805,0.00,0.00,0.033
-93.77058213,42.02205592,G,TaskName 5/17/2025 (GreenStar 4 Monitor),Outlook/agsaver/sharpen,23,5/17/2025,0.995,On,1111.6,121.25,0.00,8.022,11.70,5.534,87.35,19.99,19.90,0,1,117.83,5/17/2025,Good,0.00,0.00,0.00,0.00,0.00,0.00,0.00,3.980,0.0010,1.990,0.00051,19.50,0.635,0.00,0.00,23.88,0.0061,0.00,0.00,0.00,0.00,0.00,2.786,0.00,0.00,0.033
-93.77053898,42.02205740,G,TaskName 5/17/2025 (GreenStar 4 Monitor),Outlook/agsaver/sharpen,24,5/17/2025,0.999,On,1111.5,121.25,0.00,8.037,11.79,5.252,87.98,19.99,19.92,0,1,118.24,5/17/2025,Good,0.00,0.00,0.00,0.00,0.00,0.00,0.00,3.984,0.0010,1.992,0.00051,19.52,0.641,0.00,0.00,23.90,0.0061,0.00,0.00,0.00,0.00,0.00,2.789,0.00,0.00,0.033
-93.77049552,42.02205887,G,TaskName 5/17/2025 (GreenStar 4 Monitor),Outlook/agsaver/sharpen,25,5/17/2025,1.006,On,1111.4,121.25,0.00,8.016,11.81,5.745,89.60,19.99,20.12,0,1,117.68,5/17/2025,Good,0.00,0.00,0.00,0.00,0.00,0.00,0.00,4.024,0.0010,2.012,0.00052,19.72,0.648,0.00,0.00,24.14,0.0062,0.00,0.00,0.00,0.00,0.00,2.817,0.00,0.00,0.033
-93.77045199,42.02205919,G,TaskName 5/17/2025 (GreenStar 4 Monitor),Outlook/agsaver/sharpen,26,5/17/2025,0.994,On,1111.2,121.25,0.00,8.077,11.78,5.452,89.80,19.99,19.92,0,1,118.80,5/17/2025,Good,0.00,0.00,0.00,0.00,0.00,0.00,0.00,3.984,0.0010,1.992,0.00051,19.52,0.640,0.00,0.00,23.91,0.0061,0.00,0.00,0.00,0.00,0.00,2.789,0.00,0.00,0.033
-93.77040821,42.02205884,G,TaskName 5/17/2025 (GreenStar 4 Monitor),Outlook/agsaver/sharpen,27,5/17/2025,1.001,On,1111.2,121.25,0.00,8.065,11.84,5.152,89.27,19.99,19.91,0,1,118.50,5/17/2025,Good,0.00,0.00,0.00,0.00,0.00,0.00,0.00,3.982,0.0010,1.991,0.00051,19.51,0.643,0.00,0.00,23.89,0.0061,0.00,0.00,0.00,0.00,0.00,2.787,0.00,0.00,0.033
-93.77036500,42.02205923,G,TaskName 5/17/2025 (GreenStar 4 Monitor),Outlook/agsaver/sharpen,28,5/17/2025,0.999,On,1111.3,121.25,0.00,8.051,11.80,4.980,89.56,19.99,19.77,0,1,118.34,5/17/2025,Good,0.00,0.00,0.00,0.00,0.00,0.00,0.00,3.953,0.0010,1.977,0.00051,19.37,0.636,0.00,0.00,23.72,0.0061,0.00,0.00,0.00,0.00,0.00,2.767,0.00,0.00,0.033
-93.77032233,42.02205909,G,TaskName 5/17/2025 (GreenStar 4 Monitor),Outlook/agsaver/sharpen,29,5/17/2025,1.001,On,1111.4,121.25,0.00,7.955,11.67,5.595,88.85,19.99,19.92,0,1,116.79,5/17/2025,Good,0.00,0.00,0.00,0.00,0.00,0.00,0.00,3.983,0.0010,1.992,0.00051,19.52,0.634,0.00,0.00,23.90,0.0061,0.00,0.00,0.00,0.00,0.00,2.788,0.00,0.00,0.032
-93.77027938,42.02205943,G,TaskName 5/17/2025 (GreenStar 4 Monitor),Outlook/agsaver/sharpen,30,5/17/2025,1.000,On,1111.5,121.25,0.00,7.931,11.64,6.053,88.24,19.99,20.21,0,1,116.68,5/17/2025,Good,0.00,0.00,0.00,0.00,0.00,0.00,0.00,4.042,0.0010,2.021,0.00051,19.81,0.642,0.00,0.00,24.25,0.0061,0.00,0.00,0.00,0.00,0.00,2.830,0.00,0.00,0.032
-93.77023640,42.02206062,G,TaskName 5/17/2025 (GreenStar 4 Monitor),Outlook/agsaver/sharpen,31,5/17/2025,1.000,On,1111.5,121.25,0.00,7.976,11.70,5.742,88.95,19.99,20.28,0,1,117.21,5/17/2025,Good,0.00,0.00,0.00,0.00,0.00,0.00,0.00,4.056,0.0010,2.028,0.00052,19.88,0.647,0.00,0.00,24.34,0.0062,0.00,0.00,0.00,0.00,0.00,2.839,0.00,0.00,0.033
-93.77019305,42.02206135,G,TaskName 5/17/2025 (GreenStar 4 Monitor),Outlook/agsaver/sharpen,32,5/17/2025,0.999,On,1111.5,121.25,0.00,8.004,11.72,5.622,89.61,19.99,20.27,0,1,117.59,5/17/2025,Good,0.00,0.00,0.00,0.00,0.00,0.00,0.00,4.054,0.0010,2.027,0.00052,19.86,0.648,0.00,0.00,24.32,0.0062,0.00,0.00,0.00,0.00,0.00,2.838,0.00,0.00,0.033
-93.77014985,42.02206151,G,TaskName 5/17/2025 (GreenStar 4 Monitor),Outlook/agsaver/sharpen,33,5/17/2025,1.001,On,1111.5,121.25,0.00,8.006,11.75,5.669,89.42,19.99,20.27,0,1,117.65,5/17/2025,Good,0.00,0.00,0.00,0.00,0.00,0.00,0.00,4.054,0.0010,2.027,0.00052,19.86,0.650,0.00,0.00,24.32,0.0062,0.00,0.00,0.00,0.00,0.00,2.837,0.00,0.00,0.033
-93.77010655,42.02206171,G,TaskName 5/17/2025 (GreenStar 4 Monitor),Outlook/agsaver/sharpen,34,5/17/2025,1.000,On,1111.6,121.25,0.00,8.022,11.77,4.994,89.68,19.99,19.99,0,1,117.90,5/17/2025,Good,0.00,0.00,0.00,0.00,0.00,0.00,0.00,3.997,0.0010,1.999,0.00051,19.59,0.641,0.00,0.00,23.98,0.0061,0.00,0.00,0.00,0.00,0.00,2.798,0.00,0.00,0.033
-93.77006334,42.02206197,G,TaskName 5/17/2025 (GreenStar 4 Monitor),Outlook/agsaver/sharpen,35,5/17/2025,1.000,On,1111.7,121.25,0.00,8.024,11.76,5.033,89.71,19.99,20.02,0,1,117.83,5/17/2025,Good,0.00,0.00,0.00,0.00,0.00,0.00,0.00,4.005,0.0010,2.002,0.00051,19.62,0.642,0.00,0.00,24.03,0.0061,0.00,0.00,0.00,0.00,0.00,2.803,0.00,0.00,0.033
-93.77002029,42.02206202,G,TaskName 5/17/2025 (GreenStar 4 Monitor),Outlook/agsaver/sharpen,36,5/17/2025,1.000,On,1111.7,121.25,0.00,7.973,11.71,5.329,89.39,19.99,19.94,0,1,117.31,5/17/2025,Good,0.00,0.00,0.00,0.00,0.00,0.00,0.00,3.988,0.0010,1.994,0.00051,19.54,0.637,0.00,0.00,23.93,0.0061,0.00,0.00,0.00,0.00,0.00,2.792,0.00,0.00,0.033
-93.76997713,42.02206238,G,TaskName 5/17/2025 (GreenStar 4 Monitor),Outlook/agsaver/sharpen,37,5/17/2025,1.000,On,1111.7,121.25,0.00,7.985,11.70,5.286,89.24,19.99,20.00,0,1,117.24,5/17/2025,Good,0.00,0.00,0.00,0.00,0.00,0.00,0.00,4.001,0.0010,2.000,0.00051,19.60,0.638,0.00,0.00,24.01,0.0061,0.00,0.00,0.00,0.00,0.00,2.801,0.00,0.00,0.033
-93.76993403,42.02206262,G,TaskName 5/17/2025 (GreenStar 4 Monitor),Outlook/agsaver/sharpen,38,5/17/2025,1.000,On,1111.8,121.25,0.00,7.999,11.74,5.170,88.88,19.99,19.98,0,1,117.63,5/17/2025,Good,0.00,0.00,0.00,0.00,0.00,0.00,0.00,3.996,0.0010,1.998,0.00051,19.58,0.640,0.00,0.00,23.97,0.0061,0.00,0.00,0.00,0.00,0.00,2.797,0.00,0.00,0.033
-93.76989104,42.02206318,G,TaskName 5/17/2025 (GreenStar 4 Monitor),Outlook/agsaver/sharpen,39,5/17/2025,0.999,On,1111.8,121.25,0.00,7.991,11.71,5.110,88.42,19.99,19.94,0,1,117.42,5/17/2025,Good,0.00,0.00,0.00,0.00,0.00,0.00,0.00,3.989,0.0010,1.994,0.00051,19.54,0.637,0.00,0.00,23.93,0.0061,0.00,0.00,0.00,0.00,0.00,2.792,0.00,0.00,0.033
-93.76984813,42.02206382,G,TaskName 5/17/2025 (GreenStar 4 Monitor),Outlook/agsaver/sharpen,40,5/17/2025,1.001,On,1111.8,121.25,0.00,7.960,11.69,5.782,87.52,19.99,20.08,0,1,116.99,5/17/2025,Good,0.00,0.00,0.00,0.00,0.00,0.00,0.00,4.016,0.0010,2.008,0.00051,19.68,0.640,0.00,0.00,24.10,0.0061,0.00,0.00,0.00,0.00,0.00,2.811,0.00,0.00,0.033
-93.76980502,42.02206511,G,TaskName 5/17/2025 (GreenStar 4 Monitor),Outlook/agsaver/sharpen,41,5/17/2025,1.000,On,1111.8,121.25,0.00,7.947,11.66,5.781,87.63,19.99,20.20,0,1,116.81,5/17/2025,Good,0.00,0.00,0.00,0.00,0.00,0.00,0.00,4.040,0.0010,2.020,0.00051,19.80,0.642,0.00,0.00,24.24,0.0061,0.00,0.00,0.00,0.00,0.00,2.828,0.00,0.00,0.032
-93.76976177,42.02206680,G,TaskName 5/17/2025 (GreenStar 4 Monitor),Outlook/agsaver/sharpen,42,5/17/2025,1.000,On,1111.8,121.25,0.00,8.004,11.74,5.641,87.95,19.99,20.10,0,1,117.63,5/17/2025,Good,0.00,0.00,0.00,0.00,0.00,0.00,0.00,4.020,0.0010,2.010,0.00051,19.70,0.644,0.00,0.00,24.12,0.0062,0.00,0.00,0.00,0.00,0.00,2.814,0.00,0.00,0.033
-93.76971845,42.02206725,G,TaskName 5/17/2025 (GreenStar 4 Monitor),Outlook/agsaver/sharpen,43,5/17/2025,0.999,On,1111.8,121.25,0.00,8.039,11.78,5.839,86.69,19.99,19.96,0,1,118.11,5/17/2025,Good,0.00,0.00,0.00,0.00,0.00,0.00,0.00,3.991,0.0010,1.996,0.00051,19.56,0.641,0.00,0.00,23.95,0.0061,0.00,0.00,0.00,0.00,0.00,2.794,0.00,0.00,0.033
-93.76967514,42.02206884,G,TaskName 5/17/2025 (GreenStar 4 Monitor),Outlook/agsaver/sharpen,44,5/17/2025,1.000,On,1111.7,121.25,0.00,8.008,11.75,5.740,86.46,19.99,19.94,0,1,117.70,5/17/2025,Good,0.00,0.00,0.00,0.00,0.00,0.00,0.00,3.989,0.0010,1.994,0.00051,19.55,0.639,0.00,0.00,23.93,0.0061,0.00,0.00,0.00,0.00,0.00,2.792,0.00,0.00,0.033
-93.76963173,42.02207123,G,TaskName 5/17/2025 (GreenStar 4 Monitor),Outlook/agsaver/sharpen,45,5/17/2025,0.996,On,1111.7,121.25,0.00,8.045,11.75,5.216,87.50,19.99,19.96,0,1,118.21,5/17/2025,Good,0.00,0.00,0.00,0.00,0.00,0.00,0.00,3.993,0.0010,1.996,0.00051,19.56,0.640,0.00,0.00,23.96,0.0061,0.00,0.00,0.00,0.00,0.00,2.795,0.00,0.00,0.033
-93.76958846,42.02207287,G,TaskName 5/17/2025 (GreenStar 4 Monitor),Outlook/agsaver/sharpen,46,5/17/2025,1.005,On,1111.6,121.25,0.00,8.058,11.87,5.860,87.88,19.99,20.00,0,1,118.32,5/17/2025,Good,0.00,0.00,0.00,0.00,0.00,0.00,0.00,3.999,0.0010,2.000,0.00052,19.60,0.647,0.00,0.00,24.00,0.0062,0.00,0.00,0.00,0.00,0.00,2.800,0.00,0.00,0.033
-93.76954491,42.02207419,G,TaskName 5/17/2025 (GreenStar 4 Monitor),Outlook/agsaver/sharpen,47,5/17/2025,0.996,On,1111.5,121.25,0.00,8.051,11.78,5.726,87.98,19.99,20.14,0,1,118.47,5/17/2025,Good,0.00,0.00,0.00,0.00,0.00,0.00,0.00,4.028,0.0010,2.014,0.00052,19.74,0.647,0.00,0.00,24.17,0.0062,0.00,0.00,0.00,0.00,0.00,2.820,0.00,0.00,0.033
-93.76950106,42.02207505,G,TaskName 5/17/2025 (GreenStar 4 Monitor),Outlook/agsaver/sharpen,48,5/17/2025,1.004,On,1111.4,121.25,0.00,8.091,11.91,4.938,88.13,19.99,20.24,0,1,118.90,5/17/2025,Good,0.00,0.00,0.00,0.00,0.00,0.00,0.00,4.048,0.0010,2.024,0.00052,19.84,0.658,0.00,0.00,24.29,0.0063,0.00,0.00,0.00,0.00,0.00,2.834,0.00,0.00,0.033
-93.76945770,42.02207606,G,TaskName 5/17/2025 (GreenStar 4 Monitor),Outlook/agsaver/sharpen,49,5/17/2025,1.000,On,1111.4,121.25,0.00,8.109,11.88,4.695,88.88,19.99,20.15,0,1,119.05,5/17/2025,Good,0.00,0.00,0.00,0.00,0.00,0.00,0.00,4.030,0.0010,2.015,0.00052,19.75,0.653,0.00,0.00,24.18,0.0062,0.00,0.00,0.00,0.00,0.00,2.821,0.00,0.00,0.033
-93.76941476,42.02207670,G,TaskName 5/17/2025 (GreenStar 4 Monitor),Outlook/agsaver/sharpen,50,5/17/2025,1.000,On,1111.7,121.25,0.00,7.997,11.73,5.645,90.04,19.99,20.16,0,1,117.54,5/17/2025,Good,0.00,0.00,0.00,0.00,0.00,0.00,0.00,4.031,0.0010,2.016,0.00051,19.75,0.645,0.00,0.00,24.19,0.0062,0.00,0.00,0.00,0.00,0.00,2.822,0.00,0.00,0.033
-93.76937274,42.02207683,G,TaskName 5/17/2025 (GreenStar 4 Monitor),Outlook/agsaver/sharpen,51,5/17/2025,1.000,On,1112.0,121.25,0.00,7.872,11.54,6.804,90.33,19.99,20.37,0,1,115.66,5/17/2025,Good,0.00,0.00,0.00,0.00,0.00,0.00,0.00,4.073,0.0010,2.037,0.00051,19.96,0.641,0.00,0.00,24.44,0.0061,0.00,0.00,0.00,0.00,0.00,2.851,0.00,0.00,0.032
-93.76932990,42.02207685,G,TaskName 5/17/2025 (GreenStar 4 Monitor),Outlook/agsaver/sharpen,52,5/17/2025,1.000,On,1112.1,121.25,0.00,7.827,11.48,5.966,90.47,19.99,20.13,0,1,115.04,5/17/2025,Good,0.00,0.00,0.00,0.00,0.00,0.00,0.00,4.025,0.0010,2.013,0.00050,19.72,0.630,0.00,0.00,24.15,0.0060,0.00,0.00,0.00,0.00,0.00,2.818,0.00,0.00,0.032
-93.76928624,42.02207657,G,TaskName 5/17/2025 (GreenStar 4 Monitor),Outlook/agsaver/sharpen,53,5/17/2025,0.995,On,1112.1,121.25,0.00,8.033,11.74,5.365,90.65,19.99,20.00,0,1,118.19,5/17/2025,Good,0.00,0.00,0.00,0.00,0.00,0.00,0.00,4.000,0.0010,2.000,0.00051,19.60,0.640,0.00,0.00,24.00,0.0061,0.00,0.00,0.00,0.00,0.00,2.800,0.00,0.00,0.033
-93.76924292,42.02207673,G,TaskName 5/17/2025 (GreenStar 4 Monitor),Outlook/agsaver/sharpen,54,5/17/2025,1.000,On,1112.1,121.25,0.00,8.041,11.79,5.942,90.88,19.99,20.19,0,1,118.19,5/17/2025,Good,0.00,0.00,0.00,0.00,0.00,0.00,0.00,4.039,0.0010,2.019,0.00052,19.79,0.650,0.00,0.00,24.23,0.0062,0.00,0.00,0.00,0.00,0.00,2.827,0.00,0.00,0.033
-93.76919977,42.02207606,G,TaskName 5/17/2025 (GreenStar 4 Monitor),Outlook/agsaver/sharpen,55,5/17/2025,1.005,On,1112.3,121.25,0.00,8.012,11.81,5.932,89.99,19.99,20.08,0,1,117.74,5/17/2025,Good,0.00,0.00,0.00,0.00,0.00,0.00,0.00,4.015,0.0010,2.008,0.00052,19.68,0.647,0.00,0.00,24.09,0.0062,0.00,0.00,0.00,0.00,0.00,2.811,0.00,0.00,0.033
-93.76915694,42.02207567,G,TaskName 5/17/2025 (GreenStar 4 Monitor),Outlook/agsaver/sharpen,56,5/17/2025,0.995,On,1112.5,121.25,0.00,7.983,11.65,6.282,89.03,19.99,20.07,0,1,117.30,5/17/2025,Good,0.00,0.00,0.00,0.00,0.00,0.00,0.00,4.014,0.0010,2.007,0.00051,19.67,0.638,0.00,0.00,24.08,0.0061,0.00,0.00,0.00,0.00,0.00,2.810,0.00,0.00,0.032
-93.76911374,42.02207636,G,TaskName 5/17/2025 (GreenStar 4 Monitor),Outlook/agsaver/sharpen,57,5/17/2025,1.000,On,1112.7,121.25,0.00,7.950,11.66,6.113,90.05,19.99,19.98,0,1,116.81,5/17/2025,Good,0.00,0.00,0.00,0.00,0.00,0.00,0.00,3.995,0.0010,1.998,0.00051,19.58,0.635,0.00,0.00,23.97,0.0061,0.00,0.00,0.00,0.00,0.00,2.797,0.00,0.00,0.032
-93.76907075,42.02207681,G,TaskName 5/17/2025 (GreenStar 4 Monitor),Outlook/agsaver/sharpen,58,5/17/2025,0.999,On,1112.8,121.25,0.00,8.000,11.73,6.184,91.44,19.99,19.94,0,1,117.62,5/17/2025,Good,0.00,0.00,0.00,0.00,0.00,0.00,0.00,3.988,0.0010,1.994,0.00051,19.54,0.638,0.00,0.00,23.93,0.0061,0.00,0.00,0.00,0.00,0.00,2.792,0.00,0.00,0.033
-93.76902789,42.02207622,G,TaskName 5/17/2025 (GreenStar 4 Monitor),Outlook/agsaver/sharpen,59,5/17/2025,1.001,On,1113.0,121.25,0.00,7.970,11.70,5.964,91.05,19.99,20.01,0,1,117.09,5/17/2025,Good,0.00,0.00,0.00,0.00,0.00,0.00,0.00,4.002,0.0010,2.001,0.00051,19.61,0.638,0.00,0.00,24.01,0.0061,0.00,0.00,0.00,0.00,0.00,2.801,0.00,0.00,0.033
-93.76898481,42.02207480,G,TaskName 5/17/2025 (GreenStar 4 Monitor),Outlook/agsaver/sharpen,60,5/17/2025,0.999,On,1113.1,121.25,0.00,7.961,11.66,6.081,89.62,19.99,20.00,0,1,116.96,5/17/2025,Good,0.00,0.00,0.00,0.00,0.00,0.00,0.00,4.000,0.0010,2.000,0.00051,19.60,0.636,0.00,0.00,24.00,0.0061,0.00,0.00,0.00,0.00,0.00,2.800,0.00,0.00,0.032
-93.76894152,42.02207507,G,TaskName 5/17/2025 (GreenStar 4 Monitor),Outlook/agsaver/sharpen,61,5/17/2025,1.000,On,1113.1,121.25,0.00,7.975,11.70,6.266,89.74,19.99,19.96,0,1,117.20,5/17/2025,Good,0.00,0.00,0.00,0.00,0.00,0.00,0.00,3.992,0.0010,1.996,0.00051,19.56,0.637,0.00,0.00,23.95,0.0061,0.00,0.00,0.00,0.00,0.00,2.794,0.00,0.00,0.033
-93.76889828,42.02207508,G,TaskName 5/17/2025 (GreenStar 4 Monitor),Outlook/agsaver/sharpen,62,5/17/2025,1.000,On,1113.1,121.25,0.00,8.029,11.77,6.397,88.96,19.99,20.02,0,1,117.93,5/17/2025,Good,0.00,0.00,0.00,0.00,0.00,0.00,0.00,4.005,0.0010,2.002,0.00051,19.62,0.643,0.00,0.00,24.03,0.0061,0.00,0.00,0.00,0.00,0.00,2.803,0.00,0.00,0.033
-93.76885443,42.02207552,G,TaskName 5/17/2025 (GreenStar 4 Monitor),Outlook/agsaver/sharpen,63,5/17/2025,1.001,On,1112.9,121.25,0.00,8.058,11.83,5.814,88.17,19.99,20.10,0,1,118.40,5/17/2025,Good,0.00,0.00,0.00,0.00,0.00,0.00,0.00,4.020,0.0010,2.010,0.00052,19.70,0.648,0.00,0.00,24.12,0.0062,0.00,0.00,0.00,0.00,0.00,2.814,0.00,0.00,0.033
-93.76881053,42.02207650,G,TaskName 5/17/2025 (GreenStar 4 Monitor),Outlook/agsaver/sharpen,64,5/17/2025,1.000,On,1112.7,121.25,0.00,8.134,11.92,5.355,88.48,19.99,20.08,0,1,119.47,5/17/2025,Good,0.00,0.00,0.00,0.00,0.00,0.00,0.00,4.015,0.0010,2.008,0.00052,19.68,0.653,0.00,0.00,24.09,0.0062,0.00,0.00,0.00,0.00,0.00,2.811,0.00,0.00,0.033
-93.76876653,42.02207771,G,TaskName 5/17/2025 (GreenStar 4 Monitor),Outlook/agsaver/sharpen,65,5/17/2025,1.000,On,1112.5,121.25,0.00,8.156,11.96,5.122,88.75,19.99,20.03,0,1,119.80,5/17/2025,Good,0.00,0.00,0.00,0.00,0.00,0.00,0.00,4.006,0.0010,2.003,0.00052,19.63,0.653,0.00,0.00,24.04,0.0062,0.00,0.00,0.00,0.00,0.00,2.804,0.00,0.00,0.033
-93.76872243,42.02207786,G,TaskName 5/17/2025 (GreenStar 4 Monitor),Outlook/agsaver/sharpen,66,5/17/2025,1.000,On,1112.2,121.25,0.00,8.150,11.95,5.037,87.52,19.99,18.94,0,1,119.70,5/17/2025,Good,0.00,0.00,0.00,0.00,0.00,0.00,0.00,3.788,0.00098,1.894,0.00049,18.56,0.617,0.00,0.00,22.73,0.0059,0.00,0.00,0.00,0.00,0.00,2.651,0.00,0.00,0.033
-93.76867839,42.02207909,G,TaskName 5/17/2025 (GreenStar 4 Monitor),Outlook/agsaver/sharpen,67,5/17/2025,1.000,On,1111.9,121.25,0.00,8.167,11.97,5.609,87.14,19.99,11.90,0,1,119.96,5/17/2025,Under Target,0.00,0.00,0.00,0.00,0.00,0.00,0.00,2.380,0.00062,1.190,0.00031,11.66,0.389,0.00,0.00,14.28,0.0037,0.00,0.00,0.00,0.00,0.00,1.666,0.00,0.00,0.033
-93.76863363,42.02208077,G,TaskName 5/17/2025 (GreenStar 4 Monitor),Outlook/agsaver/sharpen,68,5/17/2025,0.999,On,1111.6,121.25,0.00,8.207,12.02,6.592,87.71,19.99,12.22,0,1,120.55,5/17/2025,Under Target,0.00,0.00,0.00,0.00,0.00,0.00,0.00,2.444,0.00064,1.222,0.00032,11.97,0.401,0.00,0.00,14.66,0.0038,0.00,0.00,0.00,0.00,0.00,1.711,0.00,0.00,0.033
-93.76862467,42.02208113,G,TaskName 5/17/2025 (GreenStar 4 Monitor),Outlook/agsaver/sharpen,69,5/17/2025,0.201,On,1111.6,121.25,0.00,8.326,2.455,4.352,87.98,19.99,12.44,0,1,122.38,5/17/2025,Under Target,0.00,0.00,0.00,0.00,0.00,0.00,0.00,2.489,0.00013,1.244,6.643e-05,12.20,0.083,0.00,0.00,14.93,0.00080,0.00,0.00,0.00,0.00,0.00,1.742,0.00,0.00,0.0068
-93.76862945,42.02242686,G,TaskName 5/17/2025 (GreenStar 4 Monitor),Water,1,5/17/2025,0.995,On,1111.4,121.25,0.00,2.630,3.714,3.379,265.95,19.99,22.88,0,1,37.40,5/17/2025,Good,0.00,0.00,0.00,0.00,0.00,0.00,0.00,4.575,0.00037,2.288,0.00018,22.42,0.232,0.00,0.00,27.45,0.0022,0.00,0.00,0.00,0.00,0.00,3.203,0.00,0.236,0.010
-93.76864330,42.02242660,G,TaskName 5/17/2025 (GreenStar 4 Monitor),Water,2,5/17/2025,1.000,On,1111.4,121.25,0.00,2.527,3.688,3.530,265.09,19.99,20.82,0,1,36.95,5/17/2025,Good,0.00,0.00,0.00,0.00,0.00,0.00,0.00,4.164,0.00033,2.082,0.00017,20.41,0.209,0.00,0.00,24.99,0.0020,0.00,0.00,0.00,0.00,0.00,2.915,0.00,0.214,0.010
-93.76865822,42.02242575,G,TaskName 5/17/2025 (GreenStar 4 Monitor),Water,3,5/17/2025,1.004,On,1111.4,121.25,0.00,2.688,3.947,3.660,264.71,19.99,20.39,0,1,39.39,5/17/2025,Good,0.00,0.00,0.00,0.00,0.00,0.00,0.00,4.077,0.00035,2.039,0.00017,19.98,0.219,0.00,0.00,24.46,0.0021,0.00,0.00,0.00,0.00,0.00,2.854,0.00,0.224,0.011
-93.76867372,42.02242484,G,TaskName 5/17/2025 (GreenStar 4 Monitor),Water,4,5/17/2025,1.001,On,1111.4,121.25,0.00,2.838,4.157,4.245,264.29,19.99,20.12,0,1,41.61,5/17/2025,Good,0.00,0.00,0.00,0.00,0.00,0.00,0.00,4.024,0.00036,2.012,0.00018,19.72,0.228,0.00,0.00,24.15,0.0022,0.00,0.00,0.00,0.00,0.00,2.817,0.00,0.233,0.012
-93.76869089,42.02242373,G,TaskName 5/17/2025 (GreenStar 4 Monitor),Water,5,5/17/2025,0.999,On,1111.5,121.25,0.00,2.994,4.380,3.715,263.78,19.99,19.94,0,1,43.93,5/17/2025,Good,0.00,0.00,0.00,0.00,0.00,0.00,0.00,3.989,0.00038,1.994,0.00019,19.54,0.238,0.00,0.00,23.93,0.0023,0.00,0.00,0.00,0.00,0.00,2.792,0.00,0.243,0.012
-93.76870866,42.02242260,G,TaskName 5/17/2025 (GreenStar 4 Monitor),Water,6,5/17/2025,1.000,On,1111.5,121.25,0.00,3.214,4.708,4.597,262.93,19.99,19.97,0,1,47.18,5/17/2025,Good,0.00,0.00,0.00,0.00,0.00,0.00,0.00,3.994,0.00041,1.997,0.00020,19.57,0.256,0.00,0.00,23.96,0.0025,0.00,0.00,0.00,0.00,0.00,2.796,0.00,0.262,0.013
-93.76872804,42.02242106,G,TaskName 5/17/2025 (GreenStar 4 Monitor),Water,7,5/17/2025,1.000,On,1111.5,121.25,0.00,3.408,4.990,4.692,262.08,19.99,20.00,0,1,50.00,5/17/2025,Good,0.00,0.00,0.00,0.00,0.00,0.00,0.00,4.000,0.00043,2.000,0.00022,19.60,0.272,0.00,0.00,24.00,0.0026,0.00,0.00,0.00,0.00,0.00,2.800,0.00,0.278,0.014
-93.76874849,42.02241916,G,TaskName 5/17/2025 (GreenStar 4 Monitor),Water,8,5/17/2025,1.000,On,1111.4,121.25,0.00,3.710,5.433,4.237,261.13,19.99,19.87,0,1,54.44,5/17/2025,Good,0.00,0.00,0.00,0.00,0.00,0.00,0.00,3.974,0.00047,1.987,0.00023,19.47,0.294,0.00,0.00,23.84,0.0028,0.00,0.00,0.00,0.00,0.00,2.782,0.00,0.300,0.015
-93.76876890,42.02241706,G,TaskName 5/17/2025 (GreenStar 4 Monitor),Water,9,5/17/2025,1.001,On,1111.3,121.25,0.00,3.810,5.581,4.669,260.39,19.99,19.95,0,1,55.87,5/17/2025,Good,0.00,0.00,0.00,0.00,0.00,0.00,0.00,3.990,0.00048,1.995,0.00024,19.55,0.304,0.00,0.00,23.94,0.0029,0.00,0.00,0.00,0.00,0.00,2.793,0.00,0.310,0.016
-93.76878877,42.02241437,G,TaskName 5/17/2025 (GreenStar 4 Monitor),Water,10,5/17/2025,1.000,On,1111.3,121.25,0.00,3.759,5.505,4.885,263.12,19.99,20.33,0,1,55.17,5/17/2025,Good,0.00,0.00,0.00,0.00,0.00,0.00,0.00,4.067,0.00049,2.033,0.00024,19.93,0.305,0.00,0.00,24.40,0.0029,0.00,0.00,0.00,0.00,0.00,2.847,0.00,0.312,0.015
-93.76880997,42.02241060,G,TaskName 5/17/2025 (GreenStar 4 Monitor),Water,11,5/17/2025,0.999,On,1111.2,121.25,0.00,3.895,5.699,5.748,268.01,19.99,22.94,0,1,57.16,5/17/2025,Good,0.00,0.00,0.00,0.00,0.00,0.00,0.00,4.587,0.00057,2.294,0.00028,22.48,0.357,0.00,0.00,27.52,0.0034,0.00,0.00,0.00,0.00,0.00,3.211,0.00,0.364,0.016
-93.76883557,42.02240926,G,TaskName 5/17/2025 (GreenStar 4 Monitor),Water,12,5/17/2025,1.000,On,1111.0,121.25,0.00,4.370,6.385,4.974,269.51,19.99,20.99,0,1,63.98,5/17/2025,Good,0.00,0.00,0.00,0.00,0.00,0.00,0.00,4.198,0.00058,2.099,0.00029,20.57,0.366,0.00,0.00,25.19,0.0035,0.00,0.00,0.00,0.00,0.00,2.939,0.00,0.373,0.018
-93.76885933,42.02240953,G,TaskName 5/17/2025 (GreenStar 4 Monitor),Water,13,5/17/2025,1.001,On,1110.9,121.25,0.00,4.626,6.772,3.627,267.75,19.99,19.76,0,1,67.79,5/17/2025,Good,0.00,0.00,0.00,0.00,0.00,0.00,0.00,3.953,0.00058,1.976,0.00029,19.37,0.365,0.00,0.00,23.72,0.0035,0.00,0.00,0.00,0.00,0.00,2.767,0.00,0.373,0.019
-93.76888209,42.02240948,G,TaskName 5/17/2025 (GreenStar 4 Monitor),Water,14,5/17/2025,0.999,On,1110.9,121.25,0.00,4.296,6.293,4.440,266.37,19.99,20.05,0,1,63.12,5/17/2025,Good,0.00,0.00,0.00,0.00,0.00,0.00,0.00,4.010,0.00055,2.005,0.00027,19.65,0.344,0.00,0.00,24.06,0.0033,0.00,0.00,0.00,0.00,0.00,2.807,0.00,0.351,0.018
-93.76890582,42.02240830,G,TaskName 5/17/2025 (GreenStar 4 Monitor),Water,15,5/17/2025,0.996,On,1110.7,121.25,0.00,4.281,6.247,4.706,265.95,19.99,20.00,0,1,62.85,5/17/2025,Good,0.00,0.00,0.00,0.00,0.00,0.00,0.00,4.000,0.00054,2.000,0.00027,19.60,0.341,0.00,0.00,24.00,0.0033,0.00,0.00,0.00,0.00,0.00,2.800,0.00,0.348,0.017
-93.76892863,42.02240733,G,TaskName 5/17/2025 (GreenStar 4 Monitor),Water,16,5/17/2025,1.005,On,1110.6,121.25,0.00,4.388,6.453,3.564,265.66,19.99,19.83,0,1,64.35,5/17/2025,Good,0.00,0.00,0.00,0.00,0.00,0.00,0.00,3.966,0.00056,1.983,0.00028,19.43,0.349,0.00,0.00,23.80,0.0033,0.00,0.00,0.00,0.00,0.00,2.776,0.00,0.356,0.018
-93.76895116,42.02240583,G,TaskName 5/17/2025 (GreenStar 4 Monitor),Water,17,5/17/2025,0.995,On,1110.5,121.25,0.00,4.168,6.086,4.576,265.87,19.99,19.97,0,1,61.29,5/17/2025,Good,0.00,0.00,0.00,0.00,0.00,0.00,0.00,3.995,0.00053,1.997,0.00026,19.57,0.332,0.00,0.00,23.97,0.0032,0.00,0.00,0.00,0.00,0.00,2.796,0.00,0.338,0.017
-93.76897425,42.02240470,G,TaskName 5/17/2025 (GreenStar 4 Monitor),Water,18,5/17/2025,1.000,On,1110.4,121.25,0.00,4.234,6.208,4.251,265.56,19.99,19.94,0,1,62.21,5/17/2025,Good,0.00,0.00,0.00,0.00,0.00,0.00,0.00,3.988,0.00054,1.994,0.00027,19.54,0.338,0.00,0.00,23.93,0.0032,0.00,0.00,0.00,0.00,0.00,2.791,0.00,0.345,0.017
-93.76899616,42.02240367,G,TaskName 5/17/2025 (GreenStar 4 Monitor),Water,19,5/17/2025,1.004,On,1110.2,121.25,0.00,4.252,6.254,3.537,265.18,19.99,19.85,0,1,62.42,5/17/2025,Good,0.00,0.00,0.00,0.00,0.00,0.00,0.00,3.970,0.00054,1.985,0.00027,19.46,0.339,0.00,0.00,23.82,0.0032,0.00,0.00,0.00,0.00,0.00,2.779,0.00,0.346,0.017
-93.76901683,42.02240254,G,TaskName 5/17/2025 (GreenStar 4 Monitor),Water,20,5/17/2025,1.001,On,1110.2,121.25,0.00,3.952,5.788,3.938,264.98,19.99,19.99,0,1,57.95,5/17/2025,Good,0.00,0.00,0.00,0.00,0.00,0.00,0.00,3.997,0.00050,1.999,0.00025,19.59,0.316,0.00,0.00,23.98,0.0030,0.00,0.00,0.00,0.00,0.00,2.798,0.00,0.322,0.016
-93.76903792,42.02240118,G,TaskName 5/17/2025 (GreenStar 4 Monitor),Water,21,5/17/2025,0.995,On,1110.1,121.25,0.00,3.853,5.628,3.699,264.95,19.99,20.07,0,1,56.68,5/17/2025,Good,0.00,0.00,0.00,0.00,0.00,0.00,0.00,4.013,0.00049,2.007,0.00025,19.66,0.308,0.00,0.00,24.08,0.0029,0.00,0.00,0.00,0.00,0.00,2.809,0.00,0.314,0.016
-93.76905958,42.02239975,G,TaskName 5/17/2025 (GreenStar 4 Monitor),Water,22,5/17/2025,1.004,On,1110.0,121.25,0.00,3.982,5.861,4.359,265.03,19.99,20.07,0,1,58.49,5/17/2025,Good,0.00,0.00,0.00,0.00,0.00,0.00,0.00,4.014,0.00051,2.007,0.00026,19.67,0.321,0.00,0.00,24.08,0.0031,0.00,0.00,0.00,0.00,0.00,2.810,0.00,0.327,0.016
-93.76908118,42.02239861,G,TaskName 5/17/2025 (GreenStar 4 Monitor),Water,23,5/17/2025,0.996,On,1110.0,121.25,0.00,4.013,5.857,4.343,264.75,19.99,20.04,0,1,58.93,5/17/2025,Good,0.00,0.00,0.00,0.00,0.00,0.00,0.00,4.008,0.00051,2.004,0.00026,19.64,0.320,0.00,0.00,24.05,0.0031,0.00,0.00,0.00,0.00,0.00,2.806,0.00,0.327,0.016
-93.76910298,42.02239729,G,TaskName 5/17/2025 (GreenStar 4 Monitor),Water,24,5/17/2025,1.005,On,1109.9,121.25,0.00,4.018,5.920,4.404,264.57,19.99,19.95,0,1,59.02,5/17/2025,Good,0.00,0.00,0.00,0.00,0.00,0.00,0.00,3.990,0.00051,1.995,0.00026,19.55,0.322,0.00,0.00,23.94,0.0031,0.00,0.00,0.00,0.00,0.00,2.793,0.00,0.329,0.016
-93.76912516,42.02239573,G,TaskName 5/17/2025 (GreenStar 4 Monitor),Water,25,5/17/2025,0.995,On,1109.8,121.25,0.00,4.073,5.939,4.136,264.68,19.99,20.00,0,1,59.82,5/17/2025,Good,0.00,0.00,0.00,0.00,0.00,0.00,0.00,4.000,0.00052,2.000,0.00026,19.60,0.324,0.00,0.00,24.00,0.0031,0.00,0.00,0.00,0.00,0.00,2.800,0.00,0.331,0.017
-93.76914730,42.02239424,G,TaskName 5/17/2025 (GreenStar 4 Monitor),Water,26,5/17/2025,1.000,On,1109.7,121.25,0.00,4.132,6.061,3.653,264.71,19.99,20.02,0,1,60.73,5/17/2025,Good,0.00,0.00,0.00,0.00,0.00,0.00,0.00,4.004,0.00053,2.002,0.00026,19.62,0.331,0.00,0.00,24.02,0.0032,0.00,0.00,0.00,0.00,0.00,2.803,0.00,0.338,0.017
-93.76916948,42.02239266,G,TaskName 5/17/2025 (GreenStar 4 Monitor),Water,27,5/17/2025,1.004,On,1109.7,121.25,0.00,4.120,6.061,4.511,264.86,19.99,20.08,0,1,60.49,5/17/2025,Good,0.00,0.00,0.00,0.00,0.00,0.00,0.00,4.016,0.00053,2.008,0.00026,19.68,0.332,0.00,0.00,24.09,0.0032,0.00,0.00,0.00,0.00,0.00,2.811,0.00,0.339,0.017
-93.76919198,42.02239121,G,TaskName 5/17/2025 (GreenStar 4 Monitor),Water,28,5/17/2025,0.996,On,1109.7,121.25,0.00,4.141,6.044,4.435,264.89,19.99,20.15,0,1,60.81,5/17/2025,Good,0.00,0.00,0.00,0.00,0.00,0.00,0.00,4.030,0.00053,2.015,0.00026,19.75,0.332,0.00,0.00,24.18,0.0032,0.00,0.00,0.00,0.00,0.00,2.821,0.00,0.339,0.017
-93.76921411,42.02238955,G,TaskName 5/17/2025 (GreenStar 4 Monitor),Water,29,5/17/2025,1.000,On,1109.7,121.25,0.00,4.164,6.107,4.457,265.22,19.99,20.08,0,1,61.19,5/17/2025,Good,0.00,0.00,0.00,0.00,0.00,0.00,0.00,4.015,0.00053,2.008,0.00027,19.68,0.334,0.00,0.00,24.09,0.0032,0.00,0.00,0.00,0.00,0.00,2.811,0.00,0.341,0.017
-93.76923647,42.02238810,G,TaskName 5/17/2025 (GreenStar 4 Monitor),Water,30,5/17/2025,1.000,On,1109.6,121.25,0.00,4.135,6.064,4.344,265.14,19.99,20.08,0,1,60.77,5/17/2025,Good,0.00,0.00,0.00,0.00,0.00,0.00,0.00,4.015,0.00053,2.008,0.00026,19.68,0.332,0.00,0.00,24.09,0.0032,0.00,0.00,0.00,0.00,0.00,2.811,0.00,0.339,0.017
-93.76925876,42.02238692,G,TaskName 5/17/2025 (GreenStar 4 Monitor),Water,31,5/17/2025,1.005,On,1109.6,121.25,0.00,4.155,6.120,4.302,264.85,19.99,20.06,0,1,61.02,5/17/2025,Good,0.00,0.00,0.00,0.00,0.00,0.00,0.00,4.012,0.00053,2.006,0.00027,19.66,0.335,0.00,0.00,24.07,0.0032,0.00,0.00,0.00,0.00,0.00,2.808,0.00,0.342,0.017
-93.76928125,42.02238528,G,TaskName 5/17/2025 (GreenStar 4 Monitor),Water,32,5/17/2025,0.995,On,1109.5,121.25,0.00,4.139,6.038,4.324,264.84,19.99,20.04,0,1,60.81,5/17/2025,Good,0.00,0.00,0.00,0.00,0.00,0.00,0.00,4.009,0.00053,2.004,0.00026,19.64,0.330,0.00,0.00,24.05,0.0032,0.00,0.00,0.00,0.00,0.00,2.806,0.00,0.337,0.017
-93.76930356,42.02238365,G,TaskName 5/17/2025 (GreenStar 4 Monitor),Water,33,5/17/2025,1.000,On,1109.4,121.25,0.00,4.184,6.133,3.758,265.03,19.99,19.92,0,1,61.46,5/17/2025,Good,0.00,0.00,0.00,0.00,0.00,0.00,0.00,3.984,0.00053,1.992,0.00027,19.52,0.333,0.00,0.00,23.90,0.0032,0.00,0.00,0.00,0.00,0.00,2.789,0.00,0.340,0.017
-93.76932579,42.02238227,G,TaskName 5/17/2025 (GreenStar 4 Monitor),Water,34,5/17/2025,1.000,On,1109.3,121.25,0.00,4.159,6.090,3.669,265.04,19.99,19.88,0,1,61.03,5/17/2025,Good,0.00,0.00,0.00,0.00,0.00,0.00,0.00,3.976,0.00053,1.988,0.00026,19.48,0.330,0.00,0.00,23.85,0.0032,0.00,0.00,0.00,0.00,0.00,2.783,0.00,0.337,0.017
-93.76934743,42.02238070,G,TaskName 5/17/2025 (GreenStar 4 Monitor),Water,35,5/17/2025,1.000,On,1109.3,121.25,0.00,4.055,5.949,4.585,265.35,19.99,20.01,0,1,59.61,5/17/2025,Good,0.00,0.00,0.00,0.00,0.00,0.00,0.00,4.002,0.00052,2.001,0.00026,19.61,0.325,0.00,0.00,24.01,0.0031,0.00,0.00,0.00,0.00,0.00,2.801,0.00,0.331,0.017
-93.76936907,42.02237937,G,TaskName 5/17/2025 (GreenStar 4 Monitor),Water,36,5/17/2025,1.000,On,1109.3,121.25,0.00,4.038,5.920,4.453,265.27,19.99,20.01,0,1,59.32,5/17/2025,Good,0.00,0.00,0.00,0.00,0.00,0.00,0.00,4.002,0.00052,2.001,0.00026,19.61,0.323,0.00,0.00,24.01,0.0031,0.00,0.00,0.00,0.00,0.00,2.801,0.00,0.330,0.016
-93.76939068,42.02237845,G,TaskName 5/17/2025 (GreenStar 4 Monitor),Water,37,5/17/2025,0.999,On,1109.3,121.25,0.00,4.026,5.893,4.195,264.72,19.99,20.04,0,1,59.12,5/17/2025,Good,0.00,0.00,0.00,0.00,0.00,0.00,0.00,4.008,0.00051,2.004,0.00026,19.64,0.322,0.00,0.00,24.05,0.0031,0.00,0.00,0.00,0.00,0.00,2.806,0.00,0.329,0.016
-93.76941228,42.02237704,G,TaskName 5/17/2025 (GreenStar 4 Monitor),Water,38,5/17/2025,1.001,On,1109.3,121.25,0.00,4.014,5.887,4.047,264.57,19.99,20.06,0,1,58.93,5/17/2025,Good,0.00,0.00,0.00,0.00,0.00,0.00,0.00,4.011,0.00051,2.006,0.00026,19.66,0.322,0.00,0.00,24.07,0.0031,0.00,0.00,0.00,0.00,0.00,2.808,0.00,0.329,0.016
-93.76943409,42.02237564,G,TaskName 5/17/2025 (GreenStar 4 Monitor),Water,39,5/17/2025,0.999,On,1109.4,121.25,0.00,4.030,5.900,3.955,264.64,19.99,19.91,0,1,59.18,5/17/2025,Good,0.00,0.00,0.00,0.00,0.00,0.00,0.00,3.983,0.00051,1.991,0.00026,19.52,0.321,0.00,0.00,23.90,0.0031,0.00,0.00,0.00,0.00,0.00,2.788,0.00,0.327,0.016
-93.76945567,42.02237412,G,TaskName 5/17/2025 (GreenStar 4 Monitor),Water,40,5/17/2025,1.000,On,1109.4,121.25,0.00,4.032,5.910,4.107,264.59,19.99,19.92,0,1,59.22,5/17/2025,Good,0.00,0.00,0.00,0.00,0.00,0.00,0.00,3.984,0.00051,1.992,0.00026,19.52,0.321,0.00,0.00,23.91,0.0031,0.00,0.00,0.00,0.00,0.00,2.789,0.00,0.328,0.016
-93.76947742,42.02237264,G,TaskName 5/17/2025 (GreenStar 4 Monitor),Water,41,5/17/2025,1.000,On,1109.4,121.25,0.00,4.030,5.910,4.107,264.60,19.99,19.97,0,1,59.22,5/17/2025,Good,0.00,0.00,0.00,0.00,0.00,0.00,0.00,3.994,0.00051,1.997,0.00026,19.57,0.322,0.00,0.00,23.96,0.0031,0.00,0.00,0.00,0.00,0.00,2.796,0.00,0.329,0.016
-93.76949931,42.02237117,G,TaskName 5/17/2025 (GreenStar 4 Monitor),Water,42,5/17/2025,1.000,On,1109.3,121.25,0.00,4.066,5.962,4.034,264.60,19.99,19.95,0,1,59.75,5/17/2025,Good,0.00,0.00,0.00,0.00,0.00,0.00,0.00,3.990,0.00052,1.995,0.00026,19.55,0.324,0.00,0.00,23.94,0.0031,0.00,0.00,0.00,0.00,0.00,2.793,0.00,0.331,0.017
-93.76952137,42.02236933,G,TaskName 5/17/2025 (GreenStar 4 Monitor),Water,43,5/17/2025,1.000,On,1109.3,121.25,0.00,4.076,5.975,4.486,264.89,19.99,20.12,0,1,59.88,5/17/2025,Good,0.00,0.00,0.00,0.00,0.00,0.00,0.00,4.024,0.00052,2.012,0.00026,19.72,0.328,0.00,0.00,24.15,0.0031,0.00,0.00,0.00,0.00,0.00,2.817,0.00,0.335,0.017
-93.76954339,42.02236775,G,TaskName 5/17/2025 (GreenStar 4 Monitor),Water,44,5/17/2025,1.000,On,1109.3,121.25,0.00,4.090,5.995,4.765,265.21,19.99,20.22,0,1,60.08,5/17/2025,Good,0.00,0.00,0.00,0.00,0.00,0.00,0.00,4.044,0.00053,2.022,0.00026,19.81,0.331,0.00,0.00,24.26,0.0032,0.00,0.00,0.00,0.00,0.00,2.831,0.00,0.337,0.017
-93.76956543,42.02236614,G,TaskName 5/17/2025 (GreenStar 4 Monitor),Water,45,5/17/2025,0.996,On,1109.3,121.25,0.00,4.098,5.985,4.640,265.56,19.99,20.06,0,1,60.22,5/17/2025,Good,0.00,0.00,0.00,0.00,0.00,0.00,0.00,4.011,0.00052,2.006,0.00026,19.65,0.327,0.00,0.00,24.07,0.0031,0.00,0.00,0.00,0.00,0.00,2.808,0.00,0.334,0.017
-93.76958750,42.02236487,G,TaskName 5/17/2025 (GreenStar 4 Monitor),Water,46,5/17/2025,1.004,On,1109.3,121.25,0.00,4.107,6.048,4.059,265.31,19.99,19.91,0,1,60.36,5/17/2025,Good,0.00,0.00,0.00,0.00,0.00,0.00,0.00,3.981,0.00052,1.991,0.00026,19.51,0.328,0.00,0.00,23.89,0.0031,0.00,0.00,0.00,0.00,0.00,2.787,0.00,0.335,0.017
-93.76960923,42.02236389,G,TaskName 5/17/2025 (GreenStar 4 Monitor),Water,47,5/17/2025,1.001,On,1109.3,121.25,0.00,4.071,5.976,5.129,264.82,19.99,20.01,0,1,59.83,5/17/2025,Good,0.00,0.00,0.00,0.00,0.00,0.00,0.00,4.001,0.00052,2.001,0.00026,19.61,0.326,0.00,0.00,24.01,0.0031,0.00,0.00,0.00,0.00,0.00,2.801,0.00,0.333,0.017
-93.76963125,42.02236231,G,TaskName 5/17/2025 (GreenStar 4 Monitor),Water,48,5/17/2025,0.999,On,1109.3,121.25,0.00,4.054,5.952,4.931,264.85,19.99,19.96,0,1,59.70,5/17/2025,Good,0.00,0.00,0.00,0.00,0.00,0.00,0.00,3.992,0.00052,1.996,0.00026,19.56,0.324,0.00,0.00,23.95,0.0031,0.00,0.00,0.00,0.00,0.00,2.795,0.00,0.331,0.017
-93.76965321,42.02236085,G,TaskName 5/17/2025 (GreenStar 4 Monitor),Water,49,5/17/2025,1.000,On,1109.3,121.25,0.00,4.103,6.027,4.915,264.83,19.99,19.93,0,1,60.40,5/17/2025,Good,0.00,0.00,0.00,0.00,0.00,0.00,0.00,3.987,0.00052,1.993,0.00026,19.54,0.328,0.00,0.00,23.92,0.0031,0.00,0.00,0.00,0.00,0.00,2.791,0.00,0.334,0.017
-93.76967537,42.02235938,G,TaskName 5/17/2025 (GreenStar 4 Monitor),Water,50,5/17/2025,1.001,On,1109.3,121.25,0.00,4.094,6.018,4.416,265.13,19.99,19.95,0,1,60.24,5/17/2025,Good,0.00,0.00,0.00,0.00,0.00,0.00,0.00,3.989,0.00052,1.995,0.00026,19.55,0.327,0.00,0.00,23.94,0.0031,0.00,0.00,0.00,0.00,0.00,2.792,0.00,0.334,0.017
-93.76969728,42.02235788,G,TaskName 5/17/2025 (GreenStar 4 Monitor),Water,51,5/17/2025,0.995,On,1109.3,121.25,0.00,4.094,5.981,4.340,265.27,19.99,19.92,0,1,60.24,5/17/2025,Good,0.00,0.00,0.00,0.00,0.00,0.00,0.00,3.985,0.00052,1.992,0.00026,19.53,0.325,0.00,0.00,23.91,0.0031,0.00,0.00,0.00,0.00,0.00,2.789,0.00,0.332,0.017
-93.76971923,42.02235652,G,TaskName 5/17/2025 (GreenStar 4 Monitor),Water,52,5/17/2025,1.004,On,1109.4,121.25,0.00,4.073,6.008,4.406,265.25,19.99,19.94,0,1,59.96,5/17/2025,Good,0.00,0.00,0.00,0.00,0.00,0.00,0.00,3.988,0.00052,1.994,0.00026,19.54,0.327,0.00,0.00,23.93,0.0031,0.00,0.00,0.00,0.00,0.00,2.792,0.00,0.333,0.017
-93.76974076,42.02235530,G,TaskName 5/17/2025 (GreenStar 4 Monitor),Water,53,5/17/2025,1.001,On,1109.4,121.25,0.00,4.042,5.932,5.211,265.01,19.99,20.03,0,1,59.39,5/17/2025,Good,0.00,0.00,0.00,0.00,0.00,0.00,0.00,4.006,0.00052,2.003,0.00026,19.63,0.324,0.00,0.00,24.04,0.0031,0.00,0.00,0.00,0.00,0.00,2.804,0.00,0.331,0.017
-93.76976269,42.02235396,G,TaskName 5/17/2025 (GreenStar 4 Monitor),Water,54,5/17/2025,0.999,On,1109.5,121.25,0.00,4.040,5.932,5.378,264.89,19.99,20.15,0,1,59.50,5/17/2025,Good,0.00,0.00,0.00,0.00,0.00,0.00,0.00,4.029,0.00052,2.015,0.00026,19.74,0.326,0.00,0.00,24.17,0.0031,0.00,0.00,0.00,0.00,0.00,2.820,0.00,0.333,0.017
-93.76978481,42.02235244,G,TaskName 5/17/2025 (GreenStar 4 Monitor),Water,55,5/17/2025,1.000,On,1109.5,121.25,0.00,4.091,6.004,4.696,264.99,19.99,20.15,0,1,60.17,5/17/2025,Good,0.00,0.00,0.00,0.00,0.00,0.00,0.00,4.029,0.00053,2.015,0.00026,19.74,0.330,0.00,0.00,24.18,0.0032,0.00,0.00,0.00,0.00,0.00,2.821,0.00,0.337,0.017
-93.76980683,42.02235112,G,TaskName 5/17/2025 (GreenStar 4 Monitor),Water,56,5/17/2025,1.000,On,1109.5,121.25,0.00,4.110,6.034,4.422,264.88,19.99,20.09,0,1,60.46,5/17/2025,Good,0.00,0.00,0.00,0.00,0.00,0.00,0.00,4.018,0.00053,2.009,0.00026,19.69,0.331,0.00,0.00,24.11,0.0032,0.00,0.00,0.00,0.00,0.00,2.813,0.00,0.337,0.017
-93.76982923,42.02234974,G,TaskName 5/17/2025 (GreenStar 4 Monitor),Water,57,5/17/2025,1.001,On,1109.5,121.25,0.00,4.116,6.050,4.505,264.66,19.99,19.94,0,1,60.57,5/17/2025,Good,0.00,0.00,0.00,0.00,0.00,0.00,0.00,3.988,0.00052,1.994,0.00026,19.54,0.329,0.00,0.00,23.93,0.0031,0.00,0.00,0.00,0.00,0.00,2.792,0.00,0.336,0.017
-93.76985159,42.02234833,G,TaskName 5/17/2025 (GreenStar 4 Monitor),Water,58,5/17/2025,1.000,On,1109.5,121.25,0.00,4.161,6.103,4.952,264.60,19.99,20.15,0,1,61.15,5/17/2025,Good,0.00,0.00,0.00,0.00,0.00,0.00,0.00,4.029,0.00053,2.015,0.00027,19.74,0.335,0.00,0.00,24.18,0.0032,0.00,0.00,0.00,0.00,0.00,2.821,0.00,0.342,0.017
-93.76987410,42.02234653,G,TaskName 5/17/2025 (GreenStar 4 Monitor),Water,59,5/17/2025,1.000,On,1109.5,121.25,0.00,4.165,6.113,4.903,264.99,19.99,20.15,0,1,61.25,5/17/2025,Good,0.00,0.00,0.00,0.00,0.00,0.00,0.00,4.029,0.00054,2.015,0.00027,19.74,0.336,0.00,0.00,24.18,0.0032,0.00,0.00,0.00,0.00,0.00,2.821,0.00,0.343,0.017
-93.76989663,42.02234504,G,TaskName 5/17/2025 (GreenStar 4 Monitor),Water,60,5/17/2025,1.000,On,1109.5,121.25,0.00,4.200,6.175,4.714,265.07,19.99,20.03,0,1,61.88,5/17/2025,Good,0.00,0.00,0.00,0.00,0.00,0.00,0.00,4.005,0.00054,2.003,0.00027,19.63,0.337,0.00,0.00,24.03,0.0032,0.00,0.00,0.00,0.00,0.00,2.804,0.00,0.344,0.017
-93.76991924,42.02234354,G,TaskName 5/17/2025 (GreenStar 4 Monitor),Water,61,5/17/2025,0.995,On,1109.5,121.25,0.00,4.192,6.126,4.779,265.11,19.99,20.00,0,1,61.69,5/17/2025,Good,0.00,0.00,0.00,0.00,0.00,0.00,0.00,4.000,0.00053,2.000,0.00027,19.60,0.334,0.00,0.00,24.00,0.0032,0.00,0.00,0.00,0.00,0.00,2.800,0.00,0.341,0.017
-93.76994191,42.02234220,G,TaskName 5/17/2025 (GreenStar 4 Monitor),Water,62,5/17/2025,1.005,On,1109.5,121.25,0.00,4.199,6.191,4.706,264.88,19.99,19.92,0,1,61.73,5/17/2025,Good,0.00,0.00,0.00,0.00,0.00,0.00,0.00,3.984,0.00054,1.992,0.00027,19.52,0.336,0.00,0.00,23.90,0.0032,0.00,0.00,0.00,0.00,0.00,2.789,0.00,0.343,0.017
-93.76996449,42.02234073,G,TaskName 5/17/2025 (GreenStar 4 Monitor),Water,63,5/17/2025,1.000,On,1109.5,121.25,0.00,4.207,6.168,4.735,264.79,19.99,19.97,0,1,61.81,5/17/2025,Good,0.00,0.00,0.00,0.00,0.00,0.00,0.00,3.993,0.00054,1.997,0.00027,19.57,0.336,0.00,0.00,23.96,0.0032,0.00,0.00,0.00,0.00,0.00,2.795,0.00,0.343,0.017
-93.76998694,42.02233918,G,TaskName 5/17/2025 (GreenStar 4 Monitor),Water,64,5/17/2025,1.000,On,1109.5,121.25,0.00,4.198,6.162,4.709,264.83,19.99,19.93,0,1,61.75,5/17/2025,Good,0.00,0.00,0.00,0.00,0.00,0.00,0.00,3.986,0.00053,1.993,0.00027,19.53,0.335,0.00,0.00,23.92,0.0032,0.00,0.00,0.00,0.00,0.00,2.790,0.00,0.342,0.017
-93.77000963,42.02233756,G,TaskName 5/17/2025 (GreenStar 4 Monitor),Water,65,5/17/2025,0.995,On,1109.5,121.25,0.00,4.192,6.132,4.573,265.06,19.99,19.95,0,1,61.76,5/17/2025,Good,0.00,0.00,0.00,0.00,0.00,0.00,0.00,3.990,0.00053,1.995,0.00027,19.55,0.334,0.00,0.00,23.94,0.0032,0.00,0.00,0.00,0.00,0.00,2.793,0.00,0.341,0.017
-93.77003212,42.02233615,G,TaskName 5/17/2025 (GreenStar 4 Monitor),Water,66,5/17/2025,1.004,On,1109.5,121.25,0.00,4.205,6.195,4.595,265.02,19.99,19.99,0,1,61.83,5/17/2025,Good,0.00,0.00,0.00,0.00,0.00,0.00,0.00,3.998,0.00054,1.999,0.00027,19.59,0.338,0.00,0.00,23.99,0.0032,0.00,0.00,0.00,0.00,0.00,2.799,0.00,0.345,0.017
-93.77005475,42.02233488,G,TaskName 5/17/2025 (GreenStar 4 Monitor),Water,67,5/17/2025,1.001,On,1109.5,121.25,0.00,4.193,6.165,4.764,264.75,19.99,19.95,0,1,61.72,5/17/2025,Good,0.00,0.00,0.00,0.00,0.00,0.00,0.00,3.989,0.00053,1.995,0.00027,19.55,0.335,0.00,0.00,23.93,0.0032,0.00,0.00,0.00,0.00,0.00,2.792,0.00,0.342,0.017
-93.77007736,42.02233352,G,TaskName 5/17/2025 (GreenStar 4 Monitor),Water,68,5/17/2025,0.999,On,1109.6,121.25,0.00,4.202,6.162,4.384,264.51,19.99,20.00,0,1,61.81,5/17/2025,Good,0.00,0.00,0.00,0.00,0.00,0.00,0.00,4.000,0.00054,2.000,0.00027,19.60,0.336,0.00,0.00,24.00,0.0032,0.00,0.00,0.00,0.00,0.00,2.800,0.00,0.343,0.017
-93.77010004,42.02233167,G,TaskName 5/17/2025 (GreenStar 4 Monitor),Water,69,5/17/2025,0.996,On,1109.6,121.25,0.00,4.212,6.159,4.342,264.85,19.99,20.06,0,1,61.96,5/17/2025,Good,0.00,0.00,0.00,0.00,0.00,0.00,0.00,4.012,0.00054,2.006,0.00027,19.66,0.337,0.00,0.00,24.07,0.0032,0.00,0.00,0.00,0.00,0.00,2.808,0.00,0.344,0.017
-93.77012251,42.02232980,G,TaskName 5/17/2025 (GreenStar 4 Monitor),Water,70,5/17/2025,1.000,On,1109.6,121.25,0.00,4.191,6.155,4.972,265.38,19.99,20.05,0,1,61.68,5/17/2025,Good,0.00,0.00,0.00,0.00,0.00,0.00,0.00,4.011,0.00054,2.005,0.00027,19.65,0.337,0.00,0.00,24.06,0.0032,0.00,0.00,0.00,0.00,0.00,2.808,0.00,0.344,0.017
-93.77014580,42.02232849,G,TaskName 5/17/2025 (GreenStar 4 Monitor),Water,71,5/17/2025,1.004,On,1109.6,121.25,0.00,4.221,6.221,5.165,265.23,19.99,20.06,0,1,62.09,5/17/2025,Good,0.00,0.00,0.00,0.00,0.00,0.00,0.00,4.013,0.00054,2.006,0.00027,19.66,0.340,0.00,0.00,24.08,0.0033,0.00,0.00,0.00,0.00,0.00,2.809,0.00,0.347,0.017
-93.77017017,42.02232702,G,TaskName 5/17/2025 (GreenStar 4 Monitor),Water,72,5/17/2025,0.995,On,1109.7,121.25,0.00,4.453,6.503,4.571,265.10,19.99,19.94,0,1,65.49,5/17/2025,Good,0.00,0.00,0.00,0.00,0.00,0.00,0.00,3.987,0.00056,1.994,0.00028,19.54,0.354,0.00,0.00,23.92,0.0034,0.00,0.00,0.00,0.00,0.00,2.791,0.00,0.361,0.018
-93.77019438,42.02232539,G,TaskName 5/17/2025 (GreenStar 4 Monitor),Water,73,5/17/2025,1.000,On,1109.7,121.25,0.00,4.508,6.621,3.862,265.19,19.99,19.83,0,1,66.35,5/17/2025,Good,0.00,0.00,0.00,0.00,0.00,0.00,0.00,3.965,0.00057,1.983,0.00029,19.43,0.358,0.00,0.00,23.79,0.0034,0.00,0.00,0.00,0.00,0.00,2.776,0.00,0.365,0.018
-93.77021825,42.02232376,G,TaskName 5/17/2025 (GreenStar 4 Monitor),Water,74,5/17/2025,1.001,On,1109.8,121.25,0.00,4.461,6.552,4.072,265.28,19.99,19.87,0,1,65.59,5/17/2025,Good,0.00,0.00,0.00,0.00,0.00,0.00,0.00,3.974,0.00057,1.987,0.00028,19.47,0.355,0.00,0.00,23.84,0.0034,0.00,0.00,0.00,0.00,0.00,2.781,0.00,0.362,0.018
-93.77024205,42.02232221,G,TaskName 5/17/2025 (GreenStar 4 Monitor),Water,75,5/17/2025,1.000,On,1109.8,121.25,0.00,4.432,6.506,4.378,265.27,19.99,19.89,0,1,65.20,5/17/2025,Good,0.00,0.00,0.00,0.00,0.00,0.00,0.00,3.978,0.00056,1.989,0.00028,19.49,0.353,0.00,0.00,23.87,0.0034,0.00,0.00,0.00,0.00,0.00,2.785,0.00,0.360,0.018
-93.77026590,42.02232085,G,TaskName 5/17/2025 (GreenStar 4 Monitor),Water,76,5/17/2025,0.999,On,1109.8,121.25,0.00,4.440,6.520,4.933,264.97,19.99,20.09,0,1,65.40,5/17/2025,Good,0.00,0.00,0.00,0.00,0.00,0.00,0.00,4.018,0.00057,2.009,0.00028,19.69,0.357,0.00,0.00,24.11,0.0034,0.00,0.00,0.00,0.00,0.00,2.812,0.00,0.365,0.018
-93.77028992,42.02231905,G,TaskName 5/17/2025 (GreenStar 4 Monitor),Water,77,5/17/2025,1.000,On,1109.8,121.25,0.00,4.439,6.519,4.898,265.21,19.99,20.07,0,1,65.33,5/17/2025,Good,0.00,0.00,0.00,0.00,0.00,0.00,0.00,4.015,0.00057,2.007,0.00028,19.67,0.357,0.00,0.00,24.09,0.0034,0.00,0.00,0.00,0.00,0.00,2.810,0.00,0.364,0.018
-93.77031367,42.02231726,G,TaskName 5/17/2025 (GreenStar 4 Monitor),Water,78,5/17/2025,1.001,On,1109.9,121.25,0.00,4.452,6.539,4.483,265.70,19.99,20.00,0,1,65.46,5/17/2025,Good,0.00,0.00,0.00,0.00,0.00,0.00,0.00,4.000,0.00057,2.000,0.00028,19.60,0.357,0.00,0.00,24.00,0.0034,0.00,0.00,0.00,0.00,0.00,2.800,0.00,0.364,0.018
-93.77033773,42.02231586,G,TaskName 5/17/2025 (GreenStar 4 Monitor),Water,79,5/17/2025,0.999,On,1109.9,121.25,0.00,4.446,6.526,4.592,265.69,19.99,19.97,0,1,65.46,5/17/2025,Good,0.00,0.00,0.00,0.00,0.00,0.00,0.00,3.995,0.00057,1.997,0.00028,19.57,0.356,0.00,0.00,23.97,0.0034,0.00,0.00,0.00,0.00,0.00,2.796,0.00,0.363,0.018
-93.77036161,42.02231476,G,TaskName 5/17/2025 (GreenStar 4 Monitor),Water,80,5/17/2025,1.000,On,1110.0,121.25,0.00,4.445,6.526,5.060,265.28,19.99,20.01,0,1,65.39,5/17/2025,Good,0.00,0.00,0.00,0.00,0.00,0.00,0.00,4.003,0.00057,2.001,0.00028,19.61,0.356,0.00,0.00,24.02,0.0034,0.00,0.00,0.00,0.00,0.00,2.802,0.00,0.364,0.018
-93.77038555,42.02231340,G,TaskName 5/17/2025 (GreenStar 4 Monitor),Water,81,5/17/2025,1.000,On,1110.1,121.25,0.00,4.439,6.516,4.527,265.00,19.99,20.02,0,1,65.29,5/17/2025,Good,0.00,0.00,0.00,0.00,0.00,0.00,0.00,4.004,0.00057,2.002,0.00028,19.62,0.356,0.00,0.00,24.03,0.0034,0.00,0.00,0.00,0.00,0.00,2.803,0.00,0.363,0.018
-93.77040948,42.02231213,G,TaskName 5/17/2025 (GreenStar 4 Monitor),Water,82,5/17/2025,1.001,On,1110.1,121.25,0.00,4.456,6.542,4.777,264.48,19.99,19.96,0,1,65.49,5/17/2025,Good,0.00,0.00,0.00,0.00,0.00,0.00,0.00,3.992,0.00057,1.996,0.00028,19.56,0.356,0.00,0.00,23.95,0.0034,0.00,0.00,0.00,0.00,0.00,2.795,0.00,0.363,0.018
-93.77043329,42.02231059,G,TaskName 5/17/2025 (GreenStar 4 Monitor),Water,83,5/17/2025,1.000,On,1110.1,121.25,0.00,4.431,6.506,4.955,264.34,19.99,19.98,0,1,65.19,5/17/2025,Good,0.00,0.00,0.00,0.00,0.00,0.00,0.00,3.996,0.00057,1.998,0.00028,19.58,0.355,0.00,0.00,23.98,0.0034,0.00,0.00,0.00,0.00,0.00,2.798,0.00,0.362,0.018
-93.77045720,42.02230867,G,TaskName 5/17/2025 (GreenStar 4 Monitor),Water,84,5/17/2025,0.999,On,1110.2,121.25,0.00,4.446,6.529,4.846,264.65,19.99,19.89,0,1,65.49,5/17/2025,Good,0.00,0.00,0.00,0.00,0.00,0.00,0.00,3.977,0.00056,1.989,0.00028,19.49,0.354,0.00,0.00,23.86,0.0034,0.00,0.00,0.00,0.00,0.00,2.784,0.00,0.361,0.018
-93.77048129,42.02230683,G,TaskName 5/17/2025 (GreenStar 4 Monitor),Water,85,5/17/2025,1.001,On,1110.1,121.25,0.00,4.449,6.535,4.505,265.02,19.99,19.93,0,1,65.42,5/17/2025,Good,0.00,0.00,0.00,0.00,0.00,0.00,0.00,3.985,0.00057,1.993,0.00028,19.53,0.355,0.00,0.00,23.91,0.0034,0.00,0.00,0.00,0.00,0.00,2.790,0.00,0.363,0.018
-93.77050514,42.02230523,G,TaskName 5/17/2025 (GreenStar 4 Monitor),Water,86,5/17/2025,0.999,On,1110.1,121.25,0.00,4.475,6.562,4.689,265.07,19.99,19.96,0,1,65.82,5/17/2025,Good,0.00,0.00,0.00,0.00,0.00,0.00,0.00,3.992,0.00057,1.996,0.00028,19.56,0.357,0.00,0.00,23.95,0.0034,0.00,0.00,0.00,0.00,0.00,2.794,0.00,0.365,0.018
-93.77052897,42.02230376,G,TaskName 5/17/2025 (GreenStar 4 Monitor),Water,87,5/17/2025,1.000,On,1110.1,121.25,0.00,4.424,6.493,5.070,264.90,19.99,20.03,0,1,65.06,5/17/2025,Good,0.00,0.00,0.00,0.00,0.00,0.00,0.00,4.007,0.00057,2.003,0.00028,19.63,0.355,0.00,0.00,24.04,0.0034,0.00,0.00,0.00,0.00,0.00,2.805,0.00,0.362,0.018
-93.77055278,42.02230217,G,TaskName 5/17/2025 (GreenStar 4 Monitor),Water,88,5/17/2025,1.000,On,1110.1,121.25,0.00,4.431,6.503,4.891,264.93,19.99,19.98,0,1,65.16,5/17/2025,Good,0.00,0.00,0.00,0.00,0.00,0.00,0.00,3.997,0.00057,1.998,0.00028,19.59,0.354,0.00,0.00,23.98,0.0034,0.00,0.00,0.00,0.00,0.00,2.798,0.00,0.362,0.018
-93.77057642,42.02230032,G,TaskName 5/17/2025 (GreenStar 4 Monitor),Water,89,5/17/2025,1.000,On,1110.1,121.25,0.00,4.421,6.490,4.516,265.42,19.99,19.98,0,1,65.03,5/17/2025,Good,0.00,0.00,0.00,0.00,0.00,0.00,0.00,3.995,0.00056,1.998,0.00028,19.58,0.354,0.00,0.00,23.97,0.0034,0.00,0.00,0.00,0.00,0.00,2.797,0.00,0.361,0.018
-93.77059996,42.02229878,G,TaskName 5/17/2025 (GreenStar 4 Monitor),Water,90,5/17/2025,1.000,On,1110.2,121.25,0.00,4.390,6.444,4.623,265.60,19.99,19.83,0,1,64.57,5/17/2025,Good,0.00,0.00,0.00,0.00,0.00,0.00,0.00,3.966,0.00056,1.983,0.00028,19.43,0.349,0.00,0.00,23.79,0.0033,0.00,0.00,0.00,0.00,0.00,2.776,0.00,0.356,0.018
-93.77062353,42.02229753,G,TaskName 5/17/2025 (GreenStar 4 Monitor),Water,91,5/17/2025,1.001,On,1110.2,121.25,0.00,4.372,6.417,4.624,265.44,19.99,19.77,0,1,64.24,5/17/2025,Good,0.00,0.00,0.00,0.00,0.00,0.00,0.00,3.954,0.00055,1.977,0.00028,19.37,0.346,0.00,0.00,23.72,0.0033,0.00,0.00,0.00,0.00,0.00,2.768,0.00,0.353,0.018
-93.77064695,42.02229632,G,TaskName 5/17/2025 (GreenStar 4 Monitor),Water,92,5/17/2025,0.999,On,1110.3,121.25,0.00,4.370,6.417,4.603,265.06,19.99,19.84,0,1,64.37,5/17/2025,Good,0.00,0.00,0.00,0.00,0.00,0.00,0.00,3.969,0.00055,1.984,0.00028,19.45,0.347,0.00,0.00,23.81,0.0033,0.00,0.00,0.00,0.00,0.00,2.778,0.00,0.354,0.018
-93.77067053,42.02229495,G,TaskName 5/17/2025 (GreenStar 4 Monitor),Water,93,5/17/2025,1.000,On,1110.3,121.25,0.00,4.370,6.414,4.585,264.68,19.99,19.86,0,1,64.27,5/17/2025,Good,0.00,0.00,0.00,0.00,0.00,0.00,0.00,3.973,0.00055,1.986,0.00028,19.47,0.348,0.00,0.00,23.84,0.0033,0.00,0.00,0.00,0.00,0.00,2.781,0.00,0.355,0.018
-93.77069411,42.02229329,G,TaskName 5/17/2025 (GreenStar 4 Monitor),Water,94,5/17/2025,1.001,On,1110.4,121.25,0.00,4.380,6.430,4.550,264.65,19.99,19.89,0,1,64.37,5/17/2025,Good,0.00,0.00,0.00,0.00,0.00,0.00,0.00,3.977,0.00056,1.989,0.00028,19.49,0.349,0.00,0.00,23.86,0.0033,0.00,0.00,0.00,0.00,0.00,2.784,0.00,0.356,0.018
-93.77071749,42.02229155,G,TaskName 5/17/2025 (GreenStar 4 Monitor),Water,95,5/17/2025,0.995,On,1110.5,121.25,0.00,4.366,6.381,5.313,264.84,19.99,20.19,0,1,64.27,5/17/2025,Good,0.00,0.00,0.00,0.00,0.00,0.00,0.00,4.037,0.00056,2.019,0.00028,19.78,0.351,0.00,0.00,24.22,0.0034,0.00,0.00,0.00,0.00,0.00,2.826,0.00,0.359,0.018
-93.77074098,42.02228979,G,TaskName 5/17/2025 (GreenStar 4 Monitor),Water,96,5/17/2025,1.000,On,1110.7,121.25,0.00,4.361,6.401,5.301,265.07,19.99,20.15,0,1,64.14,5/17/2025,Good,0.00,0.00,0.00,0.00,0.00,0.00,0.00,4.031,0.00056,2.015,0.00028,19.75,0.352,0.00,0.00,24.19,0.0034,0.00,0.00,0.00,0.00,0.00,2.822,0.00,0.359,0.018
-93.77076441,42.02228818,G,TaskName 5/17/2025 (GreenStar 4 Monitor),Water,97,5/17/2025,1.005,On,1110.8,121.25,0.00,4.360,6.427,5.264,265.26,19.99,20.15,0,1,64.08,5/17/2025,Good,0.00,0.00,0.00,0.00,0.00,0.00,0.00,4.029,0.00056,2.015,0.00028,19.74,0.353,0.00,0.00,24.17,0.0034,0.00,0.00,0.00,0.00,0.00,2.820,0.00,0.360,0.018
-93.77078794,42.02228670,G,TaskName 5/17/2025 (GreenStar 4 Monitor),Water,98,5/17/2025,0.994,On,1111.0,121.25,0.00,4.374,6.385,4.611,265.17,19.99,20.09,0,1,64.36,5/17/2025,Good,0.00,0.00,0.00,0.00,0.00,0.00,0.00,4.018,0.00056,2.009,0.00028,19.69,0.350,0.00,0.00,24.11,0.0033,0.00,0.00,0.00,0.00,0.00,2.812,0.00,0.357,0.018
-93.77081142,42.02228519,G,TaskName 5/17/2025 (GreenStar 4 Monitor),Water,99,5/17/2025,1.005,On,1111.1,121.25,0.00,4.366,6.440,4.705,265.22,19.99,20.00,0,1,64.21,5/17/2025,Good,0.00,0.00,0.00,0.00,0.00,0.00,0.00,4.000,0.00056,2.000,0.00028,19.60,0.351,0.00,0.00,24.00,0.0034,0.00,0.00,0.00,0.00,0.00,2.800,0.00,0.359,0.018
-93.77083468,42.02228367,G,TaskName 5/17/2025 (GreenStar 4 Monitor),Water,100,5/17/2025,1.001,On,1111.2,121.25,0.00,4.348,6.391,5.373,265.24,19.99,20.15,0,1,63.98,5/17/2025,Good,0.00,0.00,0.00,0.00,0.00,0.00,0.00,4.030,0.00056,2.015,0.00028,19.75,0.351,0.00,0.00,24.18,0.0034,0.00,0.00,0.00,0.00,0.00,2.821,0.00,0.358,0.018
-93.77085843,42.02228212,G,TaskName 5/17/2025 (GreenStar 4 Monitor),Water,101,5/17/2025,1.000,On,1111.3,121.25,0.00,4.374,6.417,5.026,265.15,19.99,20.05,0,1,64.31,5/17/2025,Good,0.00,0.00,0.00,0.00,0.00,0.00,0.00,4.010,0.00056,2.005,0.00028,19.65,0.351,0.00,0.00,24.06,0.0034,0.00,0.00,0.00,0.00,0.00,2.807,0.00,0.358,0.018
-93.77088216,42.02228072,G,TaskName 5/17/2025 (GreenStar 4 Monitor),Water,102,5/17/2025,0.995,On,1111.3,121.25,0.00,4.424,6.467,4.833,264.98,19.99,19.92,0,1,65.12,5/17/2025,Good,0.00,0.00,0.00,0.00,0.00,0.00,0.00,3.985,0.00056,1.992,0.00028,19.53,0.351,0.00,0.00,23.91,0.0034,0.00,0.00,0.00,0.00,0.00,2.789,0.00,0.359,0.018
-93.77090600,42.02227904,G,TaskName 5/17/2025 (GreenStar 4 Monitor),Water,103,5/17/2025,1.005,On,1111.4,121.25,0.00,4.401,6.490,4.954,265.05,19.99,19.93,0,1,64.71,5/17/2025,Good,0.00,0.00,0.00,0.00,0.00,0.00,0.00,3.986,0.00056,1.993,0.00028,19.53,0.353,0.00,0.00,23.92,0.0034,0.00,0.00,0.00,0.00,0.00,2.790,0.00,0.360,0.018
-93.77092987,42.02227742,G,TaskName 5/17/2025 (GreenStar 4 Monitor),Water,104,5/17/2025,0.995,On,1111.4,121.25,0.00,4.450,6.506,4.135,265.27,19.99,19.87,0,1,65.52,5/17/2025,Good,0.00,0.00,0.00,0.00,0.00,0.00,0.00,3.974,0.00056,1.987,0.00028,19.48,0.353,0.00,0.00,23.85,0.0034,0.00,0.00,0.00,0.00,0.00,2.782,0.00,0.360,0.018
-93.77095367,42.02227581,G,TaskName 5/17/2025 (GreenStar 4 Monitor),Water,105,5/17/2025,0.999,On,1111.4,121.25,0.00,4.426,6.486,4.269,265.32,19.99,19.89,0,1,65.06,5/17/2025,Good,0.00,0.00,0.00,0.00,0.00,0.00,0.00,3.977,0.00056,1.989,0.00028,19.49,0.352,0.00,0.00,23.86,0.0034,0.00,0.00,0.00,0.00,0.00,2.784,0.00,0.359,0.018
-93.77097754,42.02227458,G,TaskName 5/17/2025 (GreenStar 4 Monitor),Water,106,5/17/2025,1.001,On,1111.5,121.25,0.00,4.433,6.516,4.223,264.94,19.99,19.66,0,1,65.23,5/17/2025,Good,0.00,0.00,0.00,0.00,0.00,0.00,0.00,3.933,0.00056,1.966,0.00028,19.27,0.350,0.00,0.00,23.60,0.0033,0.00,0.00,0.00,0.00,0.00,2.753,0.00,0.357,0.018
-93.77100118,42.02227313,G,TaskName 5/17/2025 (GreenStar 4 Monitor),Water,107,5/17/2025,1.000,On,1111.5,121.25,0.00,4.419,6.488,4.790,264.71,19.99,15.65,0,1,65.01,5/17/2025,Under Target,0.00,0.00,0.00,0.00,0.00,0.00,0.00,3.129,0.00044,1.565,0.00022,15.33,0.277,0.00,0.00,18.77,0.0026,0.00,0.00,0.00,0.00,0.00,2.190,0.00,0.283,0.018
-93.77102499,42.02227121,G,TaskName 5/17/2025 (GreenStar 4 Monitor),Water,108,5/17/2025,1.000,On,1111.6,121.25,0.00,4.410,6.475,5.573,265.16,19.99,13.05,0,1,64.89,5/17/2025,Under Target,0.00,0.00,0.00,0.00,0.00,0.00,0.00,2.609,0.00037,1.305,0.00018,12.79,0.230,0.00,0.00,15.66,0.0022,0.00,0.00,0.00,0.00,0.00,1.827,0.00,0.235,0.018
-93.77104913,42.02226956,G,TaskName 5/17/2025 (GreenStar 4 Monitor),Water,109,5/17/2025,1.000,On,1111.6,121.25,0.00,4.446,6.528,5.186,265.33,19.99,12.77,0,1,65.41,5/17/2025,Under Target,0.00,0.00,0.00,0.00,0.00,0.00,0.00,2.554,0.00036,1.277,0.00018,12.52,0.227,0.00,0.00,15.33,0.0022,0.00,0.00,0.00,0.00,0.00,1.788,0.00,0.232,0.018
-93.77106356,42.02226879,G,TaskName 5/17/2025 (GreenStar 4 Monitor),Water,110,5/17/2025,0.600,On,1111.7,121.25,0.00,4.499,3.963,6.003,265.21,19.99,13.18,0,1,66.18,5/17/2025,Under Target,0.00,0.00,0.00,0.00,0.00,0.00,0.00,2.636,0.00023,1.318,0.00011,12.92,0.142,0.00,0.00,15.82,0.0014,0.00,0.00,0.00,0.00,0.00,1.846,0.00,0.145,0.011
-93.77146253,42.02225886,G,TaskName 5/17/2025 (GreenStar 4 Monitor),Water,111,5/17/2025,0.995,On,1112.5,121.25,0.00,2.617,3.780,5.246,95.82,19.99,23.73,0,2,38.06,5/17/2025,Over Target,0.00,0.00,0.00,0.00,0.00,0.00,0.00,4.747,0.00039,2.373,0.00020,23.26,0.245,0.00,0.00,28.48,0.0023,0.00,0.00,0.00,0.00,0.00,3.323,0.00,0.250,0.011
-93.77143888,42.02225765,G,TaskName 5/17/2025 (GreenStar 4 Monitor),Water,112,5/17/2025,1.000,On,1112.4,121.25,0.00,3.562,5.151,5.652,96.18,19.99,20.84,0,2,51.62,5/17/2025,Good,0.00,0.00,0.00,0.00,0.00,0.00,0.00,4.167,0.00047,2.084,0.00023,20.42,0.293,0.00,0.00,25.00,0.0028,0.00,0.00,0.00,0.00,0.00,2.917,0.00,0.299,0.014
-93.77141156,42.02225470,G,TaskName 5/17/2025 (GreenStar 4 Monitor),Water,113,5/17/2025,1.005,On,1112.3,121.25,0.00,4.680,6.873,5.701,92.56,19.99,20.09,0,2,68.53,5/17/2025,Good,0.00,0.00,0.00,0.00,0.00,0.00,0.00,4.018,0.00060,2.009,0.00030,19.69,0.377,0.00,0.00,24.11,0.0036,0.00,0.00,0.00,0.00,0.00,2.813,0.00,0.384,0.019
-93.77138120,42.02225259,G,TaskName 5/17/2025 (GreenStar 4 Monitor),Water,114,5/17/2025,0.995,On,1112.2,121.25,0.00,5.389,7.848,5.773,88.34,19.99,20.02,0,2,79.03,5/17/2025,Good,0.00,0.00,0.00,0.00,0.00,0.00,0.00,4.004,0.00068,2.002,0.00034,19.62,0.429,0.00,0.00,24.02,0.0041,0.00,0.00,0.00,0.00,0.00,2.803,0.00,0.437,0.022
-93.77134836,42.02225264,G,TaskName 5/17/2025 (GreenStar 4 Monitor),Water,115,5/17/2025,1.000,On,1112.0,121.25,0.00,5.822,8.517,5.872,86.65,19.99,19.94,0,2,85.35,5/17/2025,Good,0.00,0.00,0.00,0.00,0.00,0.00,0.00,3.988,0.00074,1.994,0.00037,19.54,0.463,0.00,0.00,23.93,0.0044,0.00,0.00,0.00,0.00,0.00,2.792,0.00,0.473,0.024
-93.77131442,42.02225430,G,TaskName 5/17/2025 (GreenStar 4 Monitor),Water,116,5/17/2025,1.000,On,1111.9,121.25,0.00,6.242,9.159,4.614,86.64,19.99,19.73,0,2,91.78,5/17/2025,Good,0.00,0.00,0.00,0.00,0.00,0.00,0.00,3.945,0.00079,1.973,0.00039,19.33,0.493,0.00,0.00,23.67,0.0047,0.00,0.00,0.00,0.00,0.00,2.762,0.00,0.503,0.025
-93.77128314,42.02225530,G,TaskName 5/17/2025 (GreenStar 4 Monitor),Water,117,5/17/2025,1.000,On,1111.8,121.25,0.00,6.134,8.992,3.730,85.89,19.99,19.75,0,2,90.11,5/17/2025,Good,0.00,0.00,0.00,0.00,0.00,0.00,0.00,3.949,0.00077,1.975,0.00039,19.35,0.484,0.00,0.00,23.70,0.0046,0.00,0.00,0.00,0.00,0.00,2.765,0.00,0.494,0.025
-93.77125264,42.02225691,G,TaskName 5/17/2025 (GreenStar 4 Monitor),Water,118,5/17/2025,1.000,On,1111.8,121.25,0.00,5.669,8.320,5.383,85.52,19.99,20.12,0,2,83.37,5/17/2025,Good,0.00,0.00,0.00,0.00,0.00,0.00,0.00,4.024,0.00073,2.012,0.00036,19.72,0.457,0.00,0.00,24.15,0.0044,0.00,0.00,0.00,0.00,0.00,2.817,0.00,0.466,0.023
-93.77122166,42.02225865,G,TaskName 5/17/2025 (GreenStar 4 Monitor),Water,119,5/17/2025,0.995,On,1111.7,121.25,0.00,5.714,8.343,4.975,85.24,19.99,20.02,0,2,84.02,5/17/2025,Good,0.00,0.00,0.00,0.00,0.00,0.00,0.00,4.005,0.00073,2.002,0.00036,19.62,0.456,0.00,0.00,24.03,0.0044,0.00,0.00,0.00,0.00,0.00,2.803,0.00,0.465,0.023
-93.77119056,42.02226022,G,TaskName 5/17/2025 (GreenStar 4 Monitor),Water,120,5/17/2025,1.005,On,1111.6,121.25,0.00,5.773,8.510,4.586,84.78,19.99,19.94,0,2,84.85,5/17/2025,Good,0.00,0.00,0.00,0.00,0.00,0.00,0.00,3.989,0.00074,1.994,0.00037,19.54,0.463,0.00,0.00,23.93,0.0044,0.00,0.00,0.00,0.00,0.00,2.792,0.00,0.472,0.024
-93.77115932,42.02226241,G,TaskName 5/17/2025 (GreenStar 4 Monitor),Water,121,5/17/2025,1.000,On,1111.6,121.25,0.00,5.807,8.520,4.903,84.96,19.99,20.05,0,2,85.38,5/17/2025,Good,0.00,0.00,0.00,0.00,0.00,0.00,0.00,4.009,0.00074,2.005,0.00037,19.65,0.466,0.00,0.00,24.06,0.0045,0.00,0.00,0.00,0.00,0.00,2.806,0.00,0.475,0.024
-93.77112791,42.02226469,G,TaskName 5/17/2025 (GreenStar 4 Monitor),Water,122,5/17/2025,1.000,On,1111.5,121.25,0.00,5.807,8.520,4.984,85.19,19.99,20.02,0,2,85.38,5/17/2025,Good,0.00,0.00,0.00,0.00,0.00,0.00,0.00,4.003,0.00074,2.002,0.00037,19.62,0.465,0.00,0.00,24.02,0.0045,0.00,0.00,0.00,0.00,0.00,2.802,0.00,0.475,0.024
-93.77109636,42.02226652,G,TaskName 5/17/2025 (GreenStar 4 Monitor),Water,123,5/17/2025,1.000,On,1111.5,121.25,0.00,5.866,8.612,4.689,84.96,19.99,19.91,0,2,86.30,5/17/2025,Good,0.00,0.00,0.00,0.00,0.00,0.00,0.00,3.981,0.00075,1.991,0.00037,19.51,0.468,0.00,0.00,23.89,0.0045,0.00,0.00,0.00,0.00,0.00,2.787,0.00,0.477,0.024
-93.77106482,42.02226853,G,TaskName 5/17/2025 (GreenStar 4 Monitor),Water,124,5/17/2025,1.000,On,1111.4,121.25,0.00,5.865,8.609,5.209,84.79,19.99,19.98,0,2,86.26,5/17/2025,Good,0.00,0.00,0.00,0.00,0.00,0.00,0.00,3.996,0.00075,1.998,0.00037,19.58,0.469,0.00,0.00,23.98,0.0045,0.00,0.00,0.00,0.00,0.00,2.797,0.00,0.479,0.024
-93.77103284,42.02227064,G,TaskName 5/17/2025 (GreenStar 4 Monitor),Water,125,5/17/2025,1.000,On,1111.4,121.25,0.00,5.906,8.668,4.942,84.81,19.99,20.00,0,2,86.86,5/17/2025,Good,0.00,0.00,0.00,0.00,0.00,0.00,0.00,3.999,0.00075,2.000,0.00038,19.60,0.473,0.00,0.00,23.99,0.0045,0.00,0.00,0.00,0.00,0.00,2.799,0.00,0.482,0.024
-93.77100090,42.02227296,G,TaskName 5/17/2025 (GreenStar 4 Monitor),Water,126,5/17/2025,0.999,On,1111.3,121.25,0.00,5.948,8.717,4.871,85.19,19.99,19.92,0,2,87.44,5/17/2025,Good,0.00,0.00,0.00,0.00,0.00,0.00,0.00,3.985,0.00076,1.992,0.00038,19.52,0.474,0.00,0.00,23.91,0.0045,0.00,0.00,0.00,0.00,0.00,2.789,0.00,0.483,0.024
-93.77096876,42.02227472,G,TaskName 5/17/2025 (GreenStar 4 Monitor),Water,127,5/17/2025,1.001,On,1111.2,121.25,0.00,5.958,8.756,4.763,84.80,19.99,19.89,0,2,87.66,5/17/2025,Good,0.00,0.00,0.00,0.00,0.00,0.00,0.00,3.979,0.00076,1.989,0.00038,19.50,0.475,0.00,0.00,23.87,0.0045,0.00,0.00,0.00,0.00,0.00,2.785,0.00,0.485,0.024
-93.77093632,42.02227677,G,TaskName 5/17/2025 (GreenStar 4 Monitor),Water,128,5/17/2025,1.000,On,1111.0,121.25,0.00,5.988,8.786,4.805,84.68,19.99,20.00,0,2,88.04,5/17/2025,Good,0.00,0.00,0.00,0.00,0.00,0.00,0.00,4.000,0.00076,2.000,0.00038,19.60,0.479,0.00,0.00,24.00,0.0046,0.00,0.00,0.00,0.00,0.00,2.800,0.00,0.489,0.024
-93.77090382,42.02227912,G,TaskName 5/17/2025 (GreenStar 4 Monitor),Water,129,5/17/2025,1.000,On,1110.7,121.25,0.00,6.041,8.868,4.341,84.97,19.99,19.93,0,2,88.86,5/17/2025,Good,0.00,0.00,0.00,0.00,0.00,0.00,0.00,3.985,0.00077,1.993,0.00038,19.53,0.482,0.00,0.00,23.91,0.0046,0.00,0.00,0.00,0.00,0.00,2.790,0.00,0.492,0.025
-93.77087096,42.02228128,G,TaskName 5/17/2025 (GreenStar 4 Monitor),Water,130,5/17/2025,1.000,On,1110.5,121.25,0.00,6.071,8.901,3.599,84.98,19.99,19.71,0,2,89.19,5/17/2025,Good,0.00,0.00,0.00,0.00,0.00,0.00,0.00,3.941,0.00076,1.971,0.00038,19.31,0.478,0.00,0.00,23.65,0.0046,0.00,0.00,0.00,0.00,0.00,2.759,0.00,0.488,0.025
-93.77083899,42.02228321,G,TaskName 5/17/2025 (GreenStar 4 Monitor),Water,131,5/17/2025,1.000,On,1110.4,121.25,0.00,6.025,8.851,4.609,84.71,19.99,19.96,0,2,88.70,5/17/2025,Good,0.00,0.00,0.00,0.00,0.00,0.00,0.00,3.991,0.00077,1.996,0.00038,19.56,0.482,0.00,0.00,23.95,0.0046,0.00,0.00,0.00,0.00,0.00,2.794,0.00,0.492,0.025
-93.77080693,42.02228553,G,TaskName 5/17/2025 (GreenStar 4 Monitor),Water,132,5/17/2025,1.000,On,1110.3,121.25,0.00,5.949,8.717,5.073,85.00,19.99,20.01,0,2,87.35,5/17/2025,Good,0.00,0.00,0.00,0.00,0.00,0.00,0.00,4.002,0.00076,2.001,0.00038,19.61,0.476,0.00,0.00,24.01,0.0046,0.00,0.00,0.00,0.00,0.00,2.802,0.00,0.486,0.024
-93.77077508,42.02228757,G,TaskName 5/17/2025 (GreenStar 4 Monitor),Water,133,5/17/2025,0.995,On,1110.2,121.25,0.00,5.958,8.707,4.841,85.07,19.99,20.00,0,2,87.69,5/17/2025,Good,0.00,0.00,0.00,0.00,0.00,0.00,0.00,4.000,0.00076,2.000,0.00038,19.60,0.475,0.00,0.00,24.00,0.0045,0.00,0.00,0.00,0.00,0.00,2.800,0.00,0.485,0.024
-93.77074316,42.02228957,G,TaskName 5/17/2025 (GreenStar 4 Monitor),Water,134,5/17/2025,1.005,On,1110.1,121.25,0.00,5.930,8.746,4.579,84.90,19.99,19.88,0,2,87.21,5/17/2025,Good,0.00,0.00,0.00,0.00,0.00,0.00,0.00,3.975,0.00076,1.988,0.00038,19.48,0.474,0.00,0.00,23.85,0.0045,0.00,0.00,0.00,0.00,0.00,2.783,0.00,0.484,0.024
-93.77071148,42.02229188,G,TaskName 5/17/2025 (GreenStar 4 Monitor),Water,135,5/17/2025,0.995,On,1110.1,121.25,0.00,5.911,8.632,5.540,85.21,19.99,19.88,0,2,86.93,5/17/2025,Good,0.00,0.00,0.00,0.00,0.00,0.00,0.00,3.975,0.00075,1.988,0.00037,19.48,0.468,0.00,0.00,23.85,0.0045,0.00,0.00,0.00,0.00,0.00,2.783,0.00,0.478,0.024
-93.77067950,42.02229397,G,TaskName 5/17/2025 (GreenStar 4 Monitor),Water,136,5/17/2025,1.005,On,1110.1,121.25,0.00,5.908,8.704,5.278,85.19,19.99,19.94,0,2,86.78,5/17/2025,Good,0.00,0.00,0.00,0.00,0.00,0.00,0.00,3.988,0.00075,1.994,0.00038,19.54,0.473,0.00,0.00,23.93,0.0045,0.00,0.00,0.00,0.00,0.00,2.791,0.00,0.483,0.024
-93.77064757,42.02229574,G,TaskName 5/17/2025 (GreenStar 4 Monitor),Water,137,5/17/2025,0.999,On,1110.1,121.25,0.00,5.946,8.723,4.726,84.64,19.99,19.91,0,2,87.50,5/17/2025,Good,0.00,0.00,0.00,0.00,0.00,0.00,0.00,3.983,0.00076,1.991,0.00038,19.51,0.474,0.00,0.00,23.90,0.0045,0.00,0.00,0.00,0.00,0.00,2.788,0.00,0.484,0.024
-93.77061550,42.02229795,G,TaskName 5/17/2025 (GreenStar 4 Monitor),Water,138,5/17/2025,1.001,On,1110.1,121.25,0.00,5.960,8.756,5.152,84.55,19.99,20.00,0,2,87.66,5/17/2025,Good,0.00,0.00,0.00,0.00,0.00,0.00,0.00,3.999,0.00076,2.000,0.00038,19.60,0.478,0.00,0.00,24.00,0.0046,0.00,0.00,0.00,0.00,0.00,2.799,0.00,0.487,0.024
-93.77058342,42.02230055,G,TaskName 5/17/2025 (GreenStar 4 Monitor),Water,139,5/17/2025,1.000,On,1110.1,121.25,0.00,5.962,8.746,5.277,85.15,19.99,20.04,0,2,87.64,5/17/2025,Good,0.00,0.00,0.00,0.00,0.00,0.00,0.00,4.008,0.00076,2.004,0.00038,19.64,0.478,0.00,0.00,24.05,0.0046,0.00,0.00,0.00,0.00,0.00,2.805,0.00,0.488,0.024
-93.77055106,42.02230271,G,TaskName 5/17/2025 (GreenStar 4 Monitor),Water,140,5/17/2025,1.000,On,1110.1,121.25,0.00,5.996,8.789,5.016,85.28,19.99,20.14,0,2,88.07,5/17/2025,Good,0.00,0.00,0.00,0.00,0.00,0.00,0.00,4.029,0.00077,2.014,0.00039,19.74,0.483,0.00,0.00,24.17,0.0046,0.00,0.00,0.00,0.00,0.00,2.820,0.00,0.493,0.024
-93.77051856,42.02230447,G,TaskName 5/17/2025 (GreenStar 4 Monitor),Water,141,5/17/2025,1.000,On,1110.0,121.25,0.00,6.045,8.868,4.836,84.69,19.99,20.18,0,2,88.86,5/17/2025,Good,0.00,0.00,0.00,0.00,0.00,0.00,0.00,4.035,0.00078,2.018,0.00039,19.77,0.488,0.00,0.00,24.21,0.0047,0.00,0.00,0.00,0.00,0.00,2.825,0.00,0.498,0.025
-93.77048587,42.02230687,G,TaskName 5/17/2025 (GreenStar 4 Monitor),Water,142,5/17/2025,1.000,On,1110.0,121.25,0.00,6.062,8.904,4.698,84.93,19.99,20.10,0,2,89.22,5/17/2025,Good,0.00,0.00,0.00,0.00,0.00,0.00,0.00,4.021,0.00078,2.010,0.00039,19.70,0.488,0.00,0.00,24.12,0.0047,0.00,0.00,0.00,0.00,0.00,2.814,0.00,0.498,0.025
-93.77045316,42.02230950,G,TaskName 5/17/2025 (GreenStar 4 Monitor),Water,143,5/17/2025,0.999,On,1109.9,121.25,0.00,6.070,8.897,4.889,85.82,19.99,20.18,0,2,89.25,5/17/2025,Good,0.00,0.00,0.00,0.00,0.00,0.00,0.00,4.036,0.00078,2.018,0.00039,19.78,0.490,0.00,0.00,24.22,0.0047,0.00,0.00,0.00,0.00,0.00,2.825,0.00,0.500,0.025
-93.77042052,42.02231125,G,TaskName 5/17/2025 (GreenStar 4 Monitor),Water,144,5/17/2025,1.001,On,1109.9,121.25,0.00,6.072,8.910,4.805,85.57,19.99,20.13,0,2,89.20,5/17/2025,Good,0.00,0.00,0.00,0.00,0.00,0.00,0.00,4.026,0.00078,2.013,0.00039,19.73,0.489,0.00,0.00,24.16,0.0047,0.00,0.00,0.00,0.00,0.00,2.818,0.00,0.499,0.025
-93.77038771,42.02231262,G,TaskName 5/17/2025 (GreenStar 4 Monitor),Water,145,5/17/2025,0.995,On,1109.8,121.25,0.00,6.092,8.907,4.280,84.64,19.99,20.11,0,2,89.70,5/17/2025,Good,0.00,0.00,0.00,0.00,0.00,0.00,0.00,4.022,0.00078,2.011,0.00039,19.71,0.489,0.00,0.00,24.13,0.0047,0.00,0.00,0.00,0.00,0.00,2.815,0.00,0.499,0.025
-93.77035512,42.02231497,G,TaskName 5/17/2025 (GreenStar 4 Monitor),Water,146,5/17/2025,1.005,On,1109.8,121.25,0.00,6.072,8.955,4.881,84.76,19.99,20.06,0,2,89.29,5/17/2025,Good,0.00,0.00,0.00,0.00,0.00,0.00,0.00,4.012,0.00078,2.006,0.00039,19.66,0.490,0.00,0.00,24.07,0.0047,0.00,0.00,0.00,0.00,0.00,2.809,0.00,0.500,0.025
-93.77032253,42.02231741,G,TaskName 5/17/2025 (GreenStar 4 Monitor),Water,147,5/17/2025,1.000,On,1109.7,121.25,0.00,6.060,8.890,4.584,85.19,19.99,19.91,0,2,89.08,5/17/2025,Good,0.00,0.00,0.00,0.00,0.00,0.00,0.00,3.981,0.00077,1.991,0.00038,19.51,0.483,0.00,0.00,23.89,0.0046,0.00,0.00,0.00,0.00,0.00,2.787,0.00,0.493,0.025
-93.77028992,42.02231943,G,TaskName 5/17/2025 (GreenStar 4 Monitor),Water,148,5/17/2025,0.999,On,1109.7,121.25,0.00,6.075,8.903,4.685,85.05,19.99,19.91,0,2,89.30,5/17/2025,Good,0.00,0.00,0.00,0.00,0.00,0.00,0.00,3.983,0.00077,1.991,0.00039,19.51,0.484,0.00,0.00,23.90,0.0046,0.00,0.00,0.00,0.00,0.00,2.788,0.00,0.493,0.025
-93.77025732,42.02232146,G,TaskName 5/17/2025 (GreenStar 4 Monitor),Water,149,5/17/2025,1.001,On,1109.7,121.25,0.00,6.065,8.897,4.658,84.86,19.99,19.95,0,2,89.06,5/17/2025,Good,0.00,0.00,0.00,0.00,0.00,0.00,0.00,3.990,0.00077,1.995,0.00039,19.55,0.484,0.00,0.00,23.94,0.0046,0.00,0.00,0.00,0.00,0.00,2.793,0.00,0.494,0.025
-93.77022474,42.02232381,G,TaskName 5/17/2025 (GreenStar 4 Monitor),Water,150,5/17/2025,0.999,On,1109.6,121.25,0.00,6.050,8.877,4.422,85.07,19.99,19.86,0,2,89.04,5/17/2025,Good,0.00,0.00,0.00,0.00,0.00,0.00,0.00,3.972,0.00077,1.986,0.00038,19.46,0.481,0.00,0.00,23.83,0.0046,0.00,0.00,0.00,0.00,0.00,2.780,0.00,0.491,0.025
-93.77019248,42.02232609,G,TaskName 5/17/2025 (GreenStar 4 Monitor),Water,151,5/17/2025,1.000,On,1109.6,121.25,0.00,6.046,8.867,4.906,85.45,19.99,19.94,0,2,88.85,5/17/2025,Good,0.00,0.00,0.00,0.00,0.00,0.00,0.00,3.988,0.00077,1.994,0.00038,19.54,0.482,0.00,0.00,23.93,0.0046,0.00,0.00,0.00,0.00,0.00,2.791,0.00,0.492,0.025
-93.77016000,42.02232802,G,TaskName 5/17/2025 (GreenStar 4 Monitor),Water,152,5/17/2025,0.996,On,1109.6,121.25,0.00,6.007,8.778,4.531,85.42,19.99,19.96,0,2,88.32,5/17/2025,Good,0.00,0.00,0.00,0.00,0.00,0.00,0.00,3.991,0.00076,1.996,0.00038,19.56,0.478,0.00,0.00,23.95,0.0046,0.00,0.00,0.00,0.00,0.00,2.794,0.00,0.488,0.024
-93.77012773,42.02232972,G,TaskName 5/17/2025 (GreenStar 4 Monitor),Water,153,5/17/2025,1.000,On,1109.5,121.25,0.00,6.018,8.831,4.918,84.99,19.99,20.16,0,2,88.49,5/17/2025,Good,0.00,0.00,0.00,0.00,0.00,0.00,0.00,4.031,0.00077,2.016,0.00039,19.75,0.486,0.00,0.00,24.19,0.0046,0.00,0.00,0.00,0.00,0.00,2.822,0.00,0.495,0.025
-93.77009564,42.02233168,G,TaskName 5/17/2025 (GreenStar 4 Monitor),Water,154,5/17/2025,1.000,On,1109.6,121.25,0.00,5.974,8.762,5.449,84.82,19.99,20.14,0,2,87.80,5/17/2025,Good,0.00,0.00,0.00,0.00,0.00,0.00,0.00,4.029,0.00077,2.014,0.00038,19.74,0.481,0.00,0.00,24.17,0.0046,0.00,0.00,0.00,0.00,0.00,2.820,0.00,0.491,0.024
-93.77006343,42.02233376,G,TaskName 5/17/2025 (GreenStar 4 Monitor),Water,155,5/17/2025,1.000,On,1109.5,121.25,0.00,5.987,8.782,5.423,84.72,19.99,20.06,0,2,88.00,5/17/2025,Good,0.00,0.00,0.00,0.00,0.00,0.00,0.00,4.013,0.00077,2.006,0.00038,19.66,0.481,0.00,0.00,24.08,0.0046,0.00,0.00,0.00,0.00,0.00,2.809,0.00,0.490,0.024
-93.77003111,42.02233603,G,TaskName 5/17/2025 (GreenStar 4 Monitor),Water,156,5/17/2025,1.000,On,1109.5,121.25,0.00,5.999,8.798,5.203,84.86,19.99,20.03,0,2,88.16,5/17/2025,Good,0.00,0.00,0.00,0.00,0.00,0.00,0.00,4.006,0.00077,2.003,0.00038,19.63,0.481,0.00,0.00,24.03,0.0046,0.00,0.00,0.00,0.00,0.00,2.804,0.00,0.490,0.024
-93.76999875,42.02233800,G,TaskName 5/17/2025 (GreenStar 4 Monitor),Water,157,5/17/2025,1.004,On,1109.5,121.25,0.00,5.996,8.831,5.092,84.66,19.99,19.94,0,2,88.14,5/17/2025,Good,0.00,0.00,0.00,0.00,0.00,0.00,0.00,3.989,0.00077,1.994,0.00038,19.55,0.480,0.00,0.00,23.93,0.0046,0.00,0.00,0.00,0.00,0.00,2.792,0.00,0.490,0.025
-93.76996666,42.02234022,G,TaskName 5/17/2025 (GreenStar 4 Monitor),Water,158,5/17/2025,0.991,On,1109.5,121.25,0.00,6.005,8.732,4.738,84.70,19.99,19.92,0,2,88.30,5/17/2025,Good,0.00,0.00,0.00,0.00,0.00,0.00,0.00,3.984,0.00076,1.992,0.00038,19.52,0.475,0.00,0.00,23.91,0.0045,0.00,0.00,0.00,0.00,0.00,2.789,0.00,0.484,0.024
-93.76993440,42.02234245,G,TaskName 5/17/2025 (GreenStar 4 Monitor),Water,159,5/17/2025,1.005,On,1109.5,121.25,0.00,5.981,8.811,5.396,84.83,19.99,19.91,0,2,87.85,5/17/2025,Good,0.00,0.00,0.00,0.00,0.00,0.00,0.00,3.983,0.00076,1.991,0.00038,19.52,0.479,0.00,0.00,23.90,0.0046,0.00,0.00,0.00,0.00,0.00,2.788,0.00,0.488,0.025
-93.76990218,42.02234459,G,TaskName 5/17/2025 (GreenStar 4 Monitor),Water,160,5/17/2025,1.000,On,1109.5,121.25,0.00,5.990,8.785,5.287,84.91,19.99,19.99,0,2,88.03,5/17/2025,Good,0.00,0.00,0.00,0.00,0.00,0.00,0.00,3.998,0.00076,1.999,0.00038,19.59,0.479,0.00,0.00,23.99,0.0046,0.00,0.00,0.00,0.00,0.00,2.799,0.00,0.489,0.024
-93.76987010,42.02234682,G,TaskName 5/17/2025 (GreenStar 4 Monitor),Water,161,5/17/2025,0.995,On,1109.4,121.25,0.00,5.981,8.729,5.322,85.17,19.99,20.02,0,2,87.91,5/17/2025,Good,0.00,0.00,0.00,0.00,0.00,0.00,0.00,4.003,0.00076,2.002,0.00038,19.62,0.477,0.00,0.00,24.02,0.0046,0.00,0.00,0.00,0.00,0.00,2.802,0.00,0.486,0.024
-93.76983786,42.02234870,G,TaskName 5/17/2025 (GreenStar 4 Monitor),Water,162,5/17/2025,1.005,On,1109.4,121.25,0.00,5.975,8.808,4.691,85.04,19.99,19.83,0,2,87.82,5/17/2025,Good,0.00,0.00,0.00,0.00,0.00,0.00,0.00,3.965,0.00076,1.983,0.00038,19.43,0.476,0.00,0.00,23.79,0.0046,0.00,0.00,0.00,0.00,0.00,2.776,0.00,0.486,0.025
-93.76980618,42.02235068,G,TaskName 5/17/2025 (GreenStar 4 Monitor),Water,163,5/17/2025,1.000,On,1109.4,121.25,0.00,5.939,8.703,5.618,84.99,19.99,19.86,0,2,87.21,5/17/2025,Good,0.00,0.00,0.00,0.00,0.00,0.00,0.00,3.972,0.00075,1.986,0.00038,19.46,0.471,0.00,0.00,23.83,0.0045,0.00,0.00,0.00,0.00,0.00,2.780,0.00,0.481,0.024
-93.76977429,42.02235254,G,TaskName 5/17/2025 (GreenStar 4 Monitor),Water,164,5/17/2025,1.000,On,1109.4,121.25,0.00,5.911,8.677,5.834,84.72,19.99,19.95,0,2,86.95,5/17/2025,Good,0.00,0.00,0.00,0.00,0.00,0.00,0.00,3.991,0.00075,1.995,0.00038,19.56,0.472,0.00,0.00,23.95,0.0045,0.00,0.00,0.00,0.00,0.00,2.794,0.00,0.482,0.024
-93.76974224,42.02235456,G,TaskName 5/17/2025 (GreenStar 4 Monitor),Water,165,5/17/2025,1.000,On,1109.4,121.25,0.00,5.949,8.716,5.250,84.49,19.99,19.91,0,2,87.34,5/17/2025,Good,0.00,0.00,0.00,0.00,0.00,0.00,0.00,3.983,0.00075,1.991,0.00038,19.51,0.473,0.00,0.00,23.90,0.0045,0.00,0.00,0.00,0.00,0.00,2.788,0.00,0.483,0.024
-93.76971003,42.02235687,G,TaskName 5/17/2025 (GreenStar 4 Monitor),Water,166,5/17/2025,0.996,On,1109.4,121.25,0.00,5.994,8.759,5.089,84.54,19.99,19.96,0,2,88.12,5/17/2025,Good,0.00,0.00,0.00,0.00,0.00,0.00,0.00,3.992,0.00076,1.996,0.00038,19.56,0.477,0.00,0.00,23.95,0.0046,0.00,0.00,0.00,0.00,0.00,2.795,0.00,0.487,0.024
-93.76967776,42.02235935,G,TaskName 5/17/2025 (GreenStar 4 Monitor),Water,167,5/17/2025,1.004,On,1109.5,121.25,0.00,5.970,8.801,5.781,85.12,19.99,20.04,0,2,87.84,5/17/2025,Good,0.00,0.00,0.00,0.00,0.00,0.00,0.00,4.008,0.00077,2.004,0.00038,19.64,0.481,0.00,0.00,24.05,0.0046,0.00,0.00,0.00,0.00,0.00,2.805,0.00,0.491,0.024
-93.76964524,42.02236171,G,TaskName 5/17/2025 (GreenStar 4 Monitor),Water,168,5/17/2025,1.000,On,1109.5,121.25,0.00,6.033,8.851,5.151,85.31,19.99,19.99,0,2,88.69,5/17/2025,Good,0.00,0.00,0.00,0.00,0.00,0.00,0.00,3.998,0.00077,1.999,0.00038,19.59,0.483,0.00,0.00,23.99,0.0046,0.00,0.00,0.00,0.00,0.00,2.799,0.00,0.492,0.025
-93.76961294,42.02236331,G,TaskName 5/17/2025 (GreenStar 4 Monitor),Water,169,5/17/2025,1.000,On,1109.5,121.25,0.00,6.030,8.844,5.290,84.68,19.99,19.98,0,2,88.62,5/17/2025,Good,0.00,0.00,0.00,0.00,0.00,0.00,0.00,3.997,0.00077,1.998,0.00038,19.58,0.482,0.00,0.00,23.98,0.0046,0.00,0.00,0.00,0.00,0.00,2.798,0.00,0.492,0.025
-93.76958034,42.02236573,G,TaskName 5/17/2025 (GreenStar 4 Monitor),Water,170,5/17/2025,1.000,On,1109.5,121.25,0.00,6.039,8.847,5.076,84.84,19.99,20.04,0,2,88.66,5/17/2025,Good,0.00,0.00,0.00,0.00,0.00,0.00,0.00,4.007,0.00077,2.004,0.00039,19.64,0.484,0.00,0.00,24.04,0.0046,0.00,0.00,0.00,0.00,0.00,2.805,0.00,0.493,0.025
-93.76954777,42.02236805,G,TaskName 5/17/2025 (GreenStar 4 Monitor),Water,171,5/17/2025,1.000,On,1109.4,121.25,0.00,6.065,8.910,4.845,85.06,19.99,20.01,0,2,89.28,5/17/2025,Good,0.00,0.00,0.00,0.00,0.00,0.00,0.00,4.002,0.00078,2.001,0.00039,19.61,0.486,0.00,0.00,24.01,0.0047,0.00,0.00,0.00,0.00,0.00,2.801,0.00,0.496,0.025
-93.76951501,42.02237023,G,TaskName 5/17/2025 (GreenStar 4 Monitor),Water,172,5/17/2025,1.000,On,1109.4,121.25,0.00,6.074,8.910,4.535,85.08,19.99,19.92,0,2,89.28,5/17/2025,Good,0.00,0.00,0.00,0.00,0.00,0.00,0.00,3.985,0.00077,1.992,0.00039,19.53,0.484,0.00,0.00,23.91,0.0046,0.00,0.00,0.00,0.00,0.00,2.789,0.00,0.494,0.025
-93.76948248,42.02237234,G,TaskName 5/17/2025 (GreenStar 4 Monitor),Water,173,5/17/2025,0.995,On,1109.4,121.25,0.00,6.059,8.841,5.032,85.10,19.99,19.99,0,2,89.03,5/17/2025,Good,0.00,0.00,0.00,0.00,0.00,0.00,0.00,3.998,0.00077,1.999,0.00038,19.59,0.482,0.00,0.00,23.99,0.0046,0.00,0.00,0.00,0.00,0.00,2.799,0.00,0.492,0.025
-93.76945022,42.02237460,G,TaskName 5/17/2025 (GreenStar 4 Monitor),Water,174,5/17/2025,1.005,On,1109.5,121.25,0.00,6.018,8.867,4.966,85.28,19.99,20.01,0,2,88.41,5/17/2025,Good,0.00,0.00,0.00,0.00,0.00,0.00,0.00,4.002,0.00077,2.001,0.00039,19.61,0.484,0.00,0.00,24.01,0.0046,0.00,0.00,0.00,0.00,0.00,2.801,0.00,0.494,0.025
-93.76941800,42.02237662,G,TaskName 5/17/2025 (GreenStar 4 Monitor),Water,175,5/17/2025,0.995,On,1109.6,121.25,0.00,6.015,8.775,4.608,85.18,19.99,19.93,0,2,88.37,5/17/2025,Good,0.00,0.00,0.00,0.00,0.00,0.00,0.00,3.986,0.00076,1.993,0.00038,19.53,0.477,0.00,0.00,23.91,0.0046,0.00,0.00,0.00,0.00,0.00,2.790,0.00,0.487,0.024
-93.76938585,42.02237864,G,TaskName 5/17/2025 (GreenStar 4 Monitor),Water,176,5/17/2025,1.005,On,1109.7,121.25,0.00,5.984,8.818,4.728,85.08,19.99,19.95,0,2,87.92,5/17/2025,Good,0.00,0.00,0.00,0.00,0.00,0.00,0.00,3.991,0.00077,1.995,0.00038,19.55,0.480,0.00,0.00,23.94,0.0046,0.00,0.00,0.00,0.00,0.00,2.793,0.00,0.490,0.025
-93.76935333,42.02238086,G,TaskName 5/17/2025 (GreenStar 4 Monitor),Water,177,5/17/2025,0.995,On,1109.8,121.25,0.00,6.013,8.766,5.077,85.10,19.99,20.05,0,2,88.29,5/17/2025,Good,0.00,0.00,0.00,0.00,0.00,0.00,0.00,4.010,0.00076,2.005,0.00038,19.65,0.479,0.00,0.00,24.06,0.0046,0.00,0.00,0.00,0.00,0.00,2.807,0.00,0.489,0.024
-93.76932074,42.02238311,G,TaskName 5/17/2025 (GreenStar 4 Monitor),Water,178,5/17/2025,1.005,On,1109.8,121.25,0.00,6.068,8.937,4.841,85.35,19.99,20.03,0,2,89.11,5/17/2025,Good,0.00,0.00,0.00,0.00,0.00,0.00,0.00,4.007,0.00078,2.003,0.00039,19.63,0.488,0.00,0.00,24.04,0.0047,0.00,0.00,0.00,0.00,0.00,2.805,0.00,0.498,0.025
-93.76928798,42.02238528,G,TaskName 5/17/2025 (GreenStar 4 Monitor),Water,179,5/17/2025,1.000,On,1109.9,121.25,0.00,6.086,8.917,4.238,85.55,19.99,19.91,0,2,89.36,5/17/2025,Good,0.00,0.00,0.00,0.00,0.00,0.00,0.00,3.982,0.00077,1.991,0.00039,19.51,0.484,0.00,0.00,23.89,0.0046,0.00,0.00,0.00,0.00,0.00,2.787,0.00,0.494,0.025
-93.76925523,42.02238721,G,TaskName 5/17/2025 (GreenStar 4 Monitor),Water,180,5/17/2025,0.995,On,1110.0,121.25,0.00,6.076,8.858,5.057,85.42,19.99,20.05,0,2,89.21,5/17/2025,Good,0.00,0.00,0.00,0.00,0.00,0.00,0.00,4.010,0.00077,2.005,0.00039,19.65,0.484,0.00,0.00,24.06,0.0046,0.00,0.00,0.00,0.00,0.00,2.807,0.00,0.494,0.025
-93.76922309,42.02238913,G,TaskName 5/17/2025 (GreenStar 4 Monitor),Water,181,5/17/2025,1.005,On,1110.1,121.25,0.00,6.038,8.894,5.050,85.20,19.99,20.08,0,2,88.68,5/17/2025,Good,0.00,0.00,0.00,0.00,0.00,0.00,0.00,4.015,0.00078,2.008,0.00039,19.68,0.487,0.00,0.00,24.09,0.0047,0.00,0.00,0.00,0.00,0.00,2.811,0.00,0.497,0.025
-93.76919028,42.02239123,G,TaskName 5/17/2025 (GreenStar 4 Monitor),Water,182,5/17/2025,0.995,On,1110.3,121.25,0.00,6.049,8.822,4.457,85.17,19.99,19.89,0,2,88.85,5/17/2025,Good,0.00,0.00,0.00,0.00,0.00,0.00,0.00,3.978,0.00076,1.989,0.00038,19.49,0.479,0.00,0.00,23.87,0.0046,0.00,0.00,0.00,0.00,0.00,2.785,0.00,0.488,0.025
-93.76915795,42.02239349,G,TaskName 5/17/2025 (GreenStar 4 Monitor),Water,183,5/17/2025,1.005,On,1110.4,121.25,0.00,6.061,8.914,4.477,85.50,19.99,19.55,0,2,88.88,5/17/2025,Good,0.00,0.00,0.00,0.00,0.00,0.00,0.00,3.909,0.00076,1.955,0.00038,19.15,0.475,0.00,0.00,23.45,0.0045,0.00,0.00,0.00,0.00,0.00,2.736,0.00,0.485,0.025
-93.76912537,42.02239538,G,TaskName 5/17/2025 (GreenStar 4 Monitor),Water,184,5/17/2025,0.995,On,1110.6,121.25,0.00,6.023,8.789,4.917,85.31,19.99,14.09,0,2,88.52,5/17/2025,Under Target,0.00,0.00,0.00,0.00,0.00,0.00,0.00,2.818,0.00054,1.409,0.00027,13.81,0.338,0.00,0.00,16.91,0.0032,0.00,0.00,0.00,0.00,0.00,1.973,0.00,0.345,0.024
-93.76909275,42.02239712,G,TaskName 5/17/2025 (GreenStar 4 Monitor),Water,185,5/17/2025,1.004,On,1110.7,121.25,0.00,6.035,8.878,6.369,84.90,19.99,12.87,0,2,88.61,5/17/2025,Under Target,0.00,0.00,0.00,0.00,0.00,0.00,0.00,2.574,0.00050,1.287,0.00025,12.61,0.312,0.00,0.00,15.44,0.0030,0.00,0.00,0.00,0.00,0.00,1.802,0.00,0.318,0.025
-93.76905996,42.02239924,G,TaskName 5/17/2025 (GreenStar 4 Monitor),Water,186,5/17/2025,1.001,On,1110.9,121.25,0.00,6.127,8.983,5.693,84.75,19.99,13.10,0,2,89.92,5/17/2025,Under Target,0.00,0.00,0.00,0.00,0.00,0.00,0.00,2.621,0.00051,1.310,0.00026,12.84,0.321,0.00,0.00,15.72,0.0031,0.00,0.00,0.00,0.00,0.00,1.835,0.00,0.328,0.025
-93.76904815,42.02239999,G,TaskName 5/17/2025 (GreenStar 4 Monitor),Water,187,5/17/2025,0.399,On,1110.9,121.25,0.00,6.008,3.514,4.343,84.68,19.99,12.15,0,2,88.25,5/17/2025,Under Target,0.00,0.00,0.00,0.00,0.00,0.00,0.00,2.431,0.00019,1.215,9.287e-05,11.91,0.116,0.00,0.00,14.58,0.0011,0.00,0.00,0.00,0.00,0.00,1.702,0.00,0.119,0.0098
-93.76901030,42.02240276,G,TaskName 5/17/2025 (GreenStar 4 Monitor),Water,188,5/17/2025,0.200,On,1111.1,121.25,0.00,0.066,0.082,1.089,84.83,19.99,0.00,0,3,4.110,5/17/2025,Under Target,0.00,0.00,0.00,0.00,0.00,0.00,0.00,0.00,0.00,0.00,0.00,0.00,0.00,0.00,0.00,0.00,0.00,0.00,0.00,0.00,0.00,0.00,0.00,0.00,0.00,0.00023
-93.76887378,42.02241407,G,TaskName 5/17/2025 (GreenStar 4 Monitor),Water,189,5/17/2025,1.005,On,1110.7,121.25,0.00,1.801,2.434,4.176,272.86,19.99,46.57,0,4,24.27,5/17/2025,Over Target,0.00,0.00,0.00,0.00,0.00,0.00,0.00,9.314,0.00049,4.657,0.00025,45.64,0.309,0.00,0.00,55.88,0.0030,0.00,0.00,0.00,0.00,0.00,6.520,0.00,0.316,0.0068
-93.76889050,42.02241554,G,TaskName 5/17/2025 (GreenStar 4 Monitor),Water,190,5/17/2025,0.995,On,1110.7,121.25,0.00,2.619,3.789,6.056,270.94,19.99,24.88,0,4,38.16,5/17/2025,Over Target,0.00,0.00,0.00,0.00,0.00,0.00,0.00,4.977,0.00041,2.488,0.00021,24.39,0.257,0.00,0.00,29.86,0.0025,0.00,0.00,0.00,0.00,0.00,3.484,0.00,0.262,0.011
-93.76891426,42.02241560,G,TaskName 5/17/2025 (GreenStar 4 Monitor),Water,191,5/17/2025,1.000,On,1110.5,121.25,0.00,3.570,5.148,4.443,271.21,19.99,21.42,0,4,51.58,5/17/2025,Good,0.00,0.00,0.00,0.00,0.00,0.00,0.00,4.284,0.00048,2.142,0.00024,20.99,0.301,0.00,0.00,25.70,0.0029,0.00,0.00,0.00,0.00,0.00,2.999,0.00,0.307,0.014
-93.76893988,42.02241617,G,TaskName 5/17/2025 (GreenStar 4 Monitor),Water,192,5/17/2025,1.000,On,1110.4,121.25,0.00,4.393,6.430,5.692,270.86,19.99,19.97,0,4,64.44,5/17/2025,Good,0.00,0.00,0.00,0.00,0.00,0.00,0.00,3.993,0.00056,1.997,0.00028,19.57,0.350,0.00,0.00,23.96,0.0034,0.00,0.00,0.00,0.00,0.00,2.795,0.00,0.357,0.018
-93.76896918,42.02241674,G,TaskName 5/17/2025 (GreenStar 4 Monitor),Water,193,5/17/2025,1.005,On,1110.2,121.25,0.00,5.066,7.444,5.111,270.38,19.99,19.79,0,4,74.22,5/17/2025,Good,0.00,0.00,0.00,0.00,0.00,0.00,0.00,3.957,0.00064,1.979,0.00032,19.39,0.402,0.00,0.00,23.74,0.0038,0.00,0.00,0.00,0.00,0.00,2.770,0.00,0.410,0.021
-93.76899857,42.02241696,G,TaskName 5/17/2025 (GreenStar 4 Monitor),Water,194,5/17/2025,0.995,On,1110.1,121.25,0.00,5.427,7.913,5.312,270.06,19.99,19.87,0,4,79.69,5/17/2025,Good,0.00,0.00,0.00,0.00,0.00,0.00,0.00,3.975,0.00068,1.987,0.00034,19.48,0.429,0.00,0.00,23.85,0.0041,0.00,0.00,0.00,0.00,0.00,2.782,0.00,0.438,0.022
-93.76902904,42.02241739,G,TaskName 5/17/2025 (GreenStar 4 Monitor),Water,195,5/17/2025,1.005,On,1110.0,121.25,0.00,5.510,8.123,5.567,269.80,19.99,19.97,0,4,81.00,5/17/2025,Good,0.00,0.00,0.00,0.00,0.00,0.00,0.00,3.994,0.00071,1.997,0.00035,19.57,0.442,0.00,0.00,23.96,0.0042,0.00,0.00,0.00,0.00,0.00,2.796,0.00,0.452,0.023
-93.76906050,42.02241728,G,TaskName 5/17/2025 (GreenStar 4 Monitor),Water,196,5/17/2025,0.995,On,1109.9,121.25,0.00,5.741,8.379,5.490,269.88,19.99,19.93,0,4,84.39,5/17/2025,Good,0.00,0.00,0.00,0.00,0.00,0.00,0.00,3.986,0.00073,1.993,0.00036,19.53,0.456,0.00,0.00,23.91,0.0044,0.00,0.00,0.00,0.00,0.00,2.790,0.00,0.465,0.023
-93.76909431,42.02241706,G,TaskName 5/17/2025 (GreenStar 4 Monitor),Water,197,5/17/2025,1.005,On,1109.7,121.25,0.00,5.977,8.806,6.119,270.16,19.99,20.00,0,4,87.80,5/17/2025,Good,0.00,0.00,0.00,0.00,0.00,0.00,0.00,4.000,0.00077,2.000,0.00038,19.60,0.480,0.00,0.00,24.00,0.0046,0.00,0.00,0.00,0.00,0.00,2.800,0.00,0.490,0.025
-93.76912929,42.02241743,G,TaskName 5/17/2025 (GreenStar 4 Monitor),Water,198,5/17/2025,0.995,On,1109.6,121.25,0.00,6.399,9.327,5.091,269.98,19.99,19.78,0,4,93.94,5/17/2025,Good,0.00,0.00,0.00,0.00,0.00,0.00,0.00,3.955,0.00080,1.978,0.00040,19.38,0.503,0.00,0.00,23.73,0.0048,0.00,0.00,0.00,0.00,0.00,2.769,0.00,0.513,0.026
-93.76916438,42.02241742,G,TaskName 5/17/2025 (GreenStar 4 Monitor),Water,199,5/17/2025,1.005,On,1109.4,121.25,0.00,6.459,9.524,5.869,270.02,19.99,19.99,0,4,94.96,5/17/2025,Good,0.00,0.00,0.00,0.00,0.00,0.00,0.00,3.997,0.00083,1.999,0.00041,19.59,0.519,0.00,0.00,23.98,0.0050,0.00,0.00,0.00,0.00,0.00,2.798,0.00,0.530,0.027
-93.76920027,42.02241739,G,TaskName 5/17/2025 (GreenStar 4 Monitor),Water,200,5/17/2025,0.995,On,1109.4,121.25,0.00,6.574,9.587,5.468,269.98,19.99,19.98,0,4,96.55,5/17/2025,Good,0.00,0.00,0.00,0.00,0.00,0.00,0.00,3.995,0.00083,1.998,0.00042,19.58,0.522,0.00,0.00,23.97,0.0050,0.00,0.00,0.00,0.00,0.00,2.797,0.00,0.533,0.027
-93.76923645,42.02241785,G,TaskName 5/17/2025 (GreenStar 4 Monitor),Water,201,5/17/2025,1.000,On,1109.3,121.25,0.00,6.665,9.777,5.588,269.33,19.99,19.96,0,4,97.97,5/17/2025,Good,0.00,0.00,0.00,0.00,0.00,0.00,0.00,3.992,0.00085,1.996,0.00042,19.56,0.532,0.00,0.00,23.95,0.0051,0.00,0.00,0.00,0.00,0.00,2.794,0.00,0.543,0.027
-93.76927371,42.02241740,G,TaskName 5/17/2025 (GreenStar 4 Monitor),Water,202,5/17/2025,0.999,On,1109.2,121.25,0.00,6.795,9.964,5.617,269.83,19.99,19.90,0,4,99.94,5/17/2025,Good,0.00,0.00,0.00,0.00,0.00,0.00,0.00,3.981,0.00086,1.990,0.00043,19.51,0.541,0.00,0.00,23.89,0.0052,0.00,0.00,0.00,0.00,0.00,2.787,0.00,0.552,0.028
-93.76931095,42.02241735,G,TaskName 5/17/2025 (GreenStar 4 Monitor),Water,203,5/17/2025,1.001,On,1109.1,121.25,0.00,6.874,10.09,6.035,270.08,19.99,20.02,0,4,101.03,5/17/2025,Good,0.00,0.00,0.00,0.00,0.00,0.00,0.00,4.004,0.00088,2.002,0.00044,19.62,0.551,0.00,0.00,24.02,0.0053,0.00,0.00,0.00,0.00,0.00,2.803,0.00,0.562,0.028
-93.76934857,42.02241750,G,TaskName 5/17/2025 (GreenStar 4 Monitor),Water,204,5/17/2025,1.000,On,1109.0,121.25,0.00,6.936,10.17,5.564,269.80,19.99,19.96,0,4,101.95,5/17/2025,Good,0.00,0.00,0.00,0.00,0.00,0.00,0.00,3.992,0.00088,1.996,0.00044,19.56,0.554,0.00,0.00,23.95,0.0053,0.00,0.00,0.00,0.00,0.00,2.794,0.00,0.565,0.028
-93.76938592,42.02241714,G,TaskName 5/17/2025 (GreenStar 4 Monitor),Water,205,5/17/2025,1.000,On,1109.0,121.25,0.00,6.964,10.21,5.743,270.16,19.99,20.03,0,4,102.31,5/17/2025,Good,0.00,0.00,0.00,0.00,0.00,0.00,0.00,4.005,0.00089,2.003,0.00044,19.62,0.558,0.00,0.00,24.03,0.0053,0.00,0.00,0.00,0.00,0.00,2.804,0.00,0.569,0.028
-93.76942335,42.02241690,G,TaskName 5/17/2025 (GreenStar 4 Monitor),Water,206,5/17/2025,0.999,On,1109.0,121.25,0.00,6.910,10.12,6.158,270.68,19.99,20.18,0,4,101.52,5/17/2025,Good,0.00,0.00,0.00,0.00,0.00,0.00,0.00,4.037,0.00089,2.018,0.00044,19.78,0.557,0.00,0.00,24.22,0.0053,0.00,0.00,0.00,0.00,0.00,2.826,0.00,0.569,0.028
-93.76946092,42.02241718,G,TaskName 5/17/2025 (GreenStar 4 Monitor),Water,207,5/17/2025,1.001,On,1109.0,121.25,0.00,6.927,10.17,6.160,270.45,19.99,20.30,0,4,101.78,5/17/2025,Good,0.00,0.00,0.00,0.00,0.00,0.00,0.00,4.061,0.00090,2.030,0.00045,19.90,0.563,0.00,0.00,24.36,0.0054,0.00,0.00,0.00,0.00,0.00,2.843,0.00,0.575,0.028
-93.76949876,42.02241730,G,TaskName 5/17/2025 (GreenStar 4 Monitor),Water,208,5/17/2025,1.000,On,1109.0,121.25,0.00,6.984,10.24,6.291,270.51,19.99,20.28,0,4,102.64,5/17/2025,Good,0.00,0.00,0.00,0.00,0.00,0.00,0.00,4.056,0.00090,2.028,0.00045,19.87,0.567,0.00,0.00,24.33,0.0054,0.00,0.00,0.00,0.00,0.00,2.839,0.00,0.578,0.029
-93.76953691,42.02241788,G,TaskName 5/17/2025 (GreenStar 4 Monitor),Water,209,5/17/2025,1.000,On,1109.0,121.25,0.00,7.037,10.31,6.160,269.71,19.99,20.19,0,4,103.36,5/17/2025,Good,0.00,0.00,0.00,0.00,0.00,0.00,0.00,4.038,0.00091,2.019,0.00045,19.79,0.568,0.00,0.00,24.23,0.0054,0.00,0.00,0.00,0.00,0.00,2.827,0.00,0.580,0.029
-93.76957500,42.02241804,G,TaskName 5/17/2025 (GreenStar 4 Monitor),Water,210,5/17/2025,0.999,On,1108.9,121.25,0.00,7.069,10.37,6.121,269.40,19.99,20.11,0,4,103.99,5/17/2025,Good,0.00,0.00,0.00,0.00,0.00,0.00,0.00,4.021,0.00091,2.011,0.00045,19.70,0.569,0.00,0.00,24.13,0.0054,0.00,0.00,0.00,0.00,0.00,2.815,0.00,0.580,0.029
-93.76961257,42.02241768,G,TaskName 5/17/2025 (GreenStar 4 Monitor),Water,211,5/17/2025,1.001,On,1108.9,121.25,0.00,7.021,10.31,5.728,270.00,19.99,20.05,0,4,103.16,5/17/2025,Good,0.00,0.00,0.00,0.00,0.00,0.00,0.00,4.010,0.00090,2.005,0.00045,19.65,0.564,0.00,0.00,24.06,0.0054,0.00,0.00,0.00,0.00,0.00,2.807,0.00,0.575,0.029
-93.76964784,42.02241765,G,TaskName 5/17/2025 (GreenStar 4 Monitor),Water,212,5/17/2025,0.999,On,1109.0,121.25,0.00,6.767,9.915,5.799,270.05,19.99,20.12,0,4,99.45,5/17/2025,Good,0.00,0.00,0.00,0.00,0.00,0.00,0.00,4.023,0.00087,2.012,0.00043,19.71,0.544,0.00,0.00,24.14,0.0052,0.00,0.00,0.00,0.00,0.00,2.816,0.00,0.555,0.028
-93.76968392,42.02241804,G,TaskName 5/17/2025 (GreenStar 4 Monitor),Water,213,5/17/2025,1.001,On,1109.0,121.25,0.00,6.574,9.652,6.835,269.53,19.99,20.14,0,4,96.62,5/17/2025,Good,0.00,0.00,0.00,0.00,0.00,0.00,0.00,4.028,0.00085,2.014,0.00042,19.73,0.530,0.00,0.00,24.17,0.0051,0.00,0.00,0.00,0.00,0.00,2.819,0.00,0.541,0.027
-93.76971997,42.02241781,G,TaskName 5/17/2025 (GreenStar 4 Monitor),Water,214,5/17/2025,1.000,On,1109.0,121.25,0.00,6.706,9.833,6.638,270.14,19.99,20.42,0,4,98.53,5/17/2025,Good,0.00,0.00,0.00,0.00,0.00,0.00,0.00,4.085,0.00087,2.042,0.00044,20.02,0.548,0.00,0.00,24.51,0.0052,0.00,0.00,0.00,0.00,0.00,2.859,0.00,0.559,0.027
-93.76975623,42.02241811,G,TaskName 5/17/2025 (GreenStar 4 Monitor),Water,215,5/17/2025,1.000,On,1109.0,121.25,0.00,6.707,9.829,6.834,269.86,19.99,20.57,0,4,98.50,5/17/2025,Good,0.00,0.00,0.00,0.00,0.00,0.00,0.00,4.114,0.00088,2.057,0.00044,20.16,0.552,0.00,0.00,24.69,0.0053,0.00,0.00,0.00,0.00,0.00,2.880,0.00,0.563,0.027
-93.76979255,42.02241820,G,TaskName 5/17/2025 (GreenStar 4 Monitor),Water,216,5/17/2025,0.999,On,1109.0,121.25,0.00,6.723,9.859,6.651,269.36,19.99,20.28,0,4,98.89,5/17/2025,Good,0.00,0.00,0.00,0.00,0.00,0.00,0.00,4.057,0.00087,2.028,0.00043,19.88,0.545,0.00,0.00,24.34,0.0052,0.00,0.00,0.00,0.00,0.00,2.840,0.00,0.557,0.027
-93.76982864,42.02241751,G,TaskName 5/17/2025 (GreenStar 4 Monitor),Water,217,5/17/2025,1.001,On,1109.0,121.25,0.00,6.712,9.843,6.809,270.19,19.99,20.07,0,4,98.53,5/17/2025,Good,0.00,0.00,0.00,0.00,0.00,0.00,0.00,4.014,0.00086,2.007,0.00043,19.67,0.539,0.00,0.00,24.09,0.0052,0.00,0.00,0.00,0.00,0.00,2.810,0.00,0.550,0.027
-93.76986528,42.02241750,G,TaskName 5/17/2025 (GreenStar 4 Monitor),Water,218,5/17/2025,0.999,On,1109.0,121.25,0.00,6.745,9.892,6.202,270.36,19.99,19.96,0,4,99.22,5/17/2025,Good,0.00,0.00,0.00,0.00,0.00,0.00,0.00,3.992,0.00086,1.996,0.00043,19.56,0.539,0.00,0.00,23.95,0.0052,0.00,0.00,0.00,0.00,0.00,2.795,0.00,0.550,0.028
-93.76990169,42.02241774,G,TaskName 5/17/2025 (GreenStar 4 Monitor),Water,219,5/17/2025,1.001,On,1109.0,121.25,0.00,6.757,9.908,6.503,270.07,19.99,20.41,0,4,99.19,5/17/2025,Good,0.00,0.00,0.00,0.00,0.00,0.00,0.00,4.083,0.00088,2.041,0.00044,20.01,0.552,0.00,0.00,24.50,0.0053,0.00,0.00,0.00,0.00,0.00,2.858,0.00,0.563,0.028
-93.76993822,42.02241762,G,TaskName 5/17/2025 (GreenStar 4 Monitor),Water,220,5/17/2025,0.999,On,1109.0,121.25,0.00,6.767,9.925,6.061,270.16,19.99,20.79,0,4,99.55,5/17/2025,Good,0.00,0.00,0.00,0.00,0.00,0.00,0.00,4.159,0.00090,2.079,0.00045,20.38,0.563,0.00,0.00,24.95,0.0054,0.00,0.00,0.00,0.00,0.00,2.911,0.00,0.574,0.028
-93.76997489,42.02241779,G,TaskName 5/17/2025 (GreenStar 4 Monitor),Water,221,5/17/2025,1.001,On,1109.0,121.25,0.00,6.783,9.948,6.407,269.84,19.99,20.74,0,4,99.58,5/17/2025,Good,0.00,0.00,0.00,0.00,0.00,0.00,0.00,4.148,0.00090,2.074,0.00045,20.32,0.563,0.00,0.00,24.89,0.0054,0.00,0.00,0.00,0.00,0.00,2.903,0.00,0.574,0.028
-93.77001165,42.02241759,G,TaskName 5/17/2025 (GreenStar 4 Monitor),Water,222,5/17/2025,0.999,On,1109.0,121.25,0.00,6.787,9.957,6.278,270.25,19.99,20.58,0,4,99.88,5/17/2025,Good,0.00,0.00,0.00,0.00,0.00,0.00,0.00,4.117,0.00089,2.058,0.00045,20.17,0.559,0.00,0.00,24.70,0.0053,0.00,0.00,0.00,0.00,0.00,2.882,0.00,0.571,0.028
-93.77004840,42.02241735,G,TaskName 5/17/2025 (GreenStar 4 Monitor),Water,223,5/17/2025,1.000,On,1109.0,121.25,0.00,6.796,9.967,6.130,270.79,19.99,20.31,0,4,99.88,5/17/2025,Good,0.00,0.00,0.00,0.00,0.00,0.00,0.00,4.062,0.00088,2.031,0.00044,19.90,0.552,0.00,0.00,24.37,0.0053,0.00,0.00,0.00,0.00,0.00,2.843,0.00,0.563,0.028
-93.77008488,42.02241779,G,TaskName 5/17/2025 (GreenStar 4 Monitor),Water,224,5/17/2025,1.001,On,1109.0,121.25,0.00,6.772,9.929,6.056,270.47,19.99,20.11,0,4,99.40,5/17/2025,Good,0.00,0.00,0.00,0.00,0.00,0.00,0.00,4.021,0.00087,2.011,0.00043,19.70,0.545,0.00,0.00,24.13,0.0052,0.00,0.00,0.00,0.00,0.00,2.815,0.00,0.556,0.028
-93.77012131,42.02241794,G,TaskName 5/17/2025 (GreenStar 4 Monitor),Water,225,5/17/2025,1.000,On,1109.1,121.25,0.00,6.760,9.911,6.467,270.29,19.99,20.27,0,4,99.31,5/17/2025,Good,0.00,0.00,0.00,0.00,0.00,0.00,0.00,4.054,0.00087,2.027,0.00044,19.86,0.548,0.00,0.00,24.32,0.0052,0.00,0.00,0.00,0.00,0.00,2.838,0.00,0.559,0.028
-93.77015809,42.02241818,G,TaskName 5/17/2025 (GreenStar 4 Monitor),Water,226,5/17/2025,1.000,On,1109.1,121.25,0.00,6.798,9.966,6.043,269.85,19.99,20.60,0,4,99.87,5/17/2025,Good,0.00,0.00,0.00,0.00,0.00,0.00,0.00,4.119,0.00089,2.060,0.00045,20.18,0.560,0.00,0.00,24.72,0.0054,0.00,0.00,0.00,0.00,0.00,2.884,0.00,0.571,0.028
-93.77019481,42.02241786,G,TaskName 5/17/2025 (GreenStar 4 Monitor),Water,227,5/17/2025,0.999,On,1109.2,121.25,0.00,6.795,9.966,6.153,270.05,19.99,20.30,0,4,99.97,5/17/2025,Good,0.00,0.00,0.00,0.00,0.00,0.00,0.00,4.059,0.00088,2.030,0.00044,19.89,0.552,0.00,0.00,24.36,0.0053,0.00,0.00,0.00,0.00,0.00,2.842,0.00,0.563,0.028
-93.77023150,42.02241774,G,TaskName 5/17/2025 (GreenStar 4 Monitor),Water,228,5/17/2025,0.996,On,1109.3,121.25,0.00,6.795,9.924,6.139,270.50,19.99,20.05,0,4,99.84,5/17/2025,Good,0.00,0.00,0.00,0.00,0.00,0.00,0.00,4.010,0.00087,2.005,0.00043,19.65,0.543,0.00,0.00,24.06,0.0052,0.00,0.00,0.00,0.00,0.00,2.807,0.00,0.554,0.028
-93.77026816,42.02241792,G,TaskName 5/17/2025 (GreenStar 4 Monitor),Water,229,5/17/2025,1.004,On,1109.3,121.25,0.00,6.798,10.01,6.152,270.44,19.99,19.94,0,4,99.86,5/17/2025,Good,0.00,0.00,0.00,0.00,0.00,0.00,0.00,3.988,0.00087,1.994,0.00043,19.54,0.544,0.00,0.00,23.93,0.0052,0.00,0.00,0.00,0.00,0.00,2.792,0.00,0.555,0.028
-93.77030507,42.02241826,G,TaskName 5/17/2025 (GreenStar 4 Monitor),Water,230,5/17/2025,0.996,On,1109.4,121.25,0.00,6.802,9.930,6.177,270.15,19.99,20.03,0,4,99.91,5/17/2025,Good,0.00,0.00,0.00,0.00,0.00,0.00,0.00,4.005,0.00086,2.003,0.00043,19.63,0.542,0.00,0.00,24.03,0.0052,0.00,0.00,0.00,0.00,0.00,2.804,0.00,0.554,0.028
-93.77034208,42.02241865,G,TaskName 5/17/2025 (GreenStar 4 Monitor),Water,231,5/17/2025,1.004,On,1109.4,121.25,0.00,6.856,10.09,5.776,269.67,19.99,19.96,0,4,100.72,5/17/2025,Good,0.00,0.00,0.00,0.00,0.00,0.00,0.00,3.991,0.00088,1.996,0.00044,19.56,0.549,0.00,0.00,23.95,0.0053,0.00,0.00,0.00,0.00,0.00,2.794,0.00,0.561,0.028
-93.77037910,42.02241871,G,TaskName 5/17/2025 (GreenStar 4 Monitor),Water,232,5/17/2025,1.001,On,1109.5,121.25,0.00,6.846,10.05,5.695,269.19,19.99,20.66,0,4,100.56,5/17/2025,Good,0.00,0.00,0.00,0.00,0.00,0.00,0.00,4.132,0.00090,2.066,0.00045,20.25,0.566,0.00,0.00,24.79,0.0054,0.00,0.00,0.00,0.00,0.00,2.893,0.00,0.578,0.028
-93.77041598,42.02241812,G,TaskName 5/17/2025 (GreenStar 4 Monitor),Water,233,5/17/2025,0.995,On,1109.5,121.25,0.00,6.852,9.993,5.922,269.88,19.99,20.58,0,4,100.64,5/17/2025,Good,0.00,0.00,0.00,0.00,0.00,0.00,0.00,4.116,0.00089,2.058,0.00045,20.17,0.561,0.00,0.00,24.70,0.0054,0.00,0.00,0.00,0.00,0.00,2.881,0.00,0.572,0.028
-93.77045293,42.02241745,G,TaskName 5/17/2025 (GreenStar 4 Monitor),Water,234,5/17/2025,1.004,On,1109.5,121.25,0.00,6.824,10.05,5.889,270.99,19.99,20.43,0,4,100.26,5/17/2025,Good,0.00,0.00,0.00,0.00,0.00,0.00,0.00,4.085,0.00089,2.043,0.00045,20.02,0.560,0.00,0.00,24.51,0.0054,0.00,0.00,0.00,0.00,0.00,2.860,0.00,0.571,0.028
-93.77048973,42.02241800,G,TaskName 5/17/2025 (GreenStar 4 Monitor),Water,235,5/17/2025,1.000,On,1109.6,121.25,0.00,6.840,10.03,5.275,270.55,19.99,20.12,0,4,100.46,5/17/2025,Good,0.00,0.00,0.00,0.00,0.00,0.00,0.00,4.023,0.00088,2.012,0.00044,19.71,0.550,0.00,0.00,24.14,0.0053,0.00,0.00,0.00,0.00,0.00,2.816,0.00,0.561,0.028
-93.77052655,42.02241837,G,TaskName 5/17/2025 (GreenStar 4 Monitor),Water,236,5/17/2025,0.996,On,1109.6,121.25,0.00,6.819,9.950,5.614,270.02,19.99,19.94,0,4,100.11,5/17/2025,Good,0.00,0.00,0.00,0.00,0.00,0.00,0.00,3.988,0.00086,1.994,0.00043,19.54,0.541,0.00,0.00,23.93,0.0052,0.00,0.00,0.00,0.00,0.00,2.792,0.00,0.552,0.028
-93.77056404,42.02241825,G,TaskName 5/17/2025 (GreenStar 4 Monitor),Water,237,5/17/2025,0.999,On,1109.6,121.25,0.00,6.892,10.10,6.192,270.28,19.99,19.89,0,4,101.32,5/17/2025,Good,0.00,0.00,0.00,0.00,0.00,0.00,0.00,3.978,0.00087,1.989,0.00044,19.49,0.548,0.00,0.00,23.87,0.0052,0.00,0.00,0.00,0.00,0.00,2.785,0.00,0.559,0.028
-93.77060207,42.02241834,G,TaskName 5/17/2025 (GreenStar 4 Monitor),Water,238,5/17/2025,1.001,On,1109.6,121.25,0.00,6.992,10.25,5.879,270.26,19.99,19.76,0,4,102.56,5/17/2025,Good,0.00,0.00,0.00,0.00,0.00,0.00,0.00,3.953,0.00088,1.976,0.00044,19.37,0.552,0.00,0.00,23.72,0.0053,0.00,0.00,0.00,0.00,0.00,2.767,0.00,0.564,0.029
-93.77064012,42.02241863,G,TaskName 5/17/2025 (GreenStar 4 Monitor),Water,239,5/17/2025,1.000,On,1109.5,121.25,0.00,7.035,10.32,5.668,270.05,19.99,19.80,0,4,103.42,5/17/2025,Good,0.00,0.00,0.00,0.00,0.00,0.00,0.00,3.960,0.00089,1.980,0.00044,19.41,0.557,0.00,0.00,23.76,0.0053,0.00,0.00,0.00,0.00,0.00,2.772,0.00,0.569,0.029
-93.77067819,42.02241881,G,TaskName 5/17/2025 (GreenStar 4 Monitor),Water,240,5/17/2025,1.000,On,1109.6,121.25,0.00,7.041,10.32,6.363,269.86,19.99,19.86,0,4,103.42,5/17/2025,Good,0.00,0.00,0.00,0.00,0.00,0.00,0.00,3.972,0.00089,1.986,0.00045,19.46,0.559,0.00,0.00,23.83,0.0053,0.00,0.00,0.00,0.00,0.00,2.781,0.00,0.571,0.029
-93.77071621,42.02241869,G,TaskName 5/17/2025 (GreenStar 4 Monitor),Water,241,5/17/2025,0.994,On,1109.7,121.25,0.00,7.045,10.26,6.291,269.75,19.99,19.93,0,4,103.48,5/17/2025,Good,0.00,0.00,0.00,0.00,0.00,0.00,0.00,3.986,0.00089,1.993,0.00044,19.53,0.558,0.00,0.00,23.92,0.0053,0.00,0.00,0.00,0.00,0.00,2.790,0.00,0.569,0.029
-93.77075418,42.02241845,G,TaskName 5/17/2025 (GreenStar 4 Monitor),Water,242,5/17/2025,1.005,On,1109.9,121.25,0.00,7.043,10.38,5.878,270.09,19.99,20.04,0,4,103.46,5/17/2025,Good,0.00,0.00,0.00,0.00,0.00,0.00,0.00,4.007,0.00090,2.004,0.00045,19.64,0.567,0.00,0.00,24.04,0.0054,0.00,0.00,0.00,0.00,0.00,2.805,0.00,0.579,0.029
-93.77079222,42.02241833,G,TaskName 5/17/2025 (GreenStar 4 Monitor),Water,243,5/17/2025,1.001,On,1110.1,121.25,0.00,7.057,10.35,6.351,270.41,19.99,20.07,0,4,103.58,5/17/2025,Good,0.00,0.00,0.00,0.00,0.00,0.00,0.00,4.014,0.00090,2.007,0.00045,19.67,0.566,0.00,0.00,24.08,0.0054,0.00,0.00,0.00,0.00,0.00,2.810,0.00,0.578,0.029
-93.77083028,42.02241871,G,TaskName 5/17/2025 (GreenStar 4 Monitor),Water,244,5/17/2025,1.000,On,1110.3,121.25,0.00,7.044,10.34,6.326,269.98,19.99,20.38,0,4,103.58,5/17/2025,Good,0.00,0.00,0.00,0.00,0.00,0.00,0.00,4.076,0.00092,2.038,0.00046,19.97,0.575,0.00,0.00,24.46,0.0055,0.00,0.00,0.00,0.00,0.00,2.853,0.00,0.586,0.029
-93.77086894,42.02241884,G,TaskName 5/17/2025 (GreenStar 4 Monitor),Water,245,5/17/2025,1.000,On,1110.3,121.25,0.00,7.097,10.41,5.607,269.76,19.99,20.33,0,4,104.27,5/17/2025,Good,0.00,0.00,0.00,0.00,0.00,0.00,0.00,4.065,0.00092,2.033,0.00046,19.92,0.577,0.00,0.00,24.39,0.0055,0.00,0.00,0.00,0.00,0.00,2.846,0.00,0.589,0.029
-93.77090747,42.02241861,G,TaskName 5/17/2025 (GreenStar 4 Monitor),Water,246,5/17/2025,1.000,On,1110.3,121.25,0.00,7.162,10.49,5.038,269.95,19.99,20.15,0,4,105.13,5/17/2025,Good,0.00,0.00,0.00,0.00,0.00,0.00,0.00,4.031,0.00092,2.015,0.00046,19.75,0.577,0.00,0.00,24.18,0.0055,0.00,0.00,0.00,0.00,0.00,2.821,0.00,0.589,0.029
-93.77094556,42.02241873,G,TaskName 5/17/2025 (GreenStar 4 Monitor),Water,247,5/17/2025,1.004,On,1110.4,121.25,0.00,7.083,10.43,6.122,269.84,19.99,20.15,0,4,104.12,5/17/2025,Good,0.00,0.00,0.00,0.00,0.00,0.00,0.00,4.031,0.00091,2.015,0.00046,19.75,0.574,0.00,0.00,24.18,0.0055,0.00,0.00,0.00,0.00,0.00,2.822,0.00,0.585,0.029
-93.77098371,42.02241852,G,TaskName 5/17/2025 (GreenStar 4 Monitor),Water,248,5/17/2025,0.995,On,1110.5,121.25,0.00,7.058,10.29,6.053,270.24,19.99,20.05,0,4,103.68,5/17/2025,Good,0.00,0.00,0.00,0.00,0.00,0.00,0.00,4.010,0.00090,2.005,0.00045,19.65,0.563,0.00,0.00,24.06,0.0054,0.00,0.00,0.00,0.00,0.00,2.807,0.00,0.574,0.029
-93.77102147,42.02241845,G,TaskName 5/17/2025 (GreenStar 4 Monitor),Water,249,5/17/2025,1.001,On,1110.7,121.25,0.00,7.050,10.34,6.285,270.66,19.99,20.00,0,4,103.48,5/17/2025,Good,0.00,0.00,0.00,0.00,0.00,0.00,0.00,4.000,0.00090,2.000,0.00045,19.60,0.564,0.00,0.00,24.00,0.0054,0.00,0.00,0.00,0.00,0.00,2.800,0.00,0.575,0.029
-93.77105931,42.02241877,G,TaskName 5/17/2025 (GreenStar 4 Monitor),Water,250,5/17/2025,1.000,On,1110.8,121.25,0.00,7.016,10.29,6.244,270.48,19.99,20.00,0,4,103.12,5/17/2025,Good,0.00,0.00,0.00,0.00,0.00,0.00,0.00,4.001,0.00090,2.000,0.00045,19.60,0.562,0.00,0.00,24.01,0.0054,0.00,0.00,0.00,0.00,0.00,2.801,0.00,0.573,0.029
-93.77109691,42.02241892,G,TaskName 5/17/2025 (GreenStar 4 Monitor),Water,251,5/17/2025,1.000,On,1111.0,121.25,0.00,7.012,10.28,5.813,270.47,19.99,19.89,0,4,103.03,5/17/2025,Good,0.00,0.00,0.00,0.00,0.00,0.00,0.00,3.979,0.00089,1.989,0.00044,19.49,0.558,0.00,0.00,23.87,0.0053,0.00,0.00,0.00,0.00,0.00,2.785,0.00,0.569,0.029
-93.77113427,42.02241941,G,TaskName 5/17/2025 (GreenStar 4 Monitor),Water,252,5/17/2025,0.999,On,1111.0,121.25,0.00,6.890,10.09,6.393,269.95,19.99,19.94,0,4,101.19,5/17/2025,Good,0.00,0.00,0.00,0.00,0.00,0.00,0.00,3.989,0.00088,1.994,0.00044,19.55,0.549,0.00,0.00,23.93,0.0053,0.00,0.00,0.00,0.00,0.00,2.792,0.00,0.560,0.028
-93.77117231,42.02241970,G,TaskName 5/17/2025 (GreenStar 4 Monitor),Water,253,5/17/2025,1.001,On,1111.1,121.25,0.00,6.991,10.26,5.552,269.23,19.99,19.86,0,4,102.69,5/17/2025,Good,0.00,0.00,0.00,0.00,0.00,0.00,0.00,3.971,0.00089,1.986,0.00044,19.46,0.556,0.00,0.00,23.83,0.0053,0.00,0.00,0.00,0.00,0.00,2.780,0.00,0.567,0.029
-93.77121036,42.02241936,G,TaskName 5/17/2025 (GreenStar 4 Monitor),Water,254,5/17/2025,1.000,On,1111.2,121.25,0.00,7.054,10.34,5.781,269.49,19.99,18.19,0,4,103.66,5/17/2025,Good,0.00,0.00,0.00,0.00,0.00,0.00,0.00,3.639,0.00082,1.819,0.00041,17.83,0.513,0.00,0.00,21.83,0.0049,0.00,0.00,0.00,0.00,0.00,2.547,0.00,0.524,0.029
-93.77124840,42.02241884,G,TaskName 5/17/2025 (GreenStar 4 Monitor),Water,255,5/17/2025,1.000,On,1111.3,121.25,0.00,7.049,10.34,5.982,270.01,19.99,14.32,0,4,103.62,5/17/2025,Under Target,0.00,0.00,0.00,0.00,0.00,0.00,0.00,2.865,0.00064,1.432,0.00032,14.04,0.404,0.00,0.00,17.19,0.0039,0.00,0.00,0.00,0.00,0.00,2.005,0.00,0.412,0.029
-93.77128608,42.02241871,G,TaskName 5/17/2025 (GreenStar 4 Monitor),Water,256,5/17/2025,0.995,On,1111.5,121.25,0.00,7.054,10.30,5.007,270.35,19.99,13.76,0,4,103.71,5/17/2025,Under Target,0.00,0.00,0.00,0.00,0.00,0.00,0.00,2.752,0.00062,1.376,0.00031,13.49,0.387,0.00,0.00,16.51,0.0037,0.00,0.00,0.00,0.00,0.00,1.927,0.00,0.394,0.029
-93.77131899,42.02241874,G,TaskName 5/17/2025 (GreenStar 4 Monitor),Water,257,5/17/2025,1.005,On,1111.6,121.25,0.00,6.645,9.786,4.527,270.32,19.99,11.12,0,4,97.58,5/17/2025,Under Target,0.00,0.00,0.00,0.00,0.00,0.00,0.00,2.225,0.00047,1.112,0.00024,10.90,0.297,0.00,0.00,13.35,0.0028,0.00,0.00,0.00,0.00,0.00,1.557,0.00,0.303,0.027
