Longitude,Latitude,Field,Dataset,Product,Feature ID,Date / Time,Duration(s),Area Count,Elevation(ft),Swath Width(ft),Y Offset(ft),Speed(mph),Distance(ft),Fuel Consumption Rate (Time)(gal(US)/h),Track(deg),Target Rate (Liquid)(gal(US)/ac),Rate (Volume)(gal(US)/ac),Segment ID,Pass Number,Productivity(ac/h),Date,Rate Quality,Rate (Volume) (Tough 5EC)(floz(US)/ac),Product Amount Used/Needed (Tough 5EC),Rate (Volume) (Laudis Herbicide)(floz(US)/ac),Product Amount Used/Needed (Laudis Herbicide),Rate (Mass) (Ag saver)(oz/ac),Rate (Volume) (Warrant Herbicide)(qt(US)/ac),Product Amount Used/Needed (Warrant Herbicide),Rate (Volume) (Fulltec Oil)(floz(US)/ac),Product Amount Used/Needed (Fulltec Oil),Rate (Volume) (Fulltec Adjuvant)(floz(US)/ac),Product Amount Used/Needed (Fulltec Adjuvant),Rate (Volume) (Water)(gal(US)/ac),Product Amount Used/Needed (Water),Rate (Volume) (Callisto)(floz(US)/ac),Product Amount Used/Needed (Callisto),Rate (Volume) (Ag saver)(floz(US)/ac),Product Amount Used/Needed (Ag saver),Rate (Mass) (AAtrex 4L Herbicide)(lb/ac),Rate (Volume) (Smackdown)(pt(US)/ac),Product Amount Used/Needed (Smackdown),Rate (Volume) (Surpass NXT)(pt(US)/ac),Rate (Mass) (Atrazine 4L)(lb/ac),Rate (Volume) (Gro Centric)(floz(US)/ac),Rate (Volume) (Water (1)~9)(gal(US)/ac),Product Amount Used/Needed,Area (ac)
-93.76703534,42.01410320,S3,TaskName 5/17/2025 (GreenStar 4 Monitor),Outlook/agsaver,1,5/17/2025,1.000,On,1121.4,67.50,-26.87,4.127,6.033,4.516,270.51,19.99,19.75,0,1,33.66,5/17/2025,Good,0.00,0.00,0.00,0.00,0.00,0.00,0.00,3.950,0.00029,1.975,0.00014,19.37,0.181,0.00,0.00,23.70,0.0017,0.00,0.00,0.00,0.00,0.00,2.765,0.00,0.00,0.0093
-93.76706785,42.01410361,S3,TaskName 5/17/2025 (GreenStar 4 Monitor),Outlook/agsaver,2,5/17/2025,0.995,On,1121.3,67.50,-26.87,4.949,7.142,9.636,269.72,19.99,20.96,0,1,40.04,5/17/2025,Good,0.00,0.00,0.00,0.00,0.00,0.00,0.00,4.192,0.00036,2.096,0.00018,20.56,0.228,0.00,0.00,25.15,0.0022,0.00,0.00,0.00,0.00,0.00,2.934,0.00,0.00,0.011
-93.76710221,42.01410387,S3,TaskName 5/17/2025 (GreenStar 4 Monitor),Outlook/agsaver,3,5/17/2025,1.000,On,1121.2,67.50,-26.87,6.438,9.429,2.693,268.85,19.99,20.12,0,1,52.60,5/17/2025,Good,0.00,0.00,0.00,0.00,0.00,0.00,0.00,4.023,0.00046,2.012,0.00023,19.73,0.288,0.00,0.00,24.14,0.0028,0.00,0.00,0.00,0.00,0.00,2.816,0.00,0.00,0.015
-93.76713041,42.01410288,S3,TaskName 5/17/2025 (GreenStar 4 Monitor),Outlook/agsaver,4,5/17/2025,1.000,On,1121.3,67.50,-26.87,5.808,8.481,3.499,269.98,19.99,20.13,0,1,47.31,5/17/2025,Good,0.00,0.00,0.00,0.00,0.00,0.00,0.00,4.026,0.00041,2.013,0.00021,19.75,0.260,0.00,0.00,24.16,0.0025,0.00,0.00,0.00,0.00,0.00,2.819,0.00,0.00,0.013
-93.76715882,42.01410308,S3,TaskName 5/17/2025 (GreenStar 4 Monitor),Outlook/agsaver,5,5/17/2025,1.005,On,1121.3,67.50,-26.87,5.118,7.543,6.304,269.20,19.99,20.34,0,1,41.87,5/17/2025,Good,0.00,0.00,0.00,0.00,0.00,0.00,0.00,4.067,0.00037,2.034,0.00019,19.95,0.233,0.00,0.00,24.40,0.0022,0.00,0.00,0.00,0.00,0.00,2.847,0.00,0.00,0.012
-93.76719129,42.01410268,S3,TaskName 5/17/2025 (GreenStar 4 Monitor),Outlook/agsaver,6,5/17/2025,0.999,On,1121.4,67.50,-26.87,5.664,8.281,4.897,268.80,19.99,20.02,0,1,46.24,5/17/2025,Good,0.00,0.00,0.00,0.00,0.00,0.00,0.00,4.004,0.00040,2.002,0.00020,19.64,0.252,0.00,0.00,24.02,0.0024,0.00,0.00,0.00,0.00,0.00,2.803,0.00,0.00,0.013
-93.76722808,42.01410223,S3,TaskName 5/17/2025 (GreenStar 4 Monitor),Outlook/agsaver,7,5/17/2025,0.996,On,1121.4,67.50,-26.87,6.345,9.242,7.134,269.10,19.99,20.05,0,1,51.76,5/17/2025,Good,0.00,0.00,0.00,0.00,0.00,0.00,0.00,4.010,0.00045,2.005,0.00022,19.67,0.282,0.00,0.00,24.06,0.0027,0.00,0.00,0.00,0.00,0.00,2.807,0.00,0.00,0.014
-93.76726740,42.01410155,S3,TaskName 5/17/2025 (GreenStar 4 Monitor),Outlook/agsaver,8,5/17/2025,1.000,On,1121.2,67.50,-26.87,7.080,10.37,4.295,269.62,19.99,19.76,0,1,57.87,5/17/2025,Good,0.00,0.00,0.00,0.00,0.00,0.00,0.00,3.953,0.00050,1.976,0.00025,19.39,0.312,0.00,0.00,23.72,0.0030,0.00,0.00,0.00,0.00,0.00,2.767,0.00,0.00,0.016
-93.76730735,42.01410138,S3,TaskName 5/17/2025 (GreenStar 4 Monitor),Outlook/agsaver,9,5/17/2025,1.000,On,1121.2,67.50,-26.87,7.338,10.75,4.947,269.00,19.99,19.88,0,1,59.99,5/17/2025,Good,0.00,0.00,0.00,0.00,0.00,0.00,0.00,3.977,0.00052,1.988,0.00026,19.51,0.325,0.00,0.00,23.86,0.0031,0.00,0.00,0.00,0.00,0.00,2.784,0.00,0.00,0.017
-93.76734940,42.01410105,S3,TaskName 5/17/2025 (GreenStar 4 Monitor),Outlook/agsaver,10,5/17/2025,1.000,On,1121.1,67.50,-26.87,7.538,11.05,6.431,268.61,19.99,19.98,0,1,61.62,5/17/2025,Good,0.00,0.00,0.00,0.00,0.00,0.00,0.00,3.996,0.00053,1.998,0.00027,19.60,0.336,0.00,0.00,23.98,0.0032,0.00,0.00,0.00,0.00,0.00,2.797,0.00,0.00,0.017
-93.76739314,42.01409993,S3,TaskName 5/17/2025 (GreenStar 4 Monitor),Outlook/agsaver,11,5/17/2025,1.000,On,1120.8,67.50,-26.87,7.979,11.68,4.718,269.46,19.99,19.81,0,1,65.16,5/17/2025,Good,0.00,0.00,0.00,0.00,0.00,0.00,0.00,3.961,0.00056,1.981,0.00028,19.43,0.352,0.00,0.00,23.77,0.0034,0.00,0.00,0.00,0.00,0.00,2.773,0.00,0.00,0.018
-93.76743664,42.01409974,S3,TaskName 5/17/2025 (GreenStar 4 Monitor),Outlook/agsaver,12,5/17/2025,1.000,On,1120.6,67.50,-26.87,8.074,11.85,4.504,269.10,19.99,19.88,0,1,66.11,5/17/2025,Good,0.00,0.00,0.00,0.00,0.00,0.00,0.00,3.975,0.00057,1.988,0.00029,19.50,0.358,0.00,0.00,23.85,0.0034,0.00,0.00,0.00,0.00,0.00,2.783,0.00,0.00,0.018
-93.76748025,42.01409915,S3,TaskName 5/17/2025 (GreenStar 4 Monitor),Outlook/agsaver,13,5/17/2025,1.000,On,1120.6,67.50,-26.87,8.062,11.82,4.845,268.91,19.99,19.92,0,1,65.92,5/17/2025,Good,0.00,0.00,0.00,0.00,0.00,0.00,0.00,3.984,0.00057,1.992,0.00028,19.54,0.358,0.00,0.00,23.90,0.0034,0.00,0.00,0.00,0.00,0.00,2.789,0.00,0.00,0.018
-93.76752273,42.01409841,S3,TaskName 5/17/2025 (GreenStar 4 Monitor),Outlook/agsaver,14,5/17/2025,1.000,On,1120.7,67.50,-26.87,8.030,11.76,5.814,269.54,19.99,20.04,0,1,65.58,5/17/2025,Good,0.00,0.00,0.00,0.00,0.00,0.00,0.00,4.007,0.00057,2.004,0.00029,19.66,0.358,0.00,0.00,24.04,0.0034,0.00,0.00,0.00,0.00,0.00,2.805,0.00,0.00,0.018
-93.76756606,42.01409789,S3,TaskName 5/17/2025 (GreenStar 4 Monitor),Outlook/agsaver,15,5/17/2025,0.999,On,1120.6,67.50,-26.87,7.890,11.56,5.929,269.77,19.99,19.98,0,1,64.58,5/17/2025,Good,0.00,0.00,0.00,0.00,0.00,0.00,0.00,3.997,0.00056,1.998,0.00028,19.60,0.351,0.00,0.00,23.98,0.0034,0.00,0.00,0.00,0.00,0.00,2.798,0.00,0.00,0.018
-93.76761052,42.01409801,S3,TaskName 5/17/2025 (GreenStar 4 Monitor),Outlook/agsaver,16,5/17/2025,1.001,On,1120.5,67.50,-26.87,8.169,11.98,3.981,269.32,19.99,20.04,0,1,66.79,5/17/2025,Good,0.00,0.00,0.00,0.00,0.00,0.00,0.00,4.007,0.00058,2.004,0.00029,19.66,0.365,0.00,0.00,24.04,0.0035,0.00,0.00,0.00,0.00,0.00,2.805,0.00,0.00,0.019
-93.76765395,42.01409765,S3,TaskName 5/17/2025 (GreenStar 4 Monitor),Outlook/agsaver,17,5/17/2025,0.994,On,1120.4,67.50,-26.87,8.123,11.84,4.877,269.95,19.99,20.01,0,1,66.43,5/17/2025,Good,0.00,0.00,0.00,0.00,0.00,0.00,0.00,4.002,0.00057,2.001,0.00029,19.63,0.360,0.00,0.00,24.01,0.0034,0.00,0.00,0.00,0.00,0.00,2.801,0.00,0.00,0.018
-93.76769735,42.01409758,S3,TaskName 5/17/2025 (GreenStar 4 Monitor),Outlook/agsaver,18,5/17/2025,1.006,On,1120.4,67.50,-26.87,8.051,11.86,5.439,270.42,19.99,20.10,0,1,65.79,5/17/2025,Good,0.00,0.00,0.00,0.00,0.00,0.00,0.00,4.021,0.00058,2.010,0.00029,19.72,0.363,0.00,0.00,24.12,0.0035,0.00,0.00,0.00,0.00,0.00,2.814,0.00,0.00,0.018
-93.76774100,42.01409797,S3,TaskName 5/17/2025 (GreenStar 4 Monitor),Outlook/agsaver,19,5/17/2025,1.000,On,1120.3,67.50,-26.87,8.087,11.85,5.049,270.61,19.99,20.13,0,1,66.13,5/17/2025,Good,0.00,0.00,0.00,0.00,0.00,0.00,0.00,4.026,0.00058,2.013,0.00029,19.75,0.363,0.00,0.00,24.16,0.0035,0.00,0.00,0.00,0.00,0.00,2.818,0.00,0.00,0.018
-93.76778402,42.01409829,S3,TaskName 5/17/2025 (GreenStar 4 Monitor),Outlook/agsaver,20,5/17/2025,1.000,On,1120.3,67.50,-26.87,8.014,11.76,5.661,271.41,19.99,20.09,0,1,65.61,5/17/2025,Good,0.00,0.00,0.00,0.00,0.00,0.00,0.00,4.019,0.00057,2.009,0.00029,19.71,0.359,0.00,0.00,24.11,0.0034,0.00,0.00,0.00,0.00,0.00,2.813,0.00,0.00,0.018
-93.76782773,42.01409912,S3,TaskName 5/17/2025 (GreenStar 4 Monitor),Outlook/agsaver,21,5/17/2025,1.000,On,1120.2,67.50,-26.87,8.052,11.81,5.877,272.15,19.99,20.06,0,1,65.87,5/17/2025,Good,0.00,0.00,0.00,0.00,0.00,0.00,0.00,4.011,0.00057,2.006,0.00029,19.68,0.360,0.00,0.00,24.07,0.0034,0.00,0.00,0.00,0.00,0.00,2.808,0.00,0.00,0.018
-93.76787121,42.01410068,S3,TaskName 5/17/2025 (GreenStar 4 Monitor),Outlook/agsaver,22,5/17/2025,0.995,On,1120.3,67.50,-26.87,8.067,11.77,5.536,269.82,19.99,20.07,0,1,66.02,5/17/2025,Good,0.00,0.00,0.00,0.00,0.00,0.00,0.00,4.015,0.00057,2.007,0.00029,19.69,0.359,0.00,0.00,24.09,0.0034,0.00,0.00,0.00,0.00,0.00,2.810,0.00,0.00,0.018
-93.76791376,42.01410158,S3,TaskName 5/17/2025 (GreenStar 4 Monitor),Outlook/agsaver,23,5/17/2025,1.005,On,1120.1,67.50,-26.87,7.996,11.78,5.315,267.47,19.99,20.16,0,1,65.41,5/17/2025,Good,0.00,0.00,0.00,0.00,0.00,0.00,0.00,4.032,0.00058,2.016,0.00029,19.78,0.361,0.00,0.00,24.19,0.0035,0.00,0.00,0.00,0.00,0.00,2.822,0.00,0.00,0.018
-93.76795726,42.01410017,S3,TaskName 5/17/2025 (GreenStar 4 Monitor),Outlook/agsaver,24,5/17/2025,1.000,On,1120.0,67.50,-26.87,7.995,11.73,3.905,268.22,19.99,19.77,0,1,65.41,5/17/2025,Good,0.00,0.00,0.00,0.00,0.00,0.00,0.00,3.954,0.00056,1.977,0.00028,19.40,0.352,0.00,0.00,23.73,0.0034,0.00,0.00,0.00,0.00,0.00,2.768,0.00,0.00,0.018
-93.76799973,42.01409941,S3,TaskName 5/17/2025 (GreenStar 4 Monitor),Outlook/agsaver,25,5/17/2025,0.999,On,1120.0,67.50,-26.87,7.987,11.70,3.485,267.59,19.99,19.82,0,1,65.33,5/17/2025,Good,0.00,0.00,0.00,0.00,0.00,0.00,0.00,3.964,0.00056,1.982,0.00028,19.44,0.352,0.00,0.00,23.78,0.0034,0.00,0.00,0.00,0.00,0.00,2.775,0.00,0.00,0.018
-93.76804211,42.01409836,S3,TaskName 5/17/2025 (GreenStar 4 Monitor),Outlook/agsaver,26,5/17/2025,1.001,On,1119.9,67.50,-26.87,7.811,11.47,5.163,267.49,19.99,19.98,0,1,63.92,5/17/2025,Good,0.00,0.00,0.00,0.00,0.00,0.00,0.00,3.996,0.00055,1.998,0.00028,19.60,0.348,0.00,0.00,23.98,0.0033,0.00,0.00,0.00,0.00,0.00,2.797,0.00,0.00,0.018
-93.76808326,42.01409665,S3,TaskName 5/17/2025 (GreenStar 4 Monitor),Outlook/agsaver,27,5/17/2025,1.000,On,1119.6,67.50,-26.87,7.811,11.46,3.418,268.68,19.99,19.91,0,1,63.91,5/17/2025,Good,0.00,0.00,0.00,0.00,0.00,0.00,0.00,3.982,0.00055,1.991,0.00028,19.53,0.347,0.00,0.00,23.89,0.0033,0.00,0.00,0.00,0.00,0.00,2.788,0.00,0.00,0.018
-93.76812362,42.01409615,S3,TaskName 5/17/2025 (GreenStar 4 Monitor),Outlook/agsaver,28,5/17/2025,1.000,On,1119.6,67.50,-26.87,7.549,11.06,3.225,268.86,19.99,19.97,0,1,61.70,5/17/2025,Good,0.00,0.00,0.00,0.00,0.00,0.00,0.00,3.994,0.00053,1.997,0.00027,19.59,0.336,0.00,0.00,23.96,0.0032,0.00,0.00,0.00,0.00,0.00,2.796,0.00,0.00,0.017
-93.76816146,42.01409556,S3,TaskName 5/17/2025 (GreenStar 4 Monitor),Outlook/agsaver,29,5/17/2025,1.000,On,1119.5,67.50,-26.87,7.267,10.65,3.372,269.26,19.99,19.99,0,1,59.41,5/17/2025,Good,0.00,0.00,0.00,0.00,0.00,0.00,0.00,3.998,0.00052,1.999,0.00026,19.61,0.324,0.00,0.00,23.99,0.0031,0.00,0.00,0.00,0.00,0.00,2.799,0.00,0.00,0.017
-93.76819196,42.01409543,S3,TaskName 5/17/2025 (GreenStar 4 Monitor),Outlook/agsaver,30,5/17/2025,0.799,On,1119.4,67.50,-26.87,6.989,8.200,4.725,269.13,19.99,20.31,0,1,57.25,5/17/2025,Good,0.00,0.00,0.00,0.00,0.00,0.00,0.00,4.061,0.00040,2.031,0.00020,19.92,0.253,0.00,0.00,24.37,0.0024,0.00,0.00,0.00,0.00,0.00,2.843,0.00,0.00,0.013
-93.76900877,42.01407622,S3,TaskName 5/17/2025 (GreenStar 4 Monitor),Outlook/agsaver,31,5/17/2025,0.999,On,1117.6,67.50,-26.87,8.109,11.88,4.808,267.77,19.99,20.48,0,2,66.35,5/17/2025,Good,0.00,0.00,0.00,0.00,0.00,0.00,0.00,4.097,0.00059,2.048,0.00029,20.09,0.370,0.00,0.00,24.58,0.0035,0.00,0.00,0.00,0.00,0.00,2.868,0.00,0.00,0.018
-93.76905188,42.01407499,S3,TaskName 5/17/2025 (GreenStar 4 Monitor),Outlook/agsaver,32,5/17/2025,1.001,On,1117.6,67.50,-26.87,8.096,11.88,5.811,268.79,19.99,20.42,0,2,66.21,5/17/2025,Good,0.00,0.00,0.00,0.00,0.00,0.00,0.00,4.083,0.00059,2.042,0.00029,20.03,0.369,0.00,0.00,24.50,0.0035,0.00,0.00,0.00,0.00,0.00,2.858,0.00,0.00,0.018
-93.76909530,42.01407373,S3,TaskName 5/17/2025 (GreenStar 4 Monitor),Outlook/agsaver,33,5/17/2025,0.999,On,1117.6,67.50,-26.87,8.001,11.72,6.151,270.09,19.99,20.26,0,2,65.42,5/17/2025,Good,0.00,0.00,0.00,0.00,0.00,0.00,0.00,4.052,0.00057,2.026,0.00029,19.88,0.361,0.00,0.00,24.31,0.0034,0.00,0.00,0.00,0.00,0.00,2.837,0.00,0.00,0.018
-93.76913863,42.01407352,S3,TaskName 5/17/2025 (GreenStar 4 Monitor),Outlook/agsaver,34,5/17/2025,1.000,On,1117.5,67.50,-26.87,8.026,11.76,5.681,269.71,19.99,20.17,0,2,65.61,5/17/2025,Good,0.00,0.00,0.00,0.00,0.00,0.00,0.00,4.034,0.00057,2.017,0.00029,19.79,0.361,0.00,0.00,24.21,0.0034,0.00,0.00,0.00,0.00,0.00,2.824,0.00,0.00,0.018
-93.76918204,42.01407327,S3,TaskName 5/17/2025 (GreenStar 4 Monitor),Outlook/agsaver,35,5/17/2025,1.001,On,1117.5,67.50,-26.87,8.054,11.82,5.283,269.80,19.99,19.96,0,2,65.86,5/17/2025,Good,0.00,0.00,0.00,0.00,0.00,0.00,0.00,3.991,0.00057,1.996,0.00029,19.58,0.359,0.00,0.00,23.95,0.0034,0.00,0.00,0.00,0.00,0.00,2.794,0.00,0.00,0.018
-93.76922536,42.01407309,S3,TaskName 5/17/2025 (GreenStar 4 Monitor),Outlook/agsaver,36,5/17/2025,0.999,On,1117.4,67.50,-26.87,8.001,11.72,6.308,269.68,19.99,20.09,0,2,65.42,5/17/2025,Good,0.00,0.00,0.00,0.00,0.00,0.00,0.00,4.019,0.00057,2.009,0.00029,19.71,0.358,0.00,0.00,24.11,0.0034,0.00,0.00,0.00,0.00,0.00,2.813,0.00,0.00,0.018
-93.76926874,42.01407306,S3,TaskName 5/17/2025 (GreenStar 4 Monitor),Outlook/agsaver,37,5/17/2025,1.000,On,1117.4,67.50,-26.87,8.044,11.79,5.752,268.75,19.99,20.10,0,2,65.76,5/17/2025,Good,0.00,0.00,0.00,0.00,0.00,0.00,0.00,4.019,0.00057,2.010,0.00029,19.71,0.360,0.00,0.00,24.12,0.0034,0.00,0.00,0.00,0.00,0.00,2.813,0.00,0.00,0.018
-93.76931191,42.01407202,S3,TaskName 5/17/2025 (GreenStar 4 Monitor),Outlook/agsaver,38,5/17/2025,0.996,On,1117.4,67.50,-26.87,8.024,11.70,5.511,268.96,19.99,19.86,0,2,65.55,5/17/2025,Good,0.00,0.00,0.00,0.00,0.00,0.00,0.00,3.972,0.00056,1.986,0.00028,19.48,0.353,0.00,0.00,23.83,0.0034,0.00,0.00,0.00,0.00,0.00,2.780,0.00,0.00,0.018
-93.76935533,42.01407150,S3,TaskName 5/17/2025 (GreenStar 4 Monitor),Outlook/agsaver,39,5/17/2025,1.000,On,1117.3,67.50,-26.87,8.003,11.75,5.486,268.96,19.99,19.83,0,2,65.52,5/17/2025,Good,0.00,0.00,0.00,0.00,0.00,0.00,0.00,3.966,0.00056,1.983,0.00028,19.45,0.354,0.00,0.00,23.80,0.0034,0.00,0.00,0.00,0.00,0.00,2.776,0.00,0.00,0.018
-93.76939869,42.01407080,S3,TaskName 5/17/2025 (GreenStar 4 Monitor),Outlook/agsaver,40,5/17/2025,1.004,On,1117.2,67.50,-26.87,8.067,11.87,5.483,269.05,19.99,19.91,0,2,65.97,5/17/2025,Good,0.00,0.00,0.00,0.00,0.00,0.00,0.00,3.983,0.00057,1.991,0.00029,19.54,0.359,0.00,0.00,23.90,0.0034,0.00,0.00,0.00,0.00,0.00,2.788,0.00,0.00,0.018
-93.76944217,42.01407008,S3,TaskName 5/17/2025 (GreenStar 4 Monitor),Outlook/agsaver,41,5/17/2025,0.995,On,1117.3,67.50,-26.87,8.051,11.74,5.530,269.64,19.99,19.97,0,2,65.81,5/17/2025,Good,0.00,0.00,0.00,0.00,0.00,0.00,0.00,3.993,0.00057,1.997,0.00028,19.59,0.356,0.00,0.00,23.96,0.0034,0.00,0.00,0.00,0.00,0.00,2.795,0.00,0.00,0.018
-93.76948550,42.01406986,S3,TaskName 5/17/2025 (GreenStar 4 Monitor),Outlook/agsaver,42,5/17/2025,1.001,On,1117.2,67.50,-26.87,8.023,11.77,5.630,268.96,19.99,20.00,0,2,65.62,5/17/2025,Good,0.00,0.00,0.00,0.00,0.00,0.00,0.00,3.999,0.00057,2.000,0.00029,19.62,0.358,0.00,0.00,23.99,0.0034,0.00,0.00,0.00,0.00,0.00,2.799,0.00,0.00,0.018
-93.76952877,42.01406948,S3,TaskName 5/17/2025 (GreenStar 4 Monitor),Outlook/agsaver,43,5/17/2025,1.000,On,1117.1,67.50,-26.87,8.038,11.77,5.134,268.46,19.99,19.88,0,2,65.67,5/17/2025,Good,0.00,0.00,0.00,0.00,0.00,0.00,0.00,3.975,0.00057,1.988,0.00028,19.50,0.356,0.00,0.00,23.85,0.0034,0.00,0.00,0.00,0.00,0.00,2.783,0.00,0.00,0.018
-93.76957227,42.01406854,S3,TaskName 5/17/2025 (GreenStar 4 Monitor),Outlook/agsaver,44,5/17/2025,1.000,On,1117.0,67.50,-26.87,8.033,11.77,5.447,268.95,19.99,20.06,0,2,65.69,5/17/2025,Good,0.00,0.00,0.00,0.00,0.00,0.00,0.00,4.013,0.00057,2.006,0.00029,19.68,0.359,0.00,0.00,24.08,0.0034,0.00,0.00,0.00,0.00,0.00,2.809,0.00,0.00,0.018
-93.76961558,42.01406770,S3,TaskName 5/17/2025 (GreenStar 4 Monitor),Outlook/agsaver,45,5/17/2025,1.005,On,1117.0,67.50,-26.87,8.032,11.84,5.768,268.72,19.99,20.14,0,2,65.74,5/17/2025,Good,0.00,0.00,0.00,0.00,0.00,0.00,0.00,4.028,0.00058,2.014,0.00029,19.76,0.363,0.00,0.00,24.17,0.0035,0.00,0.00,0.00,0.00,0.00,2.820,0.00,0.00,0.018
-93.76965868,42.01406708,S3,TaskName 5/17/2025 (GreenStar 4 Monitor),Outlook/agsaver,46,5/17/2025,0.995,On,1117.0,67.50,-26.87,7.993,11.64,6.091,268.46,19.99,20.10,0,2,65.28,5/17/2025,Good,0.00,0.00,0.00,0.00,0.00,0.00,0.00,4.020,0.00057,2.010,0.00028,19.72,0.356,0.00,0.00,24.12,0.0034,0.00,0.00,0.00,0.00,0.00,2.814,0.00,0.00,0.018
-93.76970193,42.01406640,S3,TaskName 5/17/2025 (GreenStar 4 Monitor),Outlook/agsaver,47,5/17/2025,0.999,On,1117.0,67.50,-26.87,7.974,11.69,5.952,268.40,19.99,20.03,0,2,65.26,5/17/2025,Good,0.00,0.00,0.00,0.00,0.00,0.00,0.00,4.005,0.00057,2.003,0.00028,19.65,0.356,0.00,0.00,24.03,0.0034,0.00,0.00,0.00,0.00,0.00,2.804,0.00,0.00,0.018
-93.76974501,42.01406588,S3,TaskName 5/17/2025 (GreenStar 4 Monitor),Outlook/agsaver,48,5/17/2025,1.000,On,1117.0,67.50,-26.87,8.037,11.78,5.689,268.07,19.99,20.04,0,2,65.74,5/17/2025,Good,0.00,0.00,0.00,0.00,0.00,0.00,0.00,4.009,0.00057,2.004,0.00029,19.66,0.359,0.00,0.00,24.05,0.0034,0.00,0.00,0.00,0.00,0.00,2.806,0.00,0.00,0.018
-93.76978853,42.01406508,S3,TaskName 5/17/2025 (GreenStar 4 Monitor),Outlook/agsaver,49,5/17/2025,1.001,On,1117.0,67.50,-26.87,8.030,11.78,5.582,268.26,19.99,20.01,0,2,65.64,5/17/2025,Good,0.00,0.00,0.00,0.00,0.00,0.00,0.00,4.002,0.00057,2.001,0.00029,19.63,0.358,0.00,0.00,24.01,0.0034,0.00,0.00,0.00,0.00,0.00,2.802,0.00,0.00,0.018
-93.76983206,42.01406403,S3,TaskName 5/17/2025 (GreenStar 4 Monitor),Outlook/agsaver,50,5/17/2025,1.000,On,1117.2,67.50,-26.87,8.054,11.81,5.217,268.40,19.99,20.05,0,2,65.87,5/17/2025,Good,0.00,0.00,0.00,0.00,0.00,0.00,0.00,4.010,0.00057,2.005,0.00029,19.67,0.360,0.00,0.00,24.06,0.0034,0.00,0.00,0.00,0.00,0.00,2.807,0.00,0.00,0.018
-93.76987555,42.01406311,S3,TaskName 5/17/2025 (GreenStar 4 Monitor),Outlook/agsaver,51,5/17/2025,1.000,On,1117.1,67.50,-26.87,8.067,11.82,5.048,268.27,19.99,19.92,0,2,65.96,5/17/2025,Good,0.00,0.00,0.00,0.00,0.00,0.00,0.00,3.985,0.00057,1.992,0.00029,19.54,0.358,0.00,0.00,23.91,0.0034,0.00,0.00,0.00,0.00,0.00,2.789,0.00,0.00,0.018
-93.76991891,42.01406203,S3,TaskName 5/17/2025 (GreenStar 4 Monitor),Outlook/agsaver,52,5/17/2025,0.999,On,1117.0,67.50,-26.87,8.053,11.79,5.056,268.31,19.99,19.99,0,2,65.84,5/17/2025,Good,0.00,0.00,0.00,0.00,0.00,0.00,0.00,3.999,0.00057,1.999,0.00029,19.61,0.358,0.00,0.00,23.99,0.0034,0.00,0.00,0.00,0.00,0.00,2.799,0.00,0.00,0.018
-93.76996236,42.01406096,S3,TaskName 5/17/2025 (GreenStar 4 Monitor),Outlook/agsaver,53,5/17/2025,1.000,On,1116.9,67.50,-26.87,8.057,11.81,5.175,268.41,19.99,20.21,0,2,65.91,5/17/2025,Good,0.00,0.00,0.00,0.00,0.00,0.00,0.00,4.042,0.00058,2.021,0.00029,19.83,0.363,0.00,0.00,24.25,0.0035,0.00,0.00,0.00,0.00,0.00,2.830,0.00,0.00,0.018
-93.77000570,42.01406010,S3,TaskName 5/17/2025 (GreenStar 4 Monitor),Outlook/agsaver,54,5/17/2025,1.005,On,1117.0,67.50,-26.87,8.009,11.80,5.533,268.11,19.99,20.23,0,2,65.49,5/17/2025,Good,0.00,0.00,0.00,0.00,0.00,0.00,0.00,4.045,0.00058,2.023,0.00029,19.84,0.363,0.00,0.00,24.27,0.0035,0.00,0.00,0.00,0.00,0.00,2.832,0.00,0.00,0.018
-93.77004881,42.01405900,S3,TaskName 5/17/2025 (GreenStar 4 Monitor),Outlook/agsaver,55,5/17/2025,1.000,On,1117.1,67.50,-26.87,8.024,11.76,5.402,267.91,19.99,20.30,0,2,65.61,5/17/2025,Good,0.00,0.00,0.00,0.00,0.00,0.00,0.00,4.059,0.00058,2.030,0.00029,19.91,0.363,0.00,0.00,24.36,0.0035,0.00,0.00,0.00,0.00,0.00,2.842,0.00,0.00,0.018
-93.77009157,42.01405772,S3,TaskName 5/17/2025 (GreenStar 4 Monitor),Outlook/agsaver,56,5/17/2025,1.000,On,1117.7,67.50,-26.87,7.954,11.66,5.647,267.91,19.99,20.24,0,2,65.03,5/17/2025,Good,0.00,0.00,0.00,0.00,0.00,0.00,0.00,4.048,0.00057,2.024,0.00029,19.85,0.359,0.00,0.00,24.29,0.0034,0.00,0.00,0.00,0.00,0.00,2.833,0.00,0.00,0.018
-93.77013244,42.01405636,S3,TaskName 5/17/2025 (GreenStar 4 Monitor),Outlook/agsaver,57,5/17/2025,0.996,On,1117.9,67.50,-26.87,7.840,11.44,4.651,268.33,19.99,20.14,0,2,64.09,5/17/2025,Good,0.00,0.00,0.00,0.00,0.00,0.00,0.00,4.028,0.00056,2.014,0.00028,19.76,0.350,0.00,0.00,24.17,0.0033,0.00,0.00,0.00,0.00,0.00,2.820,0.00,0.00,0.018
-93.77016870,42.01405538,S3,TaskName 5/17/2025 (GreenStar 4 Monitor),Outlook/agsaver,58,5/17/2025,1.004,On,1117.7,67.50,-26.87,7.146,10.50,3.695,269.13,19.99,19.96,0,2,58.35,5/17/2025,Good,0.00,0.00,0.00,0.00,0.00,0.00,0.00,3.991,0.00051,1.996,0.00025,19.58,0.319,0.00,0.00,23.95,0.0030,0.00,0.00,0.00,0.00,0.00,2.794,0.00,0.00,0.016
-93.77019729,42.01405504,S3,TaskName 5/17/2025 (GreenStar 4 Monitor),Outlook/agsaver,59,5/17/2025,0.796,On,1117.7,67.50,-26.87,6.721,7.841,2.620,269.10,19.99,20.14,0,2,54.95,5/17/2025,Good,0.00,0.00,0.00,0.00,0.00,0.00,0.00,4.029,0.00038,2.014,0.00019,19.76,0.240,0.00,0.00,24.17,0.0023,0.00,0.00,0.00,0.00,0.00,2.820,0.00,0.00,0.012
-93.77017065,42.01395690,S3,TaskName 5/17/2025 (GreenStar 4 Monitor),Outlook/agsaver,60,5/17/2025,0.199,On,1116.4,6.250,-57.50,4.633,1.354,8.387,129.60,19.99,22.28,0,3,3.515,5/17/2025,Good,0.00,0.00,0.00,0.00,0.00,0.00,0.00,4.456,6.764e-06,2.228,3.382e-06,21.86,0.0042,0.00,0.00,26.74,4.058e-05,0.00,0.00,0.00,0.00,0.00,3.119,0.00,0.00,0.00019
-93.77016599,42.01395345,S3,TaskName 5/17/2025 (GreenStar 4 Monitor),Outlook/agsaver,61,5/17/2025,0.201,On,1116.5,2.500,-59.37,4.993,1.472,8.645,129.07,19.99,20.09,0,3,1.513,5/17/2025,Good,0.00,0.00,0.00,0.00,0.00,0.00,0.00,4.018,2.652e-06,2.009,1.326e-06,19.71,0.0017,0.00,0.00,24.11,1.591e-05,0.00,0.00,0.00,0.00,0.00,2.812,0.00,0.00,8.449e-05
-93.77016094,42.01395002,S3,TaskName 5/17/2025 (GreenStar 4 Monitor),Outlook/agsaver,62,5/17/2025,0.200,On,1116.5,1.250,-60.00,5.364,1.574,7.846,128.70,19.99,20.63,0,3,0.813,5/17/2025,Good,0.00,0.00,0.00,0.00,0.00,0.00,0.00,4.127,1.456e-06,2.063,7.281e-07,20.24,0.00091,0.00,0.00,24.76,8.737e-06,0.00,0.00,0.00,0.00,0.00,2.889,0.00,0.00,4.517e-05
-93.77008607,42.01390462,S3,TaskName 5/17/2025 (GreenStar 4 Monitor),Outlook/agsaver,63,5/17/2025,0.200,On,1116.4,2.500,5.623,7.798,2.299,6.182,128.63,19.99,20.83,0,4,2.375,5/17/2025,Good,0.00,0.00,0.00,0.00,0.00,0.00,0.00,4.165,4.293e-06,2.083,2.147e-06,20.43,0.0027,0.00,0.00,24.99,2.576e-05,0.00,0.00,0.00,0.00,0.00,2.916,0.00,0.00,0.00013
-93.77007943,42.01390061,S3,TaskName 5/17/2025 (GreenStar 4 Monitor),Outlook/agsaver,64,5/17/2025,0.195,On,1116.4,3.750,4.998,7.861,2.237,5.931,128.36,19.99,19.76,0,4,3.555,5/17/2025,Good,0.00,0.00,0.00,0.00,0.00,0.00,0.00,3.951,5.944e-06,1.976,2.972e-06,19.38,0.0037,0.00,0.00,23.71,3.566e-05,0.00,0.00,0.00,0.00,0.00,2.766,0.00,0.00,0.00019
-93.77007286,42.01389646,S3,TaskName 5/17/2025 (GreenStar 4 Monitor),Outlook/agsaver,65,5/17/2025,0.205,On,1116.4,6.250,3.748,7.894,2.374,5.567,128.08,19.99,21.36,0,4,5.983,5/17/2025,Good,0.00,0.00,0.00,0.00,0.00,0.00,0.00,4.272,1.137e-05,2.136,5.685e-06,20.95,0.0071,0.00,0.00,25.63,6.822e-05,0.00,0.00,0.00,0.00,0.00,2.990,0.00,0.00,0.00034
-93.77006602,42.01389245,S3,TaskName 5/17/2025 (GreenStar 4 Monitor),Outlook/agsaver,66,5/17/2025,0.195,On,1116.4,8.750,2.499,7.930,2.279,5.132,127.87,19.99,21.02,0,4,8.453,5/17/2025,Good,0.00,0.00,0.00,0.00,0.00,0.00,0.00,4.204,1.504e-05,2.102,7.518e-06,20.62,0.0094,0.00,0.00,25.22,9.022e-05,0.00,0.00,0.00,0.00,0.00,2.943,0.00,0.00,0.00046
-93.77005919,42.01388842,S3,TaskName 5/17/2025 (GreenStar 4 Monitor),Outlook/agsaver,67,5/17/2025,0.204,On,1116.4,10.00,1.875,7.966,2.384,5.429,127.72,19.99,20.33,0,4,9.659,5/17/2025,Good,0.00,0.00,0.00,0.00,0.00,0.00,0.00,4.067,1.739e-05,2.033,8.695e-06,19.95,0.011,0.00,0.00,24.40,0.00010,0.00,0.00,0.00,0.00,0.00,2.847,0.00,0.00,0.00055
-93.77005229,42.01388435,S3,TaskName 5/17/2025 (GreenStar 4 Monitor),Outlook/agsaver,68,5/17/2025,0.200,On,1116.4,12.50,0.625,8.002,2.348,5.145,127.42,19.99,21.12,0,4,12.13,5/17/2025,Good,0.00,0.00,0.00,0.00,0.00,0.00,0.00,4.225,2.224e-05,2.112,1.112e-05,20.72,0.014,0.00,0.00,25.35,0.00013,0.00,0.00,0.00,0.00,0.00,2.957,0.00,0.00,0.00067
-93.77004570,42.01388012,S3,TaskName 5/17/2025 (GreenStar 4 Monitor),Outlook/agsaver,69,5/17/2025,0.200,On,1116.4,15.00,-0.625,8.051,2.361,4.986,127.05,19.99,20.32,0,4,14.64,5/17/2025,Good,0.00,0.00,0.00,0.00,0.00,0.00,0.00,4.065,2.582e-05,2.032,1.291e-05,19.94,0.016,0.00,0.00,24.39,0.00015,0.00,0.00,0.00,0.00,0.00,2.845,0.00,0.00,0.00081
-93.77003884,42.01387604,S3,TaskName 5/17/2025 (GreenStar 4 Monitor),Outlook/agsaver,70,5/17/2025,0.200,On,1116.4,16.25,-1.250,8.066,2.368,5.184,126.75,19.99,20.41,0,4,15.90,5/17/2025,Good,0.00,0.00,0.00,0.00,0.00,0.00,0.00,4.082,2.817e-05,2.041,1.408e-05,20.02,0.018,0.00,0.00,24.49,0.00017,0.00,0.00,0.00,0.00,0.00,2.857,0.00,0.00,0.00088
-93.77003187,42.01387210,S3,TaskName 5/17/2025 (GreenStar 4 Monitor),Outlook/agsaver,71,5/17/2025,0.201,On,1116.4,18.75,-2.499,8.082,2.384,5.132,126.49,19.99,20.67,0,4,18.38,5/17/2025,Good,0.00,0.00,0.00,0.00,0.00,0.00,0.00,4.133,3.314e-05,2.067,1.657e-05,20.27,0.021,0.00,0.00,24.80,0.00020,0.00,0.00,0.00,0.00,0.00,2.893,0.00,0.00,0.0010
-93.77002520,42.01386811,S3,TaskName 5/17/2025 (GreenStar 4 Monitor),Outlook/agsaver,72,5/17/2025,0.199,On,1116.3,20.00,-3.124,8.075,2.358,5.138,126.16,19.99,20.29,0,4,19.59,5/17/2025,Good,0.00,0.00,0.00,0.00,0.00,0.00,0.00,4.058,3.433e-05,2.029,1.716e-05,19.91,0.022,0.00,0.00,24.35,0.00021,0.00,0.00,0.00,0.00,0.00,2.841,0.00,0.00,0.0011
-93.77001831,42.01386419,S3,TaskName 5/17/2025 (GreenStar 4 Monitor),Outlook/agsaver,73,5/17/2025,0.201,On,1116.3,22.50,-4.374,8.031,2.368,5.402,125.76,19.99,20.29,0,4,21.91,5/17/2025,Good,0.00,0.00,0.00,0.00,0.00,0.00,0.00,4.058,3.878e-05,2.029,1.939e-05,19.91,0.024,0.00,0.00,24.35,0.00023,0.00,0.00,0.00,0.00,0.00,2.841,0.00,0.00,0.0012
-93.77001139,42.01386031,S3,TaskName 5/17/2025 (GreenStar 4 Monitor),Outlook/agsaver,74,5/17/2025,0.199,On,1116.4,23.75,-4.999,8.013,2.338,5.231,125.48,19.99,20.43,0,4,23.06,5/17/2025,Good,0.00,0.00,0.00,0.00,0.00,0.00,0.00,4.086,4.070e-05,2.043,2.035e-05,20.04,0.026,0.00,0.00,24.52,0.00024,0.00,0.00,0.00,0.00,0.00,2.860,0.00,0.00,0.0013
-93.77000452,42.01385650,S3,TaskName 5/17/2025 (GreenStar 4 Monitor),Outlook/agsaver,75,5/17/2025,0.196,On,1116.4,25.00,-5.624,8.010,2.292,5.792,125.23,19.99,20.25,0,4,24.17,5/17/2025,Good,0.00,0.00,0.00,0.00,0.00,0.00,0.00,4.050,4.163e-05,2.025,2.081e-05,19.86,0.026,0.00,0.00,24.30,0.00025,0.00,0.00,0.00,0.00,0.00,2.835,0.00,0.00,0.0013
-93.76999768,42.01385255,S3,TaskName 5/17/2025 (GreenStar 4 Monitor),Outlook/agsaver,76,5/17/2025,0.205,On,1116.4,27.50,-6.874,7.988,2.414,5.858,124.99,19.99,20.17,0,4,26.76,5/17/2025,Good,0.00,0.00,0.00,0.00,0.00,0.00,0.00,4.035,4.803e-05,2.017,2.402e-05,19.79,0.030,0.00,0.00,24.21,0.00029,0.00,0.00,0.00,0.00,0.00,2.824,0.00,0.00,0.0015
-93.76999077,42.01384867,S3,TaskName 5/17/2025 (GreenStar 4 Monitor),Outlook/agsaver,77,5/17/2025,0.195,On,1116.4,28.75,-7.499,7.977,2.269,5.858,124.67,19.99,20.11,0,4,27.65,5/17/2025,Good,0.00,0.00,0.00,0.00,0.00,0.00,0.00,4.022,4.706e-05,2.011,2.353e-05,19.73,0.030,0.00,0.00,24.13,0.00028,0.00,0.00,0.00,0.00,0.00,2.815,0.00,0.00,0.0015
-93.76998384,42.01384486,S3,TaskName 5/17/2025 (GreenStar 4 Monitor),Outlook/agsaver,78,5/17/2025,0.205,On,1116.4,31.25,-8.749,7.988,2.414,6.334,124.39,19.99,20.11,0,4,30.41,5/17/2025,Good,0.00,0.00,0.00,0.00,0.00,0.00,0.00,4.022,5.441e-05,2.011,2.721e-05,19.73,0.034,0.00,0.00,24.13,0.00033,0.00,0.00,0.00,0.00,0.00,2.815,0.00,0.00,0.0017
-93.76997685,42.01384106,S3,TaskName 5/17/2025 (GreenStar 4 Monitor),Outlook/agsaver,79,5/17/2025,0.200,On,1116.4,32.50,-9.374,7.986,2.332,5.964,124.35,19.99,20.31,0,4,31.32,5/17/2025,Good,0.00,0.00,0.00,0.00,0.00,0.00,0.00,4.062,5.522e-05,2.031,2.761e-05,19.93,0.035,0.00,0.00,24.37,0.00033,0.00,0.00,0.00,0.00,0.00,2.844,0.00,0.00,0.0017
-93.76996989,42.01383746,S3,TaskName 5/17/2025 (GreenStar 4 Monitor),Outlook/agsaver,80,5/17/2025,0.194,On,1116.5,33.75,-9.999,7.988,2.286,5.726,124.63,19.99,20.09,0,4,32.87,5/17/2025,Good,0.00,0.00,0.00,0.00,0.00,0.00,0.00,4.018,5.559e-05,2.009,2.779e-05,19.71,0.035,0.00,0.00,24.11,0.00033,0.00,0.00,0.00,0.00,0.00,2.812,0.00,0.00,0.0018
-93.76996275,42.01383377,S3,TaskName 5/17/2025 (GreenStar 4 Monitor),Outlook/agsaver,81,5/17/2025,0.206,On,1116.4,36.25,-11.25,7.955,2.404,5.363,124.95,19.99,19.91,0,4,34.96,5/17/2025,Good,0.00,0.00,0.00,0.00,0.00,0.00,0.00,3.981,6.222e-05,1.991,3.111e-05,19.53,0.039,0.00,0.00,23.89,0.00037,0.00,0.00,0.00,0.00,0.00,2.787,0.00,0.00,0.0020
-93.76995564,42.01383017,S3,TaskName 5/17/2025 (GreenStar 4 Monitor),Outlook/agsaver,82,5/17/2025,0.199,On,1116.4,37.50,-11.87,7.966,2.325,5.620,125.29,19.99,20.13,0,4,36.21,5/17/2025,Good,0.00,0.00,0.00,0.00,0.00,0.00,0.00,4.026,6.296e-05,2.013,3.148e-05,19.75,0.040,0.00,0.00,24.16,0.00038,0.00,0.00,0.00,0.00,0.00,2.818,0.00,0.00,0.0020
-93.76994865,42.01382658,S3,TaskName 5/17/2025 (GreenStar 4 Monitor),Outlook/agsaver,83,5/17/2025,0.201,On,1116.4,40.00,-13.12,7.970,2.338,5.970,125.75,19.99,20.02,0,4,38.46,5/17/2025,Good,0.00,0.00,0.00,0.00,0.00,0.00,0.00,4.005,6.718e-05,2.002,3.359e-05,19.64,0.042,0.00,0.00,24.03,0.00040,0.00,0.00,0.00,0.00,0.00,2.803,0.00,0.00,0.0021
-93.76994149,42.01382294,S3,TaskName 5/17/2025 (GreenStar 4 Monitor),Outlook/agsaver,84,5/17/2025,0.200,On,1116.4,42.50,-14.37,7.946,2.342,6.149,126.22,19.99,19.98,0,4,41.12,5/17/2025,Good,0.00,0.00,0.00,0.00,0.00,0.00,0.00,3.996,7.133e-05,1.998,3.566e-05,19.60,0.045,0.00,0.00,23.98,0.00043,0.00,0.00,0.00,0.00,0.00,2.797,0.00,0.00,0.0023
-93.76993444,42.01381936,S3,TaskName 5/17/2025 (GreenStar 4 Monitor),Outlook/agsaver,85,5/17/2025,0.195,On,1116.4,43.75,-15.00,7.959,2.276,5.495,126.48,19.99,19.95,0,4,42.20,5/17/2025,Good,0.00,0.00,0.00,0.00,0.00,0.00,0.00,3.990,7.125e-05,1.995,3.563e-05,19.57,0.045,0.00,0.00,23.94,0.00043,0.00,0.00,0.00,0.00,0.00,2.793,0.00,0.00,0.0023
-93.76992742,42.01381577,S3,TaskName 5/17/2025 (GreenStar 4 Monitor),Outlook/agsaver,86,5/17/2025,0.199,On,1116.3,46.25,-16.25,7.948,2.322,4.531,126.59,19.99,19.85,0,4,44.60,5/17/2025,Good,0.00,0.00,0.00,0.00,0.00,0.00,0.00,3.971,7.647e-05,1.985,3.824e-05,19.48,0.048,0.00,0.00,23.82,0.00046,0.00,0.00,0.00,0.00,0.00,2.779,0.00,0.00,0.0025
-93.76991432,42.01380867,S3,TaskName 5/17/2025 (GreenStar 4 Monitor),Outlook/agsaver,87,5/17/2025,0.406,On,1116.3,48.75,-17.50,7.901,4.706,2.886,126.13,19.99,20.00,0,4,46.70,5/17/2025,Good,0.00,0.00,0.00,0.00,0.00,0.00,0.00,3.999,0.00016,2.000,8.228e-05,19.62,0.103,0.00,0.00,23.99,0.00099,0.00,0.00,0.00,0.00,0.00,2.799,0.00,0.00,0.0053
-93.76990841,42.01380521,S3,TaskName 5/17/2025 (GreenStar 4 Monitor),Outlook/agsaver,88,5/17/2025,0.195,On,1116.3,51.25,-18.75,7.715,2.207,1.380,125.58,19.99,19.55,0,4,47.94,5/17/2025,Good,0.00,0.00,0.00,0.00,0.00,0.00,0.00,3.911,7.934e-05,1.955,3.967e-05,19.18,0.050,0.00,0.00,23.46,0.00048,0.00,0.00,0.00,0.00,0.00,2.737,0.00,0.00,0.0026
-93.76990285,42.01380197,S3,TaskName 5/17/2025 (GreenStar 4 Monitor),Outlook/agsaver,89,5/17/2025,0.205,On,1116.3,52.50,-19.37,7.474,2.246,1.532,124.90,19.99,19.86,0,4,47.53,5/17/2025,Good,0.00,0.00,0.00,0.00,0.00,0.00,0.00,3.973,8.401e-05,1.986,4.201e-05,19.49,0.053,0.00,0.00,23.84,0.00050,0.00,0.00,0.00,0.00,0.00,2.781,0.00,0.00,0.0027
-93.76988217,42.01378993,S3,TaskName 5/17/2025 (GreenStar 4 Monitor),Outlook/agsaver,90,5/17/2025,0.999,On,1116.4,53.75,-20.00,6.316,9.150,1.675,122.86,19.99,19.94,0,4,40.68,5/17/2025,Good,0.00,0.00,0.00,0.00,0.00,0.00,0.00,3.988,0.00035,1.994,0.00018,19.56,0.221,0.00,0.00,23.93,0.0021,0.00,0.00,0.00,0.00,0.00,2.791,0.00,0.00,0.011
-93.76988719,42.01381452,S3,TaskName 5/17/2025 (GreenStar 4 Monitor),Outlook/agsaver,91,5/17/2025,0.201,On,1116.5,8.750,-38.75,2.087,0.615,8.579,128.92,19.99,30.02,0,5,2.214,5/17/2025,Over Target,0.00,0.00,0.00,0.00,0.00,0.00,0.00,6.004,5.798e-06,3.002,2.899e-06,29.45,0.0036,0.00,0.00,36.02,3.479e-05,0.00,0.00,0.00,0.00,0.00,4.203,0.00,0.00,0.00012
-93.76988291,42.01381204,S3,TaskName 5/17/2025 (GreenStar 4 Monitor),Outlook/agsaver,92,5/17/2025,0.200,On,1116.5,27.50,-31.87,2.713,0.796,8.018,129.09,19.99,24.80,0,5,9.043,5/17/2025,Over Target,0.00,0.00,0.00,0.00,0.00,0.00,0.00,4.960,1.947e-05,2.480,9.735e-06,24.33,0.012,0.00,0.00,29.76,0.00012,0.00,0.00,0.00,0.00,0.00,3.472,0.00,0.00,0.00050
-93.76987828,42.01380931,S3,TaskName 5/17/2025 (GreenStar 4 Monitor),Outlook/agsaver,93,5/17/2025,0.200,On,1116.5,38.75,-27.50,3.376,0.989,8.539,129.35,19.99,22.65,0,5,15.84,5/17/2025,Good,0.00,0.00,0.00,0.00,0.00,0.00,0.00,4.531,3.115e-05,2.265,1.558e-05,22.22,0.020,0.00,0.00,27.18,0.00019,0.00,0.00,0.00,0.00,0.00,3.172,0.00,0.00,0.00088
-93.76987315,42.01380639,S3,TaskName 5/17/2025 (GreenStar 4 Monitor),Outlook/agsaver,94,5/17/2025,0.200,On,1116.5,55.00,-20.62,4.044,1.186,8.737,129.58,19.99,21.52,0,5,26.96,5/17/2025,Good,0.00,0.00,0.00,0.00,0.00,0.00,0.00,4.304,5.036e-05,2.152,2.518e-05,21.11,0.032,0.00,0.00,25.82,0.00030,0.00,0.00,0.00,0.00,0.00,3.013,0.00,0.00,0.0015
-93.76986788,42.01380317,S3,TaskName 5/17/2025 (GreenStar 4 Monitor),Outlook/agsaver,95,5/17/2025,0.200,On,1116.5,57.50,-21.87,4.700,1.380,8.784,129.57,19.99,20.11,0,5,32.78,5/17/2025,Good,0.00,0.00,0.00,0.00,0.00,0.00,0.00,4.022,5.723e-05,2.011,2.861e-05,19.73,0.036,0.00,0.00,24.13,0.00034,0.00,0.00,0.00,0.00,0.00,2.815,0.00,0.00,0.0018
-93.76986239,42.01379974,S3,TaskName 5/17/2025 (GreenStar 4 Monitor),Outlook/agsaver,96,5/17/2025,0.200,On,1116.5,60.00,-23.12,5.286,1.544,9.510,129.47,19.99,20.70,0,5,38.28,5/17/2025,Good,0.00,0.00,0.00,0.00,0.00,0.00,0.00,4.139,6.877e-05,2.070,3.438e-05,20.30,0.043,0.00,0.00,24.84,0.00041,0.00,0.00,0.00,0.00,0.00,2.898,0.00,0.00,0.0021
-93.76985628,42.01379604,S3,TaskName 5/17/2025 (GreenStar 4 Monitor),Outlook/agsaver,97,5/17/2025,0.200,On,1116.5,61.25,-23.75,5.794,1.701,8.837,129.40,19.99,20.48,0,5,43.06,5/17/2025,Good,0.00,0.00,0.00,0.00,0.00,0.00,0.00,4.097,7.656e-05,2.048,3.828e-05,20.09,0.048,0.00,0.00,24.58,0.00046,0.00,0.00,0.00,0.00,0.00,2.868,0.00,0.00,0.0024
-93.76985013,42.01379226,S3,TaskName 5/17/2025 (GreenStar 4 Monitor),Outlook/agsaver,98,5/17/2025,0.200,On,1116.5,62.50,-24.37,6.295,1.855,7.767,129.30,19.99,20.10,0,5,47.92,5/17/2025,Good,0.00,0.00,0.00,0.00,0.00,0.00,0.00,4.020,8.361e-05,2.010,4.180e-05,19.72,0.052,0.00,0.00,24.12,0.00050,0.00,0.00,0.00,0.00,0.00,2.814,0.00,0.00,0.0027
-93.76984388,42.01378834,S3,TaskName 5/17/2025 (GreenStar 4 Monitor),Outlook/agsaver,99,5/17/2025,0.200,On,1116.5,63.75,-25.00,6.713,1.970,6.928,129.11,19.99,20.00,0,5,51.90,5/17/2025,Good,0.00,0.00,0.00,0.00,0.00,0.00,0.00,4.000,9.012e-05,2.000,4.506e-05,19.62,0.057,0.00,0.00,24.00,0.00054,0.00,0.00,0.00,0.00,0.00,2.800,0.00,0.00,0.0029
-93.76983776,42.01378440,S3,TaskName 5/17/2025 (GreenStar 4 Monitor),Outlook/agsaver,100,5/17/2025,0.199,On,1116.5,65.00,-25.62,7.044,2.056,6.657,128.90,19.99,19.87,0,5,55.49,5/17/2025,Good,0.00,0.00,0.00,0.00,0.00,0.00,0.00,3.975,9.525e-05,1.987,4.763e-05,19.50,0.060,0.00,0.00,23.85,0.00057,0.00,0.00,0.00,0.00,0.00,2.782,0.00,0.00,0.0031
-93.76980643,42.01376518,S3,TaskName 5/17/2025 (GreenStar 4 Monitor),Outlook/agsaver,101,5/17/2025,1.000,On,1116.5,67.50,-26.87,7.402,10.86,5.634,129.28,19.99,19.92,0,5,60.56,5/17/2025,Good,0.00,0.00,0.00,0.00,0.00,0.00,0.00,3.984,0.00052,1.992,0.00026,19.54,0.329,0.00,0.00,23.90,0.0031,0.00,0.00,0.00,0.00,0.00,2.789,0.00,0.00,0.017
-93.76977474,42.01374592,S3,TaskName 5/17/2025 (GreenStar 4 Monitor),Outlook/agsaver,102,5/17/2025,1.001,On,1116.5,67.50,-26.87,7.518,11.03,5.774,129.75,19.99,19.89,0,5,61.47,5/17/2025,Good,0.00,0.00,0.00,0.00,0.00,0.00,0.00,3.978,0.00053,1.989,0.00027,19.51,0.333,0.00,0.00,23.87,0.0032,0.00,0.00,0.00,0.00,0.00,2.784,0.00,0.00,0.017
-93.76974380,42.01372599,S3,TaskName 5/17/2025 (GreenStar 4 Monitor),Outlook/agsaver,103,5/17/2025,0.999,On,1116.6,67.50,-26.87,7.553,11.09,6.002,128.26,19.99,20.02,0,5,61.90,5/17/2025,Good,0.00,0.00,0.00,0.00,0.00,0.00,0.00,4.004,0.00054,2.002,0.00027,19.64,0.337,0.00,0.00,24.03,0.0032,0.00,0.00,0.00,0.00,0.00,2.803,0.00,0.00,0.017
-93.76971190,42.01370662,S3,TaskName 5/17/2025 (GreenStar 4 Monitor),Outlook/agsaver,104,5/17/2025,1.000,On,1116.7,67.50,-26.87,7.653,11.23,5.625,128.71,19.99,19.93,0,5,62.67,5/17/2025,Good,0.00,0.00,0.00,0.00,0.00,0.00,0.00,3.986,0.00054,1.993,0.00027,19.55,0.340,0.00,0.00,23.92,0.0033,0.00,0.00,0.00,0.00,0.00,2.790,0.00,0.00,0.017
-93.76967914,42.01368803,S3,TaskName 5/17/2025 (GreenStar 4 Monitor),Outlook/agsaver,105,5/17/2025,1.000,On,1116.8,67.50,-26.87,7.606,11.16,6.889,132.32,19.99,19.91,0,5,62.26,5/17/2025,Good,0.00,0.00,0.00,0.00,0.00,0.00,0.00,3.982,0.00054,1.991,0.00027,19.53,0.338,0.00,0.00,23.89,0.0032,0.00,0.00,0.00,0.00,0.00,2.788,0.00,0.00,0.017
-93.76964719,42.01366686,S3,TaskName 5/17/2025 (GreenStar 4 Monitor),Outlook/agsaver,106,5/17/2025,1.000,On,1116.9,67.50,-26.87,7.778,11.41,6.016,134.68,19.99,19.92,0,5,63.67,5/17/2025,Good,0.00,0.00,0.00,0.00,0.00,0.00,0.00,3.984,0.00055,1.992,0.00028,19.54,0.346,0.00,0.00,23.91,0.0033,0.00,0.00,0.00,0.00,0.00,2.789,0.00,0.00,0.018
-93.76961651,42.01364463,S3,TaskName 5/17/2025 (GreenStar 4 Monitor),Outlook/agsaver,107,5/17/2025,0.996,On,1116.9,67.50,-26.87,7.913,11.55,5.494,134.89,19.99,20.00,0,5,64.70,5/17/2025,Good,0.00,0.00,0.00,0.00,0.00,0.00,0.00,4.001,0.00056,2.000,0.00028,19.62,0.351,0.00,0.00,24.00,0.0034,0.00,0.00,0.00,0.00,0.00,2.800,0.00,0.00,0.018
-93.76958640,42.01362188,S3,TaskName 5/17/2025 (GreenStar 4 Monitor),Outlook/agsaver,108,5/17/2025,1.000,On,1117.1,67.50,-26.87,7.920,11.64,5.679,132.28,19.99,20.01,0,5,64.92,5/17/2025,Good,0.00,0.00,0.00,0.00,0.00,0.00,0.00,4.003,0.00056,2.001,0.00028,19.63,0.354,0.00,0.00,24.02,0.0034,0.00,0.00,0.00,0.00,0.00,2.802,0.00,0.00,0.018
-93.76955553,42.01359975,S3,TaskName 5/17/2025 (GreenStar 4 Monitor),Outlook/agsaver,109,5/17/2025,1.004,On,1117.3,67.50,-26.87,7.955,11.72,6.002,129.51,19.99,20.06,0,5,65.13,5/17/2025,Good,0.00,0.00,0.00,0.00,0.00,0.00,0.00,4.012,0.00057,2.006,0.00028,19.68,0.357,0.00,0.00,24.07,0.0034,0.00,0.00,0.00,0.00,0.00,2.808,0.00,0.00,0.018
-93.76952240,42.01357942,S3,TaskName 5/17/2025 (GreenStar 4 Monitor),Outlook/agsaver,110,5/17/2025,1.000,On,1117.5,67.50,-26.87,7.922,11.62,6.385,129.11,19.99,19.96,0,5,64.84,5/17/2025,Good,0.00,0.00,0.00,0.00,0.00,0.00,0.00,3.993,0.00056,1.996,0.00028,19.59,0.353,0.00,0.00,23.96,0.0034,0.00,0.00,0.00,0.00,0.00,2.795,0.00,0.00,0.018
-93.76948880,42.01355939,S3,TaskName 5/17/2025 (GreenStar 4 Monitor),Outlook/agsaver,111,5/17/2025,1.000,On,1117.6,67.50,-26.87,7.979,11.71,6.203,129.01,19.99,20.00,0,5,65.32,5/17/2025,Good,0.00,0.00,0.00,0.00,0.00,0.00,0.00,4.000,0.00057,2.000,0.00028,19.62,0.356,0.00,0.00,24.00,0.0034,0.00,0.00,0.00,0.00,0.00,2.800,0.00,0.00,0.018
-93.76945549,42.01353854,S3,TaskName 5/17/2025 (GreenStar 4 Monitor),Outlook/agsaver,112,5/17/2025,1.000,On,1117.7,67.50,-26.87,8.009,11.75,6.031,127.75,19.99,19.96,0,5,65.54,5/17/2025,Good,0.00,0.00,0.00,0.00,0.00,0.00,0.00,3.992,0.00057,1.996,0.00028,19.58,0.356,0.00,0.00,23.95,0.0034,0.00,0.00,0.00,0.00,0.00,2.794,0.00,0.00,0.018
-93.76942135,42.01351851,S3,TaskName 5/17/2025 (GreenStar 4 Monitor),Outlook/agsaver,113,5/17/2025,1.000,On,1117.8,67.50,-26.87,8.061,11.83,5.615,127.74,19.99,19.92,0,5,65.98,5/17/2025,Good,0.00,0.00,0.00,0.00,0.00,0.00,0.00,3.983,0.00057,1.992,0.00029,19.54,0.358,0.00,0.00,23.90,0.0034,0.00,0.00,0.00,0.00,0.00,2.788,0.00,0.00,0.018
-93.76938704,42.01349895,S3,TaskName 5/17/2025 (GreenStar 4 Monitor),Outlook/agsaver,114,5/17/2025,1.000,On,1117.9,67.50,-26.87,8.020,11.77,6.106,128.81,19.99,19.90,0,5,65.65,5/17/2025,Good,0.00,0.00,0.00,0.00,0.00,0.00,0.00,3.979,0.00057,1.990,0.00028,19.52,0.356,0.00,0.00,23.88,0.0034,0.00,0.00,0.00,0.00,0.00,2.785,0.00,0.00,0.018
-93.76935370,42.01347847,S3,TaskName 5/17/2025 (GreenStar 4 Monitor),Outlook/agsaver,115,5/17/2025,1.000,On,1118.1,67.50,-26.87,8.003,11.75,6.116,128.11,19.99,20.05,0,5,65.52,5/17/2025,Good,0.00,0.00,0.00,0.00,0.00,0.00,0.00,4.010,0.00057,2.005,0.00029,19.67,0.358,0.00,0.00,24.06,0.0034,0.00,0.00,0.00,0.00,0.00,2.807,0.00,0.00,0.018
-93.76931936,42.01345850,S3,TaskName 5/17/2025 (GreenStar 4 Monitor),Outlook/agsaver,116,5/17/2025,1.000,On,1118.1,67.50,-26.87,8.026,11.77,5.726,128.69,19.99,20.03,0,5,65.67,5/17/2025,Good,0.00,0.00,0.00,0.00,0.00,0.00,0.00,4.006,0.00057,2.003,0.00029,19.65,0.358,0.00,0.00,24.04,0.0034,0.00,0.00,0.00,0.00,0.00,2.804,0.00,0.00,0.018
-93.76928526,42.01343841,S3,TaskName 5/17/2025 (GreenStar 4 Monitor),Outlook/agsaver,117,5/17/2025,1.000,On,1118.1,67.50,-26.87,8.065,11.83,5.706,129.45,19.99,19.99,0,5,66.00,5/17/2025,Good,0.00,0.00,0.00,0.00,0.00,0.00,0.00,3.999,0.00057,1.999,0.00029,19.61,0.360,0.00,0.00,23.99,0.0034,0.00,0.00,0.00,0.00,0.00,2.799,0.00,0.00,0.018
-93.76925147,42.01341759,S3,TaskName 5/17/2025 (GreenStar 4 Monitor),Outlook/agsaver,118,5/17/2025,0.996,On,1118.2,67.50,-26.87,8.067,11.79,5.360,129.61,19.99,20.15,0,5,66.02,5/17/2025,Good,0.00,0.00,0.00,0.00,0.00,0.00,0.00,4.031,0.00058,2.015,0.00029,19.77,0.361,0.00,0.00,24.18,0.0035,0.00,0.00,0.00,0.00,0.00,2.821,0.00,0.00,0.018
-93.76921834,42.01339704,S3,TaskName 5/17/2025 (GreenStar 4 Monitor),Outlook/agsaver,119,5/17/2025,1.000,On,1118.2,67.50,-26.87,8.114,11.90,4.777,129.08,19.99,20.22,0,5,66.40,5/17/2025,Good,0.00,0.00,0.00,0.00,0.00,0.00,0.00,4.044,0.00058,2.022,0.00029,19.84,0.366,0.00,0.00,24.26,0.0035,0.00,0.00,0.00,0.00,0.00,2.831,0.00,0.00,0.018
-93.76918542,42.01337669,S3,TaskName 5/17/2025 (GreenStar 4 Monitor),Outlook/agsaver,120,5/17/2025,1.000,On,1118.3,67.50,-26.87,7.895,11.59,5.721,128.71,19.99,20.28,0,5,64.64,5/17/2025,Good,0.00,0.00,0.00,0.00,0.00,0.00,0.00,4.057,0.00057,2.028,0.00028,19.90,0.357,0.00,0.00,24.34,0.0034,0.00,0.00,0.00,0.00,0.00,2.840,0.00,0.00,0.018
-93.76915221,42.01335691,S3,TaskName 5/17/2025 (GreenStar 4 Monitor),Outlook/agsaver,121,5/17/2025,1.000,On,1118.2,67.50,-26.87,7.962,11.68,4.616,129.11,19.99,20.25,0,5,65.17,5/17/2025,Good,0.00,0.00,0.00,0.00,0.00,0.00,0.00,4.050,0.00057,2.025,0.00029,19.87,0.360,0.00,0.00,24.30,0.0034,0.00,0.00,0.00,0.00,0.00,2.835,0.00,0.00,0.018
-93.76912049,42.01333767,S3,TaskName 5/17/2025 (GreenStar 4 Monitor),Outlook/agsaver,122,5/17/2025,1.000,On,1118.2,67.50,-26.87,7.734,11.35,4.586,125.77,19.99,20.27,0,5,63.33,5/17/2025,Good,0.00,0.00,0.00,0.00,0.00,0.00,0.00,4.054,0.00056,2.027,0.00028,19.88,0.350,0.00,0.00,24.32,0.0033,0.00,0.00,0.00,0.00,0.00,2.838,0.00,0.00,0.018
-93.76909237,42.01332061,S3,TaskName 5/17/2025 (GreenStar 4 Monitor),Outlook/agsaver,123,5/17/2025,1.004,On,1118.2,67.50,-26.87,7.281,10.72,4.238,117.06,19.99,21.01,0,5,59.54,5/17/2025,Good,0.00,0.00,0.00,0.00,0.00,0.00,0.00,4.203,0.00055,2.101,0.00027,20.61,0.342,0.00,0.00,25.22,0.0033,0.00,0.00,0.00,0.00,0.00,2.942,0.00,0.00,0.017
-93.76908636,42.01331734,S3,TaskName 5/17/2025 (GreenStar 4 Monitor),Outlook/agsaver,124,5/17/2025,0.196,On,1118.2,67.50,-26.87,6.811,1.958,7.555,115.18,19.99,21.53,0,5,55.73,5/17/2025,Good,0.00,0.00,0.00,0.00,0.00,0.00,0.00,4.306,0.00010,2.153,5.104e-05,21.12,0.064,0.00,0.00,25.84,0.00061,0.00,0.00,0.00,0.00,0.00,3.014,0.00,0.00,0.0030
-93.76906645,42.01330854,S3,TaskName 5/17/2025 (GreenStar 4 Monitor),Outlook/agsaver,125,5/17/2025,0.605,On,1118.2,66.25,-26.25,6.928,6.150,5.956,109.60,19.99,22.79,0,5,55.65,5/17/2025,Good,0.00,0.00,0.00,0.00,0.00,0.00,0.00,4.558,0.00033,2.279,0.00017,22.36,0.209,0.00,0.00,27.35,0.0020,0.00,0.00,0.00,0.00,0.00,3.190,0.00,0.00,0.0094
-93.76903292,42.01329796,S3,TaskName 5/17/2025 (GreenStar 4 Monitor),Outlook/agsaver,126,5/17/2025,0.999,On,1118.3,67.50,-26.87,7.040,10.32,3.974,101.08,19.99,21.03,0,5,57.62,5/17/2025,Good,0.00,0.00,0.00,0.00,0.00,0.00,0.00,4.206,0.00053,2.103,0.00026,20.63,0.330,0.00,0.00,25.23,0.0032,0.00,0.00,0.00,0.00,0.00,2.944,0.00,0.00,0.016
-93.76901966,42.01329470,S3,TaskName 5/17/2025 (GreenStar 4 Monitor),Outlook/agsaver,127,5/17/2025,0.396,On,1118.4,67.50,-26.87,6.792,3.949,4.700,97.36,19.99,21.61,0,5,55.63,5/17/2025,Good,0.00,0.00,0.00,0.00,0.00,0.00,0.00,4.322,0.00021,2.161,0.00010,21.20,0.130,0.00,0.00,25.93,0.0012,0.00,0.00,0.00,0.00,0.00,3.026,0.00,0.00,0.0061
-93.76901300,42.01329329,S3,TaskName 5/17/2025 (GreenStar 4 Monitor),Outlook/agsaver,128,5/17/2025,0.205,On,1118.4,66.25,-26.25,6.682,2.010,4.128,95.45,19.99,22.27,0,5,53.70,5/17/2025,Good,0.00,0.00,0.00,0.00,0.00,0.00,0.00,4.454,0.00011,2.227,5.320e-05,21.85,0.067,0.00,0.00,26.72,0.00064,0.00,0.00,0.00,0.00,0.00,3.118,0.00,0.00,0.0031
-93.76900655,42.01329206,S3,TaskName 5/17/2025 (GreenStar 4 Monitor),Outlook/agsaver,129,5/17/2025,0.200,On,1118.4,65.00,-25.62,6.606,1.928,3.916,93.38,19.99,22.69,0,5,51.80,5/17/2025,Good,0.00,0.00,0.00,0.00,0.00,0.00,0.00,4.537,0.00010,2.269,5.100e-05,22.25,0.064,0.00,0.00,27.22,0.00061,0.00,0.00,0.00,0.00,0.00,3.176,0.00,0.00,0.0029
-93.76898796,42.01328952,S3,TaskName 5/17/2025 (GreenStar 4 Monitor),Outlook/agsaver,130,5/17/2025,0.600,On,1118.6,58.75,-22.50,6.344,5.585,3.491,88.33,19.99,22.80,0,5,45.20,5/17/2025,Good,0.00,0.00,0.00,0.00,0.00,0.00,0.00,4.559,0.00027,2.280,0.00013,22.36,0.168,0.00,0.00,27.35,0.0016,0.00,0.00,0.00,0.00,0.00,3.191,0.00,0.00,0.0075
-93.76898193,42.01328900,S3,TaskName 5/17/2025 (GreenStar 4 Monitor),Outlook/agsaver,131,5/17/2025,0.195,On,1118.6,61.25,-23.75,6.055,1.741,3.249,86.81,19.99,22.02,0,5,45.21,5/17/2025,Good,0.00,0.00,0.00,0.00,0.00,0.00,0.00,4.405,8.426e-05,2.202,4.213e-05,21.60,0.053,0.00,0.00,26.43,0.00051,0.00,0.00,0.00,0.00,0.00,3.083,0.00,0.00,0.0024
-93.76897626,42.01328862,S3,TaskName 5/17/2025 (GreenStar 4 Monitor),Outlook/agsaver,132,5/17/2025,0.200,On,1118.6,66.25,-26.25,5.906,1.735,3.395,85.38,19.99,21.91,0,5,47.49,5/17/2025,Good,0.00,0.00,0.00,0.00,0.00,0.00,0.00,4.381,9.031e-05,2.191,4.516e-05,21.49,0.057,0.00,0.00,26.29,0.00054,0.00,0.00,0.00,0.00,0.00,3.067,0.00,0.00,0.0026
-93.76896067,42.01328851,S3,TaskName 5/17/2025 (GreenStar 4 Monitor),Outlook/agsaver,133,5/17/2025,0.604,On,1118.7,67.50,-26.87,5.502,4.870,2.903,82.21,19.99,21.19,0,5,44.98,5/17/2025,Good,0.00,0.00,0.00,0.00,0.00,0.00,0.00,4.238,0.00025,2.119,0.00012,20.79,0.157,0.00,0.00,25.43,0.0015,0.00,0.00,0.00,0.00,0.00,2.966,0.00,0.00,0.0075
-93.76813794,42.01301660,S3,TaskName 5/17/2025 (GreenStar 4 Monitor),Outlook/agsaver,134,5/17/2025,1.000,On,1118.5,67.50,-26.87,7.023,10.29,4.387,89.65,19.99,19.84,0,6,57.43,5/17/2025,Good,0.00,0.00,0.00,0.00,0.00,0.00,0.00,3.969,0.00049,1.984,0.00025,19.47,0.311,0.00,0.00,23.81,0.0030,0.00,0.00,0.00,0.00,0.00,2.778,0.00,0.00,0.016
-93.76809965,42.01301724,S3,TaskName 5/17/2025 (GreenStar 4 Monitor),Outlook/agsaver,135,5/17/2025,1.000,On,1118.4,67.50,-26.87,7.037,10.31,5.679,90.16,19.99,19.81,0,6,57.50,5/17/2025,Good,0.00,0.00,0.00,0.00,0.00,0.00,0.00,3.961,0.00049,1.981,0.00025,19.43,0.310,0.00,0.00,23.77,0.0030,0.00,0.00,0.00,0.00,0.00,2.773,0.00,0.00,0.016
-93.76806057,42.01301743,S3,TaskName 5/17/2025 (GreenStar 4 Monitor),Outlook/agsaver,136,5/17/2025,0.999,On,1118.3,67.50,-26.87,7.138,10.47,5.091,89.59,19.99,19.83,0,6,58.44,5/17/2025,Good,0.00,0.00,0.00,0.00,0.00,0.00,0.00,3.966,0.00050,1.983,0.00025,19.45,0.315,0.00,0.00,23.79,0.0030,0.00,0.00,0.00,0.00,0.00,2.776,0.00,0.00,0.016
-93.76802094,42.01301786,S3,TaskName 5/17/2025 (GreenStar 4 Monitor),Outlook/agsaver,137,5/17/2025,1.000,On,1118.4,67.50,-26.87,7.287,10.68,4.590,89.53,19.99,19.88,0,6,59.59,5/17/2025,Good,0.00,0.00,0.00,0.00,0.00,0.00,0.00,3.976,0.00051,1.988,0.00026,19.50,0.323,0.00,0.00,23.86,0.0031,0.00,0.00,0.00,0.00,0.00,2.783,0.00,0.00,0.017
-93.76797975,42.01301810,S3,TaskName 5/17/2025 (GreenStar 4 Monitor),Outlook/agsaver,138,5/17/2025,0.996,On,1118.5,67.50,-26.87,7.428,10.83,6.529,89.46,19.99,19.89,0,6,60.67,5/17/2025,Good,0.00,0.00,0.00,0.00,0.00,0.00,0.00,3.978,0.00052,1.989,0.00026,19.51,0.328,0.00,0.00,23.87,0.0031,0.00,0.00,0.00,0.00,0.00,2.785,0.00,0.00,0.017
-93.76793683,42.01301833,S3,TaskName 5/17/2025 (GreenStar 4 Monitor),Outlook/agsaver,139,5/17/2025,1.000,On,1118.5,67.50,-26.87,7.837,11.49,4.731,89.35,19.99,19.91,0,6,64.09,5/17/2025,Good,0.00,0.00,0.00,0.00,0.00,0.00,0.00,3.981,0.00055,1.991,0.00028,19.53,0.348,0.00,0.00,23.89,0.0033,0.00,0.00,0.00,0.00,0.00,2.787,0.00,0.00,0.018
-93.76789375,42.01301894,S3,TaskName 5/17/2025 (GreenStar 4 Monitor),Outlook/agsaver,140,5/17/2025,0.999,On,1118.7,67.50,-26.87,7.947,11.65,5.049,90.01,19.99,19.91,0,6,65.05,5/17/2025,Good,0.00,0.00,0.00,0.00,0.00,0.00,0.00,3.982,0.00056,1.991,0.00028,19.53,0.353,0.00,0.00,23.89,0.0034,0.00,0.00,0.00,0.00,0.00,2.787,0.00,0.00,0.018
-93.76785080,42.01301894,S3,TaskName 5/17/2025 (GreenStar 4 Monitor),Outlook/agsaver,141,5/17/2025,1.000,On,1118.7,67.50,-26.87,7.999,11.73,5.423,89.32,19.99,19.96,0,6,65.43,5/17/2025,Good,0.00,0.00,0.00,0.00,0.00,0.00,0.00,3.993,0.00057,1.996,0.00028,19.59,0.356,0.00,0.00,23.96,0.0034,0.00,0.00,0.00,0.00,0.00,2.795,0.00,0.00,0.018
-93.76780670,42.01301914,S3,TaskName 5/17/2025 (GreenStar 4 Monitor),Outlook/agsaver,142,5/17/2025,1.000,On,1118.8,67.50,-26.87,8.068,11.83,4.734,88.98,19.99,20.02,0,6,66.00,5/17/2025,Good,0.00,0.00,0.00,0.00,0.00,0.00,0.00,4.004,0.00057,2.002,0.00029,19.64,0.360,0.00,0.00,24.02,0.0034,0.00,0.00,0.00,0.00,0.00,2.803,0.00,0.00,0.018
-93.76776350,42.01301972,S3,TaskName 5/17/2025 (GreenStar 4 Monitor),Outlook/agsaver,143,5/17/2025,1.000,On,1118.8,67.50,-26.87,8.077,11.84,4.692,89.15,19.99,19.96,0,6,66.07,5/17/2025,Good,0.00,0.00,0.00,0.00,0.00,0.00,0.00,3.993,0.00057,1.996,0.00029,19.58,0.359,0.00,0.00,23.96,0.0034,0.00,0.00,0.00,0.00,0.00,2.795,0.00,0.00,0.018
-93.76771982,42.01302028,S3,TaskName 5/17/2025 (GreenStar 4 Monitor),Outlook/agsaver,144,5/17/2025,1.000,On,1118.9,67.50,-26.87,8.054,11.81,4.204,89.48,19.99,19.84,0,6,65.89,5/17/2025,Good,0.00,0.00,0.00,0.00,0.00,0.00,0.00,3.968,0.00057,1.984,0.00028,19.46,0.356,0.00,0.00,23.81,0.0034,0.00,0.00,0.00,0.00,0.00,2.777,0.00,0.00,0.018
-93.76767652,42.01302084,S3,TaskName 5/17/2025 (GreenStar 4 Monitor),Outlook/agsaver,145,5/17/2025,1.000,On,1119.1,67.50,-26.87,8.066,11.82,4.235,89.84,19.99,19.90,0,6,65.96,5/17/2025,Good,0.00,0.00,0.00,0.00,0.00,0.00,0.00,3.980,0.00057,1.990,0.00028,19.52,0.358,0.00,0.00,23.88,0.0034,0.00,0.00,0.00,0.00,0.00,2.786,0.00,0.00,0.018
-93.76763369,42.01302104,S3,TaskName 5/17/2025 (GreenStar 4 Monitor),Outlook/agsaver,146,5/17/2025,1.005,On,1119.2,67.50,-26.87,7.995,11.78,4.826,89.60,19.99,19.98,0,6,65.39,5/17/2025,Good,0.00,0.00,0.00,0.00,0.00,0.00,0.00,3.996,0.00057,1.998,0.00028,19.60,0.358,0.00,0.00,23.98,0.0034,0.00,0.00,0.00,0.00,0.00,2.797,0.00,0.00,0.018
-93.76759045,42.01302092,S3,TaskName 5/17/2025 (GreenStar 4 Monitor),Outlook/agsaver,147,5/17/2025,0.995,On,1119.4,67.50,-26.87,7.960,11.61,5.250,89.01,19.99,20.12,0,6,65.11,5/17/2025,Good,0.00,0.00,0.00,0.00,0.00,0.00,0.00,4.024,0.00057,2.012,0.00028,19.74,0.355,0.00,0.00,24.14,0.0034,0.00,0.00,0.00,0.00,0.00,2.817,0.00,0.00,0.018
-93.76754780,42.01302138,S3,TaskName 5/17/2025 (GreenStar 4 Monitor),Outlook/agsaver,148,5/17/2025,1.000,On,1119.5,67.50,-26.87,7.980,11.70,5.935,89.17,19.99,20.17,0,6,65.26,5/17/2025,Good,0.00,0.00,0.00,0.00,0.00,0.00,0.00,4.034,0.00057,2.017,0.00029,19.79,0.359,0.00,0.00,24.20,0.0034,0.00,0.00,0.00,0.00,0.00,2.824,0.00,0.00,0.018
-93.76750504,42.01302206,S3,TaskName 5/17/2025 (GreenStar 4 Monitor),Outlook/agsaver,149,5/17/2025,1.000,On,1119.3,67.50,-26.87,7.828,11.48,6.257,90.05,19.99,20.18,0,6,64.02,5/17/2025,Good,0.00,0.00,0.00,0.00,0.00,0.00,0.00,4.035,0.00056,2.018,0.00028,19.79,0.352,0.00,0.00,24.21,0.0034,0.00,0.00,0.00,0.00,0.00,2.825,0.00,0.00,0.018
-93.76746075,42.01302229,S3,TaskName 5/17/2025 (GreenStar 4 Monitor),Outlook/agsaver,150,5/17/2025,1.000,On,1119.3,67.50,-26.87,8.155,11.95,4.056,90.12,19.99,20.08,0,6,66.67,5/17/2025,Good,0.00,0.00,0.00,0.00,0.00,0.00,0.00,4.015,0.00058,2.008,0.00029,19.70,0.365,0.00,0.00,24.09,0.0035,0.00,0.00,0.00,0.00,0.00,2.811,0.00,0.00,0.019
-93.76741828,42.01302212,S3,TaskName 5/17/2025 (GreenStar 4 Monitor),Outlook/agsaver,151,5/17/2025,1.001,On,1119.4,67.50,-26.87,8.011,11.74,5.356,89.61,19.99,20.13,0,6,65.44,5/17/2025,Good,0.00,0.00,0.00,0.00,0.00,0.00,0.00,4.026,0.00057,2.013,0.00029,19.75,0.359,0.00,0.00,24.16,0.0034,0.00,0.00,0.00,0.00,0.00,2.818,0.00,0.00,0.018
-93.76737582,42.01302217,S3,TaskName 5/17/2025 (GreenStar 4 Monitor),Outlook/agsaver,152,5/17/2025,0.999,On,1119.5,67.50,-26.87,7.868,11.54,6.476,89.67,19.99,20.25,0,6,64.43,5/17/2025,Good,0.00,0.00,0.00,0.00,0.00,0.00,0.00,4.049,0.00057,2.025,0.00028,19.86,0.355,0.00,0.00,24.30,0.0034,0.00,0.00,0.00,0.00,0.00,2.834,0.00,0.00,0.018
-93.76733254,42.01302270,S3,TaskName 5/17/2025 (GreenStar 4 Monitor),Outlook/agsaver,153,5/17/2025,1.000,On,1119.4,67.50,-26.87,7.962,11.67,5.806,90.47,19.99,20.06,0,6,65.10,5/17/2025,Good,0.00,0.00,0.00,0.00,0.00,0.00,0.00,4.011,0.00057,2.006,0.00028,19.67,0.356,0.00,0.00,24.07,0.0034,0.00,0.00,0.00,0.00,0.00,2.808,0.00,0.00,0.018
-93.76728915,42.01302249,S3,TaskName 5/17/2025 (GreenStar 4 Monitor),Outlook/agsaver,154,5/17/2025,1.001,On,1119.5,67.50,-26.87,8.029,11.77,5.480,90.68,19.99,20.02,0,6,65.60,5/17/2025,Good,0.00,0.00,0.00,0.00,0.00,0.00,0.00,4.004,0.00057,2.002,0.00029,19.64,0.358,0.00,0.00,24.02,0.0034,0.00,0.00,0.00,0.00,0.00,2.803,0.00,0.00,0.018
-93.76724609,42.01302202,S3,TaskName 5/17/2025 (GreenStar 4 Monitor),Outlook/agsaver,155,5/17/2025,0.999,On,1119.6,67.50,-26.87,8.024,11.76,5.927,90.02,19.99,20.12,0,6,65.69,5/17/2025,Good,0.00,0.00,0.00,0.00,0.00,0.00,0.00,4.025,0.00057,2.012,0.00029,19.74,0.360,0.00,0.00,24.15,0.0034,0.00,0.00,0.00,0.00,0.00,2.817,0.00,0.00,0.018
-93.76720287,42.01302164,S3,TaskName 5/17/2025 (GreenStar 4 Monitor),Outlook/agsaver,156,5/17/2025,1.000,On,1119.4,67.50,-26.87,7.973,11.69,5.687,89.42,19.99,20.24,0,6,65.23,5/17/2025,Good,0.00,0.00,0.00,0.00,0.00,0.00,0.00,4.048,0.00057,2.024,0.00029,19.86,0.360,0.00,0.00,24.29,0.0034,0.00,0.00,0.00,0.00,0.00,2.834,0.00,0.00,0.018
-93.76715890,42.01302206,S3,TaskName 5/17/2025 (GreenStar 4 Monitor),Outlook/agsaver,157,5/17/2025,1.001,On,1119.2,67.50,-26.87,8.071,11.83,4.310,89.56,19.99,19.93,0,6,65.95,5/17/2025,Good,0.00,0.00,0.00,0.00,0.00,0.00,0.00,3.986,0.00057,1.993,0.00029,19.55,0.359,0.00,0.00,23.92,0.0034,0.00,0.00,0.00,0.00,0.00,2.790,0.00,0.00,0.018
-93.76711552,42.01302215,S3,TaskName 5/17/2025 (GreenStar 4 Monitor),Outlook/agsaver,158,5/17/2025,0.999,On,1119.3,67.50,-26.87,8.148,11.95,3.439,89.21,19.99,19.91,0,6,66.72,5/17/2025,Good,0.00,0.00,0.00,0.00,0.00,0.00,0.00,3.981,0.00058,1.991,0.00029,19.53,0.362,0.00,0.00,23.89,0.0035,0.00,0.00,0.00,0.00,0.00,2.787,0.00,0.00,0.019
-93.76707815,42.01302219,S3,TaskName 5/17/2025 (GreenStar 4 Monitor),Outlook/agsaver,159,5/17/2025,1.001,On,1119.7,67.50,-26.87,7.591,11.12,3.395,88.26,19.99,20.32,0,6,61.96,5/17/2025,Good,0.00,0.00,0.00,0.00,0.00,0.00,0.00,4.065,0.00055,2.032,0.00027,19.94,0.344,0.00,0.00,24.39,0.0033,0.00,0.00,0.00,0.00,0.00,2.845,0.00,0.00,0.017
-93.76704546,42.01302315,S3,TaskName 5/17/2025 (GreenStar 4 Monitor),Outlook/agsaver,160,5/17/2025,0.999,On,1119.1,67.50,-26.87,6.571,9.612,3.142,88.26,19.99,20.33,0,6,53.68,5/17/2025,Good,0.00,0.00,0.00,0.00,0.00,0.00,0.00,4.066,0.00047,2.033,0.00024,19.95,0.297,0.00,0.00,24.40,0.0028,0.00,0.00,0.00,0.00,0.00,2.846,0.00,0.00,0.015
-93.76702807,42.01302340,S3,TaskName 5/17/2025 (GreenStar 4 Monitor),Outlook/agsaver,161,5/17/2025,0.801,On,1119.0,67.50,-26.87,5.319,5.836,1.670,88.27,19.99,20.15,0,6,40.64,5/17/2025,Good,0.00,0.00,0.00,0.00,0.00,0.00,0.00,4.031,0.00028,2.015,0.00014,19.77,0.179,0.00,0.00,24.18,0.0017,0.00,0.00,0.00,0.00,0.00,2.821,0.00,0.00,0.0090
-93.76723328,42.01300159,S3,TaskName 5/17/2025 (GreenStar 4 Monitor),Outlook/agsaver,162,5/17/2025,0.404,On,1119.2,121.25,0.00,2.410,1.421,5.554,359.36,19.99,27.11,0,7,35.24,5/17/2025,Over Target,0.00,0.00,0.00,0.00,0.00,0.00,0.00,5.422,0.00017,2.711,8.376e-05,26.60,0.105,0.00,0.00,32.53,0.0010,0.00,0.00,0.00,0.00,0.00,3.796,0.00,0.00,0.0040
-93.76723336,42.01300375,S3,TaskName 5/17/2025 (GreenStar 4 Monitor),Outlook/agsaver,163,5/17/2025,0.196,On,1119.1,55.00,-28.61,2.566,0.735,4.141,359.50,19.99,21.42,0,7,17.04,5/17/2025,Good,0.00,0.00,0.00,0.00,0.00,0.00,0.00,4.285,3.106e-05,2.142,1.553e-05,21.02,0.020,0.00,0.00,25.71,0.00019,0.00,0.00,0.00,0.00,0.00,2.999,0.00,0.00,0.00093
-93.76723340,42.01300587,S3,TaskName 5/17/2025 (GreenStar 4 Monitor),Outlook/agsaver,164,5/17/2025,0.204,On,1119.1,3.750,58.75,2.540,0.758,2.979,359.58,19.99,22.80,0,7,1.151,5/17/2025,Good,0.00,0.00,0.00,0.00,0.00,0.00,0.00,4.561,2.325e-06,2.280,1.162e-06,22.37,0.0015,0.00,0.00,27.36,1.395e-05,0.00,0.00,0.00,0.00,0.00,3.192,0.00,0.00,6.524e-05
-93.76723376,42.01303568,S3,TaskName 5/17/2025 (GreenStar 4 Monitor),Outlook/agsaver,165,5/17/2025,1.006,On,1119.1,5.000,58.12,3.288,4.774,5.401,359.90,19.99,20.78,0,8,1.961,5/17/2025,Good,0.00,0.00,0.00,0.00,0.00,0.00,0.00,4.156,1.779e-05,2.078,8.896e-06,20.39,0.011,0.00,0.00,24.94,0.00011,0.00,0.00,0.00,0.00,0.00,2.909,0.00,0.00,0.00055
-93.76723346,42.01305713,S3,TaskName 5/17/2025 (GreenStar 4 Monitor),Outlook/agsaver,166,5/17/2025,0.995,On,1119.1,5.000,58.12,4.454,6.453,9.157,359.55,19.99,20.61,0,8,2.680,5/17/2025,Good,0.00,0.00,0.00,0.00,0.00,0.00,0.00,4.122,2.386e-05,2.061,1.193e-05,20.22,0.015,0.00,0.00,24.73,0.00014,0.00,0.00,0.00,0.00,0.00,2.886,0.00,0.00,0.00074
-93.76723376,42.01308469,S3,TaskName 5/17/2025 (GreenStar 4 Monitor),Outlook/agsaver,167,5/17/2025,1.005,On,1119.0,5.000,58.12,6.190,9.058,5.849,359.85,19.99,20.20,0,8,3.725,5/17/2025,Good,0.00,0.00,0.00,0.00,0.00,0.00,0.00,4.040,3.282e-05,2.020,1.641e-05,19.82,0.021,0.00,0.00,24.24,0.00020,0.00,0.00,0.00,0.00,0.00,2.828,0.00,0.00,0.0010
-93.76723388,42.01311376,S3,TaskName 5/17/2025 (GreenStar 4 Monitor),Outlook/agsaver,168,5/17/2025,0.995,On,1118.9,5.000,58.12,6.916,10.07,7.003,0.078,19.99,20.20,0,8,4.182,5/17/2025,Good,0.00,0.00,0.00,0.00,0.00,0.00,0.00,4.040,3.648e-05,2.020,1.824e-05,19.82,0.023,0.00,0.00,24.24,0.00022,0.00,0.00,0.00,0.00,0.00,2.828,0.00,0.00,0.0012
-93.76723375,42.01311980,S3,TaskName 5/17/2025 (GreenStar 4 Monitor),Outlook/agsaver,169,5/17/2025,0.205,On,1118.9,5.000,58.12,7.273,2.195,6.360,360.00,19.99,20.11,0,8,4.424,5/17/2025,Good,0.00,0.00,0.00,0.00,0.00,0.00,0.00,4.022,7.916e-06,2.011,3.958e-06,19.73,0.0050,0.00,0.00,24.13,4.750e-05,0.00,0.00,0.00,0.00,0.00,2.815,0.00,0.00,0.00025
-93.76723336,42.01315086,S3,TaskName 5/17/2025 (GreenStar 4 Monitor),Outlook/agsaver,170,5/17/2025,0.995,On,1118.9,6.250,57.50,7.560,11.01,5.358,359.67,19.99,20.06,0,8,5.716,5/17/2025,Good,0.00,0.00,0.00,0.00,0.00,0.00,0.00,4.012,4.952e-05,2.006,2.476e-05,19.68,0.031,0.00,0.00,24.07,0.00030,0.00,0.00,0.00,0.00,0.00,2.808,0.00,0.00,0.0016
-93.76723321,42.01318152,S3,TaskName 5/17/2025 (GreenStar 4 Monitor),Outlook/agsaver,171,5/17/2025,1.000,On,1118.9,6.250,57.50,7.625,11.18,5.721,359.33,19.99,19.55,0,8,5.774,5/17/2025,Good,0.00,0.00,0.00,0.00,0.00,0.00,0.00,3.910,4.899e-05,1.955,2.450e-05,19.18,0.031,0.00,0.00,23.46,0.00029,0.00,0.00,0.00,0.00,0.00,2.737,0.00,0.00,0.0016
-93.76723352,42.01321261,S3,TaskName 5/17/2025 (GreenStar 4 Monitor),Outlook/agsaver,172,5/17/2025,1.000,On,1119.0,121.25,0.00,7.685,11.27,5.375,359.45,19.99,18.73,0,8,112.97,5/17/2025,Good,0.00,0.00,0.00,0.00,0.00,0.00,0.00,3.745,0.00092,1.873,0.00046,18.37,0.577,0.00,0.00,22.47,0.0055,0.00,0.00,0.00,0.00,0.00,2.622,0.00,0.00,0.031
-93.76723399,42.01324349,S3,TaskName 5/17/2025 (GreenStar 4 Monitor),Outlook/agsaver,173,5/17/2025,1.000,On,1119.1,121.25,0.00,7.684,11.27,6.519,359.80,19.99,19.64,0,8,112.90,5/17/2025,Good,0.00,0.00,0.00,0.00,0.00,0.00,0.00,3.929,0.00096,1.964,0.00048,19.27,0.604,0.00,0.00,23.57,0.0058,0.00,0.00,0.00,0.00,0.00,2.750,0.00,0.00,0.031
-93.76723410,42.01327471,S3,TaskName 5/17/2025 (GreenStar 4 Monitor),Outlook/agsaver,174,5/17/2025,0.999,On,1119.2,121.25,0.00,7.704,11.29,6.617,359.87,19.99,19.98,0,8,113.21,5/17/2025,Good,0.00,0.00,0.00,0.00,0.00,0.00,0.00,3.996,0.00098,1.998,0.00049,19.60,0.616,0.00,0.00,23.97,0.0059,0.00,0.00,0.00,0.00,0.00,2.797,0.00,0.00,0.031
-93.76723384,42.01330593,S3,TaskName 5/17/2025 (GreenStar 4 Monitor),Outlook/agsaver,175,5/17/2025,1.001,On,1119.3,121.25,0.00,7.770,11.40,6.107,359.62,19.99,19.85,0,8,114.16,5/17/2025,Good,0.00,0.00,0.00,0.00,0.00,0.00,0.00,3.969,0.00098,1.985,0.00049,19.47,0.618,0.00,0.00,23.82,0.0059,0.00,0.00,0.00,0.00,0.00,2.779,0.00,0.00,0.032
-93.76723397,42.01333732,S3,TaskName 5/17/2025 (GreenStar 4 Monitor),Outlook/agsaver,176,5/17/2025,0.999,On,1119.6,121.25,0.00,7.780,11.39,6.492,359.69,19.99,19.86,0,8,114.29,5/17/2025,Good,0.00,0.00,0.00,0.00,0.00,0.00,0.00,3.973,0.00098,1.986,0.00049,19.49,0.618,0.00,0.00,23.84,0.0059,0.00,0.00,0.00,0.00,0.00,2.781,0.00,0.00,0.032
-93.76723437,42.01336897,S3,TaskName 5/17/2025 (GreenStar 4 Monitor),Outlook/agsaver,177,5/17/2025,1.001,On,1119.7,121.25,0.00,7.840,11.50,6.588,359.94,19.99,20.01,0,8,115.15,5/17/2025,Good,0.00,0.00,0.00,0.00,0.00,0.00,0.00,4.003,0.0010,2.001,0.00050,19.63,0.629,0.00,0.00,24.02,0.0060,0.00,0.00,0.00,0.00,0.00,2.802,0.00,0.00,0.032
-93.76723418,42.01340087,S3,TaskName 5/17/2025 (GreenStar 4 Monitor),Outlook/agsaver,178,5/17/2025,1.000,On,1119.9,121.25,0.00,7.881,11.56,6.578,359.90,19.99,20.07,0,8,115.79,5/17/2025,Good,0.00,0.00,0.00,0.00,0.00,0.00,0.00,4.014,0.0010,2.007,0.00050,19.69,0.633,0.00,0.00,24.08,0.0061,0.00,0.00,0.00,0.00,0.00,2.810,0.00,0.00,0.032
-93.76723433,42.01343310,S3,TaskName 5/17/2025 (GreenStar 4 Monitor),Outlook/agsaver,179,5/17/2025,1.000,On,1119.9,121.25,0.00,7.949,11.65,6.360,359.96,19.99,20.27,0,8,116.74,5/17/2025,Good,0.00,0.00,0.00,0.00,0.00,0.00,0.00,4.055,0.0010,2.027,0.00051,19.89,0.645,0.00,0.00,24.33,0.0062,0.00,0.00,0.00,0.00,0.00,2.838,0.00,0.00,0.032
-93.76723434,42.01346541,S3,TaskName 5/17/2025 (GreenStar 4 Monitor),Outlook/agsaver,180,5/17/2025,1.000,On,1120.0,121.25,0.00,8.016,11.76,5.932,359.90,19.99,20.35,0,8,117.80,5/17/2025,Good,0.00,0.00,0.00,0.00,0.00,0.00,0.00,4.070,0.0010,2.035,0.00052,19.96,0.653,0.00,0.00,24.42,0.0062,0.00,0.00,0.00,0.00,0.00,2.849,0.00,0.00,0.033
-93.76723463,42.01349768,S3,TaskName 5/17/2025 (GreenStar 4 Monitor),Outlook/agsaver,181,5/17/2025,0.999,On,1120.1,121.25,0.00,8.012,11.74,6.292,0.016,19.99,20.52,0,8,117.75,5/17/2025,Good,0.00,0.00,0.00,0.00,0.00,0.00,0.00,4.103,0.0010,2.052,0.00052,20.13,0.658,0.00,0.00,24.62,0.0063,0.00,0.00,0.00,0.00,0.00,2.872,0.00,0.00,0.033
-93.76723471,42.01352988,S3,TaskName 5/17/2025 (GreenStar 4 Monitor),Outlook/agsaver,182,5/17/2025,1.000,On,1120.2,121.25,0.00,8.006,11.74,6.411,0.102,19.99,20.56,0,8,117.60,5/17/2025,Good,0.00,0.00,0.00,0.00,0.00,0.00,0.00,4.112,0.0010,2.056,0.00052,20.17,0.659,0.00,0.00,24.67,0.0063,0.00,0.00,0.00,0.00,0.00,2.879,0.00,0.00,0.033
-93.76723471,42.01356198,S3,TaskName 5/17/2025 (GreenStar 4 Monitor),Outlook/agsaver,183,5/17/2025,1.001,On,1120.4,121.25,0.00,8.002,11.73,5.940,0.0076,19.99,20.40,0,8,117.45,5/17/2025,Good,0.00,0.00,0.00,0.00,0.00,0.00,0.00,4.080,0.0010,2.040,0.00052,20.01,0.653,0.00,0.00,24.48,0.0062,0.00,0.00,0.00,0.00,0.00,2.856,0.00,0.00,0.033
-93.76723481,42.01359424,S3,TaskName 5/17/2025 (GreenStar 4 Monitor),Outlook/agsaver,184,5/17/2025,1.000,On,1120.6,121.25,0.00,7.992,11.72,5.481,0.102,19.99,20.24,0,8,117.47,5/17/2025,Good,0.00,0.00,0.00,0.00,0.00,0.00,0.00,4.048,0.0010,2.024,0.00052,19.86,0.648,0.00,0.00,24.29,0.0062,0.00,0.00,0.00,0.00,0.00,2.834,0.00,0.00,0.033
-93.76723502,42.01362624,S3,TaskName 5/17/2025 (GreenStar 4 Monitor),Outlook/agsaver,185,5/17/2025,1.000,On,1120.7,121.25,0.00,7.989,11.72,5.575,0.180,19.99,19.97,0,8,117.40,5/17/2025,Good,0.00,0.00,0.00,0.00,0.00,0.00,0.00,3.994,0.0010,1.997,0.00051,19.59,0.639,0.00,0.00,23.97,0.0061,0.00,0.00,0.00,0.00,0.00,2.796,0.00,0.00,0.033
-93.76723471,42.01365822,S3,TaskName 5/17/2025 (GreenStar 4 Monitor),Outlook/agsaver,186,5/17/2025,1.000,On,1120.9,121.25,0.00,7.941,11.65,5.643,0.047,19.99,19.96,0,8,116.78,5/17/2025,Good,0.00,0.00,0.00,0.00,0.00,0.00,0.00,3.992,0.0010,1.996,0.00051,19.58,0.635,0.00,0.00,23.95,0.0061,0.00,0.00,0.00,0.00,0.00,2.795,0.00,0.00,0.032
-93.76723479,42.01369024,S3,TaskName 5/17/2025 (GreenStar 4 Monitor),Outlook/agsaver,187,5/17/2025,1.000,On,1121.1,121.25,0.00,7.958,11.67,5.410,0.133,19.99,19.84,0,8,116.94,5/17/2025,Good,0.00,0.00,0.00,0.00,0.00,0.00,0.00,3.968,0.0010,1.984,0.00050,19.46,0.632,0.00,0.00,23.81,0.0060,0.00,0.00,0.00,0.00,0.00,2.777,0.00,0.00,0.032
-93.76723465,42.01372199,S3,TaskName 5/17/2025 (GreenStar 4 Monitor),Outlook/agsaver,188,5/17/2025,0.999,On,1121.2,121.25,0.00,7.925,11.61,5.734,0.141,19.99,19.81,0,8,116.47,5/17/2025,Good,0.00,0.00,0.00,0.00,0.00,0.00,0.00,3.962,0.0010,1.981,0.00050,19.44,0.628,0.00,0.00,23.77,0.0060,0.00,0.00,0.00,0.00,0.00,2.774,0.00,0.00,0.032
-93.76723432,42.01375398,S3,TaskName 5/17/2025 (GreenStar 4 Monitor),Outlook/agsaver,189,5/17/2025,1.000,On,1121.3,121.25,0.00,7.929,11.62,5.923,359.81,19.99,20.04,0,8,116.45,5/17/2025,Good,0.00,0.00,0.00,0.00,0.00,0.00,0.00,4.007,0.0010,2.004,0.00051,19.66,0.636,0.00,0.00,24.04,0.0061,0.00,0.00,0.00,0.00,0.00,2.805,0.00,0.00,0.032
-93.76723427,42.01378623,S3,TaskName 5/17/2025 (GreenStar 4 Monitor),Outlook/agsaver,190,5/17/2025,1.000,On,1121.3,121.25,0.00,7.983,11.70,5.566,359.71,19.99,20.06,0,8,117.27,5/17/2025,Good,0.00,0.00,0.00,0.00,0.00,0.00,0.00,4.012,0.0010,2.006,0.00051,19.68,0.641,0.00,0.00,24.07,0.0061,0.00,0.00,0.00,0.00,0.00,2.809,0.00,0.00,0.033
-93.76723456,42.01381811,S3,TaskName 5/17/2025 (GreenStar 4 Monitor),Outlook/agsaver,191,5/17/2025,1.001,On,1121.3,121.25,0.00,7.943,11.66,5.407,359.84,19.99,20.18,0,8,116.69,5/17/2025,Good,0.00,0.00,0.00,0.00,0.00,0.00,0.00,4.036,0.0010,2.018,0.00051,19.80,0.642,0.00,0.00,24.22,0.0061,0.00,0.00,0.00,0.00,0.00,2.825,0.00,0.00,0.032
-93.76723473,42.01385030,S3,TaskName 5/17/2025 (GreenStar 4 Monitor),Outlook/agsaver,192,5/17/2025,0.999,On,1121.3,121.25,0.00,7.939,11.63,5.032,0.063,19.99,20.28,0,8,116.63,5/17/2025,Good,0.00,0.00,0.00,0.00,0.00,0.00,0.00,4.056,0.0010,2.028,0.00051,19.89,0.644,0.00,0.00,24.33,0.0062,0.00,0.00,0.00,0.00,0.00,2.839,0.00,0.00,0.032
-93.76723460,42.01388222,S3,TaskName 5/17/2025 (GreenStar 4 Monitor),Outlook/agsaver,193,5/17/2025,1.001,On,1121.4,121.25,0.00,7.981,11.72,5.269,0.023,19.99,20.12,0,8,117.28,5/17/2025,Good,0.00,0.00,0.00,0.00,0.00,0.00,0.00,4.025,0.0010,2.012,0.00051,19.74,0.644,0.00,0.00,24.15,0.0062,0.00,0.00,0.00,0.00,0.00,2.817,0.00,0.00,0.033
-93.76723481,42.01391422,S3,TaskName 5/17/2025 (GreenStar 4 Monitor),Outlook/agsaver,194,5/17/2025,0.999,On,1121.4,121.25,0.00,7.938,11.63,5.748,0.172,19.99,20.15,0,8,116.63,5/17/2025,Good,0.00,0.00,0.00,0.00,0.00,0.00,0.00,4.030,0.0010,2.015,0.00051,19.76,0.640,0.00,0.00,24.18,0.0061,0.00,0.00,0.00,0.00,0.00,2.821,0.00,0.00,0.032
-93.76723466,42.01392708,S3,TaskName 5/17/2025 (GreenStar 4 Monitor),Outlook/agsaver,195,5/17/2025,0.401,On,1121.4,121.25,0.00,7.942,4.667,5.673,0.031,19.99,20.02,0,8,116.62,5/17/2025,Good,0.00,0.00,0.00,0.00,0.00,0.00,0.00,4.004,0.00041,2.002,0.00020,19.64,0.255,0.00,0.00,24.02,0.0024,0.00,0.00,0.00,0.00,0.00,2.803,0.00,0.00,0.013
-93.76723460,42.01393349,S3,TaskName 5/17/2025 (GreenStar 4 Monitor),Outlook/agsaver,196,5/17/2025,0.199,On,1121.4,102.50,9.375,7.968,2.324,5.680,0.055,19.99,20.13,0,8,98.91,5/17/2025,Good,0.00,0.00,0.00,0.00,0.00,0.00,0.00,4.026,0.00017,2.013,8.599e-05,19.75,0.108,0.00,0.00,24.16,0.0010,0.00,0.00,0.00,0.00,0.00,2.818,0.00,0.00,0.0055
-93.76723455,42.01396542,S3,TaskName 5/17/2025 (GreenStar 4 Monitor),Outlook/agsaver,197,5/17/2025,1.001,On,1121.4,1.250,60.00,7.969,11.69,5.422,0.078,19.99,22.73,0,8,1.207,5/17/2025,Good,0.00,0.00,0.00,0.00,0.00,0.00,0.00,4.545,1.191e-05,2.273,5.957e-06,22.29,0.0075,0.00,0.00,27.27,7.149e-05,0.00,0.00,0.00,0.00,0.00,3.182,0.00,0.00,0.00034
-93.76723440,42.01399662,S3,TaskName 5/17/2025 (GreenStar 4 Monitor),Outlook/agsaver,198,5/17/2025,1.000,On,1121.3,1.250,60.00,7.849,11.51,5.299,359.99,19.99,21.46,0,8,1.189,5/17/2025,Good,0.00,0.00,0.00,0.00,0.00,0.00,0.00,4.292,1.107e-05,2.146,5.536e-06,21.05,0.0070,0.00,0.00,25.75,6.643e-05,0.00,0.00,0.00,0.00,0.00,3.005,0.00,0.00,0.00033
-93.76723430,42.01402847,S3,TaskName 5/17/2025 (GreenStar 4 Monitor),Outlook/agsaver,199,5/17/2025,1.000,On,1121.3,1.250,60.00,7.814,11.45,5.093,359.87,19.99,20.67,0,8,1.183,5/17/2025,Good,0.00,0.00,0.00,0.00,0.00,0.00,0.00,4.134,1.061e-05,2.067,5.306e-06,20.28,0.0067,0.00,0.00,24.80,6.367e-05,0.00,0.00,0.00,0.00,0.00,2.894,0.00,0.00,0.00033
-93.76723453,42.01405224,S3,TaskName 5/17/2025 (GreenStar 4 Monitor),Outlook/agsaver,200,5/17/2025,0.800,On,1121.1,1.250,60.00,7.795,9.127,2.573,0.047,19.99,20.52,0,8,1.179,5/17/2025,Good,0.00,0.00,0.00,0.00,0.00,0.00,0.00,4.105,8.399e-06,2.052,4.199e-06,20.13,0.0053,0.00,0.00,24.63,5.039e-05,0.00,0.00,0.00,0.00,0.00,2.873,0.00,0.00,0.00026
-93.76767630,42.01393904,S3,TaskName 5/17/2025 (GreenStar 4 Monitor),Outlook/agsaver,201,5/17/2025,0.200,On,1120.4,11.25,55.00,7.771,2.293,5.059,179.62,19.99,20.02,0,9,10.66,5/17/2025,Good,0.00,0.00,0.00,0.00,0.00,0.00,0.00,4.005,1.853e-05,2.002,9.265e-06,19.64,0.012,0.00,0.00,24.03,0.00011,0.00,0.00,0.00,0.00,0.00,2.803,0.00,0.00,0.00059
-93.76767609,42.01390757,S3,TaskName 5/17/2025 (GreenStar 4 Monitor),Outlook/agsaver,202,5/17/2025,1.000,On,1120.4,120.00,0.625,7.825,11.48,5.085,179.71,19.99,18.69,0,9,113.87,5/17/2025,Good,0.00,0.00,0.00,0.00,0.00,0.00,0.00,3.738,0.00092,1.869,0.00046,18.34,0.580,0.00,0.00,22.43,0.0055,0.00,0.00,0.00,0.00,0.00,2.617,0.00,0.00,0.032
-93.76767580,42.01387646,S3,TaskName 5/17/2025 (GreenStar 4 Monitor),Outlook/agsaver,203,5/17/2025,1.000,On,1120.3,120.00,0.625,7.763,11.39,5.409,179.92,19.99,19.22,0,9,112.99,5/17/2025,Good,0.00,0.00,0.00,0.00,0.00,0.00,0.00,3.843,0.00094,1.922,0.00047,18.85,0.592,0.00,0.00,23.06,0.0057,0.00,0.00,0.00,0.00,0.00,2.690,0.00,0.00,0.031
-93.76767583,42.01384497,S3,TaskName 5/17/2025 (GreenStar 4 Monitor),Outlook/agsaver,204,5/17/2025,0.995,On,1120.3,120.00,0.625,7.809,11.40,4.267,179.91,19.99,19.65,0,9,113.63,5/17/2025,Good,0.00,0.00,0.00,0.00,0.00,0.00,0.00,3.930,0.00096,1.965,0.00048,19.28,0.605,0.00,0.00,23.58,0.0058,0.00,0.00,0.00,0.00,0.00,2.751,0.00,0.00,0.031
-93.76767577,42.01381380,S3,TaskName 5/17/2025 (GreenStar 4 Monitor),Outlook/agsaver,205,5/17/2025,1.005,On,1120.3,120.00,0.625,7.736,11.41,4.671,179.91,19.99,19.80,0,9,112.59,5/17/2025,Good,0.00,0.00,0.00,0.00,0.00,0.00,0.00,3.960,0.00097,1.980,0.00049,19.42,0.611,0.00,0.00,23.76,0.0058,0.00,0.00,0.00,0.00,0.00,2.772,0.00,0.00,0.031
-93.76767574,42.01378207,S3,TaskName 5/17/2025 (GreenStar 4 Monitor),Outlook/agsaver,206,5/17/2025,1.000,On,1120.1,120.00,0.625,7.841,11.51,3.701,180.02,19.99,19.71,0,9,114.13,5/17/2025,Good,0.00,0.00,0.00,0.00,0.00,0.00,0.00,3.943,0.00098,1.971,0.00049,19.34,0.613,0.00,0.00,23.66,0.0059,0.00,0.00,0.00,0.00,0.00,2.760,0.00,0.00,0.032
-93.76767569,42.01375043,S3,TaskName 5/17/2025 (GreenStar 4 Monitor),Outlook/agsaver,207,5/17/2025,1.000,On,1120.1,120.00,0.625,7.880,11.57,3.551,180.04,19.99,19.64,0,9,114.72,5/17/2025,Good,0.00,0.00,0.00,0.00,0.00,0.00,0.00,3.929,0.00098,1.964,0.00049,19.27,0.614,0.00,0.00,23.57,0.0059,0.00,0.00,0.00,0.00,0.00,2.750,0.00,0.00,0.032
-93.76767587,42.01371881,S3,TaskName 5/17/2025 (GreenStar 4 Monitor),Outlook/agsaver,208,5/17/2025,1.000,On,1120.0,120.00,0.625,7.849,11.52,4.062,179.95,19.99,19.93,0,9,114.30,5/17/2025,Good,0.00,0.00,0.00,0.00,0.00,0.00,0.00,3.985,0.00099,1.993,0.00049,19.55,0.621,0.00,0.00,23.91,0.0059,0.00,0.00,0.00,0.00,0.00,2.790,0.00,0.00,0.032
-93.76767578,42.01368719,S3,TaskName 5/17/2025 (GreenStar 4 Monitor),Outlook/agsaver,209,5/17/2025,1.000,On,1120.0,120.00,0.625,7.847,11.51,3.982,180.07,19.99,19.98,0,9,114.18,5/17/2025,Good,0.00,0.00,0.00,0.00,0.00,0.00,0.00,3.997,0.00099,1.998,0.00050,19.61,0.622,0.00,0.00,23.98,0.0059,0.00,0.00,0.00,0.00,0.00,2.798,0.00,0.00,0.032
-93.76767570,42.01365569,S3,TaskName 5/17/2025 (GreenStar 4 Monitor),Outlook/agsaver,210,5/17/2025,1.000,On,1120.0,120.00,0.625,7.849,11.51,4.210,180.07,19.99,20.10,0,9,114.17,5/17/2025,Good,0.00,0.00,0.00,0.00,0.00,0.00,0.00,4.020,0.00100,2.010,0.00050,19.72,0.625,0.00,0.00,24.12,0.0060,0.00,0.00,0.00,0.00,0.00,2.814,0.00,0.00,0.032
-93.76767564,42.01362402,S3,TaskName 5/17/2025 (GreenStar 4 Monitor),Outlook/agsaver,211,5/17/2025,1.000,On,1120.0,120.00,0.625,7.851,11.52,4.051,180.10,19.99,20.03,0,9,114.21,5/17/2025,Good,0.00,0.00,0.00,0.00,0.00,0.00,0.00,4.005,0.00099,2.003,0.00050,19.65,0.623,0.00,0.00,24.03,0.0060,0.00,0.00,0.00,0.00,0.00,2.804,0.00,0.00,0.032
-93.76767556,42.01359233,S3,TaskName 5/17/2025 (GreenStar 4 Monitor),Outlook/agsaver,212,5/17/2025,0.999,On,1119.9,120.00,0.625,7.890,11.56,4.089,180.33,19.99,20.06,0,9,114.78,5/17/2025,Good,0.00,0.00,0.00,0.00,0.00,0.00,0.00,4.013,0.00100,2.006,0.00050,19.68,0.627,0.00,0.00,24.08,0.0060,0.00,0.00,0.00,0.00,0.00,2.809,0.00,0.00,0.032
-93.76767567,42.01356064,S3,TaskName 5/17/2025 (GreenStar 4 Monitor),Outlook/agsaver,213,5/17/2025,1.001,On,1119.9,120.00,0.625,7.830,11.50,4.428,180.37,19.99,20.25,0,9,113.90,5/17/2025,Good,0.00,0.00,0.00,0.00,0.00,0.00,0.00,4.050,0.0010,2.025,0.00050,19.86,0.629,0.00,0.00,24.30,0.0060,0.00,0.00,0.00,0.00,0.00,2.835,0.00,0.00,0.032
-93.76767588,42.01352873,S3,TaskName 5/17/2025 (GreenStar 4 Monitor),Outlook/agsaver,214,5/17/2025,0.995,On,1119.8,120.00,0.625,7.925,11.56,3.865,180.21,19.99,20.25,0,9,115.27,5/17/2025,Good,0.00,0.00,0.00,0.00,0.00,0.00,0.00,4.051,0.0010,2.025,0.00050,19.87,0.633,0.00,0.00,24.31,0.0060,0.00,0.00,0.00,0.00,0.00,2.836,0.00,0.00,0.032
-93.76767602,42.01349659,S3,TaskName 5/17/2025 (GreenStar 4 Monitor),Outlook/agsaver,215,5/17/2025,1.005,On,1119.7,120.00,0.625,7.947,11.72,3.616,180.00,19.99,20.35,0,9,115.61,5/17/2025,Good,0.00,0.00,0.00,0.00,0.00,0.00,0.00,4.071,0.0010,2.035,0.00051,19.97,0.644,0.00,0.00,24.42,0.0062,0.00,0.00,0.00,0.00,0.00,2.850,0.00,0.00,0.032
-93.76767585,42.01346480,S3,TaskName 5/17/2025 (GreenStar 4 Monitor),Outlook/agsaver,216,5/17/2025,0.995,On,1119.6,120.00,0.625,7.960,11.61,4.004,180.13,19.99,20.46,0,9,115.76,5/17/2025,Good,0.00,0.00,0.00,0.00,0.00,0.00,0.00,4.091,0.0010,2.046,0.00051,20.07,0.642,0.00,0.00,24.55,0.0061,0.00,0.00,0.00,0.00,0.00,2.864,0.00,0.00,0.032
-93.76767594,42.01343259,S3,TaskName 5/17/2025 (GreenStar 4 Monitor),Outlook/agsaver,217,5/17/2025,1.005,On,1119.4,120.00,0.625,7.920,11.68,3.883,180.00,19.99,20.50,0,9,115.26,5/17/2025,Good,0.00,0.00,0.00,0.00,0.00,0.00,0.00,4.100,0.0010,2.050,0.00052,20.11,0.647,0.00,0.00,24.60,0.0062,0.00,0.00,0.00,0.00,0.00,2.870,0.00,0.00,0.032
-93.76767607,42.01340077,S3,TaskName 5/17/2025 (GreenStar 4 Monitor),Outlook/agsaver,218,5/17/2025,1.000,On,1119.2,120.00,0.625,7.967,11.69,3.816,179.90,19.99,20.31,0,9,115.93,5/17/2025,Good,0.00,0.00,0.00,0.00,0.00,0.00,0.00,4.063,0.0010,2.031,0.00051,19.93,0.642,0.00,0.00,24.38,0.0061,0.00,0.00,0.00,0.00,0.00,2.844,0.00,0.00,0.032
-93.76767608,42.01336874,S3,TaskName 5/17/2025 (GreenStar 4 Monitor),Outlook/agsaver,219,5/17/2025,1.000,On,1119.1,120.00,0.625,7.927,11.63,3.953,179.93,19.99,20.05,0,9,115.34,5/17/2025,Good,0.00,0.00,0.00,0.00,0.00,0.00,0.00,4.010,0.0010,2.005,0.00050,19.67,0.630,0.00,0.00,24.06,0.0060,0.00,0.00,0.00,0.00,0.00,2.807,0.00,0.00,0.032
-93.76767584,42.01333696,S3,TaskName 5/17/2025 (GreenStar 4 Monitor),Outlook/agsaver,220,5/17/2025,0.995,On,1119.0,120.00,0.625,7.944,11.59,4.133,180.30,19.99,19.87,0,9,115.56,5/17/2025,Good,0.00,0.00,0.00,0.00,0.00,0.00,0.00,3.975,0.00099,1.987,0.00050,19.50,0.623,0.00,0.00,23.85,0.0060,0.00,0.00,0.00,0.00,0.00,2.782,0.00,0.00,0.032
-93.76767608,42.01330487,S3,TaskName 5/17/2025 (GreenStar 4 Monitor),Outlook/agsaver,221,5/17/2025,1.004,On,1118.9,120.00,0.625,7.911,11.65,4.000,180.13,19.99,19.93,0,9,115.08,5/17/2025,Good,0.00,0.00,0.00,0.00,0.00,0.00,0.00,3.985,0.00100,1.993,0.00050,19.55,0.627,0.00,0.00,23.91,0.0060,0.00,0.00,0.00,0.00,0.00,2.790,0.00,0.00,0.032
-93.76767642,42.01327284,S3,TaskName 5/17/2025 (GreenStar 4 Monitor),Outlook/agsaver,222,5/17/2025,1.000,On,1118.8,120.00,0.625,7.979,11.70,3.581,179.72,19.99,19.84,0,9,116.06,5/17/2025,Good,0.00,0.00,0.00,0.00,0.00,0.00,0.00,3.968,0.00100,1.984,0.00050,19.46,0.628,0.00,0.00,23.81,0.0060,0.00,0.00,0.00,0.00,0.00,2.778,0.00,0.00,0.032
-93.76767637,42.01324093,S3,TaskName 5/17/2025 (GreenStar 4 Monitor),Outlook/agsaver,223,5/17/2025,1.001,On,1118.7,120.00,0.625,7.930,11.64,4.004,179.82,19.99,19.94,0,9,115.36,5/17/2025,Good,0.00,0.00,0.00,0.00,0.00,0.00,0.00,3.988,0.00100,1.994,0.00050,19.56,0.627,0.00,0.00,23.93,0.0060,0.00,0.00,0.00,0.00,0.00,2.791,0.00,0.00,0.032
-93.76767635,42.01322202,S3,TaskName 5/17/2025 (GreenStar 4 Monitor),Outlook/agsaver,224,5/17/2025,0.599,On,1118.8,120.00,0.625,7.894,6.935,5.241,179.84,19.99,20.06,0,9,114.82,5/17/2025,Good,0.00,0.00,0.00,0.00,0.00,0.00,0.00,4.012,0.00060,2.006,0.00030,19.68,0.376,0.00,0.00,24.07,0.0036,0.00,0.00,0.00,0.00,0.00,2.809,0.00,0.00,0.019
-93.76767645,42.01319024,S3,TaskName 5/17/2025 (GreenStar 4 Monitor),Outlook/agsaver,225,5/17/2025,1.000,On,1118.7,121.25,0.00,7.853,11.52,5.375,179.86,19.99,20.31,0,9,115.46,5/17/2025,Good,0.00,0.00,0.00,0.00,0.00,0.00,0.00,4.063,0.0010,2.031,0.00051,19.93,0.639,0.00,0.00,24.38,0.0061,0.00,0.00,0.00,0.00,0.00,2.844,0.00,0.00,0.032
-93.76796036,42.01299638,S3,TaskName 5/17/2025 (GreenStar 4 Monitor),Outlook/agsaver,226,5/17/2025,0.400,On,1118.5,121.25,0.00,2.147,1.237,5.839,0.243,19.99,39.90,0,10,30.99,5/17/2025,Over Target,0.00,0.00,0.00,0.00,0.00,0.00,0.00,7.979,0.00021,3.990,0.00011,39.14,0.135,0.00,0.00,47.87,0.0013,0.00,0.00,0.00,0.00,0.00,5.585,0.00,0.00,0.0034
-93.76796036,42.01299887,S3,TaskName 5/17/2025 (GreenStar 4 Monitor),Outlook/agsaver,227,5/17/2025,0.200,On,1118.5,106.25,6.970,2.863,0.833,6.908,0.251,19.99,26.01,0,10,36.59,5/17/2025,Over Target,0.00,0.00,0.00,0.00,0.00,0.00,0.00,5.202,8.261e-05,2.601,4.130e-05,25.52,0.052,0.00,0.00,31.21,0.00050,0.00,0.00,0.00,0.00,0.00,3.641,0.00,0.00,0.0020
-93.76796031,42.01300171,S3,TaskName 5/17/2025 (GreenStar 4 Monitor),Outlook/agsaver,228,5/17/2025,0.200,On,1118.5,13.75,24.43,1.756,0.515,6.935,0.212,19.99,26.29,0,10,2.927,5/17/2025,Over Target,0.00,0.00,0.00,0.00,0.00,0.00,0.00,5.258,6.679e-06,2.629,3.339e-06,25.79,0.0042,0.00,0.00,31.55,4.007e-05,0.00,0.00,0.00,0.00,0.00,3.680,0.00,0.00,0.00016
-93.76796034,42.01302314,S3,TaskName 5/17/2025 (GreenStar 4 Monitor),Outlook/agsaver,229,5/17/2025,0.995,On,1118.5,3.750,-58.75,3.606,4.948,7.719,0.0077,19.99,22.58,0,10,1.541,5/17/2025,Good,0.00,0.00,0.00,0.00,0.00,0.00,0.00,4.517,1.503e-05,2.258,7.514e-06,22.15,0.0094,0.00,0.00,27.10,9.017e-05,0.00,0.00,0.00,0.00,0.00,3.162,0.00,0.00,0.00043
-93.76796046,42.01305281,S3,TaskName 5/17/2025 (GreenStar 4 Monitor),Outlook/agsaver,230,5/17/2025,1.005,On,1118.5,3.750,-58.75,6.341,9.216,6.152,359.95,19.99,20.77,0,10,2.842,5/17/2025,Good,0.00,0.00,0.00,0.00,0.00,0.00,0.00,4.154,2.575e-05,2.077,1.287e-05,20.37,0.016,0.00,0.00,24.92,0.00015,0.00,0.00,0.00,0.00,0.00,2.908,0.00,0.00,0.00079
-93.76796033,42.01308257,S3,TaskName 5/17/2025 (GreenStar 4 Monitor),Outlook/agsaver,231,5/17/2025,0.990,On,1118.5,3.750,-58.75,7.361,10.69,4.953,359.88,19.99,20.37,0,10,3.347,5/17/2025,Good,0.00,0.00,0.00,0.00,0.00,0.00,0.00,4.074,2.930e-05,2.037,1.465e-05,19.98,0.018,0.00,0.00,24.44,0.00018,0.00,0.00,0.00,0.00,0.00,2.852,0.00,0.00,0.00092
-93.76796040,42.01311294,S3,TaskName 5/17/2025 (GreenStar 4 Monitor),Outlook/agsaver,232,5/17/2025,1.005,On,1118.6,3.750,-58.75,7.423,10.93,5.182,0.133,19.99,20.14,0,10,3.371,5/17/2025,Good,0.00,0.00,0.00,0.00,0.00,0.00,0.00,4.027,2.961e-05,2.014,1.480e-05,19.75,0.019,0.00,0.00,24.16,0.00018,0.00,0.00,0.00,0.00,0.00,2.819,0.00,0.00,0.00094
-93.76796025,42.01314383,S3,TaskName 5/17/2025 (GreenStar 4 Monitor),Outlook/agsaver,233,5/17/2025,0.996,On,1118.6,3.750,-58.75,7.629,11.13,4.497,0.078,19.99,20.04,0,10,3.462,5/17/2025,Good,0.00,0.00,0.00,0.00,0.00,0.00,0.00,4.008,2.999e-05,2.004,1.499e-05,19.66,0.019,0.00,0.00,24.05,0.00018,0.00,0.00,0.00,0.00,0.00,2.805,0.00,0.00,0.00096
-93.76796007,42.01317529,S3,TaskName 5/17/2025 (GreenStar 4 Monitor),Outlook/agsaver,234,5/17/2025,1.004,On,1118.6,3.750,-58.75,7.729,11.39,4.332,359.91,19.99,19.71,0,10,3.515,5/17/2025,Good,0.00,0.00,0.00,0.00,0.00,0.00,0.00,3.942,3.019e-05,1.971,1.510e-05,19.34,0.019,0.00,0.00,23.65,0.00018,0.00,0.00,0.00,0.00,0.00,2.760,0.00,0.00,0.00098
-93.76795994,42.01320679,S3,TaskName 5/17/2025 (GreenStar 4 Monitor),Outlook/agsaver,235,5/17/2025,1.000,On,1118.5,77.50,-21.87,7.822,11.46,4.336,359.76,19.99,19.32,0,10,73.42,5/17/2025,Good,0.00,0.00,0.00,0.00,0.00,0.00,0.00,3.864,0.00062,1.932,0.00031,18.95,0.387,0.00,0.00,23.18,0.0037,0.00,0.00,0.00,0.00,0.00,2.705,0.00,0.00,0.020
-93.76796020,42.01323834,S3,TaskName 5/17/2025 (GreenStar 4 Monitor),Outlook/agsaver,236,5/17/2025,1.000,On,1118.5,77.50,-21.87,7.829,11.47,4.741,359.81,19.99,19.89,0,10,73.48,5/17/2025,Good,0.00,0.00,0.00,0.00,0.00,0.00,0.00,3.979,0.00063,1.989,0.00032,19.52,0.398,0.00,0.00,23.87,0.0038,0.00,0.00,0.00,0.00,0.00,2.785,0.00,0.00,0.020
-93.76796037,42.01327008,S3,TaskName 5/17/2025 (GreenStar 4 Monitor),Outlook/agsaver,237,5/17/2025,1.000,On,1118.5,77.50,-21.87,7.879,11.54,4.680,360.00,19.99,19.92,0,10,73.90,5/17/2025,Good,0.00,0.00,0.00,0.00,0.00,0.00,0.00,3.984,0.00064,1.992,0.00032,19.54,0.401,0.00,0.00,23.91,0.0038,0.00,0.00,0.00,0.00,0.00,2.789,0.00,0.00,0.021
-93.76796060,42.01330207,S3,TaskName 5/17/2025 (GreenStar 4 Monitor),Outlook/agsaver,238,5/17/2025,1.000,On,1118.6,77.50,-21.87,7.917,11.61,4.559,0.298,19.99,19.94,0,10,74.39,5/17/2025,Good,0.00,0.00,0.00,0.00,0.00,0.00,0.00,3.987,0.00064,1.994,0.00032,19.56,0.404,0.00,0.00,23.92,0.0039,0.00,0.00,0.00,0.00,0.00,2.791,0.00,0.00,0.021
-93.76796028,42.01333402,S3,TaskName 5/17/2025 (GreenStar 4 Monitor),Outlook/agsaver,239,5/17/2025,1.000,On,1118.7,77.50,-21.87,7.925,11.62,4.725,0.125,19.99,19.99,0,10,74.40,5/17/2025,Good,0.00,0.00,0.00,0.00,0.00,0.00,0.00,3.999,0.00065,1.999,0.00032,19.61,0.405,0.00,0.00,23.99,0.0039,0.00,0.00,0.00,0.00,0.00,2.799,0.00,0.00,0.021
-93.76795991,42.01336607,S3,TaskName 5/17/2025 (GreenStar 4 Monitor),Outlook/agsaver,240,5/17/2025,1.000,On,1118.8,77.50,-21.87,7.963,11.67,4.750,359.74,19.99,19.99,0,10,74.72,5/17/2025,Good,0.00,0.00,0.00,0.00,0.00,0.00,0.00,3.998,0.00065,1.999,0.00032,19.61,0.407,0.00,0.00,23.99,0.0039,0.00,0.00,0.00,0.00,0.00,2.799,0.00,0.00,0.021
-93.76796033,42.01339802,S3,TaskName 5/17/2025 (GreenStar 4 Monitor),Outlook/agsaver,241,5/17/2025,1.000,On,1118.9,77.50,-21.87,7.933,11.65,4.936,359.99,19.99,20.03,0,10,74.60,5/17/2025,Good,0.00,0.00,0.00,0.00,0.00,0.00,0.00,4.005,0.00065,2.003,0.00032,19.65,0.407,0.00,0.00,24.03,0.0039,0.00,0.00,0.00,0.00,0.00,2.804,0.00,0.00,0.021
-93.76796050,42.01343004,S3,TaskName 5/17/2025 (GreenStar 4 Monitor),Outlook/agsaver,242,5/17/2025,1.000,On,1119.0,77.50,-21.87,7.928,11.63,4.878,0.290,19.99,19.98,0,10,74.47,5/17/2025,Good,0.00,0.00,0.00,0.00,0.00,0.00,0.00,3.995,0.00065,1.998,0.00032,19.60,0.405,0.00,0.00,23.97,0.0039,0.00,0.00,0.00,0.00,0.00,2.797,0.00,0.00,0.021
-93.76796021,42.01346198,S3,TaskName 5/17/2025 (GreenStar 4 Monitor),Outlook/agsaver,243,5/17/2025,1.000,On,1119.0,77.50,-21.87,7.959,11.67,4.794,0.196,19.99,20.06,0,10,74.72,5/17/2025,Good,0.00,0.00,0.00,0.00,0.00,0.00,0.00,4.012,0.00065,2.006,0.00033,19.68,0.408,0.00,0.00,24.07,0.0039,0.00,0.00,0.00,0.00,0.00,2.808,0.00,0.00,0.021
-93.76795992,42.01349389,S3,TaskName 5/17/2025 (GreenStar 4 Monitor),Outlook/agsaver,244,5/17/2025,1.000,On,1119.0,77.50,-21.87,7.894,11.58,5.080,359.96,19.99,20.10,0,10,74.16,5/17/2025,Good,0.00,0.00,0.00,0.00,0.00,0.00,0.00,4.020,0.00065,2.010,0.00032,19.72,0.406,0.00,0.00,24.12,0.0039,0.00,0.00,0.00,0.00,0.00,2.814,0.00,0.00,0.021
-93.76795986,42.01352579,S3,TaskName 5/17/2025 (GreenStar 4 Monitor),Outlook/agsaver,245,5/17/2025,1.000,On,1119.1,77.50,-21.87,7.962,11.68,4.892,359.83,19.99,20.07,0,10,74.79,5/17/2025,Good,0.00,0.00,0.00,0.00,0.00,0.00,0.00,4.014,0.00065,2.007,0.00033,19.69,0.409,0.00,0.00,24.08,0.0039,0.00,0.00,0.00,0.00,0.00,2.810,0.00,0.00,0.021
-93.76795997,42.01355784,S3,TaskName 5/17/2025 (GreenStar 4 Monitor),Outlook/agsaver,246,5/17/2025,1.000,On,1119.2,77.50,-21.87,7.947,11.66,4.783,359.76,19.99,20.08,0,10,74.66,5/17/2025,Good,0.00,0.00,0.00,0.00,0.00,0.00,0.00,4.016,0.00065,2.008,0.00033,19.70,0.409,0.00,0.00,24.10,0.0039,0.00,0.00,0.00,0.00,0.00,2.811,0.00,0.00,0.021
-93.76795975,42.01358960,S3,TaskName 5/17/2025 (GreenStar 4 Monitor),Outlook/agsaver,247,5/17/2025,1.000,On,1119.2,77.50,-21.87,7.913,11.60,5.088,359.49,19.99,20.17,0,10,74.32,5/17/2025,Good,0.00,0.00,0.00,0.00,0.00,0.00,0.00,4.034,0.00065,2.017,0.00033,19.79,0.408,0.00,0.00,24.20,0.0039,0.00,0.00,0.00,0.00,0.00,2.824,0.00,0.00,0.021
-93.76796010,42.01362187,S3,TaskName 5/17/2025 (GreenStar 4 Monitor),Outlook/agsaver,248,5/17/2025,1.000,On,1119.3,77.50,-21.87,7.970,11.69,4.428,359.65,19.99,20.15,0,10,74.87,5/17/2025,Good,0.00,0.00,0.00,0.00,0.00,0.00,0.00,4.029,0.00065,2.015,0.00033,19.76,0.411,0.00,0.00,24.18,0.0039,0.00,0.00,0.00,0.00,0.00,2.821,0.00,0.00,0.021
-93.76796030,42.01365392,S3,TaskName 5/17/2025 (GreenStar 4 Monitor),Outlook/agsaver,249,5/17/2025,0.999,On,1119.4,77.50,-21.87,7.991,11.71,4.542,359.91,19.99,20.17,0,10,75.05,5/17/2025,Good,0.00,0.00,0.00,0.00,0.00,0.00,0.00,4.033,0.00066,2.017,0.00033,19.78,0.412,0.00,0.00,24.20,0.0039,0.00,0.00,0.00,0.00,0.00,2.823,0.00,0.00,0.021
-93.76796032,42.01368607,S3,TaskName 5/17/2025 (GreenStar 4 Monitor),Outlook/agsaver,250,5/17/2025,1.001,On,1119.5,77.50,-21.87,7.965,11.69,4.657,359.95,19.99,20.08,0,10,74.82,5/17/2025,Good,0.00,0.00,0.00,0.00,0.00,0.00,0.00,4.015,0.00065,2.008,0.00033,19.70,0.410,0.00,0.00,24.09,0.0039,0.00,0.00,0.00,0.00,0.00,2.811,0.00,0.00,0.021
-93.76796022,42.01371786,S3,TaskName 5/17/2025 (GreenStar 4 Monitor),Outlook/agsaver,251,5/17/2025,0.999,On,1119.5,77.50,-21.87,7.944,11.64,4.834,359.93,19.99,20.03,0,10,74.63,5/17/2025,Good,0.00,0.00,0.00,0.00,0.00,0.00,0.00,4.006,0.00065,2.003,0.00032,19.65,0.407,0.00,0.00,24.04,0.0039,0.00,0.00,0.00,0.00,0.00,2.804,0.00,0.00,0.021
-93.76796042,42.01374967,S3,TaskName 5/17/2025 (GreenStar 4 Monitor),Outlook/agsaver,252,5/17/2025,1.001,On,1119.6,77.50,-21.87,7.890,11.58,5.062,359.95,19.99,20.10,0,10,74.08,5/17/2025,Good,0.00,0.00,0.00,0.00,0.00,0.00,0.00,4.019,0.00065,2.010,0.00032,19.71,0.406,0.00,0.00,24.12,0.0039,0.00,0.00,0.00,0.00,0.00,2.813,0.00,0.00,0.021
-93.76796050,42.01378148,S3,TaskName 5/17/2025 (GreenStar 4 Monitor),Outlook/agsaver,253,5/17/2025,1.000,On,1119.7,77.50,-21.87,7.908,11.60,4.978,0.015,19.99,20.04,0,10,74.28,5/17/2025,Good,0.00,0.00,0.00,0.00,0.00,0.00,0.00,4.008,0.00065,2.004,0.00032,19.66,0.406,0.00,0.00,24.05,0.0039,0.00,0.00,0.00,0.00,0.00,2.806,0.00,0.00,0.021
-93.76796057,42.01381335,S3,TaskName 5/17/2025 (GreenStar 4 Monitor),Outlook/agsaver,254,5/17/2025,0.995,On,1119.8,77.50,-21.87,7.906,11.54,4.880,0.118,19.99,20.09,0,10,74.28,5/17/2025,Good,0.00,0.00,0.00,0.00,0.00,0.00,0.00,4.019,0.00064,2.009,0.00032,19.71,0.405,0.00,0.00,24.11,0.0039,0.00,0.00,0.00,0.00,0.00,2.813,0.00,0.00,0.021
-93.76796026,42.01384502,S3,TaskName 5/17/2025 (GreenStar 4 Monitor),Outlook/agsaver,255,5/17/2025,1.005,On,1119.9,77.50,-21.87,7.896,11.64,5.105,359.09,19.99,20.10,0,10,74.16,5/17/2025,Good,0.00,0.00,0.00,0.00,0.00,0.00,0.00,4.021,0.00065,2.010,0.00033,19.72,0.408,0.00,0.00,24.13,0.0039,0.00,0.00,0.00,0.00,0.00,2.815,0.00,0.00,0.021
-93.76796056,42.01387695,S3,TaskName 5/17/2025 (GreenStar 4 Monitor),Outlook/agsaver,256,5/17/2025,0.995,On,1119.9,77.50,-21.87,7.912,11.55,4.793,358.86,19.99,20.13,0,10,74.32,5/17/2025,Good,0.00,0.00,0.00,0.00,0.00,0.00,0.00,4.026,0.00065,2.013,0.00032,19.75,0.406,0.00,0.00,24.15,0.0039,0.00,0.00,0.00,0.00,0.00,2.818,0.00,0.00,0.021
-93.76796154,42.01390910,S3,TaskName 5/17/2025 (GreenStar 4 Monitor),Outlook/agsaver,257,5/17/2025,1.000,On,1120.0,77.50,-21.87,7.960,11.67,4.431,359.20,19.99,19.97,0,10,74.77,5/17/2025,Good,0.00,0.00,0.00,0.00,0.00,0.00,0.00,3.995,0.00065,1.997,0.00032,19.59,0.407,0.00,0.00,23.97,0.0039,0.00,0.00,0.00,0.00,0.00,2.796,0.00,0.00,0.021
-93.76796197,42.01392823,S3,TaskName 5/17/2025 (GreenStar 4 Monitor),Outlook/agsaver,258,5/17/2025,0.605,On,1120.1,77.50,-21.87,7.960,7.051,4.483,359.10,19.99,19.96,0,10,74.65,5/17/2025,Good,0.00,0.00,0.00,0.00,0.00,0.00,0.00,3.993,0.00039,1.996,0.00020,19.58,0.246,0.00,0.00,23.96,0.0023,0.00,0.00,0.00,0.00,0.00,2.795,0.00,0.00,0.013
-93.76919652,42.01391438,S3,TaskName 5/17/2025 (GreenStar 4 Monitor),Outlook/agsaver,259,5/17/2025,0.200,On,1118.3,20.00,-50.62,7.827,2.295,6.875,180.23,19.99,19.97,0,11,18.97,5/17/2025,Good,0.00,0.00,0.00,0.00,0.00,0.00,0.00,3.994,3.288e-05,1.997,1.644e-05,19.59,0.021,0.00,0.00,23.96,0.00020,0.00,0.00,0.00,0.00,0.00,2.796,0.00,0.00,0.0011
-93.76919667,42.01390802,S3,TaskName 5/17/2025 (GreenStar 4 Monitor),Outlook/agsaver,260,5/17/2025,0.200,On,1118.3,117.50,-1.875,7.845,2.302,6.981,180.02,19.99,18.53,0,11,111.76,5/17/2025,Good,0.00,0.00,0.00,0.00,0.00,0.00,0.00,3.705,0.00018,1.853,8.987e-05,18.17,0.113,0.00,0.00,22.23,0.0011,0.00,0.00,0.00,0.00,0.00,2.594,0.00,0.00,0.0062
-93.76919728,42.01387641,S3,TaskName 5/17/2025 (GreenStar 4 Monitor),Outlook/agsaver,261,5/17/2025,1.000,On,1118.5,121.25,0.00,7.854,11.52,6.952,179.40,19.99,20.24,0,11,115.46,5/17/2025,Good,0.00,0.00,0.00,0.00,0.00,0.00,0.00,4.047,0.0010,2.024,0.00051,19.85,0.637,0.00,0.00,24.28,0.0061,0.00,0.00,0.00,0.00,0.00,2.833,0.00,0.00,0.032
-93.76919672,42.01384461,S3,TaskName 5/17/2025 (GreenStar 4 Monitor),Outlook/agsaver,262,5/17/2025,1.000,On,1118.7,121.25,0.00,7.866,11.54,6.730,179.65,19.99,19.99,0,11,115.66,5/17/2025,Good,0.00,0.00,0.00,0.00,0.00,0.00,0.00,3.998,0.0010,1.999,0.00050,19.61,0.630,0.00,0.00,23.99,0.0060,0.00,0.00,0.00,0.00,0.00,2.799,0.00,0.00,0.032
-93.76919646,42.01381278,S3,TaskName 5/17/2025 (GreenStar 4 Monitor),Outlook/agsaver,263,5/17/2025,0.995,On,1118.7,121.25,0.00,7.935,11.58,6.389,179.87,19.99,19.91,0,11,116.64,5/17/2025,Good,0.00,0.00,0.00,0.00,0.00,0.00,0.00,3.982,0.0010,1.991,0.00050,19.53,0.630,0.00,0.00,23.89,0.0060,0.00,0.00,0.00,0.00,0.00,2.788,0.00,0.00,0.032
-93.76919644,42.01378095,S3,TaskName 5/17/2025 (GreenStar 4 Monitor),Outlook/agsaver,264,5/17/2025,1.000,On,1118.8,121.25,0.00,7.881,11.56,6.624,179.72,19.99,19.98,0,11,115.89,5/17/2025,Good,0.00,0.00,0.00,0.00,0.00,0.00,0.00,3.997,0.0010,1.998,0.00050,19.60,0.631,0.00,0.00,23.98,0.0060,0.00,0.00,0.00,0.00,0.00,2.798,0.00,0.00,0.032
-93.76919613,42.01374903,S3,TaskName 5/17/2025 (GreenStar 4 Monitor),Outlook/agsaver,265,5/17/2025,1.004,On,1118.8,121.25,0.00,7.924,11.67,5.852,179.92,19.99,19.91,0,11,116.51,5/17/2025,Good,0.00,0.00,0.00,0.00,0.00,0.00,0.00,3.981,0.0010,1.991,0.00051,19.53,0.635,0.00,0.00,23.89,0.0061,0.00,0.00,0.00,0.00,0.00,2.787,0.00,0.00,0.032
-93.76919612,42.01373615,S3,TaskName 5/17/2025 (GreenStar 4 Monitor),Outlook/agsaver,266,5/17/2025,0.401,On,1118.9,121.25,0.00,7.939,4.669,5.528,179.99,19.99,19.77,0,11,116.68,5/17/2025,Good,0.00,0.00,0.00,0.00,0.00,0.00,0.00,3.954,0.00040,1.977,0.00020,19.40,0.252,0.00,0.00,23.73,0.0024,0.00,0.00,0.00,0.00,0.00,2.768,0.00,0.00,0.013
-93.76919614,42.01372974,S3,TaskName 5/17/2025 (GreenStar 4 Monitor),Outlook/agsaver,267,5/17/2025,0.200,On,1118.9,120.00,-0.625,7.972,2.338,5.501,180.03,19.99,19.90,0,11,115.93,5/17/2025,Good,0.00,0.00,0.00,0.00,0.00,0.00,0.00,3.979,0.00020,1.990,0.00010,19.52,0.126,0.00,0.00,23.87,0.0012,0.00,0.00,0.00,0.00,0.00,2.785,0.00,0.00,0.0064
-93.76919610,42.01372339,S3,TaskName 5/17/2025 (GreenStar 4 Monitor),Outlook/agsaver,268,5/17/2025,0.200,On,1118.9,117.50,-1.875,7.972,2.338,5.442,180.09,19.99,19.84,0,11,113.51,5/17/2025,Good,0.00,0.00,0.00,0.00,0.00,0.00,0.00,3.968,0.00020,1.984,9.776e-05,19.46,0.123,0.00,0.00,23.81,0.0012,0.00,0.00,0.00,0.00,0.00,2.778,0.00,0.00,0.0063
-93.76919623,42.01371697,S3,TaskName 5/17/2025 (GreenStar 4 Monitor),Outlook/agsaver,269,5/17/2025,0.200,On,1118.9,115.00,-3.125,7.946,2.331,5.521,180.08,19.99,19.98,0,11,110.79,5/17/2025,Good,0.00,0.00,0.00,0.00,0.00,0.00,0.00,3.996,0.00019,1.998,9.608e-05,19.60,0.121,0.00,0.00,23.98,0.0012,0.00,0.00,0.00,0.00,0.00,2.797,0.00,0.00,0.0062
-93.76919612,42.01371059,S3,TaskName 5/17/2025 (GreenStar 4 Monitor),Outlook/agsaver,270,5/17/2025,0.200,On,1118.9,112.50,-4.375,7.946,2.331,5.587,180.13,19.99,20.00,0,11,108.38,5/17/2025,Good,0.00,0.00,0.00,0.00,0.00,0.00,0.00,4.000,0.00019,2.000,9.409e-05,19.62,0.118,0.00,0.00,24.00,0.0011,0.00,0.00,0.00,0.00,0.00,2.800,0.00,0.00,0.0060
-93.76919631,42.01370419,S3,TaskName 5/17/2025 (GreenStar 4 Monitor),Outlook/agsaver,271,5/17/2025,0.200,On,1118.9,110.00,-5.625,7.939,2.318,5.581,180.18,19.99,20.16,0,11,105.37,5/17/2025,Good,0.00,0.00,0.00,0.00,0.00,0.00,0.00,4.033,0.00018,2.016,9.221e-05,19.78,0.116,0.00,0.00,24.20,0.0011,0.00,0.00,0.00,0.00,0.00,2.823,0.00,0.00,0.0059
-93.76919625,42.01369780,S3,TaskName 5/17/2025 (GreenStar 4 Monitor),Outlook/agsaver,272,5/17/2025,0.195,On,1118.9,106.25,-7.500,7.946,2.285,5.482,180.24,19.99,20.22,0,11,102.91,5/17/2025,Good,0.00,0.00,0.00,0.00,0.00,0.00,0.00,4.043,0.00018,2.022,8.804e-05,19.83,0.111,0.00,0.00,24.26,0.0011,0.00,0.00,0.00,0.00,0.00,2.830,0.00,0.00,0.0056
-93.76919640,42.01369129,S3,TaskName 5/17/2025 (GreenStar 4 Monitor),Outlook/agsaver,273,5/17/2025,0.205,On,1118.9,103.75,-8.750,7.946,2.377,5.310,180.23,19.99,20.30,0,11,99.43,5/17/2025,Good,0.00,0.00,0.00,0.00,0.00,0.00,0.00,4.060,0.00018,2.030,8.981e-05,19.92,0.113,0.00,0.00,24.36,0.0011,0.00,0.00,0.00,0.00,0.00,2.842,0.00,0.00,0.0057
-93.76919640,42.01368492,S3,TaskName 5/17/2025 (GreenStar 4 Monitor),Outlook/agsaver,274,5/17/2025,0.200,On,1118.9,101.25,-10.000,7.970,2.338,5.250,180.21,19.99,20.43,0,11,97.82,5/17/2025,Good,0.00,0.00,0.00,0.00,0.00,0.00,0.00,4.086,0.00017,2.043,8.673e-05,20.04,0.109,0.00,0.00,24.52,0.0010,0.00,0.00,0.00,0.00,0.00,2.860,0.00,0.00,0.0054
-93.76919639,42.01367857,S3,TaskName 5/17/2025 (GreenStar 4 Monitor),Outlook/agsaver,275,5/17/2025,0.200,On,1118.9,97.50,-11.87,7.955,2.335,5.323,180.16,19.99,20.21,0,11,94.06,5/17/2025,Good,0.00,0.00,0.00,0.00,0.00,0.00,0.00,4.041,0.00016,2.021,8.249e-05,19.82,0.104,0.00,0.00,24.25,0.00099,0.00,0.00,0.00,0.00,0.00,2.829,0.00,0.00,0.0052
-93.76919648,42.01367218,S3,TaskName 5/17/2025 (GreenStar 4 Monitor),Outlook/agsaver,276,5/17/2025,0.200,On,1118.8,95.00,-13.12,7.932,2.338,5.191,180.06,19.99,20.19,0,11,91.78,5/17/2025,Good,0.00,0.00,0.00,0.00,0.00,0.00,0.00,4.039,0.00016,2.019,8.044e-05,19.81,0.101,0.00,0.00,24.23,0.00097,0.00,0.00,0.00,0.00,0.00,2.827,0.00,0.00,0.0051
-93.76919648,42.01366567,S3,TaskName 5/17/2025 (GreenStar 4 Monitor),Outlook/agsaver,277,5/17/2025,0.195,On,1118.8,92.50,-14.37,7.932,2.269,5.700,180.05,19.99,20.36,0,11,88.95,5/17/2025,Good,0.00,0.00,0.00,0.00,0.00,0.00,0.00,4.071,0.00015,2.036,7.662e-05,19.97,0.096,0.00,0.00,24.43,0.00092,0.00,0.00,0.00,0.00,0.00,2.850,0.00,0.00,0.0048
-93.76919659,42.01365930,S3,TaskName 5/17/2025 (GreenStar 4 Monitor),Outlook/agsaver,278,5/17/2025,0.205,On,1118.8,88.75,-16.25,7.977,2.400,5.627,180.04,19.99,20.57,0,11,85.88,5/17/2025,Good,0.00,0.00,0.00,0.00,0.00,0.00,0.00,4.114,0.00016,2.057,7.858e-05,20.18,0.099,0.00,0.00,24.68,0.00094,0.00,0.00,0.00,0.00,0.00,2.880,0.00,0.00,0.0049
-93.76919655,42.01365288,S3,TaskName 5/17/2025 (GreenStar 4 Monitor),Outlook/agsaver,279,5/17/2025,0.200,On,1118.9,86.25,-17.50,7.995,2.335,5.666,180.05,19.99,20.46,0,11,83.21,5/17/2025,Good,0.00,0.00,0.00,0.00,0.00,0.00,0.00,4.092,0.00015,2.046,7.390e-05,20.07,0.093,0.00,0.00,24.55,0.00089,0.00,0.00,0.00,0.00,0.00,2.865,0.00,0.00,0.0046
-93.76919652,42.01364642,S3,TaskName 5/17/2025 (GreenStar 4 Monitor),Outlook/agsaver,280,5/17/2025,0.200,On,1118.8,83.75,-18.75,7.993,2.358,5.673,180.10,19.99,20.43,0,11,81.59,5/17/2025,Good,0.00,0.00,0.00,0.00,0.00,0.00,0.00,4.086,0.00014,2.043,7.235e-05,20.04,0.091,0.00,0.00,24.52,0.00087,0.00,0.00,0.00,0.00,0.00,2.860,0.00,0.00,0.0045
-93.76919653,42.01364008,S3,TaskName 5/17/2025 (GreenStar 4 Monitor),Outlook/agsaver,281,5/17/2025,0.195,On,1118.8,80.00,-20.62,7.997,2.289,6.003,180.06,19.99,20.40,0,11,77.60,5/17/2025,Good,0.00,0.00,0.00,0.00,0.00,0.00,0.00,4.080,0.00013,2.040,6.698e-05,20.01,0.084,0.00,0.00,24.48,0.00080,0.00,0.00,0.00,0.00,0.00,2.856,0.00,0.00,0.0042
-93.76919655,42.01363361,S3,TaskName 5/17/2025 (GreenStar 4 Monitor),Outlook/agsaver,282,5/17/2025,0.205,On,1118.8,77.50,-21.87,7.970,2.397,5.950,180.14,19.99,20.54,0,11,74.89,5/17/2025,Good,0.00,0.00,0.00,0.00,0.00,0.00,0.00,4.107,0.00014,2.054,6.842e-05,20.15,0.086,0.00,0.00,24.64,0.00082,0.00,0.00,0.00,0.00,0.00,2.875,0.00,0.00,0.0043
-93.76919646,42.01362712,S3,TaskName 5/17/2025 (GreenStar 4 Monitor),Outlook/agsaver,283,5/17/2025,0.200,On,1118.8,73.75,-23.75,7.981,2.341,5.845,180.28,19.99,20.49,0,11,71.35,5/17/2025,Good,0.00,0.00,0.00,0.00,0.00,0.00,0.00,4.099,0.00013,2.049,6.346e-05,20.10,0.080,0.00,0.00,24.59,0.00076,0.00,0.00,0.00,0.00,0.00,2.869,0.00,0.00,0.0040
-93.76919646,42.01362068,S3,TaskName 5/17/2025 (GreenStar 4 Monitor),Outlook/agsaver,284,5/17/2025,0.200,On,1118.8,71.25,-25.00,7.986,2.344,5.772,180.37,19.99,20.47,0,11,69.03,5/17/2025,Good,0.00,0.00,0.00,0.00,0.00,0.00,0.00,4.095,0.00012,2.047,6.134e-05,20.08,0.077,0.00,0.00,24.57,0.00074,0.00,0.00,0.00,0.00,0.00,2.866,0.00,0.00,0.0038
-93.76919641,42.01361433,S3,TaskName 5/17/2025 (GreenStar 4 Monitor),Outlook/agsaver,285,5/17/2025,0.200,On,1118.8,68.75,-26.25,7.990,2.331,5.812,180.47,19.99,20.47,0,11,66.23,5/17/2025,Good,0.00,0.00,0.00,0.00,0.00,0.00,0.00,4.095,0.00012,2.047,5.885e-05,20.08,0.074,0.00,0.00,24.57,0.00071,0.00,0.00,0.00,0.00,0.00,2.866,0.00,0.00,0.0037
-93.76919648,42.01360785,S3,TaskName 5/17/2025 (GreenStar 4 Monitor),Outlook/agsaver,286,5/17/2025,0.200,On,1118.8,65.00,-28.12,7.959,2.348,6.023,180.55,19.99,20.54,0,11,63.06,5/17/2025,Good,0.00,0.00,0.00,0.00,0.00,0.00,0.00,4.107,0.00011,2.054,5.621e-05,20.15,0.071,0.00,0.00,24.64,0.00067,0.00,0.00,0.00,0.00,0.00,2.875,0.00,0.00,0.0035
-93.76919656,42.01360148,S3,TaskName 5/17/2025 (GreenStar 4 Monitor),Outlook/agsaver,287,5/17/2025,0.200,On,1118.8,62.50,-29.37,7.977,2.328,6.017,180.60,19.99,20.70,0,11,60.13,5/17/2025,Good,0.00,0.00,0.00,0.00,0.00,0.00,0.00,4.139,0.00011,2.070,5.401e-05,20.30,0.068,0.00,0.00,24.84,0.00065,0.00,0.00,0.00,0.00,0.00,2.898,0.00,0.00,0.0033
-93.76919659,42.01359505,S3,TaskName 5/17/2025 (GreenStar 4 Monitor),Outlook/agsaver,288,5/17/2025,0.200,On,1118.8,60.00,-30.62,7.961,2.348,5.805,180.65,19.99,20.72,0,11,58.21,5/17/2025,Good,0.00,0.00,0.00,0.00,0.00,0.00,0.00,4.144,0.00010,2.072,5.234e-05,20.32,0.066,0.00,0.00,24.86,0.00063,0.00,0.00,0.00,0.00,0.00,2.901,0.00,0.00,0.0032
-93.76919667,42.01358866,S3,TaskName 5/17/2025 (GreenStar 4 Monitor),Outlook/agsaver,289,5/17/2025,0.195,On,1118.8,56.25,-32.50,7.963,2.279,5.719,180.69,19.99,20.73,0,11,54.33,5/17/2025,Good,0.00,0.00,0.00,0.00,0.00,0.00,0.00,4.146,9.531e-05,2.073,4.766e-05,20.34,0.060,0.00,0.00,24.88,0.00057,0.00,0.00,0.00,0.00,0.00,2.902,0.00,0.00,0.0029
-93.76919672,42.01358222,S3,TaskName 5/17/2025 (GreenStar 4 Monitor),Outlook/agsaver,290,5/17/2025,0.205,On,1118.8,53.75,-33.75,7.955,2.381,5.680,180.75,19.99,20.88,0,11,51.58,5/17/2025,Good,0.00,0.00,0.00,0.00,0.00,0.00,0.00,4.176,9.583e-05,2.088,4.791e-05,20.48,0.060,0.00,0.00,25.05,0.00057,0.00,0.00,0.00,0.00,0.00,2.923,0.00,0.00,0.0029
-93.76919675,42.01357576,S3,TaskName 5/17/2025 (GreenStar 4 Monitor),Outlook/agsaver,291,5/17/2025,0.200,On,1118.7,50.00,-35.62,7.970,2.351,5.766,180.74,19.99,20.91,0,11,48.58,5/17/2025,Good,0.00,0.00,0.00,0.00,0.00,0.00,0.00,4.182,8.817e-05,2.091,4.409e-05,20.51,0.055,0.00,0.00,25.09,0.00053,0.00,0.00,0.00,0.00,0.00,2.928,0.00,0.00,0.0027
-93.76919690,42.01356936,S3,TaskName 5/17/2025 (GreenStar 4 Monitor),Outlook/agsaver,292,5/17/2025,0.199,On,1118.7,47.50,-36.87,7.988,2.331,5.442,180.62,19.99,20.95,0,11,45.99,5/17/2025,Good,0.00,0.00,0.00,0.00,0.00,0.00,0.00,4.191,8.323e-05,2.095,4.162e-05,20.56,0.052,0.00,0.00,25.14,0.00050,0.00,0.00,0.00,0.00,0.00,2.934,0.00,0.00,0.0025
-93.76919709,42.01356292,S3,TaskName 5/17/2025 (GreenStar 4 Monitor),Outlook/agsaver,293,5/17/2025,0.201,On,1118.7,45.00,-38.12,7.979,2.351,5.171,180.38,19.99,21.02,0,11,43.50,5/17/2025,Good,0.00,0.00,0.00,0.00,0.00,0.00,0.00,4.204,7.976e-05,2.102,3.988e-05,20.62,0.050,0.00,0.00,25.22,0.00048,0.00,0.00,0.00,0.00,0.00,2.943,0.00,0.00,0.0024
-93.76919725,42.01355643,S3,TaskName 5/17/2025 (GreenStar 4 Monitor),Outlook/agsaver,294,5/17/2025,0.200,On,1118.7,41.25,-40.00,7.990,2.344,5.501,180.17,19.99,21.10,0,11,39.96,5/17/2025,Good,0.00,0.00,0.00,0.00,0.00,0.00,0.00,4.221,7.321e-05,2.110,3.660e-05,20.70,0.046,0.00,0.00,25.32,0.00044,0.00,0.00,0.00,0.00,0.00,2.954,0.00,0.00,0.0022
-93.76919729,42.01355010,S3,TaskName 5/17/2025 (GreenStar 4 Monitor),Outlook/agsaver,295,5/17/2025,0.200,On,1118.7,38.75,-41.25,8.015,2.351,5.594,180.05,19.99,21.16,0,11,37.65,5/17/2025,Good,0.00,0.00,0.00,0.00,0.00,0.00,0.00,4.231,6.914e-05,2.116,3.457e-05,20.75,0.043,0.00,0.00,25.39,0.00041,0.00,0.00,0.00,0.00,0.00,2.962,0.00,0.00,0.0021
-93.76919727,42.01354376,S3,TaskName 5/17/2025 (GreenStar 4 Monitor),Outlook/agsaver,296,5/17/2025,0.200,On,1118.7,36.25,-42.50,7.977,2.341,5.785,179.87,19.99,21.18,0,11,35.07,5/17/2025,Good,0.00,0.00,0.00,0.00,0.00,0.00,0.00,4.236,6.447e-05,2.118,3.224e-05,20.78,0.040,0.00,0.00,25.41,0.00039,0.00,0.00,0.00,0.00,0.00,2.965,0.00,0.00,0.0019
-93.76919752,42.01353737,S3,TaskName 5/17/2025 (GreenStar 4 Monitor),Outlook/agsaver,297,5/17/2025,0.200,On,1118.6,33.75,-43.75,7.939,2.328,5.323,179.51,19.99,21.32,0,11,32.47,5/17/2025,Good,0.00,0.00,0.00,0.00,0.00,0.00,0.00,4.263,6.008e-05,2.132,3.004e-05,20.91,0.038,0.00,0.00,25.58,0.00036,0.00,0.00,0.00,0.00,0.00,2.984,0.00,0.00,0.0018
-93.76919771,42.01353099,S3,TaskName 5/17/2025 (GreenStar 4 Monitor),Outlook/agsaver,298,5/17/2025,0.200,On,1118.6,31.25,-45.00,7.934,2.315,5.409,179.32,19.99,21.39,0,11,29.89,5/17/2025,Good,0.00,0.00,0.00,0.00,0.00,0.00,0.00,4.278,5.551e-05,2.139,2.776e-05,20.99,0.035,0.00,0.00,25.67,0.00033,0.00,0.00,0.00,0.00,0.00,2.995,0.00,0.00,0.0017
-93.76919756,42.01352467,S3,TaskName 5/17/2025 (GreenStar 4 Monitor),Outlook/agsaver,299,5/17/2025,0.200,On,1118.6,27.50,-46.87,7.930,2.338,5.581,179.40,19.99,21.23,0,11,26.57,5/17/2025,Good,0.00,0.00,0.00,0.00,0.00,0.00,0.00,4.246,4.896e-05,2.123,2.448e-05,20.83,0.031,0.00,0.00,25.48,0.00029,0.00,0.00,0.00,0.00,0.00,2.972,0.00,0.00,0.0015
-93.76919735,42.01351824,S3,TaskName 5/17/2025 (GreenStar 4 Monitor),Outlook/agsaver,300,5/17/2025,0.200,On,1118.6,25.00,-48.12,7.905,2.318,5.435,179.55,19.99,21.48,0,11,23.95,5/17/2025,Good,0.00,0.00,0.00,0.00,0.00,0.00,0.00,4.296,4.465e-05,2.148,2.232e-05,21.07,0.028,0.00,0.00,25.77,0.00027,0.00,0.00,0.00,0.00,0.00,3.007,0.00,0.00,0.0013
-93.76919724,42.01351198,S3,TaskName 5/17/2025 (GreenStar 4 Monitor),Outlook/agsaver,301,5/17/2025,0.195,On,1118.6,22.50,-49.37,7.921,2.266,4.993,179.54,19.99,21.27,0,11,21.61,5/17/2025,Good,0.00,0.00,0.00,0.00,0.00,0.00,0.00,4.255,3.890e-05,2.127,1.945e-05,20.87,0.024,0.00,0.00,25.53,0.00023,0.00,0.00,0.00,0.00,0.00,2.978,0.00,0.00,0.0012
-93.76919729,42.01350571,S3,TaskName 5/17/2025 (GreenStar 4 Monitor),Outlook/agsaver,302,5/17/2025,0.205,On,1118.5,20.00,-50.62,7.881,2.371,4.445,179.42,19.99,21.25,0,11,19.11,5/17/2025,Good,0.00,0.00,0.00,0.00,0.00,0.00,0.00,4.251,3.615e-05,2.125,1.807e-05,20.85,0.023,0.00,0.00,25.50,0.00022,0.00,0.00,0.00,0.00,0.00,2.975,0.00,0.00,0.0011
-93.76919699,42.01349944,S3,TaskName 5/17/2025 (GreenStar 4 Monitor),Outlook/agsaver,303,5/17/2025,0.195,On,1118.5,18.75,-44.42,7.845,2.243,4.352,179.48,19.99,21.36,0,11,17.82,5/17/2025,Good,0.00,0.00,0.00,0.00,0.00,0.00,0.00,4.272,3.222e-05,2.136,1.611e-05,20.95,0.020,0.00,0.00,25.63,0.00019,0.00,0.00,0.00,0.00,0.00,2.990,0.00,0.00,0.00097
-93.76919636,42.01347556,S3,TaskName 5/17/2025 (GreenStar 4 Monitor),Outlook/agsaver,304,5/17/2025,0.805,On,1118.5,17.50,14.82,7.647,9.020,4.902,180.04,19.99,21.33,0,11,16.21,5/17/2025,Good,0.00,0.00,0.00,0.00,0.00,0.00,0.00,4.267,0.00012,2.133,6.040e-05,20.93,0.076,0.00,0.00,25.60,0.00072,0.00,0.00,0.00,0.00,0.00,2.987,0.00,0.00,0.0036
-93.76919631,42.01346963,S3,TaskName 5/17/2025 (GreenStar 4 Monitor),Outlook/agsaver,305,5/17/2025,0.200,On,1118.4,18.75,23.92,7.465,2.200,5.211,180.05,19.99,21.37,0,11,17.05,5/17/2025,Good,0.00,0.00,0.00,0.00,0.00,0.00,0.00,4.274,3.162e-05,2.137,1.581e-05,20.96,0.020,0.00,0.00,25.64,0.00019,0.00,0.00,0.00,0.00,0.00,2.992,0.00,0.00,0.00095
-93.76919641,42.01346378,S3,TaskName 5/17/2025 (GreenStar 4 Monitor),Outlook/agsaver,306,5/17/2025,0.195,On,1118.4,21.25,26.47,7.418,2.121,5.052,179.99,19.99,21.24,0,11,19.11,5/17/2025,Good,0.00,0.00,0.00,0.00,0.00,0.00,0.00,4.248,3.435e-05,2.124,1.717e-05,20.84,0.022,0.00,0.00,25.49,0.00021,0.00,0.00,0.00,0.00,0.00,2.974,0.00,0.00,0.0010
-93.76919640,42.01345788,S3,TaskName 5/17/2025 (GreenStar 4 Monitor),Outlook/agsaver,307,5/17/2025,0.205,On,1118.3,23.75,28.22,7.362,2.213,4.187,179.99,19.99,21.14,0,11,21.19,5/17/2025,Good,0.00,0.00,0.00,0.00,0.00,0.00,0.00,4.227,3.985e-05,2.114,1.993e-05,20.73,0.025,0.00,0.00,25.36,0.00024,0.00,0.00,0.00,0.00,0.00,2.959,0.00,0.00,0.0012
-93.76919641,42.01345212,S3,TaskName 5/17/2025 (GreenStar 4 Monitor),Outlook/agsaver,308,5/17/2025,0.200,On,1118.3,26.25,29.40,7.342,2.154,4.055,180.09,19.99,20.93,0,11,23.37,5/17/2025,Good,0.00,0.00,0.00,0.00,0.00,0.00,0.00,4.186,4.246e-05,2.093,2.123e-05,20.53,0.027,0.00,0.00,25.12,0.00025,0.00,0.00,0.00,0.00,0.00,2.931,0.00,0.00,0.0013
-93.76919627,42.01344652,S3,TaskName 5/17/2025 (GreenStar 4 Monitor),Outlook/agsaver,309,5/17/2025,0.200,On,1118.3,28.75,34.18,7.286,2.138,3.784,180.26,19.99,20.91,0,11,25.40,5/17/2025,Good,0.00,0.00,0.00,0.00,0.00,0.00,0.00,4.182,4.610e-05,2.091,2.305e-05,20.51,0.029,0.00,0.00,25.09,0.00028,0.00,0.00,0.00,0.00,0.00,2.928,0.00,0.00,0.0014
-93.76919628,42.01344096,S3,TaskName 5/17/2025 (GreenStar 4 Monitor),Outlook/agsaver,310,5/17/2025,0.195,On,1118.3,32.50,30.77,7.174,2.052,3.672,180.37,19.99,20.93,0,11,28.27,5/17/2025,Good,0.00,0.00,0.00,0.00,0.00,0.00,0.00,4.186,5.009e-05,2.093,2.504e-05,20.53,0.031,0.00,0.00,25.12,0.00030,0.00,0.00,0.00,0.00,0.00,2.931,0.00,0.00,0.0015
-93.76919655,42.01342992,S3,TaskName 5/17/2025 (GreenStar 4 Monitor),Outlook/agsaver,311,5/17/2025,0.405,On,1118.3,35.00,33.88,7.032,4.167,4.475,180.39,19.99,20.82,0,11,29.76,5/17/2025,Good,0.00,0.00,0.00,0.00,0.00,0.00,0.00,4.164,0.00011,2.082,5.446e-05,20.42,0.068,0.00,0.00,24.98,0.00065,0.00,0.00,0.00,0.00,0.00,2.915,0.00,0.00,0.0033
-93.76919644,42.01342446,S3,TaskName 5/17/2025 (GreenStar 4 Monitor),Outlook/agsaver,312,5/17/2025,0.200,On,1118.5,36.25,36.64,6.935,2.046,4.973,180.64,19.99,20.94,0,11,30.65,5/17/2025,Good,0.00,0.00,0.00,0.00,0.00,0.00,0.00,4.189,5.571e-05,2.094,2.786e-05,20.55,0.035,0.00,0.00,25.13,0.00033,0.00,0.00,0.00,0.00,0.00,2.932,0.00,0.00,0.0017
-93.76963814,42.01367980,S3,TaskName 5/17/2025 (GreenStar 4 Monitor),Outlook/agsaver,313,5/17/2025,0.400,On,1117.1,15.00,-21.87,2.323,1.358,5.462,1.694,19.99,26.41,0,12,4.209,5/17/2025,Over Target,0.00,0.00,0.00,0.00,0.00,0.00,0.00,5.283,1.930e-05,2.641,9.652e-06,25.91,0.012,0.00,0.00,31.70,0.00012,0.00,0.00,0.00,0.00,0.00,3.698,0.00,0.00,0.00047
-93.76963817,42.01368208,S3,TaskName 5/17/2025 (GreenStar 4 Monitor),Outlook/agsaver,314,5/17/2025,0.200,On,1117.1,10.00,-24.37,2.757,0.807,5.673,1.850,19.99,18.82,0,12,3.335,5/17/2025,Good,0.00,0.00,0.00,0.00,0.00,0.00,0.00,3.763,5.447e-06,1.882,2.724e-06,18.46,0.0034,0.00,0.00,22.58,3.268e-05,0.00,0.00,0.00,0.00,0.00,2.634,0.00,0.00,0.00019
-93.76963808,42.01368460,S3,TaskName 5/17/2025 (GreenStar 4 Monitor),Outlook/agsaver,315,5/17/2025,0.200,On,1117.1,7.500,-25.62,1.921,0.561,6.063,1.898,19.99,26.35,0,12,1.739,5/17/2025,Over Target,0.00,0.00,0.00,0.00,0.00,0.00,0.00,5.271,3.977e-06,2.635,1.989e-06,25.85,0.0025,0.00,0.00,31.62,2.386e-05,0.00,0.00,0.00,0.00,0.00,3.689,0.00,0.00,9.659e-05
-93.76963797,42.01368735,S3,TaskName 5/17/2025 (GreenStar 4 Monitor),Outlook/agsaver,316,5/17/2025,0.200,On,1117.1,6.250,-26.25,2.225,0.650,6.849,1.968,19.99,24.26,0,12,1.678,5/17/2025,Over Target,0.00,0.00,0.00,0.00,0.00,0.00,0.00,4.851,3.533e-06,2.426,1.766e-06,23.80,0.0022,0.00,0.00,29.11,2.120e-05,0.00,0.00,0.00,0.00,0.00,3.396,0.00,0.00,9.321e-05
-93.76963782,42.01369043,S3,TaskName 5/17/2025 (GreenStar 4 Monitor),Outlook/agsaver,317,5/17/2025,0.200,On,1117.1,5.000,-26.87,2.538,0.741,6.591,2.015,19.99,20.17,0,12,1.532,5/17/2025,Good,0.00,0.00,0.00,0.00,0.00,0.00,0.00,4.035,2.683e-06,2.017,1.341e-06,19.79,0.0017,0.00,0.00,24.21,1.610e-05,0.00,0.00,0.00,0.00,0.00,2.824,0.00,0.00,8.511e-05
-93.76963776,42.01369385,S3,TaskName 5/17/2025 (GreenStar 4 Monitor),Outlook/agsaver,318,5/17/2025,0.200,On,1117.1,3.750,-27.50,2.874,0.840,6.162,2.148,19.99,23.36,0,12,1.301,5/17/2025,Over Target,0.00,0.00,0.00,0.00,0.00,0.00,0.00,4.672,2.639e-06,2.336,1.320e-06,22.92,0.0017,0.00,0.00,28.03,1.583e-05,0.00,0.00,0.00,0.00,0.00,3.270,0.00,0.00,7.230e-05
-93.76963771,42.01369742,S3,TaskName 5/17/2025 (GreenStar 4 Monitor),Outlook/agsaver,319,5/17/2025,0.200,On,1117.1,1.250,-28.75,3.236,0.948,5.997,2.384,19.99,23.61,0,12,0.490,5/17/2025,Over Target,0.00,0.00,0.00,0.00,0.00,0.00,0.00,4.721,1.004e-06,2.361,5.018e-07,23.16,0.00063,0.00,0.00,28.33,6.021e-06,0.00,0.00,0.00,0.00,0.00,3.305,0.00,0.00,2.721e-05
-93.76963519,42.01373875,S3,TaskName 5/17/2025 (GreenStar 4 Monitor),Outlook/agsaver,320,5/17/2025,0.200,On,1117.0,2.500,58.12,4.617,1.354,5.904,1.686,19.99,22.65,0,13,1.398,5/17/2025,Good,0.00,0.00,0.00,0.00,0.00,0.00,0.00,4.531,2.750e-06,2.265,1.375e-06,22.22,0.0017,0.00,0.00,27.18,1.650e-05,0.00,0.00,0.00,0.00,0.00,3.172,0.00,0.00,7.769e-05
-93.76963488,42.01374269,S3,TaskName 5/17/2025 (GreenStar 4 Monitor),Outlook/agsaver,321,5/17/2025,0.199,On,1117.0,5.000,56.87,4.700,1.373,6.571,1.278,19.99,20.19,0,13,2.852,5/17/2025,Good,0.00,0.00,0.00,0.00,0.00,0.00,0.00,4.039,4.974e-06,2.019,2.487e-06,19.81,0.0031,0.00,0.00,24.23,2.985e-05,0.00,0.00,0.00,0.00,0.00,2.827,0.00,0.00,0.00016
-93.76963460,42.01374673,S3,TaskName 5/17/2025 (GreenStar 4 Monitor),Outlook/agsaver,322,5/17/2025,0.201,On,1117.0,6.250,56.25,4.776,1.403,6.604,0.878,19.99,21.24,0,13,3.605,5/17/2025,Good,0.00,0.00,0.00,0.00,0.00,0.00,0.00,4.248,6.681e-06,2.124,3.340e-06,20.84,0.0042,0.00,0.00,25.49,4.009e-05,0.00,0.00,0.00,0.00,0.00,2.974,0.00,0.00,0.00020
-93.76963381,42.01375554,S3,TaskName 5/17/2025 (GreenStar 4 Monitor),Outlook/agsaver,323,5/17/2025,0.400,On,1117.0,8.750,53.75,4.916,2.891,7.035,359.83,19.99,21.10,0,13,5.227,5/17/2025,Good,0.00,0.00,0.00,0.00,0.00,0.00,0.00,4.219,1.914e-05,2.110,9.571e-06,20.70,0.012,0.00,0.00,25.32,0.00011,0.00,0.00,0.00,0.00,0.00,2.953,0.00,0.00,0.00058
-93.76963339,42.01376013,S3,TaskName 5/17/2025 (GreenStar 4 Monitor),Outlook/agsaver,324,5/17/2025,0.200,On,1117.0,11.25,52.50,5.167,1.518,7.258,359.46,19.99,21.47,0,13,7.055,5/17/2025,Good,0.00,0.00,0.00,0.00,0.00,0.00,0.00,4.293,1.315e-05,2.147,6.574e-06,21.06,0.0083,0.00,0.00,25.76,7.889e-05,0.00,0.00,0.00,0.00,0.00,3.005,0.00,0.00,0.00039
-93.76963330,42.01376474,S3,TaskName 5/17/2025 (GreenStar 4 Monitor),Outlook/agsaver,325,5/17/2025,0.200,On,1117.0,13.75,51.25,5.351,1.570,6.644,359.37,19.99,21.15,0,13,8.922,5/17/2025,Good,0.00,0.00,0.00,0.00,0.00,0.00,0.00,4.229,1.638e-05,2.115,8.188e-06,20.74,0.010,0.00,0.00,25.38,9.826e-05,0.00,0.00,0.00,0.00,0.00,2.960,0.00,0.00,0.00050
-93.76963346,42.01376954,S3,TaskName 5/17/2025 (GreenStar 4 Monitor),Outlook/agsaver,326,5/17/2025,0.200,On,1117.0,17.50,49.37,5.496,1.613,5.964,359.64,19.99,20.89,0,13,11.66,5/17/2025,Good,0.00,0.00,0.00,0.00,0.00,0.00,0.00,4.178,2.115e-05,2.089,1.057e-05,20.49,0.013,0.00,0.00,25.07,0.00013,0.00,0.00,0.00,0.00,0.00,2.925,0.00,0.00,0.00065
-93.76963398,42.01378426,S3,TaskName 5/17/2025 (GreenStar 4 Monitor),Outlook/agsaver,327,5/17/2025,0.600,On,1117.0,20.00,48.12,5.768,5.078,6.171,0.721,19.99,20.85,0,13,13.99,5/17/2025,Good,0.00,0.00,0.00,0.00,0.00,0.00,0.00,4.170,7.596e-05,2.085,3.798e-05,20.45,0.048,0.00,0.00,25.02,0.00046,0.00,0.00,0.00,0.00,0.00,2.919,0.00,0.00,0.0023
-93.76963429,42.01378940,S3,TaskName 5/17/2025 (GreenStar 4 Monitor),Outlook/agsaver,328,5/17/2025,0.200,On,1117.0,21.25,47.50,6.004,1.760,6.287,1.192,19.99,20.64,0,13,15.46,5/17/2025,Good,0.00,0.00,0.00,0.00,0.00,0.00,0.00,4.129,2.770e-05,2.064,1.385e-05,20.25,0.017,0.00,0.00,24.77,0.00017,0.00,0.00,0.00,0.00,0.00,2.890,0.00,0.00,0.00086
-93.76963446,42.01379452,S3,TaskName 5/17/2025 (GreenStar 4 Monitor),Outlook/agsaver,329,5/17/2025,0.200,On,1116.9,22.50,46.87,6.125,1.797,6.565,1.592,19.99,20.56,0,13,16.70,5/17/2025,Good,0.00,0.00,0.00,0.00,0.00,0.00,0.00,4.112,2.981e-05,2.056,1.490e-05,20.17,0.019,0.00,0.00,24.67,0.00018,0.00,0.00,0.00,0.00,0.00,2.878,0.00,0.00,0.00093
-93.76963468,42.01379973,S3,TaskName 5/17/2025 (GreenStar 4 Monitor),Outlook/agsaver,330,5/17/2025,0.200,On,1116.9,25.00,45.62,6.223,1.826,6.426,1.905,19.99,20.22,0,13,18.86,5/17/2025,Good,0.00,0.00,0.00,0.00,0.00,0.00,0.00,4.043,3.311e-05,2.022,1.655e-05,19.83,0.021,0.00,0.00,24.26,0.00020,0.00,0.00,0.00,0.00,0.00,2.830,0.00,0.00,0.0010
-93.76963474,42.01380493,S3,TaskName 5/17/2025 (GreenStar 4 Monitor),Outlook/agsaver,331,5/17/2025,0.200,On,1116.9,27.50,45.62,6.306,1.849,6.142,1.960,19.99,20.16,0,13,21.01,5/17/2025,Good,0.00,0.00,0.00,0.00,0.00,0.00,0.00,4.033,3.678e-05,2.016,1.839e-05,19.78,0.023,0.00,0.00,24.20,0.00022,0.00,0.00,0.00,0.00,0.00,2.823,0.00,0.00,0.0012
-93.76963466,42.01381009,S3,TaskName 5/17/2025 (GreenStar 4 Monitor),Outlook/agsaver,332,5/17/2025,0.200,On,1116.9,30.00,44.37,6.371,1.869,5.455,1.803,19.99,20.30,0,13,23.17,5/17/2025,Good,0.00,0.00,0.00,0.00,0.00,0.00,0.00,4.060,4.083e-05,2.030,2.041e-05,19.92,0.026,0.00,0.00,24.36,0.00024,0.00,0.00,0.00,0.00,0.00,2.842,0.00,0.00,0.0013
-93.76963447,42.01381527,S3,TaskName 5/17/2025 (GreenStar 4 Monitor),Outlook/agsaver,333,5/17/2025,0.200,On,1116.9,31.25,42.50,6.402,1.879,4.940,1.294,19.99,20.03,0,13,24.26,5/17/2025,Good,0.00,0.00,0.00,0.00,0.00,0.00,0.00,4.007,4.219e-05,2.003,2.109e-05,19.65,0.026,0.00,0.00,24.04,0.00025,0.00,0.00,0.00,0.00,0.00,2.805,0.00,0.00,0.0013
-93.76963395,42.01382041,S3,TaskName 5/17/2025 (GreenStar 4 Monitor),Outlook/agsaver,334,5/17/2025,0.199,On,1116.9,35.00,40.62,6.424,1.875,5.534,0.431,19.99,19.84,0,13,27.26,5/17/2025,Good,0.00,0.00,0.00,0.00,0.00,0.00,0.00,3.968,4.672e-05,1.984,2.336e-05,19.46,0.029,0.00,0.00,23.81,0.00028,0.00,0.00,0.00,0.00,0.00,2.778,0.00,0.00,0.0015
-93.76963321,42.01382549,S3,TaskName 5/17/2025 (GreenStar 4 Monitor),Outlook/agsaver,335,5/17/2025,0.202,On,1116.9,37.50,39.37,6.431,1.895,6.063,359.47,19.99,19.93,0,13,29.07,5/17/2025,Good,0.00,0.00,0.00,0.00,0.00,0.00,0.00,3.985,5.080e-05,1.993,2.540e-05,19.55,0.032,0.00,0.00,23.91,0.00030,0.00,0.00,0.00,0.00,0.00,2.790,0.00,0.00,0.0016
-93.76963277,42.01383061,S3,TaskName 5/17/2025 (GreenStar 4 Monitor),Outlook/agsaver,336,5/17/2025,0.194,On,1116.9,41.25,37.50,6.420,1.836,6.129,358.58,19.99,19.87,0,13,32.26,5/17/2025,Good,0.00,0.00,0.00,0.00,0.00,0.00,0.00,3.975,5.399e-05,1.987,2.699e-05,19.50,0.034,0.00,0.00,23.85,0.00032,0.00,0.00,0.00,0.00,0.00,2.782,0.00,0.00,0.0017
-93.76963237,42.01383574,S3,TaskName 5/17/2025 (GreenStar 4 Monitor),Outlook/agsaver,337,5/17/2025,0.205,On,1117.0,45.00,35.62,6.407,1.928,6.684,357.77,19.99,19.77,0,13,34.97,5/17/2025,Good,0.00,0.00,0.00,0.00,0.00,0.00,0.00,3.953,6.151e-05,1.977,3.076e-05,19.39,0.039,0.00,0.00,23.72,0.00037,0.00,0.00,0.00,0.00,0.00,2.767,0.00,0.00,0.0020
-93.76963219,42.01384101,S3,TaskName 5/17/2025 (GreenStar 4 Monitor),Outlook/agsaver,338,5/17/2025,0.200,On,1117.0,47.50,34.37,6.395,1.875,6.954,357.04,19.99,20.38,0,13,36.81,5/17/2025,Good,0.00,0.00,0.00,0.00,0.00,0.00,0.00,4.075,6.511e-05,2.038,3.255e-05,19.99,0.041,0.00,0.00,24.45,0.00039,0.00,0.00,0.00,0.00,0.00,2.853,0.00,0.00,0.0020
-93.76963204,42.01384623,S3,TaskName 5/17/2025 (GreenStar 4 Monitor),Outlook/agsaver,339,5/17/2025,0.195,On,1116.9,48.75,33.75,6.424,1.839,7.053,356.44,19.99,20.26,0,13,38.00,5/17/2025,Good,0.00,0.00,0.00,0.00,0.00,0.00,0.00,4.052,6.516e-05,2.026,3.258e-05,19.87,0.041,0.00,0.00,24.31,0.00039,0.00,0.00,0.00,0.00,0.00,2.836,0.00,0.00,0.0021
-93.76963210,42.01385148,S3,TaskName 5/17/2025 (GreenStar 4 Monitor),Outlook/agsaver,340,5/17/2025,0.200,On,1116.9,51.25,32.50,6.454,1.895,6.756,356.02,19.99,20.00,0,13,40.13,5/17/2025,Good,0.00,0.00,0.00,0.00,0.00,0.00,0.00,4.000,6.968e-05,2.000,3.484e-05,19.62,0.044,0.00,0.00,24.00,0.00042,0.00,0.00,0.00,0.00,0.00,2.800,0.00,0.00,0.0022
-93.76963238,42.01385679,S3,TaskName 5/17/2025 (GreenStar 4 Monitor),Outlook/agsaver,341,5/17/2025,0.200,On,1116.9,53.75,31.25,6.467,1.898,5.871,355.93,19.99,20.14,0,13,42.16,5/17/2025,Good,0.00,0.00,0.00,0.00,0.00,0.00,0.00,4.028,7.372e-05,2.014,3.686e-05,19.76,0.046,0.00,0.00,24.17,0.00044,0.00,0.00,0.00,0.00,0.00,2.820,0.00,0.00,0.0023
-93.76963283,42.01386208,S3,TaskName 5/17/2025 (GreenStar 4 Monitor),Outlook/agsaver,342,5/17/2025,0.205,On,1116.9,55.00,30.62,6.501,1.954,5.548,356.04,19.99,20.18,0,13,43.33,5/17/2025,Good,0.00,0.00,0.00,0.00,0.00,0.00,0.00,4.037,7.781e-05,2.018,3.891e-05,19.80,0.049,0.00,0.00,24.22,0.00047,0.00,0.00,0.00,0.00,0.00,2.826,0.00,0.00,0.0025
-93.76963325,42.01386736,S3,TaskName 5/17/2025 (GreenStar 4 Monitor),Outlook/agsaver,343,5/17/2025,0.200,On,1116.9,57.50,29.37,6.530,1.915,5.561,356.25,19.99,20.10,0,13,45.49,5/17/2025,Good,0.00,0.00,0.00,0.00,0.00,0.00,0.00,4.020,7.937e-05,2.010,3.969e-05,19.72,0.050,0.00,0.00,24.12,0.00048,0.00,0.00,0.00,0.00,0.00,2.814,0.00,0.00,0.0025
-93.76963390,42.01387252,S3,TaskName 5/17/2025 (GreenStar 4 Monitor),Outlook/agsaver,344,5/17/2025,0.195,On,1117.0,58.75,28.75,6.550,1.872,5.838,356.70,19.99,19.93,0,13,46.61,5/17/2025,Good,0.00,0.00,0.00,0.00,0.00,0.00,0.00,3.985,7.862e-05,1.993,3.931e-05,19.55,0.049,0.00,0.00,23.91,0.00047,0.00,0.00,0.00,0.00,0.00,2.790,0.00,0.00,0.0025
-93.76963475,42.01387765,S3,TaskName 5/17/2025 (GreenStar 4 Monitor),Outlook/agsaver,345,5/17/2025,0.205,On,1117.0,62.50,28.12,6.534,1.954,6.459,357.35,19.99,19.94,0,13,49.24,5/17/2025,Good,0.00,0.00,0.00,0.00,0.00,0.00,0.00,3.988,8.734e-05,1.994,4.367e-05,19.56,0.055,0.00,0.00,23.93,0.00052,0.00,0.00,0.00,0.00,0.00,2.791,0.00,0.00,0.0028
-93.76963554,42.01388298,S3,TaskName 5/17/2025 (GreenStar 4 Monitor),Outlook/agsaver,346,5/17/2025,0.199,On,1117.0,65.00,26.87,6.501,1.908,6.301,357.97,19.99,20.00,0,13,51.51,5/17/2025,Good,0.00,0.00,0.00,0.00,0.00,0.00,0.00,4.000,8.899e-05,2.000,4.449e-05,19.62,0.056,0.00,0.00,24.00,0.00053,0.00,0.00,0.00,0.00,0.00,2.800,0.00,0.00,0.0028
-93.76963617,42.01388826,S3,TaskName 5/17/2025 (GreenStar 4 Monitor),Outlook/agsaver,347,5/17/2025,0.201,On,1117.0,66.25,26.25,6.516,1.921,6.334,358.36,19.99,20.00,0,13,52.33,5/17/2025,Good,0.00,0.00,0.00,0.00,0.00,0.00,0.00,4.000,9.132e-05,2.000,4.566e-05,19.62,0.057,0.00,0.00,24.00,0.00055,0.00,0.00,0.00,0.00,0.00,2.800,0.00,0.00,0.0029
-93.76963674,42.01389355,S3,TaskName 5/17/2025 (GreenStar 4 Monitor),Outlook/agsaver,348,5/17/2025,0.195,On,1117.0,68.75,25.00,6.545,1.872,6.419,358.66,19.99,19.99,0,13,54.55,5/17/2025,Good,0.00,0.00,0.00,0.00,0.00,0.00,0.00,3.998,9.229e-05,1.999,4.615e-05,19.61,0.058,0.00,0.00,23.99,0.00055,0.00,0.00,0.00,0.00,0.00,2.799,0.00,0.00,0.0030
-93.76963728,42.01389889,S3,TaskName 5/17/2025 (GreenStar 4 Monitor),Outlook/agsaver,349,5/17/2025,0.205,On,1117.0,70.00,24.37,6.563,1.974,6.446,358.88,19.99,20.08,0,13,55.70,5/17/2025,Good,0.00,0.00,0.00,0.00,0.00,0.00,0.00,4.015,9.950e-05,2.008,4.975e-05,19.70,0.062,0.00,0.00,24.09,0.00060,0.00,0.00,0.00,0.00,0.00,2.811,0.00,0.00,0.0032
